{"type":"FeatureCollection","features":[{"type":"Feature","properties":{"shapeID":"80513517B48061932483413-26024454B43037921046937","shapeName":"Cercado","shapeGroup":"BOL","shapeType":"ADM2","parentID":"26024454B43037921046937","replaces":["80513517B48061932483413"],"redrawn":"geoBoundaries draws the Cercado provinces of Beni, Cochabamba, Oruro, Tarija as one feature; this is the part in Tarija, drawn as a unit of its own so its figures stand on its own ground."},"geometry":{"type":"Polygon","coordinates":[[[-64.36041168241918,-21.822480403177323],[-64.36538238604702,-21.816736282563042],[-64.36931752641905,-21.81531890215173],[-64.37667002553523,-21.806292426900725],[-64.38619720748858,-21.806889218652856],[-64.38826833400019,-21.805471838241544],[-64.3990381918605,-21.807486010404986],[-64.40742625423248,-21.813453927926318],[-64.41695343618582,-21.823823184619627],[-64.43082998381354,-21.84359191140902],[-64.43372956092978,-21.84955982893034],[-64.43797537027855,-21.853588173257236],[-64.45288748116207,-21.862465450570213],[-64.46345022637122,-21.862763846446285],[-64.47152761976645,-21.864032028919567],[-64.47763744297566,-21.86134646603496],[-64.48457571678952,-21.8678365763394],[-64.48954642041735,-21.863957429950545],[-64.4965882505568,-21.863435237167423],[-64.50093761623116,-21.858959299026438],[-64.49979849664977,-21.847172661921817],[-64.49720958851027,-21.841801536152616],[-64.49865937706839,-21.835684420693255],[-64.49306733548708,-21.831283081521278],[-64.49058198367315,-21.825165966061917],[-64.49669180688238,-21.82054082998289],[-64.49855582074281,-21.807635208343015],[-64.49389578609171,-21.79905632690611],[-64.49172110325453,-21.781450970218202],[-64.4965882505568,-21.777198828984254],[-64.50249096111484,-21.776975032077203],[-64.50891145330081,-21.778690808364587],[-64.513053706324,-21.777049631046225],[-64.513053706324,-21.773394281564407],[-64.50663321413805,-21.76466620218946],[-64.50994701655661,-21.756758711473708],[-64.50756522106826,-21.742734105298595],[-64.4991771586963,-21.713118314599],[-64.49700247585912,-21.707896386767843],[-64.48550772371973,-21.696706541415352],[-64.48498994209184,-21.68902284760665],[-64.4893393077662,-21.685442097093855],[-64.49462068037077,-21.684919904310732],[-64.49720958851027,-21.675818830090705],[-64.49482779302194,-21.67350626205119],[-64.49638113790563,-21.667538344529873],[-64.50249096111484,-21.66582256824249],[-64.50414786232413,-21.662018020822643],[-64.51491772018444,-21.65522951464213],[-64.51678173404488,-21.650231383718022],[-64.52237377562619,-21.646426836298176],[-64.5275515919052,-21.641130309497996],[-64.54204947748639,-21.63255142806109],[-64.57539461432313,-21.622629765181884],[-64.57798352246263,-21.61875061879303],[-64.58564669055554,-21.620018801266312],[-64.5915494011136,-21.616960243536624],[-64.60273348427623,-21.618825217762037],[-64.61008598339241,-21.61509526931121],[-64.62013094697366,-21.616512649722523],[-64.63121147381071,-21.628224687858136],[-64.64374178920589,-21.62703110435386],[-64.64218844432219,-21.633073620844215],[-64.6457093593919,-21.634714798162577],[-64.65161206994996,-21.618601420854986],[-64.65502942869409,-21.61509526931121],[-64.65958590701962,-21.616885644567603],[-64.66414238534513,-21.610544732201205],[-64.67294467301943,-21.611216122922343],[-64.68330030557742,-21.610470133232184],[-64.68796034022851,-21.61464767549711],[-64.69003146674012,-21.620018801266312],[-64.69541639567028,-21.624494739407297],[-64.69655551525166,-21.629716667238455],[-64.70007643032137,-21.63091025074273],[-64.70432223967015,-21.64165250228112],[-64.70950005594915,-21.646576034236205],[-64.71302097101886,-21.64389047135161],[-64.72016635748388,-21.645307851762922],[-64.72140903339084,-21.647098227019328],[-64.7293828704605,-21.64821721155458],[-64.73280022920463,-21.644338065165712],[-64.7370460385534,-21.64344287753751],[-64.73777093283246,-21.639489132179634],[-64.75061191720438,-21.638966939396525],[-64.7541328322741,-21.651051972377203],[-64.75299371269271,-21.653364540416717],[-64.75951776120425,-21.664927380614287],[-64.76718092929717,-21.671044496073648],[-64.76728448562275,-21.674177652772343],[-64.7711160696692,-21.681637549674008],[-64.78012546999466,-21.6883514568855],[-64.78675307483178,-21.69894451048586],[-64.80705011464545,-21.703420448626844],[-64.8212373312499,-21.709239168210146],[-64.84101658943567,-21.70625520944948],[-64.85271845422619,-21.70110788058733],[-64.86359186841209,-21.720727409438695],[-64.85613581297034,-21.726322332114947],[-64.85696426357498,-21.730499874379873],[-64.85468602441222,-21.734155223861677],[-64.86038162231911,-21.739451750661857],[-64.86628433287717,-21.756161919721578],[-64.86980524794689,-21.758101492916012],[-64.87612218380727,-21.758101492916012],[-64.88533869678388,-21.76287582693307],[-64.89465876608607,-21.759071279513222],[-64.90408239171384,-21.753849351682064],[-64.91495580589974,-21.75765389910191],[-64.92914302250419,-21.75705710734978],[-64.9461262598993,-21.77511005785179],[-64.9538929843178,-21.777348026922283],[-64.97170467231754,-21.773991073316537],[-64.97336157352683,-21.777721021767363],[-64.98495988199178,-21.783241345474593],[-64.98879146603824,-21.772573692905226],[-64.99324438803818,-21.76466620218946],[-64.99365861334049,-21.759891868172403],[-64.99189815580563,-21.753625554775013],[-64.99355505701492,-21.749448012510086],[-64.9976973100381,-21.74609105890434],[-64.99780086636369,-21.734975812520872],[-64.9951084018986,-21.726695326960026],[-64.97978206571278,-21.71863863830623],[-64.97978206571278,-21.713491309444095],[-64.98185319222438,-21.71132793934261],[-64.98620255789874,-21.696408145539294],[-64.98371720608482,-21.690738623894035],[-64.98371720608482,-21.683577122868442],[-64.97522558738726,-21.663957594017077],[-64.97957495306161,-21.65933245793805],[-64.97936784041046,-21.656646895053456],[-64.97035844008501,-21.65433432701394],[-64.96631974338739,-21.649485394027863],[-64.96714819399203,-21.645606247638995],[-64.96497351115485,-21.634267204348475],[-64.95772456836426,-21.622107572398775],[-64.9538929843178,-21.6204663950804],[-64.95575699817823,-21.60823216416169],[-64.93442439510876,-21.6087543569448],[-64.93338883185297,-21.605994195091185],[-64.92230830501592,-21.60487521055593],[-64.91495580589974,-21.58585247345671],[-64.91081355287655,-21.582420920881944],[-64.89672989259768,-21.584658889952436],[-64.88585647841178,-21.584882686859487],[-64.87829686664445,-21.581451134284734],[-64.87632929645842,-21.57428963325914],[-64.86700922715623,-21.571678669343555],[-64.85292556687736,-21.572723054909787],[-64.85054377138901,-21.569067705427983],[-64.84101658943567,-21.56384577759681],[-64.83583877315667,-21.562353798216478],[-64.82651870385448,-21.566904335326498],[-64.81160659297096,-21.55780326110647],[-64.81005324808726,-21.553252723996465],[-64.80404698120363,-21.550194166266778],[-64.80270074897109,-21.54616582193988],[-64.79824782697115,-21.544300847714467],[-64.79607314413397,-21.540421701325613],[-64.79048110255266,-21.538258331224128],[-64.78685663115736,-21.530500038446405],[-64.77950413204118,-21.525278110615247],[-64.77981480101792,-21.5161024374262],[-64.78209304018068,-21.508567941555526],[-64.77287652720406,-21.500809648777803],[-64.76024265548331,-21.50006365908763],[-64.75837864162287,-21.495363924039594],[-64.75516839552989,-21.477907765289714],[-64.75175103678576,-21.469701878697876],[-64.74657322050676,-21.468284498286565],[-64.74077406627428,-21.461346794168023],[-64.73290378553021,-21.455304277677683],[-64.72824375087912,-21.449933151908482],[-64.72637973701868,-21.443666838511092],[-64.71705966771648,-21.431134211716312],[-64.7169561113909,-21.428299450893675],[-64.71157118246074,-21.420914152961032],[-64.7107427318561,-21.416363615851026],[-64.71291741469328,-21.40912751585641],[-64.71291741469328,-21.401518421016718],[-64.71146762613516,-21.398086868441965],[-64.69862664176325,-21.38980638288112],[-64.6828860802751,-21.385255845771113],[-64.6771904823682,-21.388314403500786],[-64.66569573022883,-21.383689267421758],[-64.65637566092664,-21.38473365298799],[-64.65202629525228,-21.375557979798955],[-64.64964449976394,-21.37458819320173],[-64.65026583771743,-21.36772508805221],[-64.64798759855466,-21.359146206615307],[-64.6467449226477,-21.34653898085149],[-64.64084221208965,-21.34377881899789],[-64.6390817545548,-21.329754212822763],[-64.6410493247408,-21.32565126952686],[-64.63628573376413,-21.3231895035493],[-64.62479098162476,-21.32117533138586],[-64.62468742529917,-21.310731475723543],[-64.62344474939222,-21.30252558913172],[-64.63069369218282,-21.28730739945233],[-64.63245414971767,-21.274625574719508],[-64.62748344608984,-21.2691798499813],[-64.62396253102011,-21.268060865446046],[-64.62158073553178,-21.26231674483178],[-64.62116651022946,-21.254856847930114],[-64.61277844785748,-21.24680015927632],[-64.60863619483429,-21.236580100521053],[-64.60066235776463,-21.24016085103385],[-64.58709647911365,-21.23956405928172],[-64.58140088120676,-21.247769945873543],[-64.58564669055554,-21.25925818710209],[-64.58927116195083,-21.28238386749723],[-64.58782137339271,-21.28641221182413],[-64.56597098869536,-21.28603921697905],[-64.55530468716061,-21.28119028399297],[-64.546088174184,-21.282458466466252],[-64.54432771664915,-21.289545368522823],[-64.54132458320733,-21.29663227057941],[-64.54412060399798,-21.305882542737464],[-64.54287792809103,-21.311775861289775],[-64.53500764734696,-21.32714324890719],[-64.52040620544018,-21.326994050969148],[-64.50331941171949,-21.33236517673835],[-64.49265311018476,-21.341391651989355],[-64.48447216046394,-21.340496464361152],[-64.47411652790595,-21.346986574665593],[-64.46728181041767,-21.344450209719028],[-64.46490001492933,-21.337139510755406],[-64.4640715643247,-21.329679613853756],[-64.46023998027823,-21.32609886334096],[-64.45433726972018,-21.32624806127899],[-64.44978079139466,-21.320503940664707],[-64.44615631999936,-21.320280143757657],[-64.44066783474364,-21.31558040870962],[-64.43704336334834,-21.308866501498116],[-64.43756114497623,-21.311104470568623],[-64.43217621604607,-21.320876935509787],[-64.41995656962764,-21.32803843653538],[-64.41881745004626,-21.330425603543915],[-64.41198273255799,-21.330276405605886],[-64.40815114851154,-21.32662105612407],[-64.40255910693021,-21.326770254062097],[-64.39955597348839,-21.32192132107602],[-64.39334259395359,-21.324010092208482],[-64.38847544665134,-21.322741909735214],[-64.38360829934908,-21.324681482929634],[-64.37811981409335,-21.32117533138586],[-64.36900685744232,-21.319907148912577],[-64.36424326646564,-21.320727737571758],[-64.347881367024,-21.314237627267318],[-64.3494347119077,-21.323114904580294],[-64.35399119023322,-21.324905279836685],[-64.35378407758206,-21.33378255714966],[-64.35761566162851,-21.336095125189175],[-64.35813344325642,-21.34549459528526],[-64.36155080200055,-21.351537111775613],[-64.36010101344243,-21.360861982902676],[-64.35481964083786,-21.365561717950726],[-64.36776418153535,-21.386076434430294],[-64.3845403062793,-21.387643012779634],[-64.39727773432564,-21.387419215872583],[-64.39758840330238,-21.39547590452638],[-64.40121287469768,-21.39577430040245],[-64.40297333223253,-21.399802644729334],[-64.40856537381384,-21.404949973591485],[-64.40877248646501,-21.410843292143795],[-64.40597646567436,-21.415841423067903],[-64.41208628888357,-21.416885808634134],[-64.41747121781373,-21.422107736465307],[-64.4227525904183,-21.421510944713162],[-64.42772329404613,-21.435237155012217],[-64.42720551241824,-21.439862291091245],[-64.43269399767398,-21.446576198302736],[-64.4315548780926,-21.455677272522763],[-64.43207265972049,-21.461570591075073],[-64.42565216753454,-21.46985107663592],[-64.42057790758112,-21.47089546220215],[-64.4170569925114,-21.468732092100666],[-64.41229340153473,-21.46985107663592],[-64.40473378976739,-21.449037964280294],[-64.39106435479084,-21.451947324071938],[-64.38526520055836,-21.456572460150966],[-64.38205495446539,-21.469105086945746],[-64.3711815402795,-21.47716177559954],[-64.36279347790752,-21.48215990652365],[-64.36103302037266,-21.491783173526798],[-64.36092946404708,-21.50006365908763],[-64.3654859423726,-21.50655376939207],[-64.36724639990746,-21.519011797217843],[-64.36434682279122,-21.524382922987044],[-64.34446400827987,-21.5408692951397],[-64.33193369288469,-21.553327322965472],[-64.32592742600106,-21.57809418067899],[-64.32893055944288,-21.592193385823123],[-64.35057383148909,-21.618974415700066],[-64.34135731851246,-21.635460787852736],[-64.34083953688457,-21.639041538365532],[-64.34560312786125,-21.646799831143255],[-64.34694936009379,-21.662018020822643],[-64.34632802214031,-21.668060537312982],[-64.34995249353561,-21.673655459989234],[-64.35171295107047,-21.680145570293675],[-64.35005604986118,-21.6843231125586],[-64.3489169302798,-21.70080948471127],[-64.34518890255893,-21.706329808418502],[-64.3489169302798,-21.714983288824413],[-64.35223073269836,-21.71781804964705],[-64.35285207065185,-21.721995591911977],[-64.35802988693084,-21.72833650427839],[-64.35782277427968,-21.73549800530398],[-64.36175791465172,-21.737735974374473],[-64.36113657669824,-21.7423611104535],[-64.36403615381448,-21.745718064059247],[-64.36248280893078,-21.751238387766477],[-64.36538238604702,-21.760115665079454],[-64.36300059055867,-21.762428233118968],[-64.36351837218658,-21.767202567136025],[-64.36859263214,-21.772648291874248],[-64.36445037911679,-21.77369267744048],[-64.3525414016751,-21.794729586703156],[-64.35088450046582,-21.800175311441365],[-64.35544097879134,-21.80315927020203],[-64.35285207065185,-21.805621036179573],[-64.35575164776807,-21.80994777638253],[-64.35326629595416,-21.818526657819447],[-64.36010101344243,-21.820466231013867],[-64.36041168241918,-21.822480403177323]]]}},{"type":"Feature","properties":{"shapeID":"80513517B48061932483413-26024454B78289653685394","shapeName":"Cercado","shapeGroup":"BOL","shapeType":"ADM2","parentID":"26024454B78289653685394","replaces":["80513517B48061932483413"],"redrawn":"geoBoundaries draws the Cercado provinces of Beni, Cochabamba, Oruro, Tarija as one feature; this is the part in Oruro, drawn as a unit of its own so its figures stand on its own ground."},"geometry":{"type":"Polygon","coordinates":[[[-67.3937835713067,-17.560566704290707],[-67.39078043786488,-17.54885466615511],[-67.3813568122371,-17.53930599812098],[-67.3803212489813,-17.525654386790947],[-67.38663818484167,-17.519984865145688],[-67.3875701917719,-17.51655331257092],[-67.38125325591152,-17.50633325381564],[-67.38208170651616,-17.500962128046453],[-67.37586832698136,-17.490667470322165],[-67.37711100288833,-17.477015858992132],[-67.37452209474883,-17.461797669312745],[-67.36665181400475,-17.45292039199977],[-67.3607491034467,-17.45180140746453],[-67.34811523172594,-17.451428412619435],[-67.34542276726086,-17.449190443548943],[-67.34169473953999,-17.450384027053204],[-67.33931294405164,-17.44777306313763],[-67.3379667118191,-17.438373593041533],[-67.33838093712143,-17.433375462117425],[-67.33517069102845,-17.428302732224296],[-67.32160481237747,-17.425244174494622],[-67.31363097530782,-17.41271154769983],[-67.31818745363334,-17.40152170234734],[-67.3189123479124,-17.393763409569615],[-67.31466653856363,-17.391674638437152],[-67.31342386265666,-17.3837671477214],[-67.30979939126136,-17.380708589991713],[-67.29757974484293,-17.38406554359746],[-67.29426594242437,-17.380559392053684],[-67.2936446044709,-17.375561261129576],[-67.28577432372681,-17.368325161134962],[-67.28463520414545,-17.35609093021624],[-67.27748981768042,-17.344826485894743],[-67.27417601526187,-17.341991725072106],[-67.25791767214582,-17.33348744260421],[-67.25377541912262,-17.329011504463224],[-67.25315408116914,-17.324535566322226],[-67.24735492693667,-17.324610165291247],[-67.24331623023905,-17.32826551477305],[-67.23430682991359,-17.33259225497602],[-67.22850767568112,-17.336695198271926],[-67.22301919042538,-17.332219260130927],[-67.21815204312313,-17.337291990024056],[-67.20924619912324,-17.334830224046513],[-67.20323993223961,-17.336322203426846],[-67.1965087710769,-17.350943601354103],[-67.19951190451873,-17.365937994126426],[-67.19371275028625,-17.369518744639223],[-67.19153806744907,-17.374889870408424],[-67.18760292707704,-17.37832142298319],[-67.18863849033283,-17.386452710605994],[-67.18667092014682,-17.40122330647128],[-67.18698158912356,-17.40734042193064],[-67.19070961684443,-17.411443365226546],[-67.19029539154212,-17.416739892026726],[-67.1712410276354,-17.432704071396273],[-67.15653602940306,-17.441282952833177],[-67.15094398782175,-17.449339641486972],[-67.14203814382186,-17.45344258478289],[-67.13592832061265,-17.454263173442072],[-67.12453712479886,-17.46537841982554],[-67.0876710728924,-17.46597521157767],[-67.08425371414826,-17.46470702910439],[-67.07741899665999,-17.47000355590457],[-67.06737403307874,-17.47007815487359],[-67.05898597070676,-17.4759714734259],[-67.0572255131719,-17.48238698476132],[-67.04987301405572,-17.495740200215295],[-67.03599646642802,-17.500216138356294],[-67.02615861549792,-17.511928176491892],[-67.02222347512588,-17.520059464114695],[-67.01984167963754,-17.52811615276849],[-67.02129146819566,-17.539007602244908],[-67.0510121336371,-17.587720729012744],[-67.04148495168374,-17.60226752797098],[-67.03578935377685,-17.606892664050008],[-67.01404252540506,-17.618157108371506],[-67.01311051847485,-17.623826630016765],[-67.01031449768419,-17.629346953723996],[-67.00689713894005,-17.631957917639582],[-66.97085953763823,-17.61987288465889],[-66.93647883754569,-17.610921008376906],[-66.89992345461597,-17.59048089086636],[-66.88604690698826,-17.599656564055394],[-66.87279169731403,-17.617261920743317],[-66.8723774720117,-17.62479641661399],[-66.8832508861976,-17.63330069908187],[-66.88760025187196,-17.639194017634182],[-66.89194961754632,-17.66604964648016],[-66.87900507684883,-17.678880669151013],[-66.87724461931397,-17.689622920689402],[-66.87134190875591,-17.692532280481046],[-66.86968500754664,-17.701707953670095],[-66.86077916354675,-17.712599403146513],[-66.8512519815934,-17.719089513450953],[-66.83447585684945,-17.726400212414575],[-66.82163487247755,-17.737366260860014],[-66.81573216191948,-17.756687393835307],[-66.79678135433835,-17.77667991753175],[-66.79564223475698,-17.78175264742488],[-66.787254172385,-17.7804844649516],[-66.78186924345485,-17.78100665773472],[-66.77907322266418,-17.78443821030949],[-66.77203139252475,-17.781827246393902],[-66.77607008922237,-17.791450513397038],[-66.77078871661779,-17.79331548762245],[-66.76291843587371,-17.805475119572165],[-66.75701572531565,-17.824945450485487],[-66.7511130147576,-17.834792514395673],[-66.74707431805999,-17.83770187418733],[-66.73081597494394,-17.840536635009954],[-66.7227385815487,-17.847623537066525],[-66.72087456768826,-17.86105135148952],[-66.72284213787428,-17.86627327932068],[-66.72159946196732,-17.87253959271807],[-66.71621453303716,-17.8780599164253],[-66.71362562489767,-17.884624625698763],[-66.7134185122465,-17.893725699918775],[-66.71517896978136,-17.900066612285187],[-66.73796136140895,-17.939678664832996],[-66.74821343764137,-17.95295728131795],[-66.76706068889692,-17.96989124728472],[-66.78145501815253,-17.984661843150008],[-66.78839329196639,-17.988167994693782],[-66.80123427633829,-18.003684580249228],[-66.82246332308218,-18.02591507301618],[-66.8270198014077,-18.036955720430626],[-66.83561497643083,-18.047548774030986],[-66.84648839061673,-18.05456107711855],[-66.84938796773297,-18.060528994639867],[-66.85290888280268,-18.064035146183656],[-66.86336807168625,-18.06851108432464],[-66.8816975413139,-18.06836188638661],[-66.88697891391848,-18.074628199784],[-66.90945063656933,-18.07992472658418],[-66.91079686880187,-18.082162695654674],[-66.92788366252256,-18.098126875024235],[-66.94818070233623,-18.10954051728376],[-66.95470475084775,-18.116179825526245],[-66.95946834182443,-18.108197735841472],[-66.97085953763823,-18.109764314190812],[-66.98649654280081,-18.09454612451144],[-67.00410111814939,-18.075821783288276],[-67.02025590493986,-18.05717204103412],[-67.0272977350793,-18.05165171732689],[-67.03061153749785,-18.052919899800173],[-67.06965227224148,-18.0453854039295],[-67.05753618214864,-18.05657524928199],[-67.05629350624167,-18.061349583299048],[-67.05111568996269,-18.070226860612024],[-67.05018368303246,-18.07440440287695],[-67.04697343693948,-18.076493174009414],[-67.04821611284645,-18.080969112150413],[-67.05474016135798,-18.087459222454854],[-67.05650061889284,-18.093203343069135],[-67.05991797763697,-18.09476992141849],[-67.06095354089278,-18.099768052342597],[-67.0674775894043,-18.111330892540167],[-67.07079139182287,-18.11886538841084],[-67.07151628610193,-18.12639988428151],[-67.07804033461346,-18.134829567780386],[-67.07576209545071,-18.138783313138276],[-67.07379452526469,-18.149301767769614],[-67.07741899665999,-18.15355390900355],[-67.08042213010181,-18.16011861827701],[-67.0835288198692,-18.178992157438216],[-67.08994931205515,-18.18130472547773],[-67.09564490996206,-18.187272642999048],[-67.0892244177761,-18.192345372892177],[-67.08943153042726,-18.20032746257695],[-67.08021501745064,-18.203759015151718],[-67.07483008852049,-18.220021590397337],[-67.07327674363678,-18.2221103615298],[-67.06437089963691,-18.227854482144068],[-67.05743262582305,-18.23449379038655],[-67.0484232254976,-18.24993577697299],[-67.04863033814877,-18.255232303773155],[-67.05142635893942,-18.26209540892269],[-67.04966590140457,-18.265750758404494],[-67.04956234507898,-18.28134194292896],[-67.05163347159058,-18.28589248003898],[-67.0525654785208,-18.29290478312653],[-67.05090857731152,-18.3012598676564],[-67.04604143000927,-18.30715318620871],[-67.04314185289303,-18.316627255273815],[-67.04500586675347,-18.32460934495859],[-67.04303829656745,-18.339305341854853],[-67.04324540921861,-18.34795882226078],[-67.04676632428833,-18.35855187586114],[-67.05080502098595,-18.367205356267064],[-67.05173702791616,-18.372800278943302],[-67.04800900019528,-18.39286740160877],[-67.04976945773014,-18.398835319130086],[-67.05018368303246,-18.41159174283193],[-67.05142635893942,-18.41763425932227],[-67.05008012670689,-18.4308382768382],[-67.05090857731152,-18.43523961601018],[-67.05525794298588,-18.4402377469343],[-67.0561899499161,-18.447548445897922],[-67.05950375233466,-18.45075620156564],[-67.06033220293929,-18.447772242804973],[-67.07161984242751,-18.449861013937436],[-67.07638343340419,-18.449264222185306],[-67.0809399117297,-18.455903530427776],[-67.08849952349703,-18.460006473723695],[-67.09212399489233,-18.457171712901058],[-67.09823381810155,-18.45724631187008],[-67.10206540214801,-18.45277037372908],[-67.11356015428738,-18.455605134551718],[-67.12163754768262,-18.46806316237749],[-67.12754025824067,-18.473135892270605],[-67.12981849740343,-18.478283221132756],[-67.12722958926393,-18.495067989161484],[-67.1269189202872,-18.50536264688577],[-67.13333941247315,-18.509540189150712],[-67.14307370707766,-18.519238055122855],[-67.14711240377528,-18.529085119033056],[-67.15332578331008,-18.536246620058648],[-67.15777870531002,-18.539603573664394],[-67.1599533881472,-18.54430330871243],[-67.1722765908912,-18.55042042417179],[-67.18325356140268,-18.54997283035769],[-67.19764789065829,-18.551315611799993],[-67.20613950935585,-18.556910534476245],[-67.20955686809998,-18.560715081896078],[-67.21866982475102,-18.562803853028555],[-67.22571165489046,-18.568174978797742],[-67.23016457689039,-18.570039953023155],[-67.24259133595999,-18.5778728447699],[-67.26796263572707,-18.539976568509474],[-67.27697203605253,-18.529010520064034],[-67.2786289372618,-18.523042602542702],[-67.28163207070362,-18.52102843037926],[-67.25087584200638,-18.459484280940572],[-67.24580158205296,-18.45112919641072],[-67.23316771033221,-18.420394421175885],[-67.22685077447183,-18.41114414901783],[-67.20810707954186,-18.39898451706813],[-67.20468972079773,-18.391151625321385],[-67.20686440363491,-18.37861899852659],[-67.20085813675126,-18.353180750091937],[-67.19982257349547,-18.345497056283236],[-67.20147947470475,-18.340125930514034],[-67.21059243135578,-18.332218439798282],[-67.21307778316971,-18.315732067645612],[-67.21711647986731,-18.312225916101838],[-67.22281207777422,-18.294471361475885],[-67.2192911627045,-18.271121884173695],[-67.2223978524719,-18.25030877181807],[-67.22633299284394,-18.238820530589507],[-67.22633299284394,-18.23419539451048],[-67.23192503442525,-18.22248335637488],[-67.23927753354143,-18.210398323394188],[-67.24414468084369,-18.205922385253203],[-67.2440411245181,-18.201819441957284],[-67.24776915223899,-18.18801863268922],[-67.24445534982043,-18.175859000739507],[-67.24010598414607,-18.168772098682936],[-67.24000242782049,-18.16466915538703],[-67.24445534982043,-18.15385230487962],[-67.24911538447152,-18.150495351273875],[-67.24745848326224,-18.145273423442717],[-67.25294696851797,-18.13617234922269],[-67.24932249712268,-18.132516999740872],[-67.24952960977384,-18.129160046135127],[-67.2559501019598,-18.122222342016585],[-67.25895323540162,-18.1132704657346],[-67.25802122847139,-18.10670575646114],[-67.26071369293648,-18.10327420388637],[-67.27893960623854,-18.092830348224055],[-67.28515298577334,-18.09186056162683],[-67.29157347795929,-18.08440066472518],[-67.29126280898255,-18.075821783288276],[-67.29530150568017,-18.06754129772743],[-67.29975442768011,-18.065825521440047],[-67.30783182107534,-18.06672070906825],[-67.3183945662845,-18.0664969121612],[-67.32139769972632,-18.06306535958643],[-67.32295104461002,-18.054784874025586],[-67.33227111391221,-18.05001054000853],[-67.33351378981916,-18.04598219568163],[-67.32761107926112,-18.040461871974415],[-67.32585062172626,-18.034941548267184],[-67.32833597354018,-18.02912282868388],[-67.33258178288895,-18.024646890542897],[-67.34210896484231,-18.019424962711724],[-67.34438720400506,-18.016441003951073],[-67.34117695791208,-18.00420677303235],[-67.33610269795867,-18.002863991590047],[-67.33568847265634,-17.997791261696918],[-67.33952005670281,-17.994434308091172],[-67.33962361302838,-17.990182166857224],[-67.34490498563297,-17.98809339572476],[-67.343662309726,-17.982498473048523],[-67.34770100642362,-17.973844992642597],[-67.35650329409792,-17.968772262749468],[-67.36188822302807,-17.960417178219615],[-67.36799804623729,-17.945422785447278],[-67.37483276372556,-17.938186685452663],[-67.3808390306092,-17.936247112258243],[-67.38384216405102,-17.928563418449528],[-67.38539550893472,-17.920282932888682],[-67.40351786591121,-17.909913676195387],[-67.40196452102751,-17.89999201331618],[-67.39823649330663,-17.891487730848283],[-67.4014467393996,-17.884400828791712],[-67.39792582432989,-17.868362050453143],[-67.39999695084148,-17.863960711281166],[-67.40424276019027,-17.862468731900833],[-67.41149170298087,-17.849115516446858],[-67.41087036502738,-17.845907760779156],[-67.41428772377152,-17.84255080717341],[-67.4128379352134,-17.83882085872257],[-67.41449483642268,-17.834867113364695],[-67.42578247591089,-17.823677268012204],[-67.43054606688757,-17.812860417504808],[-67.43893412925955,-17.80234196287347],[-67.43696655907353,-17.796150248445088],[-67.4371736717247,-17.79152511236606],[-67.44494039614318,-17.78503500206162],[-67.44752930428268,-17.777798902067005],[-67.45084310670124,-17.776232323717664],[-67.45892050009647,-17.778470292788157],[-67.47901042725898,-17.795329659785907],[-67.49589010832851,-17.811070042248403],[-67.53596640632794,-17.830689571099768],[-67.55263897474632,-17.858514986542957],[-67.57065777539722,-17.875448952509714],[-67.61705100925704,-17.90066340403733],[-67.63341290869867,-17.9122262442349],[-67.65143170934958,-17.91237544217293],[-67.65671308195415,-17.915657796809654],[-67.66158022925642,-17.915583197840647],[-67.67214297446556,-17.909988275164395],[-67.69596092934896,-17.911629452482757],[-67.70062096400005,-17.905586935992417],[-67.69844628116287,-17.902901373107824],[-67.70372765376744,-17.895590674144202],[-67.70973392065108,-17.893203507135667],[-67.7137726173487,-17.893576501980746],[-67.71356550469754,-17.885594412295973],[-67.7163615254882,-17.881342271062024],[-67.71646508181378,-17.873807775191352],[-67.72247134869741,-17.870898415399708],[-67.72423180623227,-17.864632102002318],[-67.73148074902286,-17.859260976233116],[-67.70766279413948,-17.848071130880626],[-67.70165652725585,-17.802192764935427],[-67.67980614255848,-17.778097297943077],[-67.67701012176782,-17.7638488948609],[-67.64449343553572,-17.75803017527761],[-67.63248090176845,-17.76489328042713],[-67.58588055525748,-17.76817563506387],[-67.5862947805598,-17.71192801242536],[-67.55812746000205,-17.703498328926486],[-67.53120281535126,-17.673807939257884],[-67.5160835918166,-17.67171916812542],[-67.51732626772356,-17.680447247500354],[-67.51152711349108,-17.686191368114635],[-67.51049155023529,-17.690891103162684],[-67.5041746143749,-17.698873192847458],[-67.4959936646541,-17.703349130988457],[-67.49319764386344,-17.70722827737731],[-67.49019451042162,-17.71714994025652],[-67.48646648270073,-17.720805289738337],[-67.48387757456123,-17.729831764989342],[-67.48429179986356,-17.73371091137821],[-67.44991109977101,-17.736545672200833],[-67.4283713840504,-17.749078298995627],[-67.41635885028312,-17.74669113198709],[-67.33755248651678,-17.697306614498103],[-67.36406290586525,-17.685146982548403],[-67.34997924558638,-17.663662479471625],[-67.32398660786582,-17.63307690217482],[-67.32409016419139,-17.62397582795481],[-67.33009643107503,-17.61912689496873],[-67.32947509312156,-17.611592399098058],[-67.33258178288895,-17.610175018686732],[-67.3493579076329,-17.61263678466429],[-67.35287882270262,-17.611368602191007],[-67.35816019530719,-17.600477152714575],[-67.37162251763259,-17.594434636224236],[-67.38311726977196,-17.583543186747818],[-67.38580973423704,-17.56757900737827],[-67.3937835713067,-17.560566704290707]]]}},{"type":"Feature","properties":{"shapeID":"80513517B48061932483413-26024454B59884138823050","shapeName":"Cercado","shapeGroup":"BOL","shapeType":"ADM2","parentID":"26024454B59884138823050","replaces":["80513517B48061932483413"],"redrawn":"geoBoundaries draws the Cercado provinces of Beni, Cochabamba, Oruro, Tarija as one feature; this is the part in Cochabamba, drawn as a unit of its own so its figures stand on its own ground."},"geometry":{"type":"Polygon","coordinates":[[[-66.12822171639428,-17.512151973398943],[-66.13350308899886,-17.514837536283537],[-66.142098264022,-17.514091546593377],[-66.14851875620795,-17.519686469269615],[-66.16229174751008,-17.525803584728976],[-66.20019336267234,-17.50558726412548],[-66.21127388950939,-17.502677904333837],[-66.22370064857898,-17.5043190816522],[-66.2401661043462,-17.504468279590228],[-66.25311064504369,-17.497530575471686],[-66.2566315601134,-17.489548485786912],[-66.26760853062488,-17.479776020845748],[-66.2737183538341,-17.472614519820155],[-66.2783783884852,-17.4633642476621],[-66.27061166406669,-17.455456756946333],[-66.2524893070902,-17.443073328089582],[-66.24565458960193,-17.427407544596093],[-66.2375771962067,-17.423453799238217],[-66.23126026034632,-17.416814490995748],[-66.22597888774175,-17.417187485840827],[-66.22328642327666,-17.42487117964953],[-66.2179014943465,-17.425020377587572],[-66.21438057927679,-17.397194962144383],[-66.20827075606758,-17.39585218070208],[-66.20837431239315,-17.381305381743843],[-66.20702808016061,-17.370413932267425],[-66.19822579248633,-17.374516875563344],[-66.1870417093237,-17.343036110638337],[-66.1870417093237,-17.329309900339283],[-66.18414213220746,-17.32565455085748],[-66.17937854123078,-17.3158820859163],[-66.17389005597504,-17.30857138695268],[-66.17347583067271,-17.300738495205934],[-66.17026558457974,-17.296859348817065],[-66.1652948809519,-17.28589330037164],[-66.159599283045,-17.278582601408004],[-66.15628548062645,-17.278135007593903],[-66.13733467304532,-17.283729930270155],[-66.13112129351052,-17.282461747796873],[-66.126564815185,-17.287534477690002],[-66.12428657602224,-17.293800791087392],[-66.1250114703013,-17.30364785499758],[-66.12366523806877,-17.31013796530202],[-66.12004076667347,-17.31506149725712],[-66.11641629527817,-17.32640054054764],[-66.1187980907665,-17.334979421984542],[-66.126564815185,-17.340425146722765],[-66.12946439230124,-17.346467663213105],[-66.13112129351052,-17.369817140515295],[-66.13308886369654,-17.375412063191533],[-66.13184618778958,-17.38428934050451],[-66.12873949802218,-17.38943666936666],[-66.1234581254176,-17.394658597197818],[-66.11755541485955,-17.408832401310974],[-66.10647488802249,-17.41920165800427],[-66.0997437268598,-17.432927868303324],[-66.09332323467385,-17.433524660055454],[-66.09104499551108,-17.439119582731706],[-66.08710985513905,-17.44262573427548],[-66.08545295392977,-17.44889204767287],[-66.07789334216244,-17.458589913645028],[-66.07364753281365,-17.460380288901433],[-66.07012661774394,-17.468884571369315],[-66.08452094699955,-17.478433239403444],[-66.09104499551108,-17.488205704344622],[-66.10036506481327,-17.488578699189702],[-66.10502509946437,-17.49424822083496],[-66.11683052058049,-17.498351164130867],[-66.12149055523159,-17.503722289900068],[-66.1286359416966,-17.50499047237335],[-66.12822171639428,-17.512151973398943]]]}},{"type":"Feature","properties":{"shapeID":"80513517B48061932483413-26024454B17172096462676","shapeName":"Cercado","shapeGroup":"BOL","shapeType":"ADM2","parentID":"26024454B17172096462676","replaces":["80513517B48061932483413"],"redrawn":"geoBoundaries draws the Cercado provinces of Beni, Cochabamba, Oruro, Tarija as one feature; this is the part in Beni, drawn as a unit of its own so its figures stand on its own ground."},"geometry":{"type":"Polygon","coordinates":[[[-64.3829869613956,-14.143560928485954],[-63.751811156985895,-14.25583237685592],[-63.74528710847436,-14.260830507780028],[-63.74259464400927,-14.265231846952005],[-63.734827919590785,-14.269558587154961],[-63.73803816568376,-14.275974098490394],[-63.734206581637295,-14.282016614980733],[-63.72923587800946,-14.280226239724342],[-63.72612918824207,-14.287611537656986],[-63.72240116052119,-14.287014745904841],[-63.717844682195675,-14.282016614980733],[-63.71111352103297,-14.286790948997805],[-63.699515212568016,-14.283657792299095],[-63.69516584689366,-14.287536938687964],[-63.68729556614959,-14.28462757889632],[-63.68232486252175,-14.287238542811892],[-63.68170352456828,-14.281046828383523],[-63.67051944140563,-14.28089763044548],[-63.66689497001033,-14.281867417042704],[-63.66544518145221,-14.289178116006326],[-63.659128245591845,-14.293430257240274],[-63.656539337452344,-14.29149068404584],[-63.650222401591975,-14.292311272705021],[-63.65198285912683,-14.285671964462551],[-63.64732282447574,-14.28597036033861],[-63.64349124042927,-14.290073303634529],[-63.64224856452232,-14.294549241775528],[-63.63872764945259,-14.297234804660121],[-63.63986676903397,-14.300442560327838],[-63.644009022057176,-14.302531331460301],[-63.64307701512695,-14.306112081973097],[-63.64576947959203,-14.310438822176053],[-63.64483747266182,-14.31387037475082],[-63.63437828377823,-14.314168770626878],[-63.62640444670859,-14.312751390215567],[-63.62174441205748,-14.313721176812791],[-63.61718793373197,-14.30820085310556],[-63.61936261656915,-14.299398174761606],[-63.61408124396458,-14.29701100775307],[-63.613770574987825,-14.302009138677178],[-63.608489202383254,-14.308424650012611],[-63.60279360447636,-14.297458601567172],[-63.59854779512759,-14.293728653116347],[-63.583325015267334,-14.298428388164382],[-63.58560325443008,-14.302009138677178],[-63.57876853694181,-14.305739087128018],[-63.57607607247674,-14.305739087128018],[-63.574522727593035,-14.29775699744323],[-63.567584453779176,-14.298652185071433],[-63.56219952484902,-14.296936408784049],[-63.97497503861065,-14.728416845575993],[-64.40991160604639,-14.880151148555726],[-64.44750255223191,-14.888431634116571],[-64.51284659367285,-14.891639389784288],[-64.58150443753235,-14.901934047508576],[-64.64229200064777,-14.917077638218942],[-64.81564528966858,-14.981829543325333],[-64.8650416569702,-14.998763509292104],[-65.01157385766582,-15.041284921631558],[-65.01561255436344,-15.027931706177583],[-65.01902991310757,-15.022709778346425],[-65.02441484203773,-15.017935444329368],[-65.02669308120049,-15.012340521653115],[-65.02534684896796,-15.006298005162776],[-65.01902991310757,-15.004134635061291],[-65.01499121640995,-15.005701213410646],[-65.00287512631711,-15.015324480413781],[-64.99407283864281,-15.024350955664787],[-64.9884807970615,-15.027334914425452],[-64.98288875548018,-15.027484112363481],[-64.97885005878256,-15.023455768036598],[-64.97978206571278,-15.013608704126398],[-64.98785945910802,-15.00294105155703],[-64.9900341419452,-14.993989175275033],[-64.98982702929403,-14.98996083094815],[-64.9848563256662,-14.975787026834993],[-64.98972347296845,-14.967506541274147],[-64.99479773292187,-14.966984348491039],[-64.99780086636369,-14.968849322716451],[-65.00867428054958,-14.978696386626638],[-65.01343787152626,-14.97996456909992],[-65.01923702575874,-14.978323391781558],[-65.02234371552613,-14.973847453640559],[-65.0225508281773,-14.965790764986764],[-65.02596818692143,-14.957062685611831],[-65.03269934808412,-14.949901184586238],[-65.03497758724689,-14.945723642321312],[-65.03518469989805,-14.941098506242284],[-65.03145667217717,-14.936622568101285],[-65.02472551101448,-14.937368557791444],[-65.01623389231692,-14.943187277374747],[-65.0039106895729,-14.947961611391804],[-64.99334794436375,-14.95072177324542],[-64.98475276934062,-14.94997578355526],[-64.98361364975923,-14.940501714490154],[-64.9869274521778,-14.932370426867337],[-64.9869274521778,-14.923418550585353],[-64.99479773292187,-14.919837800072557],[-65.00463558385196,-14.919166409351405],[-65.01644100496807,-14.914615872241384],[-65.03062822157253,-14.910885923790559],[-65.02969621464231,-14.906559183587603],[-65.0220330465494,-14.900591266066272],[-65.0101240691077,-14.896189926894294],[-65.00442847120081,-14.895891531018222],[-64.99024125459636,-14.893205968133628],[-64.98527055096852,-14.891042598032143],[-64.98454565668946,-14.88716345164329],[-64.98713456482896,-14.88134473206],[-64.99127681785215,-14.879479757834574],[-65.00660315403799,-14.8808971382459],[-65.01188452664256,-14.879852752679668],[-65.01871924413084,-14.875973606290799],[-65.02151526492149,-14.870826277428648],[-65.02348283510752,-14.862993385681918],[-65.03166378482832,-14.850833753732203],[-65.02783220078187,-14.84695460734335],[-65.02047970166569,-14.852027337236478],[-65.01654456129366,-14.853146321771717],[-65.00991695645654,-14.85247493105058],[-65.0064995977124,-14.850460758887124],[-65.0023573446892,-14.838151928999395],[-65.00173600673573,-14.83188561560199],[-65.0075351609682,-14.828901656841339],[-65.01499121640995,-14.832482407354135],[-65.02886776403767,-14.832407808385113],[-65.04046607250262,-14.835540965083808],[-65.05102881771178,-14.845686424870067],[-65.05486040175823,-14.847625998064501],[-65.05889909845585,-14.84702920631237],[-65.06097022496745,-14.83718214240217],[-65.05941688008376,-14.832034813540034],[-65.05299638789779,-14.828081068182158],[-65.03911984027009,-14.82479871354542],[-65.02834998240976,-14.817637212519827],[-65.02079037064243,-14.811520097060466],[-65.01561255436344,-14.803463408406671],[-65.01209163929371,-14.781232915639734],[-65.01499121640995,-14.771609648636598],[-65.01799434985178,-14.769297080597084],[-65.02431128571216,-14.769968471318236],[-65.02658952487491,-14.77265403420283],[-65.0308353342237,-14.783247087803176],[-65.03166378482832,-14.788767411510406],[-65.03684160110733,-14.802195225933389],[-65.04056962882821,-14.806521966136359],[-65.04688656468858,-14.80189683005733],[-65.05703508459541,-14.796674902226172],[-65.06148800659535,-14.792721156868282],[-65.06086666864188,-14.785858051718762],[-65.05051103608388,-14.774668206366272],[-65.04554033245604,-14.76124039194329],[-65.04377987492119,-14.752736109475393],[-65.04315853696771,-14.744157228038489],[-65.03953406557241,-14.735727544539614],[-65.03673804478174,-14.724686897125167],[-65.04025895985147,-14.719688766201045],[-65.04709367733975,-14.719614167232038],[-65.05185726831641,-14.722523527023682],[-65.0550675144094,-14.720956948674328],[-65.05330705687453,-14.7163318125953],[-65.0457474451072,-14.710811488888083],[-65.03425269296783,-14.706260951778063],[-65.0225508281773,-14.699770841473622],[-65.0199619200378,-14.695667898177703],[-65.01923702575874,-14.68790960539998],[-65.02348283510752,-14.6798529167462],[-65.02679663752608,-14.675675374481258],[-65.04056962882821,-14.663142747686479],[-65.03839494599103,-14.657846220886299],[-65.02555396161911,-14.652549694086119],[-65.01675167394482,-14.644418406463316],[-65.00805294259611,-14.62845422709377],[-65.00536047813102,-14.622038715758336],[-65.00380713324732,-14.609879083808636],[-65.00929561850306,-14.598614639487124],[-65.00805294259611,-14.5953322848504],[-64.9993542112474,-14.587350195165627],[-64.99697241575905,-14.582053668365447],[-64.98827368441033,-14.570490828167877],[-64.97688248859654,-14.56041996735064],[-64.95679256143403,-14.554079054984228],[-64.94944006231786,-14.548409533338969],[-64.9481973864109,-14.541919423034528],[-64.95088985087598,-14.536772094172377],[-64.96528418013159,-14.528790004487604],[-64.98029984734067,-14.516854169444954],[-64.98009273468952,-14.510438658109521],[-64.97253312292219,-14.508126090070007],[-64.95896724427121,-14.511632241613796],[-64.9497507312946,-14.509841866357391],[-64.94478002766677,-14.505738923061486],[-64.94219111952727,-14.501262984920487],[-64.93100703636463,-14.490520733382098],[-64.92686478334143,-14.48134506019305],[-64.92748612129492,-14.471572595251885],[-64.93142126166696,-14.461576333403656],[-64.94156978157379,-14.45292285299773],[-64.94498714031792,-14.452027665369542],[-64.95296097738758,-14.453146649904781],[-64.96404150422462,-14.457174994231679],[-64.97470780575937,-14.457547989076758],[-64.99262305008469,-14.449491300422977],[-65.00981340013097,-14.447551727228543],[-65.01343787152626,-14.441210814862131],[-65.0059818160845,-14.432930329301286],[-64.99976843654972,-14.431438349920953],[-64.99552262720093,-14.432333537549155],[-64.98785945910802,-14.440614023110001],[-64.98319942445691,-14.443970976715747],[-64.97191178496871,-14.444418570529848],[-64.9595885822247,-14.441210814862131],[-64.94892228068996,-14.434571506619662],[-64.94156978157379,-14.426738614872917],[-64.94001643669009,-14.422635671576998],[-64.94229467585285,-14.415996363334528],[-64.94498714031792,-14.413907592202065],[-64.96093481445723,-14.408909461277943],[-64.96352372259673,-14.405328710765147],[-64.96373083524789,-14.397943412832518],[-64.96165970873629,-14.392348490156266],[-64.95503210389917,-14.381382441710826],[-64.9549285475736,-14.378323883981153],[-64.95948502589911,-14.375265326251466],[-64.96735530664319,-14.377354097383929],[-64.97046199641059,-14.379592066454435],[-64.97988562203837,-14.382650624184109],[-64.98547766361968,-14.380711050989675],[-64.98806657175918,-14.377652493260001],[-64.99334794436375,-14.366910241721612],[-64.99686885943348,-14.364299277806026],[-65.01416276580532,-14.360420131417172],[-65.0168552302704,-14.356690182966346],[-65.01602677966576,-14.34893189018861],[-65.01292008989836,-14.346097129365987],[-65.00826005524726,-14.345724134520907],[-64.9765718196198,-14.36049473038618],[-64.96725175031762,-14.362135907704555],[-64.96569840543391,-14.355272802555021],[-64.96952998948036,-14.347439910808276],[-64.97957495306161,-14.335951669579728],[-64.98630611422432,-14.32446342835118],[-64.9864096705499,-14.318495510829848],[-64.97988562203837,-14.309469035578843],[-64.97097977803848,-14.304247107747685],[-64.96921932050363,-14.30185994073915],[-64.97170467231754,-14.29581742424881],[-64.98154252324764,-14.292311272705021],[-64.98765234645685,-14.29126688713879],[-64.99604040882883,-14.291416085076833],[-65.00629248506125,-14.292833465488144],[-65.01126318868909,-14.289625709820427],[-65.0142663221309,-14.273363134574808],[-65.0127129772472,-14.261128903656086],[-65.00784582994494,-14.25247542325016],[-65.00173600673573,-14.248521677892285],[-64.99790442268927,-14.243150552123097],[-64.99842220431717,-14.24031579130046],[-65.00308223896826,-14.236585842849635],[-65.00981340013097,-14.236884238725708],[-65.01550899803786,-14.23971899954833],[-65.01851213147968,-14.247477292326053],[-65.02192949022381,-14.260830507780028],[-65.02959265831673,-14.267022222208396],[-65.03756649538639,-14.263814466540694],[-65.03860205864218,-14.258219543864442],[-65.03725582640965,-14.254787991289689],[-65.0261752995726,-14.237257233570787],[-65.02420772938657,-14.224351611930913],[-65.02503617999122,-14.220323267604016],[-65.04181230473516,-14.19242325319182],[-65.04481543817698,-14.185858543918357],[-65.04533321980489,-14.180039824335068],[-65.04201941738633,-14.172281531557331],[-65.0447118818514,-14.159748904762552],[-65.057138640921,-14.149678043945315],[-65.05517107073497,-14.145351303742345],[-65.04636878306069,-14.14206894910562],[-65.03704871375848,-14.136399427460361],[-65.02772864445629,-14.127895144992465],[-65.02503617999122,-14.123120810975408],[-65.02410417306099,-14.117973482113257],[-65.02658952487491,-14.110588184180614],[-65.03269934808412,-14.10752962645094],[-65.04895769120017,-14.110140590366527],[-65.0633520204558,-14.106783636760767],[-65.07225786445566,-14.108872407893244],[-65.07712501175793,-14.115138721290634],[-65.08199215906018,-14.117824284175228],[-65.08478817985083,-14.116332304794895],[-65.08520240515315,-14.108574012017172],[-65.07215430813008,-14.093579619244835],[-65.06666582287434,-14.085299133684003],[-65.06345557678137,-14.076645653278078],[-65.0627306825023,-14.064038427514276],[-65.0663551538976,-14.047850451237665],[-65.0710151885487,-14.037033600730268],[-65.07816057501373,-14.035019428566812],[-65.08696286268801,-14.039569965676833],[-65.09359046752513,-14.045015690415042],[-65.10063229766456,-14.042926919282579],[-65.10570655761798,-14.036884402792225],[-65.10653500822262,-14.03218466774419],[-65.10539588864124,-14.016668082188744],[-65.08199215906018,-14.016668082188744],[-64.3829869613956,-14.143560928485954]]]}},{"type":"Feature","properties":{"shapeID":"80513517B50126659359990","shapeName":"Gualberto Villarroel","shapeGroup":"BOL","shapeType":"ADM2","parentID":"26024454B78392246351569","replaces":["80513517B50126659359990","80513517B19707809734230"],"redrawn":"geoBoundaries draws Gualberto Villarroel as 2 features, one of them labelled 'Gualberto Villarroe'; they are drawn here as the one unit they are."},"geometry":{"type":"Polygon","coordinates":[[[-67.7932003190685,-17.55168942697773],[-67.78025577837101,-17.55191322388478],[-67.77114282171998,-17.551167234194622],[-67.76482588585961,-17.553181406358064],[-67.75975162590619,-17.55728434965397],[-67.7550915912551,-17.558701730065295],[-67.74825687376682,-17.557657344499063],[-67.73738345958093,-17.560044511507584],[-67.73168786167403,-17.559074724910374],[-67.72630293274388,-17.55616536511873],[-67.71812198302305,-17.55653835996381],[-67.71397972999986,-17.554598786769375],[-67.70786990679065,-17.554524187800368],[-67.70331342846512,-17.55288301048199],[-67.68985110613973,-17.54415493110706],[-67.68322350130262,-17.543707337292958],[-67.67390343200043,-17.549003864093137],[-67.6631335741401,-17.550346645535427],[-67.6497748081403,-17.5461691032705],[-67.64221519637296,-17.54505011873526],[-67.62751019814061,-17.549600655845268],[-67.61601544600124,-17.547362686774775],[-67.61063051707109,-17.5506450414115],[-67.6063847077223,-17.56183488676399],[-67.59240460376901,-17.57951484242092],[-67.5868125621877,-17.582424202212565],[-67.57531781004832,-17.59107768261849],[-67.56589418442054,-17.591749073339642],[-67.56123414976945,-17.59092848468046],[-67.552224749444,-17.58570655684929],[-67.54891094702543,-17.58637794757044],[-67.54694337683942,-17.588914312517005],[-67.52913168883967,-17.59674720426375],[-67.52716411865366,-17.599432767148343],[-67.53068503372337,-17.610324216624775],[-67.52374675990951,-17.623155239295627],[-67.5150480285608,-17.636657652687617],[-67.50862753637485,-17.64262557020895],[-67.50769552944462,-17.647250706287977],[-67.51183778246782,-17.662170500091293],[-67.5160835918166,-17.67171916812542],[-67.53120281535126,-17.673807939257884],[-67.55812746000205,-17.703498328926486],[-67.5862947805598,-17.71192801242536],[-67.58588055525748,-17.76817563506387],[-67.63248090176845,-17.76489328042713],[-67.64449343553572,-17.75803017527761],[-67.67701012176782,-17.7638488948609],[-67.67980614255848,-17.778097297943077],[-67.70165652725585,-17.802192764935427],[-67.70766279413948,-17.848071130880626],[-67.73148074902286,-17.859260976233116],[-67.74080081832506,-17.86522889375445],[-67.75032800027842,-17.869257238081346],[-67.75260623944118,-17.87149520715184],[-67.76410099158055,-17.875896546323816],[-67.7720748286502,-17.87783611951825],[-67.79050785460343,-17.880670880340872],[-67.79920658595215,-17.875821947354808],[-67.8076982046497,-17.873210983439222],[-67.81256535195196,-17.86783985767002],[-67.81722538660306,-17.86507969581642],[-67.8263383432541,-17.856799210255573],[-67.82903080771916,-17.84986150613703],[-67.83472640562607,-17.847101344283416],[-67.84818872795145,-17.829421388626486],[-67.85139897404443,-17.829122992750413],[-67.85253809362581,-17.824721653578436],[-67.86134038130011,-17.82196149172482],[-67.86051193069547,-17.81427779791612],[-67.86455062739309,-17.814352396885127],[-67.8691071057186,-17.811144641217425],[-67.8748027036255,-17.8101748546202],[-67.88495122353234,-17.804952926789042],[-67.90234868622976,-17.79107751855196],[-67.92627019743873,-17.782946230929156],[-67.93942185078738,-17.773994354647158],[-67.95754420776387,-17.764445686613044],[-67.96634649543816,-17.74803391342938],[-67.96520737585679,-17.737739255705094],[-67.96893540357766,-17.732666525811965],[-67.97721990962405,-17.738559844364275],[-67.98364040181002,-17.741618402093962],[-67.98850754911227,-17.74117080827986],[-67.9940995906936,-17.738112250550188],[-68.00031297022838,-17.74117080827986],[-68.01636420069327,-17.732815723750008],[-68.01874599618161,-17.732890322719015],[-68.05478359748344,-17.717895929946692],[-68.07394151771572,-17.718641919636852],[-68.08533271352951,-17.715210367062085],[-68.09610257138982,-17.704318917585667],[-68.10014126808744,-17.69909698975451],[-68.10687242925015,-17.6940988588304],[-68.12002408259879,-17.687459550587917],[-68.13731798897064,-17.676045908328376],[-68.14353136850544,-17.668735209364755],[-68.1772907306445,-17.657992957826366],[-68.19054594031873,-17.6545614052516],[-68.18909615176061,-17.66075311967998],[-68.19064949664431,-17.663513281533596],[-68.19883044636512,-17.66522905782098],[-68.20183357980694,-17.67134617328034],[-68.2087718536208,-17.669182803178856],[-68.21229276869052,-17.663364083595567],[-68.22409818980663,-17.651055253707824],[-68.22751554855077,-17.64911568051339],[-68.23776762478317,-17.647623701133057],[-68.25309396096901,-17.63814963206795],[-68.25599353808525,-17.638224231036972],[-68.26593494534092,-17.643147762992072],[-68.27049142366644,-17.64270016917797],[-68.2763941342245,-17.628675563002844],[-68.28944223124756,-17.615173149610854],[-68.27836170441051,-17.600477152714575],[-68.2784652607361,-17.59152527643259],[-68.27701547217798,-17.582200405305514],[-68.27194121222456,-17.576456284691233],[-68.26593494534092,-17.577500670257464],[-68.25889311520149,-17.575934091908124],[-68.25381885524807,-17.555643172335607],[-68.25361174259692,-17.54452792595214],[-68.24522368022494,-17.543707337292958],[-68.23621427989949,-17.53460626307293],[-68.23321114645766,-17.525505188852904],[-68.2433596663645,-17.5218498393711],[-68.2469841377598,-17.516627911539942],[-68.245948574504,-17.512450369275],[-68.23300403380651,-17.502528706395807],[-68.22295907022524,-17.501931914643663],[-68.21042875483008,-17.495068809494143],[-68.1958273129233,-17.479552223938697],[-68.19303129213264,-17.478582437341473],[-68.2010051292023,-17.452472798185667],[-68.19851977738838,-17.443297124996633],[-68.18992460236525,-17.4373292074753],[-68.18495389873742,-17.43046610232578],[-68.18391833548161,-17.423080804393138],[-68.16621020380744,-17.413681334297053],[-68.15844347938895,-17.4247219817115],[-68.15212654352857,-17.427109148720035],[-68.15140164924951,-17.43449444665268],[-68.14384203748217,-17.44284953118253],[-68.14363492483102,-17.447176271385487],[-68.146845170924,-17.451130016743377],[-68.14135668566826,-17.461648471374716],[-68.13307217962186,-17.45911210642815],[-68.12147387115691,-17.460604085808484],[-68.11049690064544,-17.469332165183417],[-68.10314440152926,-17.480895005380987],[-68.09568834608751,-17.48693752187134],[-68.08243313641327,-17.487385115685427],[-68.07394151771572,-17.48887709506576],[-68.05675116766945,-17.485743938367065],[-68.04639553511146,-17.48246158373034],[-68.03873236701854,-17.47679206208508],[-68.03055141729773,-17.472539920851133],[-68.02413092511178,-17.471793931160974],[-68.0157428627398,-17.473211311572285],[-68.00756191301898,-17.47567307754983],[-67.99720628046099,-17.474479494045568],[-67.98912888706575,-17.4759714734259],[-67.98602219729835,-17.478955432186567],[-67.97825547287985,-17.505438066187452],[-67.96883184725209,-17.512748765151073],[-67.96210068608939,-17.519313474424536],[-67.94853480743842,-17.524610001224715],[-67.94501389236869,-17.529384335241772],[-67.93279424595026,-17.531249309467185],[-67.92492396520619,-17.530428720808004],[-67.91011541064826,-17.536769633174416],[-67.8965495319973,-17.54452792595214],[-67.89323572957873,-17.549302259969195],[-67.87573471055572,-17.554971781614455],[-67.86776087348606,-17.554300390893317],[-67.85740524092807,-17.5551209795525],[-67.83586552520744,-17.5506450414115],[-67.83058415260287,-17.553106807389042],[-67.82292098450995,-17.554076593986267],[-67.81121911971942,-17.547138889867725],[-67.8030381699986,-17.54698969192968],[-67.7932003190685,-17.55168942697773]]]}},{"type":"Feature","properties":{"shapeID":"2599482B53905982235691","shapeName":"ARAD","shapeGroup":"ROU","shapeType":"ADM2","parentID":"36066543B54316219236217","replaces":["2599482B53905982235691","2599482B31785088370324"],"redrawn":"geoBoundaries draws ARAD as 2 features, one of them labelled 'ARAD'; they are drawn here as the one unit they are."},"geometry":{"type":"MultiPolygon","coordinates":[[[[21.17162476135306,46.04840759780345],[21.175974127027416,46.05198834831623],[21.178666591492515,46.05057096790492],[21.17680257763206,46.04810920192736],[21.171728317678657,46.047512410175244],[21.169346522190324,46.04475224832163],[21.151949059492893,46.05101856171902],[21.156091312516082,46.0558674947051],[21.164065149585724,46.062432203978545],[21.17141764870192,46.056389687488206],[21.166239832422917,46.051839150378214],[21.17162476135306,46.04840759780345]]],[[[21.24328573865438,46.06519236583216],[21.235622570561475,46.06496856892511],[21.233033662421974,46.06317819366873],[21.22837362777088,46.06153701635037],[21.220710459677974,46.06019423490807],[21.21843222051521,46.06273059985463],[21.21605042502688,46.063401990575784],[21.21615398135245,46.07265226273384],[21.214911305445497,46.0738458462381],[21.214289967491993,46.07600921633957],[21.21460063646876,46.077575794688926],[21.213461516887378,46.081231144170744],[21.21460063646876,46.083842108086316],[21.212425953631566,46.09264478643027],[21.251570244700787,46.099507891579805],[21.24421774558462,46.13404721423447],[21.248152885956642,46.13509159980072],[21.247531548003167,46.1386723503135],[21.24307862600324,46.13770256371629],[21.245460421491572,46.141656309074165],[21.24173239377069,46.14396887711368],[21.237279471770762,46.14516246061794],[21.233344331398712,46.145013262679925],[21.23344788772428,46.14337208536156],[21.230548310608043,46.14255149670237],[21.227545177166235,46.1426260956714],[21.223195811491877,46.14419267402073],[21.225163381677902,46.14650524206024],[21.22298869884071,46.14687823690534],[21.21988200907333,46.15142877401536],[21.218017995212875,46.152696956488626],[21.213668629538518,46.151727169891416],[21.21211528465483,46.149787596696996],[21.212425953631566,46.14635604412223],[21.208905038561852,46.14471486680387],[21.199377856608493,46.144789465772874],[21.195028490934135,46.141656309074165],[21.19036845628304,46.139716735879745],[21.182705288190135,46.141134116291056],[21.18788310446911,46.14322288742352],[21.195235603585303,46.14754962762649],[21.19596049786435,46.14866861216174],[21.193785815027184,46.15471112865208],[21.192025357492327,46.1562031080324],[21.18902222405049,46.15448733174503],[21.188504442422612,46.16172343173963],[21.1848799710273,46.16194722864668],[21.181669724934324,46.160679046173414],[21.17804525353904,46.161574233801616],[21.176284796004182,46.16097744204947],[21.17555990172511,46.16172343173963],[21.176181239678584,46.163066213181935],[21.180323492701774,46.162842416274884],[21.181048386980848,46.163513806996036],[21.180530605352942,46.16493118740735],[21.177527471911134,46.16634856781866],[21.17121053605075,46.17813520492328],[21.152881066423106,46.175076647193606],[21.151327721539417,46.17888119461344],[21.178977260469253,46.184028523475604],[21.1699678601438,46.201559281194506],[21.179909267399466,46.20484163583123],[21.16334025530668,46.2065574121186],[21.168103846283344,46.21237613170189],[21.16727539567873,46.215583887369604],[21.1698643038182,46.21759805953306],[21.166757614050823,46.21886624200633],[21.183947964097086,46.237963578074584],[21.184983527352898,46.240126948176055],[21.20621257409678,46.261536852283825],[21.315464497583605,46.24340930281281],[21.317017842467294,46.241991922401496],[21.319917419583533,46.2411713337423],[21.325405904839272,46.241544328587395],[21.32861615093225,46.24079833889721],[21.331722840699655,46.241991922401496],[21.334518861490324,46.241991922401496],[21.334622417815893,46.23967935436198],[21.368071110978207,46.23326384302655],[21.37190269502466,46.23184646261524],[21.367967554652637,46.225878545093906],[21.357404809443466,46.216255278090756],[21.36102928083878,46.2146886997414],[21.354608788652826,46.205662224490396],[21.357508365769064,46.204767036862194],[21.35792259107137,46.20536382861434],[21.36227195674573,46.203722651295976],[21.36092572451321,46.19961970800006],[21.362893294699205,46.19738173892955],[21.362789738373635,46.19521836882808],[21.360097273908565,46.196038957487275],[21.355023013955133,46.19447237913792],[21.353262556420276,46.195815160580224],[21.349223859722656,46.19633735336333],[21.3474634021878,46.19477077501398],[21.348188296466873,46.19156301934626],[21.354815901303994,46.18925045130675],[21.35947593595509,46.193875587385776],[21.368278223629375,46.19685954614644],[21.37148846972235,46.1997689059381],[21.368071110978207,46.201559281194506],[21.37148846972235,46.20431944304812],[21.382051214931494,46.20260366676072],[21.3825689965594,46.20148468222547],[21.385779242652376,46.2002164997522],[21.386193467954712,46.19902291624794],[21.388782376094213,46.19984350490711],[21.395099311954567,46.199395911093006],[21.39841311437314,46.19782933274365],[21.4000700155824,46.195815160580224],[21.403590930652143,46.19909751521695],[21.413739450558978,46.20096248944236],[21.41467145748919,46.19432318119988],[21.392924629117402,46.18939964924479],[21.385779242652376,46.17880659564443],[21.38909304507095,46.17783680904722],[21.387539700187233,46.17686702245001],[21.376044948047877,46.16142503586357],[21.374077377861852,46.16075364514242],[21.373973821536282,46.16000765545226],[21.37977297576876,46.1583664781339],[21.377494736605996,46.154412732776024],[21.373870265210684,46.15359214411683],[21.369831568513064,46.14844481525469],[21.367035547722423,46.14859401319271],[21.364032414280587,46.14725123175043],[21.36620709711778,46.14508786164893],[21.35667991516442,46.08518488952862],[21.3351401994438,46.0883180462273],[21.33648643167632,46.09570334415994],[21.326234355443916,46.09316697921338],[21.32405967260675,46.09406216684158],[21.320642313862606,46.09316697921338],[21.321988546095128,46.095927141066994],[21.307490660513963,46.09025761942175],[21.31070090660694,46.096150937974045],[21.303141294839605,46.09868730292061],[21.274559748979527,46.10472981941098],[21.261200982979716,46.07354745036204],[21.241421724793952,46.06787792871677],[21.24328573865438,46.06519236583216]]]]}},{"type":"Feature","properties":{"shapeID":"2599482B25282375738521","shapeName":"LIPOVA","shapeGroup":"ROU","shapeType":"ADM2","parentID":"36066543B54316219236217","replaces":["2599482B25282375738521","2599482B8806038231558"],"redrawn":"geoBoundaries draws LIPOVA as 2 features, one of them labelled 'LIPOVA'; they are drawn here as the one unit they are."},"geometry":{"type":"MultiPolygon","coordinates":[[[[21.628204600835005,45.97582280095031],[21.62478724209089,45.97470381641506],[21.621266327021146,45.97522600919817],[21.621576995997913,45.97649419167146],[21.616192067067743,45.97709098342358],[21.61815963725377,45.98186531744065],[21.605007983905097,45.98604285970558],[21.606457772463216,45.987534839085896],[21.607596892044597,45.99156318341281],[21.614535165858456,45.995442329801676],[21.62188766497465,46.00215623701317],[21.62333745353277,46.005587789587906],[21.625615692695504,46.00790035762742],[21.63700688850932,46.012823889582535],[21.64508428190453,46.01177950401629],[21.649640760230056,46.01222709783039],[21.652747449997463,46.01394287411779],[21.654300794881152,46.017150629785505],[21.653990125904414,46.02065678132928],[21.652229668369557,46.02334234421386],[21.652229668369557,46.02565491225337],[21.654715020183488,46.03005625142535],[21.65316167529977,46.039082726676355],[21.65336878795094,46.04258887822016],[21.655543470788132,46.04490144625967],[21.674494278369252,46.046990217392135],[21.669834243718157,46.05601669264314],[21.665795547020537,46.055196103983945],[21.668798680462345,46.05049636893591],[21.665070652741463,46.050123374090816],[21.655439914462534,46.050645566873925],[21.65181544306725,46.054226317386735],[21.65181544306725,46.0563150885192],[21.644670056602223,46.05653888542625],[21.644048718648747,46.05795626583756],[21.644359387625485,46.06370038645184],[21.64798385902077,46.064595574080045],[21.63410731139308,46.07190627304365],[21.634521536695388,46.0747410338663],[21.6329681918117,46.07489023180432],[21.6355570999512,46.07675520602973],[21.637835339113963,46.08593087921878],[21.633796642416343,46.08682606684698],[21.63566065627677,46.08884023901044],[21.629550833067555,46.09189879674011],[21.628101044509435,46.09644933385013],[21.62623703064901,46.096598531788146],[21.635246430974462,46.10196965755736],[21.641770479485984,46.10196965755736],[21.642081148462722,46.10279024621653],[21.647155408416154,46.104804418379985],[21.65036565450913,46.10517741322505],[21.652436781020725,46.106967788481455],[21.65730392832299,46.10808677301671],[21.662895969904298,46.11099613280837],[21.668902236787943,46.118306831771974],[21.672630264508797,46.12061939981149],[21.672526708183227,46.12688571320888],[21.674597834694822,46.13180924516399],[21.67615117957854,46.13359962042037],[21.68008631995056,46.135389995676775],[21.682778784415632,46.13889614722055],[21.690338396182966,46.14076112144596],[21.692720191671327,46.14419267402073],[21.698208676927038,46.14747502865748],[21.7031793805549,46.1480718204096],[21.712395893531493,46.145983049277135],[21.71405279474078,46.14270069464041],[21.713845682089612,46.1403881266009],[21.712395893531493,46.13815015753039],[21.70587184501997,46.131883844133],[21.705146950740897,46.127930098775124],[21.70597540134554,46.12412555135526],[21.721819519159283,46.12800469774413],[21.73434983455445,46.1165164565156],[21.75185085357745,46.11472608125919],[21.757028669856453,46.11494987816624],[21.76013535962386,46.11368169569295],[21.764795394274955,46.11315950290984],[21.765002506926123,46.11092153383933],[21.76686652078655,46.10786297610966],[21.770490992181834,46.1084597678618],[21.774736801530622,46.10681859054344],[21.786956447949052,46.10487901734899],[21.78975246873972,46.10085067302211],[21.789648912414123,46.0990602977657],[21.78706000427465,46.100253881269964],[21.779707505158456,46.09697152663324],[21.79648362990241,46.08981002560765],[21.795862291948936,46.08854184313435],[21.79275560218153,46.086751467877974],[21.78840623650717,46.08615467612583],[21.78592088469327,46.08369291014827],[21.7831248639026,46.08376750911731],[21.780950181065435,46.08473729571452],[21.78012173046079,46.08645307200189],[21.78022528678636,46.08951162973159],[21.78208930064679,46.0918241977711],[21.784781765111887,46.09309238024437],[21.783331976553768,46.09428596374863],[21.775668808460836,46.09585254209799],[21.770490992181834,46.09547954725289],[21.76531317590286,46.09189879674011],[21.771630111763216,46.0892132338555],[21.77359768194924,46.08734825963009],[21.774426132553884,46.0827977225201],[21.772562118693457,46.082648524582055],[21.77235500604229,46.083618311179265],[21.770387435856264,46.08399130602436],[21.76945542892605,46.08227552973696],[21.7681091966935,46.08160413901581],[21.770283879530695,46.07817258644107],[21.775358139484098,46.077874190564984],[21.775565252135266,46.07727739881287],[21.77225144971672,46.075934617370564],[21.77380479460041,46.073398252424],[21.76531317590286,46.07041429366333],[21.76831630934467,46.068922314283014],[21.768523421995837,46.06810172562382],[21.776704371716647,46.06593835552235],[21.785403103065363,46.060268833877075],[21.78457465246072,46.058105463775604],[21.780018174135193,46.05870225552772],[21.779500392507316,46.05795626583756],[21.783435532879338,46.05549449986],[21.783642645530506,46.051093160688026],[21.784885321437457,46.04855679574146],[21.784885321437457,46.044603050383586],[21.786852891623482,46.04333486791032],[21.791927151576886,46.043857060693426],[21.799590319669818,46.04132069574686],[21.805803699204603,46.04132069574686],[21.809531726925485,46.037590747296036],[21.798554756414006,46.036919356574884],[21.794516059716386,46.03848593492424],[21.79120225729784,46.03870973183129],[21.779500392507316,46.03751614832703],[21.775875921112004,46.038112940079145],[21.77204433706555,46.04109689883981],[21.758167789437834,46.046990217392135],[21.751333071949546,46.046542623578034],[21.741598777345047,46.047214014299186],[21.74108099571714,46.04512524316672],[21.742841453251998,46.04303647203426],[21.743048565903166,46.04161909162292],[21.73963120715902,46.04161909162292],[21.72616888483364,46.051093160688026],[21.71705592818259,46.05467391120084],[21.71539902697333,46.050421769966874],[21.71560613962447,46.04766160811329],[21.720473286926733,46.04020171121161],[21.708357196833873,46.0387843308003],[21.707010964601352,46.032891012248],[21.703800718508376,46.02662469885061],[21.704007831159515,46.02311854730681],[21.705146950740897,46.020805979267294],[21.704111387485113,46.018344213289765],[21.702765155252564,46.016926832878454],[21.69769089529916,46.014987259684005],[21.69779445162473,46.01200330092334],[21.701315366694445,46.00909394113171],[21.701108254043277,46.00663217515415],[21.698519345903804,46.00379741433153],[21.691373959438778,45.998426288562314],[21.68702459376442,45.997456501965104],[21.684746354601657,45.99566612670873],[21.68050054525287,45.99417414732838],[21.67884364404361,45.99036959990855],[21.677290299159893,45.98962361021836],[21.67335515878787,45.98984740712541],[21.66403508948568,45.98678884939574],[21.66154973767175,45.98507307310837],[21.652851006323033,45.983954088573114],[21.64901942227658,45.982014515378665],[21.63700688850932,45.97820996795883],[21.632243297532625,45.97537520713621],[21.628204600835005,45.97582280095031]]],[[[21.534382569859588,46.25042160590036],[21.5405959493944,46.24184272446345],[21.54204573795252,46.237217588384425],[21.544531089766423,46.233114645088506],[21.530343873161968,46.230727478079984],[21.519884684278395,46.22804191519538],[21.50714725623206,46.224237367775544],[21.501140989348443,46.22147720592193],[21.499380531813586,46.22744512344326],[21.495031166139228,46.23691919250837],[21.491303138418345,46.242737912091656],[21.50176232730192,46.242737912091656],[21.50165877097632,46.2514659914666],[21.507561481534395,46.25459914816528],[21.534382569859588,46.25042160590036]]]]}},{"type":"Feature","properties":{"shapeID":"2599482B5177022501599","shapeName":"PAULIS","shapeGroup":"ROU","shapeType":"ADM2","parentID":"36066543B54316219236217","replaces":["2599482B5177022501599","2599482B19247594544458"],"redrawn":"geoBoundaries draws PAULIS as 2 features, one of them labelled 'PAULIS'; they are drawn here as the one unit they are."},"geometry":{"type":"MultiPolygon","coordinates":[[[[21.62623703064901,46.096598531788146],[21.619816538463027,46.09719532354029],[21.617227630323555,46.10077607405307],[21.615984954416575,46.10562500703915],[21.611532032416648,46.10607260085325],[21.604904427579527,46.10323784003063],[21.59237411218436,46.10256644930948],[21.58947453506812,46.10152206374326],[21.591442105254146,46.0986127039516],[21.584503831440287,46.096150937974045],[21.585850063672808,46.09406216684158],[21.585228725719332,46.091302004987966],[21.582432704928692,46.08749745756813],[21.579533127812454,46.08593087921878],[21.575390874789235,46.08622927509484],[21.573837529905546,46.08712446272304],[21.57166284706838,46.0909290101429],[21.571041509114877,46.09428596374863],[21.571559290742783,46.099731688486855],[21.570005945859094,46.10256644930948],[21.567313481394024,46.10487901734899],[21.566795699766118,46.10689318951245],[21.5678312630219,46.11025014311818],[21.566899256091688,46.1143530864141],[21.56254989041733,46.11472608125919],[21.558096968417402,46.11375629466198],[21.55737207413833,46.11166752352952],[21.549812462370994,46.112786508064744],[21.546912885254756,46.11196591940558],[21.54349552651064,46.11218971631263],[21.540492393068803,46.11472608125919],[21.537282146975826,46.11599426373246],[21.534796795161924,46.116143461670504],[21.527754965022467,46.11330870084788],[21.523923380976015,46.11375629466198],[21.522577148743466,46.11599426373246],[21.516053100231943,46.11718784723672],[21.507354368883227,46.117560842081815],[21.507665037859965,46.11494987816624],[21.510357502325036,46.11375629466198],[21.50445479176699,46.112488112188686],[21.50051965139494,46.10980254930408],[21.49886275018568,46.10972795033507],[21.49741296162756,46.110772335901316],[21.494202715534584,46.11069773693228],[21.493892046557846,46.112040518374585],[21.495548947767105,46.11286110703378],[21.49606672939501,46.11412928950705],[21.49358137758111,46.1165164565156],[21.49337426492994,46.11763544105082],[21.491096025767177,46.11860522764806],[21.496584511022917,46.12576672867365],[21.503626341162345,46.132704432792195],[21.507872150511133,46.14471486680387],[21.501244545674012,46.1592616657621],[21.5003125387438,46.162842416274884],[21.500623207720537,46.16754215132292],[21.509943277022728,46.16657236472571],[21.506318805627416,46.17470365234851],[21.52029890958073,46.17731461626411],[21.519781127952825,46.16575177606654],[21.556232954556947,46.16217102555373],[21.55695784883602,46.15687449875355],[21.559132531673185,46.1548603265901],[21.558821862696448,46.15381594102388],[21.555300947626733,46.151950966798466],[21.55436894069652,46.14963839875895],[21.552297814184925,46.149116205975844],[21.550640912975638,46.141880105981215],[21.56544946753357,46.140910319384005],[21.566795699766118,46.143073689485476],[21.572491297672997,46.14277529360942],[21.574976649486928,46.1391199441276],[21.574458867859022,46.13710577196417],[21.575080205812498,46.135613792583825],[21.583054042882168,46.13166004722595],[21.587092739579788,46.13113785444284],[21.59237411218436,46.128153895682175],[21.606561328788814,46.12569212970462],[21.61122136343991,46.123603358572154],[21.61940231316072,46.12367795754119],[21.626444143300148,46.128377692589225],[21.626961924928054,46.13136165134989],[21.629343720416387,46.13374881835841],[21.627790375532697,46.1382247564994],[21.633278860788437,46.142849892578425],[21.631932628555887,46.14665443999829],[21.63006861469546,46.149116205975844],[21.63017217102103,46.150309789480104],[21.634003755067482,46.15403973793093],[21.633796642416343,46.15597931112535],[21.627997488183865,46.15941086370012],[21.625097911067627,46.160156853390276],[21.62074854539327,46.16366300493408],[21.620230763765363,46.165229583283406],[21.62074854539327,46.16679616163276],[21.61929875683515,46.17089910492868],[21.621266327021146,46.1728386781231],[21.62623703064901,46.17470365234851],[21.626444143300148,46.17716541832607],[21.62219833395139,46.179701783272634],[21.621784108649052,46.181119163683945],[21.627169037579222,46.18440151832067],[21.629654389393124,46.18410312244461],[21.629447276741985,46.18529670594887],[21.63172551590472,46.18746007605037],[21.63410731139308,46.18820606574053],[21.637524670137196,46.186937883267234],[21.63969935297439,46.187385477081335],[21.640527803579033,46.18842986264758],[21.648398084323105,46.19111542553216],[21.64756963371846,46.192458206974464],[21.64901942227658,46.19372638944776],[21.653886569578845,46.19439778016891],[21.655543470788132,46.19566596264218],[21.65450790753232,46.197232540991536],[21.654818576509058,46.19947051006204],[21.653679456927676,46.20200687500858],[21.65461146385789,46.20528922964533],[21.65336878795094,46.206632011087635],[21.653886569578845,46.208347787375004],[21.652643893671893,46.209541370879265],[21.65336878795094,46.21155554304272],[21.654715020183488,46.21230153273288],[21.658235935253202,46.21207773582583],[21.671180475950678,46.22222319561209],[21.675736954276204,46.22199939870504],[21.679361425671516,46.22461036262061],[21.68402146032261,46.225132555403746],[21.68443568562492,46.22699752962916],[21.68692103743885,46.22886250385457],[21.687645931717896,46.22804191519538],[21.694273536555016,46.227594321381275],[21.695930437764304,46.229533894575724],[21.7004869160898,46.231697264677194],[21.702661598926994,46.231697264677194],[21.704214943810683,46.23035448323489],[21.70587184501997,46.23013068632784],[21.710946104973374,46.231398868801136],[21.71436346371752,46.230503681172934],[21.713742125764043,46.22416276880651],[21.716434590229113,46.217299663657],[21.715813252275638,46.213122121392075],[21.71394923841521,46.20961596984827],[21.71436346371752,46.20730340180876],[21.718609273066306,46.20357345335793],[21.722855082415066,46.20409564614107],[21.725443990554567,46.20312585954383],[21.726065328508042,46.201559281194506],[21.72502976525226,46.19857532243384],[21.725340434228997,46.19693414511548],[21.73155381376378,46.19454697810693],[21.732278708042855,46.19305499872661],[21.7331071586475,46.1890266543997],[21.73279648967076,46.18589349770102],[21.735074728833496,46.18276034100231],[21.732175151717257,46.17977638224164],[21.734142721903282,46.176568626573925],[21.732692933345163,46.16888493276522],[21.72627244115921,46.163290010088986],[21.721715962833684,46.16217102555373],[21.720369730601163,46.16045524926636],[21.719023498368614,46.1557555142183],[21.717470153484925,46.15433813380699],[21.714777689019854,46.1494146018519],[21.712292337205923,46.147176632781395],[21.712395893531493,46.145983049277135],[21.7031793805549,46.1480718204096],[21.698208676927038,46.14747502865748],[21.692720191671327,46.14419267402073],[21.690338396182966,46.14076112144596],[21.682778784415632,46.13889614722055],[21.68008631995056,46.135389995676775],[21.67615117957854,46.13359962042037],[21.674597834694822,46.13180924516399],[21.672526708183227,46.12688571320888],[21.672630264508797,46.12061939981149],[21.668902236787943,46.118306831771974],[21.662895969904298,46.11099613280837],[21.65730392832299,46.10808677301671],[21.652436781020725,46.106967788481455],[21.65036565450913,46.10517741322505],[21.647155408416154,46.104804418379985],[21.642081148462722,46.10279024621653],[21.641770479485984,46.10196965755736],[21.635246430974462,46.10196965755736],[21.62623703064901,46.096598531788146]]],[[[21.507561481534395,46.25459914816528],[21.496895179999655,46.26392401929235],[21.465724726000104,46.25280877290888],[21.460339797069935,46.26295423269514],[21.460443353395505,46.26407321723039],[21.48798933599977,46.276232849180104],[21.51097884027854,46.28884007494389],[21.518020670417968,46.27369648423354],[21.525580282185302,46.26377482135433],[21.532104330696825,46.26071626362466],[21.534796795161924,46.25616572651464],[21.534382569859588,46.25042160590036],[21.507561481534395,46.25459914816528]]]]}},{"type":"Feature","properties":{"shapeID":"2599482B32759719925344","shapeName":"ZARAND","shapeGroup":"ROU","shapeType":"ADM2","parentID":"36066543B54316219236217","replaces":["2599482B32759719925344","2599482B71150188153613"],"redrawn":"geoBoundaries draws ZARAND as 2 features, one of them labelled 'ZARAND'; they are drawn here as the one unit they are."},"geometry":{"type":"MultiPolygon","coordinates":[[[[21.634521536695388,46.35993289241671],[21.629343720416387,46.35747112643915],[21.624373016788553,46.34769866149799],[21.609046680602717,46.35165240685586],[21.611532032416648,46.353293584174224],[21.60449020227722,46.352995188298166],[21.602315519440026,46.35381577695733],[21.598794604370312,46.36105187695196],[21.594341682370384,46.36440883055769],[21.589060309765784,46.365751612],[21.572491297672997,46.36694519550426],[21.573837529905546,46.3755986759102],[21.575390874789235,46.3752256810651],[21.57746200130086,46.37634466560036],[21.580465134742667,46.37627006663135],[21.58263981757983,46.37828423879478],[21.58160425432405,46.379776218175124],[21.58274337390543,46.381715791369544],[21.582432704928692,46.38261097899775],[21.586057176323976,46.38447595322316],[21.586367845300714,46.38566953672742],[21.58802474651,46.38581873466546],[21.588853197114645,46.38731071404578],[21.594755907672692,46.38850429755007],[21.593202562789003,46.3914136573417],[21.59641280888198,46.392756438784005],[21.603661751672576,46.389399485178245],[21.613706715253812,46.3918612511558],[21.61660629237005,46.391040662496636],[21.621162770695577,46.397829168677134],[21.614224496881718,46.39969414290255],[21.61111780711431,46.399022752181395],[21.60977157488179,46.4003655336237],[21.617331186649125,46.41073479031701],[21.61122136343991,46.41282356144947],[21.61412094055615,46.420954849072274],[21.61256759567243,46.42177543773147],[21.62064498906767,46.430578116075424],[21.622716115579266,46.43117490782754],[21.62333745353277,46.432443090300836],[21.631829072230317,46.435352450092466],[21.633796642416343,46.435352450092466],[21.637731782788364,46.43430806452625],[21.640424247253435,46.434457262464264],[21.641770479485984,46.432219293393786],[21.656268365067177,46.432219293393786],[21.656682590369485,46.43938079441938],[21.664449314787987,46.439231596481335],[21.664967096415893,46.44288694596315],[21.665899103346106,46.44408052946741],[21.673044489811133,46.44437892534347],[21.675840510601773,46.44639309750693],[21.677911637113397,46.445274112971674],[21.681121883206373,46.44542331090972],[21.682157446462156,46.44631849853792],[21.682675228090062,46.44840726967038],[21.68174322115985,46.450794436678905],[21.682157446462156,46.450048446988745],[21.686713924787682,46.45019764492679],[21.689095720276015,46.44892946245349],[21.690752621485302,46.449302457298586],[21.69644821939218,46.43908239854329],[21.695826881438705,46.434158866588206],[21.694377092880586,46.431249506796576],[21.690234839857396,46.42737036040771],[21.690338396182966,46.42520699030621],[21.691995297392253,46.42371501092589],[21.696862444694517,46.42207383360753],[21.69624110674104,46.419015275877854],[21.684642798276087,46.41401714495373],[21.68008631995056,46.41088398825502],[21.67190537022975,46.399768741871554],[21.672526708183227,46.399022752181395],[21.671387588601846,46.39775456970813],[21.672837377159965,46.39678478311089],[21.67180181390418,46.39506900682352],[21.657925266276465,46.38656472435562],[21.645912732509174,46.380746004772334],[21.640734916230173,46.371122737769184],[21.640734916230173,46.364856424371794],[21.634521536695388,46.35993289241671]]],[[[21.606664885114384,46.442215555242],[21.571559290742783,46.42386420886393],[21.56544946753357,46.42147704185538],[21.563067672045236,46.42446100061605],[21.559132531673185,46.42147704185538],[21.55985742595226,46.41983586453702],[21.561824996138284,46.41953746866096],[21.56099654553364,46.418269286187666],[21.553954715394212,46.41349495217062],[21.545980878324542,46.409615805781755],[21.53956038613859,46.409093612998646],[21.49606672939501,46.41162997794521],[21.49741296162756,46.41289816041848],[21.50010542609263,46.42580378205835],[21.496998736325224,46.433412876898046],[21.49906986283682,46.436098439782654],[21.50838993213904,46.439455393388386],[21.518745564697014,46.445945503692826],[21.520920247534207,46.43647143462772],[21.521645141813252,46.43565084596855],[21.525166056882966,46.437515820193966],[21.52868697195271,46.4345318614333],[21.53956038613859,46.440648976892646],[21.52847985930154,46.44937705626759],[21.531793661720087,46.450794436678905],[21.533243450278206,46.45042144183384],[21.53707503432466,46.45168962430711],[21.53966394246416,46.45430058822268],[21.542356406929258,46.45571796863399],[21.54919112441752,46.45661315626219],[21.550744469301208,46.45952251605385],[21.5555080602779,46.45810513564254],[21.557993412091804,46.46205888100042],[21.563171228370805,46.46056690162007],[21.56379256632428,46.46168588615532],[21.559236087998784,46.46414765213288],[21.562239221440592,46.468847387180915],[21.567313481394024,46.466460220172394],[21.56917749525445,46.4669824129555],[21.572387741347427,46.46370005831878],[21.57580510009157,46.46325246450468],[21.576426438045047,46.461835084093366],[21.577669113952,46.46131289131026],[21.579326015161286,46.46190968306237],[21.580982916370573,46.46093989646516],[21.582432704928692,46.45914952120876],[21.58388249348681,46.454151390284665],[21.58802474651,46.4507198377099],[21.587714077533263,46.44967545214365],[21.588749640789047,46.4485564676084],[21.59082076730067,46.44870566554644],[21.592891893812265,46.44751208204218],[21.59361678809131,46.44482651915757],[21.59651636520755,46.44460272225052],[21.600347949254,46.44154416452085],[21.606664885114384,46.442215555242]]]]}},{"type":"Feature","properties":{"shapeID":"2599482B7783599693239","shapeName":"UNGURENI","shapeGroup":"ROU","shapeType":"ADM2","parentID":"36066543B44844051198398","replaces":["2599482B7783599693239","2599482B2994749554598"],"redrawn":"geoBoundaries draws UNGURENI as 2 features, one of them labelled 'UNGURENI'; they are drawn here as the one unit they are."},"geometry":{"type":"MultiPolygon","coordinates":[[[[26.81037024550622,47.82162509132772],[26.80508887290165,47.81879033050507],[26.80094661987846,47.82259487792493],[26.7940083460646,47.81946172122622],[26.78593095266936,47.82714541503492],[26.786966515925144,47.82863739441527],[26.786966515925144,47.83050236864068],[26.789866093041383,47.83065156657872],[26.79297278280879,47.82975637895052],[26.802707077413316,47.83356092637035],[26.8064351051342,47.8252058418405],[26.81037024550622,47.82162509132772]]],[[[26.797425704808745,47.836395687193004],[26.789141198762337,47.844303177908756],[26.78862341713443,47.845571360382024],[26.775885989088096,47.84713793873138],[26.766565919785904,47.85392644491188],[26.762527223088284,47.85870077892895],[26.754656942344212,47.861460940782564],[26.750100464018686,47.86414650366717],[26.74792578118152,47.86630987376864],[26.746165323646665,47.87190479644488],[26.74419775346064,47.873918968608336],[26.734049233553804,47.87093500984767],[26.73342789560033,47.86974142634341],[26.72131180550747,47.87257618716603],[26.721415361833067,47.86996522325046],[26.72514338955395,47.8670558634588],[26.723072263042326,47.8661606758306],[26.715201982298254,47.87048741603357],[26.71302729946109,47.87056201500258],[26.709713497042515,47.86959222840537],[26.7061925819728,47.86548928510945],[26.702878779554254,47.86302751913192],[26.693558710252063,47.86951762943636],[26.688898675600967,47.875634744895706],[26.69003779518235,47.876604531492944],[26.691798252717206,47.876380734585894],[26.69676895634504,47.872949182011126],[26.70049698406592,47.87570934386474],[26.69552628043806,47.88033447994377],[26.69262670332182,47.88130426654098],[26.691798252717206,47.88063287581983],[26.689623569880013,47.882124855200146],[26.683410190345228,47.877798114997205],[26.682478183415014,47.880185282005726],[26.68309952136849,47.880931271695886],[26.67926793732201,47.88145346447902],[26.67657547285694,47.88421362633261],[26.674607902670914,47.883840631487544],[26.65068639146196,47.89838743044578],[26.64778681434572,47.90547433250234],[26.650065053508484,47.90554893147137],[26.646129913136434,47.91494840156744],[26.650065053508484,47.919498938677464],[26.64654413843877,47.92143851187191],[26.646440582113172,47.92270669434518],[26.648925933927103,47.92300509022124],[26.65192906736891,47.92121471496486],[26.65586420774096,47.920394126305666],[26.66580561499663,47.92188610568601],[26.67398656471744,47.919498938677464],[26.679578606298776,47.921140115995826],[26.679578606298776,47.92248289743813],[26.68196040178711,47.92270669434518],[26.68320307769406,47.92390027784944],[26.686516880112606,47.92382567888043],[26.6938693792288,47.91964813661551],[26.69935786448454,47.920170329398616],[26.698425857554298,47.92285589228322],[26.69397293555437,47.92248289743813],[26.69262670332182,47.924795465477644],[26.697804519600822,47.925466856198796],[26.69407649187994,47.939193066497836],[26.696044062065965,47.938521675776684],[26.697700963275253,47.93926766546687],[26.697183181647347,47.940610446909176],[26.69935786448454,47.94202782732049],[26.698840082856634,47.9426246190726],[26.701739659972873,47.94359440566981],[26.704328568112373,47.94120723866129],[26.706813919926276,47.9417294314444],[26.71168106722854,47.945235582988204],[26.71282018680992,47.944489593298016],[26.714684200670348,47.94583237474032],[26.71696243983311,47.95127809947854],[26.71685888350754,47.95567943865052],[26.714994869647114,47.956276230402636],[26.708574377461133,47.96202035101692],[26.703707230158898,47.96507890874659],[26.709609940716945,47.97231500874122],[26.72079402387959,47.97134522214401],[26.72369360099583,47.96657088812694],[26.728457191972495,47.96224414792397],[26.73208166336778,47.9600807778225],[26.73570613476309,47.96149815823381],[26.735291909460756,47.962542543800026],[26.753103597460523,47.96507890874659],[26.773504193599763,47.947622749996725],[26.776196658064833,47.94926392731509],[26.791212325273932,47.937775686086525],[26.79152299425067,47.939193066497836],[26.809541794901577,47.92792862217635],[26.81192359038991,47.92733183042421],[26.80923112592484,47.925019262384694],[26.812752040994553,47.923303486097325],[26.81430538587827,47.924720866508636],[26.8187583078782,47.92225910053108],[26.823729011506032,47.92397487681848],[26.822382779273482,47.925765252074854],[26.825696581692057,47.928376215990454],[26.832634855505916,47.92516846032274],[26.844854501924345,47.91770856342106],[26.837916228110487,47.91353102115613],[26.86318397155199,47.90181898302055],[26.861527070342703,47.898312831476744],[26.86069861973806,47.885034214991805],[26.859663056482276,47.88257244901425],[26.8713649212728,47.879513891284574],[26.870743583319324,47.87086041087866],[26.87001868904028,47.86944303046735],[26.87240048452861,47.866459071706686],[26.860802176063657,47.865041691295346],[26.86038795076132,47.86161013872061],[26.8590417185288,47.86161013872061],[26.860077281784584,47.85765639336273],[26.858938162203202,47.85728339851764],[26.859663056482276,47.85377724697386],[26.858731049552063,47.8486299181117],[26.84288693173832,47.84452697481581],[26.839780241970914,47.84825692326663],[26.831288623273366,47.84325879234251],[26.82517880006415,47.841468417086105],[26.824350349459507,47.843109594404496],[26.816169399738698,47.84117002121005],[26.81326982262246,47.84296039646645],[26.807884893692318,47.84102082327203],[26.811095139785294,47.83684328100708],[26.80767778104115,47.83602269234791],[26.793594120762265,47.84251280265235],[26.79949683132034,47.83721627585217],[26.797425704808745,47.836395687193004]]]]}},{"type":"Feature","properties":{"shapeID":"2599482B21199067234878","shapeName":"RUPEA","shapeGroup":"ROU","shapeType":"ADM2","parentID":"36066543B7969361625805","replaces":["2599482B21199067234878","2599482B16674200014647","2599482B2860524053107","2599482B289507895873"],"redrawn":"geoBoundaries draws RUPEA as 4 features, one of them labelled 'RUPEA' and 'RUPEA' and 'RUPEA'; they are drawn here as the one unit they are."},"geometry":{"type":"MultiPolygon","coordinates":[[[[25.27970419710917,46.01894100504188],[25.277115288969668,46.013047686489585],[25.2796006407836,46.01058592051203],[25.27556194408598,46.01155570710924],[25.27545838776041,46.01058592051203],[25.27152324738836,46.01133191020219],[25.26862367027212,46.01013832669793],[25.268209444969813,46.01118271226417],[25.273697930225524,46.013271483396636],[25.273594373899954,46.015285655560064],[25.27162680371393,46.01677763494041],[25.273180148597646,46.01767282256861],[25.272041029016265,46.02289475039976],[25.274629937155765,46.023193146275844],[25.275044162458073,46.0221487607096],[25.27970419710917,46.01894100504188]]],[[[25.268105888644214,46.02282015143075],[25.26862367027212,46.02237255761665],[25.266966769062833,46.0221487607096],[25.268105888644214,46.02282015143075]]],[[[25.266345431109357,46.02595330812946],[25.266863212737263,46.024834323594206],[25.264067191946594,46.02408833390405],[25.26448141724893,46.02326774524485],[25.26178895278383,46.02274555246174],[25.260235607900142,46.02625170400552],[25.262410290737336,46.026773896788626],[25.266345431109357,46.02595330812946]]],[[[25.254747122644403,46.0307276421465],[25.250087087993307,46.02356614112091],[25.242113250923666,46.02065678132928],[25.240870575016686,46.016926832878454],[25.234035857528426,46.01177950401629],[25.231861174691232,46.008720946286616],[25.22802959064478,46.005960784433],[25.21984864092397,46.00185784113708],[25.216224169528687,46.001037252477914],[25.209389452040398,46.00141024732298],[25.198619594180087,46.00044046072577],[25.184328821250062,46.011854102985325],[25.182982589017513,46.015957046281216],[25.1820505820873,46.02334234421386],[25.17956523027337,46.02647550091257],[25.172005618506034,46.0302800483324],[25.17376607604089,46.03677015863684],[25.177597660087343,46.0405747060567],[25.174490970319965,46.04378246172442],[25.17117716790139,46.04505064419769],[25.169209597715394,46.047288613268194],[25.165067344692176,46.048929790586556],[25.165274457343344,46.05049636893591],[25.16320333083175,46.05243594213033],[25.161028647994556,46.05288353594443],[25.156782838645796,46.05624048955019],[25.146012980785486,46.05758327099247],[25.139074706971627,46.063401990575784],[25.13752136208791,46.06825092356186],[25.133689778041457,46.07138408026054],[25.11991678673934,46.075636221494506],[25.117431434925408,46.07571082046351],[25.113392738227788,46.07839638334812],[25.10479756320467,46.07862018025517],[25.10231221139074,46.07936616994533],[25.105729570134883,46.081678737984845],[25.107904252972048,46.082126331798946],[25.11163228069293,46.08548328540468],[25.113806963530124,46.08637847303288],[25.121987913250933,46.08734825963009],[25.125405271995078,46.08854184313435],[25.12799418013458,46.09115280704995],[25.130272419297313,46.09174959880207],[25.131515095204293,46.09339077612043],[25.135657348227483,46.09570334415994],[25.13721069311117,46.09838890704455],[25.13213643315777,46.10249185034047],[25.13203287683217,46.10465522044194],[25.13348266539029,46.1054012101321],[25.150465902785413,46.102641048278485],[25.170245160971177,46.10853436683081],[25.176872765808298,46.1075645802336],[25.185467940831444,46.109354955490005],[25.197273361947538,46.1080121740477],[25.203279628831183,46.1058488039462],[25.208146776133447,46.101447464774225],[25.210114346319443,46.10114906889817],[25.217777514412376,46.10353623590669],[25.2223339927379,46.100477678177015],[25.228858041249424,46.098538104982595],[25.229686491854068,46.097568318385385],[25.229686491854068,46.09555414622193],[25.23196473101683,46.09242098952322],[25.23600342771445,46.090108421483706],[25.23621054036559,46.08861644210339],[25.239213673807427,46.08749745756813],[25.239938568086473,46.08540868643567],[25.236728321993496,46.074218841083166],[25.235278533435377,46.070563491601376],[25.233207406923782,46.068922314283014],[25.232896737947044,46.067281136964624],[25.229893604505236,46.06429717820399],[25.228650928598256,46.06138781841233],[25.229065153900592,46.05892605243477],[25.230204273481974,46.059075250372814],[25.23227539999357,46.0558674947051],[25.236624765667926,46.05154075450213],[25.242320363574805,46.0490789885246],[25.243355926830617,46.045572836980824],[25.247601736179405,46.043409466879325],[25.250087087993307,46.04035090914965],[25.254643566318833,46.038560533893246],[25.257025361807166,46.039306523583406],[25.258060925062978,46.038336736986196],[25.258268037714117,46.03587497100867],[25.259821382597835,46.03438299162832],[25.254747122644403,46.0307276421465]]]]}},{"type":"Feature","properties":{"shapeID":"2599482B81185008860025","shapeName":"ULMENI","shapeGroup":"ROU","shapeType":"ADM2","parentID":"36066543B78402216072727","replaces":["2599482B81185008860025","2599482B910434267190"],"redrawn":"geoBoundaries draws ULMENI as 2 features, one of them labelled 'ULMENI'; they are drawn here as the one unit they are."},"geometry":{"type":"MultiPolygon","coordinates":[[[[26.65586420774096,45.02625252433816],[26.670569205973322,45.00998994909256],[26.64385167397367,44.999695291368255],[26.642919667043458,45.0011872707486],[26.638673857694698,45.00417122950927],[26.636499174857505,45.00805037589811],[26.621897732950742,45.022597174856344],[26.613923895881072,45.0263271233072],[26.614855902811314,45.03102685835523],[26.611956325695076,45.038934349070985],[26.605018051881217,45.04244050061476],[26.596008651555763,45.051690772772815],[26.605535833509094,45.05542072122364],[26.599943791927785,45.06116484183792],[26.59383396871857,45.0587776748294],[26.59103794792793,45.06213462843516],[26.62075861336936,45.07369746863273],[26.640330758903957,45.05303355421512],[26.63846674504353,45.05213836658692],[26.65213618002008,45.03885975010198],[26.646958363741078,45.03684557793852],[26.65203262369451,45.03087766041719],[26.655035757136318,45.028788889284726],[26.65586420774096,45.02625252433816]]],[[[26.670672762298892,45.066834363483196],[26.684135084624273,45.04743863153888],[26.668808748438437,45.0327426346426],[26.625729316997194,45.08712528305571],[26.61961949378798,45.09361539336015],[26.623865303136768,45.09458517995736],[26.62065505704379,45.10167208201395],[26.632253365508745,45.105625827371824],[26.63556716792729,45.101299087168854],[26.63732762546215,45.10495443665067],[26.638880970345838,45.103462457270325],[26.641884103787675,45.10308946242526],[26.64260899806672,45.09876272222229],[26.6561748767177,45.08578250161341],[26.670672762298892,45.066834363483196]]]]}},{"type":"Feature","properties":{"shapeID":"2599482B73805615564390","shapeName":"CURCANI","shapeGroup":"ROU","shapeType":"ADM2","parentID":"36066543B5722188715477","replaces":["2599482B73805615564390","2599482B18753621764646"],"redrawn":"geoBoundaries draws CURCANI as 2 features, one of them labelled 'CURCANI'; they are drawn here as the one unit they are."},"geometry":{"type":"MultiPolygon","coordinates":[[[[26.576954287649045,44.17149753734611],[26.571465802393305,44.17500368888989],[26.570223126486354,44.17754005383645],[26.570016013835186,44.181568398163364],[26.572708478300257,44.18693952393255],[26.572915590951425,44.19201225382568],[26.56804844364916,44.19783097340897],[26.556553691509805,44.207081245567025],[26.549718974021516,44.209468412575575],[26.5683591126259,44.222747029060514],[26.586377913276806,44.21372055380951],[26.594455306672046,44.21536173112787],[26.597561996439453,44.21700290844623],[26.59124506057907,44.22364221668872],[26.613820339555502,44.23610024451449],[26.612266994671813,44.23826361461596],[26.628421781462265,44.24206816203582],[26.665287833368723,44.240799979562524],[26.665080720717583,44.234533666165134],[26.672847445136057,44.234533666165134],[26.672640332484917,44.22558178988314],[26.66425227011294,44.22543259194512],[26.66435582643851,44.215958522880015],[26.652861074299153,44.21536173112787],[26.648408152299197,44.213795152778516],[26.646440582113172,44.21566012700393],[26.62904311941574,44.20648445381491],[26.624279528439075,44.21073659504884],[26.599633122951047,44.19730878062586],[26.60439671392774,44.189475888879116],[26.59942601029988,44.18768551362271],[26.59921889764874,44.18567134145928],[26.59797622174176,44.184179362078936],[26.591555729555807,44.18238898682253],[26.592901961788357,44.18112080434926],[26.576954287649045,44.17149753734611]]],[[[26.66559850234546,44.24937886099943],[26.68879511927537,44.24885666821632],[26.689105788252107,44.253556403264355],[26.69676895634504,44.253332606357304],[26.69697606899618,44.261986086763244],[26.68164973281037,44.26235908160831],[26.682478183415014,44.29212407024593],[26.70598546932166,44.29175107540087],[26.705881912996063,44.29413824240939],[26.706917476251874,44.29548102385169],[26.697597406949683,44.30502969188581],[26.702671666903086,44.30741685889433],[26.702568110577516,44.31047541662403],[26.721518918158637,44.31002782280993],[26.72089758020516,44.291303481586766],[26.736327472716567,44.29093048674167],[26.736327472716567,44.286529147569695],[26.73570613476309,44.275936093969335],[26.73342789560033,44.27332513005376],[26.72224381243771,44.27414571871293],[26.720379798577255,44.26161309191815],[26.72762874136785,44.261463893980135],[26.72669673443764,44.2524374187291],[26.722865150391186,44.25154223110093],[26.720172685926087,44.24639490223876],[26.71986201694935,44.240576182655474],[26.71851578471683,44.240053989872365],[26.700393427740323,44.24378393832319],[26.686206211135868,44.24162056822172],[26.665287833368723,44.240799979562524],[26.66559850234546,44.24937886099943]]]]}},{"type":"Feature","properties":{"shapeID":"2599482B91976879692627","shapeName":"ROJISTE","shapeGroup":"ROU","shapeType":"ADM2","parentID":"36066543B77825502227768","replaces":["2599482B91976879692627","2599482B74221959783433"],"redrawn":"geoBoundaries draws ROJISTE as 2 features, one of them labelled 'ROJISTE'; they are drawn here as the one unit they are."},"geometry":{"type":"MultiPolygon","coordinates":[[[[23.96391752429051,44.0104383632393],[23.95004097666279,44.01364611890702],[23.949523195034885,44.01282553024785],[23.936267985360644,44.01692847354374],[23.922184325081787,44.017152270450794],[23.914624713314453,44.01551109313243],[23.910171791314497,44.015660291070475],[23.9082042211285,44.01461590550423],[23.907789995826164,44.012527134371766],[23.900437496709998,44.01006536839424],[23.892877884942664,44.01028916530129],[23.892981441268233,44.011855743650614],[23.888424962942707,44.013496920968976],[23.88645739275671,44.016630077667685],[23.885939611128805,44.0193902395213],[23.882936477686997,44.02341858384818],[23.880451125873066,44.02968489724557],[23.895466793082164,44.03363864260348],[23.89764147591933,44.03721939311626],[23.89898770815188,44.03401163744854],[23.922391437732927,44.03930816424872],[23.922494994058525,44.036846398271166],[23.934507527825787,44.03617500755004],[23.934611084151385,44.04005415393888],[23.959050376988245,44.03401163744854],[23.95428678601155,44.023642380755234],[23.968059777313698,44.02021082818047],[23.96391752429051,44.0104383632393]]],[[[23.89753791959376,44.06489561062142],[23.899298377128616,44.06810336628914],[23.898055701221665,44.07123652298782],[23.90147305996578,44.07399668484143],[23.90406196810528,44.07862182092046],[23.909136228058713,44.08048679514587],[23.911414467221476,44.08026299823882],[23.918249184709737,44.08339615493753],[23.92032031122133,44.083097759061474],[23.921148761825975,44.08444054050375],[23.919595416942286,44.08585792091509],[23.92156298712831,44.0872753013264],[23.9205274238725,44.08809588998557],[23.919698973267856,44.09107984874623],[23.926947916058452,44.09204963534344],[23.93958178777922,44.09011006214902],[23.948176962802336,44.08839428586165],[23.9732375935927,44.08108358689802],[23.970234460150863,44.07526486731473],[23.967127770383485,44.076085455973896],[23.959257489639384,44.05788330753387],[23.947348512197692,44.06153865701566],[23.945691610988433,44.05191539001254],[23.944345378755884,44.052735978671706],[23.941652914290813,44.046768061150374],[23.936371541686242,44.048409238468764],[23.937199992290857,44.05019961372514],[23.898159257547235,44.05974828175928],[23.89753791959376,44.06489561062142]]]]}},{"type":"Feature","properties":{"shapeID":"2599482B30524546463793","shapeName":"MIERCUREA CIUC","shapeGroup":"ROU","shapeType":"ADM2","parentID":"36066543B14518908529982","replaces":["2599482B30524546463793","2599482B67036234724680"],"redrawn":"geoBoundaries draws MIERCUREA CIUC as 2 features, one of them labelled 'MIERCUREA CIUC'; they are drawn here as the one unit they are."},"geometry":{"type":"MultiPolygon","coordinates":[[[[25.6801565081268,46.27175691103909],[25.67601425510358,46.278620016188626],[25.676532036731487,46.29227162751866],[25.674357353894322,46.29674756565964],[25.674564466545462,46.2987617378231],[25.672700452685035,46.30711682235295],[25.67321823431294,46.31077217183477],[25.672700452685035,46.313830729564444],[25.668247530685107,46.32009704296186],[25.66400172133632,46.32278260584644],[25.66151636952239,46.33076469553123],[25.656027884266678,46.335464430579265],[25.65043584268534,46.33680721202157],[25.644015350499387,46.33680721202157],[25.6326241546856,46.34255133263585],[25.62620366249965,46.34046256150339],[25.622268522127598,46.3406117594414],[25.621647184174122,46.34255133263585],[25.620093839290433,46.34396871304716],[25.619783170313696,46.345833687272574],[25.63283126733677,46.34359571820207],[25.642669118266866,46.346505077993726],[25.645775808034244,46.347997057374045],[25.647950490871438,46.3504588233516],[25.664933728266533,46.354710964585536],[25.670422213522272,46.35747112643915],[25.687923232545273,46.36343904396048],[25.6924797108708,46.36612460684509],[25.690719253335942,46.36858637282262],[25.697450414498633,46.371794128490336],[25.70169622384742,46.36977995632691],[25.70832382868454,46.37052594601707],[25.70987717356823,46.3738828996228],[25.715054989847232,46.37619546766231],[25.719611468172758,46.37619546766231],[25.719197242870422,46.37835883776381],[25.7275853052424,46.38186498930759],[25.726653298312186,46.382909374873805],[25.728103086870306,46.38469975013021],[25.731002663986544,46.38447595322316],[25.73452357905626,46.382685577966754],[25.740115620637567,46.383133171780855],[25.748814351986283,46.385967932603506],[25.754302837242022,46.38678852126267],[25.755027731521096,46.385744135696456],[25.756891745381523,46.38619172951056],[25.756166851102478,46.388653495488086],[25.75989487882333,46.38850429755007],[25.759273540869856,46.38954868311629],[25.767558046916264,46.38992167796138],[25.767765159567404,46.386266328479564],[25.787337305102028,46.393204032598106],[25.787337305102028,46.394696011978425],[25.79220445240429,46.39626259032778],[25.789408431613623,46.4008131274378],[25.801731634357623,46.401708315066],[25.805666774729673,46.40424468001257],[25.8075307885901,46.39812756455319],[25.8101196967296,46.39290563672205],[25.81260504854353,46.39342782950516],[25.815918850962078,46.38805670373597],[25.825756701892175,46.38947408414728],[25.82886339165958,46.39066766765154],[25.8277242720782,46.38880269342613],[25.82907050431075,46.38686312023168],[25.836423003426916,46.39029467280645],[25.840875925426843,46.390816865589585],[25.84377550254308,46.38775830785988],[25.84688219231049,46.387683708890876],[25.85206000858949,46.389399485178245],[25.854234691426655,46.38910108930219],[25.85340624082204,46.38775830785988],[25.855477367333634,46.386266328479564],[25.86138007789168,46.38559493775841],[25.866247225193945,46.38663932332466],[25.864797436635826,46.384102958378094],[25.86987169658923,46.38395376044005],[25.870493034542704,46.38544573982037],[25.89948880570509,46.37776204601167],[25.907876868077068,46.374703488281995],[25.907876868077068,46.37246551921149],[25.903113277100402,46.36992915426492],[25.89948880570509,46.36612460684509],[25.893482538821473,46.36657220065919],[25.889236729472685,46.35993289241671],[25.88592292705414,46.3598582934477],[25.874635287565923,46.36254385633228],[25.854234691426655,46.36970535735787],[25.848642649845345,46.37007835220297],[25.845950185380275,46.36903396663672],[25.841704376031487,46.36903396663672],[25.836112334450178,46.367691185194445],[25.83300564468277,46.365826210969004],[25.832694975706033,46.361201074889976],[25.8303131802177,46.363364444991475],[25.82886339165958,46.36172326767311],[25.830934518171176,46.36105187695196],[25.829484729613057,46.35888850685046],[25.825549589241035,46.3603058872618],[25.822960681101534,46.358291715098346],[25.823892688031748,46.35776952231524],[25.821925117845723,46.35620294396588],[25.823271350078272,46.35530775633768],[25.822753568450366,46.35389037592637],[25.82482469496196,46.35314438623621],[25.825446032915437,46.35030962541356],[25.826895821473556,46.349190640878305],[25.829898954915393,46.3436703171711],[25.829588285938627,46.338597587277974],[25.83041673654327,46.33650881614551],[25.83569810914787,46.333524857384845],[25.83062384919444,46.330391700686135],[25.824306913334055,46.329645710995976],[25.821925117845723,46.3261395594522],[25.814676175055126,46.32591576254515],[25.799453395194888,46.320022443992826],[25.799556951520458,46.31845586564347],[25.797278712357695,46.31927645430267],[25.78443772798579,46.31435292234758],[25.778431461102144,46.315248109975784],[25.766211814683714,46.31509891203774],[25.76538336407907,46.3158449017279],[25.76155178003262,46.31636709451101],[25.75720241435826,46.3158449017279],[25.755234844172236,46.31248794812217],[25.75306016133507,46.31293554193627],[25.75057480952114,46.311368963586915],[25.750057027893234,46.3090563955474],[25.746018331195643,46.30711682235295],[25.742704528777068,46.30666922853885],[25.73856227575388,46.308012009981155],[25.734005797428352,46.30748981719805],[25.7327631215214,46.30845960379526],[25.728310199521474,46.308235806888206],[25.7249963971029,46.3090563955474],[25.723235939568042,46.30734061926],[25.71826523594021,46.30525184812754],[25.71795456696347,46.30316307699508],[25.713501644963543,46.301298102769664],[25.71018784254497,46.30085050895556],[25.706563371149684,46.301521899676715],[25.69651840756842,46.29458419555817],[25.691444147615016,46.28928766875799],[25.691858372917324,46.28757189247062],[25.6898908027313,46.28436413680291],[25.689165908452253,46.27966440175487],[25.68585210603368,46.275785255366],[25.685127211754633,46.27250290072928],[25.6801565081268,46.27175691103909]]],[[[25.64070154808084,46.387907505797926],[25.63697352035996,46.386042531572514],[25.638423308918078,46.38522194291332],[25.637387745662267,46.38395376044005],[25.635109506499532,46.38402835940906],[25.633866830592552,46.38201418724563],[25.63283126733677,46.38126819755544],[25.634488168546028,46.38029841095823],[25.634488168546028,46.379030228484964],[25.63148503510422,46.37910482745397],[25.63013880287167,46.38134279652448],[25.63407394324372,46.382685577966754],[25.634591724871626,46.38440135425415],[25.633452605290245,46.38492354703726],[25.63655929505765,46.38872809445712],[25.636248626080885,46.389623282085296],[25.63966598482503,46.390816865589585],[25.6423584492901,46.38850429755007],[25.642047780313362,46.38731071404578],[25.64070154808084,46.387907505797926]]]]}},{"type":"Feature","properties":{"shapeID":"2599482B24277216401355","shapeName":"BAILE TUSNAD","shapeGroup":"ROU","shapeType":"ADM2","parentID":"36066543B14518908529982","replaces":["2599482B24277216401355","2599482B64409374014432"],"redrawn":"geoBoundaries draws BAILE TUSNAD as 2 features, one of them labelled 'BAILE TUSNAD'; they are drawn here as the one unit they are."},"geometry":{"type":"MultiPolygon","coordinates":[[[[25.853820466124347,46.121663785377734],[25.854441804077823,46.122633571974944],[25.856927155891754,46.122409775067894],[25.856823599566155,46.120917795687575],[25.853820466124347,46.121663785377734]]],[[[25.870803703519442,46.15888867091701],[25.870493034542704,46.15769508741275],[25.87349616798454,46.155382519373234],[25.871321485147348,46.15262235751962],[25.866040112542777,46.15023519051107],[25.864693880310227,46.14993679463501],[25.862001415845157,46.15113037813927],[25.860655183612607,46.14889240906879],[25.861069408914943,46.14508786164893],[25.859308951380086,46.141880105981215],[25.861069408914943,46.1386723503135],[25.85744493751963,46.136807376088086],[25.855063142031298,46.13650898021203],[25.857030712217323,46.135166198769724],[25.85754849384523,46.13359962042037],[25.85495958570573,46.13255523485415],[25.852577790217396,46.13628518330498],[25.85206000858949,46.14031352763189],[25.850092438403465,46.140462725569904],[25.854131135101085,46.14881781009976],[25.860965852589374,46.156053910094386],[25.86427965500792,46.15694909772259],[25.868939689659015,46.16008225442127],[25.870803703519442,46.15888867091701]]]]}},{"type":"Feature","properties":{"shapeID":"2599482B50254025578700","shapeName":"VLAHITA","shapeGroup":"ROU","shapeType":"ADM2","parentID":"36066543B14518908529982","replaces":["2599482B50254025578700","2599482B79706795726804","2599482B7850722509394","2599482B60669636608871","2599482B68924224489535","2599482B45078767996614"],"redrawn":"geoBoundaries draws VLAHITA as 6 features, one of them labelled 'VLAHITA' and 'VLAHITA' and 'VLAHITA' and 'VLAHITA' and 'VLAHITA'; they are drawn here as the one unit they are."},"geometry":{"type":"MultiPolygon","coordinates":[[[[25.508770789291987,46.30241708730492],[25.509909908873368,46.30085050895556],[25.507113888082728,46.30085050895556],[25.506492550129224,46.30502805122049],[25.50535343054787,46.3068930254459],[25.50556054319901,46.30957858833051],[25.50680321910599,46.308757999671315],[25.506285437478084,46.30786281204314],[25.507631669710605,46.307564416167054],[25.508770789291987,46.30241708730492]]],[[[25.46341311868798,46.34926523984734],[25.464345125618195,46.34874304706423],[25.46362023133915,46.347997057374045],[25.462791780734506,46.34837005221914],[25.46341311868798,46.34926523984734]]],[[[25.47449364552503,46.354934761492586],[25.46910871659489,46.351801604793906],[25.46910871659489,46.34971283366144],[25.47863589854822,46.352100000669964],[25.483192376873745,46.35239839654602],[25.483399489524913,46.35120481304176],[25.475218539804104,46.35008582850651],[25.474597201850628,46.34837005221914],[25.469626498222766,46.34568448933453],[25.47149051208322,46.34523689552043],[25.47138695575765,46.34396871304716],[25.468694491292553,46.34396871304716],[25.46734825906003,46.344863900675364],[25.461445548501956,46.339791170782235],[25.459995759943837,46.33658341511452],[25.45937442199036,46.33874678521599],[25.460513541571743,46.341208551193546],[25.464034456641457,46.34352111923306],[25.46475935092053,46.347251067683885],[25.46755537171117,46.34971283366144],[25.467244702734433,46.35239839654602],[25.464552238269363,46.35441256870948],[25.464552238269363,46.35918690272655],[25.46620913947865,46.36179786664212],[25.466830477432126,46.36052968416885],[25.465484245199576,46.3589631058195],[25.46631269580422,46.358291715098346],[25.465794914176314,46.35560615221374],[25.468176709664647,46.353069787267174],[25.470040723525102,46.35336818314326],[25.474700758176198,46.35627754293489],[25.47449364552503,46.354934761492586]]],[[[25.465277132548408,46.35217459963897],[25.466002026827482,46.35239839654602],[25.466519808455388,46.35172700582487],[25.465691357850744,46.35165240685586],[25.465277132548408,46.35217459963897]]],[[[25.46372378766472,46.353517381081275],[25.464448681943793,46.3509064171657],[25.462481111757768,46.350831818196696],[25.462895337060075,46.353517381081275],[25.46372378766472,46.353517381081275]]],[[[25.619886726639265,46.339791170782235],[25.601971482313928,46.33218207594254],[25.588509159988547,46.33001870584104],[25.563241416547044,46.32681095017335],[25.54760441138447,46.33285346666369],[25.54729374240773,46.33128688831434],[25.545947510175182,46.33046629965514],[25.546465291803088,46.3265871532663],[25.542944376733374,46.32875052336777],[25.541183919198517,46.328004533677614],[25.53807722943111,46.32837752852268],[25.53807722943111,46.327034747080404],[25.525546914035942,46.32651255429727],[25.507321000733867,46.320992230590036],[25.500589839571177,46.32032083986891],[25.501004064873513,46.322409611001376],[25.50007205794327,46.32427458522679],[25.50266096608277,46.32770613780153],[25.50535343054787,46.32957111202697],[25.506078324826916,46.33285346666369],[25.50545698687344,46.33486763882712],[25.510324134175704,46.34352111923306],[25.511670366408225,46.34493849964437],[25.521404661012753,46.34963823469241],[25.5247184634313,46.355904548089825],[25.530206948687038,46.36112647592097],[25.530517617663776,46.36276765323933],[25.533002969477707,46.36470722643378],[25.53383142008235,46.36687059653525],[25.544083496314755,46.3743304934369],[25.545429728547305,46.37716525425955],[25.543979939989185,46.38253638002874],[25.54625817915192,46.38537114085136],[25.54874353096585,46.39305483466006],[25.553610678268114,46.397530772801076],[25.55972050147733,46.405811258361894],[25.558892050872686,46.416329712993246],[25.561998740640092,46.41715030165244],[25.562102296965662,46.41819468721866],[25.565623212035376,46.41849308309472],[25.566140993663282,46.42125324494833],[25.56520898673307,46.4237896098949],[25.568108563849307,46.426251375872454],[25.572768598500403,46.42826554803591],[25.57597884459338,46.43117490782754],[25.576289513570117,46.43333827792904],[25.57856775273288,46.43669523153477],[25.580638879244475,46.43818721091512],[25.583434900035115,46.44363293565331],[25.58374556901188,46.44296154493216],[25.58830204733738,46.442215555242],[25.596793666034955,46.44229015421101],[25.607770636546405,46.43915699751233],[25.614191128732358,46.43647143462772],[25.615744473616076,46.43565084596855],[25.6151231356626,46.4319208975177],[25.618436938081146,46.42848934494296],[25.622475634778766,46.426698969686555],[25.624236092313623,46.42319281814278],[25.61812626910441,46.41849308309472],[25.61812626910441,46.41521072845799],[25.617297818499765,46.41401714495373],[25.618229825429978,46.41073479031701],[25.615951586267244,46.40685564392814],[25.61781560012767,46.39835136146024],[25.617297818499765,46.388429698581035],[25.621025846220647,46.38365536456399],[25.621647184174122,46.381715791369544],[25.624236092313623,46.37917942642298],[25.627964120034505,46.37171952952133],[25.627653451057768,46.369406961481815],[25.62848190166241,46.36791498210147],[25.631692147755388,46.36687059653525],[25.6326241546856,46.365751612],[25.6326241546856,46.36373743983654],[25.626928556778694,46.353069787267174],[25.62081873356948,46.348966843971255],[25.619783170313696,46.345833687272574],[25.620093839290433,46.34396871304716],[25.62185429682529,46.341506947069604],[25.619886726639265,46.339791170782235]]]]}},{"type":"Feature","properties":{"shapeID":"2599482B17231771008992","shapeName":"BRADESTI","shapeGroup":"ROU","shapeType":"ADM2","parentID":"36066543B14518908529982","replaces":["2599482B17231771008992","2599482B45908659223453"],"redrawn":"geoBoundaries draws BRADESTI as 2 features, one of them labelled 'BRADESTI'; they are drawn here as the one unit they are."},"geometry":{"type":"MultiPolygon","coordinates":[[[[25.365759503666112,46.32017164193087],[25.362549257573136,46.32263340790843],[25.360063905759205,46.3235285955366],[25.354575420503465,46.320544636775935],[25.352918519294178,46.32061923574497],[25.350433167480276,46.32233501203234],[25.344116231619893,46.329645710995976],[25.338420633712985,46.33054089862418],[25.333139261108414,46.332555070787606],[25.333864155387488,46.3338232532609],[25.332932148457274,46.33516603470321],[25.334589049666533,46.33650881614551],[25.333967711713058,46.33747860274272],[25.336038838224653,46.3397165718132],[25.337074401480464,46.345833687272574],[25.332932148457274,46.34568448933453],[25.33262147948051,46.34904144294029],[25.331482359899155,46.35120481304176],[25.32847922645732,46.352025401700956],[25.330550352968913,46.35560615221374],[25.334485493340964,46.35441256870948],[25.33489971864327,46.35239839654602],[25.33645306352699,46.35366657901932],[25.33759218310837,46.3576949233462],[25.34069887287575,46.36254385633228],[25.340802429201347,46.364110434681635],[25.339559753294367,46.36425963261968],[25.341009541852486,46.370824341893126],[25.339663309619965,46.37656846250741],[25.34287355571294,46.37865723363987],[25.34297711203851,46.376643061476415],[25.344116231619893,46.37574787384821],[25.346808696084963,46.37574787384821],[25.349708273201202,46.37888103054692],[25.354886089480203,46.377389051166574],[25.356025209061585,46.37865723363987],[25.361617250642894,46.376866858383465],[25.362238588596398,46.377612848073625],[25.36876263710792,46.37746365013561],[25.375908023572947,46.374181295498886],[25.37839337538685,46.37380830065379],[25.380568058224043,46.37530028003411],[25.383364079014683,46.380447608896276],[25.385849430828614,46.382387182090696],[25.390095240177374,46.38223798415265],[25.392477035665735,46.38037300992724],[25.39164858506109,46.37776204601167],[25.389681014875066,46.37671766044545],[25.387195663061135,46.37380830065379],[25.386988550409995,46.37201792539739],[25.382949853712375,46.37007835220297],[25.37984316394497,46.36060428313786],[25.381396508828686,46.35747112643915],[25.380360945572875,46.35515855839964],[25.371972883200897,46.34881764603324],[25.370523094642778,46.3491160419093],[25.365241722038206,46.33807539449484],[25.36627728529399,46.33703100892862],[25.366380841619588,46.33516603470321],[25.36317059552661,46.32666175223531],[25.365138165712608,46.32375239244365],[25.365759503666112,46.32017164193087]]],[[[25.442184071944098,46.38156659343153],[25.438766713199954,46.37970161920609],[25.435970692409313,46.379776218175124],[25.43255333366517,46.38298397384284],[25.428928862269856,46.38402835940906],[25.420851468874616,46.38544573982037],[25.408424709805047,46.38387916147104],[25.403661118828353,46.38477434909922],[25.40272911189814,46.38663932332466],[25.403350449851615,46.390369271775484],[25.407389146549235,46.392532641876954],[25.40811404082831,46.39678478311089],[25.407596259200403,46.3999179398096],[25.40811404082831,46.40103692434485],[25.40542157636321,46.402603502694205],[25.409874498363166,46.40872061815355],[25.412981188130544,46.41110778516207],[25.415466539944475,46.41230136866636],[25.41898745501419,46.41550912433405],[25.425511503525712,46.41797089031161],[25.424993721897835,46.422596026390636],[25.42696129208383,46.42834014700492],[25.442494740920836,46.42147704185538],[25.446947662920763,46.417821692373565],[25.452125479199765,46.4157329212411],[25.464241569292625,46.4084968212465],[25.461549104827554,46.406482649083046],[25.45958153464153,46.40245430475616],[25.455853506920647,46.398798955274344],[25.45409304938579,46.39439761610237],[25.451711253897457,46.39215964703186],[25.448293895153313,46.391786652186795],[25.445394318037074,46.39022007383744],[25.442598297246406,46.38455055219217],[25.442701853572004,46.383133171780855],[25.444151642130123,46.382685577966754],[25.44456586743243,46.38156659343153],[25.442184071944098,46.38156659343153]]]]}},{"type":"Feature","properties":{"shapeID":"2599482B15077063893597","shapeName":"ION NECULCE","shapeGroup":"ROU","shapeType":"ADM2","parentID":"36066543B68152190067022","replaces":["2599482B15077063893597","2599482B50193316932914"],"redrawn":"geoBoundaries draws ION NECULCE as 2 features, one of them labelled 'ION NECULCE'; they are drawn here as the one unit they are."},"geometry":{"type":"MultiPolygon","coordinates":[[[[27.035605253642586,47.258104479376414],[27.03767638015418,47.256612499996066],[27.05020669554935,47.253479343297386],[27.052174265735374,47.24960019690852],[27.05383116694466,47.24930180103246],[27.054348948572567,47.24661623814785],[27.049481801270304,47.24572105051965],[27.050310251874947,47.24407987320129],[27.05548806815392,47.24534805567458],[27.056212962432994,47.24691463402391],[27.06335834889802,47.24885420721836],[27.066568594990997,47.24691463402391],[27.06895039047933,47.24788442062115],[27.070814404339757,47.24713843093096],[27.070917960665355,47.2490034051564],[27.073506868804856,47.249674795877525],[27.078063347130353,47.24303548763507],[27.084276726665166,47.236396179392585],[27.086244296851163,47.23773896083489],[27.08634785317676,47.24161810722376],[27.089972324572045,47.24228949794488],[27.09753193633938,47.2323678350657],[27.097946161641715,47.22983147011914],[27.100845738757954,47.229383876305036],[27.101052851409094,47.22692211032748],[27.09887816857193,47.226101521668284],[27.099292393874236,47.22326676084566],[27.101052851409094,47.22184938043435],[27.100845738757954,47.22058119796108],[27.099085281223097,47.22058119796108],[27.099085281223097,47.21841782785958],[27.100638626106786,47.21550846806795],[27.10281330894398,47.214016488687605],[27.105816442385787,47.21386729074956],[27.106437780339263,47.21289750415235],[27.104470210153238,47.2117785196171],[27.101881302013737,47.21274830621434],[27.099292393874236,47.207750175290215],[27.099188837548667,47.201036268078724],[27.092457676385976,47.20133466395478],[27.091111444153427,47.202229851582985],[27.083034050758187,47.19991728354347],[27.08396605768843,47.19857450210117],[27.05548806815392,47.1892496309741],[27.054556061223707,47.184176901080974],[27.05144937145633,47.18551968252328],[27.046996449456373,47.18298331757671],[27.04575377354942,47.180596150568164],[27.053520497967924,47.16769052892832],[27.054866730200445,47.1626923980042],[27.056316518758564,47.16164801243795],[27.057041413037638,47.15978303821254],[27.0566271877353,47.158141860894176],[27.057559194665544,47.15627688666876],[27.05538451182835,47.15605308976171],[27.0566271877353,47.150905760899576],[27.05528095550278,47.144415650595136],[27.05797341996785,47.13993971245415],[27.058491201595757,47.13449398771593],[27.057455638339945,47.13374799802577],[27.05538451182835,47.135016180499036],[27.05279560368885,47.13464318565397],[27.052070709409804,47.12666109596918],[27.042647083782015,47.129272059884755],[27.039540394014637,47.13113703411017],[27.03943683768904,47.13509077946807],[27.027838529224084,47.13538917534413],[27.02835631085199,47.138447733073804],[27.02587095903806,47.139342920702006],[27.02027891745675,47.14046190523726],[27.01893268522423,47.140088910392166],[27.011787298759202,47.142476077400715],[27.015722439131252,47.137477946476594],[27.015411770154486,47.1362097640033],[26.989419132433937,47.14329666605988],[26.984344872480506,47.14307286915283],[26.982998640247985,47.14404265575004],[26.98361997820146,47.144937843378244],[26.981652408015435,47.15060736502352],[26.982791527596817,47.15150255265172],[26.981341739038697,47.155754693885655],[26.980513288434054,47.162244804190095],[26.977303042341077,47.16880951346354],[26.98072040108522,47.17708999902439],[26.981341739038697,47.18134214025835],[26.982998640247985,47.18335631242178],[26.990972477317626,47.18813064643885],[26.98921201978277,47.19432236086723],[26.99853208908496,47.19327797530099],[27.004745468619774,47.1951429495264],[27.007127264108107,47.19484455365034],[27.008473496340656,47.19708252272085],[27.01748289666611,47.202229851582985],[27.023903388852062,47.20334883611824],[27.025249621084583,47.20208065364494],[27.03933328136347,47.20857076394941],[27.042750640107613,47.20901835776348],[27.041507964200633,47.21051033714383],[27.041404407875063,47.2122261134312],[27.04710000578197,47.212076915493185],[27.047721343735446,47.21416568662565],[27.045339548247114,47.21558306703696],[27.034673246712373,47.21580686394401],[27.03104877531706,47.214986275284815],[27.0293918741078,47.21580686394401],[27.02286782559625,47.22453494331896],[27.02307493824742,47.22595232373027],[27.02027891745675,47.22833949073879],[27.03249856387518,47.23117425156141],[27.02711363494504,47.240946716502606],[27.01479043220101,47.258552073190515],[27.014065537921965,47.26086464123003],[27.01479043220101,47.26228202164134],[27.02027891745675,47.258104479376414],[27.028563423503158,47.268921329883824],[27.03343057080542,47.26280421442445],[27.035605253642586,47.258104479376414]]],[[[26.976474591736434,47.24161810722376],[26.9766817043876,47.24079751856456],[26.96736163508541,47.238111955679955],[26.979995506806148,47.22759350104863],[26.97844216192246,47.22669831342043],[26.980306175782914,47.223863552597805],[26.981652408015435,47.2148370773468],[26.982791527596817,47.212599108276294],[26.979891950480578,47.21155472271005],[26.97440346522484,47.21655285363417],[26.9715038881086,47.21744804126237],[26.97015765587608,47.219313015487785],[26.967775860387718,47.22013360414698],[26.966740297131935,47.21946221342583],[26.963633607364528,47.219835208270894],[26.959077129039002,47.221476385589256],[26.95938779801574,47.22259537012451],[26.957006002527407,47.22378895362877],[26.96083758657386,47.22684751135847],[26.95928424169017,47.22878708455289],[26.964462057969172,47.240499122688504],[26.964047832666836,47.240946716502606],[26.967775860387718,47.2450496597985],[26.969536317922575,47.2463924412408],[26.97140033178303,47.24661623814785],[26.97264300768998,47.24997319175361],[26.974817690527175,47.25064458247476],[26.984241316154936,47.24281169072802],[26.976474591736434,47.24161810722376]]]]}},{"type":"Feature","properties":{"shapeID":"2599482B74723640056211","shapeName":"CERNICA","shapeGroup":"ROU","shapeType":"ADM2","parentID":"36066543B58098055223766","replaces":["2599482B74723640056211","2599482B48526584820869","2599482B98677359077398","2599482B37635492647761"],"redrawn":"geoBoundaries draws CERNICA as 4 features, one of them labelled 'CERNICA' and 'CERNICA' and 'CERNICA'; they are drawn here as the one unit they are."},"geometry":{"type":"MultiPolygon","coordinates":[[[[26.3310080143967,44.371721170186646],[26.314231889652746,44.36179950730744],[26.318063473699198,44.35963613720594],[26.32189505774565,44.361874106276446],[26.32293062100146,44.36082972071023],[26.305947383606338,44.350833458861985],[26.301908686908746,44.35411581349874],[26.297973546536696,44.351803245459195],[26.295281082071625,44.353220625870534],[26.28668590704848,44.3459099269069],[26.281922316071814,44.348670088760514],[26.285961012769434,44.35292222999445],[26.258829255467475,44.365529455758264],[26.260486156676762,44.3706767846204],[26.26235017053719,44.385745776361745],[26.262764395839525,44.39074390728587],[26.261211050955808,44.39037091244077],[26.261728832583714,44.39790540831146],[26.26493907867669,44.3980546062495],[26.264214184397645,44.405216107275095],[26.28678946337405,44.40514150830606],[26.28792858295543,44.40245594542148],[26.28782502662986,44.39865139800162],[26.298284215513434,44.39902439284671],[26.29621308900184,44.39477225161275],[26.296627314304146,44.393205673263424],[26.299734004071553,44.38977412068866],[26.30418692607148,44.389848719657664],[26.30957185500165,44.39178829285211],[26.312885657420196,44.39022171450276],[26.31371410802484,44.3886551361534],[26.311746537838815,44.384030000074375],[26.311746537838815,44.381866629972905],[26.31474967128065,44.37179576915565],[26.321480832443342,44.372019566062704],[26.32727998667582,44.37470512894731],[26.3284191062572,44.374182936164175],[26.32686576137351,44.37306395162895],[26.3310080143967,44.371721170186646]]],[[[26.34881970239644,44.40700648253147],[26.346541463233677,44.40491771139901],[26.34612723793137,44.40290353923558],[26.347887695466227,44.40029257531998],[26.346852132210415,44.398949793877705],[26.34198498490818,44.397532413466365],[26.338774738815204,44.40193375263834],[26.3232412899782,44.396115033055054],[26.33276847193156,44.3890281309985],[26.3310080143967,44.3894757248126],[26.32458752221075,44.387163156773084],[26.32686576137351,44.38462679182652],[26.32168794509451,44.38529818254764],[26.320031043885223,44.38649176605193],[26.320755938164268,44.38925192790555],[26.318270586350366,44.39432465779868],[26.318374142675935,44.3967118248072],[26.31651012881551,44.399919580474915],[26.313403439048102,44.40148615882427],[26.31071097458303,44.40021797635097],[26.309157629699342,44.401113163979176],[26.309778967652818,44.402306747483436],[26.307914953792363,44.40491771139901],[26.30677583421098,44.40447011758491],[26.306050939931936,44.4061112949033],[26.304911820350554,44.40626049284131],[26.305740270955198,44.408647659849834],[26.305326045652862,44.41140782170345],[26.30801851011796,44.41237760830069],[26.31247143211789,44.41924071345019],[26.313921220676008,44.41856932272904],[26.317131466768984,44.420135901078396],[26.31764924839689,44.41931531241923],[26.319720374908485,44.41998670314038],[26.327901324629295,44.425208630971525],[26.332250690303653,44.42364205262217],[26.346334350582538,44.42774499591809],[26.349544596675514,44.42341825571512],[26.34871614607087,44.421105687675606],[26.345505899977894,44.42080729179955],[26.35037304728013,44.413645790773955],[26.350890828908035,44.41155701964149],[26.34881970239644,44.40700648253147]]],[[[26.26369640276974,44.41043803510624],[26.260071931374426,44.40924445160198],[26.252512319607092,44.416555150565614],[26.242778025002593,44.41543616603036],[26.242363799700257,44.41312359799085],[26.238842884630543,44.413421993866905],[26.238532215653805,44.41237760830069],[26.231593941839947,44.41312359799085],[26.218131619514566,44.412676004176745],[26.217717394212258,44.417002744379715],[26.218235175840135,44.41864392169808],[26.22144542193311,44.41812172891494],[26.224034330072612,44.42416424540531],[26.220824083979636,44.42550702684758],[26.221341865607542,44.42662601138284],[26.22279165416566,44.42632761550678],[26.22558767495633,44.432444730966125],[26.226623238212113,44.429535371174495],[26.229108590026044,44.428789381484336],[26.23242239244459,44.4304305588027],[26.234597075281783,44.433638314470414],[26.237185983421284,44.43490649694368],[26.23925710993288,44.43490649694368],[26.239774891560756,44.43251932993516],[26.24194957439795,44.4308781526168],[26.245159820490926,44.43057975674071],[26.246816721700213,44.43110194952385],[26.24878429188624,44.43311612168728],[26.25013052411876,44.43319072065631],[26.253754995514072,44.4291623763294],[26.25686168528145,44.42789419385613],[26.261314607281406,44.4282671887012],[26.26379995909531,44.42453724025037],[26.26908133169988,44.424015047467265],[26.267320874165023,44.41983750520234],[26.264317740723214,44.41618215572052],[26.264007071746477,44.41372038974296],[26.26504263500229,44.41178081654854],[26.268770662723142,44.41013963923018],[26.267113761513883,44.40879685778788],[26.26369640276974,44.41043803510624]]],[[[26.286168125420573,44.41536156706135],[26.284304111560147,44.41409338458806],[26.284304111560147,44.41327279592889],[26.28233654137412,44.41312359799085],[26.281818759746216,44.41446637943315],[26.277676506723026,44.41759953613183],[26.274984042257955,44.418196327883976],[26.2758124928626,44.42408964643627],[26.27436270430448,44.42625301653777],[26.27011689495569,44.429759168081546],[26.268667106397572,44.43013216292661],[26.265560416630166,44.428789381484336],[26.264110628072046,44.429535371174495],[26.26359284644417,44.43259392890417],[26.26773509946736,44.43475729900564],[26.273223584723098,44.43020676189565],[26.275708936537,44.42722280313498],[26.276123161839337,44.42505943303351],[26.28119742179274,44.42244846911791],[26.279229851606715,44.421105687675606],[26.284304111560147,44.41909151551218],[26.285961012769434,44.41938991138824],[26.288964146211242,44.41730114025577],[26.28658235072291,44.41685354644167],[26.286168125420573,44.41536156706135]]]]}},{"type":"Feature","properties":{"shapeID":"2599482B53836836172440","shapeName":"GRUIA","shapeGroup":"ROU","shapeType":"ADM2","parentID":"36066543B11233778748537","replaces":["2599482B53836836172440","2599482B33990588848115"],"redrawn":"geoBoundaries draws GRUIA as 2 features, one of them labelled 'GRUIA'; they are drawn here as the one unit they are."},"geometry":{"type":"MultiPolygon","coordinates":[[[[22.82262326007401,44.260270310475846],[22.792177700353506,44.2703411712931],[22.803258227190554,44.28451497540624],[22.80646847328353,44.283619787778036],[22.814028085050865,44.293541450657244],[22.826454844120462,44.28928930942331],[22.820759246213584,44.28287379808788],[22.823555267004224,44.28182941252166],[22.82106991519032,44.2784724589159],[22.836603364027297,44.27310133314671],[22.831218435097156,44.26586523315211],[22.827801076353012,44.26705881665637],[22.82262326007401,44.260270310475846]]],[[[22.68603246663406,44.250870840379775],[22.68623957928523,44.25974811769274],[22.68334000216899,44.27101256201425],[22.678783523843464,44.27817406303984],[22.676091059378393,44.28093422489346],[22.670499017797084,44.284589574375275],[22.66035049789025,44.288916314578216],[22.651133984913628,44.29093048674167],[22.626694692076768,44.29190027333888],[22.604430082077073,44.29577941972775],[22.5939708931935,44.29898717539547],[22.593660224216762,44.30391070735055],[22.589207302216835,44.308908838274675],[22.593453111565594,44.31099760940714],[22.60619053961193,44.32397783001602],[22.614475045658338,44.33158692485571],[22.616546172169933,44.33240751351491],[22.62234532640241,44.33091553413456],[22.625969797797694,44.33136312794866],[22.62793736798372,44.33263131042196],[22.646473950262532,44.326215799086526],[22.653205111425223,44.33367569598818],[22.648959302076463,44.337331045469995],[22.650305534308984,44.338524628974255],[22.651548210215964,44.338300832067205],[22.65620824486706,44.34352275989838],[22.658175815053056,44.34411955165049],[22.677230178959775,44.33897222278836],[22.678887080169062,44.33748024340804],[22.674537714494704,44.33464548258539],[22.677540847936513,44.33382489392622],[22.70115169016873,44.321441465069455],[22.70084102119199,44.314951354765014],[22.709332639889567,44.31383237022976],[22.708193520308185,44.3054026867309],[22.721759398959136,44.30077755065187],[22.720102497749878,44.29742059704611],[22.73615372821476,44.2964508104489],[22.742263551423974,44.305551884668915],[22.764942386725977,44.297569794984156],[22.73863908002869,44.26377646201965],[22.735118164958948,44.26668582181128],[22.7143033435174,44.258629133157484],[22.713889118215064,44.257659346560274],[22.71057531579652,44.256391164087006],[22.710057534168612,44.25706255480813],[22.703326373005922,44.2546007888306],[22.70104813384316,44.25445159089256],[22.69970190161061,44.25579437233486],[22.69555964858742,44.25482458573765],[22.692038733517705,44.25027404862763],[22.68603246663406,44.250870840379775]]]]}},{"type":"Feature","properties":{"shapeID":"2599482B90638587736477","shapeName":"BRANCOVENESTI","shapeGroup":"ROU","shapeType":"ADM2","parentID":"36066543B31003852704017","replaces":["2599482B90638587736477","2599482B13448214050806"],"redrawn":"geoBoundaries draws BRANCOVENESTI as 2 features, one of them labelled 'BRANCOVENESTI'; they are drawn here as the one unit they are."},"geometry":{"type":"MultiPolygon","coordinates":[[[[24.875213189393946,46.840350252883525],[24.863097099301086,46.84572137865271],[24.851188121859394,46.84788474875421],[24.844456960696704,46.846616566280915],[24.843007172138584,46.848033946692226],[24.837829355859583,46.85012271782469],[24.834515553441037,46.85027191576273],[24.826955941673702,46.84669116524992],[24.82333147027839,46.84631817040486],[24.82208879437144,46.845124586900596],[24.810904711208792,46.84497538896255],[24.809247809999533,46.8447515920555],[24.808005134092554,46.843483409582234],[24.80551978227865,46.8438564044273],[24.798685064790362,46.842737419892046],[24.79775305786015,46.844900789993545],[24.798167283162456,46.84646736834287],[24.79733883255784,46.85101790545289],[24.79485348074391,46.85101790545289],[24.792575241581147,46.85250988483324],[24.79091834037186,46.85079410854584],[24.790089889767245,46.85176389514305],[24.79071122772072,46.85295747864734],[24.783255172278956,46.854076463182565],[24.785844080418457,46.858179406478484],[24.78936499548817,46.85847780235454],[24.793196579534623,46.863177537402606],[24.800756191301957,46.861312563177194],[24.802205979860076,46.86019357864194],[24.809351366325103,46.863475933278664],[24.811318936511128,46.86571390234917],[24.81411495730177,46.866832886884424],[24.816186083813363,46.86981684564509],[24.823952808231866,46.8716818198705],[24.827059497999272,46.87145802296345],[24.829027068185297,46.869518449769004],[24.830580413068986,46.8690708559549],[24.83845069381306,46.87384518997197],[24.85833350832442,46.87183101780852],[24.861750867068537,46.87324839821983],[24.862165092370873,46.87608315904248],[24.8640291062313,46.87876872192706],[24.866410901719632,46.879067117803146],[24.87096738004516,46.88123048790462],[24.87593808367299,46.87996230543132],[24.883911920742662,46.87988770646231],[24.89240353944021,46.87779893532985],[24.89789202469595,46.87459117966213],[24.89768491204478,46.87339759615787],[24.89934181325407,46.87227861162262],[24.905140967486545,46.87198021574656],[24.91125079069576,46.869220053892946],[24.91787839553288,46.86966764770705],[24.92233131753281,46.86839946523375],[24.931962055811738,46.86936925183099],[24.93455096395124,46.8712342260564],[24.94387103325343,46.87391978894098],[24.94511370916041,46.87511337244524],[24.945424378137147,46.87794813326789],[24.946874166695267,46.87914171677215],[24.946149272416193,46.88123048790462],[24.9492559621836,46.88384145182019],[24.94894529320686,46.885855623983645],[24.951430645020764,46.8861540198597],[24.95329465888122,46.8852588322315],[24.96012937636948,46.88443824357233],[24.96541074897405,46.885333431200536],[24.967378319160076,46.88675081161185],[24.97079567790422,46.88600482192169],[24.969863670974007,46.88048449821446],[24.96810321343915,46.8780227322369],[24.968413882415888,46.87638155491854],[24.966342755904293,46.87444198172412],[24.96520363632291,46.87190561677755],[24.960232932695078,46.8707866322423],[24.95464089111374,46.86720588172949],[24.954123109485863,46.86556470441113],[24.948116842602218,46.86362513121671],[24.942110575718573,46.85661282812913],[24.93558652720705,46.85855240132358],[24.931858499486168,46.85825400544749],[24.925438007300215,46.851540098236],[24.91528948739338,46.85079410854584],[24.907626319300448,46.84236442504698],[24.90338050995169,46.84258822195403],[24.901516496091233,46.843931003396335],[24.898202693672687,46.8447515920555],[24.887847061114684,46.843707206489285],[24.88142656892873,46.84072324772862],[24.875213189393946,46.840350252883525]]],[[[24.77321020869769,46.86832486626474],[24.768653730372193,46.86481871472097],[24.769792849953575,46.85952218792079],[24.768343061395456,46.85728421885028],[24.768343061395456,46.8541510621516],[24.76637549120943,46.84728795700207],[24.764200808372237,46.84482619102451],[24.762958132465286,46.84169303432583],[24.75684830925607,46.83855987762712],[24.756641196604903,46.836023512680555],[24.75829809781419,46.83132377763252],[24.757780316186285,46.83035399103531],[24.750945598698024,46.82774302711971],[24.74887447218643,46.82475906835907],[24.745767782419023,46.830204793097266],[24.741832642046973,46.83177137144662],[24.74058996614002,46.83497912711434],[24.74348954325626,46.8361727106186],[24.741625529395833,46.83729169515385],[24.74235042367488,46.84169303432583],[24.74100419144233,46.842737419892046],[24.74338598693069,46.84408020133435],[24.734790811907544,46.848033946692226],[24.736240600465663,46.849749722979624],[24.733133910698257,46.850719509576834],[24.733651692326163,46.85131630132895],[24.730545002558756,46.85273368174029],[24.730545002558756,46.856985822974224],[24.72174271488447,46.85952218792079],[24.723399616093758,46.86123796420816],[24.722881834465852,46.86243154771245],[24.723813841396066,46.86399812606177],[24.721121376930995,46.86407272503081],[24.719568032047306,46.86086496936309],[24.716668454931067,46.858925396168644],[24.714183103117136,46.858403203385535],[24.701031449768493,46.858627000292586],[24.69316116902442,46.85967138585883],[24.6936789506523,46.85735881781932],[24.686430007861702,46.85609063534602],[24.684773106652443,46.85735881781932],[24.685808669908226,46.858403203385535],[24.684876662978013,46.85929839101374],[24.68239131116411,46.85907459410669],[24.68104507893156,46.86123796420816],[24.685601557257087,46.86205855286735],[24.692539831070917,46.86690748585343],[24.692539831070917,46.868474064202786],[24.68787979641982,46.868548663171794],[24.68384109972223,46.86966764770705],[24.681769973210606,46.86929465286195],[24.67742060753625,46.865863100287186],[24.67296768553632,46.8690708559549],[24.67327835451306,46.870712033273264],[24.672449903908415,46.87302460131278],[24.67317479818749,46.87481497656918],[24.68094152260599,46.88205107656378],[24.682805536466418,46.88712380645691],[24.68125219158273,46.88906337965136],[24.679181065071106,46.88809359305415],[24.679388177722274,46.890182364186614],[24.67576370632699,46.89048076006267],[24.675245924699084,46.89219653635004],[24.672657016559583,46.89339011985433],[24.672657016559583,46.89458370335859],[24.674106805117702,46.896896271398106],[24.676177931629297,46.898388250778424],[24.67969884669901,46.89831365180942],[24.680734409954823,46.89734386521221],[24.680734409954823,46.8960010837699],[24.685912226233825,46.895702687893845],[24.687154902140776,46.89458370335859],[24.691607824140704,46.89391231263744],[24.691297155163966,46.89532969304875],[24.68932958497794,46.895926484800896],[24.690261591908182,46.89697087036711],[24.68932958497794,46.89853744871647],[24.69730342204761,46.897120068305156],[24.696992753070873,46.899581834282685],[24.69585363348949,46.89943263634467],[24.695439408187156,46.90122301160105],[24.702274125675444,46.90301338685745],[24.702999019954518,46.90457996520681],[24.709108843163733,46.90204360026024],[24.710247962745115,46.902714990981394],[24.714493772093874,46.902714990981394],[24.71511511004735,46.90353557964056],[24.724952960977447,46.903684777578604],[24.72837031972159,46.9112938724183],[24.745560669767855,46.90577354871107],[24.75425940111657,46.909727294068944],[24.754984295395644,46.910622481697146],[24.75301672520962,46.91226365901551],[24.753638063163095,46.914277831178964],[24.751152711349164,46.91420323220996],[24.746492676698068,46.91659039921848],[24.74214331102371,46.9194251600411],[24.742557536326046,46.92084254045241],[24.75022070441895,46.91800777962979],[24.754777182744476,46.91532221674518],[24.757573203535145,46.914501628086015],[24.760576336976953,46.915247617776174],[24.763165245116454,46.91338264355076],[24.77341732134886,46.91659039921848],[24.772692427069813,46.912562054891595],[24.77321020869769,46.9117414662324],[24.779216475581336,46.90913050231683],[24.779630700883672,46.90734012706042],[24.77704179274417,46.905848147680075],[24.78159827106967,46.904878361082865],[24.785740524092887,46.905400553866],[24.78687964367424,46.9040577724237],[24.791436121999766,46.906071944587126],[24.787500981627744,46.90957809613093],[24.787086756325408,46.91144307035634],[24.788432988557958,46.91203986210846],[24.78677608734867,46.91412863324092],[24.78957210813934,46.915695211590275],[24.79474992441834,46.9104732837591],[24.797960170511317,46.91196526313945],[24.801066860278695,46.91099547654224],[24.802413092511244,46.90838451262664],[24.80013485334848,46.90599734561812],[24.803759324743794,46.90398317345466],[24.80551978227865,46.90547515283501],[24.808937141022767,46.903684777578604],[24.810594042232054,46.900999214694],[24.813493619348293,46.903908574485655],[24.81773942869708,46.90301338685745],[24.81525407688315,46.90211819922925],[24.81411495730177,46.90032782397287],[24.815564745859888,46.899805631189736],[24.814736295255244,46.89823905284041],[24.807798021441414,46.89271872913318],[24.803552212092626,46.89077915593873],[24.8015846419066,46.887571400271014],[24.794646368092742,46.88622861882874],[24.79081478404629,46.8865270147048],[24.78159827106967,46.87682914873264],[24.77755957437205,46.87735134151575],[24.772795983395383,46.87145802296345],[24.77321020869769,46.86832486626474]]]]}},{"type":"Feature","properties":{"shapeID":"2599482B40977514976433","shapeName":"SANTANA DE MURES","shapeGroup":"ROU","shapeType":"ADM2","parentID":"36066543B31003852704017","replaces":["2599482B40977514976433","2599482B65561652185041"],"redrawn":"geoBoundaries draws SANTANA DE MURES as 2 features, one of them labelled 'SANTANA DE MURES'; they are drawn here as the one unit they are."},"geometry":{"type":"MultiPolygon","coordinates":[[[[24.492572566376083,46.584401190187606],[24.489983658236582,46.59029450873993],[24.492158341073747,46.593278467500596],[24.49309034800396,46.598351197393725],[24.490708552515628,46.60170815099946],[24.491122777817964,46.604841307698166],[24.492676122701653,46.60812366233489],[24.49454013656208,46.608496657179984],[24.50365309321313,46.607526870582745],[24.508520240515395,46.60603489120243],[24.512869606189753,46.6014097551234],[24.519600767352443,46.60066376543324],[24.52270745711982,46.599097187083885],[24.53078485051506,46.59827659842469],[24.53254530804992,46.594248254097806],[24.535237772515018,46.59133889430615],[24.534098652933636,46.59044370667797],[24.535341328840587,46.587758143793366],[24.537205342701014,46.58604236750597],[24.537205342701014,46.5852217788468],[24.530474181538324,46.584177393280555],[24.52964573093368,46.58455038812565],[24.530163512561586,46.586788357196156],[24.52829949870116,46.587012154103206],[24.524467914654707,46.58574397162991],[24.518461647771062,46.587534346886315],[24.51856520409663,46.586340763382054],[24.51732252818968,46.585147179877794],[24.512662493538585,46.587012154103206],[24.50914157846887,46.586116966475004],[24.509038022143272,46.58484878400171],[24.507588233585153,46.583431403590396],[24.504688656468915,46.58507258090876],[24.5037566495387,46.586564560289105],[24.501685523027106,46.58596776853696],[24.50137485405037,46.584401190187606],[24.4985788332597,46.58313300771434],[24.494229467585342,46.5835060025594],[24.492572566376083,46.584401190187606]]],[[[24.598821356421098,46.617150137585895],[24.60275649679312,46.61647874686474],[24.60379206004893,46.61371858501113],[24.60151382088617,46.61252500150687],[24.599546250700143,46.612823397382925],[24.596853786235073,46.61468837160834],[24.59467910339788,46.61386778294917],[24.594368434421142,46.61267419944491],[24.596646673583905,46.60782526645883],[24.59602533563043,46.60640788604752],[24.592297307909547,46.60566189635733],[24.5915724136305,46.60431911491506],[24.59209019525838,46.6014097551234],[24.58753371693288,46.6001415726501],[24.586601710002668,46.59872419223879],[24.586291041025902,46.59514344172601],[24.587015935304976,46.5937260613147],[24.592711533211883,46.59394985822175],[24.592918645863023,46.59223408193435],[24.588569280188665,46.589250123173684],[24.58649815367707,46.58455038812565],[24.57955987986321,46.58469958606369],[24.57821364763069,46.583207606683345],[24.577488753351616,46.58037284586072],[24.574589176235378,46.57940305926351],[24.569722028933114,46.57962685617056],[24.56868646567733,46.578880866480375],[24.56899713465407,46.576493699471854],[24.57127537381683,46.57209236029988],[24.5713789301424,46.56821321391101],[24.568065127723855,46.56097711391641],[24.56216241716578,46.5587391448459],[24.559780621677447,46.56112631185445],[24.557088157212377,46.56015652525721],[24.55667393191004,46.56530385411938],[24.557398826189115,46.567318026282805],[24.54983921442178,46.5676910211279],[24.550253439724088,46.56918300050825],[24.549528545445042,46.57037658401251],[24.550149883398518,46.57127177164071],[24.54714674995671,46.57343514174218],[24.54590407404973,46.57246535514497],[24.544040060189303,46.576717496378905],[24.542693827956754,46.57604610565775],[24.539794250840515,46.57686669431695],[24.542176046328876,46.580298246891715],[24.541451152049802,46.58380439843549],[24.538758687584732,46.58648996132007],[24.53492710353828,46.596187827292226],[24.537412455352182,46.595068842757],[24.539897807166113,46.59805280151764],[24.54020847614285,46.600589166464204],[24.542797384282352,46.60506510460522],[24.54880365116597,46.60327472934881],[24.55946995270071,46.610660027281455],[24.55957350902628,46.613047194289976],[24.561851748189042,46.61297259532097],[24.572621606049353,46.60737767264473],[24.57272516237495,46.60842205821095],[24.571068261165664,46.608944250994085],[24.572518049723783,46.61021243346735],[24.57168959911914,46.6112568190336],[24.57282871870052,46.61580735614359],[24.572518049723783,46.6180453252141],[24.568582909351733,46.6193881066564],[24.56485488163088,46.61961190356345],[24.56205886084021,46.62304345613822],[24.563922874700637,46.62326725304527],[24.56485488163088,46.62237206541707],[24.568168684049425,46.62468463345658],[24.56754734609595,46.626773404589045],[24.561437522886735,46.63080174891593],[24.564129987351805,46.63065255097791],[24.566615339165736,46.635426884994956],[24.569411359956376,46.63565068190201],[24.57158604279357,46.6343079004597],[24.573450056653996,46.62901137365952],[24.57541762684002,46.6274447953102],[24.58080255577019,46.62625121180591],[24.585773259398024,46.62274506026213],[24.59177952628164,46.621700674695916],[24.596128891956,46.62237206541707],[24.601824489862906,46.62184987263393],[24.598821356421098,46.617150137585895]]]]}},{"type":"Feature","properties":{"shapeID":"2599482B53428634835124","shapeName":"VADASTRITA","shapeGroup":"ROU","shapeType":"ADM2","parentID":"36066543B87560711020488","replaces":["2599482B53428634835124","2599482B28547583336437"],"redrawn":"geoBoundaries draws VADASTRITA as 2 features, one of them labelled 'VADASTRITA'; they are drawn here as the one unit they are."},"geometry":{"type":"MultiPolygon","coordinates":[[[[24.34707592893625,43.809767136584696],[24.347179485261847,43.810811522150914],[24.270237135355956,43.82990885821917],[24.27489717000705,43.839905120067385],[24.28867016130917,43.83647356749262],[24.293330195960266,43.84646982934086],[24.307103187262413,43.843038276766094],[24.3159054749367,43.860643633454],[24.31952994633201,43.869595509736],[24.32129040386687,43.86996850458107],[24.34293367591306,43.8674321396345],[24.359813356982585,43.85922625304269],[24.366233849168538,43.85862946129055],[24.366026736517398,43.856242294282026],[24.371929447075445,43.85609309634398],[24.37099744014523,43.848111006659224],[24.386427332656638,43.84758881387609],[24.384356206145043,43.806932375762045],[24.34707592893625,43.809767136584696]]],[[[24.256567700379406,43.83334041079394],[24.222704781914757,43.84169549532379],[24.227468372891423,43.85154255923399],[24.261124178704904,43.843262073673145],[24.256567700379406,43.83334041079394]]]]}},{"type":"Feature","properties":{"shapeID":"2599482B8839717617259","shapeName":"RACSA","shapeGroup":"ROU","shapeType":"ADM2","parentID":"36066543B37248446823778","replaces":["2599482B8839717617259","2599482B77905945866588"],"redrawn":"geoBoundaries draws RACSA as 2 features, one of them labelled 'RACSA'; they are drawn here as the one unit they are."},"geometry":{"type":"MultiPolygon","coordinates":[[[[23.353142316020012,47.77708950682481],[23.347446718113133,47.77776089754596],[23.342786683462037,47.77731330373186],[23.341958232857394,47.7761197202276],[23.340404887973705,47.77589592332055],[23.330567037043608,47.77723870476285],[23.32197186202046,47.77507533466135],[23.318347390625178,47.77589592332055],[23.31120200416015,47.77492613672334],[23.310891335183413,47.776194319196605],[23.30882020867182,47.776194319196605],[23.307577532764867,47.77902908001923],[23.308198870718343,47.77947667383333],[23.308198870718343,47.7829082264081],[23.309441546625294,47.784400205788444],[23.30871665234622,47.786041383106806],[23.3047815119742,47.787533362487125],[23.301571265881222,47.78984593052664],[23.298464576113815,47.789472935681545],[23.298050350811508,47.79051732124779],[23.29525433002084,47.7901443264027],[23.29225119657903,47.79081571712385],[23.283552465230315,47.79670903567617],[23.280756444439646,47.79700743155223],[23.280756444439646,47.80118497381716],[23.28272401462567,47.804840323298976],[23.286244929695386,47.805138719175034],[23.28562359174191,47.80789888102865],[23.293286759834814,47.809390860408996],[23.293286759834814,47.80730208927653],[23.298257463462647,47.80730208927653],[23.298153907137078,47.810136850099155],[23.309027321322986,47.81282241298376],[23.310891335183413,47.814015996488024],[23.307577532764867,47.81647776246555],[23.310269997229938,47.81841733566],[23.310477109881106,47.82237108101788],[23.309130877648556,47.824832846995406],[23.31006288457877,47.82804060266312],[23.309234433974126,47.83266573874215],[23.312444680067102,47.832814936680194],[23.3125482363927,47.834754509874614],[23.34402935936899,47.83624648925496],[23.344961366299202,47.8422890057453],[23.340612000624844,47.84303499543546],[23.34112978225275,47.846317350072184],[23.34361513406668,47.84572055832007],[23.34920717564799,47.85340425212877],[23.352520978066536,47.856164413982384],[23.358216575973444,47.85400104388091],[23.353763653973516,47.84855531914269],[23.352417421740967,47.84572055832007],[23.35345298499678,47.84154301605514],[23.356456118438587,47.84236360471431],[23.36018414615947,47.8418414119312],[23.361633934717588,47.844079381001706],[23.365672631415208,47.8427365995594],[23.36422284285709,47.837813067604316],[23.366293969368684,47.83766386966627],[23.36691530732216,47.83624648925496],[23.366190413043086,47.83564969750282],[23.383794988391685,47.81349380370489],[23.378099390484778,47.81058444391326],[23.378306503135946,47.80789888102865],[23.379652735368495,47.80424353154683],[23.381516749228922,47.802900750104556],[23.3827594251359,47.80066278103405],[23.38431277001959,47.79603764495502],[23.389697698949732,47.79432186866762],[23.38980125527533,47.792531493411246],[23.390733262205543,47.791487107845],[23.390526149554375,47.78909994083648],[23.388972804670686,47.78619058104482],[23.39104393118228,47.77947667383333],[23.388247910391613,47.77917827795727],[23.385141220624234,47.77992426764743],[23.383691432066115,47.77880528311218],[23.371575341973255,47.779551272802365],[23.365983300391946,47.77850688723612],[23.36298016695011,47.77708950682481],[23.36153037839199,47.7752991315684],[23.353867210299086,47.77410554806414],[23.353142316020012,47.77708950682481]]],[[[23.260666517277144,47.86041655521632],[23.262219862160833,47.86235612841077],[23.263358981742215,47.86198313356567],[23.26543010825381,47.860192758309296],[23.26832968537005,47.859745164495195],[23.27050436820724,47.856388210889435],[23.276510635090858,47.8521360696555],[23.280756444439646,47.85071868924419],[23.287487605602337,47.85064409027515],[23.283863134207053,47.84646654801023],[23.27236838206767,47.85019649646105],[23.271125706160717,47.851837673779414],[23.268640354346786,47.84780932945253],[23.265637220904978,47.84825692326663],[23.263566094393383,47.85176307481041],[23.261702080532928,47.8530312572837],[23.261080742579452,47.855642221199275],[23.255281588346975,47.857134200579594],[23.250828666347047,47.85392644491188],[23.245650850068046,47.858103987176804],[23.244822399463402,47.85959596655715],[23.25051799737031,47.86429570160519],[23.252382011230736,47.864071904698136],[23.25445313774236,47.86534008717143],[23.260666517277144,47.86041655521632]]]]}},{"type":"Feature","properties":{"shapeID":"2599482B43386440731502","shapeName":"SANISLAU","shapeGroup":"ROU","shapeType":"ADM2","parentID":"36066543B37248446823778","replaces":["2599482B43386440731502","2599482B60287900413907"],"redrawn":"geoBoundaries draws SANISLAU as 2 features, one of them labelled 'SANISLAU'; they are drawn here as the one unit they are."},"geometry":{"type":"MultiPolygon","coordinates":[[[[22.199214180082777,47.63624665332148],[22.203356433105995,47.654821796606626],[22.211744495477973,47.65392660897842],[22.21640453012907,47.6583279481504],[22.22189301538478,47.662057896601226],[22.220132557849922,47.66369907391959],[22.222100128035947,47.66653383474221],[22.22282502231502,47.68272181101881],[22.226035268407998,47.68794373884998],[22.2311095283614,47.69331486461917],[22.24177582989614,47.69517983884458],[22.25409903264014,47.69495604193753],[22.255963046500597,47.696522620286885],[22.256377271802904,47.69786540172919],[22.258966179942405,47.69808919863624],[22.269943150453884,47.69622422441083],[22.271082270035265,47.68108063370045],[22.265386672128358,47.68122983163849],[22.265490228453956,47.680633039886345],[22.269839594128314,47.6732477419537],[22.27191072063991,47.671233569790274],[22.27594941733753,47.66914479865781],[22.281748571570006,47.66742902237041],[22.291068640872197,47.666906829587305],[22.29490022491865,47.66444506360975],[22.30711987133708,47.65952153165466],[22.322135538546178,47.657283562584155],[22.329488037662344,47.65489639557563],[22.333319621708796,47.65183783784596],[22.33559786087156,47.65273302547416],[22.336426311476202,47.65071885331071],[22.36511141366185,47.64251296671887],[22.367078983847875,47.643035159502006],[22.386133347754566,47.63691804404263],[22.382094651056946,47.63154691827344],[22.383855108591803,47.63132312136639],[22.366975427522277,47.61744771312931],[22.35827669617356,47.616104931687005],[22.332180502127414,47.60275171623303],[22.32058219366246,47.607675248188144],[22.303806068918533,47.61170359251503],[22.299767372220913,47.61356856674044],[22.29086152822103,47.6147621502447],[22.287547725802483,47.616030332718],[22.276777867942172,47.61796990591242],[22.26486889050048,47.61841749972652],[22.2336984365009,47.62736937600852],[22.21909699459414,47.62818996466768],[22.20822358040823,47.63550066363132],[22.20252798250135,47.635127668786254],[22.199214180082777,47.63624665332148]]],[[[22.37080701156873,47.65161404093891],[22.397938768870688,47.66757822030846],[22.402495247196214,47.66369907391959],[22.40435926105664,47.65086805124875],[22.395660529707925,47.64363195125412],[22.37080701156873,47.65161404093891]]]]}},{"type":"Feature","properties":{"shapeID":"2599482B24946279921532","shapeName":"SIBIU","shapeGroup":"ROU","shapeType":"ADM2","parentID":"36066543B78296944586190","replaces":["2599482B24946279921532","2599482B4700394891348"],"redrawn":"geoBoundaries draws SIBIU as 2 features, one of them labelled 'SIBIU'; they are drawn here as the one unit they are."},"geometry":{"type":"MultiPolygon","coordinates":[[[[23.934714640476955,45.66944483519919],[23.93243640131419,45.67347317952607],[23.93409330252348,45.675039757875425],[23.935646647407168,45.67459216406132],[23.935439534756,45.67347317952607],[23.93937467512805,45.67138440839361],[23.939167562476882,45.67063841870345],[23.941445801639645,45.66966863210624],[23.937717773918763,45.66504349602721],[23.9381319992211,45.663476917677855],[23.936371541686242,45.66168654242145],[23.935439534756,45.65944857335097],[23.935646647407168,45.65706140634242],[23.933679077221143,45.65459964036489],[23.935853760058336,45.651466483666184],[23.940306682058264,45.650944290883075],[23.941135132662907,45.65221247335634],[23.943206259174502,45.65198867644929],[23.940203125732694,45.64363359191944],[23.944138266104716,45.64214161253912],[23.945898723639573,45.642290810477135],[23.9433098155001,45.63841166408827],[23.94217069591872,45.638187867181216],[23.940099569407096,45.63572610120369],[23.936164429035074,45.634084923885325],[23.92715502870962,45.63438331976138],[23.927879922988666,45.63565150223468],[23.92974393684912,45.636248293986796],[23.935646647407168,45.63662128883189],[23.93823555554667,45.63900845584041],[23.930572387453765,45.6439319877955],[23.930261718477027,45.64505097233075],[23.931607950709548,45.646617550680105],[23.93129728173281,45.647811134184366],[23.92850126094217,45.64863172284356],[23.926326578104977,45.65519643211701],[23.92446256424455,45.657434401187516],[23.923841226291046,45.65974696922703],[23.922391437732927,45.66049295891719],[23.922184325081787,45.66258173004965],[23.925394571174763,45.6614627455144],[23.92850126094217,45.66340231870885],[23.928087035639834,45.66496889705817],[23.933575520895573,45.664446704275065],[23.937717773918763,45.66623707953147],[23.937407104942025,45.66810205375688],[23.934714640476955,45.66944483519919]]],[[[24.14793711484603,45.771794620689946],[24.147108664241415,45.77015344337158],[24.14244862959032,45.767766276363034],[24.14514109405539,45.76321573925304],[24.140584615729864,45.76284274440795],[24.140481059404294,45.75597963925841],[24.13965260879965,45.75314487843579],[24.1357174684276,45.747251559883466],[24.13551035577646,45.74299941864953],[24.133439229264837,45.74105984545511],[24.12898630726491,45.74091064751707],[24.126500955451007,45.739344069167714],[24.125465392195196,45.737628292880345],[24.120494688567362,45.73591251659295],[24.117387998799956,45.73583791762394],[24.113556414753504,45.73270476092526],[24.10972483070705,45.73098898463786],[24.107653704195457,45.72427507742637],[24.107757260521026,45.72315609289112],[24.10982838703262,45.720768925882595],[24.108275042148932,45.71942614444029],[24.10858571112567,45.71517400320636],[24.10734303521872,45.713085232073894],[24.09377715656774,45.709952075375185],[24.094709163497953,45.71062346609634],[24.093052262288666,45.71263763825979],[24.093362931265403,45.71487560733027],[24.097090958986286,45.71733737330783],[24.098333634893265,45.72181331144881],[24.10040476140486,45.722260905262914],[24.101233212009504,45.72337988979817],[24.09947275447462,45.725841655775724],[24.09646962103281,45.72770663000114],[24.098333634893265,45.73083978669982],[24.095951839404904,45.733077755770324],[24.086113988474807,45.72643844752784],[24.080004165265592,45.728751015567354],[24.072340997172688,45.72830342175325],[24.071201877591307,45.72718443721803],[24.06664539926578,45.73173497432802],[24.063124484196067,45.74590877844119],[24.06384937847514,45.75359247224989],[24.064884941730924,45.75560664441335],[24.063124484196067,45.76455852069532],[24.06643828661464,45.76836306811518],[24.07089120861457,45.77649435573798],[24.07751881345169,45.77917991862259],[24.07606902489357,45.78134328872406],[24.07731170080052,45.788430190780645],[24.078036595079595,45.788877784594746],[24.075447686940095,45.80834811550807],[24.07316944777733,45.812227261896936],[24.07213388452152,45.817523788697116],[24.07886504568421,45.82080614333384],[24.08135039749814,45.825505878381875],[24.089324234567812,45.834905348477974],[24.095641170428166,45.84050027115421],[24.098437191218835,45.842589042286676],[24.101336768335074,45.840947864968314],[24.105375465032694,45.84408102166702],[24.099990536102524,45.848855355684066],[24.097401627963023,45.85288370001098],[24.101026099358336,45.85236150722784],[24.110346168660527,45.857061242275904],[24.138927714520577,45.84736337630375],[24.142966411218197,45.84206684950357],[24.14804067117163,45.84012727630912],[24.150215354008793,45.841619255689466],[24.15311493112503,45.840201875278154],[24.154150494380843,45.84154465672046],[24.157671409450558,45.84221604744158],[24.164506126938846,45.837814708269605],[24.167923485682962,45.839455885587995],[24.165127464892322,45.84251444331767],[24.170201724845725,45.84490161032619],[24.172894189310796,45.84154465672046],[24.175275984799157,45.840201875278154],[24.18190358963625,45.838038505176655],[24.184906723078086,45.83848609899076],[24.18853119447337,45.84102246393732],[24.189256088752444,45.84415562063603],[24.19401967972911,45.84512540723324],[24.200025946612755,45.8480347670249],[24.20054372824066,45.85072032990948],[24.204893093915018,45.85139172063063],[24.208414008984732,45.84967594434326],[24.213384712612566,45.85027273609538],[24.22363678884497,45.84796016805586],[24.228918161449542,45.84825856393195],[24.231507069589043,45.84505080826423],[24.23026439368209,45.84303663610078],[24.23016083735652,45.83647192682733],[24.23440664670528,45.83542754126108],[24.238031118100594,45.832741978376475],[24.237513336472688,45.8313991969342],[24.239480906658713,45.83065320724401],[24.238963125030807,45.8296834206468],[24.23979157563545,45.8278930453904],[24.24124136419357,45.82729625363828],[24.24393382865864,45.82393930003252],[24.244555166612116,45.82080614333384],[24.243105378053997,45.81289865261809],[24.23202485121695,45.801634208296576],[24.23202485121695,45.79991843200918],[24.232956858147162,45.79887404644296],[24.23161062591464,45.79820265572181],[24.232335520193686,45.795666290775245],[24.231196400612305,45.794621905209],[24.228296823496066,45.794696504178035],[24.22622569698447,45.79201094129343],[24.224568795775184,45.79260773304557],[24.223326119868233,45.79484570211605],[24.219080310519473,45.79342832170474],[24.2157665081009,45.788877784594746],[24.213074043635828,45.78753500315244],[24.205721544519633,45.78835559181161],[24.20458242493828,45.78969837325391],[24.19536591196166,45.78857938871866],[24.194641017682585,45.78731120624539],[24.194744574008183,45.78492403923687],[24.197437038473254,45.78499863820588],[24.197437038473254,45.778806923777495],[24.19381256707794,45.77865772583945],[24.19246633484542,45.781044892848],[24.189256088752444,45.78276066913537],[24.189152532426846,45.784103450577675],[24.182421371264155,45.784103450577675],[24.179625350473515,45.785819226865044],[24.17765778028749,45.783879653670624],[24.167612816706225,45.78111949181701],[24.16015676126449,45.7779863351183],[24.15715362782265,45.77627055883093],[24.158396303729603,45.77485317841962],[24.14793711484603,45.771794620689946]]]]}},{"type":"Feature","properties":{"shapeID":"2599482B68453018923397","shapeName":"SALISTE","shapeGroup":"ROU","shapeType":"ADM2","parentID":"36066543B78296944586190","replaces":["2599482B68453018923397","2599482B49493178649584"],"redrawn":"geoBoundaries draws SALISTE as 2 features, one of them labelled 'SALISTE'; they are drawn here as the one unit they are."},"geometry":{"type":"MultiPolygon","coordinates":[[[[23.839649933594558,45.56343970022661],[23.835921905873704,45.55806857445742],[23.834368560989986,45.55724798579823],[23.833540110385343,45.55530841260381],[23.835714793222536,45.55180226106003],[23.83395433568768,45.54650573425985],[23.836232574850442,45.544267765189346],[23.836129018524844,45.54322337962313],[23.826291167594746,45.53285412292982],[23.82846585043194,45.53121294561146],[23.823598703129676,45.530839950766364],[23.819767119083224,45.52934797138602],[23.81500352810656,45.530317757983255],[23.81075771875777,45.52994476313816],[23.80516567717646,45.53195893530162],[23.79481004461846,45.53016856004521],[23.790874904246408,45.52807978891275],[23.771199202386242,45.51069822913189],[23.762604027363096,45.510847427069905],[23.76094712615381,45.510101437379745],[23.759704450246858,45.50831106212334],[23.746449240572616,45.50562549923876],[23.745413677316833,45.50279073841614],[23.741478536944783,45.50122416006678],[23.72563441913107,45.50122416006678],[23.72138860978228,45.502417743571044],[23.703576921782542,45.49674822192577],[23.697570654898897,45.49861319615118],[23.698916887131446,45.499508383779386],[23.699331112433754,45.50204474872595],[23.69860621815471,45.50465571264155],[23.696224422666347,45.50883325490648],[23.692496394945493,45.51181721366714],[23.692082169643157,45.51674074562223],[23.690943050061776,45.519724704382895],[23.692392838619895,45.524797434276024],[23.695292415736134,45.52688620540849],[23.69839910550354,45.52763219509865],[23.70129868261978,45.53456989921719],[23.70554449196854,45.535614284783435],[23.71331121638704,45.540687014676564],[23.717142800433493,45.54053781673852],[23.71755702573583,45.54180599921179],[23.719628152247424,45.542626587870984],[23.72698065136359,45.54314878065409],[23.73246913661933,45.542328191994926],[23.74054653001457,45.544566161065404],[23.74593145894474,45.54173140024278],[23.756183535177144,45.54061241570753],[23.763950259595646,45.5444915620964],[23.76602138610724,45.544789957972455],[23.768196068944405,45.546207338383766],[23.769231632200217,45.548370708485265],[23.780312159037265,45.55448782394461],[23.784454412060455,45.55597980332496],[23.78776821447903,45.5603065435279],[23.785904200618575,45.56388729404071],[23.78248684187446,45.566647455894326],[23.785489975316267,45.5706012012522],[23.780001490060528,45.580895858976504],[23.78227972922329,45.58216404144977],[23.78497219368836,45.58246243732583],[23.80381944494391,45.578284895060904],[23.804544339222957,45.57649451980453],[23.81220750731589,45.570302805376144],[23.816660429315817,45.56955681568596],[23.8229773651762,45.566647455894326],[23.83126187122261,45.564782481668914],[23.834265004664417,45.56440948682382],[23.836853912803917,45.56582686723513],[23.840064158896894,45.565752268266124],[23.839649933594558,45.56343970022661]]],[[[23.958946820662646,45.778060934087335],[23.956461468848744,45.77873232480849],[23.951904990523218,45.77738954336618],[23.949523195034885,45.773286600070264],[23.948487631779074,45.772764407287156],[23.949316082383717,45.77000424543354],[23.94890185708141,45.768661463991236],[23.94641650526748,45.76619969801368],[23.941756470616383,45.766274296982715],[23.940617351035,45.76500611450942],[23.940617351035,45.760231780492376],[23.935439534756,45.761425363996636],[23.934818196802524,45.7562780351345],[23.935853760058336,45.75575584235136],[23.936371541686242,45.754114665033],[23.935439534756,45.75239888874563],[23.93533597843043,45.7477737526666],[23.9381319992211,45.74538658565805],[23.933368408244405,45.74396920524674],[23.931090169081642,45.74202963205232],[23.92611946545381,45.740985246486076],[23.922805663035263,45.736882303190185],[23.920734536523668,45.735688719685896],[23.92042386754693,45.73337615164638],[23.91918119163995,45.73173497432802],[23.91369270638421,45.72837802072229],[23.905615312989,45.72546866093063],[23.899609046105354,45.72696064031098],[23.89474189880309,45.7297954011336],[23.887700068663662,45.73195877123507],[23.879415562617254,45.730168395978694],[23.876412429175446,45.72867641659835],[23.87434130266385,45.72576705680672],[23.875376865919634,45.723454488767175],[23.874859084291757,45.722260905262914],[23.867403028849992,45.720022936192436],[23.862846550524466,45.721291118665704],[23.857875846896633,45.72047053000654],[23.85155891103625,45.71465181042322],[23.847727326989798,45.713085232073894],[23.845138418850297,45.710921861972395],[23.84037482787363,45.70935528362304],[23.83633613117601,45.7054761372342],[23.830847645920272,45.70622212692436],[23.82442715373432,45.70525234032715],[23.82018134438553,45.70756490836666],[23.814589302804222,45.70816170011878],[23.813864408525177,45.707042715583526],[23.811793282013554,45.70622212692436],[23.80951504285082,45.707042715583526],[23.805062120850863,45.70644592383141],[23.8027838816881,45.70532693929616],[23.796466945827746,45.70890768980897],[23.795431382571934,45.71144405475553],[23.79336025606034,45.71263763825979],[23.79035712261853,45.71711357640078],[23.785489975316267,45.71875475371914],[23.784143743083717,45.7216641135108],[23.77844814517684,45.724648072271464],[23.76912807587462,45.72591625474473],[23.762811140014264,45.73046679185475],[23.75939378127012,45.730392192885745],[23.757115542107357,45.731361979482955],[23.754837302944594,45.73412214133657],[23.750384380944666,45.73442053721263],[23.741374980619213,45.73695690215919],[23.738578959828544,45.73889647535361],[23.73215846764259,45.74016465782691],[23.730190897456566,45.744640595967894],[23.72977667215426,45.748668940294806],[23.730398010107734,45.751876695962494],[23.73236558029376,45.7532194774048],[23.735472270061166,45.757397019669725],[23.735679382712306,45.75896359801908],[23.733297587223973,45.760007983585325],[23.735886495363474,45.76336493719106],[23.735265157409998,45.766274296982715],[23.72988022847983,45.769183656774345],[23.72946600317752,45.772093016566004],[23.730294453782165,45.772764407287156],[23.735472270061166,45.770377240278634],[23.739407410433188,45.76955665161944],[23.73764695289833,45.77455478254356],[23.739407410433188,45.77701654852109],[23.735886495363474,45.77850852790144],[23.737232727596023,45.78126868975505],[23.73609360801464,45.78402885160867],[23.736818502293687,45.785073237174885],[23.74572434629357,45.78514783614389],[23.747691916479596,45.78634141964818],[23.75825466168874,45.78477484129883],[23.758875999642214,45.78611762274113],[23.761775576758453,45.7878333990285],[23.763121808991002,45.790369763975065],[23.763225365316572,45.792533134076535],[23.765607160804905,45.79477110314704],[23.766953393037454,45.79409971242589],[23.766953393037454,45.79268233201458],[23.769231632200217,45.791787144386376],[23.771095646060644,45.79298072789064],[23.773788110525743,45.791115753665224],[23.776377018665215,45.79074275882016],[23.77679124396755,45.792533134076535],[23.78082994066517,45.793502920673774],[23.78124416596748,45.79454730623999],[23.78517930633953,45.795442493868194],[23.78652553857205,45.794621905209],[23.788493108758075,45.795442493868194],[23.79077134792084,45.79484570211605],[23.79294603075803,45.7959646866513],[23.793981594013815,45.79208554026246],[23.79294603075803,45.7887285866567],[23.788285996106907,45.78246227325931],[23.780312159037265,45.779776710374705],[23.77679124396755,45.77724034542814],[23.770784977083906,45.7793291165606],[23.765296491828167,45.777613340273234],[23.761568464107285,45.780970293878966],[23.75815110536317,45.7779863351183],[23.755769309874808,45.77694194955208],[23.756079978851574,45.77552456914077],[23.75390529601438,45.77485317841962],[23.753698183363213,45.772764407287156],[23.751109275223712,45.772316813473054],[23.74986659931676,45.77388339182241],[23.744999452014497,45.77172002172091],[23.74313543815407,45.76784087533207],[23.739510966758758,45.767766276363034],[23.740442973689,45.76567750523057],[23.739407410433188,45.76284274440795],[23.740028748386663,45.76254434853189],[23.739303854107618,45.76060477533744],[23.740028748386663,45.75747161863876],[23.738268290851806,45.753741670187935],[23.74727769117726,45.751876695962494],[23.75659776047945,45.75105610730333],[23.76063645717707,45.75247348771464],[23.76622849875838,45.75075771142727],[23.769335188525787,45.75202589390054],[23.769335188525787,45.75359247224989],[23.768299625270004,45.75486065472316],[23.768506737921143,45.75672562894857],[23.77140631503738,45.76090317121353],[23.773788110525743,45.75851600420498],[23.783108179827934,45.76232055162484],[23.797916734385865,45.76426012481926],[23.814692859129792,45.76157456193465],[23.828880075734247,45.7613507650276],[23.82836229410637,45.76329033822205],[23.830640533269104,45.76522991141647],[23.832090321827224,45.76522991141647],[23.83519701159463,45.768661463991236],[23.837578807082963,45.77313740213225],[23.839753489920156,45.774480183574525],[23.84182461643175,45.77724034542814],[23.839442820943418,45.77962751243669],[23.84865933392001,45.78223847635226],[23.85259447429206,45.7895491753159],[23.851869580013016,45.79238393613852],[23.85300869959437,45.79536789489919],[23.850523347780467,45.798053457783766],[23.852180248989754,45.79835185365985],[23.853526481222275,45.79962003613312],[23.853526481222275,45.80185800520363],[23.848245108617704,45.80245479695574],[23.84617398210611,45.80439437015019],[23.846484651082847,45.80543875571641],[23.843999299268916,45.80924330313627],[23.84472419354799,45.81133207426873],[23.846381094757277,45.81289865261809],[23.846381094757277,45.81647940313087],[23.85145535471068,45.813943038184306],[23.85425137550135,45.810809881485625],[23.8554940514083,45.812003464989886],[23.85559760773387,45.81312244952514],[23.853526481222275,45.81595721034776],[23.853319368571135,45.81759838766612],[23.85694383996642,45.82267111755925],[23.856322502012944,45.82461069075367],[23.85694383996642,45.82580427425793],[23.860464755036134,45.83042941033696],[23.86087898033847,45.83483074950894],[23.85953274810592,45.83550214023009],[23.85673672731525,45.839232088680944],[23.85942919178035,45.841843052596516],[23.861189649315207,45.84609519383045],[23.860257642384965,45.849153751560124],[23.8554940514083,45.852958298979985],[23.853733593873443,45.85586765877164],[23.859222079129182,45.853928085577195],[23.862639437873327,45.853928085577195],[23.866885247222086,45.854897872174405],[23.868335035780206,45.85668824743081],[23.869577711687185,45.85691204433786],[23.8704061622918,45.863327555673294],[23.872684401454563,45.86392434742541],[23.875273309594064,45.86608771752691],[23.875480422245232,45.870041462884785],[23.878172886710303,45.87041445772985],[23.87982978791959,45.875337989684965],[23.883350702989304,45.87906793813579],[23.883661371966042,45.88123130823726],[23.891531652710114,45.88078371442316],[23.895156124105426,45.88100751133021],[23.896295243686808,45.88190269895841],[23.9029228485239,45.882051896896456],[23.903233517500638,45.883320079369724],[23.904683306058757,45.88324548040072],[23.906650876244782,45.88466286081203],[23.91224291782609,45.89063077833336],[23.918352741035335,45.891451366992555],[23.922391437732927,45.89286874740387],[23.926740803407284,45.89257035152778],[23.93129728173281,45.89428612781518],[23.930261718477027,45.891003773178454],[23.93140083805838,45.889287996891056],[23.931090169081642,45.88801981441779],[23.92839770461657,45.883543876276775],[23.929122598895646,45.88070911545415],[23.927983479314264,45.876083979375124],[23.92870837359331,45.87242862989331],[23.927983479314264,45.87033985876084],[23.925498127500333,45.86817648865937],[23.92725858503519,45.86273076392115],[23.932022176011884,45.860194398974585],[23.930468831128167,45.858031028873114],[23.93005460582586,45.85377888763915],[23.945795167314003,45.847885569086856],[23.949523195034885,45.84445401651209],[23.952112103174386,45.84505080826423],[23.956668581499912,45.84825856393195],[23.952112103174386,45.85019813712637],[23.95842903903477,45.8540026845462],[23.962985517360266,45.851764715475724],[23.96940600954622,45.85086952784752],[23.971166467081076,45.852436106196876],[23.972823368290364,45.85258530413489],[23.978208297220533,45.85086952784752],[23.97706917763915,45.849601345374225],[23.976965621313553,45.84482701135718],[23.975515832755434,45.84303663610078],[23.97593005805777,45.83788930723864],[23.97334114991827,45.83520374435403],[23.972719811964794,45.83192138971731],[23.97075224177877,45.831548394872215],[23.964124636941648,45.82580427425793],[23.96484953122072,45.82319331034236],[23.968059777313698,45.820209351581696],[23.967231326709054,45.81916496601548],[23.963192630011434,45.81759838766612],[23.962881961034697,45.813197048494146],[23.96774910833696,45.81088448045463],[23.976137170708938,45.811555871175784],[23.97468738215082,45.80998929282643],[23.975101607453126,45.80782592272496],[23.973548262569437,45.80633394334461],[23.973548262569437,45.804095974274105],[23.97603361438334,45.80372297942904],[23.972202030336888,45.80126121345148],[23.97334114991827,45.799993030978214],[23.971684248708982,45.79820265572181],[23.972512699313626,45.7959646866513],[23.97075224177877,45.795666290775245],[23.968163333639268,45.79268233201458],[23.968784671592744,45.791339550572275],[23.97489449480196,45.789847571191956],[23.97458382582522,45.7887285866567],[23.97199491768572,45.78895238356375],[23.969509565871817,45.78798259696654],[23.968577558941604,45.78544623201998],[23.964538862243984,45.784103450577675],[23.961328616151008,45.780522700064864],[23.96122505982541,45.778806923777495],[23.961949954104483,45.77835932996339],[23.958946820662646,45.778060934087335]]]]}},{"type":"Feature","properties":{"shapeID":"2599482B89024892263144","shapeName":"TALMACIU","shapeGroup":"ROU","shapeType":"ADM2","parentID":"36066543B78296944586190","replaces":["2599482B89024892263144","2599482B75206169001308"],"redrawn":"geoBoundaries draws TALMACIU as 2 features, one of them labelled 'TALMACIU'; they are drawn here as the one unit they are."},"geometry":{"type":"MultiPolygon","coordinates":[[[[23.952319215825554,45.59372688164734],[23.95967171494172,45.59208570432898],[23.96091439084867,45.59044452701062],[23.963192630011434,45.59022073010357],[23.972616255639196,45.59469666824455],[23.9731340372671,45.59596485071785],[23.97851896619727,45.5970838352531],[23.978001184569365,45.59842661669538],[23.981625655964677,45.60096298164194],[23.98266121922046,45.60021699195178],[23.983903895127412,45.601112179579985],[23.986492803266913,45.59879961154047],[23.990324387313365,45.59954560123063],[23.991774175871484,45.60170897133213],[23.991877732197082,45.6034247476195],[23.998401780708605,45.60148517442508],[23.999540900289986,45.602305763084246],[24.002233364755057,45.60245496102229],[24.004097378615512,45.601858169270145],[24.006789843080583,45.60238036205328],[24.008239631638702,45.60155977339409],[24.005132941871295,45.60118677854899],[24.00326892801087,45.599396403292616],[24.004200934941082,45.59842661669538],[24.002751146382963,45.59566645484176],[24.00285470270856,45.59298089195718],[24.000783576196966,45.59193650639094],[24.00036935089463,45.58701297443585],[23.998401780708605,45.58604318783864],[23.995916428894702,45.58320842701602],[23.996019985220272,45.58022446825535],[23.993223964429603,45.579926072379266],[23.988978155080844,45.581119655883555],[23.99104928159244,45.57380895691992],[23.989910162011057,45.57306296722976],[23.98525012735996,45.56329050228857],[23.979450973127484,45.559485954868734],[23.979036747825177,45.558516168271524],[23.979761642104222,45.556800391984126],[23.979140304150746,45.55165306312199],[23.980175867406558,45.550310281679685],[23.98007231108096,45.548146911578215],[23.982454106569293,45.546953328073954],[23.984939458383224,45.54255198890198],[23.983282557173936,45.53934423323426],[23.98131498698791,45.53762845694686],[23.98121143066234,45.532779523960784],[23.97344470624384,45.53360011261998],[23.96650643242998,45.530317757983255],[23.963296186337004,45.53039235695226],[23.9582219263836,45.53166053942553],[23.9504552019651,45.53158594045652],[23.93253995763976,45.53546508684539],[23.928087035639834,45.535166690969334],[23.922287881407357,45.5359872796285],[23.917420734105093,45.534420701279146],[23.914417600663285,45.53188433633258],[23.904579749733188,45.528900377571944],[23.90136950364021,45.52927337241701],[23.88386848461721,45.52658780953243],[23.880865351175373,45.526960804377495],[23.875480422245232,45.522857861081576],[23.87164883819878,45.52323085592667],[23.867195916198824,45.52561802293519],[23.861707430943085,45.53255572705373],[23.857875846896633,45.53501749303129],[23.84337796131544,45.532779523960784],[23.834575673641154,45.532779523960784],[23.82846585043194,45.53121294561146],[23.826291167594746,45.53285412292982],[23.836129018524844,45.54322337962313],[23.836232574850442,45.544267765189346],[23.83395433568768,45.54650573425985],[23.835714793222536,45.55180226106003],[23.833540110385343,45.55530841260381],[23.834368560989986,45.55724798579823],[23.835921905873704,45.55806857445742],[23.839649933594558,45.56343970022661],[23.840064158896894,45.565752268266124],[23.84482774987356,45.56903462290285],[23.85435493182692,45.571496388880405],[23.8580829595478,45.57119799300435],[23.862018099919823,45.57403275382697],[23.868024366803468,45.575823129083375],[23.86905993005928,45.57761350433975],[23.87164883819878,45.5778373012468],[23.87330573940804,45.577016712587636],[23.875273309594064,45.5778373012468],[23.875583978570802,45.578956285782056],[23.87858711201264,45.57962767650321],[23.880554682198635,45.58149265072862],[23.884696935221854,45.58179104660468],[23.88790718131483,45.58320842701602],[23.891635209035712,45.583059229077975],[23.89339566657057,45.58656538062175],[23.895052567779828,45.587385969280945],[23.89619168736121,45.589773136289466],[23.9029228485239,45.59298089195718],[23.904476193407618,45.59298089195718],[23.908514890105238,45.59022073010357],[23.91369270638421,45.590742922886676],[23.91659228350045,45.59230950123603],[23.918352741035335,45.594845866182595],[23.92187365610505,45.5952934599967],[23.922391437732927,45.597755225974254],[23.92466967689569,45.59589025174881],[23.92839770461657,45.59641244453195],[23.929536824197953,45.59887421050948],[23.93264351396536,45.59902340844752],[23.937407104942025,45.59805362185031],[23.939892456755956,45.59566645484176],[23.941238688988477,45.59566645484176],[23.942481364895457,45.59454747030654],[23.944138266104716,45.5949204651516],[23.945691610988433,45.5970838352531],[23.947244955872122,45.59641244453195],[23.94641650526748,45.5952934599967],[23.94755562484886,45.59477126721359],[23.95055875829067,45.595591855872755],[23.952319215825554,45.59372688164734]]],[[[24.283699457681337,45.65325685892259],[24.284320795634812,45.656464614590305],[24.276139845914003,45.65489803624095],[24.27489717000705,45.652436270263394],[24.27127269861174,45.65176487954224],[24.268062452518762,45.6529584630465],[24.265162875402524,45.652436270263394],[24.266198438658336,45.64937771253372],[24.2631953052165,45.64602075892796],[24.263816643170003,45.644677977485685],[24.251804109402713,45.64191781563207],[24.25045787717019,45.64288760222928],[24.24528006089119,45.64027663831371],[24.24279470907726,45.64161941975598],[24.237824005449426,45.64027663831371],[24.23709911117038,45.63833706511926],[24.23451020303088,45.635800700172695],[24.230782175309997,45.634607116668434],[24.229435943077448,45.630727970279565],[24.228711048798402,45.62080630740036],[24.221772774984544,45.61513678575511],[24.213591825263734,45.61304801462265],[24.22084076805433,45.60558811772097],[24.220115873775256,45.601858169270145],[24.218666085217137,45.60081378370393],[24.218562528891567,45.5961886476249],[24.217112740333448,45.596636241439],[24.21400605056604,45.594845866182595],[24.211934924054447,45.58850495381617],[24.212142036705615,45.5858939899006],[24.213281156286996,45.58470040639634],[24.213488268938136,45.580149869286316],[24.212452705682352,45.577240509494686],[24.20582510084523,45.5778373012468],[24.2059286571708,45.5791054837201],[24.201061509868538,45.58074666103846],[24.198369045403467,45.57932928062715],[24.192362778519822,45.578956285782056],[24.179521794147917,45.57351056104386],[24.175897322752633,45.57410735279598],[24.174447534194513,45.57216777960156],[24.17206573870618,45.57261537341566],[24.15622162089244,45.56873622702679],[24.14638376996234,45.570526602283195],[24.14400197447401,45.569706013624],[24.137581482288056,45.57157098784941],[24.134785461497387,45.57455494661008],[24.134785461497387,45.57545013423828],[24.130643208474197,45.57709131155664],[24.130746764799767,45.578210296091896],[24.12753651870679,45.57761350433975],[24.12494761056729,45.574853342486136],[24.12194447712548,45.57336136310582],[24.121323139172006,45.57045200331416],[24.120080463265026,45.569109221871884],[24.10868926745124,45.56687125280138],[24.10734303521872,45.565677669297116],[24.108378598474502,45.56329050228857],[24.105168352381526,45.56082873631104],[24.105064796055956,45.559933548682835],[24.107653704195457,45.55575600641791],[24.106514584614075,45.553891032192496],[24.099679867125786,45.553891032192496],[24.092741593311928,45.55016108374167],[24.08953134721895,45.550534078586736],[24.087563777032926,45.547624718795106],[24.08414641828881,45.547400921888055],[24.082593073405093,45.54508835384854],[24.08290374238183,45.539493431172275],[24.080729059544666,45.53695706622571],[24.078036595079595,45.53628567550459],[24.077829482428427,45.53307791983687],[24.07876148935864,45.530839950766364],[24.07731170080052,45.525543423966184],[24.078347264056333,45.52315625695766],[24.080004165265592,45.52255946520552],[24.08124684117257,45.51868031881665],[24.081039728521404,45.51644234974617],[24.084767756242286,45.512488604388295],[24.07907215833538,45.51263780232631],[24.06654184294021,45.51554716211797],[24.059500012800783,45.5189041157237],[24.05183684470785,45.519948501289946],[24.045416352521897,45.522186470360424],[24.042620331731257,45.522186470360424],[24.039099416661514,45.53024315901422],[24.040134979917326,45.533973107465044],[24.041998993777753,45.53546508684539],[24.040342092568494,45.5377030559159],[24.04375945131264,45.54180599921179],[24.049455049219517,45.54337257756114],[24.05069772512647,45.545013754879506],[24.0505941688009,45.54732632291902],[24.054943534475257,45.549116698175425],[24.06105335768447,45.54978808889658],[24.06405649112628,45.55195145899805],[24.06654184294021,45.55142926621494],[24.068302300475068,45.55277204765724],[24.0706840959634,45.55911296002364],[24.073687229405238,45.561873121877255],[24.073997898381975,45.56351429919562],[24.07762236977726,45.56530467445202],[24.077829482428427,45.56687125280138],[24.07896860200981,45.56709504970843],[24.08580331949807,45.57903088475106],[24.086321101125975,45.58119425485256],[24.090152685172427,45.58358142186108],[24.095848283079334,45.58552099505553],[24.09491627614912,45.587609766187995],[24.09760874061419,45.58992233422751],[24.09771229693976,45.59208570432898],[24.10185454996298,45.59671084040801],[24.107757260521026,45.59686003834605],[24.11138173191631,45.59857581463342],[24.110967506614003,45.59947100226162],[24.112417295172122,45.602827955867355],[24.116455991869742,45.60581191462802],[24.127018737078885,45.60894507132673],[24.139341939822913,45.60916886823378],[24.144416199776316,45.6106608476141],[24.144726868753054,45.611705233180345],[24.147315776892555,45.61252582183951],[24.15031891033439,45.612451222870504],[24.15083669196227,45.61543518163117],[24.15176869889251,45.616479567197416],[24.15466827600875,45.617523952763634],[24.15870697270637,45.6214030991525],[24.157878522101726,45.623268073377915],[24.158292747404033,45.625207646572335],[24.16026031759006,45.62535684451038],[24.16274566940396,45.62826620430204],[24.164816795915584,45.62916139193021],[24.166059471822535,45.632667543474014],[24.168751936287606,45.636248293986796],[24.168855492613176,45.6384862630573],[24.171444400752677,45.64191781563207],[24.1708230627992,45.644677977485685],[24.172894189310796,45.64751273830831],[24.179625350473515,45.647587337277315],[24.184803166752488,45.64534936820681],[24.189463201403584,45.64728894140126],[24.19112010261287,45.65952317231998],[24.196194362566303,45.661761141390485],[24.197644151124422,45.66086595376228],[24.199922390287185,45.66138814654539],[24.203753974333637,45.66019456304113],[24.210485135496327,45.66138814654539],[24.213695381589304,45.66840044963294],[24.21276337465909,45.67026542385835],[24.213281156286996,45.67474136199937],[24.216387846054374,45.676233341379685],[24.22363678884497,45.674815960968374],[24.224672352100782,45.67615874241068],[24.224775908426352,45.67921730014035],[24.226018584333303,45.68212665993201],[24.228607492472804,45.68220125890102],[24.237927561774995,45.68518521766168],[24.24124136419357,45.68719938982514],[24.24279470907726,45.6892881609576],[24.248386750658568,45.69145153105907],[24.251182771449237,45.69122773415202],[24.25760326363519,45.69271971353234],[24.258017488937526,45.691899124873174],[24.263816643170003,45.69391329703663],[24.264023755821142,45.69488308363384],[24.269305128425742,45.69570367229301],[24.290534175169626,45.696449661983195],[24.28887727396034,45.69279431250138],[24.289395055588244,45.69182452590417],[24.291776851076577,45.69033254652382],[24.293640864937004,45.68719938982514],[24.297576005309054,45.686677197042],[24.298508012239267,45.68160446714887],[24.301096920378768,45.68093307642772],[24.302857377913625,45.678172914574134],[24.30741385623915,45.67474136199937],[24.31145255293677,45.67593494550363],[24.315180580657653,45.670190824889346],[24.314662799029747,45.668549647570984],[24.30886364479727,45.66288012592571],[24.299129350192743,45.656986807373414],[24.29529776614629,45.65661381252832],[24.296229773076504,45.65571862490012],[24.294572871867246,45.655121833148],[24.293330195960266,45.656464614590305],[24.290948400471933,45.65445044242685],[24.290534175169626,45.65198867644929],[24.28463146461155,45.64989990531683],[24.283699457681337,45.65325685892259]]]]}},{"type":"Feature","properties":{"shapeID":"2599482B40816245945082","shapeName":"CRISTIAN","shapeGroup":"ROU","shapeType":"ADM2","parentID":"36066543B78296944586190","replaces":["2599482B40816245945082","2599482B42247101066007","2599482B61474640296478"],"redrawn":"geoBoundaries draws CRISTIAN as 3 features, one of them labelled 'CRISTIAN' and 'CRISTIAN'; they are drawn here as the one unit they are."},"geometry":{"type":"MultiPolygon","coordinates":[[[[23.940099569407096,45.68235045683906],[23.937096435965287,45.67824751354314],[23.93243640131419,45.67347317952607],[23.934714640476955,45.66944483519919],[23.937407104942025,45.66810205375688],[23.9328506266165,45.668027454787875],[23.927569254011928,45.67034002282739],[23.907582883174996,45.67153360633165],[23.89878059550071,45.66474510015112],[23.89764147591933,45.6623579331426],[23.893084997593803,45.658180390877675],[23.892670772291495,45.65676301046636],[23.884696935221854,45.65027290016192],[23.884593378896255,45.64825872799847],[23.881590245454447,45.64430498264059],[23.88252225238466,45.64258920635322],[23.891324540058946,45.649004717688626],[23.894534786151922,45.64982530634782],[23.89474189880309,45.64825872799847],[23.892360103314758,45.64624455583501],[23.889978307826425,45.64124642491092],[23.890288976803163,45.63908305480942],[23.88811429396597,45.635054710482535],[23.88811429396597,45.63251834553597],[23.88656094908228,45.63117556409367],[23.887078730710186,45.62744561564284],[23.88531827317533,45.62528224554137],[23.885732498477637,45.619911119772155],[23.884282709919518,45.61431619709592],[23.87879422466378,45.6132718115297],[23.87579109122197,45.61133223833525],[23.86647102191978,45.60924346720279],[23.863985670105848,45.60775148782247],[23.860464755036134,45.60357394555754],[23.857254508943157,45.60170897133213],[23.85269803061763,45.601112179579985],[23.841617503780583,45.60223116411524],[23.84172106010618,45.60379774246459],[23.847105989036322,45.61357020740576],[23.84845222126887,45.618717536267894],[23.85021267880373,45.62065710946234],[23.853215812245537,45.62170149502856],[23.85435493182692,45.62341727131596],[23.852076692664156,45.62595363626252],[23.85155891103625,45.62893759502316],[23.84472419354799,45.63498011151353],[23.846795320059584,45.6375910754291],[23.845449087827035,45.639157653778454],[23.84617398210611,45.639903643468614],[23.84596686945494,45.64169401872502],[23.844206411920084,45.643036800167295],[23.843895742943346,45.64631915480405],[23.84223884173406,45.64930311356471],[23.840271271548062,45.65101888985208],[23.8405819405248,45.6537790517057],[23.844206411920084,45.65489803624095],[23.846795320059584,45.65683760943537],[23.849694897175823,45.656986807373414],[23.852180248989754,45.65877718262982],[23.852076692664156,45.66041835994818],[23.854872713454824,45.66183574035949],[23.855079826105992,45.66332771973981],[23.85652961466411,45.66496889705817],[23.854769157129255,45.66623707953147],[23.855079826105992,45.668251251694926],[23.8580829595478,45.670190824889346],[23.87330573940804,45.67414457024722],[23.87465197164059,45.67690473210084],[23.87434130266385,45.67824751354314],[23.87693021080335,45.67750152385298],[23.877862217733565,45.67862050838821],[23.882004470756755,45.67556195065853],[23.88117602015211,45.67399537230918],[23.883557815640472,45.67377157540213],[23.88676806173345,45.67198120014575],[23.895777462058902,45.67160820530066],[23.899919715082092,45.673323981588055],[23.899401933454186,45.675039757875425],[23.90271573587276,45.67794911766708],[23.904476193407618,45.67772532076003],[23.904786862384356,45.67668093519379],[23.90944689703545,45.67929189910936],[23.90934334070988,45.680783878489706],[23.90530464401226,45.681306071272815],[23.90571886931457,45.68451382694053],[23.902094397919285,45.6874977857012],[23.903751299128544,45.690183348585805],[23.90178372894252,45.69152613002808],[23.90178372894252,45.692645114563334],[23.9003339403844,45.69421169291269],[23.89349922289614,45.6960766671381],[23.891531652710114,45.697419448580405],[23.891117427407806,45.69868763105367],[23.892463659640327,45.70555073620321],[23.89888415182628,45.706818918676504],[23.90582242564014,45.709429882592076],[23.907272214198258,45.70786330424272],[23.906029538291307,45.70264137641155],[23.904476193407618,45.70405875682289],[23.9029228485239,45.70361116300879],[23.89898770815188,45.70107479806222],[23.899194820803046,45.699582818681876],[23.903440630151806,45.69950821971287],[23.90685798889595,45.6965242609522],[23.91120735457031,45.696897255797296],[23.92177009977945,45.69413709394368],[23.923634113639906,45.687572384670204],[23.932332844988622,45.68302184756021],[23.93668221066298,45.68197746199397],[23.940099569407096,45.68235045683906]]],[[[24.008032518987534,45.71338362794995],[24.00295825903413,45.70860929393288],[24.002647590057393,45.70659512176945],[24.000783576196966,45.704133355791896],[24.00150847047601,45.70062720424812],[24.000990688848105,45.69727025064236],[23.998712449685343,45.69712105270435],[23.997987555406297,45.69339110425349],[23.995812872569104,45.69174992693513],[23.981004318011173,45.68690099394905],[23.979036747825177,45.68496142075463],[23.976447839685676,45.68414083209544],[23.97489449480196,45.68421543106447],[23.970130903825293,45.68690099394905],[23.967127770383485,45.68652799910399],[23.9731340372671,45.69421169291269],[23.97706917763915,45.69488308363384],[23.979347416801915,45.696673458890245],[23.98566435266227,45.69846383414662],[23.98701058489482,45.70122399600024],[23.990013718336627,45.70219378259745],[23.990220830987795,45.70473014754401],[23.992499070150558,45.705401538265164],[23.9933275207552,45.70853469496387],[23.992706182801726,45.710399669189286],[23.99498442196449,45.712115445476655],[24.000680019871368,45.71338362794995],[24.002026252103917,45.716665982586676],[24.003579596987606,45.71703897743177],[24.003372484336438,45.71584539392751],[24.008032518987534,45.71338362794995]]],[[[23.99757333010396,45.77082483409271],[23.99488086563889,45.7698550474955],[23.98939238038315,45.777837137180285],[23.9855607963367,45.77910531965355],[23.9829718881972,45.7779863351183],[23.979140304150746,45.781940080476204],[23.96899178424391,45.78089569490996],[23.96246773573239,45.7779863351183],[23.96122505982541,45.778806923777495],[23.961328616151008,45.780522700064864],[23.964538862243984,45.784103450577675],[23.968577558941604,45.78544623201998],[23.969509565871817,45.78798259696654],[23.97199491768572,45.78895238356375],[23.97458382582522,45.7887285866567],[23.97489449480196,45.789847571191956],[23.968784671592744,45.791339550572275],[23.968163333639268,45.79268233201458],[23.97075224177877,45.795666290775245],[23.972512699313626,45.7959646866513],[23.971684248708982,45.79820265572181],[23.97334114991827,45.799993030978214],[23.972202030336888,45.80126121345148],[23.97603361438334,45.80372297942904],[23.973548262569437,45.804095974274105],[23.973548262569437,45.80633394334461],[23.975101607453126,45.80782592272496],[23.97468738215082,45.80998929282643],[23.976137170708938,45.811555871175784],[23.98421456410415,45.81118287633069],[23.98659635959251,45.81192886602085],[23.98825326080177,45.8112574752997],[23.98804614815063,45.809392501074285],[23.99218840117382,45.80685613612772],[23.997262661127223,45.807975120662974],[24.0004729072202,45.80737832891086],[24.00855030061544,45.807975120662974],[24.014142342196777,45.807005334065764],[24.018284595219967,45.808646511384126],[24.02480864373149,45.80715453200381],[24.026361988615207,45.80543875571641],[24.029054453080278,45.80484196396429],[24.03412871303368,45.805737151592496],[24.047383922707922,45.8061847454066],[24.052251070010186,45.80566255262346],[24.053700858568305,45.804319771181156],[24.06519561070766,45.802902390769844],[24.07316944777733,45.812227261896936],[24.075447686940095,45.80834811550807],[24.078036595079595,45.788877784594746],[24.07731170080052,45.788430190780645],[24.07606902489357,45.78134328872406],[24.07751881345169,45.77917991862259],[24.07089120861457,45.77649435573798],[24.06643828661464,45.76836306811518],[24.064781385405354,45.76716948461092],[24.059396456475184,45.75836680626696],[24.057946667917065,45.757620816576775],[24.04645191577771,45.74501359081299],[24.04355233866147,45.746281773286256],[24.039927867266158,45.75172749802448],[24.037235402801088,45.75165289905547],[24.029158009405847,45.74926573204692],[24.02625843228961,45.753741670187935],[24.040549205219634,45.75814300935991],[24.038685191359207,45.7622459526558],[24.039927867266158,45.76321573925304],[24.044587901917254,45.76403632791221],[24.044587901917254,45.765528307292556],[24.049972830847423,45.766721890796816],[24.049972830847423,45.76754247945598],[24.05194040103345,45.76888526089829],[24.05038705614973,45.771347026875844],[24.04645191577771,45.769183656774345],[24.03847807870804,45.767467880486976],[24.033093149777898,45.767467880486976],[24.033093149777898,45.77007884440255],[24.024187305778014,45.77007884440255],[24.022944629871063,45.76739328151797],[24.021184172336206,45.76694568770387],[24.019630827452488,45.767766276363034],[24.01776681359206,45.76642349492073],[24.012796109964228,45.7698550474955],[24.00585783615037,45.76716948461092],[23.99757333010396,45.77082483409271]]]]}},{"type":"Feature","properties":{"shapeID":"2599482B75853154347523","shapeName":"POPLACA","shapeGroup":"ROU","shapeType":"ADM2","parentID":"36066543B78296944586190","replaces":["2599482B75853154347523","2599482B54964729595352","2599482B20961139122315"],"redrawn":"geoBoundaries draws POPLACA as 3 features, one of them labelled 'POPLACA' and 'POPLACA'; they are drawn here as the one unit they are."},"geometry":{"type":"MultiPolygon","coordinates":[[[[23.88656094908228,45.63117556409367],[23.88811429396597,45.63251834553597],[23.88811429396597,45.635054710482535],[23.890288976803163,45.63908305480942],[23.889978307826425,45.64124642491092],[23.892360103314758,45.64624455583501],[23.89474189880309,45.64825872799847],[23.894534786151922,45.64982530634782],[23.891324540058946,45.649004717688626],[23.88252225238466,45.64258920635322],[23.881590245454447,45.64430498264059],[23.884593378896255,45.64825872799847],[23.884696935221854,45.65027290016192],[23.890288976803163,45.65437584345784],[23.892670772291495,45.65676301046636],[23.893084997593803,45.658180390877675],[23.89764147591933,45.6623579331426],[23.89878059550071,45.66474510015112],[23.902094397919285,45.66675927231458],[23.90437263708202,45.66937023623015],[23.907582883174996,45.67153360633165],[23.927569254011928,45.67034002282739],[23.9328506266165,45.668027454787875],[23.937407104942025,45.66810205375688],[23.937717773918763,45.66623707953147],[23.933575520895573,45.664446704275065],[23.928087035639834,45.66496889705817],[23.92850126094217,45.66340231870885],[23.925394571174763,45.6614627455144],[23.922184325081787,45.66258173004965],[23.922391437732927,45.66049295891719],[23.923841226291046,45.65974696922703],[23.92446256424455,45.657434401187516],[23.926326578104977,45.65519643211701],[23.92850126094217,45.64863172284356],[23.93129728173281,45.647811134184366],[23.931607950709548,45.646617550680105],[23.930261718477027,45.64505097233075],[23.930572387453765,45.6439319877955],[23.93823555554667,45.63900845584041],[23.935646647407168,45.63662128883189],[23.92974393684912,45.636248293986796],[23.927879922988666,45.63565150223468],[23.92715502870962,45.63438331976138],[23.918559853686475,45.63296593935007],[23.909239784384283,45.63281674141203],[23.90685798889595,45.63356273110219],[23.90157661629138,45.630280376465464],[23.898469926523973,45.62617743316957],[23.895466793082164,45.62483465172727],[23.892567215965926,45.62513304760333],[23.887078730710186,45.62744561564284],[23.88656094908228,45.63117556409367]]],[[[23.93409330252348,45.675039757875425],[23.938649780848976,45.68093307642772],[23.941652914290813,45.68354404034332],[23.94765918117443,45.685856608382835],[23.953354779081337,45.685409014568734],[23.957497032104527,45.68391703518839],[23.95718636312779,45.68264885271512],[23.954701011313887,45.68317104549823],[23.952629884802292,45.679814091892496],[23.94879830075581,45.66646087643852],[23.943206259174502,45.65198867644929],[23.941135132662907,45.65221247335634],[23.940306682058264,45.650944290883075],[23.935853760058336,45.651466483666184],[23.933679077221143,45.65459964036489],[23.935646647407168,45.65706140634242],[23.935439534756,45.65944857335097],[23.936371541686242,45.66168654242145],[23.9381319992211,45.663476917677855],[23.937717773918763,45.66504349602721],[23.941445801639645,45.66966863210624],[23.939167562476882,45.67063841870345],[23.93937467512805,45.67138440839361],[23.935439534756,45.67347317952607],[23.935646647407168,45.67459216406132],[23.93409330252348,45.675039757875425]]],[[[24.003579596987606,45.71703897743177],[24.000783576196966,45.720992722789646],[24.000783576196966,45.722708499077015],[23.999333787638847,45.725543259899666],[23.99778044275513,45.725841655775724],[23.998298224383035,45.72718443721803],[24.00140491415044,45.72867641659835],[24.007825406336394,45.72740823412508],[24.007928962661964,45.7289002135054],[24.014660123824655,45.737106100097236],[24.01673125033625,45.73628551143804],[24.017352588289754,45.737852089787395],[24.01538501810373,45.73986626195085],[24.014970792801392,45.74352161143264],[24.020873503359468,45.745088189781995],[24.029158009405847,45.74926573204692],[24.037235402801088,45.75165289905547],[24.039927867266158,45.75172749802448],[24.04355233866147,45.746281773286256],[24.04645191577771,45.74501359081299],[24.057946667917065,45.757620816576775],[24.059396456475184,45.75836680626696],[24.063124484196067,45.76455852069532],[24.064884941730924,45.75560664441335],[24.06384937847514,45.75359247224989],[24.063124484196067,45.74590877844119],[24.06664539926578,45.73173497432802],[24.071201877591307,45.72718443721803],[24.066127617637903,45.72233550423195],[24.058982231172877,45.71748657124587],[24.051111950428805,45.715994591865524],[24.049662161870685,45.714278815578155],[24.04614124680097,45.71338362794995],[24.040652761545232,45.713309028980945],[24.037856740754563,45.71457721145421],[24.03412871303368,45.71442801351617],[24.019734383778086,45.7208435248516],[24.017456144615323,45.72308149392211],[24.01372811689444,45.72352908773621],[24.01248544098749,45.72188791041785],[24.012278328336322,45.71845635784308],[24.008032518987534,45.71338362794995],[24.003372484336438,45.71584539392751],[24.003579596987606,45.71703897743177]]]]}},{"type":"Feature","properties":{"shapeID":"2599482B75916194776070","shapeName":"TILISCA","shapeGroup":"ROU","shapeType":"ADM2","parentID":"36066543B78296944586190","replaces":["2599482B75916194776070","2599482B81731395938028","2599482B67392717014509"],"redrawn":"geoBoundaries draws TILISCA as 3 features, one of them labelled 'TILISCA' and 'TILISCA'; they are drawn here as the one unit they are."},"geometry":{"type":"MultiPolygon","coordinates":[[[[23.780001490060528,45.580895858976504],[23.785489975316267,45.5706012012522],[23.78248684187446,45.566647455894326],[23.785904200618575,45.56388729404071],[23.78776821447903,45.5603065435279],[23.784454412060455,45.55597980332496],[23.780312159037265,45.55448782394461],[23.769231632200217,45.548370708485265],[23.768196068944405,45.546207338383766],[23.76602138610724,45.544789957972455],[23.763950259595646,45.5444915620964],[23.756183535177144,45.54061241570753],[23.74593145894474,45.54173140024278],[23.74168564959595,45.5441185672513],[23.74613857159588,45.54710252601197],[23.74727769117726,45.54971348992757],[23.746552796898214,45.55045947961773],[23.746759909549354,45.55254825075019],[23.749141705037715,45.55605440229397],[23.749245261363285,45.55732258476726],[23.74717413485169,45.559187558992676],[23.745310120991235,45.5624699136294],[23.746759909549354,45.56440948682382],[23.754526633967856,45.566945851770384],[23.767264062014192,45.575823129083375],[23.770784977083906,45.5773897074327],[23.772338321967624,45.58156724969763],[23.774616561130358,45.583059229077975],[23.774823673781526,45.58179104660468],[23.77679124396755,45.58067206206945],[23.780001490060528,45.580895858976504]]],[[[23.735886495363474,45.77850852790144],[23.739407410433188,45.77701654852109],[23.73764695289833,45.77455478254356],[23.739407410433188,45.76955665161944],[23.735472270061166,45.770377240278634],[23.730294453782165,45.772764407287156],[23.72946600317752,45.772093016566004],[23.72677353871245,45.780000507281756],[23.724909524851995,45.781044892848],[23.730501566433304,45.78343205985652],[23.73609360801464,45.78402885160867],[23.737232727596023,45.78126868975505],[23.735886495363474,45.77850852790144]]],[[[23.846381094757277,45.81289865261809],[23.84472419354799,45.81133207426873],[23.843999299268916,45.80924330313627],[23.846484651082847,45.80543875571641],[23.84617398210611,45.80439437015019],[23.848245108617704,45.80245479695574],[23.853526481222275,45.80185800520363],[23.853526481222275,45.79962003613312],[23.852180248989754,45.79835185365985],[23.850523347780467,45.798053457783766],[23.85300869959437,45.79536789489919],[23.851869580013016,45.79238393613852],[23.85259447429206,45.7895491753159],[23.84865933392001,45.78223847635226],[23.839442820943418,45.77962751243669],[23.84182461643175,45.77724034542814],[23.839753489920156,45.774480183574525],[23.837578807082963,45.77313740213225],[23.83519701159463,45.768661463991236],[23.832090321827224,45.76522991141647],[23.830640533269104,45.76522991141647],[23.82836229410637,45.76329033822205],[23.828880075734247,45.7613507650276],[23.814692859129792,45.76157456193465],[23.797916734385865,45.76426012481926],[23.783108179827934,45.76232055162484],[23.773788110525743,45.75851600420498],[23.77140631503738,45.76090317121353],[23.768506737921143,45.75672562894857],[23.768299625270004,45.75486065472316],[23.769335188525787,45.75359247224989],[23.769335188525787,45.75202589390054],[23.76622849875838,45.75075771142727],[23.76063645717707,45.75247348771464],[23.75659776047945,45.75105610730333],[23.74727769117726,45.751876695962494],[23.738268290851806,45.753741670187935],[23.740028748386663,45.75747161863876],[23.739303854107618,45.75903819698809],[23.740028748386663,45.76254434853189],[23.739407410433188,45.76284274440795],[23.740442973689,45.76567750523057],[23.739510966758758,45.767766276363034],[23.74313543815407,45.76784087533207],[23.744999452014497,45.77172002172091],[23.74986659931676,45.77388339182241],[23.751109275223712,45.772316813473054],[23.753698183363213,45.772764407287156],[23.75390529601438,45.77485317841962],[23.756079978851574,45.77552456914077],[23.755769309874808,45.77694194955208],[23.75815110536317,45.7779863351183],[23.761568464107285,45.780970293878966],[23.765296491828167,45.777613340273234],[23.770784977083906,45.7793291165606],[23.77679124396755,45.77724034542814],[23.780312159037265,45.779776710374705],[23.788285996106907,45.78246227325931],[23.79294603075803,45.7887285866567],[23.793981594013815,45.79208554026246],[23.79294603075803,45.7959646866513],[23.79077134792084,45.79484570211605],[23.788493108758075,45.795442493868194],[23.78652553857205,45.794621905209],[23.78517930633953,45.795442493868194],[23.78124416596748,45.79454730623999],[23.78082994066517,45.793502920673774],[23.77679124396755,45.792533134076535],[23.776377018665215,45.79074275882016],[23.773788110525743,45.791115753665224],[23.771095646060644,45.79298072789064],[23.769231632200217,45.791787144386376],[23.766953393037454,45.79268233201458],[23.766953393037454,45.79409971242589],[23.765607160804905,45.79477110314704],[23.763225365316572,45.792533134076535],[23.763121808991002,45.790369763975065],[23.761775576758453,45.7878333990285],[23.758875999642214,45.78611762274113],[23.75825466168874,45.78477484129883],[23.751005718898142,45.78611762274113],[23.75131638787488,45.78775880005949],[23.744067445084283,45.79171254541737],[23.741374980619213,45.7959646866513],[23.74189276224712,45.799769234071164],[23.74323899447964,45.80133581242052],[23.742824769177332,45.802156401079685],[23.746345684247046,45.805737151592496],[23.747691916479596,45.806035547468554],[23.74852036708421,45.807229130972814],[23.74862392340981,45.80991469385742],[23.749452374014453,45.81066068354758],[23.753594627037643,45.811033678392675],[23.759186668618952,45.813271647463154],[23.762811140014264,45.81334624643219],[23.764364484897953,45.8147636268435],[23.776066349688477,45.81968715879859],[23.779173039455884,45.819015768077435],[23.781761947595385,45.81983635673663],[23.78673265122322,45.818045981480225],[23.790150009967363,45.819015768077435],[23.79180691117665,45.818493575294326],[23.792428249130126,45.81953796086054],[23.797606065409127,45.82035854951974],[23.799366522943984,45.81871737220138],[23.803405219641604,45.817299991790065],[23.802162543734624,45.81573341344071],[23.80257676903696,45.81364464230825],[23.8106541624322,45.808422714477075],[23.82701606187382,45.80834811550807],[23.827533843501726,45.813943038184306],[23.83260810345513,45.813943038184306],[23.834575673641154,45.8130478505561],[23.839546377268988,45.81625560622382],[23.84462063722242,45.81834437735628],[23.846381094757277,45.81647940313087],[23.846381094757277,45.81289865261809]]]]}},{"type":"Feature","properties":{"shapeID":"2599482B40288902158054","shapeName":"VIDELE","shapeGroup":"ROU","shapeType":"ADM2","parentID":"36066543B97406375074903","replaces":["2599482B40288902158054","2599482B29791980403734"],"redrawn":"geoBoundaries draws VIDELE as 2 features, one of them labelled 'VIDELE'; they are drawn here as the one unit they are."},"geometry":{"type":"MultiPolygon","coordinates":[[[[25.47563276510641,44.21871868473363],[25.471076286780885,44.219390075454754],[25.478014560594744,44.2272229672015],[25.481639031990056,44.22565638885217],[25.47563276510641,44.21871868473363]]],[[[25.621543627848553,44.31554814651716],[25.625685880871742,44.310624614562045],[25.62993169022053,44.30928183311974],[25.63158859142979,44.30682006714221],[25.617401374825363,44.290632090865614],[25.618333381755576,44.28839412179511],[25.62061162091834,44.28720053829085],[25.623614754360148,44.2874243351979],[25.626825000453124,44.285111767158384],[25.638941090545984,44.28056123004836],[25.64474024477846,44.276682083659495],[25.63666285138322,44.273548926960814],[25.637284189336697,44.26817780119163],[25.603214158220908,44.27101256201425],[25.593272750965212,44.25780854449832],[25.580431766593307,44.252139022853044],[25.579603315988663,44.25482458573765],[25.580328210267737,44.25519758058272],[25.579189090686356,44.25676415893207],[25.578049971104974,44.25519758058272],[25.574425499709662,44.254749986768616],[25.568315676500447,44.25818153934338],[25.566658775291188,44.25624196614896],[25.567280113244664,44.25422779398551],[25.56489831775633,44.254003997078456],[25.564380536128425,44.252810413574196],[25.558167156593612,44.248259876464175],[25.556613811709923,44.251616830069935],[25.556406699058755,44.25818153934338],[25.557752931291304,44.25847993521947],[25.559202719849424,44.26079250325898],[25.556613811709923,44.261986086763244],[25.55412845989602,44.26116549810405],[25.554542685198328,44.25915132594062],[25.55019331952397,44.25937512284767],[25.54863997464028,44.258629133157484],[25.534349201710228,44.24214276100483],[25.533417194780014,44.241545969252684],[25.530931842966112,44.24594730842466],[25.52026554143137,44.23244489503267],[25.529274941756825,44.22684997235643],[25.521404661012753,44.21774889813639],[25.514155718222156,44.22215023730837],[25.513016598640775,44.21498873628278],[25.48402082747839,44.22841655070579],[25.482156813617962,44.22625318060429],[25.47853234222265,44.22781975895364],[25.48805952417601,44.23900960430612],[25.47024783617627,44.247290089866965],[25.494376460036392,44.26153849294914],[25.495619135943343,44.26884919191278],[25.498104487757274,44.27586149500033],[25.49748314980377,44.27772646922574],[25.49882938203632,44.27996443829625],[25.493133784129412,44.280486631079356],[25.491683995571293,44.28205320942871],[25.498208044082844,44.29212407024593],[25.501004064873513,44.29078128880363],[25.502039628129296,44.29167647643183],[25.503592973012985,44.291601877462824],[25.526271808315016,44.314652958888956],[25.545326172221706,44.31704012589748],[25.55143599543092,44.31860670424683],[25.55702803701226,44.31778611558764],[25.56655521896559,44.31487675579601],[25.569972577709734,44.31271338569451],[25.571111697291116,44.30823744755352],[25.59472253952333,44.31077381250009],[25.603628383523215,44.32084467331734],[25.60424972147669,44.319278094967984],[25.610773769988242,44.318308308370774],[25.611602220592886,44.31644333414533],[25.61377690343005,44.315921141362224],[25.615640917290477,44.31763691764962],[25.61926538868579,44.31659253208338],[25.621543627848553,44.31554814651716]]]]}},{"type":"Feature","properties":{"shapeID":"2599482B28400494535503","shapeName":"BRAGADIRU","shapeGroup":"ROU","shapeType":"ADM2","parentID":"36066543B97406375074903","replaces":["2599482B28400494535503","2599482B35029885284970","2599482B260875686248"],"redrawn":"geoBoundaries draws BRAGADIRU as 3 features, one of them labelled 'BRAGADIRU' and 'BRAGADIRU'; they are drawn here as the one unit they are."},"geometry":{"type":"MultiPolygon","coordinates":[[[[25.52575402668711,43.65318390061887],[25.510427690501274,43.6514681243315],[25.510013465198966,43.65751064082184],[25.525443357710373,43.6578090366979],[25.52575402668711,43.65318390061887]]],[[[25.510427690501274,43.688693009870775],[25.50400719831532,43.68130771193813],[25.500796952222345,43.681009316062074],[25.498518713059582,43.679591935650734],[25.496447586547987,43.68153150884518],[25.50431786729206,43.68682803564536],[25.509288570919892,43.69190076553849],[25.511877479059393,43.69339274491881],[25.51778018961744,43.69458632842307],[25.51788374594304,43.69272135419766],[25.515812619431443,43.69093097894125],[25.51363793659425,43.69070718203423],[25.510427690501274,43.688693009870775]]],[[[25.472629631664603,43.71666762325199],[25.468073153339077,43.714205857274436],[25.465587801525174,43.714728050057545],[25.462584668083338,43.713982060367385],[25.454921499990434,43.71487724799559],[25.45927086566479,43.708237939753104],[25.453471711432314,43.70876013253624],[25.44073428338598,43.719054790260515],[25.44715477557193,43.724127520153644],[25.43897382585112,43.725097306750854],[25.44197695929293,43.73628715210336],[25.44311607887431,43.73680934488647],[25.451711253897457,43.7355411624132],[25.457924633432242,43.736585547979416],[25.462066886455432,43.752773524256014],[25.469315829246028,43.75187833662781],[25.47159406840879,43.760681014971766],[25.488680862129485,43.75881604074635],[25.488887974780653,43.7607556139408],[25.48143191933889,43.774854819084936],[25.48391727115282,43.775600808775096],[25.485988397664414,43.77313904279754],[25.48640262296672,43.77112487063411],[25.501211177524652,43.77284064692148],[25.499554276315394,43.77425802733279],[25.500693395896747,43.775600808775096],[25.519540647152297,43.776868991248364],[25.519954872454633,43.77507861599199],[25.522750893245274,43.775377011868045],[25.519954872454633,43.78611926340642],[25.543876383663587,43.78880482629103],[25.547915080361207,43.78984921185727],[25.544187052640325,43.79238557680384],[25.553714234593684,43.79260937371089],[25.553610678268114,43.80506740153663],[25.560652508407543,43.8080513602973],[25.56085962105871,43.803277026280256],[25.637594858313435,43.80365002112532],[25.637594858313435,43.77918155928788],[25.60694218594176,43.778733965473776],[25.60714929859293,43.76523155208179],[25.59078739915131,43.74449303869517],[25.558063600268042,43.75799545208719],[25.549986206872802,43.74874517992913],[25.54356571468685,43.7513561438447],[25.533002969477707,43.73800292839073],[25.530206948687038,43.737107740762525],[25.53683455352416,43.72920025004677],[25.530414061338206,43.72696228097627],[25.529873718862138,43.728609095311924],[25.529274941756825,43.724798910874796],[25.53113895561725,43.723829124277586],[25.53403853273349,43.72502270778185],[25.53517765231487,43.72390372324659],[25.53538476496604,43.722411743866274],[25.53693810984973,43.72136735830003],[25.53911279268692,43.714728050057545],[25.538284342082278,43.70741735109394],[25.5298962797103,43.70130023563456],[25.529274941756825,43.69794328202883],[25.521197548361584,43.7104013098546],[25.516951739012796,43.71219168511098],[25.513948605570988,43.7158470345928],[25.506285437478084,43.713534466553284],[25.509909908873368,43.707491950062945],[25.495619135943343,43.70256841810786],[25.492719558827105,43.70391119955016],[25.48101769403658,43.72174035314512],[25.471283399432053,43.71868179541545],[25.472629631664603,43.71666762325199]],[[25.5298962797103,43.72875265623267],[25.52952145083617,43.729682710770355],[25.529873718862138,43.728609095311924],[25.5298962797103,43.72875265623267]],[[25.529067829105657,43.731065224272186],[25.527721596873135,43.73315399540465],[25.528964272780087,43.73643635004137],[25.52585758301268,43.73867431911188],[25.52596113933828,43.7410614861204],[25.5247184634313,43.74203127271764],[25.51881575287325,43.740240897461234],[25.518505083896514,43.73740613663861],[25.524200681803393,43.73404918303285],[25.525132688733635,43.732035010869396],[25.528964272780087,43.731065224272186],[25.52952145083617,43.729682710770355],[25.529067829105657,43.731065224272186]]]]}},{"type":"Feature","properties":{"shapeID":"2599482B24334179401508","shapeName":"BUJORU","shapeGroup":"ROU","shapeType":"ADM2","parentID":"36066543B97406375074903","replaces":["2599482B24334179401508","2599482B95855728618173"],"redrawn":"geoBoundaries draws BUJORU as 2 features, one of them labelled 'BUJORU'; they are drawn here as the one unit they are."},"geometry":{"type":"MultiPolygon","coordinates":[[[[25.52026554143137,43.69660050058653],[25.515812619431443,43.70346360573606],[25.497172480827032,43.697122693369636],[25.492719558827105,43.70391119955016],[25.495619135943343,43.70256841810786],[25.509909908873368,43.707491950062945],[25.506285437478084,43.713534466553284],[25.513948605570988,43.7158470345928],[25.516951739012796,43.71219168511098],[25.521197548361584,43.7104013098546],[25.529274941756825,43.69794328202883],[25.527514484221967,43.699062266564084],[25.52026554143137,43.69660050058653]]],[[[25.610255988360336,43.72763367169742],[25.59896834887212,43.71987537891971],[25.614708910360264,43.713012273770175],[25.603835496174383,43.71032671088557],[25.605285284732503,43.70667136140378],[25.59482609584893,43.706745960372785],[25.59782922929074,43.6933181459498],[25.59368697626755,43.69339274491881],[25.59068384282571,43.69577991192733],[25.586438033476952,43.69697349543162],[25.584781132267665,43.70062884491341],[25.581881555151426,43.70256841810786],[25.577842858453806,43.702717616045874],[25.57566817561664,43.7018224284177],[25.571111697291116,43.70152403254161],[25.561998740640092,43.704806387178365],[25.558581381895948,43.707790345939],[25.55692448068666,43.707790345939],[25.556406699058755,43.70659676243474],[25.555164023151804,43.70614916862064],[25.54719018608216,43.71114729954476],[25.52979272338473,43.69854007378095],[25.529274941756825,43.69958445934719],[25.5298962797103,43.70130023563456],[25.538284342082278,43.70741735109394],[25.53911279268692,43.714728050057545],[25.53693810984973,43.72136735830003],[25.53538476496604,43.722411743866274],[25.53517765231487,43.72390372324659],[25.53403853273349,43.72502270778185],[25.53113895561725,43.723829124277586],[25.529274941756825,43.724798910874796],[25.529873718862138,43.728609095311924],[25.530414061338206,43.72696228097627],[25.53683455352416,43.72920025004677],[25.530206948687038,43.737107740762525],[25.533002969477707,43.73800292839073],[25.54356571468685,43.7513561438447],[25.549986206872802,43.74874517992913],[25.558063600268042,43.75799545208719],[25.60435327780229,43.73897271498794],[25.59907190519769,43.7324826046835],[25.610255988360336,43.72763367169742]]],[[[25.529873718862138,43.728609095311924],[25.52952145083617,43.729682710770355],[25.5298962797103,43.72875265623267],[25.529873718862138,43.728609095311924]]],[[[25.518505083896514,43.73740613663861],[25.51881575287325,43.740240897461234],[25.5247184634313,43.74203127271764],[25.52596113933828,43.7410614861204],[25.52585758301268,43.73867431911188],[25.528964272780087,43.73643635004137],[25.527721596873135,43.73315399540465],[25.529067829105657,43.731065224272186],[25.52952145083617,43.729682710770355],[25.528964272780087,43.731065224272186],[25.525132688733635,43.732035010869396],[25.524200681803393,43.73404918303285],[25.518505083896514,43.73740613663861]]]]}},{"type":"Feature","properties":{"shapeID":"2599482B84154453637694","shapeName":"CIUPERCENI","shapeGroup":"ROU","shapeType":"ADM2","parentID":"36066543B97406375074903","replaces":["2599482B84154453637694","2599482B70697570158857"],"redrawn":"geoBoundaries draws CIUPERCENI as 2 features, one of them labelled 'CIUPERCENI'; they are drawn here as the one unit they are."},"geometry":{"type":"MultiPolygon","coordinates":[[[[24.948220398927788,43.76739492218326],[24.970070783625175,43.76873770362556],[24.97369525502046,43.75821924899424],[24.983843774927294,43.75456389951242],[24.99544208339225,43.75762245724209],[24.99544208339225,43.74531362735436],[24.999687892741036,43.7410614861204],[25.002794582508415,43.739271110864024],[24.9993772237643,43.73942030880204],[24.998962998461963,43.73352699024974],[24.9842580002296,43.735391964475156],[24.974005923997197,43.73583955828926],[24.97100279055539,43.73449677684695],[24.97224546646234,43.730841427365135],[24.9518448703231,43.72949864592283],[24.951534201346362,43.730319234582026],[24.95060219441612,43.73024463561302],[24.950291525439383,43.73143821911728],[24.92481666934674,43.72539570262694],[24.923781106090928,43.7261416923171],[24.925748676276953,43.7270368799453],[24.92616290157926,43.728454260356614],[24.92595578892812,43.73255720365253],[24.924402444044404,43.73255720365253],[24.924402444044404,43.736137954165315],[24.914978818416643,43.73979330364713],[24.914875262091044,43.742404267562705],[24.917774839207283,43.742180470655654],[24.922952655486284,43.74389624694305],[24.921399310602595,43.74441843972616],[24.91953529674214,43.747700794362885],[24.916428606974762,43.74807378920798],[24.916428606974762,43.77187086032427],[24.931340717858262,43.77022968300591],[24.93299761906755,43.77187086032427],[24.933929625997763,43.77500401702295],[24.948116842602218,43.77306444382853],[24.948220398927788,43.76739492218326]]],[[[24.91425392413757,43.77821177269067],[24.913736142509663,43.782090919079536],[24.90710853767257,43.78746204484872],[24.931444274183832,43.80118825514779],[24.921813535904903,43.810289329367805],[24.931133605207094,43.81528746029193],[24.936104308834956,43.81088612111995],[24.937761210044215,43.81185590771716],[24.928544697067593,43.82073318503012],[24.940039449206978,43.826924899458504],[24.96251117185784,43.80506740153663],[24.91425392413757,43.77821177269067]]]]}},{"type":"Feature","properties":{"shapeID":"2599482B67240297186090","shapeName":"DRAGANESTI-VLASCA","shapeGroup":"ROU","shapeType":"ADM2","parentID":"36066543B97406375074903","replaces":["2599482B67240297186090","2599482B23402185147760"],"redrawn":"geoBoundaries draws DRAGANESTI-VLASCA as 2 features, one of them labelled 'DRAGANESTI-VLASCA'; they are drawn here as the one unit they are."},"geometry":{"type":"MultiPolygon","coordinates":[[[[25.585816695523476,44.01573489003948],[25.579292647011926,44.01595868694653],[25.576393069895687,44.01789826014095],[25.574218387058522,44.01827125498605],[25.556717368035493,44.011333550867505],[25.55557824845414,44.012527134371766],[25.549261312593757,44.00946857664209],[25.530828286640514,44.029386501369515],[25.524200681803393,44.02610414673279],[25.50007205794327,44.05124399929139],[25.51260237333844,44.057361114750734],[25.503178747710677,44.06705898072289],[25.506285437478084,44.068849355979296],[25.51104902845475,44.07362368999637],[25.531863849896325,44.08414214462769],[25.53818078575671,44.08608171782214],[25.539837686965967,44.08734990029541],[25.541391031849685,44.085559525039],[25.541183919198517,44.084738936379836],[25.543876383663587,44.083321555968524],[25.548329305663543,44.09891274049298],[25.543979939989185,44.09936033430708],[25.544187052640325,44.1008523136874],[25.54884708729142,44.100404719873325],[25.552575115012303,44.11420552914137],[25.562620078593568,44.11375793532727],[25.563241416547044,44.11457852398647],[25.566969444267926,44.115100716769575],[25.572354373198067,44.11457852398647],[25.577946414779404,44.11621970130483],[25.577014407849163,44.11815927449925],[25.581777998825856,44.11935285800354],[25.577739302128236,44.12367959820648],[25.580017541291,44.12464938480369],[25.5826064494305,44.12196382191911],[25.595758102779143,44.12405259305157],[25.599382574174427,44.123306603361414],[25.59762211663957,44.124947780679776],[25.596586553383787,44.12890152603765],[25.59772567296517,44.12919992191371],[25.599486130500026,44.136510620877345],[25.621232958871815,44.12166542604305],[25.626307218825218,44.12069563944581],[25.627860563708936,44.11569750852172],[25.62899968329029,44.114354727079416],[25.6326241546856,44.1183830714063],[25.638423308918078,44.114876919862525],[25.636145069755315,44.11278814873006],[25.638009083615742,44.10987878893843],[25.637698414639004,44.10637263739463],[25.641944223987792,44.102344293067745],[25.637491301987865,44.098539745647884],[25.641529998685485,44.097793755957724],[25.645879364359843,44.09570498482526],[25.62475387394153,44.08578332194605],[25.62889612696472,44.08108358689802],[25.61791915645324,44.076085455973896],[25.625271655569435,44.06795416835109],[25.622889860081074,44.06825256422715],[25.615537360964908,44.06489561062142],[25.614501797709124,44.063105235365015],[25.61522669198817,44.060195875573385],[25.61802271277884,44.058330901347944],[25.623511198034578,44.05765951062682],[25.62444320496479,44.05594373433942],[25.62723922575543,44.0544517549591],[25.628274789011243,44.054675551866154],[25.629828133894932,44.052512181764655],[25.62899968329029,44.0513931972294],[25.622993416406672,44.04811084259268],[25.619576057662528,44.04833463949973],[25.616055142592813,44.04684266011941],[25.61274134017424,44.04781244671662],[25.606735073290622,44.04617126939826],[25.604871059430167,44.0423667219784],[25.605078172081335,44.03930816424872],[25.607252854918528,44.03796538280642],[25.60290348924417,44.03550361682889],[25.598761236220952,44.03766698693036],[25.59886479254655,44.01655547869868],[25.593997645244286,44.01364611890702],[25.585816695523476,44.01573489003948]]],[[[25.475322096129673,44.08488813431785],[25.466830477432126,44.113161143575155],[25.47967146180403,44.113907133265315],[25.488577305803915,44.11651809718089],[25.508563676640847,44.138226397164715],[25.511566810082655,44.13830099613375],[25.522025998966228,44.1291253229447],[25.52865360380335,44.12539537449388],[25.51115258478032,44.11360873738926],[25.515916175757013,44.10995338790744],[25.53258874417537,44.1030156837889],[25.527514484221967,44.097271563174615],[25.52596113933828,44.097569959050674],[25.523372231198778,44.09615257863936],[25.494169347385224,44.092198833281486],[25.496758255524725,44.08361995184458],[25.484331496455127,44.08339615493753],[25.475322096129673,44.08488813431785]]]]}},{"type":"Feature","properties":{"shapeID":"2599482B76423000679583","shapeName":"ISLAZ","shapeGroup":"ROU","shapeType":"ADM2","parentID":"36066543B97406375074903","replaces":["2599482B76423000679583","2599482B71059292210776"],"redrawn":"geoBoundaries draws ISLAZ as 2 features, one of them labelled 'ISLAZ'; they are drawn here as the one unit they are."},"geometry":{"type":"MultiPolygon","coordinates":[[[[24.79744238888341,43.70704435624884],[24.773727990325597,43.69510852120621],[24.752498943581713,43.68705183255241],[24.74079707879119,43.685186858327],[24.734376586605237,43.685186858327],[24.726920531163472,43.68638044183126],[24.712940427210185,43.690632583065195],[24.70413813953587,43.69413873460897],[24.68259842381525,43.70547777789949],[24.67990595935018,43.70756654903195],[24.679077508745536,43.709879117071466],[24.67597081897813,43.711296497482806],[24.67742060753625,43.712788476863125],[24.672553460234013,43.71547403974773],[24.671103671675894,43.714205857274436],[24.668100538234057,43.716369227375935],[24.66923965781544,43.717339013973145],[24.657227124048177,43.72397832221563],[24.66520096111782,43.74255346550075],[24.650599519211056,43.746731007765675],[24.656398673443533,43.75471309745046],[24.674624586745608,43.751505341782746],[24.676177931629297,43.75836844693225],[24.68674067683847,43.759711228374556],[24.6839446560478,43.77231845413837],[24.696371415117397,43.77403423042574],[24.694403844931372,43.78179252320348],[24.746699789349236,43.792012581958744],[24.7514633803259,43.789103222167086],[24.750945598698024,43.78723824794167],[24.758090985163022,43.78604466443741],[24.760679893302523,43.783582898459855],[24.769896406279145,43.78634306031347],[24.772174645441908,43.78253851289364],[24.75684830925607,43.77791337681461],[24.75705542190724,43.77671979331035],[24.759022992093264,43.77358663661164],[24.761819012883905,43.77134866754116],[24.76927506832567,43.76821551084245],[24.77455644093024,43.76821551084245],[24.779630700883672,43.764560161360635],[24.77983781353481,43.76276978610423],[24.77704179274417,43.75956203043651],[24.776731123767433,43.74964036755733],[24.779527144558074,43.74441843972616],[24.783462284930124,43.7432248562219],[24.793093023209053,43.74494063250927],[24.79785661418572,43.74307565828386],[24.798581508464792,43.741434480965495],[24.79775305786015,43.73845052220483],[24.79506059339508,43.73583955828926],[24.791332565674196,43.734198380970895],[24.78791520693005,43.73121442221023],[24.788950770185863,43.72875265623267],[24.790504115069552,43.728155864480556],[24.799306402743838,43.729125651077766],[24.807694465115816,43.73576495932025],[24.81504696423201,43.73546656344416],[24.817118090743605,43.734422177877946],[24.817532316045913,43.73188581293138],[24.8166003091157,43.729349447984816],[24.814839851580842,43.72808126551152],[24.805312669627483,43.72591789541005],[24.799927740697314,43.72181495211413],[24.800549078650818,43.718085003663305],[24.809454922650673,43.71122189851377],[24.798477952139194,43.70928232531935],[24.79878862111596,43.7086109345982],[24.797131719906673,43.708014142846054],[24.79744238888341,43.70704435624884]]],[[[24.78977922079048,43.762620588166214],[24.790400558743983,43.75963662940555],[24.796717494604337,43.75963662940555],[24.79630326930203,43.753967107760275],[24.80955847897627,43.75381790982226],[24.80997270427858,43.743597851066966],[24.819603442557508,43.74255346550075],[24.820121224185414,43.73583955828926],[24.815461189534318,43.73919651189499],[24.809454922650673,43.740986887151394],[24.80696957083677,43.74441843972616],[24.80303443046472,43.74486603354026],[24.79775305786015,43.747476997455834],[24.792885910557885,43.748222987145994],[24.78387651023243,43.74688020570372],[24.783565841255694,43.754190904667325],[24.782323165348743,43.758741441777346],[24.78977922079048,43.762620588166214]]]]}},{"type":"Feature","properties":{"shapeID":"2599482B88621270188908","shapeName":"LUNCA","shapeGroup":"ROU","shapeType":"ADM2","parentID":"36066543B97406375074903","replaces":["2599482B88621270188908","2599482B1586311708085"],"redrawn":"geoBoundaries draws LUNCA as 2 features, one of them labelled 'LUNCA'; they are drawn here as the one unit they are."},"geometry":{"type":"MultiPolygon","coordinates":[[[[24.708694617861397,43.82588051389226],[24.703827470559133,43.82461233141899],[24.69595718981506,43.82491072729505],[24.6891224723268,43.821106179875216],[24.687362014791944,43.82319495100768],[24.687051345815206,43.8255821180162],[24.688397578047727,43.82528372214014],[24.69067581721049,43.82655190461341],[24.691193598838396,43.828118482962765],[24.698235428977824,43.83155003553753],[24.701031449768493,43.831475436568525],[24.701238562419633,43.830281853064264],[24.70579504074516,43.8281930819318],[24.7138724341404,43.82871527471491],[24.715425779024088,43.82483612832604],[24.708694617861397,43.82588051389226]]],[[[24.75312028153519,43.81767462730045],[24.743178874279522,43.82043478915406],[24.744317993860903,43.82312035203867],[24.74193619837257,43.82491072729505],[24.76917151200007,43.85087116851284],[24.77859513762786,43.855347106653824],[24.778284468651123,43.85877865922859],[24.76378658306993,43.86817812932469],[24.76513281530248,43.86862572313876],[24.76099056227926,43.87854738601797],[24.803862881069364,43.889215038587366],[24.799306402743838,43.89883830559049],[24.810386929580886,43.90144926950609],[24.81939632990637,43.882053537561774],[24.823849251906296,43.88235193343783],[24.833479990185225,43.8588532581976],[24.80841935939489,43.852885340676266],[24.78812231958122,43.83401180151509],[24.788432988557958,43.83304201491785],[24.75819454148862,43.817525429362405],[24.75312028153519,43.81767462730045]]]]}},{"type":"Feature","properties":{"shapeID":"2599482B15929975886396","shapeName":"TIMISOARA","shapeGroup":"ROU","shapeType":"ADM2","parentID":"36066543B49718248736475","replaces":["2599482B15929975886396","2599482B91737143557292"],"redrawn":"geoBoundaries draws TIMISOARA as 2 features, one of them labelled 'TIMISOARA'; they are drawn here as the one unit they are."},"geometry":{"type":"MultiPolygon","coordinates":[[[[21.169242965864726,45.684439227971524],[21.15919800228349,45.68384243621938],[21.162201135725297,45.68600580632085],[21.15774821372537,45.702939772287635],[21.15515930558587,45.7024175795045],[21.151638390516155,45.71532320114437],[21.149153038702224,45.71509940423732],[21.147910362795272,45.71868015475013],[21.13910807512096,45.71681518052472],[21.138072511865175,45.71964994134734],[21.136415610655888,45.71927694650225],[21.135380047400105,45.72188791041785],[21.15122416521382,45.72740823412508],[21.15225972846963,45.73143657845196],[21.148842369725486,45.735464922778846],[21.15246684112077,45.73628551143804],[21.15225972846963,45.73844888153951],[21.153088179074274,45.739045673291656],[21.158162439027677,45.738075886694446],[21.160026452888133,45.739120272260664],[21.15930155860906,45.740090058857874],[21.157437544748632,45.73986626195085],[21.156816206795128,45.74128364236216],[21.14563212363251,45.741955033083315],[21.14573567995808,45.74083604854806],[21.13196268865596,45.7379266887564],[21.12916666786529,45.73695690215919],[21.128855998888554,45.73591251659295],[21.126991985028127,45.73501732896477],[21.124610189539794,45.737852089787395],[21.125645752795577,45.73897107432265],[21.128959555214152,45.7396424650438],[21.129891562144365,45.74120904339313],[21.133619589865248,45.74083604854806],[21.135380047400105,45.742178829990365],[21.1348622657722,45.743894606277735],[21.13330892088848,45.74382000730873],[21.132584026609436,45.74568498153414],[21.137968955539606,45.74538658565805],[21.137140504934962,45.74934033101596],[21.14014363837677,45.75083231039628],[21.135690716376843,45.75262268565268],[21.137036948609364,45.754487659878095],[21.13869384981865,45.7545622588471],[21.139625856748864,45.7562780351345],[21.142525433865103,45.75694942585562],[21.14159342693489,45.76112696812058],[21.15091349623708,45.75829220729793],[21.151327721539417,45.76545370832352],[21.146357017911555,45.77753874130423],[21.15101705256265,45.78253687222832],[21.115186563912005,45.79022056603702],[21.116636352470124,45.79327912376672],[21.112079874144598,45.794696504178035],[21.11166564884229,45.79700907221755],[21.115600789214312,45.802603994893786],[21.118914591632887,45.80282779180084],[21.120467936516576,45.80417057324314],[21.116118570842218,45.809840094888386],[21.119535929586362,45.809392501074285],[21.126991985028127,45.81677779900693],[21.12512797116767,45.81789678354218],[21.127406210330435,45.81938876292253],[21.125024414842102,45.82125373714794],[21.127095541353697,45.82296951343531],[21.12512797116767,45.824536091784665],[21.126163534423483,45.82558047735088],[21.131341350702485,45.82677406085517],[21.130098674795505,45.8283406392045],[21.131134238051317,45.8292358268327],[21.133619589865248,45.828639035080585],[21.138279624516343,45.8301310144609],[21.139832969400032,45.83117540002715],[21.13890096246982,45.83214518662436],[21.140454307353508,45.834159358787815],[21.146357017911555,45.831548394872215],[21.15112060888825,45.82707245673123],[21.154227298655655,45.82893743095664],[21.15484863660913,45.82699785776222],[21.189229336701658,45.830354811367954],[21.21066549609671,45.827669248483375],[21.221953135584926,45.82446149281566],[21.22402426209652,45.82483448766072],[21.22650961391045,45.82416309693957],[21.204245003910756,45.8134208454012],[21.196478279492254,45.807005334065764],[21.20258810270147,45.800739020668374],[21.207144581026995,45.794174311394926],[21.211183277724615,45.791339550572275],[21.218328664189613,45.794174311394926],[21.22247091721283,45.79186174335541],[21.224749156375566,45.78947457634686],[21.228994965724354,45.78768420109046],[21.22816651511971,45.78671441449325],[21.244942639863666,45.78089569490996],[21.26327210949131,45.80558795365445],[21.28916119088629,45.79626308252739],[21.27580242488648,45.777837137180285],[21.28222291707243,45.77559916810978],[21.2824300297236,45.774927777388626],[21.28636517009565,45.77552456914077],[21.286986508049125,45.7729136052252],[21.274973974281863,45.77097403203075],[21.27569886856091,45.765528307292556],[21.28222291707243,45.766274296982715],[21.2824300297236,45.764856916571404],[21.285847388467744,45.76448392172631],[21.285226050514268,45.76358873409811],[21.28657228274679,45.762693546469905],[21.285433163165436,45.760977770182535],[21.28626161377005,45.75993338461629],[21.29009319781653,45.759560389771224],[21.296410133676886,45.75709862379367],[21.293821225537386,45.75441306090906],[21.296306577351316,45.75284648255973],[21.298170591211743,45.748221346480705],[21.297859922235006,45.7468785650384],[21.296410133676886,45.746281773286256],[21.297342140607128,45.74449139802988],[21.296617246328054,45.74344701246363],[21.297445696932698,45.74135824133117],[21.292474993304864,45.73926947019871],[21.293510556560648,45.73815048566345],[21.293407000235078,45.73606171453099],[21.289782528839794,45.727035239279985],[21.288229183956076,45.72412587948833],[21.287090064374695,45.72427507742637],[21.28201580442129,45.716218388772575],[21.279944677909697,45.71629298774161],[21.279012670979455,45.71487560733027],[21.27828777670041,45.716665982586676],[21.278805558328315,45.71890395165718],[21.277769995072504,45.71964994134734],[21.27279929144467,45.71539780011341],[21.264307672747123,45.72061972794455],[21.25923341279369,45.716665982586676],[21.256851617305358,45.72017213413045],[21.256333835677452,45.72233550423195],[21.25384848386355,45.72330529082916],[21.25094890674731,45.72263390010801],[21.24722087902643,45.72472267124047],[21.23903992930562,45.72479727020948],[21.239971936235833,45.7208435248516],[21.236554577491688,45.720321332068494],[21.232826549770806,45.72181331144881],[21.231273204887117,45.71927694650225],[21.225784719631378,45.7203959310375],[21.223402924143045,45.72009753516144],[21.223817149445352,45.721216519696696],[21.220399790701236,45.7216641135108],[21.219364227445425,45.719799139285385],[21.21449708014316,45.715696195989466],[21.21584331237571,45.714278815578155],[21.212529509957136,45.71398041970207],[21.213979298515255,45.71122025784848],[21.20776591898047,45.71084726300339],[21.205901905120044,45.71151865372454],[21.204245003910756,45.713532825887995],[21.1998956382364,45.71293603413585],[21.198860074980587,45.71122025784848],[21.195235603585303,45.71219004444569],[21.19420004032949,45.71025047125124],[21.191196906887683,45.71129485681749],[21.169242965864726,45.684439227971524]]],[[[21.323541890978845,45.794398108301976],[21.32147076446725,45.79626308252739],[21.324991679536964,45.79827725469082],[21.327269918699727,45.79648687943444],[21.323541890978845,45.794398108301976]]]]}},{"type":"Feature","properties":{"shapeID":"2599482B95910170912575","shapeName":"MARGINA","shapeGroup":"ROU","shapeType":"ADM2","parentID":"36066543B49718248736475","replaces":["2599482B95910170912575","2599482B95683361390026"],"redrawn":"geoBoundaries draws MARGINA as 2 features, one of them labelled 'MARGINA'; they are drawn here as the one unit they are."},"geometry":{"type":"MultiPolygon","coordinates":[[[[22.402288134545046,45.860641992788686],[22.386340460405734,45.86802729072133],[22.372671025429185,45.87623317731317],[22.368632328731564,45.88361847524581],[22.378055954359326,45.886154840192376],[22.383130214312757,45.88563264740924],[22.386340460405734,45.88361847524581],[22.389240037521972,45.87981392782595],[22.391311164033567,45.87451740102577],[22.39514274808002,45.8732492185525],[22.401252571289234,45.869295473194626],[22.40332369780083,45.866684509279025],[22.401977465568308,45.86481953505361],[22.403427254126427,45.863551352580345],[22.40311658514969,45.861387982478846],[22.402288134545046,45.860641992788686]]],[[[22.364386519382776,45.88421526699793],[22.359105146778205,45.88414066802892],[22.353513105196896,45.8817535010204],[22.34222546570868,45.881082110299246],[22.338704550638965,45.87988852679496],[22.337151205755276,45.8786949432907],[22.326795573197273,45.87518879174692],[22.324310221383342,45.872727025769365],[22.32203198222058,45.8723540309243],[22.31923596142994,45.86944467113264],[22.31519726473232,45.86989226494674],[22.312090574964913,45.86780349381428],[22.30722342766265,45.866236915464924],[22.29469311226748,45.85892621650132],[22.296971351430244,45.858702419594266],[22.303495399941795,45.852212309289825],[22.29490022491865,45.854450278360304],[22.29334688003496,45.85183931444473],[22.287754838453623,45.85325669485604],[22.285787268267626,45.84975054331227],[22.28682283152341,45.846468188675544],[22.288997514360602,45.847214178365704],[22.289204627011742,45.845498402078334],[22.293243323709362,45.84602059486144],[22.29345043636053,45.84393182372898],[22.290240190267554,45.84109706290636],[22.297178464081412,45.837590911362554],[22.29231131677915,45.83311497322157],[22.291793535151243,45.829608821677795],[22.284337479709507,45.82558047735088],[22.265490228453956,45.82222352374515],[22.25803417301219,45.82102994024089],[22.253167025709928,45.825282081474825],[22.253063469384358,45.82819144126648],[22.251095899198333,45.831772191779265],[22.249335441663476,45.83221978559337],[22.247989209430926,45.83430855672583],[22.24726431515188,45.83833690105274],[22.23773713319852,45.837292515486496],[22.21630097380347,45.85855322165622],[22.220961008454566,45.85788183093507],[22.220753895803426,45.86004520103657],[22.2259317120824,45.86049279485067],[22.22323924761733,45.86362595154935],[22.224999705152186,45.86437194123951],[22.22427481087314,45.865267128867714],[22.225103261477784,45.866236915464924],[22.22707083166378,45.86519252989871],[22.234941112407853,45.86772889484527],[22.23535533771019,45.86914627525658],[22.238151358500858,45.870041462884785],[22.230177521431187,45.876531573189226],[22.230591746733495,45.87891874019775],[22.233284211198594,45.8817535010204],[22.238876252779903,45.892197356682715],[22.23908336543107,45.896300299978634],[22.23804780217526,45.89935885770831],[22.23939403440781,45.90316340512814],[22.24312206212869,45.90264121234503],[22.246850089849545,45.90361099894224],[22.248506991058832,45.90540137419865],[22.247885653105357,45.910250307184725],[22.24861054738443,45.915024641201796],[22.2461251955705,45.92121635563015],[22.247057202500713,45.92248453810345],[22.245296744965856,45.92487170511197],[22.24892121636117,45.926139887585265],[22.24995677961695,45.92800486181068],[22.25575593384943,45.92972063809805],[22.257619947709884,45.93270459685871],[22.26207286970981,45.934867966960184],[22.266008010081833,45.93442037314608],[22.27025381943062,45.930466627788206],[22.27304984022129,45.93098882057134],[22.27325695287243,45.93292839376576],[22.275431635709623,45.93419657623906],[22.277502762221218,45.932853794796756],[22.280505895663026,45.932406200982655],[22.28816906375596,45.93374898242496],[22.288790401709434,45.93277919582772],[22.29220776045358,45.93270459685871],[22.29479666859308,45.9308396226333],[22.297074907755814,45.9308396226333],[22.302356280360414,45.93203320613756],[22.306498533383603,45.93688213912364],[22.310123004778887,45.93621074840249],[22.31219413129051,45.9376281288138],[22.30815543459289,45.93994069685331],[22.308051878267293,45.94337224942808],[22.31095145538353,45.946356208188746],[22.31229768761608,45.949489364887455],[22.311779905988175,45.951205141174825],[22.3137474761742,45.95374150612139],[22.313436807197462,45.95486049065664],[22.315507933709057,45.96232038755829],[22.315507933709057,45.965378945287966],[22.311779905988175,45.96552814322601],[22.311365680685867,45.96664712776126],[22.31364391984863,45.967094721575364],[22.322653320174084,45.9717944566234],[22.33953300124361,45.9731372380657],[22.33942944491801,45.974330821569964],[22.341811240406372,45.97373402981785],[22.345125042824918,45.97418162363195],[22.348438845243464,45.97246584734455],[22.352788210917822,45.9726896442516],[22.35693046394104,45.970227878274045],[22.364800744685112,45.96963108652193],[22.368528772405995,45.96716932054437],[22.37339591970823,45.96627413291617],[22.377641729057018,45.96425996075274],[22.380437749847687,45.96232038755829],[22.380748418824425,45.95903803292157],[22.382301763708114,45.95784444941731],[22.38665112938247,45.95583027725385],[22.391828945661473,45.954785891687635],[22.402288134545046,45.94762439066204],[22.403737923103165,45.9462070102507],[22.40425570473107,45.94389444221119],[22.41285087975419,45.94173107210972],[22.415543344219287,45.93919470716315],[22.417821583382022,45.938523316442],[22.418960702963403,45.93688213912364],[22.417407358079714,45.93546475871233],[22.418132252358788,45.933599784486915],[22.417614470730882,45.93277919582772],[22.419064259289,45.93136181541641],[22.418753590312264,45.930466627788206],[22.415854013196025,45.92845245562478],[22.414714893614644,45.92546849686411],[22.411608203847237,45.922782933979505],[22.41254021077745,45.9214401525372],[22.41098686589376,45.91979897521884],[22.41140109119607,45.91345806285244],[22.409122852033306,45.91032490615373],[22.410469084265856,45.90719174945505],[22.40684461287057,45.904207790694386],[22.401977465568308,45.903536399973234],[22.401459683940402,45.900850837088626],[22.40052767701019,45.900403243274525],[22.387479579987115,45.89764308142091],[22.384994228173184,45.894584523691236],[22.376606165801206,45.88951179379811],[22.375259933568685,45.88779601751074],[22.371531905847803,45.887423022665644],[22.36790743445249,45.88511045462613],[22.364386519382776,45.88421526699793]]]]}},{"type":"Feature","properties":{"shapeID":"11073933B76991292071364","shapeName":"Zlatitsa","shapeGroup":"BGR","shapeType":"ADM2","parentID":"22928101B17014479854950","replaces":["11073933B76991292071364","11073933B60320132010156"],"redrawn":"geoBoundaries draws Zlatitsa as 2 features, one of them labelled 'Zlatitsa'; they are drawn here as the one unit they are."},"geometry":{"type":"MultiPolygon","coordinates":[[[[24.049662161870685,42.55001434680159],[23.967127770383485,42.571275052971316],[23.96650643242998,42.610290313766995],[24.01797392624323,42.63610155704674],[24.049662161870685,42.55001434680159]]],[[[24.182214258613016,42.778361790961355],[24.130953877450935,42.70219624359544],[24.124119159962646,42.6440836467315],[24.152804262148294,42.62006277870816],[24.13022898317186,42.601860630268106],[24.096158952056072,42.62386732612802],[24.053597302242707,42.68317350649619],[24.084457087265548,42.702494639471496],[24.075137017963357,42.75396792809295],[24.13696014433458,42.7852994950799],[24.182214258613016,42.778361790961355]]]]}},{"type":"Feature","properties":{"shapeID":"41942358B56064565121242","shapeName":"Opicina Pirovac","shapeGroup":"HRV","shapeType":"ADM2","parentID":"27960609B2739070191620","replaces":["41942358B56064565121242","41942358B86068104638384","41942358B73644152682265"],"redrawn":"geoBoundaries draws Opicina Pirovac as 3 features, one of them labelled 'Opicina Muter-Kornati' and 'Otok Kornat'; they are drawn here as the one unit they are."},"geometry":{"type":"MultiPolygon","coordinates":[[[[15.597912649664124,43.832669020072785],[15.596773530082743,43.82483612832604],[15.598326874966432,43.82446313348095],[15.60101933943153,43.826924899458504],[15.601640677385006,43.82625350873735],[15.60246912798965,43.82699949842751],[15.605886486733766,43.82707409739655],[15.606404268361672,43.8264773056444],[15.607025606315148,43.825209123171135],[15.60402247287334,43.820882382968165],[15.605679374082627,43.81931580461881],[15.605886486733766,43.81394467884962],[15.613135429524363,43.80536579741272],[15.61738123887315,43.80685777679304],[15.623491062082365,43.80394841700141],[15.623905287384673,43.799696275767445],[15.62835820938463,43.800442265457605],[15.62960088529158,43.79917408298434],[15.626804864500912,43.796786915975815],[15.627322646128817,43.79410135309121],[15.630636448547392,43.79596632731662],[15.632707575058987,43.79596632731662],[15.637056940733345,43.798726489170235],[15.64171697538444,43.798726489170235],[15.64316676394256,43.79790590051104],[15.644098770872773,43.79589172834761],[15.648033911244823,43.79432514999826],[15.647930354919225,43.79216177989679],[15.649276587151775,43.789103222167086],[15.65269394589592,43.78701445103462],[15.648033911244823,43.7846272840261],[15.645030777802987,43.78455268505709],[15.644098770872773,43.785447872685296],[15.643788101896035,43.78447808608806],[15.642441869663486,43.78447808608806],[15.644927221477417,43.782836908769696],[15.64720546064018,43.78343370052184],[15.652901058547059,43.78037514279217],[15.654557959756346,43.77821177269067],[15.658493100128396,43.778510168566726],[15.657457536872585,43.77522781393],[15.663153134779492,43.773213641766574],[15.66770961310499,43.7670965263072],[15.666984718825944,43.764336364453584],[15.661082008267897,43.76687272940015],[15.658182431151658,43.76411256754653],[15.652486833244751,43.764783958267685],[15.650622819384296,43.7684393077495],[15.646998347989012,43.766723531462105],[15.645548559430893,43.76702192733819],[15.64316676394256,43.76806631290441],[15.642027644361178,43.76978208919181],[15.638817398268202,43.76925989640867],[15.63239690608225,43.77284064692148],[15.631672011803175,43.77455642320885],[15.63094711752413,43.773213641766574],[15.626597751849772,43.77373583454968],[15.625355075942792,43.77552620980609],[15.62276616780332,43.776868991248364],[15.622662611477722,43.77865936650477],[15.624630181663747,43.782389314955594],[15.620798597617295,43.78291150773873],[15.61738123887315,43.785447872685296],[15.617795464175458,43.78746204484872],[15.616242119291769,43.78753664381776],[15.612410535245317,43.79469814484335],[15.61075363403603,43.79619012422367],[15.609510958129079,43.79708531185187],[15.607025606315148,43.79611552525466],[15.604126029198909,43.793206165463005],[15.601433564733838,43.79648852009973],[15.598119762315292,43.79604092628563],[15.59698064273391,43.796786915975815],[15.596669973757173,43.79790590051104],[15.593770396640934,43.79917408298434],[15.593873952966504,43.801859645868944],[15.59294194603629,43.80297863040417],[15.589421030966577,43.80230723968302],[15.58900680566424,43.80365002112532],[15.59045659422236,43.80678317782403],[15.586107228548002,43.805962589164835],[15.585900115896862,43.80775296442124],[15.579272511059742,43.81207970462421],[15.578444060455098,43.814168475756674],[15.579790292687619,43.816108048951094],[15.573991138455142,43.81737623142439],[15.574612476408646,43.82125537781323],[15.573680469478404,43.82409013863588],[15.569123991152907,43.82707409739655],[15.566224414036668,43.82699949842751],[15.564774625478549,43.82782008708671],[15.565810188734332,43.832892816979836],[15.575026701710954,43.833713405639],[15.574301807431908,43.83058024894032],[15.578961842083004,43.83005805615721],[15.584553883664313,43.82252356028653],[15.586625010175908,43.82125537781323],[15.59459884724555,43.82334414894572],[15.591388601152573,43.82849147780786],[15.591699270129311,43.830505649971315],[15.596255748454837,43.83475779120525],[15.597912649664124,43.832669020072785]]],[[[15.453140906503364,43.73934570983303],[15.451276892642937,43.73748073560762],[15.449309322456912,43.73725693870057],[15.446513301666243,43.739271110864024],[15.440403478457029,43.74135988199649],[15.43885013357334,43.743374054159915],[15.439160802550077,43.744567637664204],[15.436882563387314,43.746208814982566],[15.424248691666577,43.75068475312355],[15.422902459434027,43.751803737658804],[15.41461795338762,43.75478769641947],[15.411407707294643,43.75702566548998],[15.409543693434216,43.756801868582926],[15.40364098287617,43.76150160363096],[15.395252920504191,43.765753744864895],[15.390799998504235,43.76702192733819],[15.386347076504308,43.76717112527621],[15.382722605109024,43.769334495377706],[15.382411936132286,43.770528078881966],[15.378891021062543,43.770826474758024],[15.36170067101628,43.780449741761174],[15.35610862943497,43.77977835104002],[15.351241482132707,43.780673538668225],[15.345545884225828,43.78343370052184],[15.339125392039847,43.78880482629103],[15.33467247003992,43.78940161804317],[15.335086695342255,43.786417659282506],[15.330737329667897,43.78679065412757],[15.328873315807442,43.789103222167086],[15.323902612179609,43.7914157902066],[15.322867048923797,43.792982368555954],[15.316653669389012,43.79768210360399],[15.314996768179725,43.79790590051104],[15.313236310644868,43.80074066133369],[15.308472719668202,43.80111365617876],[15.30743715641239,43.802083442775995],[15.306401593156608,43.80103905720975],[15.303709128691509,43.80096445824074],[15.303294903389201,43.80297863040417],[15.299566875668319,43.80581339122682],[15.299877544645057,43.80842435514239],[15.302880678086893,43.80917034483255],[15.301741558505512,43.80969253761566],[15.305987367854271,43.80991633452271],[15.297702861807892,43.81275109534536],[15.29666729855208,43.810811522150914],[15.292007263900985,43.81297489225241],[15.29387127776144,43.81640644482715],[15.291696594924247,43.81804762214554],[15.288797017808008,43.816331845858144],[15.285379659063864,43.81573505410603],[15.284136983156912,43.8178984242075],[15.285379659063864,43.81916660668077],[15.284136983156912,43.820360190185056],[15.284136983156912,43.82215056544143],[15.274299132226815,43.82670110255145],[15.273988463250078,43.82394094069784],[15.271399555110577,43.82215056544143],[15.26570395720367,43.82535832110915],[15.264357724971148,43.82796928502475],[15.260733253575836,43.82849147780786],[15.256591000552646,43.83378800460804],[15.256694556878216,43.835578379864415],[15.25472698669222,43.83617517161656],[15.255451880971265,43.83938292728428],[15.249756283064386,43.83900993243918],[15.246960262273717,43.840427312850494],[15.247063818599287,43.844231860270355],[15.244682023110954,43.845723839650674],[15.241368220692408,43.844977849960515],[15.24250734027379,43.84766341284512],[15.242196671297052,43.84922999119448],[15.246338924320241,43.85012517882265],[15.242403783948191,43.85452651799463],[15.23712241134362,43.85877865922859],[15.23163392608788,43.86124042520615],[15.229252130599548,43.864448180873836],[15.223867201669378,43.86631315509925],[15.220449842925262,43.86981930664305],[15.223763645343809,43.87228107262058],[15.221485406181046,43.87354925509388],[15.221796075157783,43.87451904169109],[15.22490276492519,43.87377305200093],[15.22635255348331,43.87511583344323],[15.23163392608788,43.87541422931929],[15.233912165250644,43.87690620869961],[15.23960776315755,43.87474283859814],[15.240125544785428,43.87078909324026],[15.24385357250631,43.87101289014731],[15.246131811669073,43.872654067465675],[15.253173641808502,43.868774921076806],[15.254416317715481,43.870714494271255],[15.259490577668885,43.86892411901485],[15.263011492738599,43.86922251489091],[15.267567971064125,43.86526876953303],[15.267878640040863,43.86362759221467],[15.264357724971148,43.86467197778089],[15.26145814785491,43.864448180873836],[15.26000835929679,43.865417967471075],[15.259076352366577,43.86116582623711],[15.251102515296907,43.86243400871041],[15.254209205064313,43.85870406025958],[15.25752300748286,43.85706288294119],[15.26156170418048,43.852885340676266],[15.26829286534317,43.84960298603954],[15.272745787343126,43.848334803566274],[15.277923603622128,43.84408266233231],[15.28185874399415,43.84296367779706],[15.2857938843662,43.83960672419133],[15.290868144319603,43.83707035924476],[15.29666729855208,43.834608593267205],[15.299670431993917,43.83423559842214],[15.309094057621678,43.82707409739655],[15.311268740458843,43.82655190461341],[15.324006168505178,43.81849521595964],[15.328355534179536,43.817003236579296],[15.333015568830632,43.81282569431437],[15.33332623780737,43.811259115965015],[15.336018702272469,43.811259115965015],[15.34285341976073,43.80752916751419],[15.343681870365373,43.80581339122682],[15.345856553202566,43.804545208753524],[15.354555284551282,43.79581712937858],[15.362425565295354,43.786193862375455],[15.369156726458044,43.78291150773873],[15.370813627667332,43.781195731451334],[15.38458661896945,43.77552620980609],[15.385000844271758,43.772020058262285],[15.385622182225262,43.77276604795247],[15.391524892783309,43.77112487063411],[15.403226757573833,43.76441096342259],[15.405504996736596,43.76179999950702],[15.415032178689955,43.758070051056194],[15.420106438643359,43.75702566548998],[15.428080275713029,43.75359411291521],[15.43470788055015,43.74941657065028],[15.436986119712913,43.746954804672725],[15.447963090224363,43.74538822632337],[15.454383582410316,43.7406138923063],[15.45925072971258,43.73979330364713],[15.461218299898604,43.738301324266786],[15.461425412549772,43.73621255313432],[15.459561398689317,43.7338253861258],[15.455522701991697,43.73606335519631],[15.453140906503364,43.73934570983303]]],[[[15.771058826033766,43.840128916974436],[15.76380988324317,43.8178984242075],[15.752522243754981,43.802829432466154],[15.735435450034288,43.78701445103462],[15.735021224731952,43.7837320963979],[15.739163477755142,43.77530241289904],[15.748690659708501,43.768364708780496],[15.753764919661933,43.761874598476055],[15.755421820871192,43.75717486342799],[15.755007595568884,43.75568288404767],[15.757907172685123,43.75411630569832],[15.757285834731647,43.75232593044191],[15.74993333561548,43.752773524256014],[15.745066188313217,43.75545908714062],[15.74340928710393,43.75351951394617],[15.740509709987691,43.75530988920258],[15.741027491615597,43.757100264458984],[15.736367456964501,43.75978582734356],[15.729014957848335,43.75889063971539],[15.72715094398788,43.761650801569004],[15.730775415383192,43.76209839538308],[15.729946964778549,43.76373957270147],[15.725390486453023,43.762844385073265],[15.724562035848379,43.76418716651557],[15.722076684034477,43.76269518713522],[15.71896999426707,43.76247139022817],[15.70954636863928,43.76515695311278],[15.70271165115102,43.76821551084245],[15.699087179755708,43.76873770362556],[15.697119609569711,43.765753744864895],[15.69473781408135,43.76590294280294],[15.696291158965067,43.77000588609886],[15.695359152034854,43.77164706341722],[15.687385314965184,43.77627219949625],[15.686246195383802,43.77470562114689],[15.684175068872207,43.77619760052721],[15.686660420686138,43.77746578300051],[15.684589294174515,43.78007674691608],[15.684589294174515,43.78253851289364],[15.683657287244301,43.784179690212],[15.678583027290898,43.78440348711905],[15.677961689337423,43.78589546649937],[15.674130105290942,43.78783503969382],[15.672473204081683,43.787909638662825],[15.67164475347704,43.78873022732202],[15.673301654686327,43.791266592268585],[15.670919859197966,43.7914157902066],[15.668020282081727,43.7940267541222],[15.662531796826016,43.797010712882866],[15.659839332360917,43.799696275767445],[15.657250424221417,43.799248681953344],[15.655904191988895,43.79693611391383],[15.65393662180287,43.79708531185187],[15.652176164268013,43.797532905665975],[15.648862361849439,43.8012628541168],[15.646377010035536,43.79880108813924],[15.640992081105367,43.79954707782943],[15.63912806724494,43.80118825514779],[15.636021377477533,43.80223264071401],[15.6310506738497,43.805514995350734],[15.630015110593888,43.80708157370009],[15.624423069012579,43.809319542770595],[15.619038140082438,43.81379548091158],[15.616242119291769,43.81498906441584],[15.6161385629662,43.817003236579296],[15.61727768254758,43.81976339843291],[15.615931450315031,43.82125537781323],[15.615827893989461,43.82289655513162],[15.618106133152196,43.82289655513162],[15.622041273524246,43.81939040358782],[15.623076836780058,43.817077835548304],[15.627529758779986,43.81595885101308],[15.629807997942748,43.810289329367805],[15.634260919942676,43.811482912872066],[15.635400039524058,43.81327328812847],[15.635400039524058,43.81543665822994],[15.63767827868682,43.81767462730045],[15.641509862733272,43.817301632455354],[15.64327032026813,43.81431767369469],[15.64720546064018,43.81595885101308],[15.652176164268013,43.81625724688914],[15.652176164268013,43.81476526750879],[15.654765072407514,43.81312409019043],[15.668020282081727,43.80737996957615],[15.673819436314204,43.80752916751419],[15.678790139942066,43.80245643762106],[15.680239928500185,43.79723450978992],[15.6837608435699,43.7999946716435],[15.6837608435699,43.801635848961894],[15.678583027290898,43.80700697473108],[15.67702968240718,43.81215430359322],[15.679204365244374,43.81454147060174],[15.682103942360612,43.815809653075036],[15.680032815849017,43.81625724688914],[15.677651020360685,43.814616069570775],[15.67164475347704,43.81551125719898],[15.668123838407325,43.815063663384876],[15.66750250045385,43.816331845858144],[15.663153134779492,43.81670484070324],[15.662842465802754,43.81953960152586],[15.659839332360917,43.820882382968165],[15.657664649523753,43.82073318503012],[15.654350847105178,43.82550751904719],[15.650933488361062,43.82580591492325],[15.649276587151775,43.82804388399376],[15.646480566361106,43.82826768090081],[15.645652115756462,43.83043105100228],[15.642856094965822,43.83110244172343],[15.63902451091937,43.83423559842214],[15.636124933803131,43.83334041079394],[15.63239690608225,43.8345339942982],[15.631361342826438,43.83639896852361],[15.627840427756723,43.83833854171803],[15.627943984082293,43.840128916974436],[15.624940850640485,43.843784266456254],[15.621005710268435,43.84430645923936],[15.620073703338221,43.84333667264215],[15.6134460985011,43.844679454084456],[15.60391891654777,43.84482865202247],[15.600915783105933,43.845425443774616],[15.598741100268768,43.84729041800003],[15.596152192129267,43.848111006659224],[15.589110361989839,43.84848400150429],[15.586935679152646,43.852661543769216],[15.584450327338743,43.852661543769216],[15.583932545710837,43.853407533459404],[15.584553883664313,43.85452651799463],[15.581240081245738,43.857510476755294],[15.57823694780393,43.857734273662345],[15.575337370687691,43.8593008520117],[15.577926278827192,43.86370219118368],[15.575440927013261,43.86705914478944],[15.574301807431908,43.86459737881188],[15.568606209525,43.86191181592727],[15.567984871571525,43.85937545098071],[15.566224414036668,43.860121440670895],[15.566224414036668,43.860867430361054],[15.56870976585057,43.862508607679416],[15.566327970362238,43.863478394276626],[15.564463956501811,43.861091227268105],[15.56208216101345,43.8597484458258],[15.55938969654838,43.8601960396399],[15.558871914920474,43.860643633454],[15.561046597757667,43.863776790152684],[15.56456751282738,43.86497037365697],[15.561253710408835,43.86579096231614],[15.558768358594904,43.868327327262705],[15.558354133292596,43.870714494271255],[15.558975471246072,43.87198267674452],[15.565810188734332,43.87623481797846],[15.571195117664502,43.880859954057485],[15.574508920083048,43.885410491167505],[15.583104095106194,43.8827249282829],[15.58776412975729,43.879666370553224],[15.599362438222244,43.868774921076806],[15.600915783105933,43.86571636334713],[15.631464899152007,43.84870779841134],[15.636849828082177,43.848111006659224],[15.635710708500795,43.8503489757297],[15.63115423017527,43.85273614273825],[15.631257786500868,43.85489951283972],[15.62711553347765,43.85415352314956],[15.62431951268701,43.85810726850744],[15.625355075942792,43.85982304479481],[15.628565322035769,43.85959924788776],[15.6310506738497,43.856764487065135],[15.635503595849627,43.8584056643835],[15.639335179896108,43.85810726850744],[15.642338313337916,43.85967384685679],[15.643995214547203,43.86161342005121],[15.652486833244751,43.86310539943156],[15.673508767337466,43.88339631900405],[15.68231105501178,43.887350064361954],[15.692563131244185,43.88078535508848],[15.702400982174282,43.87250486952763],[15.725286930127453,43.86631315509925],[15.73512478105755,43.86071823242301],[15.757803616359553,43.851020366450854],[15.771058826033766,43.840128916974436]]]]}},{"type":"Feature","properties":{"shapeID":"46923920B21347225976460","shapeName":"Dromolaxia","shapeGroup":"CYP","shapeType":"ADM2","parentID":"96831152B734989497708","replaces":["46923920B21347225976460","46923920B15655385768829"],"redrawn":"geoBoundaries draws Dromolaxia as 2 features, one of them labelled 'Meneou'; they are drawn here as the one unit they are."},"geometry":{"type":"Polygon","coordinates":[[[33.61878442708476,34.86990128860596],[33.61526351201505,34.85960663088167],[33.61743819485221,34.84491063398539],[33.611742596945334,34.83901731543308],[33.603354534573356,34.84118068553457],[33.59486291587581,34.8508039525377],[33.582021931503874,34.86035262057183],[33.58264326945738,34.86467936077479],[33.5767405588993,34.86505235561988],[33.57197696792264,34.87184086180038],[33.56586714471342,34.87221385664547],[33.56866316550406,34.87579460715827],[33.566799151643636,34.88489568137828],[33.55375105462056,34.88870022879813],[33.55312971666709,34.89906948549144],[33.558721758248396,34.90018847002669],[33.564210243504135,34.89548873497864],[33.57000939773661,34.89630932363782],[33.57353031280633,34.902501038066205],[33.588442423689855,34.902501038066205],[33.59455224689907,34.90533579888883],[33.60449365415474,34.897801303018156],[33.611639040619735,34.897428308173076],[33.61536706834062,34.892131781372896],[33.606357668015164,34.8894462184883],[33.611742596945334,34.879599154578116],[33.617127525875475,34.87572000818925],[33.61878442708476,34.86990128860596]]]}},{"type":"Feature","properties":{"shapeID":"19026983B74744845285354","shapeName":"Les Monegetti","shapeGroup":"MCO","shapeType":"ADM2","parentID":"64170238B96397749018979","replaces":["19026983B74744845285354","19026983B23086528752726"],"redrawn":"geoBoundaries draws Les Monegetti as 2 features, one of them labelled 'Sainte-Dévote'; they are drawn here as the one unit they are."},"geometry":{"type":"Polygon","coordinates":[[[7.414477577035171,43.735914157258264],[7.419137611686267,43.73889811601893],[7.422244301453674,43.73762993354566],[7.418102048430484,43.734422177877946],[7.415098914988647,43.735168167568105],[7.414477577035171,43.735914157258264]]]}},{"type":"Feature","properties":{"shapeID":"2272694B10601306194261","shapeName":"Montijo","shapeGroup":"PRT","shapeType":"ADM2","parentID":"24955722B80201627987226","replaces":["2272694B10601306194261","2272694B43421578736002"],"redrawn":"geoBoundaries draws Montijo as 2 features, one of them labelled 'Montijo'; they are drawn here as the one unit they are."},"geometry":{"type":"MultiPolygon","coordinates":[[[[-8.955188589013375,38.674001114637775],[-8.979317212873497,38.6939190393652],[-8.97879943124559,38.69578401359061],[-8.975071403524709,38.69869337338227],[-8.974242952920065,38.697872784723074],[-8.965026439943472,38.697126795032915],[-8.963783764036492,38.69414283627225],[-8.95995217999004,38.690412887821424],[-8.959641511013302,38.69168107029472],[-8.96129841222259,38.69332224761308],[-8.96129841222259,38.694963424931444],[-8.963369538734185,38.697872784723074],[-8.970825594175949,38.69869337338227],[-8.975796297803782,38.701229738328834],[-8.98169900836183,38.70040914966964],[-8.982113233664165,38.7024979208021],[-8.98418436017576,38.702870915647196],[-8.98987995808264,38.70257251977114],[-9.02229308798917,38.72920435171005],[-9.018357947617119,38.729577346555146],[-9.017633053338074,38.73039793521431],[-9.013283687663716,38.73039793521431],[-9.007070308128931,38.73412788366514],[-9.007484533431239,38.735396066138435],[-9.012558793384642,38.73211371150171],[-9.015769039477618,38.73211371150171],[-9.016286821105524,38.73502307129334],[-9.007588089756808,38.74039419706253],[-8.93012795822301,38.69354604452013],[-8.955188589013375,38.674001114637775]]],[[[-8.523669380321763,38.799476580523674],[-8.519527127298574,38.74628751561485],[-8.642241373110807,38.672061541443355],[-8.769926322550873,38.726742585732495],[-8.74486569176051,38.775604910438375],[-8.732335376365342,38.875045336137475],[-8.645140950227045,38.862736506249746],[-8.523669380321763,38.799476580523674]]]]}},{"type":"Feature","properties":{"shapeID":"2272694B86153814936026","shapeName":"Ilhavo","shapeGroup":"PRT","shapeType":"ADM2","parentID":"24955722B60132865756536","replaces":["2272694B86153814936026","2272694B64447610403706"],"redrawn":"geoBoundaries draws Ilhavo as 2 features, one of them labelled 'Ilhavo'; they are drawn here as the one unit they are."},"geometry":{"type":"MultiPolygon","coordinates":[[[[-8.757188894504537,40.60962056371116],[-8.748283050504654,40.573663860645155],[-8.768683646643893,40.57858739260024],[-8.76619829482999,40.588359857541434],[-8.764541393620704,40.590001034859796],[-8.764541393620704,40.59664034310228],[-8.758742239388226,40.609023771959016],[-8.757188894504537,40.60962056371116]]],[[[-8.716077033249292,40.58970263898374],[-8.704789393761075,40.653559356461926],[-8.652493449343211,40.59253739980636],[-8.716077033249292,40.58970263898374]]]]}}]}