{"type": "FeatureCollection", "features": [{"type": "Feature", "properties": {"shapeID": "URY-REST-27058087B51474914010310", "shapeName": "Salto, outside any municipio", "shapeGroup": "URY", "shapeType": "ADM2", "parentID": "27058087B51474914010310"}, "geometry": {"type": "MultiPolygon", "coordinates": [[[[-58.039371656340016, -31.507199624980096], [-58.064772713545544, -31.498258422330718], [-58.07601906373079, -31.489627280649557], [-58.078834315832374, -31.486009410510434], [-58.08278984961687, -31.47476965512129], [-58.08112949614367, -31.460487585355967], [-58.05529110822127, -31.434151856767063], [-58.032804665236064, -31.421102429106462], [-58.00389134618628, -31.408676489281945], [-57.98148023094841, -31.391265226954225], [-57.97844143566192, -31.38291736145463], [-57.99054069694061, -31.36377884378295], [-57.99184792017486, -31.358544137544783], [-57.98299962859166, -31.334181727633194], [-57.98140693820776, -31.32293475460095], [-57.97520483264284, -31.312763073903756], [-57.95691663571594, -31.297212608992133], [-57.941722659283485, -31.28000010536678], [-57.93482206165375, -31.269585149362527], [-57.91436189957164, -31.184033529724285], [-57.91288769317227, -31.18255495955916], [-57.910507606890775, -31.18390254975269], [-57.894994553490726, -31.183861119974242], [-57.88358490054668, -31.186886742609282], [-57.86276619470645, -31.180542624152164], [-57.838537546821804, -31.18599131672998], [-57.82637939169732, -31.18631503082521], [-57.814925141892665, -31.203373561223103], [-57.807731336143156, -31.20829888793721], [-57.797738321591694, -31.208296464057533], [-57.79204406416175, -31.193728277503652], [-57.78248300675414, -31.18602578770319], [-57.764081081202875, -31.18503106943922], [-57.72690429358783, -31.189347640315518], [-57.697704691286745, -31.182966082175255], [-57.683261294347815, -31.189665618652963], [-57.63936463553736, -31.205513759847445], [-57.589435006903756, -31.21560958690084], [-57.582029670558164, -31.21560723973591], [-57.551264865414616, -31.190556576857862], [-57.54014014859206, -31.185893040392], [-57.52950273254591, -31.190505756248097], [-57.52945226505305, -31.20226532633776], [-57.53480500762973, -31.222398063398987], [-57.53117948369229, -31.23463095064151], [-57.51937511269025, -31.255070702923874], [-57.49897544242005, -31.273422157721686], [-57.42077527336541, -31.31136315715869], [-57.40494663045333, -31.324821255878692], [-57.38806699532188, -31.335189462815112], [-57.37054392607645, -31.338325600923323], [-57.35349174006291, -31.356759320645306], [-57.33823085141781, -31.384213490037162], [-57.32760491800753, -31.413407561388553], [-57.31547329856115, -31.439852310759278], [-57.30791519251588, -31.442164515529914], [-57.292844444446025, -31.438299934233736], [-57.27838254443157, -31.427361993522798], [-57.250467682189466, -31.42073714710113], [-57.21865125289896, -31.420918841362887], [-57.134887931487924, -31.442730441204024], [-57.09380935568282, -31.459781504618395], [-57.060988848915194, -31.465440502627267], [-57.04363997053445, -31.465066492518016], [-57.03291275608194, -31.45986019292974], [-57.018187544153875, -31.462355438692303], [-57.00128573144855, -31.47028750007314], [-56.995384544362956, -31.462084107716752], [-56.99922555608335, -31.444600824030385], [-57.005222923632395, -31.392335344374917], [-57.016198358480864, -31.368911196298704], [-57.03220822663866, -31.345098400044176], [-57.04287126307399, -31.333300054602642], [-57.05684769498154, -31.321165684078323], [-57.05829588854292, -31.302418755866288], [-57.054205206243346, -31.294386182627754], [-57.05904360672681, -31.28637209089694], [-57.07462779510835, -31.278380926816588], [-57.075289795362565, -31.272802951240354], [-57.06518117855342, -31.26618549185179], [-57.058865015798034, -31.258353766142], [-57.05845013215108, -31.248284496232852], [-57.062769603767116, -31.239979116086573], [-57.05481134425932, -31.233637725689125], [-57.03907674060924, -31.22840952441586], [-57.01889128442446, -31.228140043842483], [-57.0164145285502, -31.21755550644817], [-57.010511115620886, -31.212018868230317], [-56.99310690205313, -31.206283333343247], [-56.99616717738041, -31.19836193375985], [-56.99552091298272, -31.196283070996945], [-56.97446518926746, -31.19345138452363], [-56.9644709216335, -31.180872449339322], [-56.955631871468675, -31.1783907231269], [-56.93336526116808, -31.178015347396734], [-56.91792188772366, -31.181142803597503], [-56.90197526311058, -31.180023082506526], [-56.89048154636655, -31.17375776317699], [-56.87931385354635, -31.153078768625384], [-56.86895758723453, -31.152655347688835], [-56.84497881316767, -31.161650531594436], [-56.83207402379203, -31.16458181518266], [-56.82026948002451, -31.160702949101463], [-56.79993874623673, -31.14516303441587], [-56.793759266286756, -31.14632849468182], [-56.7750135093729, -31.164730436525897], [-56.73907309485946, -31.159832039126368], [-56.728051028957516, -31.161571971826536], [-56.71674859181686, -31.166893216855144], [-56.68781889798252, -31.192406931211103], [-56.67176984216343, -31.194346564205418], [-56.6640505269935, -31.182593923631597], [-56.64392823097783, -31.182965657171845], [-56.63571189600914, -31.189028095008016], [-56.63997363348779, -31.200240007022174], [-56.60266223586909, -31.20083071718295], [-56.60170770469377, -31.203175262596723], [-56.606525325345814, -31.21471405618042], [-56.60331684469885, -31.219113342996422], [-56.585210049783115, -31.21839395092979], [-56.5834354342776, -31.219738019894343], [-56.5909906613575, -31.231124478088123], [-56.5739422752499, -31.233769100441314], [-56.568156491531404, -31.23806727272891], [-56.56800294229584, -31.246416561965116], [-56.56034259494888, -31.246267112529637], [-56.541959665144056, -31.240067899549988], [-56.53478162675402, -31.24614199940677], [-56.537867744967116, -31.25648919437428], [-56.52844530064437, -31.264693342386277], [-56.5124987369256, -31.271621895252803], [-56.51260018183229, -31.286776234817108], [-56.50110638303504, -31.301918696067315], [-56.48819840062422, -31.308271274646717], [-56.49178518874086, -31.323702201350603], [-56.48609274578536, -31.32608768025859], [-56.47571697633857, -31.31734296355223], [-56.46799307892286, -31.323141200952374], [-56.46790636251535, -31.32552914475606], [-56.47435681585038, -31.333146261827086], [-56.48650473610531, -31.338849012270224], [-56.489713911196, -31.344218188933915], [-56.48091302223354, -31.358465574597105], [-56.46466050805487, -31.374136333622832], [-56.45401177453449, -31.388274481575156], [-56.451936399736226, -31.401747832539417], [-56.456106863336544, -31.438817806988013], [-56.463928860025604, -31.446196727950035], [-56.468631636002925, -31.456027210173215], [-56.50110574228594, -31.476408859300907], [-56.50172688791441, -31.48782089283872], [-56.4981213477114, -31.49821732769689], [-56.48585557819967, -31.511716812099067], [-56.4682793490827, -31.52593948804804], [-56.457655259079736, -31.531663335152285], [-56.434804102059026, -31.530654568944183], [-56.42931091389431, -31.543950317349125], [-56.423025110786746, -31.549885109334916], [-56.40760980615216, -31.553728416528198], [-56.40376348143547, -31.56144795402978], [-56.381919429378435, -31.560348191527765], [-56.353878955871764, -31.566606526193517], [-56.3538494844082, -31.568969159403615], [-56.36192895971905, -31.57825741414512], [-56.362815275010945, -31.581477305123535], [-56.35857310854202, -31.58756340538484], [-56.36241037359948, -31.593854871163966], [-56.36623391970825, -31.594913393403836], [-56.365600837356894, -31.603221507162957], [-56.35998452804087, -31.60680277982745], [-56.35116655974606, -31.61876443768839], [-56.33790714587982, -31.620447152613725], [-56.337940154224924, -31.629300408529673], [-56.33945453624605, -31.632955809037703], [-56.334505116304825, -31.638585387914674], [-56.338821453894695, -31.65155962357965], [-56.33863593441537, -31.658166977954597], [-56.34996370327849, -31.670083934640658], [-56.33672612873002, -31.67758738772586], [-56.330844616267655, -31.687852962632647], [-56.32380198273246, -31.690802745011798], [-56.31639805286748, -31.697466054435573], [-56.3088838755564, -31.71909963083603], [-56.3064709457406, -31.734163740285155], [-56.30381622414352, -31.73845837852421], [-56.305331599219535, -31.74005304014488], [-56.34255663976768, -31.748712877298736], [-56.354901745619046, -31.754158865743705], [-56.360998139492715, -31.759212002852095], [-56.373896015447635, -31.763971101762674], [-56.38604939730557, -31.76632289832883], [-56.39313991964072, -31.772484418102337], [-56.388054126537895, -31.793202777756143], [-56.38941797942823, -31.797638338069213], [-56.40396562784885, -31.807704460162533], [-56.4148255527661, -31.829608552479392], [-56.43872184893809, -31.835252416311192], [-56.45271525847716, -31.870053381655605], [-56.45457086618726, -31.87130724492134], [-56.47213620923585, -31.871141018100754], [-56.47778303001651, -31.86252211027653], [-56.52418796637063, -31.859699736702858], [-56.528160770555104, -31.86248123802888], [-56.53578961205486, -31.861513296476208], [-56.53906540162741, -31.849563042881925], [-56.54216750514904, -31.84765495933916], [-56.54648771975413, -31.850754322258776], [-56.55840831764895, -31.853237741102173], [-56.57664728666348, -31.843690395052107], [-56.58698973562478, -31.831635007928035], [-56.59357379207884, -31.83155550444708], [-56.61118572799566, -31.84069470037573], [-56.61699783907888, -31.83934684558004], [-56.62334211791125, -31.840308356243373], [-56.62611422493835, -31.836723230708735], [-56.63247547959354, -31.838578685416365], [-56.64308083195459, -31.834377878020753], [-56.65368018957626, -31.8336365053883], [-56.66454232366543, -31.8251952259712], [-56.66973359894652, -31.825751750337844], [-56.67870870216187, -31.83139837772292], [-56.69256919577009, -31.827200611561224], [-56.698119784323076, -31.82389832799567], [-56.704046662389814, -31.815893318700226], [-56.71639176824118, -31.810606337217152], [-56.72293831296682, -31.81024345063186], [-56.727317196094226, -31.80590817875955], [-56.727913867035795, -31.80217896823661], [-56.733168450552014, -31.79876031855582], [-56.73766333524662, -31.79836280115108], [-56.75296507873813, -31.810122764921015], [-56.75785278239236, -31.807021181951598], [-56.766468582233145, -31.79641496586784], [-56.77450356605015, -31.79173960044024], [-56.77754752338181, -31.78568199593979], [-56.79438179020063, -31.78565734703668], [-56.79793277509536, -31.782462104961375], [-56.803130022041536, -31.78426689841274], [-56.83313215383055, -31.777373882180676], [-56.83794357970082, -31.778089413509207], [-56.84372436815357, -31.782365382744562], [-56.85826552317923, -31.783694408916077], [-56.8741457927624, -31.79077573154197], [-56.879727014890065, -31.791008729163345], [-56.89470942889298, -31.80247328814054], [-56.90098003003443, -31.804661647252257], [-56.91426636606148, -31.804448939540695], [-56.921193908903646, -31.802735492603247], [-56.92882026523161, -31.80447204156644], [-56.93801136264069, -31.804021835086736], [-56.94487118884422, -31.797925532005863], [-56.95150232394796, -31.799604408849625], [-56.95816591822262, -31.796255958905945], [-56.964429768548264, -31.79673766562997], [-56.97346471333606, -31.794063517655925], [-56.98443883580373, -31.784012422839872], [-56.99786643530227, -31.784195340365592], [-57.01773896748486, -31.78182607711379], [-57.02470287334974, -31.782740367144697], [-57.03876055654113, -31.788134046415415], [-57.0511642608995, -31.78986177879447], [-57.05895262855789, -31.78810685210872], [-57.09640794747883, -31.78583202961931], [-57.10966252490121, -31.779997497051973], [-57.11668973900122, -31.77924221398296], [-57.12570325141476, -31.782903702249513], [-57.14471113236605, -31.784365680386497], [-57.164590158284035, -31.78020319413805], [-57.18930428470132, -31.760121626814843], [-57.19861152179663, -31.762150313809702], [-57.22154518587523, -31.75952417020907], [-57.22778651958179, -31.75502376831239], [-57.23412651517707, -31.74744082160356], [-57.24945652352526, -31.74740594679423], [-57.253182293952776, -31.744817206732257], [-57.26158679346887, -31.744376078762148], [-57.27970844447442, -31.734680512911325], [-57.28806513151228, -31.732692925887612], [-57.2989226830866, -31.733095459016447], [-57.31393694151407, -31.729152839336717], [-57.327786867917, -31.713692490825675], [-57.330101799642065, -31.70876237812211], [-57.33827403237508, -31.702990092148802], [-57.347511564304256, -31.687813210892173], [-57.35942121641114, -31.685585086493138], [-57.36029982780157, -31.680975911530602], [-57.37080899483402, -31.66742056802888], [-57.38714251949891, -31.662213090026754], [-57.39324582538975, -31.662624045351464], [-57.40537529121785, -31.660185751262567], [-57.41230909596866, -31.66283936709571], [-57.41727723942327, -31.66141805521727], [-57.428033229583356, -31.661893648433715], [-57.45203346051251, -31.652990686236727], [-57.45846847670136, -31.652819396200805], [-57.47022301573471, -31.648473162620505], [-57.47362156869363, -31.645596862508512], [-57.49092878213178, -31.640470228599437], [-57.5044103477947, -31.633471452562176], [-57.5082511733126, -31.628662621066482], [-57.53155414868458, -31.614233598448923], [-57.5350305567748, -31.610416572188797], [-57.56814076375052, -31.59288605463965], [-57.57656075902351, -31.5903419432493], [-57.58352629279714, -31.59208241297815], [-57.590587706566, -31.590805445510785], [-57.59662946956138, -31.58521396872812], [-57.601187662491114, -31.583703402590096], [-57.611564750601296, -31.58558132218846], [-57.615621940101946, -31.584299678697214], [-57.63391597831248, -31.584533752218316], [-57.64594658473172, -31.56911451383604], [-57.6501453811641, -31.574178795063947], [-57.65646945200228, -31.577886095770147], [-57.6599411001229, -31.577066773084447], [-57.66379950703984, -31.57142011478355], [-57.67947499081724, -31.579647919716802], [-57.695390316372325, -31.5676436994385], [-57.7020872190558, -31.571184400584897], [-57.71052098456964, -31.568279727286082], [-57.71609233285024, -31.571111133989668], [-57.720650302191274, -31.569154265576522], [-57.725033721307334, -31.57220397593336], [-57.72976668805076, -31.57034681779075], [-57.73825480328928, -31.57056236491831], [-57.74411519260493, -31.55964322632334], [-57.74363119154536, -31.55524115641053], [-57.74711314447781, -31.540771522877897], [-57.75215745759872, -31.53878436770124], [-57.755650218865355, -31.534444749502306], [-57.755465096604794, -31.528887880404216], [-57.75338065975619, -31.526858413711913], [-57.76009133268053, -31.522962743145435], [-57.764184098943204, -31.523846246440453], [-57.772919784494256, -31.519671646323232], [-57.7754279550382, -31.51574558697427], [-57.77313282911838, -31.509526654865134], [-57.776868014991365, -31.50165581025123], [-57.78483663900612, -31.491878575453175], [-57.78079379801078, -31.483171507294248], [-57.741691814024115, -31.465338908702215], [-57.73035991224223, -31.463644143954788], [-57.71799732672811, -31.474465960732935], [-57.71012869238759, -31.4753604955188], [-57.673264013807426, -31.449699034251744], [-57.664254900474994, -31.43754079906544], [-57.66497990885965, -31.41978784083181], [-57.678605504104965, -31.400708031619377], [-57.66346007336213, -31.38766543939275], [-57.594801198652846, -31.392331525718888], [-57.581306393208614, -31.391735530565796], [-57.58172068776087, -31.384129462761685], [-57.58803712689658, -31.374134167512747], [-57.61941367362551, -31.347875443053095], [-57.66592335585749, -31.336452751518028], [-57.66970992692559, -31.33148253752611], [-57.67119331994612, -31.319303621807304], [-57.69355991556384, -31.303264915363123], [-57.71748099495561, -31.29162813232622], [-57.73930944919932, -31.291659795468455], [-57.74597505420962, -31.285099277118736], [-57.76491081182749, -31.255820655707684], [-57.773296527227146, -31.254179687891874], [-57.785279208295194, -31.26802073044462], [-57.807143837991, -31.28333603649587], [-57.81917144836419, -31.289389759067124], [-57.8463021844893, -31.319826054286118], [-57.85611717203828, -31.337238834798242], [-57.86463288866812, -31.33937194394809], [-57.875920039541846, -31.347502120901417], [-57.88698777079352, -31.364859467304193], [-57.905025031328044, -31.39686545783978], [-57.90563971022497, -31.40531335828982], [-57.88961084275538, -31.415476103960472], [-57.89321287257633, -31.424636563487688], [-57.8948792904193, -31.444925690609367], [-57.898411956820716, -31.457994259248782], [-57.90959638596276, -31.460143100880305], [-57.91652598169968, -31.458048150950972], [-57.9217805652159, -31.459399710127094], [-57.923710016211885, -31.467854041620335], [-57.926401329401706, -31.470519042212437], [-57.93100106187976, -31.470250190986768], [-57.94360089818095, -31.464819984740444], [-57.94672400985917, -31.461625807593656], [-57.95603032042405, -31.459677972310416], [-57.95843603335919, -31.46178481455555], [-57.95251932617791, -31.470328892680527], [-57.9543209980754, -31.48201845045695], [-57.9532447580781, -31.485238341435362], [-57.94216581692943, -31.4941427313016], [-57.932275434296876, -31.49579257893071], [-57.93191574989665, -31.498993788939302], [-57.935700409261706, -31.5020816184826], [-57.96199640855367, -31.504263682090933], [-57.96577205227537, -31.50097370220238], [-57.97495948272949, -31.48714642497813], [-57.9798342168349, -31.48400603748066], [-57.99215647604482, -31.48717059482127], [-58.01984502144036, -31.486709155832912], [-58.02687223554037, -31.491717875132665], [-58.031493736705244, -31.499668223227516], [-58.03375296418004, -31.50759683743658], [-58.039371656340016, -31.507199624980096]]], [[[-57.88805785287754, -31.09032018891211], [-57.89049928583946, -31.090879059625184], [-57.891572043166086, -31.088615848830834], [-57.87291077341256, -31.010317124228166], [-57.87054518946873, -31.008825418998786], [-57.86662589974256, -31.01349162554016], [-57.86453209539551, -31.024621205468225], [-57.863928311817624, -31.031615647679242], [-57.86609095953825, -31.051117633461754], [-57.87350991304316, -31.072956553326115], [-57.88805785287754, -31.09032018891211]]]]}}, {"type": "Feature", "properties": {"shapeID": "URY-REST-27058087B22084813565519", "shapeName": "Artigas, outside any municipio", "shapeGroup": "URY", "shapeType": "ADM2", "parentID": "27058087B22084813565519"}, "geometry": {"type": "MultiPolygon", "coordinates": [[[[-57.36523101066965, -30.308487502313735], [-57.37335008311707, -30.308618893732298], [-57.38915820933563, -30.301655561309946], [-57.38905254784765, -30.29567497637784], [-57.378886523193415, -30.279946311276404], [-57.371919965459995, -30.27450163770631], [-57.36472458235955, -30.271446010277643], [-57.35891795563212, -30.27330502844898], [-57.358210656042104, -30.282509681646268], [-57.353019380761026, -30.285053793036624], [-57.3425953654127, -30.27773536599187], [-57.32047894790152, -30.27074316646589], [-57.316983763039296, -30.260330714180594], [-57.3145397074087, -30.25825963007835], [-57.309444492768584, -30.259999643547058], [-57.30307452765935, -30.26844097259993], [-57.29502903737715, -30.284417765189033], [-57.291357159739306, -30.288909711862622], [-57.28312708917173, -30.294554459009966], [-57.27723942330415, -30.29216935458151], [-57.27480899652211, -30.28749717640827], [-57.269009352736575, -30.284338261708086], [-57.27001111708108, -30.278425320335113], [-57.26857394545693, -30.27244847468389], [-57.262925016405624, -30.268042774761142], [-57.25916843535692, -30.26744310597778], [-57.253016100261924, -30.27500125840538], [-57.255398082182495, -30.281118370729672], [-57.25457507512574, -30.284696027372355], [-57.248940642198704, -30.289903505374483], [-57.222161258736506, -30.289426484488793], [-57.21608366816352, -30.288631449679308], [-57.20896689596846, -30.284952846945345], [-57.203611945841885, -30.28533205521994], [-57.19495777419862, -30.263991393497495], [-57.17638518694358, -30.251229007700417], [-57.16828595063643, -30.24963499227406], [-57.166702705495936, -30.243432208867937], [-57.161005503595874, -30.242042409843478], [-57.15505452949317, -30.234370323931948], [-57.15505452949317, -30.232859757793925], [-57.16332248346697, -30.227192886460525], [-57.164784757419824, -30.223557964708444], [-57.16227166829859, -30.21842987600177], [-57.164894660533655, -30.21637606601941], [-57.16474068946886, -30.212467114930632], [-57.16772024015067, -30.208775328030256], [-57.166513320052644, -30.20471552553815], [-57.1676701338273, -30.198536084928108], [-57.15910625654182, -30.192949010357772], [-57.15765374367857, -30.184493882875362], [-57.14492521187154, -30.172755126196847], [-57.1443963232152, -30.167418739971694], [-57.135365668366106, -30.15828549266422], [-57.127792371845686, -30.141257849595483], [-57.12295430541978, -30.140994340066744], [-57.1193486848769, -30.1447301491625], [-57.115740115474196, -30.145207170048188], [-57.11105530607419, -30.14254380343641], [-57.108977728123584, -30.13796375488046], [-57.10580072255796, -30.13534873841057], [-57.106667923136754, -30.13255082124565], [-57.10497771550121, -30.12560956199438], [-57.10751004490662, -30.12525179633011], [-57.11035162805851, -30.127647645317086], [-57.11401313664347, -30.12659415283907], [-57.116124501121945, -30.120518803340925], [-57.114975464331806, -30.11545729032332], [-57.11286689462891, -30.114659251417155], [-57.10833305196337, -30.116784675609097], [-57.10625876640876, -30.11508911358484], [-57.09758009211435, -30.114584678673026], [-57.09535486376065, -30.12111761532079], [-57.090480129655234, -30.121356125763633], [-57.08440253908226, -30.113246770706887], [-57.08497231319848, -30.11058340409511], [-57.08855348006382, -30.108643580032204], [-57.08698222238753, -30.10133571487919], [-57.08209476063688, -30.094636421459512], [-57.06744393062414, -30.085558357803116], [-57.064196862713096, -30.0879310553111], [-57.06724600736061, -30.09122430648415], [-57.06844886382818, -30.10036720679323], [-57.0657899179525, -30.101281496824136], [-57.05677261532718, -30.098779627264076], [-57.04508812506327, -30.105375926092982], [-57.03071715568758, -30.10108273812176], [-57.02899306208678, -30.09333076246294], [-57.02396886403694, -30.088247371164382], [-56.993949260712206, -30.085972451426688], [-56.98391306178755, -30.08808442516417], [-56.97722169699831, -30.097266571036236], [-56.96890151629537, -30.097484975872337], [-56.957406219400994, -30.10084422767892], [-56.943668332376646, -30.09841937150999], [-56.93492109043225, -30.0944065259885], [-56.91818873987833, -30.096310730974473], [-56.91225201176397, -30.101707051752925], [-56.91530624303607, -30.109788369285624], [-56.91195090657389, -30.110424397133215], [-56.90783036096941, -30.107554353092244], [-56.906312751679614, -30.108928951664417], [-56.906569706587405, -30.111895211530765], [-56.90232805483335, -30.11217347371408], [-56.89276851132793, -30.101361000305083], [-56.88883331586677, -30.090622045054012], [-56.88566782639381, -30.087742303524617], [-56.879980247830616, -30.08864044335332], [-56.87532132954455, -30.087408420456285], [-56.87358611608195, -30.09241685869838], [-56.870484012560325, -30.093808169614974], [-56.864022377634384, -30.090143893109193], [-56.850479171382254, -30.089052469002088], [-56.84113599644485, -30.09053406435492], [-56.8233708698234, -30.09668265601984], [-56.818444643279165, -30.106409471345316], [-56.813000135057536, -30.107125002673854], [-56.80927644871359, -30.103962038751856], [-56.804847506054706, -30.10620659837468], [-56.8005284127359, -30.121554884466008], [-56.78093611733977, -30.126520836882666], [-56.77809750223624, -30.134069064073284], [-56.78356180571966, -30.148745074950398], [-56.78286541513317, -30.15216372463118], [-56.659600215837415, -30.164397298425225], [-56.60882951538019, -30.19471568550036], [-56.57762011682476, -30.25702881600227], [-56.525936019770214, -30.25139385569488], [-56.501597913833685, -30.31797095123676], [-56.49569926055979, -30.360900113861504], [-56.43955471489287, -30.380516748633337], [-56.36768129395874, -30.41674043944401], [-56.35262264915417, -30.475822395572578], [-56.27785562345947, -30.522331931927454], [-56.2534253390856, -30.51987728839251], [-56.21815595772695, -30.55703520136148], [-56.10832344998953, -30.654592690527146], [-56.073496640442954, -30.700777494916395], [-56.01762166080515, -30.727155123606956], [-55.97464713985599, -30.781422929312427], [-55.96960840131212, -30.823370352821136], [-55.97074737481849, -31.056714579122882], [-55.96782837824257, -31.07431468310175], [-55.96983749008067, -31.07532751509533], [-55.978787520680655, -31.073330806641124], [-55.984295337137425, -31.075596655848152], [-55.99286410045632, -31.08490135158216], [-56.0122588303041, -31.081395656952537], [-56.025572306445596, -31.069037618669903], [-56.035238417999864, -31.06313146519437], [-56.04063966640777, -31.056476068680034], [-56.0688670490609, -31.041279590584953], [-56.077747974054375, -31.02570673416237], [-56.07989077219162, -31.01692308690815], [-56.08387919100514, -31.01251064371551], [-56.11616639092411, -30.999313065878056], [-56.13957394179408, -30.995186883179176], [-56.142688519864485, -30.990944843455207], [-56.14136306850793, -30.972679399760302], [-56.142896701904675, -30.96699234149045], [-56.14243930850522, -30.955307889173056], [-56.14611118614306, -30.952406012118438], [-56.164864300955884, -30.94573634994283], [-56.175339672269416, -30.937868350021866], [-56.180171016645815, -30.9314568448885], [-56.19384676922804, -30.934628369565743], [-56.204164837762065, -30.935074253271658], [-56.20866932350496, -30.938030291160345], [-56.22041043425447, -30.938693206030013], [-56.22539412231352, -30.93735286110681], [-56.242972785899966, -30.926130111664953], [-56.24968345882429, -30.924778552488824], [-56.25517781965786, -30.92561449135634], [-56.25962285174053, -30.91706671483682], [-56.26228179761621, -30.915436893477377], [-56.270891717594594, -30.915436893477377], [-56.273973648413225, -30.91875439690452], [-56.27817216463515, -30.918418274012943], [-56.28408210592901, -30.923146472711338], [-56.29835306958625, -30.923149279466752], [-56.30658536517559, -30.921388442250585], [-56.311978762197356, -30.915317638255956], [-56.32289455397261, -30.91530567175474], [-56.33008491744603, -30.91205799553706], [-56.337618597427124, -30.911501471170425], [-56.342622486642306, -30.914039177775642], [-56.350842995027044, -30.90893949419356], [-56.35293919032985, -30.900887756463796], [-56.362815275010945, -30.89874116247819], [-56.3668114455384, -30.900223461528995], [-56.384023533781246, -30.890035531314325], [-56.39245575962482, -30.88721905040532], [-56.39953405138938, -30.878428023095843], [-56.40377570314344, -30.87707646391972], [-56.409283519600194, -30.8780305056911], [-56.41662727487589, -30.882244190181375], [-56.428302842570304, -30.89148795348043], [-56.45347266772458, -30.902080308678023], [-56.45676469595162, -30.910189663734776], [-56.45254034741243, -30.91996114230097], [-56.45322861039016, -30.929136588546], [-56.459803491238105, -30.934199714981226], [-56.46259375975532, -30.941117223831203], [-56.46884889197396, -30.944339383493606], [-56.4818980653003, -30.946125237123503], [-56.50443579700844, -30.953956329996927], [-56.50731070514255, -30.957925069930063], [-56.51678090285982, -30.962463202458423], [-56.522239813763925, -30.97058763101114], [-56.52991879027057, -30.977129053514847], [-56.54007833338957, -30.98082850655753], [-56.546967609721555, -30.988687458634736], [-56.55698163217069, -30.987506798957206], [-56.56976134068355, -30.989037463028662], [-56.57597410271126, -30.986274495002498], [-56.58319124151667, -30.989216123797597], [-56.59708161779744, -31.00175084105909], [-56.6069500632862, -31.00574066650096], [-56.61680791437347, -31.004520543880183], [-56.62573703230689, -31.007449341755443], [-56.6357116169185, -31.00836273603803], [-56.65947766485462, -31.008336710965715], [-56.666441570719485, -31.011874615867924], [-56.67233732734372, -31.01987396273476], [-56.68330565965089, -31.028832562347237], [-56.69353749535736, -31.03409583879303], [-56.69926415327919, -31.03926174666289], [-56.71037748590334, -31.041171648597448], [-56.73453294648192, -31.049082050069263], [-56.75640257284665, -31.049678521058937], [-56.77566883163057, -31.053778226094092], [-56.789512779822374, -31.05059281108985], [-56.80757922121426, -31.05132991837454], [-56.81262028564673, -31.047849940997125], [-56.83693064793866, -31.042801469956892], [-56.85648873636402, -31.047287555488644], [-56.86674460368267, -31.045252996782303], [-56.87795438430628, -31.040138103345114], [-56.90283452071442, -31.034453604457298], [-56.918471654792825, -31.034572859678725], [-56.93271617777893, -31.03734724627987], [-56.94746682648476, -31.03632193625959], [-56.966926223124325, -31.042614782353347], [-56.986338082857785, -31.038786544168993], [-57.0005559179047, -31.047346142253527], [-57.02027129689027, -31.047333168370955], [-57.035845122733534, -31.04987727976131], [-57.054267819157886, -31.05568103387055], [-57.06318184514656, -31.065725909788288], [-57.07073114181461, -31.06887951213961], [-57.07428831086674, -31.06763726609309], [-57.08478238849307, -31.058980428329917], [-57.12581217866497, -31.046339718969346], [-57.14194972482018, -31.03644119148101], [-57.163533302545844, -31.03153113178277], [-57.17416044112196, -31.02580488551404], [-57.17790111733253, -31.020831126704756], [-57.17854188472833, -31.01497525162491], [-57.181264138839154, -31.00925100099662], [-57.19000067528782, -31.001141645939875], [-57.1982307458554, -30.99704721667102], [-57.210565639036815, -30.99375165473039], [-57.214089701236084, -30.9897048933352], [-57.221971334031096, -30.9742297176388], [-57.22907869326315, -30.971916963540345], [-57.24115372927707, -30.962224692015575], [-57.25198133473021, -30.96385247779008], [-57.27895619287361, -30.961087011640796], [-57.286419117398765, -30.953717819554086], [-57.29561531867799, -30.95134195921255], [-57.30262602559338, -30.942627083961767], [-57.31053955498528, -30.936823329852523], [-57.3254802984772, -30.9314568448885], [-57.34852342466303, -30.932182125000146], [-57.35678113471972, -30.93039350165489], [-57.363648274234606, -30.924637549438263], [-57.35423759947121, -30.91325076185619], [-57.33380593184998, -30.90639509318119], [-57.33020686100313, -30.89840174719931], [-57.314958934464805, -30.8875215786461], [-57.305944118785256, -30.872938162767685], [-57.29486860864308, -30.870214390229407], [-57.287693209327834, -30.85724188341357], [-57.2792320313152, -30.853131701789195], [-57.27200074008474, -30.81913054251298], [-57.2441838660771, -30.801066676065677], [-57.22952444576917, -30.801209956539665], [-57.222690963843704, -30.789126727465916], [-57.22375444810428, -30.776658658194833], [-57.2180302152286, -30.762345685322547], [-57.21609024086631, -30.750726147977847], [-57.19533421607607, -30.739561208653402], [-57.178585761491654, -30.74298104295006], [-57.164696042318376, -30.75175072140465], [-57.14740451673313, -30.75279499621841], [-57.14481713770718, -30.74690535937138], [-57.18023099857279, -30.72848079631789], [-57.205791652581894, -30.72652446543504], [-57.25055819884952, -30.719119241502664], [-57.28389391414476, -30.709335426162884], [-57.30870028641182, -30.698315799897294], [-57.3080519881628, -30.695723531955014], [-57.27642190826629, -30.674364864852954], [-57.26027984081082, -30.68006070734392], [-57.24764814860563, -30.668723734587935], [-57.25116006456385, -30.653828747737904], [-57.23853645568737, -30.639482779478076], [-57.2541537759963, -30.633725827418882], [-57.255931949714075, -30.620385450803877], [-57.26369221995997, -30.613096598024512], [-57.26142084376157, -30.603749457986734], [-57.26743560934728, -30.596254657257862], [-57.25831384044657, -30.582561723912427], [-57.25567768191095, -30.57541922649441], [-57.24184741946225, -30.573907228327123], [-57.22890370729547, -30.556899915514744], [-57.2281793044333, -30.550262934921207], [-57.24115751069178, -30.545375953874586], [-57.23698173843003, -30.526614396335738], [-57.249612860991256, -30.516798591802633], [-57.25292872635923, -30.50647315884046], [-57.26969882523622, -30.494588789367437], [-57.274487773391805, -30.487006303308412], [-57.27716126441397, -30.469173516355482], [-57.288215713534825, -30.45923186287689], [-57.29921867909895, -30.438886772357755], [-57.30951771863408, -30.42883099204907], [-57.31286749396409, -30.409082252455406], [-57.31661613518948, -30.367793276748134], [-57.343967553075196, -30.335999869061823], [-57.3484075000502, -30.31915608804474], [-57.357466827472365, -30.319112681972634], [-57.36523101066965, -30.308487502313735]]], [[[-57.89077535565721, -30.509424233513663], [-57.885676687929845, -30.501076528892142], [-57.87714825944556, -30.493233657900298], [-57.86998519936229, -30.48358189896025], [-57.85999172772391, -30.477014947786806], [-57.79774493222163, -30.378611891464505], [-57.63044436314007, -30.2305866874486], [-57.62774575151866, -30.23063070566391], [-57.616056574821904, -30.247880344660775], [-57.61544640694952, -30.256124596231132], [-57.62779807924943, -30.287375368707984], [-57.63685520222169, -30.331729904392322], [-57.641817732682675, -30.341177286136105], [-57.65234958484985, -30.35361238374404], [-57.66884589891644, -30.367066563459865], [-57.70661532223799, -30.392792648223878], [-57.77091440597258, -30.422847976142048], [-57.7815641271592, -30.43770386523318], [-57.79524846687717, -30.44813560309855], [-57.78851930772187, -30.4579795353186], [-57.776311077886646, -30.452839811446715], [-57.771535739111414, -30.45768172403715], [-57.7415064004979, -30.45835271892547], [-57.72335646766361, -30.445828391696836], [-57.703313317113334, -30.445173122210413], [-57.69863169523476, -30.452460350317057], [-57.678283526051466, -30.46080715824537], [-57.67150016793911, -30.470139595436514], [-57.6550936727759, -30.47102957792511], [-57.64954581695696, -30.47857007721288], [-57.63530939076159, -30.489475292101993], [-57.62013613961366, -30.51042396921126], [-57.596215361576434, -30.52310506870722], [-57.565942346635474, -30.52624507882252], [-57.55427420600815, -30.537651747274975], [-57.53938491650046, -30.543208889258285], [-57.52755313574025, -30.554369046946807], [-57.52778980610575, -30.556707872335743], [-57.53169840251336, -30.559215032652585], [-57.53542632808106, -30.56794181300709], [-57.535841445395334, -30.582071731662847], [-57.528399527875905, -30.619212875902043], [-57.5302639600752, -30.66566390190561], [-57.54069122357296, -30.703153019081686], [-57.54547078456626, -30.71027669128943], [-57.54371044743784, -30.718480744013892], [-57.53562294882879, -30.72802758777094], [-57.541017675994524, -30.737281852340242], [-57.54164273779394, -30.7661902765791], [-57.550027241518464, -30.77868453808526], [-57.55780270700832, -30.821874638466365], [-57.566271056454404, -30.84614797734203], [-57.576323974482904, -30.858312033003813], [-57.58131823695834, -30.857541583135884], [-57.585453303584174, -30.8543986794736], [-57.60112435425597, -30.833429052878984], [-57.61074720599653, -30.824286152569904], [-57.62348413089582, -30.815887465506606], [-57.62976133916441, -30.807762605256517], [-57.636576965931695, -30.794273588511842], [-57.64050207651009, -30.791530718419118], [-57.651705042320295, -30.790524259598186], [-57.65947241898732, -30.788004652276154], [-57.66398943174525, -30.784176646431384], [-57.676538863284264, -30.78016546857053], [-57.67861363406149, -30.77471573219851], [-57.68443281153374, -30.77416597684719], [-57.6927860977075, -30.769642640143488], [-57.69738350017369, -30.76368932369255], [-57.698175878718274, -30.759411312115922], [-57.70735557281289, -30.754044827151894], [-57.71891553839087, -30.75642960864696], [-57.73381841509941, -30.747008769087955], [-57.739642772731855, -30.744941678583288], [-57.754563878414416, -30.748760279414267], [-57.76781493736702, -30.741523028902506], [-57.771233582064326, -30.741523028902506], [-57.775348617348115, -30.74597522383562], [-57.769481913553754, -30.759473330283594], [-57.76856679276081, -30.764626471020424], [-57.77005895601393, -30.769579240006525], [-57.78623763379137, -30.772608889953375], [-57.79865465795471, -30.77735931633197], [-57.80064272830668, -30.776797824873796], [-57.80810959188859, -30.75459001019365], [-57.81009445247456, -30.743788049009677], [-57.809810018133106, -30.732286358555243], [-57.80377401492383, -30.709204863896936], [-57.81200408549141, -30.68805693796463], [-57.819601073707645, -30.678357513288915], [-57.831557786466995, -30.669960604649642], [-57.833532562466694, -30.66675425014959], [-57.83891008542389, -30.637969744967066], [-57.84707684775633, -30.612608134544494], [-57.85239473950769, -30.60696338739715], [-57.87816945285296, -30.592332991425376], [-57.88472260524184, -30.58623597306738], [-57.88682328418599, -30.581717930603368], [-57.88734938147597, -30.572764591025493], [-57.88537833001314, -30.56315696939452], [-57.89077535565721, -30.509424233513663]]]]}}, {"type": "Feature", "properties": {"shapeID": "URY-REST-27058087B52084370772895", "shapeName": "Rivera, outside any municipio", "shapeGroup": "URY", "shapeType": "ADM2", "parentID": "27058087B52084370772895"}, "geometry": {"type": "Polygon", "coordinates": [[[-56.179730585242105, -31.248483967402127], [-56.18361029742785, -31.245277650426683], [-56.17853936714144, -31.240793995422724], [-56.17029493196472, -31.239930350968727], [-56.15415133200524, -31.235040886890395], [-56.14504162580535, -31.220589392543303], [-56.136361717932246, -31.220889267281564], [-56.13281332526412, -31.215947034018413], [-56.1052338005888, -31.207013492902075], [-56.081853327480815, -31.207254420298888], [-56.07014130398079, -31.19755499562317], [-56.06982476280511, -31.18447667300714], [-56.07210189986233, -31.18065715316934], [-56.07093291978283, -31.174897332560402], [-56.06102491812132, -31.167343672862735], [-56.05183689688284, -31.14444824639474], [-56.03706971187282, -31.124760784279722], [-56.02607877232667, -31.119204315148416], [-56.017532160583414, -31.101832804561163], [-56.01496772626961, -31.087055569122036], [-56.00916710358137, -31.082519433413847], [-55.99265202417527, -31.08497806660008], [-55.984450641338675, -31.075741625054167], [-55.97822902037665, -31.07338360920913], [-55.94220276783427, -31.083107409321517], [-55.93580122902384, -31.087005405364266], [-55.93004017962653, -31.08593210837146], [-55.92774845822614, -31.08200611231643], [-55.925036538390565, -31.08215543629736], [-55.907764999984934, -31.104072735649208], [-55.91031635297608, -31.11497506378623], [-55.90668986171238, -31.120192925893583], [-55.90783151976467, -31.132431229042115], [-55.900818805317236, -31.14380175256679], [-55.882109872337246, -31.149895896957542], [-55.8544677493966, -31.193602262388776], [-55.85729537229308, -31.201510302403896], [-55.8488821695951, -31.217401580390298], [-55.848390086439785, -31.228364664595382], [-55.84246197972418, -31.23251208164951], [-55.843626234533914, -31.23918147053406], [-55.82819839369617, -31.244924547117474], [-55.8167171279951, -31.245632149740615], [-55.81021141167541, -31.249617529746878], [-55.80955631735999, -31.26245597751267], [-55.80174855983656, -31.26482905137631], [-55.793405478209415, -31.26178396236567], [-55.78543335530841, -31.254028000715934], [-55.79490299973181, -31.243809981720077], [-55.792139451279496, -31.233300219558842], [-55.782323841071786, -31.23351115575108], [-55.76367002936927, -31.225466598196636], [-55.75168572603068, -31.22660604949441], [-55.7382072034365, -31.24015038279722], [-55.717322543769626, -31.244549186025452], [-55.70973085585931, -31.25272222159413], [-55.710556887122216, -31.261487872867065], [-55.69916588570256, -31.300276871770674], [-55.69037653394811, -31.300014291492413], [-55.673694037001354, -31.304305152798882], [-55.6708687675651, -31.298900973254153], [-55.66881142132479, -31.29819798846157], [-55.656633659731625, -31.302549527133788], [-55.655257747689966, -31.308110801342433], [-55.646250561660544, -31.31213777737269], [-55.626838117667454, -31.301429447182784], [-55.615226283620665, -31.292925457328472], [-55.60699662369283, -31.28326434182665], [-55.589750520900886, -31.29319934394618], [-55.57056008647102, -31.314012529287066], [-55.5599283700435, -31.33222218532962], [-55.55760428379275, -31.353988390885792], [-55.50375759824079, -31.350929174481845], [-55.47580212871792, -31.339592971421315], [-55.484081151630846, -31.335865882032735], [-55.49786629306218, -31.343056426121922], [-55.5122581365197, -31.344014803467186], [-55.526261088957995, -31.334932138829785], [-55.52590562305265, -31.332028932480274], [-55.505208897161424, -31.31982310561734], [-55.50443501597795, -31.307830099644377], [-55.49029805651361, -31.306692759290097], [-55.495681125235315, -31.293642188015678], [-55.515161896533165, -31.290194970463794], [-55.519439187395385, -31.278192051894944], [-55.51515059713339, -31.27364602550928], [-55.510284023872046, -31.257760234046426], [-55.520587253841605, -31.257318358181088], [-55.52995768072023, -31.24500389073283], [-55.55657500243727, -31.24748037478764], [-55.56175852689901, -31.23581226950706], [-55.55408986391089, -31.227695941327354], [-55.56423478086144, -31.225275590164358], [-55.57262333735819, -31.211136078633636], [-55.58152424376862, -31.210373592815625], [-55.58349727976054, -31.199125500893246], [-55.59306943410001, -31.199125827793317], [-55.6003758480551, -31.192486080688624], [-55.61181814199884, -31.19234717632912], [-55.61901608413048, -31.18696508695389], [-55.64564056975069, -31.17574538517376], [-55.66354611185031, -31.15123240533953], [-55.66996562737112, -31.14638442625978], [-55.68558792930448, -31.14752195634224], [-55.69585445492112, -31.14265462790647], [-55.7080681252305, -31.143578819107432], [-55.72690044301542, -31.137081774289605], [-55.72741555754272, -31.132253661420787], [-55.71656714305649, -31.1254178599535], [-55.71366885695253, -31.11706643945978], [-55.7257662855103, -31.115899943038034], [-55.75167144604515, -31.105504555402938], [-55.76251992750017, -31.104906328464985], [-55.76917263517096, -31.100505671735405], [-55.7840815611588, -31.098786080677613], [-55.78657188840485, -31.08983702697669], [-55.79638636260229, -31.078665693477884], [-55.79848008968149, -31.06827881144538], [-55.81519520827739, -31.06768264119037], [-55.844587599074266, -31.05174958528659], [-55.850555026507294, -31.045835432160388], [-55.84992429986757, -31.043864308467853], [-55.84712135208559, -31.0428520422874], [-55.83165918222639, -31.044192780873495], [-55.82938008576153, -31.04288097343784], [-55.815072424620965, -31.025509462850593], [-55.81149574173866, -31.016037869588846], [-55.780632744707404, -31.01692308690815], [-55.76613515886143, -31.010443553210848], [-55.767338015329, -31.003566502108804], [-55.77248117207334, -31.00029082305412], [-55.772070078987824, -30.99749890073571], [-55.76686237146806, -30.997317117548608], [-55.762906438869535, -30.999591328061378], [-55.752333963601956, -30.998438527587624], [-55.745496674207345, -30.985399956712065], [-55.745910296505045, -30.98010652220577], [-55.74211867528134, -30.978828589310588], [-55.7335314177668, -30.981265775702745], [-55.72789698483976, -30.97935769215998], [-55.73051605297144, -30.973833688112553], [-55.72473157308299, -30.96703465261296], [-55.72511357588403, -30.96359557172659], [-55.72219924367759, -30.95717622097534], [-55.72415422019946, -30.952779805261848], [-55.72082440488462, -30.946393699374628], [-55.711910029651314, -30.949525937505392], [-55.70947428841541, -30.954632109584992], [-55.70390316372351, -30.95510913047068], [-55.7007508975806, -30.949992480236823], [-55.69282953489035, -30.944237519645434], [-55.68901868908228, -30.94563838857257], [-55.688582570820785, -30.95244576385891], [-55.67554107438292, -30.956023420501595], [-55.66623476381805, -30.953956329996927], [-55.65857446736669, -30.943819636175995], [-55.66237346479368, -30.932910697200676], [-55.655251388959215, -30.92543500300798], [-55.648571766215326, -30.922949972427013], [-55.64255748387747, -30.911700229872793], [-55.64575359837134, -30.909919303378263], [-55.64931013509283, -30.904724655920926], [-55.648698382685595, -30.901841798235182], [-55.65086219819307, -30.900482575214156], [-55.65474084573016, -30.886265289923177], [-55.65294003443965, -30.883078976731333], [-55.66044792342239, -30.87325904308397], [-55.66063566101705, -30.8689759649349], [-55.65857655091229, -30.86492133442037], [-55.64958469797749, -30.8658267213655], [-55.6454696626937, -30.858552152858714], [-55.64510924916063, -30.852875898265836], [-55.63700416512127, -30.846045830983332], [-55.63283647370123, -30.845170588423983], [-55.62856636391258, -30.847699927709243], [-55.6209763166025, -30.842022758440574], [-55.61369206928609, -30.843220913939657], [-55.61071344160446, -30.848375707297308], [-55.60457254279633, -30.84988627343533], [-55.58671962048821, -30.84106138705004], [-55.58494451068189, -30.83742828296463], [-55.57882415169978, -30.834440638926274], [-55.577702480531116, -30.836898755741604], [-55.57899601580171, -30.840266352240555], [-55.57741330992333, -30.84352599495945], [-55.57490575012584, -30.843120756404442], [-55.57184218523143, -30.846030354609326], [-55.56711801155627, -30.84708715815511], [-55.564220139961456, -30.85421681749406], [-55.56367542289898, -30.868808101901074], [-55.5543829269159, -30.87320016200446], [-55.551926605032314, -30.87682718372134], [-55.55177347469356, -30.88268145932659], [-55.545822500590845, -30.89059205568097], [-55.53448561704756, -30.897410202622844], [-55.53252777121246, -30.902358570861345], [-55.5243127139544, -30.898046571622082], [-55.5168983258494, -30.898730417649592], [-55.51093429111065, -30.901786060842486], [-55.51017996420971, -30.911262960727576], [-55.50473545598808, -30.923745007236498], [-55.49903771482592, -30.92692514647444], [-55.49338550134889, -30.92462884228007], [-55.48957222821145, -30.925098690734195], [-55.487548244076926, -30.927068888423875], [-55.490047945436714, -30.9394866964643], [-55.487639297257964, -30.94208521265509], [-55.48681922544482, -30.947596051521046], [-55.47833592193669, -30.953558812592185], [-55.47459861144021, -30.952573419908248], [-55.46902961137182, -30.954632109584992], [-55.464546487435, -30.95089755746357], [-55.457767882238684, -30.95142982207905], [-55.45212631259071, -30.960356360213282], [-55.44216923513547, -30.959404689528135], [-55.437692034979875, -30.96945950878189], [-55.43055996893927, -30.971062137582], [-55.41680031738525, -31.014935499884437], [-55.40869003735693, -31.018625355333455], [-55.40515160212037, -31.02729829117193], [-55.400276868014956, -31.028610098607587], [-55.39198348921225, -31.025310704148218], [-55.38710057231943, -31.021085709217957], [-55.38027146571223, -31.023601379307827], [-55.375705355245096, -31.021979175224473], [-55.373120861205365, -31.022759181656596], [-55.37208614912538, -31.024660276541212], [-55.37349748455276, -31.02864985034806], [-55.36950906573924, -31.03437410097635], [-55.359759597528424, -31.040257358566542], [-55.35183240200676, -31.038541315814584], [-55.34956099707886, -31.042219224187583], [-55.35321378242374, -31.057031753359656], [-55.359379748117604, -31.063313368041612], [-55.35994952223382, -31.06752705253188], [-55.35316935220323, -31.070132499666364], [-55.34507208697704, -31.076630201100485], [-55.292102610270085, -31.091072429693337], [-55.28290340007425, -31.140749758485462], [-55.23557284813511, -31.171389978263193], [-55.202292448778344, -31.21601957357186], [-55.19199277442007, -31.264695685284188], [-55.184600192781225, -31.26540626442505], [-55.17990090150924, -31.270419935912486], [-55.17713392439352, -31.269558897511743], [-55.169343201382816, -31.272054331922998], [-55.164303427776, -31.277749547706073], [-55.16628963095516, -31.281033650619108], [-55.163504068609214, -31.28572435599507], [-55.15646973336467, -31.285895321382004], [-55.15279325239702, -31.28924267189732], [-55.15229851099028, -31.293436193647075], [-55.1494496404092, -31.29534427718984], [-55.13925701455243, -31.298643671649202], [-55.09715598864965, -31.299869838122515], [-55.064806530033394, -31.325635103431225], [-55.05898217240096, -31.327622690454938], [-55.05993759072825, -31.325016961469615], [-55.05733615828744, -31.319950604543408], [-55.058598069621894, -31.315735328751757], [-55.053094506533384, -31.313948091731795], [-55.04836743674196, -31.309458857886888], [-55.043281730087415, -31.308462351546346], [-55.042944604770554, -31.304739797599566], [-55.03904007833336, -31.300551755191968], [-55.0370309576322, -31.292601551146134], [-55.03365887834687, -31.291647365325737], [-55.03302579599551, -31.289540523080603], [-55.03562276095569, -31.28446134176324], [-55.03188624776308, -31.278449787488285], [-55.03421111852482, -31.275096234620854], [-55.03061653785154, -31.27039733561303], [-55.02352956072524, -31.269505645881573], [-55.01994592844389, -31.267437485941738], [-55.015299490157645, -31.269306887179205], [-55.00371921312367, -31.269365317932056], [-55.00232842203351, -31.27092615554546], [-55.00149829489817, -31.28143116802385], [-54.995670860752725, -31.28328719767559], [-54.995484012560325, -31.28802995694258], [-54.9894669302832, -31.291463464175784], [-54.988836647871125, -31.293833711051818], [-54.985606544849205, -31.29291702518976], [-54.982415457622665, -31.29616053758333], [-54.98015033055642, -31.30314932918174], [-54.98288567376841, -31.311483483822393], [-54.97883394671976, -31.31704872748879], [-54.974796044289114, -31.317094647691594], [-54.95845021270003, -31.324129919688872], [-54.953429504892306, -31.33165028359211], [-54.95335548624174, -31.338439875417635], [-54.95876523618189, -31.339667467818636], [-54.96028463382514, -31.342012820506618], [-54.96098102441162, -31.346624022401635], [-54.95946162676839, -31.352268769548978], [-54.953130803254865, -31.35461412223696], [-54.95071951607284, -31.35251315930893], [-54.936364233355356, -31.35559318664209], [-54.93641742917916, -31.364154539950782], [-54.93384132704813, -31.367903597696415], [-54.93755697741159, -31.371150846274247], [-54.922299692744005, -31.380293746583327], [-54.91988370845079, -31.379021690888152], [-54.91444947158723, -31.381128533133285], [-54.91212528476845, -31.38028879595749], [-54.90734995325293, -31.381458018726242], [-54.904953236316956, -31.384070161928385], [-54.898115946922346, -31.381406795316607], [-54.89911033369712, -31.37767640054136], [-54.89784246035677, -31.376009453617414], [-54.89260415153397, -31.375168659150873], [-54.8875578665103, -31.37761290836267], [-54.88760677988989, -31.3832751271189], [-54.87836377756015, -31.398062774575322], [-54.858934988351564, -31.407790087533474], [-54.86095401289796, -31.415871554307785], [-54.81075058243573, -31.43157349179512], [-54.80261037963418, -31.430338191635816], [-54.799228483641116, -31.432487781826026], [-54.79579213754456, -31.430718464289225], [-54.78928909072489, -31.434912637994955], [-54.787916202246386, -31.433141033896977], [-54.770501741721276, -31.427208740182063], [-54.760673768443766, -31.426962289900104], [-54.755328254572056, -31.424991108977345], [-54.75079768376267, -31.427439310785793], [-54.739148037595236, -31.42573382940187], [-54.735350474389676, -31.429665408252355], [-54.72466685410232, -31.429877106111725], [-54.71952341560588, -31.438450542897165], [-54.70382297329233, -31.43936483292807], [-54.70208700866126, -31.436663239387475], [-54.7000056813364, -31.436314821199993], [-54.69675921487697, -31.43820926402936], [-54.695402978019345, -31.443101496532655], [-54.69223756626259, -31.44608287706822], [-54.68302594656079, -31.44539554305439], [-54.66995306749499, -31.454152480384494], [-54.58918590281576, -31.456622338923566], [-54.586702738292175, -31.462222083700773], [-54.5787984620619, -31.469323005013607], [-54.580878380659726, -31.47812277989047], [-54.578029510078636, -31.481382422609364], [-54.570921134937976, -31.482504575726345], [-54.56701387716511, -31.48678865931386], [-54.561566041788026, -31.487111586052592], [-54.56023989600564, -31.49255266168263], [-54.557011176013745, -31.495017269592033], [-54.553039434854504, -31.493165242903782], [-54.54745163250833, -31.498197408829974], [-54.53256799380499, -31.501595723009565], [-54.5278260796164, -31.505630984298655], [-54.52523504017873, -31.50561351463754], [-54.523900969038024, -31.510520448376994], [-54.51488595472726, -31.511640964938074], [-54.51003646554341, -31.52153168048836], [-54.503556216238785, -31.52647714129564], [-54.501426545565025, -31.537750390601857], [-54.496143475835744, -31.54100322230879], [-54.490804183344395, -31.54982271430399], [-54.49370294087852, -31.558699557831787], [-54.4884483573623, -31.564821325864827], [-54.484091004646785, -31.56621145711201], [-54.481041293851476, -31.569591534721738], [-54.4739769037165, -31.571148818178315], [-54.46917644608912, -31.58312999534065], [-54.46970911976227, -31.59240903375396], [-54.46398961444987, -31.591497650931814], [-54.45880854166801, -31.595060564479837], [-54.458257116033714, -31.602242194147035], [-54.46521423506766, -31.6090252612722], [-54.46686024918118, -31.613079938800574], [-54.46398759796918, -31.61499757480739], [-54.464961002127126, -31.618724685947917], [-54.46197957504071, -31.622702016895957], [-54.461289124489284, -31.62667503404277], [-54.454442989220055, -31.630318166504296], [-54.45508491744603, -31.63530116172568], [-54.45204514303664, -31.640672537362317], [-54.45733760179336, -31.653730431003495], [-54.46584731741902, -31.65473976281759], [-54.468168570029064, -31.668443944643002], [-54.47426731269201, -31.673303825619072], [-54.47109040669047, -31.67624588446319], [-54.46981067770984, -31.68280228261779], [-54.47445723739742, -31.68582562386846], [-54.47610325151092, -31.690436825763477], [-54.474951510602246, -31.69409391645382], [-54.482307458554175, -31.700056746958246], [-54.48192760914337, -31.709517661191114], [-54.47651533844649, -31.7240970180098], [-54.479838437383904, -31.7277637100688], [-54.48013320223683, -31.735362406852275], [-54.48395347266769, -31.735992320346973], [-54.486961572886074, -31.740613315660237], [-54.489837970092026, -31.738699835755785], [-54.51145213010689, -31.73697729820644], [-54.52349397324926, -31.72333260672139], [-54.532715557624854, -31.72255711876284], [-54.5454475966688, -31.710799978938162], [-54.557763478826224, -31.711283579177564], [-54.56985800358022, -31.708058205116643], [-54.580400549845315, -31.70185577314058], [-54.59209786975163, -31.69028295981095], [-54.59246368470645, -31.679542560690518], [-54.602505474114345, -31.677678310204673], [-54.61030327752206, -31.68403027073923], [-54.650970446550566, -31.680885634370618], [-54.66929880978245, -31.684764755997723], [-54.6840126003827, -31.700142822351452], [-54.71040999359771, -31.720944370649015], [-54.71424164847105, -31.732207903768735], [-54.71589800416269, -31.757570148931965], [-54.711051489888575, -31.76329404775408], [-54.719108304699496, -31.77771359906235], [-54.72045485121022, -31.788678931861373], [-54.71874172895252, -31.801229926798563], [-54.730603352942744, -31.808374514980446], [-54.73484626465938, -31.829264014662588], [-54.74251183125028, -31.837094269094464], [-54.74052287861462, -31.845718080621626], [-54.753075027494425, -31.858803005250156], [-54.754110257329856, -31.864023471016836], [-54.74468787674266, -31.881924567347003], [-54.723781382968696, -31.874898996929744], [-54.70580013398315, -31.87783733867754], [-54.70367861401622, -31.885580507911033], [-54.69148242357179, -31.88585046246324], [-54.68089809768751, -31.89229405003221], [-54.6751113470627, -31.890285912857607], [-54.66267224576109, -31.89289194351024], [-54.64885694866935, -31.892373730664232], [-54.63794686399948, -31.889481264702145], [-54.621042108000744, -31.89684463801113], [-54.606845532330404, -31.898214506181667], [-54.58189851745502, -31.90355855120586], [-54.57335223843985, -31.902011546352124], [-54.564093949280256, -31.90648181264005], [-54.550934390581816, -31.917136278580596], [-54.54368710784707, -31.917434514465484], [-54.53075106958175, -31.90437464627988], [-54.511012328597594, -31.897587972887496], [-54.509041984358994, -31.89812548625281], [-54.507124707339955, -31.901428742143658], [-54.50796825921909, -31.910205764281933], [-54.513201877300176, -31.911098737136072], [-54.515607590235305, -31.91447763507638], [-54.51120244634523, -31.925722822549726], [-54.51484789141368, -31.931213117816043], [-54.5163419400558, -31.93727098003732], [-54.522761420805594, -31.938765948506152], [-54.52154394622623, -31.94307174308077], [-54.52586352432722, -31.945603247867723], [-54.525033799941184, -31.949516130781205], [-54.52826923726235, -31.951725015900763], [-54.52638030013805, -31.95697304989025], [-54.53163985575365, -31.96491361295056], [-54.547958098389415, -31.974741273635352], [-54.54401427062965, -31.97731054942955], [-54.54694516662724, -31.982333856065935], [-54.541310733700215, -31.985673002265777], [-54.53841808713685, -31.98513732800795], [-54.5346233925078, -31.988186007077726], [-54.536037465958735, -31.99258978002792], [-54.54023449370291, -31.993981116024898], [-54.53890502076507, -31.999784870134135], [-54.534607842529695, -32.004142266292654], [-54.537512239592104, -32.00924578436701], [-54.52763902970775, -32.01622127315232], [-54.53202905104924, -32.021694233175374], [-54.54023449370291, -32.02550424622098], [-54.55637809366239, -32.03945710712745], [-54.550880275897754, -32.051154292778584], [-54.55106020191104, -32.058537942555084], [-54.547812235211666, -32.06580696596744], [-54.55112351014617, -32.06724357371895], [-54.551403130039766, -32.071189561267424], [-54.55778598964539, -32.07655876515748], [-54.56649369579838, -32.081146128045596], [-54.56967282304079, -32.07960636500644], [-54.575940338319185, -32.08238898683964], [-54.57892219507237, -32.086349953376484], [-54.590501232400285, -32.091015114522556], [-54.58858386170835, -32.09650129239116], [-54.59096723023052, -32.0990569854513], [-54.59619897356245, -32.099044966098354], [-54.6024508139675, -32.10660601178722], [-54.61181322461411, -32.106992122239916], [-54.64045142992198, -32.10103255312207], [-54.66203953810309, -32.105285989352815], [-54.663298567257755, -32.10863997240673], [-54.667768387793856, -32.10931239184594], [-54.689958469797716, -32.08135544158731], [-54.709731434633056, -32.06382451218251], [-54.711483269743695, -32.060008756952634], [-54.73659623137042, -32.030935148350366], [-54.759470911976194, -32.00141469149358], [-54.77525149536284, -31.991366420279174], [-54.808534794206, -31.932365918289797], [-54.82555592362952, -31.9113712507008], [-54.846139885876326, -31.877349509473426], [-54.8586749164331, -31.874248873716432], [-54.86786752910812, -31.874881167472438], [-54.88848664895893, -31.849333246402367], [-54.89089880811693, -31.83239029099704], [-54.895583617516934, -31.829528165682895], [-54.903243913968296, -31.82750082691871], [-54.91597476608076, -31.827880025602962], [-54.91881773981157, -31.825274729452154], [-54.93371322262672, -31.825345088867323], [-54.95376388560621, -31.814700766486], [-54.97098372556299, -31.81338895905035], [-54.97801093966301, -31.815138035631215], [-54.99276517860168, -31.823319127866814], [-55.01011118961445, -31.82911606784463], [-55.04133068230633, -31.83074808875793], [-55.05195071577687, -31.82725292819159], [-55.06261368245593, -31.82106867305616], [-55.07177043589827, -31.809811302407667], [-55.08126342613799, -31.810884586527735], [-55.090129824087484, -31.80838023975059], [-55.09802975517419, -31.809457077841312], [-55.128747847519975, -31.8066709149102], [-55.132931939344104, -31.809036320484882], [-55.15210858628487, -31.8119181446528], [-55.16764243677434, -31.821276327196745], [-55.175450347353205, -31.822327548451486], [-55.18317549466573, -31.820478910668562], [-55.18515548502546, -31.812832434683706], [-55.19059999324709, -31.810924351140947], [-55.22554613904174, -31.808419991491064], [-55.24493930703141, -31.810438653769616], [-55.261240356290756, -31.81009391193921], [-55.269878717168325, -31.808180892511643], [-55.29866715062292, -31.79470564102745], [-55.321233626799064, -31.7913717342273], [-55.33236098290417, -31.78627759142922], [-55.34159013404461, -31.775068281233168], [-55.35594917079562, -31.776263789246304], [-55.365710571631126, -31.773835977278466], [-55.3714135952729, -31.776803323929087], [-55.38347282502843, -31.779704295311916], [-55.41610392679877, -31.777930406547313], [-55.42011905546709, -31.781046766330647], [-55.45295086531615, -31.788568985670704], [-55.500303879528616, -31.788186355589673], [-55.508130339581164, -31.790646651377656], [-55.525627173582706, -31.781746573632844], [-55.53281290693942, -31.782871812046203], [-55.53714927237732, -31.779520476166283], [-55.54598431539103, -31.77961434381305], [-55.5563316676233, -31.77323970117135], [-55.56078139064662, -31.777097396098124], [-55.564751662896285, -31.774909274271266], [-55.570084837556685, -31.776138944344524], [-55.57184218523143, -31.774153991202255], [-55.58038879697469, -31.776380088668816], [-55.58875782177711, -31.78765764079937], [-55.59192740609209, -31.78962240502221], [-55.60004998816402, -31.790740100692524], [-55.60457254279633, -31.788583872994415], [-55.611901264978876, -31.796732330268387], [-55.615651483945, -31.796534221089267], [-55.62180807674937, -31.79966050684221], [-55.62813751953378, -31.797773873913425], [-55.63544091671977, -31.787909650363016], [-55.636796434480175, -31.765925380924088], [-55.638741761349664, -31.76223962092579], [-55.63464395448557, -31.7544768796675], [-55.63236485802071, -31.743068130151393], [-55.635617639764405, -31.739880579219992], [-55.63483387919098, -31.735276789018435], [-55.638697647666135, -31.733669945170487], [-55.63983522976666, -31.728717751840186], [-55.64342725145153, -31.72740710276747], [-55.64838184150992, -31.721880452478608], [-55.65704072080706, -31.71978124467219], [-55.66036905005311, -31.716830777750527], [-55.65692845325317, -31.711346241252933], [-55.66132377301197, -31.70743590018632], [-55.66042595835306, -31.70163213918036], [-55.656801836782904, -31.699778484774924], [-55.65452274031803, -31.693537461520464], [-55.654965897963976, -31.68840948699929], [-55.65918132724151, -31.687184955679268], [-55.659803663927555, -31.68281862113786], [-55.65832249979132, -31.68135928371927], [-55.6514206367964, -31.681095166752023], [-55.653042809133524, -31.676531601370122], [-55.651104095620724, -31.67338332910002], [-55.655604201189256, -31.668261830834496], [-55.6529163852077, -31.66019088403487], [-55.6480019920991, -31.657442881169843], [-55.64527973798829, -31.651400616617757], [-55.64759889448707, -31.647438578139266], [-55.63989853800179, -31.63653346568038], [-55.64278081506494, -31.633882057092507], [-55.64160786035045, -31.62667503404277], [-55.64506887173844, -31.626008944654497], [-55.64654590269099, -31.62154705952159], [-55.65287672620451, -31.620394259047835], [-55.65550394700717, -31.62318533317301], [-55.6632352401797, -31.62243895007494], [-55.66942976183341, -31.61787253795233], [-55.66848731239698, -31.61394361695829], [-55.66281611912075, -31.61216564876966], [-55.66337081847347, -31.607713173032987], [-55.660410406185605, -31.604056293712915], [-55.66031107920506, -31.5970349332139], [-55.65560279754506, -31.592584897521338], [-55.65154725326667, -31.591733254165895], [-55.65369973326128, -31.58581024483523], [-55.66432597702347, -31.578524795522952], [-55.67167927203968, -31.57034681779075], [-55.6756676908532, -31.568160472064662], [-55.6811645460693, -31.56863882633924], [-55.68280625721723, -31.567424042590176], [-55.68211638110124, -31.56394203423259], [-55.673831752034275, -31.554923142486736], [-55.67651329575201, -31.54970997222844], [-55.67414829320995, -31.537233617975694], [-55.69029189316943, -31.52824972462851], [-55.703450165945696, -31.53438425017698], [-55.708271431947836, -31.53449074788297], [-55.71476705823475, -31.537291234215694], [-55.72485960570256, -31.536695032224642], [-55.72897322483706, -31.530436070354597], [-55.73780488780146, -31.531302137267232], [-55.74966356502687, -31.521283004824404], [-55.75208073066142, -31.509089385719918], [-55.75752523888305, -31.50753906784142], [-55.761282946096074, -31.508791092910762], [-55.76759124826954, -31.505869494741503], [-55.77189827562651, -31.50777195289658], [-55.77807549218622, -31.505323096845682], [-55.77974642941551, -31.499191202341827], [-55.78417800587498, -31.49362595867543], [-55.7883576123829, -31.492143685509127], [-55.79006567174255, -31.48253522308311], [-55.80676567030296, -31.47671251339128], [-55.80772866934528, -31.47180225315507], [-55.81075278967812, -31.46970546494639], [-55.81342732446555, -31.45915539077586], [-55.811273930512854, -31.45582205348441], [-55.811676230764945, -31.45207970938846], [-55.80766536111014, -31.44838847801573], [-55.80897949660035, -31.44086647028079], [-55.80732178403543, -31.421667433811237], [-55.80405679170744, -31.419687721393316], [-55.80209423641824, -31.413406946398382], [-55.803932200136906, -31.40174770821791], [-55.80025829759933, -31.39583667710876], [-55.808412222599976, -31.389033170166517], [-55.809944457575014, -31.38399065844743], [-55.8139944208416, -31.38332644147782], [-55.81443934226961, -31.3804925052857], [-55.817771615162165, -31.377489563332162], [-55.817921295202055, -31.371945881083732], [-55.82741753047233, -31.361530925079478], [-55.83729696161732, -31.364353303402225], [-55.84596684336695, -31.36339925688177], [-55.85796097804114, -31.36515081541184], [-55.863313299794015, -31.358430289322484], [-55.8676263452039, -31.360176455406634], [-55.87379545166191, -31.36001582130587], [-55.897499746767025, -31.34741905721112], [-55.901563348289585, -31.35175074718461], [-55.906363108206264, -31.351823908524953], [-55.913580038491375, -31.34352338664464], [-55.918065779108694, -31.342932826931772], [-55.92102147869184, -31.337859741040326], [-55.92086048553193, -31.334499741556982], [-55.92952388990906, -31.33623027931472], [-55.93979815781661, -31.331799712348253], [-55.94802962554422, -31.323142991592757], [-55.949475807813045, -31.315498409610292], [-55.95162828780765, -31.312596532555666], [-55.956794955762334, -31.312207098634232], [-55.962137454840104, -31.30862135850824], [-55.97504787561364, -31.309147532525976], [-55.97999108144734, -31.303640373126516], [-55.980496843029314, -31.300114486046752], [-55.98757214172634, -31.29788992086285], [-55.99100601006177, -31.293356690166128], [-55.99618483044376, -31.291675154152845], [-56.00214825944556, -31.286161625140288], [-56.016392612350984, -31.277813759640694], [-56.0238581646575, -31.275030761368125], [-56.02772478644019, -31.27045968765296], [-56.035511197295584, -31.26868075311181], [-56.03905696052939, -31.26374164351281], [-56.045935936024485, -31.261635088225468], [-56.05292146402401, -31.255672040196536], [-56.06176688426519, -31.253457633938133], [-56.06963483809972, -31.243468255870937], [-56.07726347761646, -31.242089163542968], [-56.08900715805109, -31.23555765951656], [-56.095271828322, -31.239806505679006], [-56.09994570300538, -31.239411711764117], [-56.10445436742408, -31.235994928661775], [-56.1093323324006, -31.235847339459657], [-56.11407721916464, -31.23142347850724], [-56.11768578856734, -31.2307079471787], [-56.131360367356564, -31.234524114264232], [-56.142565924975486, -31.24215644843529], [-56.14350468483204, -31.245686506028697], [-56.15650291125363, -31.25040659079345], [-56.170548164905256, -31.245853360299392], [-56.179730585242105, -31.248483967402127]], [[-55.60596110705647, -31.503683920291326], [-55.60482589680072, -31.512810012576132], [-55.596507542682595, -31.514856925871015], [-55.594056205152924, -31.523105668294782], [-55.58724712651926, -31.533075999885327], [-55.588108466822206, -31.53497272097172], [-55.602234934229664, -31.54265194922664], [-55.59931707559373, -31.546767795682253], [-55.605136317798035, -31.554364084936175], [-55.60368597008162, -31.562866814112585], [-55.596774718515306, -31.575654055273773], [-55.58228057157251, -31.57263167978245], [-55.577260066340564, -31.576428237987788], [-55.567856651313924, -31.59583870303715], [-55.5565498066824, -31.600456091904185], [-55.555826915281195, -31.606725114611294], [-55.565992056446454, -31.612552142484525], [-55.56692387857568, -31.623739222149844], [-55.54963797778617, -31.63287305544281], [-55.545385429719744, -31.637389492047028], [-55.52954528595701, -31.63757078275331], [-55.523534445067085, -31.650147088881496], [-55.51535497338201, -31.655517341496658], [-55.49361006201033, -31.647535489157388], [-55.491539585002705, -31.644553123812546], [-55.49482820373478, -31.621654781327997], [-55.48656936798846, -31.606358169899494], [-55.48585574905585, -31.597740822130476], [-55.47973383838927, -31.590020757554775], [-55.476641512096336, -31.580967766869055], [-55.46294802356049, -31.57692223747828], [-55.44949472415005, -31.581887413626525], [-55.44597540183052, -31.57390911134345], [-55.453239970350374, -31.566700485370625], [-55.447847575483365, -31.561608796310697], [-55.44585226553565, -31.562073674361088], [-55.44006892640687, -31.568833118578592], [-55.42743807020695, -31.566073775123915], [-55.42648553860655, -31.556934370422887], [-55.40838409283778, -31.549960446725116], [-55.408224419225384, -31.52869671325648], [-55.393885932303135, -31.52399990036004], [-55.392875512286416, -31.51276623025385], [-55.387605108103315, -31.505745069926473], [-55.373899998779606, -31.504230823689188], [-55.37742111290667, -31.47618464648842], [-55.38631389679153, -31.457732732027733], [-55.38012507807453, -31.452561630229994], [-55.38230611918844, -31.44518433241732], [-55.397509405078615, -31.415238853207914], [-55.4119015902507, -31.41732718294352], [-55.419887916583804, -31.4238623087396], [-55.436873485655966, -31.428425054236325], [-55.461506235424096, -31.42068489920502], [-55.49918892642648, -31.42622812362349], [-55.50953859045389, -31.42207084615134], [-55.5140103940052, -31.41553639638383], [-55.52504047105716, -31.41011922496871], [-55.52913022316691, -31.39942329061992], [-55.54838988369169, -31.390845276118927], [-55.55677678961892, -31.393380747348118], [-55.56412709105186, -31.400167471177188], [-55.55867741762915, -31.406762856317744], [-55.560715595402506, -31.412353367475703], [-55.568145428927934, -31.417725077807766], [-55.577466075491174, -31.414936844348304], [-55.589810743035066, -31.405542454779503], [-55.59248813037016, -31.419442028083886], [-55.60244325082258, -31.429261280569023], [-55.59643920078467, -31.437538580894255], [-55.587304429187114, -31.432486859319006], [-55.57922414190075, -31.432630193516125], [-55.56453059504891, -31.442481140825592], [-55.56409009157737, -31.449030971051247], [-55.56520225506673, -31.450769575106374], [-55.57023843487726, -31.452164750110384], [-55.57537519900558, -31.464872940187036], [-55.577608043155685, -31.464932705657255], [-55.58204493293557, -31.460745432813173], [-55.58908445565781, -31.47401996827927], [-55.57850104101796, -31.48447330239416], [-55.57947448226146, -31.488545164113223], [-55.592089476295605, -31.488495150873646], [-55.60596110705647, -31.503683920291326]]]}}, {"type": "Feature", "properties": {"shapeID": "URY-REST-27058087B10223787783888", "shapeName": "Lavalleja, outside any municipio", "shapeGroup": "URY", "shapeType": "ADM2", "parentID": "27058087B10223787783888"}, "geometry": {"type": "MultiPolygon", "coordinates": [[[[-54.13845346081211, -33.45646624366042], [-54.135660475950885, -33.45774358749192], [-54.13673728990932, -33.46036312038294], [-54.13965504369553, -33.45916758450509], [-54.13845346081211, -33.45646624366042]]], [[[-54.35195718797526, -33.54598952981347], [-54.34288340916124, -33.54265739520585], [-54.317624463510356, -33.54175216767985], [-54.313404556292554, -33.53220885242304], [-54.29453212695022, -33.51049648070411], [-54.29223479438401, -33.49957779774818], [-54.28624356718821, -33.49271968166428], [-54.24182161175875, -33.47923873208048], [-54.24014474975938, -33.474127357714494], [-54.228931210021585, -33.46799841856333], [-54.222144505184424, -33.466997137972655], [-54.21987550848226, -33.46905564347186], [-54.222244532615235, -33.476255498941306], [-54.208108469445406, -33.48314097723015], [-54.209187832171224, -33.48589797385555], [-54.21812219333488, -33.4874540056427], [-54.21800870769468, -33.4915289675125], [-54.22054902641792, -33.495358149190096], [-54.229011209778136, -33.502201901358646], [-54.226858729783544, -33.50812491068931], [-54.21949256286377, -33.51615033042354], [-54.224246695376735, -33.521438184595716], [-54.231986696829495, -33.523190820329056], [-54.23475634707083, -33.52986784718254], [-54.239583685045716, -33.53046538883584], [-54.23526633733742, -33.53563654747922], [-54.23728671995711, -33.54129944557335], [-54.24775636926427, -33.54299659928933], [-54.254461120302494, -33.54139711746627], [-54.26079194381602, -33.54410023581851], [-54.26137539971159, -33.547551516427404], [-54.26667960968359, -33.548671685973055], [-54.26800908262143, -33.55340214308949], [-54.26579830943974, -33.556955748299394], [-54.26839490609318, -33.56736485204582], [-54.28256997670255, -33.57983705050487], [-54.28438877453747, -33.58469889233414], [-54.28750801904309, -33.58603832201886], [-54.28977956957401, -33.59182958593566], [-54.297447411959325, -33.593153883563744], [-54.3035250025323, -33.596334022801685], [-54.30124221346664, -33.600396777118775], [-54.303144020558705, -33.6039610956083], [-54.317326197791786, -33.60766326883685], [-54.320959092089346, -33.612106509829125], [-54.32732889894315, -33.6089750762725], [-54.32864403509799, -33.61164388099466], [-54.33084513036997, -33.61189925024511], [-54.342692627092184, -33.602287640720796], [-54.35150637296075, -33.57281309958562], [-54.35780472246342, -33.55779454007145], [-54.364963713009374, -33.54669331678771], [-54.36309736517962, -33.54451435343114], [-54.35195718797526, -33.54598952981347]]], [[[-55.602503918678494, -34.18331162595767], [-55.60184483590253, -34.175582478189035], [-55.59425330046929, -34.17185972138797], [-55.59153104635848, -34.16836156822623], [-55.5909051802451, -34.16079122417988], [-55.57918594050712, -34.157549094817234], [-55.577204467344, -34.14980737705503], [-55.57262274465128, -34.14569384466582], [-55.565954519363856, -34.14490804134642], [-55.560715730555046, -34.13958133540487], [-55.54911452881788, -34.13711670021347], [-55.54911452881788, -34.1287290829734], [-55.554260372127445, -34.11818343288679], [-55.55100179636959, -34.10833128791395], [-55.53468025120705, -34.0966096766702], [-55.530235106511746, -34.070566447074945], [-55.52046328167097, -34.05864205970264], [-55.50549515480971, -34.055943646165034], [-55.49685360436158, -34.0515477344575], [-55.48801203144093, -34.05446028258235], [-55.4839070466286, -34.05777222622685], [-55.46374878066067, -34.04237130975855], [-55.45288601141233, -34.041076495227664], [-55.44877097612854, -34.0379361077302], [-55.44709178302251, -34.03107404514801], [-55.44421278319881, -34.02692487561883], [-55.44646857389799, -34.01882874109805], [-55.44345308437718, -34.01249499382668], [-55.44659025515945, -34.010681461645596], [-55.44684577983773, -34.0084945511262], [-55.4440228584934, -34.00649248101506], [-55.441141179780004, -33.99806003755509], [-55.4361093291015, -33.997071318522664], [-55.43231083499339, -33.992937137513344], [-55.424874538871194, -33.97802701134571], [-55.42161174325554, -33.9763209099951], [-55.41980076314139, -33.97165494485071], [-55.41452122092039, -33.96630347139559], [-55.414568581148, -33.962559644633764], [-55.411609042104175, -33.95747858501031], [-55.41455433797033, -33.954502551619065], [-55.41337360645801, -33.949869356402], [-55.40590270625105, -33.93788550315516], [-55.40147972448253, -33.93696668692559], [-55.39622514096631, -33.9296921184188], [-55.394457378237774, -33.918000396307434], [-55.39127508244255, -33.91181206690468], [-55.38574270506116, -33.909277717393444], [-55.38261387041223, -33.910611282991155], [-55.379058463537525, -33.90461206961643], [-55.37356173096046, -33.90120516748808], [-55.36748320221491, -33.90162738964398], [-55.36165884458248, -33.89423356591576], [-55.35950098103697, -33.87932392157624], [-55.35627764459598, -33.876345282702346], [-55.358260608203175, -33.86892610763716], [-55.35460109793901, -33.85648481069276], [-55.34842742343922, -33.848320305668], [-55.348332424553845, -33.84246492246031], [-55.34519870344731, -33.83921715709939], [-55.34302237307261, -33.829505459194074], [-55.315317216463484, -33.811589697469785], [-55.31503542269223, -33.79340914699339], [-55.30930293412564, -33.7867051079329], [-55.311209938817306, -33.780151833543044], [-55.30170594590942, -33.76337083627451], [-55.30906547841429, -33.75671297755573], [-55.31051985476617, -33.75346235116942], [-55.30930293412564, -33.74961673407042], [-55.319606155010334, -33.731753838054814], [-55.3155646145615, -33.724298841970516], [-55.30449150825537, -33.710620276665175], [-55.31443090117159, -33.70493577777736], [-55.32630112318665, -33.70408886986265], [-55.33057450113108, -33.700364327622815], [-55.33973951830339, -33.699956248077896], [-55.34171022476765, -33.69496580520302], [-55.34222947362651, -33.6836618682689], [-55.3377916399365, -33.68009093998094], [-55.34752880920188, -33.67224078308463], [-55.35238885344137, -33.6617948652894], [-55.34969358814192, -33.65302000471797], [-55.35254245872301, -33.64980011373956], [-55.356490524597696, -33.648979327912336], [-55.35903555383836, -33.64380032855228], [-55.352565921977835, -33.634509963357026], [-55.34310953168786, -33.63226959619041], [-55.33703194111487, -33.62682360774544], [-55.33551254347162, -33.61859499746727], [-55.336610164839335, -33.6148570478849], [-55.33235932386596, -33.609149017899696], [-55.29840544855207, -33.59709044743531], [-55.29524850592563, -33.59784458893971], [-55.286993599980995, -33.59514351916391], [-55.270178444812075, -33.59410792533513], [-55.26368507828735, -33.59196120824299], [-55.24761855863382, -33.60720273742372], [-55.24652028903341, -33.61456212845707], [-55.23740880260167, -33.62649690884943], [-55.227920707857066, -33.627930645752755], [-55.21753304182399, -33.63532892190367], [-55.21711100417105, -33.64499917092475], [-55.208645023994706, -33.66196087699144], [-55.20082078671339, -33.66721368789102], [-55.19702056514961, -33.67600135533831], [-55.200955046147826, -33.68446178390839], [-55.19319085882124, -33.69035317434055], [-55.17676393164323, -33.68787748893334], [-55.167613262613635, -33.69467962413628], [-55.156178931796994, -33.68439946229716], [-55.150317876457684, -33.69065173752028], [-55.12909109612562, -33.69251684761276], [-55.1249388879241, -33.688292011832075], [-55.1023730795672, -33.68781723388091], [-55.0898477236798, -33.682865463089534], [-55.077645656066316, -33.68835013094192], [-55.07741292574583, -33.693710446085234], [-55.05814564179176, -33.694169598098924], [-55.05784072631086, -33.70079833658513], [-55.04262019746888, -33.70937570048014], [-55.0242920969251, -33.705347732714564], [-55.0160907114337, -33.70105618361672], [-55.00047569206879, -33.705953091588476], [-54.984111438820705, -33.71422490000131], [-54.9779773839676, -33.71041909748146], [-54.961951167415506, -33.70967439463792], [-54.95051121163156, -33.70113334423438], [-54.932850950576345, -33.70840635843206], [-54.91742452060122, -33.70117163691742], [-54.91970067189732, -33.69766850941511], [-54.93328979014282, -33.6944356934187], [-54.934613421469166, -33.690058933794916], [-54.94608625393404, -33.68458414601526], [-54.95352651986059, -33.676830310368864], [-54.95501396812773, -33.66596369274958], [-54.961910893270336, -33.66320701659477], [-54.95884655030536, -33.65447469451069], [-54.967849159079236, -33.64853570554453], [-54.966198690855975, -33.642091224722506], [-54.98631674026164, -33.62976238245237], [-54.989394493558436, -33.62239830737801], [-55.002905670099075, -33.619334491642306], [-55.00233974604256, -33.611878927571766], [-55.00961796489105, -33.60742989136936], [-55.00793214324124, -33.60068954244114], [-55.017031617673304, -33.598457993637304], [-55.02936723011692, -33.57502739354701], [-55.03584937204835, -33.57032541416822], [-55.046455795476575, -33.537505317445756], [-55.041472346821806, -33.53109598862613], [-55.029884189414155, -33.53048746135371], [-55.01366249441165, -33.51768888201111], [-55.011483886647035, -33.508846425186974], [-55.004420864215135, -33.50572064233244], [-54.998919235974434, -33.508779253782336], [-54.97914161238811, -33.50624269528622], [-54.96400076003539, -33.496686981882746], [-54.95656715124368, -33.49468085324532], [-54.95270251028389, -33.48028961951404], [-54.94579801250061, -33.47789623408175], [-54.94697023607645, -33.46681550452006], [-54.93678673706087, -33.464915635486044], [-54.929746568781084, -33.46036560612896], [-54.928475868103796, -33.45377930663651], [-54.91483464907684, -33.43351125040998], [-54.91644851100322, -33.42645108929233], [-54.91040485333427, -33.4216761870433], [-54.89805016754207, -33.417751403368534], [-54.88925440618452, -33.41858950483124], [-54.8834566791125, -33.413443106599374], [-54.87898122060225, -33.396544668311364], [-54.869891537547964, -33.39083978820056], [-54.87153871565957, -33.382323808189696], [-54.862227248483855, -33.37353274021663], [-54.858617503333114, -33.36461415983397], [-54.84824740109265, -33.364132239634124], [-54.8458319974041, -33.34436314372252], [-54.83634141674609, -33.33936759162898], [-54.84259857258718, -33.336246574897935], [-54.84325783442585, -33.33396012135606], [-54.835504102373605, -33.330514134250336], [-54.8327818482628, -33.32737374675287], [-54.83135773445602, -33.320554521506075], [-54.82804141781202, -33.31958881923146], [-54.82076528717449, -33.3225153480263], [-54.81784110477088, -33.333296756083534], [-54.79883965058996, -33.33738036929995], [-54.79321420130327, -33.34228064943071], [-54.787262627076686, -33.34302318434959], [-54.71936236880103, -33.39988179071071], [-54.70953443213467, -33.418511540828746], [-54.71983324369078, -33.426576146391014], [-54.72781804982548, -33.43778502019042], [-54.73609210495779, -33.44104827387666], [-54.74174234991284, -33.44955563748928], [-54.75516388424674, -33.462520194893415], [-54.768372295429934, -33.472496354875375], [-54.776908667259335, -33.47564832553344], [-54.79159912826167, -33.475811660417875], [-54.80940935079291, -33.49140211594878], [-54.81520125490103, -33.504413531905826], [-54.82204355463806, -33.50990197530168], [-54.822781423816465, -33.516949196874656], [-54.83850872515204, -33.53205748172625], [-54.83724846530207, -33.54039124982336], [-54.845772493632445, -33.55274336001646], [-54.85186697320592, -33.555333163219714], [-54.848553571409774, -33.569504286275915], [-54.840270150740864, -33.58046897045922], [-54.83291918508032, -33.5811405632282], [-54.81583190671726, -33.57774728516814], [-54.789322213973705, -33.5824833357244], [-54.78412241857409, -33.58002194881988], [-54.76395045003355, -33.58285591098245], [-54.71061984105206, -33.57912596454213], [-54.681935909482476, -33.56361023882711], [-54.668193025966225, -33.53588452877068], [-54.64682990409891, -33.527727811976234], [-54.634665395817834, -33.51342018303129], [-54.61041382621403, -33.512429565693175], [-54.608569189816464, -33.51416803208484], [-54.609131226818526, -33.52310331886119], [-54.601056669494426, -33.526682903058315], [-54.583831040796426, -33.515618716609275], [-54.5773409842478, -33.52146105227544], [-54.569614727179065, -33.52129254662872], [-54.562259686437194, -33.5276832368067], [-54.558895296631405, -33.534938146576465], [-54.55966199432534, -33.53702441593449], [-54.565119673057474, -33.53959257988679], [-54.56346335070737, -33.54630356184243], [-54.54762081420521, -33.5554784112433], [-54.540942257741136, -33.555354664012285], [-54.535090021415684, -33.56368430205225], [-54.524114521861705, -33.561820105041754], [-54.50869277200852, -33.55526489828848], [-54.495138881181084, -33.557719430009364], [-54.48269030517564, -33.56987597949924], [-54.47078297966548, -33.57181535391967], [-54.46063534188299, -33.56689283898223], [-54.454608495992225, -33.56008884416165], [-54.43371009626217, -33.56078334352466], [-54.42144242812997, -33.56317058169311], [-54.41742911220807, -33.57033831726328], [-54.42034791150958, -33.57592072879502], [-54.41051133850405, -33.587332735773415], [-54.39014842580112, -33.59789365532227], [-54.385243226521524, -33.6144115457298], [-54.37170852902751, -33.61415697758315], [-54.370043421323416, -33.615320225890436], [-54.371713327213406, -33.62307602944561], [-54.378165411756726, -33.62475651724078], [-54.381520748218904, -33.6276583942954], [-54.382177144269804, -33.63487317790635], [-54.38658540702971, -33.63644352894021], [-54.38530451434648, -33.64422130850929], [-54.38740841408648, -33.651708197282325], [-54.3862774126477, -33.658869340465984], [-54.391713374075664, -33.66653559647922], [-54.38736348787163, -33.67186709238001], [-54.39247307289729, -33.68056796086663], [-54.3898094373637, -33.6838946091679], [-54.391966607016215, -33.68986986813761], [-54.389699622706466, -33.69525149416512], [-54.39285292230811, -33.69929103063001], [-54.38994074349188, -33.70676435783917], [-54.38517488434693, -33.712398249113576], [-54.38544924294141, -33.716017311924844], [-54.3883580376135, -33.71813335561481], [-54.3894342776108, -33.72286381273124], [-54.3870918729108, -33.72604395196918], [-54.38259783362408, -33.72616696041839], [-54.37999058414089, -33.73354278040851], [-54.38421074211019, -33.74631899258361], [-54.39183999054595, -33.75291612852978], [-54.39066085072964, -33.76454536607701], [-54.40023706570477, -33.77180050220461], [-54.40608434345137, -33.7735870335764], [-54.41399787284327, -33.780742346861764], [-54.413966266437626, -33.78428239721472], [-54.42324087517301, -33.78543305223772], [-54.431914103386546, -33.793303896851626], [-54.431039223392155, -33.79734160613814], [-54.43286372691357, -33.803758604596354], [-54.43165889104403, -33.808825045606795], [-54.433492937896524, -33.811737930058], [-54.438624776310874, -33.81214622183642], [-54.437485228078444, -33.819261783381315], [-54.43393996691087, -33.822799688283524], [-54.42798859055623, -33.824215884647614], [-54.425828919259445, -33.82992647036391], [-54.429001924570315, -33.832340105997346], [-54.432133564357976, -33.844777667576594], [-54.43723199513789, -33.84788303652278], [-54.43406747549143, -33.85087849494592], [-54.43356789208618, -33.85617394966816], [-54.43621906337573, -33.860007317367426], [-54.43910699477688, -33.87716193672558], [-54.44704477158386, -33.8839776168734], [-54.44611066829801, -33.887548857276975], [-54.44945048451899, -33.89053665405166], [-54.44985426207578, -33.895775711606234], [-54.466929277405264, -33.90086735538136], [-54.472129356808765, -33.900446043261546], [-54.4762298679812, -33.897930477779866], [-54.48066144444067, -33.90063359613212], [-54.48509302090012, -33.909021213372185], [-54.48464139759662, -33.91478715114314], [-54.486359185602836, -33.918641134566954], [-54.48346969403676, -33.92410064933977], [-54.48382624425179, -33.927959374352014], [-54.489271364419054, -33.930844918892554], [-54.48979489108488, -33.934983959453966], [-54.50041361380285, -33.934025058130494], [-54.50332501220412, -33.93717501769307], [-54.51193571259746, -33.931242436297296], [-54.51495311954619, -33.932157217689934], [-54.52297542149711, -33.92661308468919], [-54.53353725658108, -33.92915279245582], [-54.53979350875497, -33.92749047779393], [-54.55181190598934, -33.91646592564298], [-54.57340583445522, -33.91676590103882], [-54.57841962122557, -33.92245089455495], [-54.59286360324578, -33.924075754931714], [-54.62187373114769, -33.924508915444726], [-54.63429752956987, -33.91960100533011], [-54.65941656272018, -33.94316104366791], [-54.669093695210016, -33.93713139694102], [-54.6791657814998, -33.93651639773261], [-54.682039049491415, -33.93101466281304], [-54.6905282620276, -33.931611724576946], [-54.70240761469192, -33.93767179725476], [-54.711378814842796, -33.9319239749609], [-54.709482661220896, -33.924447791405484], [-54.71538445337206, -33.91684042130425], [-54.75079947352261, -33.89804108805647], [-54.769232617144006, -33.89528269777641], [-54.771822092862685, -33.889911034832586], [-54.79047748745998, -33.898299995004656], [-54.810800631717036, -33.9045522352975], [-54.82525405251358, -33.91229037789811], [-54.836627319703915, -33.92211326077137], [-54.84607019777592, -33.920645322616444], [-54.86701484292273, -33.93473618975362], [-54.9005598009584, -33.935632609610984], [-54.90706525410114, -33.93459563881896], [-54.93368928287461, -33.941645148038184], [-54.950247245266546, -33.941159845884535], [-54.9606368685045, -33.954743272217655], [-54.97282373988217, -33.952349373814485], [-54.9869043363771, -33.95428891133089], [-54.98384594415775, -33.96799427184245], [-54.999746281008136, -33.975475068190775], [-55.00502685999679, -33.98725971171301], [-54.99737192441873, -34.00538905377959], [-54.993383463062614, -34.02105784764708], [-54.99280760904823, -34.04290911072196], [-54.98752239961661, -34.04760328818724], [-54.99054866099634, -34.054855012613565], [-54.99778596402284, -34.06162812383589], [-55.01341614476721, -34.07163278932584], [-55.01921414629668, -34.07976239188797], [-55.01094444842008, -34.09184525493781], [-55.0112112276446, -34.102322532795114], [-55.01579719893861, -34.106693563022546], [-55.01464603899086, -34.119356527934464], [-55.01869544684602, -34.12705633334646], [-55.00440855563819, -34.12929367530783], [-54.975977029680415, -34.119390720452756], [-54.97649651992933, -34.11228976987269], [-54.9647124707387, -34.10619564895429], [-54.95677381311796, -34.10542191894713], [-54.95170506803557, -34.09888204648356], [-54.94054741280397, -34.09127039558389], [-54.92684622548911, -34.092590753696065], [-54.917011721742256, -34.06823104027192], [-54.908998129374744, -34.06110962339014], [-54.89598630250186, -34.05872343278415], [-54.88838612313427, -34.04709682315542], [-54.87351340204252, -34.050367525398784], [-54.86637682969267, -34.047681338024894], [-54.8559080156872, -34.05215805010229], [-54.83087559187424, -34.05193198070823], [-54.811689318726934, -34.06073770706832], [-54.78501315212817, -34.06507260046799], [-54.75804730745145, -34.083489744428405], [-54.74613336473364, -34.08117403016181], [-54.742409621718785, -34.084981920381644], [-54.71669686583352, -34.085415047873795], [-54.71499989806648, -34.08686465209942], [-54.71756086031668, -34.09175996433234], [-54.7148927369948, -34.095120624158334], [-54.72002988148695, -34.11322590418844], [-54.71780674316559, -34.11780733000209], [-54.7247779991221, -34.12213029405467], [-54.72965273322751, -34.128291813828184], [-54.72851318499508, -34.13234649135656], [-54.724513549863374, -34.13492857845449], [-54.725027292177714, -34.13823780050406], [-54.75212715670051, -34.14777016666057], [-54.75060213336256, -34.1535036377578], [-54.75333001316808, -34.15703232219107], [-54.74829219555744, -34.162591806584125], [-54.75021217343913, -34.1682552754206], [-54.75423291645116, -34.16961002702525], [-54.75712850727619, -34.16712926427153], [-54.76398909740766, -34.176167138304706], [-54.77466488840865, -34.182831201758866], [-54.77928638957353, -34.18799892802051], [-54.77896984839785, -34.19630704177963], [-54.77536012354092, -34.19920800716269], [-54.77384713764557, -34.21219672791348], [-54.78226187662489, -34.227671165013824], [-54.78137556133299, -34.233395415642114], [-54.778480661969354, -34.235360070052735], [-54.7804892460411, -34.243174343798785], [-54.77981796974101, -34.24774422904917], [-54.786123678968124, -34.25478185201727], [-54.78492082250057, -34.2609036200503], [-54.78160292438962, -34.266135014058726], [-54.79340262375912, -34.28883023115749], [-54.799224565797644, -34.28958733245935], [-54.800937805989776, -34.28610622351098], [-54.81208005537357, -34.279785696775576], [-54.815688624776286, -34.28443665041106], [-54.81556838476001, -34.28925065224475], [-54.818664111827644, -34.29481185467484], [-54.81768896160077, -34.30006839699819], [-54.82012020123575, -34.30407401020534], [-54.81849637014596, -34.30732170348178], [-54.820239452242795, -34.31172461965926], [-54.825121551811435, -34.3155622632024], [-54.82313308446638, -34.321757299373886], [-54.82695749063035, -34.32446665306864], [-54.82711507214393, -34.32970357890427], [-54.835504102373605, -34.345097806374774], [-54.839118985067486, -34.35798404060037], [-54.84272124117902, -34.36199229607634], [-54.84024809617989, -34.3677845623112], [-54.844747104703345, -34.3827427046039], [-54.84459317873632, -34.389585339816776], [-54.851218696902315, -34.40623093445476], [-54.867474761116895, -34.40090925000063], [-54.8764645305061, -34.4065142454075], [-54.88015865816401, -34.41112739435684], [-54.88861971165207, -34.410608674676354], [-54.893370786956886, -34.419978374735244], [-54.90583955160885, -34.41883728495452], [-54.908403920841714, -34.422618629733186], [-54.91767051302173, -34.4225918935917], [-54.92438886450347, -34.4145440969833], [-54.930086605665636, -34.413073282585756], [-54.934264949184566, -34.41506086960947], [-54.938515257222576, -34.42211476225398], [-54.945587861913104, -34.428871207563546], [-54.94971215855756, -34.430603800134904], [-54.95238457339832, -34.4350380129775], [-54.95718253030351, -34.43656656120604], [-54.962428919159194, -34.44154880771242], [-54.96640957944742, -34.44159657219244], [-54.970287334976504, -34.43859389997023], [-54.98700070905221, -34.43386344285379], [-54.99390130668195, -34.43362493241094], [-54.998269574906274, -34.440621238734415], [-55.00080222153651, -34.449018978942966], [-55.009067947124706, -34.45391151800575], [-55.01751527838738, -34.45568714837416], [-55.02530219130901, -34.46089462637629], [-55.02677837598606, -34.466637909994276], [-55.034533830015654, -34.47309383717168], [-55.042332106560394, -34.47580152905413], [-55.043967627048325, -34.478372628999665], [-55.05183557662613, -34.482569056409815], [-55.06126126886582, -34.483394111484714], [-55.06759209237934, -34.4894363760368], [-55.06995450524729, -34.49650294261295], [-55.07506246412531, -34.49675069628406], [-55.0813217317685, -34.499772565498844], [-55.09487794172263, -34.50136189817908], [-55.10351662714218, -34.51146146041156], [-55.10694310702705, -34.51311772561079], [-55.11995683368715, -34.511966845489574], [-55.1295075463416, -34.49925505593394], [-55.13569329941685, -34.49813680612393], [-55.142169193368645, -34.49368981226755], [-55.14989279805515, -34.492457508312846], [-55.15405611561618, -34.496107479222474], [-55.16496015801732, -34.49905629723157], [-55.177165579795755, -34.50461951033235], [-55.18616841678762, -34.50275320909568], [-55.195158186176826, -34.50712590054784], [-55.201932167336295, -34.51285015117614], [-55.202898037963706, -34.51575549836104], [-55.21370749907145, -34.51845514658301], [-55.220481480230916, -34.52843283344205], [-55.221937569639024, -34.53368006318465], [-55.22187619189969, -34.545010270193146], [-55.228155817726545, -34.54473369302057], [-55.239727183712034, -34.54031860384385], [-55.25403484485258, -34.54485030225791], [-55.261321348541074, -34.5528836439266], [-55.26820579931957, -34.55719877602736], [-55.273976938920185, -34.55641805873592], [-55.28017169076432, -34.5621389853334], [-55.28670189418237, -34.56516344164026], [-55.28788530135913, -34.57288060979403], [-55.292231265121565, -34.575448101833445], [-55.304554816490494, -34.57208024448278], [-55.31607691528511, -34.571841734039936], [-55.324686835263506, -34.57506162501835], [-55.32183565639137, -34.57923548667306], [-55.32538322584999, -34.58233619352514], [-55.328611945841885, -34.588656720260545], [-55.32693311198768, -34.591309274684356], [-55.32832754016703, -34.59325537464243], [-55.331725599573055, -34.593070502299355], [-55.3438576148327, -34.5839122199445], [-55.3595041525484, -34.568239082282325], [-55.375941420888175, -34.567263883982406], [-55.383114672066434, -34.56227049930079], [-55.396247766604276, -34.560134804609994], [-55.40423926061016, -34.55481166800173], [-55.41748169749599, -34.56433817231237], [-55.4260887521752, -34.56600085895661], [-55.448927652964954, -34.580853978126676], [-55.46062197686702, -34.57967664755172], [-55.46198873581971, -34.57753285107755], [-55.4558120361371, -34.54981027521601], [-55.45622674858716, -34.53459454197768], [-55.467822158967635, -34.534594475122915], [-55.48024731858239, -34.54414338720119], [-55.48702378676547, -34.55239078158412], [-55.49215405663116, -34.553524858395576], [-55.49822184623408, -34.54398228037295], [-55.49758162541781, -34.53689995416306], [-55.500563954402, -34.53543290859029], [-55.500683728939435, -34.53105644831334], [-55.50809079245025, -34.5258887220517], [-55.512775601850265, -34.524298652432726], [-55.517646376422746, -34.52475745748112], [-55.518979808893505, -34.51746135307115], [-55.52151213829892, -34.51591103519266], [-55.52667543932115, -34.51840252431917], [-55.52834942769353, -34.510584301969104], [-55.54283021367381, -34.50621269544502], [-55.547591442874115, -34.50249231375878], [-55.546012425296254, -34.499493566376785], [-55.55011023695244, -34.49131947423315], [-55.54683543235301, -34.4826388284157], [-55.55323338026349, -34.47950255264148], [-55.55405516137856, -34.4742123509282], [-55.548481446466525, -34.47083256149485], [-55.537972279434086, -34.45310328524333], [-55.54160731094258, -34.448111113306744], [-55.540694533544894, -34.445232440629425], [-55.542820713555955, -34.440487015697975], [-55.53759243002327, -34.435374008991815], [-55.5374279480685, -34.41345491342564], [-55.533604011209746, -34.40993289508829], [-55.53214792180164, -34.405122934490905], [-55.53611839068138, -34.39654636609304], [-55.534110477090834, -34.388625962194084], [-55.53878492449616, -34.38930528160047], [-55.54443438884734, -34.38686078138733], [-55.55082385116653, -34.37618366742564], [-55.55570545582396, -34.3734725921214], [-55.556458284093566, -34.36739853278083], [-55.56316895701789, -34.35618854196709], [-55.572090150951304, -34.354707131992306], [-55.62386220318781, -34.208939966282465], [-55.61746867276619, -34.19793877468537], [-55.606155248674725, -34.190980308556085], [-55.602503918678494, -34.18331162595767]]], [[[-55.10040014367627, -33.391276747966586], [-55.10173021693086, -33.39300171189903], [-55.10455568627372, -33.39260660463062], [-55.10577985989255, -33.3884187805536], [-55.10150485577332, -33.38606034801883], [-55.10040014367627, -33.391276747966586]]], [[[-55.324031551814656, -34.627276672732165], [-55.32511250955273, -34.62178974659229], [-55.32280537653556, -34.62022296355191], [-55.31567521578664, -34.6246292610905], [-55.3148792019851, -34.62903581838534], [-55.32005394917625, -34.63101444780247], [-55.324031551814656, -34.627276672732165]]], [[[-55.49166720554392, -34.582607893233266], [-55.49210521411037, -34.57969894782637], [-55.48884172582196, -34.579189100507236], [-55.488479587062514, -34.58248863837469], [-55.49166720554392, -34.582607893233266]]], [[[-55.49543446443285, -34.561042716904026], [-55.49704177626938, -34.557994649364], [-55.49414699772962, -34.55611245651293], [-55.49250356726979, -34.559671054633085], [-55.49543446443285, -34.561042716904026]]]]}}, {"type": "Feature", "properties": {"shapeID": "URY-REST-27058087B4606463382645", "shapeName": "Florida, outside any municipio", "shapeGroup": "URY", "shapeType": "ADM2", "parentID": "27058087B4606463382645"}, "geometry": {"type": "Polygon", "coordinates": [[[-56.51918661579495, -33.50375221923714], [-56.53503959485991, -33.49317232932692], [-56.53192614442141, -33.48842894608398], [-56.51208553374212, -33.48472184947516], [-56.50500189652741, -33.48805946835687], [-56.502789782894936, -33.49242297320198], [-56.49816828173006, -33.49639814724941], [-56.49103310821786, -33.49622525039502], [-56.48506347705707, -33.50689260673461], [-56.47797295472192, -33.505143530153745], [-56.47379600055522, -33.498688765031034], [-56.46888207933443, -33.49673190748055], [-56.46194019495684, -33.501379960355024], [-56.46068980653, -33.50410998490141], [-56.45208801254193, -33.500528940965744], [-56.44783823479756, -33.5033547018324], [-56.44176064422457, -33.504666509268056], [-56.43042847013537, -33.50184413569438], [-56.426566667792116, -33.49834598253265], [-56.418843063105626, -33.47970241625022], [-56.41802005604886, -33.47203033033869], [-56.42295176368742, -33.462467545039864], [-56.422704865448864, -33.43657177783565], [-56.43006254695343, -33.423653063841435], [-56.43194786777862, -33.413913285765325], [-56.43605928485586, -33.41023384065917], [-56.43677422294398, -33.40243148705782], [-56.434955116319045, -33.39743529949548], [-56.42928638777174, -33.39114034670783], [-56.425237194854276, -33.39010199322124], [-56.42230206603087, -33.38630915691313], [-56.4101957859055, -33.38303155000084], [-56.40527832836704, -33.384180003947264], [-56.407827430192086, -33.391851069802115], [-56.40403550030623, -33.39574839832573], [-56.40181314785424, -33.403180315837275], [-56.39716139129093, -33.40544233888786], [-56.39384667577474, -33.41390666775308], [-56.397065030219096, -33.41665615585805], [-56.39554563257586, -33.421744378638756], [-56.3918344988776, -33.42184509098143], [-56.389341425532606, -33.42603756660997], [-56.375590836723404, -33.42723758155319], [-56.370412263227166, -33.43398791470482], [-56.36553752912175, -33.437446316126085], [-56.36063854186281, -33.43662973606176], [-56.350850018570384, -33.43931464792838], [-56.344962333987354, -33.434377177643285], [-56.33840814876496, -33.43309424120273], [-56.33509866684077, -33.43441079881296], [-56.33438987743523, -33.439394151409324], [-56.325906573927114, -33.43895688226411], [-56.32306596152768, -33.4357977580258], [-56.30885567052425, -33.43449752490288], [-56.299886889286526, -33.436810288278494], [-56.294855312423074, -33.435447657435226], [-56.289630955194625, -33.43740656438561], [-56.28694389932785, -33.43471971166044], [-56.278329940798855, -33.435071718798795], [-56.274563595232436, -33.44106372450924], [-56.265992196533375, -33.44267335226113], [-56.26120555761891, -33.44845754823746], [-56.25130663302108, -33.4514517340444], [-56.25116727313198, -33.455522294624096], [-56.25759698821619, -33.46030356689878], [-56.26139548232432, -33.46590856230565], [-56.26063578350269, -33.47127504726968], [-56.254107257545655, -33.47179151654809], [-56.24790997723535, -33.475377990178245], [-56.241935818649665, -33.482070537473334], [-56.24037714825941, -33.488050281749814], [-56.23259023533778, -33.489918613552106], [-56.22955682454671, -33.488145107511784], [-56.224170240064794, -33.48860680611645], [-56.219717067873, -33.48621526672214], [-56.21486392949993, -33.48725524694033], [-56.21298880328356, -33.480543517245955], [-56.20995753942637, -33.47668529154121], [-56.20327852247017, -33.47429617954572], [-56.19699693066225, -33.461601685334614], [-56.187938224647546, -33.46040350230994], [-56.182465262920864, -33.46172420538411], [-56.17459989195392, -33.47044026071972], [-56.162539879041184, -33.475419875421565], [-56.155037647297135, -33.481451492831084], [-56.13906749832413, -33.48261278608305], [-56.13357615558628, -33.48797077826887], [-56.102534303719835, -33.488031182639254], [-56.0935020427457, -33.49492733285186], [-56.081009385909866, -33.48397508859958], [-56.077674983961884, -33.485148404695195], [-56.06338846601208, -33.479867625593954], [-56.057289732248336, -33.48006018191449], [-56.04924958638617, -33.4726266064458], [-56.04760357227265, -33.46837317021506], [-56.0494701923689, -33.455375473368974], [-56.04746613820232, -33.44603660486021], [-56.03521868232379, -33.43244151049674], [-56.021520579396935, -33.434743197773834], [-56.01689907823207, -33.43414692166672], [-56.01079453966427, -33.4289473337535], [-55.99176251545513, -33.418356374670104], [-55.96556070908203, -33.41971026596488], [-55.955363473680634, -33.423056186074405], [-55.94732332781845, -33.41967728813409], [-55.94073220917173, -33.4113377074607], [-55.93538880570611, -33.40763497369228], [-55.93049514116544, -33.40684899903033], [-55.9246451519245, -33.408736448571936], [-55.915036127899484, -33.41590087278904], [-55.90326669677835, -33.418562355481356], [-55.89759284517545, -33.42387287330324], [-55.89534726677243, -33.42858167800033], [-55.89047253266702, -33.43080777546688], [-55.88249569503998, -33.43156305853589], [-55.87458216564808, -33.431006534169256], [-55.86577896884527, -33.42656291518899], [-55.85445014687508, -33.42333444825773], [-55.83939586195988, -33.41261519711373], [-55.83418808231718, -33.41157117918113], [-55.82545497518315, -33.413078499215366], [-55.81403140726525, -33.41009287732762], [-55.808804909342584, -33.412959243993946], [-55.80386686700203, -33.41351576836058], [-55.79788689001869, -33.409479110637676], [-55.774808387074955, -33.40178900492068], [-55.76949049532361, -33.39733680998756], [-55.76366613769116, -33.38787589575469], [-55.76369864072194, -33.37978811306439], [-55.76056701053098, -33.37579175059765], [-55.75435962244729, -33.374239741685955], [-55.74543336597222, -33.37591062187194], [-55.739102542458696, -33.372690730893524], [-55.73707667893437, -33.36823853596041], [-55.737320342861736, -33.35826135163432], [-55.735062885040975, -33.353444125044106], [-55.7236553330857, -33.35046950796841], [-55.71573118668254, -33.345711276752745], [-55.71207889532079, -33.34742620273824], [-55.70751173312621, -33.357465814291885], [-55.700674443731614, -33.365495665867684], [-55.694850086099166, -33.36923232947226], [-55.6804723738721, -33.37033886277734], [-55.664778674409945, -33.37785845715518], [-55.63666981800989, -33.377699450193276], [-55.631288618023405, -33.372730482634], [-55.6214149202258, -33.35683866002478], [-55.61679103217743, -33.35225833628975], [-55.61858199403583, -33.34475170964078], [-55.61523273222387, -33.33580950838044], [-55.60938396866662, -33.33361477000733], [-55.60517938768875, -33.32917477908141], [-55.59862156869363, -33.33043463076939], [-55.583237667555764, -33.32936133377658], [-55.581141311179536, -33.32446103513239], [-55.576309182624875, -33.32109306202194], [-55.57171556876115, -33.320774957834146], [-55.56660455660916, -33.316116011143954], [-55.55804098997194, -33.31687928726767], [-55.55543643091992, -33.31030769726522], [-55.53841543708003, -33.30328419202547], [-55.53569318296921, -33.29954752842089], [-55.53724083490541, -33.29075445107145], [-55.53598446451197, -33.288931732632804], [-55.52901770676189, -33.28697687527114], [-55.5229049194719, -33.28921207589758], [-55.51723188772193, -33.287237948651956], [-55.498074271675875, -33.28504359372009], [-55.49428959719077, -33.28897356545474], [-55.48336975074332, -33.28152800320631], [-55.46782675490425, -33.289530089821376], [-55.461875780801535, -33.28674746798818], [-55.4572598075653, -33.27962439647126], [-55.44432923553392, -33.27508098174696], [-55.43857835027177, -33.2762132567625], [-55.43680571968798, -33.27271510360077], [-55.43744164671702, -33.258792237049285], [-55.43422834006372, -33.254546814115095], [-55.42968130624576, -33.25347911753823], [-55.42629655265554, -33.25522433779209], [-55.420662119728505, -33.25482682038735], [-55.41749670797175, -33.25275972988269], [-55.41085158714659, -33.24149602668663], [-55.4083306898078, -33.2400079771888], [-55.399263936252794, -33.24552491311638], [-55.39426258567711, -33.24313980868792], [-55.38267717864737, -33.233281377050304], [-55.378115548816055, -33.22736451258882], [-55.368698651761896, -33.22586049435844], [-55.36064591282032, -33.22950496170525], [-55.351656143431114, -33.22656333291015], [-55.345008778741914, -33.22258815886273], [-55.332600364655406, -33.21117940934662], [-55.32945159554664, -33.203542336368066], [-55.323639014468625, -33.20140556433781], [-55.31614022352025, -33.202195515999435], [-55.31490124286743, -33.194798230179345], [-55.31304790966005, -33.193377736025596], [-55.30411165884455, -33.19905512850197], [-55.28894946921201, -33.19414252607424], [-55.284739338893175, -33.19802158324964], [-55.280624303609386, -33.19889612154007], [-55.27246880949829, -33.19428327963559], [-55.266190025998554, -33.199174383723395], [-55.26005709167605, -33.199213868954836], [-55.25314852956069, -33.202076260778014], [-55.2490334942769, -33.20032718419715], [-55.24940030683453, -33.19658329598889], [-55.24472853428772, -33.19400665746174], [-55.237845964583336, -33.18558077001215], [-55.23168703784985, -33.185261274557405], [-55.23126500712883, -33.17314454875119], [-55.223456967282274, -33.16800901919158], [-55.221433748275416, -33.164545005295125], [-55.20712344261739, -33.1599394158753], [-55.206266180997815, -33.15680818785496], [-55.202312016747115, -33.154374172208904], [-55.202255575638596, -33.149937744181436], [-55.19731066617143, -33.14694059674022], [-55.197756450280906, -33.14222096483009], [-55.19484164500115, -33.13926851082869], [-55.195535117810365, -33.133371491325335], [-55.19192946618493, -33.131477169695735], [-55.19088743318258, -33.126775942014376], [-55.18464901914439, -33.12503738773891], [-55.17743188033897, -33.11784232271307], [-55.178658016894815, -33.109442583300854], [-55.177299842881496, -33.10764684222364], [-55.17040304215376, -33.10541998711877], [-55.16407384272543, -33.10722860800644], [-55.15704662862542, -33.1065130766779], [-55.1472937058111, -33.10189101008809], [-55.134799533694775, -33.10440828164655], [-55.13213905158432, -33.10877312970639], [-55.136914609852425, -33.123447318119936], [-55.13678799338216, -33.12710447824357], [-55.13222980045241, -33.13179518361953], [-55.121535781711685, -33.13839428122675], [-55.12014899701587, -33.14172087661922], [-55.127418374582135, -33.1583890979968], [-55.12661770626268, -33.17402711313359], [-55.13052047810376, -33.178423975195834], [-55.12944423810646, -33.184426488007446], [-55.11945838059974, -33.19070859490006], [-55.11773506032227, -33.194448823260416], [-55.12374163774761, -33.20607714602774], [-55.13229310868755, -33.21316699637033], [-55.13982678866864, -33.22998198259094], [-55.13862393220107, -33.23375839793599], [-55.12961743040171, -33.23684706555057], [-55.122290407536184, -33.24568392007827], [-55.115318619282334, -33.24890287925302], [-55.108988525614194, -33.254627272528715], [-55.099925672971544, -33.26488509701873], [-55.101905155822635, -33.26826290866765], [-55.098776075291966, -33.275319279068455], [-55.10426722364791, -33.286603086573734], [-55.107053645157364, -33.28900673999305], [-55.11823868048752, -33.29235246339505], [-55.13117702207683, -33.30902682218247], [-55.14178934395784, -33.315646983312966], [-55.139510247492964, -33.32419360751493], [-55.1322685184552, -33.328767011091315], [-55.13069523063836, -33.338678928480476], [-55.14191596042811, -33.34474525734012], [-55.14686379286951, -33.3582518964036], [-55.152425127460546, -33.36501864498199], [-55.15881925920921, -33.37825597455992], [-55.15881925920921, -33.39435542945199], [-55.157109936860564, -33.40166974969925], [-55.15036861648686, -33.408274170831476], [-55.148624225689225, -33.4141836915052], [-55.148943174528114, -33.42603756660997], [-55.13327384461355, -33.43552618698874], [-55.12869366437477, -33.44538889208843], [-55.13188836678995, -33.45742471657549], [-55.144828139244325, -33.463523457877194], [-55.1496395651146, -33.46825391499363], [-55.15210858628487, -33.476124759607536], [-55.14343640739636, -33.490029451938206], [-55.14457490630379, -33.504626757527575], [-55.1433451084779, -33.5096661096069], [-55.150806282657875, -33.51558058352093], [-55.15559914022429, -33.51579358583155], [-55.16214638640301, -33.51301591146939], [-55.16812556977409, -33.506256578887026], [-55.177748421514636, -33.50383172271809], [-55.19373741074264, -33.509552473707465], [-55.204970962622795, -33.507687641544095], [-55.211428402606586, -33.5090789524607], [-55.219341931998486, -33.51850011495309], [-55.222950501401186, -33.52565542823846], [-55.22145448977314, -33.53842966470315], [-55.223299495329634, -33.5479051569985], [-55.230041023736334, -33.55777483454166], [-55.232731932595485, -33.57418574372219], [-55.2411575139066, -33.58713504894293], [-55.24831976039732, -33.59208265559215], [-55.253648536075104, -33.59200818235033], [-55.26049228483639, -33.58933771647822], [-55.270382539120995, -33.59411056643849], [-55.28708174359318, -33.59514147058746], [-55.29496316983528, -33.59771233169705], [-55.29790745180131, -33.59689054716833], [-55.33234713171487, -33.6089750762725], [-55.33696863287973, -33.61509684430553], [-55.33558717381225, -33.61879605917222], [-55.33728539217272, -33.62700346402857], [-55.34323504362155, -33.63225225912869], [-55.352605766958135, -33.6342969349546], [-55.35605476425478, -33.6403129199778], [-55.359569672823014, -33.643082069599416], [-55.35634095283112, -33.64948209981577], [-55.35261191568413, -33.649938561935805], [-55.35006758717718, -33.652809732408144], [-55.35254245872301, -33.661805139362784], [-55.34741449167704, -33.67249835755036], [-55.3394663195382, -33.67919683479086], [-55.34228652463109, -33.6826350513713], [-55.34171675051488, -33.69507734613974], [-55.33950096228514, -33.70080159676803], [-55.331040426785705, -33.700430021772675], [-55.3268393152581, -33.70406123948692], [-55.31453238454976, -33.704960896190556], [-55.30574648160819, -33.71027604976285], [-55.30585831828775, -33.71229261326946], [-55.31993871762836, -33.7320464647808], [-55.30970347797912, -33.74897394635978], [-55.31069571529862, -33.75347265289642], [-55.30898639294996, -33.75689130257721], [-55.30237114232716, -33.76411714060172], [-55.31151872235537, -33.780742346861764], [-55.309779151727625, -33.78711121592162], [-55.31512729175809, -33.79326414511115], [-55.31564369620554, -33.81163309203719], [-55.343489381098664, -33.829636987645095], [-55.343002369506884, -33.833310797423955], [-55.34503160576148, -33.83877706778529], [-55.34842742343922, -33.842198537634964], [-55.34856410126051, -33.848372269080414], [-55.35463163048246, -33.856469412465216], [-55.35843012459058, -33.869507983340775], [-55.356606701686246, -33.87582831402408], [-55.359569672823014, -33.87896889757365], [-55.35995528334267, -33.88912488336794], [-55.36174093018635, -33.89431723776979], [-55.367413486609856, -33.90128583745929], [-55.37349748455276, -33.90107086527733], [-55.379321842185206, -33.90476777714144], [-55.382283483680666, -33.90952150343319], [-55.38520950805278, -33.909021213372185], [-55.391033865685216, -33.91132681431969], [-55.39445251038252, -33.91788585149794], [-55.39640548415363, -33.92992628961161], [-55.40133973387133, -33.93663314080567], [-55.4057213762366, -33.937324452589856], [-55.41331836445282, -33.949647492136876], [-55.4149010703312, -33.95481521839853], [-55.41221299322101, -33.95806540255104], [-55.41471114562579, -33.96272581475291], [-55.414815609079106, -33.96648872943992], [-55.41983911267175, -33.97163020461914], [-55.421739409653924, -33.976197651380296], [-55.424840463247435, -33.977672469171225], [-55.43231893594311, -33.9929310717029], [-55.43617446734339, -33.99693766934886], [-55.44111067967718, -33.99746883592741], [-55.444025531757546, -34.006253437516165], [-55.44921413377449, -34.00947386155063], [-55.444120800350746, -34.0133131014503], [-55.44661849613395, -34.01881552056208], [-55.44445078356926, -34.026987348765886], [-55.44905132434485, -34.038102164196225], [-55.45308628667532, -34.04106462970627], [-55.46371171962046, -34.04222929570142], [-55.48318911828397, -34.05713410366152], [-55.49707515953672, -34.0513721960105], [-55.50550471693811, -34.05591531962158], [-55.52011935712595, -34.05820949537207], [-55.53024867474758, -34.07045303143814], [-55.53493665231018, -34.09680816788602], [-55.55082385116653, -34.107819667483945], [-55.55443242056924, -34.118194871747725], [-55.54919269354729, -34.12865161586484], [-55.549445857278364, -34.136597979718765], [-55.56114309349357, -34.13966081160382], [-55.566187252489975, -34.14485300385553], [-55.572475267582774, -34.145504317453536], [-55.57728669345306, -34.149757753684284], [-55.579645450715226, -34.157508128321794], [-55.59153104635848, -34.1606894823147], [-55.59175005278933, -34.168585039522505], [-55.59437650133026, -34.171866679104745], [-55.601976905155794, -34.175119364106855], [-55.60257594377266, -34.18344166341072], [-55.606049688073924, -34.19066856509777], [-55.60807525197563, -34.191496689077745], [-55.614660536239505, -34.184644687871966], [-55.62184461454863, -34.172662079024505], [-55.62239180730312, -34.163804135031434], [-55.61870699689692, -34.149960247959534], [-55.62210291011294, -34.141475563990674], [-55.608247547270906, -34.12593842348254], [-55.61021489954954, -34.10811109835981], [-55.618066080711536, -34.10126310174242], [-55.61888362859948, -34.095414263665155], [-55.61186401331048, -34.087892847074976], [-55.58836483068834, -34.07983547512915], [-55.59012518280087, -34.062157855783944], [-55.597891233078414, -34.05044720108673], [-55.60827063281462, -34.04707496201468], [-55.607316143683114, -34.040599015001646], [-55.61637627693541, -34.03415739832868], [-55.61705000327656, -34.02471005209289], [-55.62515369492977, -34.02087445477943], [-55.63434269407106, -33.9994225298099], [-55.64573958926986, -34.004732662675785], [-55.64791118916029, -34.00415801668375], [-55.655365128765375, -33.98203996939701], [-55.67752420504678, -33.98039942955959], [-55.69750884018642, -33.985409408555036], [-55.72008436267536, -33.98867918990059], [-55.72329350883113, -33.997629314231915], [-55.722211748128466, -34.012870542052205], [-55.73168228371053, -34.02418712548398], [-55.732613318972106, -34.03046929097184], [-55.752615855261446, -34.078385843661394], [-55.76402081907658, -34.11391466478156], [-55.7829876522417, -34.13861669744491], [-55.80137548690071, -34.15816693273914], [-55.802332299417756, -34.16786048878002], [-55.81328419310359, -34.17614557524761], [-55.813753686088376, -34.25266447211419], [-55.82043886298153, -34.257865182140684], [-55.82919016105612, -34.25676943904098], [-55.83515628078598, -34.2652505177125], [-55.84223165749398, -34.26332847621923], [-55.84520714454533, -34.26964900295464], [-55.84460260600994, -34.27376806836392], [-55.85030805850141, -34.28079585629708], [-55.85571631157778, -34.27847388933992], [-55.865592396258876, -34.27875215152324], [-55.86878389410547, -34.28034742511139], [-55.88344531856701, -34.28105775247075], [-55.88750939923445, -34.28316960745094], [-55.89028260796161, -34.27859314456135], [-55.89498518925434, -34.277368622139576], [-55.89990545970217, -34.27139807953551], [-55.90737179499294, -34.27255908360816], [-55.91288364790489, -34.2677011676714], [-55.917948306715715, -34.266985636342866], [-55.92130364317788, -34.26992726513796], [-55.9207437154184, -34.27389122274359], [-55.930345938202095, -34.278217938430316], [-55.93978964783736, -34.27668506101858], [-55.95280453575691, -34.282033518168], [-55.95786812373126, -34.28042419452505], [-55.96036482425632, -34.27648630231621], [-55.972842188941854, -34.2727803698231], [-55.97701489009688, -34.267780671152344], [-55.98220616537796, -34.26710489156429], [-55.99277794675989, -34.269865885564705], [-55.99695698416447, -34.26722414678571], [-56.014068057039324, -34.26461054987911], [-56.018924941756396, -34.26181791008121], [-56.023238925936305, -34.26196911534587], [-56.03855049464832, -34.257564473850465], [-56.05045244285374, -34.26030734394319], [-56.05678326636726, -34.26468003539536], [-56.06014920313994, -34.27010867608133], [-56.072677901509465, -34.27651476225399], [-56.086827700208055, -34.28015475056488], [-56.09565452274029, -34.27859314456135], [-56.10356805213219, -34.279507434592254], [-56.10954052170403, -34.28663601085665], [-56.11819225444843, -34.28686150657999], [-56.12313029678897, -34.2928640193916], [-56.128321572070064, -34.30212617492211], [-56.12880443433069, -34.31142206609018], [-56.13325961441062, -34.318384636776074], [-56.132234575562855, -34.322729151629055], [-56.13341047269564, -34.325565611199536], [-56.138894047337644, -34.32589771572571], [-56.14171296787953, -34.33570516343702], [-56.14649103555388, -34.33746547220372], [-56.1487448579322, -34.34094990986236], [-56.155705050761924, -34.34538663393494], [-56.16231809433768, -34.34676737947469], [-56.162363258433615, -34.3509038734784], [-56.16726154782599, -34.3573484121963], [-56.17175102137283, -34.357897866807484], [-56.16985656793953, -34.365666279212206], [-56.17168971471729, -34.37274963730815], [-56.17706891312419, -34.3757861500209], [-56.17722420833188, -34.37937056062455], [-56.181627106053924, -34.3822656837182], [-56.181572734963375, -34.38528523383306], [-56.18463396498919, -34.387354611047], [-56.19374703587834, -34.38423024159873], [-56.194921835432325, -34.38043710365639], [-56.20125265894585, -34.37674019179229], [-56.209482729513425, -34.37737621963987], [-56.213742682390226, -34.38086470780371], [-56.22214437654047, -34.378688027075526], [-56.235724819959984, -34.380601690147515], [-56.23969846526017, -34.37810199310646], [-56.23841459297023, -34.3705389202783], [-56.24082030590536, -34.36556995271902], [-56.2444921835432, -34.36397988310005], [-56.25884773231637, -34.363538840694076], [-56.26487743525675, -34.36087924734306], [-56.27387381282817, -34.37095698049074], [-56.281800526520335, -34.36991007872347], [-56.287795016375696, -34.36533144227617], [-56.29544130226968, -34.36308474308452], [-56.2991599293052, -34.35894541475844], [-56.30077320457842, -34.353405920133895], [-56.306850795151405, -34.35074255352212], [-56.30910893809776, -34.35287281640367], [-56.31313808077715, -34.35325926976194], [-56.3154607151298, -34.34966925652932], [-56.31900597629736, -34.34839720083414], [-56.32461186110471, -34.349766078365235], [-56.3325539386163, -34.347920179948446], [-56.33468418672858, -34.35201344046799], [-56.34053077624334, -34.35300840272915], [-56.35099085329764, -34.359650345540786], [-56.35964986325418, -34.361237013007326], [-56.364254059655124, -34.364540473440506], [-56.37167842792988, -34.36223080651918], [-56.38446669142719, -34.36906810588075], [-56.38712563730287, -34.37848926837315], [-56.38537517835551, -34.3827730562944], [-56.39054428200018, -34.388665713934564], [-56.39136728905693, -34.39983595300783], [-56.38496418203003, -34.40989773391445], [-56.392126987878555, -34.417565229259345], [-56.391875460599096, -34.423427357161046], [-56.39404017527702, -34.42495458753768], [-56.398900969038024, -34.42249444507815], [-56.40506234204234, -34.42334264426287], [-56.413223542022614, -34.41802961265379], [-56.415740959584, -34.41406707609761], [-56.42311828341213, -34.4116946939638], [-56.427927113188915, -34.40532700831189], [-56.4283392983759, -34.395860778960405], [-56.43184568475595, -34.39287541106985], [-56.43011192895969, -34.38886447263693], [-56.43279130106913, -34.386569581463], [-56.43277087483537, -34.38186816631346], [-56.4428873322118, -34.37993648663545], [-56.445432521862415, -34.37566689479948], [-56.45680748180993, -34.37429047469697], [-56.45822078535973, -34.364615910947634], [-56.46863691008875, -34.36404685786283], [-56.47021441037312, -34.36275724874739], [-56.47011724509912, -34.3587164818488], [-56.464967862646226, -34.35507111248365], [-56.460183340648925, -34.35467797582907], [-56.456068305365136, -34.34955000130789], [-56.45485361243208, -34.3439017331869], [-56.45134097675963, -34.34019168036113], [-56.44726846068134, -34.34028784577739], [-56.44625876651716, -34.33563534831379], [-56.43933433706467, -34.33369551036002], [-56.433530573656995, -34.33698845131803], [-56.42662997602726, -34.33690894783708], [-56.42466742073806, -34.33484185733242], [-56.42723535853914, -34.33059754487365], [-56.42783931878491, -34.3226639434033], [-56.420235844278594, -34.31576102190478], [-56.420299152513735, -34.31126907523119], [-56.42761858814886, -34.30407311703013], [-56.4288629101131, -34.300328898782794], [-56.421438700746165, -34.29509011685816], [-56.4271758712188, -34.28691991483757], [-56.42813438393942, -34.282506990369285], [-56.425237194854276, -34.27783786149234], [-56.4291420008515, -34.27289567701599], [-56.42397103015158, -34.26479929061678], [-56.425302140626705, -34.256841301193894], [-56.42194323248453, -34.25443559395278], [-56.41719704899211, -34.2570477012243], [-56.41295539723805, -34.251800471481694], [-56.41444469658896, -34.240232692758646], [-56.41010652665696, -34.234985485261085], [-56.41749969236785, -34.23045806230881], [-56.41605750075966, -34.223298473561655], [-56.41852652192995, -34.22035684476656], [-56.434482086834166, -34.21429621221036], [-56.43561974541646, -34.20652323908152], [-56.450422915262656, -34.19583498347694], [-56.454491998466445, -34.190011092669], [-56.44929432420567, -34.185852334034905], [-56.45031001306165, -34.17856588095702], [-56.44714184421106, -34.175596384992545], [-56.44688861127052, -34.17038890699042], [-56.44921238237496, -34.166985157719374], [-56.44585418459492, -34.15903859338654], [-56.440304554816464, -34.15834412962672], [-56.437604514843365, -34.15404241902247], [-56.4339104230678, -34.153534169029335], [-56.42966877131374, -34.149996264127125], [-56.43026942097625, -34.1405210473647], [-56.415980928408565, -34.12569105728193], [-56.411182766654264, -34.12479366066645], [-56.40694111490019, -34.11863214089294], [-56.41052559085402, -34.11433203762139], [-56.40497855961101, -34.10527555609359], [-56.40508197248459, -34.09984795802635], [-56.400103825505596, -34.09633141448688], [-56.402056508215836, -34.082746442867034], [-56.39769811257045, -34.08130525658761], [-56.39889269708403, -34.07419119774717], [-56.39769811257045, -34.07100955580478], [-56.40301600432181, -34.06763065786447], [-56.41009077624591, -34.066181179835645], [-56.41494101810452, -34.06206720261872], [-56.416315122525624, -34.054384047613816], [-56.41282878076777, -34.04163301959431], [-56.41746340252028, -34.03357962211295], [-56.42033607393525, -34.02100537803602], [-56.420130154913075, -34.01496628199693], [-56.41820998075427, -34.01177946249814], [-56.42244800715744, -34.00613809820179], [-56.42254502911476, -33.99554042647502], [-56.41915960428129, -33.98812717691595], [-56.42267095379408, -33.97906369851372], [-56.41922291251643, -33.972425239428624], [-56.42188185839211, -33.96348109782192], [-56.43059851532949, -33.965609216582585], [-56.443417815829704, -33.964579027286845], [-56.4461289124489, -33.95727982630793], [-56.45451407146036, -33.955293899189776], [-56.45778460551374, -33.94819754368501], [-56.458036265001965, -33.94087119407109], [-56.453669226115224, -33.936520411159606], [-56.450370564202956, -33.93581388645183], [-56.44600229597863, -33.9284598144641], [-56.449121957950574, -33.92038280056126], [-56.44859793361918, -33.90957773773883], [-56.45313758572239, -33.902903778583884], [-56.4452081601059, -33.897537743233904], [-56.43777222541105, -33.89765221559655], [-56.43150471013267, -33.89455157983956], [-56.42751629131915, -33.89017888838739], [-56.42861054158978, -33.88482705327661], [-56.42561268207403, -33.880915110426926], [-56.41016983489209, -33.874397447419106], [-56.40396562784885, -33.86199490439114], [-56.40463114235649, -33.85892319198095], [-56.39845781139208, -33.84617371168239], [-56.39855425476909, -33.839632119723085], [-56.396242023162344, -33.836474287006666], [-56.410101297226156, -33.833397711282515], [-56.41409494547048, -33.82594007578099], [-56.42554362887591, -33.81962341255467], [-56.430262438133944, -33.814141267281705], [-56.428086065435366, -33.79783559526569], [-56.42852922308131, -33.792548613782614], [-56.43085486015095, -33.78826080298481], [-56.429367371334266, -33.77019046552304], [-56.42587027720563, -33.76531867155775], [-56.423907721916436, -33.75188258327745], [-56.43163132660294, -33.7440912421445], [-56.43853192423268, -33.74520429087778], [-56.443038489851716, -33.74881866124327], [-56.45005894561775, -33.749918825715966], [-56.4567482683723, -33.74662768330157], [-56.460139416717965, -33.7374252231539], [-56.4604998818246, -33.73148994041416], [-56.46311713696175, -33.72851477650063], [-56.462778978289464, -33.725129661938276], [-56.467513132128474, -33.718381013718435], [-56.465437924165144, -33.71248860846746], [-56.47852045204216, -33.69033302017504], [-56.48185427724181, -33.679176514923796], [-56.48210162600746, -33.67394338255696], [-56.480188742951654, -33.67039151530523], [-56.485820084955776, -33.654718443015604], [-56.48424762418311, -33.65345231245406], [-56.470282471224046, -33.65274731640398], [-56.465219587410985, -33.65701318502856], [-56.46123680043481, -33.670063646023394], [-56.44142358802133, -33.68761680118046], [-56.4408360309486, -33.69803861382765], [-56.42626538642652, -33.71335100763888], [-56.4218853177348, -33.72377505574832], [-56.40997686465384, -33.741752516093264], [-56.39465348465267, -33.747095411466894], [-56.392889492867816, -33.76696753881502], [-56.3763222640982, -33.775171993295686], [-56.365787241743405, -33.77242402910463], [-56.340359971568574, -33.77952831117079], [-56.33779715240715, -33.78815354862353], [-56.32785739280106, -33.795836300862824], [-56.30331773796401, -33.79501576606222], [-56.30315303739901, -33.790415559347295], [-56.30147129939241, -33.789029725308076], [-56.25951166592613, -33.78830207077153], [-56.245731255720855, -33.77937764515799], [-56.22254270781401, -33.77696259925992], [-56.21011704172884, -33.763163138792926], [-56.20814961857035, -33.75428768540976], [-56.214946955928525, -33.74553427509373], [-56.21519107613066, -33.738324222137265], [-56.22366678910703, -33.733209602967904], [-56.22810177577452, -33.718931651085306], [-56.229344232842415, -33.69404232646916], [-56.22502886072219, -33.68707281650525], [-56.225546674064105, -33.67775012767437], [-56.23543215054407, -33.67388619943433], [-56.237144904275695, -33.66894807628517], [-56.24910189150503, -33.66665097748313], [-56.2640652515626, -33.67193164213928], [-56.26637704641986, -33.68113756367524], [-56.27587579821081, -33.68432761777295], [-56.28767817744422, -33.68230137658264], [-56.30238167877623, -33.68685146685649], [-56.30645785082505, -33.695673499050386], [-56.324169273730526, -33.70350524584822], [-56.339559147174285, -33.702542891112216], [-56.34116204142275, -33.701073189113025], [-56.341529807764125, -33.69580355501285], [-56.356590546060325, -33.693695162780024], [-56.361204887148354, -33.68595658234016], [-56.389462421251224, -33.68051822256982], [-56.3987561970187, -33.675205434885164], [-56.401592042597855, -33.665367274631166], [-56.42178632180818, -33.66470500052427], [-56.42789483742501, -33.65783256157421], [-56.438772981048736, -33.65438832818826], [-56.45512960701451, -33.63754249128597], [-56.466077650961616, -33.64070821707023], [-56.48579079388837, -33.63054511518743], [-56.48961487194353, -33.61971245197015], [-56.49560118401934, -33.61838001243277], [-56.498734464853776, -33.61546534291194], [-56.497788432319254, -33.61191670506759], [-56.50000422054897, -33.605635930072665], [-56.50850845119776, -33.597001783038074], [-56.50988030523007, -33.588304171225886], [-56.5152040275445, -33.58206720007568], [-56.512032785224676, -33.575742621236024], [-56.511842860519266, -33.56858730795066], [-56.524026586337335, -33.55443041887776], [-56.52437414483099, -33.53563164439298], [-56.51684421109495, -33.53225421715719], [-56.513488874632785, -33.52593369042178], [-56.513298949927375, -33.52179950941245], [-56.51627443697873, -33.50903920072022], [-56.51918661579495, -33.50375221923714]]]}}, {"type": "Feature", "properties": {"shapeID": "URY-REST-27058087B9919519605551", "shapeName": "San José, outside any municipio", "shapeGroup": "URY", "shapeType": "ADM2", "parentID": "27058087B9919519605551"}, "geometry": {"type": "MultiPolygon", "coordinates": [[[[-56.49276655861542, -34.48518961070555], [-56.49909944381489, -34.48268454640766], [-56.500030959958956, -34.480906320479974], [-56.48982307844803, -34.4379885732975], [-56.507381189262354, -34.43555786323868], [-56.50891155156899, -34.4337882103166], [-56.51024460152775, -34.41683370156858], [-56.501967878200524, -34.40906413925907], [-56.44860483451761, -34.42537680413795], [-56.43245326037032, -34.42045453879202], [-56.43680323513793, -34.41098095589211], [-56.42967130967413, -34.4034251196294], [-56.42283148191913, -34.412079489073896], [-56.41599004549082, -34.41408084730846], [-56.413461863119124, -34.41788324318314], [-56.40472532667046, -34.42360749381143], [-56.398823555511946, -34.42263338451025], [-56.39221244195146, -34.42647525612833], [-56.39248727686979, -34.42930680178497], [-56.39674848904343, -34.432670890639564], [-56.40181314785424, -34.44229081183433], [-56.4013091891335, -34.44768998011866], [-56.40992304847033, -34.456027292965324], [-56.41681719958129, -34.45687970058839], [-56.41720764756238, -34.46243090955693], [-56.41941283722184, -34.46514806260703], [-56.41922291251643, -34.47687482604694], [-56.417640206638055, -34.48116801401815], [-56.41244893135696, -34.484626415439415], [-56.407674409433525, -34.484910762244354], [-56.406205979351355, -34.48752519745819], [-56.41029645136237, -34.49539913710794], [-56.407954046662354, -34.49893704201015], [-56.40196113835356, -34.502065147935554], [-56.3981412702164, -34.506330865738356], [-56.39363647230568, -34.50596036422298], [-56.39186838752572, -34.50899939051186], [-56.395871469679875, -34.51388147616202], [-56.40111675726776, -34.514042703390366], [-56.40459871020019, -34.52175454104237], [-56.40285094003185, -34.52656428628151], [-56.40423816960039, -34.52980075298237], [-56.40996048571696, -34.5298640689565], [-56.41403163723534, -34.526087480754065], [-56.41650065840561, -34.52930737173248], [-56.412549953123204, -34.533390017841114], [-56.41347210668405, -34.53726093730208], [-56.42048907721913, -34.538172009858236], [-56.424995548324134, -34.54110763041217], [-56.428481914979535, -34.53837021365025], [-56.42776952425969, -34.532805524894215], [-56.43011192895969, -34.530976944832396], [-56.438468615997536, -34.53093719309192], [-56.445432521862415, -34.53383907014654], [-56.447983256062805, -34.53689478183623], [-56.5019595099249, -34.53598648148954], [-56.50279092546605, -34.53392951804899], [-56.49276655861542, -34.48518961070555]]], [[[-57.10550375501642, -34.00374554000581], [-57.106238792533205, -33.992390842218924], [-57.1030165702039, -33.98187350120539], [-57.10120078467944, -33.98097814867012], [-57.09744403552011, -33.98303895413525], [-57.094152007293076, -33.98287994717335], [-57.088074416720104, -33.97723520002601], [-57.08479701479557, -33.96895954879181], [-57.083072390999, -33.96787191426592], [-56.839842826754875, -33.98478803071612], [-56.82851065266567, -33.98363523024236], [-56.824794926496, -33.971299545252776], [-56.821457761147556, -33.970027314265366], [-56.814646149171054, -33.97051715588586], [-56.810404497417, -33.96741652012887], [-56.81015126447646, -33.96463389829567], [-56.814040189865054, -33.96028052105129], [-56.81356962710902, -33.95742009358711], [-56.807211982478165, -33.95311174220061], [-56.79850254921158, -33.952907134855764], [-56.79628676098184, -33.949647492136876], [-56.79747438753547, -33.945496367506145], [-56.795034667688796, -33.940545919040986], [-56.79180362927157, -33.93920929399844], [-56.785207819833175, -33.939868563980205], [-56.77672451632506, -33.93470083771856], [-56.77363563262516, -33.92923866527654], [-56.76992291806516, -33.928080724527], [-56.76058091636557, -33.93163995370204], [-56.755018624652536, -33.92635498602948], [-56.75165445521151, -33.92516042000474], [-56.750299903109884, -33.92093823374441], [-56.73600984648564, -33.913141875542756], [-56.72588800351147, -33.91550074706949], [-56.71983781543868, -33.911119708961316], [-56.709554478846584, -33.91065103473163], [-56.70014672219785, -33.90631360761663], [-56.68416787655735, -33.904052245812906], [-56.67976578919546, -33.90059738008457], [-56.67467164128708, -33.90003732002501], [-56.672325654621275, -33.89683379120138], [-56.663049758215664, -33.891274285971676], [-56.65688202721407, -33.89105342667782], [-56.64932700524338, -33.87803186666067], [-56.63795286490864, -33.87519248222859], [-56.63299347583779, -33.86558352642935], [-56.61287949151976, -33.84206273520369], [-56.59856073511708, -33.83446173956928], [-56.596255409253686, -33.83497275389779], [-56.59205439443559, -33.84211903415401], [-56.581789808647294, -33.8497403915267], [-56.58184118474325, -33.85222831368895], [-56.595031371781154, -33.86536589752237], [-56.59569581516007, -33.88171849887611], [-56.602041760583454, -33.90020598730923], [-56.613223788524756, -33.91537492940449], [-56.62361345433807, -33.9201228013711], [-56.635954818760005, -33.933739602557985], [-56.63914580181368, -33.941829096975255], [-56.63421795162875, -33.96230694269054], [-56.6362463815356, -33.98218631813221], [-56.63022246549508, -33.991165771717455], [-56.62568427783112, -34.006131996991684], [-56.61350629990039, -34.01715422980632], [-56.616570737424716, -34.02217254556921], [-56.612405187204345, -34.03802435051436], [-56.616363999265126, -34.044030198278975], [-56.61615686581901, -34.0566357333717], [-56.58199237175262, -34.08625912611817], [-56.567152882148605, -34.105341969717344], [-56.558005710555996, -34.13195767120449], [-56.55754395103992, -34.16010505276468], [-56.54967398551191, -34.17935055310435], [-56.53746863921482, -34.18812202456278], [-56.53723767195477, -34.195231862039485], [-56.544612309284794, -34.19980436832253], [-56.554542727686695, -34.19606465525737], [-56.561582525788715, -34.200614407292015], [-56.56598561307408, -34.21629957141836], [-56.57121355314997, -34.21993588910132], [-56.58162999479542, -34.235676309438844], [-56.59233941826161, -34.23918271725557], [-56.596962387912214, -34.24469560683014], [-56.605802168221096, -34.24500167190733], [-56.614116949127805, -34.25413211162182], [-56.63490289053106, -34.24656811867355], [-56.65269220822282, -34.25026947212778], [-56.66731463056216, -34.25141694212643], [-56.68046489010705, -34.26693242663804], [-56.68222578633089, -34.2768526022733], [-56.6733200120937, -34.29468021021193], [-56.667729322028116, -34.29840963237674], [-56.51448900994567, -34.298863212728875], [-56.51148589675964, -34.301556347159746], [-56.50886819412391, -34.31933752086836], [-56.523370509632045, -34.34063613258222], [-56.53412116512192, -34.36483191223053], [-56.53615841619377, -34.38277308457977], [-56.547395453737046, -34.396282923587485], [-56.55951523517679, -34.38756026594637], [-56.58074324136241, -34.377414159008275], [-56.606134090200534, -34.37486127695837], [-56.638552543473, -34.358793694815354], [-56.65696099244901, -34.34309937620954], [-56.68357214275523, -34.3458589674801], [-56.68460700256546, -34.35458433129278], [-56.66164691577804, -34.38781750098425], [-56.65510804970621, -34.39006491314658], [-56.641656653933495, -34.40329101397439], [-56.645277081322476, -34.41898966467147], [-56.653436101128484, -34.421129120993996], [-56.64962404214632, -34.43250662478188], [-56.650519939811375, -34.45226387245147], [-56.662342656283116, -34.46268026242355], [-56.66368881924594, -34.472077857075924], [-56.65095229670313, -34.492740666397054], [-56.641963055030935, -34.49844173292818], [-56.63800717370185, -34.51310608247895], [-56.61916161602311, -34.52325057610423], [-56.599489968544034, -34.52083473870832], [-56.58664792407137, -34.524609847610755], [-56.585412481662665, -34.526264955871355], [-56.585400251422925, -34.53600812953398], [-56.58225927791785, -34.5384830451729], [-56.62630347621467, -34.602993587674106], [-56.646225739321586, -34.62259369135936], [-56.64857132969353, -34.62271617718426], [-56.76890414434885, -34.54466608740221], [-56.774701037883666, -34.55145225525093], [-56.76908872687635, -34.5706988996706], [-56.77294973820717, -34.58475875330874], [-56.77925771622275, -34.59166200314223], [-56.78337499743429, -34.603259859487], [-56.788889539519836, -34.60509048117681], [-56.7961953565107, -34.61372828522639], [-56.80535458811967, -34.61613097488543], [-56.8132242465118, -34.63792765800934], [-56.821819815985954, -34.640002843348604], [-56.82640177260638, -34.65687657447485], [-56.83414180573061, -34.66126232661985], [-56.83125786518995, -34.667157320428934], [-56.832999324004135, -34.67567102748665], [-56.835278613322856, -34.67684914163542], [-56.84028598440082, -34.673765196615925], [-56.884726461185345, -34.66024435351479], [-56.89487761080664, -34.655649625580004], [-56.89858346848735, -34.65115856410022], [-56.90118850660092, -34.64021472765565], [-56.90508914018423, -34.6365786414857], [-56.909165344227944, -34.628766226399065], [-56.92936067123608, -34.61370031675933], [-56.95458459433379, -34.59767240162664], [-56.95632997940369, -34.59442072262931], [-56.982729513455084, -34.5711262027114], [-57.01544160736496, -34.54902137485724], [-57.01541375168654, -34.54675115484244], [-56.99958012917139, -34.5286897098096], [-56.98678893001636, -34.530113683885155], [-56.98408400158069, -34.518063211271794], [-56.9792329640286, -34.512392740741646], [-56.958723606739945, -34.5152689457014], [-56.947034406210705, -34.510442179742846], [-56.93697805620654, -34.51593906617362], [-56.934525293889024, -34.50674109495886], [-56.914195469448934, -34.4986500548359], [-56.907562060488374, -34.499264635473395], [-56.90466520329951, -34.50683888921309], [-56.88965374658516, -34.5056457943967], [-56.88950981253763, -34.49735492800634], [-56.8810164059863, -34.495922227483454], [-56.86521431973402, -34.48483360458178], [-56.86490167559465, -34.47965415204246], [-56.85503563232954, -34.4705597261844], [-56.84688439186992, -34.468868751869124], [-56.84441002274838, -34.453617256253025], [-56.83777309214645, -34.447609867094876], [-56.842342442467434, -34.44173408578166], [-56.837049672821, -34.4317733220744], [-56.82824423929032, -34.43141948253028], [-56.8231706563272, -34.412101546317594], [-56.83270719940865, -34.40306941556091], [-56.83785630987226, -34.3933086404601], [-56.842431230375, -34.37338648199028], [-56.850182826057825, -34.374188895751985], [-56.853615814823435, -34.362195930504534], [-56.86998330046878, -34.35456940628491], [-56.86948129933473, -34.352104154747686], [-56.862005939052175, -34.3480199612811], [-56.87355785293362, -34.338500949025665], [-56.87258040970851, -34.33023024352627], [-56.86687201155949, -34.32362671744383], [-56.89585185431344, -34.300662463243455], [-56.89421045484483, -34.28737279327839], [-56.900317319376825, -34.28461362462581], [-56.9229872894141, -34.30034236384153], [-56.92736594432165, -34.30050028497852], [-56.971979426603305, -34.26029401071923], [-56.98799885033283, -34.258953193897646], [-56.997023806004904, -34.25084025369563], [-57.0029437314874, -34.22970785755598], [-57.0297635910857, -34.21643010284586], [-57.04455207806145, -34.21531721728533], [-57.052857522680064, -34.20068913139364], [-57.062245585878706, -34.19707737501092], [-57.06159126191239, -34.19431156815261], [-57.05642029915249, -34.1942001995345], [-57.04901323564167, -34.18835669368478], [-57.04169287060656, -34.17456770362095], [-57.03540196508759, -34.174006315373575], [-57.01970152277406, -34.16844107170718], [-57.013297395523054, -34.156392614705396], [-57.00647493961876, -34.15157576158432], [-56.99475807813077, -34.150234774569974], [-56.990326501671305, -34.144113006536934], [-56.98959678754175, -34.13381759182328], [-56.982349664044264, -34.1274967790187], [-56.98982023825709, -34.12180497567004], [-56.987857480501035, -34.1165252986478], [-56.990516426376715, -34.11227186241706], [-57.00251038089544, -34.10908178064697], [-57.00724401392294, -34.10532098499624], [-57.01514332984432, -34.08166302225188], [-57.02051421872418, -34.077763690764556], [-57.02818482628217, -34.067908920047785], [-57.03676088652502, -34.06307050892166], [-57.04426511800652, -34.05196847211761], [-57.04986644748464, -34.04843627538898], [-57.053128270925455, -34.04358085487754], [-57.066141834071, -34.040296059083595], [-57.072943748522775, -34.036465293332654], [-57.082880071691285, -34.035264830992524], [-57.08744881997778, -34.02996044182884], [-57.08687156025253, -34.017543464866904], [-57.08858088260118, -34.0150788569575], [-57.094730305859876, -34.0124624526037], [-57.09890012492822, -34.007446522786445], [-57.10550375501642, -34.00374554000581]]]]}}, {"type": "Feature", "properties": {"shapeID": "URY-REST-27058087B85503990233673", "shapeName": "Treinta y Tres, outside any municipio", "shapeGroup": "URY", "shapeType": "ADM2", "parentID": "27058087B85503990233673"}, "geometry": {"type": "MultiPolygon", "coordinates": [[[[-53.3077748511911, -32.865057209007], [-53.30481127590831, -32.86499860964077], [-53.30469034886273, -32.86842392320266], [-53.30805938910926, -32.86816708142959], [-53.3077748511911, -32.865057209007]]], [[[-53.46869340398277, -32.75622573625219], [-53.468133693847626, -32.75281967209758], [-53.46319144087455, -32.75425360102026], [-53.46518791880445, -32.75769988833176], [-53.46869340398277, -32.75622573625219]]], [[[-55.15647744590058, -33.402254012660904], [-55.15880609747812, -33.39435391197781], [-55.15869106070577, -33.37800918303169], [-55.15245531765176, -33.3650965385629], [-55.14691731100379, -33.358419856063264], [-55.14192047604108, -33.345004942651755], [-55.13001401222269, -33.33914026193325], [-55.13205838396378, -33.334360925831476], [-55.13203987574701, -33.32852654722662], [-55.13937963991273, -33.324093719862475], [-55.14123859795703, -33.31602619366632], [-55.13109025221998, -33.30896869091329], [-55.11834692619251, -33.29252162718223], [-55.10677988992805, -33.288933813714266], [-55.1039943275821, -33.286349950583435], [-55.09854981936047, -33.27521946325064], [-55.10135811956357, -33.269025547305915], [-55.09873974406588, -33.266076562941564], [-55.115389809906446, -33.24882430757574], [-55.122463322276765, -33.24545917071799], [-55.12607243941802, -33.24099688417773], [-55.12595861357165, -33.238933095555765], [-55.11555225558797, -33.2365409441993], [-55.097767113446345, -33.2451474290321], [-55.091396522472834, -33.244923096645834], [-55.08278219738105, -33.23787244887896], [-55.06840726091239, -33.23761234654262], [-55.06042801688373, -33.2279887165524], [-55.049974004568675, -33.22739251685777], [-55.04287176811662, -33.22053948203745], [-55.02716850376928, -33.21334182862974], [-55.01569672154819, -33.21150291418253], [-54.98659854034087, -33.19442048506327], [-54.98502946520994, -33.187175335185074], [-54.97677481317215, -33.17475814052872], [-54.956981296522244, -33.15555440871723], [-54.95066526428727, -33.1445145565224], [-54.95335761284814, -33.11661605519385], [-54.9630873022685, -33.10245792152242], [-54.96156030059245, -33.09302983385148], [-54.95399421969584, -33.09037104208584], [-54.940514424447606, -33.09080167859507], [-54.93125791484952, -33.087676612103564], [-54.92270234316728, -33.09527650889644], [-54.91489462797187, -33.08901069834707], [-54.905354936680176, -33.091641886048535], [-54.90116116657291, -33.09833611098122], [-54.88531955469976, -33.100573914759686], [-54.88085654286248, -33.09553963622995], [-54.868647374073035, -33.097962860925826], [-54.86637685868093, -33.091961850833904], [-54.86415646845756, -33.091079361468054], [-54.85241189281571, -33.095541403704566], [-54.84010991922869, -33.10766956086312], [-54.83964788988705, -33.12228393604585], [-54.83664586537749, -33.1268325131842], [-54.82322335356319, -33.12548569123095], [-54.82214126584652, -33.12745888579649], [-54.82442452396715, -33.13511391521969], [-54.81552260500643, -33.13690352124121], [-54.807135288445515, -33.12489478612301], [-54.804077153669596, -33.11503898586816], [-54.78507728997554, -33.11325609961958], [-54.78146272006282, -33.10771489604771], [-54.77244314248196, -33.105273992675464], [-54.763849654907084, -33.09900866794189], [-54.76615721323984, -33.0845072443923], [-54.760017472385776, -33.07849347097306], [-54.75421852782291, -33.06640973625876], [-54.7559787082102, -33.058131601441985], [-54.77059048101106, -33.055462424390704], [-54.77358315058174, -33.04373417677368], [-54.780703675802634, -33.04356148574226], [-54.7925317306553, -33.03664300357918], [-54.789635402465514, -33.0240397816966], [-54.809607043729955, -33.0228386754462], [-54.81588743995386, -33.02028722218156], [-54.82163312243386, -33.010313233729626], [-54.836335730212674, -33.00203413329431], [-54.8413344052974, -33.0089781809321], [-54.852075042048206, -33.013893994002885], [-54.85356855278937, -33.019110203593144], [-54.85539560183119, -33.02019583117878], [-54.863079590233355, -33.019698022804164], [-54.867715476591755, -33.01180538253985], [-54.89497721054377, -33.00294491905033], [-54.89474424310962, -32.97666818889474], [-54.91183088775078, -32.95563295600311], [-54.92051139505463, -32.95130115850455], [-54.925603690310986, -32.941085490569016], [-54.934771610999015, -32.936397687633416], [-54.93449668260266, -32.91112518510751], [-54.903243913968296, -32.91045749265887], [-54.90152557793073, -32.907107299277506], [-54.89539369281154, -32.9036201932973], [-54.89133852131219, -32.896966291899936], [-54.862782076320855, -32.86853619865674], [-54.855382888206066, -32.86478274285395], [-54.858707918555424, -32.86059873973271], [-54.85831447316532, -32.854655154268116], [-54.85051762800551, -32.84975137017894], [-54.835883951784425, -32.85090938542844], [-54.82628575769043, -32.849302340525995], [-54.819423810649255, -32.84995534365705], [-54.802418389791505, -32.846917705879264], [-54.784857514265425, -32.84912055710709], [-54.75709907479895, -32.837825594430754], [-54.74484670965997, -32.83965964287422], [-54.739718742614016, -32.83651925537676], [-54.73576142076202, -32.82799603995089], [-54.72807002734913, -32.820857069629895], [-54.724979024474415, -32.81568526725246], [-54.71356696216889, -32.8066344817713], [-54.689406365426926, -32.79443999153433], [-54.681677811007, -32.79600297826234], [-54.67430732943108, -32.8007594232812], [-54.66685096397336, -32.81151541061845], [-54.65210014518685, -32.82228813228697], [-54.641054632106616, -32.82381860120166], [-54.63984250568409, -32.825942011534586], [-54.64171759462468, -32.831232273893676], [-54.63763128919003, -32.832838125991245], [-54.62418121349222, -32.84689445964054], [-54.61750155514604, -32.832412234906904], [-54.60510098672806, -32.82721366300436], [-54.59942769355435, -32.82670057547961], [-54.591309979717906, -32.818571546040076], [-54.5824610865381, -32.81557008814682], [-54.575931687546976, -32.80051357959186], [-54.552303921332054, -32.79490599440611], [-54.5310547996083, -32.81056136884707], [-54.52719299726506, -32.80416133863071], [-54.527051626583216, -32.80048138001165], [-54.51516443258936, -32.79680726664297], [-54.508833609075836, -32.789174932471916], [-54.507304250743594, -32.781202525789], [-54.48767727106319, -32.787755087637024], [-54.482307458554175, -32.794143900031195], [-54.45386931004657, -32.78136983652131], [-54.44945048451899, -32.78166185352228], [-54.43792838572439, -32.77875997646766], [-54.43758122499902, -32.77284412254353], [-54.43501620690816, -32.76679470258491], [-54.436553567671005, -32.76239421426757], [-54.43269348915326, -32.75764110856379], [-54.424162100831126, -32.7525841161978], [-54.40498977874472, -32.750066811210424], [-54.39551186818379, -32.76317729420175], [-54.38987743525675, -32.76663569562301], [-54.384179694094584, -32.759281623635275], [-54.38501816575263, -32.75336188689787], [-54.38316676233241, -32.74687908060731], [-54.38446623978237, -32.73516611050352], [-54.37929582291257, -32.723893274626235], [-54.375017039408746, -32.7202583571975], [-54.36559062850022, -32.716867229865365], [-54.34587821183777, -32.7178603100611], [-54.33954738832425, -32.71595222651833], [-54.33964278704079, -32.71356965890802], [-54.33772012169924, -32.7124539555963], [-54.33348390050766, -32.713786598226996], [-54.330304385994495, -32.71913236575627], [-54.32562761278857, -32.7126922227223], [-54.32046421094061, -32.711384688998564], [-54.31464548887724, -32.71379467511097], [-54.31055221663232, -32.72278952587991], [-54.306026582831635, -32.72234562500205], [-54.30434800958906, -32.72541314075121], [-54.29517410650917, -32.725186727105445], [-54.28775170257268, -32.730214630551615], [-54.28693824492687, -32.736225614160205], [-54.28111396626089, -32.734422639006446], [-54.275922612013346, -32.73602685545784], [-54.27045898177771, -32.73309633495607], [-54.26085525205116, -32.73388026147222], [-54.25402012912946, -32.73217102203001], [-54.24945976972681, -32.73618586241973], [-54.24629435797006, -32.736225614160205], [-54.24031171067055, -32.73107219846404], [-54.23736247115887, -32.73092723511769], [-54.234835567410585, -32.735390827610246], [-54.23049024312371, -32.73521075676263], [-54.2274918121349, -32.74043929865048], [-54.223577275439204, -32.739914783873616], [-54.22109768038624, -32.74445422443838], [-54.214766856872714, -32.74811138456201], [-54.21032183260945, -32.7442738562604], [-54.204009025832036, -32.74567227153988], [-54.2010005087756, -32.74910262274093], [-54.201535435729454, -32.75582322221401], [-54.19710385926999, -32.75689651920682], [-54.1816954417689, -32.751205789690964], [-54.171393831912674, -32.75228560670803], [-54.170316646820574, -32.75401358686324], [-54.17133740756995, -32.75804931968057], [-54.166589289934805, -32.75952013407812], [-54.1577842153171, -32.755470212358766], [-54.15524799771149, -32.76147930379167], [-54.158802377013174, -32.772200939289405], [-54.15443410878885, -32.77395001587028], [-54.149876312979664, -32.769133388822105], [-54.14582339350239, -32.7691900908157], [-54.14183576999693, -32.77557983722972], [-54.136091992504284, -32.76803854705491], [-54.12955397238069, -32.77204193232751], [-54.12564039913082, -32.770397843274196], [-54.12343614535662, -32.77198134555419], [-54.12363535068881, -32.77407824758393], [-54.13094675355367, -32.77772643121533], [-54.12759141709151, -32.782456888331765], [-54.11596900553442, -32.78258293193578], [-54.10467857689222, -32.78571858409073], [-54.101128574804974, -32.79008922250282], [-54.08949637688399, -32.7889668103392], [-54.08552335343157, -32.79013392389699], [-54.083782118377925, -32.79497868658115], [-54.08074332309144, -32.79648925271918], [-54.073558708515115, -32.79546204508658], [-54.0704240807644, -32.8044793525545], [-54.06814498429952, -32.80595016695205], [-54.059676699110646, -32.80389981758843], [-54.04813958199679, -32.81083963103038], [-54.032312523212994, -32.81302597675647], [-54.0303499679238, -32.808057009197185], [-54.042157601308894, -32.80144722050648], [-54.041049059661646, -32.795217197024], [-54.04589783319684, -32.79451863057788], [-54.04780209216983, -32.79183630559493], [-54.04741955504344, -32.78292784144752], [-54.04459432082922, -32.779396004315245], [-54.05124380599222, -32.777028355018956], [-54.05120274350562, -32.773959596541964], [-54.042593285115835, -32.77122595112931], [-54.02915446343446, -32.770757615751876], [-54.020829364110206, -32.7783813052531], [-54.013686193801156, -32.779201546240465], [-54.00909917083519, -32.77188854061025], [-54.00174307753818, -32.77352808303708], [-53.9938002735391, -32.794047667253814], [-53.98294094339343, -32.80111587950762], [-53.98209783902701, -32.81292180651093], [-53.97788548306075, -32.81840272528539], [-53.96178105067921, -32.818771609407804], [-53.952585129903845, -32.83492738566936], [-53.94471639070179, -32.837164784866026], [-53.93114899999175, -32.83406615917269], [-53.91727395421847, -32.83582232894364], [-53.88605423335479, -32.83392093439965], [-53.88309844880848, -32.83955306351861], [-53.859074563147935, -32.8556656967481], [-53.845405892691225, -32.85715836985999], [-53.80488676740925, -32.85556630949849], [-53.79549023297827, -32.87110826463051], [-53.778956317774885, -32.880031090855596], [-53.77964537541269, -32.894383667135834], [-53.76716735486456, -32.90284880643019], [-53.766493701515955, -32.90937817960763], [-53.759492644162016, -32.91655385810303], [-53.764939616507114, -32.92817718602849], [-53.736173557304205, -32.94371934298245], [-53.71834032620707, -32.96383393898315], [-53.71185612060429, -32.96762197985296], [-53.706121317692954, -32.97845526869584], [-53.69566460281169, -32.97733655158246], [-53.68702922523721, -32.96978338754509], [-53.67612681634639, -32.97548696127671], [-53.666977504707646, -32.9850203513592], [-53.642503296371665, -32.984190225044486], [-53.635549081315496, -32.99188866034949], [-53.627937865394856, -32.99233085282384], [-53.61181871830119, -32.988642858577805], [-53.59863048988563, -32.99829910182593], [-53.58392253563666, -32.99852790509821], [-53.568359466563635, -33.02171351860321], [-53.5649873271327, -33.034361711061344], [-53.56773603409807, -33.04032151551104], [-53.572314886720434, -33.043188554102414], [-53.573517743188006, -33.04931032213545], [-53.572738458841414, -33.06172642824997], [-53.57415950967982, -33.063391579940394], [-53.585419691393426, -33.054994821023264], [-53.59134911195532, -33.05465029256983], [-53.59295337137452, -33.05070163305205], [-53.59713171489345, -33.0467662107451], [-53.604095620758315, -33.04613018289751], [-53.61530117837725, -33.0516954265639], [-53.619036364250235, -33.058691732887375], [-53.61555441131779, -33.076460760879364], [-53.61162930073941, -33.084132846790894], [-53.60376377138499, -33.09062109343179], [-53.6033013196985, -33.092779318572774], [-53.632331093628636, -33.11156154771813], [-53.643979808893505, -33.123924339005626], [-53.64492943242054, -33.13032436922198], [-53.63973815713945, -33.140977835669084], [-53.629183241332754, -33.15070984307233], [-53.62969985788878, -33.153445664971905], [-53.67006280176922, -33.163159306853714], [-53.6771890775579, -33.167914646775046], [-53.68968835466114, -33.168168026153474], [-53.706718269912514, -33.17345500763655], [-53.705739356588765, -33.177013867271114], [-53.71114794310194, -33.18195494050666], [-53.71950653340984, -33.177430181683974], [-53.732104872201745, -33.175363091179314], [-53.73449897308301, -33.176949818205806], [-53.741332094430526, -33.17338737225686], [-53.74753117349933, -33.175071892754765], [-53.763389127484366, -33.17346154679812], [-53.77229343462195, -33.17666952570377], [-53.778464700277965, -33.185730072778476], [-53.780357440189185, -33.186421074020416], [-53.78627748374021, -33.18159063412286], [-53.78358586517397, -33.17264050942361], [-53.79340178644067, -33.16961981353008], [-53.80605558639941, -33.159213025028734], [-53.833082977418464, -33.15026138071399], [-53.84178429223145, -33.15147810684251], [-53.843703974479695, -33.150262480068776], [-53.84529359872298, -33.1344615793597], [-53.84033426845776, -33.1281030381899], [-53.845720108066736, -33.11680509460631], [-53.84725718752234, -33.10483564561199], [-53.841897794797354, -33.09743877786149], [-53.83536293391437, -33.09542728339053], [-53.833396201779294, -33.082523697236084], [-53.83929739514987, -33.06745720168474], [-53.84986208782007, -33.071175184359134], [-53.85731873869153, -33.06983575793229], [-53.8668248019416, -33.059995121923365], [-53.85493591740243, -33.04544709916594], [-53.855016004958806, -33.04225098047353], [-53.84799658651018, -33.03880626600578], [-53.84002398416779, -33.027767677483965], [-53.84941593275655, -33.01348836644666], [-53.87395533361828, -32.99378808169163], [-53.875542720620736, -32.98920139395565], [-53.89372335560436, -32.97586955682466], [-53.925843114630766, -32.94816273777368], [-53.92939200295296, -32.94071258004122], [-53.94251123204029, -32.93435411487716], [-53.96087162755695, -32.91609621041413], [-53.97461644683454, -32.9239328706748], [-53.97929579941838, -32.923113461903405], [-53.987589707341755, -32.913783028120726], [-54.006516068328764, -32.91628255497672], [-54.019587628520085, -32.908113783670395], [-54.02813932301264, -32.91320340217013], [-54.0441229413882, -32.90582683602416], [-54.04868777517546, -32.896700847342586], [-54.071917318246996, -32.91617149413263], [-54.083894635718835, -32.9213920008701], [-54.093078756033314, -32.929536280963575], [-54.10294977379976, -32.933252450188206], [-54.133393570615475, -32.954289012942255], [-54.1331868010792, -32.96508013128778], [-54.14354187640925, -32.97748847118041], [-54.139738230027596, -32.987237009713134], [-54.1404029855821, -32.99675606392745], [-54.145716819998675, -33.00315066040591], [-54.14323177632902, -33.01292070061438], [-54.12065827187844, -33.022543495089636], [-54.11380608950852, -33.02260510173048], [-54.10977744232843, -33.0304688777961], [-54.11133606040641, -33.041865444556606], [-54.10125326002785, -33.0456774014661], [-54.09476829495812, -33.05514348399727], [-54.070435657926915, -33.05813789481683], [-54.05065483719037, -33.06439352393018], [-54.03238966754979, -33.053711766335915], [-54.02642696978897, -33.054580261088596], [-54.025170033814454, -33.056608281986904], [-54.092123698057925, -33.12594511091508], [-54.16165960928916, -33.167191304705256], [-54.118900931359896, -33.168361644424785], [-54.089491044428755, -33.17913519845483], [-54.057852592393935, -33.19704868777061], [-54.037813156538576, -33.203297083995906], [-54.012084009830346, -33.204178184085016], [-53.997010913067705, -33.2185149128775], [-53.95489808529559, -33.23369359207367], [-53.94947827133378, -33.24529707602029], [-53.942022754014886, -33.25156194852587], [-53.92493721217664, -33.25432176822432], [-53.91704516145489, -33.253309082156875], [-53.91447643929837, -33.26252730520808], [-53.903334530046095, -33.25725167652907], [-53.901117290800066, -33.265662207216415], [-53.886803013464146, -33.271163081793276], [-53.88475551861788, -33.28177501319618], [-53.868231756556916, -33.28044016121261], [-53.8653442146079, -33.2893009211751], [-53.87148772958821, -33.294147111210826], [-53.87657426478033, -33.295254340449674], [-53.88031966647875, -33.30099242534691], [-53.88777982239927, -33.30288667462073], [-53.893261386604394, -33.31828627426852], [-53.90468312118037, -33.32486938710299], [-53.905589749248385, -33.32857265646618], [-53.910760711753355, -33.330514134250336], [-53.91488059790081, -33.33536529725804], [-53.92221950231283, -33.335642108771516], [-53.927535879488396, -33.34067512495373], [-53.93697678100573, -33.33931441526062], [-53.94482054225611, -33.3334955147859], [-53.952227605766936, -33.333296756083534], [-53.954561222719384, -33.3398691688424], [-53.96019992422494, -33.34052967174689], [-53.96552233514532, -33.33886199974993], [-53.970840226896684, -33.34287692553783], [-53.967052025967114, -33.34418483393849], [-53.96638161843001, -33.34626428042347], [-53.9696056188026, -33.34937552726308], [-53.97394233041831, -33.349038445311336], [-53.97495526218047, -33.35420617157299], [-53.97330796004131, -33.357221460334], [-53.9764816005471, -33.36198371178652], [-53.978407200604906, -33.36280918524436], [-53.984071648039944, -33.36080496049172], [-53.989579464496714, -33.36493914150104], [-53.990782320964286, -33.3683975429223], [-53.986896982181776, -33.372790766768624], [-53.986215509409256, -33.37858422318612], [-53.98818668332373, -33.38374171474536], [-53.98550983584991, -33.39111574544136], [-53.9865098790788, -33.39762504643385], [-53.98959268183119, -33.39887200473144], [-53.99230171860752, -33.39546847818527], [-53.99749299388861, -33.399642410935066], [-53.999269003154154, -33.40416406019987], [-54.00426697504808, -33.40803002817513], [-54.00567463928691, -33.411605185162635], [-54.01199057973459, -33.41109091219165], [-54.01377859753021, -33.41372424816136], [-54.017032474798036, -33.41392341568227], [-54.01920771854, -33.40954059431316], [-54.026678090285955, -33.411210167413074], [-54.033135530269746, -33.41462881709386], [-54.03470650931486, -33.41772896784324], [-54.04092244319138, -33.41741143892706], [-54.045417327885986, -33.42639533227424], [-54.0459421052174, -33.434286123046064], [-54.04978559611031, -33.435379225621425], [-54.0528243913968, -33.43859911659984], [-54.04949092207393, -33.440908327634105], [-54.04947901999667, -33.44316392240645], [-54.06016194647361, -33.447720563647074], [-54.066916949508496, -33.44826530373862], [-54.06998092311845, -33.445754429885206], [-54.080339612001104, -33.44804927858902], [-54.08745399601577, -33.44376684286149], [-54.09842402199142, -33.45011540848399], [-54.10617936111052, -33.44826733389734], [-54.11227082418878, -33.44412460852576], [-54.11435922918873, -33.4481157673617], [-54.1207541276969, -33.45000786611595], [-54.121466663042, -33.454463329727076], [-54.12477882373366, -33.45795703746281], [-54.134147214860526, -33.45889270950834], [-54.13702434412666, -33.4556526132633], [-54.14261796832875, -33.4586842533148], [-54.153498012851536, -33.45976953814219], [-54.157156362899656, -33.45644764807278], [-54.166399365229395, -33.4525519775063], [-54.18621484282673, -33.44845754823746], [-54.1923492507288, -33.44911630952536], [-54.20605466028406, -33.4454606392285], [-54.21305753452407, -33.435379225621425], [-54.21974960294698, -33.433239998418195], [-54.22071783097542, -33.43029100284072], [-54.23153245525643, -33.42562203481147], [-54.23401256035382, -33.41896175680556], [-54.23635496505382, -33.41705367326279], [-54.24336304733808, -33.4157927309954], [-54.246610899145736, -33.408308290358455], [-54.2590155608701, -33.40202837422957], [-54.25908262146737, -33.3966610303995], [-54.26275449910521, -33.3901814967022], [-54.26838893203225, -33.38481501173817], [-54.277538186661516, -33.38264322664763], [-54.27927794847551, -33.37777895367422], [-54.28332967552416, -33.37483732487913], [-54.29021859118074, -33.374437617636886], [-54.29947327548365, -33.364024851470134], [-54.30583270816981, -33.362993195096145], [-54.312768004862036, -33.355637234230066], [-54.32346259618034, -33.35084687800687], [-54.33005097740098, -33.340414237099935], [-54.34116624904367, -33.338861088986654], [-54.34537772402666, -33.33340197879875], [-54.371164224938155, -33.32178428655772], [-54.37077014355013, -33.31361177341862], [-54.35594074586998, -33.30751211585607], [-54.35418079818362, -33.298561892851986], [-54.35635524011586, -33.27939179646181], [-54.364455319902774, -33.27558516733899], [-54.377790107866275, -33.26148842766586], [-54.38984741062513, -33.25964411767681], [-54.39518810550414, -33.252685596168924], [-54.41195927339968, -33.244705565199766], [-54.410291457802174, -33.25354075282373], [-54.44458085757556, -33.290581268622816], [-54.47220112259208, -33.34712038219027], [-54.49905156906951, -33.37860778150868], [-54.51756986827109, -33.431886888026526], [-54.52140972979997, -33.44968541310368], [-54.52291282638437, -33.45103825248306], [-54.528242597074936, -33.447427491333684], [-54.5297886349056, -33.44309106327343], [-54.53327058783803, -33.439672413592646], [-54.53839855488398, -33.43796308875225], [-54.55244757290277, -33.44048706010557], [-54.55897373130294, -33.43581649476664], [-54.56771230810943, -33.43830892873249], [-54.57660404572077, -33.438704791814786], [-54.579928757132706, -33.43430592862862], [-54.58543036782336, -33.43102370706121], [-54.58606965594082, -33.42786614667179], [-54.593476719451644, -33.424288490029106], [-54.5995887931203, -33.42565336969128], [-54.606518215889494, -33.42385122088389], [-54.61196568732999, -33.427489107054235], [-54.61948397165469, -33.4269524763366], [-54.62177550055708, -33.42357295870057], [-54.6263936389012, -33.42429495583644], [-54.630701961711154, -33.41983629509599], [-54.6379824087517, -33.41820647373655], [-54.6566583381166, -33.41955803291267], [-54.66317908633552, -33.4221418960435], [-54.66464132615612, -33.424368235111054], [-54.676508274842014, -33.42565265521607], [-54.69508643684368, -33.42027356424121], [-54.70716299217081, -33.42140011749427], [-54.7192068744302, -33.400000176599335], [-54.78776969308164, -33.34259866335451], [-54.79325587648055, -33.34212978249414], [-54.79878532599518, -33.33723217839049], [-54.803633339282094, -33.33735134394142], [-54.81724274605111, -33.33338223350178], [-54.82043674241142, -33.32248428267454], [-54.82835027180333, -33.31942339865802], [-54.83240199885198, -33.32093396479604], [-54.83285267561737, -33.32724388527231], [-54.83529795977067, -33.33025954929581], [-54.84490551011175, -33.333757260251964], [-54.86044754701689, -33.327453250233816], [-54.863296142546524, -33.33207387841673], [-54.87209626228177, -33.332342714312155], [-54.87119626126668, -33.33667907665421], [-54.8745019752169, -33.341247104178386], [-54.873781075808374, -33.345390558120606], [-54.88026302461421, -33.34760738265427], [-54.88147295185309, -33.354703778376354], [-54.88352685822593, -33.35436623760972], [-54.88596076577639, -33.35066826667078], [-54.892987979876395, -33.34979372838035], [-54.90204015042892, -33.35384633644725], [-54.911347368065606, -33.34947571445655], [-54.923755782152114, -33.35090677711363], [-54.92307420230974, -33.356380412961755], [-54.92676577596073, -33.36328348495194], [-54.93249480508274, -33.36365857976023], [-54.93565773035753, -33.35997017394176], [-54.94021592328727, -33.360486946567924], [-54.94528058209809, -33.36760250811282], [-54.94570481146751, -33.37081064082632], [-54.9519799184531, -33.37264255545981], [-54.9603453806744, -33.36558030506937], [-54.95848070705038, -33.36267830447333], [-54.952940878549455, -33.36418385843203], [-54.95116824796567, -33.36179875400357], [-54.95635952324676, -33.355358972046744], [-54.96174072323325, -33.35460368897773], [-54.9759407256866, -33.3563781439347], [-54.981113043184635, -33.35444468201584], [-54.98567891444148, -33.35576497183956], [-54.99067258669005, -33.35297386761829], [-54.99729698340333, -33.35667334167566], [-55.00032045670512, -33.35445155701115], [-54.999092581963026, -33.349157700532764], [-55.00035874666574, -33.34041231762843], [-55.0046003984198, -33.339180013673726], [-55.00763919370628, -33.343035932499724], [-55.008591731488, -33.347956128946265], [-55.01249927359292, -33.35106404598511], [-55.02485903366306, -33.341445862880754], [-55.031569706587405, -33.342081890728345], [-55.035692486080684, -33.35005867819797], [-55.0501439495926, -33.350296325603914], [-55.05480382888203, -33.346375078699566], [-55.062649174826674, -33.34808123249852], [-55.07025103825502, -33.34546078866865], [-55.070134169101486, -33.35007272073431], [-55.08114005469828, -33.35205957758738], [-55.08532455591322, -33.355665725300334], [-55.09031974879289, -33.349753976639875], [-55.09494124995777, -33.35368939894683], [-55.09740178434078, -33.37020646348804], [-55.10500725934426, -33.37082239909123], [-55.10450079346319, -33.37861374022419], [-55.101275993144206, -33.383217908255745], [-55.106210115811834, -33.38871068230465], [-55.10538710875508, -33.392447345909225], [-55.10158691287646, -33.39406086303729], [-55.099726470152284, -33.400293758044974], [-55.10036402858401, -33.40439248276998], [-55.10500725934426, -33.409898359977426], [-55.09376273672028, -33.4187529737618], [-55.0960851392963, -33.42776683395387], [-55.0993674708319, -33.430375083805345], [-55.10643713406224, -33.43045000980261], [-55.11311071344157, -33.426474835755194], [-55.11773221460645, -33.42679284967898], [-55.120311260695814, -33.43099243958369], [-55.124759428706454, -33.431841320719215], [-55.12900278436396, -33.44067137722398], [-55.138180774555124, -33.431483555054946], [-55.148743245847776, -33.425892142949166], [-55.149673975195405, -33.42108179437492], [-55.14856332511731, -33.414271051429594], [-55.15052588040649, -33.40775176599182], [-55.15647744590058, -33.402254012660904]]], [[[-53.57338303908076, -33.075411815968195], [-53.57107884117367, -33.07429226713957], [-53.56937591776931, -33.07650041550756], [-53.57285338160289, -33.082621180814655], [-53.57503132472301, -33.080775874698695], [-53.57338303908076, -33.075411815968195]]], [[[-53.70854512385039, -32.761678383320834], [-53.710347257546296, -32.75903063204019], [-53.707043384349895, -32.75750687997452], [-53.705673595452, -32.76030227797712], [-53.70854512385039, -32.761678383320834]]], [[[-53.803737452672344, -33.241001613551276], [-53.80271002093904, -33.24369199735398], [-53.8053662754084, -33.24466559250852], [-53.806361404124615, -33.24203014089369], [-53.803737452672344, -33.241001613551276]]]]}}, {"type": "Feature", "properties": {"shapeID": "URY-REST-27058087B64628270573025", "shapeName": "Flores, outside any municipio", "shapeGroup": "URY", "shapeType": "ADM2", "parentID": "27058087B64628270573025"}, "geometry": {"type": "Polygon", "coordinates": [[[-57.339724651382625, -33.356472020780025], [-57.33731893844748, -33.35031050100652], [-57.34049846926132, -33.34645686151091], [-57.33960359855339, -33.338837201822514], [-57.332625599752674, -33.333568345945274], [-57.321175338488004, -33.3338135287097], [-57.307943917344744, -33.327214739790975], [-57.30401880676635, -33.31676003204624], [-57.303638957355545, -33.30944571179898], [-57.307524722080174, -33.299263151379954], [-57.305582363314294, -33.29155446411951], [-57.29730813384202, -33.28503814314779], [-57.28673293357203, -33.2726435409644], [-57.28046814329605, -33.26870017781287], [-57.2800626367432, -33.26165588144597], [-57.276803378998984, -33.258038037034424], [-57.27128844920145, -33.25534359301352], [-57.2686984416301, -33.250626890813585], [-57.25704409629601, -33.24846654191147], [-57.247297815132264, -33.24012063403984], [-57.240647263396, -33.23753481328105], [-57.24028161041086, -33.22473683237051], [-57.23482934351449, -33.219763815083475], [-57.22518454589415, -33.21833802709111], [-57.21886923050947, -33.22505276677214], [-57.21247509876082, -33.22374095933648], [-57.21712329828432, -33.21819543344597], [-57.218934525450486, -33.211602988561154], [-57.21101900935271, -33.20350732343509], [-57.20590237981382, -33.191733274121745], [-57.19584048702862, -33.18748876030314], [-57.18973647168908, -33.18662353428375], [-57.17911165884455, -33.18899793816198], [-57.17480669885536, -33.18498301237408], [-57.17480669885536, -33.17838422345536], [-57.178300740279305, -33.166337986118116], [-57.1660701624067, -33.15882636714203], [-57.16417091535264, -33.15524871049934], [-57.165138818204866, -33.13989329301516], [-57.157785555863626, -33.12601595391627], [-57.15491660183643, -33.12337649444639], [-57.142155891437845, -33.12001671045707], [-57.11493525075094, -33.11957481810814], [-57.10984606517649, -33.12181485682969], [-57.10299475271358, -33.12836066050635], [-57.101317974183885, -33.135851204265705], [-57.101305837863364, -33.14864992158061], [-57.09890012492822, -33.151233784711444], [-57.08835572279588, -33.15295841016951], [-57.08539362395092, -33.15812434414911], [-57.08433923084712, -33.167452494824936], [-57.06376405442818, -33.17393202852224], [-57.04866102475857, -33.17240509781628], [-57.038187527433536, -33.177946954310144], [-57.014320322787555, -33.177231422981606], [-57.013244082790266, -33.17436929766746], [-57.0152496416524, -33.16770070639479], [-57.01384451001071, -33.16200402116631], [-57.00948382356284, -33.1594081537367], [-57.00362862613247, -33.16096696027423], [-56.99858198057107, -33.16576532559493], [-56.99437822871997, -33.18080907962429], [-56.98956680284968, -33.184426488007446], [-56.98513522639023, -33.18486375715266], [-56.96717823666059, -33.17932911317768], [-56.951253794755694, -33.17823547263283], [-56.93761641930674, -33.17896749453378], [-56.930373602998245, -33.18410847408365], [-56.92410608771986, -33.186096061107364], [-56.91821236295813, -33.18106516210949], [-56.91259120634786, -33.179723157762815], [-56.90954230328284, -33.18275338068399], [-56.91024158422525, -33.19714704495921], [-56.90669632305767, -33.198061334990115], [-56.89701016308199, -33.19643151363067], [-56.89143002480299, -33.193843041607366], [-56.87933466837646, -33.19173841509181], [-56.875204281639924, -33.194267556976875], [-56.8712234686129, -33.200343830852816], [-56.870610629030594, -33.21455830728693], [-56.863354440687104, -33.22086434314699], [-56.86427980551707, -33.22978322388857], [-56.86143093493598, -33.23145279698849], [-56.85328207640199, -33.23122134194172], [-56.850609765921185, -33.23337700268552], [-56.847789502734244, -33.23964985140005], [-56.84755587340512, -33.24381443541434], [-56.84948418622811, -33.2477058221224], [-56.857569132592744, -33.251845439851785], [-56.86010146199814, -33.261465361046554], [-56.841680598997726, -33.26454452558587], [-56.82667471384674, -33.26909769521761], [-56.82205321268188, -33.26822315692718], [-56.81779554600566, -33.26481934691023], [-56.81005694699188, -33.26488155286685], [-56.804314626426226, -33.27118035598618], [-56.8028708174359, -33.278797119893326], [-56.79786946686022, -33.28138098302416], [-56.7938810480467, -33.2805461964742], [-56.79077894452507, -33.276451767205344], [-56.791682570045815, -33.26768711514809], [-56.78651900588901, -33.26446174119177], [-56.76851984801942, -33.266491005481605], [-56.76108775630124, -33.27051252736789], [-56.75633926461151, -33.279989672107554], [-56.750451598743936, -33.283925094414506], [-56.742664685822305, -33.28479963270494], [-56.74057968931702, -33.27367102988311], [-56.736048943500414, -33.26970364227646], [-56.72762714407112, -33.27054063357087], [-56.72487507174931, -33.27339088318883], [-56.71398738672941, -33.27732709597328], [-56.71025086943307, -33.281579741726524], [-56.706850803594456, -33.282486659212935], [-56.69961508593035, -33.28821828238573], [-56.69417057770872, -33.2898083520047], [-56.68680322063296, -33.28881090029519], [-56.67991211383709, -33.29091778678111], [-56.67260461135202, -33.29644494451025], [-56.67158736600549, -33.29960862267332], [-56.67644427187085, -33.3044767442397], [-56.677583820103294, -33.31568673505344], [-56.66960698247625, -33.320973716536514], [-56.661978988580266, -33.31867573150798], [-56.65297718334264, -33.32035763979611], [-56.65202300851186, -33.33226888220573], [-56.65384323192758, -33.33830547538329], [-56.65264037546001, -33.342558911614034], [-56.64422038018702, -33.35082727363268], [-56.63458960320413, -33.3530469162628], [-56.6319576583839, -33.35605455717866], [-56.6310522672789, -33.37483732487913], [-56.6288997872843, -33.38405972866916], [-56.62453151905997, -33.39189082154259], [-56.611996488503195, -33.39809209305657], [-56.606709381566624, -33.39714162383464], [-56.60243694499778, -33.39976166615649], [-56.59591934120139, -33.398901357005336], [-56.58089798774941, -33.40307893853963], [-56.57951936387883, -33.41005736693932], [-56.57396809119042, -33.418681349436284], [-56.574771246243685, -33.42361271044104], [-56.570973561762194, -33.42805720745531], [-56.57692372623828, -33.43979166881407], [-56.573738428534256, -33.444497545858006], [-56.57401154742206, -33.448775562161245], [-56.57147921801665, -33.45446006104907], [-56.56629383065203, -33.457252658126265], [-56.563206640082136, -33.47071919712528], [-56.56483185332745, -33.47656202875275], [-56.55400614511933, -33.48971985484973], [-56.54235742985445, -33.493297511492415], [-56.53627881508654, -33.492850733899715], [-56.525307380891526, -33.498189698346394], [-56.519275163936314, -33.50368583540704], [-56.51632684621542, -33.50896137926743], [-56.51348415868789, -33.52566076855761], [-56.516943205769735, -33.53213750609426], [-56.524061349900364, -33.53467907332612], [-56.52532751460308, -33.538534992152115], [-56.524061349900364, -33.55455494356325], [-56.51198150547886, -33.5684276332901], [-56.51207000978897, -33.57562754439967], [-56.51570466286252, -33.58202339623095], [-56.509966665685965, -33.58834529477132], [-56.50867744876251, -33.5967712919469], [-56.499879223338034, -33.6060180733946], [-56.498088517064055, -33.611544648559935], [-56.50000422054897, -33.6142223060151], [-56.495758138679065, -33.61856725688428], [-56.49144447196255, -33.629903436438894], [-56.4905079852787, -33.64828954760154], [-56.48724255464025, -33.65119154590088], [-56.48056383321948, -33.66977968136072], [-56.48215129824085, -33.67373066150506], [-56.48183475706517, -33.679534415614306], [-56.47851532945201, -33.68721131762607], [-56.478732653543545, -33.69006862683998], [-56.46585464991175, -33.71194068628447], [-56.46784363710029, -33.71821285909576], [-56.46299931889698, -33.7249781903157], [-56.46334875240568, -33.72858806335954], [-56.46058684240915, -33.73164094730449], [-56.460183340648925, -33.737333446263875], [-56.45663807948135, -33.74703287093959], [-56.450687105378634, -33.750014251475164], [-56.442836884221876, -33.74882169926094], [-56.43840159675407, -33.74523015564539], [-56.431852659887, -33.74420902866231], [-56.424285005535474, -33.751383908425055], [-56.425824229796994, -33.764947318219754], [-56.42947884660833, -33.76973111475039], [-56.43093493601644, -33.78857343973519], [-56.42855438966518, -33.79265360292679], [-56.42810538730025, -33.79773129860111], [-56.43042847013537, -33.81409405711966], [-56.425427119559686, -33.81981830774796], [-56.414214779327615, -33.825907984100525], [-56.4103597595975, -33.83361216169252], [-56.4044334270696, -33.83399924476404], [-56.39773464106211, -33.8369400090059], [-56.39859717919591, -33.84643844530242], [-56.40994455165292, -33.87377462417994], [-56.425427119559686, -33.88067822241404], [-56.42884576425699, -33.88477265168289], [-56.42790838843008, -33.89048126615486], [-56.43167935318426, -33.89462834029379], [-56.437882052086124, -33.89760996653302], [-56.44505267245161, -33.8974137051537], [-56.45483272119914, -33.902266861693526], [-56.459562245891064, -33.9005869483791], [-56.490761218219234, -33.87721982099278], [-56.500647421417945, -33.87569190257269], [-56.51399534051386, -33.86370422923154], [-56.530416021167404, -33.868436971763096], [-56.54887817807338, -33.861001110879286], [-56.5545371306616, -33.86204422286399], [-56.569136813316646, -33.85396505281534], [-56.58241587267766, -33.84917982201364], [-56.592022338255035, -33.84209018861822], [-56.597119053246416, -33.83341340299015], [-56.604785845471945, -33.83872797314295], [-56.61269287908968, -33.841840771970695], [-56.63307813080323, -33.86565206451477], [-56.63786410197903, -33.87483304909073], [-56.64915842252758, -33.87773659361895], [-56.65728707359695, -33.890814584680726], [-56.66276969308164, -33.891093178418295], [-56.67251916129247, -33.89693668426801], [-56.6746931074127, -33.89980859973722], [-56.67979960833303, -33.900514340910696], [-56.684539678377575, -33.90409643809261], [-56.7002481682817, -33.906318095019934], [-56.70956381189981, -33.91061267467309], [-56.72006364587902, -33.911088303876845], [-56.72623482832084, -33.91542755178842], [-56.731408658718095, -33.914994717694114], [-56.73525762231148, -33.91259887001487], [-56.74555676215485, -33.91940763830041], [-56.750768139919614, -33.92090698377399], [-56.75195719415376, -33.92501630760221], [-56.76009916404537, -33.93106437757024], [-56.769254144579094, -33.927903290097454], [-56.7737490292737, -33.92909584231168], [-56.7768538480963, -33.934726076341015], [-56.78479282653443, -33.939605571448304], [-56.7919184927575, -33.939153032651674], [-56.795590370395345, -33.94078285401112], [-56.798032509597526, -33.95219927496187], [-56.80723908566023, -33.953026390077184], [-56.81407637505484, -33.95771709545315], [-56.81420299152511, -33.96034071032445], [-56.810367382662825, -33.964609048486956], [-56.81062231727223, -33.96740153884707], [-56.814779612433945, -33.970416592012455], [-56.82167336327106, -33.970000383259695], [-56.82540854914404, -33.97135194243582], [-56.825579573721875, -33.975314873379126], [-56.82940384235169, -33.983690500667784], [-56.84001368465422, -33.98477614124589], [-57.08433923084712, -33.96777428579313], [-57.08828174850216, -33.977416899781424], [-57.09393527172655, -33.98262420262229], [-57.09797290895893, -33.98271102137669], [-57.101422543600634, -33.97883589659469], [-57.0925693014147, -33.963282339119544], [-57.09366273189138, -33.955121502123625], [-57.08927727318766, -33.95346365922241], [-57.09331971627019, -33.947585668500246], [-57.09643110375795, -33.93696668692559], [-57.09935950505784, -33.93228759114181], [-57.1028252355066, -33.91883989326933], [-57.10734876008594, -33.918005335244096], [-57.118403732842424, -33.89915468068783], [-57.11610893470496, -33.88698507306931], [-57.112068237836354, -33.88111549155926], [-57.117428809153466, -33.87459302305755], [-57.11536026606338, -33.86799741720275], [-57.117051020544864, -33.8654860538315], [-57.11763936252825, -33.85845699948893], [-57.12144521195138, -33.855366785234594], [-57.121121315460684, -33.84056871627552], [-57.12972423700975, -33.83206281869647], [-57.128781611912046, -33.82737113843806], [-57.12992116014448, -33.82335621265016], [-57.13705568522892, -33.816816986617994], [-57.14695107539586, -33.80165176235122], [-57.167652868285074, -33.787579646223335], [-57.177887542209206, -33.78498589079555], [-57.178795117668884, -33.773785792278765], [-57.18419803685811, -33.77125409753432], [-57.1875841093186, -33.767227695280184], [-57.18867120234998, -33.75871988263902], [-57.19540421734422, -33.75362662151994], [-57.19746359561769, -33.74962956275363], [-57.1996813709955, -33.73857457210549], [-57.19911706114729, -33.733914796583086], [-57.20229785850261, -33.72416241023439], [-57.202059433416615, -33.714390225330206], [-57.19778758820945, -33.708553186160515], [-57.190288796453416, -33.68565118680326], [-57.18082098119321, -33.6809257265309], [-57.17651602120401, -33.676950552483476], [-57.174363541209416, -33.671226301855185], [-57.17359548259506, -33.66039943233017], [-57.167146402404, -33.65711443398683], [-57.16429753182291, -33.65389454300841], [-57.16341121653102, -33.64177026216376], [-57.166323395347234, -33.63449569365697], [-57.17097835361525, -33.63203376441129], [-57.171684812114854, -33.629856341618755], [-57.15935948948237, -33.60961110412009], [-57.165919010110954, -33.60414836080418], [-57.167842792990484, -33.59716880935164], [-57.17214775297968, -33.59132530350193], [-57.17968368372041, -33.59357881646913], [-57.19420768008695, -33.59458343259084], [-57.20285726574232, -33.589369565945674], [-57.2088303564268, -33.57314932662752], [-57.209246378768924, -33.56715624529358], [-57.21215855758514, -33.565128906529395], [-57.22237187080952, -33.563463535348006], [-57.224040912784886, -33.56124368295544], [-57.22589644460949, -33.55069902473724], [-57.24261262851898, -33.544494406637305], [-57.2476735590644, -33.53495379257878], [-57.24685147043925, -33.52994861620968], [-57.251594054785805, -33.52527550075901], [-57.24925718337438, -33.51734731447934], [-57.250270115136544, -33.51321313347002], [-57.25643909970006, -33.50487434626693], [-57.25457507512574, -33.4872949986808], [-57.25900665158521, -33.482445286342944], [-57.26400800216089, -33.48141174109061], [-57.27243869454764, -33.48343502658421], [-57.28187814221806, -33.47983506233269], [-57.28477310328525, -33.473421641255285], [-57.290657295021646, -33.46957265191549], [-57.291677308947655, -33.46322065197036], [-57.285596110342, -33.449292334787415], [-57.285596110342, -33.445754429885206], [-57.29159171035759, -33.44062734467673], [-57.28857159739336, -33.43200032768111], [-57.29110640683118, -33.42988183796863], [-57.29350963973391, -33.42385122088389], [-57.307094476506656, -33.416280601853195], [-57.30965323969339, -33.412084705703506], [-57.322807680988575, -33.405568509213666], [-57.352731296299375, -33.38625461007998], [-57.359890494200314, -33.3772940444194], [-57.359638702737186, -33.37481185759849], [-57.339724651382625, -33.356472020780025]]]}}, {"type": "Feature", "properties": {"shapeID": "URY-REST-27058087B99783771080652", "shapeName": "Durazno, outside any municipio", "shapeGroup": "URY", "shapeType": "ADM2", "parentID": "27058087B99783771080652"}, "geometry": {"type": "MultiPolygon", "coordinates": [[[[-57.19880708368221, -33.05257204736763], [-57.200018243974505, -33.04688507332963], [-57.195669302275526, -33.043729940078634], [-57.18696188000132, -33.043943837171426], [-57.162208360063445, -33.03889536613119], [-57.139034431522255, -33.024352232498885], [-57.126771028990376, -33.019219534425716], [-57.11858898605527, -33.018065454122684], [-57.11789259546879, -33.013891521372884], [-57.12789894801048, -33.007804960444986], [-57.12615069046074, -33.001048291763084], [-57.118731547187316, -32.99755113051364], [-57.07807401543015, -32.991030890448336], [-57.063209177444556, -32.99587155014027], [-57.049076543876794, -33.009399574699295], [-57.04274572036327, -33.01214244479202], [-57.034029005632945, -33.01205893495004], [-57.02299355100108, -33.01846297152743], [-57.007862882803764, -33.021484103803466], [-57.00372329420532, -33.018818411552424], [-56.99964327920587, -33.0187157164131], [-56.99159266637402, -33.02494250522473], [-56.97855116993615, -33.03142203892203], [-56.970827565249664, -33.03154129414345], [-56.96620606408479, -33.02824189968409], [-56.964813282911805, -33.02176236598679], [-56.96582621467398, -32.99572497597615], [-56.96962470878209, -32.99254483673821], [-56.9863890780466, -32.991198773896166], [-56.99411945880219, -32.986654002723164], [-56.998704449877174, -32.98253200566705], [-57.00097640583644, -32.97673104435025], [-56.99856100178572, -32.97086432542973], [-56.987095263745566, -32.96765224043069], [-56.97241044621864, -32.96906636356434], [-56.942338859438806, -32.98002303848882], [-56.934741871222585, -32.97799569972463], [-56.934741871222585, -32.97441804308195], [-56.938350440625285, -32.970641627736896], [-56.94487118884422, -32.96777950242275], [-56.953898174956485, -32.96776798472769], [-56.956726500902654, -32.96205715489094], [-56.945054299930824, -32.93787429454613], [-56.94070396233255, -32.93449391435157], [-56.93709688924701, -32.93400092473207], [-56.92872758888474, -32.941861367633535], [-56.92208022419554, -32.94631356256665], [-56.91623250872698, -32.947698081571566], [-56.9125501323468, -32.951314542278], [-56.907962487760386, -32.97326524260819], [-56.90302444541983, -32.97398077393673], [-56.87476803553878, -32.96641067355666], [-56.86744521727384, -32.96618943280378], [-56.865229429044106, -32.96201550005398], [-56.87143363608736, -32.958676353854145], [-56.88382835498518, -32.956785463255315], [-56.89124226696851, -32.94911868382009], [-56.89509919896608, -32.94131799248334], [-56.89195860498386, -32.93360425037576], [-56.88876702003896, -32.931165136761045], [-56.878460850187366, -32.92945882460557], [-56.873332883141416, -32.9261594301462], [-56.86298033498436, -32.90939468141654], [-56.849465392877896, -32.90530226257189], [-56.82401576797106, -32.92254202176304], [-56.816798629165646, -32.91908362034179], [-56.81255697741159, -32.91260408664448], [-56.815785697403484, -32.90771462256615], [-56.83273491292109, -32.89803586261453], [-56.83552676932718, -32.89458417098901], [-56.83572918802059, -32.889010058875456], [-56.82993799385234, -32.87601924588772], [-56.824790771500176, -32.87064326383227], [-56.8163234490224, -32.869133252841664], [-56.811193591576234, -32.87005644564509], [-56.801224803322384, -32.875992733667694], [-56.794830671573735, -32.87424365708682], [-56.7928048080494, -32.87094426262746], [-56.794830671573735, -32.8674858612062], [-56.80717142463855, -32.86223072429142], [-56.80951936734133, -32.85882714102283], [-56.80716552435762, -32.85596144325319], [-56.80033848803049, -32.85567959428535], [-56.79432420569265, -32.85261871026883], [-56.79247857557775, -32.84128954001738], [-56.7878661655047, -32.83613891167144], [-56.7827600871851, -32.834131531463946], [-56.77827674467485, -32.835254361685834], [-56.77545835162235, -32.84383357562402], [-56.77134331633856, -32.84860378448093], [-56.761720464598, -32.853055979414044], [-56.753173852854744, -32.85261871026883], [-56.74640007811193, -32.84987971007255], [-56.73532093054662, -32.84959757799278], [-56.73443461525473, -32.84673545267864], [-56.7410150047384, -32.83590489513759], [-56.73567104278236, -32.83005184940024], [-56.72969481640264, -32.829773462283455], [-56.71158034237091, -32.841965243821726], [-56.69512020123575, -32.846139176571526], [-56.6932209541817, -32.83906336676711], [-56.69531012594115, -32.83504844097921], [-56.70215714807017, -32.82987624813349], [-56.70413066340178, -32.82497720482813], [-56.6933985229266, -32.80170381511207], [-56.68836038041221, -32.795665354336165], [-56.68315500186131, -32.79559361683235], [-56.65226193814364, -32.813543535990256], [-56.651142529525856, -32.8184905480507], [-56.66473224837084, -32.83214656392459], [-56.66542863895732, -32.85134665457365], [-56.65428638957353, -32.86128458969222], [-56.647575716649186, -32.86418646674684], [-56.640168653138375, -32.86271565234929], [-56.626620690819436, -32.84283978211216], [-56.62367348746803, -32.8359470906775], [-56.6176010192415, -32.83007748377241], [-56.602753486173455, -32.82479249193685], [-56.58995209870823, -32.805708384506644], [-56.583869208811066, -32.80464990700346], [-56.560353103039915, -32.808880742474635], [-56.5582843368923, -32.81410703400247], [-56.57116267684097, -32.82407696060831], [-56.5740748556572, -32.8301192251604], [-56.573251848600435, -32.8369167727815], [-56.569263429786915, -32.84109070553129], [-56.56274268156798, -32.842680775150264], [-56.55831110510853, -32.84053418116466], [-56.55558885099771, -32.8367577658196], [-56.554871176759306, -32.82875412917255], [-56.551953286435854, -32.824944567386346], [-56.5438768274977, -32.82177135966081], [-56.54096464868147, -32.81771668213243], [-56.540792485467, -32.811804612620215], [-56.53888986660016, -32.80874463730554], [-56.53466852031697, -32.8094448122519], [-56.53121518047065, -32.8170011508039], [-56.52703683695172, -32.81918749652998], [-56.50044737819492, -32.82248689098934], [-56.49601580173547, -32.81759742691101], [-56.4931785874273, -32.804896359346564], [-56.48842991411335, -32.80208863799068], [-56.48437124300571, -32.80356988362624], [-56.481817217370114, -32.80807148270069], [-56.481201674713816, -32.814417287673066], [-56.47797295472192, -32.81815395127765], [-56.465627848870554, -32.82045955222515], [-56.45678721048394, -32.811220243008684], [-56.45176916769334, -32.81235785671108], [-56.446074868159485, -32.816891094134526], [-56.439318915371075, -32.82601820995324], [-56.43905394693285, -32.832110886620974], [-56.442963500692144, -32.84081244334797], [-56.442457034811056, -32.85393051770448], [-56.44074771246241, -32.85742867086621], [-56.43112486072185, -32.866492067694345], [-56.42662997602726, -32.86605479854913], [-56.41567765134886, -32.85957526485182], [-56.414601411351555, -32.84053418116466], [-56.42123115756973, -32.830253762671916], [-56.42030599284774, -32.822086671742476], [-56.3909872042108, -32.81764528315138], [-56.359016780902834, -32.81958501393472], [-56.32761589627576, -32.81771668213243], [-56.30033004693247, -32.80992534099948], [-56.27962825404326, -32.79736379100961], [-56.27335151127134, -32.79089563648525], [-56.24253750357001, -32.76936501106061], [-56.22062497889722, -32.76691395780633], [-56.19713762366206, -32.75033748202857], [-56.189603943680964, -32.730262853089066], [-56.2061603615178, -32.71300245030158], [-56.20542242990903, -32.70751281424851], [-56.19956080283233, -32.70556228872903], [-56.19131326602961, -32.70577578095693], [-56.18504575075123, -32.700727309916694], [-56.17920878671714, -32.69219341516217], [-56.13289116830418, -32.679879365711706], [-56.10186158964617, -32.68229676218997], [-56.072167167505114, -32.692061430493304], [-56.03278944525101, -32.69043160913386], [-56.0047438970861, -32.68609866942217], [-55.98162828045853, -32.66217794224583], [-55.95852888543739, -32.647102212016925], [-55.94447445723736, -32.63533569683654], [-55.93856252931198, -32.61114282575984], [-55.92461473675518, -32.60228513881958], [-55.8919421094919, -32.60473232609713], [-55.87129722397946, -32.61610587615226], [-55.86394638214536, -32.62261513988478], [-55.84451075395884, -32.62798162484881], [-55.826847756356116, -32.62810088007023], [-55.8093746834588, -32.621621346372926], [-55.80557618935069, -32.61712939969934], [-55.80639919640744, -32.612200183880525], [-55.816433893364525, -32.598366797187545], [-55.8150057517828, -32.59398863946426], [-55.80883138593633, -32.59266463371963], [-55.79683965290202, -32.599916896073985], [-55.78683695175066, -32.60047342044062], [-55.77968312118037, -32.59657774987414], [-55.77569470236685, -32.59224481016245], [-55.775378161191185, -32.58314166159384], [-55.777467332950636, -32.579047232324996], [-55.79458873785739, -32.57168381213624], [-55.79854589346671, -32.56771218360259], [-55.79841717055718, -32.56392871903357], [-55.793393291756885, -32.560165640814056], [-55.78446310203961, -32.559670547611134], [-55.769553803558736, -32.56433908834952], [-55.765755309450626, -32.55913161034739], [-55.76796545082612, -32.54450254461589], [-55.76779748477837, -32.53376522775415], [-55.765045247602266, -32.530149171986075], [-55.756448998885745, -32.5266941901204], [-55.7523972718371, -32.520492918606415], [-55.754802984772226, -32.514291647092435], [-55.77626191315064, -32.512949393504755], [-55.780352802815884, -32.51048825983748], [-55.78175063723584, -32.50561562240317], [-55.77699203077057, -32.49915619881041], [-55.73384795894248, -32.50542700896668], [-55.716370402798944, -32.49430931512866], [-55.711971631394704, -32.49515571326293], [-55.70872510656129, -32.499582089171355], [-55.71301954958298, -32.51556370278761], [-55.709980754296495, -32.52323578869914], [-55.689785427288356, -32.53412776558909], [-55.68377114495051, -32.535876842169955], [-55.67687054732076, -32.53285570989391], [-55.679351852009376, -32.51967007813951], [-55.67844315998477, -32.51576460236455], [-55.67186411129369, -32.50932901389917], [-55.652306952088296, -32.49632386039807], [-55.65152870047397, -32.48316417812767], [-55.64892527887978, -32.48059510608289], [-55.63888460328542, -32.479156694573874], [-55.63445402978016, -32.48153621294165], [-55.60659840632067, -32.48471635217959], [-55.60131270035005, -32.48045910761077], [-55.559053921734105, -32.49819219220036], [-55.533201824556805, -32.49312003483501], [-55.52747875232369, -32.49374711737762], [-55.515054698315126, -32.50117357273593], [-55.503342674815116, -32.50455247067624], [-55.4954291454232, -32.5052282502643], [-55.482679596311826, -32.50123322297531], [-55.47751291487994, -32.5013723314383], [-55.47308133842047, -32.49823194394084], [-55.47327126312588, -32.48885053318891], [-55.48534053616481, -32.483524394010125], [-55.490526115362876, -32.47980009504773], [-55.4939430726337, -32.47427680343402], [-55.4936965219584, -32.47020321369044], [-55.48903501367455, -32.464800730201986], [-55.487262383090766, -32.45899697609274], [-55.49319183448731, -32.44788059909504], [-55.49190379418389, -32.44231003572217], [-55.48732569132589, -32.437809298419964], [-55.484919978390764, -32.433158344784474], [-55.484118117657374, -32.425413255922585], [-55.47486324394842, -32.412505707048034], [-55.46345848667991, -32.41423651631873], [-55.45521980785999, -32.41020547276884], [-55.45123999729881, -32.413441481509246], [-55.43642797266396, -32.409129409983024], [-55.43215448649675, -32.41129212549731], [-55.432817300874476, -32.41713839337335], [-55.43002321110188, -32.42272321951738], [-55.42835318000549, -32.43190516772668], [-55.43446331498798, -32.44424908037679], [-55.43107489321791, -32.4464934269464], [-55.4305382044096, -32.450609358852674], [-55.42123189384472, -32.465516261530524], [-55.417500026321825, -32.468437276745725], [-55.414014755039304, -32.47609022449667], [-55.40470844447442, -32.47275107829684], [-55.4027836438541, -32.46862658696629], [-55.398951167404, -32.46645949939435], [-55.39230003038793, -32.46913366991368], [-55.389700348139016, -32.464622175936434], [-55.380524820631386, -32.463359155939635], [-55.37679484138967, -32.465823717046916], [-55.377739136306815, -32.47151877434214], [-55.374193875139255, -32.47577221057288], [-55.37015246470003, -32.47136027256793], [-55.361683455188576, -32.46762877098645], [-55.357370854895336, -32.46993804978495], [-55.354125164601385, -32.48189397860592], [-55.3493137387311, -32.48435858651532], [-55.34538862815272, -32.4828480203773], [-55.34119399339013, -32.47838387785853], [-55.32836597956598, -32.48116833391916], [-55.32411706114729, -32.48761822923421], [-55.31556268799174, -32.48764900830479], [-55.30711660798855, -32.49157345260056], [-55.310244181858714, -32.50022636763834], [-55.315507141168894, -32.507573602952284], [-55.30373415707498, -32.51302933480781], [-55.30417128856926, -32.51521576974627], [-55.30822669412834, -32.517948807216065], [-55.305711571838806, -32.52202704868272], [-55.30564072061323, -32.52606053341395], [-55.30885977647969, -32.529914081098816], [-55.306391359412196, -32.53264198570804], [-55.30417016358501, -32.539548062621655], [-55.30265556943644, -32.5524930696882], [-55.29410657641691, -32.55638632155294], [-55.29222862954384, -32.56438030236644], [-55.30246564473104, -32.57451553391093], [-55.303614230115755, -32.5824666652037], [-55.30955616706618, -32.58385719292238], [-55.313861127055375, -32.58934293310783], [-55.31527753471341, -32.603466601285476], [-55.32228112232836, -32.60735047154267], [-55.32189798179318, -32.613849184095685], [-55.32563645879053, -32.61681138577554], [-55.323756844595955, -32.62213009932218], [-55.32778893878513, -32.62472198212992], [-55.329878110544584, -32.629015170101134], [-55.33113191354219, -32.64041804444043], [-55.33354998818244, -32.64495561803131], [-55.33339077673811, -32.6514989631182], [-55.33576577641216, -32.65481404966893], [-55.33494276935541, -32.66153209380908], [-55.32888933570547, -32.66368438022656], [-55.327905085774105, -32.66548786463631], [-55.33038457642567, -32.67596197560123], [-55.329254271690935, -32.67868656887749], [-55.33317013877162, -32.685621648536475], [-55.33297814842227, -32.68957471580803], [-55.33551254347162, -32.69226018919568], [-55.33576577641216, -32.70215837257377], [-55.321938878174734, -32.71407522132806], [-55.31734774407783, -32.72324981371625], [-55.321774656447275, -32.730978384417604], [-55.322344430563504, -32.737457918114906], [-55.3177525210007, -32.744896820226714], [-55.31920221166705, -32.751786654992436], [-55.323742168255166, -32.75466803704714], [-55.331393907375876, -32.75346537622445], [-55.342096599925696, -32.749025674592914], [-55.34944035520138, -32.750257978547616], [-55.35055623276209, -32.758194405716985], [-55.35323884930949, -32.76274002505654], [-55.348377118053534, -32.77327686722409], [-55.35323884930949, -32.783092916179356], [-55.35222591754733, -32.787584862852945], [-55.34674252186043, -32.790044055700136], [-55.3412102846338, -32.79593272835254], [-55.33480240304955, -32.794415847741256], [-55.32425095585791, -32.80514369402676], [-55.326141505756354, -32.816640530689924], [-55.3291817199581, -32.82030054526326], [-55.32816878819594, -32.82622355459392], [-55.31935835008475, -32.83252093516242], [-55.31740101996114, -32.842526905800156], [-55.31871814037273, -32.853077532311225], [-55.320825032920254, -32.8566733877972], [-55.321648039977006, -32.880723190784124], [-55.31995058599429, -32.884001237704524], [-55.32139480703647, -32.890382863719374], [-55.31873586116079, -32.89503381735486], [-55.310062632947265, -32.90338168285445], [-55.300868567504104, -32.904769348612014], [-55.29361964628534, -32.91412913732166], [-55.29657797886347, -32.9209122004036], [-55.2957549718067, -32.92468861574866], [-55.29075362123102, -32.9291010589413], [-55.28304825150136, -32.93065404535905], [-55.278284873356725, -32.93400350776018], [-55.275812877739114, -32.942576898962066], [-55.27321724009856, -32.94496200339052], [-55.26840581422829, -32.944524734245306], [-55.263208324901406, -32.94116653583983], [-55.25732832712362, -32.94442840493837], [-55.254161461322866, -32.9504079918355], [-55.245800745500745, -32.94834380416507], [-55.24032898462673, -32.94940338596577], [-55.23246129899092, -32.9539769169055], [-55.22035486376065, -32.968773295934604], [-55.214496236332906, -32.973593769016006], [-55.21364419083632, -32.99155104322635], [-55.211048553195766, -32.99449267202145], [-55.20529796408747, -32.99531941886199], [-55.19729186427884, -32.99965671345567], [-55.192862927357936, -33.004452512193694], [-55.195474727352504, -33.0117051756468], [-55.187247206250916, -33.01921758356187], [-55.18553533443628, -33.02581704351516], [-55.17572255799031, -33.02724810617224], [-55.168502047588284, -33.02540030400459], [-55.161984670965964, -33.029394700157845], [-55.157869635682175, -33.02665183006512], [-55.15951564979569, -33.018661730229795], [-55.163172726699464, -33.01862999772742], [-55.16705794223424, -33.01277217646796], [-55.165862013374436, -33.01034255145386], [-55.1606521669659, -33.009317170271366], [-55.15604126227493, -33.011159431090164], [-55.15464091569028, -33.016236874060866], [-55.147841535318854, -33.01400571571713], [-55.12931762163619, -33.025022008705676], [-55.11937822871997, -33.02665183006512], [-55.107412972279405, -33.0240679669343], [-55.103234628760475, -33.02156360728441], [-55.101171683402434, -33.01496542343299], [-55.09627072289561, -33.01357350744909], [-55.0920340110303, -33.00991640802915], [-55.084685315865855, -33.01023436124925], [-55.0836839473089, -33.00671754516907], [-55.07797464294153, -33.00375482755195], [-55.07424616757987, -32.998925033641974], [-55.05644984299555, -33.006338690682774], [-55.05094202653878, -33.00681571156847], [-55.04468037560368, -33.00389261341431], [-55.039356619509036, -33.00641819416373], [-55.0306720521093, -33.004868275275044], [-55.026125198365776, -33.00562315935424], [-55.01660140739091, -33.00162250220998], [-55.00745149788133, -33.00178195889364], [-55.005866563122495, -33.00373841508931], [-55.010551372522514, -33.01520332880854], [-55.01053107935177, -33.02260651173847], [-55.015299490157645, -33.02959345886022], [-55.018753789427784, -33.03885403625404], [-55.02692476959578, -33.042467013829764], [-55.03220278893876, -33.04211525710961], [-55.039673160684714, -33.04541465156897], [-55.043345038322556, -33.04998610172351], [-55.038657279677444, -33.05582578485084], [-55.04022622388681, -33.06092153412146], [-55.07842022934668, -33.07597513823776], [-55.088863659384785, -33.0759439882532], [-55.10101884053074, -33.079044624010194], [-55.115389809906446, -33.08735273776931], [-55.1210331516777, -33.093703073643255], [-55.12957085457674, -33.099755280797275], [-55.13193735277412, -33.10401036173323], [-55.147613701590274, -33.101862123042416], [-55.15722886045348, -33.10652364838256], [-55.164070072037575, -33.107189299066135], [-55.17040466623895, -33.10532052446367], [-55.17888796974708, -33.108182649777824], [-55.177810907734624, -33.11810945469978], [-55.184531011143534, -33.12487220476093], [-55.191359692068716, -33.12662745735788], [-55.19212514565927, -33.131210272064635], [-55.19617111793899, -33.13326599801707], [-55.195113597280375, -33.139081236552606], [-55.198007056757916, -33.14213063614284], [-55.19779473597515, -33.14692492858384], [-55.20269186615792, -33.14992197727579], [-55.202794375295824, -33.15446848913554], [-55.2066169767363, -33.15691828359926], [-55.20775190654088, -33.1600470676355], [-55.221937569639024, -33.16466987299174], [-55.22364951134429, -33.16809205731202], [-55.23187696255526, -33.17349475937702], [-55.23205771366812, -33.18431640165812], [-55.2375113954823, -33.185102267595504], [-55.24459833621982, -33.19382788682895], [-55.25023635074447, -33.196749527554466], [-55.25055755880418, -33.20096422167467], [-55.25334853972825, -33.20189525130547], [-55.26004912719044, -33.199174383723395], [-55.2660451993905, -33.19908038789865], [-55.27233092480667, -33.19380789875937], [-55.28065034243188, -33.19874483885531], [-55.28476266979824, -33.19787982785824], [-55.288347908295876, -33.193887402240314], [-55.30417620087742, -33.198696055129], [-55.31202518823646, -33.19301286394988], [-55.31481075058241, -33.19400665746174], [-55.31652023693169, -33.20152859478628], [-55.32373721173647, -33.201360729449476], [-55.32981480230946, -33.20358682691604], [-55.33282356955537, -33.21137234456198], [-55.345015059717014, -33.22257974398844], [-55.35146420503789, -33.22644855230835], [-55.360449273105715, -33.229357652846836], [-55.368686058682485, -33.22576829810067], [-55.37856214336358, -33.22739811946011], [-55.3828727553741, -33.23344780018809], [-55.39820430298654, -33.24501958241467], [-55.407620623290654, -33.23960190378571], [-55.41065941857714, -33.24115222166421], [-55.417359585622634, -33.252510277249996], [-55.420978467355994, -33.254838797267155], [-55.42627134197982, -33.25512355839295], [-55.43176295248074, -33.25198170404951], [-55.43151372881711, -33.243837478299845], [-55.42526489562514, -33.236869078583], [-55.43615873635351, -33.22901465459801], [-55.435515911202884, -33.21352044898634], [-55.4404262952474, -33.20920461422827], [-55.43820860854551, -33.19942192338258], [-55.45272814509262, -33.197312674507096], [-55.453131568264105, -33.18996416234699], [-55.45179955880642, -33.18823944776756], [-55.44421329505469, -33.18636259261259], [-55.43603350702314, -33.17994818485348], [-55.4310530425275, -33.15323249652877], [-55.42623613513129, -33.14570449879786], [-55.41760017776388, -33.14182803238414], [-55.41615047352353, -33.12758155563138], [-55.41985023265607, -33.11869840612783], [-55.40641676908059, -33.100203098297676], [-55.4086939029263, -33.0955801024247], [-55.42557236423808, -33.08976129141639], [-55.43709500251386, -33.087766981089715], [-55.447630285394226, -33.074543969718235], [-55.456684879364154, -33.07668562866092], [-55.46596025496533, -33.06962028999825], [-55.488091779209505, -33.06178717073012], [-55.4911248879466, -33.04873231008037], [-55.501270501718665, -33.049105399749706], [-55.51470644460177, -33.063577128753], [-55.52985091193767, -33.06626276237033], [-55.53057661751357, -33.07636579355066], [-55.537515349824965, -33.07752803159189], [-55.55418612341791, -33.088865495081066], [-55.553004423521124, -33.099583344475576], [-55.56912531120465, -33.12208498814151], [-55.57483428968584, -33.12482863107879], [-55.584945518748036, -33.11937752761975], [-55.640345776993, -33.12983212814397], [-55.67545114056504, -33.11833399366187], [-55.67646907800867, -33.157431317323976], [-55.67851315098782, -33.15898469859371], [-55.68354430218226, -33.157317512094906], [-55.69957922183131, -33.21157873951431], [-55.69524752730682, -33.21506717195544], [-55.69506509114488, -33.217412932708925], [-55.71092618276085, -33.229115284316904], [-55.72640250465214, -33.226874742871736], [-55.74659361999143, -33.240823340810536], [-55.742256797211176, -33.253467611717355], [-55.74711190485684, -33.26148690688136], [-55.745669878841454, -33.276276570844914], [-55.739649191542604, -33.28647353184194], [-55.73926269492014, -33.29617424823908], [-55.74918280707967, -33.31698808619049], [-55.74493756774248, -33.328847956189065], [-55.736269600392525, -33.3388496340034], [-55.74224423217939, -33.344515795449674], [-55.73701485493783, -33.356512204221296], [-55.73727018773049, -33.36866380591134], [-55.73925660655213, -33.37267632935549], [-55.74517313154843, -33.37573852430002], [-55.75435982712628, -33.37420129703154], [-55.760247492993855, -33.37539384924577], [-55.76379275416143, -33.379647285476516], [-55.76380502522596, -33.38803351396244], [-55.769739504475424, -33.39754528306973], [-55.774993938332265, -33.401841468836956], [-55.79797920113445, -33.40950084257268], [-55.80380107177944, -33.41335947143409], [-55.80878964928205, -33.41291437270438], [-55.813806259918266, -33.4099381117179], [-55.8252407323679, -33.41300848816539], [-55.83438143633721, -33.41152818133687], [-55.83969932808857, -33.412680981810624], [-55.8546642927726, -33.42338356982243], [-55.87459288819277, -33.4309676849155], [-55.88249561286382, -33.431556265484275], [-55.89485722900371, -33.42879433742755], [-55.897563055002166, -33.42385122088389], [-55.9033874126346, -33.418405232438914], [-55.91501664550105, -33.41585801383346], [-55.924722287875184, -33.408666056022724], [-55.93004017962653, -33.40679772422043], [-55.934978221967086, -33.407354248587076], [-55.94067596312925, -33.41124991915355], [-55.94728418274948, -33.41956197533003], [-55.955063435342055, -33.42288461173825], [-55.965556099537395, -33.41967728813409], [-55.99233548299959, -33.418405232438914], [-55.99936863312208, -33.423682257053834], [-56.01088479589423, -33.42897919540507], [-56.01711534375868, -33.43413705753252], [-56.02162659526204, -33.43471082837601], [-56.034752000540195, -33.43215933464301], [-56.037980720532104, -33.434027666445296], [-56.047413647567254, -33.445754429885206], [-56.049502819326705, -33.455374351079975], [-56.047662277725216, -33.46826309546526], [-56.04946190059134, -33.47281161593242], [-56.0573473258732, -33.47990239962481], [-56.063304014586194, -33.47978191973117], [-56.076818524110166, -33.48499938190359], [-56.080144005132155, -33.4832800728929], [-56.093410851522655, -33.494040066409475], [-56.10211196272408, -33.488050281749814], [-56.13283685808545, -33.48804177520486], [-56.13864081439711, -33.482683796785786], [-56.15490618838989, -33.48136978868435], [-56.16244471080795, -33.47544898001947], [-56.17481276339807, -33.4702756025881], [-56.178942106494446, -33.46703818618199], [-56.18219688017014, -33.46169487781538], [-56.18783131309718, -33.460383070379734], [-56.19694769895665, -33.46117810518922], [-56.20312310325452, -33.47388620137208], [-56.21017912009991, -33.47672103571465], [-56.21528104457046, -33.48655871183902], [-56.21973866360533, -33.4860626947261], [-56.22399114249593, -33.48845462245323], [-56.229678056521564, -33.488050281749814], [-56.233020633226865, -33.48977374413287], [-56.24006383749326, -33.48787623838065], [-56.24183323766752, -33.48212727241915], [-56.24797413647565, -33.47528997305758], [-56.2541783435189, -33.471712316414894], [-56.26069856743436, -33.470227645211544], [-56.26107136868648, -33.46545000540078], [-56.257575044367634, -33.46032481408611], [-56.250696390586455, -33.45529484759903], [-56.25101293176213, -33.45108116310875], [-56.2610617216724, -33.44841165974576], [-56.265637134078375, -33.442693545868686], [-56.27435621571562, -33.44094501141408], [-56.2779189316946, -33.43494195647621], [-56.2876050916703, -33.43466369429289], [-56.29046705313676, -33.4369911048116], [-56.29513877165138, -33.43529972214048], [-56.30026967842662, -33.43669653890228], [-56.30849680926492, -33.43446493559052], [-56.32381740216765, -33.435856246507115], [-56.326301963092746, -33.43888253874223], [-56.33266556838492, -33.4392961364553], [-56.33443475768642, -33.43804005795085], [-56.334896343316316, -33.43398791470482], [-56.33812506330821, -33.43303387293344], [-56.34489904446768, -33.434266176888144], [-56.35148769273224, -33.43909825389958], [-56.36072610325148, -33.43657177783565], [-56.36605620807984, -33.437066182689215], [-56.37046922745488, -33.43388483658659], [-56.37528699733258, -33.427071111862304], [-56.389059702387655, -33.42601361100058], [-56.39181044670288, -33.42138661297449], [-56.39586737775403, -33.42053227210285], [-56.39627540723468, -33.41684923073688], [-56.39269676199477, -33.4151853414605], [-56.39638660499949, -33.40968153953867], [-56.397254954924506, -33.40461137849435], [-56.40175261847895, -33.40284640419231], [-56.404028936083975, -33.395627485147166], [-56.40736467406263, -33.39196603999554], [-56.404028936083975, -33.38314543863825], [-56.410486376067766, -33.38302618341683], [-56.42283148191913, -33.38644483309761], [-56.4253286268713, -33.38996813312296], [-56.429162305432655, -33.3909367797712], [-56.434986663065104, -33.39741631346851], [-56.43682260188402, -33.402425032768264], [-56.436126211297534, -33.410494636084536], [-56.432009143620846, -33.41406555727345], [-56.43011192895969, -33.42357295870057], [-56.42280470486271, -33.43681395382761], [-56.42302140662454, -33.462688671327236], [-56.4180830199268, -33.47224547499921], [-56.41888323383161, -33.47968952719802], [-56.426490413504176, -33.49818767393005], [-56.430545593831724, -33.50183353178233], [-56.44185280851167, -33.50461257436176], [-56.447817612308114, -33.50330999806228], [-56.45195327008135, -33.50021431433493], [-56.46024983395967, -33.50330212019906], [-56.46822348651109, -33.49643789898988], [-56.47379461120299, -33.498544741235015], [-56.47822404591587, -33.50512139945554], [-56.484198630154225, -33.50664247496128], [-56.48842729167251, -33.50269443555255], [-56.4908878346895, -33.4956428641804], [-56.49848842301498, -33.496068378772854], [-56.502750079770195, -33.49239340023137], [-56.50468902994899, -33.488169536971235], [-56.511969476989535, -33.48459188032855], [-56.52504229112943, -33.48813351952428], [-56.53146841341119, -33.48797077826887], [-56.53703773187106, -33.49277009880602], [-56.542549569379126, -33.49322821379548], [-56.554388349782855, -33.489255314110274], [-56.56436663568982, -33.47706615064557], [-56.5631225309788, -33.47103653682683], [-56.566477867440966, -33.45640789633231], [-56.57136707465774, -33.45434243672877], [-56.573850548169496, -33.44911673876863], [-56.57350508154097, -33.444760636373346], [-56.57658757096411, -33.4392898024625], [-56.57021305331395, -33.42834316755748], [-56.57445429901359, -33.423724717067806], [-56.57375831448152, -33.41884250158413], [-56.5794803488498, -33.410041904484174], [-56.58084883681667, -33.40250453624921], [-56.596106121484254, -33.39884737612558], [-56.60230538131351, -33.39964616118343], [-56.606678596751834, -33.396979044323295], [-56.61247155862967, -33.39795650201943], [-56.62455191588177, -33.39177199743414], [-56.6289129948741, -33.38396497057264], [-56.631007809085204, -33.37502780814266], [-56.631685349630246, -33.35639251729908], [-56.63409106256539, -33.35325212980161], [-56.644494956165516, -33.350507413916255], [-56.65263137648037, -33.34243299589674], [-56.65375727373827, -33.338306548878805], [-56.65200729310865, -33.33238246605263], [-56.65238714251947, -33.32009917824608], [-56.66207330249516, -33.31862836384853], [-56.669673907025064, -33.320745264682756], [-56.67713345797032, -33.31580028781483], [-56.67637938786039, -33.304743900772], [-56.6713163048249, -33.300501570192274], [-56.67232923658706, -33.296605899625796], [-56.680052841273564, -33.29080214551655], [-56.68701674713844, -33.28873505501189], [-56.69416734683984, -33.28976064052782], [-56.69942167652085, -33.28826501893043], [-56.710370652368056, -33.28136902726556], [-56.71385943883577, -33.277326305495784], [-56.724449249135596, -33.273531023368], [-56.72671101056822, -33.27064801309611], [-56.736207245838514, -33.269534964362826], [-56.74108197994393, -33.27414616625784], [-56.74247344371195, -33.28326253246984], [-56.74458258175455, -33.28458423625108], [-56.75052041243326, -33.28383537416146], [-56.75592161307036, -33.280258165734], [-56.761213998716926, -33.27032999917231], [-56.76868437046288, -33.26639457686536], [-56.786537292771015, -33.26436723810117], [-56.791981800992644, -33.26730886689627], [-56.79116493812344, -33.27694553920459], [-56.793868485831524, -33.28037486830675], [-56.79775593780242, -33.281270258154684], [-56.802742453326275, -33.27857593255003], [-56.80420029037374, -33.27124428920322], [-56.80970810683051, -33.26480450724639], [-56.81793817739809, -33.26472500376544], [-56.82199071708185, -33.268113985724106], [-56.826767704942775, -33.269030520718005], [-56.858495350584334, -33.26164718229972], [-56.85960539312736, -33.25973068205922], [-56.85767106974657, -33.252376759199066], [-56.8495922949657, -33.24798952102578], [-56.84750312320624, -33.24393484349741], [-56.847756356146775, -33.239641655526185], [-56.85073184319813, -33.233082618347936], [-56.85370733024949, -33.23089627262185], [-56.861212162603415, -33.23139679343453], [-56.86383975650954, -33.22977806049467], [-56.86320356551977, -33.22036206139617], [-56.870376857009035, -33.214452596986135], [-56.87118040314681, -33.20032718419715], [-56.87523213019547, -33.194165664423636], [-56.879980247830616, -33.191343290849964], [-56.89728148694581, -33.19647716737062], [-56.9090270460747, -33.197420855030344], [-56.91015845745534, -33.19571150617143], [-56.90948188540362, -33.182319645762306], [-56.912014214809034, -33.179497272188634], [-56.918155113617146, -33.180968086586184], [-56.924365663845975, -33.18584206964528], [-56.930457101175165, -33.184032338279465], [-56.937400817098265, -33.178940747822], [-56.95145524529828, -33.17822521649346], [-56.96709237937668, -33.17925876174579], [-56.98481145811313, -33.18478752090652], [-56.98918934498982, -33.18445540693664], [-56.9944237865745, -33.180496447275296], [-56.998303339298346, -33.16602143216787], [-57.00368453928485, -33.16085370590621], [-57.01001536279837, -33.15926363628724], [-57.01362393220107, -33.16113196808953], [-57.01533325454972, -33.16788976397015], [-57.01338987192031, -33.17465272176992], [-57.015600820863504, -33.177321103791535], [-57.037958864206736, -33.177948278531176], [-57.04844346152545, -33.17234195890327], [-57.0637597805267, -33.17388978756098], [-57.083273500125664, -33.16777836424126], [-57.08535216260928, -33.15811083581349], [-57.08864419083632, -33.15238658518519], [-57.09855968579261, -33.15123088077382], [-57.10109026964993, -33.14876622291801], [-57.101305837863364, -33.1358498611479], [-57.10307846844715, -33.127939264793525], [-57.10991575784175, -33.121737993279545], [-57.12300457432757, -33.118179107572196], [-57.122815698045265, -33.11613002153825], [-57.12029830840393, -33.11442367303228], [-57.11998176722825, -33.109255946770624], [-57.12719890603367, -33.084530364195636], [-57.13150386602287, -33.07820983746023], [-57.1482805483337, -33.07141228983913], [-57.15784009183912, -33.07101477243439], [-57.1696787318094, -33.074035904710435], [-57.17789538988935, -33.080681713467925], [-57.18377385578372, -33.08022172949131], [-57.188180009259185, -33.07362366141172], [-57.191899922341875, -33.059168753773065], [-57.19880708368221, -33.05257204736763]], [[-56.076182941999065, -33.127541565981545], [-56.06087400223674, -33.143620358432614], [-56.054395299803915, -33.15764388792284], [-56.05460436845183, -33.1596646117401], [-56.06109406388227, -33.16689519333352], [-56.041320729044244, -33.20434145576787], [-56.042661522920945, -33.216800961169774], [-56.030339434552964, -33.23604647207214], [-56.01522159771361, -33.24343074741138], [-55.98974059608241, -33.23175212355819], [-55.97027860133264, -33.23179366599702], [-55.95603273895102, -33.22658446531472], [-55.903172653803814, -33.26431878272534], [-55.83037507915862, -33.28087919905533], [-55.82407676779282, -33.26562536352894], [-55.80945716403088, -33.26402058370458], [-55.807245222111646, -33.250638374409526], [-55.79454597605885, -33.24313378098526], [-55.7989334935747, -33.2257352184682], [-55.78729586800178, -33.22194661149815], [-55.78203581472066, -33.212516103487935], [-55.78543068051031, -33.20496490759701], [-55.786051084695785, -33.190870889371254], [-55.773005683887696, -33.176740984755064], [-55.77310947156039, -33.16920868496215], [-55.780459754772366, -33.16320883234461], [-55.77984020556727, -33.14511203165639], [-55.78324153817167, -33.13080645105315], [-55.77414489791591, -33.11221323541081], [-55.77445548021628, -33.09908711801075], [-55.790709467327716, -33.10162288207872], [-55.79251849454701, -33.10857831301993], [-55.80489480386776, -33.11525425882746], [-55.81773930788063, -33.11713911540419], [-55.83495347668644, -33.12367624535451], [-55.849021432935814, -33.11396038422773], [-55.85078055845637, -33.10424331939881], [-55.847462999453285, -33.0966974664364], [-55.851499074080024, -33.09081229736667], [-55.84974064887667, -33.083940620381014], [-55.852122417646434, -33.0704394523061], [-55.863305418106314, -33.06022039749937], [-55.87676519893159, -33.05909030767915], [-55.893320831618766, -33.05439581735545], [-55.919743684094826, -33.03575254017094], [-55.937449567585944, -33.03426037527004], [-55.941279848254396, -33.040375909272576], [-55.94401525200438, -33.05893540024944], [-55.953913696862976, -33.07498942291216], [-55.95444912410668, -33.080192609597646], [-55.964893994787424, -33.08344497739909], [-55.97970218115759, -33.07767657348979], [-56.00015841693919, -33.07931182427567], [-56.00113860198619, -33.08768224897904], [-56.00900779005834, -33.090226671485], [-56.02329918653212, -33.08394309265022], [-56.03914079660148, -33.088940722688164], [-56.03976774066275, -33.09562416238806], [-56.04690771490164, -33.09863865743946], [-56.04895799922636, -33.10656130885492], [-56.05871365376049, -33.11005245381378], [-56.06691565254784, -33.12340662316686], [-56.076182941999065, -33.127541565981545]]], [[[-55.49558005749358, -33.2870773669676], [-55.494540144033486, -33.28424757297596], [-55.4914816911134, -33.28356834382494], [-55.489865927556124, -33.284858495111045], [-55.49025540073718, -33.286889133644934], [-55.49293553130019, -33.288319923962995], [-55.49558005749358, -33.2870773669676]]]]}}, {"type": "Feature", "properties": {"shapeID": "URY-REST-27058087B69444591785940", "shapeName": "Soriano, outside any municipio", "shapeGroup": "URY", "shapeType": "ADM2", "parentID": "27058087B69444591785940"}, "geometry": {"type": "MultiPolygon", "coordinates": [[[[-57.09789339526429, -33.952079045874434], [-57.09821226857683, -33.94914006314638], [-57.0943441893249, -33.94780709451178], [-57.09070281640983, -33.95201618442078], [-57.09382925674091, -33.9542024040727], [-57.09789339526429, -33.952079045874434]]], [[[-58.43545757946873, -33.69335757289218], [-58.440358430664595, -33.68444875766778], [-58.43952597502203, -33.68063665233108], [-58.42318178748688, -33.66458776119598], [-58.42101517207241, -33.65588742467377], [-58.419003443967966, -33.653775287786985], [-58.419831033530905, -33.64573403919656], [-58.41130960331412, -33.646638171181344], [-58.40951011378001, -33.638544638371116], [-58.40796771886505, -33.637196966538795], [-58.38852557178361, -33.6411926953442], [-58.367472567568925, -33.635419146183686], [-58.3657151561569, -33.63658911964942], [-58.364291338991656, -33.642610537936406], [-58.349752477417844, -33.64661931062376], [-58.34099168424164, -33.65939572425791], [-58.33243964657868, -33.66437110897014], [-58.31826025165501, -33.66644364209697], [-58.31396365150386, -33.67282302085617], [-58.3039704926505, -33.67403220217445], [-58.30184703125718, -33.67886606094037], [-58.28787564181082, -33.68671010104463], [-58.279583381277064, -33.69408317410929], [-58.26519138770648, -33.69296446551237], [-58.230944823796605, -33.63069938844405], [-58.22524384611317, -33.624867620961645], [-58.205645753055265, -33.62440759000598], [-58.16183412043265, -33.599070672080444], [-58.15842483709175, -33.57286233098119], [-58.158839779685486, -33.55645171844905], [-58.1642368919702, -33.55170153102706], [-58.1672278061072, -33.53384884315498], [-58.178460663329325, -33.528825628119066], [-58.187597966199675, -33.52002608637422], [-58.19114627755421, -33.512304155678954], [-58.17571948766425, -33.499380502957784], [-58.170541765132576, -33.489758884327465], [-58.173016335347995, -33.48034363973136], [-58.17292372785709, -33.463575967827666], [-58.17827151558045, -33.45838658516318], [-58.200674513113924, -33.45402800924673], [-58.21693209501556, -33.453655736427685], [-58.22314462168118, -33.45686254878125], [-58.22886282315702, -33.46569255768542], [-58.24689179858771, -33.47614283130886], [-58.257628180550945, -33.477527111020514], [-58.259404305958824, -33.484411556807025], [-58.273472604580824, -33.486553459003936], [-58.27602349871971, -33.4953589047524], [-58.288902252519215, -33.504307441454245], [-58.293458407605264, -33.52019562570248], [-58.292274659042654, -33.52610596437456], [-58.29354191058774, -33.52797614393697], [-58.30526436875314, -33.52775278583871], [-58.30651131539092, -33.52303195173965], [-58.319763667881524, -33.51848240572057], [-58.33913200547139, -33.532994538918516], [-58.348139426307974, -33.52668741344777], [-58.35751567521994, -33.524532947819054], [-58.36991628725272, -33.52622657550982], [-58.37125966848246, -33.524471332821676], [-58.37081970945977, -33.509305877763346], [-58.37767274784187, -33.50731737398835], [-58.37951849977922, -33.49841421965624], [-58.38830631077977, -33.4921555215268], [-58.38666409326639, -33.47752627550133], [-58.39888601998644, -33.47094364277268], [-58.400295556741746, -33.46839910705113], [-58.39763091739689, -33.462846866492924], [-58.39203413580036, -33.457600448546536], [-58.393378943956606, -33.4509152511557], [-58.392517781691744, -33.445359885990385], [-58.382854441705746, -33.440984221028295], [-58.383170982881424, -33.4394339031498], [-58.394305391074624, -33.44211344975179], [-58.396592328730094, -33.43887737878316], [-58.40000382391339, -33.43807497112511], [-58.40032751460308, -33.4341866734072], [-58.4036195428301, -33.42897919540507], [-58.407727049892735, -33.42915434758791], [-58.4091692795234, -33.42744445229299], [-58.40436475907375, -33.41781701478174], [-58.400580747543614, -33.41613938323189], [-58.396957766722906, -33.41197542334937], [-58.392667218151715, -33.41093190522976], [-58.39186011399536, -33.405162459340545], [-58.387868855315155, -33.396345331194546], [-58.38289752702932, -33.39287687143722], [-58.362026032346265, -33.39415667074962], [-58.35793045002212, -33.3917934379095], [-58.35335280413274, -33.391692062840214], [-58.348644305382855, -33.3868770093376], [-58.343629658557475, -33.384815798349244], [-58.31809011716241, -33.39089702803073], [-58.31398685779961, -33.38782814516622], [-58.29726170780292, -33.385013770440544], [-58.298282781016916, -33.38036787648386], [-58.28491660195155, -33.37066339212934], [-58.286804116462854, -33.36527522441318], [-58.274913900800186, -33.35492170290153], [-58.27413141736186, -33.33658629414892], [-58.26237365926989, -33.32034219888036], [-58.259239813746944, -33.31761236558753], [-58.248640983219076, -33.31576623853439], [-58.23439663031364, -33.30757737999669], [-58.225870873126546, -33.297828927258195], [-58.21488073535193, -33.293113490228585], [-58.202775761191255, -33.29496855134232], [-58.191473646891964, -33.30042206671133], [-58.18065156728016, -33.301867236692274], [-58.15114630111081, -33.31202957492981], [-58.1407004423135, -33.31075751923463], [-58.1291783435189, -33.30515252382776], [-58.11303474355941, -33.2936642708307], [-58.111325421210765, -33.28821828238573], [-58.11271820238373, -33.283050556124074], [-58.12900840699574, -33.26569478272713], [-58.13399868077307, -33.256662674256795], [-58.13628987771376, -33.24442246474627], [-58.13229303679354, -33.23397819457531], [-58.12023577162514, -33.22789238906764], [-58.10440226985929, -33.22666684191864], [-58.0693790645879, -33.23190825381684], [-58.059475976635014, -33.23797208242627], [-58.04915673430797, -33.241708746030845], [-58.01294442381062, -33.24115222166421], [-58.01041209440521, -33.23697828891441], [-58.015223520275484, -33.22191237927467], [-58.024283260494705, -33.2155494533961], [-58.02687223554037, -33.20509739305406], [-58.030778492684334, -33.19785902930443], [-58.031303811999834, -33.18053081744097], [-58.04014189614099, -33.16839004693857], [-58.04231944491336, -33.1560834970493], [-58.052307591641544, -33.144151564604236], [-58.05453943784099, -33.137097645645554], [-58.05397453771419, -33.13178166473971], [-58.04757067182124, -33.11842316477828], [-58.04119635891012, -33.11548317132994], [-58.034606801188936, -33.1158945730586], [-58.01503359557009, -33.12579267080792], [-57.98718221287294, -33.12815495151647], [-57.98109673638765, -33.131027824412236], [-57.97812489448624, -33.13569085418601], [-57.96647617922136, -33.138552979500155], [-57.95596701218892, -33.13553184722411], [-57.9496361886754, -33.13080139010767], [-57.94514130398079, -33.12432185641037], [-57.94292551575106, -33.111959065122875], [-57.94514130398079, -33.08894280738828], [-57.954303582281156, -33.08595282024202], [-57.95786189867343, -33.079290013294006], [-57.95437653903131, -33.071548594801506], [-57.94966419251525, -33.066640184231744], [-57.931945032540575, -33.056192802814955], [-57.909941925245604, -33.0560283662756], [-57.900888847621275, -33.054279289694726], [-57.876895026505025, -33.04096245663585], [-57.872906607691505, -33.03571522689325], [-57.87551325438444, -33.02508931237457], [-57.87305072080297, -33.02057515210324], [-57.86603496926405, -33.01855718368048], [-57.85812904551276, -33.019987533539], [-57.849862410102276, -33.024783498262835], [-57.826988020608496, -33.030050467021596], [-57.81074240487381, -33.040649689846504], [-57.79750649964545, -33.05400102751141], [-57.79066921025084, -33.05630662845892], [-57.77883057028055, -33.054994821023264], [-57.76281207349631, -33.0407023556794], [-57.750325849644256, -33.038411465834514], [-57.7409038258954, -33.039801807128335], [-57.735742997514585, -33.04242641227537], [-57.72577826923724, -33.05559109713038], [-57.70570955869937, -33.060758823392035], [-57.67623858795883, -33.06255704460225], [-57.66815850705595, -33.06578744042513], [-57.6545565047101, -33.08003841752205], [-57.62828358712899, -33.081230969736275], [-57.623535469493845, -33.077931575276914], [-57.619547050680325, -33.068550164524986], [-57.62055998244249, -33.05312648922098], [-57.622621202562705, -33.04625966833103], [-57.61962645905697, -33.040256756117415], [-57.60175743660733, -33.03539721296946], [-57.58914868057086, -33.02815113101241], [-57.57763699902081, -33.02605555395801], [-57.57376861458144, -33.023626422975326], [-57.551554006145096, -33.01786669542031], [-57.546236114393736, -33.01413003181573], [-57.53914565102323, -33.00441055339219], [-57.533160874477446, -33.000905135942546], [-57.527922110129204, -33.000889003425094], [-57.50977057095584, -33.0185027232679], [-57.50268004862069, -33.02056981377256], [-57.48917276072936, -33.016913139390944], [-57.47884531432149, -33.017472360766654], [-57.45962616388381, -33.0243590902757], [-57.45418312603767, -33.03641159218743], [-57.45197015227738, -33.054279289694726], [-57.44227263686506, -33.07177277258563], [-57.43867542289898, -33.08663720644078], [-57.43152159232871, -33.09204344314527], [-57.41100972414489, -33.09093039441199], [-57.40657814768542, -33.08254277717192], [-57.403532542536375, -33.07152491255724], [-57.39923793025188, -33.06674654219625], [-57.38092409594332, -33.06626470113439], [-57.34531981443766, -33.07326583680794], [-57.32529037377179, -33.08449061245516], [-57.305965259269406, -33.09176565539072], [-57.27821969649972, -33.11631670999213], [-57.27502363507442, -33.12706472650309], [-57.2708452915555, -33.132113197543326], [-57.26020950805278, -33.12837653393874], [-57.253314017470665, -33.11979565640724], [-57.24164111551466, -33.11804701689008], [-57.2349011507686, -33.12512254094331], [-57.22640291049056, -33.13970577997391], [-57.22057855285813, -33.14129584959288], [-57.19786412347892, -33.13057671714301], [-57.18398639294996, -33.12750199564831], [-57.17813559372363, -33.12005949850502], [-57.167517408679295, -33.114136579097156], [-57.15860160628503, -33.114988840014384], [-57.14791629644629, -33.11908659316757], [-57.14858276393708, -33.12141240033452], [-57.15454806361208, -33.123049800715194], [-57.15777678360398, -33.12591192602934], [-57.165373771820214, -33.140143049119125], [-57.1642111290011, -33.154856315871726], [-57.16588816641063, -33.158463432287135], [-57.17873180943374, -33.165743169984545], [-57.17484684866252, -33.17828885266769], [-57.17530007643707, -33.185428787801996], [-57.179372588053326, -33.188779500300384], [-57.18936759293646, -33.18657308199305], [-57.19576172468511, -33.187447620283486], [-57.20601765877703, -33.19174080825471], [-57.21112473964692, -33.2035561917439], [-57.21924907992029, -33.21141791978946], [-57.21715990816082, -33.21821546741056], [-57.21427772584436, -33.22185253081731], [-57.214756527942676, -33.22386167664648], [-57.219030967603885, -33.22463030122072], [-57.22469358814192, -33.218175715670085], [-57.23469628929328, -33.21960677832716], [-57.24045733869059, -33.22445649066502], [-57.239655644816835, -33.232857086012416], [-57.240991136811594, -33.23749886719513], [-57.24716801161492, -33.239999421190454], [-57.25717430783979, -33.248442278506275], [-57.269009352736575, -33.25053363241613], [-57.27145052145348, -33.255321132325], [-57.27654303271767, -33.25776844918245], [-57.28015160212037, -33.26150511278703], [-57.28092084754657, -33.26888237989908], [-57.2866723503393, -33.27255609663887], [-57.29731642292433, -33.285029341413626], [-57.3055382044096, -33.291239414661774], [-57.307627376169066, -33.29926926623757], [-57.30368447525564, -33.30945309578946], [-57.30400274441482, -33.316450737942525], [-57.307938765374544, -33.32693720270698], [-57.32120275929452, -33.33371668954095], [-57.332570820812336, -33.333416011304955], [-57.34035773373398, -33.33941852411657], [-57.34054765843938, -33.34689185132573], [-57.337642641892245, -33.350754693199036], [-57.339683347518104, -33.35627488001035], [-57.360869601917784, -33.37606962883383], [-57.35289276429074, -33.38616657091429], [-57.322694736131254, -33.40564492374668], [-57.31003885603589, -33.41190572772884], [-57.307437451463656, -33.41609963149141], [-57.293426721214814, -33.42417032076978], [-57.289022717988125, -33.43242660834913], [-57.29218016679607, -33.44046744840213], [-57.285605974417415, -33.446515042797245], [-57.29180031738525, -33.463404202655774], [-57.29059746091768, -33.470122246795924], [-57.2849421732764, -33.47343151180361], [-57.28255731505551, -33.4795831610288], [-57.27223807272847, -33.483558335076225], [-57.26409828824175, -33.48147001722104], [-57.259439242648625, -33.4823670178778], [-57.255047804106255, -33.486832263693486], [-57.2564743221798, -33.50518328189422], [-57.25022944608352, -33.513424869283426], [-57.24935739010439, -33.51753191535911], [-57.251979437485204, -33.52537716605514], [-57.24725822723687, -33.529780275766974], [-57.247864402201415, -33.53467907332612], [-57.242546510450055, -33.54469651192563], [-57.226387080137236, -33.55045696279684], [-57.222287875206774, -33.563697843872326], [-57.21244660295786, -33.56509704537335], [-57.209735569220825, -33.56686420855278], [-57.203422021136475, -33.589019702554424], [-57.194685484687824, -33.594624697961294], [-57.172027533719785, -33.5918576531967], [-57.167875819940974, -33.59718456369284], [-57.166006854171556, -33.60420486741559], [-57.15984470347734, -33.60954022027821], [-57.16062162172709, -33.61322095672012], [-57.171641287098595, -33.62932796739532], [-57.171831211804005, -33.63163356834283], [-57.1662355918547, -33.634825609762615], [-57.163523087376205, -33.641512955917115], [-57.164365685040245, -33.65376490280374], [-57.16717553199123, -33.65707412031226], [-57.17373045885806, -33.6599368075605], [-57.174367943158934, -33.67112197353598], [-57.17673362247602, -33.677139693304156], [-57.180926270203855, -33.680960689172544], [-57.19006398352295, -33.6850996592807], [-57.19789192918471, -33.70862164613672], [-57.20215585643378, -33.71435694026975], [-57.202345781139186, -33.72405636494547], [-57.199212255064644, -33.73365061980983], [-57.19975014349863, -33.73848624673763], [-57.19775194409629, -33.747705815445975], [-57.200011264161446, -33.74889230918941], [-57.202909687015605, -33.74675507502599], [-57.215127089321506, -33.74996222593326], [-57.21772835431268, -33.75649551530313], [-57.22520291476813, -33.76029638540563], [-57.234905190116045, -33.77405613543023], [-57.23080906420164, -33.78431527926891], [-57.23742300961626, -33.80061362721541], [-57.28497282061749, -33.80262489142626], [-57.31474905574831, -33.802182188700854], [-57.32783872167368, -33.81289649270326], [-57.34789472862218, -33.81240200502198], [-57.38568564060831, -33.786069402343536], [-57.394278782401585, -33.79621288570811], [-57.39635648769332, -33.80656865994125], [-57.404322938596096, -33.81605502543609], [-57.40051768118815, -33.8204898841087], [-57.400537180374094, -33.82251907826879], [-57.41001936960053, -33.83127513158656], [-57.41426473747768, -33.83903102126234], [-57.38994301812799, -33.860267725142194], [-57.389515222156035, -33.8706604879481], [-57.38682629548922, -33.87533027301289], [-57.42095321016071, -33.8861057283421], [-57.42740655704492, -33.883421092506765], [-57.43854880642871, -33.887436018294665], [-57.440862978278574, -33.896157667433926], [-57.44807631768516, -33.90405314804131], [-57.4591872910828, -33.9054435567295], [-57.46591179962083, -33.91030239629225], [-57.47704390953624, -33.91513096760738], [-57.484700560214954, -33.91658959560876], [-57.491411182766626, -33.91307589090056], [-57.49887937666047, -33.9140711447134], [-57.50926410507476, -33.911446069541114], [-57.519393422696396, -33.91236035957203], [-57.521821322013665, -33.91480327801656], [-57.53045459647562, -33.91710195115974], [-57.539335516764, -33.91717032016941], [-57.555272088133, -33.926062244724996], [-57.56351926258564, -33.92619396525706], [-57.56744977641782, -33.92966540154989], [-57.574155046088364, -33.928777828387894], [-57.58711709092776, -33.938997904630796], [-57.59888440226118, -33.942274932508504], [-57.60428976601274, -33.94137913011823], [-57.6097975824695, -33.9446785245776], [-57.614064697464805, -33.95174746315895], [-57.625303236150195, -33.948741067554494], [-57.63727335651819, -33.93784122521602], [-57.65043908413576, -33.94348162118628], [-57.68152581287771, -33.935495872528044], [-57.70038332994855, -33.9355408825797], [-57.70963466927775, -33.927068503547495], [-57.719384137488575, -33.92297407427865], [-57.72555473363996, -33.922716972245745], [-57.7492656244724, -33.91558025055044], [-57.75762231151025, -33.91693180972656], [-57.76791108557311, -33.92325870118627], [-57.7750002398838, -33.924654893450935], [-57.77978019380758, -33.91140631780064], [-57.79084398899938, -33.90720084591628], [-57.82743791763793, -33.883940926391496], [-57.828527534861706, -33.87698131054994], [-57.8463171489347, -33.87244961213587], [-57.86446677613998, -33.870841812992005], [-57.86923473005366, -33.86736138935517], [-57.898039977040185, -33.86239242179588], [-57.91218230287188, -33.86305880173189], [-57.91475335111589, -33.85929178603889], [-57.93102356754564, -33.857463205977076], [-57.936205578468716, -33.86990837631395], [-57.94121619340241, -33.871932839509704], [-57.94955414469683, -33.87870303622261], [-57.96940486994852, -33.88352614653853], [-57.97842511687483, -33.87789808176964], [-57.98141692271328, -33.87161482558591], [-57.98935990426347, -33.865424542521914], [-57.999016612080865, -33.84764452607993], [-58.00251930106408, -33.84544833458963], [-58.00458773677278, -33.83969417798508], [-58.01161495087278, -33.83043202245458], [-58.02504659380649, -33.829499509875355], [-58.027963264010154, -33.8208198743957], [-58.02668231083497, -33.816240651105275], [-58.03921734139173, -33.80880707563659], [-58.04978981665933, -33.80713750253667], [-58.05617929168243, -33.812453032567845], [-58.058222264187556, -33.812576292417106], [-58.06217202895153, -33.80715668340368], [-58.06568018367827, -33.793303896851626], [-58.07304201540487, -33.79214489869492], [-58.08119139385717, -33.78843159068395], [-58.08814429216656, -33.78272003863854], [-58.09366242360804, -33.77541561363821], [-58.12544315764592, -33.764642891969686], [-58.14848735523515, -33.7758926345239], [-58.15455093323056, -33.78800553336803], [-58.16533084518705, -33.79664291589448], [-58.1814709457406, -33.79545049083723], [-58.19948182786721, -33.79901142762467], [-58.21882280447038, -33.79739832612047], [-58.230718980324326, -33.80138679862422], [-58.2361059526623, -33.7961262704253], [-58.24281662558663, -33.7962852773872], [-58.25940338319205, -33.804513887665365], [-58.26221450535673, -33.80963305772995], [-58.26946939257856, -33.810595903957925], [-58.280485025492084, -33.816479161548116], [-58.27880619430117, -33.82282980274001], [-58.28124715944941, -33.83102651475534], [-58.291461818839515, -33.83963203311705], [-58.301243206257915, -33.83962520339094], [-58.30498531248942, -33.83555999697576], [-58.30992335482996, -33.83404943083774], [-58.31414159146822, -33.83652940598774], [-58.32188861127052, -33.834884217387696], [-58.32945782879728, -33.83875949575942], [-58.33391717594621, -33.836076769601924], [-58.34075446534082, -33.83738857703758], [-58.34161298781277, -33.847443791086796], [-58.34651551473813, -33.85038739617266], [-58.34778489077133, -33.85354194183994], [-58.35292287775336, -33.854534588056524], [-58.35588513353814, -33.85189796231068], [-58.36186353193605, -33.85455287151907], [-58.387892812380535, -33.85483825941717], [-58.39861819225442, -33.84649172560618], [-58.403023048462856, -33.84813261022435], [-58.40757906132902, -33.84686117021875], [-58.41129688305211, -33.843603754851195], [-58.41089998987066, -33.84044946105409], [-58.41853414064182, -33.84038706075243], [-58.42033291690581, -33.83738857703758], [-58.42899592378749, -33.832208368857515], [-58.43310199441707, -33.82293777938995], [-58.42849967923824, -33.81071515917935], [-58.42584621632335, -33.78792623534023], [-58.41957321808418, -33.767226755100516], [-58.420641648596416, -33.75212130515088], [-58.419319985143645, -33.746714857015796], [-58.424764493365274, -33.72397686146452], [-58.43545757946873, -33.69335757289218]], [[-57.681926764110116, -33.68255649026308], [-57.63352236445808, -33.730506851689825], [-57.63483968369574, -33.737352453582375], [-57.629289865228586, -33.74289908293519], [-57.625002996839925, -33.75406157263706], [-57.6144419628013, -33.75793981805659], [-57.592970323192496, -33.75018878643216], [-57.58927651193843, -33.75346420857029], [-57.57436644487173, -33.75503077522046], [-57.56487863044474, -33.74650528602036], [-57.55665751991373, -33.74779371114567], [-57.54112606221611, -33.74518408159657], [-57.53891657931118, -33.7328146337167], [-57.53139095243556, -33.73160676824482], [-57.52083336016059, -33.71987725062058], [-57.50829627675864, -33.72377330364419], [-57.49538419080552, -33.723874398994326], [-57.48613594034651, -33.7304867844627], [-57.47511849826213, -33.71946037944812], [-57.46417327797175, -33.71339793611012], [-57.44947753543939, -33.71064476261235], [-57.439951678525716, -33.7035583948616], [-57.43560269313961, -33.685805991853336], [-57.44483610088057, -33.677141564367666], [-57.4498801289923, -33.66821626393431], [-57.45088394175757, -33.65481863847911], [-57.419108537326, -33.61594187541553], [-57.40339672009557, -33.59270510030032], [-57.403485510992, -33.587365076368904], [-57.38755262671457, -33.568385684136636], [-57.38877952913027, -33.55659995966717], [-57.38713825963809, -33.54332302791763], [-57.43135421263122, -33.53593822942], [-57.45501307968945, -33.54323024322622], [-57.46332840547073, -33.538270684244786], [-57.46418397478956, -33.53019444223705], [-57.48699603728642, -33.531926068032924], [-57.49431838392507, -33.51855611586513], [-57.50081808139203, -33.51478344874134], [-57.504155989331, -33.505949734691924], [-57.51741026422458, -33.50810263959548], [-57.54143384688081, -33.507739833764504], [-57.54723079265238, -33.51325794737232], [-57.52787708220475, -33.53591706914973], [-57.53708330570784, -33.55175164750065], [-57.54063888457149, -33.57266851022896], [-57.56380100373106, -33.58599323052518], [-57.57197512705021, -33.62338915519841], [-57.578011220196785, -33.62749451602734], [-57.60869554311922, -33.62530912105147], [-57.617923035538865, -33.62644023157747], [-57.624591293510555, -33.62068298916891], [-57.64395367313941, -33.6237409290954], [-57.64529892623399, -33.629034524835134], [-57.638282989537316, -33.6351473439769], [-57.638775464468566, -33.64231345839765], [-57.63488143154864, -33.64822525297268], [-57.63805063489266, -33.65119290272827], [-57.640738580833265, -33.665088104673686], [-57.64279990173054, -33.66596157645678], [-57.65960002067471, -33.66090860610298], [-57.668497591742394, -33.65514844639938], [-57.680819471313704, -33.675660560632906], [-57.681926764110116, -33.68255649026308]], [[-57.935966941911744, -33.42289008836089], [-57.92976895973729, -33.439328295092], [-57.92146849429607, -33.443314739642894], [-57.91475341433036, -33.46991373095423], [-57.90388226567738, -33.47147947689159], [-57.89456297717241, -33.46760156996197], [-57.8778679471123, -33.4491686171704], [-57.86579133484584, -33.45272656467254], [-57.83159802853813, -33.49773952168411], [-57.81792943179514, -33.505944792058585], [-57.80459376385258, -33.506652108400644], [-57.79048458369613, -33.51114749832198], [-57.75847034053085, -33.53334308497031], [-57.738190589340554, -33.555703040872096], [-57.72603006599308, -33.560901606307205], [-57.72462379143079, -33.572413778133495], [-57.71416889626004, -33.58188405456711], [-57.7143829931498, -33.56931114685081], [-57.72386205107434, -33.52218650989079], [-57.72220448863223, -33.51126820671378], [-57.70681760598414, -33.50124695935733], [-57.71306144768958, -33.49434534725433], [-57.718137761253445, -33.482353338694566], [-57.716551117466935, -33.4752125435444], [-57.72448318953587, -33.45714516217175], [-57.71365248301686, -33.44388152091049], [-57.72555303498335, -33.438128660702084], [-57.74399197751143, -33.42433849160544], [-57.76376947690955, -33.42202607772331], [-57.770060880302886, -33.42581745349013], [-57.78386018146682, -33.42127975411502], [-57.79129668691576, -33.42314248487584], [-57.82340495245948, -33.41596710916119], [-57.838635896014466, -33.402920599957305], [-57.85231312268255, -33.386143523301655], [-57.886687312061554, -33.359515272117434], [-57.88262628947411, -33.37237245742912], [-57.89072665881637, -33.37622073590489], [-57.88296188388817, -33.38822801766663], [-57.87703790741952, -33.390821685935364], [-57.86472063980648, -33.40261168044123], [-57.86126926201637, -33.41622207083888], [-57.86410815938635, -33.42892682011385], [-57.88299639549177, -33.42875283571459], [-57.888084325164556, -33.42493062546136], [-57.935966941911744, -33.42289008836089]]]]}}, {"type": "Feature", "properties": {"shapeID": "URY-REST-27058087B79494286721501", "shapeName": "Colonia, outside any municipio", "shapeGroup": "URY", "shapeType": "ADM2", "parentID": "27058087B79494286721501"}, "geometry": {"type": "MultiPolygon", "coordinates": [[[[-57.481548675598596, -34.063761202511365], [-57.461284683945614, -34.03917955095919], [-57.45938252420117, -34.02231822662157], [-57.45755010706526, -34.020775553637826], [-57.412610292916334, -34.03410616154735], [-57.399983470799995, -34.03497955002934], [-57.37916154235813, -34.04335572467547], [-57.336862655434494, -34.04303220683479], [-57.32717574804677, -34.052904343966276], [-57.31412977933469, -34.05208402524661], [-57.30991110218715, -34.04748904645136], [-57.297871809332456, -34.04924884213804], [-57.294466545890344, -34.0429137116042], [-57.28150940756457, -34.04462362459102], [-57.27326427092255, -34.034808436570806], [-57.265355292657, -34.031345969117574], [-57.26193894317531, -34.02336518528976], [-57.26285847745435, -34.014098469733796], [-57.25896249684535, -34.005599960242606], [-57.248890761054575, -33.998522925007606], [-57.25126701539834, -33.979390208026516], [-57.24816561378902, -33.977037893017034], [-57.25001053164748, -33.95529305805204], [-57.240398880910355, -33.94443900176139], [-57.24091990478548, -33.92136312932252], [-57.23033491709666, -33.91451970200593], [-57.22668860384735, -33.91431703454264], [-57.22260441638245, -33.917567837574154], [-57.19386247763106, -33.93128218803777], [-57.176889450686225, -33.93246762927088], [-57.16822264240129, -33.94114061967539], [-57.154243700728436, -33.94123712533127], [-57.15000798635255, -33.94351725790115], [-57.14707769186613, -33.949528236915455], [-57.14422882128504, -33.95155557567964], [-57.132524517702336, -33.9519481819233], [-57.12390687780663, -33.955610253208015], [-57.11721395921397, -33.95258565889754], [-57.10953590843094, -33.95282763137482], [-57.10069968393085, -33.95070328120978], [-57.09463554272567, -33.95405564391718], [-57.09273356561873, -33.963245203756905], [-57.0968742614039, -33.96932460367163], [-57.09848235214825, -33.97501533014647], [-57.102508694330936, -33.979898566637786], [-57.106243880203905, -33.99230110966575], [-57.106560421379584, -34.003153334815224], [-57.09892373175807, -34.007474508331946], [-57.094848397879574, -34.0124552420862], [-57.088248204334796, -34.015558533296634], [-57.08644698702427, -34.02409403279479], [-57.087694567309285, -34.03002551137582], [-57.082629908498475, -34.035590755042215], [-57.072957638796275, -34.0365096379343], [-57.06623307559845, -34.04028146041818], [-57.05336813168971, -34.043599480998324], [-57.04989955093356, -34.04847031895588], [-57.04415249473844, -34.05215612782286], [-57.03673143802543, -34.063178462931354], [-57.02806510028209, -34.068079630219614], [-57.02046122159568, -34.07784685516635], [-57.01519355004624, -34.0818175877893], [-57.00748303339296, -34.105235804353114], [-57.0025449910524, -34.10917122666007], [-56.99051678410204, -34.11242320668056], [-56.98818203095054, -34.11663027785914], [-56.99064304284698, -34.12149426620709], [-56.98362264514882, -34.12794454788059], [-56.98975672755509, -34.13373780227315], [-56.99035119740694, -34.143902356398854], [-56.99451645624141, -34.149827157580845], [-57.006596718101065, -34.15154658200562], [-57.01368724043621, -34.1566745565268], [-57.020276598301734, -34.16863540679182], [-57.03530596705586, -34.17396109318657], [-57.041542863895714, -34.17420507407595], [-57.04900255517938, -34.18824322959175], [-57.05600200366943, -34.19385702056614], [-57.06446044501466, -34.19384243387023], [-57.070985729835094, -34.19951197370694], [-57.07610916027954, -34.19773810443671], [-57.09478508964443, -34.20258781677457], [-57.10364824256337, -34.211929475786015], [-57.102402517441604, -34.21601908964177], [-57.106560421379584, -34.21892578210949], [-57.10479569725582, -34.22387792196488], [-57.1049406704367, -34.23385012458156], [-57.114220717830946, -34.24174328114171], [-57.11782928723366, -34.24810355961759], [-57.11472277750349, -34.25545872394471], [-57.11782928723366, -34.263050214035914], [-57.1180825201742, -34.27640679883526], [-57.11549719734644, -34.279599566349084], [-57.11510703312284, -34.285589450884814], [-57.11124523077959, -34.294533592491526], [-57.105730166201496, -34.29694687681139], [-57.10219215315526, -34.30208642318163], [-57.09161002981057, -34.30336542361816], [-57.089291719616845, -34.31132218934112], [-57.09049139941159, -34.31304046289796], [-57.102318769625526, -34.31683431889758], [-57.10200222844985, -34.32550019832097], [-57.09207954509482, -34.33916680310731], [-57.09443201570697, -34.34379444341411], [-57.110422223722836, -34.3520146092173], [-57.108848345588065, -34.3580674670336], [-57.111528972455496, -34.360775580398176], [-57.14095309296062, -34.3559418926134], [-57.152279349757535, -34.30255673917588], [-57.16635533225042, -34.252759837606746], [-57.17453345426244, -34.25387895978983], [-57.18153593623218, -34.26016423524107], [-57.191310587357066, -34.257608677272444], [-57.20984650123023, -34.26715645495483], [-57.21892587967099, -34.27485122694288], [-57.233043793757226, -34.268500469042664], [-57.24311305776589, -34.275367035415925], [-57.25334144528326, -34.27021607838658], [-57.26959610047731, -34.273263736089035], [-57.274420151702294, -34.27087411823061], [-57.274469111331435, -34.25984539704968], [-57.28461611379551, -34.25014844967066], [-57.29613077031409, -34.24766182859491], [-57.316822364037485, -34.227545183833584], [-57.337738018148016, -34.22172691995356], [-57.34301892994991, -34.23821087302046], [-57.34227722673448, -34.257353043275764], [-57.34388838382653, -34.25919208435784], [-57.35937341396876, -34.259059884001104], [-57.37740203620576, -34.24917883556695], [-57.394068920974966, -34.25002747511543], [-57.40898611440201, -34.24313665927498], [-57.416914387519384, -34.247007582589355], [-57.428662515426545, -34.24007796723627], [-57.4382914743071, -34.24052527092384], [-57.44283175208245, -34.24635537360772], [-57.46990904912245, -34.2493774885446], [-57.482941906868874, -34.216601768592064], [-57.510765891242215, -34.133507016707306], [-57.50885274417028, -34.088932470850885], [-57.490280884800406, -34.06442786091613], [-57.481548675598596, -34.063761202511365]]], [[[-58.27497157174459, -33.87627455465278], [-58.28343174452932, -33.87932296551968], [-58.307589607017995, -33.87524926682773], [-58.309065421518916, -33.8732211714754], [-58.286793737080906, -33.847476027402074], [-58.259147893249285, -33.804506750155866], [-58.24250117387049, -33.796288054899215], [-58.236105188375674, -33.79636627776422], [-58.23148445149742, -33.80157225887027], [-58.21870528045492, -33.79745296672016], [-58.199387176283864, -33.799028147479916], [-58.18158071469557, -33.79548492456346], [-58.1649474963703, -33.79656353957051], [-58.15456494580812, -33.78813617058997], [-58.14819534291703, -33.775789044492186], [-58.12584729623732, -33.7648881923439], [-58.094143381275984, -33.77520539995981], [-58.08112739305126, -33.78849393625424], [-58.06609999989336, -33.79347604795646], [-58.062134922510694, -33.80733626123904], [-58.05770334605123, -33.81373629145539], [-58.049081798588006, -33.807258369713125], [-58.0392296799681, -33.80884130719932], [-58.02789045228033, -33.81553489862662], [-58.02807509200794, -33.820613342557444], [-58.02497298848631, -33.83019351201174], [-58.01115733405151, -33.83105185424474], [-58.004663035177224, -33.83961367769116], [-58.00256187324844, -33.845617187315746], [-57.99884082107824, -33.84798790486389], [-57.98939376034032, -33.8654533058124], [-57.98152810913654, -33.87157750902195], [-57.97863136036733, -33.877816097099895], [-57.96830373719631, -33.884255286484645], [-57.963940782684574, -33.88983863912307], [-57.96829160881998, -33.899829819572524], [-57.96291923944839, -33.91412111313291], [-57.96238935683719, -33.93705420578985], [-57.952837767991056, -33.96182555679625], [-57.95669307667645, -33.96659643825598], [-57.952344310411476, -33.97994689291339], [-57.93672786486774, -33.9838668096535], [-57.92742039917032, -33.990946659590975], [-57.92252026855915, -34.002775182557635], [-57.915439727130014, -34.010629952111024], [-57.9028459016571, -34.01709711333117], [-57.88407027236421, -34.01650563938751], [-57.88406894626144, -34.01892746701852], [-57.90259924342359, -34.03890890877079], [-57.86204454877199, -34.0660339857227], [-57.82498065047013, -34.063579657720176], [-57.82066609239662, -34.06929315174942], [-57.822132331098864, -34.08617250846107], [-57.836049297867525, -34.087448349693666], [-57.83305847670172, -34.097861472303535], [-57.839073721630506, -34.110947732591825], [-57.84816608448693, -34.11243885584395], [-57.84770992096996, -34.1241243690661], [-57.86038589596021, -34.13593641182979], [-57.86044948026482, -34.1434479737115], [-57.871466753252484, -34.14638139055535], [-57.87457994479376, -34.15779679904757], [-57.88213382271056, -34.159436094696915], [-57.89321322666318, -34.17592097706804], [-57.891730084331044, -34.18488952497505], [-57.897013433976966, -34.20164482327033], [-57.90802191174016, -34.208372472199144], [-57.908849937482536, -34.218291472453004], [-57.90046441037682, -34.22440704996005], [-57.89122484025312, -34.21908540053165], [-57.87354048616529, -34.222318362389224], [-57.857537775087835, -34.210846091435805], [-57.84682398780925, -34.21165075829183], [-57.841020832505784, -34.19922652014533], [-57.82683515058075, -34.20575726806334], [-57.80457194141387, -34.20866688988807], [-57.79473494880727, -34.20240164166849], [-57.788586529526356, -34.19295793951686], [-57.78116881615505, -34.19270299791943], [-57.776322321252295, -34.18596474758598], [-57.76238214326771, -34.17741669174585], [-57.749583962868755, -34.175694611567735], [-57.74249587835295, -34.16874782450723], [-57.74032435438389, -34.16852346287172], [-57.731847541985985, -34.17298997247983], [-57.7219320049517, -34.18860060062079], [-57.70287848360704, -34.19576085437168], [-57.69365554862431, -34.19622022980689], [-57.688172981048, -34.203444994423684], [-57.67767735822855, -34.2029736881603], [-57.6711341866765, -34.22147446913355], [-57.67087782725867, -34.239849805289076], [-57.663808751885206, -34.24156375188544], [-57.65299551837161, -34.26151526191059], [-57.65252394272016, -34.276162554896814], [-57.66145198004251, -34.29188339324051], [-57.66953164413961, -34.2928193453903], [-57.66999530931799, -34.300680315656976], [-57.67602804282606, -34.30534882411345], [-57.687032709451344, -34.30378576253133], [-57.68692894933691, -34.33086101341484], [-57.680012727067776, -34.335537681459], [-57.68599687125358, -34.397551727898474], [-57.672330336732415, -34.39755193004355], [-57.66269742557911, -34.39395081487585], [-57.65451849512331, -34.39494028727103], [-57.600783867800345, -34.37876110852444], [-57.58109701577466, -34.37830572488576], [-57.56298803599762, -34.37324161088621], [-57.52579841835531, -34.372859257625315], [-57.51422073476439, -34.36682951504431], [-57.50730992356682, -34.376883716763864], [-57.50566120980507, -34.390424469922145], [-57.50870809612284, -34.39755324190475], [-57.499701089740036, -34.40404134187131], [-57.492139855391756, -34.40187407236579], [-57.47948810320088, -34.404975413053656], [-57.479473782460474, -34.41037246244431], [-57.48903087627729, -34.421200272757865], [-57.47362388956429, -34.423401265172025], [-57.472122725144594, -34.42724881320665], [-57.51546831211802, -34.442926839681924], [-57.53211837795858, -34.44992314600539], [-57.537202843999516, -34.45425293602558], [-57.54328256496135, -34.451684602637], [-57.54674258027481, -34.44757779331741], [-57.55449359685243, -34.44513896228493], [-57.555289192018066, -34.44058148699394], [-57.5630761049397, -34.4332274150062], [-57.57200256609377, -34.42849695788976], [-57.58289158253703, -34.42491930124708], [-57.60042796366949, -34.425714336056565], [-57.618090961272216, -34.429411247920676], [-57.638030624418505, -34.43727384147134], [-57.655506128237135, -34.44066099047489], [-57.66923130096933, -34.44840468977122], [-57.67494175642365, -34.446703255026975], [-57.6813358881723, -34.44702126895077], [-57.70507647634801, -34.45497161704562], [-57.71975085719594, -34.4618129171495], [-57.72430394100128, -34.46038686677355], [-57.728690448053456, -34.45656168666459], [-57.73647736097509, -34.456124417519376], [-57.755153290339976, -34.463041220361895], [-57.76461563933936, -34.46971776616917], [-57.77612103211592, -34.47207662335113], [-57.78471823614812, -34.46649962178316], [-57.78927642907787, -34.466579125264104], [-57.808401022611065, -34.472864915371666], [-57.81554934665898, -34.47150834108291], [-57.82337651651691, -34.474724223119], [-57.83055339838603, -34.472939403739986], [-57.84266795401573, -34.47485971985727], [-57.853020376039275, -34.47305903945139], [-57.85340020353608, -34.47012474997351], [-57.84789985481308, -34.46856671228782], [-57.8439747442347, -34.46037785375012], [-57.845873991288755, -34.455965410557475], [-57.85176165715633, -34.449247366417325], [-57.86227082418878, -34.44348336404856], [-57.883180290703415, -34.43798211631338], [-57.89446726504026, -34.42566455250003], [-57.89284870175909, -34.41621367008322], [-57.896773812337486, -34.378886785777894], [-57.9041808758483, -34.365848214902336], [-57.92032447580779, -34.345614579000944], [-57.9307689270624, -34.33799445377292], [-57.92925093696185, -34.33364930511819], [-57.933937870263364, -34.33290443500706], [-57.94251972900616, -34.32462255395535], [-57.94381183104295, -34.320729989464056], [-57.956726711010546, -34.303040464953014], [-57.980925703829676, -34.28212923336495], [-57.9805770827406, -34.27951002252843], [-57.97344008508624, -34.275373253582934], [-57.97299692744029, -34.271596838237876], [-57.97508862926145, -34.27514586189614], [-57.982924143710775, -34.27722983356068], [-57.99895330384574, -34.26050610264556], [-58.00946247087818, -34.2530327754364], [-58.018895397913326, -34.249137104869924], [-58.0321435769975, -34.2462971788256], [-58.0333929837593, -34.241107253294125], [-58.03725478610255, -34.23745009317049], [-58.045548164905256, -34.23351467086354], [-58.06048274012622, -34.233580091219125], [-58.06477246476993, -34.22735933592195], [-58.06169176486475, -34.221708403942685], [-58.06270469662691, -34.214394083695424], [-58.06648460663368, -34.21017219150809], [-58.06649792551367, -34.20813079673376], [-58.05352226993039, -34.204041754797075], [-58.03374398492019, -34.18375252021872], [-58.03502901198322, -34.17172265413955], [-58.02815211352673, -34.15756858110329], [-58.028730160762066, -34.141377119150505], [-58.00671514660671, -34.12198423216271], [-57.99318998149247, -34.078890679162896], [-57.98206957618967, -34.07737324716817], [-57.98662486711777, -34.05671506194038], [-57.997604480148865, -34.06420146565974], [-58.00869068394329, -34.066334163976975], [-58.015101248453746, -34.06394991953069], [-58.024957148655204, -34.06903004449061], [-58.03115261826545, -34.06678461526091], [-58.04929426382929, -34.07399358700704], [-58.08536706693704, -34.07198544238648], [-58.08759266174234, -34.06857489991652], [-58.10404061253832, -34.06749376591278], [-58.1116267915498, -34.06267582246084], [-58.11224843941758, -34.06039534193676], [-58.09080600611465, -34.037392197509796], [-58.12152941992907, -34.03595821372339], [-58.133783988283945, -34.02847035391904], [-58.130984239782876, -34.02105473782199], [-58.14868680720131, -34.01865637832323], [-58.17759893731536, -34.00873466233407], [-58.20239411370767, -33.99424581386117], [-58.22837316423817, -33.9834403453883], [-58.26114934160869, -33.97351511533706], [-58.261257664821706, -33.96816406855996], [-58.27621323812076, -33.96393595918724], [-58.27746971560622, -33.96232871526297], [-58.26229276548966, -33.90490260776948], [-58.27497157174459, -33.87627455465278]]]]}}, {"type": "Feature", "properties": {"shapeID": "URY-REST-27058087B55390925666910", "shapeName": "Rocha, outside any municipio", "shapeGroup": "URY", "shapeType": "ADM2", "parentID": "27058087B55390925666910"}, "geometry": {"type": "MultiPolygon", "coordinates": [[[[-54.27687534304473, -33.57818254632166], [-54.276971900835605, -33.57548728734179], [-54.268135699091715, -33.567195997034055], [-54.2656033696863, -33.55614501318222], [-54.267774908261295, -33.55314552606837], [-54.26651159336934, -33.54900738258843], [-54.26009555322953, -33.54747913375883], [-54.259931014654356, -33.5438972405476], [-54.254727034413136, -33.541547875956304], [-54.247940372083576, -33.54302693882571], [-54.237304588580855, -33.54175488313053], [-54.23489887564571, -33.53567286683797], [-54.23724332989327, -33.53174809401625], [-54.234519026234906, -33.53018712665252], [-54.23207440023955, -33.52370203590461], [-54.22419978390786, -33.52152124722914], [-54.218565350980825, -33.515518734417526], [-54.226749447478035, -33.508170176699466], [-54.228638808826894, -33.502800692603415], [-54.22071783097542, -33.49560311243992], [-54.217073584374084, -33.48742890536194], [-54.1992835828441, -33.48215520744232], [-54.18772438598814, -33.482918164921585], [-54.18083364284023, -33.4859036877642], [-54.1764653746159, -33.48582418428325], [-54.16593486169814, -33.47942612657372], [-54.159815308775336, -33.48006018191449], [-54.155494924966675, -33.47741584761829], [-54.14981260762397, -33.480378195838284], [-54.14075952999963, -33.480974471945395], [-54.13412315124669, -33.46221890826015], [-54.12911641554336, -33.45861128917266], [-54.12442600533474, -33.4579582142108], [-54.121387210048255, -33.45449981278954], [-54.120328315035735, -33.4501244178463], [-54.11398014653743, -33.44809978257319], [-54.1119510312547, -33.44523067134749], [-54.09821639598876, -33.45020662481832], [-54.0879697918531, -33.44398123648845], [-54.080046932504956, -33.44841779649698], [-54.07632156813121, -33.44642418819173], [-54.07032885500481, -33.44587557848297], [-54.06725866900763, -33.4483780447565], [-54.05985160549682, -33.447702265168445], [-54.05503528278246, -33.44467314074583], [-54.05079852787247, -33.445118402037615], [-54.0483295067022, -33.441461241913984], [-54.0512250784629, -33.439516173928396], [-54.0515769264964, -33.43749741628774], [-54.04954302197865, -33.43544922447121], [-54.045733869061664, -33.43518046691905], [-54.04537211535915, -33.42640687512348], [-54.04088717991589, -33.41787321744932], [-54.033641996150834, -33.4179679632937], [-54.0324056902943, -33.41425228081689], [-54.021052958337016, -33.409963449927346], [-54.01914061260792, -33.410856912161314], [-54.01844801971838, -33.41387353402485], [-54.01369990208323, -33.41407229272722], [-54.011260583746136, -33.41126142850944], [-54.00452020798862, -33.411965450482086], [-54.00393648783275, -33.40788339196853], [-53.99920231623727, -33.40421386108961], [-53.99749343458662, -33.3997742330135], [-53.99404567056805, -33.396870665086944], [-53.99164718444507, -33.396789715043205], [-53.989579464496714, -33.39976166615649], [-53.98616081979941, -33.39749581694946], [-53.985464429212925, -33.391016283252156], [-53.98804165132162, -33.38374342106162], [-53.98616081979941, -33.378693243705136], [-53.986983826856175, -33.37209445478641], [-53.99036412663504, -33.36719516848976], [-53.984225379986675, -33.36111412327882], [-53.977360975115616, -33.36322981666065], [-53.97267616571561, -33.356591276001446], [-53.97475765987245, -33.35394941784871], [-53.97399633489086, -33.350141019594396], [-53.96963737042911, -33.34959496967798], [-53.96431947867775, -33.34486451256154], [-53.96806391573533, -33.34335828293626], [-53.9677078290877, -33.34051201377782], [-53.96528990821146, -33.33908897193212], [-53.96020444339396, -33.34057132459032], [-53.95393692811558, -33.33997504848321], [-53.95249274329503, -33.33448152904899], [-53.950824481064195, -33.33334366114772], [-53.944662355052216, -33.33366871262004], [-53.937096937569606, -33.33933902063562], [-53.926651078772295, -33.34080983503317], [-53.92204879062736, -33.33578436018833], [-53.914875747037144, -33.33560235703104], [-53.91071190782434, -33.33058510592494], [-53.905252895296584, -33.32872530592899], [-53.904157571455926, -33.32462193037904], [-53.89290778944522, -33.31827059818426], [-53.892570044668005, -33.31357121627828], [-53.887710896135815, -33.30312811232929], [-53.88005621771278, -33.30101834281844], [-53.87646730083649, -33.29540687424208], [-53.865052165985716, -33.29056363507371], [-53.86661382656311, -33.28205934932267], [-53.85808826012085, -33.27657102242677], [-53.85594622864837, -33.26605290640284], [-53.85217539375608, -33.25924397462371], [-53.846110035861024, -33.25931865505297], [-53.8452366883884, -33.26691134949153], [-53.842747746900834, -33.26933493648663], [-53.842514434277575, -33.2735896418912], [-53.83656346017487, -33.274901449326855], [-53.83525599153279, -33.26396772574831], [-53.83018706416263, -33.26009883976683], [-53.82086301786133, -33.262578409779834], [-53.8161149002262, -33.260630574496595], [-53.81588253575667, -33.25680875223577], [-53.811650223123706, -33.254238452740005], [-53.80218708849644, -33.25462806168498], [-53.805416619440464, -33.24738177090188], [-53.80092092379374, -33.241867752992746], [-53.80814812954029, -33.2393811044363], [-53.81029274663313, -33.23289890966661], [-53.806851711861775, -33.22928243008773], [-53.79775551203697, -33.22851116819339], [-53.794653408515344, -33.22584780158162], [-53.793703784988324, -33.22083908228186], [-53.79572964851265, -33.2149160729512], [-53.80028900504161, -33.21104217226063], [-53.800084479813286, -33.20606027025048], [-53.79800024154868, -33.20381351769595], [-53.77875439374723, -33.19865971411115], [-53.770912820339646, -33.20080420508284], [-53.76942999169814, -33.19708939519405], [-53.76211723169397, -33.19201022913705], [-53.748375088631505, -33.19201907043803], [-53.746653896487196, -33.18295234827569], [-53.74511509295841, -33.18153841161711], [-53.7410543011368, -33.182283170678], [-53.73881554512609, -33.18999173167384], [-53.73292787925851, -33.19142279433091], [-53.725837356923364, -33.18951471078815], [-53.72488773339633, -33.18593705414547], [-53.72760998750715, -33.18080907962429], [-53.73202742643476, -33.17869532851857], [-53.7309475172677, -33.17579323640241], [-53.719520156171825, -33.1774665746163], [-53.711276462842264, -33.18251840446468], [-53.70494563932874, -33.176356884691174], [-53.7044457060081, -33.17275906496965], [-53.68987670456048, -33.168236430155176], [-53.67696339939897, -33.16788976397015], [-53.66976833693173, -33.16306965992261], [-53.6412575547827, -33.156958035339734], [-53.625365642833025, -33.15114607377719], [-53.616682211909996, -33.15663592364438], [-53.61346523955834, -33.17106990320809], [-53.60824218759889, -33.17593416453652], [-53.60815350202041, -33.178157378206905], [-53.61390046376567, -33.179874919279214], [-53.63954823243405, -33.170632634062876], [-53.64904446770433, -33.171984193239005], [-53.65683138062596, -33.17631713295069], [-53.662972279434086, -33.18724886158112], [-53.662465813553, -33.20625019352781], [-53.65999679238273, -33.21555210079879], [-53.64910777593947, -33.234275170562164], [-53.6337238748016, -33.25156717766846], [-53.609603437215085, -33.27239708967697], [-53.59573893372047, -33.27987041688613], [-53.589344801971805, -33.28102321735989], [-53.580101799642065, -33.279671658183766], [-53.574783907890705, -33.27056850961516], [-53.57380200090026, -33.264977728373], [-53.571400257159695, -33.26423612088416], [-53.56979478035365, -33.26553451562796], [-53.57023493192632, -33.272814456702115], [-53.57694409562789, -33.28051207491185], [-53.57975682287466, -33.28631501025561], [-53.58719232197721, -33.29108040769987], [-53.600487051355614, -33.31679978378672], [-53.603145997231294, -33.32804952634093], [-53.60135325808797, -33.34147034962781], [-53.60523516899076, -33.34752787917332], [-53.59833457136101, -33.358181345620416], [-53.5902311172637, -33.361957760965474], [-53.578962251409635, -33.36426336191298], [-53.57453067495017, -33.35997017394176], [-53.571143842430494, -33.35343455474009], [-53.56816934152375, -33.35300320503032], [-53.56674943933347, -33.35485438419388], [-53.57013234514298, -33.365434000271655], [-53.57832916905828, -33.373764027886324], [-53.58353054679985, -33.384212258013974], [-53.5902311172637, -33.39252684939017], [-53.59814464665561, -33.41319775443679], [-53.59960073606372, -33.4259978148695], [-53.594979234898844, -33.44615194728995], [-53.59035015178222, -33.45559245027661], [-53.58744555491775, -33.47242784774343], [-53.568706317317734, -33.51094728426298], [-53.55686767734744, -33.52044795023633], [-53.54403360719043, -33.52324558346408], [-53.5445858797312, -33.529153581400195], [-53.54028091974202, -33.54056233091631], [-53.53585030886167, -33.54305293968834], [-53.53996437856634, -33.55065927299677], [-53.53730543269066, -33.55896738675589], [-53.53222079833433, -33.5635885385352], [-53.537558665631195, -33.572681737219504], [-53.53640476173272, -33.57596188137254], [-53.53787520680687, -33.58130786490242], [-53.53513285477088, -33.58561532682273], [-53.53648242563389, -33.59084828261624], [-53.53468536632736, -33.59472251202538], [-53.540027686801466, -33.60313157042278], [-53.537938515042, -33.611081918517634], [-53.53458317857984, -33.61676641740546], [-53.52960542951935, -33.620387639228326], [-53.5268978093572, -33.62581444717537], [-53.529645136239296, -33.633183886221325], [-53.52860170204356, -33.63892030627908], [-53.53154438329335, -33.640855972132854], [-53.530432690121444, -33.644062283168], [-53.532299914912485, -33.64805680021607], [-53.53546949387173, -33.649164085891975], [-53.53168302399485, -33.65598157370435], [-53.53369686328794, -33.65886351056769], [-53.532114157409566, -33.66776790043392], [-53.528890160018676, -33.668881243135964], [-53.52682270376288, -33.67493689558677], [-53.530911300941995, -33.67881888428577], [-53.52931347628212, -33.686748319306346], [-53.532304082114976, -33.688796571144806], [-53.52833968779091, -33.68941846220137], [-53.52741319252629, -33.69147934618109], [-53.52862620533026, -33.69493922135988], [-53.5433757729571, -33.707706169852024], [-53.566112569438, -33.71266293763582], [-53.570755557432044, -33.72990977616851], [-53.57729545807134, -33.7361595904543], [-53.56487073697696, -33.74824244605098], [-53.558750170970924, -33.7497536452759], [-53.548734545259116, -33.76164828306246], [-53.54933195337311, -33.76378787482758], [-53.563315930708, -33.77360936152143], [-53.56197029501297, -33.783528212913225], [-53.54902736835416, -33.7874811485037], [-53.49445510796672, -33.78725736764209], [-53.4746205091894, -33.74848566293903], [-53.43252806765455, -33.757492208411094], [-53.42386922147572, -33.74339052886735], [-53.41701978593372, -33.7481061679324], [-53.4117652024175, -33.7493384718871], [-53.39441874599045, -33.750968293246544], [-53.385328674647575, -33.74640293199995], [-53.37992412915358, -33.74804107242949], [-53.37900015772479, -33.75006755981169], [-53.40302866596883, -33.76575594070297], [-53.44842067056079, -33.80785303386521], [-53.473490731674346, -33.84199977893259], [-53.47595929309598, -33.84791092477504], [-53.5032456021879, -33.88767452873751], [-53.51166559746089, -33.91490447096238], [-53.51153898099062, -33.92158276336205], [-53.50813103271095, -33.92562352907593], [-53.507179716034926, -33.93262663551973], [-53.510779282169, -33.942571682332456], [-53.50774521953392, -33.945948149754216], [-53.516033865685216, -33.95346365922241], [-53.529771752709564, -33.97075566632871], [-53.532240773879835, -33.98212466410434], [-53.53041284372089, -33.985565049456724], [-53.534709795050105, -33.997190573744085], [-53.530947683727405, -34.004136437499014], [-53.53977445386093, -34.01599314698841], [-53.544206030320396, -34.02529505425939], [-53.544206030320396, -34.02783916564974], [-53.540060026747895, -34.031873496546545], [-53.541737009150125, -34.0353124928589], [-53.541673700914984, -34.042825571808535], [-53.540109677769436, -34.045772103372116], [-53.55338572441501, -34.06115112416717], [-53.55382398405267, -34.067791278235774], [-53.56712361143934, -34.071605831911896], [-53.5754802984772, -34.07744933776161], [-53.59558342489186, -34.09497679399884], [-53.60802073133671, -34.1032482173294], [-53.62246918146857, -34.11828295460577], [-53.65050055711244, -34.13906453549671], [-53.67995258065495, -34.16486159668891], [-53.70705509435619, -34.146212926560096], [-53.70630644789459, -34.14398938516945], [-53.68821090559593, -34.13354766387999], [-53.70715994458145, -34.111394342151385], [-53.737065363056246, -34.092694385323426], [-53.73481040412366, -34.08043465343643], [-53.75670704420276, -34.06289271557711], [-53.7599741755747, -34.02597705396654], [-53.76368280725625, -34.01563460195875], [-53.76030054465633, -34.00275605737083], [-53.753554120023644, -33.996135000917455], [-53.74618662782931, -33.98187870666129], [-53.71606521816826, -33.972934510405], [-53.69120968565029, -33.95307113739591], [-53.65337364473346, -33.96298083348941], [-53.65227122270349, -33.97211470959929], [-53.63373738612507, -33.98076673916808], [-53.621697043887075, -33.967454144875724], [-53.60785002674117, -33.96137222180476], [-53.607062969380834, -33.95213409543704], [-53.599199465135754, -33.94570660146165], [-53.58967329219606, -33.94570070814887], [-53.575227159914476, -33.95488110223521], [-53.56290741232845, -33.950779411125254], [-53.56809128381391, -33.93897647436836], [-53.565280812834935, -33.9319413094384], [-53.54136716682184, -33.920342907645995], [-53.54312716267055, -33.89915950157768], [-53.56333030902365, -33.88440858486036], [-53.56849819337242, -33.87103589133986], [-53.57439929571887, -33.86663596890432], [-53.58144367876643, -33.86999010544392], [-53.59914011199225, -33.870874620463574], [-53.62027463920464, -33.86738108645159], [-53.63228551382734, -33.86857496037285], [-53.63873262943892, -33.88007558085902], [-53.663146099791085, -33.887373449409914], [-53.67495358224642, -33.89318068625036], [-53.68820815818523, -33.8857328315037], [-53.706355612509064, -33.88476245471108], [-53.70794422246135, -33.88343785085806], [-53.70776367238094, -33.86701055769521], [-53.693387074018304, -33.85999128616423], [-53.686030145877105, -33.85284576042471], [-53.67940505092466, -33.85514251410365], [-53.663355301800536, -33.849473307019416], [-53.656728909866814, -33.84216425799731], [-53.6615585562663, -33.83036276055977], [-53.65538199596618, -33.81911298333115], [-53.654657819508714, -33.80867099383947], [-53.662905609577194, -33.80250764907364], [-53.662353416552016, -33.79296215283739], [-53.65644216665865, -33.790830361742415], [-53.62151923559178, -33.78957024089994], [-53.61963207350584, -33.76900959552927], [-53.607332997453554, -33.763759718306424], [-53.612431176732166, -33.747993471041354], [-53.60971459638862, -33.742202228135326], [-53.61437259674405, -33.735491050744834], [-53.62228333585168, -33.73894874772039], [-53.65661439527012, -33.76291943053895], [-53.67205382878825, -33.747798965984536], [-53.682097954565386, -33.74518810385921], [-53.70001114833698, -33.745561410643894], [-53.70303837670259, -33.75315020106774], [-53.710677684610665, -33.755781855880365], [-53.728491113865225, -33.74854522206895], [-53.73801618338257, -33.75011170175526], [-53.74029248058192, -33.756021559845884], [-53.7478537481365, -33.757422216509795], [-53.74872421176208, -33.765587711941684], [-53.761129046962054, -33.776524916495184], [-53.770845457863835, -33.77480395185316], [-53.792577704494455, -33.7779900214273], [-53.815372000542226, -33.76676748497835], [-53.82045080636392, -33.74929063466912], [-53.837950314930474, -33.741383798643064], [-53.84594795462713, -33.74160333394264], [-53.85275943907099, -33.735714637835066], [-53.86216196039322, -33.73555026867424], [-53.87119281540373, -33.72273283473987], [-53.88610488744171, -33.709604626695146], [-53.9061372326295, -33.703041018960846], [-53.92203442788349, -33.68903214366308], [-53.92235079387854, -33.67633225102734], [-53.92618058976957, -33.67267846034371], [-53.93902142891162, -33.67557895003917], [-53.96232116183139, -33.668277190165895], [-53.97464339648259, -33.67088746468823], [-53.99193584626406, -33.68222615914696], [-53.99616293636824, -33.69543797317676], [-54.022175300116345, -33.70296502299717], [-54.032629621012894, -33.714852643127415], [-54.05313838174634, -33.721391612807466], [-54.06621337030541, -33.73339891538009], [-54.074678722129626, -33.732133790381575], [-54.07995955110477, -33.73672818718294], [-54.0909697171369, -33.73363529525871], [-54.27687534304473, -33.57818254632166]]], [[[-53.78214325969184, -34.402735838391486], [-53.77917958994363, -34.40228714587089], [-53.77866091369887, -34.405495157635364], [-53.78197808830515, -34.40588386332307], [-53.78214325969184, -34.402735838391486]]], [[[-54.56838137043593, -34.79883060478438], [-54.568176204577526, -34.796454551673186], [-54.563735570903525, -34.79363457074066], [-54.54732501603806, -34.787216663929456], [-54.548898251827474, -34.78179054148366], [-54.547958098389415, -34.777159473589464], [-54.55248807172539, -34.76744880999209], [-54.54854424626609, -34.75853627968846], [-54.537797090796474, -34.75774843405566], [-54.531624573724514, -34.759509700818896], [-54.526369990208295, -34.757164348130914], [-54.52453405138938, -34.752672401457325], [-54.524850592565045, -34.74492081206485], [-54.52959871020019, -34.731564227265494], [-54.535515448619876, -34.72735801489363], [-54.53723590181197, -34.72236725813591], [-54.53592953371371, -34.718287145947095], [-54.536942465475875, -34.71383495101398], [-54.54000931050286, -34.7105015277022], [-54.535802917243444, -34.703419995009725], [-54.53371374548398, -34.68501493917014], [-54.53608527516481, -34.68192998916131], [-54.53276412195696, -34.67531551449442], [-54.53593464890784, -34.669646161970775], [-54.535676300773176, -34.66641112462819], [-54.541947992029, -34.661963208644], [-54.5423771857844, -34.65828133834441], [-54.53934817841102, -34.65567815470014], [-54.53714319359704, -34.64493283377011], [-54.53460006077587, -34.640333982877074], [-54.53624363079622, -34.63595984924296], [-54.53194111490019, -34.62729541200152], [-54.53757311063799, -34.62307657172076], [-54.539211531047, -34.60910967382867], [-54.53573960900832, -34.60598847910732], [-54.53442872821581, -34.60153977606316], [-54.53130803254885, -34.60074124936472], [-54.53010517608128, -34.5950567504769], [-54.53367895566796, -34.591164956463444], [-54.52757394567212, -34.580525625118696], [-54.52003916669477, -34.57947406821099], [-54.51700037140829, -34.57565790112546], [-54.51704286405586, -34.569220143045406], [-54.51256879494882, -34.56532244860215], [-54.50999243831421, -34.55998174516242], [-54.503642333794744, -34.5589224183858], [-54.5019330114461, -34.554629230414584], [-54.50243947732719, -34.54751366886969], [-54.50625282868921, -34.53895433412844], [-54.50465526555692, -34.53507137410125], [-54.510948589048745, -34.5316431044313], [-54.51478850511298, -34.52548950749892], [-54.51396157612179, -34.519647698797236], [-54.52145145352776, -34.51601296686696], [-54.523394503156936, -34.51273089595472], [-54.53017449697762, -34.51580387062507], [-54.53532242086491, -34.513430012164406], [-54.5353597595975, -34.50943150149535], [-54.53892732664631, -34.50359842071174], [-54.53795539723805, -34.498658779826826], [-54.540476931185026, -34.495696706143534], [-54.535676300773176, -34.49154321828193], [-54.53757222818066, -34.48864624568145], [-54.53472667724614, -34.48601772635602], [-54.53890351255817, -34.481052423383424], [-54.5364359995948, -34.475960536016025], [-54.542255479154775, -34.47270040114238], [-54.53991795252723, -34.464512034759444], [-54.546665957429106, -34.45929209074674], [-54.54751494074347, -34.45179147780768], [-54.55366029122487, -34.45193658007543], [-54.557146837331594, -34.448217718000976], [-54.556061552486725, -34.44252932227718], [-54.561843289951476, -34.44094801837095], [-54.56188591011916, -34.436964078610785], [-54.56390250144582, -34.43464816602647], [-54.562645608940784, -34.43052429665395], [-54.568442419077, -34.42834323854061], [-54.570053338921575, -34.425126661793975], [-54.56327869129214, -34.42058636153539], [-54.5620920495476, -34.413337638002034], [-54.551566667792116, -34.41009190205018], [-54.54840125603536, -34.3984843938317], [-54.55528063950216, -34.38688365771246], [-54.554293266577, -34.384215014445154], [-54.547768173684005, -34.386956389094166], [-54.54014353345709, -34.385229723856526], [-54.53396697842453, -34.38679738213227], [-54.529384334640824, -34.38404997122275], [-54.52345838945201, -34.38505339952614], [-54.51915285140288, -34.39383344019621], [-54.51246821745796, -34.39719105584061], [-54.508960225546105, -34.40508318275043], [-54.505161731437994, -34.404963927529], [-54.50429103119108, -34.399259650551684], [-54.49420940675961, -34.38771167216318], [-54.4972096642524, -34.38313464424867], [-54.49571898326071, -34.378247862849896], [-54.492056926765, -34.37677994353276], [-54.49331590540313, -34.3702167684884], [-54.48699226795419, -34.35821588073128], [-54.48523689445048, -34.329322157468624], [-54.483826856197425, -34.3251424326567], [-54.4865783847654, -34.320325329464396], [-54.48445993854878, -34.31417095228581], [-54.487090693127485, -34.308624011579035], [-54.485029712664996, -34.30542556938147], [-54.48490309619473, -34.29190997762022], [-54.486920691477785, -34.28824702281534], [-54.48205422561364, -34.27620804013289], [-54.484348052914946, -34.2708215963555], [-54.48344700678662, -34.26714464330476], [-54.48517193450893, -34.262115815906185], [-54.48344700678662, -34.247944552655696], [-54.48913836972798, -34.239533159802], [-54.483636931492015, -34.2326401325731], [-54.484016780902834, -34.22592208843296], [-54.48778137298553, -34.217239226122224], [-54.486549110308246, -34.20270707199599], [-54.48894211526564, -34.19427416679967], [-54.48509302090012, -34.188277190203834], [-54.487576340224884, -34.18446422812627], [-54.485156329135265, -34.17984982122329], [-54.48988618450074, -34.168324198383615], [-54.48509302090012, -34.16454540114071], [-54.48403555633639, -34.158466011901965], [-54.47871169543229, -34.15566086073303], [-54.470278893878486, -34.15691306696965], [-54.467809872708216, -34.15285838944127], [-54.470405510348755, -34.144749034384525], [-54.4786854114837, -34.13994885254642], [-54.47917616158317, -34.13535460706306], [-54.470595435054165, -34.12980237996621], [-54.47401407975147, -34.12435639152123], [-54.4786964614976, -34.12147969860467], [-54.48168726221731, -34.1149095361353], [-54.47673633386228, -34.11215260719563], [-54.476605416507816, -34.10772891478039], [-54.473030507317716, -34.10251862941784], [-54.47008896917308, -34.10145938900806], [-54.468355688903046, -34.09177863328699], [-54.46445453624605, -34.08917610120152], [-54.46502431036227, -34.08305433316848], [-54.46799979741361, -34.075740012921216], [-54.47208419841079, -34.075005387442545], [-54.475703965944135, -34.07148863561345], [-54.47727793916964, -34.06602262306364], [-54.47436127747808, -34.06113788760596], [-54.47008896917308, -34.05872626799823], [-54.47409129235564, -34.05382809495759], [-54.47255799034336, -34.05065666468196], [-54.47306902838952, -34.0459937473506], [-54.467809872708216, -34.04083798478482], [-54.46869618800011, -34.03523298937795], [-54.47293783975417, -34.02748139998547], [-54.48777056212563, -34.02091932547398], [-54.492983121451914, -34.014163862788266], [-54.48705557618932, -34.00080798212724], [-54.488216755031594, -33.98960307042628], [-54.48433332207851, -33.98570232074702], [-54.483938988394776, -33.9803557956322], [-54.481167910321744, -33.97711594480459], [-54.48290553604326, -33.97360136005862], [-54.48059813620553, -33.9686090723431], [-54.48603670165265, -33.96351870298325], [-54.481990917378496, -33.95087979609158], [-54.486062259635275, -33.9388461544921], [-54.48332039031634, -33.9242858817143], [-54.486104319016256, -33.91882179309631], [-54.48458655501905, -33.91490447096238], [-54.485038986215095, -33.90922640634846], [-54.48080817569394, -33.900935982502176], [-54.47692973824163, -33.89840539654817], [-54.46692355741632, -33.90091185831544], [-54.453653361848154, -33.89626136494116], [-54.4485641692271, -33.89594289075615], [-54.449161471292, -33.89076485769077], [-54.44565199041088, -33.887793783958934], [-54.446536083027965, -33.883408417187184], [-54.438814701016284, -33.87753783491657], [-54.439243927870315, -33.873415582088896], [-54.43672552925682, -33.86771915501944], [-54.436193070531935, -33.86023390192774], [-54.43349680926492, -33.856588667686644], [-54.43557594983944, -33.847475027335676], [-54.43210402809194, -33.84506066294911], [-54.429034013333265, -33.83280384469365], [-54.425266738697346, -33.83078978811885], [-54.42779906810274, -33.82399224049775], [-54.43389724323113, -33.82271921893818], [-54.437587870351535, -33.818620864997605], [-54.438019951123415, -33.81301650127041], [-54.43305365161898, -33.81186795965311], [-54.4314709457406, -33.808528813453265], [-54.43278040226878, -33.8037585797388], [-54.43096447985951, -33.79723931915858], [-54.431572319934446, -33.79330728239874], [-54.423280274636255, -33.785569722383215], [-54.41140223520273, -33.78428025176397], [-54.41292169198525, -33.77982080795706], [-54.40367049890596, -33.77310799776099], [-54.401109784361466, -33.77976990453368], [-54.406885807154204, -33.79397374921478], [-54.40108666635522, -33.80799659164232], [-54.390915554283694, -33.817264194020716], [-54.384838119092315, -33.82727154983723], [-54.38762407752208, -33.844774504120544], [-54.36938098187803, -33.857714084241564], [-54.368466886500606, -33.86155913021526], [-54.35168890539146, -33.87166883321255], [-54.35020360255141, -33.87949435656216], [-54.33217489696037, -33.89329806048359], [-54.317615481388714, -33.90176532831649], [-54.322797885517, -33.92601198668579], [-54.30001947834244, -33.928025549829854], [-54.29388643263845, -33.9197817750062], [-54.255887591253746, -33.920778708040004], [-54.233948749202284, -33.93302410627808], [-54.20650840182526, -33.93205423965235], [-54.19683863626658, -33.90968219785043], [-54.14696064819519, -33.91049378635068], [-54.12417883394368, -33.92183349147346], [-54.10347051680541, -33.92262465724325], [-54.100877431812314, -33.930785997767664], [-54.07965981261242, -33.93225384985649], [-54.048790513109545, -33.944362566053286], [-54.032854798094725, -33.93927203867329], [-54.02787068793196, -33.94727225037038], [-54.02013918838524, -33.94781163776725], [-54.01047377059981, -33.955254157939805], [-54.00373712300893, -33.95568375308309], [-53.9720168390394, -33.96888859041924], [-53.964183714768794, -33.99113824812764], [-53.953310113822944, -34.011651770600295], [-53.942325139245966, -34.015443478854706], [-53.94116160537815, -34.017112510779135], [-53.94792531838636, -34.02470955921741], [-53.95465482858958, -34.03589800318517], [-53.94097061888818, -34.052973353372266], [-53.94126463329859, -34.059131616973815], [-53.95879800504289, -34.07357241450808], [-53.970355294300724, -34.09570659048507], [-53.97671346123974, -34.096922348590596], [-53.9803373394252, -34.11064569013976], [-53.967394156411835, -34.12332560056545], [-53.95669053020074, -34.12432407397975], [-53.95289528496131, -34.14115592494385], [-53.94310773541183, -34.14802127737184], [-53.94657808297399, -34.16316351959183], [-53.937975548272256, -34.17371993686468], [-53.93718106501308, -34.1840696938112], [-53.942332232701354, -34.199194905679796], [-53.93190433858118, -34.21217706710414], [-53.936118694391524, -34.22239533456839], [-53.93138835637119, -34.228728369603544], [-53.93141058423443, -34.230829594059486], [-53.937673395079905, -34.23328885004737], [-53.945664263854326, -34.24403213668281], [-53.955069926625285, -34.24507590062548], [-53.956051646101564, -34.25357067877915], [-53.96262920973515, -34.25902478735774], [-53.962267286775294, -34.26673375862985], [-53.97070739397331, -34.271483508621394], [-53.97433152820726, -34.27797235834852], [-53.97362758878532, -34.29968198904583], [-53.97868030822835, -34.31198887418292], [-53.96273358932184, -34.34197596012128], [-53.94641356026585, -34.349543494891954], [-53.947018440902276, -34.351851491950086], [-53.95320546981073, -34.3551085881599], [-53.95217038162635, -34.364356580615635], [-53.94680822447589, -34.37139098160372], [-53.94802119048271, -34.38139775756868], [-53.95921179692788, -34.390169591422875], [-53.958695719523604, -34.39566066876753], [-53.967600253213995, -34.40158368086422], [-53.96996831461395, -34.41550812624625], [-53.98198412382723, -34.41655710272034], [-53.9900755001698, -34.40546399192335], [-53.99846137802998, -34.40509080408951], [-54.00763194730503, -34.41305155737189], [-54.01772194916948, -34.413221978502555], [-54.0205931871582, -34.42438630871103], [-54.0302519992222, -34.42843999810653], [-54.03366826576084, -34.436941073137085], [-54.02676277781811, -34.44031774326115], [-54.0082489260164, -34.45900950318008], [-53.981696759883356, -34.490473486975105], [-53.98219729233125, -34.49324734629971], [-54.003823817402136, -34.50406501653133], [-54.0121794632079, -34.51052102686103], [-54.02547523381838, -34.51575202823076], [-54.04479952282222, -34.529116687468175], [-54.057554907976396, -34.53582507985918], [-54.072661979511125, -34.522544713153145], [-54.14095648435495, -34.47506486601041], [-54.14815356328299, -34.4749191784011], [-54.16425671492295, -34.46462113444216], [-54.180926104834164, -34.46380026186309], [-54.180994765438406, -34.47248718587896], [-54.19128232192936, -34.475064332567676], [-54.19678204462998, -34.4902032805503], [-54.229081145631014, -34.49199891535456], [-54.236331584521125, -34.49765630839706], [-54.251448937860346, -34.501099512286686], [-54.258694902353625, -34.510420151382775], [-54.24916526441934, -34.51083407464275], [-54.24772003083464, -34.519670929612914], [-54.24190266774261, -34.52280421751316], [-54.244019192419245, -34.52896036943482], [-54.25352048895577, -34.52780633704613], [-54.25745389410142, -34.532653368100576], [-54.25414065696641, -34.54734805531798], [-54.247824144316866, -34.561893851211366], [-54.238395939358846, -34.56591667950954], [-54.23735825307585, -34.56783456465883], [-54.23999149097362, -34.576221890642955], [-54.25455475311138, -34.58330681597183], [-54.25444866262554, -34.593636793248166], [-54.258800289695884, -34.59822583123524], [-54.25501780716225, -34.60970935463622], [-54.256937248531074, -34.62789759806018], [-54.262528288708836, -34.64216410988368], [-54.26035378426464, -34.648876218144245], [-54.2465295526069, -34.658785835430685], [-54.24591302515947, -34.6607850966918], [-54.253834111006675, -34.66691439560663], [-54.26832763116957, -34.669320079507756], [-54.26914600148301, -34.68194617087035], [-54.28985042374309, -34.68795656796524], [-54.43887800925141, -34.744006522033935], [-54.56465954491642, -34.801103359450615], [-54.56838137043593, -34.79883060478438]]]]}}, {"type": "Feature", "properties": {"shapeID": "URY-REST-27058087B78128732832923", "shapeName": "Tacuarembó, outside any municipio", "shapeGroup": "URY", "shapeType": "ADM2", "parentID": "27058087B78128732832923"}, "geometry": {"type": "Polygon", "coordinates": [[[-56.58895229091398, -32.60556164322133], [-56.58743499756975, -32.59242232514789], [-56.58511893302812, -32.586955969797295], [-56.57793665800044, -32.582942902891475], [-56.57008643684368, -32.575747837865634], [-56.566667792146376, -32.56664468929703], [-56.56383768702496, -32.54591201516978], [-56.550524192186884, -32.527449473189414], [-56.55162212607885, -32.52205741927039], [-56.546409156903096, -32.50312140801917], [-56.553000532800006, -32.47675986974243], [-56.5498278016004, -32.47255231959446], [-56.54305382044093, -32.45518080900722], [-56.54236025427318, -32.44934939439148], [-56.537672620454444, -32.44138695506265], [-56.53699227467908, -32.42911678541655], [-56.53254465340849, -32.42067629827556], [-56.53388729611589, -32.4068772849988], [-56.53065757083261, -32.39108874396844], [-56.522795185197666, -32.385018987070154], [-56.51538812168684, -32.372695947523134], [-56.51309318512201, -32.36565460892355], [-56.50601850288683, -32.35619897522632], [-56.504414452074805, -32.34934051695527], [-56.494623020562486, -32.34300139738886], [-56.4917046976888, -32.33489541571853], [-56.47309822061651, -32.33000257825378], [-56.470434251889365, -32.30957431070856], [-56.46263987372167, -32.301820016722374], [-56.44707853597593, -32.30034777985999], [-56.420656370132704, -32.27495633972976], [-56.41509169804632, -32.27092623341446], [-56.40858712901371, -32.26926191880912], [-56.39554563257586, -32.260278025461936], [-56.381129588683734, -32.245381563004315], [-56.371741736165006, -32.24242949398899], [-56.36401813147852, -32.23340584890134], [-56.363942911408024, -32.22574985658923], [-56.34800114798931, -32.21786291837591], [-56.34306310564875, -32.20192247044573], [-56.343759496235236, -32.19727151681024], [-56.34690646506347, -32.19438128303197], [-56.34677944163867, -32.191516031082905], [-56.34318972211902, -32.187969609539266], [-56.3417002380279, -32.17963703438131], [-56.33375679508387, -32.17254593423525], [-56.33354337855264, -32.16821580322167], [-56.32899103362136, -32.16322687456599], [-56.32188653867557, -32.16062494107169], [-56.315777256305466, -32.16252849563574], [-56.312485228078444, -32.16149495038341], [-56.308370192794655, -32.15513467190753], [-56.310188164956024, -32.15146137720608], [-56.31072061846729, -32.14075931322708], [-56.30507816456762, -32.134185504677596], [-56.30605633213355, -32.12112573841631], [-56.29583516223788, -32.11152701260727], [-56.294592996266665, -32.105421805968604], [-56.288111557551375, -32.09594433034136], [-56.28709862578921, -32.091611390629666], [-56.29314628761405, -32.090005882540034], [-56.308721681620945, -32.07960571600888], [-56.313255650400606, -32.06951719598947], [-56.309149795183096, -32.05951757763169], [-56.300013505756795, -32.05305220236964], [-56.289820879900034, -32.018825953821306], [-56.289441030489215, -32.01397624148345], [-56.29765610136938, -31.99310536677192], [-56.298046542729125, -31.987279278038326], [-56.292917376605025, -31.97133333228402], [-56.28216058344867, -31.95888032918613], [-56.2809577269811, -31.946398282677208], [-56.283778235006075, -31.93994507855309], [-56.283061161709064, -31.936365913256232], [-56.27589306817028, -31.930497586487505], [-56.26987331906961, -31.921200889800527], [-56.26437096937566, -31.920519899628466], [-56.26178563534243, -31.91288094081602], [-56.246973357010916, -31.902734090228428], [-56.24151669649186, -31.90092229157466], [-56.24398998231666, -31.896136840890634], [-56.2385412094405, -31.880529648711367], [-56.24101023061077, -31.876156957259198], [-56.248217740036715, -31.871325091955704], [-56.2464547388324, -31.86558299429305], [-56.255001350575654, -31.85401523781504], [-56.26592727334253, -31.850186584723406], [-56.26759108410411, -31.84693936802005], [-56.2676629976027, -31.836126954601625], [-56.27179551183104, -31.8334548606362], [-56.27442655954453, -31.825511900033778], [-56.27025863524324, -31.816330587845442], [-56.274230697873776, -31.813704272810416], [-56.27410692447847, -31.809712494750432], [-56.270575176418916, -31.805518114436445], [-56.2687392376, -31.79923733944151], [-56.2687251753868, -31.788863512125904], [-56.26304149643782, -31.779679483128177], [-56.26868229828272, -31.77469959064828], [-56.26614359995945, -31.761751448174287], [-56.26886585407027, -31.750064436474858], [-56.273098859992466, -31.746824053908743], [-56.273424047000006, -31.74314763363234], [-56.28386990579732, -31.739530225249183], [-56.28703617946728, -31.740849429109442], [-56.302132782255185, -31.73934161157541], [-56.30644504280671, -31.734033888687254], [-56.30887665867573, -31.71909783064541], [-56.316283722186554, -31.69751263556789], [-56.323880710402776, -31.690715087946792], [-56.33102519683188, -31.68763683361014], [-56.33641574095955, -31.677716268811714], [-56.348407212801256, -31.670701465626273], [-56.34829958767934, -31.668367115543333], [-56.33837829624875, -31.658039157276953], [-56.33874441696694, -31.651367750488618], [-56.33419995272982, -31.638203038780304], [-56.33904559658508, -31.632877065557594], [-56.33736536448659, -31.62083152819305], [-56.339011378600105, -31.619519720757403], [-56.35146135877859, -31.618300590591474], [-56.36009302090012, -31.606640156843746], [-56.36539328909889, -31.60309548928012], [-56.366054485012874, -31.596135078811773], [-56.362625350305535, -31.594277365556252], [-56.3580671573758, -31.58704254878993], [-56.362436759863535, -31.5817900949849], [-56.36162960601272, -31.577913806494124], [-56.35208896208565, -31.567097602725624], [-56.34439257858659, -31.566411395483797], [-56.3368588986055, -31.562595228398266], [-56.332936259895284, -31.54962994870895], [-56.32508356687035, -31.546972794391884], [-56.32546341628117, -31.540493260694582], [-56.32878547936978, -31.536321008595248], [-56.329056427111006, -31.532061512926948], [-56.32350086099197, -31.519663348686073], [-56.32157442048208, -31.503193555701536], [-56.31508086571898, -31.49899244363946], [-56.313352163845934, -31.489410967008876], [-56.31032956106469, -31.485472849569256], [-56.30115305398924, -31.482972492228335], [-56.28792868519561, -31.471801969258138], [-56.258799844683764, -31.452761169467898], [-56.263891694163966, -31.448005081897865], [-56.267344555282335, -31.44011423202895], [-56.26490052911641, -31.434543414202206], [-56.25936961879998, -31.43459462407116], [-56.25391180338795, -31.430538097437324], [-56.24898706823781, -31.431454236573693], [-56.22885504946481, -31.425133709838292], [-56.218725731843165, -31.417700134369603], [-56.21220498362425, -31.410982090229453], [-56.21055953954007, -31.407247351827895], [-56.20467130364315, -31.40275347995128], [-56.20138568308262, -31.38950393763826], [-56.19574484248908, -31.385978245471144], [-56.19609111203248, -31.372941294098226], [-56.17896816017824, -31.34984391338005], [-56.18421447150093, -31.337200291538096], [-56.18613433402067, -31.326072495652344], [-56.17434665901338, -31.319632590619612], [-56.1724696529244, -31.315310993641294], [-56.163504587759, -31.307568037864193], [-56.1560505790593, -31.305918240155997], [-56.15383479082956, -31.301386541741927], [-56.15787318812264, -31.29728152293853], [-56.15402471553497, -31.280437374511997], [-56.16649643785661, -31.268193838445924], [-56.180410313280106, -31.258963647307855], [-56.182325366626365, -31.255829845566687], [-56.181648898768586, -31.249537381510407], [-56.17074723194275, -31.245990657905157], [-56.15674696964578, -31.250663320896777], [-56.142565924975486, -31.245535346375597], [-56.14199016483331, -31.241809947305676], [-56.13158744738867, -31.234688734314705], [-56.11806045058032, -31.230872959083708], [-56.113951683351615, -31.231597575284862], [-56.10939240976464, -31.235994928661775], [-56.104227151427786, -31.236231259774254], [-56.100339332140294, -31.23937382660209], [-56.09533798156461, -31.2399701027092], [-56.088684914299485, -31.23592364056659], [-56.077168518080796, -31.24215644843529], [-56.069505266218115, -31.24363942155401], [-56.06203784988348, -31.25348569447045], [-56.05286424532742, -31.255769077320675], [-56.04595755815913, -31.26167455300815], [-56.03905444646997, -31.263904717985664], [-56.03576493230237, -31.268710611072088], [-56.0278695684266, -31.27051237290128], [-56.02398960056722, -31.275031137807495], [-56.00233891484158, -31.28604989204765], [-55.99613397710772, -31.291766620547158], [-55.99099606688577, -31.293500832951956], [-55.98771398183473, -31.29792814032067], [-55.98125012845026, -31.299977052650092], [-55.980180301853636, -31.303493383987067], [-55.974862410102276, -31.30949589679868], [-55.96245050383655, -31.308679606720403], [-55.95681956308874, -31.312278518631878], [-55.95164257510472, -31.312825915569803], [-55.94949322619649, -31.3156082275453], [-55.948209643110346, -31.323011488559928], [-55.93966303136709, -31.331955630166632], [-55.92953371374546, -31.3363283216188], [-55.922020429674234, -31.33535056729359], [-55.917695073775164, -31.34364264186606], [-55.91324420414203, -31.343982673751434], [-55.90636289968596, -31.352070010846603], [-55.901488165580545, -31.35191100388471], [-55.896566453817144, -31.34813940646472], [-55.873822466826454, -31.36009986242241], [-55.86329852366659, -31.3590589329871], [-55.85881841509941, -31.365148333462635], [-55.845964490404235, -31.363433227805242], [-55.83729361515343, -31.364393050393623], [-55.826722460717335, -31.362308437720515], [-55.8181885472154, -31.371716860289908], [-55.817857986966914, -31.377868890414398], [-55.81467481712508, -31.380503327818886], [-55.81431272579934, -31.384268920630753], [-55.81013108691454, -31.384586705617263], [-55.808614984637174, -31.388919874266243], [-55.80096080697543, -31.39584078067032], [-55.80418340817771, -31.401719934698953], [-55.802251106861114, -31.406814090645632], [-55.80219112434984, -31.413717017305146], [-55.804070746315936, -31.419253451319083], [-55.80722220346419, -31.420403252721854], [-55.80899483404798, -31.44095490254704], [-55.80788453013706, -31.448096895465365], [-55.812223554039875, -31.452443155544103], [-55.811512470033605, -31.45577469554714], [-55.813616335212856, -31.458803434019984], [-55.81057753992637, -31.470410942238466], [-55.807846445892224, -31.47213012138548], [-55.807095586993924, -31.477009731157196], [-55.79039813411092, -31.482545414144095], [-55.78829304115877, -31.49302968256832], [-55.784094395495714, -31.493858587616238], [-55.780072820039365, -31.498781315844592], [-55.778796805888476, -31.50507445993202], [-55.771389742377664, -31.50801608872711], [-55.7673906347467, -31.506126363979504], [-55.76100719181548, -31.50900988223897], [-55.757421235296626, -31.507655620674548], [-55.75256180008318, -31.50911949246201], [-55.749801634196544, -31.521372673526464], [-55.741223435958325, -31.52728341392558], [-55.73783637775598, -31.531628622568824], [-55.72951160696542, -31.53065976707251], [-55.72517473072894, -31.53683610057095], [-55.71447563899109, -31.53731312145664], [-55.70826159174967, -31.53453614283223], [-55.70364993078297, -31.53449074788297], [-55.69008611320089, -31.528422086205303], [-55.6839672565692, -31.53064682542031], [-55.67451613569072, -31.53738659523788], [-55.67661731438022, -31.550033678408404], [-55.674358961697585, -31.55515531164657], [-55.68231505554239, -31.564145546276762], [-55.68370783671537, -31.568915755133673], [-55.67588223477568, -31.56822001976962], [-55.6717875478081, -31.57030195122279], [-55.664335516764, -31.578535676328443], [-55.653914865238335, -31.585715051119877], [-55.65224726794687, -31.590054001557803], [-55.66072694736128, -31.59737800131324], [-55.66047170832502, -31.603609101788045], [-55.66351250970723, -31.607355688172277], [-55.66322904473017, -31.611556922036378], [-55.66895701792886, -31.613914725350533], [-55.66978002498563, -31.61800915461938], [-55.66376574264777, -31.622381846071548], [-55.65490258972885, -31.623335887842927], [-55.65236515122463, -31.620634402825065], [-55.64703056815182, -31.621625522974984], [-55.64515312151802, -31.626595530561822], [-55.64213773320051, -31.627842580343632], [-55.643000641523415, -31.63462538213762], [-55.64102988049442, -31.63688443119679], [-55.648318533274775, -31.6488565052274], [-55.64573156872487, -31.651810078576524], [-55.64770181124644, -31.656776605336887], [-55.652813417969384, -31.65974848211735], [-55.65597882972614, -31.66936840331212], [-55.65197391725918, -31.67309104392007], [-55.65331988385046, -31.67620570267369], [-55.65249173597593, -31.68002760928974], [-55.65996724853966, -31.681373428935345], [-55.65965070736398, -31.687455445227904], [-55.65527296221814, -31.688815437795043], [-55.65455401284321, -31.693313663686773], [-55.65671343002234, -31.699274313267004], [-55.660220481480195, -31.700533767843936], [-55.66161326265318, -31.70764932938883], [-55.65774515847299, -31.71183521372343], [-55.6612967214775, -31.716871733178856], [-55.65705506972344, -31.719813361973948], [-55.64826260362861, -31.722077524283705], [-55.643380490934234, -31.72752519962596], [-55.640157152382145, -31.728861355495475], [-55.639012222709894, -31.733805974620886], [-55.63533081254216, -31.735879008637358], [-55.63597342742341, -31.739887990913452], [-55.63256230999847, -31.74401045146458], [-55.63463358724873, -31.754360225022296], [-55.639075530945036, -31.761950206876662], [-55.63680726484128, -31.766250189245106], [-55.635466961542335, -31.78802734862777], [-55.62856636391258, -31.79764726982254], [-55.621792382753114, -31.79983361554863], [-55.61583206218335, -31.796678569019328], [-55.6120429145423, -31.796971490234483], [-55.60447895072016, -31.78930383087737], [-55.60026758280715, -31.79080997046097], [-55.5921008204747, -31.78973667346817], [-55.5888721004828, -31.787828589925404], [-55.57989091847525, -31.776260103174327], [-55.57314657704819, -31.774531188324183], [-55.570829253469256, -31.77657884737119], [-55.56487541515827, -31.77508907783855], [-55.56051001114223, -31.777691896104464], [-55.55605996212517, -31.77380373217457], [-55.545822500590845, -31.77975898660913], [-55.53737809372505, -31.77960485974634], [-55.5331608535638, -31.78301862932802], [-55.52537327748362, -31.781918581280664], [-55.5083440253908, -31.79080997046097], [-55.503353078444285, -31.789638570234516], [-55.487929410944986, -31.79740529945577], [-55.48600475097804, -31.8080702194148], [-55.50147601381835, -31.812328570777204], [-55.49993278782721, -31.82257212510489], [-55.48992951168424, -31.824789515692714], [-55.49526302788308, -31.833960923385682], [-55.493825353374106, -31.84062885639556], [-55.485211707463385, -31.849576540045394], [-55.48149008332797, -31.860814255443668], [-55.47258603241845, -31.8659609750667], [-55.466097747884675, -31.86554023828485], [-55.46198063766052, -31.876021423311755], [-55.46295211247424, -31.878254520380988], [-55.474965805459156, -31.883421007579734], [-55.47326843670568, -31.90104959880298], [-55.484802770049306, -31.91512377813031], [-55.472615835141504, -31.925040970821197], [-55.47434447040315, -31.93616004319945], [-55.46834470038784, -31.94051537703152], [-55.461362391382536, -31.951636066235352], [-55.462003529613995, -31.961290374076956], [-55.472066437944235, -31.976445302461514], [-55.474691300112944, -31.995357275667338], [-55.49482945186298, -31.999910778254662], [-55.50075526242487, -31.992261607179604], [-55.50665508781767, -31.991068386934316], [-55.511068638241625, -32.00272040028503], [-55.53333034732181, -32.01785468658003], [-55.54362462930084, -32.0184459581393], [-55.54948710665241, -32.03039840697862], [-55.56330033426672, -32.03903456933149], [-55.57116311834026, -32.0517661243312], [-55.569823609342556, -32.05939705482155], [-55.5621275752459, -32.064676554345176], [-55.5592771693473, -32.071323398207205], [-55.564956183569315, -32.08207676519504], [-55.55450785041022, -32.10599946699972], [-55.56681950918542, -32.112961689916645], [-55.56156002578164, -32.12347928648446], [-55.56298872633247, -32.132504483523064], [-55.543625505350185, -32.14563261167596], [-55.5212669527903, -32.14393994197184], [-55.50488760373236, -32.14824713713108], [-55.5038580697461, -32.155480273299254], [-55.49305536332968, -32.159864437487734], [-55.490810403339474, -32.17159299359999], [-55.47334532193134, -32.17183617660616], [-55.46823532512618, -32.18733364381067], [-55.454370939674675, -32.18901012166399], [-55.44717456546734, -32.19288453835712], [-55.44731648086195, -32.20508934694815], [-55.4353051738708, -32.21508402333715], [-55.42339835483153, -32.21597943893252], [-55.41822088230329, -32.20838774928991], [-55.40703863395406, -32.20009182764776], [-55.41709295742813, -32.188139465943394], [-55.410972618264736, -32.18136690591653], [-55.41107765879848, -32.16184365291775], [-55.39937540538488, -32.15249748216271], [-55.40403636728567, -32.14513685528997], [-55.40281779481512, -32.13571840522335], [-55.3890186932927, -32.13213076918223], [-55.388595812599526, -32.10873326211503], [-55.38360494625896, -32.098507934747694], [-55.37534969898747, -32.09065475677232], [-55.37986831836801, -32.07320533661726], [-55.371829497396284, -32.06760371534827], [-55.3819327201275, -32.05348863826519], [-55.38110896904613, -32.03801506347536], [-55.36468194226933, -32.03067622451659], [-55.35836655505653, -32.02359051037191], [-55.35995808663709, -32.019042558370664], [-55.35903877560288, -32.01722960661439], [-55.349458517867404, -32.0170240867159], [-55.331855731926986, -32.00829649366199], [-55.32999213557205, -31.998376765253656], [-55.33373002204002, -31.98639974496464], [-55.329680624594964, -31.983455130883225], [-55.32326058973159, -31.967343072045853], [-55.324478427823195, -31.95292061185063], [-55.31642527004897, -31.95055674507038], [-55.311024615730815, -31.93110030125706], [-55.29466906541189, -31.920629300463492], [-55.28360614407508, -31.917998554791495], [-55.26371405716707, -31.921015062639373], [-55.255201789734265, -31.913742405959542], [-55.24403927617788, -31.910123921580077], [-55.23513332396135, -31.89595140789345], [-55.231212566783924, -31.88391591514697], [-55.23339867003125, -31.875626428437936], [-55.22726445724158, -31.870065664171648], [-55.23174770109945, -31.85884775370212], [-55.226125633161935, -31.847462588922873], [-55.22053263159114, -31.844552107834346], [-55.219885477892234, -31.83411997828548], [-55.20147702270614, -31.82933259922315], [-55.183997251280694, -31.82068842832339], [-55.175279400344365, -31.822372852397528], [-55.16793564506868, -31.82141881062615], [-55.160655198028124, -31.81788090572394], [-55.15606059856754, -31.813265244490943], [-55.132736266333495, -31.80901626759818], [-55.12853687894288, -31.80671885463034], [-55.097916737009115, -31.80949328848387], [-55.090132933994724, -31.808425386492715], [-55.08126667116855, -31.810924351140947], [-55.0720688487905, -31.810008330821177], [-55.06278066650907, -31.820981541480933], [-55.05195495830095, -31.827262316475867], [-55.04150909950363, -31.830760469637596], [-55.01010821487657, -31.829130648278152], [-54.992761758449504, -31.823326894168915], [-54.97808534613829, -31.815188116222703], [-54.970875084740534, -31.813408633576053], [-54.953776050487306, -31.814742611340456], [-54.93363186683321, -31.82543373641405], [-54.91936532362292, -31.825318189244875], [-54.9165386433467, -31.827938096063924], [-54.903150053210844, -31.82753543324967], [-54.891713185615096, -31.831892757318776], [-54.888683019887196, -31.84908602199623], [-54.867284836411486, -31.875560681152088], [-54.85848083380657, -31.874306852298496], [-54.84582411435883, -31.877923299615478], [-54.82556470945738, -31.911376999319387], [-54.80846497979019, -31.932480355991075], [-54.7751080460546, -31.991635763336916], [-54.7593666254441, -32.00156197170952], [-54.711564505655986, -32.05993479241731], [-54.70983725563018, -32.06378517229769], [-54.690036660765, -32.08127127577226], [-54.668649560471366, -32.108752696835694], [-54.66931751976372, -32.11069000685433], [-54.67546088395176, -32.113435096150035], [-54.67876470606858, -32.11680146643561], [-54.68222910091399, -32.116124409129114], [-54.686286592159874, -32.11208353697391], [-54.69071816861934, -32.11375311007383], [-54.69179699107552, -32.11671350008581], [-54.69735035854966, -32.117070293951144], [-54.70217188689885, -32.112855441058706], [-54.708887632103156, -32.10162882922918], [-54.71388898267884, -32.0966598616699], [-54.72655062970588, -32.09129337670587], [-54.73161528851671, -32.090856107560654], [-54.73925351255965, -32.094623083667734], [-54.74953151905997, -32.09423500550097], [-54.75769828139241, -32.097097130815115], [-54.76447226255188, -32.1060810241623], [-54.757092473822965, -32.10964753081432], [-54.75497614247073, -32.113793549183626], [-54.75846075722281, -32.11856524811202], [-54.76681466725189, -32.12023264377113], [-54.76843628322847, -32.126051679345764], [-54.77669075193299, -32.13506004296803], [-54.772676935525936, -32.140340099461426], [-54.773693869929375, -32.149563265545844], [-54.786409115259374, -32.15149135344675], [-54.79188472836543, -32.14865513821022], [-54.80612908127087, -32.15910984595495], [-54.80761650403139, -32.168022803452686], [-54.814169227133036, -32.170637850692486], [-54.815308775365466, -32.17505029388513], [-54.81117284251496, -32.17760244624434], [-54.812839754195195, -32.180973303215794], [-54.80646200473849, -32.18283431485613], [-54.80491255433608, -32.18525272052691], [-54.80768769993139, -32.19536006611594], [-54.811510281257355, -32.19898084165063], [-54.81005419184925, -32.20550012708841], [-54.807162443866396, -32.20789810846184], [-54.80802832832492, -32.21190015730477], [-54.79849979507662, -32.21038909891123], [-54.798088935408686, -32.21500079306176], [-54.793613378697124, -32.21873888668223], [-54.79308117520232, -32.22335852926204], [-54.795178735830646, -32.226725442247925], [-54.79916517540599, -32.22640954257787], [-54.79995302619722, -32.231547749193176], [-54.811320356551946, -32.23559219462742], [-54.81152090739823, -32.23915750216829], [-54.817018097714126, -32.24107793481287], [-54.81790441300602, -32.24731895806733], [-54.81493975661932, -32.25083809589321], [-54.817334638889804, -32.258210934957276], [-54.81540438555193, -32.26410762026213], [-54.82727403180603, -32.26802961485442], [-54.830566060033064, -32.27474765899456], [-54.83145237532496, -32.28067066832523], [-54.82972178480925, -32.28453776956327], [-54.83385768160126, -32.29527662700564], [-54.84576003646552, -32.296491861033985], [-54.841161037853475, -32.30994608115521], [-54.84840840465611, -32.32446825462927], [-54.856342639755894, -32.32845081892254], [-54.863866191714195, -32.32877027429908], [-54.86764293570883, -32.33174538055858], [-54.87469189992231, -32.327219956420585], [-54.880896106965565, -32.3279752394896], [-54.88215717067045, -32.33327405235171], [-54.88969595164936, -32.33334172445362], [-54.89665985751424, -32.340616292960405], [-54.894898476165054, -32.34219311490909], [-54.89519042570874, -32.344223217804874], [-54.90166120808992, -32.347215081879135], [-54.90207001996413, -32.35195541565641], [-54.90856180571966, -32.363076026328365], [-54.907171063736804, -32.36710678572679], [-54.92109683627643, -32.37810218422763], [-54.913896500149626, -32.38272628733864], [-54.91385933909595, -32.38557636600905], [-54.92083534552269, -32.38847427877971], [-54.92427909256516, -32.387799586967795], [-54.92635141979265, -32.38442271096304], [-54.93230611627267, -32.387323197824955], [-54.9357843468278, -32.385138242291575], [-54.93999109939393, -32.38828736830813], [-54.94534389033322, -32.38219661349648], [-54.94813443170587, -32.38616638671618], [-54.95515666677919, -32.38724508453671], [-54.96395651146298, -32.39996564148847], [-54.96609723310339, -32.40918390263625], [-54.968451396157576, -32.41177190840933], [-54.96835224915887, -32.41580048828696], [-54.97927710436571, -32.420358284351764], [-54.983328831414354, -32.42389618925397], [-54.98716226236625, -32.4318433491772], [-54.99288837491979, -32.429421681179896], [-54.99678519103418, -32.44150330003209], [-55.000422054900866, -32.443215535124466], [-55.00538789227122, -32.451765269625184], [-55.014033325454946, -32.45188141454785], [-55.01341625234885, -32.457781379217245], [-55.01732535368198, -32.46142183226167], [-55.01845372266186, -32.46546877224053], [-55.02070689227743, -32.46571063152592], [-55.02694820542253, -32.46054729397124], [-55.03581135834146, -32.464403212797244], [-55.045698881066016, -32.48119155823538], [-55.053771826897666, -32.48511328365376], [-55.06233555130743, -32.48482304643006], [-55.07120066178206, -32.48241075123208], [-55.08061484979872, -32.486490446314804], [-55.086394638214514, -32.48042316420837], [-55.09538440760372, -32.476209479718094], [-55.10386771111183, -32.47616972797762], [-55.10765309558836, -32.47905518336876], [-55.115331180751575, -32.4804979334909], [-55.12292348988754, -32.47549394838956], [-55.127246456251314, -32.47951730819124], [-55.13117278833339, -32.47894137520877], [-55.13482543809296, -32.47557345187051], [-55.1397683613596, -32.47750523157734], [-55.14711063096035, -32.47320813239471], [-55.150462572171364, -32.468696400768465], [-55.15658093126098, -32.466245930020996], [-55.160528581557855, -32.455379567709585], [-55.16559324036868, -32.45510130552626], [-55.16926511800652, -32.45764541691662], [-55.17365789647879, -32.464363670174265], [-55.18164422266334, -32.46649029088406], [-55.189840294425466, -32.45446527767868], [-55.196231345697555, -32.45537269551213], [-55.206047202620084, -32.45259694587639], [-55.21014346746216, -32.45380097792589], [-55.21600167086763, -32.45257226442861], [-55.222000877874166, -32.446594433064774], [-55.23326974372823, -32.44496461170533], [-55.243525677820145, -32.447349716133786], [-55.24428537664177, -32.45299446328113], [-55.24061264946885, -32.452939525565725], [-55.23917622182848, -32.45437741392612], [-55.23947111627369, -32.46211564460104], [-55.250299658979614, -32.46996845646364], [-55.25239376472647, -32.47309841533924], [-55.25462429529078, -32.47282985089014], [-55.259352736603944, -32.466748565485226], [-55.27106476010397, -32.465754771973366], [-55.27707415808486, -32.473750728577244], [-55.29163993652291, -32.47004795994459], [-55.2957549718067, -32.470882746494546], [-55.29541073957657, -32.47551191386262], [-55.297965624428365, -32.480001106323854], [-55.31113887294457, -32.48507411784386], [-55.31262138529736, -32.48821054825312], [-55.32359880030581, -32.487522228619966], [-55.32823209643108, -32.48093993683453], [-55.334975499311426, -32.480615044388315], [-55.34234983286623, -32.47791880455849], [-55.345532325007724, -32.48282046316524], [-55.34993945714262, -32.48402826987646], [-55.354226189272666, -32.481384130936235], [-55.35748050106355, -32.46937218035652], [-55.36216531046355, -32.46738459333281], [-55.37473996020655, -32.47461823955878], [-55.37749045567899, -32.47146445272977], [-55.37621973866358, -32.46591377893527], [-55.380398082182495, -32.46325041232349], [-55.390210858628464, -32.46460197149961], [-55.392868083479435, -32.46834794320381], [-55.398187696255505, -32.46603303415669], [-55.402935813890636, -32.46861689728751], [-55.40515842039967, -32.47286790575279], [-55.41325800017785, -32.47556223116293], [-55.43027687652745, -32.451027955382315], [-55.43085474558528, -32.44635592262193], [-55.433927878675625, -32.44384843916425], [-55.43129854324347, -32.43609337627165], [-55.4281957997096, -32.43272107563926], [-55.43003173852851, -32.4226241335588], [-55.432717108556524, -32.417122444722864], [-55.4318043691123, -32.410619107935574], [-55.436425870277176, -32.4090290383166], [-55.45066675734848, -32.41317971241361], [-55.45484856670153, -32.40974456964514], [-55.46357206620489, -32.41412741422473], [-55.47466404429885, -32.411970667111696], [-55.484223587804266, -32.425486258872944], [-55.48501952832432, -32.43333046345365], [-55.4918205760205, -32.441983231169765], [-55.49346659013402, -32.44762797831711], [-55.48735470596455, -32.45899713689725], [-55.489075600255156, -32.46477802661211], [-55.493846439544825, -32.470246718646955], [-55.494036364250235, -32.474301396175335], [-55.49055441131779, -32.47982688810125], [-55.47369503901054, -32.48890601552744], [-55.47331655753854, -32.498113339087496], [-55.477455752949545, -32.501235521006784], [-55.48251426545562, -32.50117357273593], [-55.49524116276224, -32.505159307216005], [-55.50314707709592, -32.504569173836046], [-55.51512684892518, -32.50112127271248], [-55.527463112401634, -32.49370024552677], [-55.53328747003407, -32.49310396941966], [-55.55924345115565, -32.4981087064112], [-55.602166829861204, -32.48010515028457], [-55.607328648326074, -32.484662844878265], [-55.63408565835095, -32.481599494040715], [-55.63856906506395, -32.479071605032246], [-55.65223710959496, -32.48144028365153], [-55.65957816201106, -32.471692248162704], [-55.6625109353064, -32.46081691930495], [-55.6744314538635, -32.45031804621679], [-55.67649086070586, -32.44164601191261], [-55.684201563655584, -32.441008644944624], [-55.691298698282935, -32.431947943667176], [-55.710723867761196, -32.42892514043508], [-55.715359760992214, -32.41625047551795], [-55.72257248085303, -32.410537833175404], [-55.739401553640555, -32.40507792331354], [-55.739246339754565, -32.393602558633205], [-55.74566504688419, -32.384429695629926], [-55.75831804848151, -32.394082589173514], [-55.77475309223338, -32.39797830260625], [-55.78438262311186, -32.39618279278251], [-55.79816769683334, -32.387636943778], [-55.80822684380637, -32.3927093713693], [-55.822191464933546, -32.39457378010904], [-55.830140087595304, -32.40420507811182], [-55.84487088659259, -32.40613711924516], [-55.85673513036065, -32.410147547519315], [-55.860951328140516, -32.41484277274835], [-55.87365984750949, -32.40971823422763], [-55.88144907543792, -32.41488373367264], [-55.897270382917384, -32.41217963741737], [-55.901427827355064, -32.41485715596973], [-55.92678410247839, -32.4151629769851], [-55.945404763424186, -32.42417516130281], [-55.9695192934185, -32.42385108927849], [-55.97866653550198, -32.41598437131545], [-55.98733304645086, -32.4201262283877], [-56.007765063012, -32.39636620894549], [-56.011284251485186, -32.403523766265224], [-56.00927130791126, -32.41078268465431], [-56.012360038625204, -32.42664458185817], [-56.021328485865034, -32.43664569589906], [-56.018190699165245, -32.441000043523324], [-55.990972836105534, -32.463219607109046], [-55.977111387571306, -32.48416385362516], [-55.96883038130285, -32.49177633885691], [-55.96485078828859, -32.50621564227491], [-55.972141040593556, -32.526041884946], [-55.97938873050878, -32.532431647601875], [-55.97918166497954, -32.53944209591579], [-55.93240205433852, -32.605157052821404], [-55.93292214614127, -32.607266743267516], [-55.93858679136979, -32.610888376444876], [-55.944685950162764, -32.635454100001716], [-55.95862889549064, -32.647167417774604], [-55.981636391261745, -32.66216812165667], [-56.00522761176211, -32.68616469365257], [-56.03290138516256, -32.690436242262656], [-56.07198372959851, -32.69204575787877], [-56.101858729783544, -32.68228250233664], [-56.13300638147007, -32.67985764616771], [-56.17979116723501, -32.692339692676626], [-56.184995350773164, -32.70062366695163], [-56.19107642324774, -32.705532746041314], [-56.205367694229636, -32.706849077949734], [-56.206633858932335, -32.71241432161613], [-56.19005180860679, -32.730450836471356], [-56.19754431583873, -32.75061383922104], [-56.22055430869363, -32.766813794017686], [-56.24246632001888, -32.76925931049431], [-56.273360738764865, -32.79088425731231], [-56.27970657296733, -32.79740275922483], [-56.30025643033901, -32.80987139507563], [-56.327404745765435, -32.817656389134555], [-56.35889656850927, -32.819577861377056], [-56.390987439646125, -32.81763717865148], [-56.42250333732362, -32.822480235441645], [-56.424218083301184, -32.821279840910854], [-56.426791337674594, -32.8131368515544], [-56.420115088145714, -32.80522952731902], [-56.39858873532912, -32.802029115218104], [-56.3955867067357, -32.795690115313896], [-56.39817581265003, -32.786292232854386], [-56.41060127480311, -32.768388942901424], [-56.42405921461266, -32.76106527196964], [-56.42530731294747, -32.752797044621154], [-56.43152206100891, -32.74462918054397], [-56.43183193673209, -32.73608640801585], [-56.43561595062239, -32.72493526524332], [-56.42686058061082, -32.719022743543356], [-56.408633246696084, -32.71691172884692], [-56.40128363066701, -32.70811239281097], [-56.41826702886834, -32.70290496518023], [-56.41868425260309, -32.68806812181646], [-56.41104571840333, -32.6865810583312], [-56.40107162070693, -32.69714254006154], [-56.39040950645892, -32.69535290694729], [-56.39639734734089, -32.68054947726524], [-56.39092656661554, -32.67036422218946], [-56.39844337834498, -32.65982789015408], [-56.39979296421459, -32.65248103446128], [-56.392418724722226, -32.65010036987793], [-56.38543444215335, -32.66096171984527], [-56.3792237143768, -32.65872470024402], [-56.368861790461644, -32.64138194267752], [-56.36483088490899, -32.638360359442125], [-56.37123313151664, -32.62314722397265], [-56.36472429925595, -32.62043361102751], [-56.35126462158965, -32.6220958038394], [-56.353645526995635, -32.60150977616486], [-56.359340852962895, -32.59009731766464], [-56.37870496868549, -32.58286190676724], [-56.395724485875974, -32.580129739280984], [-56.41929799620525, -32.57271646314724], [-56.450053123177184, -32.59576645937049], [-56.453558300271105, -32.60239806667613], [-56.47053196200629, -32.61892367092085], [-56.484228524841775, -32.621042494848915], [-56.53112549336603, -32.61717191963368], [-56.538906965356205, -32.613746622086396], [-56.56282745933057, -32.60912033727205], [-56.5920616037294, -32.616469084394005], [-56.5935084828642, -32.614010433733384], [-56.592278233317685, -32.609481085812], [-56.58895229091398, -32.60556164322133]]]}}, {"type": "Feature", "properties": {"shapeID": "URY-REST-27058087B55907822213987", "shapeName": "Paysandú, outside any municipio", "shapeGroup": "URY", "shapeType": "ADM2", "parentID": "27058087B55907822213987"}, "geometry": {"type": "MultiPolygon", "coordinates": [[[[-56.556967417159576, -32.488176621668394], [-56.55788189554063, -32.48614273008803], [-56.55653522438318, -32.48457893471887], [-56.55023299850392, -32.48617854812635], [-56.55152532284297, -32.490238574285705], [-56.556967417159576, -32.488176621668394]]], [[[-57.83325460724604, -32.11999673172099], [-57.83201952289146, -32.106736952350296], [-57.82445448110792, -32.10728836065147], [-57.80467840558292, -32.099755426298884], [-57.81079138415659, -32.08827160536561], [-57.802362905896004, -32.0826419834055], [-57.782101687430924, -32.06379887945037], [-57.78060531988628, -32.05248837102625], [-57.757248207210075, -32.046714781555224], [-57.755264034042796, -32.03527983596161], [-57.74709912070849, -32.03440569697927], [-57.74317118175888, -32.02534797824814], [-57.73104870234419, -32.03112161840972], [-57.73024888222647, -32.02048819590531], [-57.720070583101815, -32.02187272705785], [-57.71483871954664, -32.01440631821999], [-57.71023136561672, -32.018366021023276], [-57.700396795253745, -32.01001371177999], [-57.70647458507998, -32.001729484392385], [-57.70017743095392, -31.99315908163047], [-57.68061668407707, -31.992108014039967], [-57.68006984653748, -31.98597705830417], [-57.671710277566184, -31.981888557090862], [-57.66591199232784, -31.968238896548467], [-57.67265985361502, -31.958923147447525], [-57.668604697035946, -31.950409334629366], [-57.672274957208, -31.93971885892717], [-57.650999742113235, -31.928774238443506], [-57.649875784703816, -31.917543043574714], [-57.638348430736436, -31.911328275677178], [-57.62997559119455, -31.91459905792779], [-57.61796527843687, -31.907663113309614], [-57.61951844095751, -31.89916176183162], [-57.63391086803372, -31.89349262394552], [-57.64354006105042, -31.894388126414192], [-57.65053754312874, -31.901450342698848], [-57.65968215774579, -31.901464182833312], [-57.67953605903124, -31.890075818920216], [-57.68351787419732, -31.875550352625933], [-57.67626762665705, -31.85372922456276], [-57.68289472517475, -31.836498595462793], [-57.68775954898438, -31.833888702560387], [-57.70021005282839, -31.8435497086865], [-57.72263486641902, -31.831817565510566], [-57.72369670987555, -31.83008219697877], [-57.72286794173015, -31.819788048778822], [-57.745438695845124, -31.808431479594798], [-57.74596101414983, -31.797258797343652], [-57.752446036742285, -31.790952321496192], [-57.76263121062307, -31.78927772644641], [-57.77661371523573, -31.790618760831055], [-57.78218041277645, -31.7787892402943], [-57.77751522786476, -31.772843280558206], [-57.77070936676531, -31.775621147410163], [-57.76115690205465, -31.758253218231346], [-57.753416679202374, -31.751377614087676], [-57.74683411650741, -31.74039534810001], [-57.739746650391545, -31.738919082171055], [-57.7345124229109, -31.730062133506248], [-57.72825181189466, -31.727953473306933], [-57.721521316516565, -31.716391989822164], [-57.7221793810772, -31.708301377493147], [-57.71766041457516, -31.70449230847181], [-57.700393188784766, -31.711541508781895], [-57.68611097908334, -31.71259145768204], [-57.67564420546655, -31.716912093538944], [-57.65783479916851, -31.700502441501982], [-57.664274951247364, -31.688475912371327], [-57.66073444206588, -31.67745244902521], [-57.66585789353295, -31.67161598225076], [-57.66239095763466, -31.664396832392438], [-57.665702103863346, -31.654949783295475], [-57.66176976258186, -31.646940750021823], [-57.67067443328711, -31.626354229790145], [-57.678995518810574, -31.627583111224418], [-57.68463500630147, -31.61668694086051], [-57.68142028589531, -31.603324075693404], [-57.6750255345211, -31.598898298490827], [-57.678119032423425, -31.592661188788068], [-57.674404129955064, -31.58770903139255], [-57.678508325132256, -31.57988786960339], [-57.66485070316607, -31.572087698585513], [-57.6599377046966, -31.577223868892794], [-57.6568989094101, -31.578177910664174], [-57.64554734812799, -31.570248880811047], [-57.63659491403326, -31.579930313544594], [-57.63467771887764, -31.584458685659108], [-57.61584046991128, -31.584328378937734], [-57.61188675422896, -31.585651237873336], [-57.60109259299552, -31.58377692221297], [-57.59658041471437, -31.58530846897337], [-57.59099503663434, -31.590739460654042], [-57.58352466488839, -31.592130771570638], [-57.57638120799357, -31.59043055942214], [-57.56814337418956, -31.592892638754268], [-57.53530157458351, -31.61025530243287], [-57.531675220312636, -31.61423273927433], [-57.50852447307529, -31.628477146749972], [-57.50470591214503, -31.633353326442446], [-57.49115794982609, -31.640468887987332], [-57.474000660679714, -31.64546372437214], [-57.47058277340713, -31.648339732601237], [-57.45836428402603, -31.6528714310153], [-57.451928829860385, -31.65304322019886], [-57.42803963939626, -31.66193482784343], [-57.41745863783505, -31.661434685584585], [-57.41240250531786, -31.662968373095765], [-57.40498420280839, -31.660274035070668], [-57.39315680183675, -31.66265035917197], [-57.38705990262257, -31.66228458985637], [-57.371108469384176, -31.667525254284467], [-57.36048933852604, -31.680832762972383], [-57.359730053685354, -31.686024382570835], [-57.347280385059626, -31.688182212037013], [-57.33833187020964, -31.703038127493812], [-57.330229507561164, -31.708729342920684], [-57.32794931964747, -31.71349283523854], [-57.31395819968259, -31.729194772725876], [-57.29882753148527, -31.733130195032828], [-57.28815807014903, -31.732705051616676], [-57.27971281313403, -31.734692608230745], [-57.2618555221663, -31.74445944106799], [-57.253027357404775, -31.744988618084353], [-57.23956426551752, -31.755198148929466], [-57.23107459952654, -31.7680131057315], [-57.219099329836766, -31.77629411615228], [-57.21875126958505, -31.784127873251634], [-57.21068933461622, -31.80022374781214], [-57.21491891112672, -31.81038759760265], [-57.21388378889395, -31.820158785996867], [-57.20911992622749, -31.827169701161406], [-57.19418827966851, -31.840836937310304], [-57.1899630834036, -31.847909089028615], [-57.1744230940888, -31.858361757093352], [-57.173496906350735, -31.865513491148654], [-57.148457794446344, -31.866070893845976], [-57.08433691670529, -31.884909111471103], [-57.05430891307128, -31.881734557128443], [-57.00066340846583, -31.89251868923515], [-56.95924140263062, -31.88975850013092], [-56.938663169165785, -31.88268341613232], [-56.89905816573198, -31.88319193025495], [-56.86510834914379, -31.893786475826925], [-56.84439471780566, -31.88816725530861], [-56.81441586163962, -31.893166162281002], [-56.777396414672594, -31.905498521961775], [-56.769934325474466, -31.90126259477487], [-56.74964067131927, -31.89565212106709], [-56.706666958552944, -31.90669195390626], [-56.62221757739325, -31.903807014817225], [-56.6170774891046, -31.91037611830584], [-56.61569705499779, -31.929156011214012], [-56.619159711518805, -31.935489766103597], [-56.61690269564159, -31.94254091636847], [-56.635522171346025, -31.960556200148346], [-56.64699156232312, -31.98556824619451], [-56.658305384081764, -31.98592092297103], [-56.66679580300727, -31.995542715174867], [-56.66756617838893, -32.00758281094297], [-56.675390966364226, -32.013521406607076], [-56.676481475734796, -32.026837531456046], [-56.687320972800535, -32.03833608693155], [-56.69744857335581, -32.04336128479148], [-56.69880742741229, -32.05282370234343], [-56.7034545816126, -32.05798217938687], [-56.7041308892179, -32.06642492029217], [-56.71101407572356, -32.07126095864897], [-56.71061137408568, -32.081135270389886], [-56.73178158904893, -32.09913957939395], [-56.74984872814706, -32.098938311196086], [-56.75450784014292, -32.10930512615731], [-56.749115446420035, -32.118886612675915], [-56.749819853977584, -32.121345087992374], [-56.76217182870133, -32.125271884150216], [-56.77222282725274, -32.13604781533231], [-56.783816574584684, -32.13370125714017], [-56.79406698303984, -32.137132508635204], [-56.79865395723782, -32.14851134629389], [-56.81454627678182, -32.162222734536364], [-56.82451262737071, -32.166077376624095], [-56.83753222019659, -32.18222557194976], [-56.83925060001241, -32.19452875322665], [-56.851955162898626, -32.20016851092208], [-56.85834396583248, -32.211655302745626], [-56.87018043955252, -32.217400754183174], [-56.87225472334654, -32.230324679070755], [-56.88747523938413, -32.234484491942666], [-56.89709159228724, -32.24454848625144], [-56.91336632442889, -32.23508095544778], [-56.92596367267327, -32.23350697475596], [-56.940483773244544, -32.224659885968876], [-56.945987162840545, -32.215387224876125], [-56.96524669338288, -32.21561164473403], [-56.980780827642896, -32.22221333183739], [-56.98914446703386, -32.21633089837825], [-56.99652292136337, -32.20539059459785], [-57.01008750883942, -32.19972134786371], [-57.022108453542266, -32.20127661701924], [-57.03287093078396, -32.191814291182304], [-57.0509494304782, -32.18815118718158], [-57.05979543627541, -32.17943040267191], [-57.07864082403716, -32.17555159509506], [-57.08677625801661, -32.18283791788752], [-57.093864466823256, -32.17898351661044], [-57.10163728229495, -32.18266737050748], [-57.11768167502221, -32.18205050550283], [-57.14046565722408, -32.162273098923535], [-57.15371943966656, -32.1621981979475], [-57.16574737871319, -32.16687229027838], [-57.17776057915529, -32.166241639623884], [-57.1912078650497, -32.154888065706], [-57.212124836807675, -32.16145184012385], [-57.228900608266656, -32.17032896320343], [-57.233854554719166, -32.17494185022786], [-57.24753968276087, -32.18032502572355], [-57.248248839066946, -32.20063002728814], [-57.24940440389389, -32.202373995696746], [-57.26141819847226, -32.19584304950552], [-57.269638159307625, -32.20207308367935], [-57.27767817510642, -32.19397758061763], [-57.28440733961952, -32.19270931684642], [-57.30246886800241, -32.20691497601415], [-57.30988426019747, -32.19673713958143], [-57.33160665873322, -32.19062596914173], [-57.334841408231064, -32.18196692062663], [-57.36114108911405, -32.18398112738735], [-57.36253717747137, -32.190464919531216], [-57.370079953248556, -32.19559000061226], [-57.379058754115334, -32.19196309435636], [-57.391467239990064, -32.193573661772895], [-57.40258937909497, -32.18684997541896], [-57.410748148783625, -32.173238770595894], [-57.42398599055742, -32.171319820947346], [-57.439535787750806, -32.1640631363022], [-57.46096719244026, -32.16485042986424], [-57.47546844810874, -32.16018448450582], [-57.47903615941395, -32.16476380184611], [-57.489250590258244, -32.1659455629853], [-57.49907995754939, -32.16212397130157], [-57.50913685146618, -32.16854133462465], [-57.52020540144321, -32.16242259939603], [-57.527037206155526, -32.16854188757757], [-57.53978858991431, -32.171021514354685], [-57.55706929801556, -32.16644125105332], [-57.57726538422828, -32.157125436907265], [-57.586376937150206, -32.16003458600244], [-57.60868577580628, -32.18256083805142], [-57.62469289702123, -32.184205219752904], [-57.62843733107267, -32.18677949335653], [-57.63815706786706, -32.18025145729242], [-57.64799286553384, -32.18114615606543], [-57.654030803298404, -32.189419367787096], [-57.66740675654943, -32.18591820384697], [-57.674402116167016, -32.17197117415089], [-57.68185531159217, -32.17498960642415], [-57.69022521225457, -32.17121179919895], [-57.69011427482055, -32.16837432359692], [-57.68258504152674, -32.16376147622237], [-57.68858969231128, -32.14877108974529], [-57.7063012484352, -32.15454067200897], [-57.72534804173744, -32.152500731400266], [-57.72315284513854, -32.17003371281038], [-57.72960805128054, -32.17429154875932], [-57.74916905826768, -32.16674861328637], [-57.75838532545417, -32.167560998289844], [-57.77964517000828, -32.16600235913393], [-57.79171947846672, -32.15234883899716], [-57.78935168975471, -32.146530809019346], [-57.79680436862269, -32.14131133837397], [-57.8080370543272, -32.1525530095139], [-57.82080351843207, -32.15441008915257], [-57.822133685951925, -32.15260433462166], [-57.82155706061319, -32.14272914653083], [-57.83324523933374, -32.14784751755801], [-57.84275036658281, -32.14216848667848], [-57.84293684268728, -32.123961824464686], [-57.83325460724604, -32.11999673172099]]], [[[-57.78606843469204, -31.476445071546408], [-57.782490235034395, -31.47807675500435], [-57.7828935065004, -31.480856332732095], [-57.78727810244567, -31.479956742081033], [-57.78606843469204, -31.476445071546408]]], [[[-58.22129910356571, -31.882932316782654], [-58.007120066178175, -31.57241390829541], [-58.001878998291275, -31.55054166672861], [-57.99891812752623, -31.549510414422425], [-57.98598367692697, -31.564744301129984], [-57.98065215561711, -31.57839101519461], [-57.98060473151271, -31.589655523814997], [-57.993404261303205, -31.627099273412227], [-58.002568426667594, -31.64731453330318], [-58.015538314381594, -31.69034670311079], [-58.02118257928317, -31.697176803309397], [-58.03715697031536, -31.72661320930902], [-58.03912437381209, -31.7342217678309], [-58.03719104469896, -31.75170077457752], [-58.038972013846426, -31.757732170075386], [-58.05093040376291, -31.77144758488903], [-58.06827291642431, -31.802251444256854], [-58.086945584127974, -31.821634398173572], [-58.09507916659172, -31.824588931818628], [-58.151070068590286, -31.836424821213246], [-58.19383804403744, -31.85373165440432], [-58.20472516034579, -31.867349904494766], [-58.205530318870814, -31.87130353918968], [-58.19404482361027, -31.910497563104418], [-58.16950357719985, -31.928816136521508], [-58.15820901779794, -31.946035079907737], [-58.15542249756548, -31.952544792330745], [-58.152829107521406, -31.978085079537063], [-58.143297693056354, -31.995113485544564], [-58.13978108248601, -32.00930341110905], [-58.137726745039636, -32.02731968752796], [-58.14290244401251, -32.0593939975928], [-58.1498367292358, -32.074366493469114], [-58.16339289839333, -32.083495395923315], [-58.1675148270577, -32.0898850710503], [-58.169902105557256, -32.08842105251039], [-58.22129910356571, -31.882932316782654]]], [[[-57.996210505832174, -32.55824106670915], [-57.99290161406482, -32.55877148038031], [-57.99389961394902, -32.563361500658225], [-57.99772572847076, -32.56197857771826], [-57.996210505832174, -32.55824106670915]]], [[[-58.1975627763477, -32.47190819196432], [-58.20218176703719, -32.463695545797336], [-58.20273190118855, -32.457766066761856], [-58.1972980045244, -32.43872358845087], [-58.191634280313544, -32.405913383130496], [-58.18539605631898, -32.39595071570057], [-58.18401035300663, -32.37932727815071], [-58.168668089999535, -32.35969847862934], [-58.148424047000006, -32.35413188472165], [-58.120758348245914, -32.28496385629645], [-58.13895273334781, -32.212187548804245], [-58.13665011686353, -32.20973556501933], [-58.12455927249406, -32.22366433898685], [-58.10954356691804, -32.23686742994249], [-58.09794677557831, -32.24089508268981], [-58.09037865293426, -32.23693960464264], [-58.0856222283133, -32.24581837054582], [-58.07654901335352, -32.24133283806415], [-58.068432438641494, -32.24828011853913], [-58.06183744802932, -32.245654753604775], [-58.05643027795739, -32.25174909464774], [-58.05414019963264, -32.26133528649507], [-58.04249855817388, -32.26141775959067], [-58.03964223183781, -32.27565979609007], [-58.03492209748532, -32.28103246820535], [-58.04098832556656, -32.28632999394265], [-58.05548586624367, -32.34735027213353], [-58.0417133755561, -32.37569693794308], [-58.005897875395675, -32.423299794519835], [-57.995158199433675, -32.44946293922421], [-58.00422565231368, -32.466709718008765], [-58.012692871634336, -32.51031976395524], [-58.0208979835372, -32.52400141055159], [-58.01981372394461, -32.53123755614969], [-58.02150864158931, -32.53312989480659], [-58.02483253345964, -32.53179087662509], [-58.0297844143566, -32.52220224344681], [-58.03369411177872, -32.51955548275987], [-58.0335912980883, -32.51763461520897], [-58.030987270824156, -32.51560345452808], [-58.03168366141065, -32.51305934313773], [-58.04110174214715, -32.51170630582941], [-58.04871521345914, -32.506765267865326], [-58.05083040895063, -32.50025479446027], [-58.05042289901067, -32.49322322464108], [-58.06270308286494, -32.478565768252736], [-58.06010905898637, -32.471598277823084], [-58.07416348718638, -32.464641723240085], [-58.08764814127019, -32.46651005504238], [-58.089826796158874, -32.47082181915583], [-58.09526997210841, -32.47229929164406], [-58.10113279535399, -32.46265413621637], [-58.107337002397244, -32.45851995520705], [-58.11271820238373, -32.45887772087132], [-58.11518722355402, -32.47016721516601], [-58.11411573181934, -32.47359202088406], [-58.11905571039943, -32.47794316146718], [-58.135664738937365, -32.46809426137284], [-58.13603151426618, -32.46483902254198], [-58.131394131748635, -32.46488023368293], [-58.13038119998646, -32.45947399697843], [-58.13576239997296, -32.457804423878514], [-58.139497585845945, -32.45887772087132], [-58.14173779114423, -32.46443585373531], [-58.147601039943254, -32.466470303301904], [-58.14750882621573, -32.47138865724555], [-58.149088845403114, -32.47318201965183], [-58.15603399182448, -32.47101461859858], [-58.157983590505424, -32.466231792859055], [-58.17216463517572, -32.47215480218972], [-58.175203430462204, -32.47426164443486], [-58.181153281271875, -32.48524346300176], [-58.183839985878436, -32.486713711293845], [-58.194847808513025, -32.48558439051739], [-58.1975627763477, -32.47190819196432]]]]}}, {"type": "Feature", "properties": {"shapeID": "URY-REST-27058087B51576366641273", "shapeName": "Río Negro, outside any municipio", "shapeGroup": "URY", "shapeType": "ADM2", "parentID": "27058087B51576366641273"}, "geometry": {"type": "MultiPolygon", "coordinates": [[[[-58.09349256198838, -32.805559685092604], [-58.09301517396856, -32.78401018218882], [-58.08654461865641, -32.78097441471044], [-58.08411702344593, -32.78262590935561], [-58.08448173843141, -32.79166040068232], [-58.07253434381105, -32.79592145187795], [-58.05507394986598, -32.79904517966312], [-58.04016203036953, -32.79756552226122], [-58.025561282101094, -32.79904462907981], [-58.01852274483753, -32.79432030490456], [-58.00055905240929, -32.79500012059137], [-57.988073657400854, -32.80165547366193], [-57.98198904635051, -32.795015140862866], [-57.97513033047418, -32.79359962053223], [-57.97209774299105, -32.786720872882086], [-57.95524666541078, -32.78755636004458], [-57.947688093471236, -32.781664131101195], [-57.940349072948464, -32.768916309130184], [-57.92421655552172, -32.7599534364282], [-57.8785117521526, -32.75771706124071], [-57.872923565436366, -32.75159978639839], [-57.86163146932501, -32.751451121575414], [-57.83412442399964, -32.73504971798612], [-57.821451805474524, -32.734068953633525], [-57.79430525069964, -32.719893748101406], [-57.74699813581958, -32.71306183093655], [-57.7393871184931, -32.714376947054426], [-57.68045999682071, -32.71373084638592], [-57.67874009920507, -32.715067861544064], [-57.676469873653176, -32.724372136744094], [-57.65205243101162, -32.741712783553666], [-57.659383063001314, -32.75704878679333], [-57.660107696367916, -32.76473014052212], [-57.63319616328675, -32.77535999482529], [-57.63369239940634, -32.77769215614989], [-57.64167491198857, -32.7834574056752], [-57.6422957258918, -32.79598842090746], [-57.635461411828636, -32.82038111950402], [-57.63049258901565, -32.82515409306889], [-57.621473371710344, -32.821950509924875], [-57.61280362872918, -32.823208547734126], [-57.60362347636781, -32.83029952389512], [-57.58151221670161, -32.82813849784729], [-57.57359961943756, -32.82121766790198], [-57.561612018015836, -32.825951322421375], [-57.55285080801531, -32.83252295063514], [-57.55013200947119, -32.84343006473267], [-57.53325688546216, -32.83242213608746], [-57.516802054915495, -32.83196151863879], [-57.505915450784244, -32.835449136145996], [-57.50104989627446, -32.83112390322171], [-57.500946420800666, -32.81836916479394], [-57.50912636737899, -32.80762844925168], [-57.526583298301524, -32.80609598220663], [-57.52207250773122, -32.786814036919935], [-57.52849144712457, -32.78097024898703], [-57.51886157307563, -32.77517395438224], [-57.51697734833599, -32.76818287245866], [-57.50156884413851, -32.75443682019016], [-57.507594433670896, -32.74626209699027], [-57.50366605465843, -32.735175560365626], [-57.49576805464148, -32.73309956210645], [-57.488433357922375, -32.71932441520157], [-57.48251376256176, -32.716762928716356], [-57.481879472292626, -32.70347820764231], [-57.46242237373761, -32.70527394528073], [-57.45662450774606, -32.69706932947904], [-57.4507483935936, -32.678660579823216], [-57.43933036239841, -32.670139079283786], [-57.43810921199299, -32.662306824714136], [-57.43084065475527, -32.65828059220674], [-57.405985697368855, -32.657605294634465], [-57.407061626463765, -32.641248110281055], [-57.39852964452334, -32.6337350807037], [-57.40060809908957, -32.62171013455771], [-57.384341902173674, -32.62090259374726], [-57.38330847531523, -32.61208340245775], [-57.375540150445865, -32.59740617461311], [-57.37912960200938, -32.58882020514244], [-57.37968185829478, -32.57517654996007], [-57.396457042181616, -32.55466353284257], [-57.48109092173189, -32.555792748710495], [-57.4830135208728, -32.554429887292756], [-57.413753517705686, -32.47133505066957], [-57.43466840806582, -32.464025726898534], [-57.468840835650795, -32.46917270300468], [-57.476112531735716, -32.47501011880909], [-57.48779230366692, -32.47342533930455], [-57.498361577539704, -32.47733876142462], [-57.51813419955578, -32.476782083810726], [-57.529090501658246, -32.48084742578267], [-57.531464327793344, -32.479646821813056], [-57.52850980855587, -32.47418214095391], [-57.527433568558564, -32.468537393806564], [-57.53008968714536, -32.46601182713623], [-57.52761447723826, -32.4609678483193], [-57.519520039166665, -32.46026903178792], [-57.520151939721515, -32.4571412743793], [-57.51747729712967, -32.4554580013859], [-57.51116335212882, -32.4599907696046], [-57.49084140865041, -32.44945655837892], [-57.48785977797305, -32.44151800055209], [-57.47912938515039, -32.43486766962487], [-57.48283251146669, -32.42557705760549], [-57.481799188415096, -32.42228717277458], [-57.47402419953385, -32.419645242986846], [-57.46830367694227, -32.42143158134457], [-57.4604534557855, -32.41944399432086], [-57.45876913240911, -32.41437433148432], [-57.452764009654686, -32.412329477115854], [-57.43425565373451, -32.42013366088115], [-57.43234459938546, -32.42393594099445], [-57.42190571823692, -32.42535514364904], [-57.41512475942868, -32.43363536567017], [-57.40854070297462, -32.43351611044874], [-57.40627041569112, -32.425812816324786], [-57.399303003051514, -32.42135451888377], [-57.387712293615124, -32.42011977390892], [-57.368621439514556, -32.413470142611374], [-57.36335040899722, -32.41415087504799], [-57.35365246311237, -32.41972225650418], [-57.34947411959345, -32.42043778783272], [-57.32105228736987, -32.41221854834977], [-57.31630060438259, -32.417933428182835], [-57.311362562042035, -32.419682504763706], [-57.30532506388025, -32.416414109641586], [-57.298743807554224, -32.416341576451], [-57.29317247412331, -32.41906069371278], [-57.28641778483725, -32.431831515256825], [-57.284963027990656, -32.44126769984123], [-57.280974609177136, -32.445163370407705], [-57.26948961713483, -32.44217097291074], [-57.26147567275548, -32.4440900734149], [-57.25836480396547, -32.438427800415866], [-57.251979437485204, -32.435265187029614], [-57.2448483261476, -32.42587089155314], [-57.22956832224733, -32.42266388529927], [-57.21329921870772, -32.40758597121088], [-57.204751494074316, -32.408432762209486], [-57.19911706114729, -32.4013172006646], [-57.20130563705923, -32.39724150879194], [-57.19933183660833, -32.39144923577153], [-57.19221646351754, -32.38438295922256], [-57.191998977440356, -32.376067359864706], [-57.19072027123787, -32.374442944088955], [-57.18151737177969, -32.3746040310659], [-57.17484448067746, -32.37277388745382], [-57.16581692946616, -32.3761543489444], [-57.16182851065264, -32.375756831539654], [-57.15801522717816, -32.37170132864272], [-57.14679932806736, -32.36499300381229], [-57.14203102836041, -32.36522759566663], [-57.131567174257995, -32.37106612616369], [-57.120354328530794, -32.369822644714084], [-57.11409410136068, -32.37134438834701], [-57.10083261472837, -32.36848631392778], [-57.09003697200929, -32.37619410068487], [-57.08180690144171, -32.37508105195159], [-57.07326028969845, -32.366852441673416], [-57.07134709593466, -32.36129363455988], [-57.05441830983981, -32.35081857402311], [-57.04679744741193, -32.35047472459802], [-57.036353461683916, -32.34310519243378], [-57.031834715972714, -32.344639255898464], [-57.026095654522706, -32.35047472459802], [-57.019828139244325, -32.353297098171694], [-57.01096498632539, -32.353575360355016], [-56.987385048240284, -32.345615361819846], [-56.98197710160727, -32.345235995162255], [-56.95993896912057, -32.35480524808193], [-56.94563088766584, -32.37146364356843], [-56.92991616739191, -32.378384824361774], [-56.9187881959685, -32.38688731887244], [-56.87485228078465, -32.392969335165006], [-56.8542990991134, -32.384427991854324], [-56.838125479473646, -32.38263366002903], [-56.832835744776, -32.383544059621606], [-56.80166796096833, -32.401476207626494], [-56.79521052098454, -32.40004514496942], [-56.78409993404206, -32.392551587243766], [-56.73063612114662, -32.39630848136484], [-56.71683492588713, -32.3955929500363], [-56.699323416405726, -32.38712310852779], [-56.68397795185194, -32.39459915652445], [-56.678705839119125, -32.39302483263515], [-56.67336463838341, -32.39593837506611], [-56.66939295713151, -32.40075834269871], [-56.670556606003274, -32.40461659512396], [-56.66623916017346, -32.41497736881865], [-56.66561856366273, -32.42170984352789], [-56.6491431254937, -32.4279362610968], [-56.64655199638525, -32.430729245910065], [-56.64725917547352, -32.4335956139297], [-56.64441030489243, -32.43836582278661], [-56.64014785421387, -32.43960760168216], [-56.63744639902755, -32.444288832117266], [-56.63354548994093, -32.44551295922757], [-56.632065199041065, -32.44997333100509], [-56.617778528808785, -32.45950990481733], [-56.61383242732212, -32.47052498083028], [-56.610350474389676, -32.47370512006822], [-56.60528581557887, -32.47446040313723], [-56.60171596749906, -32.472508385952985], [-56.59667589560047, -32.474301396175335], [-56.583947224084255, -32.47378733309543], [-56.578759665057206, -32.47676600408474], [-56.57480352291027, -32.47664076003805], [-56.568499447402786, -32.48009788409911], [-56.56755410743827, -32.48427908303437], [-56.56040088086397, -32.4843242554889], [-56.55812118040312, -32.48761822923421], [-56.55041221781744, -32.4915211374221], [-56.54651457949941, -32.5028276200407], [-56.551727048654456, -32.52224199518729], [-56.55078552849417, -32.52737814921448], [-56.563818921565286, -32.54581477728852], [-56.56666691282063, -32.56655473158389], [-56.56999241721544, -32.57547240398621], [-56.577876311613075, -32.58287731093013], [-56.58502718033559, -32.58663981475558], [-56.58743289327073, -32.592324313643395], [-56.58891465408191, -32.605147288172375], [-56.59237093561127, -32.609536817268754], [-56.59349231888267, -32.62311524913357], [-56.5978154438329, -32.6366475042722], [-56.59825860147885, -32.646585439390755], [-56.593717770760215, -32.65678689307803], [-56.594509996715615, -32.65992432086053], [-56.60883107674644, -32.661134576404336], [-56.618833777897805, -32.66626255092552], [-56.6229316464239, -32.67568366938034], [-56.627723093785065, -32.679568875485806], [-56.63643346726539, -32.683316047588974], [-56.64225782489784, -32.689517319102954], [-56.64820879900054, -32.699654012923894], [-56.64877857311676, -32.70398695263558], [-56.64618293547622, -32.714521163861264], [-56.6386481928727, -32.719247586400535], [-56.6355964344994, -32.72956936027989], [-56.63617593229155, -32.738722552339745], [-56.6389657966708, -32.744414472697905], [-56.64054850254918, -32.753199607342715], [-56.6367291139431, -32.769606633934934], [-56.648699117722224, -32.77625157478001], [-56.66485886484111, -32.78007178390331], [-56.66932883999176, -32.785852967332765], [-56.67790036127897, -32.79032773294567], [-56.68306477060985, -32.79511750328352], [-56.6889159941925, -32.79565446616922], [-56.69341087888709, -32.801696730721304], [-56.70436320356549, -32.82507075412017], [-56.70214741533576, -32.829999969938974], [-56.69541101070434, -32.83501500872707], [-56.69350222506651, -32.83854145094387], [-56.695308004944366, -32.845541109824346], [-56.69950243552354, -32.845829114150256], [-56.71148536821956, -32.841986280713535], [-56.72993973056012, -32.82956270079376], [-56.73646047877905, -32.8301192251604], [-56.741525137589875, -32.835763972307745], [-56.73476379637913, -32.84629538403196], [-56.735524914429966, -32.84916911067438], [-56.76161350419259, -32.85301302354076], [-56.7716256321041, -32.848276519932185], [-56.77545170398742, -32.843726903514614], [-56.77767413985208, -32.83532670316253], [-56.78267549042776, -32.834014895726874], [-56.7883099233548, -32.83632049667438], [-56.79242495863859, -32.84109070553129], [-56.79486832436219, -32.85273620430495], [-56.80043965951498, -32.85564852335256], [-56.80723908566023, -32.85579884950677], [-56.81027788094673, -32.859137995706604], [-56.80736570213051, -32.86215912798265], [-56.794833939185494, -32.867627770290774], [-56.79313836557523, -32.870842602071846], [-56.794642846928035, -32.873870209168444], [-56.80120135952594, -32.87582067348477], [-56.81135412094402, -32.8699504691156], [-56.81667201269538, -32.86907593082517], [-56.825092007968365, -32.87066600044414], [-56.82990343383865, -32.87591323018674], [-56.835854407941355, -32.88926981498609], [-56.83560117500082, -32.89471580343107], [-56.83262568794946, -32.898174204852324], [-56.81604437711935, -32.90757829494605], [-56.813281573289764, -32.91150678321571], [-56.816848967317746, -32.91902611318313], [-56.82464673544691, -32.92202343897554], [-56.84876928790894, -32.90509100769485], [-56.86276040787382, -32.90914568522322], [-56.873591267700334, -32.926314487689226], [-56.87867026398584, -32.929482690485536], [-56.88909663369009, -32.93120790118643], [-56.892198737211714, -32.933791764317256], [-56.89530084073333, -32.94142409848832], [-56.89131242191982, -32.949056432659376], [-56.88396866664412, -32.956847773792326], [-56.871611114409895, -32.958658147069244], [-56.86681306439431, -32.961174034255706], [-56.8659661220344, -32.96322088289461], [-56.86786850627266, -32.966052049880815], [-56.87453573960897, -32.966348439765675], [-56.90282538455396, -32.97391680544771], [-56.90705069724129, -32.97330961205937], [-56.91245737245498, -32.951362033606884], [-56.916192558327964, -32.9476253700023], [-56.92206648472005, -32.94628148556537], [-56.928545761606934, -32.94198314980178], [-56.93632457710096, -32.933911019538684], [-56.94056622885502, -32.9343482886839], [-56.94487118884422, -32.93760793140279], [-56.956899753519906, -32.961856493092085], [-56.95449404058478, -32.967938509384645], [-56.94488049093651, -32.967825737162684], [-56.9383731264847, -32.97067402655643], [-56.93488553548023, -32.974475647261], [-56.935674260615805, -32.97815064619702], [-56.94273744268373, -32.97986583465248], [-56.972157038187504, -32.9690913098584], [-56.98709778167941, -32.96762049546085], [-56.998619880474024, -32.970641627736896], [-57.00121551811456, -32.976127367922345], [-56.998809805179434, -32.982487646398226], [-56.994124995779416, -32.98666157914802], [-56.986401391092926, -32.991233029302556], [-56.96994673424028, -32.99257706062577], [-56.965955936447244, -32.99589195711866], [-56.96483797530969, -33.02184405274013], [-56.96632706535538, -33.02816240569235], [-56.970858936062626, -33.03144069560274], [-56.97895703932695, -33.031220386879504], [-56.9915865501463, -33.02493291101507], [-56.99950619576592, -33.01862197848932], [-57.003747847519975, -33.01874123371074], [-57.008674814802234, -33.02132198578366], [-57.02287818317147, -33.01847333264048], [-57.03400918391462, -33.01198343783012], [-57.04314363103156, -33.01197004743024], [-57.04911695467486, -33.00930047240987], [-57.06319428031196, -32.99584423119757], [-57.07775517439306, -32.99095476711924], [-57.11884221899582, -32.997553556037964], [-57.1270722895634, -33.001488978344916], [-57.12827514603097, -33.008087767263646], [-57.118639677291235, -33.01358076103114], [-57.11931366279327, -33.01801305137022], [-57.12669244015258, -33.019178502855965], [-57.13903754600396, -33.02434622911761], [-57.162220536383614, -33.038864963481835], [-57.18687898525256, -33.04391964973291], [-57.195318567039166, -33.0435065680262], [-57.20031991761485, -33.04652770030225], [-57.199433602322955, -33.051973688747225], [-57.191882822877204, -33.059373630584446], [-57.18816473646889, -33.07371789078664], [-57.18436624236078, -33.08019742448394], [-57.17803541884726, -33.08091295581248], [-57.16965652882259, -33.07407969927197], [-57.157741044353884, -33.071028328007586], [-57.148052505192005, -33.07147726685404], [-57.131625196524176, -33.07819460941059], [-57.12716457514774, -33.084717808587556], [-57.12004782452123, -33.109176601070466], [-57.12051849209592, -33.11429072293795], [-57.12800444439026, -33.119006040883754], [-57.14214127326697, -33.12000715163317], [-57.158599790660745, -33.11498019739892], [-57.167336327109396, -33.11398640388706], [-57.17816203531753, -33.12002866843915], [-57.184138587066485, -33.12744598840237], [-57.19772427997431, -33.130523127924356], [-57.220309636550525, -33.141151195919015], [-57.226694725032104, -33.13929565686955], [-57.23482290576355, -33.1251963947008], [-57.24115372927707, -33.11788207445354], [-57.25356214336358, -33.11975040625583], [-57.260259915366596, -33.128306821808], [-57.27110552416673, -33.13154407220268], [-57.27507102326135, -33.126852628068185], [-57.277935813890636, -33.11657026701789], [-57.30604467029069, -33.091685677481], [-57.32528785824748, -33.084485198162724], [-57.345232467839395, -33.07328062164142], [-57.361882533679946, -33.0689874336702], [-57.38106492892592, -33.06624456357748], [-57.39879123476379, -33.06624456357748], [-57.40353935239894, -33.07141228983913], [-57.406589411365545, -33.08253832664691], [-57.411003075043205, -33.0905592062213], [-57.43176352925668, -33.091810444614076], [-57.43862296901035, -33.08648540649152], [-57.442220684066555, -33.071849558984354], [-57.45186651085031, -33.05444710140953], [-57.45418594050712, -33.03631150300036], [-57.45950383225848, -33.02422697389619], [-57.47874953573958, -33.01746917801557], [-57.489068778066624, -33.01687290190846], [-57.502496558154185, -33.020485386638974], [-57.509276381304176, -33.0186467937169], [-57.527306952088296, -33.000892702237806], [-57.533004693250476, -33.00077344701638], [-57.539335516764, -33.00451011062096], [-57.54617887401339, -33.01402873230837], [-57.55156769838695, -33.01783708272996], [-57.57409173785324, -33.02371020127003], [-57.57784506095774, -33.026082374806954], [-57.58915909781541, -33.02812264446267], [-57.60184829756067, -33.03541245785795], [-57.61967366715059, -33.04004816660495], [-57.62277577067222, -33.04605067941656], [-57.620573973462, -33.05312910066642], [-57.61961085597616, -33.06883272009027], [-57.62332847430011, -33.07763027210855], [-57.628490453021385, -33.08120475302107], [-57.65430637304982, -33.07997724955326], [-57.66829439173445, -33.06564828747037], [-57.67633453759662, -33.0625078999729], [-57.705708115275094, -33.06074963085759], [-57.7252857260273, -33.055708436592], [-57.73590758685887, -33.042194760590554], [-57.740592396258876, -33.03984940790257], [-57.750215247999435, -33.03837859350503], [-57.76319343620216, -33.040763697933485], [-57.78168869789262, -33.05622390642479], [-57.79055591872971, -33.05629406465259], [-57.797057891765995, -33.05415230248198], [-57.81073792078871, -33.04064444271206], [-57.8270714454536, -33.02999097626496], [-57.84975496930795, -33.0247968097675], [-57.857775939494175, -33.0200530411464], [-57.866132626532035, -33.0185027232679], [-57.87585454885778, -33.02202955727744], [-57.88219769545709, -33.0176733195147], [-57.88188260742028, -33.0051143648566], [-57.87416344412825, -33.002327637304816], [-57.873542953661676, -32.99208556720341], [-57.880942124911506, -32.98207121774012], [-57.879755637966426, -32.97181963350677], [-57.8863969276792, -32.96681796214675], [-57.880377084965126, -32.95921062578795], [-57.882409934590214, -32.949959857173596], [-57.880273337213715, -32.93608612280051], [-57.88555390389551, -32.92832885210092], [-57.89697748265564, -32.92150436101404], [-57.89259690486938, -32.90423255771987], [-57.903710436658066, -32.89337554832189], [-57.90989046449527, -32.86954476621867], [-57.91440862445772, -32.86569484463562], [-57.92497685029587, -32.866767111087825], [-57.93959800366241, -32.8538679226], [-57.94468442074998, -32.84656920625318], [-57.95276028541442, -32.846047037085], [-57.96849916073502, -32.84970209941793], [-57.97139510527014, -32.85786939505289], [-57.97397328299042, -32.85866027747228], [-57.97979008659038, -32.849551807599504], [-58.00038577261952, -32.828953081274804], [-58.00588618040898, -32.820086852682465], [-58.021638409725306, -32.82139572035428], [-58.033949663208226, -32.80844895830773], [-58.061908234932986, -32.806883053123826], [-58.087465354577155, -32.81978667183078], [-58.09973053529915, -32.81559748043982], [-58.09349256198838, -32.805559685092604]]], [[[-57.773830436835034, -32.588417928846354], [-57.77553537641256, -32.58984948941411], [-57.77855844851109, -32.58884324487323], [-57.7790628432705, -32.585184443365996], [-57.774151265031236, -32.58331877249804], [-57.773830436835034, -32.588417928846354]]], [[[-57.806843872974596, -32.57458638790107], [-57.81457596910365, -32.57784732460606], [-57.81663075861106, -32.57381969910241], [-57.811384931708375, -32.57057982277324], [-57.8079714698665, -32.57109859920768], [-57.806843872974596, -32.57458638790107]]], [[[-58.41984865232858, -33.36343195120795], [-58.41858195089221, -33.35655561196824], [-58.41610867804913, -33.35360884454205], [-58.39285121403012, -33.340197859763926], [-58.371142418205736, -33.33285948693832], [-58.35575851706787, -33.32459112491967], [-58.352403180605705, -33.318429605146164], [-58.35308347140391, -33.313128525037406], [-58.35145355707867, -33.31055876053226], [-58.356195555234216, -33.30232246036724], [-58.35379596177869, -33.29569160959489], [-58.354015453012906, -33.28598073385498], [-58.35170679001922, -33.28344807352882], [-58.3513450052106, -33.276816997911716], [-58.34588243238677, -33.26619581816299], [-58.35476146942945, -33.26251188873093], [-58.356545632684536, -33.25865789470394], [-58.35430242765976, -33.24775101058293], [-58.35805630091492, -33.24329814557935], [-58.35550528412733, -33.23701804065489], [-58.35575851706787, -33.23276460442414], [-58.358410931417026, -33.22650772636981], [-58.36001686724992, -33.21378317436797], [-58.35951514432634, -33.20608518469617], [-58.3545556606003, -33.197067541478255], [-58.35575851706787, -33.191820311735654], [-58.361565032018966, -33.18667868871419], [-58.360506634703015, -33.183035177090844], [-58.36164687657869, -33.18042233242514], [-58.357657764121925, -33.170394123620035], [-58.36189514277672, -33.166168980100814], [-58.35999981494355, -33.149036334484336], [-58.352688588956276, -33.12882947052405], [-58.346958672384076, -33.128058520014946], [-58.34360333592191, -33.12567341558649], [-58.341794688995414, -33.12109256337793], [-58.3340881274361, -33.11764674911283], [-58.32150876185972, -33.11947214407251], [-58.31884981598404, -33.11784232271307], [-58.31910092866081, -33.11508025818428], [-58.316323262797184, -33.11302533717334], [-58.307201100719155, -33.11283360341331], [-58.30578383374706, -33.11014085230674], [-58.301942280616515, -33.10882147609166], [-58.28869620441426, -33.11268604849335], [-58.28124472431371, -33.118557854041605], [-58.278634153065376, -33.11836801727279], [-58.27725630550019, -33.12114171717243], [-58.27301465374613, -33.12169824153907], [-58.264294168970466, -33.11063789477736], [-58.256681129081244, -33.110488250725325], [-58.2460127204209, -33.10584696956927], [-58.242416064919986, -33.105758185817535], [-58.239144747948785, -33.109255946770624], [-58.22876040995924, -33.1090607074672], [-58.22401407975147, -33.113668389963266], [-58.216859687534885, -33.112436873095724], [-58.21439122801091, -33.11509945262034], [-58.20948962023016, -33.111120891166216], [-58.20208657591329, -33.11112211100622], [-58.19799439511088, -33.11275409993236], [-58.19470236688386, -33.11164105119908], [-58.19552537394061, -33.099636025575855], [-58.19976702569467, -33.09907950120922], [-58.20480308294876, -33.100783008376446], [-58.20937751018504, -33.09839143744961], [-58.21075703231456, -33.09604909399781], [-58.209769726846034, -33.09335525058092], [-58.213545778779256, -33.091475651341675], [-58.21289543279064, -33.08731355077424], [-58.20234310015038, -33.08360228159112], [-58.188814701016284, -33.0825825289124], [-58.17615305398924, -33.07650051261984], [-58.165643886956786, -33.06862966800593], [-58.146237775496324, -33.04752518256777], [-58.11664787264561, -33.0631687558161], [-58.103805363146336, -33.06828563493897], [-58.103271951592674, -33.089054443421276], [-58.10923073200719, -33.09356473110787], [-58.10478042544452, -33.100125871587466], [-58.07334440042656, -33.08418705621213], [-58.064208804277776, -33.077095528948114], [-58.05778599441004, -33.08046943418917], [-58.057971654409215, -33.0909530283807], [-58.05351871634335, -33.112808411107274], [-58.0468212423335, -33.11392939189465], [-58.045516114408024, -33.11568454862563], [-58.054031468413385, -33.13187468710048], [-58.05466455076474, -33.13668464769786], [-58.05244876253501, -33.14399896794512], [-58.042342909716616, -33.15621078357987], [-58.04023027315391, -33.16832703311537], [-58.03146881649632, -33.180374076942925], [-58.03086065435389, -33.19778307280679], [-58.026859169072594, -33.20518834978525], [-58.024403214370096, -33.215631604279736], [-58.014997318956844, -33.22247375014292], [-58.01052749781865, -33.23625366177372], [-58.01291595409611, -33.24078544714517], [-58.04915099347181, -33.241672624959826], [-58.05947096549634, -33.23796181504752], [-58.06909882837557, -33.23192981787418], [-58.104488131816154, -33.22664283639111], [-58.12006195765943, -33.227795636864855], [-58.132470371745924, -33.23395715663837], [-58.13639548232432, -33.24385534001646], [-58.133989769389174, -33.25677465567059], [-58.12886180234322, -33.26595730772014], [-58.11291207360209, -33.28284316691755], [-58.111421470156856, -33.28840520726183], [-58.11343644671252, -33.293939618342314], [-58.12918185829654, -33.305146601635904], [-58.140603225004874, -33.310696656677784], [-58.15133530293329, -33.31196857534733], [-58.18064793868383, -33.301853129368396], [-58.191567744144166, -33.300363620308985], [-58.2026792045109, -33.29497607826635], [-58.21451784448118, -33.292948739502165], [-58.22597663504065, -33.2978382035805], [-58.2345032113943, -33.30762418330663], [-58.24833420624877, -33.315589877191115], [-58.2596566161326, -33.31767432207715], [-58.26237887024341, -33.32033768868892], [-58.2742175102137, -33.33655639880242], [-58.275077597277445, -33.35484284770218], [-58.286205883855956, -33.36459487586075], [-58.28941148664616, -33.363031057958274], [-58.30081065541732, -33.3690643330375], [-58.31505132187593, -33.37189569608404], [-58.327471360106784, -33.37790870877187], [-58.33118747488346, -33.376847868510886], [-58.33214454536244, -33.374400055733915], [-58.34024799945975, -33.376109380574306], [-58.34259286899136, -33.37904791112237], [-58.34632559003272, -33.37865349196466], [-58.355308155685115, -33.3827946943713], [-58.37930918053817, -33.38326469385967], [-58.38149595057941, -33.386044917462], [-58.38842556639764, -33.3884721718618], [-58.3976339131817, -33.400518355133684], [-58.406848262821995, -33.40162999795878], [-58.40949962945608, -33.40492915679509], [-58.41923899232852, -33.41001294282965], [-58.424158768012866, -33.40333523944068], [-58.41881351926256, -33.395865995590015], [-58.416154573386876, -33.38453674955485], [-58.41609126515175, -33.372452220450675], [-58.41984865232858, -33.36343195120795]]]]}}]}