"Attribution","Nunaliit_ID","Nunaliit_revision_code","ALI_unique_ID_place","province_Persian","province_roman","shahrestan_Persian","shahrestan_roman","bakhsh_Persian","bakhsh_roman","city_Persian","city_roman","dehestan_Persian","dehestan_roman","settlement_Persian","settlement_roman","local_name","local_name_source","population_2011_census","population_2011_comment","population_2016_census","population_2016_comment","language_distribution_estimate","language_distribution_source","latitude","longitude","notes"
"(c) Atlas of the Languages of Iran (ALI) and Contributors, 2015-present. Data are available under a CC BY (Attribution Only) licence.","","","","","","","","","","","","","","","","","","","","","","","","","",""
"","4f4d71a22140547a1ad9eb75700acf90","14-0970a1a44e141859fe390a282cfadb1e","1140000","چهارمحال و بختیاری","Chahār Mahāl va Bakhtiāri","","","","","","","","","","","","","895263","","","","","","","",""
"","4f4d71a22140547a1ad9eb75700acc6b","14-3341bae1b043dbc6c6326d356010ab45","1140001","چهارمحال و بختیاری","Chahār Mahāl va Bakhtiāri","بروجن","Borujen","","","","","","","","","","","118681","","","","","","","",""
"","4f4d71a22140547a1ad9eb75700ac172","14-325fddc966596c99d9518220e21caeb5","1140002","چهارمحال و بختیاری","Chahār Mahāl va Bakhtiāri","بروجن","Borujen","گندمان","Gandomān","","","","","","","","","15768","","","","","","","",""
"","4f4d71a22140547a1ad9eb75700abaa5","14-0870d4e3b4e1c4b6bd9faa5ac42009fe","1140003","چهارمحال و بختیاری","Chahār Mahāl va Bakhtiāri","بروجن","Borujen","گندمان","Gandomān","","","گندمان","Gandomān","","","","","4855","","","","","","","",""
"","4f4d71a22140547a1ad9eb75700aab92","16-79636d4400849f560de1ff19d303edda","1140004","چهارمحال و بختیاری","Chahār Mahāl va Bakhtiāri","بروجن","Borujen","گندمان","Gandomān","","","گندمان","Gandomān","چرمینه","Charmineh","Charmine","Morteza Taheri, field notes 2015","22","","","","Bakhtiāri 100%","Morteza Taheri, field notes 2015",31.871633362226447,51.09251420590733,""
"","4f4d71a22140547a1ad9eb75700a9d18","17-dfdf5d3704b93ebcdbd47f01a1a70f77","1140005","چهارمحال و بختیاری","Chahār Mahāl va Bakhtiāri","بروجن","Borujen","گندمان","Gandomān","","","گندمان","Gandomān","حسین آباد","Hoseyn Ābād","Hoseyn Ābād","Morteza Taheri, field notes 2015","253","","","","Bakhtiāri 100%","Morteza Taheri, field notes 2015",31.863341720918807,51.09016459080995,""
"","4f4d71a22140547a1ad9eb75700a9b1c","16-ba541638e2d54697cc77fd486c6b2f1c","1140006","چهارمحال و بختیاری","Chahār Mahāl va Bakhtiāri","بروجن","Borujen","گندمان","Gandomān","","","گندمان","Gandomān","سناجان","Sanājān","Sanāgun, Sanājun","Morteza Taheri, field notes 2015","169","","","","Bakhtiāri 100%","Morteza Taheri, field notes 2015",31.88281702237549,51.08893136408639,""
"","4f4d71a22140547a1ad9eb75700a9152","16-c81182dd57e79d00aef77a985a123438","1140007","چهارمحال و بختیاری","Chahār Mahāl va Bakhtiāri","بروجن","Borujen","گندمان","Gandomān","","","گندمان","Gandomān","کتک سفلی","Katak Soflā","Katak Soflā","Morteza Taheri, field notes 2015","20","","","","Bakhtiāri 100%","Morteza Taheri, field notes 2015",31.857801395453247,51.10335033032547,""
"","4f4d71a22140547a1ad9eb75700a8f0c","16-5edab1cc182635b4e7c42b422ec608f4","1140008","چهارمحال و بختیاری","Chahār Mahāl va Bakhtiāri","بروجن","Borujen","گندمان","Gandomān","","","گندمان","Gandomān","کتک علیا","Katak Oliā","Katak Owliā","Morteza Taheri, field notes 2015","58","","","","Bakhtiāri 100%","Morteza Taheri, field notes 2015",31.85483973624228,51.10016386601655,""
"","4f4d71a22140547a1ad9eb75700a86ce","16-1e745a5ea3301a281aa4c3448e582ae3","1140009","چهارمحال و بختیاری","Chahār Mahāl va Bakhtiāri","بروجن","Borujen","گندمان","Gandomān","","","گندمان","Gandomān","معموره","Ma'mureh","Mahmure","Morteza Taheri, field notes 2015","587","","","","Bakhtiāri 100%","Morteza Taheri, field notes 2015",31.890998167120518,51.15402488571106,""
"","4f4d71a22140547a1ad9eb75700b1c29","16-1215816947178dc4587fa1b921cfb203","1140010","چهارمحال و بختیاری","Chahār Mahāl va Bakhtiāri","بروجن","Borujen","گندمان","Gandomān","","","گندمان","Gandomān","کنرک بالا","Konark Bālā","Konark Bālā","Morteza Taheri, field notes 2015","1007","","","","Bakhtiāri 100%","Morteza Taheri, field notes 2015",31.800422662032286,51.14910654120645,""
"","4f4d71a22140547a1ad9eb75700b1065","16-52960008bd2aa297db93b88f4af3410f","1140011","چهارمحال و بختیاری","Chahār Mahāl va Bakhtiāri","بروجن","Borujen","گندمان","Gandomān","","","گندمان","Gandomān","کنرک پائین","Konark Pāin","Konark Pāin","Morteza Taheri, field notes 2015","307","","","","Bakhtiāri 100%","Morteza Taheri, field notes 2015",31.816761242475067,51.15007213645247,""
"","4f4d71a22140547a1ad9eb75700b0ed0","18-f4e05ff67a972e7a860971b21a5a3ba1","1140012","چهارمحال و بختیاری","Chahār Mahāl va Bakhtiāri","بروجن","Borujen","گندمان","Gandomān","","","گندمان","Gandomān","نصیرآباد","Nasir Ābād","Nesir Ābād","Morteza Taheri, field notes 2015","433","","","","Bakhtiāri 100%","Morteza Taheri, field notes 2015",31.80464305875882,51.08866353327988,""
"","4f4d71a22140547a1ad9eb75700b0077","18-b38b77c7447c4a0b59cfd1753c93b53d","1140013","چهارمحال و بختیاری","Chahār Mahāl va Bakhtiāri","بروجن","Borujen","گندمان","Gandomān","","","گندمان","Gandomān","وستگان","Vastegān","Vastegun","Morteza Taheri, field notes 2015","587","","","","Bakhtiāri 100%","Morteza Taheri, field notes 2015",31.76423280722255,51.10846896464314,""
"","4f4d71a22140547a1ad9eb75700af330","18-4f67dc482228a6700f6d3180a1b39b42","1140014","چهارمحال و بختیاری","Chahār Mahāl va Bakhtiāri","بروجن","Borujen","گندمان","Gandomān","","","گندمان","Gandomān","بیژگرد","Bizhgerd","Bizhgerd","Morteza Taheri, field notes 2015","645","","","","Bakhtiāri 92%; Turkic 8%","Morteza Taheri, field notes 2015",31.781370694230972,51.18977872390901,""
"","4f4d71a22140547a1ad9eb75700af322","16-382692854b2f5b49e5c3f58924ed33e7","1140015","چهارمحال و بختیاری","Chahār Mahāl va Bakhtiāri","بروجن","Borujen","گندمان","Gandomān","","","گندمان","Gandomān","مورچگان","Murchegān","Murchegun","Morteza Taheri, field notes 2015","767","","","","Bakhtiāri 100%","Morteza Taheri, field notes 2015",31.756005788052956,51.136983179978486,""
"","4f4d71a22140547a1ad9eb75700aef7e","14-019a4696030794f772c57db7a87d0ba9","1140016","چهارمحال و بختیاری","Chahār Mahāl va Bakhtiāri","بروجن","Borujen","گندمان","Gandomān","","","دوراهان","Do Rāhān","","","","","5152","","","","","","","",""
"","4f4d71a22140547a1ad9eb75700ae461","18-2375933ce2b022b49510fb169b0b6a11","1140017","چهارمحال و بختیاری","Chahār Mahāl va Bakhtiāri","بروجن","Borujen","گندمان","Gandomān","","","دوراهان","Do Rāhān","تگرگ آب","Tagarg Āb","Tagarg Ow","Morteza Taheri, field notes 2015","98","","","","Bakhtiāri 55%; Turkic 45%","Morteza Taheri, field notes 2015",31.70022956957904,51.25950053910589,""
"","4f4d71a22140547a1ad9eb75700ad6b1","16-135eb5c9f1c2a27c92e9e5ec1a5de0fc","1140018","چهارمحال و بختیاری","Chahār Mahāl va Bakhtiāri","بروجن","Borujen","گندمان","Gandomān","","","دوراهان","Do Rāhān","کردشامی","Kord-e Shāmi","Kord-e Shāmi","Morteza Taheri, field notes 2015","640","","","","Bakhtiāri 100%","Morteza Taheri, field notes 2015",31.772709766559373,51.23623972317197,""
"","4f4d71a22140547a1ad9eb75700ad3b8","24-509efc4b796abc05f855c9fb26efd5eb","1140019","چهارمحال و بختیاری","Chahār Mahāl va Bakhtiāri","بروجن","Borujen","گندمان","Gandomān","","","دوراهان","Do Rāhān","گدارکبک","Godār Kabk","Godār Kowg","Morteza Taheri, field notes 2015","142","","","","Bakhtiāri 95%; Turkic 5%","Morteza Taheri, field notes 2015",31.709197638392364,51.25319011096438,""
"","4f4d71a22140547a1ad9eb75700b7a03","16-0a650c3a4336c94067fe2566b68eb6c5","1140020","چهارمحال و بختیاری","Chahār Mahāl va Bakhtiāri","بروجن","Borujen","گندمان","Gandomān","","","دوراهان","Do Rāhān","چشمه علی","Cheshmeh Ali","Cheshme Ali","Morteza Taheri, field notes 2015","63","","","","Bakhtiāri 100%","Morteza Taheri, field notes 2015",31.61239054846144,51.235737274424665,""
"","4f4d71a22140547a1ad9eb75700b6a43","18-56aeaeff15ad3833fedb05c2bbb17f0c","1140021","چهارمحال و بختیاری","Chahār Mahāl va Bakhtiāri","بروجن","Borujen","گندمان","Gandomān","","","دوراهان","Do Rāhān","له دراز","Lah Derāz","Lah Derāz","Morteza Taheri, field notes 2015","159","","","","Bakhtiāri 90%; Turkic 10%","Morteza Taheri, field notes 2015",31.65134853129922,51.23208458560079,""
"","4f4d71a22140547a1ad9eb75700b6863","26-62daed8eebc614a1d3a35417f26f4f27","1140022","چهارمحال و بختیاری","Chahār Mahāl va Bakhtiāri","بروجن","Borujen","گندمان","Gandomān","","","دوراهان","Do Rāhān","سولگان، سولیجان","Sulegān, Sulijān","Siligān (Turkic), Silegun (Bakhtiāri)","Morteza Taheri, field notes 2015","259","","","","Turkic 70%; Bakhtiāri 30%","Morteza Taheri, field notes 2015",31.636055931522716,51.27022800349591,""
"","4f4d71a22140547a1ad9eb75700b5edb","16-6919fc99ae260072f72d01a4c2ebc63e","1140023","چهارمحال و بختیاری","Chahār Mahāl va Bakhtiāri","بروجن","Borujen","گندمان","Gandomān","","","دوراهان","Do Rāhān","دوراهان","Do Rāhān","Do Rāhun","Morteza Taheri, field notes 2015","750","","","","Bakhtiāri 100%","Morteza Taheri, field notes 2015",31.61896327728604,51.19031129504976,""
"","4f4d71a22140547a1ad9eb75700b51da","16-7f6740bb042d41456f084c0e750b78c0","1140024","چهارمحال و بختیاری","Chahār Mahāl va Bakhtiāri","بروجن","Borujen","گندمان","Gandomān","","","دوراهان","Do Rāhān","ده توت","Deh Tut","Deh Tut","Morteza Taheri, field notes 2015","109","","","","Bakhtiāri 100%","Morteza Taheri, field notes 2015",31.63722329170881,51.19889290881293,""
"","4f4d71a22140547a1ad9eb75700b4750","16-2329210a74f53da358d96417525d3996","1140025","چهارمحال و بختیاری","Chahār Mahāl va Bakhtiāri","بروجن","Borujen","گندمان","Gandomān","","","دوراهان","Do Rāhān","ده خدا","Deh Khodā","Deh Khodā","Morteza Taheri, field notes 2015","65","","","","Bakhtiāri 100%","Morteza Taheri, field notes 2015",31.58171186786487,51.200949725830945,""
"","4f4d71a22140547a1ad9eb75700b3e06","16-7fa7aff6274a312779e802a9f6213899","1140026","چهارمحال و بختیاری","Chahār Mahāl va Bakhtiāri","بروجن","Borujen","گندمان","Gandomān","","","دوراهان","Do Rāhān","ده علی","Deh Ali","Deh Ali","Morteza Taheri, field notes 2015","","(less than 3 households; population not specified in 2011 Census for reasons of privacy)","","","Bakhtiāri 100%","Morteza Taheri, field notes 2015",31.650633265582982,51.200909929992235,""
"","4f4d71a22140547a1ad9eb75700b328d","16-5755367a8222844d4c26a5f67cf86537","1140027","چهارمحال و بختیاری","Chahār Mahāl va Bakhtiāri","بروجن","Borujen","گندمان","Gandomān","","","دوراهان","Do Rāhān","سرپیر","Sar Pir","Sar Pir","Morteza Taheri, field notes 2015","16","","","","Bakhtiāri 100%","Morteza Taheri, field notes 2015",31.63980326240907,51.13868343462348,""
"","4f4d71a22140547a1ad9eb75700b2fc7","16-d94938ca30e8fa2ff7ef89bedc684414","1140028","چهارمحال و بختیاری","Chahār Mahāl va Bakhtiāri","بروجن","Borujen","گندمان","Gandomān","","","دوراهان","Do Rāhān","گردبیشه","Gerd-e Bisheh","Gerd-e Bishe","Morteza Taheri, field notes 2015","33","","","","Bakhtiāri 100%","Morteza Taheri, field notes 2015",31.575982889379368,51.2015353870771,""
"","4f4d71a22140547a1ad9eb75700b2aa5","25-7d9fd134bf43e3f5ee468f7c8763c695","1140029","چهارمحال و بختیاری","Chahār Mahāl va Bakhtiāri","بروجن","Borujen","گندمان","Gandomān","","","دوراهان","Do Rāhān","امام قیس","Emām Qeys","Emām Gheys","Morteza Taheri, field notes 2015","2813","","","","Bakhtiāri 87%; Turkic 8%; Tehrāni type Persian 5%","Morteza Taheri, field notes 2015",31.750082788735554,51.30536412560649,""
"","4f4d71a22140547a1ad9eb75700bbeeb","16-0d6b935a3a0ff765a57977212e88c643","1140030","چهارمحال و بختیاری","Chahār Mahāl va Bakhtiāri","بروجن","Borujen","گندمان","Gandomān","گندمان","Gandomān","","","","","Gandomun","Morteza Taheri, field notes 2015","5761","","","","Bakhtiāri 100%","Morteza Taheri, field notes 2015",31.863974546935793,51.15375236604282,""
"","4f4d71a22140547a1ad9eb75700bbd12","14-87efaba59db00453456794735efe0d9b","1140031","چهارمحال و بختیاری","Chahār Mahāl va Bakhtiāri","بروجن","Borujen","مرکزی","Gandomān","","","","","","","","","82225","","","","","","","",""
"","4f4d71a22140547a1ad9eb75700bb4cd","14-0b56100bdcaca6a8992bd32eb01e9751","1140032","چهارمحال و بختیاری","Chahār Mahāl va Bakhtiāri","بروجن","Borujen","مرکزی","Markazi","","","حومه","Humeh","","","","","1228","","","","","","","",""
"","4f4d71a22140547a1ad9eb75700bae35","16-765f9297b22af3aaaee14605143c346a","1140033","چهارمحال و بختیاری","Chahār Mahāl va Bakhtiāri","بروجن","Borujen","مرکزی","Markazi","","","حومه","Humeh","دهنو","Deh Now","Deh Now","Morteza Taheri, field notes 2015","1219","","","","Rural Chārmahāli 100%","Morteza Taheri, field notes 2015",32.05235936392242,51.109131282499376,""
"","4f4d71a22140547a1ad9eb75700bacc2","19-88f5a86d241987b880a51c9963e5226d","1140034","چهارمحال و بختیاری","Chahār Mahāl va Bakhtiāri","بروجن","Borujen","مرکزی","Markazi","","","حومه","Humeh","قطب صنعتی","Qotb San'ati","Ghot Sanati","Morteza Taheri, field notes 2015","9","","","","mixed 100%","Morteza Taheri, field notes 2015",31.979291901856765,51.34704116539655,""
"","4f4d71a22140547a1ad9eb75700ba1f6","27-d6fd3e94243fea692bdc809299237162","1140035","چهارمحال و بختیاری","Chahār Mahāl va Bakhtiāri","بروجن","Borujen","مرکزی","Markazi","بروجن","Borujen","","","","","Urjen","Morteza Taheri, field notes 2015","52694","","","","Urjeni 50%; Tehrāni type Persian 20%; Turkic 15%; Bakhtiāri 15%","Morteza Taheri, field notes 2015",31.967596580313696,51.28895778142647,""
"","4f4d71a22140547a1ad9eb75700b9d74","18-bed01ab13107e0575888ac983a6835cf","1140036","چهارمحال و بختیاری","Chahār Mahāl va Bakhtiāri","بروجن","Borujen","مرکزی","Markazi","فرادنبه","Farādonbeh","","","","","Farādombe","Morteza Taheri, field notes 2015","13139","","","","Turkic 100%","Morteza Taheri, field notes 2015",32.00990286177756,51.211305521082835,""
"","4f4d71a22140547a1ad9eb75700b9394","18-b037751aadb18cd0d25256c189ce2e28","1140037","چهارمحال و بختیاری","Chahār Mahāl va Bakhtiāri","بروجن","Borujen","مرکزی","Markazi","سفیددشت","Sefid Dasht","","","","","Sefid Dasht","Morteza Taheri, field notes 2015","5561","","","","Turkic 100%","Morteza Taheri, field notes 2015",32.13111067594265,51.18268999997776,""
"","4f4d71a22140547a1ad9eb75700b9332","30-8062af2ea32687fd763af28df03b2353","1140038","چهارمحال و بختیاری","Chahār Mahāl va Bakhtiāri","بروجن","Borujen","مرکزی","Markazi","نقنه","Naqneh ","","","","","Naghne (Chārmahāli, Bakhtiāri), Naghna (Kashkāy)","Morteza Taheri, field notes 2015","9603","","","","Rural Chārmahāli 50%; Ghashghāi 48%; Bakhtiāri 2%","Morteza Taheri, field notes 2015",31.93356962256961,51.32807643610471,"According to residents, the current Qashqāi population used to migrate from Naqneh to Kāzerun and Abādeh in Fars province, before settling permanently in Naqneh around 1980. Before this time, all permanent inhabitants of the town were Charmahali speakers (Mortaza Taheri-Ardali, field notes 2016)."
"","4f4d71a22140547a1ad9eb75700b846e","14-bff2e041b707103ea6d4f067103269ad","1140039","چهارمحال و بختیاری","Chahār Mahāl va Bakhtiāri","بروجن","Borujen","بلداجی","Boldāji","","","","","","","","","20688","","","","","","","",""
"","4f4d71a22140547a1ad9eb75700c26d0","14-670be3dab7e6b1ef1f866c33ea38a2af","1140040","چهارمحال و بختیاری","Chahār Mahāl va Bakhtiāri","بروجن","Borujen","بلداجی","Boldāji","","","امامزاده حمزه علی","Emāmzādeh Hamzeh Ali","","","","","2821","","","","","","","",""
"","4f4d71a22140547a1ad9eb75700c1a3e","16-50b7b27e6b1b8515a7bef32f315dd0d6","1140041","چهارمحال و بختیاری","Chahār Mahāl va Bakhtiāri","بروجن","Borujen","بلداجی","Boldāji","","","امامزاده حمزه علی","Emāmzādeh Hamzeh Ali","کلبی بک","Kalbi Bak","Kalbi Bak","Morteza Taheri, field notes 2015","889","","","","Bakhtiāri 100%","Morteza Taheri, field notes 2015",31.93287237820017,50.97336256196807,""
"","4f4d71a22140547a1ad9eb75700c1973","16-cb068ca101f95db97d90473875750862","1140042","چهارمحال و بختیاری","Chahār Mahāl va Bakhtiāri","بروجن","Borujen","بلداجی","Boldāji","","","امامزاده حمزه علی","Emāmzādeh Hamzeh Ali","آقبلاغ","Āqbulāgh","Āghbulāgh","Morteza Taheri, field notes 2015","703","","","","Turkic 100%","Morteza Taheri, field notes 2015",31.90357283088635,51.117941399908396,""
"","4f4d71a22140547a1ad9eb75700c0b48","16-742d8614cb5effe7720fb3367776f950","1140043","چهارمحال و بختیاری","Chahār Mahāl va Bakhtiāri","بروجن","Borujen","بلداجی","Boldāji","","","امامزاده حمزه علی","Emāmzādeh Hamzeh Ali","سلطان آباد","Soltān Ābād","Soltān Ābād","Morteza Taheri, field notes 2015","104","","","","Bakhtiāri 100%","Morteza Taheri, field notes 2015",31.955490993593337,50.81538531922575,""
"","4f4d71a22140547a1ad9eb75700c040e","16-846f2eacc9d3c255de0b1e34de742346","1140044","چهارمحال و بختیاری","Chahār Mahāl va Bakhtiāri","بروجن","Borujen","بلداجی","Boldāji","","","امامزاده حمزه علی","Emāmzādeh Hamzeh Ali","سنگچین","Sang Chin","Sang Chin","Morteza Taheri, field notes 2015","29","","","","Bakhtiāri 100%","Morteza Taheri, field notes 2015",31.919087294809444,50.938360433396205,""
"","4f4d71a22140547a1ad9eb75700bf49e","16-4bffca951c9ec4aa9fa5986b01a5cae8","1140045","چهارمحال و بختیاری","Chahār Mahāl va Bakhtiāri","بروجن","Borujen","بلداجی","Boldāji","","","امامزاده حمزه علی","Emāmzādeh Hamzeh Ali","شهرک گلوگرد","Shahrak-e Galugerd","Shahrak-e Giligerd","Morteza Taheri, field notes 2015","957","","","","Bakhtiāri 100%","Morteza Taheri, field notes 2015",31.916205917915835,50.8562207988314,""
"","4f4d71a22140547a1ad9eb75700bea9a","16-1cd61119765d8f77c3893f45299809db","1140046","چهارمحال و بختیاری","Chahār Mahāl va Bakhtiāri","بروجن","Borujen","بلداجی","Boldāji","","","امامزاده حمزه علی","Emāmzādeh Hamzeh Ali","علی آباد","Ali Ābād","Ali Ābād","Morteza Taheri, field notes 2015","19","","","","Bakhtiāri 100%","Morteza Taheri, field notes 2015",31.945659246014284,50.825963951579425,""
"","4f4d71a22140547a1ad9eb75700be6ae","16-7f29c1a25b26a230c0eed19755d2c59f","1140047","چهارمحال و بختیاری","Chahār Mahāl va Bakhtiāri","بروجن","Borujen","بلداجی","Boldāji","","","امامزاده حمزه علی","Emāmzādeh Hamzeh Ali","خدرآباد","Kheder Ābād","Kheder Ābād","Morteza Taheri, field notes 2015","120","","","","Bakhtiāri 100%","Morteza Taheri, field notes 2015",31.90744013854227,50.87148778572192,""
"","4f4d71a22140547a1ad9eb75700bd7fb","14-fa5c53c508a593b2b244a165925acdb4","1140048","چهارمحال و بختیاری","Chahār Mahāl va Bakhtiāri","بروجن","Borujen","بلداجی","Boldāji","","","چغاخور","Choghākhor","","","Choghākhor","Morteza Taheri, field notes 2015","6139","","","","","","","",""
"","4f4d71a22140547a1ad9eb75700bc999","22-af6749ec7aa760fa0c3149c0d7d9f841","1140049","چهارمحال و بختیاری","Chahār Mahāl va Bakhtiāri","بروجن","Borujen","بلداجی","Boldāji","","","چغاخور","Choghākhor","آورگان","Āvergān","Overgun","Morteza Taheri, field notes 2015","2477","","","","Bakhtiāri 100%","Morteza Taheri, field notes 2015",31.90884466078804,50.95599634653694,""
"","4f4d71a22140547a1ad9eb75700c6941","16-c694d53f34ded728e5922b6ab7301fce","1140050","چهارمحال و بختیاری","Chahār Mahāl va Bakhtiāri","بروجن","Borujen","بلداجی","Boldāji","","","چغاخور","Choghākhor","دستگرد","Dastgerd","Dasgerd","Morteza Taheri, field notes 2015","642","","","","Bakhtiāri 100%","Morteza Taheri, field notes 2015",31.902329645295666,50.921481389758746,""
"","4f4d71a22140547a1ad9eb75700c604b","16-6632cbea53f87d8170ce4347ca6c01c9","1140051","چهارمحال و بختیاری","Chahār Mahāl va Bakhtiāri","بروجن","Borujen","بلداجی","Boldāji","","","چغاخور","Choghākhor","خانی آباد","Khāni Ābād","Khāni Ābād","Morteza Taheri, field notes 2015","173","","","","Bakhtiāri 100%","Morteza Taheri, field notes 2015",31.900061663722376,50.897570656057646,""
"","4f4d71a22140547a1ad9eb75700c5c33","16-e2f7b05d1d2138e6a0e9d33d76a51243","1140052","چهارمحال و بختیاری","Chahār Mahāl va Bakhtiāri","بروجن","Borujen","بلداجی","Boldāji","","","چغاخور","Choghākhor","ساکی آباد","Sāki Ābād","Sāki Ābād","Morteza Taheri, field notes 2015","139","","","","Bakhtiāri 100%","Morteza Taheri, field notes 2015",31.903495493596097,50.884063051461325,""
"","4f4d71a22140547a1ad9eb75700c5a90","16-3d3fcd4c15c612305c2a1fbe214bb1dc","1140053","چهارمحال و بختیاری","Chahār Mahāl va Bakhtiāri","بروجن","Borujen","بلداجی","Boldāji","","","چغاخور","Choghākhor","سیبک","Sibak","Sibak","Morteza Taheri, field notes 2015","2461","","","","Bakhtiāri 100%","Morteza Taheri, field notes 2015",31.891999651999274,50.931052259544515,""
"","4f4d71a22140547a1ad9eb75700c4a9b","16-0dccfa6539dd14f2da7867fb5dc49dc7","1140054","چهارمحال و بختیاری","Chahār Mahāl va Bakhtiāri","بروجن","Borujen","بلداجی","Boldāji","","","چغاخور","Choghākhor","سیف آباد","Seyf Ābād","Seyf Ābād","Morteza Taheri, field notes 2015","110","","","","Bakhtiāri 100%","Morteza Taheri, field notes 2015",31.901057247172464,50.90106580398392,""
"","4f4d71a22140547a1ad9eb75700c4519","18-3072d61b71f4b6f0fb86eb4f2e94629d","1140055","چهارمحال و بختیاری","Chahār Mahāl va Bakhtiāri","بروجن","Borujen","بلداجی","Boldāji","","","چغاخور","Choghākhor","متویی","Matui","Matui","Morteza Taheri, field notes 2015","137","","","","Bakhtiāri 100%","Morteza Taheri, field notes 2015",31.89097502671843,50.91452116373023,""
"","4f4d71a22140547a1ad9eb75700c3f3d","28-f45f302a18fbbfccbcae17d453e8ece3","1140056","چهارمحال و بختیاری","Chahār Mahāl va Bakhtiāri","بروجن","Borujen","بلداجی","Boldāji","بلداجی","Boldāji","","","","","Boldāji (Turkic, Persian), Boldeji (Turkic, Persian, Bakhtiāri)","Morteza Taheri, field notes 2015","11728","","","","Turkic 85%; Tehrāni type Persian 10%; Bakhtiāri 5%","Morteza Taheri, field notes 2015",31.93773,51.05393,""
"","4f4d71a22140547a1ad9eb75700c3707","19-0843bab16d56cf4c23bc1f31b7a8015e","1140057","چهارمحال و بختیاری","Chahār Mahāl va Bakhtiāri","شهرکرد","Shahr-e Kord","","","","","","","","","","","340382","","","","","","","",""
"","4f4d71a22140547a1ad9eb75700c331a","14-773a1fd2ea864862dee10a7698e7e376","1140058","چهارمحال و بختیاری","Chahār Mahāl va Bakhtiāri","شهرکرد","Shahr-e Kord","مرکزی","Markazi","","","","","","","","","242215","","","","","","","",""
"","4f4d71a22140547a1ad9eb75700c2805","14-a07bf848c4b399a938da8748321545ae","1140059","چهارمحال و بختیاری","Chahār Mahāl va Bakhtiāri","شهرکرد","Shahr-e Kord","مرکزی","Markazi","","","حومه","Humeh","","","","","3888","","","","","","","",""
"","4f4d71a22140547a1ad9eb75700cbe0f","16-cd97ed118f1ef6859cb9b85a495263cd","1140060","چهارمحال و بختیاری","Chahār Mahāl va Bakhtiāri","شهرکرد","Shahr-e Kord","مرکزی","Markazi","","","حومه","Humeh","پیربلوط","Pir Balut","Pir Balit","Morteza Taheri, field notes 2015","2192","","","","Turkic 100%","Morteza Taheri, field notes 2015",32.411729010700654,50.709713275807545,""
"","4f4d71a22140547a1ad9eb75700caf3a","16-1ff2978e444e8b40f657c75fba129cf6","1140061","چهارمحال و بختیاری","Chahār Mahāl va Bakhtiāri","شهرکرد","Shahr-e Kord","مرکزی","Markazi","","","حومه","Humeh","کاکلک","Kākolak","Kākolak","Morteza Taheri, field notes 2015","581","","","","Turkic 100%","Morteza Taheri, field notes 2015",32.4367220840542,50.69626674511796,""
"","4f4d71a22140547a1ad9eb75700cac2d","22-311723372351f7eebcb29fd2f0071934","1140062","چهارمحال و بختیاری","Chahār Mahāl va Bakhtiāri","شهرکرد","Shahr-e Kord","مرکزی","Markazi","","","حومه","Humeh","قطب صنعتی","Qotb San'ati","Ghot Sanati","Morteza Taheri, field notes 2015","13","","","","mixed 100%","Morteza Taheri, field notes 2015",32.31010299661375,50.92860442586725,""
"","4f4d71a22140547a1ad9eb75700ca39f","27-46a97e7a9a65dc09cd4504fe2be21a96","1140063","چهارمحال و بختیاری","Chahār Mahāl va Bakhtiāri","شهرکرد","Shahr-e Kord","مرکزی","Markazi","","","حومه","Humeh","ارجنک","Arjenak","Arjenak","Morteza Taheri, field notes 2015","1102","","","","Rural Chārmahāli 51%; Tehrāni type Persian 49%","Morteza Taheri, field notes 2015",32.42809,50.65203,""
"","4f4d71a22140547a1ad9eb75700c9a6a","14-f84fbfebe09135a76d57b03353ea3ec4","1140064","چهارمحال و بختیاری","Chahār Mahāl va Bakhtiāri","شهرکرد","Shahr-e Kord","مرکزی","Markazi","","","طاقانک","Tāqānak","","","","","5733","","","","","","","",""
"","4f4d71a22140547a1ad9eb75700c916a","23-a780a30dcc48e2837332ccf12bd8c3bd","1140065","چهارمحال و بختیاری","Chahār Mahāl va Bakhtiāri","شهرکرد","Shahr-e Kord","مرکزی","Markazi","","","طاقانک","Tāqānak","شمس آباد","Shams Ābād","Shams Ābād","Morteza Taheri, field notes 2015","2725","","","","Rural Chārmahāli 100%","Morteza Taheri, field notes 2015",32.16622,50.85214,""
"","4f4d71a22140547a1ad9eb75700c89f0","23-64d25a53a2cf5e24e2a8a4f02194455a","1140066","چهارمحال و بختیاری","Chahār Mahāl va Bakhtiāri","شهرکرد","Shahr-e Kord","مرکزی","Markazi","","","طاقانک","Tāqānak","سیرک","Sirak","Sirak","Morteza Taheri, field notes 2015","298","","","","Rural Chārmahāli 100%","Morteza Taheri, field notes 2015",32.20987222356229,50.81668972665131,""
"","4f4d71a22140547a1ad9eb75700c80db","23-ae9dd3a65ab24aec0131361a3eff3b68","1140067","چهارمحال و بختیاری","Chahār Mahāl va Bakhtiāri","شهرکرد","Shahr-e Kord","مرکزی","Markazi","","","طاقانک","Tāqānak","نوآباد","Now Ābād","Now Ābād","Morteza Taheri, field notes 2015","712","","","","Rural Chārmahāli 100%","Morteza Taheri, field notes 2015",32.20942797169095,50.807912201296695,""
"","4f4d71a22140547a1ad9eb75700c7465","20-f429bf0948a102da7f65da7b0c8e4e34","1140068","چهارمحال و بختیاری","Chahār Mahāl va Bakhtiāri","شهرکرد","Shahr-e Kord","مرکزی","Markazi","","","طاقانک","Tāqānak","کارخانه قند","Kārkhāneh Qand","Kārkhune Ghand","Morteza Taheri, field notes 2015","266","","","","mixed 60%; Urban Chārmahāli 40%","Morteza Taheri, field notes 2015",32.24872570131703,50.82075646833935,""
"","4f4d71a22140547a1ad9eb75700c72a5","16-88bd685656dd6e5cc118b9950609229c","1140069","چهارمحال و بختیاری","Chahār Mahāl va Bakhtiāri","شهرکرد","Shahr-e Kord","مرکزی","Markazi","","","طاقانک","Tāqānak","بهرام آباد","Bahrām Ābād","Bahrām Ābād","Morteza Taheri, field notes 2015","1732","","","","Turkic 100%","Morteza Taheri, field notes 2015",32.24563321897961,50.848597657308275,""
"","4f4d71a22140547a1ad9eb75700cff83","18-59a910950fb09a1176e46d5851a85a6f","1140070","چهارمحال و بختیاری","Chahār Mahāl va Bakhtiāri","شهرکرد","Shahr-e Kord","مرکزی","Markazi","شهرکرد","Shahr-e Kord","","","","","Shahr-e Kord, Deh Kord","Morteza Taheri, field notes 2015","159775","","","","Bakhtiāri 35%; Dehkordi  30%; Turkic 15%; Tehrāni type Persian 12%; Rural Chārmahāli 8%","Morteza Taheri, field notes 2015",32.32584373154387,50.857566833933,""
"","4f4d71a22140547a1ad9eb75700cefd8","25-73530f350a7cd81d377bbc4841e1851b","1140071","چهارمحال و بختیاری","Chahār Mahāl va Bakhtiāri","شهرکرد","Shahr-e Kord","مرکزی","Markazi","فرخ شهر","Farrokh Shahr","","","","","Ghahfarrokh","Morteza Taheri, field notes 2015","30036","","","","Ghahfarrokhi 60%; Tehrāni type Persian 30%; Bakhtiāri 10%","Morteza Taheri, field notes 2015",32.27150947506317,50.97937464721146,""
"","4f4d71a22140547a1ad9eb75700ce5ca","24-ee8e8c92ed4de437ff9d2c5ab1a333c0","1140072","چهارمحال و بختیاری","Chahār Mahāl va Bakhtiāri","شهرکرد","Shahr-e Kord","مرکزی","Markazi","هفشجان","Hafshejān","","","","","Heyshegun","Morteza Taheri, field notes 2015","20847","","","","Urban Chārmahāli 80%; Tehrāni type Persian 20%","Morteza Taheri, field notes 2015",32.22483,50.79158,""
"","4f4d71a22140547a1ad9eb75700ce0ab","20-c94a4a5dae63c4549c1f58d74d9e0b37","1140073","چهارمحال و بختیاری","Chahār Mahāl va Bakhtiāri","شهرکرد","Shahr-e Kord","مرکزی","Markazi","کیان","Kiān","","","","","Shahrak","Morteza Taheri, field notes 2015","12020","","","","Turkic 90%; Persian 8%; Bakhtiāri 2%","Morteza Taheri, field notes 2015",32.28467045205012,50.891705265931016,""
"","4f4d71a22140547a1ad9eb75700cd637","16-5b403863cfc312ccd4c9f83a804dcb10","1140074","چهارمحال و بختیاری","Chahār Mahāl va Bakhtiāri","شهرکرد","Shahr-e Kord","مرکزی","Markazi","طاقانک","Tāqānak","","","","","Tāghunak","Morteza Taheri, field notes 2015","5941","","","","Turkic 100%","Morteza Taheri, field notes 2015",32.22317210415325,50.83820401639728,""
"","4f4d71a22140547a1ad9eb75700ccda4","18-4b0c82da6a2d92476b8033685caf0bc6","1140075","چهارمحال و بختیاری","Chahār Mahāl va Bakhtiāri","شهرکرد","Shahr-e Kord","مرکزی","Markazi","نافچ","Nāfch","","","","","Nāfch, Nowch","Morteza Taheri, field notes 2015","3975","","","","Rural Chārmahāli 100%","Morteza Taheri, field notes 2015",32.42356216085101,50.78916174344403,""
"","4f4d71a22140547a1ad9eb75700cc531","17-a92605dfae467ee8c4bd1fea64b0a275","1140076","چهارمحال و بختیاری","Chahār Mahāl va Bakhtiāri","شهرکرد","Shahr-e Kord","بن","Ben","","","","","","","","","29481","","","","","","","",""
"","4f4d71a22140547a1ad9eb75700cc4c1","16-fb4635d8e812fa90917518f7f304c4c5","1140077","چهارمحال و بختیاری","Chahār Mahāl va Bakhtiāri","شهرکرد","Shahr-e Kord","بن","Ben","","","زاینده رود جنوبی","Zayandeh Rud-e Jonubi","","","","","4833","","","","","","","",""
"","4f4d71a22140547a1ad9eb75700cc43e","16-6de8c38f06f5e19089fe1e7bd4df8d41","1140078","چهارمحال و بختیاری","Chahār Mahāl va Bakhtiāri","شهرکرد","Shahr-e Kord","بن","Ben","","","زاینده رود جنوبی","Zayandeh Rud-e Jonubi","یان چشمه","Yān Cheshmeh","Yān Cheshme","Morteza Taheri, field notes 2015","2230","","","","Turkic 100%","Morteza Taheri, field notes 2015",32.66928598544674,50.72578045565318,""
"","4f4d71a22140547a1ad9eb75700cc077","16-0a2dece3c1fd85f3100b77d80a79a935","1140079","چهارمحال و بختیاری","Chahār Mahāl va Bakhtiāri","شهرکرد","Shahr-e Kord","بن","Ben","","","زاینده رود جنوبی","Zayandeh Rud-e Jonubi","آزادگان","Āzādegān","Barde Shāh","Morteza Taheri, field notes 2015","709","","","","Turkic 100%","Morteza Taheri, field notes 2015",32.68159254087561,50.4822694534268,""
"","4f4d71a22140547a1ad9eb75700d50e2","16-8fedcb4929e361064bfec8dda45045bf","1140080","چهارمحال و بختیاری","Chahār Mahāl va Bakhtiāri","شهرکرد","Shahr-e Kord","بن","Ben","","","زاینده رود جنوبی","Zayandeh Rud-e Jonubi","پهنا","Pahnā","Pahnā","Morteza Taheri, field notes 2015","312","","","","Turkic 100%","Morteza Taheri, field notes 2015",32.696084455833685,50.534284946984464,""
"","4f4d71a22140547a1ad9eb75700d4d40","16-294538afb60d85d0aef7e87d93519076","1140081","چهارمحال و بختیاری","Chahār Mahāl va Bakhtiāri","شهرکرد","Shahr-e Kord","بن","Ben","","","زاینده رود جنوبی","Zayandeh Rud-e Jonubi","جمالوی جدید","Jamālu-ye Jadid","Jamāli Jadid","Morteza Taheri, field notes 2015","44","","","","Turkic 100%","Morteza Taheri, field notes 2015",32.66264745338905,50.53476685210384,""
"","4f4d71a22140547a1ad9eb75700d4911","16-06d6771dd9dec37daf6babd61ffb78d5","1140082","چهارمحال و بختیاری","Chahār Mahāl va Bakhtiāri","شهرکرد","Shahr-e Kord","بن","Ben","","","زاینده رود جنوبی","Zayandeh Rud-e Jonubi","حیدری","Heydari","Heydari","Morteza Taheri, field notes 2015","1538","","","","Turkic 100%","Morteza Taheri, field notes 2015",32.66509256155035,50.58090259799166,""
"","4f4d71a22140547a1ad9eb75700d406f","16-904673bdfc37b022a3b961c7944d15e8","1140083","چهارمحال و بختیاری","Chahār Mahāl va Bakhtiāri","شهرکرد","Shahr-e Kord","بن","Ben","","","وردنجان","Vardanjān","","","","","8549","","","","","","","",""
"","4f4d71a22140547a1ad9eb75700d3f26","16-cc693d91362a1c19214eb9eec96a72bf","1140084","چهارمحال و بختیاری","Chahār Mahāl va Bakhtiāri","شهرکرد","Shahr-e Kord","بن","Ben","","","وردنجان","Vardanjān","بارده","Bārdeh","Bārde","Morteza Taheri, field notes 2015","2534","","","","Turkic 70%; Bakhtiāri 30%","Morteza Taheri, field notes 2015",32.569871395872134,50.5242892416316,""
"","4f4d71a22140547a1ad9eb75700d3583","18-2bddf4a19ae434be0cd6bdc979644c97","1140085","چهارمحال و بختیاری","Chahār Mahāl va Bakhtiāri","شهرکرد","Shahr-e Kord","بن","Ben","","","وردنجان","Vardanjān","کرسنک","Karsanak","Karsanak","Morteza Taheri, field notes 2015","","(less than 3 households; population not specified in 2011 Census for reasons of privacy)","","","Bakhtiāri 100%","Morteza Taheri, field notes 2015",32.531447334916,50.47041605569117,""
"","4f4d71a22140547a1ad9eb75700d299b","22-22a6c8f3eb714ceb3432eb6cd95bc64c","1140086","چهارمحال و بختیاری","Chahār Mahāl va Bakhtiāri","شهرکرد","Shahr-e Kord","بن","Ben","","","وردنجان","Vardanjān","شیخ شبان","Sheykh Shabān","Sheykh Shabbun, Sheykh Chopun","Morteza Taheri, field notes 2015","2586","","","","Rural Chārmahāli 85%; Tehrāni type Persian 15%","Morteza Taheri, field notes 2015",32.58949358284279,50.604901203430494,""
"","4f4d71a22140547a1ad9eb75700d2020","16-be83ede07f1e84f9192718349461095e","1140087","چهارمحال و بختیاری","Chahār Mahāl va Bakhtiāri","شهرکرد","Shahr-e Kord","بن","Ben","","","وردنجان","Vardanjān","تومانک","Tumānak","Tomanak","Morteza Taheri, field notes 2015","709","","","","Turkic 55%; Rural Chārmahāli 45%","Morteza Taheri, field notes 2015",32.5041895862104,50.672294090881195,""
"","4f4d71a22140547a1ad9eb75700d1992","16-8b8251608b79533c1911d969cb8e42b1","1140088","چهارمحال و بختیاری","Chahār Mahāl va Bakhtiāri","شهرکرد","Shahr-e Kord","بن","Ben","","","وردنجان","Vardanjān","لارک","Lārak","Lārak","Morteza Taheri, field notes 2015","600","","","","Turkic 100%","Morteza Taheri, field notes 2015",32.575760258237544,50.691488324799934,""
"","4f4d71a22140547a1ad9eb75700d0cfa","16-7a0735f22d7475e5ac49e4db757ca53f","1140089","چهارمحال و بختیاری","Chahār Mahāl va Bakhtiāri","شهرکرد","Shahr-e Kord","بن","Ben","","","وردنجان","Vardanjān","هرچگان","Harchegān","Harchegun","Morteza Taheri, field notes 2015","2114","","","","Turkic 100%","Morteza Taheri, field notes 2015",32.457839000239034,50.71460840885043,""
"","4f4d71a22140547a1ad9eb75700d95b7","18-b0d0afbe13f2e9c386df510b7d16e2d6","1140090","چهارمحال و بختیاری","Chahār Mahāl va Bakhtiāri","شهرکرد","Shahr-e Kord","بن","Ben","بن","Ben","","","","","Ben","Morteza Taheri, field notes 2015","11775","","","","Turkic 95%; Tehrāni type Persian 5%","Morteza Taheri, field notes 2015",32.53687307847572,50.747016907193284,""
"","4f4d71a22140547a1ad9eb75700d8e9f","16-820e97f4a3dba65f794630573ffcde4f","1140091","چهارمحال و بختیاری","Chahār Mahāl va Bakhtiāri","شهرکرد","Shahr-e Kord","بن","Ben","وردنجان","Vardanjān","","","","","Vardanjun","Morteza Taheri, field notes 2015","4324","","","","Rural Chārmahāli 100%","Morteza Taheri, field notes 2015",32.47431175229446,50.76847559141001,""
"","4f4d71a22140547a1ad9eb75700d8342","16-0ee43689e831e59e2dec15fca581344d","1140092","چهارمحال و بختیاری","Chahār Mahāl va Bakhtiāri","شهرکرد","Shahr-e Kord","سامان","Sāmān","","","","","","","","","35895","","","","","","","",""
"","4f4d71a22140547a1ad9eb75700d803a","14-ea70c79f65d435437d982846075c96f1","1140093","چهارمحال و بختیاری","Chahār Mahāl va Bakhtiāri","شهرکرد","Shahr-e Kord","سامان","Sāmān","","","سامان","Sāmān","","","","","10085","","","","","","","",""
"","4f4d71a22140547a1ad9eb75700d7c8a","16-2043105c3c71468a49c60743470a5ad8","1140094","چهارمحال و بختیاری","Chahār Mahāl va Bakhtiāri","شهرکرد","Shahr-e Kord","سامان","Sāmān","","","سامان","Sāmān","چم جنگل","Cham Jangal","Cham Jangal","Morteza Taheri, field notes 2015","259","","","","Turkic 100%","Morteza Taheri, field notes 2015",32.5224573788303,50.85679302439088,""
"","4f4d71a22140547a1ad9eb75700d76b3","16-d694ee9f1e884e15bd145f21a5678f18","1140095","چهارمحال و بختیاری","Chahār Mahāl va Bakhtiāri","شهرکرد","Shahr-e Kord","سامان","Sāmān","","","سامان","Sāmān","چم خلیفه","Cham Khalifeh","Cham Khalife","Morteza Taheri, field notes 2015","1015","","","","Turkic 100%","Morteza Taheri, field notes 2015",32.50595679224231,50.87944475758002,""
"","4f4d71a22140547a1ad9eb75700d6c99","26-fcf48a5f9fe8d9da1af4f5daaf3c40a1","1140096","چهارمحال و بختیاری","Chahār Mahāl va Bakhtiāri","شهرکرد","Shahr-e Kord","سامان","Sāmān","","","سامان","Sāmān","ایلبگی","Ilbegi","Ilbagi","Morteza Taheri, field notes 2015","458","","","","Rural Chārmahāli 90%; Turkic 10%","Morteza Taheri, field notes 2015",32.499166037577375,50.897821426822055,""
"","4f4d71a22140547a1ad9eb75700d62bc","16-e71baf7151c06b4b202c31e3547e99dd","1140097","چهارمحال و بختیاری","Chahār Mahāl va Bakhtiāri","شهرکرد","Shahr-e Kord","سامان","Sāmān","","","سامان","Sāmān","چمزین","Cham Zin","Cham Zin","Morteza Taheri, field notes 2015","720","","","","Turkic 100%","Morteza Taheri, field notes 2015",32.48801600861664,50.91197572884564,""
"","4f4d71a22140547a1ad9eb75700d619c","18-6cb758648274aa79e80dbad25552ea93","1140098","چهارمحال و بختیاری","Chahār Mahāl va Bakhtiāri","شهرکرد","Shahr-e Kord","سامان","Sāmān","","","سامان","Sāmān","چلوان","Chelavān","Cholivān","Morteza Taheri, field notes 2015","778","","","","Turkic 100%","Morteza Taheri, field notes 2015",32.48408509489387,50.92019287692889,""
"","4f4d71a22140547a1ad9eb75700d5381","18-56d542f630264d8837834ff0940d00c0","1140099","چهارمحال و بختیاری","Chahār Mahāl va Bakhtiāri","شهرکرد","Shahr-e Kord","سامان","Sāmān","","","سامان","Sāmān","چمعالی","Cham Āli","Cham Āli","Morteza Taheri, field notes 2015","630","","","","Turkic 100%","Morteza Taheri, field notes 2015",32.4964099883384,50.89120826522696,""
"","4f4d71a22140547a1ad9eb75700de3d2","16-896c64c02f5f5414142ed2588eaa5abd","1140100","چهارمحال و بختیاری","Chahār Mahāl va Bakhtiāri","شهرکرد","Shahr-e Kord","سامان","Sāmān","","","سامان","Sāmān","کاهکش","Kāhkesh","Kāhkesh","Morteza Taheri, field notes 2015","764","","","","Turkic 100%","Morteza Taheri, field notes 2015",32.4732273973901,50.94027839836783,""
"","4f4d71a22140547a1ad9eb75700dd7d8","16-453191008257089051b9c352a28f6c79","1140101","چهارمحال و بختیاری","Chahār Mahāl va Bakhtiāri","شهرکرد","Shahr-e Kord","سامان","Sāmān","","","سامان","Sāmān","چم خرم","Cham Khorram","Cham Khorram","Morteza Taheri, field notes 2015","119","","","","Turkic 100%","Morteza Taheri, field notes 2015",32.46617655303841,50.95238677212964,""
"","4f4d71a22140547a1ad9eb75700dccb8","20-58f22f52a2b6c158f74b03c1f05eb51e","1140102","چهارمحال و بختیاری","Chahār Mahāl va Bakhtiāri","شهرکرد","Shahr-e Kord","سامان","Sāmān","","","سامان","Sāmān","چم نار","Cham Nār","Cham Nār","Morteza Taheri, field notes 2015","191","","","","Turkic 100%","Morteza Taheri, field notes 2015",32.46488874144697,50.957174237750465,""
"","4f4d71a22140547a1ad9eb75700dc122","16-5db53fbaef69345834e3d165cf398041","1140103","چهارمحال و بختیاری","Chahār Mahāl va Bakhtiāri","شهرکرد","Shahr-e Kord","سامان","Sāmān","","","سامان","Sāmān","شوراب صغیر","Shurāb-e Saghir","Shurāb-e Saghir","Morteza Taheri, field notes 2015","2985","","","","Turkic 100%","Morteza Taheri, field notes 2015",32.49103859574818,50.94874345001588,""
"","4f4d71a22140547a1ad9eb75700db25b","26-f12d650ef7db28b388e705bd6fba9215","1140104","چهارمحال و بختیاری","Chahār Mahāl va Bakhtiāri","شهرکرد","Shahr-e Kord","سامان","Sāmān","","","سامان","Sāmān","شوراب کبیر","Shurāb-e Kabir","Shurāb-e Kabir","Morteza Taheri, field notes 2015","444","","","","Rural Chārmahāli 98%; Turkic 2%","Morteza Taheri, field notes 2015",32.50672749056609,50.98685798416677,""
"","4f4d71a22140547a1ad9eb75700da438","18-43b811c0b9f381fe41f871c9a4bd98f0","1140105","چهارمحال و بختیاری","Chahār Mahāl va Bakhtiāri","شهرکرد","Shahr-e Kord","سامان","Sāmān","","","سامان","Sāmān","محمدآبادطباطبائی","Mohammad Ābād Tabātabāi","Mohamad Ābād Tabātabāi","Morteza Taheri, field notes 2015","74","","","","Turkic 60%; Rural Chārmahāli 40%","Morteza Taheri, field notes 2015",32.54830581035017,50.987697432151435,""
"","4f4d71a22140547a1ad9eb75700d9f09","22-ae3382370f92b040594d97d1af7e5605","1140106","چهارمحال و بختیاری","Chahār Mahāl va Bakhtiāri","شهرکرد","Shahr-e Kord","سامان","Sāmān","","","سامان","Sāmān","چم چنگ","Cham Chang","Cham Chang","Morteza Taheri, field notes 2015","1648","","","","Rural Chārmahāli 99%; Turkic 1%","Morteza Taheri, field notes 2015",32.507630255744644,50.88718637732925,""
"","4f4d71a22140547a1ad9eb75700d9995","17-fdcef1471484d959a9c732e85ed658c2","1140107","چهارمحال و بختیاری","Chahār Mahāl va Bakhtiāri","شهرکرد","Shahr-e Kord","سامان","Sāmān","","","هوره","Howreh","","","","","10483","","","","","","","",""
"","4f4d71a22140547a1ad9eb75700d97cd","16-7da200f92c178559fa933ef91a2fdd31","1140108","چهارمحال و بختیاری","Chahār Mahāl va Bakhtiāri","شهرکرد","Shahr-e Kord","سامان","Sāmān","","","هوره","Howreh","سوادجان","Savādjān","Savādjun","Morteza Taheri, field notes 2015","1443","","","","Turkic 100%","Morteza Taheri, field notes 2015",32.54975644233883,50.862941410716786,""
"","4f4d71a22140547a1ad9eb75700d970c","19-9265ee18c40b13e1c50865c7595f4d1c","1140109","چهارمحال و بختیاری","Chahār Mahāl va Bakhtiāri","شهرکرد","Shahr-e Kord","سامان","Sāmān","","","هوره","Howreh","هوره","Horeh","Hore","Morteza Taheri, field notes 2015","2629","","","","Turkic 100%","Morteza Taheri, field notes 2015",32.5600988064358,50.85335819965825,""
"","4f4d71a22140547a1ad9eb75700e4832","18-b5b513ab87a95459e56ad1cfb2dac12e","1140110","چهارمحال و بختیاری","Chahār Mahāl va Bakhtiāri","شهرکرد","Shahr-e Kord","سامان","Sāmān","","","هوره","Howreh","صادق آباد","Sādeq Ābād","Sādegh Ābād","Morteza Taheri, field notes 2015","677","","","","Turkic 100%","Morteza Taheri, field notes 2015",32.63043742548034,50.84613094841441,""
"","4f4d71a22140547a1ad9eb75700e3967","16-52d09c59c9aee4adbc6d9b99860912e2","1140111","چهارمحال و بختیاری","Chahār Mahāl va Bakhtiāri","شهرکرد","Shahr-e Kord","سامان","Sāmān","","","هوره","Howreh","یاسه چا","Yāseh Chā","Yās Chāy","Morteza Taheri, field notes 2015","762","","","","Turkic 100%","Morteza Taheri, field notes 2015",32.6258111495411,50.85020790611575,""
"","4f4d71a22140547a1ad9eb75700e3002","16-f7612b0276a233a83ba06a8a4148fae8","1140112","چهارمحال و بختیاری","Chahār Mahāl va Bakhtiāri","شهرکرد","Shahr-e Kord","سامان","Sāmān","","","هوره","Howreh","قوچان","Quchān","Ghuchān","Morteza Taheri, field notes 2015","660","","","","Turkic 100%","Morteza Taheri, field notes 2015",32.656676946524755,50.82641270795393,""
"","4f4d71a22140547a1ad9eb75700e2771","16-b1f5cd14bc4cab1073f2ca1020ed8528","1140113","چهارمحال و بختیاری","Chahār Mahāl va Bakhtiāri","شهرکرد","Shahr-e Kord","سامان","Sāmān","","","هوره","Howreh","مارکده","Mārkadeh","Mārkade","Morteza Taheri, field notes 2015","1528","","","","Turkic 60%; Rural Chārmahāli 40%","Morteza Taheri, field notes 2015",32.65511102703731,50.83268283523555,""
"","4f4d71a22140547a1ad9eb75700e1783","16-7e54891f3f6b6a3a6d657a7e07664db0","1140114","چهارمحال و بختیاری","Chahār Mahāl va Bakhtiāri","شهرکرد","Shahr-e Kord","سامان","Sāmān","","","هوره","Howreh","قرا قوش","Qarā Qush","Ghara Ghush","Morteza Taheri, field notes 2015","124","","","","Turkic 100%","Morteza Taheri, field notes 2015",32.69784030895473,50.80249515564277,""
"","4f4d71a22140547a1ad9eb75700e07d3","16-0f9d6d30f582d3a1186ddf6a67fe8353","1140115","چهارمحال و بختیاری","Chahār Mahāl va Bakhtiāri","شهرکرد","Shahr-e Kord","سامان","Sāmān","","","هوره","Howreh","گرمدره","Garm Darreh","Garm Dare","Morteza Taheri, field notes 2015","1204","","","","Turkic 100%","Morteza Taheri, field notes 2015",32.68859900251353,50.816632496492836,""
"","4f4d71a22140547a1ad9eb75700dfba3","16-aed245655f284ee38cea65789131ad8a","1140116","چهارمحال و بختیاری","Chahār Mahāl va Bakhtiāri","شهرکرد","Shahr-e Kord","سامان","Sāmān","","","هوره","Howreh","دشتی","Dashti","Dashti","Morteza Taheri, field notes 2015","910","","","","Turkic 100%","Morteza Taheri, field notes 2015",32.543825549083884,50.8561360639235,""
"","4f4d71a22140547a1ad9eb75700df5b4","16-cd36950d142cc02f5fce382a9727698d","1140117","چهارمحال و بختیاری","Chahār Mahāl va Bakhtiāri","شهرکرد","Shahr-e Kord","سامان","Sāmān","","","هوره","Howreh","چم کاکا","Cham Kākā","Cham Kākā","Morteza Taheri, field notes 2015","546","","","","Turkic 100%","Morteza Taheri, field notes 2015",32.53763910552232,50.85871098457808,""
"","4f4d71a22140547a1ad9eb75700df350","18-daa685b9fc12e512d44fee968cf12c8b","1140118","چهارمحال و بختیاری","Chahār Mahāl va Bakhtiāri","شهرکرد","Shahr-e Kord","سامان","Sāmān","سامان","Sāmān","","","","","Sāmun","Morteza Taheri, field notes 2015","15327","","","","Turkic 70%; Tehrāni type Persian 30%","Morteza Taheri, field notes 2015",32.45147546315494,50.910414246723676,""
"","4f4d71a22140547a1ad9eb75700dedd0","14-dd57c9cb3b3659c05cdfe774711ea0e0","1140119","چهارمحال و بختیاری","Chahār Mahāl va Bakhtiāri","شهرکرد","Shahr-e Kord","لاران","Lārān","","","","","","","","","32791","","","","","","","",""
"","4f4d71a22140547a1ad9eb75700e8e68","14-e388b2afc5a632f43e539ec35b657d8e","1140120","چهارمحال و بختیاری","Chahār Mahāl va Bakhtiāri","شهرکرد","Shahr-e Kord","لاران","Lārān","","","لار","Lār","","","","","13877","","","","","","","",""
"","4f4d71a22140547a1ad9eb75700e859b","20-07efc930f719c0afca68c3a8403c4c9f","1140121","چهارمحال و بختیاری","Chahār Mahāl va Bakhtiāri","شهرکرد","Shahr-e Kord","لاران","Lārān","","","لار","Lār","مصطفی آباد","Mostafā Ābād","Mostafā Ābād","Morteza Taheri, field notes 2015","2577","","","","Rural Chārmahāli 100%","Morteza Taheri, field notes 2015",32.28805202294023,50.65544150073521,""
"","4f4d71a22140547a1ad9eb75700e81ef","16-fecc8edf393867e52a94e4cd9b3f4529","1140122","چهارمحال و بختیاری","Chahār Mahāl va Bakhtiāri","شهرکرد","Shahr-e Kord","لاران","Lārān","","","لار","Lār","اسدآباد","Asad Ābād","Asad Ābād","Morteza Taheri, field notes 2015","711","","","","Rural Chārmahāli 100%","Morteza Taheri, field notes 2015",32.376163500741775,50.59787264867675,""
"","4f4d71a22140547a1ad9eb75700e7b72","22-bac0d8d1e2b348dba937ebc323299145","1140123","چهارمحال و بختیاری","Chahār Mahāl va Bakhtiāri","شهرکرد","Shahr-e Kord","لاران","Lārān","","","لار","Lār","آقبلاغ","Āqbulāgh","Āghbulāgh","Morteza Taheri, field notes 2015","289","","","","Turkic 90%; Rural Chārmahāli 10%","Morteza Taheri, field notes 2015",32.38056578689339,50.66445072723232,""
"","4f4d71a22140547a1ad9eb75700e6df6","30-a65f4e5d39ff78917345d6a0cc6723eb","1140124","چهارمحال و بختیاری","Chahār Mahāl va Bakhtiāri","شهرکرد","Shahr-e Kord","لاران","Lārān","","","لار","Lār","فتح آباد","Fath Ābād","Fat Ābād","Morteza Taheri, field notes 2015","238","","","","Rural Chārmahāli 75%; Turkic 25%","Morteza Taheri, field notes 2015",32.3507502451705,50.68911002249982,""
"","4f4d71a22140547a1ad9eb75700e68b0","16-b1a868a88b7c8aab9af22249ce2ba12d","1140125","چهارمحال و بختیاری","Chahār Mahāl va Bakhtiāri","شهرکرد","Shahr-e Kord","لاران","Lārān","","","لار","Lār","خوی","Khoy","Khoy","Morteza Taheri, field notes 2015","2715","","","","Rural Chārmahāli 100%","Morteza Taheri, field notes 2015",32.34352955807951,50.664271651357474,""
"","4f4d71a22140547a1ad9eb75700e59cc","16-f7cbb95046bafd2fd9655bc46d9b75c9","1140126","چهارمحال و بختیاری","Chahār Mahāl va Bakhtiāri","شهرکرد","Shahr-e Kord","لاران","Lārān","","","لار","Lār","کتک","Katak","Katak","Morteza Taheri, field notes 2015","174","","","","Rural Chārmahāli 100%","Morteza Taheri, field notes 2015",32.403077566402246,50.60738469115605,""
"","4f4d71a22140547a1ad9eb75700e4e45","16-303f358bd972c65125e176118103067b","1140127","چهارمحال و بختیاری","Chahār Mahāl va Bakhtiāri","شهرکرد","Shahr-e Kord","لاران","Lārān","","","لار","Lār","هارونی","Hāruni","Hāruni","Morteza Taheri, field notes 2015","4218","","","","Rural Chārmahāli 100%","Morteza Taheri, field notes 2015",32.39081005612448,50.570362932693705,""
"","4f4d71a22140547a1ad9eb75700e4dbb","24-9116b8988a7b3a47ba4439cb4c52ff60","1140128","چهارمحال و بختیاری","Chahār Mahāl va Bakhtiāri","شهرکرد","Shahr-e Kord","لاران","Lārān","","","لار","Lār","وانان","Vānān","Vānun","Morteza Taheri, field notes 2015","2955","","","","Rural Chārmahāli 100%","Morteza Taheri, field notes 2015",32.349584319549315,50.629381476496604,""
"","4f4d71a22140547a1ad9eb75700e4b55","14-7e880cc8a5e84258acc2eb37a2e09cfa","1140129","چهارمحال و بختیاری","Chahār Mahāl va Bakhtiāri","شهرکرد","Shahr-e Kord","لاران","Lārān","","","مرغملک","Margh Malek","","","","","2097","","","","","","","",""
"","4f4d71a22140547a1ad9eb75700ee76f","16-a2ab067c3605ee5b5c81c4a28d53599d","1140130","چهارمحال و بختیاری","Chahār Mahāl va Bakhtiāri","شهرکرد","Shahr-e Kord","لاران","Lārān","","","مرغملک","Margh Malek","اوچ بغاز","Uch Beghāz","Uj Beghāz","Morteza Taheri, field notes 2015","69","","","","Turkic 100%","Morteza Taheri, field notes 2015",32.449190882969,50.445041164379944,""
"","4f4d71a22140547a1ad9eb75700ee13c","16-d1d8d8acbca4eaf1f89348e810b6f6e4","1140131","چهارمحال و بختیاری","Chahār Mahāl va Bakhtiāri","شهرکرد","Shahr-e Kord","لاران","Lārān","","","مرغملک","Margh Malek","مرغملک","Margh Malek","Margh Malek","Morteza Taheri, field notes 2015","1982","","","","Turkic 100%","Morteza Taheri, field notes 2015",32.4795049192082,50.50514713429249,""
"","4f4d71a22140547a1ad9eb75700ed990","16-3ca99e051eeaa949c1a8d86d1f73dc0f","1140132","چهارمحال و بختیاری","Chahār Mahāl va Bakhtiāri","شهرکرد","Shahr-e Kord","لاران","Lārān","","","مرغملک","Margh Malek","خلیل آبادخاکی","Khalil Ābād-e Khāki","Khalil Ābād-e Khāki","Morteza Taheri, field notes 2015","15","","","","Bakhtiāri 100%","Morteza Taheri, field notes 2015",32.414127736529984,50.47567510313046,""
"","4f4d71a22140547a1ad9eb75700ecc99","16-b5179c815771ea87b901eda00b5600c4","1140133","چهارمحال و بختیاری","Chahār Mahāl va Bakhtiāri","شهرکرد","Shahr-e Kord","لاران","Lārān","","","مرغملک","Margh Malek","دولت آبادخاکی","Dowlat Ābād-e Khāki","Dowlat Ābād-e Khāki","Morteza Taheri, field notes 2015","31","","","","Bakhtiāri 100%","Morteza Taheri, field notes 2015",32.43787012224189,50.424276759645174,""
"","4f4d71a22140547a1ad9eb75700ec029","16-d2bd4bc9c860f730d19f2d2726d49eca","1140134","چهارمحال و بختیاری","Chahār Mahāl va Bakhtiāri","شهرکرد","Shahr-e Kord","لاران","Lārān","سورشجان","Sureshjān","","","","","Sirishgun","Morteza Taheri, field notes 2015","11407","","","","Bakhtiāri 100%","Morteza Taheri, field notes 2015",32.316749679958214,50.67649141178224,""
"","4f4d71a22140547a1ad9eb75700eba8d","16-c3311a693ee1e64a707b38b9bcd08bfc","1140135","چهارمحال و بختیاری","Chahār Mahāl va Bakhtiāri","شهرکرد","Shahr-e Kord","لاران","Lārān","سودجان","Sudejān","","","","","Sudejun","Morteza Taheri, field notes 2015","5410","","","","Turkic 100%","Morteza Taheri, field notes 2015",32.52196460540964,50.40013002232322,""
"","4f4d71a22140547a1ad9eb75700eaece","14-f48dcbc70486ddff72b147296e09bbec","1140136","چهارمحال و بختیاری","Chahār Mahāl va Bakhtiāri","فارسان","Fārsān","","","","","","","","","","","93941","","","","","","","",""
"","4f4d71a22140547a1ad9eb75700ea5cf","14-2bf352517c9e866cdc6df85ee48aa132","1140137","چهارمحال و بختیاری","Chahār Mahāl va Bakhtiāri","فارسان","Fārsān","مرکزی","Markazi","","","","","","","","","50005","","","","","","","",""
"","4f4d71a22140547a1ad9eb75700e9f5b","14-2d7a25a8fd66490df139190b3f450543","1140138","چهارمحال و بختیاری","Chahār Mahāl va Bakhtiāri","فارسان","Fārsān","مرکزی","Markazi","","","میزدج علیا","Mizdej Oliā","","","Mizdej Owliā","Morteza Taheri, field notes 2015","10893","","","","","","","",""
"","4f4d71a22140547a1ad9eb75700e97e8","16-650843d52c4b8f518604b96577ecd36c","1140139","چهارمحال و بختیاری","Chahār Mahāl va Bakhtiāri","فارسان","Fārsān","مرکزی","Markazi","","","میزدج علیا","Mizdej Oliā","بیدگل","Bid-e Gol","Bid-e Kal","Morteza Taheri, field notes 2015","90","","","","Bakhtiāri 100%","Morteza Taheri, field notes 2015",32.27070090128796,50.47534378060791,""
"","4f4d71a22140547a1ad9eb75700f31dd","16-c2e23203226393605f21d63da5c3eb1c","1140140","چهارمحال و بختیاری","Chahār Mahāl va Bakhtiāri","فارسان","Fārsān","مرکزی","Markazi","","","میزدج علیا","Mizdej Oliā","چوبین","Chubin","Chuvin","Morteza Taheri, field notes 2015","127","","","","Bakhtiāri 100%","Morteza Taheri, field notes 2015",32.30476297236905,50.54625010735583,""
"","4f4d71a22140547a1ad9eb75700f2a68","16-3f4348a23fed2f089f09b6c6b4bb69bf","1140141","چهارمحال و بختیاری","Chahār Mahāl va Bakhtiāri","فارسان","Fārsān","مرکزی","Markazi","","","میزدج علیا","Mizdej Oliā","گوجان","Gujān","Gujun","Morteza Taheri, field notes 2015","5881","","","","Bakhtiāri 100%","Morteza Taheri, field notes 2015",32.24598536208655,50.54267105691856,""
"","4f4d71a22140547a1ad9eb75700f249f","18-54c7a39eccac849a01ea21220e16629e","1140142","چهارمحال و بختیاری","Chahār Mahāl va Bakhtiāri","فارسان","Fārsān","مرکزی","Markazi","","","میزدج علیا","Mizdej Oliā","ده چشمه","Deh Cheshmeh","Deh Chashme","Morteza Taheri, field notes 2015","4795","","","","Bakhtiāri 100%","Morteza Taheri, field notes 2015",32.228814416785305,50.553857845237715,""
"","4f4d71a22140547a1ad9eb75700f17ae","18-fd16f0af1ee720112fe5b65e9eb9e896","1140143","چهارمحال و بختیاری","Chahār Mahāl va Bakhtiāri","فارسان","Fārsān","مرکزی","Markazi","فارسان","Fārsān","","","","","Fārsun","Morteza Taheri, field notes 2015","28013","","","","Bakhtiāri 95%; Tehrāni type Persian 5%","Morteza Taheri, field notes 2015",32.26007239898511,50.559962675786764,""
"","4f4d71a22140547a1ad9eb75700f07b9","16-bc720f247ee268a42a0e542dfa064247","1140144","چهارمحال و بختیاری","Chahār Mahāl va Bakhtiāri","فارسان","Fārsān","مرکزی","Markazi","باباحیدر","Bābā Heydar","","","","","Bā Yar","Morteza Taheri, field notes 2015","11099","","","","Bakhtiāri 100%","Morteza Taheri, field notes 2015",32.32827999393039,50.471367188636044,""
"","4f4d71a22140547a1ad9eb75700f02c1","14-3b220046adeefca9ac8a79c03f977508","1140145","چهارمحال و بختیاری","Chahār Mahāl va Bakhtiāri","فارسان","Fārsān","بابا حیدر","Bābā Heydar","","","","","","","","","8770","","","","","","","",""
"","4f4d71a22140547a1ad9eb75700efe2c","14-e55e8f78a419a2a0e76ec277d89b8f59","1140146","چهارمحال و بختیاری","Chahār Mahāl va Bakhtiāri","فارسان","Fārsān","بابا حیدر","Bābā Heydar","","","سراب علیا","Sarāb Oliā","","","Sarāb Owliā","Morteza Taheri, field notes 2015","1623","","","","","","","",""
"","4f4d71a22140547a1ad9eb75700efb5a","16-3e350abc8b1ae3b8e214795687046712","1140147","چهارمحال و بختیاری","Chahār Mahāl va Bakhtiāri","فارسان","Fārsān","بابا حیدر","Bābā Heydar","","","سراب علیا","Sarāb Oliā","امیدآباد","Omid Ābād","Omid Vandun","Morteza Taheri, field notes 2015","90","","","","Bakhtiāri 100%","Morteza Taheri, field notes 2015",32.3236606954241,50.432693237736515,""
"","4f4d71a22140547a1ad9eb75700efaf9","18-9ad71a02b361e560b83a610d9d915079","1140148","چهارمحال و بختیاری","Chahār Mahāl va Bakhtiāri","فارسان","Fārsān","بابا حیدر","Bābā Heydar","","","سراب علیا","Sarāb Oliā","دره بیدینه","Darreh Bidineh","Dare Bid-e Kal","Morteza Taheri, field notes 2015","159","","","","Bakhtiāri 100%","Morteza Taheri, field notes 2015",32.36035521456327,50.42650413841805,""
"","4f4d71a22140547a1ad9eb75700eed20","16-15eb26e3077d0616f103b84cb9bab89d","1140149","چهارمحال و بختیاری","Chahār Mahāl va Bakhtiāri","فارسان","Fārsān","بابا حیدر","Bābā Heydar","","","سراب علیا","Sarāb Oliā","ویس آباد","Veys Ābād","Veys Ābād","Morteza Taheri, field notes 2015","26","","","","Bakhtiāri 100%","Morteza Taheri, field notes 2015",32.3633370800995,50.417039774450956,""
"","4f4d71a22140547a1ad9eb75700f84a6","18-8f1c7819b36fc6d839c929f380fd96d4","1140150","چهارمحال و بختیاری","Chahār Mahāl va Bakhtiāri","فارسان","Fārsān","بابا حیدر","Bābā Heydar","","","سراب علیا","Sarāb Oliā","سپیدانه","Sepidāneh","Espine, Esbiyune","Morteza Taheri, field notes 2015","273","","","","Bakhtiāri 100%","Morteza Taheri, field notes 2015",32.32947210046344,50.41371925930966,""
"","4f4d71a22140547a1ad9eb75700f842b","18-03e045cbe3a209f9c6dbdfc180f7eabb","1140151","چهارمحال و بختیاری","Chahār Mahāl va Bakhtiāri","فارسان","Fārsān","بابا حیدر","Bābā Heydar","","","سراب علیا","Sarāb Oliā","قلعه اقبال","Qal'eh Eqbāl","Ghale Eghbāl","Morteza Taheri, field notes 2015","33","","","","Bakhtiāri 100%","Morteza Taheri, field notes 2015",32.34947089635288,50.448438632827795,""
"","4f4d71a22140547a1ad9eb75700f835d","16-95c85dabda8063dc28f977655d96b95b","1140152","چهارمحال و بختیاری","Chahār Mahāl va Bakhtiāri","فارسان","Fārsān","بابا حیدر","Bābā Heydar","","","سراب علیا","Sarāb Oliā","قلعه امیدآباد","Qal'eh Omid Ābād","Ghale Omid Ābād","Morteza Taheri, field notes 2015","275","","","","Bakhtiāri 100%","Morteza Taheri, field notes 2015",32.35530824915212,50.431122291430945,""
"","4f4d71a22140547a1ad9eb75700f77ef","18-99bd5dd38b0e69d6275b9eba482c4aa6","1140153","چهارمحال و بختیاری","Chahār Mahāl va Bakhtiāri","فارسان","Fārsān","بابا حیدر","Bābā Heydar","","","سراب علیا","Sarāb Oliā","قلعه حاج جهانقلی","Qal'eh Hāj Jahān Qoli","Ghale Hāj Jahān Gholi","Morteza Taheri, field notes 2015","73","","","","Bakhtiāri 100%","Morteza Taheri, field notes 2015",32.35965511448278,50.434112556943546,""
"","4f4d71a22140547a1ad9eb75700f6a68","16-6410b514dcf4a5b3b06ec7c0e25b85eb","1140154","چهارمحال و بختیاری","Chahār Mahāl va Bakhtiāri","فارسان","Fārsān","بابا حیدر","Bābā Heydar","","","سراب علیا","Sarāb Oliā","شریف آباد","Sharif Ābād","Sharif Ābād","Morteza Taheri, field notes 2015","209","","","","Bakhtiāri 100%","Morteza Taheri, field notes 2015",32.35362198588248,50.442366111618945,""
"","4f4d71a22140547a1ad9eb75700f6398","18-5a45d4f94f23fa02f66fc5b3fbbdb640","1140155","چهارمحال و بختیاری","Chahār Mahāl va Bakhtiāri","فارسان","Fārsān","بابا حیدر","Bābā Heydar","","","سراب علیا","Sarāb Oliā","کوانک","Kuvānak","Kavunak","Morteza Taheri, field notes 2015","276","","","","Bakhtiāri 100%","Morteza Taheri, field notes 2015",32.34596540309838,50.40830291477913,""
"","4f4d71a22140547a1ad9eb75700f56c1","17-53d310d388e27597339bde9803859dfc","1140156","چهارمحال و بختیاری","Chahār Mahāl va Bakhtiāri","فارسان","Fārsān","بابا حیدر","Bābā Heydar","","","سراب علیا","Sarāb Oliā","نصیرآباد","Nasir Ābād","Nasir Ābād","Morteza Taheri, field notes 2015","100","","","","Bakhtiāri 100%","Morteza Taheri, field notes 2015",32.344499402386035,50.4439660984095,""
"","4f4d71a22140547a1ad9eb75700f4882","20-5126b84de08f99b7da972dcbda6644b6","1140157","چهارمحال و بختیاری","Chahār Mahāl va Bakhtiāri","فارسان","Fārsān","بابا حیدر","Bābā Heydar","","","سراب علیا","Sarāb Oliā","حاجی آباد","Hāji Ābād","Hāji Ābād","Morteza Taheri, field notes 2015","72","","","","Bakhtiāri 100%","Morteza Taheri, field notes 2015",32.34963404320585,50.438889968735594,""
"","4f4d71a22140547a1ad9eb75700f3ef0","18-98668c8ace26eab0e9a11b7f02fe88bb","1140158","چهارمحال و بختیاری","Chahār Mahāl va Bakhtiāri","فارسان","Fārsān","بابا حیدر","Bābā Heydar","","","سراب علیا","Sarāb Oliā","چشمه سنجتها","Cheshmeh Senjethā","Senjetā, Cheshme Senjetā","Morteza Taheri, field notes 2015","","(less than 3 households; population not specified in 2011 Census for reasons of privacy)","","","Bakhtiāri 100%","Morteza Taheri, field notes 2015",32.341485737473285,50.41803796586117,""
"","4f4d71a22140547a1ad9eb75700f33c5","18-61cba80eafb81884d3fdca16942121c5","1140159","چهارمحال و بختیاری","Chahār Mahāl va Bakhtiāri","فارسان","Fārsān","بابا حیدر","Bābā Heydar","","","سراب علیا","Sarāb Oliā","نصیرآباد گله","Nasir Ābād Galeh","Nasir Ābād Gale","Morteza Taheri, field notes 2015","30","","","","Bakhtiāri 100%","Morteza Taheri, field notes 2015",32.36353472743651,50.42133283943888,""
"","4f4d71a22140547a1ad9eb75700fd220","15-2017c18febe24dd9303c4ad6529bbbd7","1140160","چهارمحال و بختیاری","Chahār Mahāl va Bakhtiāri","فارسان","Fārsān","بابا حیدر","Bābā Heydar","","","سراب سفلی","Sarāb Soflā","","","","","7147","","","","","","","",""
"","4f4d71a22140547a1ad9eb75700fc9b4","16-98ccf2b65109bd7e6803223fe67c96c0","1140161","چهارمحال و بختیاری","Chahār Mahāl va Bakhtiāri","فارسان","Fārsān","بابا حیدر","Bābā Heydar","","","سراب سفلی","Sarāb Soflā","فیل آباد","Fil Ābād","Pil Avā","Morteza Taheri, field notes 2015","5224","","","","Bakhtiāri 100%","Morteza Taheri, field notes 2015",32.30222057347823,50.49764236463852,""
"","4f4d71a22140547a1ad9eb75700fc946","18-deb90cadc31bd2b3b7873202e4d316ec","1140162","چهارمحال و بختیاری","Chahār Mahāl va Bakhtiāri","فارسان","Fārsān","بابا حیدر","Bābā Heydar","","","سراب سفلی","Sarāb Soflā","عیسی آباد","Isi Ābād","Si Avā","Morteza Taheri, field notes 2015","1923","","","","Bakhtiāri 100%","Morteza Taheri, field notes 2015",32.28001828078621,50.51910003675487,""
"","4f4d71a22140547a1ad9eb75700fbf5d","14-78f2f75f16a16091a1f6532bebcba544","1140163","چهارمحال و بختیاری","Chahār Mahāl va Bakhtiāri","فارسان","Fārsān","جونقان","Juneqān","","","","","","","","","35166","","","","","","","",""
"","4f4d71a22140547a1ad9eb75700fb0e7","14-45d91e90f4b8c9c761fbe91a2f1a74f8","1140164","چهارمحال و بختیاری","Chahār Mahāl va Bakhtiāri","فارسان","Fārsān","جونقان","Juneqān","","","جونقان","Juneqān","","","","","1225","","","","","","","",""
"","4f4d71a22140547a1ad9eb75700faa00","18-5a1a3109b17607cfa09c741b286682a7","1140165","چهارمحال و بختیاری","Chahār Mahāl va Bakhtiāri","فارسان","Fārsān","جونقان","Juneqān","","","جونقان","Juneqān","چغاهست","Choghā Hast","Choghā Hast","Morteza Taheri, field notes 2015","310","","","","Bakhtiāri 100%","Morteza Taheri, field notes 2015",32.19437821111721,50.62214030657789,""
"","4f4d71a22140547a1ad9eb75700f9cb7","16-43e07c1afaa3ef3b6c9c4c334126a096","1140166","چهارمحال و بختیاری","Chahār Mahāl va Bakhtiāri","فارسان","Fārsān","جونقان","Juneqān","","","جونقان","Juneqān","گوشه","Gusheh","Gushe","Morteza Taheri, field notes 2015","915","","","","Bakhtiāri 100%","Morteza Taheri, field notes 2015",32.18908021227689,50.612672804059784,""
"","4f4d71a22140547a1ad9eb75700f97a8","14-4fc684f943c2e810bbcb3a105249d198","1140167","چهارمحال و بختیاری","Chahār Mahāl va Bakhtiāri","فارسان","Fārsān","جونقان","Juneqān","","","میزدج سفلی","Mizdej Soflā","","","","","11053","","","","","","","",""
"","4f4d71a22140547a1ad9eb75700f91f0","16-36c93e573f0a56c71ae462f799913f0a","1140168","چهارمحال و بختیاری","Chahār Mahāl va Bakhtiāri","فارسان","Fārsān","جونقان","Juneqān","","","میزدج سفلی","Mizdej Soflā","کران","Korān","Korun","Morteza Taheri, field notes 2015","4345","","","","Bakhtiāri 100%","Morteza Taheri, field notes 2015",32.2271743265525,50.59530851045382,""
"","4f4d71a22140547a1ad9eb75700f90d4","18-db32ad9e060da25d2f07e5adf3b61a30","1140169","چهارمحال و بختیاری","Chahār Mahāl va Bakhtiāri","فارسان","Fārsān","جونقان","Juneqān","","","میزدج سفلی","Mizdej Soflā","چلیچه","Cholicheh","Choliche","Morteza Taheri, field notes 2015","4993","","","","Bakhtiāri 100%","Morteza Taheri, field notes 2015",32.2301478539993,50.62783483884338,""
"","4f4d71a22140547a1ad9eb7570100cb4","16-b48ef925e8ecb2a8bd0f643c5d665c13","1140170","چهارمحال و بختیاری","Chahār Mahāl va Bakhtiāri","فارسان","Fārsān","جونقان","Juneqān","","","میزدج سفلی","Mizdej Soflā","راستاب","Rāstāb","Rāstow","Morteza Taheri, field notes 2015","1715","","","","Bakhtiāri 100%","Morteza Taheri, field notes 2015",32.21419167100875,50.63010908654336,""
"","4f4d71a22140547a1ad9eb7570100479","22-54b7fb20efb956ad54c9925d7174ddb6","1140171","چهارمحال و بختیاری","Chahār Mahāl va Bakhtiāri","فارسان","Fārsān","جونقان","Juneqān","جونقان","Juneqān","","","","","ginakān, günakān (Turkic), ginakun (Bakhtiari)","Morteza Taheri, field notes 2015","14800","","","","Turkic 60%; Tehrāni type Persian 30%; Bakhtiāri 10%","Morteza Taheri, field notes 2015",32.151498661016234,50.6854763035615,""
"","4f4d71a22140547a1ad9eb75701002a0","16-7a5e71f5e5cf0e6976a1d6c38a47ba8e","1140172","چهارمحال و بختیاری","Chahār Mahāl va Bakhtiāri","فارسان","Fārsān","جونقان","Juneqān","پردنجان","Pordanjān","","","","","Pordangun","Morteza Taheri, field notes 2015","8088","","","","Bakhtiāri 100%","Morteza Taheri, field notes 2015",32.253288489245406,50.598676802017394,""
"","4f4d71a22140547a1ad9eb75701001e7","14-db6220c1c29e9f7efd62d10aeb90fc18","1140173","چهارمحال و بختیاری","Chahār Mahāl va Bakhtiāri","لردگان","Lordegān","","","","","","","","","","","194783","","","","","","","",""
"","4f4d71a22140547a1ad9eb757010007b","14-b81fc5a0a511274951c112228c45bde9","1140174","چهارمحال و بختیاری","Chahār Mahāl va Bakhtiāri","لردگان","Lordegān","فلارد","Felārd","","","","","","","","","32944","","","","","","","",""
"","4f4d71a22140547a1ad9eb75700ff74b","14-23dd020349a45c9e4c4b313a5359a30b","1140175","چهارمحال و بختیاری","Chahār Mahāl va Bakhtiāri","لردگان","Lordegān","فلارد","Felārd","","","فلارد","Felārd","","","Felārd","Morteza Taheri, field notes 2015","19671","","","","","","","",""
"","4f4d71a22140547a1ad9eb75700ff1a2","16-5c9c3707dd024dee010482a94e18410e","1140176","چهارمحال و بختیاری","Chahār Mahāl va Bakhtiāri","لردگان","Lordegān","فلارد","Felārd","","","فلارد","Felārd","شیرمرد","Shir-e Mard","Shir-e Mardi","Morteza Taheri, field notes 2015","776","","","","Bakhtiāri 100%","Morteza Taheri, field notes 2015",31.412886036507835,51.21570301176943,""
"","4f4d71a22140547a1ad9eb75700fe95b","16-4273ae7b5fe38670ed31471b955df956","1140177","چهارمحال و بختیاری","Chahār Mahāl va Bakhtiāri","لردگان","Lordegān","فلارد","Felārd","","","فلارد","Felārd","گرداب علیا","Gerdāb-e Oliā","Gerdāb-e Owliā","Morteza Taheri, field notes 2015","337","","","","Bakhtiāri 100%","Morteza Taheri, field notes 2015",31.39256987977665,51.205977295987,""
"","4f4d71a22140547a1ad9eb75700fe2fc","16-2e0e16205495671dac8323ac3129c598","1140178","چهارمحال و بختیاری","Chahār Mahāl va Bakhtiāri","لردگان","Lordegān","فلارد","Felārd","","","فلارد","Felārd","گنج","Ganj","Ganj","Morteza Taheri, field notes 2015","389","","","","Bakhtiāri 100%","Morteza Taheri, field notes 2015",31.376883143327788,51.212748860404226,""
"","4f4d71a22140547a1ad9eb75700fd776","16-b2d9a01bdbdb3e77d8a99333b5ed58ed","1140179","چهارمحال و بختیاری","Chahār Mahāl va Bakhtiāri","لردگان","Lordegān","فلارد","Felārd","","","فلارد","Felārd","چهار ده","Chahār Deh","Chār Deh","Morteza Taheri, field notes 2015","933","","","","Bakhtiāri 100%","Morteza Taheri, field notes 2015",31.360279169338412,51.224852876693724,""
"","4f4d71a22140547a1ad9eb7570106259","16-ccf03c46f7e41cabf698b0f116504d39","1140180","چهارمحال و بختیاری","Chahār Mahāl va Bakhtiāri","لردگان","Lordegān","فلارد","Felārd","","","فلارد","Felārd","شهریار","Shahriār","Shahriār","Morteza Taheri, field notes 2015","2211","","","","Bakhtiāri 100%","Morteza Taheri, field notes 2015",31.342124374926534,51.222387200307274,""
"","4f4d71a22140547a1ad9eb75701055ed","16-8bc3da9324f0c8830faebe3fd5e833b9","1140181","چهارمحال و بختیاری","Chahār Mahāl va Bakhtiāri","لردگان","Lordegān","فلارد","Felārd","","","فلارد","Felārd","ابواسحاق سفلی","Abu Eshāq Soflā","Abu Eshāgh Soflā","Morteza Taheri, field notes 2015","624","","","","Bakhtiāri 100%","Morteza Taheri, field notes 2015",31.328792781780866,51.27715147700543,""
"","4f4d71a22140547a1ad9eb757010559d","26-a177b2555b321ae96b3d054897113855","1140182","چهارمحال و بختیاری","Chahār Mahāl va Bakhtiāri","لردگان","Lordegān","فلارد","Felārd","","","فلارد","Felārd","ابواسحاق علیا","Abu Eshāq Oliā","Abu Eshāgh Owliā","Morteza Taheri, field notes 2015","1039","","","","Bakhtiāri 100%","Morteza Taheri, field notes 2015",31.331234478799015,51.281721961165694,""
"","4f4d71a22140547a1ad9eb7570104d4a","16-dcb939464278480a7656ed8a46e1cd1a","1140183","چهارمحال و بختیاری","Chahār Mahāl va Bakhtiāri","لردگان","Lordegān","فلارد","Felārd","","","فلارد","Felārd","امیران سفلی","Amirān-e Soflā","Amirun-e Soflā","Morteza Taheri, field notes 2015","70","","","","Bakhtiāri 100%","Morteza Taheri, field notes 2015",31.33109044732636,51.23377782125662,""
"","4f4d71a22140547a1ad9eb757010416e","16-78034065e9549f8d3f95ae51af1f88d7","1140184","چهارمحال و بختیاری","Chahār Mahāl va Bakhtiāri","لردگان","Lordegān","فلارد","Felārd","","","فلارد","Felārd","امیران علیا","Amirān-e Oliā","Amirun-e Owliā","Morteza Taheri, field notes 2015","91","","","","Bakhtiāri 100%","Morteza Taheri, field notes 2015",31.32776373935315,51.23831611890872,""
"","4f4d71a22140547a1ad9eb7570103f12","16-2272dab5cb48181c4bdef32816e68d7f","1140185","چهارمحال و بختیاری","Chahār Mahāl va Bakhtiāri","لردگان","Lordegān","فلارد","Felārd","","","فلارد","Felārd","کندر","Kondar","Kondar","Morteza Taheri, field notes 2015","739","","","","Bakhtiāri 100%","Morteza Taheri, field notes 2015",31.32226490126109,51.22766299937997,""
"","4f4d71a22140547a1ad9eb7570103953","16-f5bdc25a1f42466c34fece6e168d7035","1140186","چهارمحال و بختیاری","Chahār Mahāl va Bakhtiāri","لردگان","Lordegān","فلارد","Felārd","","","فلارد","Felārd","میانطلان","Miān Talān","Miān Talān","Morteza Taheri, field notes 2015","225","","","","Bakhtiāri 100%","Morteza Taheri, field notes 2015",31.31361022275591,51.22917303954547,""
"","4f4d71a22140547a1ad9eb7570102a8a","18-49dca5e53d3e5797c2db51aeb5b93b17","1140187","چهارمحال و بختیاری","Chahār Mahāl va Bakhtiāri","لردگان","Lordegān","فلارد","Felārd","","","فلارد","Felārd","میلان بابااحمدی","Milān Bābā Ahmadi","Milān Bābā Ahmedi","Morteza Taheri, field notes 2015","475","","","","Bakhtiāri 100%","Morteza Taheri, field notes 2015",31.310412675504917,51.252673669895614,""
"","4f4d71a22140547a1ad9eb7570101cb0","16-90e5adea6dc9400d5a76101afc9ae78f","1140188","چهارمحال و بختیاری","Chahār Mahāl va Bakhtiāri","لردگان","Lordegān","فلارد","Felārd","","","فلارد","Felārd","ده چناردالورا","Deh Chenār Dālvarā","Deh Chenār Dālverā","Morteza Taheri, field notes 2015","495","","","","Bakhtiāri 100%","Morteza Taheri, field notes 2015",31.327490982065093,51.17498752142446,""
"","4f4d71a22140547a1ad9eb757010100f","16-87be24e6ce6af4b5ded68f27ae9788c0","1140189","چهارمحال و بختیاری","Chahār Mahāl va Bakhtiāri","لردگان","Lordegān","فلارد","Felārd","","","فلارد","Felārd","ده گلابی علیا","Deh Golābi Oliā","Deh Golābi Owliā","Morteza Taheri, field notes 2015","273","","","","Bakhtiāri 100%","Morteza Taheri, field notes 2015",31.310589807700094,51.19350549245999,""
"","4f4d71a22140547a1ad9eb757010c773","16-e81b9340d89c1ea04ef050286006f3f4","1140190","چهارمحال و بختیاری","Chahār Mahāl va Bakhtiāri","لردگان","Lordegān","فلارد","Felārd","","","فلارد","Felārd","میشان سفلی","Mishān Soflā","Mishun Soflā","Morteza Taheri, field notes 2015","359","","","","Bakhtiāri 100%","Morteza Taheri, field notes 2015",31.306110068851844,51.22125607683642,""
"","4f4d71a22140547a1ad9eb757010c737","16-95dfb653c0b461907da84941703040d8","1140191","چهارمحال و بختیاری","Chahār Mahāl va Bakhtiāri","لردگان","Lordegān","فلارد","Felārd","","","فلارد","Felārd","میشان علیا","Mishān Oliā","Mishun Owliā","Morteza Taheri, field notes 2015","541","","","","Bakhtiāri 100%","Morteza Taheri, field notes 2015",31.313671057006452,51.21336988269967,""
"","4f4d71a22140547a1ad9eb757010b83b","16-6b2d8fd9dca1991f62eaf47090818d77","1140192","چهارمحال و بختیاری","Chahār Mahāl va Bakhtiāri","لردگان","Lordegān","فلارد","Felārd","","","فلارد","Felārd","یوردسوخته","Yord Sukhteh","Yord Sohde","Morteza Taheri, field notes 2015","99","","","","Bakhtiāri 100%","Morteza Taheri, field notes 2015",31.304541260147328,51.206031358836704,""
"","4f4d71a22140547a1ad9eb757010ace5","16-cac295ac63bac5f87845a4b3eb1161b8","1140193","چهارمحال و بختیاری","Chahār Mahāl va Bakhtiāri","لردگان","Lordegān","فلارد","Felārd","","","فلارد","Felārd","ده سوخته","Deh Sukhteh","Deh Sohde","Morteza Taheri, field notes 2015","459","","","","Bakhtiāri 100%","Morteza Taheri, field notes 2015",31.30149779790391,51.21291927158617,""
"","4f4d71a22140547a1ad9eb757010a1a1","18-99d254e4933e7d9ef01577b4c1dd799e","1140194","چهارمحال و بختیاری","Chahār Mahāl va Bakhtiāri","لردگان","Lordegān","فلارد","Felārd","","","فلارد","Felārd","سهل آباد","Sahl Ābād","Sahl Ābād","Morteza Taheri, field notes 2015","1114","","","","Bakhtiāri 100%","Morteza Taheri, field notes 2015",31.289598017183494,51.20667508900192,""
"","4f4d71a22140547a1ad9eb75701095b0","16-fcb88a6967b31a1252b739c000012280","1140195","چهارمحال و بختیاری","Chahār Mahāl va Bakhtiāri","لردگان","Lordegān","فلارد","Felārd","","","فلارد","Felārd","میان آب","Miān Āb","Miān Ow","Morteza Taheri, field notes 2015","466","","","","Bakhtiāri 100%","Morteza Taheri, field notes 2015",31.29564894089108,51.20433620274,""
"","4f4d71a22140547a1ad9eb7570108d26","16-6cf3643f04a6547fd48ecb6a36e9f506","1140196","چهارمحال و بختیاری","Chahār Mahāl va Bakhtiāri","لردگان","Lordegān","فلارد","Felārd","","","فلارد","Felārd","تل اشگفتی","Tal Eshgafti","Tal Eshgafti","Morteza Taheri, field notes 2015","307","","","","Bakhtiāri 100%","Morteza Taheri, field notes 2015",31.2805130151497,51.23035412981423,""
"","4f4d71a22140547a1ad9eb7570108728","16-c96db058f7c0c81d17608190c474e9cc","1140197","چهارمحال و بختیاری","Chahār Mahāl va Bakhtiāri","لردگان","Lordegān","فلارد","Felārd","","","فلارد","Felārd","سلمانک سفلی","Salmānak Soflā","Salmānak Soflā","Morteza Taheri, field notes 2015","76","","","","Bakhtiāri 100%","Morteza Taheri, field notes 2015",31.270848136910992,51.23292905046701,""
"","4f4d71a22140547a1ad9eb7570107fbb","16-8719347f0ecef918d93da3d0d9a04a39","1140198","چهارمحال و بختیاری","Chahār Mahāl va Bakhtiāri","لردگان","Lordegān","فلارد","Felārd","","","فلارد","Felārd","سلمانک علیا","Salmānak Oliā","Salmānak Owliā","Morteza Taheri, field notes 2015","67","","","","Bakhtiāri 100%","Morteza Taheri, field notes 2015",31.27491961050887,51.237864315053514,""
"","4f4d71a22140547a1ad9eb75701071f6","18-b829259e0e5fa13e908079d2100acc19","1140199","چهارمحال و بختیاری","Chahār Mahāl va Bakhtiāri","لردگان","Lordegān","فلارد","Felārd","","","فلارد","Felārd","کلواری سفلی","Kalvāri Soflā","Kalvāri Soflā","Morteza Taheri, field notes 2015","661","","","","Bakhtiāri 100%","Morteza Taheri, field notes 2015",31.290797923867597,51.23377401177638,""
"","4f4d71a22140547a1ad9eb75701131d1","16-536ebec738a4bb2109972937d518d678","1140200","چهارمحال و بختیاری","Chahār Mahāl va Bakhtiāri","لردگان","Lordegān","فلارد","Felārd","","","فلارد","Felārd","کلواری علیا","Kalvāri Oliā","Kalvāri  Owliā","Morteza Taheri, field notes 2015","602","","","","Bakhtiāri 100%","Morteza Taheri, field notes 2015",31.295161906890474,51.23267967049858,""
"","4f4d71a22140547a1ad9eb75701123e7","16-86c30ca9f9e5e0a7962a5bffb4f59a89","1140201","چهارمحال و بختیاری","Chahār Mahāl va Bakhtiāri","لردگان","Lordegān","فلارد","Felārd","","","فلارد","Felārd","گلابی سفلی","Golābi Soflā","Golābi Soflā","Morteza Taheri, field notes 2015","27","","","","Bakhtiāri 100%","Morteza Taheri, field notes 2015",31.29257505247151,51.22576786469334,""
"","4f4d71a22140547a1ad9eb757011189e","16-e4baabcb7ff3f449fe7c9c79dd56271f","1140202","چهارمحال و بختیاری","Chahār Mahāl va Bakhtiāri","لردگان","Lordegān","فلارد","Felārd","","","فلارد","Felārd","دشت پاگرد","Dasht Pāgard","Dash Pāgard","Morteza Taheri, field notes 2015","607","","","","Bakhtiāri 100%","Morteza Taheri, field notes 2015",31.260393548599147,51.25832420541656,""
"","4f4d71a22140547a1ad9eb7570110c14","16-58fb68f3874b02b37ba76e2122518d19","1140203","چهارمحال و بختیاری","Chahār Mahāl va Bakhtiāri","لردگان","Lordegān","فلارد","Felārd","","","فلارد","Felārd","سندگان علیا","Sendegān Oliā","Sendegun Owliā","Morteza Taheri, field notes 2015","789","","","","Bakhtiāri 100%","Morteza Taheri, field notes 2015",31.25551613916702,51.2854450144841,""
"","4f4d71a22140547a1ad9eb757010fe7f","16-d00d33102b086ec13d0a561336e187c7","1140204","چهارمحال و بختیاری","Chahār Mahāl va Bakhtiāri","لردگان","Lordegān","فلارد","Felārd","","","فلارد","Felārd","شهرک امام خمینی","Shahrak-e Emām Khomeyni","Shahrak-e Emām Khomeyni","Morteza Taheri, field notes 2015","461","","","","Bakhtiāri 100%","Morteza Taheri, field notes 2015",31.279404476821657,51.28223694529643,""
"","4f4d71a22140547a1ad9eb757010f874","16-ef4aedd4ef27e15d2eea42c81c8ace3d","1140205","چهارمحال و بختیاری","Chahār Mahāl va Bakhtiāri","لردگان","Lordegān","فلارد","Felārd","","","فلارد","Felārd","آب گرمک","Āb Garmak","Ow Garmak","Morteza Taheri, field notes 2015","","(less than 3 households; population not specified in 2011 Census for reasons of privacy)","","","Bakhtiāri 100%","Morteza Taheri, field notes 2015",31.237326560841332,51.22480942310294,""
"","4f4d71a22140547a1ad9eb757010eb07","16-ebd16c936ef9ffc701dd516b6d8f9472","1140206","چهارمحال و بختیاری","Chahār Mahāl va Bakhtiāri","لردگان","Lordegān","فلارد","Felārd","","","فلارد","Felārd","یونکی","Yuneki","Yuneki","Morteza Taheri, field notes 2015","1337","","","","Bakhtiāri 100%","Morteza Taheri, field notes 2015",31.262759688410725,51.233991205235746,""
"","4f4d71a22140547a1ad9eb757010e983","16-12adec492c3bcfb489362c5f6950e66a","1140207","چهارمحال و بختیاری","Chahār Mahāl va Bakhtiāri","لردگان","Lordegān","فلارد","Felārd","","","فلارد","Felārd","قرح","Qareh","Ghareh","Morteza Taheri, field notes 2015","1507","","","","Bakhtiāri 100%","Morteza Taheri, field notes 2015",31.239144987173365,51.24550680740806,""
"","4f4d71a22140547a1ad9eb757010dcf8","16-45da09bc4e31fb37b69c877aeb75f8a2","1140208","چهارمحال و بختیاری","Chahār Mahāl va Bakhtiāri","لردگان","Lordegān","فلارد","Felārd","","","فلارد","Felārd","سندگان سفلی","Sendegān Soflā","Sendegun Soflā","Morteza Taheri, field notes 2015","901","","","","Bakhtiāri 100%","Morteza Taheri, field notes 2015",31.25531436213606,51.289049903400134,""
"","4f4d71a22140547a1ad9eb757010d075","16-2c8ebc0700983c12c24208ea1142c544","1140209","چهارمحال و بختیاری","Chahār Mahāl va Bakhtiāri","لردگان","Lordegān","فلارد","Felārd","","","فلارد","Felārd","گرداب سفلی","Gerdāb Soflā","Gerdāb Soflā","Morteza Taheri, field notes 2015","608","","","","Bakhtiāri 100%","Morteza Taheri, field notes 2015",31.2348151075165,51.25284533127193,""
"","4f4d71a22140547a1ad9eb7570118f0c","14-3252cab0355aed182dfd3bd280ce3abe","1140210","چهارمحال و بختیاری","Chahār Mahāl va Bakhtiāri","لردگان","Lordegān","فلارد","Felārd","","","پشتکوه","Posht Kuh","","","Posh Koh","Morteza Taheri, field notes 2015","9575","","","","","","","",""
"","4f4d71a22140547a1ad9eb757011807f","16-831ef3e04f3f42a3df039537c974d9c7","1140211","چهارمحال و بختیاری","Chahār Mahāl va Bakhtiāri","لردگان","Lordegān","فلارد","Felārd","","","پشتکوه","Posht Kuh","اسلام آباد1","Eslām Ābād Yek","Eslām Ābād","Morteza Taheri, field notes 2015","384","","","","Bakhtiāri 100%","Morteza Taheri, field notes 2015",31.276698451002854,51.16412201500163,""
"","4f4d71a22140547a1ad9eb7570117b43","16-c110962a5a3ed17cfc0e1c5db157202a","1140212","چهارمحال و بختیاری","Chahār Mahāl va Bakhtiāri","لردگان","Lordegān","فلارد","Felārd","","","پشتکوه","Posht Kuh","دم آب","Dam Āb","Dam Ow","Morteza Taheri, field notes 2015","841","","","","Bakhtiāri 100%","Morteza Taheri, field notes 2015",31.258449152719702,51.1760739383703,""
"","4f4d71a22140547a1ad9eb7570116ed7","16-d32d8b16c6969c6628aaf8ce83ba6f7f","1140213","چهارمحال و بختیاری","Chahār Mahāl va Bakhtiāri","لردگان","Lordegān","فلارد","Felārd","","","پشتکوه","Posht Kuh","رستم بیگ","Rostam Beyg","Rostam Beyg","Morteza Taheri, field notes 2015","115","","","","Bakhtiāri 100%","Morteza Taheri, field notes 2015",31.236265287737535,51.21476719867364,""
"","4f4d71a22140547a1ad9eb7570116788","16-1929e8c5b8d6f4876866ab69172edbcb","1140214","چهارمحال و بختیاری","Chahār Mahāl va Bakhtiāri","لردگان","Lordegān","فلارد","Felārd","","","پشتکوه","Posht Kuh","اکبرآباد","Akbar Ābād","Akbar Ābād","Morteza Taheri, field notes 2015","240","","","","Bakhtiāri 100%","Morteza Taheri, field notes 2015",31.28706871511764,51.154219299321355,""
"","4f4d71a22140547a1ad9eb7570116326","16-ea11a32c71c4e6a07547565e45c3d13f","1140215","چهارمحال و بختیاری","Chahār Mahāl va Bakhtiāri","لردگان","Lordegān","فلارد","Felārd","","","پشتکوه","Posht Kuh","بیژگرد","Bizhegerd","Bizhegerd","Morteza Taheri, field notes 2015","170","","","","Bakhtiāri 100%","Morteza Taheri, field notes 2015",31.282200059396715,51.1592189369242,""
"","4f4d71a22140547a1ad9eb75701153fb","16-9a494504610644de1fad71675e086e4e","1140216","چهارمحال و بختیاری","Chahār Mahāl va Bakhtiāri","لردگان","Lordegān","فلارد","Felārd","","","پشتکوه","Posht Kuh","سفیدار","Sefidār","Sefidār","Morteza Taheri, field notes 2015","490","","","","Bakhtiāri 100%","Morteza Taheri, field notes 2015",31.28886574485609,51.15148344612682,""
"","4f4d71a22140547a1ad9eb7570114d46","16-87be3cb83003ed8b81d758c46d252b0a","1140217","چهارمحال و بختیاری","Chahār Mahāl va Bakhtiāri","لردگان","Lordegān","فلارد","Felārd","","","پشتکوه","Posht Kuh","دهنو","Deh Now","Deh Now","Morteza Taheri, field notes 2015","186","","","","Bakhtiāri 100%","Morteza Taheri, field notes 2015",31.297630358084294,51.127150445946015,""
"","4f4d71a22140547a1ad9eb7570113f4d","16-0aeb2e4ccac49cc3959ea1e893f8f6bf","1140218","چهارمحال و بختیاری","Chahār Mahāl va Bakhtiāri","لردگان","Lordegān","فلارد","Felārd","","","پشتکوه","Posht Kuh","گندآب","Gand Āb","Gand Ow","Morteza Taheri, field notes 2015","303","","","","Bakhtiāri 100%","Morteza Taheri, field notes 2015",31.30278116872592,51.13630717352297,""
"","4f4d71a22140547a1ad9eb7570113dd6","16-4f820b8722ffc293591f17758f753cb6","1140219","چهارمحال و بختیاری","Chahār Mahāl va Bakhtiāri","لردگان","Lordegān","فلارد","Felārd","","","پشتکوه","Posht Kuh","دره نامداری","Darreh Nāmdāri","Dare Nāmdāri","Morteza Taheri, field notes 2015","395","","","","Bakhtiāri 100%","Morteza Taheri, field notes 2015",31.314823862708664,51.110562828590396,""
"","4f4d71a22140547a1ad9eb757011dbb3","16-2f461655f64d74b9df835785bb329028","1140220","چهارمحال و بختیاری","Chahār Mahāl va Bakhtiāri","لردگان","Lordegān","فلارد","Felārd","","","پشتکوه","Posht Kuh","شاه نجف","Shāh Najaf","Shāh Najaf","Morteza Taheri, field notes 2015","1277","","","","Bakhtiāri 100%","Morteza Taheri, field notes 2015",31.309094997042042,51.12297609190982,""
"","4f4d71a22140547a1ad9eb757011d9ad","16-5ba0144208762ffa84aa99a060e17bd9","1140221","چهارمحال و بختیاری","Chahār Mahāl va Bakhtiāri","لردگان","Lordegān","فلارد","Felārd","","","پشتکوه","Posht Kuh","باغ محمدعلی","Bāgh Mohammad Ali","Bāgh Mamaali","Morteza Taheri, field notes 2015","329","","","","Bakhtiāri 100%","Morteza Taheri, field notes 2015",31.284229476806054,51.11816890580264,""
"","4f4d71a22140547a1ad9eb757011d209","16-1166afb8208de015c5c5a0ebc1196753","1140222","چهارمحال و بختیاری","Chahār Mahāl va Bakhtiāri","لردگان","Lordegān","فلارد","Felārd","","","پشتکوه","Posht Kuh","دره بید","Darreh Bid","Dare Bid","Morteza Taheri, field notes 2015","","(less than 3 households; population not specified in 2011 Census for reasons of privacy)","","","Bakhtiāri 100%","Morteza Taheri, field notes 2015",31.310389547748116,51.10060646873013,""
"","4f4d71a22140547a1ad9eb757011d1c3","16-72e81e73768dcb22cb62b44efc7bd170","1140223","چهارمحال و بختیاری","Chahār Mahāl va Bakhtiāri","لردگان","Lordegān","فلارد","Felārd","","","پشتکوه","Posht Kuh","شوراب","Shurāb","Shurāb","Morteza Taheri, field notes 2015","262","","","","Bakhtiāri 100%","Morteza Taheri, field notes 2015",31.256166643400853,51.131510980585915,""
"","4f4d71a22140547a1ad9eb757011cdbd","16-ceaa194d94f92086d4693787f5427f21","1140224","چهارمحال و بختیاری","Chahār Mahāl va Bakhtiāri","لردگان","Lordegān","فلارد","Felārd","","","پشتکوه","Posht Kuh","قلعه سوخته","Qal'eh Sukhteh","Ghale Sohde","Morteza Taheri, field notes 2015","1085","","","","Bakhtiāri 100%","Morteza Taheri, field notes 2015",31.296930314277322,51.12102344374686,""
"","4f4d71a22140547a1ad9eb757011bf9c","18-070fe6f65fa851e5090b9efce15d4701","1140225","چهارمحال و بختیاری","Chahār Mahāl va Bakhtiāri","لردگان","Lordegān","فلارد","Felārd","","","پشتکوه","Posht Kuh","باغ کاج","Bāgh Kāj","Bāgh Kāj","Morteza Taheri, field notes 2015","218","","","","Bakhtiāri 100%","Morteza Taheri, field notes 2015",31.20258498239471,51.16915960752657,""
"","4f4d71a22140547a1ad9eb757011b337","16-44730929731f289bf491bf07a3021460","1140226","چهارمحال و بختیاری","Chahār Mahāl va Bakhtiāri","لردگان","Lordegān","فلارد","Felārd","","","پشتکوه","Posht Kuh","پروز","Parvaz","Parvaz","Morteza Taheri, field notes 2015","117","","","","Bakhtiāri 100%","Morteza Taheri, field notes 2015",31.222714961524463,51.1557369993539,""
"","4f4d71a22140547a1ad9eb757011a4e3","16-d6df1cd6129bfaf5817c4a312886591b","1140227","چهارمحال و بختیاری","Chahār Mahāl va Bakhtiāri","لردگان","Lordegān","فلارد","Felārd","","","پشتکوه","Posht Kuh","امام آباد","Emām Ābād","Emām Ābād","Morteza Taheri, field notes 2015","387","","","","Bakhtiāri 100%","Morteza Taheri, field notes 2015",31.246048625907182,51.140689644149845,""
"","4f4d71a22140547a1ad9eb7570119bf7","16-405aa44a94cc4bbbd07278484969a078","1140228","چهارمحال و بختیاری","Chahār Mahāl va Bakhtiāri","لردگان","Lordegān","فلارد","Felārd","","","پشتکوه","Posht Kuh","دره شیر","Darreh Shir","Dare Shir","Morteza Taheri, field notes 2015","115","","","","Bakhtiāri 100%","Morteza Taheri, field notes 2015",31.206940576614507,51.16100068354904,""
"","4f4d71a22140547a1ad9eb757011964f","16-6faf02e0854ca91ee6c999764fb85549","1140229","چهارمحال و بختیاری","Chahār Mahāl va Bakhtiāri","لردگان","Lordegān","فلارد","Felārd","","","پشتکوه","Posht Kuh","دره نیک","Darreh Nik","Dare Nik","Morteza Taheri, field notes 2015","255","","","","Bakhtiāri 100%","Morteza Taheri, field notes 2015",31.18517598403928,51.15807116288939,""
"","4f4d71a22140547a1ad9eb7570123b4f","16-3698ef6f3c8fbfa4236153732444aa33","1140230","چهارمحال و بختیاری","Chahār Mahāl va Bakhtiāri","لردگان","Lordegān","فلارد","Felārd","","","پشتکوه","Posht Kuh","دستگرد","Dastgerd","Dasgerd","Morteza Taheri, field notes 2015","79","","","","Bakhtiāri 100%","Morteza Taheri, field notes 2015",31.249928553090037,51.137749943069934,""
"","4f4d71a22140547a1ad9eb7570122c5c","18-143a019508d7d4f4963b02721c54b52d","1140231","چهارمحال و بختیاری","Chahār Mahāl va Bakhtiāri","لردگان","Lordegān","فلارد","Felārd","","","پشتکوه","Posht Kuh","گیساران","Geysārān","Keysārān","Morteza Taheri, field notes 2015","132","","","","Bakhtiāri 100%","Morteza Taheri, field notes 2015",31.21223911165391,51.161644364315,""
"","4f4d71a22140547a1ad9eb7570121f4e","16-36c006746fb9220686c3cee8ae0117ee","1140232","چهارمحال و بختیاری","Chahār Mahāl va Bakhtiāri","لردگان","Lordegān","فلارد","Felārd","","","پشتکوه","Posht Kuh","منارجان","Monārjān","Monārjun","Morteza Taheri, field notes 2015","433","","","","Bakhtiāri 100%","Morteza Taheri, field notes 2015",31.27497590925021,51.12048833659198,""
"","4f4d71a22140547a1ad9eb7570121dec","16-dee1f510f26323e26a4e8351ce41f158","1140233","چهارمحال و بختیاری","Chahār Mahāl va Bakhtiāri","لردگان","Lordegān","فلارد","Felārd","","","پشتکوه","Posht Kuh","نورآباد","Nur Ābād","Nur Ābād","Morteza Taheri, field notes 2015","34","","","","Bakhtiāri 100%","Morteza Taheri, field notes 2015",31.267520581719626,51.12859933665195,""
"","4f4d71a22140547a1ad9eb7570121b40","18-51acdf2e7b92e3a7f4ca2687f16e2c1e","1140234","چهارمحال و بختیاری","Chahār Mahāl va Bakhtiāri","لردگان","Lordegān","فلارد","Felārd","","","پشتکوه","Posht Kuh","امامزاده درویشان","Emāmzādeh Darvishān","Emāmzāde Darvishun","Morteza Taheri, field notes 2015","474","","","","Bakhtiāri 100%","Morteza Taheri, field notes 2015",31.206133824464143,51.12820429640889,""
"","4f4d71a22140547a1ad9eb7570120bfb","16-33d7cd4266ef17c856836692041c46e4","1140235","چهارمحال و بختیاری","Chahār Mahāl va Bakhtiāri","لردگان","Lordegān","فلارد","Felārd","","","پشتکوه","Posht Kuh","بازنگی","Bāzengi","Pāzeni","Morteza Taheri, field notes 2015","","(less than 3 households; population not specified in 2011 Census for reasons of privacy)","","","Bakhtiāri 100%","Morteza Taheri, field notes 2015",31.196608911234694,51.11018759013753,""
"","4f4d71a22140547a1ad9eb757012076c","16-60014ce1fe9caf75dedaf21844ba1582","1140236","چهارمحال و بختیاری","Chahār Mahāl va Bakhtiāri","لردگان","Lordegān","فلارد","Felārd","","","پشتکوه","Posht Kuh","اسلام آباد","Eslām Ābād","Eslām Ābād","Morteza Taheri, field notes 2015","67","","","","Bakhtiāri 100%","Morteza Taheri, field notes 2015",31.173877114326064,51.15819116590329,""
"","4f4d71a22140547a1ad9eb75701203ee","16-ee4968da656095f31dbbeb8061d3f84a","1140237","چهارمحال و بختیاری","Chahār Mahāl va Bakhtiāri","لردگان","Lordegān","فلارد","Felārd","","","پشتکوه","Posht Kuh","ده کهنه","Deh Kohneh","Deh Kohne","Morteza Taheri, field notes 2015","462","","","","Bakhtiāri 100%","Morteza Taheri, field notes 2015",31.19667481001889,51.12155086180708,""
"","4f4d71a22140547a1ad9eb757011f912","16-feb5a509b8303ea50ba95c8abe8a5f30","1140238","چهارمحال و بختیاری","Chahār Mahāl va Bakhtiāri","لردگان","Lordegān","فلارد","Felārd","","","پشتکوه","Posht Kuh","کوه نارمه","Kuh Nārmeh","Ko Nārme","Morteza Taheri, field notes 2015","169","","","","Bakhtiāri 100%","Morteza Taheri, field notes 2015",31.175220153191262,51.15240957676365,""
"","4f4d71a22140547a1ad9eb757011e98f","16-3f677b37221bee49cd1e0fd37ec63c29","1140239","چهارمحال و بختیاری","Chahār Mahāl va Bakhtiāri","لردگان","Lordegān","فلارد","Felārd","","","پشتکوه","Posht Kuh","لیر","Lir","Lir","Morteza Taheri, field notes 2015","46","","","","Bakhtiāri 100%","Morteza Taheri, field notes 2015",31.186105498964057,51.15150379598365,""
"","4f4d71a22140547a1ad9eb7570126760","16-b168b7c8b2867ef538ddf90406f1c65e","1140240","چهارمحال و بختیاری","Chahār Mahāl va Bakhtiāri","لردگان","Lordegān","فلارد","Felārd","","","پشتکوه","Posht Kuh","نارگیلی","Nārgili","Nārgili","Morteza Taheri, field notes 2015","129","","","","Bakhtiāri 100%","Morteza Taheri, field notes 2015",31.168578972258782,51.157708467508634,""
"","4f4d71a22140547a1ad9eb757012667d","16-02554b2636eccfd1000319aa84c7746d","1140241","چهارمحال و بختیاری","Chahār Mahāl va Bakhtiāri","لردگان","Lordegān","فلارد","Felārd","","","پشتکوه","Posht Kuh","نارمه سفلی","Nārmeh Soflā","Nārme Soflā","Morteza Taheri, field notes 2015","198","","","","Bakhtiāri 100%","Morteza Taheri, field notes 2015",31.167514073577006,51.166656316781044,""
"","4f4d71a22140547a1ad9eb7570125c7f","16-140cac79fbfed323f0fb7beea1de7fb3","1140242","چهارمحال و بختیاری","Chahār Mahāl va Bakhtiāri","لردگان","Lordegān","فلارد","Felārd","","","پشتکوه","Posht Kuh","نارمه علیا","Nārmeh Oliā","Nārme Owliā","Morteza Taheri, field notes 2015","96","","","","Bakhtiāri 100%","Morteza Taheri, field notes 2015",31.16589311522328,51.16514190797537,""
"","4f4d71a22140547a1ad9eb757012536e","16-6e433812dfa6cea8fface06658cebf0a","1140243","چهارمحال و بختیاری","Chahār Mahāl va Bakhtiāri","لردگان","Lordegān","فلارد","Felārd","","","پشتکوه","Posht Kuh","علی آباد","Ali Ābād","Ali Ābād","Morteza Taheri, field notes 2015","31","","","","Bakhtiāri 100%","Morteza Taheri, field notes 2015",31.177974726245296,51.15005196518522,""
"","4f4d71a22140547a1ad9eb7570125223","16-52f897f9faeec40212d130899984a550","1140244","چهارمحال و بختیاری","Chahār Mahāl va Bakhtiāri","لردگان","Lordegān","فلارد","Felārd","","","پشتکوه","Posht Kuh","کلات","Kalāt","Kalāt","Morteza Taheri, field notes 2015","38","","","","Bakhtiāri 100%","Morteza Taheri, field notes 2015",31.171774963524577,51.14408274648717,""
"","4f4d71a22140547a1ad9eb7570125092","18-0f026571884e57ae375d23af1b221b01","1140245","چهارمحال و بختیاری","Chahār Mahāl va Bakhtiāri","لردگان","Lordegān","فلارد","Felārd","مال خلیفه","Māl Khalifeh","","","","","Māl Khalife","Morteza Taheri, field notes 2015","3698","","","","Bakhtiāri 100%","Morteza Taheri, field notes 2015",31.289544054906898,51.26410358307194,""
"","4f4d71a22140547a1ad9eb7570124ec6","14-920076b5963ade38ec0b67dcc2469acb","1140246","چهارمحال و بختیاری","Chahār Mahāl va Bakhtiāri","لردگان","Lordegān","مرکزی","Markazi","","","","","","","","","110807","","","","","","","",""
"","4f4d71a22140547a1ad9eb7570124e65","14-78aaabe5dbf3473e562b2024d1c5be6c","1140247","چهارمحال و بختیاری","Chahār Mahāl va Bakhtiāri","لردگان","Lordegān","مرکزی","Markazi","","","ریگ","Rig","","","","","13511","","","","","","","",""
"","4f4d71a22140547a1ad9eb7570124933","16-7f1ce99cb8a8f6ddb6c9470af4a37657","1140248","چهارمحال و بختیاری","Chahār Mahāl va Bakhtiāri","لردگان","Lordegān","مرکزی","Markazi","","","ریگ","Rig","چنارمحمودی","Chenār Mahmudi","Chenār Mahmudi","Morteza Taheri, field notes 2015","1708","","","","Bakhtiāri 100%","Morteza Taheri, field notes 2015",31.40283723761591,51.11887446389081,""
"","4f4d71a22140547a1ad9eb75701247f0","18-bf0c32907045f7981bf0db8995c0873f","1140249","چهارمحال و بختیاری","Chahār Mahāl va Bakhtiāri","لردگان","Lordegān","مرکزی","Markazi","","","ریگ","Rig","کلارعلیا","Kalār Oliā","Kalār Owliā","Morteza Taheri, field notes 2015","708","","","","Bakhtiāri 100%","Morteza Taheri, field notes 2015",31.40767724815136,51.056752433787004,""
"","4f4d71a22140547a1ad9eb757012b49b","16-9ac0e9fcca027baecdf03e1b3d7548ce","1140250","چهارمحال و بختیاری","Chahār Mahāl va Bakhtiāri","لردگان","Lordegān","مرکزی","Markazi","","","ریگ","Rig","ده نوگرک اله","Deh Now Gorgellāh","Deh Now Gorgelā","Morteza Taheri, field notes 2015","748","","","","Bakhtiāri 100%","Morteza Taheri, field notes 2015",31.391797914052283,51.0566022300816,""
"","4f4d71a22140547a1ad9eb757012a86b","18-39e4bb183214eb31badb6517f269332e","1140251","چهارمحال و بختیاری","Chahār Mahāl va Bakhtiāri","لردگان","Lordegān","مرکزی","Markazi","","","ریگ","Rig","دهنو محمدقلی","Deh Now Mohammad Qoli","Deh Now Mamagholi","Morteza Taheri, field notes 2015","449","","","","Bakhtiāri 100%","Morteza Taheri, field notes 2015",31.380859644848396,51.06071013047659,""
"","4f4d71a22140547a1ad9eb757012a0c6","16-743589ec3495e5898d460266fd6c81f2","1140252","چهارمحال و بختیاری","Chahār Mahāl va Bakhtiāri","لردگان","Lordegān","مرکزی","Markazi","","","ریگ","Rig","دهنوشمسعلی","Deh Now Shams Ali","Deh Now Shamsali","Morteza Taheri, field notes 2015","188","","","","Bakhtiāri 100%","Morteza Taheri, field notes 2015",31.38492771570518,51.05801811351116,""
"","4f4d71a22140547a1ad9eb757012979c","16-8c5e197d19f875eae5ade06be10ea286","1140253","چهارمحال و بختیاری","Chahār Mahāl va Bakhtiāri","لردگان","Lordegān","مرکزی","Markazi","","","ریگ","Rig","دهنوگودرز","Deh Now Gudarz","Deh Now Gudarz","Morteza Taheri, field notes 2015","216","","","","Bakhtiāri 100%","Morteza Taheri, field notes 2015",31.37693150138508,51.061676646607175,""
"","4f4d71a22140547a1ad9eb7570128a7e","16-37b03258595f25059bbc2792589e87b7","1140254","چهارمحال و بختیاری","Chahār Mahāl va Bakhtiāri","لردگان","Lordegān","مرکزی","Markazi","","","ریگ","Rig","خلیل آباد","Khalil Ābād","Khalil Ābād","Morteza Taheri, field notes 2015","210","","","","Bakhtiāri 100%","Morteza Taheri, field notes 2015",31.36914533049029,51.060711051362055,""
"","4f4d71a22140547a1ad9eb7570128889","16-023b0749dc7360cf967fc8721b4766df","1140255","چهارمحال و بختیاری","Chahār Mahāl va Bakhtiāri","لردگان","Lordegān","مرکزی","Markazi","","","ریگ","Rig","دوله سیب","Duleh Sib","Dule Siv","Morteza Taheri, field notes 2015","585","","","","Bakhtiāri 100%","Morteza Taheri, field notes 2015",31.3912468667307,51.02835413800724,""
"","4f4d71a22140547a1ad9eb757012880d","17-95a53774e6b6d07934547abe4e538305","1140256","چهارمحال و بختیاری","Chahār Mahāl va Bakhtiāri","لردگان","Lordegān","مرکزی","Markazi","","","ریگ","Rig","دهنواله مراد","Deh Now Allāh Morād","Deh Now Alā Morād","Morteza Taheri, field notes 2015","284","","","","Bakhtiāri 100%","Morteza Taheri, field notes 2015",31.379532894244615,51.05345835818634,""
"","4f4d71a22140547a1ad9eb7570127ac9","16-7c2c9156732725d5bca2eb8c6f7f7346","1140257","چهارمحال و بختیاری","Chahār Mahāl va Bakhtiāri","لردگان","Lordegān","مرکزی","Markazi","","","ریگ","Rig","دهنوعباسعلی","Deh Now Abbās Ali","Deh Now Abāsali","Morteza Taheri, field notes 2015","110","","","","Bakhtiāri 100%","Morteza Taheri, field notes 2015",31.372507216226026,51.05861892833004,""
"","4f4d71a22140547a1ad9eb7570127576","16-80bf2cd5f3e45f992c7ac7fe9260d54c","1140258","چهارمحال و بختیاری","Chahār Mahāl va Bakhtiāri","لردگان","Lordegān","مرکزی","Markazi","","","ریگ","Rig","ساختمان رحیمی","Sākhtemān Rahimi","Sākhtemān Rahimi","Morteza Taheri, field notes 2015","","(less than 3 households; population not specified in 2011 Census for reasons of privacy)","","","Bakhtiāri 100%","Morteza Taheri, field notes 2015",31.39321591507671,51.02086541043887,""
"","4f4d71a22140547a1ad9eb7570126fdb","16-e2377b5742e208b5f20a7b9e89b8ea5e","1140259","چهارمحال و بختیاری","Chahār Mahāl va Bakhtiāri","لردگان","Lordegān","مرکزی","Markazi","","","ریگ","Rig","کلارسفلی","Kalār Soflā","Kalār Soflā","Morteza Taheri, field notes 2015","310","","","","Bakhtiāri 100%","Morteza Taheri, field notes 2015",31.40870281058524,51.044714679728386,""
"","4f4d71a22140547a1ad9eb757012ec9d","16-122c5fa4cc045b91761237c3a4b83910","1140260","چهارمحال و بختیاری","Chahār Mahāl va Bakhtiāri","لردگان","Lordegān","مرکزی","Markazi","","","ریگ","Rig","دهنوعلی بابا","Deh Now Ali Bābā","Deh Now Ali Bāvā","Morteza Taheri, field notes 2015","166","","","","Bakhtiāri 100%","Morteza Taheri, field notes 2015",31.383663784265792,51.050110961336564,""
"","4f4d71a22140547a1ad9eb757012e9f9","17-b354f9b25241329a7acbee8c8be70ada","1140261","چهارمحال و بختیاری","Chahār Mahāl va Bakhtiāri","لردگان","Lordegān","مرکزی","Markazi","","","ریگ","Rig","دهنو محمد حسین","Deh Now Mohammad Hoseyn","Deh Now Mamahoseyn","Morteza Taheri, field notes 2015","200","","","","Bakhtiāri 100%","Morteza Taheri, field notes 2015",31.38314948529065,51.06227654054151,""
"","4f4d71a22140547a1ad9eb757012e7c9","16-435fe09635f0c5701ba97b6e826cc5a3","1140262","چهارمحال و بختیاری","Chahār Mahāl va Bakhtiāri","لردگان","Lordegān","مرکزی","Markazi","","","ریگ","Rig","امیری سفلی","Amiri Soflā","Amiri Soflā","Morteza Taheri, field notes 2015","370","","","","Bakhtiāri 100%","Morteza Taheri, field notes 2015",31.416640066492143,51.008888063017515,""
"","4f4d71a22140547a1ad9eb757012e2f5","16-f20746c937e42eec62b35892e1c792cb","1140263","چهارمحال و بختیاری","Chahār Mahāl va Bakhtiāri","لردگان","Lordegān","مرکزی","Markazi","","","ریگ","Rig","امیری علیا","Amiri Oliā","Amiri Owliā","Morteza Taheri, field notes 2015","122","","","","Bakhtiāri 100%","Morteza Taheri, field notes 2015",31.40974921205531,51.006381182274424,""
"","4f4d71a22140547a1ad9eb757012d8a1","16-9d8e034555f6e726dbabf71f9881de2b","1140264","چهارمحال و بختیاری","Chahār Mahāl va Bakhtiāri","لردگان","Lordegān","مرکزی","Markazi","","","ریگ","Rig","چمن بید","Chaman Bid","Chaman Bi","Morteza Taheri, field notes 2015","713","","","","Bakhtiāri 100%","Morteza Taheri, field notes 2015",31.39996531624434,51.01157806652513,""
"","4f4d71a22140547a1ad9eb757012d588","18-d33d64f5517881f79f9ce7956f734867","1140265","چهارمحال و بختیاری","Chahār Mahāl va Bakhtiāri","لردگان","Lordegān","مرکزی","Markazi","","","ریگ","Rig","قطعه","Qet'eh","Ghete","Morteza Taheri, field notes 2015; Somayeh Pourpakar, field notes 2016","213","","","","Bakhtiāri 100%","Morteza Taheri, field notes 2015",31.403324527765005,51.00672360895576,""
"","4f4d71a22140547a1ad9eb757012d292","16-b5aacc74fd8cb0a32d384cb6c3b2e6a3","1140266","چهارمحال و بختیاری","Chahār Mahāl va Bakhtiāri","لردگان","Lordegān","مرکزی","Markazi","","","ریگ","Rig","قلعه شاه ولی شهیدرجایی","Qal'eh Shāh Vali Shahid Rajāi","Ghale Shāh Vali Shahid Rajāi","Morteza Taheri, field notes 2015","69","","","","Bakhtiāri 100%","Morteza Taheri, field notes 2015",31.398298616434694,51.01685665386516,""
"","4f4d71a22140547a1ad9eb757012c59f","16-ec4cf5244f593690da98cca5977b95fe","1140267","چهارمحال و بختیاری","Chahār Mahāl va Bakhtiāri","لردگان","Lordegān","مرکزی","Markazi","","","ریگ","Rig","چله گاه","Chelleh Gāh","Chele Gāh","Morteza Taheri, field notes 2015","1269","","","","Bakhtiāri 100%","Morteza Taheri, field notes 2015",31.436700388023507,50.99506759685443,""
"","4f4d71a22140547a1ad9eb757012c045","16-64a970deb735c69c045f008f88670c2a","1140268","چهارمحال و بختیاری","Chahār Mahāl va Bakhtiāri","لردگان","Lordegān","مرکزی","Markazi","","","ریگ","Rig","میچ قاوان علیا","Mich Qāvān Oliā","Mich-e Ghāvun Owliā","Morteza Taheri, field notes 2015","123","","","","Bakhtiāri 100%","Morteza Taheri, field notes 2015",31.416337918573543,51.02597909885806,""
"","4f4d71a22140547a1ad9eb757012b5ae","16-a01a26b27079fd6fb6c764019ab0781a","1140269","چهارمحال و بختیاری","Chahār Mahāl va Bakhtiāri","لردگان","Lordegān","مرکزی","Markazi","","","ریگ","Rig","میچ قاوان سفلی","Mich Qāvān Soflā","Mich-e Ghāvun Soflā","Morteza Taheri, field notes 2015","160","","","","Bakhtiāri 100%","Morteza Taheri, field notes 2015",31.421739810254916,51.020271358075455,""
"","4f4d71a22140547a1ad9eb75701337f7","18-15929eb047a0db79ae96d649fceada3c","1140270","چهارمحال و بختیاری","Chahār Mahāl va Bakhtiāri","لردگان","Lordegān","مرکزی","Markazi","","","ریگ","Rig","کهیان","Kohyān","Kohyān","Morteza Taheri, field notes 2015","1908","","","","Bakhtiāri 100%","Morteza Taheri, field notes 2015",31.456641373692698,50.944544786107436,""
"","4f4d71a22140547a1ad9eb757013359c","18-07effe9137e0133888f2ab5a3107b289","1140271","چهارمحال و بختیاری","Chahār Mahāl va Bakhtiāri","لردگان","Lordegān","مرکزی","Markazi","","","ریگ","Rig","منجرمویی","Monjar Mui","Monjar Mui","Morteza Taheri, field notes 2015","2671","","","","Bakhtiāri 100%","Morteza Taheri, field notes 2015",31.489722024219386,50.88227692499071,""
"","4f4d71a22140547a1ad9eb757013320c","14-686d757fb8e37781f71f78605afdfe6b","1140272","چهارمحال و بختیاری","Chahār Mahāl va Bakhtiāri","لردگان","Lordegān","مرکزی","Markazi","","","سردشت","Sar Dasht","","","","","14848","","","","","","","",""
"","4f4d71a22140547a1ad9eb7570132938","16-45590b118573c43a4430cc43f5dc7999","1140273","چهارمحال و بختیاری","Chahār Mahāl va Bakhtiāri","لردگان","Lordegān","مرکزی","Markazi","","","سردشت","Sar Dasht","آبکلایه 1","Āb Kalāieh Yek","Ow Tolak","Morteza Taheri, field notes 2015","25","","","","Bakhtiāri 100%","Morteza Taheri, field notes 2015",31.382614149541755,50.72811230827261,""
"","4f4d71a22140547a1ad9eb7570131e2c","16-922238043674ba209885b53dc365c857","1140274","چهارمحال و بختیاری","Chahār Mahāl va Bakhtiāri","لردگان","Lordegān","مرکزی","Markazi","","","سردشت","Sar Dasht","انجو","Anjo","Anjo","Morteza Taheri, field notes 2015","174","","","","Bakhtiāri 100%","Morteza Taheri, field notes 2015",31.406709684661426,50.69283443679193,""
"","4f4d71a22140547a1ad9eb7570131143","16-433f96b7f0bd3d078ded935c287b64a4","1140275","چهارمحال و بختیاری","Chahār Mahāl va Bakhtiāri","لردگان","Lordegān","مرکزی","Markazi","","","سردشت","Sar Dasht","چال خزینه","Chāl Khazineh","Chāl Khazine","Morteza Taheri, field notes 2015","24","","","","Bakhtiāri 100%","Morteza Taheri, field notes 2015",31.41736994474658,50.740723771480845,""
"","4f4d71a22140547a1ad9eb7570130674","16-01def91b64593bbb40f7aa64d67bb31e","1140276","چهارمحال و بختیاری","Chahār Mahāl va Bakhtiāri","لردگان","Lordegān","مرکزی","Markazi","","","سردشت","Sar Dasht","حاجی آباد","Hāji Ābād","Hāji Ābād","Morteza Taheri, field notes 2015","176","","","","Bakhtiāri 100%","Morteza Taheri, field notes 2015",31.42857269871706,50.793143936985715,""
"","4f4d71a22140547a1ad9eb757012fc07","16-906f4716327eb6f2988f8f887f893de5","1140277","چهارمحال و بختیاری","Chahār Mahāl va Bakhtiāri","لردگان","Lordegān","مرکزی","Markazi","","","سردشت","Sar Dasht","دشت دراز","Dasht Derāz","Chāl Derāz","Morteza Taheri, field notes 2015","31","","","","Bakhtiāri 100%","Morteza Taheri, field notes 2015",31.382339370070024,50.725156513939055,""
"","4f4d71a22140547a1ad9eb757012faa1","16-b016a59a6036f8856aec8103d98af189","1140278","چهارمحال و بختیاری","Chahār Mahāl va Bakhtiāri","لردگان","Lordegān","مرکزی","Markazi","","","سردشت","Sar Dasht","کلگه سردشت","Kalgeh Sar Dasht","Kalge Sar Dasht","Morteza Taheri, field notes 2015","470","","","","Bakhtiāri 100%","Morteza Taheri, field notes 2015",31.395885392503864,50.8360486860262,""
"","4f4d71a22140547a1ad9eb757012f770","16-65f968ebfed10fdab2660458e3b126ea","1140279","چهارمحال و بختیاری","Chahār Mahāl va Bakhtiāri","لردگان","Lordegān","مرکزی","Markazi","","","سردشت","Sar Dasht","نجیلدون بالا","Najildun Bālā","Najilu Bālā","Morteza Taheri, field notes 2015","","(less than 3 households; population not specified in 2011 Census for reasons of privacy)","","","Bakhtiāri 100%","Morteza Taheri, field notes 2015",31.414032555628737,50.73695266816903,""
"","4f4d71a22140547a1ad9eb757013a4a1","16-44de0ce1b5c0243ae1ab9e1e318d1786","1140280","چهارمحال و بختیاری","Chahār Mahāl va Bakhtiāri","لردگان","Lordegān","مرکزی","Markazi","","","سردشت","Sar Dasht","ده تل","Deh Tol","Deh Tol","Morteza Taheri, field notes 2015","43","","","","Bakhtiāri 100%","Morteza Taheri, field notes 2015",31.385719101709277,50.72590753246245,""
"","4f4d71a22140547a1ad9eb7570139804","16-e36a3802e90923aad9a59f2d38a75270","1140281","چهارمحال و بختیاری","Chahār Mahāl va Bakhtiāri","لردگان","Lordegān","مرکزی","Markazi","","","سردشت","Sar Dasht","نساکوه","Nesā Kuh","Nesā Koh","Morteza Taheri, field notes 2015","","(less than 3 households; population not specified in 2011 Census for reasons of privacy)","","","Bakhtiāri 100%","Morteza Taheri, field notes 2015",31.4047683907779,50.68933683623765,""
"","4f4d71a22140547a1ad9eb7570138f41","16-9c4065aa981f18bb0af4899627c9fd70","1140282","چهارمحال و بختیاری","Chahār Mahāl va Bakhtiāri","لردگان","Lordegān","مرکزی","Markazi","","","سردشت","Sar Dasht","علی آباد","Ali Ābād","Ali Ābād","Morteza Taheri, field notes 2015","192","","","","Bakhtiāri 100%","Morteza Taheri, field notes 2015",31.417797000311232,50.80372766331525,""
"","4f4d71a22140547a1ad9eb7570138345","16-5cbb46aa595a795196a87e88a6177592","1140283","چهارمحال و بختیاری","Chahār Mahāl va Bakhtiāri","لردگان","Lordegān","مرکزی","Markazi","","","سردشت","Sar Dasht","احمدآباد","Ahmad Ābād","Ahmad Ābād","Morteza Taheri, field notes 2015","161","","","","Bakhtiāri 100%","Morteza Taheri, field notes 2015",31.43809396034021,50.78966662282678,""
"","4f4d71a22140547a1ad9eb7570137a70","16-1892f2b81636f1b27442c4f994b3aa9d","1140284","چهارمحال و بختیاری","Chahār Mahāl va Bakhtiāri","لردگان","Lordegān","مرکزی","Markazi","","","سردشت","Sar Dasht","شهرک مامور","Shahrak-e Ma'mur","Shahrak-e Mahmur","Morteza Taheri, field notes 2015","2351","","","","Bakhtiāri 100%","Morteza Taheri, field notes 2015",31.420296519472725,50.80679611042785,""
"","4f4d71a22140547a1ad9eb7570136baa","16-e7c4cd9f1daac44d9c57029992e6cc40","1140285","چهارمحال و بختیاری","Chahār Mahāl va Bakhtiāri","لردگان","Lordegān","مرکزی","Markazi","","","سردشت","Sar Dasht","ده باغ","Deh Bāgh","Deh Bāgh","Morteza Taheri, field notes 2015","59","","","","Bakhtiāri 100%","Morteza Taheri, field notes 2015",31.428975509837862,50.79695803820441,""
"","4f4d71a22140547a1ad9eb75701362b9","18-11bc595e82e0d50197081454a2d39cd8","1140286","چهارمحال و بختیاری","Chahār Mahāl va Bakhtiāri","لردگان","Lordegān","مرکزی","Markazi","","","سردشت","Sar Dasht","آبزادودرا","Ābzā Duderā","Owzā Dudarā","Morteza Taheri, field notes 2015","24","","","","Bakhtiāri 100%","Morteza Taheri, field notes 2015",31.363017480531106,50.815695133699876,""
"","4f4d71a22140547a1ad9eb75701361a2","16-c242b41ec565ce7f4504a4172fc06573","1140287","چهارمحال و بختیاری","Chahār Mahāl va Bakhtiāri","لردگان","Lordegān","مرکزی","Markazi","","","سردشت","Sar Dasht","آبلاران","Āb Lārān","Ow Lārun","Morteza Taheri, field notes 2015","253","","","","Bakhtiāri 100%","Morteza Taheri, field notes 2015",31.354075736241974,50.78079766509831,""
"","4f4d71a22140547a1ad9eb7570135560","18-429282eb62434edb79297a3024b1aa22","1140288","چهارمحال و بختیاری","Chahār Mahāl va Bakhtiāri","لردگان","Lordegān","مرکزی","Markazi","","","سردشت","Sar Dasht","تنگ گهراب","Tang-e Gahrāb","Tang-e Gahri","Morteza Taheri, field notes 2015","","(less than 3 households; population not specified in 2011 Census for reasons of privacy)","","","Bakhtiāri 100%","Morteza Taheri, field notes 2015",31.332023325777826,50.82237934458691,""
"","4f4d71a22140547a1ad9eb75701346bb","16-18218c300da4b76479c28ed4324ea184","1140289","چهارمحال و بختیاری","Chahār Mahāl va Bakhtiāri","لردگان","Lordegān","مرکزی","Markazi","","","سردشت","Sar Dasht","چال شیرین","Chāl Shirin","Chāl Shirin","Morteza Taheri, field notes 2015","372","","","","Bakhtiāri 100%","Morteza Taheri, field notes 2015",31.390058399959948,50.82747362965379,""
"","4f4d71a22140547a1ad9eb757013dd84","16-2665b6e313573ad1b4aff942f8dc1fdb","1140290","چهارمحال و بختیاری","Chahār Mahāl va Bakhtiāri","لردگان","Lordegān","مرکزی","Markazi","","","سردشت","Sar Dasht","چالکو","Chāl Kuh","Chāl Koh","Morteza Taheri, field notes 2015","459","","","","Bakhtiāri 100%","Morteza Taheri, field notes 2015",31.38515144249329,50.840031964219804,""
"","4f4d71a22140547a1ad9eb757013d71b","16-ad838bdc20f02ec945706ee2c0b038aa","1140291","چهارمحال و بختیاری","Chahār Mahāl va Bakhtiāri","لردگان","Lordegān","مرکزی","Markazi","","","سردشت","Sar Dasht","چل بردی","Chal Bardi","Chal Bardi","Morteza Taheri, field notes 2015","56","","","","Bakhtiāri 100%","Morteza Taheri, field notes 2015",31.314007018117614,50.86131594927233,""
"","4f4d71a22140547a1ad9eb757013d190","16-dc539ebdfa8326a874f5a5b3a08a0929","1140292","چهارمحال و بختیاری","Chahār Mahāl va Bakhtiāri","لردگان","Lordegān","مرکزی","Markazi","","","سردشت","Sar Dasht","چیلته دودرا","Chilteh Duderā","Chilte Dudarā","Morteza Taheri, field notes 2015","224","","","","Bakhtiāri 100%","Morteza Taheri, field notes 2015",31.342371932598258,50.86312433526625,""
"","4f4d71a22140547a1ad9eb757013d008","16-cb3e8bb666bbeb5b580aae0f77ab7920","1140293","چهارمحال و بختیاری","Chahār Mahāl va Bakhtiāri","لردگان","Lordegān","مرکزی","Markazi","","","سردشت","Sar Dasht","ده زیردودرای","Deh Zir-e Duderāi","Deh Zir-e Dudarā","Morteza Taheri, field notes 2015","131","","","","Bakhtiāri 100%","Morteza Taheri, field notes 2015",31.309690633584896,50.84481260875481,""
"","4f4d71a22140547a1ad9eb757013cc0d","16-8f9f3f4b124f21bc8d3866d0e91369eb","1140294","چهارمحال و بختیاری","Chahār Mahāl va Bakhtiāri","لردگان","Lordegān","مرکزی","Markazi","","","سردشت","Sar Dasht","برآفتاب سردشت","Bar Āftāb-e Sar Dasht","Bar Aftow Sar Dasht","Morteza Taheri, field notes 2015","1498","","","","Bakhtiāri 100%","Morteza Taheri, field notes 2015",31.38555134871745,50.846431707299146,""
"","4f4d71a22140547a1ad9eb757013c5f4","16-7dc01d88b6efbef866bb6ba35d61cf9d","1140295","چهارمحال و بختیاری","Chahār Mahāl va Bakhtiāri","لردگان","Lordegān","مرکزی","Markazi","","","سردشت","Sar Dasht","طلینه دودرا","Talineh Duderā","Taline Dudarā","Morteza Taheri, field notes 2015","250","","","","Bakhtiāri 100%","Morteza Taheri, field notes 2015",31.31440204836237,50.85477371291453,""
"","4f4d71a22140547a1ad9eb757013bb1d","16-b623ce356f4c163c85e0ceb9ce38366c","1140296","چهارمحال و بختیاری","Chahār Mahāl va Bakhtiāri","لردگان","Lordegān","مرکزی","Markazi","","","سردشت","Sar Dasht","عدوک","Aduk","Aduk","Morteza Taheri, field notes 2015","97","","","","Bakhtiāri 100%","Morteza Taheri, field notes 2015",31.34442280709313,50.83906619474553,""
"","4f4d71a22140547a1ad9eb757013ad75","16-0f0c8c3047fb07c4d769602f9c047e27","1140297","چهارمحال و بختیاری","Chahār Mahāl va Bakhtiāri","لردگان","Lordegān","مرکزی","Markazi","","","سردشت","Sar Dasht","گورون","Gowrun","Gorun","Morteza Taheri, field notes 2015","119","","","","Bakhtiāri 100%","Morteza Taheri, field notes 2015",31.361689095302136,50.81283053447177,""
"","4f4d71a22140547a1ad9eb757013a992","16-f6e4fa9fa8d4b39b8426b045d268bed9","1140298","چهارمحال و بختیاری","Chahār Mahāl va Bakhtiāri","لردگان","Lordegān","مرکزی","Markazi","","","سردشت","Sar Dasht","غربا","Gharbā","Gharbā","Morteza Taheri, field notes 2015","55","","","","Bakhtiāri 100%","Morteza Taheri, field notes 2015",31.353860248777764,50.82256524488751,""
"","4f4d71a22140547a1ad9eb757013a65f","18-9b320a546f56b4c93e8ad5b443a6dcb0","1140299","چهارمحال و بختیاری","Chahār Mahāl va Bakhtiāri","لردگان","Lordegān","مرکزی","Markazi","","","سردشت","Sar Dasht","هزارجریب","Hezār Jerib","Hezār Jirib","Morteza Taheri, field notes 2015","","(less than 3 households; population not specified in 2011 Census for reasons of privacy)","","","Bakhtiāri 100%","Morteza Taheri, field notes 2015",31.36003891913554,50.804683037918046,""
"","4f4d71a22140547a1ad9eb75701437c3","16-8932b5d31b43b52b20bf21b167ca1c57","1140300","چهارمحال و بختیاری","Chahār Mahāl va Bakhtiāri","لردگان","Lordegān","مرکزی","Markazi","","","سردشت","Sar Dasht","شهرک نور","Shahrak-e Nur","Shahrak-e Nur","Morteza Taheri, field notes 2015","143","","","","Bakhtiāri 100%","Morteza Taheri, field notes 2015",31.388244984334307,50.83738687708994,""
"","4f4d71a22140547a1ad9eb7570143332","18-552e59d76ee9f164d0e8a41cc5c0c5e2","1140301","چهارمحال و بختیاری","Chahār Mahāl va Bakhtiāri","لردگان","Lordegān","مرکزی","Markazi","","","سردشت","Sar Dasht","له ماری2","Loh Māri Do","Loh Māri","Morteza Taheri, field notes 2015","","(less than 3 households; population not specified in 2011 Census for reasons of privacy)","","","Bakhtiāri 100%","Morteza Taheri, field notes 2015",31.359718265984636,50.806356736342934,""
"","4f4d71a22140547a1ad9eb7570142c3e","18-b43fa14c0df394d7d7a1c5f7cbe3dc09","1140302","چهارمحال و بختیاری","Chahār Mahāl va Bakhtiāri","لردگان","Lordegān","مرکزی","Markazi","","","سردشت","Sar Dasht","آبزاسردشت","Ābzā Sar Dasht","Owzā Sar Dasht","Morteza Taheri, field notes 2015","343","","","","Bakhtiāri 100%","Morteza Taheri, field notes 2015",31.39064454701679,50.84558370783806,""
"","4f4d71a22140547a1ad9eb7570142015","16-3d881cd1764c2b4f5a44b2a3bd300f23","1140303","چهارمحال و بختیاری","Chahār Mahāl va Bakhtiāri","لردگان","Lordegān","مرکزی","Markazi","","","سردشت","Sar Dasht","ده کهنه امامزاده","Deh Kohneh Emāmzādeh","Deh Kohne Emāmzāde","Morteza Taheri, field notes 2015","181","","","","Bakhtiāri 100%","Morteza Taheri, field notes 2015",31.335546096448457,50.87533271562457,""
"","4f4d71a22140547a1ad9eb75701414da","16-cc51356daeb56369c270cd94c6795c73","1140304","چهارمحال و بختیاری","Chahār Mahāl va Bakhtiāri","لردگان","Lordegān","مرکزی","Markazi","","","سردشت","Sar Dasht","ساخت سردشت","Sākht-e Sar Dasht","Sākht-e Sar Dasht","Morteza Taheri, field notes 2015","764","","","","Bakhtiāri 100%","Morteza Taheri, field notes 2015",31.37868870411828,50.852109753605276,""
"","4f4d71a22140547a1ad9eb7570141058","16-e2e8a65ee759fad805a3b808b11b3d20","1140305","چهارمحال و بختیاری","Chahār Mahāl va Bakhtiāri","لردگان","Lordegān","مرکزی","Markazi","","","سردشت","Sar Dasht","مازه سردشت","Māzeh Sar Dasht","Māze Sar Dasht","Morteza Taheri, field notes 2015","1093","","","","Bakhtiāri 100%","Morteza Taheri, field notes 2015",31.383744714219304,50.84608014774096,""
"","4f4d71a22140547a1ad9eb7570140386","16-0d3fde36adb94e20c7e85531ecc2fde5","1140306","چهارمحال و بختیاری","Chahār Mahāl va Bakhtiāri","لردگان","Lordegān","مرکزی","Markazi","","","سردشت","Sar Dasht","نخودکار","Nokhod Kār","Nokhod Kār","Morteza Taheri, field notes 2015","53","","","","Bakhtiāri 100%","Morteza Taheri, field notes 2015",31.32840719585045,50.87436707395452,""
"","4f4d71a22140547a1ad9eb7570140108","16-e9daf71eeb5581a029bb326c1a35ff46","1140307","چهارمحال و بختیاری","Chahār Mahāl va Bakhtiāri","لردگان","Lordegān","مرکزی","Markazi","","","سردشت","Sar Dasht","اسلام آباد","Eslām Ābād","Eslām Ābād","Morteza Taheri, field notes 2015","","(less than 3 households; population not specified in 2011 Census for reasons of privacy)","","","Bakhtiāri 100%","Morteza Taheri, field notes 2015",31.32943716109247,50.872707161720975,""
"","4f4d71a22140547a1ad9eb757013f2dc","16-d811d3a93c860190781215b829af514a","1140308","چهارمحال و بختیاری","Chahār Mahāl va Bakhtiāri","لردگان","Lordegān","مرکزی","Markazi","","","سردشت","Sar Dasht","سردشت سفلی","Sar Dasht Soflā","Sar Dasht Soflā","Morteza Taheri, field notes 2015","253","","","","Bakhtiāri 100%","Morteza Taheri, field notes 2015",31.383079305462463,50.84176430874388,""
"","4f4d71a22140547a1ad9eb757013e8fc","16-98eb2e98122eaea96ff4758e320c1a31","1140309","چهارمحال و بختیاری","Chahār Mahāl va Bakhtiāri","لردگان","Lordegān","مرکزی","Markazi","","","سردشت","Sar Dasht","ابزیر","Āb Zir","Ow Zir","Morteza Taheri, field notes 2015","1161","","","","Bakhtiāri 100%","Morteza Taheri, field notes 2015",31.32172529396751,50.93069965475428,""
"","4f4d71a22140547a1ad9eb7570148644","16-b061002b2d2daf93c087f7a7a60fbaae","1140310","چهارمحال و بختیاری","Chahār Mahāl va Bakhtiāri","لردگان","Lordegān","مرکزی","Markazi","","","سردشت","Sar Dasht","امام آباد","Emām Ābād","Emām Ābād","Morteza Taheri, field notes 2015","675","","","","Bakhtiāri 100%","Morteza Taheri, field notes 2015",31.309691966970707,50.9462435117255,""
"","4f4d71a22140547a1ad9eb7570147906","16-1f1119ce211c577ded4ca827fad9ceee","1140311","چهارمحال و بختیاری","Chahār Mahāl va Bakhtiāri","لردگان","Lordegān","مرکزی","Markazi","","","سردشت","Sar Dasht","دلی","Deli","Deli","Morteza Taheri, field notes 2015","574","","","","Bakhtiāri 100%","Morteza Taheri, field notes 2015",31.294938055184872,50.95649667857855,""
"","4f4d71a22140547a1ad9eb7570146cec","16-4267193dea6ae1c9fbc52c64d53297fe","1140312","چهارمحال و بختیاری","Chahār Mahāl va Bakhtiāri","لردگان","Lordegān","مرکزی","Markazi","","","سردشت","Sar Dasht","آتشگاه","Ātashgāh","Ātashgāh","Morteza Taheri, field notes 2015","517","","","","Bakhtiāri 100%","Morteza Taheri, field notes 2015",31.23948500351986,50.99067027512297,""
"","4f4d71a22140547a1ad9eb7570145e5a","18-538c8ad8cd01840fae8bd6425b0f85ad","1140313","چهارمحال و بختیاری","Chahār Mahāl va Bakhtiāri","لردگان","Lordegān","مرکزی","Markazi","","","سردشت","Sar Dasht","اینکک","Inakak","Inakak","Morteza Taheri, field notes 2015","174","","","","Bakhtiāri 100%","Morteza Taheri, field notes 2015",31.273554006418482,50.97044212674255,""
"","4f4d71a22140547a1ad9eb7570145321","16-b2d0882db09767783cb1c092d5e57c58","1140314","چهارمحال و بختیاری","Chahār Mahāl va Bakhtiāri","لردگان","Lordegān","مرکزی","Markazi","","","سردشت","Sar Dasht","جاجوفاج","Jājufāj","Jājufāj","Morteza Taheri, field notes 2015","65","","","","Bakhtiāri 100%","Morteza Taheri, field notes 2015",31.194142454148196,51.05021663058295,""
"","4f4d71a22140547a1ad9eb7570145202","16-60094b92bcb852a154a26e537ce0a36e","1140315","چهارمحال و بختیاری","Chahār Mahāl va Bakhtiāri","لردگان","Lordegān","مرکزی","Markazi","","","سردشت","Sar Dasht","دورک","Durak","Durak","Morteza Taheri, field notes 2015","41","","","","Bakhtiāri 100%","Morteza Taheri, field notes 2015",31.201788089697892,51.037892601847965,""
"","4f4d71a22140547a1ad9eb7570145073","16-6ae286ceee2641f71b9c02272bea7dd1","1140316","چهارمحال و بختیاری","Chahār Mahāl va Bakhtiāri","لردگان","Lordegān","مرکزی","Markazi","","","سردشت","Sar Dasht","فاج","Fāj","Fāj","Morteza Taheri, field notes 2015","57","","","","Bakhtiāri 100%","Morteza Taheri, field notes 2015",31.196418479279835,51.04757733691293,""
"","4f4d71a22140547a1ad9eb7570144448","16-eea6a3348537c5484cc18931bf68c735","1140317","چهارمحال و بختیاری","Chahār Mahāl va Bakhtiāri","لردگان","Lordegān","مرکزی","Markazi","","","سردشت","Sar Dasht","مونوم","Monum","Monum","Morteza Taheri, field notes 2015","37","","","","Bakhtiāri 100%","Morteza Taheri, field notes 2015",31.237946474758978,50.999086599356254,""
"","4f4d71a22140547a1ad9eb75701440b3","16-bacec8b6c17ae7d7d8a7ce0ee73c468d","1140318","چهارمحال و بختیاری","Chahār Mahāl va Bakhtiāri","لردگان","Lordegān","مرکزی","Markazi","","","سردشت","Sar Dasht","ورکاب","Varkāb","Varkāv","Morteza Taheri, field notes 2015","34","","","","Bakhtiāri 100%","Morteza Taheri, field notes 2015",31.22688135446875,51.0116465678841,""
"","4f4d71a22140547a1ad9eb7570143f58","16-765cdce9637c181b12d210de9e3cd5e9","1140319","چهارمحال و بختیاری","Chahār Mahāl va Bakhtiāri","لردگان","Lordegān","مرکزی","Markazi","","","سردشت","Sar Dasht","طلایه","Talāieh","Talāie","Morteza Taheri, field notes 2015","1133","","","","Bakhtiāri 100%","Morteza Taheri, field notes 2015",31.238437778616635,50.98976868312066,""
"","4f4d71a22140547a1ad9eb757014e49e","20-29ce002126bf0388a9cc09350400b6e0","1140320","چهارمحال و بختیاری","Chahār Mahāl va Bakhtiāri","لردگان","Lordegān","مرکزی","Markazi","","","سردشت","Sar Dasht","ده گاه","Dehgāh","Dehgā","Morteza Taheri, field notes 2015","158","","","","Bakhtiāri 100%","Morteza Taheri, field notes 2015",31.196429752870607,51.04293286186265,""
"","4f4d71a22140547a1ad9eb757014dde3","16-d3972a819e65d77a625895cc67415c17","1140321","چهارمحال و بختیاری","Chahār Mahāl va Bakhtiāri","لردگان","Lordegān","مرکزی","Markazi","","","سردشت","Sar Dasht","گاه کده","Gāhkadeh","Gākade","Morteza Taheri, field notes 2015","73","","","","Bakhtiāri 100%","Morteza Taheri, field notes 2015",31.185046984709995,51.05437433145637,""
"","4f4d71a22140547a1ad9eb757014d9cd","14-6b9ab67500cdcab89b9b3a2f1cfc8e39","1140322","چهارمحال و بختیاری","Chahār Mahāl va Bakhtiāri","لردگان","Lordegān","مرکزی","Markazi","","","میلاس","Milās","","","","","31092","","","","","","","",""
"","4f4d71a22140547a1ad9eb757014cad3","16-7469fccee6dcbcdb924c2370105a25cf","1140323","چهارمحال و بختیاری","Chahār Mahāl va Bakhtiāri","لردگان","Lordegān","مرکزی","Markazi","","","میلاس","Milās","شهرک برآفتاب شیرانی","Shahrak Bar Āftāb Shirāni","Shahrak Bar Aftow Shirāni","Morteza Taheri, field notes 2015","5723","","","","Bakhtiāri 100%","Morteza Taheri, field notes 2015",31.531469586171944,50.828449173995814,""
"","4f4d71a22140547a1ad9eb757014bb3c","16-1fd8a200a2c42ce00a8a2df2e3ed925c","1140324","چهارمحال و بختیاری","Chahār Mahāl va Bakhtiāri","لردگان","Lordegān","مرکزی","Markazi","","","میلاس","Milās","چرکن","Cherken","Cherken","Morteza Taheri, field notes 2015","105","","","","Bakhtiāri 100%","Morteza Taheri, field notes 2015",31.579795746313756,50.74857194757,""
"","4f4d71a22140547a1ad9eb757014b539","16-a32fa0437f16f74df6f733d9763ad117","1140325","چهارمحال و بختیاری","Chahār Mahāl va Bakhtiāri","لردگان","Lordegān","مرکزی","Markazi","","","میلاس","Milās","ده چنار","Deh Chenār","Deh Chenār","Morteza Taheri, field notes 2015","306","","","","Bakhtiāri 100%","Morteza Taheri, field notes 2015",31.524293368330714,50.732482263005004,""
"","4f4d71a22140547a1ad9eb757014b0f7","16-db3db527c826aa31c43cf17a160aa291","1140326","چهارمحال و بختیاری","Chahār Mahāl va Bakhtiāri","لردگان","Lordegān","مرکزی","Markazi","","","میلاس","Milās","دره شور","Darreh Shur","Dare Shur","Morteza Taheri, field notes 2015","739","","","","Bakhtiāri 100%","Morteza Taheri, field notes 2015",31.535964241813875,50.71472832215676,""
"","4f4d71a22140547a1ad9eb757014ae89","16-13c3793b13788e19bacc52539faa3574","1140327","چهارمحال و بختیاری","Chahār Mahāl va Bakhtiāri","لردگان","Lordegān","مرکزی","Markazi","","","میلاس","Milās","کل گچی","Kal Gachi","Kal Gachi","Morteza Taheri, field notes 2015","327","","","","Bakhtiāri 100%","Morteza Taheri, field notes 2015",31.54493494680696,50.80362587904442,""
"","4f4d71a22140547a1ad9eb7570149fac","18-a87277b13bd796065ca0f7b2eb539d39","1140328","چهارمحال و بختیاری","Chahār Mahāl va Bakhtiāri","لردگان","Lordegān","مرکزی","Markazi","","","میلاس","Milās","سلطانی","Soltāni","Soltāni","Morteza Taheri, field notes 2015","209","","","","Bakhtiāri 100%","Morteza Taheri, field notes 2015",31.520872904094396,50.74934799328836,""
"","4f4d71a22140547a1ad9eb7570149271","16-7e140929d93ad1dd6918faf7a97526da","1140329","چهارمحال و بختیاری","Chahār Mahāl va Bakhtiāri","لردگان","Lordegān","مرکزی","Markazi","","","میلاس","Milās","قلعه چه","Qal'echeh","Ghalechi","Morteza Taheri, field notes 2015","160","","","","Bakhtiāri 100%","Morteza Taheri, field notes 2015",31.515181331309922,50.76013856631506,""
"","4f4d71a22140547a1ad9eb7570153cfe","18-a170e546f125159fa8ec195ff82948d5","1140330","چهارمحال و بختیاری","Chahār Mahāl va Bakhtiāri","لردگان","Lordegān","مرکزی","Markazi","","","میلاس","Milās","شش بهره میانه","Shesh Bahreh Miāneh","Shish Bare Miāne","Morteza Taheri, field notes 2015","1070","","","","Bakhtiāri 100%","Morteza Taheri, field notes 2015",31.50067202020699,50.80244922322102,""
"","4f4d71a22140547a1ad9eb7570152d9a","16-23f6bc3d6a10337ef2920a427905cf57","1140331","چهارمحال و بختیاری","Chahār Mahāl va Bakhtiāri","لردگان","Lordegān","مرکزی","Markazi","","","میلاس","Milās","شش بهره سفلی","Shesh Bahreh Soflā","Shish Bare Soflā","Morteza Taheri, field notes 2015","272","","","","Bakhtiāri 100%","Morteza Taheri, field notes 2015",31.504625108033842,50.793649821390126,""
"","4f4d71a22140547a1ad9eb7570152907","16-120a33641e629e8b7041d9eb70f642e3","1140332","چهارمحال و بختیاری","Chahār Mahāl va Bakhtiāri","لردگان","Lordegān","مرکزی","Markazi","","","میلاس","Milās","شش بهره علیا","Shesh Bahreh Oliā","Shish Bare Owliā","Morteza Taheri, field notes 2015","1285","","","","Bakhtiāri 100%","Morteza Taheri, field notes 2015",31.499940195679343,50.81045293492012,""
"","4f4d71a22140547a1ad9eb7570151b43","16-1a5aa3676058073c19889e78c4798098","1140333","چهارمحال و بختیاری","Chahār Mahāl va Bakhtiāri","لردگان","Lordegān","مرکزی","Markazi","","","میلاس","Milās","شیدان","Sheydān","Sheydun","Morteza Taheri, field notes 2015","92","","","","Bakhtiāri 100%","Morteza Taheri, field notes 2015",31.513450425265926,50.79296317588218,""
"","4f4d71a22140547a1ad9eb7570150c9f","16-fc7a1bd06f67b851de97b6c6efbba25e","1140334","چهارمحال و بختیاری","Chahār Mahāl va Bakhtiāri","لردگان","Lordegān","مرکزی","Markazi","","","میلاس","Milās","پیران","Pirān","Pirun","Morteza Taheri, field notes 2015","294","","","","Bakhtiāri 100%","Morteza Taheri, field notes 2015",31.51347786482281,50.799078612434656,""
"","4f4d71a22140547a1ad9eb757014fdc6","16-b0d6aa4d55c6b3d32dd587420267ed6f","1140335","چهارمحال و بختیاری","Chahār Mahāl va Bakhtiāri","لردگان","Lordegān","مرکزی","Markazi","","","میلاس","Milās","خلیل آباد","Khalil Ābād","Khalil Ābād","Morteza Taheri, field notes 2015","272","","","","Bakhtiāri 100%","Morteza Taheri, field notes 2015",31.50969262140118,50.78845706473736,""
"","4f4d71a22140547a1ad9eb757014f44d","16-4d55754d534a57f77589a59f64f6953f","1140336","چهارمحال و بختیاری","Chahār Mahāl va Bakhtiāri","لردگان","Lordegān","مرکزی","Markazi","","","میلاس","Milās","دارجونه","Dār Juneh","Dār June","Morteza Taheri, field notes 2015","913","","","","Bakhtiāri 100%","Morteza Taheri, field notes 2015",31.51837788685716,50.785425582719284,""
"","4f4d71a22140547a1ad9eb757014eedb","16-300ce8c98cabe9be39ffb54c59a50315","1140337","چهارمحال و بختیاری","Chahār Mahāl va Bakhtiāri","لردگان","Lordegān","مرکزی","Markazi","","","میلاس","Milās","چالبتان","Chāl Batān","Chāl Batān","Morteza Taheri, field notes 2015","313","","","","Bakhtiāri 100%","Morteza Taheri, field notes 2015",31.514054093655986,50.80313411246509,""
"","4f4d71a22140547a1ad9eb757014eed2","16-1608a327a5c759ff1a17c6c8362d0da2","1140338","چهارمحال و بختیاری","Chahār Mahāl va Bakhtiāri","لردگان","Lordegān","مرکزی","Markazi","","","میلاس","Milās","برآفتاب شیدان","Bar Āftāb","Bar Aftow","Morteza Taheri, field notes 2015","697","","","","Bakhtiāri 100%","Morteza Taheri, field notes 2015",31.51852422335051,50.79808560926772,""
"","4f4d71a22140547a1ad9eb757014ee56","18-b2c436d03e24d1d5eb051d3a73cb5f2f","1140339","چهارمحال و بختیاری","Chahār Mahāl va Bakhtiāri","لردگان","Lordegān","مرکزی","Markazi","","","میلاس","Milās","ناغان سفلی","Nāghān Soflā","Nāghun Soflā","Morteza Taheri, field notes 2015","1794","","","","Bakhtiāri 100%","Morteza Taheri, field notes 2015",31.524329950160016,50.75640756741504,""
"","4f4d71a22140547a1ad9eb757015861d","16-db0c2750317529525cd44272f7f1af87","1140340","چهارمحال و بختیاری","Chahār Mahāl va Bakhtiāri","لردگان","Lordegān","مرکزی","Markazi","","","میلاس","Milās","ناغان علیا","Nāghān Oliā","Nāghun Owliā","Morteza Taheri, field notes 2015","583","","","","Bakhtiāri 100%","Morteza Taheri, field notes 2015",31.51834591512537,50.772712762175324,""
"","4f4d71a22140547a1ad9eb7570157bbe","16-f704cc99a928c20385bd57be8afac520","1140341","چهارمحال و بختیاری","Chahār Mahāl va Bakhtiāri","لردگان","Lordegān","مرکزی","Markazi","","","میلاس","Milās","دره شورخنگ","Darreh Shur Khong","Dare Shur Khong","Morteza Taheri, field notes 2015","329","","","","Bakhtiāri 100%","Morteza Taheri, field notes 2015",31.537396377011902,50.70856800133412,""
"","4f4d71a22140547a1ad9eb75701574ec","16-e04343aff42b28ebfcca53fa8ded11a1","1140342","چهارمحال و بختیاری","Chahār Mahāl va Bakhtiāri","لردگان","Lordegān","مرکزی","Markazi","","","میلاس","Milās","دره شورمهدی","Darreh Shur Mehdi","Dare Shur Mehdi","Morteza Taheri, field notes 2015","192","","","","Bakhtiāri 100%","Morteza Taheri, field notes 2015",31.535711261606014,50.70574530249171,""
"","4f4d71a22140547a1ad9eb7570156f17","16-d4ccf13300acb8307d73dc4f29586b3f","1140343","چهارمحال و بختیاری","Chahār Mahāl va Bakhtiāri","لردگان","Lordegān","مرکزی","Markazi","","","میلاس","Milās","کرف سفلی","Karf-e Soflā","Karf-e Soflā","Morteza Taheri, field notes 2015","114","","","","Bakhtiāri 100%","Morteza Taheri, field notes 2015",31.529558917079374,50.70692312533357,""
"","4f4d71a22140547a1ad9eb7570155f9a","16-5bee8652ad8512d57b08483a37557318","1140344","چهارمحال و بختیاری","Chahār Mahāl va Bakhtiāri","لردگان","Lordegān","مرکزی","Markazi","","","میلاس","Milās","کرف علیا","Karf-e Oliā","Karf-e Owliā","Morteza Taheri, field notes 2015","1209","","","","Bakhtiāri 100%","Morteza Taheri, field notes 2015",31.520507071628526,50.711652172779324,""
"","4f4d71a22140547a1ad9eb75701559be","16-33ba39af9b12db47fa920b1a1cca9d7e","1140345","چهارمحال و بختیاری","Chahār Mahāl va Bakhtiāri","لردگان","Lordegān","مرکزی","Markazi","","","میلاس","Milās","گوشه","Gusheh","Gushe","Morteza Taheri, field notes 2015","1027","","","","Bakhtiāri 100%","Morteza Taheri, field notes 2015",31.513150819353516,50.733531052892275,""
"","4f4d71a22140547a1ad9eb757015577f","16-6651b28067e1cc0c1d9ac5b8235e980c","1140346","چهارمحال و بختیاری","Chahār Mahāl va Bakhtiāri","لردگان","Lordegān","مرکزی","Markazi","","","میلاس","Milās","گراز آباد","Gorāz Ābād","Gorāz Owi","Morteza Taheri, field notes 2015","508","","","","Bakhtiāri 100%","Morteza Taheri, field notes 2015",31.512202289326055,50.755678006562576,""
"","4f4d71a22140547a1ad9eb7570155190","16-71bcf7626db49ce5086360b1012d00a8","1140347","چهارمحال و بختیاری","Chahār Mahāl va Bakhtiāri","لردگان","Lordegān","مرکزی","Markazi","","","میلاس","Milās","اسلام آباد","Eslām Ābād","Eslām Ābād","Morteza Taheri, field notes 2015","441","","","","Bakhtiāri 100%","Morteza Taheri, field notes 2015",31.46891634098133,50.78781024401452,""
"","4f4d71a22140547a1ad9eb7570154631","16-b819eb007318b01fa892ab9f873faa49","1140348","چهارمحال و بختیاری","Chahār Mahāl va Bakhtiāri","لردگان","Lordegān","مرکزی","Markazi","","","میلاس","Milās","برآفتاب میلاس","Bar Āftāb Milās","Bar Aftow Milās","Morteza Taheri, field notes 2015","1043","","","","Bakhtiāri 100%","Morteza Taheri, field notes 2015",31.497399038812304,50.78628899221043,""
"","4f4d71a22140547a1ad9eb7570153ef9","16-416ced6592ae2b69a07c5815f4cc83a3","1140349","چهارمحال و بختیاری","Chahār Mahāl va Bakhtiāri","لردگان","Lordegān","مرکزی","Markazi","","","میلاس","Milās","تل ماران","Tal-e Mārān","Tel-e Mārun","Morteza Taheri, field notes 2015","794","","","","Bakhtiāri 100%","Morteza Taheri, field notes 2015",31.480993464873684,50.789862828776386,""
"","4f4d71a22140547a1ad9eb757015b6e0","19-01977e5f3c255adace5c0a8f9f494c09","1140350","چهارمحال و بختیاری","Chahār Mahāl va Bakhtiāri","لردگان","Lordegān","مرکزی","Markazi","","","میلاس","Milās","دهنو میلاس سفلی","Deh Now Milās Soflā","Deh Now Milās Soflā","Morteza Taheri, field notes 2015","3475","","","","Bakhtiāri 100%","Morteza Taheri, field notes 2015",31.47781057026154,50.79806701128739,""
"","4f4d71a22140547a1ad9eb757015afe6","16-09550978d1b82d3b0d21710659df41ea","1140351","چهارمحال و بختیاری","Chahār Mahāl va Bakhtiāri","لردگان","Lordegān","مرکزی","Markazi","","","میلاس","Milās","دهنو میلاس علیا","Deh Now Milās Oliā","Deh Now Milās Owliā","Morteza Taheri, field notes 2015","324","","","","Bakhtiāri 100%","Morteza Taheri, field notes 2015",31.485703539257493,50.8155575131045,""
"","4f4d71a22140547a1ad9eb757015addf","17-cf042fb6538b572f5c4cb27c6a4d4686","1140352","چهارمحال و بختیاری","Chahār Mahāl va Bakhtiāri","لردگان","Lordegān","مرکزی","Markazi","","","میلاس","Milās","حسین آباد","Hoseyn Ābād","Hoseyn Ābād","Morteza Taheri, field notes 2015","561","","","","Bakhtiāri 100%","Morteza Taheri, field notes 2015",31.454698829140014,50.77175649533436,""
"","4f4d71a22140547a1ad9eb757015ac50","16-961dfe7a40234de1da13d6d484286ab0","1140353","چهارمحال و بختیاری","Chahār Mahāl va Bakhtiāri","لردگان","Lordegān","مرکزی","Markazi","","","میلاس","Milās","له دراز","Lah Derāz","Lah Derāz","Morteza Taheri, field notes 2015","495","","","","Bakhtiāri 100%","Morteza Taheri, field notes 2015",31.45728186781333,50.70155097270747,""
"","4f4d71a22140547a1ad9eb757015aacc","16-96e90889dfd015c37e35b8f9389be7ea","1140354","چهارمحال و بختیاری","Chahār Mahāl va Bakhtiāri","لردگان","Lordegān","مرکزی","Markazi","","","میلاس","Milās","میلاس","Milās","Milās","Morteza Taheri, field notes 2015","861","","","","Bakhtiāri 100%","Morteza Taheri, field notes 2015",31.471115556096205,50.78302150587441,""
"","4f4d71a22140547a1ad9eb7570159f45","16-ba7d8475c98d89818a12a6f50a5bf7b9","1140355","چهارمحال و بختیاری","Chahār Mahāl va Bakhtiāri","لردگان","Lordegān","مرکزی","Markazi","","","میلاس","Milās","کل آبچنار","Kal Āb Chenār","Kal Ow Chenār","Morteza Taheri, field notes 2015","22","","","","Bakhtiāri 100%","Morteza Taheri, field notes 2015",31.442976450329205,50.70387913013393,""
"","4f4d71a22140547a1ad9eb7570159953","16-6937248618e788a00ce76db253b44b9f","1140356","چهارمحال و بختیاری","Chahār Mahāl va Bakhtiāri","لردگان","Lordegān","مرکزی","Markazi","","","میلاس","Milās","آب تلک","Āb Talak","Ow Talak","Morteza Taheri, field notes 2015","30","","","","Bakhtiāri 100%","Morteza Taheri, field notes 2015",31.467952507593075,50.69346143032022,""
"","4f4d71a22140547a1ad9eb75701597ad","16-a613c64d06b65a8c96ba5b0d7ccad348","1140357","چهارمحال و بختیاری","Chahār Mahāl va Bakhtiāri","لردگان","Lordegān","مرکزی","Markazi","","","میلاس","Milās","باغ انارمیلاس","Bāgh Anār Milās","Bāgh Enār Milās","Morteza Taheri, field notes 2015","2740","","","","Bakhtiāri 100%","Morteza Taheri, field notes 2015",31.482376666979118,50.76541099630749,""
"","4f4d71a22140547a1ad9eb75701596fc","16-ce573c1bf0aab5bc796616d0589b0cd0","1140358","چهارمحال و بختیاری","Chahār Mahāl va Bakhtiāri","لردگان","Lordegān","مرکزی","Markazi","","","میلاس","Milās","بردکارخانه","Bard Kārkhāneh","Bard Kārkhune","Morteza Taheri, field notes 2015","61","","","","Bakhtiāri 100%","Morteza Taheri, field notes 2015",31.477527841038064,50.70717001919019,""
"","4f4d71a22140547a1ad9eb75701589db","16-417f0f2bebd0c8892aa618a3344a245a","1140359","چهارمحال و بختیاری","Chahār Mahāl va Bakhtiāri","لردگان","Lordegān","مرکزی","Markazi","","","میلاس","Milās","چاهگاه میلاس","Chāhgāh-e Milās","Chāhgāh-e Milās","Morteza Taheri, field notes 2015","573","","","","Bakhtiāri 100%","Morteza Taheri, field notes 2015",31.48954964731701,50.77255640112143,""
"","4f4d71a22140547a1ad9eb7570160d9b","18-0d0a76f29f84650366936a0805445d1c","1140360","چهارمحال و بختیاری","Chahār Mahāl va Bakhtiāri","لردگان","Lordegān","مرکزی","Markazi","","","میلاس","Milās","لیرابی","Lirābi","Lirovi","Morteza Taheri, field notes 2015","254","","","","Bakhtiāri 100%","Morteza Taheri, field notes 2015",31.49481387719978,50.695589831874265,""
"","4f4d71a22140547a1ad9eb75701603b3","16-b4e8d9da91764c9fb8032407bb143612","1140361","چهارمحال و بختیاری","Chahār Mahāl va Bakhtiāri","لردگان","Lordegān","مرکزی","Markazi","","","میلاس","Milās","پاتوه","Pātoveh","Pātove","Morteza Taheri, field notes 2015","36","","","","Bakhtiāri 100%","Morteza Taheri, field notes 2015",31.443045846557485,50.65612383303981,""
"","4f4d71a22140547a1ad9eb757015fae4","16-e36329e601c80b1b3af135eee683d351","1140362","چهارمحال و بختیاری","Chahār Mahāl va Bakhtiāri","لردگان","Lordegān","مرکزی","Markazi","","","میلاس","Milās","دره روآب","Darreh Ru Āb","Dare Ruwā","Morteza Taheri, field notes 2015","29","","","","Bakhtiāri 100%","Morteza Taheri, field notes 2015",31.417816409922565,50.682352363962764,""
"","4f4d71a22140547a1ad9eb757015eda2","16-fbc3407306d78014716e77778a16e492","1140363","چهارمحال و بختیاری","Chahār Mahāl va Bakhtiāri","لردگان","Lordegān","مرکزی","Markazi","","","میلاس","Milās","سرقلعه","Sar Qal'eh","Sar Ghale","Morteza Taheri, field notes 2015","485","","","","Bakhtiāri 100%","Morteza Taheri, field notes 2015",31.41631409454406,50.66631622729453,""
"","4f4d71a22140547a1ad9eb757015eda1","17-ce50f193dcd4cfbc312a19d046ee680b","1140364","چهارمحال و بختیاری","Chahār Mahāl va Bakhtiāri","لردگان","Lordegān","مرکزی","Markazi","","","میلاس","Milās","شاه حسینی","Shāh Hoseyni","Shā Hoseyni","Morteza Taheri, field notes 2015","53","","","","Bakhtiāri 100%","Morteza Taheri, field notes 2015",31.41934542740632,50.67985254516179,""
"","4f4d71a22140547a1ad9eb757015ed87","16-8e120f7b9f1335648ea3560a4dbcc491","1140365","چهارمحال و بختیاری","Chahār Mahāl va Bakhtiāri","لردگان","Lordegān","مرکزی","Markazi","","","میلاس","Milās","شملک","Shamlak","Shamlak","Morteza Taheri, field notes 2015","25","","","","Bakhtiāri 100%","Morteza Taheri, field notes 2015",31.414507734406374,50.64982668347233,""
"","4f4d71a22140547a1ad9eb757015de8b","16-eafafe44ac7a8f817132108359dc490e","1140366","چهارمحال و بختیاری","Chahār Mahāl va Bakhtiāri","لردگان","Lordegān","مرکزی","Markazi","","","میلاس","Milās","گرگر","Gargar","Gargar","Morteza Taheri, field notes 2015","145","","","","Bakhtiāri 100%","Morteza Taheri, field notes 2015",31.416851664222136,50.65880756113154,""
"","4f4d71a22140547a1ad9eb757015cea3","16-cdf577743959e08b3953c513608df581","1140367","چهارمحال و بختیاری","Chahār Mahāl va Bakhtiāri","لردگان","Lordegān","مرکزی","Markazi","","","میلاس","Milās","لیرشملک","Lir Shamlak","Lir Shamlak","Morteza Taheri, field notes 2015","","(less than 3 households; population not specified in 2011 Census for reasons of privacy)","","","Bakhtiāri 100%","Morteza Taheri, field notes 2015",31.418774396559257,50.643925941403545,""
"","4f4d71a22140547a1ad9eb757015c328","16-6b735735213b213180ae4f57e522e88f","1140368","چهارمحال و بختیاری","Chahār Mahāl va Bakhtiāri","لردگان","Lordegān","مرکزی","Markazi","","","میلاس","Milās","سرپوت","Sar Put","Sar Put","Morteza Taheri, field notes 2015","106","","","","Bakhtiāri 100%","Morteza Taheri, field notes 2015",31.414822393323615,50.676730453868316,""
"","4f4d71a22140547a1ad9eb757015c063","14-c8238f676780ab452a3c2e881c9d8c25","1140369","چهارمحال و بختیاری","Chahār Mahāl va Bakhtiāri","لردگان","Lordegān","مرکزی","Markazi","","","ارمند","Armand","","","Armand","Morteza Taheri, field notes 2015","16080","","","","","","","",""
"","4f4d71a22140547a1ad9eb757016756c","16-a732e42d9794ed7233b327dc354ee7f3","1140370","چهارمحال و بختیاری","Chahār Mahāl va Bakhtiāri","لردگان","Lordegān","مرکزی","Markazi","","","ارمند","Armand","برآفتاب خنک","Bar Āftāb Khonk","Bar Aftow Khong","Morteza Taheri, field notes 2015","47","","","","Bakhtiāri 100%","Morteza Taheri, field notes 2015",31.547401950168346,50.90809212446945,""
"","4f4d71a22140547a1ad9eb757016672e","18-9e78ee349f9cf8e0f6ef3298120a4c91","1140371","چهارمحال و بختیاری","Chahār Mahāl va Bakhtiāri","لردگان","Lordegān","مرکزی","Markazi","","","ارمند","Armand","جوب نسا","Jub Nesā","Ju Nesā","Morteza Taheri, field notes 2015","283","","","","Bakhtiāri 100%","Morteza Taheri, field notes 2015",31.540599164716983,50.902491672046814,""
"","4f4d71a22140547a1ad9eb75701662c8","16-1b065b4236ec4761a6a1e3b7d2b327d7","1140372","چهارمحال و بختیاری","Chahār Mahāl va Bakhtiāri","لردگان","Lordegān","مرکزی","Markazi","","","ارمند","Armand","چاه گاه","Chāhgāh","Chāhgāh","Morteza Taheri, field notes 2015","935","","","","Bakhtiāri 100%","Morteza Taheri, field notes 2015",31.568258422561932,50.93057744941626,""
"","4f4d71a22140547a1ad9eb7570165f98","16-395e42cb2d094cd6b845fb2b2fd22198","1140373","چهارمحال و بختیاری","Chahār Mahāl va Bakhtiāri","لردگان","Lordegān","مرکزی","Markazi","","","ارمند","Armand","رحیم آباد","Rahim Ābād","Rahim Ābād","Morteza Taheri, field notes 2015","379","","","","Bakhtiāri 100%","Morteza Taheri, field notes 2015",31.537014701985143,50.87388859511653,""
"","4f4d71a22140547a1ad9eb7570165c46","16-7f37bba63f51d56df7b0425d37e19e89","1140374","چهارمحال و بختیاری","Chahār Mahāl va Bakhtiāri","لردگان","Lordegān","مرکزی","Markazi","","","ارمند","Armand","تنگ کلوره","Tang Kelureh","Tang Kelure","Morteza Taheri, field notes 2015","830","","","","Bakhtiāri 100%","Morteza Taheri, field notes 2015",31.555612178637354,50.883244140158816,""
"","4f4d71a22140547a1ad9eb7570164eeb","16-e725e791d776254ae56e3d2b2b24a8e8","1140375","چهارمحال و بختیاری","Chahār Mahāl va Bakhtiāri","لردگان","Lordegān","مرکزی","Markazi","","","ارمند","Armand","امام آباد","Emām Ābād","Emām Ābād","Morteza Taheri, field notes 2015","605","","","","Bakhtiāri 100%","Morteza Taheri, field notes 2015",31.582969317347075,50.88516617585422,""
"","4f4d71a22140547a1ad9eb75701641e0","16-f555102a5d3ee83074f36d1857f42d3d","1140376","چهارمحال و بختیاری","Chahār Mahāl va Bakhtiāri","لردگان","Lordegān","مرکزی","Markazi","","","ارمند","Armand","ارمندسفلی","Armand Soflā","Armand Soflā","Morteza Taheri, field notes 2015","1218","","","","Bakhtiāri 100%","Morteza Taheri, field notes 2015",31.64616407876892,50.78821781432837,""
"","4f4d71a22140547a1ad9eb75701632fd","16-6ce3801a5968e76f406ea517c23ece2a","1140377","چهارمحال و بختیاری","Chahār Mahāl va Bakhtiāri","لردگان","Lordegān","مرکزی","Markazi","","","ارمند","Armand","جغد","Jeghd","Jeghd","Morteza Taheri, field notes 2015","161","","","","Bakhtiāri 100%","Morteza Taheri, field notes 2015",31.686783186504627,50.83025201920171,""
"","4f4d71a22140547a1ad9eb7570162f9d","18-673f5fb209b8b19bff5ac6886bc4d199","1140378","چهارمحال و بختیاری","Chahār Mahāl va Bakhtiāri","لردگان","Lordegān","مرکزی","Markazi","","","ارمند","Armand","دشتینه","Dashtineh","Dasht Armand","Morteza Taheri, field notes 2015","342","","","","Bakhtiāri 100%","Morteza Taheri, field notes 2015",31.673708803033897,50.81119760636184,""
"","4f4d71a22140547a1ad9eb75701628ab","16-dabc020463177d6b7fb2c3abb3baa122","1140379","چهارمحال و بختیاری","Chahār Mahāl va Bakhtiāri","لردگان","Lordegān","مرکزی","Markazi","","","ارمند","Armand","فارسون","Fārsun","Fārsun","Morteza Taheri, field notes 2015","658","","","","Bakhtiāri 100%","Morteza Taheri, field notes 2015",31.68910205387861,50.851430741579975,""
"","4f4d71a22140547a1ad9eb757016b489","16-a2d10955cbecfa269c2c6f3484dfd94e","1140380","چهارمحال و بختیاری","Chahār Mahāl va Bakhtiāri","لردگان","Lordegān","مرکزی","Markazi","","","ارمند","Armand","مسن","Mesen","Mesen","Morteza Taheri, field notes 2015","1288","","","","Bakhtiāri 100%","Morteza Taheri, field notes 2015",31.677267594810207,50.744165213474254,""
"","4f4d71a22140547a1ad9eb757016abfb","16-ad82f635e1327fd4c3fe74c202871ce4","1140381","چهارمحال و بختیاری","Chahār Mahāl va Bakhtiāri","لردگان","Lordegān","مرکزی","Markazi","","","ارمند","Armand","نازک","Nazok","Nazok","Morteza Taheri, field notes 2015","","(less than 3 households; population not specified in 2011 Census for reasons of privacy)","","","Bakhtiāri 100%","Morteza Taheri, field notes 2015",31.686174144242898,50.789996917064904,""
"","4f4d71a22140547a1ad9eb757016a208","16-a61e30eb2c663129573adfd476902899","1140382","چهارمحال و بختیاری","Chahār Mahāl va Bakhtiāri","لردگان","Lordegān","مرکزی","Markazi","","","ارمند","Armand","دادا","Dādā","Dādā","Morteza Taheri, field notes 2015","37","","","","Bakhtiāri 100%","Morteza Taheri, field notes 2015",31.71281954181776,50.83088451128282,""
"","4f4d71a22140547a1ad9eb75701698f0","16-6ac4f4ecffe9b30022c0dbc7bf3030d7","1140383","چهارمحال و بختیاری","Chahār Mahāl va Bakhtiāri","لردگان","Lordegān","مرکزی","Markazi","","","ارمند","Armand","ده کهنه","Deh Kohneh","Deh Kohne","Morteza Taheri, field notes 2015","124","","","","Bakhtiāri 100%","Morteza Taheri, field notes 2015",31.67345233831747,50.757379917801565,""
"","4f4d71a22140547a1ad9eb75701695d1","16-33c6e1c6f8a853807dc34668886e9c53","1140384","چهارمحال و بختیاری","Chahār Mahāl va Bakhtiāri","لردگان","Lordegān","مرکزی","Markazi","","","ارمند","Armand","شهرک سونک","Shahrak Sunak","Shahrak Sunak","Morteza Taheri, field notes 2015","1527","","","","Bakhtiāri 100%","Morteza Taheri, field notes 2015",31.68106578389635,50.76105240142853,""
"","4f4d71a22140547a1ad9eb7570169500","16-93a24e84570f430c6ada99cdb431d5e6","1140385","چهارمحال و بختیاری","Chahār Mahāl va Bakhtiāri","لردگان","Lordegān","مرکزی","Markazi","","","ارمند","Armand","بوگر","Bugar","Bugar","Morteza Taheri, field notes 2015","2639","","","","Bakhtiāri 100%","Morteza Taheri, field notes 2015",31.6748753863632,50.73457363403842,""
"","4f4d71a22140547a1ad9eb7570168c9e","16-aaa1e3da1522ca5043b095d0b4254ad6","1140386","چهارمحال و بختیاری","Chahār Mahāl va Bakhtiāri","لردگان","Lordegān","مرکزی","Markazi","","","ارمند","Armand","سرتنگ مسن","Sar Tang Mesen","Sar Tang Mesen","Morteza Taheri, field notes 2015","858","","","","Bakhtiāri 100%","Morteza Taheri, field notes 2015",31.706803112656026,50.736021611973385,""
"","4f4d71a22140547a1ad9eb7570168428","16-32f028e846fc7af932a5c8ac5aee306b","1140387","چهارمحال و بختیاری","Chahār Mahāl va Bakhtiāri","لردگان","Lordegān","مرکزی","Markazi","","","ارمند","Armand","آب چنار","Āb Chenār","Ow Chenār","Morteza Taheri, field notes 2015","1023","","","","Bakhtiāri 100%","Morteza Taheri, field notes 2015",31.598320378272405,50.828892030305596,""
"","4f4d71a22140547a1ad9eb757016837f","16-d3951b47090f2c779c0abf123415ac15","1140388","چهارمحال و بختیاری","Chahār Mahāl va Bakhtiāri","لردگان","Lordegān","مرکزی","Markazi","","","ارمند","Armand","ارمندعلیا","Armand Oliā","Armand Owliā","Morteza Taheri, field notes 2015","1956","","","","Bakhtiāri 100%","Morteza Taheri, field notes 2015",31.63615321712284,50.7939470127828,""
"","4f4d71a22140547a1ad9eb7570167dc4","16-d4e0ad154d7c2a3be363bbcd4622c6d6","1140389","چهارمحال و بختیاری","Chahār Mahāl va Bakhtiāri","لردگان","Lordegān","مرکزی","Markazi","","","ارمند","Armand","کینک","Kinak","Kinak","Morteza Taheri, field notes 2015","1152","","","","Bakhtiāri 100%","Morteza Taheri, field notes 2015",31.616109987990804,50.786157877804534,""
"","4f4d71a22140547a1ad9eb757016fe48","24-34edeeca721893917ed0e290746a6f35","1140390","چهارمحال و بختیاری","Chahār Mahāl va Bakhtiāri","لردگان","Lordegān","مرکزی","Markazi","لردگان","Lordegān","","","","","Lordegun","Morteza Taheri, field notes 2015","35276","","","","Bakhtiāri 99%; Tehrāni type Persian 1%","Morteza Taheri, field notes 2015",31.511749033227847,50.82934912201917,""
"","4f4d71a22140547a1ad9eb757016fb69","14-ac3350532a882ad1f3489a2a9444f119","1140391","چهارمحال و بختیاری","Chahār Mahāl va Bakhtiāri","لردگان","Lordegān","خانمیرزا","Khān Mirzā","","","","","","","","","33000","","","","","","","",""
"","4f4d71a22140547a1ad9eb757016fa24","14-1016aed20dba64e8259531ab03580ab3","1140392","چهارمحال و بختیاری","Chahār Mahāl va Bakhtiāri","لردگان","Lordegān","خانمیرزا","Khān Mirzā","","","خانمیرزا","Khān Mirzā","","","","","18891","","","","","","","",""
"","4f4d71a22140547a1ad9eb757016f95e","18-5760fed44a902a900569d122c4b3130c","1140393","چهارمحال و بختیاری","Chahār Mahāl va Bakhtiāri","لردگان","Lordegān","خانمیرزا","Khān Mirzā","","","خانمیرزا","Khān Mirzā","دومکان","Do Makān","Do Makān","Morteza Taheri, field notes 2015","2730","","","","Bakhtiāri 100%","Morteza Taheri, field notes 2015",31.57184124421764,51.11445400773085,""
"","4f4d71a22140547a1ad9eb757016ec82","16-ae5a263964665d0093a1ef01c164e096","1140394","چهارمحال و بختیاری","Chahār Mahāl va Bakhtiāri","لردگان","Lordegān","خانمیرزا","Khān Mirzā","","","خانمیرزا","Khān Mirzā","برجوئی","Berjui","Berjui","Morteza Taheri, field notes 2015","2643","","","","Bakhtiāri 100%","Morteza Taheri, field notes 2015",31.58251696965247,51.0596802438675,""
"","4f4d71a22140547a1ad9eb757016dd8c","16-76064202dd31e4ec5337fa1858ae34b1","1140395","چهارمحال و بختیاری","Chahār Mahāl va Bakhtiāri","لردگان","Lordegān","خانمیرزا","Khān Mirzā","","","خانمیرزا","Khān Mirzā","کلامویی","Kalāmui","Kalāmui","Morteza Taheri, field notes 2015","877","","","","Bakhtiāri 100%","Morteza Taheri, field notes 2015",31.607359024751453,51.07378421940683,""
"","4f4d71a22140547a1ad9eb757016d210","16-a7bea192e7a4bc68c7be25303109c642","1140396","چهارمحال و بختیاری","Chahār Mahāl va Bakhtiāri","لردگان","Lordegān","خانمیرزا","Khān Mirzā","","","خانمیرزا","Khān Mirzā","شاه قریه","Shāh Qarieh","Shā Gharie","Morteza Taheri, field notes 2015","1890","","","","Bakhtiāri 100%","Morteza Taheri, field notes 2015",31.57261279894608,51.10866385993187,""
"","4f4d71a22140547a1ad9eb757016cea1","16-01ae5c012371a3a75e505f36965b8964","1140397","چهارمحال و بختیاری","Chahār Mahāl va Bakhtiāri","لردگان","Lordegān","خانمیرزا","Khān Mirzā","","","خانمیرزا","Khān Mirzā","ده چنارسفلی","Deh Chenār Soflā","Deh Chenār Soflā","Morteza Taheri, field notes 2015","678","","","","Bakhtiāri 100%","Morteza Taheri, field notes 2015",31.555218196092984,51.14259446561992,""
"","4f4d71a22140547a1ad9eb757016c33d","16-668699a5b9d455712c968ac3cc40af96","1140398","چهارمحال و بختیاری","Chahār Mahāl va Bakhtiāri","لردگان","Lordegān","خانمیرزا","Khān Mirzā","","","خانمیرزا","Khān Mirzā","ده چنارعلیا","Deh Chenār Oliā","Deh Chenār Owliā","Morteza Taheri, field notes 2015","50","","","","Bakhtiāri 100%","Morteza Taheri, field notes 2015",31.56616023249097,51.142519363768116,""
"","4f4d71a22140547a1ad9eb757016b630","16-08097f5b39c51144614fdb62221f550e","1140399","چهارمحال و بختیاری","Chahār Mahāl va Bakhtiāri","لردگان","Lordegān","خانمیرزا","Khān Mirzā","","","خانمیرزا","Khān Mirzā","صفی آباد","Safi Ābād","Safi Ābād","Morteza Taheri, field notes 2015","105","","","","Bakhtiāri 100%","Morteza Taheri, field notes 2015",31.581032695117734,51.13063713674772,""
"","4f4d71a22140547a1ad9eb7570174d64","16-237f8a294b25d051cc71c3771c07f76f","1140400","چهارمحال و بختیاری","Chahār Mahāl va Bakhtiāri","لردگان","Lordegān","خانمیرزا","Khān Mirzā","","","خانمیرزا","Khān Mirzā","علی آبادپشته","Ali Ābād Poshteh","Ali Ābād Poshte","Morteza Taheri, field notes 2015","256","","","","Bakhtiāri 100%","Morteza Taheri, field notes 2015",31.58399397540622,51.13860866193955,""
"","4f4d71a22140547a1ad9eb75701745ed","16-1198edb73df0ae1548513bf5b5a1299e","1140401","چهارمحال و بختیاری","Chahār Mahāl va Bakhtiāri","لردگان","Lordegān","خانمیرزا","Khān Mirzā","","","خانمیرزا","Khān Mirzā","گوشکی","Gusheki","Gusheki","Morteza Taheri, field notes 2015","380","","","","Bakhtiāri 100%","Morteza Taheri, field notes 2015",31.548084384256263,51.14938896199706,""
"","4f4d71a22140547a1ad9eb7570173ccd","16-d19f03117715d8e721162f6f82beb625","1140402","چهارمحال و بختیاری","Chahār Mahāl va Bakhtiāri","لردگان","Lordegān","خانمیرزا","Khān Mirzā","","","خانمیرزا","Khān Mirzā","ده بابا","Deh Bābā","Deh Bāvā","Morteza Taheri, field notes 2015","275","","","","Bakhtiāri 100%","Morteza Taheri, field notes 2015",31.522665776996355,51.066380949899155,""
"","4f4d71a22140547a1ad9eb75701731a6","18-5610dd71bfc4948c6d73879402b4fcde","1140403","چهارمحال و بختیاری","Chahār Mahāl va Bakhtiāri","لردگان","Lordegān","خانمیرزا","Khān Mirzā","","","خانمیرزا","Khān Mirzā","ده صحرا","Deh Sahrā","Deh Sahrā","Morteza Taheri, field notes 2015","2461","","","","Bakhtiāri 100%","Morteza Taheri, field notes 2015",31.510415845968463,51.11065793939827,""
"","4f4d71a22140547a1ad9eb7570172aaa","16-65adf01e10abb70b3027000dffefa9f3","1140404","چهارمحال و بختیاری","Chahār Mahāl va Bakhtiāri","لردگان","Lordegān","خانمیرزا","Khān Mirzā","","","خانمیرزا","Khān Mirzā","ده علی","Deh Ali","Deh Ali","Morteza Taheri, field notes 2015","255","","","","Bakhtiāri 100%","Morteza Taheri, field notes 2015",31.52986982119048,51.15139459612823,""
"","4f4d71a22140547a1ad9eb757017225b","16-29818ca2cfc113d236377b94671269ab","1140405","چهارمحال و بختیاری","Chahār Mahāl va Bakhtiāri","لردگان","Lordegān","خانمیرزا","Khān Mirzā","","","خانمیرزا","Khān Mirzā","ده رشید","Deh Rashid","Deh Rashid","Morteza Taheri, field notes 2015","426","","","","Bakhtiāri 100%","Morteza Taheri, field notes 2015",31.522974302365796,51.15524624827239,""
"","4f4d71a22140547a1ad9eb7570171b07","16-dd0856987ab88163cdef36167bfd8990","1140406","چهارمحال و بختیاری","Chahār Mahāl va Bakhtiāri","لردگان","Lordegān","خانمیرزا","Khān Mirzā","","","خانمیرزا","Khān Mirzā","فیض آباد","Feyz Ābād","Feyz Ābād","Morteza Taheri, field notes 2015","117","","","","Bakhtiāri 100%","Morteza Taheri, field notes 2015",31.54291167413623,51.13375390470747,""
"","4f4d71a22140547a1ad9eb7570170dcf","16-9ec5148b6139de3f621c2aa8d833e093","1140407","چهارمحال و بختیاری","Chahār Mahāl va Bakhtiāri","لردگان","Lordegān","خانمیرزا","Khān Mirzā","","","خانمیرزا","Khān Mirzā","هرمو","Hermu","Hermu","Morteza Taheri, field notes 2015","95","","","","Bakhtiāri 100%","Morteza Taheri, field notes 2015",31.47916592412223,51.040711895034306,""
"","4f4d71a22140547a1ad9eb7570170508","16-e3fc2a1613a6be7ba8ec9419c719540b","1140408","چهارمحال و بختیاری","Chahār Mahāl va Bakhtiāri","لردگان","Lordegān","خانمیرزا","Khān Mirzā","","","خانمیرزا","Khān Mirzā","کرتگل سفلی","Kortogol Soflā","Kortogol Soflā","Morteza Taheri, field notes 2015","1134","","","","Bakhtiāri 100%","Morteza Taheri, field notes 2015",31.54017201769381,51.040089389225066,""
"","4f4d71a22140547a1ad9eb757016ff7b","16-9c0688b16d3eb596e2c9cb5e93f2e857","1140409","چهارمحال و بختیاری","Chahār Mahāl va Bakhtiāri","لردگان","Lordegān","خانمیرزا","Khān Mirzā","","","خانمیرزا","Khān Mirzā","سرتنگ دینار عالی","Sar Tang Dinār Āli","Sar Tang Dinār Āli","Morteza Taheri, field notes 2015","760","","","","Bakhtiāri 100%","Morteza Taheri, field notes 2015",31.53153242601329,51.04889811508531,""
"","4f4d71a22140547a1ad9eb7570179bde","16-1111a152eb74fec341308a424a0fe3ec","1140410","چهارمحال و بختیاری","Chahār Mahāl va Bakhtiāri","لردگان","Lordegān","خانمیرزا","Khān Mirzā","","","خانمیرزا","Khān Mirzā","بردبر","Bard Bor","Bard Bor","Morteza Taheri, field notes 2015","2205","","","","Bakhtiāri 100%","Morteza Taheri, field notes 2015",31.502537613475315,51.00050020055025,""
"","4f4d71a22140547a1ad9eb757017975e","18-3e922ee34a0ee78b0cf92ed3545eb077","1140411","چهارمحال و بختیاری","Chahār Mahāl va Bakhtiāri","لردگان","Lordegān","خانمیرزا","Khān Mirzā","","","خانمیرزا","Khān Mirzā","درکه","Derkeh","Derke","Morteza Taheri, field notes 2015","284","","","","Bakhtiāri 100%","Morteza Taheri, field notes 2015",31.541348958392685,50.90360747099734,""
"","4f4d71a22140547a1ad9eb757017936d","16-521994fb48eb6c7e03ec7d34eef280e4","1140412","چهارمحال و بختیاری","Chahār Mahāl va Bakhtiāri","لردگان","Lordegān","خانمیرزا","Khān Mirzā","","","خانمیرزا","Khān Mirzā","ده نوهوشنگ خان","Deh Now Hushang Khān","Deh Now Hushang Khān","Morteza Taheri, field notes 2015","530","","","","Bakhtiāri 100%","Morteza Taheri, field notes 2015",31.521992508765585,51.00547838047949,""
"","4f4d71a22140547a1ad9eb7570178b29","16-4ccc3638fd94f1ec8d9eca52792cc039","1140413","چهارمحال و بختیاری","Chahār Mahāl va Bakhtiāri","لردگان","Lordegān","خانمیرزا","Khān Mirzā","","","خانمیرزا","Khān Mirzā","زرین درخت","Zarrin Derakht","Zarin Derakht","Morteza Taheri, field notes 2015","355","","","","Bakhtiāri 100%","Morteza Taheri, field notes 2015",31.5255308630652,50.94843359593324,""
"","4f4d71a22140547a1ad9eb7570178a7c","16-a64f48a535ee6f3390e29699ee8e90ee","1140414","چهارمحال و بختیاری","Chahār Mahāl va Bakhtiāri","لردگان","Lordegān","خانمیرزا","Khān Mirzā","","","خانمیرزا","Khān Mirzā","صالحات","Sālehāt","Sālehāt","Morteza Taheri, field notes 2015","385","","","","Bakhtiāri 100%","Morteza Taheri, field notes 2015",31.53213155368918,50.973088889404686,""
"","4f4d71a22140547a1ad9eb7570178393","14-f7f6c2ada2b5735fe16d2603706f93e8","1140415","چهارمحال و بختیاری","Chahār Mahāl va Bakhtiāri","لردگان","Lordegān","خانمیرزا","Khān Mirzā","","","جوانمردی","Javānmardi","","","","","10015","","","","","","","",""
"","4f4d71a22140547a1ad9eb75701773e7","16-d3b846a2f1ad2595a690d083396e0e43","1140416","چهارمحال و بختیاری","Chahār Mahāl va Bakhtiāri","لردگان","Lordegān","خانمیرزا","Khān Mirzā","","","جوانمردی","Javānmardi","ده ترکان","Deh Torkān","Deh Torkān","Morteza Taheri, field notes 2015","357","","","","Bakhtiāri 100%","Morteza Taheri, field notes 2015",31.49274506068352,51.123288831036206,""
"","4f4d71a22140547a1ad9eb7570176b0a","18-76224509c7cdee45e8d62771a7fdac39","1140417","چهارمحال و بختیاری","Chahār Mahāl va Bakhtiāri","لردگان","Lordegān","خانمیرزا","Khān Mirzā","","","جوانمردی","Javānmardi","سلح چین","Salah Chin","Salah Chin","Morteza Taheri, field notes 2015","765","","","","Bakhtiāri 100%","Morteza Taheri, field notes 2015",31.483620462768787,51.143557139117036,""
"","4f4d71a22140547a1ad9eb75701762b8","16-4a12c5b8b5fb6273c72ba48ee4a888a2","1140418","چهارمحال و بختیاری","Chahār Mahāl va Bakhtiāri","لردگان","Lordegān","خانمیرزا","Khān Mirzā","","","جوانمردی","Javānmardi","قلعه افغان","Qal'eh Afghān","Ghale Afghān","Morteza Taheri, field notes 2015","466","","","","Bakhtiāri 100%","Morteza Taheri, field notes 2015",31.487188675827046,51.13274247237161,""
"","4f4d71a22140547a1ad9eb7570175890","16-977ccaa859dfcb9dfff1a658cc496c51","1140419","چهارمحال و بختیاری","Chahār Mahāl va Bakhtiāri","لردگان","Lordegān","خانمیرزا","Khān Mirzā","","","جوانمردی","Javānmardi","قلعه مزعل","Qal'eh Moz'el","Ghale Mozel Khān","Morteza Taheri, field notes 2015","51","","","","Bakhtiāri 100%","Morteza Taheri, field notes 2015",31.501327608387435,51.149837562544406,""
"","4f4d71a22140547a1ad9eb757017eaed","16-f502bced1ab37726354bf4465103c1bd","1140420","چهارمحال و بختیاری","Chahār Mahāl va Bakhtiāri","لردگان","Lordegān","خانمیرزا","Khān Mirzā","","","جوانمردی","Javānmardi","بابامنصور","Bābā Mansur","Bāvā Mansur","Morteza Taheri, field notes 2015","419","","","","Bakhtiāri 100%","Morteza Taheri, field notes 2015",31.465379894192235,51.15970811867136,""
"","4f4d71a22140547a1ad9eb757017dcf0","16-9d42739f292ecef7f6e946b7a3a234f4","1140421","چهارمحال و بختیاری","Chahār Mahāl va Bakhtiāri","لردگان","Lordegān","خانمیرزا","Khān Mirzā","","","جوانمردی","Javānmardi","خسروآباد","Khosrow Ābād","Khosrow Ābād","Morteza Taheri, field notes 2015","285","","","","Bakhtiāri 100%","Morteza Taheri, field notes 2015",31.446917224153918,51.15496481927574,""
"","4f4d71a22140547a1ad9eb757017d319","16-d1889af806e9f28adbc60015770584de","1140422","چهارمحال و بختیاری","Chahār Mahāl va Bakhtiāri","لردگان","Lordegān","خانمیرزا","Khān Mirzā","","","جوانمردی","Javānmardi","ده نو","Deh Now","Deh Now","Morteza Taheri, field notes 2015","202","","","","Bakhtiāri 100%","Morteza Taheri, field notes 2015",31.46643632453037,51.15782741021404,""
"","4f4d71a22140547a1ad9eb757017c812","16-b93676165c81d4cf44c67a9fe1849701","1140423","چهارمحال و بختیاری","Chahār Mahāl va Bakhtiāri","لردگان","Lordegān","خانمیرزا","Khān Mirzā","","","جوانمردی","Javānmardi","کرتگل","Kortogol","Kortogol","Morteza Taheri, field notes 2015","142","","","","Bakhtiāri 100%","Morteza Taheri, field notes 2015",31.44608263479787,51.16586068489332,""
"","4f4d71a22140547a1ad9eb757017bb2a","16-91d4cc59c43eadac164dd5b8cb903076","1140424","چهارمحال و بختیاری","Chahār Mahāl va Bakhtiāri","لردگان","Lordegān","خانمیرزا","Khān Mirzā","","","جوانمردی","Javānmardi","باغ بهزاد","Bāgh Behzād","Bāgh Behzād","Morteza Taheri, field notes 2015","2202","","","","Bakhtiāri 100%","Morteza Taheri, field notes 2015",31.45027649756642,51.170517082120845,""
"","4f4d71a22140547a1ad9eb757017b063","16-3a9e91647304373b29f9f929f188634e","1140425","چهارمحال و بختیاری","Chahār Mahāl va Bakhtiāri","لردگان","Lordegān","خانمیرزا","Khān Mirzā","","","جوانمردی","Javānmardi","جوانمردی","Javānmardi","Javānmardi","Morteza Taheri, field notes 2015","2337","","","","Bakhtiāri 100%","Morteza Taheri, field notes 2015",31.458177453060873,51.14782009203857,""
"","4f4d71a22140547a1ad9eb757017ad5e","16-4ef23af744bdc99ef9cc3945931f0f06","1140426","چهارمحال و بختیاری","Chahār Mahāl va Bakhtiāri","لردگان","Lordegān","خانمیرزا","Khān Mirzā","","","جوانمردی","Javānmardi","سیله","Sileh","Sile","Morteza Taheri, field notes 2015","931","","","","Bakhtiāri 100%","Morteza Taheri, field notes 2015",31.434837465551396,51.15262842039406,""
"","4f4d71a22140547a1ad9eb757017a69a","17-abb5fa8a9e15323d426006921bcba840","1140427","چهارمحال و بختیاری","Chahār Mahāl va Bakhtiāri","لردگان","Lordegān","خانمیرزا","Khān Mirzā","","","جوانمردی","Javānmardi","حسن هندو","Hasan Hendu","Hasan Hendu","Morteza Taheri, field notes 2015","1361","","","","Bakhtiāri 100%","Morteza Taheri, field notes 2015",31.467635732940153,51.13104657257945,""
"","4f4d71a22140547a1ad9eb757017a257","18-4f1dde9c4f38351aa318deebf56388c4","1140428","چهارمحال و بختیاری","Chahār Mahāl va Bakhtiāri","لردگان","Lordegān","خانمیرزا","Khān Mirzā","","","جوانمردی","Javānmardi","قلعه چه","Qal'ehcheh","Ghalache","Morteza Taheri, field notes 2015","497","","","","Bakhtiāri 100%","Morteza Taheri, field notes 2015; Somayeh Pourpakar, field notes 2016",31.45931006111933,51.15281455826939,""
"","4f4d71a22140547a1ad9eb757017a19a","16-d38e3b92398c29f6dd3f8440a8bc8841","1140429","چهارمحال و بختیاری","Chahār Mahāl va Bakhtiāri","لردگان","Lordegān","خانمیرزا","Khān Mirzā","آلونی","Āluni","","","","","Āluni","Morteza Taheri, field notes 2015","4094","","","","Bakhtiāri 100%","Morteza Taheri, field notes 2015",31.552380296236056,51.05495162843233,""
"","4f4d71a22140547a1ad9eb75701851f7","14-86476a0d87bff193df77e1f39739d222","1140430","چهارمحال و بختیاری","Chahār Mahāl va Bakhtiāri","لردگان","Lordegān","منج","Monj","","","","","","","","","18032","","","","","","","",""
"","4f4d71a22140547a1ad9eb757018501d","14-5bbb92da78890140c1ec1650adbc21ee","1140431","چهارمحال و بختیاری","Chahār Mahāl va Bakhtiāri","لردگان","Lordegān","منج","Monj","","","بارز","Bārz","","","Bārz","Morteza Taheri, field notes 2015","8385","","","","","","","",""
"","4f4d71a22140547a1ad9eb7570184774","20-7bc9dd50f5e96c678ba540b36fc537a4","1140432","چهارمحال و بختیاری","Chahār Mahāl va Bakhtiāri","لردگان","Lordegān","منج","Monj","","","بارز","Bārz","بادامستان آقاجون","Bādāmestān Āqājun","Bādāmestun Āghājuni","Morteza Taheri, field notes 2015","99","","","","Bakhtiāri 100%","Morteza Taheri, field notes 2015",31.55268401019327,50.48309932955489,""
"","4f4d71a22140547a1ad9eb7570183f44","22-31b8a8d8ce1acc90d326471e7528a358","1140433","چهارمحال و بختیاری","Chahār Mahāl va Bakhtiāri","لردگان","Lordegān","منج","Monj","","","بارز","Bārz","بادامستان امیدعلی","Bādāmestān Omid Ali","Bādāmestun Omid Ali","Morteza Taheri, field notes 2015","","(less than 3 households; population not specified in 2011 Census for reasons of privacy)","","","Bakhtiāri 100%","Morteza Taheri, field notes 2015",31.54708542920514,50.48193356254163,""
"","4f4d71a22140547a1ad9eb757018353c","16-f180ec24f17a16ce9a4dc462c0cbab9a","1140434","چهارمحال و بختیاری","Chahār Mahāl va Bakhtiāri","لردگان","Lordegān","منج","Monj","","","بارز","Bārz","بادامستان مشهدی امیر","Bādāmestān Mashhadi Amir","Bādāmestun Mashai Amir","Morteza Taheri, field notes 2015","","(less than 3 households; population not specified in 2011 Census for reasons of privacy)","","","Bakhtiāri 100%","Morteza Taheri, field notes 2015",31.56350748425998,50.46782887145373,""
"","4f4d71a22140547a1ad9eb7570182a5b","16-6a89f3cf5efa76a5ecf0909f520691dc","1140435","چهارمحال و بختیاری","Chahār Mahāl va Bakhtiāri","لردگان","Lordegān","منج","Monj","","","بارز","Bārz","جرجیس","Jerjis","Jerjis","Morteza Taheri, field notes 2015","146","","","","Bakhtiāri 100%","Morteza Taheri, field notes 2015",31.494068080584537,50.54470392273107,""
"","4f4d71a22140547a1ad9eb7570181bf0","18-2c61b5d58f43f6b331121f1308e28220","1140436","چهارمحال و بختیاری","Chahār Mahāl va Bakhtiāri","لردگان","Lordegān","منج","Monj","","","بارز","Bārz","چال درازاسفندیار","Chāl Derāz Esfandiār","Chāl Derāz Esfandiār","Morteza Taheri, field notes 2015","87","","","","Bakhtiāri 100%","Morteza Taheri, field notes 2015",31.502960141951004,50.51758116368605,""
"","4f4d71a22140547a1ad9eb7570180c2d","16-6589def39c0f5c802b3aa58b63042a0c","1140437","چهارمحال و بختیاری","Chahār Mahāl va Bakhtiāri","لردگان","Lordegān","منج","Monj","","","بارز","Bārz","چال دراز غلامعلی","Chāl Derāz Gholām Ali","Chāl Derāz Gholām Ali","Morteza Taheri, field notes 2015","128","","","","Bakhtiāri 100%","Morteza Taheri, field notes 2015",31.507158995890048,50.50819903802452,""
"","4f4d71a22140547a1ad9eb7570180041","16-f6837ba64935265d0d2027fff43311ce","1140438","چهارمحال و بختیاری","Chahār Mahāl va Bakhtiāri","لردگان","Lordegān","منج","Monj","","","بارز","Bārz","چال درازنعمت اله","Chāl Derāz Ne'matollāh","Chāl Derāz Nehmatolā","Morteza Taheri, field notes 2015","","(less than 3 households; population not specified in 2011 Census for reasons of privacy)","","","Bakhtiāri 100%","Morteza Taheri, field notes 2015",31.510018222707306,50.49380296755044,""
"","4f4d71a22140547a1ad9eb757017f619","16-b3af13be99c008934498291525c7110d","1140439","چهارمحال و بختیاری","Chahār Mahāl va Bakhtiāri","لردگان","Lordegān","منج","Monj","","","بارز","Bārz","چال درازهادی","Chāl Derāz Hādi","Chāl Derāz Hādi","Morteza Taheri, field notes 2015","110","","","","Bakhtiāri 100%","Morteza Taheri, field notes 2015",31.51143975752397,50.49802810144162,""
"","4f4d71a22140547a1ad9eb757018a547","16-f929b74c46992e6c3f54715e3bb11fba","1140440","چهارمحال و بختیاری","Chahār Mahāl va Bakhtiāri","لردگان","Lordegān","منج","Monj","","","بارز","Bārz","چال درازیداله","Chāl Derāz Yadollāh","Chāl Derāz Yadelāh","Morteza Taheri, field notes 2015","67","","","","Bakhtiāri 100%","Morteza Taheri, field notes 2015",31.510781191572068,50.50332814645436,""
"","4f4d71a22140547a1ad9eb7570189bfe","18-6858e84d0e39ac21da39c409e49b238a","1140441","چهارمحال و بختیاری","Chahār Mahāl va Bakhtiāri","لردگان","Lordegān","منج","Monj","","","بارز","Bārz","چالدرازبیت اله","Chāl Derāz Beytollāh","Chāl Derāz Beytolāh","Morteza Taheri, field notes 2015","274","","","","Bakhtiāri 100%","Morteza Taheri, field notes 2015",31.51232580033896,50.48712154406565,""
"","4f4d71a22140547a1ad9eb7570189bb2","20-a2c2d2a3a6310f61cdc3eff5b5700ace","1140442","چهارمحال و بختیاری","Chahār Mahāl va Bakhtiāri","لردگان","Lordegān","منج","Monj","","","بارز","Bārz","دره قوطی","Darreh Quti","Dare Ghuchi","Morteza Taheri, field notes 2015","81","","","","Bakhtiāri 100%","Morteza Taheri, field notes 2015",31.54322173636311,50.49383056112437,""
"","4f4d71a22140547a1ad9eb75701896f8","22-c1063baf6c1726c300598870bc766b7e","1140443","چهارمحال و بختیاری","Chahār Mahāl va Bakhtiāri","لردگان","Lordegān","منج","Monj","","","بارز","Bārz","گاوراه","Gāv Rāh","Gāh Row","Morteza Taheri, field notes 2015","","(less than 3 households; population not specified in 2011 Census for reasons of privacy)","","","Bakhtiāri 100%","Morteza Taheri, field notes 2015",31.51276705703158,50.535898023339016,""
"","4f4d71a22140547a1ad9eb75701892f8","16-e4109b86604a948ca5a5bfdf7a959c9d","1140444","چهارمحال و بختیاری","Chahār Mahāl va Bakhtiāri","لردگان","Lordegān","منج","Monj","","","بارز","Bārz","قلعه مدرسه","Qal'eh Madraseh","Ghale Madrese","Morteza Taheri, field notes 2015","718","","","","Bakhtiāri 100%","Morteza Taheri, field notes 2015",31.48822721891449,50.55385907106078,""
"","4f4d71a22140547a1ad9eb7570188b2e","18-879e6783489e359f35b110b7ca87dd44","1140445","چهارمحال و بختیاری","Chahār Mahāl va Bakhtiāri","لردگان","Lordegān","منج","Monj","","","بارز","Bārz","اب چنارعلیا","Āb Chenār Oliā","Ow Chenār Owliā","Morteza Taheri, field notes 2015","253","","","","Bakhtiāri 100%","Morteza Taheri, field notes 2015",31.460423829843364,50.595882089536374,""
"","4f4d71a22140547a1ad9eb7570187c10","16-7453388d69a695a914cb9a3d749e92b1","1140446","چهارمحال و بختیاری","Chahār Mahāl va Bakhtiāri","لردگان","Lordegān","منج","Monj","","","بارز","Bārz","آب چنارسفلی","Āb Chenār Soflā","Ow Chenār Soflā","Morteza Taheri, field notes 2015","891","","","","Bakhtiāri 100%","Morteza Taheri, field notes 2015",31.456583355240316,50.59193144464512,""
"","4f4d71a22140547a1ad9eb7570187451","16-edc09969e686d17a9036289d632837f8","1140447","چهارمحال و بختیاری","Chahār Mahāl va Bakhtiāri","لردگان","Lordegān","منج","Monj","","","بارز","Bārz","بندون علیا","Bandun Oliā","Bandun Owliā","Morteza Taheri, field notes 2015","58","","","","Bakhtiāri 100%","Morteza Taheri, field notes 2015",31.445792733205135,50.613167788112506,""
"","4f4d71a22140547a1ad9eb7570186de1","16-5466bbadfeecf53a489862d2b72f9996","1140448","چهارمحال و بختیاری","Chahār Mahāl va Bakhtiāri","لردگان","Lordegān","منج","Monj","","","بارز","Bārz","گودسر","Gowd Sar","Gowsar","Morteza Taheri, field notes 2015","655","","","","Bakhtiāri 100%","Morteza Taheri, field notes 2015",31.449087999849798,50.56966414865826,""
"","4f4d71a22140547a1ad9eb7570185fe4","16-3a699564f6c1534b48b9ef51546c1f69","1140449","چهارمحال و بختیاری","Chahār Mahāl va Bakhtiāri","لردگان","Lordegān","منج","Monj","","","بارز","Bārz","دهنوگودسر","Deh Now Gowd Sar","Deh Now Gowsar","Morteza Taheri, field notes 2015","55","","","","Bakhtiāri 100%","Morteza Taheri, field notes 2015",31.46446227272881,50.57084342405617,""
"","4f4d71a22140547a1ad9eb75701906fc","16-bcf600ce2eb269889d657a9533b2b11a","1140450","چهارمحال و بختیاری","Chahār Mahāl va Bakhtiāri","لردگان","Lordegān","منج","Monj","","","بارز","Bārz","زیتی3","Ziti Se","Ziti","Morteza Taheri, field notes 2015","60","","","","Bakhtiāri 100%","Morteza Taheri, field notes 2015",31.438131331742444,50.620780176751374,""
"","4f4d71a22140547a1ad9eb757018f956","16-66c28b0286a1371d3d6b94d9ba189464","1140451","چهارمحال و بختیاری","Chahār Mahāl va Bakhtiāri","لردگان","Lordegān","منج","Monj","","","بارز","Bārz","چال چندار","Chāl Chendār","Chāl Chenār","Morteza Taheri, field notes 2015","200","","","","Bakhtiāri 100%","Morteza Taheri, field notes 2015",31.49088460030378,50.50421303395787,""
"","4f4d71a22140547a1ad9eb757018e985","16-bae9fabf9afd8bd732a4374799302e42","1140452","چهارمحال و بختیاری","Chahār Mahāl va Bakhtiāri","لردگان","Lordegān","منج","Monj","","","بارز","Bārz","چشمه خانی","Cheshmeh Khāni","Cheshme Khāni","Morteza Taheri, field notes 2015","428","","","","Bakhtiāri 100%","Morteza Taheri, field notes 2015",31.469103879451858,50.528238610554936,""
"","4f4d71a22140547a1ad9eb757018e664","16-6992f54134eb84993faa905e04b623c9","1140453","چهارمحال و بختیاری","Chahār Mahāl va Bakhtiāri","لردگان","Lordegān","منج","Monj","","","بارز","Bārz","ده تل","Deh Tol","Ghale Tol","Morteza Taheri, field notes 2015","293","","","","Bakhtiāri 100%","Morteza Taheri, field notes 2015",31.44408731445819,50.56814894819967,""
"","4f4d71a22140547a1ad9eb757018e2aa","16-a012c30e7e74ddbba50707a37ee15409","1140454","چهارمحال و بختیاری","Chahār Mahāl va Bakhtiāri","لردگان","Lordegān","منج","Monj","","","بارز","Bārz","رمرون","Ramrun","Ramrun","Morteza Taheri, field notes 2015","174","","","","Bakhtiāri 100%","Morteza Taheri, field notes 2015",31.485669679820333,50.4907161581961,""
"","4f4d71a22140547a1ad9eb757018d56c","16-057ef0081470d01f32a7e6620982d5ef","1140455","چهارمحال و بختیاری","Chahār Mahāl va Bakhtiāri","لردگان","Lordegān","منج","Monj","","","بارز","Bārz","سرکمر","Sar Kamar","Sar Kamar","Morteza Taheri, field notes 2015","171","","","","Bakhtiāri 100%","Morteza Taheri, field notes 2015",31.440874450145188,50.562795259006045,""
"","4f4d71a22140547a1ad9eb757018c7c0","16-12638f9ce774f4d85a72af2b88ccd114","1140456","چهارمحال و بختیاری","Chahār Mahāl va Bakhtiāri","لردگان","Lordegān","منج","Monj","","","بارز","Bārz","شکرته","Shekarteh","Shekarte","Morteza Taheri, field notes 2015","106","","","","Bakhtiāri 100%","Morteza Taheri, field notes 2015",31.489146325780446,50.525906740466866,""
"","4f4d71a22140547a1ad9eb757018b914","16-c7e79b226958c7f8280ae9932efadfbc","1140457","چهارمحال و بختیاری","Chahār Mahāl va Bakhtiāri","لردگان","Lordegān","منج","Monj","","","بارز","Bārz","گودبنوشیر","Gowd-e Benow Shir","Gowd-e Benow Shir","Morteza Taheri, field notes 2015","21","","","","Bakhtiāri 100%","Morteza Taheri, field notes 2015",31.494606917983887,50.480988715568735,""
"","4f4d71a22140547a1ad9eb757018b418","16-3eb978e435c7ef58f08aee3ba0cb7fab","1140458","چهارمحال و بختیاری","Chahār Mahāl va Bakhtiāri","لردگان","Lordegān","منج","Monj","","","بارز","Bārz","زیتی2","Ziti Do","Ziti","Morteza Taheri, field notes 2015","44","","","","Bakhtiāri 100%","Morteza Taheri, field notes 2015",31.498412560034502,50.48021623937262,""
"","4f4d71a22140547a1ad9eb757018aea7","16-c04ffc5770571224d70ad13a87192b8b","1140459","چهارمحال و بختیاری","Chahār Mahāl va Bakhtiāri","لردگان","Lordegān","منج","Monj","","","بارز","Bārz","پل بارز","Pol Bārz","Pol Bārz","Morteza Taheri, field notes 2015","172","","","","Bakhtiāri 100%","Morteza Taheri, field notes 2015",31.51190561611811,50.433234656068294,""
"","4f4d71a22140547a1ad9eb75701975e3","16-74ca41758e2fb1dbb2f5c39ca1450b44","1140460","چهارمحال و بختیاری","Chahār Mahāl va Bakhtiāri","لردگان","Lordegān","منج","Monj","","","بارز","Bārz","دره اشگفت","Darreh Eshgaft","Dare Eshgaft","Morteza Taheri, field notes 2015","149","","","","Bakhtiāri 100%","Morteza Taheri, field notes 2015",31.528036007460912,50.36576099918328,""
"","4f4d71a22140547a1ad9eb75701967a1","16-2913125f4c3c8c7826d520310f369c48","1140461","چهارمحال و بختیاری","Chahār Mahāl va Bakhtiāri","لردگان","Lordegān","منج","Monj","","","بارز","Bārz","ده بارز","Deh Bārz","Deh Bārz","Morteza Taheri, field notes 2015","274","","","","Bakhtiāri 100%","Morteza Taheri, field notes 2015",31.517914712944048,50.40732024987184,""
"","4f4d71a22140547a1ad9eb7570196646","16-a9585fc28fa3f6be9332f9480abf635d","1140462","چهارمحال و بختیاری","Chahār Mahāl va Bakhtiāri","لردگان","Lordegān","منج","Monj","","","بارز","Bārz","شوارز","Shuvārz","Shuwārz","Morteza Taheri, field notes 2015","340","","","","Bakhtiāri 100%","Morteza Taheri, field notes 2015",31.53461879791344,50.37209205503412,""
"","4f4d71a22140547a1ad9eb757019572f","16-f74045c9e1e3d5e959218aca9b60482b","1140463","چهارمحال و بختیاری","Chahār Mahāl va Bakhtiāri","لردگان","Lordegān","منج","Monj","","","بارز","Bārz","میانجو","Miān Ju","Miān Ju","Morteza Taheri, field notes 2015","483","","","","Bakhtiāri 100%","Morteza Taheri, field notes 2015",31.5381672501482,50.36558933780516,""
"","4f4d71a22140547a1ad9eb7570194cbf","18-d7fc62c45501dcae65775671e7fdc58e","1140464","چهارمحال و بختیاری","Chahār Mahāl va Bakhtiāri","لردگان","Lordegān","منج","Monj","","","بارز","Bārz","حاتم آباد","Hātam Ābād","Hātam Ābād","Morteza Taheri, field notes 2015","277","","","","Bakhtiāri 100%","Morteza Taheri, field notes 2015",31.51288151991921,50.40516638759676,""
"","4f4d71a22140547a1ad9eb7570193e65","16-9ae42f229b2cb146fb7921743b92b091","1140465","چهارمحال و بختیاری","Chahār Mahāl va Bakhtiāri","لردگان","Lordegān","منج","Monj","","","بارز","Bārz","ده نوبارز","Deh Now Bārz","Deh Now Bārz","Morteza Taheri, field notes 2015","1146","","","","Bakhtiāri 100%","Morteza Taheri, field notes 2015",31.519959193218902,50.399364834282984,""
"","4f4d71a22140547a1ad9eb75701930c1","16-c5c2e89ad0081e640152d41dcd67160e","1140466","چهارمحال و بختیاری","Chahār Mahāl va Bakhtiāri","لردگان","Lordegān","منج","Monj","","","بارز","Bārz","نصیرآباد","Nasir Ābād","Nesir Ābād","Morteza Taheri, field notes 2015","384","","","","Bakhtiāri 100%","Morteza Taheri, field notes 2015",31.515551462200065,50.410487640970985,""
"","4f4d71a22140547a1ad9eb757019272f","14-45c26f313277d805c84cefa065e130c1","1140467","چهارمحال و بختیاری","Chahār Mahāl va Bakhtiāri","لردگان","Lordegān","منج","Monj","","","منج","Monj","","","Monj","Morteza Taheri, field notes 2015","8161","","","","","","","",""
"","4f4d71a22140547a1ad9eb7570191f22","16-ffc3ae6f207f264c5f9caae3f3d0586a","1140468","چهارمحال و بختیاری","Chahār Mahāl va Bakhtiāri","لردگان","Lordegān","منج","Monj","","","منج","Monj","البرزآباد","Alborz Ābād","Alborz Ābād","Morteza Taheri, field notes 2015","175","","","","Bakhtiāri 100%","Morteza Taheri, field notes 2015",31.580398957400142,50.64893299292999,""
"","4f4d71a22140547a1ad9eb75701910e9","16-1d7b988eefcd886e7893335173353701","1140469","چهارمحال و بختیاری","Chahār Mahāl va Bakhtiāri","لردگان","Lordegān","منج","Monj","","","منج","Monj","تیرسامان","Tir Sāmān","Tir Sāmun","Morteza Taheri, field notes 2015","206","","","","Bakhtiāri 100%","Morteza Taheri, field notes 2015",31.572937243376458,50.62355543146642,""
"","4f4d71a22140547a1ad9eb757019e1af","16-c6c43caee497e7b4c607b9284a4dba15","1140470","چهارمحال و بختیاری","Chahār Mahāl va Bakhtiāri","لردگان","Lordegān","منج","Monj","","","منج","Monj","چیگو","Chigu","Chigu","Morteza Taheri, field notes 2015","955","","","","Bakhtiāri 100%","Morteza Taheri, field notes 2015",31.58135742769101,50.69559281555392,""
"","4f4d71a22140547a1ad9eb757019d2b5","16-014b12b9a5d10de5155490a1eee6800b","1140471","چهارمحال و بختیاری","Chahār Mahāl va Bakhtiāri","لردگان","Lordegān","منج","Monj","","","منج","Monj","سیدمحمد","Seyyed Mohammad","Seyd Mahmah","Morteza Taheri, field notes 2015","495","","","","Bakhtiāri 100%","Morteza Taheri, field notes 2015",31.630200318263647,50.66588931311929,""
"","4f4d71a22140547a1ad9eb757019c8d9","18-b9842f7fdb3b1cb9e94a66d1c2f390da","1140472","چهارمحال و بختیاری","Chahār Mahāl va Bakhtiāri","لردگان","Lordegān","منج","Monj","","","منج","Monj","پاگچ","Pā Gach","Pā Gach","Morteza Taheri, field notes 2015","295","","","","Bakhtiāri 100%","Morteza Taheri, field notes 2015",31.543862478526258,50.690860675383796,""
"","4f4d71a22140547a1ad9eb757019bbc2","16-04275a92b5b8c8510b90884a02046bf3","1140473","چهارمحال و بختیاری","Chahār Mahāl va Bakhtiāri","لردگان","Lordegān","منج","Monj","","","منج","Monj","دوله خرگوش","Duleh Khargush","Dule Khargush","Morteza Taheri, field notes 2015","293","","","","Bakhtiāri 100%","Morteza Taheri, field notes 2015",31.544228219504642,50.69420807223357,""
"","4f4d71a22140547a1ad9eb757019ac50","16-b94e375fa3dd8b6443630be35e222ddc","1140474","چهارمحال و بختیاری","Chahār Mahāl va Bakhtiāri","لردگان","Lordegān","منج","Monj","","","منج","Monj","سردار","Sardār","Sardār","Morteza Taheri, field notes 2015","251","","","","Bakhtiāri 100%","Morteza Taheri, field notes 2015",31.54046577482848,50.682931826978994,""
"","4f4d71a22140547a1ad9eb7570199d31","16-fda252501597a19215957651def6e59c","1140475","چهارمحال و بختیاری","Chahār Mahāl va Bakhtiāri","لردگان","Lordegān","منج","Monj","","","منج","Monj","سرقلعه","Sar Qal'e","Sar Ghale","Morteza Taheri, field notes 2015","31","","","","Bakhtiāri 100%","Morteza Taheri, field notes 2015",31.53961770756689,50.691102807845134,""
"","4f4d71a22140547a1ad9eb757019933d","16-30f33db278026593cbe5c579fd4ce422","1140476","چهارمحال و بختیاری","Chahār Mahāl va Bakhtiāri","لردگان","Lordegān","منج","Monj","","","منج","Monj","گاودانه","Gāvdāneh","Gāvdune","Morteza Taheri, field notes 2015","104","","","","Bakhtiāri 100%","Morteza Taheri, field notes 2015",31.543556353448526,50.68666546192592,""
"","4f4d71a22140547a1ad9eb7570198923","16-fa4e5ef7c49d391401f21e1327281684","1140477","چهارمحال و بختیاری","Chahār Mahāl va Bakhtiāri","لردگان","Lordegān","منج","Monj","","","منج","Monj","ورکهله","Var Kohleh","Var Kohleh","Morteza Taheri, field notes 2015","496","","","","Bakhtiāri 100%","Morteza Taheri, field notes 2015",31.54020498992312,50.69764129977241,""
"","4f4d71a22140547a1ad9eb7570198195","16-a0edf17dfd4b8f6653714e911b21ae01","1140478","چهارمحال و بختیاری","Chahār Mahāl va Bakhtiāri","لردگان","Lordegān","منج","Monj","","","منج","Monj","پل بریده","Pol Borideh","Pol Boride","Morteza Taheri, field notes 2015","1025","","","","Bakhtiāri 100%","Morteza Taheri, field notes 2015",31.549720362735094,50.66428228389174,""
"","4f4d71a22140547a1ad9eb757019804a","16-647d6d38b3eb4ccf1b40d95527e1e611","1140479","چهارمحال و بختیاری","Chahār Mahāl va Bakhtiāri","لردگان","Lordegān","منج","Monj","","","منج","Monj","ده سوخته","Deh Sukhteh","Deh Sohta","Morteza Taheri, field notes 2015","269","","","","Bakhtiāri 100%","Morteza Taheri, field notes 2015",31.512055612635347,50.660211792679725,""
"","4f4d71a22140547a1ad9eb75701a376f","16-9deb6530ddb9cda1fcfa42709b0b2453","1140480","چهارمحال و بختیاری","Chahār Mahāl va Bakhtiāri","لردگان","Lordegān","منج","Monj","","","منج","Monj","مشگدوزان","Mashg Duzān","Mashg Duzun","Morteza Taheri, field notes 2015","76","","","","Bakhtiāri 100%","Morteza Taheri, field notes 2015",31.55123105176417,50.61616665804733,""
"","4f4d71a22140547a1ad9eb75701a2bed","16-f08d1c0ee23e549798fcd12d2cb3e9c6","1140481","چهارمحال و بختیاری","Chahār Mahāl va Bakhtiāri","لردگان","Lordegān","منج","Monj","","","منج","Monj","سیرمنده","Sirmandeh","Sirmande","Morteza Taheri, field notes 2015","42","","","","Bakhtiāri 100%","Morteza Taheri, field notes 2015",31.545379507814797,50.622158746630795,""
"","4f4d71a22140547a1ad9eb75701a25b9","16-f3a0e744b2bbafab36d204ca16c8593c","1140482","چهارمحال و بختیاری","Chahār Mahāl va Bakhtiāri","لردگان","Lordegān","منج","Monj","","","منج","Monj","دره باغ","Darreh Bāgh","Dere Bāgh","Morteza Taheri, field notes 2015","84","","","","Bakhtiāri 100%","Morteza Taheri, field notes 2015",31.534909919045873,50.62564374125784,""
"","4f4d71a22140547a1ad9eb75701a1ee7","16-e85f14c1f6079c5e3265fedd59d581ef","1140483","چهارمحال و بختیاری","Chahār Mahāl va Bakhtiāri","لردگان","Lordegān","منج","Monj","","","منج","Monj","آب بیدک","Āb Bidak","Ow Bidak","Morteza Taheri, field notes 2015","545","","","","Bakhtiāri 100%","Morteza Taheri, field notes 2015",31.556649446712164,50.609425039482126,""
"","4f4d71a22140547a1ad9eb75701a1510","16-3091bfccd18a2964c681bc385009ed70","1140484","چهارمحال و بختیاری","Chahār Mahāl va Bakhtiāri","لردگان","Lordegān","منج","Monj","","","منج","Monj","بیدله","Bideleh","Bidele","Morteza Taheri, field notes 2015","1849","","","","Bakhtiāri 100%","Morteza Taheri, field notes 2015",31.58223558124063,50.537899762041846,""
"","4f4d71a22140547a1ad9eb75701a0c00","16-b8c7d0fff96f7bbd6510f5fd72459759","1140485","چهارمحال و بختیاری","Chahār Mahāl va Bakhtiāri","لردگان","Lordegān","منج","Monj","","","منج","Monj","شهسوار","Shah Savār","Shah Sovār","Morteza Taheri, field notes 2015","72","","","","Bakhtiāri 100%","Morteza Taheri, field notes 2015",31.627960311447616,50.513062644997945,""
"","4f4d71a22140547a1ad9eb75701a0702","16-6bdcab2cfb1e7eca1a499785ef91b1fb","1140486","چهارمحال و بختیاری","Chahār Mahāl va Bakhtiāri","لردگان","Lordegān","منج","Monj","","","منج","Monj","قلعه سمه","Qal'eh Somah","Ghale Soma","Morteza Taheri, field notes 2015","192","","","","Bakhtiāri 100%","Morteza Taheri, field notes 2015",31.580724788503648,50.59177661906268,""
"","4f4d71a22140547a1ad9eb757019f7ba","16-05f4881ea8a72395ad4587da7c84dc91","1140487","چهارمحال و بختیاری","Chahār Mahāl va Bakhtiāri","لردگان","Lordegān","منج","Monj","","","منج","Monj","کلواری","Kalvāri","Kalvāri","Morteza Taheri, field notes 2015","73","","","","Bakhtiāri 100%","Morteza Taheri, field notes 2015",31.59382410320582,50.57772520148922,""
"","4f4d71a22140547a1ad9eb757019f2bb","16-7cdf81b5737f7a9fcfbc63d3e12f4111","1140488","چهارمحال و بختیاری","Chahār Mahāl va Bakhtiāri","لردگان","Lordegān","منج","Monj","","","منج","Monj","لاچنار","Lā Chenār","Ow Chenār","Morteza Taheri, field notes 2015","30","","","","Bakhtiāri 100%","Morteza Taheri, field notes 2015",31.554398075333737,50.61605597506169,""
"","4f4d71a22140547a1ad9eb757019eb2a","16-e8622aa23171eb93a287ea306c011bd1","1140489","چهارمحال و بختیاری","Chahār Mahāl va Bakhtiāri","لردگان","Lordegān","منج","Monj","","","منج","Monj","شهرک مشک دوزان","Shahrak Mashk Duzān","Shahrak Mashk Duzun","Morteza Taheri, field notes 2015","603","","","","Bakhtiāri 100%","Morteza Taheri, field notes 2015",31.544035419255106,50.61792085638679,""
"","4f4d71a22140547a1ad9eb75701a8016","16-33bf4d5a3d2c1c5505b20a68b28bd036","1140490","چهارمحال و بختیاری","Chahār Mahāl va Bakhtiāri","لردگان","Lordegān","منج","Monj","منج","Monj","","","","","Monj","Morteza Taheri, field notes 2015","1486","","","","Bakhtiāri 100%","Morteza Taheri, field notes 2015",31.531785583852457,50.63456760365805,""
"","4f4d71a22140547a1ad9eb75701a759a","16-5f1f61119099dbe34e91faadd78e79aa","1140491","چهارمحال و بختیاری","Chahār Mahāl va Bakhtiāri","اردل","Ardal","","","","","","","","","","","53514","","","","","","","",""
"","4f4d71a22140547a1ad9eb75701a6df4","14-56d61d172d10f8d5dd364ca4212d0148","1140492","چهارمحال و بختیاری","Chahār Mahāl va Bakhtiāri","اردل","Ardal","مرکزی","Markazi","","","","","","","","","37187","","","","","","","",""
"","4f4d71a22140547a1ad9eb75701a61bf","14-92c00e2929fb3d246958522826a3e854","1140493","چهارمحال و بختیاری","Chahār Mahāl va Bakhtiāri","اردل","Ardal","مرکزی","Markazi","","","پشتکوه","Posht Kuh","","","","","21395","","","","","","","",""
"","4f4d71a22140547a1ad9eb75701a5867","16-b76a5b72f031736496cd32729a366c92","1140494","چهارمحال و بختیاری","Chahār Mahāl va Bakhtiāri","اردل","Ardal","مرکزی","Markazi","","","پشتکوه","Posht Kuh","دهنونده","Deh Now Nadeh","Deh Now Nade","Morteza Taheri, field notes 2015","410","","","","Bakhtiāri 100%","Morteza Taheri, field notes 2015",32.1486496472671,50.49395628643716,""
"","4f4d71a22140547a1ad9eb75701a4906","16-196698cbffb9f1572032007b5836d57d","1140495","چهارمحال و بختیاری","Chahār Mahāl va Bakhtiāri","اردل","Ardal","مرکزی","Markazi","","","پشتکوه","Posht Kuh","زرمیتان","Zarmitān","Zarmitun","Morteza Taheri, field notes 2015","388","","","","Bakhtiāri 100%","Morteza Taheri, field notes 2015",32.123480731644015,50.50718425661927,""
"","4f4d71a22140547a1ad9eb75701a47ff","17-82a00b4efdeba009831ab6505e18f56c","1140496","چهارمحال و بختیاری","Chahār Mahāl va Bakhtiāri","اردل","Ardal","مرکزی","Markazi","","","پشتکوه","Posht Kuh","سرپیر","Sar Pir","Sar Pir","Morteza Taheri, field notes 2015","105","","","","Bakhtiāri 100%","Morteza Taheri, field notes 2015",32.18012860129634,50.442898276774194,""
"","4f4d71a22140547a1ad9eb75701a4234","16-16a01f3547c2d25bd0eebabde7a4829b","1140497","چهارمحال و بختیاری","Chahār Mahāl va Bakhtiāri","اردل","Ardal","مرکزی","Markazi","","","پشتکوه","Posht Kuh","شکرآباد","Shekar Ābād","Shekar Āvād","Morteza Taheri, field notes 2015","276","","","","Bakhtiāri 100%","Morteza Taheri, field notes 2015",32.12184295508174,50.51893171276626,""
"","4f4d71a22140547a1ad9eb75701a3c6e","16-81fd483ac6bfbbd75dcf998f9de3608b","1140498","چهارمحال و بختیاری","Chahār Mahāl va Bakhtiāri","اردل","Ardal","مرکزی","Markazi","","","پشتکوه","Posht Kuh","نیسیاق","Neysiāq","Neysiāgh","Morteza Taheri, field notes 2015","283","","","","Bakhtiāri 100%","Morteza Taheri, field notes 2015",32.15169045596535,50.47486785654535,""
"","4f4d71a22140547a1ad9eb75701a398c","16-c9c132b66364910b36b9bbdc5c97b2f3","1140499","چهارمحال و بختیاری","Chahār Mahāl va Bakhtiāri","اردل","Ardal","مرکزی","Markazi","","","پشتکوه","Posht Kuh","دشتک","Dashtak","Dashtak","Morteza Taheri, field notes 2015","4348","","","","Bakhtiāri 100%","Morteza Taheri, field notes 2015",32.16289878723361,50.45259479288838,""
"","4f4d71a22140547a1ad9eb75701adf29","18-06169558e737b474d7904fc82345ec92","1140500","چهارمحال و بختیاری","Chahār Mahāl va Bakhtiāri","اردل","Ardal","مرکزی","Markazi","","","پشتکوه","Posht Kuh","آلیکوه","Āli Kuh","Āle Kuh","Morteza Taheri, field notes 2015","2714","","","","Bakhtiāri 100%","Morteza Taheri, field notes 2015",32.1295482654021,50.502032894332096,""
"","4f4d71a22140547a1ad9eb75701adab1","20-9232182c5b93bf2a9cf118ba2ea3cb49","1140501","چهارمحال و بختیاری","Chahār Mahāl va Bakhtiāri","اردل","Ardal","مرکزی","Markazi","","","پشتکوه","Posht Kuh"," یوسف آباد","Yusef Ābād","Yusef Ābād, Kurun Ābād","Morteza Taheri, field notes 2015","56","","","","Bakhtiāri 100%","Morteza Taheri, field notes 2015",32.14243181665706,50.46696882007264,""
"","4f4d71a22140547a1ad9eb75701ace78","16-6ad8e5e9e8a43f4c4b21bf41b662f069","1140502","چهارمحال و بختیاری","Chahār Mahāl va Bakhtiāri","اردل","Ardal","مرکزی","Markazi","","","پشتکوه","Posht Kuh","شهرک کوران آباد","Shahrak Kurān Ābād","Shahrak Kurun Ābād","Morteza Taheri, field notes 2015","439","","","","Bakhtiāri 100%","Morteza Taheri, field notes 2015",32.11819139682766,50.462178394772444,""
"","4f4d71a22140547a1ad9eb75701aca7d","18-69a45bda96d99d6cfa2bbced6b0fb368","1140503","چهارمحال و بختیاری","Chahār Mahāl va Bakhtiāri","اردل","Ardal","مرکزی","Markazi","","","پشتکوه","Posht Kuh","حسین آباد","Hoseyn Ābād","Hoseyn Ābād","Morteza Taheri, field notes 2015","118","","","","Bakhtiāri 100%","Morteza Taheri, field notes 2015",32.111255184004605,50.51809671301161,""
"","4f4d71a22140547a1ad9eb75701aca79","18-e1175e6643a3c5d8a0d23f9a120b957f","1140504","چهارمحال و بختیاری","Chahār Mahāl va Bakhtiāri","اردل","Ardal","مرکزی","Markazi","","","پشتکوه","Posht Kuh","دره شور","Darreh Shur","Dere Shur","Morteza Taheri, field notes 2015","17","","","","Bakhtiāri 100%","Morteza Taheri, field notes 2015",32.09539723114061,50.52720383284998,""
"","4f4d71a22140547a1ad9eb75701aba98","18-aa48a0c188bfc8f46fe0146792509fb7","1140505","چهارمحال و بختیاری","Chahār Mahāl va Bakhtiāri","اردل","Ardal","مرکزی","Markazi","","","پشتکوه","Posht Kuh","قلعه درویش","Qal'eh Darvish","Ghale Darvish","Morteza Taheri, field notes 2015","483","","","","Bakhtiāri 100%","Morteza Taheri, field notes 2015",32.10812369810652,50.51326615811985,""
"","4f4d71a22140547a1ad9eb75701ab31d","16-dedeb8ab508410e680b497c8d98847c6","1140506","چهارمحال و بختیاری","Chahār Mahāl va Bakhtiāri","اردل","Ardal","مرکزی","Markazi","","","پشتکوه","Posht Kuh","قلعه رشید","Qal'eh Rashid","Ghale Rashid","Morteza Taheri, field notes 2015","652","","","","Bakhtiāri 100%","Morteza Taheri, field notes 2015",32.11464514472372,50.52039083447031,""
"","4f4d71a22140547a1ad9eb75701aa7d3","16-6feca756b4a7290819e2f198428a15fe","1140507","چهارمحال و بختیاری","Chahār Mahāl va Bakhtiāri","اردل","Ardal","مرکزی","Markazi","","","پشتکوه","Posht Kuh","رستم آباد","Rostam Ābād","Rostemi","Morteza Taheri, field notes 2015","1066","","","","Bakhtiāri 100%","Morteza Taheri, field notes 2015",32.08875813845731,50.54620000993119,""
"","4f4d71a22140547a1ad9eb75701a98ea","18-3ab294a3eeeea7beb4f696016a2f8238","1140508","چهارمحال و بختیاری","Chahār Mahāl va Bakhtiāri","اردل","Ardal","مرکزی","Markazi","","","پشتکوه","Posht Kuh","کریم آباد","Karim Ābād","Kerim Ābād, Khash Ow","Morteza Taheri, field notes 2015","336","","","","Bakhtiāri 100%","Morteza Taheri, field notes 2015",32.08430396389505,50.5654931222936,""
"","4f4d71a22140547a1ad9eb75701a8ae8","17-55cba6fe40ed892dc7fae3613a93bbb1","1140509","چهارمحال و بختیاری","Chahār Mahāl va Bakhtiāri","اردل","Ardal","مرکزی","Markazi","","","پشتکوه","Posht Kuh","سرچاه","Sar Chāh","Sar Chah","Morteza Taheri, field notes 2015","1897","","","","Bakhtiāri 100%","Morteza Taheri, field notes 2015",31.997290318173242,50.52685054251133,""
"","4f4d71a22140547a1ad9eb75701b28b9","16-b30b8124aef2ccd151d64dab5c4dd1fd","1140510","چهارمحال و بختیاری","Chahār Mahāl va Bakhtiāri","اردل","Ardal","مرکزی","Markazi","","","پشتکوه","Posht Kuh","سنگ بیل","Sang-e Bil","Sang-e Vil","Morteza Taheri, field notes 2015","","(less than 3 households; population not specified in 2011 Census for reasons of privacy)","","","Bakhtiāri 100%","Morteza Taheri, field notes 2015",31.99637691709399,50.615343280959024,""
"","4f4d71a22140547a1ad9eb75701b258f","16-110b3813e4dbb9262b6db55298b031a0","1140511","چهارمحال و بختیاری","Chahār Mahāl va Bakhtiāri","اردل","Ardal","مرکزی","Markazi","","","پشتکوه","Posht Kuh","شیخ محمود","Sheykh Mahmud","Sheykh Mahmi","Morteza Taheri, field notes 2015","298","","","","Bakhtiāri 100%","Morteza Taheri, field notes 2015",31.984586081684533,50.618646882795325,""
"","4f4d71a22140547a1ad9eb75701b21e3","16-f883cb4e1b295c482e3643697ca09294","1140512","چهارمحال و بختیاری","Chahār Mahāl va Bakhtiāri","اردل","Ardal","مرکزی","Markazi","","","پشتکوه","Posht Kuh","شهرک 12 امام","Shahrak Davāzdah Emām","Shahrak Dovāzdeymun","Morteza Taheri, field notes 2015","1694","","","","Bakhtiāri 100%","Morteza Taheri, field notes 2015",31.999081334962927,50.54744798717858,""
"","4f4d71a22140547a1ad9eb75701b1ef2","20-3eeb1e632af70664b5d56b1120c36cf7","1140513","چهارمحال و بختیاری","Chahār Mahāl va Bakhtiāri","اردل","Ardal","مرکزی","Markazi","","","پشتکوه","Posht Kuh","بهشت آباد","Behesht Ābād","Bishtevā","Morteza Taheri, field notes 2015","230","","","","Bakhtiāri 100%","Morteza Taheri, field notes 2015",32.03011689383511,50.62496566819209,""
"","4f4d71a22140547a1ad9eb75701b0f0b","16-4340f53e0d4b2e0c557087ddc5942422","1140514","چهارمحال و بختیاری","Chahār Mahāl va Bakhtiāri","اردل","Ardal","مرکزی","Markazi","","","پشتکوه","Posht Kuh","کاج","Kāj","Kāj","Morteza Taheri, field notes 2015","4027","","","","Bakhtiāri 100%","Morteza Taheri, field notes 2015",32.05872790129019,50.58254327276747,""
"","4f4d71a22140547a1ad9eb75701b00a6","16-cbcd6672320f12edcac87437d50d38eb","1140515","چهارمحال و بختیاری","Chahār Mahāl va Bakhtiāri","اردل","Ardal","مرکزی","Markazi","","","پشتکوه","Posht Kuh","بالد","Bāled","Bāled","Morteza Taheri, field notes 2015","263","","","","Bakhtiāri 100%","Morteza Taheri, field notes 2015",31.936182982528774,50.539665439584915,""
"","4f4d71a22140547a1ad9eb75701af92e","16-a184cf1e80ac14630aaf045a08ed4ba9","1140516","چهارمحال و بختیاری","Chahār Mahāl va Bakhtiāri","اردل","Ardal","مرکزی","Markazi","","","پشتکوه","Posht Kuh","ده کهنه روگر","Deh Kohneh Rugar","Deh Kohne Rugar","Morteza Taheri, field notes 2015","1124","","","","Bakhtiāri 100%","Morteza Taheri, field notes 2015",31.96980120094842,50.569018495958204,""
"","4f4d71a22140547a1ad9eb75701af5c4","16-c65f3fae675b83872e8d68bb757b7cb7","1140517","چهارمحال و بختیاری","Chahār Mahāl va Bakhtiāri","اردل","Ardal","مرکزی","Markazi","","","پشتکوه","Posht Kuh","ریگک","Rigak","Rigak","Morteza Taheri, field notes 2015","28","","","","Bakhtiāri 100%","Morteza Taheri, field notes 2015",31.959725992376054,50.63468382357342,""
"","4f4d71a22140547a1ad9eb75701aee8b","16-8dc43554422b69866eb48dbaca0a31e0","1140518","چهارمحال و بختیاری","Chahār Mahāl va Bakhtiāri","اردل","Ardal","مرکزی","Markazi","","","پشتکوه","Posht Kuh","هفت پیران","Haft Pirān","Haft Pirun","Morteza Taheri, field notes 2015","129","","","","Bakhtiāri 100%","Morteza Taheri, field notes 2015",31.948437551570063,50.57871668234862,""
"","4f4d71a22140547a1ad9eb75701ae4fa","17-0632984dd1a5563f0ba899cf8e28c4e2","1140519","چهارمحال و بختیاری","Chahār Mahāl va Bakhtiāri","اردل","Ardal","مرکزی","Markazi","","","دیناران","Dinārān","","","","","6800","","","","","","","",""
"","4f4d71a22140547a1ad9eb75701b8830","16-0f9aa7d405d2eb80c27d448c6a8b4441","1140520","چهارمحال و بختیاری","Chahār Mahāl va Bakhtiāri","اردل","Ardal","مرکزی","Markazi","","","دیناران","Dinārān","ارجل","Arjol","Arjol","Morteza Taheri, field notes 2015","240","","","","Bakhtiāri 100%","Morteza Taheri, field notes 2015",31.92492078354916,50.49511456538258,""
"","4f4d71a22140547a1ad9eb75701b7de8","18-d550b04543e9017a710b2342a4a5d323","1140521","چهارمحال و بختیاری","Chahār Mahāl va Bakhtiāri","اردل","Ardal","مرکزی","Markazi","","","دیناران","Dinārān","سرمور","Sar Mowr","Sar Mowr","Morteza Taheri, field notes 2015","823","","","","Bakhtiāri 100%","Morteza Taheri, field notes 2015",31.95769346807536,50.529186587509805,""
"","4f4d71a22140547a1ad9eb75701b7c64","16-1450dee2c4820e665ef0ad7ed80c4cb3","1140522","چهارمحال و بختیاری","Chahār Mahāl va Bakhtiāri","اردل","Ardal","مرکزی","Markazi","","","دیناران","Dinārān","شهرک شهید امامی","Shahrak Shahid Emāmi","Shahrak Shahid Emāmi","Morteza Taheri, field notes 2015","103","","","","Bakhtiāri 100%","Morteza Taheri, field notes 2015",31.924917881572483,50.47212830108991,""
"","4f4d71a22140547a1ad9eb75701b7424","16-9694f63d192d8ea836df8eaefa143700","1140523","چهارمحال و بختیاری","Chahār Mahāl va Bakhtiāri","اردل","Ardal","مرکزی","Markazi","","","دیناران","Dinārān","شهرک ممسنی","Shahrak Mamasani","Shahrak Mamesani","Morteza Taheri, field notes 2015","910","","","","Bakhtiāri 100%","Morteza Taheri, field notes 2015",31.95996676591949,50.513685953923506,""
"","4f4d71a22140547a1ad9eb75701b682e","16-92fc85d784ce7c915976ad0a4a3f7546","1140524","چهارمحال و بختیاری","Chahār Mahāl va Bakhtiāri","اردل","Ardal","مرکزی","Markazi","","","دیناران","Dinārān","شهرک آبسرده","Shahrak Chelow","Shahrak Chelow","Morteza Taheri, field notes 2015","540","","","","Bakhtiāri 100%","Morteza Taheri, field notes 2015",31.960533486705504,50.526096682725395,""
"","4f4d71a22140547a1ad9eb75701b5d84","16-c679459335ab8d9e38c8e02f8175eb55","1140525","چهارمحال و بختیاری","Chahār Mahāl va Bakhtiāri","اردل","Ardal","مرکزی","Markazi","","","دیناران","Dinārān","آبسرده","Ābsardeh","Sardow","Morteza Taheri, field notes 2015","315","","","","Bakhtiāri 100%","Morteza Taheri, field notes 2015",31.943601277244767,50.46036130402888,""
"","4f4d71a22140547a1ad9eb75701b533a","16-8299703606894c3f175fd261c4b211a6","1140526","چهارمحال و بختیاری","Chahār Mahāl va Bakhtiāri","اردل","Ardal","مرکزی","Markazi","","","دیناران","Dinārān","لیرابی","Lirābi","Lirovi","Morteza Taheri, field notes 2015","955","","","","Bakhtiāri 100%","Morteza Taheri, field notes 2015",31.95598520600094,50.485065991047314,""
"","4f4d71a22140547a1ad9eb75701b45e0","18-32e4e4dcb9cc059ca647a8158b884cad","1140527","چهارمحال و بختیاری","Chahār Mahāl va Bakhtiāri","اردل","Ardal","مرکزی","Markazi","","","دیناران","Dinārān","کری چهاربنیچه","Kori Chāhār Benicheh","Kori Chār Beniche","Morteza Taheri, field notes 2015","79","","","","Bakhtiāri 100%","Morteza Taheri, field notes 2015",31.95647582442278,50.46339994979512,""
"","4f4d71a22140547a1ad9eb75701b39c8","16-c5ea7b40654827d2616b79fe75f56c11","1140528","چهارمحال و بختیاری","Chahār Mahāl va Bakhtiāri","اردل","Ardal","مرکزی","Markazi","","","دیناران","Dinārān","نوترکی","Now Tarki","Now Tarki","Morteza Taheri, field notes 2015","363","","","","Bakhtiāri 100%","Morteza Taheri, field notes 2015",31.955649460311584,50.45282369329763,""
"","4f4d71a22140547a1ad9eb75701b3708","16-b09bf401c04e544f1fe9f4715048071b","1140529","چهارمحال و بختیاری","Chahār Mahāl va Bakhtiāri","اردل","Ardal","مرکزی","Markazi","","","دیناران","Dinārān","چویلان","Chavilān","Chevilun","Morteza Taheri, field notes 2015","57","","","","Bakhtiāri 100%","Morteza Taheri, field notes 2015",32.01645696185863,50.31421310970671,""
"","4f4d71a22140547a1ad9eb75701bc54d","16-fcd2a2a3197eb3b889098d3fc95074ca","1140530","چهارمحال و بختیاری","Chahār Mahāl va Bakhtiāri","اردل","Ardal","مرکزی","Markazi","","","دیناران","Dinārān","چشمه سلیمان","Cheshmeh Soleymān","Cheshme Soleymun","Morteza Taheri, field notes 2015","94","","","","Bakhtiāri 100%","Morteza Taheri, field notes 2015",32.04552614365103,50.377183222725975,""
"","4f4d71a22140547a1ad9eb75701bc1f7","24-a9252774feb1bb1db056213d40a110c4","1140531","چهارمحال و بختیاری","Chahār Mahāl va Bakhtiāri","اردل","Ardal","مرکزی","Markazi","","","دیناران","Dinārān","روپینه","Rupineh","Rowpine","Morteza Taheri, field notes 2015","37","","","","Bakhtiāri 100%","Morteza Taheri, field notes 2015",32.053762835563056,50.39353645974698,""
"","4f4d71a22140547a1ad9eb75701bbc4e","16-4be34538b7c0556a0874bbb0c4f78cad","1140532","چهارمحال و بختیاری","Chahār Mahāl va Bakhtiāri","اردل","Ardal","مرکزی","Markazi","","","دیناران","Dinārān","عباس آباد","Abbās Ābād","Abās Ābād","Morteza Taheri, field notes 2015","121","","","","Bakhtiāri 100%","Morteza Taheri, field notes 2015",32.04861068914972,50.432399348005546,""
"","4f4d71a22140547a1ad9eb75701bb358","16-67bb5c5d10025534413d91a739d3bc1c","1140533","چهارمحال و بختیاری","Chahār Mahāl va Bakhtiāri","اردل","Ardal","مرکزی","Markazi","","","دیناران","Dinārān","گردپینه","Gerd-e Pineh","Gerd-e Pine","Morteza Taheri, field notes 2015","397","","","","Bakhtiāri 100%","Morteza Taheri, field notes 2015",32.053949771012235,50.40329057591713,""
"","4f4d71a22140547a1ad9eb75701bab86","18-0ab442618ec7165b22957af3d5f74936","1140534","چهارمحال و بختیاری","Chahār Mahāl va Bakhtiāri","اردل","Ardal","مرکزی","Markazi","","","دیناران","Dinārān","لشترگوروئی","Loshtar Gorui","Loshtar Gorui","Morteza Taheri, field notes 2015","145","","","","Bakhtiāri 100%","Morteza Taheri, field notes 2015",32.03765729014093,50.3025963339841,""
"","4f4d71a22140547a1ad9eb75701bab20","18-3eda82b9bfced1f760efff4eaa721b3b","1140535","چهارمحال و بختیاری","Chahār Mahāl va Bakhtiāri","اردل","Ardal","مرکزی","Markazi","","","دیناران","Dinārān","لاخشک","Lā Khoshk","Lā Hoshk","Morteza Taheri, field notes 2015","28","","","","Bakhtiāri 100%","Morteza Taheri, field notes 2015",32.04408986220529,50.36573689315943,""
"","4f4d71a22140547a1ad9eb75701ba3bd","16-c0a44b9f5ae5fd933ce9b473039a3d4f","1140536","چهارمحال و بختیاری","Chahār Mahāl va Bakhtiāri","اردل","Ardal","مرکزی","Markazi","","","دیناران","Dinārān","مرادآباد","Morād Ābād","Morād Ābād","Morteza Taheri, field notes 2015","18","","","","Bakhtiāri 100%","Morteza Taheri, field notes 2015",31.99123698587073,50.36304630938326,""
"","4f4d71a22140547a1ad9eb75701b977f","20-de3b56aeda181d120e7d3f07728e0576","1140537","چهارمحال و بختیاری","Chahār Mahāl va Bakhtiāri","اردل","Ardal","مرکزی","Markazi","","","دیناران","Dinārān","شهرک قراب","Shahrak Qorāb","Shahrak Ghorāb","Morteza Taheri, field notes 2015","409","","","","Bakhtiāri 100%","Morteza Taheri, field notes 2015",32.02205461796311,50.39734316936252,""
"","4f4d71a22140547a1ad9eb75701b96db","16-8841bc0630bd7a2aa8bb5ff12c92b2ff","1140538","چهارمحال و بختیاری","Chahār Mahāl va Bakhtiāri","اردل","Ardal","مرکزی","Markazi","","","دیناران","Dinārān","شوران","Shurān","Shurun","Morteza Taheri, field notes 2015","216","","","","Bakhtiāri 100%","Morteza Taheri, field notes 2015",31.94024178043369,50.46638018105774,""
"","4f4d71a22140547a1ad9eb75701b95f9","16-5f3c3211227cce0e370272ab58162384","1140539","چهارمحال و بختیاری","Chahār Mahāl va Bakhtiāri","اردل","Ardal","مرکزی","Markazi","","","دیناران","Dinārān","عزیزآبادعلیا","Aziz Ābād Oliā","Aziz Ābād Owliā","Morteza Taheri, field notes 2015","176","","","","Bakhtiāri 100%","Morteza Taheri, field notes 2015",31.972348916807743,50.39402249622644,""
"","4f4d71a22140547a1ad9eb75701bfb9c","16-4994f1d384ca5a7932f73202dea3b6c6","1140540","چهارمحال و بختیاری","Chahār Mahāl va Bakhtiāri","اردل","Ardal","مرکزی","Markazi","","","دیناران","Dinārān","عزیزآباد سفلی","Aziz Ābād Soflā","Aziz Ābād Soflā","Morteza Taheri, field notes 2015","384","","","","Bakhtiāri 100%","Morteza Taheri, field notes 2015",31.9696917286345,50.407079585920634,""
"","4f4d71a22140547a1ad9eb75701bf0e1","16-32cc3261cbba8de49ed002b1a88a75dc","1140541","چهارمحال و بختیاری","Chahār Mahāl va Bakhtiāri","اردل","Ardal","مرکزی","Markazi","","","دیناران","Dinārān","نجف آباد","Najaf Ābād","Najaf Ābād","Morteza Taheri, field notes 2015","17","","","","Bakhtiāri 100%","Morteza Taheri, field notes 2015",31.996482691992217,50.39381689539107,""
"","4f4d71a22140547a1ad9eb75701beedf","16-041ae4f49fbdbd2763686ef80dca576c","1140542","چهارمحال و بختیاری","Chahār Mahāl va Bakhtiāri","اردل","Ardal","مرکزی","Markazi","","","دیناران","Dinārān","بادره سمی","Bā Darreh Sami","Bādere","Morteza Taheri, field notes 2015","60","","","","Bakhtiāri 100%","Morteza Taheri, field notes 2015",31.971326058210128,50.260761353672805,""
"","4f4d71a22140547a1ad9eb75701be85e","20-ab3ce7cd84066f0865d7ddfb607b75e5","1140543","چهارمحال و بختیاری","Chahār Mahāl va Bakhtiāri","اردل","Ardal","مرکزی","Markazi","","","دیناران","Dinārān","دم آب","Dam Āb","Dam Ow","Morteza Taheri, field notes 2015","54","","","","Bakhtiāri 100%","Morteza Taheri, field notes 2015",31.873571285064543,50.724185164035916,""
"","4f4d71a22140547a1ad9eb75701be63f","16-588cd176d6b4fc42db137d3b6d2b5f0a","1140544","چهارمحال و بختیاری","Chahār Mahāl va Bakhtiāri","اردل","Ardal","مرکزی","Markazi","","","دیناران","Dinārān","ده دلی","Deh Deli","Deli","Morteza Taheri, field notes 2015","121","","","","Bakhtiāri 100%","Morteza Taheri, field notes 2015",31.925856723349504,50.270603633340926,""
"","4f4d71a22140547a1ad9eb75701be4a6","16-228f2a85139324a7b24e1feed1e6880d","1140545","چهارمحال و بختیاری","Chahār Mahāl va Bakhtiāri","اردل","Ardal","مرکزی","Markazi","","","دیناران","Dinārān","زردلیمه","Zard-e Limeh","Zard-e Lime","Morteza Taheri, field notes 2015","103","","","","Bakhtiāri 100%","Morteza Taheri, field notes 2015",32.02909090212005,50.18354530916931,""
"","4f4d71a22140547a1ad9eb75701bdc50","16-426606c16b4f937252546cf0fab968bd","1140546","چهارمحال و بختیاری","Chahār Mahāl va Bakhtiāri","اردل","Ardal","مرکزی","Markazi","","","دیناران","Dinārān","چم زرد","Cham Zard","Cham Zard","Morteza Taheri, field notes 2015","35","","","","Bakhtiāri 100%","Morteza Taheri, field notes 2015",31.983641237712384,50.35338444206482,""
"","4f4d71a22140547a1ad9eb75701bcf48","21-8ad8f6c69dbac33d0ee0cc961823a470","1140547","چهارمحال و بختیاری","Chahār Mahāl va Bakhtiāri","اردل","Ardal","مرکزی","Markazi","اردل","Ardal","","","","","Ardal","Morteza Taheri, field notes 2015","8992","","","","Bakhtiāri 75%; Tehrāni type Persian 25%","Morteza Taheri, field notes 2015",31.999071996961884,50.661895126208876,""
"","4f4d71a22140547a1ad9eb75701bce7e","14-0cdc9231b452ff3f8fb62ccd8d14de03","1140548","چهارمحال و بختیاری","Chahār Mahāl va Bakhtiāri","اردل","Ardal","میانکوه","Miān Kuh","","","","","","","","","16327","","","","","","","",""
"","4f4d71a22140547a1ad9eb75701bce33","14-206f436da9e2e33b664e457d8fb8e83c","1140549","چهارمحال و بختیاری","Chahār Mahāl va Bakhtiāri","اردل","Ardal","میانکوه","Miān Kuh","","","میانکوه","Miān Kuh","","","Miān Kuh","Morteza Taheri, field notes 2015","10709","","","","","","","",""
"","4f4d71a22140547a1ad9eb75701c210b","16-ca7e25c30c9b974785682c16abea5c46","1140550","چهارمحال و بختیاری","Chahār Mahāl va Bakhtiāri","اردل","Ardal","میانکوه","Miān Kuh","","","میانکوه","Miān Kuh","رفن","Refen","Refen","Morteza Taheri, field notes 2015","919","","","","Bakhtiāri 100%","Morteza Taheri, field notes 2015",31.67307290216726,50.62003482777242,""
"","4f4d71a22140547a1ad9eb75701c1ec0","16-878a860d03d59f0ff8ab8cf714cbaddb","1140551","چهارمحال و بختیاری","Chahār Mahāl va Bakhtiāri","اردل","Ardal","میانکوه","Miān Kuh","","","میانکوه","Miān Kuh","کاهیدان","Kāhidān","Kāhidun","Morteza Taheri, field notes 2015","264","","","","Bakhtiāri 100%","Morteza Taheri, field notes 2015",31.70133630331174,50.60203252247153,""
"","4f4d71a22140547a1ad9eb75701c1e59","16-1017885a27c2cd33cfc0e1cdd4d69a63","1140552","چهارمحال و بختیاری","Chahār Mahāl va Bakhtiāri","اردل","Ardal","میانکوه","Miān Kuh","","","میانکوه","Miān Kuh","چوله دان","Chuledān","Choldun","Morteza Taheri, field notes 2015","655","","","","Bakhtiāri 100%","Morteza Taheri, field notes 2015",31.706108026158756,50.60492420243527,""
"","4f4d71a22140547a1ad9eb75701c1b9f","16-ce22ca123ac803a9ec9cfdc3f1c423d7","1140553","چهارمحال و بختیاری","Chahār Mahāl va Bakhtiāri","اردل","Ardal","میانکوه","Miān Kuh","","","میانکوه","Miān Kuh","قائیدان","Qā'idān","Ghāidun","Morteza Taheri, field notes 2015","530","","","","Bakhtiāri 100%","Morteza Taheri, field notes 2015",31.682194184730815,50.62200893360811,""
"","4f4d71a22140547a1ad9eb75701c1a27","16-2bdd18bfb5e107ce2dc4924b445bb393","1140554","چهارمحال و بختیاری","Chahār Mahāl va Bakhtiāri","اردل","Ardal","میانکوه","Miān Kuh","","","میانکوه","Miān Kuh","شهرک شیاسی","Shahrak Shiāsi","Shahrak Shiāsi","Morteza Taheri, field notes 2015","589","","","","Bakhtiāri 100%","Morteza Taheri, field notes 2015",31.68898324315385,50.62314539422699,""
"","4f4d71a22140547a1ad9eb75701c1890","16-47ccb0b08f503676cf13309a9436d1d5","1140555","چهارمحال و بختیاری","Chahār Mahāl va Bakhtiāri","اردل","Ardal","میانکوه","Miān Kuh","","","میانکوه","Miān Kuh","دره دون","Darreh Dun","Dere Dun","Morteza Taheri, field notes 2015","158","","","","Bakhtiāri 100%","Morteza Taheri, field notes 2015",31.73823810934471,50.55976801529429,""
"","4f4d71a22140547a1ad9eb75701c167c","16-03463e884b1262b99691fb1ad8e6e05c","1140556","چهارمحال و بختیاری","Chahār Mahāl va Bakhtiāri","اردل","Ardal","میانکوه","Miān Kuh","","","میانکوه","Miān Kuh","ده کهنه هلو سعد","Deh Kohneh Holu Sa'd","Deh Kohne Helisād","Morteza Taheri, field notes 2015","580","","","","Bakhtiāri 100%","Morteza Taheri, field notes 2015",31.725662951952923,50.57553216945179,""
"","4f4d71a22140547a1ad9eb75701c1179","16-9c7b5c8321e709f81eaaab0298b99fe3","1140557","چهارمحال و بختیاری","Chahār Mahāl va Bakhtiāri","اردل","Ardal","میانکوه","Miān Kuh","","","میانکوه","Miān Kuh","ورزرد","Var-e Zard","Var-e Zard","Morteza Taheri, field notes 2015","442","","","","Bakhtiāri 100%","Morteza Taheri, field notes 2015",31.727732739494574,50.57340577722242,""
"","4f4d71a22140547a1ad9eb75701c0958","16-88b14a5a6bdc76619b3963d99d05a38e","1140558","چهارمحال و بختیاری","Chahār Mahāl va Bakhtiāri","اردل","Ardal","میانکوه","Miān Kuh","","","میانکوه","Miān Kuh","سربنه","Sar Boneh","Sar Bone","Morteza Taheri, field notes 2015","125","","","","Bakhtiāri 100%","Morteza Taheri, field notes 2015",31.701809533973698,50.603996503550164,""
"","4f4d71a22140547a1ad9eb75701c05e9","20-e1a82a0c27fe4c67242c08a49f063f1b","1140559","چهارمحال و بختیاری","Chahār Mahāl va Bakhtiāri","اردل","Ardal","میانکوه","Miān Kuh","","","میانکوه","Miān Kuh","سرقلعه","Sar Qal'eh","Sar Ghele","Morteza Taheri, field notes 2015; Somayeh Pourpakar, field notes 2016","21","","","","Bakhtiāri 100%","Morteza Taheri, field notes 2015",31.703083326616785,50.60301957538848,""
"","4f4d71a22140547a1ad9eb75701c7f09","16-87fa5dad3ab3b49a57e4329eeab6e4cd","1140560","چهارمحال و بختیاری","Chahār Mahāl va Bakhtiāri","اردل","Ardal","میانکوه","Miān Kuh","","","میانکوه","Miān Kuh","سرمازه","Sar Māzeh","Sar Māze","Morteza Taheri, field notes 2015","361","","","","Bakhtiāri 100%","Morteza Taheri, field notes 2015",31.704932291803004,50.59988595795533,""
"","4f4d71a22140547a1ad9eb75701c710c","16-f6aa9cb0559fd66a183664c011688b9e","1140561","چهارمحال و بختیاری","Chahār Mahāl va Bakhtiāri","اردل","Ardal","میانکوه","Miān Kuh","","","میانکوه","Miān Kuh","کنمی","Kenemi","Kenemi","Morteza Taheri, field notes 2015","222","","","","Bakhtiāri 100%","Morteza Taheri, field notes 2015",31.70924787148487,50.60125494050469,""
"","4f4d71a22140547a1ad9eb75701c64ab","16-aed4993215f0402e626e08b7935b2b21","1140562","چهارمحال و بختیاری","Chahār Mahāl va Bakhtiāri","اردل","Ardal","میانکوه","Miān Kuh","","","میانکوه","Miān Kuh","اب تلخک","Āb Talkhak","Ow Tahle","Morteza Taheri, field notes 2015","84","","","","Bakhtiāri 100%","Morteza Taheri, field notes 2015",31.704695376453103,50.60686049869717,""
"","4f4d71a22140547a1ad9eb75701c5798","16-c574c036dbf4fe54acbba5e4046ff775","1140563","چهارمحال و بختیاری","Chahār Mahāl va Bakhtiāri","اردل","Ardal","میانکوه","Miān Kuh","","","میانکوه","Miān Kuh","شهرک کاظمیه","Shahrak Kāzemieh","Shahrak Kāzemie","Morteza Taheri, field notes 2015","599","","","","Bakhtiāri 100%","Morteza Taheri, field notes 2015",31.710472983982804,50.60631484550322,""
"","4f4d71a22140547a1ad9eb75701c4eee","16-7b334d75f48287905ba4ab00b4f77eda","1140564","چهارمحال و بختیاری","Chahār Mahāl va Bakhtiāri","اردل","Ardal","میانکوه","Miān Kuh","","","میانکوه","Miān Kuh","تولدان","Toledān","Toledun","Morteza Taheri, field notes 2015","307","","","","Bakhtiāri 100%","Morteza Taheri, field notes 2015",31.718864065890088,50.57643339168058,""
"","4f4d71a22140547a1ad9eb75701c44dc","16-c5713c74a83a0a9da656b5efea7c2a4b","1140565","چهارمحال و بختیاری","Chahār Mahāl va Bakhtiāri","اردل","Ardal","میانکوه","Miān Kuh","","","میانکوه","Miān Kuh","سره زرد","Sareh Zard","Sare Zard","Morteza Taheri, field notes 2015","259","","","","Bakhtiāri 100%","Morteza Taheri, field notes 2015",31.725460667633744,50.56837271925021,""
"","4f4d71a22140547a1ad9eb75701c38b8","16-a3d4d6371fb7f2189823b5fe4ea2609b","1140566","چهارمحال و بختیاری","Chahār Mahāl va Bakhtiāri","اردل","Ardal","میانکوه","Miān Kuh","","","میانکوه","Miān Kuh","ملکشیر","Malek Shir","Malek Shir","Morteza Taheri, field notes 2015","432","","","","Bakhtiāri 100%","Morteza Taheri, field notes 2015",31.720844464043683,50.57120844852053,""
"","4f4d71a22140547a1ad9eb75701c302b","16-79aa0346132e5738e08b4962808d00dc","1140567","چهارمحال و بختیاری","Chahār Mahāl va Bakhtiāri","اردل","Ardal","میانکوه","Miān Kuh","","","میانکوه","Miān Kuh","اسلام آباد","Eslām Ābād","Eslām Ābād","Morteza Taheri, field notes 2015","101","","","","Bakhtiāri 100%","Morteza Taheri, field notes 2015",31.72134640155479,50.56659504901573,""
"","4f4d71a22140547a1ad9eb75701c2b58","16-505c81f6470c89e5a65f314a79231cf2","1140568","چهارمحال و بختیاری","Chahār Mahāl va Bakhtiāri","اردل","Ardal","میانکوه","Miān Kuh","","","میانکوه","Miān Kuh","ده خلیلی","Deh Khalili","Deh Khalili","Morteza Taheri, field notes 2015","99","","","","Bakhtiāri 100%","Morteza Taheri, field notes 2015",31.81100070331363,50.553787506174494,""
"","4f4d71a22140547a1ad9eb75701c23ea","16-32f3428f51dbc2d56005c9e300dc0edc","1140569","چهارمحال و بختیاری","Chahār Mahāl va Bakhtiāri","اردل","Ardal","میانکوه","Miān Kuh","","","میانکوه","Miān Kuh","سرخون","Sar Khun","Sar Khun","Morteza Taheri, field notes 2015","1737","","","","Bakhtiāri 100%","Morteza Taheri, field notes 2015",31.74991944507581,50.55030253826514,""
"","4f4d71a22140547a1ad9eb75701cd5ec","18-5b77d9521b2405ca7f6f836d153cbcad","1140570","چهارمحال و بختیاری","Chahār Mahāl va Bakhtiāri","اردل","Ardal","میانکوه","Miān Kuh","","","میانکوه","Miān Kuh","طولدان عوضی","Toledān Avazi","Toledun Avazi","Morteza Taheri, field notes 2015","32","","","","Bakhtiāri 100%","Morteza Taheri, field notes 2015",31.73816951582556,50.555458057182,""
"","4f4d71a22140547a1ad9eb75701cce72","16-c370b203a8c7b88a11a382d12adc193d","1140571","چهارمحال و بختیاری","Chahār Mahāl va Bakhtiāri","اردل","Ardal","میانکوه","Miān Kuh","","","میانکوه","Miān Kuh","گل شور","Gol-e Shur","Gol-e Shur","Morteza Taheri, field notes 2015","135","","","","Bakhtiāri 100%","Morteza Taheri, field notes 2015",31.732708528595598,50.54369621887975,""
"","4f4d71a22140547a1ad9eb75701ccb79","16-e7d8a827bd2daaa99a3f20ed63ac034d","1140572","چهارمحال و بختیاری","Chahār Mahāl va Bakhtiāri","اردل","Ardal","میانکوه","Miān Kuh","","","میانکوه","Miān Kuh","گندمکار سفلی","Gandom Kār Soflā","Gandom Kār Soflā","Morteza Taheri, field notes 2015","734","","","","Bakhtiāri 100%","Morteza Taheri, field notes 2015",31.806514176831804,50.5580215394075,""
"","4f4d71a22140547a1ad9eb75701cbdfa","16-732c3a6dd6f041dd90fed03eec8771e2","1140573","چهارمحال و بختیاری","Chahār Mahāl va Bakhtiāri","اردل","Ardal","میانکوه","Miān Kuh","","","میانکوه","Miān Kuh","گندمکارعلیا","Gandom Kār Oliā","Gandom Kār Owliā","Morteza Taheri, field notes 2015","327","","","","Bakhtiāri 100%","Morteza Taheri, field notes 2015",31.81411388393203,50.56685556982115,""
"","4f4d71a22140547a1ad9eb75701cb470","18-f24070571242b43b2776f00380f21e97","1140574","چهارمحال و بختیاری","Chahār Mahāl va Bakhtiāri","اردل","Ardal","میانکوه","Miān Kuh","","","میانکوه","Miān Kuh","ده عزیزی گندمکاروسطی","Deh Azizi Gandomkār Vasati","Deh Azizi Gandomkār Vasati","Morteza Taheri, field notes 2015","219","","","","Bakhtiāri 100%","Morteza Taheri, field notes 2015",31.811366468778292,50.560969736926744,""
"","4f4d71a22140547a1ad9eb75701ca48c","18-5bf25b4014fb9312fe82bb5619ed8161","1140575","چهارمحال و بختیاری","Chahār Mahāl va Bakhtiāri","اردل","Ardal","میانکوه","Miān Kuh","","","میانکوه","Miān Kuh","تلتاک","Taltāk","Teletāk","Morteza Taheri, field notes 2015","71","","","","Bakhtiāri 100%","Morteza Taheri, field notes 2015",31.74869374756044,50.517646971271475,""
"","4f4d71a22140547a1ad9eb75701c9ba3","16-6798181e5ae9d79e8265bb0e3cfb15cd","1140576","چهارمحال و بختیاری","Chahār Mahāl va Bakhtiāri","اردل","Ardal","میانکوه","Miān Kuh","","","میانکوه","Miān Kuh","سرخون سفلی","Sar Khun Soflā","Sar Khun Soflā","Morteza Taheri, field notes 2015","60","","","","Bakhtiāri 100%","Morteza Taheri, field notes 2015",31.738915023585857,50.55099230242013,""
"","4f4d71a22140547a1ad9eb75701c97ce","16-ef7bb7ed306c30c29164fd9432d1a3a7","1140577","چهارمحال و بختیاری","Chahār Mahāl va Bakhtiāri","اردل","Ardal","میانکوه","Miān Kuh","","","میانکوه","Miān Kuh","سرخون قیصری","Sar Khun Qeysari","Sar Khun Gheysari","Morteza Taheri, field notes 2015","482","","","","Bakhtiāri 100%","Morteza Taheri, field notes 2015",31.74205509567785,50.547158436934765,""
"","4f4d71a22140547a1ad9eb75701c893e","16-ab6b6cc10fcfc707bcb9e2fa16ab7191","1140578","چهارمحال و بختیاری","Chahār Mahāl va Bakhtiāri","اردل","Ardal","میانکوه","Miān Kuh","","","میانکوه","Miān Kuh","مورد","Murd","Mur","Morteza Taheri, field notes 2015","165","","","","Bakhtiāri 100%","Morteza Taheri, field notes 2015",31.75400342477201,50.51258296065139,""
"","4f4d71a22140547a1ad9eb75701c8413","15-2bcf1b99a9362920d33291724fad7849","1140579","چهارمحال و بختیاری","Chahār Mahāl va Bakhtiāri","اردل","Ardal","میانکوه","Miān Kuh","","","شلیل","Shelil","","","","","5618","","","","","","","",""
"","4f4d71a22140547a1ad9eb75701d4c66","18-63eded5d4e74b5c0d3ce37583d143617","1140580","چهارمحال و بختیاری","Chahār Mahāl va Bakhtiāri","اردل","Ardal","میانکوه","Miān Kuh","","","شلیل","Shelil","امامزاده اسماعیل","Emāmzādeh Esmā'il","Emunzāde Esmāyl","Morteza Taheri, field notes 2015","","(less than 3 households; population not specified in 2011 Census for reasons of privacy)","","","Bakhtiāri 100%","Morteza Taheri, field notes 2015",31.76545191131002,50.39592214080702,""
"","4f4d71a22140547a1ad9eb75701d3c7c","17-7d0752bddaa3644b407ca7cb4cc85efe","1140581","چهارمحال و بختیاری","Chahār Mahāl va Bakhtiāri","اردل","Ardal","میانکوه","Miān Kuh","","","شلیل","Shelil","دورک قنبری","Durak Qanbari","Durak Ghambari","Morteza Taheri, field notes 2015","992","","","","Bakhtiāri 100%","Morteza Taheri, field notes 2015",31.758805584494457,50.42600950135219,""
"","4f4d71a22140547a1ad9eb75701d2cc2","16-76475025cd27295d8e23ea87ad088d83","1140582","چهارمحال و بختیاری","Chahār Mahāl va Bakhtiāri","اردل","Ardal","میانکوه","Miān Kuh","","","شلیل","Shelil","کاروانسرای شلیل","Kārevānsarā-ye Shelil","Kārunsarā Shelil","Morteza Taheri, field notes 2015","","(less than 3 households; population not specified in 2011 Census for reasons of privacy)","","","Bakhtiāri 100%","Morteza Taheri, field notes 2015",31.737314288971177,50.41913140440668,""
"","4f4d71a22140547a1ad9eb75701d1ecd","16-4d8023d58c0a229f39f209b4293e1595","1140583","چهارمحال و بختیاری","Chahār Mahāl va Bakhtiāri","اردل","Ardal","میانکوه","Miān Kuh","","","شلیل","Shelil","گوزلک","Gowzelak","Gowzelak","Morteza Taheri, field notes 2015","412","","","","Bakhtiāri 100%","Morteza Taheri, field notes 2015",31.788467170308692,50.37671476493455,""
"","4f4d71a22140547a1ad9eb75701d1325","16-a3b568f590b3d7033f8bfdc1db00879b","1140584","چهارمحال و بختیاری","Chahār Mahāl va Bakhtiāri","اردل","Ardal","میانکوه","Miān Kuh","","","شلیل","Shelil","لندی","Landi","Landi","Morteza Taheri, field notes 2015","724","","","","Bakhtiāri 100%","Morteza Taheri, field notes 2015",31.836140512106475,50.317734817149905,""
"","4f4d71a22140547a1ad9eb75701d0896","16-20f6e757d93f062f1f1907cac6c5bbd4","1140585","چهارمحال و بختیاری","Chahār Mahāl va Bakhtiāri","اردل","Ardal","میانکوه","Miān Kuh","","","شلیل","Shelil","شلیل سفلی","Shelil Soflā","Shelil Soflā","Morteza Taheri, field notes 2015","451","","","","Bakhtiāri 100%","Morteza Taheri, field notes 2015",31.737184066556193,50.453624571529865,""
"","4f4d71a22140547a1ad9eb75701cfc38","18-ef04b23ff647707c3a659e87ffdaf793","1140586","چهارمحال و بختیاری","Chahār Mahāl va Bakhtiāri","اردل","Ardal","میانکوه","Miān Kuh","","","شلیل","Shelil","شلیل علیا","Shelil Oliā","Shelil Owliā","Morteza Taheri, field notes 2015","472","","","","Bakhtiāri 100%","Morteza Taheri, field notes 2015",31.74222068244346,50.456843222346954,""
"","4f4d71a22140547a1ad9eb75701cf52f","18-b6953e680f50b16dc9db8d67c2f71f4a","1140587","چهارمحال و بختیاری","Chahār Mahāl va Bakhtiāri","اردل","Ardal","میانکوه","Miān Kuh","","","شلیل","Shelil","عزت آباد","Ezzat Ābād","Ezat Ābād","Morteza Taheri, field notes 2015","643","","","","Bakhtiāri 100%","Morteza Taheri, field notes 2015",31.733978797115743,50.46628477506796,""
"","4f4d71a22140547a1ad9eb75701ce57d","18-23fe28c221f95f1f0ff12b97fdad2d7e","1140588","چهارمحال و بختیاری","Chahār Mahāl va Bakhtiāri","اردل","Ardal","میانکوه","Miān Kuh","","","شلیل","Shelil","بهلول آباد","Bohlul Ābād","Bohlul Ābād","Morteza Taheri, field notes 2015","211","","","","Bakhtiāri 100%","Morteza Taheri, field notes 2015",31.70700383765278,50.49251515759479,""
"","4f4d71a22140547a1ad9eb75701cd985","20-551ce41780d0179965e7794a226ec52f","1140589","چهارمحال و بختیاری","Chahār Mahāl va Bakhtiāri","اردل","Ardal","میانکوه","Miān Kuh","","","شلیل","Shelil","شکرآباد","Shokr Ābād","Shokr Ābād","Morteza Taheri, field notes 2015","870","","","","Bakhtiāri 100%","Morteza Taheri, field notes 2015",31.729049552298438,50.470287316723734,""
"","4f4d71a22140547a1ad9eb75701da606","16-ef190471430a4ba99cda9e3bbba0a0ec","1140590","چهارمحال و بختیاری","Chahār Mahāl va Bakhtiāri","اردل","Ardal","میانکوه","Miān Kuh","","","شلیل","Shelil","شهرک محمدی","Shahrak Mohammadi","Shahrak Mohamadi","Morteza Taheri, field notes 2015","732","","","","Bakhtiāri 100%","Morteza Taheri, field notes 2015",31.682841854122998,50.47320045910329,""
"","4f4d71a22140547a1ad9eb75701d990f","16-8a7759b2b9bf939c57e1779227da1e60","1140591","چهارمحال و بختیاری","Chahār Mahāl va Bakhtiāri","اردل","Ardal","میانکوه","Miān Kuh","","","شلیل","Shelil","کول میشان","Kul Mishān","Kul Mishun","Morteza Taheri, field notes 2015","","(less than 3 households; population not specified in 2011 Census for reasons of privacy)","","","Bakhtiāri 100%","Morteza Taheri, field notes 2015",31.663803565426278,50.47384506638625,""
"","4f4d71a22140547a1ad9eb75701d8b95","16-23be7559f43d882ebfbe00cb527b8140","1140592","چهارمحال و بختیاری","Chahār Mahāl va Bakhtiāri","اردل","Ardal","میانکوه","Miān Kuh","","","شلیل","Shelil","شهرک گینه","Shahrak Gineh","Shahrak Gine","Morteza Taheri, field notes 2015","65","","","","Bakhtiāri 100%","Morteza Taheri, field notes 2015",31.708490348237756,50.49332787507092,""
"","4f4d71a22140547a1ad9eb75701d84bc","14-e9c3bd066c7d047717f29ffc06e2ce87","1140593","چهارمحال و بختیاری","Chahār Mahāl va Bakhtiāri","کوهرنگ","Kuhrang","","","","","","","","","","","35915","","","","","","","",""
"","4f4d71a22140547a1ad9eb75701d79a2","14-4230ed812b899405bc3e7c188ca40b87","1140594","چهارمحال و بختیاری","Chahār Mahāl va Bakhtiāri","کوهرنگ","Kuhrang","بازفت","Bāzoft","","","","","","","","","12185","","","","","","","",""
"","4f4d71a22140547a1ad9eb75701d7860","14-45aa971fdc8a3a09895aa8f55665ed37","1140595","چهارمحال و بختیاری","Chahār Mahāl va Bakhtiāri","کوهرنگ","Kuhrang","بازفت","Bāzoft","","","بازفت بالا","Bāzoft Bālā","","","","","3305","","","","","","","",""
"","4f4d71a22140547a1ad9eb75701d6cf9","24-3f133d9d96d0efb298855cfe06e87d6e","1140596","چهارمحال و بختیاری","Chahār Mahāl va Bakhtiāri","کوهرنگ","Kuhrang","بازفت","Bāzoft","","","بازفت بالا","Bāzoft Bālā","الگی علیا","Algi Oliā","Alegi Owliā","Morteza Taheri, field notes 2015","80","","","","Bakhtiāri 100%","Morteza Taheri, field notes 2015",32.30645092740421,50.022104045073206,""
"","4f4d71a22140547a1ad9eb75701d668c","16-df8a52c1af1fca723a046c38a6d08fac","1140597","چهارمحال و بختیاری","Chahār Mahāl va Bakhtiāri","کوهرنگ","Kuhrang","بازفت","Bāzoft","","","بازفت بالا","Bāzoft Bālā","تپاعلیا","Tepā Oliā","Tepā Owliā","Morteza Taheri, field notes 2015","55","","","","Bakhtiāri 100%","Morteza Taheri, field notes 2015",32.32753599696209,49.99465558662424,""
"","4f4d71a22140547a1ad9eb75701d6254","17-95782a5872c89f1d091a15b5663c0384","1140598","چهارمحال و بختیاری","Chahār Mahāl va Bakhtiāri","کوهرنگ","Kuhrang","بازفت","Bāzoft","","","بازفت بالا","Bāzoft Bālā","ترکی","Tareki","Tareki","Morteza Taheri, field notes 2015","168","","","","Bakhtiāri 100%","Morteza Taheri, field notes 2015",32.36653560867075,49.933623789797956,""
"","4f4d71a22140547a1ad9eb75701d56c4","16-48161838f202740cb06fded25ff90ddf","1140599","چهارمحال و بختیاری","Chahār Mahāl va Bakhtiāri","کوهرنگ","Kuhrang","بازفت","Bāzoft","","","بازفت بالا","Bāzoft Bālā","تشنوی","Tashnavi","Tashnavi","Morteza Taheri, field notes 2015","52","","","","Bakhtiāri 100%","Morteza Taheri, field notes 2015",32.39693019366776,49.9017884736997,""
"","4f4d71a22140547a1ad9eb75701df0fb","16-2bd2360caf73c83ff7344295d8b3c2c9","1140600","چهارمحال و بختیاری","Chahār Mahāl va Bakhtiāri","کوهرنگ","Kuhrang","بازفت","Bāzoft","","","بازفت بالا","Bāzoft Bālā","دره باغ","Darreh Bāgh","Dare Bāgh","Morteza Taheri, field notes 2015","32","","","","Bakhtiāri 100%","Morteza Taheri, field notes 2015",32.349070501696815,49.96587486308276,""
"","4f4d71a22140547a1ad9eb75701de6a2","16-2aef707aa6f166723e548e14cb1cacab","1140601","چهارمحال و بختیاری","Chahār Mahāl va Bakhtiāri","کوهرنگ","Kuhrang","بازفت","Bāzoft","","","بازفت بالا","Bāzoft Bālā","دره بوران","Darreh Burān","Dare Burān","Morteza Taheri, field notes 2015","39","","","","Bakhtiāri 100%","Morteza Taheri, field notes 2015",32.34023234886176,49.97510290503461,""
"","4f4d71a22140547a1ad9eb75701de091","16-d9bec2336dfaf1b2516d7d61516f884d","1140602","چهارمحال و بختیاری","Chahār Mahāl va Bakhtiāri","کوهرنگ","Kuhrang","بازفت","Bāzoft","","","بازفت بالا","Bāzoft Bālā","دهناش","Deh Nāsh","Deh Nāsh","Morteza Taheri, field notes 2015","180","","","","Bakhtiāri 100%","Morteza Taheri, field notes 2015",32.326865318893766,49.96370106551347,""
"","4f4d71a22140547a1ad9eb75701dda8e","16-f98ef112fa886fb77db4739f8dd66449","1140603","چهارمحال و بختیاری","Chahār Mahāl va Bakhtiāri","کوهرنگ","Kuhrang","بازفت","Bāzoft","","","بازفت بالا","Bāzoft Bālā","رباطک","Robātak","Robātak","Morteza Taheri, field notes 2015","31","","","","Bakhtiāri 100%","Morteza Taheri, field notes 2015",32.3610801128402,49.953118084914976,""
"","4f4d71a22140547a1ad9eb75701dd2f4","16-2a616eddad1fbaa95f174904527a0eb4","1140604","چهارمحال و بختیاری","Chahār Mahāl va Bakhtiāri","کوهرنگ","Kuhrang","بازفت","Bāzoft","","","بازفت بالا","Bāzoft Bālā","شرمک","Sharmak","Sharmak","Morteza Taheri, field notes 2015","59","","","","Bakhtiāri 100%","Morteza Taheri, field notes 2015",32.42731563149188,49.88281472766342,""
"","4f4d71a22140547a1ad9eb75701dc9da","16-85e4e8bbd6b7c64e8baa188617b5b83d","1140605","چهارمحال و بختیاری","Chahār Mahāl va Bakhtiāri","کوهرنگ","Kuhrang","بازفت","Bāzoft","","","بازفت بالا","Bāzoft Bālā","مهدی آباد","Mahdi Ābād","Mahdi Āvād","Morteza Taheri, field notes 2015","95","","","","Bakhtiāri 100%","Morteza Taheri, field notes 2015",32.345578240248024,49.954443009151944,""
"","4f4d71a22140547a1ad9eb75701dbfd8","16-b898d280842a6c2b55ca8c8e2a5e1555","1140606","چهارمحال و بختیاری","Chahār Mahāl va Bakhtiāri","کوهرنگ","Kuhrang","بازفت","Bāzoft","","","بازفت بالا","Bāzoft Bālā","لبدعلیا","Lebd-e Oliā","Lept-e Owliā","Morteza Taheri, field notes 2015","164","","","","Bakhtiāri 100%","Morteza Taheri, field notes 2015",32.63576788273525,49.59623979221531,""
"","4f4d71a22140547a1ad9eb75701dbd7c","18-8a8f7a31297d54d8f3e8651ab14fdcfc","1140607","چهارمحال و بختیاری","Chahār Mahāl va Bakhtiāri","کوهرنگ","Kuhrang","بازفت","Bāzoft","","","بازفت بالا","Bāzoft Bālā","دره بالا","Darreh Bālā","Dare Bālā","Morteza Taheri, field notes 2015","42","","","","Bakhtiāri 100%","Morteza Taheri, field notes 2015",32.64316652641193,49.6046601081359,""
"","4f4d71a22140547a1ad9eb75701db1cd","24-012b19bacfb1141467bacf83ed8e7fa0","1140608","چهارمحال و بختیاری","Chahār Mahāl va Bakhtiāri","کوهرنگ","Kuhrang","بازفت","Bāzoft","","","بازفت بالا","Bāzoft Bālā","کارکن علیا","Kārkon Oliā","Kārkon Owliā","Morteza Taheri, field notes 2015","153","","","","Bakhtiāri 100%","Morteza Taheri, field notes 2015",32.660479501510515,49.56781284222794,""
"","4f4d71a22140547a1ad9eb75701da70b","18-24b9448ecdbcf0ea6b3e92728c00a812","1140609","چهارمحال و بختیاری","Chahār Mahāl va Bakhtiāri","کوهرنگ","Kuhrang","بازفت","Bāzoft","","","بازفت بالا","Bāzoft Bālā","کارکن سفلی","Kārkon Soflā","Kārkon Soflā","Morteza Taheri, field notes 2015","29","","","","Bakhtiāri 100%","Morteza Taheri, field notes 2015",32.68632851074871,49.53032753338163,""
"","4f4d71a22140547a1ad9eb75701e3c2d","16-aedd8fd35fe5b44a50abe9f48c6de44e","1140610","چهارمحال و بختیاری","Chahār Mahāl va Bakhtiāri","کوهرنگ","Kuhrang","بازفت","Bāzoft","","","بازفت بالا","Bāzoft Bālā","مزان","Mezān","Mezown","Morteza Taheri, field notes 2015","27","","","","Bakhtiāri 100%","Morteza Taheri, field notes 2015",32.72566139510697,49.52603143566331,""
"","4f4d71a22140547a1ad9eb75701e3761","16-45601c89f9f9d96c2028e612ae4c3cc7","1140611","چهارمحال و بختیاری","Chahār Mahāl va Bakhtiāri","کوهرنگ","Kuhrang","بازفت","Bāzoft","","","بازفت بالا","Bāzoft Bālā","شوله","Shuleh","Shule","Morteza Taheri, field notes 2015","121","","","","Bakhtiāri 100%","Morteza Taheri, field notes 2015",32.72871739920369,49.56636621066097,""
"","4f4d71a22140547a1ad9eb75701e3301","22-e9a232338e210b06d2a975ae62bb4a1e","1140612","چهارمحال و بختیاری","Chahār Mahāl va Bakhtiāri","کوهرنگ","Kuhrang","بازفت","Bāzoft","","","بازفت بالا","Bāzoft Bālā","راکی","Rāki","Rāke","Morteza Taheri, field notes 2015","77","","","","Bakhtiāri 100%","Morteza Taheri, field notes 2015",32.4370555890765,49.87293405874496,""
"","4f4d71a22140547a1ad9eb75701e2a12","16-db8ebb7855c0ee818b92e0d9ae69d4a6","1140613","چهارمحال و بختیاری","Chahār Mahāl va Bakhtiāri","کوهرنگ","Kuhrang","بازفت","Bāzoft","","","بازفت بالا","Bāzoft Bālā","مازه فرامرزی","Māzeh Farāmarzi","Māze Farāmarzi","Morteza Taheri, field notes 2015","78","","","","Bakhtiāri 100%","Morteza Taheri, field notes 2015",32.41954568555389,49.846022092751845,""
"","4f4d71a22140547a1ad9eb75701e222f","20-0ba6d6fc11a00ab41bcc4bc2272a05c6","1140614","چهارمحال و بختیاری","Chahār Mahāl va Bakhtiāri","کوهرنگ","Kuhrang","بازفت","Bāzoft","","","بازفت بالا","Bāzoft Bālā","سربیشه","Sar Bisheh","Sar Bieshe","Morteza Taheri, field notes 2015","35","","","","Bakhtiāri 100%","Morteza Taheri, field notes 2015",32.44026841697685,49.85755497253643,""
"","4f4d71a22140547a1ad9eb75701e1ace","16-c9c25ccb8e019b67b970fa6b435164ad","1140615","چهارمحال و بختیاری","Chahār Mahāl va Bakhtiāri","کوهرنگ","Kuhrang","بازفت","Bāzoft","","","بازفت بالا","Bāzoft Bālā","شهرک مازه سوخته","Shahrak-e Māzeh Sukhteh","Shahrak-e Māze Sohde","Morteza Taheri, field notes 2015","159","","","","Bakhtiāri 100%","Morteza Taheri, field notes 2015",32.463249960999356,49.853970288688565,""
"","4f4d71a22140547a1ad9eb75701e17b5","16-4f7fe4f1e84ea1a1db619d0c321d39c7","1140616","چهارمحال و بختیاری","Chahār Mahāl va Bakhtiāri","کوهرنگ","Kuhrang","بازفت","Bāzoft","","","بازفت بالا","Bāzoft Bālā","الگی سفلی","Algi Soflā","Alegi Soflā","Morteza Taheri, field notes 2015","31","","","","Bakhtiāri 100%","Morteza Taheri, field notes 2015",32.301278787499925,50.01838998728824,""
"","4f4d71a22140547a1ad9eb75701e1118","17-204a74365401ef04c344e89c31d2a775","1140617","چهارمحال و بختیاری","Chahār Mahāl va Bakhtiāri","کوهرنگ","Kuhrang","بازفت","Bāzoft","","","بازفت بالا","Bāzoft Bālā","باغکاری","Bāghkāri","Bāghkāri","Morteza Taheri, field notes 2015","","(less than 3 households; population not specified in 2011 Census for reasons of privacy)","","","Bakhtiāri 100%","Morteza Taheri, field notes 2015",32.33943379482281,49.92442287800972,""
"","4f4d71a22140547a1ad9eb75701e0172","19-519b85787f36b02b4e3a84f0788dcc9d","1140618","چهارمحال و بختیاری","Chahār Mahāl va Bakhtiāri","کوهرنگ","Kuhrang","بازفت","Bāzoft","","","بازفت بالا","Bāzoft Bālā","تپاسفلی","Tepā Soflā","Tepā Soflā","Morteza Taheri, field notes 2015","32","","","","Bakhtiāri 100%","Morteza Taheri, field notes 2015",32.29752781133252,49.971880859124745,""
"","4f4d71a22140547a1ad9eb75701df382","17-b484df39ce42f1b1d5efb706ea486eb3","1140619","چهارمحال و بختیاری","Chahār Mahāl va Bakhtiāri","کوهرنگ","Kuhrang","بازفت","Bāzoft","","","بازفت بالا","Bāzoft Bālā","تیک","Tik","Tik","Morteza Taheri, field notes 2015","123","","","","Bakhtiāri 100%","Morteza Taheri, field notes 2015",32.31652950440997,49.93613332126194,""
"","4f4d71a22140547a1ad9eb75701e862f","16-b47e1b03c22e26113b6515ea09faf536","1140620","چهارمحال و بختیاری","Chahār Mahāl va Bakhtiāri","کوهرنگ","Kuhrang","بازفت","Bāzoft","","","بازفت بالا","Bāzoft Bālā","دره هندو","Darreh Hendu","Dare Hendu","Morteza Taheri, field notes 2015","29","","","","Bakhtiāri 100%","Morteza Taheri, field notes 2015",32.26868231047428,49.99582743445224,""
"","4f4d71a22140547a1ad9eb75701e804d","16-6061a067dfbd1c3361c4d46955b2ed80","1140621","چهارمحال و بختیاری","Chahār Mahāl va Bakhtiāri","کوهرنگ","Kuhrang","بازفت","Bāzoft","","","بازفت بالا","Bāzoft Bālā","شیخ عالی","Sheykh Āli","Shiekh Āli","Morteza Taheri, field notes 2015","122","","","","Bakhtiāri 100%","Morteza Taheri, field notes 2015",32.302868872407196,49.93359244230099,""
"","4f4d71a22140547a1ad9eb75701e72b3","16-16adcac3357d0ded9fe98834c43dba83","1140622","چهارمحال و بختیاری","Chahār Mahāl va Bakhtiāri","کوهرنگ","Kuhrang","بازفت","Bāzoft","","","بازفت بالا","Bāzoft Bālā","کسری","Keseri","Keseri","Morteza Taheri, field notes 2015","35","","","","Bakhtiāri 100%","Morteza Taheri, field notes 2015",32.3059655758798,49.959156577225805,""
"","4f4d71a22140547a1ad9eb75701e7040","16-e9efbd639996d421bd7ef2252703a3d4","1140623","چهارمحال و بختیاری","Chahār Mahāl va Bakhtiāri","کوهرنگ","Kuhrang","بازفت","Bāzoft","","","بازفت بالا","Bāzoft Bālā","کیکاوس","Keykāvus","Keykāvus","Morteza Taheri, field notes 2015","47","","","","Bakhtiāri 100%","Morteza Taheri, field notes 2015",32.3709804162838,49.881406544703886,""
"","4f4d71a22140547a1ad9eb75701e6a37","16-af0e20714e6fe504d396a8b4955ccc98","1140624","چهارمحال و بختیاری","Chahār Mahāl va Bakhtiāri","کوهرنگ","Kuhrang","بازفت","Bāzoft","","","بازفت بالا","Bāzoft Bālā","گراب","Gar Āb","Gar Aw","Morteza Taheri, field notes 2015","75","","","","Bakhtiāri 100%","Morteza Taheri, field notes 2015",32.353193991352526,49.879906358893564,""
"","4f4d71a22140547a1ad9eb75701e6613","16-c8725ee9b278c7b8e0be2a38925c8dd3","1140625","چهارمحال و بختیاری","Chahār Mahāl va Bakhtiāri","کوهرنگ","Kuhrang","بازفت","Bāzoft","","","بازفت بالا","Bāzoft Bālā","موچان","Muchān","Muchān","Morteza Taheri, field notes 2015","26","","","","Bakhtiāri 100%","Morteza Taheri, field notes 2015",32.286527024512964,50.01171478912569,""
"","4f4d71a22140547a1ad9eb75701e6588","18-b5c1b76efb2ff5705cb748f08dca9144","1140626","چهارمحال و بختیاری","Chahār Mahāl va Bakhtiāri","کوهرنگ","Kuhrang","بازفت","Bāzoft","","","بازفت بالا","Bāzoft Bālā","هوشوت","Hawshut","Hawshut","Morteza Taheri, field notes 2015","255","","","","Bakhtiāri 100%","Morteza Taheri, field notes 2015",32.33442168594763,49.92900409100725,""
"","4f4d71a22140547a1ad9eb75701e58ae","16-0b0d9763a7422a0679b8c654e0bbf61d","1140627","چهارمحال و بختیاری","Chahār Mahāl va Bakhtiāri","کوهرنگ","Kuhrang","بازفت","Bāzoft","","","بازفت بالا","Bāzoft Bālā","شهرک چبد","Shahrak-e Chebd","Shahrak-e Chept","Morteza Taheri, field notes 2015","140","","","","Bakhtiāri 100%","Morteza Taheri, field notes 2015",32.45813549649864,49.79367460170177,""
"","4f4d71a22140547a1ad9eb75701e4d81","16-2ef98026999fe68e2b307ddfdedaa902","1140628","چهارمحال و بختیاری","Chahār Mahāl va Bakhtiāri","کوهرنگ","Kuhrang","بازفت","Bāzoft","","","بازفت بالا","Bāzoft Bālā","شهرک کوشکا","Shahrak-e Kushkā","Shahrak-e Kushkā","Morteza Taheri, field notes 2015","418","","","","Bakhtiāri 100%","Morteza Taheri, field notes 2015",32.391976734290104,49.84951911471202,""
"","4f4d71a22140547a1ad9eb75701e46ef","18-8479e8b47aa0da915949fc5ddec44071","1140629","چهارمحال و بختیاری","Chahār Mahāl va Bakhtiāri","کوهرنگ","Kuhrang","بازفت","Bāzoft","","","بازفت بالا","Bāzoft Bālā","مور هره","Mawr Harreh","Mawr Hare","Morteza Taheri, field notes 2015","","(less than 3 households; population not specified in 2011 Census for reasons of privacy)","","","Bakhtiāri 100%","Morteza Taheri, field notes 2015",32.516565512688764,49.71360352450601,""
"","4f4d71a22140547a1ad9eb75701ec761","18-12e137d6e2788713645a32a96844a04e","1140630","چهارمحال و بختیاری","Chahār Mahāl va Bakhtiāri","کوهرنگ","Kuhrang","بازفت","Bāzoft","","","بازفت بالا","Bāzoft Bālā","شهرک رهبری","Shahrak-e Rahbari","Shahrak-e Rahbari, Jamālvandā","Morteza Taheri, field notes 2015","284","","","","Bakhtiāri 100%","Morteza Taheri, field notes 2015",32.62503374993554,49.59729121814859,""
"","4f4d71a22140547a1ad9eb75701eb938","14-bc90eb948cb078050fa0fcd74869eb88","1140631","چهارمحال و بختیاری","Chahār Mahāl va Bakhtiāri","کوهرنگ","Kuhrang","بازفت","Bāzoft","","","بازفت پایین","Bāzoft Pāin","","","","","8880","","","","","","","",""
"","4f4d71a22140547a1ad9eb75701ead61","27-a2bb101930ac611002c0c30f2dfc21b1","1140632","چهارمحال و بختیاری","Chahār Mahāl va Bakhtiāri","کوهرنگ","Kuhrang","بازفت","Bāzoft","","","بازفت پایین","Bāzoft Pāin","سید محمود، دم تنگ","Seyyed Mahmud, Dam Tang","Dam Tang","Morteza Taheri, field notes 2015","53"," ","","","Bakhtiāri 100%","Morteza Taheri, field notes 2015",32.19100999613329,50.008794858577275,"The original name for this settlement is Dam Tang (Maryam Amani-Babadi, field notes 2017), not Sar Tang (cf. 2011 Census data). However, the local governor (pers. comm. 2017) states that the official name of this settlement has recently been changed to Seyyed Mahmud. The local governor (pers. comm. 2017) also states that the current (2017) population of the settlement is 472 people (Maryam Amani-Babadi, field notes 2017)."
"","4f4d71a22140547a1ad9eb75701ead54","18-61fb54f76b59fb60a020163f4cda1db3","1140633","چهارمحال و بختیاری","Chahār Mahāl va Bakhtiāri","کوهرنگ","Kuhrang","بازفت","Bāzoft","","","بازفت پایین","Bāzoft Pāin","بادام شیرین","Bādām Shirin","Bādom Shirin","Morteza Taheri, field notes 2015","","(less than 3 households; population not specified in 2011 Census for reasons of privacy)","","","Bakhtiāri 100%","Morteza Taheri, field notes 2015",32.04530456714485,50.150335532937355,""
"","4f4d71a22140547a1ad9eb75701eac6b","20-c9bdfd7744d216662d22ce9f6e9f519f","1140634","چهارمحال و بختیاری","Chahār Mahāl va Bakhtiāri","کوهرنگ","Kuhrang","بازفت","Bāzoft","","","بازفت پایین","Bāzoft Pāin","تلخه دان","Talkhedān","Talkhdown","Morteza Taheri, field notes 2015","189","","","","Bakhtiāri 100%","Morteza Taheri, field notes 2015",32.13300607263198,50.07115685923889,""
"","4f4d71a22140547a1ad9eb75701e9d0c","16-18802f8fe989880798f9d45867c6ef86","1140635","چهارمحال و بختیاری","Chahār Mahāl va Bakhtiāri","کوهرنگ","Kuhrang","بازفت","Bāzoft","","","بازفت پایین","Bāzoft Pāin","چم عباسعلی","Cham Abbās Ali","Cham Avās Ali","Morteza Taheri, field notes 2015","43","","","","Bakhtiāri 100%","Morteza Taheri, field notes 2015",32.34004112954462,49.923328536731916,""
"","4f4d71a22140547a1ad9eb75701e9ba3","22-430ca0ee363881b69f141c0418e7b813","1140636","چهارمحال و بختیاری","Chahār Mahāl va Bakhtiāri","کوهرنگ","Kuhrang","بازفت","Bāzoft","","","بازفت پایین","Bāzoft Pāin","سرتنگ بادام شیرین","Sar Tang Bādām Shirin","Sar Tang Bādom Shirin","Morteza Taheri, field notes 2015","28","","","","Bakhtiāri 100%","Morteza Taheri, field notes 2015",32.04887138578391,50.12291283790303,""
"","4f4d71a22140547a1ad9eb75701e92e9","22-9d81ab66620fe5e27870382fb9b0f088","1140637","چهارمحال و بختیاری","Chahār Mahāl va Bakhtiāri","کوهرنگ","Kuhrang","بازفت","Bāzoft","","","بازفت پایین","Bāzoft Pāin","سه جوی","Seh Juy","Se Juy","Morteza Taheri, field notes 2015","21","","","","Bakhtiāri 100%","Morteza Taheri, field notes 2015",32.08161309461544,50.14156072309733,""
"","4f4d71a22140547a1ad9eb75701e922a","16-55ec4fe597ca0108865f21734b35ccd5","1140638","چهارمحال و بختیاری","Chahār Mahāl va Bakhtiāri","کوهرنگ","Kuhrang","بازفت","Bāzoft","","","بازفت پایین","Bāzoft Pāin","سروه پایین","Serveh Pāin","Serveh Pāin","Morteza Taheri, field notes 2015","39","","","","Bakhtiāri 100%","Morteza Taheri, field notes 2015",32.122579576727325,50.10848649323908,""
"","4f4d71a22140547a1ad9eb75701e867e","16-5e32232608743b1c3a3ff290f968c07b","1140639","چهارمحال و بختیاری","Chahār Mahāl va Bakhtiāri","کوهرنگ","Kuhrang","بازفت","Bāzoft","","","بازفت پایین","Bāzoft Pāin","قلعه کشگی","Qal'eh Kashgi","Ghale Kashgi","Morteza Taheri, field notes 2015","41","","","","Bakhtiāri 100%","Morteza Taheri, field notes 2015",32.38141084649768,50.37807170172633,""
"","4f4d71a22140547a1ad9eb75701f09a0","18-5ff291142111c867739b6c0bbd726039","1140640","چهارمحال و بختیاری","Chahār Mahāl va Bakhtiāri","کوهرنگ","Kuhrang","بازفت","Bāzoft","","","بازفت پایین","Bāzoft Pāin","گاوشیر","Gāv Shir","Gā Shir","Morteza Taheri, field notes 2015","35","","","","Bakhtiāri 100%","Morteza Taheri, field notes 2015",31.98330591338682,50.21232106456644,""
"","4f4d71a22140547a1ad9eb75701f0198","16-d1897bb46a8ade7010264f043a0ba7e8","1140641","چهارمحال و بختیاری","Chahār Mahāl va Bakhtiāri","کوهرنگ","Kuhrang","بازفت","Bāzoft","","","بازفت پایین","Bāzoft Pāin","گزستان","Gazestān","Gazestown","Morteza Taheri, field notes 2015","769","","","","Bakhtiāri 100%","Morteza Taheri, field notes 2015",32.11034620580673,50.11970992064515,""
"","4f4d71a22140547a1ad9eb75701ef798","16-008f1a46a72bf104ba8e3c9d297967f4","1140642","چهارمحال و بختیاری","Chahār Mahāl va Bakhtiāri","کوهرنگ","Kuhrang","بازفت","Bāzoft","","","بازفت پایین","Bāzoft Pāin","نالبندون","Nāl Bandun","Nāl Bandown","Morteza Taheri, field notes 2015","719","","","","Bakhtiāri 100%","Morteza Taheri, field notes 2015",32.15086180234918,50.10762248784061,""
"","4f4d71a22140547a1ad9eb75701ef449","18-4a8b9c95fc3bc4e0ac3f0091836f0315","1140643","چهارمحال و بختیاری","Chahār Mahāl va Bakhtiāri","کوهرنگ","Kuhrang","بازفت","Bāzoft","","","بازفت پایین","Bāzoft Pāin","وزگاگنگرستان","Vezgā Gangarestān","Vezgā Gangarestown, Vezgā Kangarestown","Morteza Taheri, field notes 2015","37","","","","Bakhtiāri 100%","Morteza Taheri, field notes 2015",32.10665500089303,50.1026265195871,""
"","4f4d71a22140547a1ad9eb75701eee03","16-00a96e285fd55b57f64f1cbd9e0eea4e","1140644","چهارمحال و بختیاری","Chahār Mahāl va Bakhtiāri","کوهرنگ","Kuhrang","بازفت","Bāzoft","","","بازفت پایین","Bāzoft Pāin","هردان","Herdān","Herdown","Morteza Taheri, field notes 2015","23","","","","Bakhtiāri 100%","Morteza Taheri, field notes 2015",32.10492157951455,50.12091252263018,""
"","4f4d71a22140547a1ad9eb75701eebd2","18-932c76bc680df3852459de86f0e1af17","1140645","چهارمحال و بختیاری","Chahār Mahāl va Bakhtiāri","کوهرنگ","Kuhrang","بازفت","Bāzoft","","","بازفت پایین","Bāzoft Pāin","گنگرستان","Gangarestān","Gangarestown, Kangarestown","Morteza Taheri, field notes 2015","32","","","","Bakhtiāri 100%","Morteza Taheri, field notes 2015",32.115912184997924,50.09686523278521,""
"","4f4d71a22140547a1ad9eb75701eeb16","16-2e2fc125b6a4936d05992f0f2a07ef45","1140646","چهارمحال و بختیاری","Chahār Mahāl va Bakhtiāri","کوهرنگ","Kuhrang","بازفت","Bāzoft","","","بازفت پایین","Bāzoft Pāin","تبرک سفلی","Tabarak Soflā","Tabarak Soflā","Morteza Taheri, field notes 2015","746","","","","Bakhtiāri 100%","Morteza Taheri, field notes 2015",32.190087550865414,50.02225718113481,""
"","4f4d71a22140547a1ad9eb75701eeae9","19-ed55bd02e77b90aec48a419e628b67df","1140647","چهارمحال و بختیاری","Chahār Mahāl va Bakhtiāri","کوهرنگ","Kuhrang","بازفت","Bāzoft","","","بازفت پایین","Bāzoft Pāin","تلورد","Telord","Telord","Morteza Taheri, field notes 2015","1064","","","","Bakhtiāri 100%","Morteza Taheri, field notes 2015",32.20417294464549,50.047534323410154,""
"","4f4d71a22140547a1ad9eb75701ee3e5","16-1dd60d5b179da28c4ae0e41975143c4d","1140648","چهارمحال و بختیاری","Chahār Mahāl va Bakhtiāri","کوهرنگ","Kuhrang","بازفت","Bāzoft","","","بازفت پایین","Bāzoft Pāin","چهک","Chāhak","Chahak","Morteza Taheri, field notes 2015","77","","","","Bakhtiāri 100%","Morteza Taheri, field notes 2015",32.15520150647125,50.09272787030522,""
"","4f4d71a22140547a1ad9eb75701ed5ba","17-7ee28aa22776d72f13d711800bf5ccd9","1140649","چهارمحال و بختیاری","Chahār Mahāl va Bakhtiāri","کوهرنگ","Kuhrang","بازفت","Bāzoft","","","بازفت پایین","Bāzoft Pāin","حسین آباد","Hoseyn Ābād","Hoseyn Āvād","Morteza Taheri, field notes 2015","244","","","","Bakhtiāri 100%","Morteza Taheri, field notes 2015",32.19473918160037,50.06121745372405,""
"","4f4d71a22140547a1ad9eb75701f4979","16-ec6a211ac9319e43bb5220f143010fc0","1140650","چهارمحال و بختیاری","Chahār Mahāl va Bakhtiāri","کوهرنگ","Kuhrang","بازفت","Bāzoft","","","بازفت پایین","Bāzoft Pāin","کول سرخ","Kul-e Sorkh","Kul-e Sohr","Morteza Taheri, field notes 2015","65","","","","Bakhtiāri 100%","Morteza Taheri, field notes 2015",32.19500509351426,50.102686304025134,""
"","4f4d71a22140547a1ad9eb75701f3e40","16-7371c8e2a8275f094c2133bbfd6607c9","1140651","چهارمحال و بختیاری","Chahār Mahāl va Bakhtiāri","کوهرنگ","Kuhrang","بازفت","Bāzoft","","","بازفت پایین","Bāzoft Pāin","محمودآباد","Mahmud Ābād","Mahmud Āvād","Morteza Taheri, field notes 2015","19","","","","Bakhtiāri 100%","Morteza Taheri, field notes 2015",32.211264427121044,50.110185760429864,""
"","4f4d71a22140547a1ad9eb75701f3d3f","16-1110c575cefa4f6c36944c70d7a1fca1","1140652","چهارمحال و بختیاری","Chahār Mahāl va Bakhtiāri","کوهرنگ","Kuhrang","بازفت","Bāzoft","","","بازفت پایین","Bāzoft Pāin","مورز","Mavarz","Mavarz","Morteza Taheri, field notes 2015","226","","","","Bakhtiāri 100%","Morteza Taheri, field notes 2015",32.1556058352634,50.105323523836404,""
"","4f4d71a22140547a1ad9eb75701f38cd","16-6826f81efa2335ca6d2bfdaae5e44d1e","1140653","چهارمحال و بختیاری","Chahār Mahāl va Bakhtiāri","کوهرنگ","Kuhrang","بازفت","Bāzoft","","","بازفت پایین","Bāzoft Pāin","میان دوهان علیا","Miān Dohān Oliā","Mi Dehuh Owliā","Morteza Taheri, field notes 2015","131","","","","Bakhtiāri 100%","Morteza Taheri, field notes 2015",32.2031347543775,50.09299722369775,""
"","4f4d71a22140547a1ad9eb75701f2e33","18-57510e81955cf412321c319ca388346b","1140654","چهارمحال و بختیاری","Chahār Mahāl va Bakhtiāri","کوهرنگ","Kuhrang","بازفت","Bāzoft","","","بازفت پایین","Bāzoft Pāin","میاندوهان سفلی","Miān Dohān Soflā","Mi Dehuh Soflā","Morteza Taheri, field notes 2015","90","","","","Bakhtiāri 100%","Morteza Taheri, field notes 2015",32.200756194288715,50.08675304111169,""
"","4f4d71a22140547a1ad9eb75701f2888","18-00612eb35136e9bbe4d4fa9f6b4bc5bc","1140655","چهارمحال و بختیاری","Chahār Mahāl va Bakhtiāri","کوهرنگ","Kuhrang","بازفت","Bāzoft","","","بازفت پایین","Bāzoft Pāin","نازی","Nāzi","Nāzi","Morteza Taheri, field notes 2015","19","","","","Bakhtiāri 100%","Morteza Taheri, field notes 2015",32.208124690113785,50.12337315419477,""
"","4f4d71a22140547a1ad9eb75701f1f26","18-13dd89616d5f6cad4bbb65ef8d3280a3","1140656","چهارمحال و بختیاری","Chahār Mahāl va Bakhtiāri","کوهرنگ","Kuhrang","بازفت","Bāzoft","","","بازفت پایین","Bāzoft Pāin","قلعه تبرک","Qal'eh Tabarak","Ghale Tabarak","Morteza Taheri, field notes 2015","132","","","","Bakhtiāri 100%","Morteza Taheri, field notes 2015",32.18443982918802,50.033372255291034,""
"","4f4d71a22140547a1ad9eb75701f1c7a","16-8d941082c195fc5208d550ac32b89b32","1140657","چهارمحال و بختیاری","Chahār Mahāl va Bakhtiāri","کوهرنگ","Kuhrang","بازفت","Bāzoft","","","بازفت پایین","Bāzoft Pāin","تبریک علیا","Tabarak Oliā","Tabarak Owliā","Morteza Taheri, field notes 2015","624","","","","Bakhtiāri 100%","Morteza Taheri, field notes 2015",32.195837447850415,50.01602381070206,""
"","4f4d71a22140547a1ad9eb75701f1768","20-2583c361772083eae2dd8544278b2be8","1140658","چهارمحال و بختیاری","Chahār Mahāl va Bakhtiāri","کوهرنگ","Kuhrang","بازفت","Bāzoft","","","بازفت پایین","Bāzoft Pāin","چم قلعه","Cham Qal'eh","Cham Ghale","Morteza Taheri, field notes 2015; Somayeh Pourpakar, field notes 2016","1077","","","","Bakhtiāri 100%","Morteza Taheri, field notes 2015",32.21144106989441,50.03153920656214,""
"","4f4d71a22140547a1ad9eb75701f0ca7","18-b5540801cab383353c5752465d7ed26a","1140659","چهارمحال و بختیاری","Chahār Mahāl va Bakhtiāri","کوهرنگ","Kuhrang","بازفت","Bāzoft","","","بازفت پایین","Bāzoft Pāin","چمن گلی","Chaman Goli","Chaman Goli","Morteza Taheri, field notes 2015","260","","","","Bakhtiāri 100%","Morteza Taheri, field notes 2015",32.21286623030142,50.03543377405082,""
"","4f4d71a22140547a1ad9eb75701f7d17","17-fc5f4b40be001c64c03ddf8833adb7bf","1140660","چهارمحال و بختیاری","Chahār Mahāl va Bakhtiāri","کوهرنگ","Kuhrang","بازفت","Bāzoft","","","بازفت پایین","Bāzoft Pāin","خیارکار","Khiār Kār","Khiār Kār","Morteza Taheri, field notes 2015","54","","","","Bakhtiāri 100%","Morteza Taheri, field notes 2015",32.22105790252178,50.00456244738817,""
"","4f4d71a22140547a1ad9eb75701f7c7a","16-a8ede91e9c9ef0d9d5faccb497513eee","1140661","چهارمحال و بختیاری","Chahār Mahāl va Bakhtiāri","کوهرنگ","Kuhrang","بازفت","Bāzoft","","","بازفت پایین","Bāzoft Pāin","رباطکوه","Robāt Kuh","Robāt Koh","Morteza Taheri, field notes 2015","","(less than 3 households; population not specified in 2011 Census for reasons of privacy)","","","Bakhtiāri 100%","Morteza Taheri, field notes 2015",32.361075871246655,49.95310328671667,""
"","4f4d71a22140547a1ad9eb75701f7bc6","18-87658ee7596f0fee740e0b81355ba377","1140662","چهارمحال و بختیاری","Chahār Mahāl va Bakhtiāri","کوهرنگ","Kuhrang","بازفت","Bāzoft","","","بازفت پایین","Bāzoft Pāin","طارم","Tārom","Tārom","Morteza Taheri, field notes 2015","116","","","","Bakhtiāri 100%","Morteza Taheri, field notes 2015",32.23162977661117,50.044701592217685,""
"","4f4d71a22140547a1ad9eb75701f7a93","20-f6111407a960761680bac1ab06bff6bd","1140663","چهارمحال و بختیاری","Chahār Mahāl va Bakhtiāri","کوهرنگ","Kuhrang","بازفت","Bāzoft","","","بازفت پایین","Bāzoft Pāin","فریک","Feryak","Feryak","Morteza Taheri, field notes 2015","229","","","","Bakhtiāri 100%","Morteza Taheri, field notes 2015",32.215455251765114,50.019030320873064,""
"","4f4d71a22140547a1ad9eb75701f7761","17-5bd322b2a325847abf1f6f2ebb6896d2","1140664","چهارمحال و بختیاری","Chahār Mahāl va Bakhtiāri","کوهرنگ","Kuhrang","بازفت","Bāzoft","","","بازفت پایین","Bāzoft Pāin","ارته","Arteh","Arte","Morteza Taheri, field notes 2015","871","","","","Bakhtiāri 100%","Morteza Taheri, field notes 2015",32.2230051025936,49.99976953512727,""
"","4f4d71a22140547a1ad9eb75701f75aa","16-140fd6c776a5691bf76030034620f3b3","1140665","چهارمحال و بختیاری","Chahār Mahāl va Bakhtiāri","کوهرنگ","Kuhrang","بازفت","Bāzoft","","","بازفت پایین","Bāzoft Pāin","باغ چنار","Bagh Chenār","Bagh Chenār","Morteza Taheri, field notes 2015","270","","","","Bakhtiāri 100%","Morteza Taheri, field notes 2015",32.24737440300526,49.988499687922975,""
"","4f4d71a22140547a1ad9eb75701f66ec","16-4007b61472a803bbb75972639e7a6abd","1140666","چهارمحال و بختیاری","Chahār Mahāl va Bakhtiāri","کوهرنگ","Kuhrang","بازفت","Bāzoft","","","بازفت پایین","Bāzoft Pāin","دره مولا","Darreh Mowlā","Dare Mowlā","Morteza Taheri, field notes 2015","153","","","","Bakhtiāri 100%","Morteza Taheri, field notes 2015",32.256457225988235,50.00459830642661,""
"","4f4d71a22140547a1ad9eb75701f651b","16-4abb086f3765e55a0a0a91140a017e6d","1140667","چهارمحال و بختیاری","Chahār Mahāl va Bakhtiāri","کوهرنگ","Kuhrang","بازفت","Bāzoft","","","بازفت پایین","Bāzoft Pāin","دورک سفلی","Durak Soflā","Durak Soflā","Morteza Taheri, field notes 2015","146","","","","Bakhtiāri 100%","Morteza Taheri, field notes 2015",32.25320681515151,50.03105599423143,""
"","4f4d71a22140547a1ad9eb75701f5c10","18-6d248e650f9c09c711b89b8631decb55","1140668","چهارمحال و بختیاری","Chahār Mahāl va Bakhtiāri","کوهرنگ","Kuhrang","بازفت","Bāzoft","","","بازفت پایین","Bāzoft Pāin","دورک علیا","Durak Oliā","Durak Owliā","Morteza Taheri, field notes 2015","183","","","","Bakhtiāri 100%","Morteza Taheri, field notes 2015",32.2669519069111,50.02711314697915,""
"","4f4d71a22140547a1ad9eb75701f5341","16-517f445f20232c8996bd908e93522c8b","1140669","چهارمحال و بختیاری","Chahār Mahāl va Bakhtiāri","کوهرنگ","Kuhrang","بازفت","Bāzoft","","","بازفت پایین","Bāzoft Pāin","کچوز","Kachuz","Kachuz","Morteza Taheri, field notes 2015","26","","","","Bakhtiāri 100%","Morteza Taheri, field notes 2015",32.26149096894464,49.96257432365537,""
"","4f4d71a22140547a1ad9eb75701fd5d6","14-d2bc40b9fd4700dd394cd1634ac9e132","1140670","چهارمحال و بختیاری","Chahār Mahāl va Bakhtiāri","کوهرنگ","Kuhrang","مرکزی","Markazi","","","","","","","","","18219","","","","","","","",""
"","4f4d71a22140547a1ad9eb75701fc9bc","14-55a3118ac95d1054984f369a7db837df","1140671","چهارمحال و بختیاری","Chahār Mahāl va Bakhtiāri","کوهرنگ","Kuhrang","مرکزی","Markazi","","","شوراب تنگزی","Shurāb Tangzi","","","","","4537","","","","","","","",""
"","4f4d71a22140547a1ad9eb75701fbf7e","16-10694bac7a0bf8d3e5e6d3e073ebe33e","1140672","چهارمحال و بختیاری","Chahār Mahāl va Bakhtiāri","کوهرنگ","Kuhrang","مرکزی","Markazi","","","شوراب تنگزی","Shurāb Tangzi","نظرآباد","Nazar Ābād","Nazar Āvād","Morteza Taheri, field notes 2015","34","","","","Bakhtiāri 100%","Morteza Taheri, field notes 2015",32.447111477799396,50.17272984427345,""
"","4f4d71a22140547a1ad9eb75701fbbd9","20-c08ced8c68e6f4f0ab02a357f0f11a63","1140673","چهارمحال و بختیاری","Chahār Mahāl va Bakhtiāri","کوهرنگ","Kuhrang","مرکزی","Markazi","","","شوراب تنگزی","Shurāb Tangzi","ده نوسفلی","Deh Now Soflā","Deh Now Soflā","Morteza Taheri, field notes 2015","113","","","","Bakhtiāri 100%","Morteza Taheri, field notes 2015",32.43369577311272,50.202229082715874,""
"","4f4d71a22140547a1ad9eb75701fb070","16-0f77eaa1ab21f16aba7b75311a305e28","1140674","چهارمحال و بختیاری","Chahār Mahāl va Bakhtiāri","کوهرنگ","Kuhrang","مرکزی","Markazi","","","شوراب تنگزی","Shurāb Tangzi","سددوم کوهرنگ","Sadd-e Dovvom-e Kuhrang","Sad-e Dovom-e Kuhrang","Morteza Taheri, field notes 2015","","(less than 3 households; population not specified in 2011 Census for reasons of privacy)","","","Bakhtiāri 100%","Morteza Taheri, field notes 2015",32.40957639521672,50.12836163406871,""
"","4f4d71a22140547a1ad9eb75701fab58","16-f091c8c50ce8f3fde50f0b7c9e105189","1140675","چهارمحال و بختیاری","Chahār Mahāl va Bakhtiāri","کوهرنگ","Kuhrang","مرکزی","Markazi","","","شوراب تنگزی","Shurāb Tangzi","شیخ علی خان","Sheykh Ali Khān","Sheykh Āli Khown","Morteza Taheri, field notes 2015","141","","","","Bakhtiāri 100%","Morteza Taheri, field notes 2015",32.50329726803174,50.06582646778029,""
"","4f4d71a22140547a1ad9eb75701f9fa5","16-b27ac1c881a1574bb6805875d19a1581","1140676","چهارمحال و بختیاری","Chahār Mahāl va Bakhtiāri","کوهرنگ","Kuhrang","مرکزی","Markazi","","","شوراب تنگزی","Shurāb Tangzi","قلعه گوشگک","Qal'eh Gushgak","Ghale Gushgak","Morteza Taheri, field notes 2015","1120","","","","Bakhtiāri 100%","Morteza Taheri, field notes 2015",32.418504329915265,50.17041924426111,""
"","4f4d71a22140547a1ad9eb75701f95b6","16-ba7f813edf9ce740ce18f41fddd8c059","1140677","چهارمحال و بختیاری","Chahār Mahāl va Bakhtiāri","کوهرنگ","Kuhrang","مرکزی","Markazi","","","شوراب تنگزی","Shurāb Tangzi","آب باریک 1","Āb Bārik Yek","Aw Bārik","Morteza Taheri, field notes 2015","31","","","","Bakhtiāri 100%","Morteza Taheri, field notes 2015",32.456337973536804,50.176886866279226,""
"","4f4d71a22140547a1ad9eb75701f8a5b","21-01f6aa6b683892498ac882212b062c1f","1140678","چهارمحال و بختیاری","Chahār Mahāl va Bakhtiāri","کوهرنگ","Kuhrang","مرکزی","Markazi","","","شوراب تنگزی","Shurāb Tangzi","ده نوعلیا","Deh Now Oliā","Deh Now Owliā","Morteza Taheri, field notes 2015","879","","","","Bakhtiāri 100%","Morteza Taheri, field notes 2015",32.441212456273696,50.19138175711193,""
"","4f4d71a22140547a1ad9eb75701f7ef8","16-94ec8a080d31b869e8d36985be0c3024","1140679","چهارمحال و بختیاری","Chahār Mahāl va Bakhtiāri","کوهرنگ","Kuhrang","مرکزی","Markazi","","","شوراب تنگزی","Shurāb Tangzi","قاسم آباد","Qāsem Ābād","Ghāsem Āvād","Morteza Taheri, field notes 2015","","(less than 3 households; population not specified in 2011 Census for reasons of privacy)","","","Bakhtiāri 100%","Morteza Taheri, field notes 2015",32.439651009251186,50.13896441143042,""
"","4f4d71a22140547a1ad9eb7570203409","18-c924db03df56bb87f36d27ba76b71f5e","1140680","چهارمحال و بختیاری","Chahār Mahāl va Bakhtiāri","کوهرنگ","Kuhrang","مرکزی","Markazi","","","شوراب تنگزی","Shurāb Tangzi","رضی آباد","Rezi Ābād","Rezi Āvād","Morteza Taheri, field notes 2015","","(less than 3 households; population not specified in 2011 Census for reasons of privacy)","","","Bakhtiāri 100%","Morteza Taheri, field notes 2015",32.453459073914544,50.16982729215254,""
"","4f4d71a22140547a1ad9eb7570202b68","16-e87c5b820dfbdd91d69538cb357c6a77","1140681","چهارمحال و بختیاری","Chahār Mahāl va Bakhtiāri","کوهرنگ","Kuhrang","مرکزی","Markazi","","","شوراب تنگزی","Shurāb Tangzi","قلعه تک","Qal'eh Tak","Ghalā Tak","Morteza Taheri, field notes 2015","135","","","","Bakhtiāri 100%","Morteza Taheri, field notes 2015",32.49713298815875,50.135203097982824,""
"","4f4d71a22140547a1ad9eb7570201d3e","16-66928cac996588238166324d48efbdc9","1140682","چهارمحال و بختیاری","Chahār Mahāl va Bakhtiāri","کوهرنگ","Kuhrang","مرکزی","Markazi","","","شوراب تنگزی","Shurāb Tangzi","کوی شهیدبهشتی","Ku-ye Shahid Beheshti","Koh Shahid Beheshti","Morteza Taheri, field notes 2015","183","","","","Bakhtiāri 100%","Morteza Taheri, field notes 2015",32.45295880307239,50.141641433778226,""
"","4f4d71a22140547a1ad9eb7570200fc8","16-dee5e1f97624aed7c8c1126f366cf797","1140683","چهارمحال و بختیاری","Chahār Mahāl va Bakhtiāri","کوهرنگ","Kuhrang","مرکزی","Markazi","","","شوراب تنگزی","Shurāb Tangzi","ملک آباد","Malek Ābād","Malek Āvād","Morteza Taheri, field notes 2015","333","","","","Bakhtiāri 100%","Morteza Taheri, field notes 2015",32.451789473990615,50.1310566951839,""
"","4f4d71a22140547a1ad9eb7570200346","22-f33caf3c06ead19d0d85361035ed5cbe","1140684","چهارمحال و بختیاری","Chahār Mahāl va Bakhtiāri","کوهرنگ","Kuhrang","مرکزی","Markazi","","","شوراب تنگزی","Shurāb Tangzi","آبخره","Ābkhareh","Awhare","Morteza Taheri, field notes 2015","","(less than 3 households; population not specified in 2011 Census for reasons of privacy)","","","Bakhtiāri 100%","Morteza Taheri, field notes 2015",32.496355400795146,50.282273263705235,""
"","4f4d71a22140547a1ad9eb75701ff392","16-9b9353b553c3611e9cee3c00126de2ff","1140685","چهارمحال و بختیاری","Chahār Mahāl va Bakhtiāri","کوهرنگ","Kuhrang","مرکزی","Markazi","","","شوراب تنگزی","Shurāb Tangzi","آبکاسه","Āb Kāseh","Aw Kāse","Morteza Taheri, field notes 2015","","(less than 3 households; population not specified in 2011 Census for reasons of privacy)","","","Bakhtiāri 100%","Morteza Taheri, field notes 2015",32.53669928991865,50.23227759354325,""
"","4f4d71a22140547a1ad9eb75701fef74","18-cee29ccbc7e7b6a5fbc9e0da04e94e80","1140686","چهارمحال و بختیاری","Chahār Mahāl va Bakhtiāri","کوهرنگ","Kuhrang","مرکزی","Markazi","","","شوراب تنگزی","Shurāb Tangzi","بنواستکی","Bon-e Vāsteki","Bon-e Vāsteki","Morteza Taheri, field notes 2015","19","","","","Bakhtiāri 100%","Morteza Taheri, field notes 2015",32.57826266953769,50.19515216820444,""
"","4f4d71a22140547a1ad9eb75701febfd","16-7bb131b4793e0c0a68e63667ee4449e0","1140687","چهارمحال و بختیاری","Chahār Mahāl va Bakhtiāri","کوهرنگ","Kuhrang","مرکزی","Markazi","","","شوراب تنگزی","Shurāb Tangzi","حاجی آباد","Hāji Ābād","Hāji Ābād","Morteza Taheri, field notes 2015","22","","","","Bakhtiāri 100%","Morteza Taheri, field notes 2015",32.502104266672845,50.25018840900146,""
"","4f4d71a22140547a1ad9eb75701fe4c8","16-1b64093b9523a438ee82f1d1658b88c4","1140688","چهارمحال و بختیاری","Chahār Mahāl va Bakhtiāri","کوهرنگ","Kuhrang","مرکزی","Markazi","","","شوراب تنگزی","Shurāb Tangzi","دیمه","Dimeh","Dime","Morteza Taheri, field notes 2015","277","","","","Bakhtiāri 100%","Morteza Taheri, field notes 2015",32.50785886292295,50.218881665383925,""
"","4f4d71a22140547a1ad9eb75701fe1d5","16-76803857422fb925a561ca0913089720","1140689","چهارمحال و بختیاری","Chahār Mahāl va Bakhtiāri","کوهرنگ","Kuhrang","مرکزی","Markazi","","","شوراب تنگزی","Shurāb Tangzi","قلعه سبزی","Qal'eh Sabzi","Ghale Sabzi","Morteza Taheri, field notes 2015","17","","","","Bakhtiāri 100%","Morteza Taheri, field notes 2015",32.51421093704686,50.23685061931414,""
"","4f4d71a22140547a1ad9eb7570208c3a","16-a814f64ca34fe97c477815b12009777c","1140690","چهارمحال و بختیاری","Chahār Mahāl va Bakhtiāri","کوهرنگ","Kuhrang","مرکزی","Markazi","","","شوراب تنگزی","Shurāb Tangzi","قیقاج","Qeyqāj","Gheyghāj","Morteza Taheri, field notes 2015","","(less than 3 households; population not specified in 2011 Census for reasons of privacy)","","","Bakhtiāri 100%","Morteza Taheri, field notes 2015",32.50496591962576,50.256821795166246,""
"","4f4d71a22140547a1ad9eb757020894f","16-d5a2cd60866784a99c90f39f1c157e95","1140691","چهارمحال و بختیاری","Chahār Mahāl va Bakhtiāri","کوهرنگ","Kuhrang","مرکزی","Markazi","","","شوراب تنگزی","Shurāb Tangzi","گاوپیسه","Gāv Piseh","Gā Pieshe","Morteza Taheri, field notes 2015","","(less than 3 households; population not specified in 2011 Census for reasons of privacy)","","","Bakhtiāri 100%","Morteza Taheri, field notes 2015",32.60471643990671,50.18169816697314,""
"","4f4d71a22140547a1ad9eb7570207ee8","16-1fe364ff47703c8803c9f937e994eb25","1140692","چهارمحال و بختیاری","Chahār Mahāl va Bakhtiāri","کوهرنگ","Kuhrang","مرکزی","Markazi","","","شوراب تنگزی","Shurāb Tangzi","مهدی آباد1","Mehdi Ābād Yek","Mahdi Āvād","Morteza Taheri, field notes 2015","252","","","","Bakhtiāri 100%","Morteza Taheri, field notes 2015",32.501448975408366,50.169678164809426,""
"","4f4d71a22140547a1ad9eb7570207633","18-59c58178ec3a439f55e8394277716122","1140693","چهارمحال و بختیاری","Chahār Mahāl va Bakhtiāri","کوهرنگ","Kuhrang","مرکزی","Markazi","","","شوراب تنگزی","Shurāb Tangzi","خسروآباد","Khosrow Ābād","Khosrow Āvād","Morteza Taheri, field notes 2015","136","","","","Bakhtiāri 100%","Morteza Taheri, field notes 2015",32.50124583408978,50.13743765589113,""
"","4f4d71a22140547a1ad9eb7570206b96","16-4e4fd8f458f258d4f35972180f60519b","1140694","چهارمحال و بختیاری","Chahār Mahāl va Bakhtiāri","کوهرنگ","Kuhrang","مرکزی","Markazi","","","شوراب تنگزی","Shurāb Tangzi","فانی آباد","Fāni Ābād","Fāni Āvād","Morteza Taheri, field notes 2015","153","","","","Bakhtiāri 100%","Morteza Taheri, field notes 2015",32.51181006270641,50.164079805350895,""
"","4f4d71a22140547a1ad9eb757020656f","16-f5b71110269dbff1c3dbc3eee1dddb3f","1140695","چهارمحال و بختیاری","Chahār Mahāl va Bakhtiāri","کوهرنگ","Kuhrang","مرکزی","Markazi","","","شوراب تنگزی","Shurāb Tangzi","محمدآباد1","Mohammad Ābād Yek","Mohamad Āvād","Morteza Taheri, field notes 2015","134","","","","Bakhtiāri 100%","Morteza Taheri, field notes 2015",32.53513139396402,50.14871634285019,""
"","4f4d71a22140547a1ad9eb7570205bba","17-42e4b985e3003ddaa11c762f3005f763","1140696","چهارمحال و بختیاری","Chahār Mahāl va Bakhtiāri","کوهرنگ","Kuhrang","مرکزی","Markazi","","","شوراب تنگزی","Shurāb Tangzi","میانرودان1","Miān Rudān","Miān Rudān","Morteza Taheri, field notes 2015","345","","","","Bakhtiāri 100%","Morteza Taheri, field notes 2015",32.48333799847249,50.18387971945573,""
"","4f4d71a22140547a1ad9eb757020596d","18-5dac4b0d22266938320ad9db03071fae","1140697","چهارمحال و بختیاری","Chahār Mahāl va Bakhtiāri","کوهرنگ","Kuhrang","مرکزی","Markazi","","","شوراب تنگزی","Shurāb Tangzi","نیاکان","Niākān","Niākān, Niākown","Morteza Taheri, field notes 2015","107","","","","Bakhtiāri 100%","Morteza Taheri, field notes 2015",32.55900267229683,50.13500027049378,""
"","4f4d71a22140547a1ad9eb7570204ef7","16-4f88442fca752f75bb669380623a6615","1140698","چهارمحال و بختیاری","Chahār Mahāl va Bakhtiāri","کوهرنگ","Kuhrang","مرکزی","Markazi","","","شوراب تنگزی","Shurāb Tangzi","شهرک غلام آباد","Shahrak-e Gholām Ābād","Shahrak-e Gholām Āvād","Morteza Taheri, field notes 2015","63","","","","Bakhtiāri 100%","Morteza Taheri, field notes 2015",32.49016010342571,50.261270626547635,""
"","4f4d71a22140547a1ad9eb75702043e5","14-580db28f34b0a34bef43a9e3d859895c","1140699","چهارمحال و بختیاری","Chahār Mahāl va Bakhtiāri","کوهرنگ","Kuhrang","مرکزی","Markazi","","","دشت زرین","Dasht-e Zarrin","","","","","7051","","","","","","","",""
"","4f4d71a22140547a1ad9eb757020f3c1","16-1e86a224f870df404ae48d6638de2fe1","1140700","چهارمحال و بختیاری","Chahār Mahāl va Bakhtiāri","کوهرنگ","Kuhrang","مرکزی","Markazi","","","دشت زرین","Dasht-e Zarrin","ابدال آباد","Abdāl Ābād","Abdāl Āvād","Morteza Taheri, field notes 2015","110","","","","Bakhtiāri 100%","Morteza Taheri, field notes 2015",32.42513665193623,50.3257306673443,""
"","4f4d71a22140547a1ad9eb757020ea68","16-d2de87dd08e47b67d66bd3c3043a457a","1140701","چهارمحال و بختیاری","Chahār Mahāl va Bakhtiāri","کوهرنگ","Kuhrang","مرکزی","Markazi","","","دشت زرین","Dasht-e Zarrin","اسمی آباد","Esmi Ābād","Esmi Āvād","Morteza Taheri, field notes 2015","76","","","","Bakhtiāri 100%","Morteza Taheri, field notes 2015",32.41495061453763,50.341528422942794,""
"","4f4d71a22140547a1ad9eb757020db77","16-7690803f9c981d1f699461ab55fea9d1","1140702","چهارمحال و بختیاری","Chahār Mahāl va Bakhtiāri","کوهرنگ","Kuhrang","مرکزی","Markazi","","","دشت زرین","Dasht-e Zarrin","غلامرضا آباد","Gholām Rezā Ābād","Gholām Rezā Āvād","Morteza Taheri, field notes 2015","","(less than 3 households; population not specified in 2011 Census for reasons of privacy)","","","Bakhtiāri 100%","Morteza Taheri, field notes 2015",32.4220330321557,50.33696028145583,""
"","4f4d71a22140547a1ad9eb757020cc88","16-95eb4707e2050faf49fba7fc267a6bf4","1140703","چهارمحال و بختیاری","Chahār Mahāl va Bakhtiāri","کوهرنگ","Kuhrang","مرکزی","Markazi","","","دشت زرین","Dasht-e Zarrin","چشمه چلی","Cheshmeh Choli","Cheshme Choli","Morteza Taheri, field notes 2015","32","","","","Bakhtiāri 100%","Morteza Taheri, field notes 2015",32.42330092547946,50.343697990499905,""
"","4f4d71a22140547a1ad9eb757020c6be","16-b7db5f8940ae8a1f6c0d25b0eed6df79","1140704","چهارمحال و بختیاری","Chahār Mahāl va Bakhtiāri","کوهرنگ","Kuhrang","مرکزی","Markazi","","","دشت زرین","Dasht-e Zarrin","چوبین رحمان","Chubin Rahmān","Chuvin Rahmān","Morteza Taheri, field notes 2015","","(less than 3 households; population not specified in 2011 Census for reasons of privacy)","","","Bakhtiāri 100%","Morteza Taheri, field notes 2015",32.46320836403669,50.2975861939949,""
"","4f4d71a22140547a1ad9eb757020b7d0","16-49f35eb953aba2f310645b310659cc17","1140705","چهارمحال و بختیاری","Chahār Mahāl va Bakhtiāri","کوهرنگ","Kuhrang","مرکزی","Markazi","","","دشت زرین","Dasht-e Zarrin","چهارموران","Chahār Mawrān","Chār Mawrown","Morteza Taheri, field notes 2015","187","","","","Bakhtiāri 100%","Morteza Taheri, field notes 2015",32.38702441437215,50.400285575464686,""
"","4f4d71a22140547a1ad9eb757020ad4e","22-6eb7580b4abf0d458e9eb0c101f7345a","1140706","چهارمحال و بختیاری","Chahār Mahāl va Bakhtiāri","کوهرنگ","Kuhrang","مرکزی","Markazi","","","دشت زرین","Dasht-e Zarrin","حیدرآباد میهه","Heydar Ābād Meyheh","Heydar Āvād Meyhe","Morteza Taheri, field notes 2015","186","","","","Bakhtiāri 100%","Morteza Taheri, field notes 2015",32.40164544452273,50.371024270856765,""
"","4f4d71a22140547a1ad9eb757020a536","19-efc470e153379676446e078a0f88a6e5","1140707","چهارمحال و بختیاری","Chahār Mahāl va Bakhtiāri","کوهرنگ","Kuhrang","مرکزی","Markazi","","","دشت زرین","Dasht-e Zarrin","خونکار","Khunkār","Khownkār","Morteza Taheri, field notes 2015","227","","","","Bakhtiāri 100%","Morteza Taheri, field notes 2015",32.50431134118554,50.27642461000712,""
"","4f4d71a22140547a1ad9eb757020a2bf","16-d0df97eab4ca5b3965264ff21020921f","1140708","چهارمحال و بختیاری","Chahār Mahāl va Bakhtiāri","کوهرنگ","Kuhrang","مرکزی","Markazi","","","دشت زرین","Dasht-e Zarrin","دره پیر","Darreh Pir","Dare Pir","Morteza Taheri, field notes 2015","54","","","","Bakhtiāri 100%","Morteza Taheri, field notes 2015",32.428614139937686,50.331256017913354,""
"","4f4d71a22140547a1ad9eb75702093c3","16-1334f12de061cf6156695fe3fbec147a","1140709","چهارمحال و بختیاری","Chahār Mahāl va Bakhtiāri","کوهرنگ","Kuhrang","مرکزی","Markazi","","","دشت زرین","Dasht-e Zarrin","زمان آباد","Zamān Ābād","Zamun Āvād","Morteza Taheri, field notes 2015","35","","","","Bakhtiāri 100%","Morteza Taheri, field notes 2015",32.39880159130416,50.373849723417315,""
"","4f4d71a22140547a1ad9eb7570213e0d","16-c7e1dcf930659a981506fa41d999664f","1140710","چهارمحال و بختیاری","Chahār Mahāl va Bakhtiāri","کوهرنگ","Kuhrang","مرکزی","Markazi","","","دشت زرین","Dasht-e Zarrin","سردار آباد","Sardār Ābād","Sardār Āvād","Morteza Taheri, field notes 2015","90","","","","Bakhtiāri 100%","Morteza Taheri, field notes 2015",32.439301136243984,50.32724058223434,""
"","4f4d71a22140547a1ad9eb7570213dfd","16-f7378b8b9f9b2c35bbc32176d66e0c34","1140711","چهارمحال و بختیاری","Chahār Mahāl va Bakhtiāri","کوهرنگ","Kuhrang","مرکزی","Markazi","","","دشت زرین","Dasht-e Zarrin","سیدمراد","Seyyed Morād","Sed Morād","Morteza Taheri, field notes 2015","12","","","","Bakhtiāri 100%","Morteza Taheri, field notes 2015",32.444663576303185,50.321658343853876,""
"","4f4d71a22140547a1ad9eb7570212e68","16-89e2a2e54d9b1a9fbdadba8bd8ea00aa","1140712","چهارمحال و بختیاری","Chahār Mahāl va Bakhtiāri","کوهرنگ","Kuhrang","مرکزی","Markazi","","","دشت زرین","Dasht-e Zarrin","سیل گاه","Seylgāh","Seylgāh","Morteza Taheri, field notes 2015","123","","","","Bakhtiāri 100%","Morteza Taheri, field notes 2015",32.48085279292137,50.284341451869395,""
"","4f4d71a22140547a1ad9eb7570212a22","16-b43f761039442e03176859101b14addf","1140713","چهارمحال و بختیاری","Chahār Mahāl va Bakhtiāri","کوهرنگ","Kuhrang","مرکزی","Markazi","","","دشت زرین","Dasht-e Zarrin","علیشاه آباد","Ali Shāh Ābād","Ali Shāh Āvād","Morteza Taheri, field notes 2015","56","","","","Bakhtiāri 100%","Morteza Taheri, field notes 2015",32.43812793844506,50.32342678790979,""
"","4f4d71a22140547a1ad9eb7570212231","16-431a14e99327bc2173438cac15e836f9","1140714","چهارمحال و بختیاری","Chahār Mahāl va Bakhtiāri","کوهرنگ","Kuhrang","مرکزی","Markazi","","","دشت زرین","Dasht-e Zarrin","گردوعلیا","Gerdu Oliā","Gerdu Owliā","Morteza Taheri, field notes 2015","133","","","","Bakhtiāri 100%","Morteza Taheri, field notes 2015",32.45474939434427,50.31091235227078,""
"","4f4d71a22140547a1ad9eb7570211dd2","16-7018810ca3eb85a78f99ab79f7cd540b","1140715","چهارمحال و بختیاری","Chahār Mahāl va Bakhtiāri","کوهرنگ","Kuhrang","مرکزی","Markazi","","","دشت زرین","Dasht-e Zarrin","مردخانه","Mard Khāneh","Merd Khowe","Morteza Taheri, field notes 2015","103","","","","Bakhtiāri 100%","Morteza Taheri, field notes 2015",32.39717043916856,50.357184072341475,""
"","4f4d71a22140547a1ad9eb7570211295","16-64897dde4b7f539d3ea3ad61b9863177","1140716","چهارمحال و بختیاری","Chahār Mahāl va Bakhtiāri","کوهرنگ","Kuhrang","مرکزی","Markazi","","","دشت زرین","Dasht-e Zarrin","نادرآباد","Nāder Ābād","Nāder Āvād","Morteza Taheri, field notes 2015","116","","","","Bakhtiāri 100%","Morteza Taheri, field notes 2015",32.39661699708697,50.36904040670481,""
"","4f4d71a22140547a1ad9eb7570210fd3","16-766bb3e8062c48d2b19312198b9c33f9","1140717","چهارمحال و بختیاری","Chahār Mahāl va Bakhtiāri","کوهرنگ","Kuhrang","مرکزی","Markazi","","","دشت زرین","Dasht-e Zarrin","عباسعلی آباد","Abbās Ali Ābād","Avāsali Āvād","Morteza Taheri, field notes 2015","11","","","","Bakhtiāri 100%","Morteza Taheri, field notes 2015",32.4371952863062,50.33358699565634,""
"","4f4d71a22140547a1ad9eb75702100ad","16-95d1052426129b3b30ae52618a774648","1140718","چهارمحال و بختیاری","Chahār Mahāl va Bakhtiāri","کوهرنگ","Kuhrang","مرکزی","Markazi","","","دشت زرین","Dasht-e Zarrin","مهدی آباد","Mehdi Ābād","Mahdi Āvād","Morteza Taheri, field notes 2015","","(less than 3 households; population not specified in 2011 Census for reasons of privacy)","","","Bakhtiāri 100%","Morteza Taheri, field notes 2015",32.47898836350973,50.26784050201228,""
"","4f4d71a22140547a1ad9eb757020fa06","16-cad588f93e7fb867d80822aee1aa78ef","1140719","چهارمحال و بختیاری","Chahār Mahāl va Bakhtiāri","کوهرنگ","Kuhrang","مرکزی","Markazi","","","دشت زرین","Dasht-e Zarrin","نصیرآباد","Nasir Ābād","Nasir Āvād","Morteza Taheri, field notes 2015","719","","","","Bakhtiāri 100%","Morteza Taheri, field notes 2015",32.37817541240295,50.309075816467896,""
"","4f4d71a22140547a1ad9eb757021a25b","16-89cd9d21eab69a166c0e452e6076febf","1140720","چهارمحال و بختیاری","Chahār Mahāl va Bakhtiāri","کوهرنگ","Kuhrang","مرکزی","Markazi","","","دشت زرین","Dasht-e Zarrin","حمیدآباد","Hamid Ābād","Hamid Āvād","Morteza Taheri, field notes 2015","","(less than 3 households; population not specified in 2011 Census for reasons of privacy)","","","Bakhtiāri 100%","Morteza Taheri, field notes 2015",32.433033029858095,50.30543460115769,""
"","4f4d71a22140547a1ad9eb7570219b08","17-2a6ca894c067339babd9cbdc45bc8151","1140721","چهارمحال و بختیاری","Chahār Mahāl va Bakhtiāri","کوهرنگ","Kuhrang","مرکزی","Markazi","","","دشت زرین","Dasht-e Zarrin","قلعه علی حسین سلجوقی","Qal'eh Ali Hoseyn Saljuqi","Ghale Ali Hoseyn Saljughi","Morteza Taheri, field notes 2015","226","","","","Bakhtiāri 100%","Morteza Taheri, field notes 2015",32.46059754487749,50.289175730417256,""
"","4f4d71a22140547a1ad9eb757021995f","16-ef22817ce67e3caee4113e8d7f9a70f0","1140722","چهارمحال و بختیاری","Chahār Mahāl va Bakhtiāri","کوهرنگ","Kuhrang","مرکزی","Markazi","","","دشت زرین","Dasht-e Zarrin","نعل اشکنان سفلی","Na'l Eshkanān Soflā","Nahl Eshkanown Soflā","Morteza Taheri, field notes 2015","251","","","","Bakhtiāri 100%","Morteza Taheri, field notes 2015",32.438205131510685,50.29887038117257,""
"","4f4d71a22140547a1ad9eb7570218fe7","17-85342123cced2be3c92b0a622a842342","1140723","چهارمحال و بختیاری","Chahār Mahāl va Bakhtiāri","کوهرنگ","Kuhrang","مرکزی","Markazi","","","دشت زرین","Dasht-e Zarrin","قنبر سینی","Qanbar Sini","Ghambar Sini","Morteza Taheri, field notes 2015","177","","","","Bakhtiāri 100%","Morteza Taheri, field notes 2015",32.431920867038926,50.29788332825473,""
"","4f4d71a22140547a1ad9eb75702183c0","16-744bf7fb7875b592881e9c72c7fb970b","1140724","چهارمحال و بختیاری","Chahār Mahāl va Bakhtiāri","کوهرنگ","Kuhrang","مرکزی","Markazi","","","دشت زرین","Dasht-e Zarrin","گردو سفلی","Gerdu Soflā","Gerdu Soflā","Morteza Taheri, field notes 2015","199","","","","Bakhtiāri 100%","Morteza Taheri, field notes 2015",32.444488957946305,50.30271130448216,""
"","4f4d71a22140547a1ad9eb7570217711","16-9c335acf9a72b39fbf3d5f02b43b1f35","1140725","چهارمحال و بختیاری","Chahār Mahāl va Bakhtiāri","کوهرنگ","Kuhrang","مرکزی","Markazi","","","دشت زرین","Dasht-e Zarrin","مزرعه محمدعلی","Mazra'eh Mohammad Ali","Mazrae Mahmaali","Morteza Taheri, field notes 2015","15","","","","Bakhtiāri 100%","Morteza Taheri, field notes 2015",32.406583020915974,50.3373117156631,""
"","4f4d71a22140547a1ad9eb75702167df","16-adb46ce8c4312eaefa12eb745428035d","1140726","چهارمحال و بختیاری","Chahār Mahāl va Bakhtiāri","کوهرنگ","Kuhrang","مرکزی","Markazi","","","دشت زرین","Dasht-e Zarrin","موسی آباد","Musi Ābād","Musi Āvād","Morteza Taheri, field notes 2015","35","","","","Bakhtiāri 100%","Morteza Taheri, field notes 2015",32.4725440188062,50.28399812911498,""
"","4f4d71a22140547a1ad9eb75702158c0","16-651dcf0f68b15001679f7368848b04d5","1140727","چهارمحال و بختیاری","Chahār Mahāl va Bakhtiāri","کوهرنگ","Kuhrang","مرکزی","Markazi","","","دشت زرین","Dasht-e Zarrin","نعل اشکنان علیا","Na'l Ashkenān Oliā","Nahl Eshkanown Owliā","Morteza Taheri, field notes 2015","173","","","","Bakhtiāri 100%","Morteza Taheri, field notes 2015",32.415854773070315,50.31857684444388,""
"","4f4d71a22140547a1ad9eb7570214f98","16-4c881f8554bdbbe35dc859b4e8ca7c26","1140728","چهارمحال و بختیاری","Chahār Mahāl va Bakhtiāri","کوهرنگ","Kuhrang","مرکزی","Markazi","","","دشت زرین","Dasht-e Zarrin","ابوالقاسم آباد","Abolqāsem Ābād","Avolghāsom Ābād","Morteza Taheri, field notes 2015","83","","","","Bakhtiāri 100%","Morteza Taheri, field notes 2015",32.38850191651193,50.33677248294498,""
"","4f4d71a22140547a1ad9eb757021410f","20-49380342cb31177c1378fa4bada66e59","1140729","چهارمحال و بختیاری","Chahār Mahāl va Bakhtiāri","کوهرنگ","Kuhrang","مرکزی","Markazi","","","دشت زرین","Dasht-e Zarrin","بخش آباد","Bakhsh Ābād","Bakhsh Ābād","Morteza Taheri, field notes 2015","116","","","","Bakhtiāri 100%","Morteza Taheri, field notes 2015",32.381469152574724,50.3620881209381,""
"","4f4d71a22140547a1ad9eb757021fbd9","16-5d2d9604e64fd0e8632eac54a957cf23","1140730","چهارمحال و بختیاری","Chahār Mahāl va Bakhtiāri","کوهرنگ","Kuhrang","مرکزی","Markazi","","","دشت زرین","Dasht-e Zarrin","غلام آباد","Gholām Ābād","Gholām Āvād","Morteza Taheri, field notes 2015","109","","","","Bakhtiāri 100%","Morteza Taheri, field notes 2015",32.37354991568577,50.36537114477152,""
"","4f4d71a22140547a1ad9eb757021f849","16-745c7719baa1f3b126265c0c12b2e6e2","1140731","چهارمحال و بختیاری","Chahār Mahāl va Bakhtiāri","کوهرنگ","Kuhrang","مرکزی","Markazi","","","دشت زرین","Dasht-e Zarrin","غلام آباد","Gholām Ābād","Gholām Āvād","Morteza Taheri, field notes 2015","42","","","","Bakhtiāri 100%","Morteza Taheri, field notes 2015",32.48295633471749,50.25466166353623,""
"","4f4d71a22140547a1ad9eb757021f18f","18-5665ef3c9fcde65581dd7cc6fc7a27f7","1140732","چهارمحال و بختیاری","Chahār Mahāl va Bakhtiāri","کوهرنگ","Kuhrang","مرکزی","Markazi","","","دشت زرین","Dasht-e Zarrin","حمزه آباد","Hamzeh Ābād","Hamze Āvād","Morteza Taheri, field notes 2015","156","","","","Bakhtiāri 100%","Morteza Taheri, field notes 2015",32.40379445605107,50.34023485993713,""
"","4f4d71a22140547a1ad9eb757021eb32","16-721172310f92d374af5fb00bb95d1fd7","1140733","چهارمحال و بختیاری","Chahār Mahāl va Bakhtiāri","کوهرنگ","Kuhrang","مرکزی","Markazi","","","دشت زرین","Dasht-e Zarrin","حیدرآباد","Heydar Ābād","Heydar Āvād","Morteza Taheri, field notes 2015","76","","","","Bakhtiāri 100%","Morteza Taheri, field notes 2015",32.36997881345018,50.3730312545297,""
"","4f4d71a22140547a1ad9eb757021dff7","16-675ef59e15cd9df87555c6e3ce31cd49","1140734","چهارمحال و بختیاری","Chahār Mahāl va Bakhtiāri","کوهرنگ","Kuhrang","مرکزی","Markazi","","","دشت زرین","Dasht-e Zarrin","دره بید","Darreh Bid","Dare Bid","Morteza Taheri, field notes 2015","157","","","","Bakhtiāri 100%","Morteza Taheri, field notes 2015",32.392794020141764,50.34653130865519,""
"","4f4d71a22140547a1ad9eb757021decd","14-cdda7e6befa1d5952264cc93fc85476a","1140735","چهارمحال و بختیاری","Chahār Mahāl va Bakhtiāri","کوهرنگ","Kuhrang","مرکزی","Markazi","","","دشت زرین","Dasht-e Zarrin","قلعه سنگی","Qal'eh Sangi","Ghale Sangi","Morteza Taheri, field notes 2015","95","","","","Bakhtiāri 100%","Morteza Taheri, field notes 2015","","",""
"","4f4d71a22140547a1ad9eb757021d0f4","17-a848eb76f56b1fd2728b28b0753a3b7c","1140736","چهارمحال و بختیاری","Chahār Mahāl va Bakhtiāri","کوهرنگ","Kuhrang","مرکزی","Markazi","","","دشت زرین","Dasht-e Zarrin","شهرک میهه","Shahrak Meyheh","Shahrak Meyhe","Morteza Taheri, field notes 2015","931","","","","Bakhtiāri 100%","Morteza Taheri, field notes 2015",32.40034774601221,50.35604193995753,""
"","4f4d71a22140547a1ad9eb757021c59d","16-6bb91933fb94524aad853b2aa9237022","1140737","چهارمحال و بختیاری","Chahār Mahāl va Bakhtiāri","کوهرنگ","Kuhrang","مرکزی","Markazi","","","دشت زرین","Dasht-e Zarrin","صالح آبادذری","Sāleh Abād Zari","Sāle Abād Zari","Morteza Taheri, field notes 2015","98","","","","Bakhtiāri 100%","Morteza Taheri, field notes 2015",32.40778994251125,50.267820003459114,""
"","4f4d71a22140547a1ad9eb757021b7d2","16-77a6f12b1b7e556d07b9d3395bf4d9ab","1140738","چهارمحال و بختیاری","Chahār Mahāl va Bakhtiāri","کوهرنگ","Kuhrang","مرکزی","Markazi","","","دشت زرین","Dasht-e Zarrin","قباد آباد","Qobād Ābād","Ghobād Ābād","Morteza Taheri, field notes 2015","311","","","","Bakhtiāri 100%","Morteza Taheri, field notes 2015",32.40315047769694,50.28266262201877,""
"","4f4d71a22140547a1ad9eb757021b243","16-2bef19c5b8fe003d1d31cfa21ef1561e","1140739","چهارمحال و بختیاری","Chahār Mahāl va Bakhtiāri","کوهرنگ","Kuhrang","مرکزی","Markazi","","","دشت زرین","Dasht-e Zarrin","قلعه بختیار","Qal'eh Bakhtiār","Ghale Bakhtiār","Morteza Taheri, field notes 2015","79","","","","Bakhtiāri 100%","Morteza Taheri, field notes 2015",32.42398396840956,50.26837790293528,""
"","4f4d71a22140547a1ad9eb75702232ec","16-361920d8e68d67211fdd29f4935091fd","1140740","چهارمحال و بختیاری","Chahār Mahāl va Bakhtiāri","کوهرنگ","Kuhrang","مرکزی","Markazi","","","دشت زرین","Dasht-e Zarrin","قلعه علی آباد","Qal'eh Ali Ābād","Ghale Ali Āvād","Morteza Taheri, field notes 2015","655","","","","Bakhtiāri 100%","Morteza Taheri, field notes 2015",32.39425739852188,50.293703912522716,""
"","4f4d71a22140547a1ad9eb7570222554","16-bfe0a10b34de4ab10479dae7e16ad7e2","1140741","چهارمحال و بختیاری","Chahār Mahāl va Bakhtiāri","کوهرنگ","Kuhrang","مرکزی","Markazi","","","دشت زرین","Dasht-e Zarrin","قلعه فریدون","Qal'eh Fereydun","Ghale Fereydun","Morteza Taheri, field notes 2015","258","","","","Bakhtiāri 100%","Morteza Taheri, field notes 2015",32.39718342724291,50.28822631419062,""
"","4f4d71a22140547a1ad9eb7570222371","16-305f798e74ac938da1dc89ef7c73a73d","1140742","چهارمحال و بختیاری","Chahār Mahāl va Bakhtiāri","کوهرنگ","Kuhrang","مرکزی","Markazi","","","دشت زرین","Dasht-e Zarrin","مصطفی آباد","Mostafā Ābād","Mostafā Āvād","Morteza Taheri, field notes 2015","22","","","","Bakhtiāri 100%","Morteza Taheri, field notes 2015",32.41354982584317,50.27790032243743,""
"","4f4d71a22140547a1ad9eb7570221d41","16-2ab9fb7de171e73a977fcc0794dd1997","1140743","چهارمحال و بختیاری","Chahār Mahāl va Bakhtiāri","کوهرنگ","Kuhrang","مرکزی","Markazi","","","دشت زرین","Dasht-e Zarrin","امیرآباد","Amir Ābād","Amir Āvād","Morteza Taheri, field notes 2015","263","","","","Bakhtiāri 100%","Morteza Taheri, field notes 2015",32.436372165086894,50.2391310173405,""
"","4f4d71a22140547a1ad9eb7570221a06","16-0ce8ea134e65b8bf2627f73f2176265c","1140744","چهارمحال و بختیاری","Chahār Mahāl va Bakhtiāri","کوهرنگ","Kuhrang","مرکزی","Markazi","","","دشت زرین","Dasht-e Zarrin","قریب آباد","Qarib Ābād","Ghariv Āvād","Morteza Taheri, field notes 2015","231","","","","Bakhtiāri 100%","Morteza Taheri, field notes 2015",32.39793537182338,50.293210386063805,""
"","4f4d71a22140547a1ad9eb7570221083","14-af4578fe5511de3cfd54d97cfedc143f","1140745","چهارمحال و بختیاری","Chahār Mahāl va Bakhtiāri","کوهرنگ","Kuhrang","مرکزی","Markazi","","","میان کوه موگوئی","Miān Kuh Mowgui","","","","","3570","","","","","","","",""
"","4f4d71a22140547a1ad9eb7570220a88","21-fc741f48bf8c6a667e033a264f990e90","1140746","چهارمحال و بختیاری","Chahār Mahāl va Bakhtiāri","کوهرنگ","Kuhrang","مرکزی","Markazi","","","میان کوه موگوئی","Miān Kuh Mowgui","بیراهگان","Birāhegān","Birāgun","Morteza Taheri, field notes 2015","218","","","","Bakhtiāri 100%","Morteza Taheri, field notes 2015",32.653606421412896,49.910636301607305,""
"","4f4d71a22140547a1ad9eb757022077b","18-f66f5f24c5f6080ae2753fbff5f5231f","1140747","چهارمحال و بختیاری","Chahār Mahāl va Bakhtiāri","کوهرنگ","Kuhrang","مرکزی","Markazi","","","میان کوه موگوئی","Miān Kuh Mowgui","تلو","Talu","Telo","Morteza Taheri, field notes 2015","196","","","","Bakhtiāri 100%","Morteza Taheri, field notes 2015",32.75977054553041,49.76752682265016,""
"","4f4d71a22140547a1ad9eb7570220691","18-f0a15220703eb4ffdd7d63bb84ddebba","1140748","چهارمحال و بختیاری","Chahār Mahāl va Bakhtiāri","کوهرنگ","Kuhrang","مرکزی","Markazi","","","میان کوه موگوئی","Miān Kuh Mowgui","چین","Chin","Chin","Morteza Taheri, field notes 2015","176","","","","Bakhtiāri 100%","Morteza Taheri, field notes 2015",32.78497986921715,49.70978279117829,""
"","4f4d71a22140547a1ad9eb7570220185","18-23ab715e4d6cd4ab95a548b7d3decc30","1140749","چهارمحال و بختیاری","Chahār Mahāl va Bakhtiāri","کوهرنگ","Kuhrang","مرکزی","Markazi","","","میان کوه موگوئی","Miān Kuh Mowgui","دره زرگه","Darreh Zargah","Dare Razga","Morteza Taheri, field notes 2015","64","","","","Bakhtiāri 100%","Morteza Taheri, field notes 2015",32.64706585770609,49.96026830639485,""
"","4f4d71a22140547a1ad9eb75702261d8","18-3c5706588e1d06f8012c43b4f26f5061","1140750","چهارمحال و بختیاری","Chahār Mahāl va Bakhtiāri","کوهرنگ","Kuhrang","مرکزی","Markazi","","","میان کوه موگوئی","Miān Kuh Mowgui","زرک","Zerk","Zerk","Morteza Taheri, field notes 2015","111","","","","Bakhtiāri 100%","Morteza Taheri, field notes 2015",32.75433384013274,49.67608101611207,""
"","4f4d71a22140547a1ad9eb7570225f1e","16-62afb6cd5aad3283b22fe5b10964f0d3","1140751","چهارمحال و بختیاری","Chahār Mahāl va Bakhtiāri","کوهرنگ","Kuhrang","مرکزی","Markazi","","","میان کوه موگوئی","Miān Kuh Mowgui","سرصالح کوتاه","Sar-e Sāleh Kutāh","Sāle Kutāh","Morteza Taheri, field notes 2015","443","","","","Bakhtiāri 100%","Morteza Taheri, field notes 2015",32.72113992928959,49.763678263504346,""
"","4f4d71a22140547a1ad9eb7570225c00","18-78ec46990da25685e3d3076551cbcd74","1140752","چهارمحال و بختیاری","Chahār Mahāl va Bakhtiāri","کوهرنگ","Kuhrang","مرکزی","Markazi","","","میان کوه موگوئی","Miān Kuh Mowgui","سوه","Seveh","Seve","Morteza Taheri, field notes 2015","102","","","","Bakhtiāri 100%","Morteza Taheri, field notes 2015",32.72027340104202,49.803401779009036,""
"","4f4d71a22140547a1ad9eb7570224ffe","16-3756b89e06112dfb3b61878cd6f193d0","1140753","چهارمحال و بختیاری","Chahār Mahāl va Bakhtiāri","کوهرنگ","Kuhrang","مرکزی","Markazi","","","میان کوه موگوئی","Miān Kuh Mowgui","لاوه","Lāveh","Lāve","Morteza Taheri, field notes 2015","","(less than 3 households; population not specified in 2011 Census for reasons of privacy)","","","Bakhtiāri 100%","Morteza Taheri, field notes 2015",32.76652283128141,49.64812953477106,""
"","4f4d71a22140547a1ad9eb7570224e13","19-a1964b60f846eef978a2a947ffaee220","1140754","چهارمحال و بختیاری","Chahār Mahāl va Bakhtiāri","کوهرنگ","Kuhrang","مرکزی","Markazi","","","میان کوه موگوئی","Miān Kuh Mowgui","روستا","Rustā","Rustā","Morteza Taheri, field notes 2015","42","","","","Bakhtiāri 100%","Morteza Taheri, field notes 2015",32.712077250649386,49.67949991410189,""
"","4f4d71a22140547a1ad9eb757022492b","18-9f76bed7de7d8ebaa24e7c77a36de1fa","1140755","چهارمحال و بختیاری","Chahār Mahāl va Bakhtiāri","کوهرنگ","Kuhrang","مرکزی","Markazi","","","میان کوه موگوئی","Miān Kuh Mowgui","دره توت","Darreh Tut","Dare Tit","Morteza Taheri, field notes 2015","91","","","","Bakhtiāri 100%","Morteza Taheri, field notes 2015",32.760626329528144,49.62462700026738,""
"","4f4d71a22140547a1ad9eb757022429b","20-4568fa2e890bccf5a2571409ae5b0d4b","1140756","چهارمحال و بختیاری","Chahār Mahāl va Bakhtiāri","کوهرنگ","Kuhrang","مرکزی","Markazi","","","میان کوه موگوئی","Miān Kuh Mowgui","ای ناز","Ey Nāz","Ey Nāz","Morteza Taheri, field notes 2015","27","","","","Bakhtiāri 100%","Morteza Taheri, field notes 2015",32.70811908653353,49.64726319477603,""
"","4f4d71a22140547a1ad9eb7570224192","16-d6fea45fda6fc950d52444946f769379","1140757","چهارمحال و بختیاری","Chahār Mahāl va Bakhtiāri","کوهرنگ","Kuhrang","مرکزی","Markazi","","","میان کوه موگوئی","Miān Kuh Mowgui","بی آبه","Bi Ābeh","Bi Awe","Morteza Taheri, field notes 2015","52","","","","Bakhtiāri 100%","Morteza Taheri, field notes 2015",32.66938510325109,49.79274928383006,""
"","4f4d71a22140547a1ad9eb75702237ef","20-34e14946134eca2c1624cda975bbdcf2","1140758","چهارمحال و بختیاری","Chahār Mahāl va Bakhtiāri","کوهرنگ","Kuhrang","مرکزی","Markazi","","","میان کوه موگوئی","Miān Kuh Mowgui","پیرعالی","Pir Āli","Pir Āli","Morteza Taheri, field notes 2015","30","","","","Bakhtiāri 100%","Morteza Taheri, field notes 2015",32.75922509722876,49.64006279179729,""
"","4f4d71a22140547a1ad9eb757022376b","18-06bae2b4d760865295792ae10444df08","1140759","چهارمحال و بختیاری","Chahār Mahāl va Bakhtiāri","کوهرنگ","Kuhrang","مرکزی","Markazi","","","میان کوه موگوئی","Miān Kuh Mowgui","خویه","Khuieh","Khoye","Morteza Taheri, field notes 2015","767","","","","Bakhtiāri 100%","Morteza Taheri, field notes 2015",32.71170662913155,49.82659732876405,""
"","4f4d71a22140547a1ad9eb757022c617","23-be0d28e13aaaabbbe233a8631c1645e2","1140760","چهارمحال و بختیاری","Chahār Mahāl va Bakhtiāri","کوهرنگ","Kuhrang","مرکزی","Markazi","","","میان کوه موگوئی","Miān Kuh Mowgui","سرآقاسید","Sar Āqā Seyyed","Āghā Sehid","Morteza Taheri, field notes 2015","1236","","","","Bakhtiāri 100%","Morteza Taheri, field notes 2015",32.659235439457795,49.864263824757884,""
"","4f4d71a22140547a1ad9eb757022bb3f","16-0b52213b0dedc2c5e7d7607dda374939","1140761","چهارمحال و بختیاری","Chahār Mahāl va Bakhtiāri","کوهرنگ","Kuhrang","مرکزی","Markazi","چلگرد","Chelgerd","","","","","Chelgerd","Morteza Taheri, field notes 2015","3061","","","","Bakhtiāri 100%","Morteza Taheri, field notes 2015",32.46598075773943,50.12561717530122,""
"","4f4d71a22140547a1ad9eb757022b942","14-e9be73883ea12cf997aa4bd01bb7b0a2","1140762","چهارمحال و بختیاری","Chahār Mahāl va Bakhtiāri","کوهرنگ","Kuhrang","دوآب صمصامی","Do Āb Samsāmi","","","","","","","","","4065","","","","","","","",""
"","4f4d71a22140547a1ad9eb757022b3d7","16-0c2bbfa4c972ed5282917209ca39aa8f","1140763","چهارمحال و بختیاری","Chahār Mahāl va Bakhtiāri","کوهرنگ","Kuhrang","دوآب صمصامی","Do Āb Samsāmi","","","دوآب","Do Āb","","","","","3558","","","","","","","",""
"","4f4d71a22140547a1ad9eb757022aa6c","16-88390157ff32fd3b3204c00fe5d8760f","1140764","چهارمحال و بختیاری","Chahār Mahāl va Bakhtiāri","کوهرنگ","Kuhrang","دوآب صمصامی","Do Āb Samsāmi","","","دوآب","Do Āb","امیرآباد","Amir Ābād","Amir Āvād","Morteza Taheri, field notes 2015","61","","","","Bakhtiāri 100%","Morteza Taheri, field notes 2015",32.163231862637076,50.28176276255044,""
"","4f4d71a22140547a1ad9eb757022a12a","18-965450bab7070be194d81d6df462c0e7","1140765","چهارمحال و بختیاری","Chahār Mahāl va Bakhtiāri","کوهرنگ","Kuhrang","دوآب صمصامی","Do Āb Samsāmi","","","دوآب","Do Āb","بهمن آباد","Bahman Ābād","Bahman Āvād","Morteza Taheri, field notes 2015","175","","","","Bakhtiāri 100%","Morteza Taheri, field notes 2015",32.17272050450701,50.289905430054944,""
"","4f4d71a22140547a1ad9eb757022938c","16-bd23874a459ea9289483d5eedd137313","1140766","چهارمحال و بختیاری","Chahār Mahāl va Bakhtiāri","کوهرنگ","Kuhrang","دوآب صمصامی","Do Āb Samsāmi","","","دوآب","Do Āb","جمال آباد","Jamāl Ābād","Jamāl Āvād","Morteza Taheri, field notes 2015","36","","","","Bakhtiāri 100%","Morteza Taheri, field notes 2015",32.2074074420496,50.24849462120512,""
"","4f4d71a22140547a1ad9eb75702284aa","16-46b9100878fbfb487a98c703faf41c73","1140767","چهارمحال و بختیاری","Chahār Mahāl va Bakhtiāri","کوهرنگ","Kuhrang","دوآب صمصامی","Do Āb Samsāmi","","","دوآب","Do Āb","دره بید","Darreh Bid","Dare Bid","Morteza Taheri, field notes 2015","85","","","","Bakhtiāri 100%","Morteza Taheri, field notes 2015",32.186605830616415,50.28912274883821,""
"","4f4d71a22140547a1ad9eb757022768f","16-cf532cd59250d99011de66e9e10b2596","1140768","چهارمحال و بختیاری","Chahār Mahāl va Bakhtiāri","کوهرنگ","Kuhrang","دوآب صمصامی","Do Āb Samsāmi","","","دوآب","Do Āb","ده گه شامنصوری","Deh Gah Shāh Mansuri","Deh Gah Shā Mansuri","Morteza Taheri, field notes 2015","73","","","","Bakhtiāri 100%","Morteza Taheri, field notes 2015",32.219407671818985,50.23918199150647,""
"","4f4d71a22140547a1ad9eb7570226bae","16-9b22b3c8eec788ef9093ed40164c6366","1140769","چهارمحال و بختیاری","Chahār Mahāl va Bakhtiāri","کوهرنگ","Kuhrang","دوآب صمصامی","Do Āb Samsāmi","","","دوآب","Do Āb","رزگه","Razgeh","Razge","Morteza Taheri, field notes 2015","58","","","","Bakhtiāri 100%","Morteza Taheri, field notes 2015",32.20193459330341,50.27477673119818,""
"","4f4d71a22140547a1ad9eb7570232da8","16-46417a78f8be3300de79cfd926882ced","1140770","چهارمحال و بختیاری","Chahār Mahāl va Bakhtiāri","کوهرنگ","Kuhrang","دوآب صمصامی","Do Āb Samsāmi","","","دوآب","Do Āb","سیاوش آبادچندار","Siāvash Ābād Chendār","Siāvash Ābād Chenār","Morteza Taheri, field notes 2015","119","","","","Bakhtiāri 100%","Morteza Taheri, field notes 2015",32.1840541529402,50.30596749640971,""
"","4f4d71a22140547a1ad9eb7570231ee2","20-c45f57057c2ff2462be6b2d058174c2d","1140771","چهارمحال و بختیاری","Chahār Mahāl va Bakhtiāri","کوهرنگ","Kuhrang","دوآب صمصامی","Do Āb Samsāmi","","","دوآب","Do Āb","سیف آباد الهیار","Seyf Ābād Allāhyāri","Seyf Ābād Allāhyāri","Morteza Taheri, field notes 2015","35","","","","Bakhtiāri 100%","Morteza Taheri, field notes 2015",32.232189321924075,50.22959530602853,""
"","4f4d71a22140547a1ad9eb7570231858","16-43608f1362d6996701d946b80f45b13f","1140772","چهارمحال و بختیاری","Chahār Mahāl va Bakhtiāri","کوهرنگ","Kuhrang","دوآب صمصامی","Do Āb Samsāmi","","","دوآب","Do Āb","صمصامی","Samsāmi","Samsāmi","Morteza Taheri, field notes 2015","491","","","","Bakhtiāri 100%","Morteza Taheri, field notes 2015",32.166579917781156,50.27557395606121,""
"","4f4d71a22140547a1ad9eb7570230d39","16-53db0f8151dc22bd254e942e3cf009c3","1140773","چهارمحال و بختیاری","Chahār Mahāl va Bakhtiāri","کوهرنگ","Kuhrang","دوآب صمصامی","Do Āb Samsāmi","","","دوآب","Do Āb","کوفی","Kufi","Kufi","Morteza Taheri, field notes 2015","50","","","","Bakhtiāri 100%","Morteza Taheri, field notes 2015",32.19157057589834,50.27520456593189,""
"","4f4d71a22140547a1ad9eb7570230132","16-f6a38e99faebaaa9f6faf46717fd4bf3","1140774","چهارمحال و بختیاری","Chahār Mahāl va Bakhtiāri","کوهرنگ","Kuhrang","دوآب صمصامی","Do Āb Samsāmi","","","دوآب","Do Āb","گل سرخ","Gol-e Sorkh","Gol-e Sor","Morteza Taheri, field notes 2015","44","","","","Bakhtiāri 100%","Morteza Taheri, field notes 2015",32.19737254538883,50.28608492440343,""
"","4f4d71a22140547a1ad9eb757022f1ba","16-61131a0b495492bf8342ad8022e25daa","1140775","چهارمحال و بختیاری","Chahār Mahāl va Bakhtiāri","کوهرنگ","Kuhrang","دوآب صمصامی","Do Āb Samsāmi","","","دوآب","Do Āb","مالک آباد","Mālek Ābād","Mālek Āvād","Morteza Taheri, field notes 2015","54","","","","Bakhtiāri 100%","Morteza Taheri, field notes 2015",32.19448145214664,50.28177833674135,""
"","4f4d71a22140547a1ad9eb757022e773","16-26b15238c30bfc82ec9c2a33d58d1bc5","1140776","چهارمحال و بختیاری","Chahār Mahāl va Bakhtiāri","کوهرنگ","Kuhrang","دوآب صمصامی","Do Āb Samsāmi","","","دوآب","Do Āb","دزک سرچشمه","Dezzak Sarcheshmeh","Dezak Sarcheshme","Morteza Taheri, field notes 2015","75","","","","Bakhtiāri 100%","Morteza Taheri, field notes 2015",32.25735128785554,50.324065461335195,""
"","4f4d71a22140547a1ad9eb757022e47f","16-b69c61e6ea328aa6faf58a7db3d48d2a","1140777","چهارمحال و بختیاری","Chahār Mahāl va Bakhtiāri","کوهرنگ","Kuhrang","دوآب صمصامی","Do Āb Samsāmi","","","دوآب","Do Āb","دم تنگ","Dam Tang","Dam Tang","Morteza Taheri, field notes 2015","68","","","","Bakhtiāri 100%","Morteza Taheri, field notes 2015",32.234476307647135,50.22384464990049,""
"","4f4d71a22140547a1ad9eb757022dd87","16-bc9e03f66b7a99589c2bc43ff1efb1b1","1140778","چهارمحال و بختیاری","Chahār Mahāl va Bakhtiāri","کوهرنگ","Kuhrang","دوآب صمصامی","Do Āb Samsāmi","","","دوآب","Do Āb","حاجی آباد","Hāji Ābād","Hāji Āvād","Morteza Taheri, field notes 2015","62","","","","Bakhtiāri 100%","Morteza Taheri, field notes 2015",32.216795126504365,50.2479254398996,""
"","4f4d71a22140547a1ad9eb757022d005","18-97ee67e94f76f9bcbb676ef7779da09d","1140779","چهارمحال و بختیاری","Chahār Mahāl va Bakhtiāri","کوهرنگ","Kuhrang","دوآب صمصامی","Do Āb Samsāmi","","","دوآب","Do Āb","افسرآباد","Afsar Ābād","Afsar Āvād","Morteza Taheri, field notes 2015","456","","","","Bakhtiāri 100%","Morteza Taheri, field notes 2015",32.15039860679221,50.436050490901586,""
"","4f4d71a22140547a1ad9eb7570237656","18-99c3da3c1bdf786bc8976bb3e1e8089d","1140780","چهارمحال و بختیاری","Chahār Mahāl va Bakhtiāri","کوهرنگ","Kuhrang","دوآب صمصامی","Do Āb Samsāmi","","","دوآب","Do Āb","باغ الگی","Bāgh Algi","Bāgh Alaki","Morteza Taheri, field notes 2015","106","","","","Bakhtiāri 100%","Morteza Taheri, field notes 2015",32.1671425474436,50.343884346847325,""
"","4f4d71a22140547a1ad9eb7570236cb1","16-af3b3f2dc104cb9dca06d1db347e4f3f","1140781","چهارمحال و بختیاری","Chahār Mahāl va Bakhtiāri","کوهرنگ","Kuhrang","دوآب صمصامی","Do Āb Samsāmi","","","دوآب","Do Āb","تبرک احمد آباد","Tabrak-e Ahmad Ābād","Tabrak-e Ahmad Āvād","Morteza Taheri, field notes 2015","","(less than 3 households; population not specified in 2011 Census for reasons of privacy)","","","Bakhtiāri 100%","Morteza Taheri, field notes 2015",32.16064418414049,50.36901128089515,""
"","4f4d71a22140547a1ad9eb757023688e","16-00775cf5242913f470d591ad0265e37a","1140782","چهارمحال و بختیاری","Chahār Mahāl va Bakhtiāri","کوهرنگ","Kuhrang","دوآب صمصامی","Do Āb Samsāmi","","","دوآب","Do Āb","دزک سفلی","Dezzak Soflā","Dezak Soflā","Morteza Taheri, field notes 2015","284","","","","Bakhtiāri 100%","Morteza Taheri, field notes 2015",32.163010168809,50.34861564883987,""
"","4f4d71a22140547a1ad9eb7570235bef","18-2651181121d062467498cd85a026ecdd","1140783","چهارمحال و بختیاری","Chahār Mahāl va Bakhtiāri","کوهرنگ","Kuhrang","دوآب صمصامی","Do Āb Samsāmi","","","دوآب","Do Āb","دزک علیا","Dezzak Oliā","Dezak Owliā","Morteza Taheri, field notes 2015","315","","","","Bakhtiāri 100%","Morteza Taheri, field notes 2015",32.16425444319612,50.326535818940506,""
"","4f4d71a22140547a1ad9eb7570234c87","16-b3c738751bd5eb49fa74162ade531345","1140784","چهارمحال و بختیاری","Chahār Mahāl va Bakhtiāri","کوهرنگ","Kuhrang","دوآب صمصامی","Do Āb Samsāmi","","","دوآب","Do Āb","سیف آباد","Seyf Ābād","Seyf Āvād","Morteza Taheri, field notes 2015","88","","","","Bakhtiāri 100%","Morteza Taheri, field notes 2015",32.16134596892163,50.37669837721945,""
"","4f4d71a22140547a1ad9eb757023426b","17-91da16cf30c09e0d033882a486eaed61","1140785","چهارمحال و بختیاری","Chahār Mahāl va Bakhtiāri","کوهرنگ","Kuhrang","دوآب صمصامی","Do Āb Samsāmi","","","دوآب","Do Āb","صفاآباد","Safā Ābād","Safā Āvād","Morteza Taheri, field notes 2015","214","","","","Bakhtiāri 100%","Morteza Taheri, field notes 2015",32.14338176254649,50.41043639407109,""
"","4f4d71a22140547a1ad9eb7570233c9f","17-85b17d3f5c040823ee0275bc58770133","1140786","چهارمحال و بختیاری","Chahār Mahāl va Bakhtiāri","کوهرنگ","Kuhrang","دوآب صمصامی","Do Āb Samsāmi","","","دوآب","Do Āb","فخرآباد","Fakhr Ābād","Fakhr Āvād","Morteza Taheri, field notes 2015","326","","","","Bakhtiāri 100%","Morteza Taheri, field notes 2015",32.15403635842883,50.3795790697012,""
"","4f4d71a22140547a1ad9eb75702339a9","16-014180dc755413fe3076595afbe42833","1140787","چهارمحال و بختیاری","Chahār Mahāl va Bakhtiāri","کوهرنگ","Kuhrang","دوآب صمصامی","Do Āb Samsāmi","","","دوآب","Do Āb","فرخ آباد","Farrokh Ābād","Farokh Ābād","Morteza Taheri, field notes 2015","33","","","","Bakhtiāri 100%","Morteza Taheri, field notes 2015",32.154817514685895,50.38701415308868,""
"","4f4d71a22140547a1ad9eb757023395e","16-6604bab9728eff171f81f8df824d2bb6","1140788","چهارمحال و بختیاری","Chahār Mahāl va Bakhtiāri","کوهرنگ","Kuhrang","دوآب صمصامی","Do Āb Samsāmi","","","دوآب","Do Āb","کریم آباد","Karim Ābād","Kerim Ābād","Morteza Taheri, field notes 2015","20","","","","Bakhtiāri 100%","Morteza Taheri, field notes 2015",32.15291541289523,50.39611645776757,""
"","4f4d71a22140547a1ad9eb7570232e70","16-4a9ef17a7d574b2341f3ab8bc9ff9401","1140789","چهارمحال و بختیاری","Chahār Mahāl va Bakhtiāri","کوهرنگ","Kuhrang","دوآب صمصامی","Do Āb Samsāmi","","","دوآب","Do Āb","سیاوش آباد گردو","Siāvash Ābād-e Gerdu","Siāvash Ābād-e Gerdu","Morteza Taheri, field notes 2015","223","","","","Bakhtiāri 100%","Morteza Taheri, field notes 2015",32.18324600634499,50.30571000434434,""
"","4f4d71a22140547a1ad9eb757023dab8","14-ec891b1613d734d9534f2a4a2e356a97","1140790","چهارمحال و بختیاری","Chahār Mahāl va Bakhtiāri","کوهرنگ","Kuhrang","دوآب صمصامی","Do Āb Samsāmi","","","شهریاری","Shahriāri","","","","","507","","","","","","","",""
"","4f4d71a22140547a1ad9eb757023d187","18-66b9c5f13d98e8f8ce8d792db17afea5","1140791","چهارمحال و بختیاری","Chahār Mahāl va Bakhtiāri","کوهرنگ","Kuhrang","دوآب صمصامی","Do Āb Samsāmi","","","شهریاری","Shahriāri","بیدامین","Bid Amin","Bid Amin","Morteza Taheri, field notes 2015","99","","","","Bakhtiāri 100%","Morteza Taheri, field notes 2015",32.28461371608995,50.24728995307877,""
"","4f4d71a22140547a1ad9eb757023c2c0","24-c4a2c8001bbda34dc4fe2ef823f09bdb","1140792","چهارمحال و بختیاری","Chahār Mahāl va Bakhtiāri","کوهرنگ","Kuhrang","دوآب صمصامی","Do Āb Samsāmi","","","شهریاری","Shahriāri","چم آباد","Cham Ābād","Cham Āvād","Morteza Taheri, field notes 2015","22","","","","Bakhtiāri 100%","Morteza Taheri, field notes 2015",32.26486952206321,50.29552623181608,""
"","4f4d71a22140547a1ad9eb757023b797","16-bdd365271492b6f431942f3220ffee9e","1140793","چهارمحال و بختیاری","Chahār Mahāl va Bakhtiāri","کوهرنگ","Kuhrang","دوآب صمصامی","Do Āb Samsāmi","","","شهریاری","Shahriāri","حاجی جلیل","Hāji Jalil","Hāji Jalil","Morteza Taheri, field notes 2015","38","","","","Bakhtiāri 100%","Morteza Taheri, field notes 2015",32.27811143182975,50.275358335567184,""
"","4f4d71a22140547a1ad9eb757023b30d","16-fccdcf3e2335d5bac2e313defd745558","1140794","چهارمحال و بختیاری","Chahār Mahāl va Bakhtiāri","کوهرنگ","Kuhrang","دوآب صمصامی","Do Āb Samsāmi","","","شهریاری","Shahriāri","دوروزن آباد","Doruzan Ābād","Doruzan Āvād, Tendār","Morteza Taheri, field notes 2015","43","","","","Bakhtiāri 100%","Morteza Taheri, field notes 2015",32.3268432541346,50.22020230500284,""
"","4f4d71a22140547a1ad9eb757023a546","16-23a3c892f7c7921d0ba399b8ec683c99","1140795","چهارمحال و بختیاری","Chahār Mahāl va Bakhtiāri","کوهرنگ","Kuhrang","دوآب صمصامی","Do Āb Samsāmi","","","شهریاری","Shahriāri","شهریاری","Shahriāri","Shahriāri","Morteza Taheri, field notes 2015","32","","","","Bakhtiāri 100%","Morteza Taheri, field notes 2015",32.26621148129447,50.26783657783963,""
"","4f4d71a22140547a1ad9eb7570239bee","16-5ea2bbc2ceb3e8b1f9f95a08b1fc488e","1140796","چهارمحال و بختیاری","Chahār Mahāl va Bakhtiāri","کوهرنگ","Kuhrang","دوآب صمصامی","Do Āb Samsāmi","","","شهریاری","Shahriāri","علی نقی آباد","Ali Naqi Ābād","Ali Naghi Āvād","Morteza Taheri, field notes 2015","11","","","","Bakhtiāri 100%","Morteza Taheri, field notes 2015",32.2812825344688,50.310973266647515,""
"","4f4d71a22140547a1ad9eb7570238c7e","16-05c12597e5372234a4fa3c14c829b51d","1140797","چهارمحال و بختیاری","Chahār Mahāl va Bakhtiāri","کوهرنگ","Kuhrang","دوآب صمصامی","Do Āb Samsāmi","","","شهریاری","Shahriāri","گل آباد","Gol Ābād","Gol Āvād","Morteza Taheri, field notes 2015","50","","","","Bakhtiāri 100%","Morteza Taheri, field notes 2015",32.271121683741356,50.313116784311845,""
"","4f4d71a22140547a1ad9eb7570238963","16-7f39ba04d58c4d3e9f2f4603e8f67793","1140798","چهارمحال و بختیاری","Chahār Mahāl va Bakhtiāri","کوهرنگ","Kuhrang","دوآب صمصامی","Do Āb Samsāmi","","","شهریاری","Shahriāri","ملک آباد1","Malek Ābād yek","Malek Āvād","Morteza Taheri, field notes 2015","22","","","","Bakhtiāri 100%","Morteza Taheri, field notes 2015",32.2633711960627,50.29827346853107,""
"","4f4d71a22140547a1ad9eb7570238220","16-26a659a93a2e5597e0f09a4faaeec225","1140799","چهارمحال و بختیاری","Chahār Mahāl va Bakhtiāri","کوهرنگ","Kuhrang","دوآب صمصامی","Do Āb Samsāmi","","","شهریاری","Shahriāri","موردل","Mowrdel","Mowrdel","Morteza Taheri, field notes 2015","48","","","","Bakhtiāri 100%","Morteza Taheri, field notes 2015",32.294424285186196,50.274402313242234,""
"","4f4d71a22140547a1ad9eb75702434ba","18-b2b4ac67085485a1c7268b72de476421","1140800","چهارمحال و بختیاری","Chahār Mahāl va Bakhtiāri","کوهرنگ","Kuhrang","دوآب صمصامی","Do Āb Samsāmi","","","شهریاری","Shahriāri","هوربکول","Hurbekul","Hurbekul","Morteza Taheri, field notes 2015","35","","","","Bakhtiāri 100%","Morteza Taheri, field notes 2015",32.29735412123574,50.23964796453357,""
"","4f4d71a22140547a1ad9eb7570242f25","16-6d9f8910e158bf70b5896d44d6e6b1a4","1140801","چهارمحال و بختیاری","Chahār Mahāl va Bakhtiāri","کوهرنگ","Kuhrang","دوآب صمصامی","Do Āb Samsāmi","","","شهریاری","Shahriāri","یاورآباد","Yāvar Ābād","Yāvar Āvād","Morteza Taheri, field notes 2015","49","","","","Bakhtiāri 100%","Morteza Taheri, field notes 2015",32.27984937656049,50.30406389622622,""
"","4f4d71a22140547a1ad9eb7570242516","16-9769fc202446ebbbccf415fafbb3132d","1140802","چهارمحال و بختیاری","Chahār Mahāl va Bakhtiāri","کوهرنگ","Kuhrang","دوآب صمصامی","Do Āb Samsāmi","","","شهریاری","Shahriāri","دزک آباد","Dazzak Ābād","Dazak Āvād","Morteza Taheri, field notes 2015","31","","","","Bakhtiāri 100%","Morteza Taheri, field notes 2015",32.26585200536862,50.31910341647977,""
"","4f4d71a22140547a1ad9eb757024184c","16-528c2ef9cf9155288ec438b72c13c8e7","1140803","چهارمحال و بختیاری","Chahār Mahāl va Bakhtiāri","کوهرنگ","Kuhrang","دوآب صمصامی","Do Āb Samsāmi","","","شهریاری","Shahriāri","نصیرآباد","Nasir Ābād","Nesir Āvād","Morteza Taheri, field notes 2015","27","","","","Bakhtiāri 100%","Morteza Taheri, field notes 2015",32.27078603525203,50.3184382869973,""
"","4f4d71a22140547a1ad9eb7570240e93","14-abb3b245a7a5b60bd6d57b53663dbe07","1140804","چهارمحال و بختیاری","Chahār Mahāl va Bakhtiāri","کوهرنگ","Kuhrang","","","","","","","","","","","1446","","","","","","","",""
"","4f4d71a22140547a1ad9eb757023ff86","14-32cb02b73e426caba3b23db960ca00b2","1140805","چهارمحال و بختیاری","Chahār Mahāl va Bakhtiāri","کوهرنگ","Kuhrang","","","","","","","","","","","1446","","","","","","","",""
"","4f4d71a22140547a1ad9eb757023fd18","14-67a4a0d77358ccdcbaeaaccdd4b58156","1140806","چهارمحال و بختیاری","Chahār Mahāl va Bakhtiāri","کوهرنگ","Kuhrang","","","","","","","","","","","1446","","","","","","","",""
"","4f4d71a22140547a1ad9eb757023f2ae","14-61b448ac762a8945f5f22815f156917b","1140807","چهارمحال و بختیاری","Chahār Mahāl va Bakhtiāri","کیار","Kiār","","","","","","","","","","","58047","","","","","","","",""
"","4f4d71a22140547a1ad9eb757023e8bc","14-384cc60b74bf664dc78831be2da59473","1140808","چهارمحال و بختیاری","Chahār Mahāl va Bakhtiāri","کیار","Kiār","مرکزی","Markazi","","","","","","","","","42540","","","","","","","",""
"","4f4d71a22140547a1ad9eb757023db02","14-0adc1582cc65672cff696b1a920fa38c","1140809","چهارمحال و بختیاری","Chahār Mahāl va Bakhtiāri","کیار","Kiār","مرکزی","Markazi","","","کیار شرقی","Kiār Sharqi","","","","","8356","","","","","","","",""
"","4f4d71a22140547a1ad9eb7570248913","27-e94e2a8dd866f61b3e444df985929f73","1140810","چهارمحال و بختیاری","Chahār Mahāl va Bakhtiāri","کیار","Kiār","مرکزی","Markazi","","","کیار شرقی","Kiār Sharqi","دزک","Dezzak","Dezzak","Morteza Taheri, field notes 2015","3156","","","","Bakhtiāri 100%","Morteza Taheri, field notes 2015",32.08301927380102,50.963559951315396,""
"","4f4d71a22140547a1ad9eb75702481cf","20-6cb9de04c29c01c35be04bbe0db64d13","1140811","چهارمحال و بختیاری","Chahār Mahāl va Bakhtiāri","کیار","Kiār","مرکزی","Markazi","","","کیار شرقی","Kiār Sharqi","قلعه سلیم","Qal'eh Salim","Ghale Salim","Morteza Taheri, field notes 2015","383","","","","Bakhtiāri 100%","Morteza Taheri, field notes 2015",32.09350392694177,50.9557860860243,""
"","4f4d71a22140547a1ad9eb7570247718","31-55c13a7106d128e22cbc3c321736d76d","1140812","چهارمحال و بختیاری","Chahār Mahāl va Bakhtiāri","کیار","Kiār","مرکزی","Markazi","","","کیار شرقی","Kiār Sharqi","گشينرجان","Geshniz Jān","Gishnegun","Morteza Taheri, field notes 2015","1129","","","","Bakhtiāri 100%","Morteza Taheri, field notes 2015",32.093881088114266,50.932715725859175,""
"","4f4d71a22140547a1ad9eb757024718d","22-e448aa821f2aeebb4606a1a2d77e881d","1140813","چهارمحال و بختیاری","Chahār Mahāl va Bakhtiāri","کیار","Kiār","مرکزی","Markazi","","","کیار شرقی","Kiār Sharqi","موسی آباد","Musi Ābād","Musi Ābād","Morteza Taheri, field notes 2015","633","","","","Bakhtiāri 100%","Morteza Taheri, field notes 2015",32.09425145286116,50.90232985455941,""
"","4f4d71a22140547a1ad9eb7570246971","26-44cad7b8c632d8d2d9ddec05aaf562a1","1140814","چهارمحال و بختیاری","Chahār Mahāl va Bakhtiāri","کیار","Kiār","مرکزی","Markazi","","","کیار شرقی","Kiār Sharqi","سرتشنیز","Sar Teshniz","Sar Teshniz","Morteza Taheri, field notes 2015","3055","","","","Bakhtiāri 100%","Morteza Taheri, field notes 2015",32.10898,50.88513,""
"","4f4d71a22140547a1ad9eb7570246048","14-80d92186cddc763561d73785f897860f","1140815","چهارمحال و بختیاری","Chahār Mahāl va Bakhtiāri","کیار","Kiār","مرکزی","Markazi","","","کیار غربی","Kiār Gharbi","","","","","9814","","","","","","","",""
"","4f4d71a22140547a1ad9eb7570245e7f","24-24f29e1603e030873ca7d4094a10878b","1140816","چهارمحال و بختیاری","Chahār Mahāl va Bakhtiāri","کیار","Kiār","مرکزی","Markazi","","","کیار غربی","Kiār Gharbi","خراجی","Kharāji","Kherāji","Morteza Taheri, field notes 2015","3113","","","","Bakhtiāri 100%","Morteza Taheri, field notes 2015",32.09405984167887,50.83086293531546,""
"","4f4d71a22140547a1ad9eb7570244f25","20-65378acf5b647df50201eb216ad34927","1140817","چهارمحال و بختیاری","Chahār Mahāl va Bakhtiāri","کیار","Kiār","مرکزی","Markazi","","","کیار غربی","Kiār Gharbi","حاجی آباد","Hāji Ābād","Hāji Ābād","Morteza Taheri, field notes 2015","582","","","","Bakhtiāri 100%","Morteza Taheri, field notes 2015",31.998951845455842,50.91985761335255,""
"","4f4d71a22140547a1ad9eb7570244114","28-6a664dbf72333343d720d72fb37d6ee1","1140818","چهارمحال و بختیاری","Chahār Mahāl va Bakhtiāri","کیار","Kiār","مرکزی","Markazi","","","کیار غربی","Kiār Gharbi","قلعه ممکا","Qal'eh Mamakā","Ghal Mamakā","Morteza Taheri, field notes 2015","768","","","","Bakhtiāri 100%","Morteza Taheri, field notes 2015",31.977499083420266,50.95333651676329,""
"","4f4d71a22140547a1ad9eb757024400e","22-4025d8e268284fb9e6906484438a77e0","1140819","چهارمحال و بختیاری","Chahār Mahāl va Bakhtiāri","کیار","Kiār","مرکزی","Markazi","","","کیار غربی","Kiār Gharbi","شهرک زوردگان","Shahrak-e Zeverdegān","Shahrak-e Zeverdegun","Morteza Taheri, field notes 2015","482","","","","Bakhtiāri 100%","Morteza Taheri, field notes 2015",31.96751863485956,50.86280862134814,""
"","4f4d71a22140547a1ad9eb757024eaf6","22-929f0a140860e6bf97cc1705f72c47df","1140820","چهارمحال و بختیاری","Chahār Mahāl va Bakhtiāri","کیار","Kiār","مرکزی","Markazi","","","کیار غربی","Kiār Gharbi","جعفرآباد","Ja'far Ābād","Jahfar Ābā","Morteza Taheri, field notes 2015","676","","","","Bakhtiāri 100%","Morteza Taheri, field notes 2015",32.0283207705677,50.85703687251493,""
"","4f4d71a22140547a1ad9eb757024deb2","26-786741e3769feecad6cd7c80fe2c7163","1140821","چهارمحال و بختیاری","Chahār Mahāl va Bakhtiāri","کیار","Kiār","مرکزی","Markazi","","","کیار غربی","Kiār Gharbi","تشنیز","Teshniz","Teshniz","Morteza Taheri, field notes 2015","1584","","","","Bakhtiāri 100%","Morteza Taheri, field notes 2015",32.0737006045146,50.800122986800474,""
"","4f4d71a22140547a1ad9eb757024d5db","18-8e0aa5648535a6fcf3d4069ee3e6c80f","1140822","چهارمحال و بختیاری","Chahār Mahāl va Bakhtiāri","کیار","Kiār","مرکزی","Markazi","","","کیار غربی","Kiār Gharbi","امیرآباد","Amir Ābād","Amir Ābād, Ghahak","Morteza Taheri, field notes 2015","303","","","","Bakhtiāri 100%","Morteza Taheri, field notes 2015",32.081978533655075,50.76907976327354,""
"","4f4d71a22140547a1ad9eb757024cb02","30-da68deb42b844e8189022c5c71f5dfd8","1140823","چهارمحال و بختیاری","Chahār Mahāl va Bakhtiāri","کیار","Kiār","مرکزی","Markazi","","","کیار غربی","Kiār Gharbi","اسلام آباد","Eslām Ābād","Eslām Ābād, Shāhpur Ābād","Morteza Taheri, field notes 2015","91","","","","Bakhtiāri 100%","Morteza Taheri, field notes 2015",32.08533608767898,50.784044156511676,""
"","4f4d71a22140547a1ad9eb757024c3fd","24-858b69ca8c3103f2a3c1d2c16afdaf90","1140824","چهارمحال و بختیاری","Chahār Mahāl va Bakhtiāri","کیار","Kiār","مرکزی","Markazi","","","کیار غربی","Kiār Gharbi","قلعه تک","Qal'eh Tak","Ghelā Tak","Morteza Taheri, field notes 2015","734","","","","Turkic 100%","Morteza Taheri, field notes 2015",32.130060093630995,50.78040351682305,""
"","4f4d71a22140547a1ad9eb757024b405","20-142c9e765dcd743fe228b5d4789b39e1","1140825","چهارمحال و بختیاری","Chahār Mahāl va Bakhtiāri","کیار","Kiār","مرکزی","Markazi","","","کیار غربی","Kiār Gharbi","سلم","Salm","Salm","Morteza Taheri, field notes 2015","1481","","","","Bakhtiāri 100%","Morteza Taheri, field notes 2015",32.06730313635262,50.749749449175205,""
"","4f4d71a22140547a1ad9eb757024a550","14-e4a5b1ae2c79feee12ca0470d765baf3","1140826","چهارمحال و بختیاری","Chahār Mahāl va Bakhtiāri","کیار","Kiār","مرکزی","Markazi","","","دستگرد","Dastgerd","","","Dasgerd","Morteza Taheri, field notes 2015","6090","","","","","","","",""
"","4f4d71a22140547a1ad9eb757024a3d3","16-ee1547cd42c22669bd6349c91767c7c7","1140827","چهارمحال و بختیاری","Chahār Mahāl va Bakhtiāri","کیار","Kiār","مرکزی","Markazi","","","دستگرد","Dastgerd","خیرآباد","Kheyr Ābād","Kheyr Ābād","Morteza Taheri, field notes 2015","1122","","","","Bakhtiāri 100%","Morteza Taheri, field notes 2015",32.13742878304755,50.93510337816881,""
"","4f4d71a22140547a1ad9eb7570249489","22-be18b47a537769b5e8e059b69ee91153","1140828","چهارمحال و بختیاری","Chahār Mahāl va Bakhtiāri","کیار","Kiār","مرکزی","Markazi","","","دستگرد","Dastgerd","ایرانچه","Irāncheh","Irānche","Morteza Taheri, field notes 2015","525","","","","Bakhtiāri 100%","Morteza Taheri, field notes 2015",32.08964268728134,51.02938508607556,""
"","4f4d71a22140547a1ad9eb7570248c49","16-73bcfa36f9760d7cc8efd137308a7250","1140829","چهارمحال و بختیاری","Chahār Mahāl va Bakhtiāri","کیار","Kiār","مرکزی","Markazi","","","دستگرد","Dastgerd","دستگردامامزاده","Dastgerd Emāmzādeh","Dasgerd Emāmzāde","Morteza Taheri, field notes 2015","3261","","","","Bakhtiāri 100%","Morteza Taheri, field notes 2015",32.099234968489014,50.987892951495304,""
"","4f4d71a22140547a1ad9eb7570254eb3","22-7f53cbc1607744c45c2b0656c4ef985c","1140830","چهارمحال و بختیاری","Chahār Mahāl va Bakhtiāri","کیار","Kiār","مرکزی","Markazi","","","دستگرد","Dastgerd","سورک","Surk","Surk","Morteza Taheri, field notes 2015","1182","","","","Bakhtiāri 99%; Turkic 1%","Morteza Taheri, field notes 2015",32.05751,51.05065,""
"","4f4d71a22140547a1ad9eb7570254b88","16-08029e32b8a66f571c67a3b650078153","1140831","چهارمحال و بختیاری","Chahār Mahāl va Bakhtiāri","کیار","Kiār","مرکزی","Markazi","شلمزار","Shalamzār","","","","","Shalamzār","Morteza Taheri, field notes 2015","7132","","","","Bakhtiāri 100%","Morteza Taheri, field notes 2015",32.04587893529778,50.81608758194042,""
"","4f4d71a22140547a1ad9eb7570254045","16-5456873c9f1c8317bd6d8fd74b072d4e","1140832","چهارمحال و بختیاری","Chahār Mahāl va Bakhtiāri","کیار","Kiār","مرکزی","Markazi","گهرو","Gahru","","","","","Gahru","Morteza Taheri, field notes 2015","5949","","","","Bakhtiāri 100%","Morteza Taheri, field notes 2015",32.00577051970014,50.886322810888956,""
"","4f4d71a22140547a1ad9eb7570253aa7","24-65b9ab5b02309975574e5974519de461","1140833","چهارمحال و بختیاری","Chahār Mahāl va Bakhtiāri","کیار","Kiār","مرکزی","Markazi","دستنا","Dastenā","","","","","Dastenā","Morteza Taheri, field notes 2015","5199","","","","Bakhtiāri 100%","Morteza Taheri, field notes 2015",32.058452993583046,50.770585896485294,""
"","4f4d71a22140547a1ad9eb7570253152","14-aa3a06d074f43f76d3ff4adc06bcfb25","1140834","چهارمحال و بختیاری","Chahār Mahāl va Bakhtiāri","کیار","Kiār","ناغان","Nāghān","","","","","","","","","15507","","","","","","","",""
"","4f4d71a22140547a1ad9eb7570252725","15-d0d1ab1f659366f94f44cf29748352c8","1140835","چهارمحال و بختیاری","Chahār Mahāl va Bakhtiāri","کیار","Kiār","ناغان","Nāghān","","","ناغان","Nāghān","","","","","3060","","","","","","","",""
"","4f4d71a22140547a1ad9eb7570251781","18-44e8e02d4944583d810f8940f4054f02","1140836","چهارمحال و بختیاری","Chahār Mahāl va Bakhtiāri","کیار","Kiār","ناغان","Nāghān","","","ناغان","Nāghān","باجگیران","Bāj Girān","Bāzgerun","Morteza Taheri, field notes 2015","352","","","","Bakhtiāri 100%","Morteza Taheri, field notes 2015",31.91870465313497,50.67259669430904,""
"","4f4d71a22140547a1ad9eb75702507db","20-3459acd6d102cdb395e1950f443e4b13","1140837","چهارمحال و بختیاری","Chahār Mahāl va Bakhtiāri","کیار","Kiār","ناغان","Nāghān","","","ناغان","Nāghān","جغدان","Jaghdān","Jaghdun","Morteza Taheri, field notes 2015","630","","","","Bakhtiāri 100%","Morteza Taheri, field notes 2015",31.89119266852577,50.76497402391879,""
"","4f4d71a22140547a1ad9eb7570250012","20-8ed9693306f29264b97eecaa845465ca","1140838","چهارمحال و بختیاری","Chahār Mahāl va Bakhtiāri","کیار","Kiār","ناغان","Nāghān","","","ناغان","Nāghān","جعمان","Ja'mān","Jahmun","Morteza Taheri, field notes 2015","174","","","","Bakhtiāri 100%","Morteza Taheri, field notes 2015",31.914721723950812,50.72339697956548,""
"","4f4d71a22140547a1ad9eb757024fa5a","24-f6b915b2999233cb76557fe713f459b8","1140839","چهارمحال و بختیاری","Chahār Mahāl va Bakhtiāri","کیار","Kiār","ناغان","Nāghān","","","ناغان","Nāghān","ده نو سفلی","Deh Now Soflā","Deh Now Soflā","Morteza Taheri, field notes 2015","18","","","","Bakhtiāri 100%","Morteza Taheri, field notes 2015",31.906130968457823,50.70214490734217,""
"","4f4d71a22140547a1ad9eb757025bdec","18-cee3bbe60b43c68374b04d8a443ee8ba","1140840","چهارمحال و بختیاری","Chahār Mahāl va Bakhtiāri","کیار","Kiār","ناغان","Nāghān","","","ناغان","Nāghān","ده نوعلیا","Deh Now Oliā","Deh Now Owliā","Morteza Taheri, field notes 2015","183","","","","Bakhtiāri 100%","Morteza Taheri, field notes 2015",31.904527969143242,50.70477347217673,""
"","4f4d71a22140547a1ad9eb757025b7e9","20-fd0a195f0c6fe6225feb71892666f155","1140841","چهارمحال و بختیاری","Chahār Mahāl va Bakhtiāri","کیار","Kiār","ناغان","Nāghān","","","ناغان","Nāghān","گاوتوت","Gāv Tut","Gov-e Ti","Morteza Taheri, field notes 2015","33","","","","Bakhtiāri 100%","Morteza Taheri, field notes 2015",31.93981703669178,50.63539109539653,""
"","4f4d71a22140547a1ad9eb757025a835","20-73b9d602409f7bfa02f29671323dbb98","1140842","چهارمحال و بختیاری","Chahār Mahāl va Bakhtiāri","کیار","Kiār","ناغان","Nāghān","","","ناغان","Nāghān","مریک","Maryak","Meryak","Morteza Taheri, field notes 2015","","(less than 3 households; population not specified in 2011 Census for reasons of privacy)","","","Bakhtiāri 100%","Morteza Taheri, field notes 2015",31.95766243636377,50.68956509507192,""
"","4f4d71a22140547a1ad9eb757025a2ca","16-78bd68c9b1b642def43dcde676fa89e7","1140843","چهارمحال و بختیاری","Chahār Mahāl va Bakhtiāri","کیار","Kiār","ناغان","Nāghān","","","ناغان","Nāghān","کرچ سفلی","Karch-e Soflā","Karch-e Soflā","Morteza Taheri, field notes 2015","12","","","","Bakhtiāri 100%","Morteza Taheri, field notes 2015",31.905920673230707,50.72744773976917,""
"","4f4d71a22140547a1ad9eb7570259382","18-93297756b572df33b64084025c5fc2e8","1140844","چهارمحال و بختیاری","Chahār Mahāl va Bakhtiāri","کیار","Kiār","ناغان","Nāghān","","","ناغان","Nāghān","چهارطاق","Chahār Tāq","Chār Tāgh","Morteza Taheri, field notes 2015","197","","","","Bakhtiāri 100%","Morteza Taheri, field notes 2015",31.837882338176623,50.834951056403305,""
"","4f4d71a22140547a1ad9eb75702583c4","18-4a21e78a959e8d9d4d7b2fa388c857b3","1140845","چهارمحال و بختیاری","Chahār Mahāl va Bakhtiāri","کیار","Kiār","ناغان","Nāghān","","","ناغان","Nāghān","چهراز","Chehrāz","Cherāz","Morteza Taheri, field notes 2015","457","","","","Bakhtiāri 100%","Morteza Taheri, field notes 2015",31.87887600450664,50.77111091814398,""
"","4f4d71a22140547a1ad9eb7570257539","14-55b4239b958553cb6a1ca12a0f78a748","1140846","چهارمحال و بختیاری","Chahār Mahāl va Bakhtiāri","کیار","Kiār","ناغان","Nāghān","","","ناغان","Nāghān","دم آب","Dam Āb","Dam Ow","Morteza Taheri, field notes 2015","267","","","","Bakhtiāri 100%","Morteza Taheri, field notes 2015","","",""
"","4f4d71a22140547a1ad9eb75702565ef","16-1ccf419297b2a4db9dc2fd6079035252","1140847","چهارمحال و بختیاری","Chahār Mahāl va Bakhtiāri","کیار","Kiār","ناغان","Nāghān","","","ناغان","Nāghān","عادل آباد","Ādel Ābād","Ādel Ābād","Morteza Taheri, field notes 2015","564","","","","Bakhtiāri 100%","Morteza Taheri, field notes 2015",31.86663058784945,50.77707615099195,""
"","4f4d71a22140547a1ad9eb7570255f62","17-1f9165d24eeb540824df7337b1836a0a","1140848","چهارمحال و بختیاری","Chahār Mahāl va Bakhtiāri","کیار","Kiār","ناغان","Nāghān","","","ناغان","Nāghān","فرخور","Farkhor","Farkhor","Morteza Taheri, field notes 2015","","(less than 3 households; population not specified in 2011 Census for reasons of privacy)","","","Bakhtiāri 100%","Morteza Taheri, field notes 2015",31.84595770842362,50.819161341422806,""
"","4f4d71a22140547a1ad9eb7570255334","24-2ef8215426f11abab369a4c240d09df6","1140849","چهارمحال و بختیاری","Chahār Mahāl va Bakhtiāri","کیار","Kiār","ناغان","Nāghān","","","ناغان","Nāghān","گوشه","Gusheh","Gushe","Morteza Taheri, field notes 2015","160","","","","Bakhtiāri 100%","Morteza Taheri, field notes 2015",31.866521242145335,50.77962470811864,""
"","4f4d71a22140547a1ad9eb757026078a","14-4da57318e77c63b72b43a566bf95ec65","1140850","چهارمحال و بختیاری","Chahār Mahāl va Bakhtiāri","کیار","Kiār","ناغان","Nāghān","","","مشایخ","Mashāyekh","","","","","7586","","","","","","","",""
"","4f4d71a22140547a1ad9eb7570260631","18-829352a1d63f28636301622c6cd6dd70","1140851","چهارمحال و بختیاری","Chahār Mahāl va Bakhtiāri","کیار","Kiār","ناغان","Nāghān","","","مشایخ","Mashāyekh","معدن","Ma'dan","Madan","Morteza Taheri, field notes 2015","1280","","","","Bakhtiāri 100%","Morteza Taheri, field notes 2015",31.69744025708504,50.87642593085071,""
"","4f4d71a22140547a1ad9eb757025fd5c","20-86848227eefcaa90d5395964cd422131","1140852","چهارمحال و بختیاری","Chahār Mahāl va Bakhtiāri","کیار","Kiār","ناغان","Nāghān","","","مشایخ","Mashāyekh","سررک","Sar Rok","Sar Rok","Morteza Taheri, field notes 2015","383","","","","Bakhtiāri 100%","Morteza Taheri, field notes 2015",31.722385970916772,50.872553209079086,""
"","4f4d71a22140547a1ad9eb757025fa83","16-5b99a6377e6c96aa94741e91b9c5f411","1140853","چهارمحال و بختیاری","Chahār Mahāl va Bakhtiāri","کیار","Kiār","ناغان","Nāghān","","","مشایخ","Mashāyekh","کل کله","Kol Koleh","Kol Kole","Morteza Taheri, field notes 2015","365","","","","Bakhtiāri 100%","Morteza Taheri, field notes 2015",31.704341119780164,50.87775630652118,""
"","4f4d71a22140547a1ad9eb757025ea92","20-42b0a9f056f77016370baf63a5fee43a","1140854","چهارمحال و بختیاری","Chahār Mahāl va Bakhtiāri","کیار","Kiār","ناغان","Nāghān","","","مشایخ","Mashāyekh","دره بید","Darreh Bid","Dere Bid","Morteza Taheri, field notes 2015","275","","","","Bakhtiāri 100%","Morteza Taheri, field notes 2015",31.732778429148876,50.86523771134553,""
"","4f4d71a22140547a1ad9eb757025e38d","20-65bb67444a80430e82a35a8a3540269c","1140855","چهارمحال و بختیاری","Chahār Mahāl va Bakhtiāri","کیار","Kiār","ناغان","Nāghān","","","مشایخ","Mashāyekh","دره عشق","Darreh Eshq","Dere Eshgh","Morteza Taheri, field notes 2015","164","","","","Bakhtiāri 100%","Morteza Taheri, field notes 2015",31.766737951554756,50.80155147777692,""
"","4f4d71a22140547a1ad9eb757025db4c","24-a9f6cd96ece20b32f973ba634ac63c17","1140856","چهارمحال و بختیاری","Chahār Mahāl va Bakhtiāri","کیار","Kiār","ناغان","Nāghān","","","مشایخ","Mashāyekh","دره یاس","Darreh Yās","Dere Yās","Morteza Taheri, field notes 2015","342","","","","Bakhtiāri 100%","Morteza Taheri, field notes 2015",31.731463371028237,50.868681126900775,""
"","4f4d71a22140547a1ad9eb757025d3c4","16-0d732684ca30b92eb3e66753d2b93dd6","1140857","چهارمحال و بختیاری","Chahār Mahāl va Bakhtiāri","کیار","Kiār","ناغان","Nāghān","","","مشایخ","Mashāyekh","آبشاران سفلی","Ābshārān Soflā","Ābshār-e Soflā","Morteza Taheri, field notes 2015","373","","","","Bakhtiāri 100%","Morteza Taheri, field notes 2015",31.756903301148114,50.829369674040954,""
"","4f4d71a22140547a1ad9eb757025d062","17-ff4f3dab05d06050d87162d3b342d686","1140858","چهارمحال و بختیاری","Chahār Mahāl va Bakhtiāri","کیار","Kiār","ناغان","Nāghān","","","مشایخ","Mashāyekh","آبشاران علیا","Ābshārān Oliā","Ābshār-e Owliā","Morteza Taheri, field notes 2015","302","","","","Bakhtiāri 100%","Morteza Taheri, field notes 2015",31.760406316842033,50.82070077450661,""
"","4f4d71a22140547a1ad9eb757025c192","20-91cdcea0efa8aae8bc247496e2d6f31a","1140859","چهارمحال و بختیاری","Chahār Mahāl va Bakhtiāri","کیار","Kiār","ناغان","Nāghān","","","مشایخ","Mashāyekh","برنجگان","Berenjegān","Venjegun","Morteza Taheri, field notes 2015","353","","","","Bakhtiāri 100%","Morteza Taheri, field notes 2015",31.804862002516945,50.68930560990096,""
"","4f4d71a22140547a1ad9eb75702653bf","18-d20aa883d72d0e6ca361df30779eb816","1140860","چهارمحال و بختیاری","Chahār Mahāl va Bakhtiāri","کیار","Kiār","ناغان","Nāghān","","","مشایخ","Mashāyekh","پوراز","Powrāz","Powrāz","Morteza Taheri, field notes 2015","34","","","","Bakhtiāri 100%","Morteza Taheri, field notes 2015",31.833928662277007,50.65979652536606,""
"","4f4d71a22140547a1ad9eb757026473b","24-c00e87301a514358149f3b86fca705ff","1140861","چهارمحال و بختیاری","Chahār Mahāl va Bakhtiāri","کیار","Kiār","ناغان","Nāghān","","","مشایخ","Mashāyekh","شهرک دورک","Shahrak Durak","Shahrak Durak","Morteza Taheri, field notes 2015","985","","","","Bakhtiāri 100%","Morteza Taheri, field notes 2015",31.789519829391043,50.729318593070026,""
"","4f4d71a22140547a1ad9eb75702638ef","20-897d53d931ea9f04c6c478339f86aee7","1140862","چهارمحال و بختیاری","Chahār Mahāl va Bakhtiāri","کیار","Kiār","ناغان","Nāghān","","","مشایخ","Mashāyekh","جوزستان","Jowzestān","Jowvestun","Morteza Taheri, field notes 2015","598","","","","Bakhtiāri 100%","Morteza Taheri, field notes 2015",31.868135027566257,50.62744863311342,""
"","4f4d71a22140547a1ad9eb7570262a76","21-e15c53f981ad3d408817ed16983009c3","1140863","چهارمحال و بختیاری","Chahār Mahāl va Bakhtiāri","کیار","Kiār","ناغان","Nāghān","","","مشایخ","Mashāyekh","دوپلان","Do Polān","Do Polun","Morteza Taheri, field notes 2015","398","","","","Bakhtiāri 100%","Morteza Taheri, field notes 2015",31.92038402599881,50.604600033103,""
"","4f4d71a22140547a1ad9eb757026248a","18-7e91307adb7ca2278ad541712fd81504","1140864","چهارمحال و بختیاری","Chahār Mahāl va Bakhtiāri","کیار","Kiār","ناغان","Nāghān","","","مشایخ","Mashāyekh","شهرک گل سفید","Shahrak-e Gel Sefid","Shahrak-e Gel Esbid","Morteza Taheri, field notes 2015","350","","","","Bakhtiāri 100%","Morteza Taheri, field notes 2015",31.901978017027478,50.60677457357093,""
"","4f4d71a22140547a1ad9eb7570261a71","16-4a9e67b9b06346c40726aef7b06ff4a0","1140865","چهارمحال و بختیاری","Chahār Mahāl va Bakhtiāri","کیار","Kiār","ناغان","Nāghān","","","مشایخ","Mashāyekh","آبگلور","Āb Gelur","Ow Gelur","Morteza Taheri, field notes 2015","34","","","","Bakhtiāri 100%","Morteza Taheri, field notes 2015",31.846061952242742,50.59672717974592,""
"","4f4d71a22140547a1ad9eb7570261732","18-5e2d5df7f7c8ade4fe7d46306c186a25","1140866","چهارمحال و بختیاری","Chahār Mahāl va Bakhtiāri","کیار","Kiār","ناغان","Nāghān","","","مشایخ","Mashāyekh","رحیم آباد","Rahim Ābād","Rehim Ābād, Tahde Chu","Morteza Taheri, field notes 2015","128","","","","Bakhtiāri 100%","Morteza Taheri, field notes 2015",31.90483897437016,50.58076856303072,""
"","4f4d71a22140547a1ad9eb75702612b1","18-9bd2ef5bb837ddc30bd3e5154047881c","1140867","چهارمحال و بختیاری","Chahār Mahāl va Bakhtiāri","کیار","Kiār","ناغان","Nāghān","","","مشایخ","Mashāyekh","فیروزآباد","Firuz Ābād","Firuz Ābād","Morteza Taheri, field notes 2015","172","","","","Bakhtiāri 100%","Morteza Taheri, field notes 2015",31.871998812983087,50.59219608488907,""
"","4f4d71a22140547a1ad9eb7570260a9b","22-05d44ecb00e771e22e37471b6a7b05f5","1140868","چهارمحال و بختیاری","Chahār Mahāl va Bakhtiāri","کیار","Kiār","ناغان","Nāghān","","","مشایخ","Mashāyekh","اسلام آباد","Eslām Ābād","Eslām Ābād, Deh Darvish","Morteza Taheri, field notes 2015","58","","","","Bakhtiāri 100%","Morteza Taheri, field notes 2015",31.885494045789436,50.57960791358489,""
"","4f4d71a22140547a1ad9eb757026093f","20-30a9c2f33a380aeb3e757d0b399ca937","1140869","چهارمحال و بختیاری","Chahār Mahāl va Bakhtiāri","کیار","Kiār","ناغان","Nāghān","","","مشایخ","Mashāyekh","شهرک بره مرده","Shahrak Barreh Mordeh","Shahrak Bere Morde","Morteza Taheri, field notes 2015","192","","","","Bakhtiāri 100%","Morteza Taheri, field notes 2015",31.834605931005118,50.56607302073761,""
"","4f4d71a22140547a1ad9eb757026a72a","20-26918416cf5e9b03934a49efce2b7f0a","1140870","چهارمحال و بختیاری","Chahār Mahāl va Bakhtiāri","کیار","Kiār","ناغان","Nāghān","","","مشایخ","Mashāyekh","سرتنگ محمود","Sar Tang Mahmud","Sar Tang Mahmud","Morteza Taheri, field notes 2015","425","","","","Bakhtiāri 100%","Morteza Taheri, field notes 2015",31.895309099570753,50.50420848051269,""
"","4f4d71a22140547a1ad9eb757026a5e1","20-bff5d8b06fb2f816ed1ba32c191b93be","1140871","چهارمحال و بختیاری","Chahār Mahāl va Bakhtiāri","کیار","Kiār","ناغان","Nāghān","","","مشایخ","Mashāyekh","کاونددرویشان","Kāvand-e Darvishān","Kovend Darvishun","Morteza Taheri, field notes 2015","375","","","","Bakhtiāri 100%","Morteza Taheri, field notes 2015",31.926709968284747,50.52938995881557,""
"","4f4d71a22140547a1ad9eb7570269cd2","22-bd513fd717620eceb08182dde64e1911","1140872","چهارمحال و بختیاری","Chahār Mahāl va Bakhtiāri","کیار","Kiār","ناغان","Nāghān","ناغان","Nāghān","","","","","Nāghun","Morteza Taheri, field notes 2015","4861","","","","Bakhtiāri 100%","Morteza Taheri, field notes 2015",31.93539096166057,50.73003228252489,""
