"Attribution","Nunaliit_ID","Nunaliit_revision_code","ALI_unique_ID_place","province_Persian","province_roman","shahrestan_Persian","shahrestan_roman","bakhsh_Persian","bakhsh_roman","city_Persian","city_roman","dehestan_Persian","dehestan_roman","settlement_Persian","settlement_roman","local_name","local_name_source","population_2011_census","population_2011_comment","population_2016_census","population_2016_comment","language_distribution_estimate","language_distribution_source","latitude","longitude","notes"
"(c) Atlas of the Languages of Iran (ALI) and Contributors, 2015-present. Data are available under a CC BY (Attribution Only) licence.","","","","","","","","","","","","","","","","","","","","","","","","","",""
"","64f033874349bbe1086abaf8695cf580","10-0fed1a4f232620e8dd686e9a2ec36966","1130004","همدان","Hamadān","تویسرکان","Tuyserkān","قلقل رود","Qelqel Rud",,,"قلقل رود","Qelqel Rud","برگچه","Bargacheh","Bargacha","Elham Izadi and Mehrdad Meshkinfam, field notes 2020",229,,"","","Central Kurdish 90%; Standard type Persian 10%","Mehrdad Meshkinfam and Elham Izadi, field notes 2020",34.45154,48.30125,""
"","64f033874349bbe1086abaf8695ceabf","10-52323a4d25985aaaddc58170dfeff997","1130005","همدان","Hamadān","تویسرکان","Tuyserkān","قلقل رود","Qelqel Rud",,,"قلقل رود","Qelqel Rud","چاشت خوره","Chāsht Khoreh","Chāsh Khora","Elham Izadi and Mehrdad Meshkinfam, field notes 2020",724,,"","","Central Kurdish 90%; Standard type Persian 10%","Mehrdad Meshkinfam and Elham Izadi, field notes 2020",34.46505,48.26797,""
"","64f033874349bbe1086abaf8695ce024","10-7335fb29879e6815b9768d7195018cbb","1130006","همدان","Hamadān","تویسرکان","Tuyserkān","قلقل رود","Qelqel Rud",,,"قلقل رود","Qelqel Rud","قاسم آباد","Qāsem Ābād","Qāsmāwā","Elham Izadi and Mehrdad Meshkinfam, field notes 2020",621,,"","","Central Kurdish 90%; Standard type Persian 10%","Mehrdad Meshkinfam and Elham Izadi, field notes 2020",34.46466,48.25575,""
"","64f033874349bbe1086abaf8695cda75","10-f36282d66f4e5ae423515d19c6a4ccb6","1130007","همدان","Hamadān","تویسرکان","Tuyserkān","قلقل رود","Qelqel Rud",,,"قلقل رود","Qelqel Rud","قلی لاله سفلی","Qoli Lāleh-ye Soflā","Qulu Lāle-y Dāmun","Elham Izadi and Mehrdad Meshkinfam, field notes 2020",370,,"","","Turkic 90%; Standard type Persian 10%","Mehrdad Meshkinfam and Elham Izadi, field notes 2020",34.52648,48.25901,""
"","64f033874349bbe1086abaf8695cd325","10-d7fef7562696ae57018acffb47ba7f04","1130008","همدان","Hamadān","تویسرکان","Tuyserkān","قلقل رود","Qelqel Rud",,,"قلقل رود","Qelqel Rud","قلی لاله علیا","Qoli Lāleh-ye Oliā","Qulu Lāle-y Bālā","Elham Izadi and Mehrdad Meshkinfam, field notes 2020",53,,"","","Laki 90%; Standard type Persian 10%","Mehrdad Meshkinfam and Elham Izadi, field notes 2020",34.5605324,48.24925483,""
"","64f033874349bbe1086abaf8695cc387","10-76a219932f86a89345f3ae30ea5114f1","1130009","همدان","Hamadān","تویسرکان","Tuyserkān","قلقل رود","Qelqel Rud",,,"قلقل رود","Qelqel Rud","سوتلق","Sutlaq","Sulta","Elham Izadi and Mehrdad Meshkinfam, field notes 2020",905,,"","","Northern Lori 90%; Standard type Persian 10%","Mehrdad Meshkinfam and Elham Izadi, field notes 2020",34.57655,48.27632,""
"","64f033874349bbe1086abaf8695cbaec","10-98aec8eed6b180f9a230bf930b84d6d9","1130010","همدان","Hamadān","تویسرکان","Tuyserkān","قلقل رود","Qelqel Rud",,,"قلقل رود","Qelqel Rud","کریم آباد","Karim Ābād","Karimāwā","Elham Izadi and Mehrdad Meshkinfam, field notes 2020",445,,"","","Turkic 90%; Standard type Persian 10%","Mehrdad Meshkinfam and Elham Izadi, field notes 2020",34.52451,48.28732,""
"","64f033874349bbe1086abaf8695cadb1","10-2daad6d1f7386a855ec403dce8c87ce9","1130011","همدان","Hamadān","تویسرکان","Tuyserkān","قلقل رود","Qelqel Rud",,,"قلقل رود","Qelqel Rud","اکبر آباد","Akbar Ābād","Akbarāwā","Elham Izadi and Mehrdad Meshkinfam, field notes 2020",102,,"","","Turkic 90%; Standard type Persian 10%","Mehrdad Meshkinfam and Elham Izadi, field notes 2020",34.46052,48.25331,""
"","64f033874349bbe1086abaf8695c9eb8","10-a3bfa3678a995e2fe514105e598c927a","1130012","همدان","Hamadān","تویسرکان","Tuyserkān","قلقل رود","Qelqel Rud",,,"قلقل رود","Qelqel Rud","برفیان","Barfiān","Barfiyon","Elham Izadi and Mehrdad Meshkinfam, field notes 2020",158,,"","","Northern Lori 90%; Standard type Persian 10%","Mehrdad Meshkinfam and Elham Izadi, field notes 2020",34.42527,48.26279,""
"","64f033874349bbe1086abaf8695c9b26","10-2347ca6ff561fbc367bd2dcdca8b3db9","1130013","همدان","Hamadān","تویسرکان","Tuyserkān","قلقل رود","Qelqel Rud",,,"قلقل رود","Qelqel Rud","جرا","Jerā","Gerā","Elham Izadi and Mehrdad Meshkinfam, field notes 2020",875,,"","","Northern Lori 90%; Standard type Persian 10%","Mehrdad Meshkinfam and Elham Izadi, field notes 2020",34.41243767,48.29440267,""
"","64f033874349bbe1086abaf8695d3cb2","10-08d792ea1c999aca2d673cd1342b7fbf","1130014","همدان","Hamadān","تویسرکان","Tuyserkān","قلقل رود","Qelqel Rud",,,"قلقل رود","Qelqel Rud","حاجی تو","Hāji Tu","Hāshtü","Elham Izadi and Mehrdad Meshkinfam, field notes 2020",468,,"","","Turkic 90%; Standard type Persian 10%","Mehrdad Meshkinfam and Elham Izadi, field notes 2020",34.45109,48.35371,""
"","64f033874349bbe1086abaf8695d3c9c","10-df9c16559447e59cc9b8e35aa0a2688d","1130015","همدان","Hamadān","تویسرکان","Tuyserkān","قلقل رود","Qelqel Rud",,,"قلقل رود","Qelqel Rud","سادات آباد","Sādāt Ābād","Darasbun","Elham Izadi and Mehrdad Meshkinfam, field notes 2020",49,,"","","Turkic 90%; Standard type Persian 10%","Mehrdad Meshkinfam and Elham Izadi, field notes 2020",34.42115091,48.3241958,""
"","64f033874349bbe1086abaf8695d3109","10-fb718a085651e0b74409a20a6e305ebb","1130016","همدان","Hamadān","تویسرکان","Tuyserkān","قلقل رود","Qelqel Rud",,,"قلقل رود","Qelqel Rud","فتح آباد","Fath Ābād","Fatiyāwā","Elham Izadi and Mehrdad Meshkinfam, field notes 2020",170,,"","","Central Kurdish 90%; Standard type Persian 10%","Mehrdad Meshkinfam and Elham Izadi, field notes 2020",34.47543,48.33267,""
"","64f033874349bbe1086abaf8695d2662","10-c8d03d8ac5561173e37ea52273252e72","1130017","همدان","Hamadān","تویسرکان","Tuyserkān","قلقل رود","Qelqel Rud",,,"قلقل رود","Qelqel Rud","گلیان","Goliān","Goliyon","Elham Izadi and Mehrdad Meshkinfam, field notes 2020",102,,"","","Northern Lori 90%; Standard type Persian 10%","Mehrdad Meshkinfam and Elham Izadi, field notes 2020",34.42389,48.24027,""
"","64f033874349bbe1086abaf8695d1960","10-04669367ac79e0faec6e0642a571d5b3","1130018","همدان","Hamadān","تویسرکان","Tuyserkān","قلقل رود","Qelqel Rud",,,"قلقل رود","Qelqel Rud","منجان","Menjān","Menjon","Elham Izadi and Mehrdad Meshkinfam, field notes 2020",571,,"","","Northern Lori 90%; Standard type Persian 10%","Mehrdad Meshkinfam and Elham Izadi, field notes 2020",34.448847,48.234778,""
"","64f033874349bbe1086abaf8695d1627","10-14113045a11b0b20e012e0dcc74783c2","1130020","همدان","Hamadān","تویسرکان","Tuyserkān","قلقل رود","Qelqel Rud",,,"کمال رود","Kamāl Rud","ابودردا","Abudardā","Biyarde","Elham Izadi and Mehrdad Meshkinfam, field notes 2020",96,,"","","Laki 90%; Standard type Persian 10%","Mehrdad Meshkinfam and Elham Izadi, field notes 2020",34.40688,48.37098,""
"","64f033874349bbe1086abaf8695d151b","10-20d5363d798368e163ee8e0fe43fb36e","1130021","همدان","Hamadān","تویسرکان","Tuyserkān","قلقل رود","Qelqel Rud",,,"کمال رود","Kamāl Rud","بابا کمال","Bābā Kamāl","Bowa Kamāl","Elham Izadi and Mehrdad Meshkinfam, field notes 2020",705,,"","","Laki 50%; Northern Lori 40%; Standard type Persian 10%","Mehrdad Meshkinfam and Elham Izadi, field notes 2020",34.35959,48.4227,""
"","64f033874349bbe1086abaf8695d150a","10-68a2e4df981c9fbadc8e67b649aff203","1130022","همدان","Hamadān","تویسرکان","Tuyserkān","قلقل رود","Qelqel Rud",,,"کمال رود","Kamāl Rud","حمیل آباد","Hamil Ābād","Hamilāwā","Elham Izadi and Mehrdad Meshkinfam, field notes 2020",250,,"","","Laki 90%; Standard type Persian 10%","Mehrdad Meshkinfam and Elham Izadi, field notes 2020",34.40294,48.46263,""
"","64f033874349bbe1086abaf8695d1133","10-81f9bafd52ec5d5042e68fee99fdc06f","1130023","همدان","Hamadān","تویسرکان","Tuyserkān","قلقل رود","Qelqel Rud",,,"کمال رود","Kamāl Rud","گل زرد","Gol-e Zard","Gol-e Zard","Elham Izadi and Mehrdad Meshkinfam, field notes 2020",29,,"","","Laki 90%; Standard type Persian 10%","Mehrdad Meshkinfam and Elham Izadi, field notes 2020",34.37536,48.38178,""
"","64f033874349bbe1086abaf8695d027c","10-eabd5967d53ea5ce0e1530cc2cf61724","1130024","همدان","Hamadān","تویسرکان","Tuyserkān","قلقل رود","Qelqel Rud",,,"کمال رود","Kamāl Rud","هرهره","Horhoreh","Hörhöre","Elham Izadi and Mehrdad Meshkinfam, field notes 2020",24,,"","","Laki 90%; Standard type Persian 10%","Mehrdad Meshkinfam and Elham Izadi, field notes 2020",34.39032933,48.36017833,""
"","64f033874349bbe1086abaf8695d8ef5","10-2eeca8eaa7e60fc057d0dd2ba097a21c","1130025","همدان","Hamadān","تویسرکان","Tuyserkān","قلقل رود","Qelqel Rud",,,"کمال رود","Kamāl Rud","احمد آباد","Ahmad Ābād","Ahmadāwā","Elham Izadi and Mehrdad Meshkinfam, field notes 2020",273,,"","","Laki 90%; Standard type Persian 10%","Mehrdad Meshkinfam and Elham Izadi, field notes 2020",34.44467,48.46719,""
"","64f033874349bbe1086abaf8695d82b5","10-2705f1b9e6e1aba153cfa8f83715944f","1130026","همدان","Hamadān","تویسرکان","Tuyserkān","قلقل رود","Qelqel Rud",,,"کمال رود","Kamāl Rud","درواز","Darvāz","Darwāz","Elham Izadi and Mehrdad Meshkinfam, field notes 2020",84,,"","","Laki 90%; Standard type Persian 10%","Mehrdad Meshkinfam and Elham Izadi, field notes 2020",34.43901,48.43909,""
"","64f033874349bbe1086abaf8695d74ab","10-79e5ff5b522e1ace12dccb9d208f88e1","1130027","همدان","Hamadān","تویسرکان","Tuyserkān","قلقل رود","Qelqel Rud",,,"کمال رود","Kamāl Rud","زاغه","Zāgheh","Zāqa","Elham Izadi and Mehrdad Meshkinfam, field notes 2020",,"(3 or fewer households; population not specified in 2011 Census for reasons of privacy)","","","Laki 90%; Standard type Persian 10%","Mehrdad Meshkinfam and Elham Izadi, field notes 2020",34.44268,48.39797,""
"","64f033874349bbe1086abaf8695d6f4a","10-05f0ce98e856e42574435ae4d9768a0c","1130028","همدان","Hamadān","تویسرکان","Tuyserkān","قلقل رود","Qelqel Rud",,,"کمال رود","Kamāl Rud","میانده","Miān Deh","Miyonde","Elham Izadi and Mehrdad Meshkinfam, field notes 2020",1038,,"","","Laki 90%; Standard type Persian 10%","Mehrdad Meshkinfam and Elham Izadi, field notes 2020",34.39793331,48.42527747,""
"","64f033874349bbe1086abaf8695d6481","10-3945332a5685c1a16a340400ddb00426","1130029","همدان","Hamadān","تویسرکان","Tuyserkān","قلقل رود","Qelqel Rud",,,"کمال رود","Kamāl Rud","یعقوب آباد","Ya'qub Ābād","Yaqubāwā","Elham Izadi and Mehrdad Meshkinfam, field notes 2020",184,,"","","Laki 90%; Standard type Persian 10%","Mehrdad Meshkinfam and Elham Izadi, field notes 2020",34.43720822,48.38795716,""
"","64f033874349bbe1086abaf8695d593c","10-b7235c73c6f293532ba16c652075ec65","1130031","همدان","Hamadān","تویسرکان","Tuyserkān","قلقل رود","Qelqel Rud",,,"میان رود","Miān Rud","تقی آباد","Taqi Ābād","Taqa","Elham Izadi and Mehrdad Meshkinfam, field notes 2020",225,,"","","Laki 90%; Standard type Persian 10%","Mehrdad Meshkinfam and Elham Izadi, field notes 2020",34.59434,48.14331,""
"","64f033874349bbe1086abaf8695d52b2","10-c22088a39d0f40cb3f8275657f872c43","1130032","همدان","Hamadān","تویسرکان","Tuyserkān","قلقل رود","Qelqel Rud",,,"میان رود","Miān Rud","شأن آباد","Sha'n Ābād","Shanāwā","Elham Izadi and Mehrdad Meshkinfam, field notes 2020",876,,"","","Laki 90%; Standard type Persian 10%","Mehrdad Meshkinfam and Elham Izadi, field notes 2020",34.60974,48.10334,""
"","64f033874349bbe1086abaf8695d4cf1","10-6b0b6096b2ca848bd20e331f4ea397b6","1130033","همدان","Hamadān","تویسرکان","Tuyserkān","قلقل رود","Qelqel Rud",,,"میان رود","Miān Rud","مین آباد","Min Ābād","Minawā","Elham Izadi and Mehrdad Meshkinfam, field notes 2020",279,,"","","Laki 90%; Standard type Persian 10%","Mehrdad Meshkinfam and Elham Izadi, field notes 2020",34.61431429,48.13788415,""
"","64f033874349bbe1086abaf8695d4646","10-e1f48a609492b81943b39b358e939aba","1130034","همدان","Hamadān","تویسرکان","Tuyserkān","قلقل رود","Qelqel Rud",,,"میان رود","Miān Rud","هوش","Hush","Hush","Elham Izadi and Mehrdad Meshkinfam, field notes 2020",191,,"","","Northern Lori 90%; Standard type Persian 10%","Mehrdad Meshkinfam and Elham Izadi, field notes 2020",34.62498888,48.14219715,""
"","64f033874349bbe1086abaf8695d4049","10-f98da07323c81857f663ec3cb0fed094","1130035","همدان","Hamadān","تویسرکان","Tuyserkān","قلقل رود","Qelqel Rud",,,"میان رود","Miān Rud","سازیان","Sāziān","Sāziyon","Elham Izadi and Mehrdad Meshkinfam, field notes 2020",289,,"","","Laki 90%; Standard type Persian 10%","Mehrdad Meshkinfam and Elham Izadi, field notes 2020",34.57319,48.15251,""
"","64f033874349bbe1086abaf8695df00b","10-4d56b4f63af36bdc139bb7723e289cd3","1130036","همدان","Hamadān","تویسرکان","Tuyserkān","قلقل رود","Qelqel Rud",,,"میان رود","Miān Rud","سگاوی","Sagāvi","Sagowi","Elham Izadi and Mehrdad Meshkinfam, field notes 2020",272,,"","","Laki 90%; Standard type Persian 10%","Mehrdad Meshkinfam and Elham Izadi, field notes 2020",34.58481,48.09961,""
"","64f033874349bbe1086abaf8695de72d","10-b7e960517677815df43928e5dffd95c5","1130037","همدان","Hamadān","تویسرکان","Tuyserkān","قلقل رود","Qelqel Rud",,,"میان رود","Miān Rud","باقر آباد","Bāqer Ābād","Bāqerāwā","Elham Izadi and Mehrdad Meshkinfam, field notes 2020",20,,"","","Laki 90%; Standard type Persian 10%","Mehrdad Meshkinfam and Elham Izadi, field notes 2020",34.50864,48.22039,""
"","64f033874349bbe1086abaf8695dd9ef","10-8f7be73185b7926bc74fcfe5c67dbe37","1130038","همدان","Hamadān","تویسرکان","Tuyserkān","قلقل رود","Qelqel Rud",,,"میان رود","Miān Rud","علی آباد","Ali Ābād","Aliāwā","Elham Izadi and Mehrdad Meshkinfam, field notes 2020",160,,"","","Laki 90%; Standard type Persian 10%","Mehrdad Meshkinfam and Elham Izadi, field notes 2020",34.51044,48.21964,""
"","64f033874349bbe1086abaf8695dd357","10-c2429c72adcbfeea287616448475304c","1130039","همدان","Hamadān","تویسرکان","Tuyserkān","قلقل رود","Qelqel Rud",,,"میان رود","Miān Rud","کنجوران سفلی","Kanjurān-e Soflā","Kenjeron-e Dāmun","Elham Izadi and Mehrdad Meshkinfam, field notes 2020",517,,"","","Northern Lori 90%; Standard type Persian 10%","Mehrdad Meshkinfam and Elham Izadi, field notes 2020",34.55161,48.12925,""
"","64f033874349bbe1086abaf8695dc9ff","10-2f26fcf9c8ab04c01c475d96b297fd85","1130040","همدان","Hamadān","تویسرکان","Tuyserkān","قلقل رود","Qelqel Rud",,,"میان رود","Miān Rud","کنجوران علیا","Kanjurān-e Oliā","Kenjeron-e Bālā","Elham Izadi and Mehrdad Meshkinfam, field notes 2020",198,,"","","Northern Lori 90%; Standard type Persian 10%","Mehrdad Meshkinfam and Elham Izadi, field notes 2020",34.55542,48.20295,""
"","64f033874349bbe1086abaf8695dc556","10-1c33eb9a19bd58ed100954298e3c23cc","1130041","همدان","Hamadān","تویسرکان","Tuyserkān","قلقل رود","Qelqel Rud",,,"میان رود","Miān Rud","کنجوران وسطی","Kanjurān-e Vostā","Kenjeron-e Vasat","Elham Izadi and Mehrdad Meshkinfam, field notes 2020",56,,"","","Northern Lori 90%; Standard type Persian 10%","Mehrdad Meshkinfam and Elham Izadi, field notes 2020",34.55215,48.17993,""
"","64f033874349bbe1086abaf8695db596","10-c29634837f8c41b6a8178bfa800b6d9d","1130042","همدان","Hamadān","تویسرکان","Tuyserkān","قلقل رود","Qelqel Rud",,,"میان رود","Miān Rud","قلعه نو","Qal'eh Now","Qeḷā Nu","Elham Izadi and Mehrdad Meshkinfam, field notes 2020",791,,"","","Laki 50%; Turkic 40%; Standard type Persian 10%","Mehrdad Meshkinfam and Elham Izadi, field notes 2020",34.4891,48.16467,""
"","64f033874349bbe1086abaf8695db3f2","10-e5891f5f3e8a2f862c54853345dd2ef6","1130043","همدان","Hamadān","تویسرکان","Tuyserkān","قلقل رود","Qelqel Rud",,,"میان رود","Miān Rud","لامیان","Lāmiān","Lāmiyon","Elham Izadi and Mehrdad Meshkinfam, field notes 2020",2067,,"","","Northern Lori 90%; Standard type Persian 10%","Mehrdad Meshkinfam and Elham Izadi, field notes 2020",34.46057,48.18944,""
"","64f033874349bbe1086abaf8695da699","10-8a269b82fa048ea742f52c1ac24ee3b0","1130044","همدان","Hamadān","تویسرکان","Tuyserkān","قلقل رود","Qelqel Rud",,,"میان رود","Miān Rud","مراد آباد","Morād Ābād","Morādawā","Elham Izadi and Mehrdad Meshkinfam, field notes 2020",616,,"","","Laki 90%; Standard type Persian 10%","Mehrdad Meshkinfam and Elham Izadi, field notes 2020",34.50817,48.15569,""
"","64f033874349bbe1086abaf8695d9830","10-2892cf800257d48b86091ffbd3baf654","1130045","همدان","Hamadān","تویسرکان","Tuyserkān","قلقل رود","Qelqel Rud",,,"میان رود","Miān Rud","ولاشجرد","Velāshejerd","Velāshegerd","Elham Izadi and Mehrdad Meshkinfam, field notes 2020",1168,,"","","Northern Lori 90%; Standard type Persian 10%","Mehrdad Meshkinfam and Elham Izadi, field notes 2020",34.53544012,48.11891546,""
"","64f033874349bbe1086abaf8695e423d","10-fb48091a63d887f8203b52f461825bbe","1130046","همدان","Hamadān","تویسرکان","Tuyserkān","قلقل رود","Qelqel Rud",,,"میان رود","Miān Rud","قشلاق پوست شوران","Qeshlāq-e Pust Shurān","Qeshlāq-e Pusa Shurān","Elham Izadi and Mehrdad Meshkinfam, field notes 2020",234,,"","","Northern Lori 90%; Standard type Persian 10%","Mehrdad Meshkinfam and Elham Izadi, field notes 2020",34.4021,48.21559,""
"","64f033874349bbe1086abaf8695e340e","10-af4b293a7fd19370493cab9d0a05c9f1","1130047","همدان","Hamadān","تویسرکان","Tuyserkān","قلقل رود","Qelqel Rud",,,"میان رود","Miān Rud","قصبستان","Qasabestān","Qasison","Elham Izadi and Mehrdad Meshkinfam, field notes 2020",390,,"","","Northern Lori 90%; Standard type Persian 10%","Mehrdad Meshkinfam and Elham Izadi, field notes 2020",34.41964,48.18891,""
"","64f033874349bbe1086abaf8695e2f5f","10-e485629c6d0881ae08e2fcdc5f651fc4","1130048","همدان","Hamadān","تویسرکان","Tuyserkān","قلقل رود","Qelqel Rud",,,"میان رود","Miān Rud","کارخانه","Kārkhāneh","Kārkhona","Elham Izadi and Mehrdad Meshkinfam, field notes 2020",298,,"","","Northern Lori 90%; Standard type Persian 10%","Mehrdad Meshkinfam and Elham Izadi, field notes 2020",34.42547,48.18803,""
"","64f033874349bbe1086abaf8695e2dae","10-2e776d1667535f4a581772ee07016977","1130049","همدان","Hamadān","تویسرکان","Tuyserkān","قلقل رود","Qelqel Rud",,,"میان رود","Miān Rud","کمانگران","Kamāngeran","Kamonagerā","Elham Izadi and Mehrdad Meshkinfam, field notes 2020",282,,"","","Laki 90%; Standard type Persian 10%","Mehrdad Meshkinfam and Elham Izadi, field notes 2020",34.44955,48.1458,""
"","64f033874349bbe1086abaf8695e25ae","10-e9342009798907ef2f909f1d08820145","1130050","همدان","Hamadān","تویسرکان","Tuyserkān","قلقل رود","Qelqel Rud",,,"میان رود","Miān Rud","گاوکران","Gāv Korān","Gowkorān","Elham Izadi and Mehrdad Meshkinfam, field notes 2020",118,,"","","Laki 90%; Standard type Persian 10%","Mehrdad Meshkinfam and Elham Izadi, field notes 2020",34.48719,48.12102,""
"","64f033874349bbe1086abaf8695e1aa8","10-06cbb1dbd9bdf94a01e7569417eaf4b7","1130051","همدان","Hamadān","تویسرکان","Tuyserkān","قلقل رود","Qelqel Rud",,,"میان رود","Miān Rud","معتصم آباد، جوادیه","Mo'tasem Ābād, Javādieh","Motasemāwā, Javādiye","Elham Izadi and Mehrdad Meshkinfam, field notes 2020",274,,"","","Laki 90%; Standard type Persian 10%","Mehrdad Meshkinfam and Elham Izadi, field notes 2020",34.45527,48.17861,""
"","64f033874349bbe1086abaf8695e0edc","10-b770afce17e47cb38d7aba03440dddfb","1130052","همدان","Hamadān","تویسرکان","Tuyserkān","قلقل رود","Qelqel Rud","فرسفج","Farasfaj",,,,,"Faresfa, Faresfad","Elham Izadi and Mehrdad Meshkinfam, field notes 2020",1721,,"","","Northern Lori 90%; Standard type Persian 10%","Mehrdad Meshkinfam and Elham Izadi, field notes 2020",34.48606167,48.28831795,""
"","64f033874349bbe1086abaf8695e0d05","10-3e1937425a8bccaad2c4b49cf71b284c","1130055","همدان","Hamadān","تویسرکان","Tuyserkān","مرکزی","Markazi",,,"حیقوق نبی","Hayaquq-e Nabi","فریازان","Faryāzān","Faryāzow","Elham Izadi and Mehrdad Meshkinfam, field notes 2020",1322,,"","","Northern Lori 90%; Standard type Persian 10%","Mehrdad Meshkinfam and Elham Izadi, field notes 2020",34.51828633,48.33670433,""
"","64f033874349bbe1086abaf8695dff69","10-e220f9749489d4945ead20601898bd94","1130056","همدان","Hamadān","تویسرکان","Tuyserkān","مرکزی","Markazi",,,"حیقوق نبی","Hayaquq-e Nabi","نجفیه، پیلان گرگ","Najafieh, Pilān Gorg","Najafiye, Pilan Gor","Elham Izadi and Mehrdad Meshkinfam, field notes 2020",228,,"","","Northern Lori 90%; Standard type Persian 10%","Mehrdad Meshkinfam and Elham Izadi, field notes 2020",34.55504094,48.38626205,""
"","64f033874349bbe1086abaf8695df05a","10-3a74a01818a6207e261a47f128d24380","1130057","همدان","Hamadān","تویسرکان","Tuyserkān","مرکزی","Markazi",,,"حیقوق نبی","Hayaquq-e Nabi","قلعه شیخ","Qal'eh Sheykh","Qelā Shikh","Elham Izadi and Mehrdad Meshkinfam, field notes 2020",91,,"","","Northern Lori 90%; Standard type Persian 10%","Mehrdad Meshkinfam and Elham Izadi, field notes 2020",34.543624,48.38450792,""
"","64f033874349bbe1086abaf8695ea2ca","10-07dd7a982096ec67f93b6dad292ab4fa","1130058","همدان","Hamadān","تویسرکان","Tuyserkān","مرکزی","Markazi",,,"حیقوق نبی","Hayaquq-e Nabi","آریکان","Ārikān","Āriko","Elham Izadi and Mehrdad Meshkinfam, field notes 2020",497,,"","","Northern Lori 90%; Standard type Persian 10%","Mehrdad Meshkinfam and Elham Izadi, field notes 2020",34.53299,48.3604,""
"","64f033874349bbe1086abaf8695ea070","10-c9ac7f24cd14b0ddd170f33c39af06d8","1130059","همدان","Hamadān","تویسرکان","Tuyserkān","مرکزی","Markazi",,,"حیقوق نبی","Hayaquq-e Nabi","سهام آباد","Sahām Ābād","Sāmāwā","Elham Izadi and Mehrdad Meshkinfam, field notes 2020",294,,"","","Laki 90%; Standard type Persian 10%","Mehrdad Meshkinfam and Elham Izadi, field notes 2020",34.56117,48.24883,""
"","64f033874349bbe1086abaf8695e91b1","10-91ee1c3eda0ad5212fbee44a19a0442e","1130060","همدان","Hamadān","تویسرکان","Tuyserkān","مرکزی","Markazi",,,"حیقوق نبی","Hayaquq-e Nabi","روداور","Rudāvar","Rudelāwar","Elham Izadi and Mehrdad Meshkinfam, field notes 2020",629,,"","","Northern Lori 90%; Standard type Persian 10%","Mehrdad Meshkinfam and Elham Izadi, field notes 2020",34.54893,48.40988,""
"","64f033874349bbe1086abaf8695e87b0","10-9e9afa85edaaf766386281cc1d4e5fd8","1130061","همدان","Hamadān","تویسرکان","Tuyserkān","مرکزی","Markazi",,,"حیقوق نبی","Hayaquq-e Nabi","قلعه بختیار","Qal'eh Bakhtiār","Qale Bakhtiyār","Elham Izadi and Mehrdad Meshkinfam, field notes 2020",24,,"","","Northern Lori 90%; Standard type Persian 10%","Mehrdad Meshkinfam and Elham Izadi, field notes 2020",34.49475718,48.35640368,""
"","64f033874349bbe1086abaf8695e7b32","10-e8976093e95b3625cdb8fb9f2cf1b9bb","1130062","همدان","Hamadān","تویسرکان","Tuyserkān","مرکزی","Markazi",,,"حیقوق نبی","Hayaquq-e Nabi","جعفریه، دو قلعه","Ja'farieh, Do Qal'eh","Jafariye, Du Qelā","Elham Izadi and Mehrdad Meshkinfam, field notes 2020",1848,,"","","Northern Lori 90%; Standard type Persian 10%","Mehrdad Meshkinfam and Elham Izadi, field notes 2020",34.53205,48.39201,""
"","64f033874349bbe1086abaf8695e6f72","10-47fb20c4a701401401561115dcd6240a","1130063","همدان","Hamadān","تویسرکان","Tuyserkān","مرکزی","Markazi",,,"حیقوق نبی","Hayaquq-e Nabi","مالیچه","Mālicheh","Mālicha","Elham Izadi and Mehrdad Meshkinfam, field notes 2020",426,,"","","Northern Lori 90%; Standard type Persian 10%","Mehrdad Meshkinfam and Elham Izadi, field notes 2020",34.48242325,48.37337944,""
"","64f033874349bbe1086abaf8695e6ca0","10-8fd77b13714b474b88781159db14077b","1130064","همدان","Hamadān","تویسرکان","Tuyserkān","مرکزی","Markazi",,,"حیقوق نبی","Hayaquq-e Nabi","محمود آباد","Mahmud Ābād","Mahmudāwā","Elham Izadi and Mehrdad Meshkinfam, field notes 2020",673,,"","","Northern Lori 90%; Standard type Persian 10%","Mehrdad Meshkinfam and Elham Izadi, field notes 2020",34.51562051,48.33793138,""
"","64f033874349bbe1086abaf8695e5edd","10-55d0aefa75a8c78f2a10e0f398cc0092","1130065","همدان","Hamadān","تویسرکان","Tuyserkān","مرکزی","Markazi",,,"حیقوق نبی","Hayaquq-e Nabi","نقده","Noqaddeh","Noqade, Noqada","Elham Izadi and Mehrdad Meshkinfam, field notes 2020",456,,"","","Northern Lori 90%; Standard type Persian 10%","Mehrdad Meshkinfam and Elham Izadi, field notes 2020",34.51330884,48.39678431,""
"","64f033874349bbe1086abaf8695e5535","10-462f41f39090049f1cf8fe8a1c2cd7ac","1130066","همدان","Hamadān","تویسرکان","Tuyserkān","مرکزی","Markazi",,,"حیقوق نبی","Hayaquq-e Nabi","ریواسیجان","Rivāsijān","Ruwāson","Elham Izadi and Mehrdad Meshkinfam, field notes 2020",237,,"","","Northern Lori 90%; Standard type Persian 10%","Mehrdad Meshkinfam and Elham Izadi, field notes 2020",34.57662,48.43244,""
"","64f033874349bbe1086abaf8695e5002","10-11ae6734c8aef79a08256da66862e0ed","1130067","همدان","Hamadān","تویسرکان","Tuyserkān","مرکزی","Markazi",,,"حیقوق نبی","Hayaquq-e Nabi","دورودان، قلعه آجل بیگ","Durudān, Qal'eh-ye Ājal Beyg","Qel Ājal Vey","Elham Izadi and Mehrdad Meshkinfam, field notes 2020",61,,"","","Northern Lori 90%; Standard type Persian 10%","Mehrdad Meshkinfam and Elham Izadi, field notes 2020",34.55951,48.41372,""
"","64f033874349bbe1086abaf8695ed4c0","10-0af0b42435f6ca8712cc727c19a12d31","1130068","همدان","Hamadān","تویسرکان","Tuyserkān","مرکزی","Markazi",,,"حیقوق نبی","Hayaquq-e Nabi","گل آباد","Gol Ābād","Kalāvā","Elham Izadi and Mehrdad Meshkinfam, field notes 2020",273,,"","","Northern Lori 90%; Standard type Persian 10%","Mehrdad Meshkinfam and Elham Izadi, field notes 2020",34.56623535,48.39820323,""
"","64f033874349bbe1086abaf8695ed409","10-e036c75f6fb1b434ca6c52f1cfb620c4","1130069","همدان","Hamadān","تویسرکان","Tuyserkān","مرکزی","Markazi",,,"حیقوق نبی","Hayaquq-e Nabi","مبارک آباد","Mobārak Ābād","Mārkābā","Elham Izadi and Mehrdad Meshkinfam, field notes 2020",533,,"","","Northern Lori 90%; Standard type Persian 10%","Mehrdad Meshkinfam and Elham Izadi, field notes 2020",34.56941153,48.42036368,""
"","64f033874349bbe1086abaf8695ec7d2","10-70dd3d549fbb1aefd1e489948fe0ec3a","1130070","همدان","Hamadān","تویسرکان","Tuyserkān","مرکزی","Markazi",,,"حیقوق نبی","Hayaquq-e Nabi","آرتیمان","Ārtimān","Ārtimon","Elham Izadi and Mehrdad Meshkinfam, field notes 2020",1249,,"","","Northern Lori 90%; Standard type Persian 10%","Mehrdad Meshkinfam and Elham Izadi, field notes 2020",34.58026,48.45,""
"","64f033874349bbe1086abaf8695ec0b0","10-880f29d25846681fc215b05bd8346754","1130071","همدان","Hamadān","تویسرکان","Tuyserkān","مرکزی","Markazi",,,"حیقوق نبی","Hayaquq-e Nabi","دارانی سفلی","Dārāni-ye Soflā","Dāroni Dāmun","Elham Izadi and Mehrdad Meshkinfam, field notes 2020",570,,"","","Northern Lori 90%; Standard type Persian 10%","Mehrdad Meshkinfam and Elham Izadi, field notes 2020",34.4999,48.41241,""
"","64f033874349bbe1086abaf8695ebc44","10-4b2584226484661e71c5d784519a6edd","1130072","همدان","Hamadān","تویسرکان","Tuyserkān","مرکزی","Markazi",,,"حیقوق نبی","Hayaquq-e Nabi","دارانی علیا","Dārāni-ye Oliā","Dāroni Bālā","Elham Izadi and Mehrdad Meshkinfam, field notes 2020",571,,"","","Northern Lori 90%; Standard type Persian 10%","Mehrdad Meshkinfam and Elham Izadi, field notes 2020",34.50242,48.42927,""
"","64f033874349bbe1086abaf8695ebb1d","10-d0a327984eab3023d34f7e330c648cee","1130073","همدان","Hamadān","تویسرکان","Tuyserkān","مرکزی","Markazi",,,"حیقوق نبی","Hayaquq-e Nabi","امام زاده زید","Emāmzādeh Zeyd","Shā Zeyd","Elham Izadi and Mehrdad Meshkinfam, field notes 2020",1358,,"","","Northern Lori 50%; mixed 40%; Standard type Persian 10%","Mehrdad Meshkinfam and Elham Izadi, field notes 2020",34.53255656,48.44142701,""
"","64f033874349bbe1086abaf8695eb71d","10-0d05246da11d82cc7b9480eff24ab248","1130074","همدان","Hamadān","تویسرکان","Tuyserkān","مرکزی","Markazi",,,"حیقوق نبی","Hayaquq-e Nabi","فرمانیه","Farmānieh","Farmāniye","Elham Izadi and Mehrdad Meshkinfam, field notes 2020",,"(3 or fewer households; population not specified in 2011 Census for reasons of privacy)","","","Northern Lori 90%; Standard type Persian 10%","Mehrdad Meshkinfam and Elham Izadi, field notes 2020",34.52152461,48.4836034,""
"","64f033874349bbe1086abaf8695eb48f","10-4692f8f289a7b109a5b158fc44546983","1130075","همدان","Hamadān","تویسرکان","Tuyserkān","مرکزی","Markazi",,,"حیقوق نبی","Hayaquq-e Nabi","قلعه قاضی","Qal'eh Qāzi","Qale Qāzi","Elham Izadi and Mehrdad Meshkinfam, field notes 2020",456,,"","","Northern Lori 90%; Standard type Persian 10%","Mehrdad Meshkinfam and Elham Izadi, field notes 2020",34.53557725,48.43202591,""
"","64f033874349bbe1086abaf8695eac94","10-2af6b3cee91133fcd5b9604126f97a93","1130077","همدان","Hamadān","تویسرکان","Tuyserkān","مرکزی","Markazi",,,"خرم رود","Khorram Rud","ابرلاق سفلی","Abarlāq-e Soflā","Ivallā-y Dāmun","Elham Izadi and Mehrdad Meshkinfam, field notes 2020",87,,"","","Northern Lori 90%; Standard type Persian 10%","Mehrdad Meshkinfam and Elham Izadi, field notes 2020",34.67218,48.22934,""
"","64f033874349bbe1086abaf8695ea38f","10-3097365faa94f9a6b07cc2ca6cd3ca5b","1130078","همدان","Hamadān","تویسرکان","Tuyserkān","مرکزی","Markazi",,,"خرم رود","Khorram Rud","ترمیانک","Tormiānak","Tormiyone","Elham Izadi and Mehrdad Meshkinfam, field notes 2020",414,,"","","Laki 90%; Standard type Persian 10%","Mehrdad Meshkinfam and Elham Izadi, field notes 2020",34.63151,48.17512,""
"","64f033874349bbe1086abaf8695f2cd8","10-03ee1fed9c176072016c3cbbd7920e05","1130079","همدان","Hamadān","تویسرکان","Tuyserkān","مرکزی","Markazi",,,"خرم رود","Khorram Rud","سوری","Suri","Suri","Elham Izadi and Mehrdad Meshkinfam, field notes 2020",174,,"","","Northern Lori 90%; Standard type Persian 10%","Mehrdad Meshkinfam and Elham Izadi, field notes 2020",34.64344743,48.20763232,""
"","64f033874349bbe1086abaf8695f2833","10-929b8b35fdfc6ceb0d4a2b981ba5554b","1130080","همدان","Hamadān","تویسرکان","Tuyserkān","مرکزی","Markazi",,,"خرم رود","Khorram Rud","بهار آب، قلعه امیر خان","Bahār Āb, Qal'eh Amir Khān","Qelā Amir Khon","Elham Izadi and Mehrdad Meshkinfam, field notes 2020",241,,"","","Laki 90%; Standard type Persian 10%","Mehrdad Meshkinfam and Elham Izadi, field notes 2020",34.63458,48.18629,""
"","64f033874349bbe1086abaf8695f19a3","10-ef41425fad7ac8c0edbb8731a0f2d1c8","1130081","همدان","Hamadān","تویسرکان","Tuyserkān","مرکزی","Markazi",,,"خرم رود","Khorram Rud","گنبله","Gonbaleh","Gomāla","Elham Izadi and Mehrdad Meshkinfam, field notes 2020",335,,"","","Laki 90%; Standard type Persian 10%","Mehrdad Meshkinfam and Elham Izadi, field notes 2020",34.62848489,48.2305705,""
"","64f033874349bbe1086abaf8695f198b","10-d699dfb5e959fc80385b815c7883ce7c","1130082","همدان","Hamadān","تویسرکان","Tuyserkān","مرکزی","Markazi",,,"خرم رود","Khorram Rud","قلقل","Qolqol","Qolqol","Elham Izadi and Mehrdad Meshkinfam, field notes 2020",1430,,"","","Laki 90%; Standard type Persian 10%","Mehrdad Meshkinfam and Elham Izadi, field notes 2020",34.62110838,48.23897118,""
"","64f033874349bbe1086abaf8695f0aa0","10-801d6314ec189297fdb0136cfe330ef9","1130083","همدان","Hamadān","تویسرکان","Tuyserkān","مرکزی","Markazi",,,"خرم رود","Khorram Rud","نجف آباد","Najaf Ābād","Najafāvā","Elham Izadi and Mehrdad Meshkinfam, field notes 2020",121,,"","","Laki 90%; Standard type Persian 10%","Mehrdad Meshkinfam and Elham Izadi, field notes 2020",34.63939151,48.23413794,""
"","64f033874349bbe1086abaf8695eff30","10-1995046d6b9c1e137f471ee35c4407d1","1130084","همدان","Hamadān","تویسرکان","Tuyserkān","مرکزی","Markazi",,,"خرم رود","Khorram Rud","ابدالان","Abdālān","Abdālon","Elham Izadi and Mehrdad Meshkinfam, field notes 2020",413,,"","","Northern Lori 50%; Laki 40%; Standard type Persian 10%","Mehrdad Meshkinfam and Elham Izadi, field notes 2020",34.65205,48.24523,""
"","64f033874349bbe1086abaf8695efd6b","10-9d11c911894dbcd49046f57b74c6094a","1130085","همدان","Hamadān","تویسرکان","Tuyserkān","مرکزی","Markazi",,,"خرم رود","Khorram Rud","حاجی آباد","Hāji Ābād","Hājiyāwā","Elham Izadi and Mehrdad Meshkinfam, field notes 2020",722,,"","","Laki 90%; Standard type Persian 10%","Mehrdad Meshkinfam and Elham Izadi, field notes 2020",34.62206,48.26414,""
"","64f033874349bbe1086abaf8695ef26c","10-1841b3f8c175dd279fb8a0299c12efb2","1130086","همدان","Hamadān","تویسرکان","Tuyserkān","مرکزی","Markazi",,,"خرم رود","Khorram Rud","قلعه استیجان","Qal'eh Estijān","Qelā Sisone","Elham Izadi and Mehrdad Meshkinfam, field notes 2020",168,,"","","Northern Lori 60%; Laki 30%; Standard type Persian 10%","Mehrdad Meshkinfam and Elham Izadi, field notes 2020",34.67984065,48.32476967,""
"","64f033874349bbe1086abaf8695ee2b5","12-25b46119790c6ed15706b8e5c2a3bfae","1130087","همدان","Hamadān","تویسرکان","Tuyserkān","مرکزی","Markazi",,,"خرم رود","Khorram Rud","ابرلاق علیا","Abarlāq-e Oliā","Ivallā-y Bālā","Elham Izadi and Mehrdad Meshkinfam, field notes 2020",137,,"","","Northern Lori 90%; Standard type Persian 10%","Mehrdad Meshkinfam and Elham Izadi, field notes 2020",34.69143113810449,48.23735963398932,""
"","64f033874349bbe1086abaf8695ede95","10-5ec2046bfea7a78b51ceb49b53bef4f8","1130088","همدان","Hamadān","تویسرکان","Tuyserkān","مرکزی","Markazi",,,"خرم رود","Khorram Rud","کندر","Kondor","Koner","Elham Izadi and Mehrdad Meshkinfam, field notes 2020",1318,,"","","Laki 90%; Standard type Persian 10%","Mehrdad Meshkinfam and Elham Izadi, field notes 2020",34.69802669,48.27278849,""
"","64f033874349bbe1086abaf8695f72e9","10-7e43f7228610caa33b92cac9fd65add3","1130089","همدان","Hamadān","تویسرکان","Tuyserkān","مرکزی","Markazi",,,"خرم رود","Khorram Rud","ورداوردسفلی","Vardāvard-e Soflā","Vardave-y Dāmun","Elham Izadi and Mehrdad Meshkinfam, field notes 2020",140,,"","","Northern Lori 90%; Standard type Persian 10%","Mehrdad Meshkinfam and Elham Izadi, field notes 2020",34.70029567,48.29427867,""
"","64f033874349bbe1086abaf8695f6b27","10-e4285c778a6130dac881372e304ed975","1130090","همدان","Hamadān","تویسرکان","Tuyserkān","مرکزی","Markazi",,,"خرم رود","Khorram Rud","شهرستانه","Shahrestāneh","Sharesone","Elham Izadi and Mehrdad Meshkinfam, field notes 2020",694,,"","","Northern Lori 90%; Standard type Persian 10%","Mehrdad Meshkinfam and Elham Izadi, field notes 2020",34.70331267,48.36215667,""
"","64f033874349bbe1086abaf8695f63de","10-680ecb7e43c23fe7180f1f43795d8f4e","1130091","همدان","Hamadān","تویسرکان","Tuyserkān","مرکزی","Markazi",,,"خرم رود","Khorram Rud","کهنوش","Kohnush","Konush","Elham Izadi and Mehrdad Meshkinfam, field notes 2020",1396,,"","","Northern Lori 90%; Standard type Persian 10%","Mehrdad Meshkinfam and Elham Izadi, field notes 2020",34.72536667,48.27824867,""
"","64f033874349bbe1086abaf8695f5681","10-e43d734ccd746b623daf061a4c984742","1130092","همدان","Hamadān","تویسرکان","Tuyserkān","مرکزی","Markazi",,,"خرم رود","Khorram Rud","ورداوردعلیا","Vardāvard-e Oliā","Vardave-y Bālā","Elham Izadi and Mehrdad Meshkinfam, field notes 2020",1344,,"","","Northern Lori 50%; Laki 40%; Standard type Persian 10%","Mehrdad Meshkinfam and Elham Izadi, field notes 2020",34.70352533,48.31422233,""
"","64f033874349bbe1086abaf8695f55fe","10-6ecddf9c38c28cc613b3596ccbbb7cc6","1130093","همدان","Hamadān","تویسرکان","Tuyserkān","مرکزی","Markazi",,,"خرم رود","Khorram Rud","ورداوردوسطی","Vardāvard-e Vostā","Vardave-y Vasat","Elham Izadi and Mehrdad Meshkinfam, field notes 2020",222,,"","","Northern Lori 90%; Standard type Persian 10%","Mehrdad Meshkinfam and Elham Izadi, field notes 2020",34.70384133,48.30171333,""
"","64f033874349bbe1086abaf8695f532c","10-bc411137fba80b8074c21d8f32b44efb","1130094","همدان","Hamadān","تویسرکان","Tuyserkān","مرکزی","Markazi",,,"خرم رود","Khorram Rud","تیمیجان","Timijān","Timiyon","Elham Izadi and Mehrdad Meshkinfam, field notes 2020",230,,"","","Northern Lori 90%; Standard type Persian 10%","Mehrdad Meshkinfam and Elham Izadi, field notes 2020",34.69041,48.34222,""
"","64f033874349bbe1086abaf8695f503e","10-844ebff03925355f0a79fcc275226f38","1130095","همدان","Hamadān","تویسرکان","Tuyserkān","مرکزی","Markazi",,,"خرم رود","Khorram Rud","سیستانه","Sistāneh","Sisone","Elham Izadi and Mehrdad Meshkinfam, field notes 2020",119,,"","","Northern Lori 90%; Standard type Persian 10%","Mehrdad Meshkinfam and Elham Izadi, field notes 2020",34.66345033,48.32012433,""
"","64f033874349bbe1086abaf8695f4292","10-35d508d70f1d17365e8559f6965bd820","1130096","همدان","Hamadān","تویسرکان","Tuyserkān","مرکزی","Markazi",,,"خرم رود","Khorram Rud","اشتران","Oshtorān","Ashtarān","Elham Izadi and Mehrdad Meshkinfam, field notes 2020",1291,,"","","Northern Lori 90%; Standard type Persian 10%","Mehrdad Meshkinfam and Elham Izadi, field notes 2020",34.63824,48.29766,""
"","64f033874349bbe1086abaf8695f394f","10-aaa47d23e467309843cc6a81cb3c55c4","1130098","همدان","Hamadān","تویسرکان","Tuyserkān","مرکزی","Markazi",,,"سیدشهاب","Seyyed Shahāb","بادامک","Bādāmak","Bādomak","Elham Izadi and Mehrdad Meshkinfam, field notes 2020",564,,"","","Laki 90%; Standard type Persian 10%","Mehrdad Meshkinfam and Elham Izadi, field notes 2020",34.496,48.54735,""
"","64f033874349bbe1086abaf8695f332c","10-d8292dd0047e82c75ae0fd37135359e3","1130099","همدان","Hamadān","تویسرکان","Tuyserkān","مرکزی","Markazi",,,"سیدشهاب","Seyyed Shahāb","خیر آباد","Kheyr Ābād","Kheyravā","Elham Izadi and Mehrdad Meshkinfam, field notes 2020",228,,"","","Northern Lori 90%; Standard type Persian 10%","Mehrdad Meshkinfam and Elham Izadi, field notes 2020",34.46613,48.56657,""
"","64f033874349bbe1086abaf8695fbc46","10-03bb421c7684674a6f18e3c4f5258767","1130100","همدان","Hamadān","تویسرکان","Tuyserkān","مرکزی","Markazi",,,"سیدشهاب","Seyyed Shahāb","دولایی","Dowlāi","Dölöy","Elham Izadi and Mehrdad Meshkinfam, field notes 2020",283,,"","","Northern Lori 90%; Standard type Persian 10%","Mehrdad Meshkinfam and Elham Izadi, field notes 2020",34.49042,48.52046,""
"","64f033874349bbe1086abaf8695fb3ba","10-e48f3d05973a8eacbcbd1a1d5c49075f","1130101","همدان","Hamadān","تویسرکان","Tuyserkān","مرکزی","Markazi",,,"سیدشهاب","Seyyed Shahāb","سنگ سفید","Sang Sefid","Sang Espid","Elham Izadi and Mehrdad Meshkinfam, field notes 2020",171,,"","","Northern Lori 90%; Standard type Persian 10%","Mehrdad Meshkinfam and Elham Izadi, field notes 2020",34.47399233,48.52397833,""
"","64f033874349bbe1086abaf8695faf8b","10-7c5795190a11e013fd75b38ac32f373a","1130102","همدان","Hamadān","تویسرکان","Tuyserkān","مرکزی","Markazi",,,"سیدشهاب","Seyyed Shahāb","جیجان کوه","Jijān Kuh","Jijon","Elham Izadi and Mehrdad Meshkinfam, field notes 2020",1468,,"","","Northern Lori 90%; Standard type Persian 10%","Mehrdad Meshkinfam and Elham Izadi, field notes 2020",34.48033,48.5095,""
"","64f033874349bbe1086abaf8695faea0","10-ee68f186d8b45f40541d4b133526b585","1130103","همدان","Hamadān","تویسرکان","Tuyserkān","مرکزی","Markazi",,,"سیدشهاب","Seyyed Shahāb","اشترمل","Oshtormel","Oshtormel","Elham Izadi and Mehrdad Meshkinfam, field notes 2020",1940,,"","","Laki 90%; Standard type Persian 10%","Mehrdad Meshkinfam and Elham Izadi, field notes 2020",34.46939,48.49788,""
"","64f033874349bbe1086abaf8695fadf4","10-043d8ce022e291099fb91bc1be8435a1","1130104","همدان","Hamadān","تویسرکان","Tuyserkān","مرکزی","Markazi",,,"سیدشهاب","Seyyed Shahāb","سیدشهاب","Seyyed Shahāb","Seyshāv","Elham Izadi and Mehrdad Meshkinfam, field notes 2020",3215,,"","","Turkic 90%; Standard type Persian 10%","Mehrdad Meshkinfam and Elham Izadi, field notes 2020",34.43919451,48.52405786,""
"","64f033874349bbe1086abaf8695fa186","10-2bfea09a662463379d70306ae76bd78a","1130105","همدان","Hamadān","تویسرکان","Tuyserkān","مرکزی","Markazi",,,"سیدشهاب","Seyyed Shahāb","شوق آباد","Shoq Ābād","Shoghawā","Elham Izadi and Mehrdad Meshkinfam, field notes 2020",212,,"","","Laki 90%; Standard type Persian 10%","Mehrdad Meshkinfam and Elham Izadi, field notes 2020",34.41607067,48.52904142,""
"","64f033874349bbe1086abaf8695f91b0","10-eb588e177e3333978a507293c20f3a5e","1130106","همدان","Hamadān","تویسرکان","Tuyserkān","مرکزی","Markazi",,,"سیدشهاب","Seyyed Shahāb","پیرغیب","Pir Gheyb","Pir Gheyv","Elham Izadi and Mehrdad Meshkinfam, field notes 2020",203,,"","","Laki 90%; Standard type Persian 10%","Mehrdad Meshkinfam and Elham Izadi, field notes 2020",34.39718,48.52553,""
"","64f033874349bbe1086abaf8695f8c7f","10-f25b9982e2ee00274d56e9cb5e4ff804","1130108","همدان","Hamadān","تویسرکان","Tuyserkān","مرکزی","Markazi",,,"کرزان رود","Korzān Rud","آرزووج","Ārzovaj","Ārzowa","Elham Izadi and Mehrdad Meshkinfam, field notes 2020",143,,"","","Turkic 90%; Standard type Persian 10%","Mehrdad Meshkinfam and Elham Izadi, field notes 2020",34.65346,48.37219,""
"","64f033874349bbe1086abaf8695f7f06","10-e77303a56b5ac11894f985d2e596c0fe","1130109","همدان","Hamadān","تویسرکان","Tuyserkān","مرکزی","Markazi",,,"کرزان رود","Korzān Rud","سنجوزان","Sanjuzān","Sangezon","Elham Izadi and Mehrdad Meshkinfam, field notes 2020",231,,"","","Turkic 50%; Northern Lori 40%; Standard type Persian 10%","Mehrdad Meshkinfam and Elham Izadi, field notes 2020",34.65625833,48.39314433,""
"","64f033874349bbe1086abaf8695f7af6","10-8c169ad807779652b1c989179c30b0d1","1130111","همدان","Hamadān","تویسرکان","Tuyserkān","مرکزی","Markazi",,,"کرزان رود","Korzān Rud","بوجان، کوَن","Bujān, Kovan","Bujān, Kowen","Elham Izadi and Mehrdad Meshkinfam, field notes 2020",335,,"","","Northern Lori 90%; Standard type Persian 10%","Mehrdad Meshkinfam and Elham Izadi, field notes 2020",34.65861,48.35768,""
"","64f033874349bbe1086abaf8695ff758","10-044b07245846bcc4a59326e050251cc5","1130112","همدان","Hamadān","تویسرکان","Tuyserkān","مرکزی","Markazi",,,"کرزان رود","Korzān Rud","باباپیر","Bābā Pir ","Bow Pir","Elham Izadi and Mehrdad Meshkinfam, field notes 2020",1194,,"","","Northern Lori 90%; Standard type Persian 10%","Mehrdad Meshkinfam and Elham Izadi, field notes 2020",34.61478,48.40197,""
"","64f033874349bbe1086abaf8695ff385","10-829a3df27f99efb37c5e12a21a0527e1","1130113","همدان","Hamadān","تویسرکان","Tuyserkān","مرکزی","Markazi",,,"کرزان رود","Korzān Rud","باباپیرعلی","Bābā Pir Ali","Bow Pir Ali","Elham Izadi and Mehrdad Meshkinfam, field notes 2020",720,,"","","Northern Lori 90%; Standard type Persian 10%","Mehrdad Meshkinfam and Elham Izadi, field notes 2020",34.62848,48.34919,""
"","64f033874349bbe1086abaf8695fef06","10-ddaaf8fe6612c91f4b92c3faf19e0033","1130114","همدان","Hamadān","تویسرکان","Tuyserkān","مرکزی","Markazi",,,"کرزان رود","Korzān Rud","قلعه نوروز","Qal'eh Nowruz","Qelā","Elham Izadi and Mehrdad Meshkinfam, field notes 2020",253,,"","","Northern Lori 90%; Standard type Persian 10%","Mehrdad Meshkinfam and Elham Izadi, field notes 2020",34.61135767,48.41248367,""
"","64f033874349bbe1086abaf8695fe945","10-06466613abe89aeddfa574133d2101ac","1130115","همدان","Hamadān","تویسرکان","Tuyserkān","مرکزی","Markazi",,,"کرزان رود","Korzān Rud","کرزان","Korzān","Kowrzo","Elham Izadi and Mehrdad Meshkinfam, field notes 2020",659,,"","","Northern Lori 90%; Standard type Persian 10%","Mehrdad Meshkinfam and Elham Izadi, field notes 2020",34.59490933,48.35340733,""
"","64f033874349bbe1086abaf8695fe3e3","10-0381b2d78ddeccd92eb0d63192c48bbc","1130116","همدان","Hamadān","تویسرکان","Tuyserkān","مرکزی","Markazi",,,"کرزان رود","Korzān Rud","کلنجان","Kolenjān","Kolengon","Elham Izadi and Mehrdad Meshkinfam, field notes 2020",118,,"","","Northern Lori 90%; Standard type Persian 10%","Mehrdad Meshkinfam and Elham Izadi, field notes 2020",34.594513,48.393118,""
"","64f033874349bbe1086abaf8695fd7e0","11-d54d1fe5d082d11a7a0fef729eea6a82","1130117","همدان","Hamadān","تویسرکان","Tuyserkān","مرکزی","Markazi","تویسرکان","Tuyserkān",,,,,"Tüserko","Elham Izadi and Mehrdad Meshkinfam, field notes 2020",44516,,"","","Northern Lori 40%; Standard type Persian 30%; Laki 30%","Mehrdad Meshkinfam and Elham Izadi, field notes 2020",34.55086383,48.44531612,""
"","64f033874349bbe1086abaf8695fd1b6","10-44c654c36240c6abe58e3d47bb6cb38f","1130118","همدان","Hamadān","تویسرکان","Tuyserkān","مرکزی","Markazi","سرکان","Serkān",,,,,"Serko","Elham Izadi and Mehrdad Meshkinfam, field notes 2020",4271,,"","","Northern Lori 50%; Laki 30%; Standard type Persian 20%","Mehrdad Meshkinfam and Elham Izadi, field notes 2020",34.59971033,48.44828633,""
"","64f033874349bbe1086abaf8695fd093","10-f75e89aff807e223cb078da525f6c6e3","1130122","همدان","Hamadān","ملایر","Malāyer","جوکار","Jowkār",,,"المهدی","al-Mahdi","علی آباد دمق","Ali Ābād-e Damaq","Aliyābād-e Damagh","Elham Izadi and Mehrdad Meshkinfam, field notes 2020",5751,,"","","Turkic 90%; Standard type Persian 10%","Mehrdad Meshkinfam and Elham Izadi, field notes 2020",34.53038826,48.60533947,""
"","64f033874349bbe1086abaf8695fc4c5","10-c7bace9fbecd2676f7f2f1952364f808","1130123","همدان","Hamadān","ملایر","Malāyer","جوکار","Jowkār",,,"المهدی","al-Mahdi","ده نو علی آباد","Deh Now-e Ali Ābād","Dehnow-e Aliyābād","Elham Izadi and Mehrdad Meshkinfam, field notes 2020",1378,,"","","Turkic 90%; Standard type Persian 10%","Mehrdad Meshkinfam and Elham Izadi, field notes 2020",34.47376,48.61679,""
"","64f033874349bbe1086abaf8695fc219","10-8be00790a7e0b422948ac33c63b2ad04","1130124","همدان","Hamadān","ملایر","Malāyer","جوکار","Jowkār",,,"المهدی","al-Mahdi","قشلاق ده نو","Qeshlāgh-e Deh Now","Gheshlāgh-e Dehnow","Elham Izadi and Mehrdad Meshkinfam, field notes 2020",425,,"","","Turkic 90%; Standard type Persian 10%","Mehrdad Meshkinfam and Elham Izadi, field notes 2020",34.482805,48.631844,""
"","64f033874349bbe1086abaf869604425","10-60789cc27d00a030fcc2f5740a87b8d4","1130125","همدان","Hamadān","ملایر","Malāyer","جوکار","Jowkār",,,"المهدی","al-Mahdi","حسن آباد قوش بلاغ","Hasan Ābād-e Qush Bolāgh","Hasanābād-e Ghush Bolāgh","Elham Izadi and Mehrdad Meshkinfam, field notes 2020",176,,"","","Turkic 90%; Standard type Persian 10%","Mehrdad Meshkinfam and Elham Izadi, field notes 2020",34.42355,48.65574,""
"","64f033874349bbe1086abaf869603606","10-153a92d1f8b5f79c2077754d372de4c5","1130126","همدان","Hamadān","ملایر","Malāyer","جوکار","Jowkār",,,"المهدی","al-Mahdi","حسین آباد شاملو","Hoseyn Ābād-e Shāmlu","Hoseynābād-e Shāmlu","Elham Izadi and Mehrdad Meshkinfam, field notes 2020",2363,,"","","Turkic 90%; Standard type Persian 10%","Mehrdad Meshkinfam and Elham Izadi, field notes 2020",34.44257,48.62236,""
"","64f033874349bbe1086abaf869603112","10-5f21ab801cc9eee733589cfed94d6c77","1130127","همدان","Hamadān","ملایر","Malāyer","جوکار","Jowkār",,,"المهدی","al-Mahdi","زمان آباد محمد آباد","Zamān Ābād-e Mohammad Ābād ","Zamānābād-e Mohammadābād ","Elham Izadi and Mehrdad Meshkinfam, field notes 2020",92,,"","","Turkic 90%; Standard type Persian 10%","Mehrdad Meshkinfam and Elham Izadi, field notes 2020",34.41177,48.64358,""
"","64f033874349bbe1086abaf869602862","10-aa9ee3ac2996af5715fbf534ac101c07","1130128","همدان","Hamadān","ملایر","Malāyer","جوکار","Jowkār",,,"المهدی","al-Mahdi","کوسج خلیل","Kusaj Khalil","Kusaj Khalil","Elham Izadi and Mehrdad Meshkinfam, field notes 2020",248,,"","","Turkic 90%; Standard type Persian 10%","Mehrdad Meshkinfam and Elham Izadi, field notes 2020",34.40323,48.58655,""
"","64f033874349bbe1086abaf869601ccf","10-45f39fce43dc6a50e7943d11744f6ea4","1130129","همدان","Hamadān","ملایر","Malāyer","جوکار","Jowkār",,,"المهدی","al-Mahdi","ده شاکر","Deh Shāker","Deh Shāter","Elham Izadi and Mehrdad Meshkinfam, field notes 2020",451,,"","","Turkic 90%; Standard type Persian 10%","Mehrdad Meshkinfam and Elham Izadi, field notes 2020",34.37706,48.54743,""
"","64f033874349bbe1086abaf8696016f4","10-eb77dbdab2d4833b63b966ba27ef9be5","1130130","همدان","Hamadān","ملایر","Malāyer","جوکار","Jowkār",,,"المهدی","al-Mahdi","زیر آبیه","Zir Ābieh ","Zir Ābiya","Elham Izadi and Mehrdad Meshkinfam, field notes 2020",143,,"","","Turkic 90%; Standard type Persian 10%","Mehrdad Meshkinfam and Elham Izadi, field notes 2020",34.41467,48.61681,""
"","64f033874349bbe1086abaf869600cf7","10-7255862cd67f666ff2ac95dcd322c52d","1130132","همدان","Hamadān","ملایر","Malāyer","جوکار","Jowkār",,,"ترک شرقی","Tork-e Sharqi","قشلاق قباد","Qeshlāq-e Qobād","Gheshlāgh-e Ghobād","Elham Izadi and Mehrdad Meshkinfam, field notes 2020",38,,"","","Turkic 90%; Standard type Persian 10%","Mehrdad Meshkinfam and Elham Izadi, field notes 2020",34.587778,48.895833,""
"","64f033874349bbe1086abaf86960045a","10-e8198faa8336d398e181e286f18055ad","1130133","همدان","Hamadān","ملایر","Malāyer","جوکار","Jowkār",,,"ترک شرقی","Tork-e Sharqi","خردمند","Kheradmand","Kheradman","Elham Izadi and Mehrdad Meshkinfam, field notes 2020",1229,,"","","Turkic 90%; Standard type Persian 10%","Mehrdad Meshkinfam and Elham Izadi, field notes 2020",34.62515641,48.93181801,""
"","64f033874349bbe1086abaf86960016f","10-8cc40836a4e770a6ca68c92071694610","1130134","همدان","Hamadān","ملایر","Malāyer","جوکار","Jowkār",,,"ترک شرقی","Tork-e Sharqi","موسی بلاغی، موسی خان بلاغی","Musā Bolāghi, Musā Khān Bolāghi","Musā Khān Bolāghi","Elham Izadi and Mehrdad Meshkinfam, field notes 2020",348,,"","","Turkic 90%; Standard type Persian 10%","Mehrdad Meshkinfam and Elham Izadi, field notes 2020",34.59858733,48.94129133,""
"","64f033874349bbe1086abaf869600109","10-0840743c87f35bdf9f950452fc7c687e","1130135","همدان","Hamadān","ملایر","Malāyer","جوکار","Jowkār",,,"ترک شرقی","Tork-e Sharqi","اوچ تپه","Uch Tappeh","Ush Tappa","Elham Izadi and Mehrdad Meshkinfam, field notes 2020",1164,,"","","Turkic 90%; Standard type Persian 10%","Mehrdad Meshkinfam and Elham Izadi, field notes 2020",34.599094,48.988647,""
"","64f033874349bbe1086abaf869608117","10-6d3437d48fc2eb8ce99759fd97e0be85","1130136","همدان","Hamadān","ملایر","Malāyer","جوکار","Jowkār",,,"ترک شرقی","Tork-e Sharqi","اسلام آباد","Eslām Ābād ","Eslāmābād ","Elham Izadi and Mehrdad Meshkinfam, field notes 2020",3780,,"","","Turkic 90%; Standard type Persian 10%","Mehrdad Meshkinfam and Elham Izadi, field notes 2020",34.64935,48.79389,""
"","64f033874349bbe1086abaf869607cdf","10-1c87e04105ed17d0a05f02b08f2dc5fc","1130137","همدان","Hamadān","ملایر","Malāyer","جوکار","Jowkār",,,"ترک شرقی","Tork-e Sharqi","دشت آباد","Dasht Ābād","Dashtābād","Elham Izadi and Mehrdad Meshkinfam, field notes 2020",702,,"","","Turkic 90%; Standard type Persian 10%","Mehrdad Meshkinfam and Elham Izadi, field notes 2020",34.48029404,48.88085597,""
"","64f033874349bbe1086abaf869607258","10-c01094a81752bc50bcaee0bab035d7af","1130138","همدان","Hamadān","ملایر","Malāyer","جوکار","Jowkār",,,"ترک شرقی","Tork-e Sharqi","طجرعلوی","Tajar-e Alavi","Tajar Alavi","Elham Izadi and Mehrdad Meshkinfam, field notes 2020",588,,"","","Turkic 90%; Standard type Persian 10%","Mehrdad Meshkinfam and Elham Izadi, field notes 2020",34.50507333,48.88094733,""
"","64f033874349bbe1086abaf8696068d3","10-15cb1f5ef4ee9454ae7e31ba570dd0e2","1130139","همدان","Hamadān","ملایر","Malāyer","جوکار","Jowkār",,,"ترک شرقی","Tork-e Sharqi","علوی","Alavi","Alavi","Elham Izadi and Mehrdad Meshkinfam, field notes 2020",2532,,"","","Turkic 90%; Standard type Persian 10%","Mehrdad Meshkinfam and Elham Izadi, field notes 2020",34.54381667,48.93642367,""
"","64f033874349bbe1086abaf869606659","10-c4286235d9e6a8e3871b67a51fd28ea7","1130140","همدان","Hamadān","ملایر","Malāyer","جوکار","Jowkār",,,"ترک شرقی","Tork-e Sharqi","توتل","Tutal","Tonel","Elham Izadi and Mehrdad Meshkinfam, field notes 2020",433,,"","","Turkic 90%; Standard type Persian 10%","Mehrdad Meshkinfam and Elham Izadi, field notes 2020",34.51521233,49.02145033,""
"","64f033874349bbe1086abaf8696060d1","10-dd081da0d00f1286c75f50095552e6b1","1130142","همدان","Hamadān","ملایر","Malāyer","جوکار","Jowkār",,,"ترک غربی","Tork-e Gharbi","ینگی کند، ده نواسدالله خان","Yengikand, Deh Now Asadollāh Khān","Yengikand","Elham Izadi and Mehrdad Meshkinfam, field notes 2020",2236,,"","","Turkic 90%; Standard type Persian 10%","Mehrdad Meshkinfam and Elham Izadi, field notes 2020",34.61905571,48.72224091,""
"","64f033874349bbe1086abaf869605cbc","10-933258397b009e66776236c461fe207a","1130143","همدان","Hamadān","ملایر","Malāyer","جوکار","Jowkār",,,"ترک غربی","Tork-e Gharbi","زمان آباد","Zamān Ābād","Zamānābād","Elham Izadi and Mehrdad Meshkinfam, field notes 2020",1415,,"","","Turkic 90%; Standard type Persian 10%","Mehrdad Meshkinfam and Elham Izadi, field notes 2020",34.59821,48.73498,""
"","64f033874349bbe1086abaf86960584b","10-ebaf7b7c3d75752eca616467c991e8c0","1130144","همدان","Hamadān","ملایر","Malāyer","جوکار","Jowkār",,,"ترک غربی","Tork-e Gharbi","مکربی","Mokrebi","Makrebi","Elham Izadi and Mehrdad Meshkinfam, field notes 2020",61,,"","","Turkic 90%; Standard type Persian 10%","Mehrdad Meshkinfam and Elham Izadi, field notes 2020",34.62501,48.69848,""
"","64f033874349bbe1086abaf869605301","10-db8e8e534d78d9ee0bb7b2a969a7135e","1130145","همدان","Hamadān","ملایر","Malāyer","جوکار","Jowkār",,,"ترک غربی","Tork-e Gharbi","منگاوی","Mengāvi","Mengāvi","Elham Izadi and Mehrdad Meshkinfam, field notes 2020",1764,,"","","Turkic 90%; Standard type Persian 10%","Mehrdad Meshkinfam and Elham Izadi, field notes 2020",34.65891,48.70872,""
"","64f033874349bbe1086abaf869605077","10-13b25c47137225138425069860e5b44e","1130146","همدان","Hamadān","ملایر","Malāyer","جوکار","Jowkār",,,"ترک غربی","Tork-e Gharbi","الفاوت","Alfāvot","Alfowt","Elham Izadi and Mehrdad Meshkinfam, field notes 2020",1306,,"","","Turkic 90%; Standard type Persian 10%","Mehrdad Meshkinfam and Elham Izadi, field notes 2020",34.63972,48.74797,""
"","64f033874349bbe1086abaf86960deb2","10-4c57fe22d7651176fcf9a7cb17ad02f4","1130147","همدان","Hamadān","ملایر","Malāyer","جوکار","Jowkār",,,"ترک غربی","Tork-e Gharbi","قدیمی","Qadimi","Ghadimi","Elham Izadi and Mehrdad Meshkinfam, field notes 2020",84,,"","","Turkic 90%; Standard type Persian 10%","Mehrdad Meshkinfam and Elham Izadi, field notes 2020",34.65258,48.73822,""
"","64f033874349bbe1086abaf86960dcd7","10-250f15201610f8f0ea010f5d82e42608","1130148","همدان","Hamadān","ملایر","Malāyer","جوکار","Jowkār",,,"ترک غربی","Tork-e Gharbi","آشاق قلعه","Āshāq Qal'eh","Āshā Ghala","Elham Izadi and Mehrdad Meshkinfam, field notes 2020",176,,"","","Turkic 90%; Standard type Persian 10%","Mehrdad Meshkinfam and Elham Izadi, field notes 2020",34.57119,48.81212,""
"","64f033874349bbe1086abaf86960da05","10-7b4145ba114ce28f87bc5cd54626b6fa","1130149","همدان","Hamadān","ملایر","Malāyer","جوکار","Jowkār",,,"ترک غربی","Tork-e Gharbi","چشمه پهن","Cheshmeh Pahn","Cheshma Pahn","Elham Izadi and Mehrdad Meshkinfam, field notes 2020",33,,"","","Turkic 90%; Standard type Persian 10%","Mehrdad Meshkinfam and Elham Izadi, field notes 2020",34.55006,48.7351,""
"","64f033874349bbe1086abaf86960cc2b","10-c37abc2abb1b1dc53b6ea7f25e5e7fd6","1130150","همدان","Hamadān","ملایر","Malāyer","جوکار","Jowkār",,,"ترک غربی","Tork-e Gharbi","دایلر","Dāylar","Dāylar","Elham Izadi and Mehrdad Meshkinfam, field notes 2020",46,,"","","Turkic 90%; Standard type Persian 10%","Mehrdad Meshkinfam and Elham Izadi, field notes 2020",34.51974,48.8342,""
"","64f033874349bbe1086abaf86960c077","10-c303b5cbdd558ba8f76d0d19e51ad1b4","1130151","همدان","Hamadān","ملایر","Malāyer","جوکار","Jowkār",,,"ترک غربی","Tork-e Gharbi","طاسبندی","Tāsbandi","Tāsbandi","Elham Izadi and Mehrdad Meshkinfam, field notes 2020",389,,"","","Turkic 90%; Standard type Persian 10%","Mehrdad Meshkinfam and Elham Izadi, field notes 2020",34.56016,48.78924,""
"","64f033874349bbe1086abaf86960b32a","10-990ad67adbcc9896589f54f9e4132d5c","1130152","همدان","Hamadān","ملایر","Malāyer","جوکار","Jowkār",,,"ترک غربی","Tork-e Gharbi","کمری","Kamari","Kamari","Elham Izadi and Mehrdad Meshkinfam, field notes 2020",2218,,"","","Turkic 90%; Standard type Persian 10%","Mehrdad Meshkinfam and Elham Izadi, field notes 2020",34.57732,48.70015,""
"","64f033874349bbe1086abaf86960b146","10-99f6ff56a8fa2af90810e80d8683ed55","1130153","همدان","Hamadān","ملایر","Malāyer","جوکار","Jowkār",,,"ترک غربی","Tork-e Gharbi","گوجک","Gujak","Gujak","Elham Izadi and Mehrdad Meshkinfam, field notes 2020",114,,"","","Turkic 90%; Standard type Persian 10%","Mehrdad Meshkinfam and Elham Izadi, field notes 2020",34.54057,48.84066,""
"","64f033874349bbe1086abaf86960a707","10-3243ee0e7e4ffe94a250ed7c7a59c0e4","1130154","همدان","Hamadān","ملایر","Malāyer","جوکار","Jowkār",,,"ترک غربی","Tork-e Gharbi","محرا","Moharrā","Moharrā","Elham Izadi and Mehrdad Meshkinfam, field notes 2020",38,,"","","Turkic 90%; Standard type Persian 10%","Mehrdad Meshkinfam and Elham Izadi, field notes 2020",34.5548,48.86862,""
"","64f033874349bbe1086abaf8696099d0","10-8ebe2ee7b26a8b17ffb7876b944bb5f4","1130155","همدان","Hamadān","ملایر","Malāyer","جوکار","Jowkār",,,"ترک غربی","Tork-e Gharbi","نهنجه","Nehenjeh","Nehnja","Elham Izadi and Mehrdad Meshkinfam, field notes 2020",79,,"","","Turkic 90%; Standard type Persian 10%","Mehrdad Meshkinfam and Elham Izadi, field notes 2020",34.5415,48.71637,""
"","64f033874349bbe1086abaf869608fb3","10-7eae3321bc69eaec340d111d9684cfa2","1130156","همدان","Hamadān","ملایر","Malāyer","جوکار","Jowkār",,,"ترک غربی","Tork-e Gharbi","بوربور","Burbur","Burbur","Elham Izadi and Mehrdad Meshkinfam, field notes 2020",684,,"","","Turkic 90%; Standard type Persian 10%","Mehrdad Meshkinfam and Elham Izadi, field notes 2020",34.59047,48.86966,""
"","64f033874349bbe1086abaf869612e1e","10-74b78d38e5d72bdfd21f08acce2fb899","1130157","همدان","Hamadān","ملایر","Malāyer","جوکار","Jowkār",,,"ترک غربی","Tork-e Gharbi","زاغه طاسبندی","Zāgheh-ye Tāsbandi","Zāghe Tāsbandi","Elham Izadi and Mehrdad Meshkinfam, field notes 2020",,"(3 or fewer households; population not specified in 2011 Census for reasons of privacy)","","","Turkic 90%; Standard type Persian 10%","Mehrdad Meshkinfam and Elham Izadi, field notes 2020",34.60264,48.81316,""
"","64f033874349bbe1086abaf86961262b","10-c6cf9eb2a8b17400080bd60291d8c8bc","1130158","همدان","Hamadān","ملایر","Malāyer","جوکار","Jowkār",,,"ترک غربی","Tork-e Gharbi","شادکندی","Shād Kandi","Shād Kandi","Elham Izadi and Mehrdad Meshkinfam, field notes 2020",249,,"","","Turkic 90%; Standard type Persian 10%","Mehrdad Meshkinfam and Elham Izadi, field notes 2020",34.64997233,48.79529933,""
"","64f033874349bbe1086abaf869611fba","10-b7e0cb3b4777b5a71ee3ffb8f756ac28","1130159","همدان","Hamadān","ملایر","Malāyer","جوکار","Jowkār",,,"ترک غربی","Tork-e Gharbi","علیجوق","Ali Juq","Ali Chugh","Elham Izadi and Mehrdad Meshkinfam, field notes 2020",156,,"","","Turkic 90%; Standard type Persian 10%","Mehrdad Meshkinfam and Elham Izadi, field notes 2020",34.60795,48.85066,""
"","64f033874349bbe1086abaf869610fc3","10-f4a37abe615efabba060068782969eb0","1130160","همدان","Hamadān","ملایر","Malāyer","جوکار","Jowkār",,,"ترک غربی","Tork-e Gharbi","کریم آباد","Karim Ābād","Karimābād","Elham Izadi and Mehrdad Meshkinfam, field notes 2020",443,,"","","Turkic 90%; Standard type Persian 10%","Mehrdad Meshkinfam and Elham Izadi, field notes 2020",34.60413,48.88492,""
"","64f033874349bbe1086abaf869610465","10-ed27a679e410beda3c8a4f64693845d4","1130162","همدان","Hamadān","ملایر","Malāyer","جوکار","Jowkār",,,"جوکار","Jowkār","بیش آغاج","Bish Āghāj","Pish Āghāj","Elham Izadi and Mehrdad Meshkinfam, field notes 2020",24,,"","","Turkic 90%; Standard type Persian 10%","Mehrdad Meshkinfam and Elham Izadi, field notes 2020",34.46097,48.78645,""
"","64f033874349bbe1086abaf86960fd2d","10-58be4f9bda23300410f28410d75af440","1130163","همدان","Hamadān","ملایر","Malāyer","جوکار","Jowkār",,,"جوکار","Jowkār","خدری","Khedri ","Khederi ","Elham Izadi and Mehrdad Meshkinfam, field notes 2020",392,,"","","Laki 90%; Standard type Persian 10%","Mehrdad Meshkinfam and Elham Izadi, field notes 2020",34.48145,48.83413,""
"","64f033874349bbe1086abaf86960f0ca","10-e7b3be44a21cc4cdd8c6cefac089bcab","1130164","همدان","Hamadān","ملایر","Malāyer","جوکار","Jowkār",,,"جوکار","Jowkār","قوزان","Quzān","Ghozon","Elham Izadi and Mehrdad Meshkinfam, field notes 2020",315,,"","","Northern Lori 90%; Standard type Persian 10%","Mehrdad Meshkinfam and Elham Izadi, field notes 2020",34.44532,48.84097,""
"","64f033874349bbe1086abaf86960eb66","10-3156d47e2e4c37391e0e681a3892ce72","1130165","همدان","Hamadān","ملایر","Malāyer","جوکار","Jowkār",,,"جوکار","Jowkār","کندهلان","Kand Halān","Kandelon","Elham Izadi and Mehrdad Meshkinfam, field notes 2020",401,,"","","Turkic 90%; Standard type Persian 10%","Mehrdad Meshkinfam and Elham Izadi, field notes 2020",34.50166,48.78131,""
"","64f033874349bbe1086abaf86960ea56","10-41f8b45093b36068d1235a2e879165da","1130166","همدان","Hamadān","ملایر","Malāyer","جوکار","Jowkār",,,"جوکار","Jowkār","میرزاییه","Mirzāieh","Mirzāya","Elham Izadi and Mehrdad Meshkinfam, field notes 2020",56,,"","","Northern Lori 90%; Standard type Persian 10%","Mehrdad Meshkinfam and Elham Izadi, field notes 2020",34.43561,48.88049,""
"","64f033874349bbe1086abaf86960e647","10-7668d84b47f0b679a80366fd43e3a828","1130167","همدان","Hamadān","ملایر","Malāyer","جوکار","Jowkār",,,"جوکار","Jowkār","نصرت آباد","Nosrat Ābād ","Nosratābād ","Elham Izadi and Mehrdad Meshkinfam, field notes 2020",81,,"","","Northern Lori 90%; Standard type Persian 10%","Mehrdad Meshkinfam and Elham Izadi, field notes 2020",34.43766,48.82755,""
"","64f033874349bbe1086abaf869617752","10-e1eee9386569c9bd3f0a930f6f5142e5","1130168","همدان","Hamadān","ملایر","Malāyer","جوکار","Jowkār",,,"جوکار","Jowkār","چشمه پهن ننج","Cheshmeh Pahn-e Nanaj","Cheshma Pahn-e Nanaj","Elham Izadi and Mehrdad Meshkinfam, field notes 2020",160,,"","","Northern Lori 90%; Standard type Persian 10%","Mehrdad Meshkinfam and Elham Izadi, field notes 2020",34.4591,48.7684,""
"","64f033874349bbe1086abaf869617129","10-b195529e8777e047a412423f8526fbf5","1130169","همدان","Hamadān","ملایر","Malāyer","جوکار","Jowkār",,,"جوکار","Jowkār","گل شیر، افسریه","Gol Shir, Afsarieh","Afsariya, Gol Shir","Elham Izadi and Mehrdad Meshkinfam, field notes 2020",95,,"","","Northern Lori 90%; Standard type Persian 10%","Mehrdad Meshkinfam and Elham Izadi, field notes 2020",34.40096,48.68235,""
"","64f033874349bbe1086abaf86961612d","10-6750397a93035db29b10e8afe0982071","1130170","همدان","Hamadān","ملایر","Malāyer","جوکار","Jowkār",,,"جوکار","Jowkār","پیرمیشان","Pirmishān","Pirmeshon, Pirmeyshon","Elham Izadi and Mehrdad Meshkinfam, field notes 2020",89,,"","","Northern Lori 90%; Standard type Persian 10%","Mehrdad Meshkinfam and Elham Izadi, field notes 2020",34.39274,48.66645,""
"","64f033874349bbe1086abaf8696153ca","10-21e69de5f8294e217590c5dc51f7fa09","1130171","همدان","Hamadān","ملایر","Malāyer","جوکار","Jowkār",,,"جوکار","Jowkār","سنگ سفیدننج","Sang Sefid-e Nanaj","Sang Sefid-e Nanaj","Elham Izadi and Mehrdad Meshkinfam, field notes 2020",193,,"","","Northern Lori 90%; Standard type Persian 10%","Mehrdad Meshkinfam and Elham Izadi, field notes 2020",34.43751,48.75423,""
"","64f033874349bbe1086abaf869615155","10-f0314a8fd64d7fedbe977ba38dd69db4","1130172","همدان","Hamadān","ملایر","Malāyer","جوکار","Jowkār",,,"جوکار","Jowkār","کسب","Kesb","Kesb","Elham Izadi and Mehrdad Meshkinfam, field notes 2020",1320,,"","","Northern Lori 90%; Standard type Persian 10%","Mehrdad Meshkinfam and Elham Izadi, field notes 2020",34.41604,48.72037,""
"","64f033874349bbe1086abaf8696145ef","10-d630c658e115236c5a00c0a60c860cbe","1130173","همدان","Hamadān","ملایر","Malāyer","جوکار","Jowkār",,,"جوکار","Jowkār","ننج","Nanaj","Nanaj","Elham Izadi and Mehrdad Meshkinfam, field notes 2020",793,,"","","Northern Lori 90%; Standard type Persian 10%","Mehrdad Meshkinfam and Elham Izadi, field notes 2020",34.42369,48.75296,""
"","64f033874349bbe1086abaf869613df4","10-972e1efa5b9e065c94346c44b4fcdaf0","1130174","همدان","Hamadān","ملایر","Malāyer","جوکار","Jowkār",,,"جوکار","Jowkār","بابارود","Bābā Rud","Bābā Rut, Bābā Rud","Elham Izadi and Mehrdad Meshkinfam, field notes 2020",251,,"","","Northern Lori 90%; Standard type Persian 10%","Mehrdad Meshkinfam and Elham Izadi, field notes 2020",34.55764,48.65011,""
"","64f033874349bbe1086abaf869613d8e","10-420fc8dc02bfe851778555ba4e3d2938","1130175","همدان","Hamadān","ملایر","Malāyer","جوکار","Jowkār",,,"جوکار","Jowkār","عشاق","Oshshāq","Oshāgh","Elham Izadi and Mehrdad Meshkinfam, field notes 2020",1145,,"","","Northern Lori 90%; Standard type Persian 10%","Mehrdad Meshkinfam and Elham Izadi, field notes 2020",34.55109,48.66358,""
"","64f033874349bbe1086abaf8696138e5","10-5b8e313f4d3b22fa246c823cf3562b7e","1130176","همدان","Hamadān","ملایر","Malāyer","جوکار","Jowkār",,,"جوکار","Jowkār","مبارک آباد","Mobārak Ābād ","Mārekābād, Mārekād","Elham Izadi and Mehrdad Meshkinfam, field notes 2020",79,,"","","Northern Lori 90%; Standard type Persian 10%","Mehrdad Meshkinfam and Elham Izadi, field notes 2020",34.40436,48.66331,""
"","64f033874349bbe1086abaf8696132fb","10-a962a0eeefc93f8f341fd7efb89d41ae","1130177","همدان","Hamadān","ملایر","Malāyer","جوکار","Jowkār","ازندریان","Azandariān",,,,,"Azandariyon","Elham Izadi and Mehrdad Meshkinfam, field notes 2020",9324,,"","","Turkic 50%; Northern Lori 40%; Standard type Persian 10%","Mehrdad Meshkinfam and Elham Izadi, field notes 2020",34.50163398,48.69296171,""
"","64f033874349bbe1086abaf86961ccf0","10-c9b34ba9eaa909f8b9f88cfb69e88ce2","1130178","همدان","Hamadān","ملایر","Malāyer","جوکار","Jowkār","جوکار","Jowkār",,,,,"Jewkār","Elham Izadi and Mehrdad Meshkinfam, field notes 2020",2425,,"","","Northern Lori 70%; Standard type Persian 30%","Mehrdad Meshkinfam and Elham Izadi, field notes 2020",34.43118641,48.68634328,""
"","64f033874349bbe1086abaf86961be16","10-a4b96b6df646e9dd85fac16d425cded7","1130181","همدان","Hamadān","ملایر","Malāyer","سامن","Sāmen",,,"آورزمان","Āvarzamān","آبدر","Ābdar","Ābdar","Elham Izadi and Mehrdad Meshkinfam, field notes 2020",753,,"","","Northern Lori 90%; Standard type Persian 10%","Mehrdad Meshkinfam and Elham Izadi, field notes 2020",34.25985,48.47906,""
"","64f033874349bbe1086abaf86961afc5","10-2b8cfc7ca5eba696dc17889e0eacb851","1130182","همدان","Hamadān","ملایر","Malāyer","سامن","Sāmen",,,"آورزمان","Āvarzamān","حسن آباد آبدر","Hasan Ābād-e Ābdar","Hasanābād-e Ābdar","Elham Izadi and Mehrdad Meshkinfam, field notes 2020",,"(3 or fewer households; population not specified in 2011 Census for reasons of privacy)","","","Northern Lori 90%; Standard type Persian 10%","Mehrdad Meshkinfam and Elham Izadi, field notes 2020",34.42357361,48.65365955,""
"","64f033874349bbe1086abaf86961a394","10-8774dc423a5e07d4bbc9b9eedc97a740","1130183","همدان","Hamadān","ملایر","Malāyer","سامن","Sāmen",,,"آورزمان","Āvarzamān","آورزمان","Āvarzamān","Owrzemo","Elham Izadi and Mehrdad Meshkinfam, field notes 2020",1679,,"","","Northern Lori 90%; Standard type Persian 10%","Mehrdad Meshkinfam and Elham Izadi, field notes 2020",34.26838,48.51056,""
"","64f033874349bbe1086abaf8696195c9","10-ae2ab0c200ec282afafaee2939c55d95","1130184","همدان","Hamadān","ملایر","Malāyer","سامن","Sāmen",,,"آورزمان","Āvarzamān","دوریجان","Durijān","Delijān","Elham Izadi and Mehrdad Meshkinfam, field notes 2020",338,,"","","Northern Lori 90%; Standard type Persian 10%","Mehrdad Meshkinfam and Elham Izadi, field notes 2020",34.30566,48.48973,""
"","64f033874349bbe1086abaf869619378","10-0b341fc663db56a47c4f5a369a72c04c","1130185","همدان","Hamadān","ملایر","Malāyer","سامن","Sāmen",,,"آورزمان","Āvarzamān","عباس آباد","Abbās Ābād","Abbāsābād","Elham Izadi and Mehrdad Meshkinfam, field notes 2020",,"(3 or fewer households; population not specified in 2011 Census for reasons of privacy)","","","Northern Lori 90%; Standard type Persian 10%","Mehrdad Meshkinfam and Elham Izadi, field notes 2020",34.25151,48.54725,""
"","64f033874349bbe1086abaf869618544","12-226c721b3a0be1803e1cb4ac85add8bd","1130186","همدان","Hamadān","ملایر","Malāyer","سامن","Sāmen",,,"آورزمان","Āvarzamān","مهدی آباد","Mehdi Ābād","Meytiyābād","Elham Izadi and Mehrdad Meshkinfam, field notes 2020",183,,"","","Northern Lori 90%; Standard type Persian 10%","Mehrdad Meshkinfam and Elham Izadi, field notes 2020",34.27167,48.550108,""
"","64f033874349bbe1086abaf869618143","10-9e0033c285278ef43d54c568be310d6b","1130187","همدان","Hamadān","ملایر","Malāyer","سامن","Sāmen",,,"آورزمان","Āvarzamān","میانزولان","Miānzulān","Meyzelon","Elham Izadi and Mehrdad Meshkinfam, field notes 2020",152,,"","","Northern Lori 90%; Standard type Persian 10%","Mehrdad Meshkinfam and Elham Izadi, field notes 2020",34.31198067,48.51580067,""
"","64f033874349bbe1086abaf8696180c5","10-ef089917a38e7d7eabeec3b79b8a0543","1130188","همدان","Hamadān","ملایر","Malāyer","سامن","Sāmen",,,"آورزمان","Āvarzamān","دهلق","Dehlaq","Dehlagh","Elham Izadi and Mehrdad Meshkinfam, field notes 2020",1420,,"","","Northern Lori 90%; Standard type Persian 10%","Mehrdad Meshkinfam and Elham Izadi, field notes 2020",34.29874,48.43583,""
"","64f033874349bbe1086abaf86961797a","10-5fa5b78fc3525def35459012f495c177","1130189","همدان","Hamadān","ملایر","Malāyer","سامن","Sāmen",,,"آورزمان","Āvarzamān","جریا","Jeriā","Geliyā","Elham Izadi and Mehrdad Meshkinfam, field notes 2020",227,,"","","Northern Lori 90%; Standard type Persian 10%","Mehrdad Meshkinfam and Elham Izadi, field notes 2020",34.35201,48.47341,""
"","64f033874349bbe1086abaf869621655","10-7189b2dfe2d5b9f9637ae1b6cc64f69a","1130190","همدان","Hamadān","ملایر","Malāyer","سامن","Sāmen",,,"آورزمان","Āvarzamān","درّه امیدعلی","Darreh-ye Omid Ali","Darra Omid Ali","Elham Izadi and Mehrdad Meshkinfam, field notes 2020",335,,"","","Northern Lori 90%; Standard type Persian 10%","Mehrdad Meshkinfam and Elham Izadi, field notes 2020",34.32099,48.42922,""
"","64f033874349bbe1086abaf86962099a","10-636045ad42c389bb28a36e298c127a56","1130191","همدان","Hamadān","ملایر","Malāyer","سامن","Sāmen",,,"آورزمان","Āvarzamān","لولوهر","Luluhar","Luluhar","Elham Izadi and Mehrdad Meshkinfam, field notes 2020",861,,"","","Northern Lori 90%; Standard type Persian 10%","Mehrdad Meshkinfam and Elham Izadi, field notes 2020",34.31598933,48.45345533,""
"","64f033874349bbe1086abaf869620999","10-3df315cd174f92f0bf3fbc8abeb96ccb","1130192","همدان","Hamadān","ملایر","Malāyer","سامن","Sāmen",,,"آورزمان","Āvarzamān","موداران","Modārān","Meykhorān","Elham Izadi and Mehrdad Meshkinfam, field notes 2020",230,,"","","Northern Lori 90%; Standard type Persian 10%","Mehrdad Meshkinfam and Elham Izadi, field notes 2020",34.33267233,48.47064633,""
"","64f033874349bbe1086abaf86962084a","10-5643ee73ca91ff5fc26a8d43be53084b","1130194","همدان","Hamadān","ملایر","Malāyer","سامن","Sāmen",,,"حرم رود سفلی","Haram Rud-e Soflā","آرته بلاغ","Ārteh Bolāgh","Ārta Pelāgh","Elham Izadi and Mehrdad Meshkinfam, field notes 2020",22,,"","","Northern Lori 90%; Standard type Persian 10%","Mehrdad Meshkinfam and Elham Izadi, field notes 2020",34.32613,48.54934,""
"","64f033874349bbe1086abaf86962002c","10-7760194ccdbe946104e64b98f69eeaaf","1130195","همدان","Hamadān","ملایر","Malāyer","سامن","Sāmen",,,"حرم رود سفلی","Haram Rud-e Soflā","بلرتو","Belartu","Belartu","Elham Izadi and Mehrdad Meshkinfam, field notes 2020",446,,"","","Northern Lori 90%; Standard type Persian 10%","Mehrdad Meshkinfam and Elham Izadi, field notes 2020",34.33632,48.51639,""
"","64f033874349bbe1086abaf86961f5c2","10-808d659c8efe15c522007d0c81232d8e","1130196","همدان","Hamadān","ملایر","Malāyer","سامن","Sāmen",,,"حرم رود سفلی","Haram Rud-e Soflā","کلیل آباد","Kalil Ābād","Kalilābād","Elham Izadi and Mehrdad Meshkinfam, field notes 2020",561,,"","","Central Kurdish 90%; Standard type Persian 10%","Mehrdad Meshkinfam and Elham Izadi, field notes 2020",34.340021,48.543817,""
"","64f033874349bbe1086abaf86961f0e7","10-9d94cf5aacb7ba5fd6d42fc2bda63e69","1130197","همدان","Hamadān","ملایر","Malāyer","سامن","Sāmen",,,"حرم رود سفلی","Haram Rud-e Soflā","هزارجریب","Hezār Jarib ","Hezār Jerib ","Elham Izadi and Mehrdad Meshkinfam, field notes 2020",162,,"","","Central Kurdish 90%; Standard type Persian 10%","Mehrdad Meshkinfam and Elham Izadi, field notes 2020",34.341442,48.533658,""
"","64f033874349bbe1086abaf86961e660","10-20e8bb46e71a8be7ca8aa0d35f0f284b","1130198","همدان","Hamadān","ملایر","Malāyer","سامن","Sāmen",,,"حرم رود سفلی","Haram Rud-e Soflā","اسکنان","Eskanān","Eskanān","Elham Izadi and Mehrdad Meshkinfam, field notes 2020",535,,"","","Central Kurdish 90%; Standard type Persian 10%","Mehrdad Meshkinfam and Elham Izadi, field notes 2020",34.35806,48.59175,""
"","64f033874349bbe1086abaf86961d7df","10-2ab411e66e7d50f03bf275244319af69","1130199","همدان","Hamadān","ملایر","Malāyer","سامن","Sāmen",,,"حرم رود سفلی","Haram Rud-e Soflā","حسین آباد ناظم","Hoseyn Ābād-e Nāzem ","Hoseynād ","Elham Izadi and Mehrdad Meshkinfam, field notes 2020",3335,,"","","Northern Lori 90%; Standard type Persian 10%","Mehrdad Meshkinfam and Elham Izadi, field notes 2020",34.29954,48.60362,""
"","64f033874349bbe1086abaf86961d246","10-4320aa845c5cfba86212a354f21cc2ec","1130200","همدان","Hamadān","ملایر","Malāyer","سامن","Sāmen",,,"حرم رود سفلی","Haram Rud-e Soflā","مالیچه","Mālicheh","Mālicha","Elham Izadi and Mehrdad Meshkinfam, field notes 2020",69,,"","","Northern Lori 90%; Standard type Persian 10%","Mehrdad Meshkinfam and Elham Izadi, field notes 2020",34.26077167,48.59105967,""
"","64f033874349bbe1086abaf869625ed5","10-9355931458e887410cc5f46875371bcc","1130201","همدان","Hamadān","ملایر","Malāyer","سامن","Sāmen",,,"حرم رود سفلی","Haram Rud-e Soflā","حسن کوسج","Hasan Kusaj","Hasan Kusaj","Elham Izadi and Mehrdad Meshkinfam, field notes 2020",107,,"","","Northern Lori 90%; Standard type Persian 10%","Mehrdad Meshkinfam and Elham Izadi, field notes 2020",34.24898,48.57385,""
"","64f033874349bbe1086abaf86962589e","10-5ed677dd10eccb3b69058aae37339b5a","1130202","همدان","Hamadān","ملایر","Malāyer","سامن","Sāmen",,,"حرم رود سفلی","Haram Rud-e Soflā","ده نو آورزمان","Deh Now-e Āvarzamān","Dehnow Owrzemo","Elham Izadi and Mehrdad Meshkinfam, field notes 2020",1531,,"","","Northern Lori 90%; Standard type Persian 10%","Mehrdad Meshkinfam and Elham Izadi, field notes 2020",34.3067,48.55846,""
"","64f033874349bbe1086abaf869624e95","10-c501549d4a6122c591e0fe104a610c48","1130203","همدان","Hamadān","ملایر","Malāyer","سامن","Sāmen",,,"حرم رود سفلی","Haram Rud-e Soflā","قلعه کرتیل آباد","Qal'eh-ye Kartil Ābād","Ghale Kartilābād","Elham Izadi and Mehrdad Meshkinfam, field notes 2020",127,,"","","Batui 90%; Standard type Persian 10%","Mehrdad Meshkinfam and Elham Izadi, field notes 2020",34.34177233,48.65288233,""
"","64f033874349bbe1086abaf869624c2e","10-22c9b984b33bdee7b0d4a47733cd63ed","1130204","همدان","Hamadān","ملایر","Malāyer","سامن","Sāmen",,,"حرم رود سفلی","Haram Rud-e Soflā","کرتیل آباد","Kartil Ābād","Kartilābād","Elham Izadi and Mehrdad Meshkinfam, field notes 2020",917,,"","","Northern Lori 90%; Standard type Persian 10%","Mehrdad Meshkinfam and Elham Izadi, field notes 2020",34.31307933,48.64823433,""
"","64f033874349bbe1086abaf869623faf","10-715713a1fe43235bc0ce7ee3b0a29d6d","1130205","همدان","Hamadān","ملایر","Malāyer","سامن","Sāmen",,,"حرم رود سفلی","Haram Rud-e Soflā","کهریز حسین آباد ناظم","Kahriz-e Hoseyn Ābād-e Nāzem","Kahriz-e Nāzem","Elham Izadi and Mehrdad Meshkinfam, field notes 2020",477,,"","","Northern Lori 90%; Standard type Persian 10%","Mehrdad Meshkinfam and Elham Izadi, field notes 2020",34.318505,48.627539,""
"","64f033874349bbe1086abaf869623f25","10-e87e1a0e76df35e2aa319a98426d8d5f","1130206","همدان","Hamadān","ملایر","Malāyer","سامن","Sāmen",,,"حرم رود سفلی","Haram Rud-e Soflā","ایرانه","Irāneh","Irina","Elham Izadi and Mehrdad Meshkinfam, field notes 2020",40,,"","","Northern Lori 90%; Standard type Persian 10%","Mehrdad Meshkinfam and Elham Izadi, field notes 2020",34.243182,48.598471,""
"","64f033874349bbe1086abaf8696237ad","10-db9a26393c33d042a108147719d608be","1130207","همدان","Hamadān","ملایر","Malāyer","سامن","Sāmen",,,"حرم رود سفلی","Haram Rud-e Soflā","بهمن آباد","Bahman Ābād","Bahmenāt","Elham Izadi and Mehrdad Meshkinfam, field notes 2020",22,,"","","Northern Lori 90%; Standard type Persian 10%","Mehrdad Meshkinfam and Elham Izadi, field notes 2020",34.26423262,48.66922836,""
"","64f033874349bbe1086abaf869623196","10-f76ccb194881bd9a10d324bc6d09b240","1130208","همدان","Hamadān","ملایر","Malāyer","سامن","Sāmen",,,"حرم رود سفلی","Haram Rud-e Soflā","شریف آباد طجر","Sharif  Ābād-e Tajar","Sharifāt","Elham Izadi and Mehrdad Meshkinfam, field notes 2020",120,,"","","Northern Lori 90%; Standard type Persian 10%","Mehrdad Meshkinfam and Elham Izadi, field notes 2020",34.26515733,48.63834733,""
"","64f033874349bbe1086abaf869622b41","10-f067d96d2375b747df2d7f7e9481c7ba","1130209","همدان","Hamadān","ملایر","Malāyer","سامن","Sāmen",,,"حرم رود سفلی","Haram Rud-e Soflā","ناصح آباد","Nāseh Ābād","Nāseābād","Elham Izadi and Mehrdad Meshkinfam, field notes 2020",59,,"","","Northern Lori 90%; Standard type Persian 10%","Mehrdad Meshkinfam and Elham Izadi, field notes 2020",34.275833,48.679444,""
"","64f033874349bbe1086abaf8696221f3","10-b1c6d4ab36997cf23deb0b4354574e82","1130210","همدان","Hamadān","ملایر","Malāyer","سامن","Sāmen",,,"حرم رود سفلی","Haram Rud-e Soflā","جیجان رود","Jijān Rud","Jijon","Elham Izadi and Mehrdad Meshkinfam, field notes 2020",264,,"","","Central Kurdish 90%; Standard type Persian 10%","Mehrdad Meshkinfam and Elham Izadi, field notes 2020",34.35576,48.60838,""
"","64f033874349bbe1086abaf86962a50e","10-abd620eea6120ad0df6657da100c0b03","1130211","همدان","Hamadān","ملایر","Malāyer","سامن","Sāmen",,,"حرم رود سفلی","Haram Rud-e Soflā","خوش آباد","Khosh Ābād","Khoshābāt","Elham Izadi and Mehrdad Meshkinfam, field notes 2020",,"(3 or fewer households; population not specified in 2011 Census for reasons of privacy)","","","Northern Lori 90%; Standard type Persian 10%","Mehrdad Meshkinfam and Elham Izadi, field notes 2020",35.05379229,49.09297581,""
"","64f033874349bbe1086abaf86962a29e","10-5ab98dad7ee9255e6b231446b364f7b9","1130213","همدان","Hamadān","ملایر","Malāyer","سامن","Sāmen",,,"سامن","Sāmen","حاجی خدر","Hāji Khedr","Hāji Kheder","Elham Izadi and Mehrdad Meshkinfam, field notes 2020",34,,"","","Laki 90%; Standard type Persian 10%","Mehrdad Meshkinfam and Elham Izadi, field notes 2020",34.1285,48.74807,""
"","64f033874349bbe1086abaf86962a292","10-812d753fa579ac8edb4955e3dda85466","1130214","همدان","Hamadān","ملایر","Malāyer","سامن","Sāmen",,,"سامن","Sāmen","زرشگی","Zereshki","Zereshki","Elham Izadi and Mehrdad Meshkinfam, field notes 2020",37,,"","","Northern Lori 90%; Standard type Persian 10%","Mehrdad Meshkinfam and Elham Izadi, field notes 2020",34.16691233,48.71666433,""
"","64f033874349bbe1086abaf869629296","10-f5e65ee804b23372da0062baa0e01dec","1130215","همدان","Hamadān","ملایر","Malāyer","سامن","Sāmen",,,"سامن","Sāmen","ضرب علی","Zarb Ali","Zarb Ali","Elham Izadi and Mehrdad Meshkinfam, field notes 2020",274,,"","","Northern Lori 90%; Standard type Persian 10%","Mehrdad Meshkinfam and Elham Izadi, field notes 2020",34.147307,48.740809,""
"","64f033874349bbe1086abaf8696282df","12-237553b46941ae531309d10cbe0521ab","1130216","همدان","Hamadān","ملایر","Malāyer","سامن","Sāmen",,,"سامن","Sāmen","نازول","Nāzul","Nāzul","Elham Izadi and Mehrdad Meshkinfam, field notes 2020",474,,"","","Laki 70%; Northern Lori 20%; Standard type Persian 10%","Mehrdad Meshkinfam and Elham Izadi, field notes 2020",34.22828667,48.71801667,""
"","64f033874349bbe1086abaf869627485","10-7d75495b7e7dd811f81e2a39cf167382","1130217","همدان","Hamadān","ملایر","Malāyer","سامن","Sāmen",,,"سامن","Sāmen","نمازگاه","Namāzgāh","Nemāzgāh","Elham Izadi and Mehrdad Meshkinfam, field notes 2020",495,,"","","Laki 90%; Standard type Persian 10%","Mehrdad Meshkinfam and Elham Izadi, field notes 2020",34.24916933,48.73136133,""
"","64f033874349bbe1086abaf869627473","10-443c203a8c18ea0588bf2d440c8867d6","1130218","همدان","Hamadān","ملایر","Malāyer","سامن","Sāmen",,,"سامن","Sāmen","هریرز","Hariraz","Hariraz","Elham Izadi and Mehrdad Meshkinfam, field notes 2020",56,,"","","Northern Lori 90%; Standard type Persian 10%","Mehrdad Meshkinfam and Elham Izadi, field notes 2020",34.20474,48.74353,""
"","64f033874349bbe1086abaf869626e31","10-eaa087e3c930a05e660615f0484293d6","1130219","همدان","Hamadān","ملایر","Malāyer","سامن","Sāmen",,,"سامن","Sāmen","کهکدان","Kahkadān","Keykadon","Elham Izadi and Mehrdad Meshkinfam, field notes 2020",2503,,"","","Northern Lori 90%; Standard type Persian 10%","Mehrdad Meshkinfam and Elham Izadi, field notes 2020",34.14485333,48.65694133,""
"","64f033874349bbe1086abaf869626cbc","10-459b5b3125e6edfc88d7cca49baa6ec7","1130220","همدان","Hamadān","ملایر","Malāyer","سامن","Sāmen",,,"سامن","Sāmen","محمود آباد","Mahmud Ābād","Mahmudābād","Elham Izadi and Mehrdad Meshkinfam, field notes 2020",21,,"","","Northern Lori 90%; Standard type Persian 10%","Mehrdad Meshkinfam and Elham Izadi, field notes 2020",34.32906467,48.89689267,""
"","64f033874349bbe1086abaf8696263b9","10-df5be65dd0f5bcfdc4a261e86504925f","1130221","همدان","Hamadān","ملایر","Malāyer","سامن","Sāmen",,,"سامن","Sāmen","واشان","Vāshān","Vāshon","Elham Izadi and Mehrdad Meshkinfam, field notes 2020",1194,,"","","Northern Lori 90%; Standard type Persian 10%","Mehrdad Meshkinfam and Elham Izadi, field notes 2020",34.095599,48.706074,""
"","64f033874349bbe1086abaf86962f866","10-fbcb8026afcdb47a28816f7cf2226c4a","1130222","همدان","Hamadān","ملایر","Malāyer","سامن","Sāmen",,,"سامن","Sāmen","یونس","Yunes","Yunes","Elham Izadi and Mehrdad Meshkinfam, field notes 2020",318,,"","","Northern Lori 90%; Standard type Persian 10%","Mehrdad Meshkinfam and Elham Izadi, field notes 2020",34.15752467,48.67278567,""
"","64f033874349bbe1086abaf86962ef3d","10-baa6340ba6c74133b6a375c6833275b1","1130223","همدان","Hamadān","ملایر","Malāyer","سامن","Sāmen",,,"سامن","Sāmen","امیرالامرا","Amir-ol-Omarā","Amir Omarā","Elham Izadi and Mehrdad Meshkinfam, field notes 2020",161,,"","","Northern Lori 90%; Standard type Persian 10%","Mehrdad Meshkinfam and Elham Izadi, field notes 2020",34.19514,48.67114,""
"","64f033874349bbe1086abaf86962e311","10-103997b8f712feec5fc33d0c3ec8275d","1130224","همدان","Hamadān","ملایر","Malāyer","سامن","Sāmen",,,"سامن","Sāmen","سراب طجر","Sarāb-e Tajar","Sarāb-e Tajar","Elham Izadi and Mehrdad Meshkinfam, field notes 2020",51,,"","","Northern Lori 90%; Standard type Persian 10%","Mehrdad Meshkinfam and Elham Izadi, field notes 2020",34.23196067,48.60678767,""
"","64f033874349bbe1086abaf86962da88","10-ba4bff46de220b3f28ad8d1f5ed5dd55","1130225","همدان","Hamadān","ملایر","Malāyer","سامن","Sāmen",,,"سامن","Sāmen","طجرسامن","Tajar-e Sāmen","Tajar-e Sāmen","Elham Izadi and Mehrdad Meshkinfam, field notes 2020",883,,"","","Northern Lori 90%; Standard type Persian 10%","Mehrdad Meshkinfam and Elham Izadi, field notes 2020",34.22411,48.66494,""
"","64f033874349bbe1086abaf86962ce92","10-f01d211206cb88d6e0d4600fb7617189","1130226","همدان","Hamadān","ملایر","Malāyer","سامن","Sāmen",,,"سامن","Sāmen","فیروز آباد","Firuz Ābād","Firuzābād","Elham Izadi and Mehrdad Meshkinfam, field notes 2020",42,,"","","Northern Lori 90%; Standard type Persian 10%","Mehrdad Meshkinfam and Elham Izadi, field notes 2020",34.24038,48.67367,""
"","64f033874349bbe1086abaf86962c28b","10-3313d01b019e9801f9a82cd2f404fbdf","1130227","همدان","Hamadān","ملایر","Malāyer","سامن","Sāmen",,,"سامن","Sāmen","کمربنه","Kamarboneh","Kamar Pahna","Elham Izadi and Mehrdad Meshkinfam, field notes 2020",64,,"","","Northern Lori 90%; Standard type Persian 10%","Mehrdad Meshkinfam and Elham Izadi, field notes 2020",34.17449967,48.63759567,""
"","64f033874349bbe1086abaf86962b413","10-c0af5612e9521049cb2bf4730fab776b","1130228","همدان","Hamadān","ملایر","Malāyer","سامن","Sāmen",,,"سامن","Sāmen","اردکلو","Ordaklu","Ordaklu","Elham Izadi and Mehrdad Meshkinfam, field notes 2020",16,,"","","Northern Lori 90%; Standard type Persian 10%","Mehrdad Meshkinfam and Elham Izadi, field notes 2020",34.12716,48.80505,""
"","64f033874349bbe1086abaf86962b29a","10-9246f7d48905a475668ca7a74428afed","1130229","همدان","Hamadān","ملایر","Malāyer","سامن","Sāmen",,,"سامن","Sāmen","پیرسواران","Pir Savārān","Pir Savārān","Elham Izadi and Mehrdad Meshkinfam, field notes 2020",64,,"","","Northern Lori 90%; Standard type Persian 10%","Mehrdad Meshkinfam and Elham Izadi, field notes 2020",34.11857,48.77805,""
"","64f033874349bbe1086abaf86962b267","10-61bc643450cfdda8c32030a154387a2b","1130231","همدان","Hamadān","ملایر","Malāyer","سامن","Sāmen",,,"سفیدکوه","Sefid Kuh","انوچ","Anuch","Anuj","Elham Izadi and Mehrdad Meshkinfam, field notes 2020",1935,,"","","Northern Lori 90%; Standard type Persian 10%","Mehrdad Meshkinfam and Elham Izadi, field notes 2020",34.10941944,48.57161944,""
"","64f033874349bbe1086abaf86962a6fe","10-9b95d9fcc5ed64f98576959591cbee5d","1130232","همدان","Hamadān","ملایر","Malāyer","سامن","Sāmen",,,"سفیدکوه","Sefid Kuh","رحمان آباد انوچ","Rahmān Ābād-e Anuch","Rahmānābād-e Anuj","Elham Izadi and Mehrdad Meshkinfam, field notes 2020",420,,"","","Northern Lori 90%; Standard type Persian 10%","Mehrdad Meshkinfam and Elham Izadi, field notes 2020",34.08784,48.58498,""
"","64f033874349bbe1086abaf8696341c0","10-08e9251e134d56a44840eea3d26f20ca","1130233","همدان","Hamadān","ملایر","Malāyer","سامن","Sāmen",,,"سفیدکوه","Sefid Kuh","انجیره","Anjireh","Anjira","Elham Izadi and Mehrdad Meshkinfam, field notes 2020",196,,"","","Northern Lori 90%; Standard type Persian 10%","Mehrdad Meshkinfam and Elham Izadi, field notes 2020",34.21569,48.52837,""
"","64f033874349bbe1086abaf869633a90","10-f987fee12b41aaf47c64e66f0f80dc93","1130234","همدان","Hamadān","ملایر","Malāyer","سامن","Sāmen",,,"سفیدکوه","Sefid Kuh","زاغه انوچ","Zāgheh-ye Anuch","Zāgha Anuj","Elham Izadi and Mehrdad Meshkinfam, field notes 2020",114,,"","","Northern Lori 90%; Standard type Persian 10%","Mehrdad Meshkinfam and Elham Izadi, field notes 2020",34.14722,48.55425,""
"","64f033874349bbe1086abaf8696331f6","10-9f79a0fbdd029a8788e60c149b48d8e4","1130235","همدان","Hamadān","ملایر","Malāyer","سامن","Sāmen",,,"سفیدکوه","Sefid Kuh","بهاره","Bahāreh","Bahāra","Elham Izadi and Mehrdad Meshkinfam, field notes 2020",1302,,"","","Northern Lori 90%; Standard type Persian 10%","Mehrdad Meshkinfam and Elham Izadi, field notes 2020",34.19737967,48.54625167,""
"","64f033874349bbe1086abaf869632a66","10-ef6557f0e61a042c3eafbb887f7c6dd9","1130236","همدان","Hamadān","ملایر","Malāyer","سامن","Sāmen",,,"سفیدکوه","Sefid Kuh","سیاه کمر","Siāh Kamar","Siyā Kamar","Elham Izadi and Mehrdad Meshkinfam, field notes 2020",,"(3 or fewer households; population not specified in 2011 Census for reasons of privacy)","","","Turkic 90%; Standard type Persian 10%","Mehrdad Meshkinfam and Elham Izadi, field notes 2020",34.17305,48.57976,""
"","64f033874349bbe1086abaf8696328f5","10-f972ad9333a3d3b444b82ed5bf311137","1130237","همدان","Hamadān","ملایر","Malāyer","سامن","Sāmen",,,"سفیدکوه","Sefid Kuh","قشلاق انوچ","Qeshlāq-e Anuch","Qeshlāgh-e Anuj","Elham Izadi and Mehrdad Meshkinfam, field notes 2020",280,,"","","Northern Lori 90%; Standard type Persian 10%","Mehrdad Meshkinfam and Elham Izadi, field notes 2020",34.11636944,48.57681944,""
"","64f033874349bbe1086abaf869632545","10-df515d6959a95ff3ac4f1c4fe316718d","1130238","همدان","Hamadān","ملایر","Malāyer","سامن","Sāmen",,,"سفیدکوه","Sefid Kuh","علی مرادخواه","Ali Morādkhāh","Qelā Ali Morād","Elham Izadi and Mehrdad Meshkinfam, field notes 2020",402,,"","","Laki 90%; Standard type Persian 10%","Mehrdad Meshkinfam and Elham Izadi, field notes 2020",34.19787433,48.55405633,""
"","64f033874349bbe1086abaf8696321ab","10-40c501215553c8ebd652fa8749e21a0d","1130239","همدان","Hamadān","ملایر","Malāyer","سامن","Sāmen",,,"سفیدکوه","Sefid Kuh","چشمه ساران","Cheshmeh Sārān","Cheshma Sāron","Elham Izadi and Mehrdad Meshkinfam, field notes 2020",132,,"","","Northern Lori 90%; Standard type Persian 10%","Mehrdad Meshkinfam and Elham Izadi, field notes 2020",34.16949,48.54505,""
"","64f033874349bbe1086abaf869631a73","16-adc2e2c937563f9d512eaaedfcc4fb29","1130240","همدان","Hamadān","ملایر","Malāyer","سامن","Sāmen",,,"سفیدکوه","Sefid Kuh","گلدره انوچ","Gol Darreh-ye Anuch ","Goldarre-y Anuj","Elham Izadi and Mehrdad Meshkinfam, field notes 2020",159,,"","","Northern Lori 90%; Standard type Persian 10%","Mehrdad Meshkinfam and Elham Izadi, field notes 2020",34.102222,48.598611,""
"","64f033874349bbe1086abaf869630a79","10-55266f1314fd7651484cde0343db877b","1130241","همدان","Hamadān","ملایر","Malāyer","سامن","Sāmen","سامن","Sāmen",,,,,"Sāmen","Elham Izadi and Mehrdad Meshkinfam, field notes 2020",4426,,"","","Northern Lori 80%; Standard type Persian 20%","Mehrdad Meshkinfam and Elham Izadi, field notes 2020",34.20976455,48.70290696,""
"","64f033874349bbe1086abaf86962fa7d","10-08d90197182326020b96352077caacfd","1130244","همدان","Hamadān","ملایر","Malāyer","مرکزی","Markazi",,,"جوزان","Jowzān","خیر آباد","Kheyr Ābād","Kheyrābād","Elham Izadi and Mehrdad Meshkinfam, field notes 2020",21,,"","","Northern Lori 90%; Standard type Persian 10%","Mehrdad Meshkinfam and Elham Izadi, field notes 2020",34.25674,49.02098,""
"","64f033874349bbe1086abaf869638ef4","10-b186fe111a9be7a855182875188e5b34","1130245","همدان","Hamadān","ملایر","Malāyer","مرکزی","Markazi",,,"جوزان","Jowzān","کله بید","Koleh Bid","Kola Bid","Elham Izadi and Mehrdad Meshkinfam, field notes 2020",53,,"","","Northern Lori 90%; Standard type Persian 10%","Mehrdad Meshkinfam and Elham Izadi, field notes 2020",34.26947267,49.01931167,""
"","64f033874349bbe1086abaf869638572","10-06ff10f152d5dd33f66a1bd94d7b8f30","1130246","همدان","Hamadān","ملایر","Malāyer","مرکزی","Markazi",,,"جوزان","Jowzān","کهریز","Kahriz","Kahriz","Elham Izadi and Mehrdad Meshkinfam, field notes 2020",135,,"","","Northern Lori 90%; Standard type Persian 10%","Mehrdad Meshkinfam and Elham Izadi, field notes 2020",34.27686433,49.00122433,""
"","64f033874349bbe1086abaf869637800","10-24d391bbc75538801b767a0efbd490c5","1130247","همدان","Hamadān","ملایر","Malāyer","مرکزی","Markazi",,,"جوزان","Jowzān","جوزان","Jowzān","Jewzon","Elham Izadi and Mehrdad Meshkinfam, field notes 2020",2719,,"","","Northern Lori 90%; Standard type Persian 10%","Mehrdad Meshkinfam and Elham Izadi, field notes 2020",34.25373,48.96217,""
"","64f033874349bbe1086abaf86963743d","10-50cf1a8278a2f482e6f501427254030f","1130248","همدان","Hamadān","ملایر","Malāyer","مرکزی","Markazi",,,"جوزان","Jowzān","توسک سفلی","Tusk-e Pāin","Tusk-e Pāin","Elham Izadi and Mehrdad Meshkinfam, field notes 2020",690,,"","","Northern Lori 90%; Standard type Persian 10%","Mehrdad Meshkinfam and Elham Izadi, field notes 2020",34.250654,48.990777,""
"","64f033874349bbe1086abaf869637103","10-dff45fb478a7fe360552242fa5530659","1130249","همدان","Hamadān","ملایر","Malāyer","مرکزی","Markazi",,,"جوزان","Jowzān","توسک علیا","Tusk-e Bālā","Tusk-e Bālā","Elham Izadi and Mehrdad Meshkinfam, field notes 2020",577,,"","","Northern Lori 90%; Standard type Persian 10%","Mehrdad Meshkinfam and Elham Izadi, field notes 2020",34.25233027,48.99539709,""
"","64f033874349bbe1086abaf869636a72","10-5c1587db78501f69042e2753bf8b79bc","1130250","همدان","Hamadān","ملایر","Malāyer","مرکزی","Markazi",,,"جوزان","Jowzān","قلعه باباخان","Qal'eh-ye Bābākhān","Qelā Bākhon","Elham Izadi and Mehrdad Meshkinfam, field notes 2020",306,,"","","Northern Lori 90%; Standard type Persian 10%","Mehrdad Meshkinfam and Elham Izadi, field notes 2020",34.24703,49.03976,""
"","64f033874349bbe1086abaf869635eb3","10-935a41fc27fe60823c7dd46c0ef20d87","1130251","همدان","Hamadān","ملایر","Malāyer","مرکزی","Markazi",,,"جوزان","Jowzān","قلعه جوزان","Qal'eh-ye Jowzān","Qalā Jewzon","Elham Izadi and Mehrdad Meshkinfam, field notes 2020",547,,"","","Laki 90%; Standard type Persian 10%","Mehrdad Meshkinfam and Elham Izadi, field notes 2020",34.24732,48.96288,""
"","64f033874349bbe1086abaf869634fce","10-527da88b1366fe03dfe4f355ae2f2f10","1130252","همدان","Hamadān","ملایر","Malāyer","مرکزی","Markazi",,,"جوزان","Jowzān","مانیزان","Mānizān","Mānizon","Elham Izadi and Mehrdad Meshkinfam, field notes 2020",516,,"","","Turkic 90%; Standard type Persian 10%","Mehrdad Meshkinfam and Elham Izadi, field notes 2020",34.252282,49.017354,""
"","64f033874349bbe1086abaf869634c3d","10-b28cb8cf52087e3993aeafd476659160","1130253","همدان","Hamadān","ملایر","Malāyer","مرکزی","Markazi",,,"جوزان","Jowzān","بابلقانی","Bābolqāni","Bolghoni","Elham Izadi and Mehrdad Meshkinfam, field notes 2020",883,,"","","Northern Lori 90%; Standard type Persian 10%","Mehrdad Meshkinfam and Elham Izadi, field notes 2020",34.24388,49.05663,""
"","64f033874349bbe1086abaf869634c35","10-4a421149cc442fa69bba2fafff9bfbbf","1130254","همدان","Hamadān","ملایر","Malāyer","مرکزی","Markazi",,,"جوزان","Jowzān","گل گل","Golgol","Golgol","Elham Izadi and Mehrdad Meshkinfam, field notes 2020",,"(3 or fewer households; population not specified in 2011 Census for reasons of privacy)","","","Northern Lori 90%; Standard type Persian 10%","Mehrdad Meshkinfam and Elham Izadi, field notes 2020",34.2440426,49.10341504,""
"","64f033874349bbe1086abaf86963e7f8","10-2c86519c18589cc018e98a045761d275","1130255","همدان","Hamadān","ملایر","Malāyer","مرکزی","Markazi",,,"جوزان","Jowzān","گماسا","Gamāsā","Gamāsā","Elham Izadi and Mehrdad Meshkinfam, field notes 2020",854,,"","","Northern Lori 90%; Standard type Persian 10%","Mehrdad Meshkinfam and Elham Izadi, field notes 2020",34.23030764,49.08717153,""
"","64f033874349bbe1086abaf86963d92e","6-d7f4900fefa6d8e2a886e70c952759d4","1130256","همدان","Hamadān","ملایر","Malāyer","مرکزی","Markazi",,,"حرم رود علیا","Haram Rud-e Oliā",,,"","",8107,,"","","",,34.230776,49.086665,""
"","64f033874349bbe1086abaf86963d589","10-bafb35b8ee95b9bc751e01abb90302de","1130258","همدان","Hamadān","ملایر","Malāyer","مرکزی","Markazi",,,"حرم رود علیا","Haram Rud-e Oliā","شیرین آباد","Shirin Ābād","Shirinābād","Elham Izadi and Mehrdad Meshkinfam, field notes 2020",288,,"","","Northern Lori 90%; Standard type Persian 10%","Mehrdad Meshkinfam and Elham Izadi, field notes 2020",34.36334,48.74058,""
"","64f033874349bbe1086abaf86963cdf4","10-bf76e4299aa92755343ee36b7b8c8f2b","1130259","همدان","Hamadān","ملایر","Malāyer","مرکزی","Markazi",,,"حرم رود علیا","Haram Rud-e Oliā","کرکان","Karkān","Karkon","Elham Izadi and Mehrdad Meshkinfam, field notes 2020",340,,"","","Northern Lori 90%; Standard type Persian 10%","Mehrdad Meshkinfam and Elham Izadi, field notes 2020",34.348599,48.70133,""
"","64f033874349bbe1086abaf86963c381","10-ad81452a69d684a1242ae4898f9b9f4a","1130260","همدان","Hamadān","ملایر","Malāyer","مرکزی","Markazi",,,"حرم رود علیا","Haram Rud-e Oliā","گلدسته","Gol Dasteh","Goldassa","Elham Izadi and Mehrdad Meshkinfam, field notes 2020",56,,"","","Batui 90%; Standard type Persian 10%","Mehrdad Meshkinfam and Elham Izadi, field notes 2020",34.350438,48.664275,""
"","64f033874349bbe1086abaf86963b3e5","10-f5df03a35167327dc5b83fa61bda4857","1130261","همدان","Hamadān","ملایر","Malāyer","مرکزی","Markazi",,,"حرم رود علیا","Haram Rud-e Oliā","نکیل آباد","Nakil Ābād","Nakilābād","Elham Izadi and Mehrdad Meshkinfam, field notes 2020",50,,"","","Batui 90%; Standard type Persian 10%","Mehrdad Meshkinfam and Elham Izadi, field notes 2020",34.3682701,48.65535841,""
"","64f033874349bbe1086abaf86963aa39","10-cbb56e9f44251dba9fbcc21fae9fc0d9","1130262","همدان","Hamadān","ملایر","Malāyer","مرکزی","Markazi",,,"حرم رود علیا","Haram Rud-e Oliā","شوشاب","Shush Āb","Shushāb","Elham Izadi and Mehrdad Meshkinfam, field notes 2020",485,,"","","Central Kurdish 90%; Standard type Persian 10%","Mehrdad Meshkinfam and Elham Izadi, field notes 2020",34.35608,48.63221,""
"","64f033874349bbe1086abaf86963a6da","10-75b94f6a7a3de40789e322c36ff640a6","1130263","همدان","Hamadān","ملایر","Malāyer","مرکزی","Markazi",,,"حرم رود علیا","Haram Rud-e Oliā","حاجی آباد","Hāji Ābād","Hājiyābād","Elham Izadi and Mehrdad Meshkinfam, field notes 2020",1630,,"","","Northern Lori 90%; Standard type Persian 10%","Mehrdad Meshkinfam and Elham Izadi, field notes 2020",34.32375,48.77534,""
"","64f033874349bbe1086abaf86963a084","10-4848129aab107dc48b7c021ac5cf8ff8","1130264","همدان","Hamadān","ملایر","Malāyer","مرکزی","Markazi",,,"حرم رود علیا","Haram Rud-e Oliā","یونجی","Yonji","Yonji","Elham Izadi and Mehrdad Meshkinfam, field notes 2020",159,,"","","Northern Lori 90%; Standard type Persian 10%","Mehrdad Meshkinfam and Elham Izadi, field notes 2020",34.35879525,48.78143725,""
"","64f033874349bbe1086abaf86963974d","10-119699d2000b08d128ce22a9b5236f86","1130265","همدان","Hamadān","ملایر","Malāyer","مرکزی","Markazi",,,"حرم رود علیا","Haram Rud-e Oliā","شریف ابادقوزان","Sharif Ābād-e Quzān","Sharifābād-e Qozon","Elham Izadi and Mehrdad Meshkinfam, field notes 2020",413,,"","","Northern Lori 90%; Standard type Persian 10%","Mehrdad Meshkinfam and Elham Izadi, field notes 2020",34.41216,48.82543,""
"","64f033874349bbe1086abaf8696435ce","10-0f58d7c0b7285975fffef9f6678c2d18","1130266","همدان","Hamadān","ملایر","Malāyer","مرکزی","Markazi",,,"حرم رود علیا","Haram Rud-e Oliā","گلوشجرد","Golushejerd","Gulushejerd","Elham Izadi and Mehrdad Meshkinfam, field notes 2020",148,,"","","Northern Lori 90%; Standard type Persian 10%","Mehrdad Meshkinfam and Elham Izadi, field notes 2020",34.366337,48.790557,""
"","64f033874349bbe1086abaf86964344b","10-f582a2f6b1454ed09e6e5b378e0339c4","1130267","همدان","Hamadān","ملایر","Malāyer","مرکزی","Markazi",,,"حرم رود علیا","Haram Rud-e Oliā","احمد آباد ","Ahmad Ābād","Ahmadābād","Elham Izadi and Mehrdad Meshkinfam, field notes 2020",,"(3 or fewer households; population not specified in 2011 Census for reasons of privacy)","","","Northern Lori 90%; Standard type Persian 10%","Mehrdad Meshkinfam and Elham Izadi, field notes 2020",34.92480967,49.07675867,""
"","64f033874349bbe1086abaf869642667","10-24280ada54d286fce1199faefe8e0b39","1130268","همدان","Hamadān","ملایر","Malāyer","مرکزی","Markazi",,,"حرم رود علیا","Haram Rud-e Oliā","حرم آباد","Haram Ābād","Haramābād","Elham Izadi and Mehrdad Meshkinfam, field notes 2020",1114,,"","","Northern Lori 90%; Standard type Persian 10%","Mehrdad Meshkinfam and Elham Izadi, field notes 2020",34.28191033,48.78211033,""
"","64f033874349bbe1086abaf869641d11","10-b0e18a41d22e72ef762c5ddc121ae99d","1130269","همدان","Hamadān","ملایر","Malāyer","مرکزی","Markazi",,,"حرم رود علیا","Haram Rud-e Oliā","قلعه فتاحیه","Qal'eh-ye Fattāhieh","Qale-y Mirfattā","Elham Izadi and Mehrdad Meshkinfam, field notes 2020",465,,"","","Northern Lori 90%; Standard type Persian 10%","Mehrdad Meshkinfam and Elham Izadi, field notes 2020",34.30867133,48.78328233,""
"","64f033874349bbe1086abaf8696411e5","10-3bc557963a2718e6ae11d47861d715fb","1130270","همدان","Hamadān","ملایر","Malāyer","مرکزی","Markazi",,,"حرم رود علیا","Haram Rud-e Oliā","توچقاز","Tuchaqāz","Tujaghāz","Elham Izadi and Mehrdad Meshkinfam, field notes 2020",1925,,"","","Northern Lori 90%; Standard type Persian 10%","Mehrdad Meshkinfam and Elham Izadi, field notes 2020",34.29858,48.71721,""
"","64f033874349bbe1086abaf869640fbf","10-7e6b9b9ae3488f8f08a9d36af03e328d","1130271","همدان","Hamadān","ملایر","Malāyer","مرکزی","Markazi",,,"حرم رود علیا","Haram Rud-e Oliā","گنبد","Gonbad","Gomma","Elham Izadi and Mehrdad Meshkinfam, field notes 2020",180,,"","","Northern Lori 90%; Standard type Persian 10%","Mehrdad Meshkinfam and Elham Izadi, field notes 2020",34.32962933,48.71213533,""
"","64f033874349bbe1086abaf869640f8a","10-6d938ea982c7aec1d3acccfbd22a1a86","1130272","همدان","Hamadān","ملایر","Malāyer","مرکزی","Markazi",,,"حرم رود علیا","Haram Rud-e Oliā","مهر آباد","Mehr Ābād","Mehrāvād","Elham Izadi and Mehrdad Meshkinfam, field notes 2020",704,,"","","Northern Lori 90%; Standard type Persian 10%","Mehrdad Meshkinfam and Elham Izadi, field notes 2020",34.33036833,48.74253933,""
"","64f033874349bbe1086abaf869640a44","10-4c0ee6ce4fb2461b85a8e945b6de69c1","1130274","همدان","Hamadān","ملایر","Malāyer","مرکزی","Markazi",,,"موزاران","Mowzārān","علمدارسفلی","Alamdār-e Soflā","Alamdār-e Pāin","Elham Izadi and Mehrdad Meshkinfam, field notes 2020",101,,"","","Northern Lori 90%; Standard type Persian 10%","Mehrdad Meshkinfam and Elham Izadi, field notes 2020",34.16850533,48.82246233,""
"","64f033874349bbe1086abaf86963ff1b","10-609b9e68fd5d2479dd25e782220d9460","1130275","همدان","Hamadān","ملایر","Malāyer","مرکزی","Markazi",,,"موزاران","Mowzārān","علمدارعلیا","Alamdār-e Oliā","Alamdār-e Bālā","Elham Izadi and Mehrdad Meshkinfam, field notes 2020",125,,"","","Northern Lori 90%; Standard type Persian 10%","Mehrdad Meshkinfam and Elham Izadi, field notes 2020",34.15499,48.79226,""
"","64f033874349bbe1086abaf86963f763","10-83afef8134c9e4d92de55bcd50b4452d","1130276","همدان","Hamadān","ملایر","Malāyer","مرکزی","Markazi",,,"موزاران","Mowzārān","گوراب، جوراب","Gurāb, Jurāb","Gurew","Elham Izadi and Mehrdad Meshkinfam, field notes 2020",2731,,"","","Northern Lori 90%; Standard type Persian 10%","Mehrdad Meshkinfam and Elham Izadi, field notes 2020",34.16834,48.82355,""
"","64f033874349bbe1086abaf869646b73","10-e91b194d7490bb3c783e24e2232af4e4","1130277","همدان","Hamadān","ملایر","Malāyer","مرکزی","Markazi",,,"موزاران","Mowzārān","دارچم","Dār Cham","Dārcham","Elham Izadi and Mehrdad Meshkinfam, field notes 2020",18,,"","","Northern Lori 90%; Standard type Persian 10%","Mehrdad Meshkinfam and Elham Izadi, field notes 2020",34.260278,48.820833,""
"","64f033874349bbe1086abaf869646524","10-e1a3164524bb7b8101b0cf9e3b5b0bc2","1130278","همدان","Hamadān","ملایر","Malāyer","مرکزی","Markazi",,,"موزاران","Mowzārān","رضوانکده","Rezvānkadeh","Meyvā","Elham Izadi and Mehrdad Meshkinfam, field notes 2020",1727,,"","","Northern Lori 90%; Standard type Persian 10%","Mehrdad Meshkinfam and Elham Izadi, field notes 2020",34.23859133,48.82832433,""
"","64f033874349bbe1086abaf8696462f9","10-67d6dac6c9ab5a1d98c5c9c5d778d72f","1130279","همدان","Hamadān","ملایر","Malāyer","مرکزی","Markazi",,,"موزاران","Mowzārān","عباسیه","Abbāsieh","Abbāsiya","Elham Izadi and Mehrdad Meshkinfam, field notes 2020",494,,"","","Northern Lori 90%; Standard type Persian 10%","Mehrdad Meshkinfam and Elham Izadi, field notes 2020",34.19691833,48.86925733,""
"","64f033874349bbe1086abaf869645fdc","10-18bc984556452663f7a69d5abf9af323","1130280","همدان","Hamadān","ملایر","Malāyer","مرکزی","Markazi",,,"موزاران","Mowzārān","فروز","Farvaz","Parvaz","Elham Izadi and Mehrdad Meshkinfam, field notes 2020",451,,"","","Northern Lori 90%; Standard type Persian 10%","Mehrdad Meshkinfam and Elham Izadi, field notes 2020",34.2256,48.89928,""
"","64f033874349bbe1086abaf869645ad5","10-df471eeb851e3dfca6588d5ca3bc6ee9","1130281","همدان","Hamadān","ملایر","Malāyer","مرکزی","Markazi",,,"موزاران","Mowzārān","مرویل","Marvil","Marvil","Elham Izadi and Mehrdad Meshkinfam, field notes 2020",427,,"","","Northern Lori 90%; Standard type Persian 10%","Mehrdad Meshkinfam and Elham Izadi, field notes 2020",34.16833967,48.88701267,""
"","64f033874349bbe1086abaf869645acf","10-b712aa4a19d8241b08c49074d8685871","1130282","همدان","Hamadān","ملایر","Malāyer","مرکزی","Markazi",,,"موزاران","Mowzārān","داویجان","Dāvijān","Devun","Elham Izadi and Mehrdad Meshkinfam, field notes 2020",1360,,"","","Northern Lori 90%; Standard type Persian 10%","Mehrdad Meshkinfam and Elham Izadi, field notes 2020",34.22103,48.85935,""
"","64f033874349bbe1086abaf8696454f0","10-ea50f87c2241b28a6c5f7a3ede2ae67c","1130283","همدان","Hamadān","ملایر","Malāyer","مرکزی","Markazi",,,"موزاران","Mowzārān","نامیله","Nāmileh","Nāmila","Elham Izadi and Mehrdad Meshkinfam, field notes 2020",3010,,"","","Northern Lori 90%; Standard type Persian 10%","Mehrdad Meshkinfam and Elham Izadi, field notes 2020",34.27468597,48.82045381,""
"","64f033874349bbe1086abaf869644e56","10-dc11e30a2f13c5c3185f3144c944bfa9","1130284","همدان","Hamadān","ملایر","Malāyer","مرکزی","Markazi",,,"موزاران","Mowzārān","ازناوله","Aznāveleh","Eznewla","Elham Izadi and Mehrdad Meshkinfam, field notes 2020",615,,"","","Northern Lori 90%; Standard type Persian 10%","Mehrdad Meshkinfam and Elham Izadi, field notes 2020",34.23318,48.905,""
"","64f033874349bbe1086abaf8696445dd","12-f2c4666abe98fd7d5f8cbd4b03f5f0f7","1130286","همدان","Hamadān","ملایر","Malāyer","مرکزی","Markazi",,,"کوه سرده","Kuh Sardeh","امامزاده عبدالله، خان آباد","Emāmzadeh Abdollāh, Khān Ābād","Emāmzada Abdollā","Elham Izadi and Mehrdad Meshkinfam, field notes 2020",331,,"","","Northern Lori 90%; Standard type Persian 10%","Mehrdad Meshkinfam and Elham Izadi, field notes 2020",34.461647551,48.944858021,""
"","64f033874349bbe1086abaf869644338","10-ce16d897b693626705d3b0e3040034a0","1130287","همدان","Hamadān","ملایر","Malāyer","مرکزی","Markazi",,,"کوه سرده","Kuh Sardeh","قجراب سفلی","Qajar Āb-e Soflā","Qajarew Pāin","Elham Izadi and Mehrdad Meshkinfam, field notes 2020",42,,"","","Laki 90%; Standard type Persian 10%","Mehrdad Meshkinfam and Elham Izadi, field notes 2020",34.43564,48.97546,""
"","64f033874349bbe1086abaf86964b9f6","10-ade8f79db83e250e510d29a0e2fda03a","1130288","همدان","Hamadān","ملایر","Malāyer","مرکزی","Markazi",,,"کوه سرده","Kuh Sardeh","قجراب علیا","Qajar Āb-e Oliā","Qajarew Bālā","Elham Izadi and Mehrdad Meshkinfam, field notes 2020",162,,"","","Laki 90%; Standard type Persian 10%","Mehrdad Meshkinfam and Elham Izadi, field notes 2020",34.42724,48.96917,""
"","64f033874349bbe1086abaf86964b464","10-c3c3eebed3b87eab408a5f38f1cc2259","1130289","همدان","Hamadān","ملایر","Malāyer","مرکزی","Markazi",,,"کوه سرده","Kuh Sardeh","قره تگینی","Qareh Tegini","Qara Tegini","Elham Izadi and Mehrdad Meshkinfam, field notes 2020",207,,"","","Northern Lori 90%; Standard type Persian 10%","Mehrdad Meshkinfam and Elham Izadi, field notes 2020",34.44005,48.93491,""
"","64f033874349bbe1086abaf86964a87f","10-3d98d837d2dce57e7a87d372d1c6a94a","1130290","همدان","Hamadān","ملایر","Malāyer","مرکزی","Markazi",,,"کوه سرده","Kuh Sardeh","قشلاق شیرازی","Qeshlāq-e Shirāzi","Qeshlāgh-e Shirāzi","Elham Izadi and Mehrdad Meshkinfam, field notes 2020",145,,"","","Northern Lori 90%; Standard type Persian 10%","Mehrdad Meshkinfam and Elham Izadi, field notes 2020",34.38286,48.93852,""
"","64f033874349bbe1086abaf86964a350","10-075fe13bc1d0a202f5a1e4281fe1fb7a","1130291","همدان","Hamadān","ملایر","Malāyer","مرکزی","Markazi",,,"کوه سرده","Kuh Sardeh","ورچق","Varchaq","Varcha","Elham Izadi and Mehrdad Meshkinfam, field notes 2020",695,,"","","Northern Lori 90%; Standard type Persian 10%","Mehrdad Meshkinfam and Elham Izadi, field notes 2020",34.38363952,48.9388508,""
"","64f033874349bbe1086abaf869649f35","10-b56ba06abae790f5635126a3bc1b8aa3","1130292","همدان","Hamadān","ملایر","Malāyer","مرکزی","Markazi",,,"کوه سرده","Kuh Sardeh","گنجاب","Ganjāb","Ganjew","Elham Izadi and Mehrdad Meshkinfam, field notes 2020",150,,"","","Northern Lori 90%; Standard type Persian 10%","Mehrdad Meshkinfam and Elham Izadi, field notes 2020",34.45240119,48.98591303,""
"","64f033874349bbe1086abaf869649ea4","10-0188483dffbbf0161ba565c10c439029","1130293","همدان","Hamadān","ملایر","Malāyer","مرکزی","Markazi",,,"کوه سرده","Kuh Sardeh","ازناو","Aznāv","Eznewla","Elham Izadi and Mehrdad Meshkinfam, field notes 2020",4864,,"","","Northern Lori 90%; Standard type Persian 10%","Mehrdad Meshkinfam and Elham Izadi, field notes 2020",34.29954,48.85724,""
"","64f033874349bbe1086abaf8696493aa","10-9e7c2d2ea166ddab16299aa030f701c5","1130294","همدان","Hamadān","ملایر","Malāyer","مرکزی","Markazi",,,"کوه سرده","Kuh Sardeh","بابارئیس","Bābā Ra'is","Bābā Reis","Elham Izadi and Mehrdad Meshkinfam, field notes 2020",586,,"","","Northern Lori 90%; Standard type Persian 10%","Mehrdad Meshkinfam and Elham Izadi, field notes 2020",34.33104,48.96093,""
"","64f033874349bbe1086abaf869648589","10-9be5963a5e8163c9344307812f747894","1130295","همدان","Hamadān","ملایر","Malāyer","مرکزی","Markazi",,,"کوه سرده","Kuh Sardeh","پیرخداوردی","Pir-e Khodāverdi","Pir-e Khodāverdi","Elham Izadi and Mehrdad Meshkinfam, field notes 2020",100,,"","","Laki 90%; Standard type Persian 10%","Mehrdad Meshkinfam and Elham Izadi, field notes 2020",34.32413367,48.92819267,""
"","64f033874349bbe1086abaf86964836f","10-15e5d969308e71f90c91ab301632e53e","1130296","همدان","Hamadān","ملایر","Malāyer","مرکزی","Markazi",,,"کوه سرده","Kuh Sardeh","سالوک","Sāluk","Sāluk","Elham Izadi and Mehrdad Meshkinfam, field notes 2020",84,,"","","Laki 90%; Standard type Persian 10%","Mehrdad Meshkinfam and Elham Izadi, field notes 2020",34.34097,48.99465,""
"","64f033874349bbe1086abaf869647aeb","10-c7d40caa4f80fd6dc69d8e2cf3efcc7d","1130297","همدان","Hamadān","ملایر","Malāyer","مرکزی","Markazi",,,"کوه سرده","Kuh Sardeh","گولوند","Gulvand","Gulvand","Elham Izadi and Mehrdad Meshkinfam, field notes 2020",90,,"","","Laki 90%; Standard type Persian 10%","Mehrdad Meshkinfam and Elham Izadi, field notes 2020",34.38086767,48.97551867,""
"","64f033874349bbe1086abaf869651467","10-b9fbab74e766a4aa0d487fcda9bb3c13","1130298","همدان","Hamadān","ملایر","Malāyer","مرکزی","Markazi",,,"کوه سرده","Kuh Sardeh","محمود آباد","Mahmud Ābād","Mahmudād, Mahmudāvād","Elham Izadi and Mehrdad Meshkinfam, field notes 2020",479,,"","","Laki 90%; Standard type Persian 10%","Mehrdad Meshkinfam and Elham Izadi, field notes 2020",34.32906467,48.89689267,""
"","64f033874349bbe1086abaf869650bac","10-b05d3bf98ed893ee4b7b003928be7ab2","1130299","همدان","Hamadān","ملایر","Malāyer","مرکزی","Markazi","ملایر","Malāyer",,,,,"Malāyer","Elham Izadi and Mehrdad Meshkinfam, field notes 2020",159848,,"","","Northern Lori 60%; Standard type Persian 20%; Laki 20%","Mehrdad Meshkinfam and Elham Izadi, field notes 2020",34.30008673,48.81614333,""
"","64f033874349bbe1086abaf869650005","10-6cd3615b1813f0e39618728acf13bba3","1130302","همدان","Hamadān","ملایر","Malāyer","زند","Zand",,,"کمازان سفلی","Kamāzān-e Soflā","بیاتان سفلی","Biātān-e Soflā","Bayāton-e Pāin","Elham Izadi and Mehrdad Meshkinfam, field notes 2020",44,,"","","Northern Lori 90%; Standard type Persian 10%","Mehrdad Meshkinfam and Elham Izadi, field notes 2020",34.02589,48.95744,""
"","64f033874349bbe1086abaf86964f441","10-8ba3fe7962d793d2a54683c69e87d549","1130303","همدان","Hamadān","ملایر","Malāyer","زند","Zand",,,"کمازان سفلی","Kamāzān-e Soflā","بیاتان علیا","Biātān-e Oliā","Bayāton-e Bālā","Elham Izadi and Mehrdad Meshkinfam, field notes 2020",78,,"","","Northern Lori 90%; Standard type Persian 10%","Mehrdad Meshkinfam and Elham Izadi, field notes 2020",34.02754,48.96424,""
"","64f033874349bbe1086abaf86964f088","10-49cec08ea91e51126ca6ce3d82af307c","1130304","همدان","Hamadān","ملایر","Malāyer","زند","Zand",,,"کمازان سفلی","Kamāzān-e Soflā","امامزاده خاتون","Emāmzadeh Khātun","Emāmzāda Khātun","Elham Izadi and Mehrdad Meshkinfam, field notes 2020",271,,"","","Northern Lori 90%; Standard type Persian 10%","Mehrdad Meshkinfam and Elham Izadi, field notes 2020",34.05010367,48.95183667,""
"","64f033874349bbe1086abaf86964e435","10-10c4ace29e0c8553625c04182acd5068","1130305","همدان","Hamadān","ملایر","Malāyer","زند","Zand",,,"کمازان سفلی","Kamāzān-e Soflā","دره راست","Darreh Rāst","Dara Rās","Elham Izadi and Mehrdad Meshkinfam, field notes 2020",47,,"","","Northern Lori 90%; Standard type Persian 10%","Mehrdad Meshkinfam and Elham Izadi, field notes 2020",34.02972,48.99604,""
"","64f033874349bbe1086abaf86964d43a","10-1da6de0d45cdc5a15b7507e821c69ee0","1130306","همدان","Hamadān","ملایر","Malāyer","زند","Zand",,,"کمازان سفلی","Kamāzān-e Soflā","طایمه","Tāyemeh","Tāyma","Elham Izadi and Mehrdad Meshkinfam, field notes 2020",411,,"","","Northern Lori 90%; Standard type Persian 10%","Mehrdad Meshkinfam and Elham Izadi, field notes 2020",34.11826933,48.91875033,""
"","64f033874349bbe1086abaf86964ccbe","10-f2f73cddcea17f5608e48038e68ecf39","1130307","همدان","Hamadān","ملایر","Malāyer","زند","Zand",,,"کمازان سفلی","Kamāzān-e Soflā","قشلاق محمدی","Qeshlāq-e Mohammadi","Qeshlāq-e Mamdi","Elham Izadi and Mehrdad Meshkinfam, field notes 2020",31,,"","","Northern Lori 90%; Standard type Persian 10%","Mehrdad Meshkinfam and Elham Izadi, field notes 2020",34.066667,48.916667,""
"","64f033874349bbe1086abaf86964c92c","10-2a15676b3d50a2b04c33fe764a5e5746","1130308","همدان","Hamadān","ملایر","Malāyer","زند","Zand",,,"کمازان سفلی","Kamāzān-e Soflā","قلعه نوگونسبان","Qal'eh Now-e Gunesbān","Qala Now","Elham Izadi and Mehrdad Meshkinfam, field notes 2020",142,,"","","Northern Lori 90%; Standard type Persian 10%","Mehrdad Meshkinfam and Elham Izadi, field notes 2020",34.116667,49.066667,""
"","64f033874349bbe1086abaf86964c68f","10-6887dd640a135febeef594135a1ca80d","1130309","همدان","Hamadān","ملایر","Malāyer","زند","Zand",,,"کمازان سفلی","Kamāzān-e Soflā","کیکله","Keykaleh","Keykala","Elham Izadi and Mehrdad Meshkinfam, field notes 2020",123,,"","","Northern Lori 90%; Standard type Persian 10%","Mehrdad Meshkinfam and Elham Izadi, field notes 2020",34.11372667,48.93943767,""
"","64f033874349bbe1086abaf869656681","10-6580f4f4538701ad4e53d471ddfd3aab","1130310","همدان","Hamadān","ملایر","Malāyer","زند","Zand",,,"کمازان سفلی","Kamāzān-e Soflā","ارگس سفلی","Argas-e Soflā","Argas-e Soflā","Elham Izadi and Mehrdad Meshkinfam, field notes 2020",134,,"","","Northern Lori 90%; Standard type Persian 10%","Mehrdad Meshkinfam and Elham Izadi, field notes 2020",34.07534,48.86397,""
"","64f033874349bbe1086abaf869655937","10-e1fd9861c1890330e1fe64a56a3331b6","1130311","همدان","Hamadān","ملایر","Malāyer","زند","Zand",,,"کمازان سفلی","Kamāzān-e Soflā","ارگس علیا، قلعه رفیع","Argas-e Oliā, Qal'eh Rafi'","Argas-e Oliyā","Elham Izadi and Mehrdad Meshkinfam, field notes 2020",132,,"","","Northern Lori 90%; Standard type Persian 10%","Mehrdad Meshkinfam and Elham Izadi, field notes 2020",34.06990067,48.84532967,""
"","64f033874349bbe1086abaf869655119","10-6dcb6c2c82d6a75b3fd1b0132f05d6f4","1130312","همدان","Hamadān","ملایر","Malāyer","زند","Zand",,,"کمازان سفلی","Kamāzān-e Soflā","بیدکرپه سفلی","Bid Korpeh-ye Soflā","Bid Korpe-ye Pāin","Elham Izadi and Mehrdad Meshkinfam, field notes 2020",111,,"","","Northern Lori 90%; Standard type Persian 10%","Mehrdad Meshkinfam and Elham Izadi, field notes 2020",34.02098,48.89092,""
"","64f033874349bbe1086abaf869654a34","10-12db7488b523226b4ef4398a35b92fbc","1130313","همدان","Hamadān","ملایر","Malāyer","زند","Zand",,,"کمازان سفلی","Kamāzān-e Soflā","بیدکرپه علیا","Bid Korpeh-ye Oliā","Bid Korpe-ye Bālā","Elham Izadi and Mehrdad Meshkinfam, field notes 2020",112,,"","","Northern Lori 90%; Standard type Persian 10%","Mehrdad Meshkinfam and Elham Izadi, field notes 2020",34.02125,48.86753,""
"","64f033874349bbe1086abaf869653de9","10-3457339abd9adf6c6e2233fab853c8e0","1130314","همدان","Hamadān","ملایر","Malāyer","زند","Zand",,,"کمازان سفلی","Kamāzān-e Soflā","بیدکرپه وسطی","Bid Korpeh-ye Vasati","Bid Korpe-ye Vasat","Elham Izadi and Mehrdad Meshkinfam, field notes 2020",51,,"","","Northern Lori 90%; Standard type Persian 10%","Mehrdad Meshkinfam and Elham Izadi, field notes 2020",34.01923,48.88772,""
"","64f033874349bbe1086abaf86965306a","10-83f388fd045dcfd891b28f3905847d96","1130315","همدان","Hamadān","ملایر","Malāyer","زند","Zand",,,"کمازان سفلی","Kamāzān-e Soflā","پاتپه گونسبان","Pā Tappeh","Pā Tappa","Elham Izadi and Mehrdad Meshkinfam, field notes 2020",58,,"","","Northern Lori 90%; Standard type Persian 10%","Mehrdad Meshkinfam and Elham Izadi, field notes 2020",34.04431,48.90522,""
"","64f033874349bbe1086abaf869653014","10-c3e50d3c056da36a7bffbd015bed703e","1130316","همدان","Hamadān","ملایر","Malāyer","زند","Zand",,,"کمازان سفلی","Kamāzān-e Soflā","تله جردسفلی","Talejerd-e Soflā","Talajerd-e Pāin","Elham Izadi and Mehrdad Meshkinfam, field notes 2020",51,,"","","Northern Lori 90%; Standard type Persian 10%","Mehrdad Meshkinfam and Elham Izadi, field notes 2020",34.045,48.87699,""
"","64f033874349bbe1086abaf8696528df","10-b10dd1470ca4e1bb5c9568dbb570c892","1130317","همدان","Hamadān","ملایر","Malāyer","زند","Zand",,,"کمازان سفلی","Kamāzān-e Soflā","تله جردعلیا","Talejerd-e Oliā","Talajerd-e Bālā","Elham Izadi and Mehrdad Meshkinfam, field notes 2020",112,,"","","Northern Lori 90%; Standard type Persian 10%","Mehrdad Meshkinfam and Elham Izadi, field notes 2020",34.04991,48.87638,""
"","64f033874349bbe1086abaf869651a33","10-e98b8d38fffd5607c3b11c66a615f212","1130318","همدان","Hamadān","ملایر","Malāyer","زند","Zand",,,"کمازان سفلی","Kamāzān-e Soflā","دره میانه سفلی","Darreh Miāneh-e Soflā","Dara Miyona-ye Bālā","Elham Izadi and Mehrdad Meshkinfam, field notes 2020",149,,"","","Northern Lori 90%; Standard type Persian 10%","Mehrdad Meshkinfam and Elham Izadi, field notes 2020",34.07297,48.83526,""
"","64f033874349bbe1086abaf869651588","10-5fd074e05b8fb2715ae3dfee6d7dc902","1130319","همدان","Hamadān","ملایر","Malāyer","زند","Zand",,,"کمازان سفلی","Kamāzān-e Soflā","دره میانه علیا","Darreh Miāneh-e Oliā","Dara Miyona-ye Dāmun","Elham Izadi and Mehrdad Meshkinfam, field notes 2020",317,,"","","Northern Lori 90%; Standard type Persian 10%","Mehrdad Meshkinfam and Elham Izadi, field notes 2020",34.07056,48.80779,""
"","64f033874349bbe1086abaf86965b2b7","10-957c66f619c9686d4b518449ffe25917","1130320","همدان","Hamadān","ملایر","Malāyer","زند","Zand",,,"کمازان سفلی","Kamāzān-e Soflā","علی آباد","Ali Ābād","Aliyāvād","Elham Izadi and Mehrdad Meshkinfam, field notes 2020",,"(3 or fewer households; population not specified in 2011 Census for reasons of privacy)","","","Turkic 55%; Northern Lori 35%; Standard type Persian 10%","Mehrdad Meshkinfam and Elham Izadi, field notes 2020",34.69261509,48.63151254,""
"","64f033874349bbe1086abaf86965a6e7","10-eed2c927a181952befeb527e48ef964f","1130321","همدان","Hamadān","ملایر","Malāyer","زند","Zand",,,"کمازان سفلی","Kamāzān-e Soflā","پیهان","Peyhān","Peyhon","Elham Izadi and Mehrdad Meshkinfam, field notes 2020",544,,"","","Northern Lori 90%; Standard type Persian 10%","Mehrdad Meshkinfam and Elham Izadi, field notes 2020",34.13067,48.86776,""
"","64f033874349bbe1086abaf869659f40","10-3da28e03d3fdd337e95ed4c1a575d9f2","1130322","همدان","Hamadān","ملایر","Malāyer","زند","Zand",,,"کمازان سفلی","Kamāzān-e Soflā","قلعه خلیفه، مصلحان","Qal'eh Khalifeh, Moslehān","Moslehon","Elham Izadi and Mehrdad Meshkinfam, field notes 2020",514,,"","","Northern Lori 90%; Standard type Persian 10%","Mehrdad Meshkinfam and Elham Izadi, field notes 2020",34.15421826,48.86321786,""
"","64f033874349bbe1086abaf8696596bb","10-ae13194d4ae8a6bfa998d4130a303913","1130323","همدان","Hamadān","ملایر","Malāyer","زند","Zand",,,"کمازان سفلی","Kamāzān-e Soflā","آشمیزان","Āshmizān","Āshmizon","Elham Izadi and Mehrdad Meshkinfam, field notes 2020",131,,"","","Northern Lori 90%; Standard type Persian 10%","Mehrdad Meshkinfam and Elham Izadi, field notes 2020",34.10408,48.88568,""
"","64f033874349bbe1086abaf869658f94","10-39a22b12d1deec5246ac2f87f984caf7","1130324","همدان","Hamadān","ملایر","Malāyer","زند","Zand",,,"کمازان سفلی","Kamāzān-e Soflā","مهدویه، قلعه مهدی خان","Mahdavieh, Qal'eh-ye Mehdi Khān","Mahdaviya","Elham Izadi and Mehrdad Meshkinfam, field notes 2020",385,,"","","Northern Lori 90%; Standard type Persian 10%","Mehrdad Meshkinfam and Elham Izadi, field notes 2020",34.08207933,48.88488433,""
"","64f033874349bbe1086abaf869658b21","10-0b4ea19777cd11fe6b56efcd41398d98","1130325","همدان","Hamadān","ملایر","Malāyer","زند","Zand",,,"کمازان سفلی","Kamāzān-e Soflā","دره چنار","Darreh Chenār","Dara Chenār","Elham Izadi and Mehrdad Meshkinfam, field notes 2020",304,,"","","Northern Lori 90%; Standard type Persian 10%","Mehrdad Meshkinfam and Elham Izadi, field notes 2020",34.10037,48.80389,""
"","64f033874349bbe1086abaf869657f0c","10-378e10282b50c131a588361b1e47dc88","1130326","همدان","Hamadān","ملایر","Malāyer","زند","Zand",,,"کمازان سفلی","Kamāzān-e Soflā","ملیان","Maliān","Maliyon","Elham Izadi and Mehrdad Meshkinfam, field notes 2020",137,,"","","Northern Lori 90%; Standard type Persian 10%","Mehrdad Meshkinfam and Elham Izadi, field notes 2020",34.111492,48.831251,""
"","64f033874349bbe1086abaf869657d03","10-bc257c20d8ea184b4bbce140a5754d70","1130328","همدان","Hamadān","ملایر","Malāyer","زند","Zand",,,"کمازان علیا","Kamāzān-e Oliā","احمدیه، احمد روغنی","Ahmadieh, Ahmad Rowghani","Ahmadiya","Elham Izadi and Mehrdad Meshkinfam, field notes 2020",218,,"","","Northern Lori 90%; Standard type Persian 10%","Mehrdad Meshkinfam and Elham Izadi, field notes 2020",34.17746,49.03459,""
"","64f033874349bbe1086abaf86965718b","10-0d1d451927ccd3db2d8c80dc15a43958","1130329","همدان","Hamadān","ملایر","Malāyer","زند","Zand",,,"کمازان علیا","Kamāzān-e Oliā","ده میانه","Deh Miāneh","Deh Miyona","Elham Izadi and Mehrdad Meshkinfam, field notes 2020",115,,"","","Northern Lori 90%; Standard type Persian 10%","Mehrdad Meshkinfam and Elham Izadi, field notes 2020",34.17365,49.05004,""
"","64f033874349bbe1086abaf86965685f","10-5a33037c0bf2fecf39f48c346da18578","1130330","همدان","Hamadān","ملایر","Malāyer","زند","Zand",,,"کمازان علیا","Kamāzān-e Oliā","سیاچقا","Siāh Choqā","Siyā Choghā","Elham Izadi and Mehrdad Meshkinfam, field notes 2020",91,,"","","Northern Lori 90%; Standard type Persian 10%","Mehrdad Meshkinfam and Elham Izadi, field notes 2020",34.14034733,49.01587333,""
"","64f033874349bbe1086abaf86966082e","10-b08c1fffc82c3f798e1e8a1f93916a9e","1130331","همدان","Hamadān","ملایر","Malāyer","زند","Zand",,,"کمازان علیا","Kamāzān-e Oliā","گنجدر","Ganjdar","Ganjdar","Elham Izadi and Mehrdad Meshkinfam, field notes 2020",109,,"","","Northern Lori 90%; Standard type Persian 10%","Mehrdad Meshkinfam and Elham Izadi, field notes 2020",34.13436933,49.00066833,""
"","64f033874349bbe1086abaf869660241","10-e605e2f56d7df2d63bfaff666796fab1","1130332","همدان","Hamadān","ملایر","Malāyer","زند","Zand",,,"کمازان علیا","Kamāzān-e Oliā","گلپر آباد","Golpar Ābād","Golparāwād","Elham Izadi and Mehrdad Meshkinfam, field notes 2020",399,,"","","Northern Lori 90%; Standard type Persian 10%","Mehrdad Meshkinfam and Elham Izadi, field notes 2020",34.15466633,49.05615033,""
"","64f033874349bbe1086abaf86965f6ce","10-386f250497869e03f0f404ced72a052e","1130333","همدان","Hamadān","ملایر","Malāyer","زند","Zand",,,"کمازان علیا","Kamāzān-e Oliā","زنگنه سفلی","Zangeneh-ye Soflā","Zangena-y Soflā","Elham Izadi and Mehrdad Meshkinfam, field notes 2020",337,,"","","Northern Lori 90%; Standard type Persian 10%","Mehrdad Meshkinfam and Elham Izadi, field notes 2020",34.14404133,48.98483233,""
"","64f033874349bbe1086abaf86965ecd3","10-b993285880c4d6c7ede4c165698b13d9","1130334","همدان","Hamadān","ملایر","Malāyer","زند","Zand",,,"کمازان علیا","Kamāzān-e Oliā","کساوند","Kasāvand","Kasāvan","Elham Izadi and Mehrdad Meshkinfam, field notes 2020",326,,"","","Northern Lori 90%; Standard type Persian 10%","Mehrdad Meshkinfam and Elham Izadi, field notes 2020",34.15340167,48.96951467,""
"","64f033874349bbe1086abaf86965e8ae","10-0032933f04485b49b8a18cb1afe72140","1130335","همدان","Hamadān","ملایر","Malāyer","زند","Zand",,,"کمازان علیا","Kamāzān-e Oliā","کمازان","Kamāzān","Kamāzon","Elham Izadi and Mehrdad Meshkinfam, field notes 2020",651,,"","","Northern Lori 90%; Standard type Persian 10%","Mehrdad Meshkinfam and Elham Izadi, field notes 2020",34.15057233,48.95341433,""
"","64f033874349bbe1086abaf86965e1f1","10-c01528ee29b32044c50e639e9e0fe32c","1130336","همدان","Hamadān","ملایر","Malāyer","زند","Zand",,,"کمازان علیا","Kamāzān-e Oliā","نهندر","Nahandar","Nahandar","Elham Izadi and Mehrdad Meshkinfam, field notes 2020",83,,"","","Northern Lori 90%; Standard type Persian 10%","Mehrdad Meshkinfam and Elham Izadi, field notes 2020",34.149192,48.968946,""
"","64f033874349bbe1086abaf86965d35e","10-c89a989373da20aec59d33c96ea2d58f","1130337","همدان","Hamadān","ملایر","Malāyer","زند","Zand",,,"کمازان علیا","Kamāzān-e Oliā","گوشه کساوند","Gusheh-ye Kasāvand","Gushe-ye Kasāvan","Elham Izadi and Mehrdad Meshkinfam, field notes 2020",304,,"","","Northern Lori 90%; Standard type Persian 10%","Mehrdad Meshkinfam and Elham Izadi, field notes 2020",34.155496,48.958841,""
"","64f033874349bbe1086abaf86965c85d","10-cd38e83d28a9a19b8f495bf250f798c1","1130338","همدان","Hamadān","ملایر","Malāyer","زند","Zand",,,"کمازان علیا","Kamāzān-e Oliā","میشن","Mishen","Mishen","Elham Izadi and Mehrdad Meshkinfam, field notes 2020",931,,"","","Northern Lori 90%; Standard type Persian 10%","Mehrdad Meshkinfam and Elham Izadi, field notes 2020",34.15707533,48.92736333,""
"","64f033874349bbe1086abaf86965ba7b","10-1aadcfbaa150837351a72742b1218db8","1130340","همدان","Hamadān","ملایر","Malāyer","زند","Zand",,,"کمازان وسطی","Kamāzān-e Vasati","ده چانه","Deh Chāneh","Deh Chona","Elham Izadi and Mehrdad Meshkinfam, field notes 2020",217,,"","","Northern Lori 90%; Standard type Persian 10%","Mehrdad Meshkinfam and Elham Izadi, field notes 2020",34.10515,49.11878,""
"","64f033874349bbe1086abaf86965b67f","10-ab9291360af53afdcff2f1f90921d078","1130341","همدان","Hamadān","ملایر","Malāyer","زند","Zand",,,"کمازان وسطی","Kamāzān-e Vasati","گرجایی","Garjāi","Gerjāi","Elham Izadi and Mehrdad Meshkinfam, field notes 2020",920,,"","","Northern Lori 90%; Standard type Persian 10%","Mehrdad Meshkinfam and Elham Izadi, field notes 2020",34.12360933,49.08756733,""
"","64f033874349bbe1086abaf8696668eb","10-cee1aba725cc6233f91318c087545f94","1130342","همدان","Hamadān","ملایر","Malāyer","زند","Zand",,,"کمازان وسطی","Kamāzān-e Vasati","بیغش","Bighash","Bighash","Elham Izadi and Mehrdad Meshkinfam, field notes 2020",548,,"","","Northern Lori 90%; Standard type Persian 10%","Mehrdad Meshkinfam and Elham Izadi, field notes 2020",34.0917,49.06988,""
"","64f033874349bbe1086abaf869665a23","10-0cccfc2526814afcef636f04819b1385","1130343","همدان","Hamadān","ملایر","Malāyer","زند","Zand",,,"کمازان وسطی","Kamāzān-e Vasati","پریان","Pariān","Paryon ","Elham Izadi and Mehrdad Meshkinfam, field notes 2020",100,,"","","Northern Lori 90%; Standard type Persian 10%","Mehrdad Meshkinfam and Elham Izadi, field notes 2020",34.118611,49.03,""
"","64f033874349bbe1086abaf869664cc3","10-f3a55c56b186ba945d4297f04584d4ca","1130344","همدان","Hamadān","ملایر","Malāyer","زند","Zand",,,"کمازان وسطی","Kamāzān-e Vasati","چشمه زورق","Cheshmeh Zowraq","Cheshme Zowragh","Elham Izadi and Mehrdad Meshkinfam, field notes 2020",172,,"","","Northern Lori 90%; Standard type Persian 10%","Mehrdad Meshkinfam and Elham Izadi, field notes 2020",34.06473,49.10047,""
"","64f033874349bbe1086abaf8696645d2","10-2580efc18af753a413291ef5465c66f3","1130345","همدان","Hamadān","ملایر","Malāyer","زند","Zand",,,"کمازان وسطی","Kamāzān-e Vasati","چشمه علی محمد","Cheshmeh Ali Mohammad","Cheshme Alimahmad","Elham Izadi and Mehrdad Meshkinfam, field notes 2020",83,,"","","Northern Lori 90%; Standard type Persian 10%","Mehrdad Meshkinfam and Elham Izadi, field notes 2020",34.06146,49.11813,""
"","64f033874349bbe1086abaf8696641c5","10-b7398d038e32204b864d16af3ca0aa40","1130346","همدان","Hamadān","ملایر","Malāyer","زند","Zand",,,"کمازان وسطی","Kamāzān-e Vasati","حمزه لوسفلی","Hamzelu-ye Soflā","Hamzalu-ye Dāmon","Elham Izadi and Mehrdad Meshkinfam, field notes 2020",222,,"","","Northern Lori 90%; Standard type Persian 10%","Mehrdad Meshkinfam and Elham Izadi, field notes 2020",34.0587,49.07791,""
"","64f033874349bbe1086abaf86966374a","10-5916878b1d30ca2a01d6e29a0823cf22","1130347","همدان","Hamadān","ملایر","Malāyer","زند","Zand",,,"کمازان وسطی","Kamāzān-e Vasati","حمزه لوعلیا","Hamzelu-ye Oliā","Hamzalu-ye Bālā","Elham Izadi and Mehrdad Meshkinfam, field notes 2020",119,,"","","Northern Lori 90%; Standard type Persian 10%","Mehrdad Meshkinfam and Elham Izadi, field notes 2020",34.04291,49.09241,""
"","64f033874349bbe1086abaf869663031","10-141588cc62c837c0b37fd0e14eac3e93","1130348","همدان","Hamadān","ملایر","Malāyer","زند","Zand",,,"کمازان وسطی","Kamāzān-e Vasati","سنگده","Sang Dah","Sang Dah","Elham Izadi and Mehrdad Meshkinfam, field notes 2020",52,,"","","Northern Lori 90%; Standard type Persian 10%","Mehrdad Meshkinfam and Elham Izadi, field notes 2020",34.071667,49.035278,""
"","64f033874349bbe1086abaf869662543","10-0aa511acad74c36679a9c32fe20b4db2","1130349","همدان","Hamadān","ملایر","Malāyer","زند","Zand",,,"کمازان وسطی","Kamāzān-e Vasati","پیروز، پری","Pari, Piruz","Pari Zangena","Elham Izadi and Mehrdad Meshkinfam, field notes 2020",1053,,"","","Northern Lori 90%; Standard type Persian 10%","Mehrdad Meshkinfam and Elham Izadi, field notes 2020",34.1358,49.05008056,""
"","64f033874349bbe1086abaf869661dc7","10-f02c65dea87786b02d99384d8cb21475","1130350","همدان","Hamadān","ملایر","Malāyer","زند","Zand","زنگنه","Zangeneh",,,,,"Zangena","Elham Izadi and Mehrdad Meshkinfam, field notes 2020",725,,"","","Northern Lori 90%; Standard type Persian 10%","Mehrdad Meshkinfam and Elham Izadi, field notes 2020",34.154722,49.010833,""
"","64f033874349bbe1086abaf8696610b3","10-8436756abd8b22371afc946515eef8a6","1130354","همدان","Hamadān","نهاوند","Nahāvand","خزل","Khezel",,,"خزل شرقی","Khezel-e Sharqi","ابوافتح آباد","Ab-ol-Fath Ābād","Bolfat","Elham Izadi and Mehrdad Meshkinfam, field notes 2020",,,"","","Laki 95%; Standard type Persian 5%","Mehrdad Meshkinfam and Elham Izadi, field notes 2020",34.0398435,48.52369384,""
"","64f033874349bbe1086abaf86966c423","10-cbfdd83662ae8fa74b48cd127732baaa","1130355","همدان","Hamadān","نهاوند","Nahāvand","خزل","Khezel",,,"خزل شرقی","Khezel-e Sharqi","تاریک دره بالا","Tārik Darreh-ye Bālā","Kutiyal","Elham Izadi and Mehrdad Meshkinfam, field notes 2020",409,,"","","Laki 95%; Standard type Persian 5%","Mehrdad Meshkinfam and Elham Izadi, field notes 2020",34.27343,47.93799,""
"","64f033874349bbe1086abaf86966b7e4","10-f828d8a1615c6862f2f01154cb714506","1130356","همدان","Hamadān","نهاوند","Nahāvand","خزل","Khezel",,,"خزل شرقی","Khezel-e Sharqi","تاریکدره پائین","Tārik Darreh-ye Pāin","Tarika","Elham Izadi and Mehrdad Meshkinfam, field notes 2020",116,,"","","Laki 95%; Standard type Persian 5%","Mehrdad Meshkinfam and Elham Izadi, field notes 2020",34.30563067,47.96678067,""
"","64f033874349bbe1086abaf86966b20a","10-a186a42f630bde0f2fb6a03ee8a3cfff","1130357","همدان","Hamadān","نهاوند","Nahāvand","خزل","Khezel",,,"خزل شرقی","Khezel-e Sharqi","خم خسرو","Khom Khosrow","Khom Khasri","Elham Izadi and Mehrdad Meshkinfam, field notes 2020",100,,"","","Laki 95%; Standard type Persian 5%","Mehrdad Meshkinfam and Elham Izadi, field notes 2020",34.31445,48.01088,""
"","64f033874349bbe1086abaf86966a2a7","10-c955283baa1cf183bd75fbe93f9123c6","1130358","همدان","Hamadān","نهاوند","Nahāvand","خزل","Khezel",,,"خزل شرقی","Khezel-e Sharqi","سیاه دره علیا","Siāh Darreh-ye Oliā","Siyara","Elham Izadi and Mehrdad Meshkinfam, field notes 2020",76,,"","","Laki 95%; Standard type Persian 5%","Mehrdad Meshkinfam and Elham Izadi, field notes 2020",34.2679,47.9866,""
"","64f033874349bbe1086abaf869669c4f","10-8c13432c61b929699b7b3d58fdd36836","1130359","همدان","Hamadān","نهاوند","Nahāvand","خزل","Khezel",,,"خزل شرقی","Khezel-e Sharqi","شطزل","Shatzal","Shatzal","Elham Izadi and Mehrdad Meshkinfam, field notes 2020",81,,"","","Laki 95%; Standard type Persian 5%","Mehrdad Meshkinfam and Elham Izadi, field notes 2020",34.302919,47.973745,""
"","64f033874349bbe1086abaf86966969f","10-15af3016916960e600b85b7faa9e88a7","1130360","همدان","Hamadān","نهاوند","Nahāvand","خزل","Khezel",,,"خزل شرقی","Khezel-e Sharqi","کنگاورکهنه","Kangāvar-e Kohneh","Kangvar Köna","Elham Izadi and Mehrdad Meshkinfam, field notes 2020",347,,"","","Laki 85%; Turkic 10%; Standard type Persian 5%","Mehrdad Meshkinfam and Elham Izadi, field notes 2020",34.340701,47.976651,""
"","64f033874349bbe1086abaf869668f4e","10-90f33a88216d8af339a8448531020c3f","1130361","همدان","Hamadān","نهاوند","Nahāvand","خزل","Khezel",,,"خزل شرقی","Khezel-e Sharqi","کوتاه دره","Kutāh Darreh","Kutiya","Elham Izadi and Mehrdad Meshkinfam, field notes 2020",85,,"","","Laki 95%; Standard type Persian 5%","Mehrdad Meshkinfam and Elham Izadi, field notes 2020",34.32051833,47.95405633,""
"","64f033874349bbe1086abaf86966869f","10-2df6b15b9178b76e4acdb8b77f9b8fee","1130362","همدان","Hamadān","نهاوند","Nahāvand","خزل","Khezel",,,"خزل شرقی","Khezel-e Sharqi","دارسیبه","Dār Sibeh","Siyara","Elham Izadi and Mehrdad Meshkinfam, field notes 2020",245,,"","","Laki 95%; Standard type Persian 5%","Mehrdad Meshkinfam and Elham Izadi, field notes 2020",34.26866,48.00706,""
"","64f033874349bbe1086abaf869667b3b","10-70689abe1db7fa4cd2dbd35193706ee2","1130363","همدان","Hamadān","نهاوند","Nahāvand","خزل","Khezel",,,"خزل شرقی","Khezel-e Sharqi","احمد آباد داریاب","Ahmad Ābād-e Dāriāb","Ahmadāwā Köw","Elham Izadi and Mehrdad Meshkinfam, field notes 2020",50,,"","","Laki 95%; Standard type Persian 5%","Mehrdad Meshkinfam and Elham Izadi, field notes 2020",34.31019,48.08286,""
"","64f033874349bbe1086abaf869667765","10-1b97fc83b4b6f76c9641fd5215232896","1130364","همدان","Hamadān","نهاوند","Nahāvand","خزل","Khezel",,,"خزل شرقی","Khezel-e Sharqi","اکبر آباد","Akbar Ābād","Akbarawā","Elham Izadi and Mehrdad Meshkinfam, field notes 2020",47,,"","","Northern Lori 85%; Laki 10%; Standard type Persian 5%","Mehrdad Meshkinfam and Elham Izadi, field notes 2020",34.310417,48.081866,""
"","64f033874349bbe1086abaf8696703d7","10-ba36f75433c9239ffd176beaed0ab2eb","1130365","همدان","Hamadān","نهاوند","Nahāvand","خزل","Khezel",,,"خزل شرقی","Khezel-e Sharqi","برجکی","Borjaki","Bershki","Elham Izadi and Mehrdad Meshkinfam, field notes 2020",148,,"","","Laki 95%; Standard type Persian 5%","Mehrdad Meshkinfam and Elham Izadi, field notes 2020",34.32803,48.03251,""
"","64f033874349bbe1086abaf86966f774","10-6b5fca695b7b3317ced000322e348234","1130366","همدان","Hamadān","نهاوند","Nahāvand","خزل","Khezel",,,"خزل شرقی","Khezel-e Sharqi","چقاصراحی","Choqā Serāhi","Chāsrāy","Elham Izadi and Mehrdad Meshkinfam, field notes 2020",246,,"","","Laki 95%; Standard type Persian 5%","Mehrdad Meshkinfam and Elham Izadi, field notes 2020",34.31386,48.04798,""
"","64f033874349bbe1086abaf86966f221","10-72774bd85b8d7cd585bd76ec1d524b2b","1130367","همدان","Hamadān","نهاوند","Nahāvand","خزل","Khezel",,,"خزل شرقی","Khezel-e Sharqi","داریاب","Dāriāb","Dāriyow","Elham Izadi and Mehrdad Meshkinfam, field notes 2020",166,,"","","Laki 95%; Standard type Persian 5%","Mehrdad Meshkinfam and Elham Izadi, field notes 2020",34.30863,48.04169,""
"","64f033874349bbe1086abaf86966e70a","10-3e17bdad6a379f3acf12ee9b7a5de13b","1130368","همدان","Hamadān","نهاوند","Nahāvand","خزل","Khezel",,,"خزل شرقی","Khezel-e Sharqi","زرین باغ","Zarrin Bāgh","Zarrin Bāgh","Elham Izadi and Mehrdad Meshkinfam, field notes 2020",236,,"","","Laki 95%; Standard type Persian 5%","Mehrdad Meshkinfam and Elham Izadi, field notes 2020",34.2947,48.05283,""
"","64f033874349bbe1086abaf86966e0ee","10-0280fc1dfa0d68631a2b9416c6a97548","1130369","همدان","Hamadān","نهاوند","Nahāvand","خزل","Khezel",,,"خزل شرقی","Khezel-e Sharqi","قیلاب","Qil Āb","Qilow","Elham Izadi and Mehrdad Meshkinfam, field notes 2020",18,,"","","Laki 95%; Standard type Persian 5%","Mehrdad Meshkinfam and Elham Izadi, field notes 2020",34.304678,48.060604,""
"","64f033874349bbe1086abaf86966dae2","10-0f3a7c091593e6e9b065731349fb4300","1130370","همدان","Hamadān","نهاوند","Nahāvand","خزل","Khezel",,,"خزل شرقی","Khezel-e Sharqi","گردیان","Gerdiān","Gerdiyow","Elham Izadi and Mehrdad Meshkinfam, field notes 2020",542,,"","","Laki 90%; Standard type Persian 5%; Turkic 5%","Mehrdad Meshkinfam and Elham Izadi, field notes 2020",34.32621133,48.05412333,""
"","64f033874349bbe1086abaf86966d925","10-7b87bee640edc26138b48631fbcf989d","1130371","همدان","Hamadān","نهاوند","Nahāvand","خزل","Khezel",,,"خزل شرقی","Khezel-e Sharqi","بره فراخ","Barreh Farākh","Bara Fara","Elham Izadi and Mehrdad Meshkinfam, field notes 2020",385,,"","","Laki 90%; Standard type Persian 5%; Turkic 5%","Mehrdad Meshkinfam and Elham Izadi, field notes 2020",34.38547,48.08503,""
"","64f033874349bbe1086abaf86966d1b5","10-dc4e7075173d0bc91d55d07efd316ebc","1130372","همدان","Hamadān","نهاوند","Nahāvand","خزل","Khezel",,,"خزل شرقی","Khezel-e Sharqi","تپه یزدان","Tappeh Yazdān","Tapa Yazdān","Elham Izadi and Mehrdad Meshkinfam, field notes 2020",135,,"","","Laki 95%; Standard type Persian 5%","Mehrdad Meshkinfam and Elham Izadi, field notes 2020",34.33681,48.02054,""
"","64f033874349bbe1086abaf86966cf76","10-a5e4c68a8d3309a3913f86c114dcec30","1130373","همدان","Hamadān","نهاوند","Nahāvand","خزل","Khezel",,,"خزل شرقی","Khezel-e Sharqi","چشمه ماهی","Cheshmeh Māhi","Chashma Māi","Elham Izadi and Mehrdad Meshkinfam, field notes 2020",386,,"","","Turkic 50%; Laki 40%; Standard type Persian 5%; Northern Lori 5%","Mehrdad Meshkinfam and Elham Izadi, field notes 2020",34.33806,48.03571,""
"","64f033874349bbe1086abaf86966ccf6","10-3f7d393e80fe2ac031cd48d765e12934","1130374","همدان","Hamadān","نهاوند","Nahāvand","خزل","Khezel",,,"خزل شرقی","Khezel-e Sharqi","چمکبود","Cham Kabud","Chamkow","Elham Izadi and Mehrdad Meshkinfam, field notes 2020",151,,"","","Laki 95%; Standard type Persian 5%","Mehrdad Meshkinfam and Elham Izadi, field notes 2020",34.34232,48.09517,""
"","64f033874349bbe1086abaf869672cca","10-4125c0102856cb8b522658b93236caf6","1130375","همدان","Hamadān","نهاوند","Nahāvand","خزل","Khezel",,,"خزل شرقی","Khezel-e Sharqi","دره میرزا","Darreh Mirzā","Dara Mirzā","Elham Izadi and Mehrdad Meshkinfam, field notes 2020",312,,"","","Laki 50%; Turkic 45%; Standard type Persian 5%","Mehrdad Meshkinfam and Elham Izadi, field notes 2020",34.37605,48.00623,""
"","64f033874349bbe1086abaf869672bba","10-eab27d9780e622231d12480d5869ac94","1130376","همدان","Hamadān","نهاوند","Nahāvand","خزل","Khezel",,,"خزل شرقی","Khezel-e Sharqi","فیروز آباد سفلی","Firuz Ābād-e Soflā","Piruzowā Gojela, Firuzowā Gojela","Elham Izadi and Mehrdad Meshkinfam, field notes 2020",214,,"","","Laki 50%; Northern Lori 45%; Standard type Persian 5%","Mehrdad Meshkinfam and Elham Izadi, field notes 2020",34.34739,48.09745,""
"","64f033874349bbe1086abaf869672ad1","10-2405c97d564d652941689af08de347a6","1130377","همدان","Hamadān","نهاوند","Nahāvand","خزل","Khezel",,,"خزل شرقی","Khezel-e Sharqi","احمد آباد علیا","Ahmad Ābād-e Oliā","Ahmadāwā","Elham Izadi and Mehrdad Meshkinfam, field notes 2020",102,,"","","Northern Lori 90%; Standard type Persian 10%","Mehrdad Meshkinfam and Elham Izadi, field notes 2020",34.28084,48.01875,""
"","64f033874349bbe1086abaf8696721a5","10-23228814bd1029c0ea3d94eb00971acc","1130378","همدان","Hamadān","نهاوند","Nahāvand","خزل","Khezel",,,"خزل شرقی","Khezel-e Sharqi","گره چقا","Gareh Choqā","Gara Chiyā","Elham Izadi and Mehrdad Meshkinfam, field notes 2020",579,,"","","Northern Lori 65%; Laki 30%; Standard type Persian 5%","Mehrdad Meshkinfam and Elham Izadi, field notes 2020",34.339638,48.09941,""
"","64f033874349bbe1086abaf869671ef4","10-9f9c386738a18d3cd2da5f757ee9c7f1","1130379","همدان","Hamadān","نهاوند","Nahāvand","خزل","Khezel",,,"خزل شرقی","Khezel-e Sharqi","شریف آباد","Sharif Ābād","Sharifowā","Elham Izadi and Mehrdad Meshkinfam, field notes 2020",714,,"","","Northern Lori 90%; Standard type Persian 10%","Mehrdad Meshkinfam and Elham Izadi, field notes 2020",34.30657,48.09942,""
"","64f033874349bbe1086abaf869671168","10-b573e5d86dad8fff93923f7788a9d67f","1130380","همدان","Hamadān","نهاوند","Nahāvand","خزل","Khezel",,,"خزل شرقی","Khezel-e Sharqi","دهنوعبدالملکی","Deh Now Abd-ol-Maleki","Dinu","Elham Izadi and Mehrdad Meshkinfam, field notes 2020",658,,"","","Laki 45%; Northern Lori 35%; Standard type Persian 10%; Turkic 10%","Mehrdad Meshkinfam and Elham Izadi, field notes 2020",34.37066,48.15506,""
"","64f033874349bbe1086abaf869670e35","10-004096ca388bf9c33fe1e817f26b800c","1130381","همدان","Hamadān","نهاوند","Nahāvand","خزل","Khezel",,,"خزل شرقی","Khezel-e Sharqi","عبدالملکی","Abd-ol-Maleki","Abd-ol-Maleki","Elham Izadi and Mehrdad Meshkinfam, field notes 2020",643,,"","","Northern Lori 50%; Laki 30%; Standard type Persian 10%; Turkic 10%","Mehrdad Meshkinfam and Elham Izadi, field notes 2020",34.3801,48.1277,""
"","64f033874349bbe1086abaf869670994","10-cdd081c950ba9b7319a4b722b97ce99a","1130382","همدان","Hamadān","نهاوند","Nahāvand","خزل","Khezel",,,"خزل شرقی","Khezel-e Sharqi","کهریزجمال","Kahriz-e Jamāl","Kahriz Avval","Elham Izadi and Mehrdad Meshkinfam, field notes 2020",330,,"","","Northern Lori 80%; Standard type Persian 10%; Laki 10%","Mehrdad Meshkinfam and Elham Izadi, field notes 2020",34.335087,48.146411,""
"","64f033874349bbe1086abaf869670747","10-ecb0ca038af442e3ba13729d5a19d478","1130383","همدان","Hamadān","نهاوند","Nahāvand","خزل","Khezel",,,"خزل شرقی","Khezel-e Sharqi","کهریزسلیم","Kahriz-e Salim","Kahriz Vasat, Kahriz Nomjoyin","Elham Izadi and Mehrdad Meshkinfam, field notes 2020",676,,"","","Northern Lori 80%; Standard type Persian 10%; Laki 10%","Mehrdad Meshkinfam and Elham Izadi, field notes 2020",34.32785767,48.16155967,""
"","64f033874349bbe1086abaf86967071a","10-3eeb0f9b40ad039d20f5a1069868c30e","1130384","همدان","Hamadān","نهاوند","Nahāvand","خزل","Khezel",,,"خزل شرقی","Khezel-e Sharqi","کهریزصلاح الدین","Kahriz-e Salāh-ad-Din","Kahrēz-e Selādin","Elham Izadi and Mehrdad Meshkinfam, field notes 2020",1011,,"","","Northern Lori 80%; Standard type Persian 10%; Laki 10%","Mehrdad Meshkinfam and Elham Izadi, field notes 2020",34.32114133,48.17904833,""
"","64f033874349bbe1086abaf869679556","10-c495aa8cced7def553b24c6d7647c2ad","1130385","همدان","Hamadān","نهاوند","Nahāvand","خزل","Khezel",,,"خزل شرقی","Khezel-e Sharqi","وسج","Vasaj","Vasa","Elham Izadi and Mehrdad Meshkinfam, field notes 2020",771,,"","","Northern Lori 90%; Standard type Persian 5%; Laki 5%","Mehrdad Meshkinfam and Elham Izadi, field notes 2020",34.31986233,48.22489033,""
"","64f033874349bbe1086abaf869678964","10-8d92ad1a1569c6cab1b7019a824a74bf","1130386","همدان","Hamadān","نهاوند","Nahāvand","خزل","Khezel",,,"خزل شرقی","Khezel-e Sharqi","حاجی آباد","Hāji Ābād","Hājiyowa","Elham Izadi and Mehrdad Meshkinfam, field notes 2020",47,,"","","Northern Lori 95%; Standard type Persian 5%","Mehrdad Meshkinfam and Elham Izadi, field notes 2020",34.36585,48.17871,""
"","64f033874349bbe1086abaf869677d8c","10-4525be15a5a668bfa91b74bb370db2b5","1130387","همدان","Hamadān","نهاوند","Nahāvand","خزل","Khezel",,,"خزل شرقی","Khezel-e Sharqi","ده موسی","Deh Musā, Deh Musi","Di Musi","Elham Izadi and Mehrdad Meshkinfam, field notes 2020",871,,"","","Northern Lori 85%; Standard type Persian 5%; Laki 5%; Turkic 5%","Mehrdad Meshkinfam and Elham Izadi, field notes 2020",34.40936,48.16346,""
"","64f033874349bbe1086abaf869677d62","10-31ecc0cbcb1589054733506bbd562bce","1130388","همدان","Hamadān","نهاوند","Nahāvand","خزل","Khezel",,,"خزل شرقی","Khezel-e Sharqi","زاپن","Zāpon","Zāpon","Elham Izadi and Mehrdad Meshkinfam, field notes 2020",224,,"","","Northern Lori 90%; Standard type Persian 5%; Laki 5%","Mehrdad Meshkinfam and Elham Izadi, field notes 2020",34.38345,48.18847,""
"","64f033874349bbe1086abaf869676f87","10-481cf265643cdae2ba136f1a6a352559","1130390","همدان","Hamadān","نهاوند","Nahāvand","خزل","Khezel",,,"خزل شرقی","Khezel-e Sharqi","قشلاق نجف","Qeshlāq-e Najaf","Qeshlāq-e Najaf, Qeshlāqā","Elham Izadi and Mehrdad Meshkinfam, field notes 2020",233,,"","","Laki 55%; Northern Lori 40%; Standard type Persian 5%","Mehrdad Meshkinfam and Elham Izadi, field notes 2020",34.37094,48.24515,""
"","64f033874349bbe1086abaf869676334","10-5b7bf08fd133486ba87e7c2adda0ddb9","1130391","همدان","Hamadān","نهاوند","Nahāvand","خزل","Khezel",,,"خزل شرقی","Khezel-e Sharqi","قشلاق ولی الله","Qeshlāq-e Valiollāh","Qeshlāq-e Valiyelā, Qeshlāqā","Elham Izadi and Mehrdad Meshkinfam, field notes 2020",74,,"","","Laki 55%; Northern Lori 40%; Standard type Persian 5%","Mehrdad Meshkinfam and Elham Izadi, field notes 2020",34.35092,48.22432,""
"","64f033874349bbe1086abaf869675755","6-90bc9dfdf9dab6d288235bb069c148c9","1130393","همدان","Hamadān","نهاوند","Nahāvand","خزل","Khezel",,,"سلگی","Solgi",,,"","",13740,,"","","",,34.278889,48.155556,""
"","64f033874349bbe1086abaf869674c67","10-3dbf056dde2480a301bdd72449291595","1130394","همدان","Hamadān","نهاوند","Nahāvand","خزل","Khezel",,,"سلگی","Solgi","رودباری","Rudbāri","Ruwāri","Elham Izadi and Mehrdad Meshkinfam, field notes 2020",711,,"","","Northern Lori 90%; Standard type Persian 5%; Laki 5%","Mehrdad Meshkinfam and Elham Izadi, field notes 2020",34.29421,48.12975,""
"","64f033874349bbe1086abaf869674565","10-696b395148aeff18386a53d22e024e00","1130395","همدان","Hamadān","نهاوند","Nahāvand","خزل","Khezel",,,"سلگی","Solgi","لیلاس","Leylās","Leylās","Elham Izadi and Mehrdad Meshkinfam, field notes 2020",321,,"","","Northern Lori 90%; Standard type Persian 5%; Laki 5%","Mehrdad Meshkinfam and Elham Izadi, field notes 2020",34.26876533,48.18831433,""
"","64f033874349bbe1086abaf8696737ad","10-4ab9fc73404ac173e9838108b5ae46f5","1130396","همدان","Hamadān","نهاوند","Nahāvand","خزل","Khezel",,,"سلگی","Solgi","موسی آباد","Musā Ābād, Musi Ābād","Bāḷā Dē","Elham Izadi and Mehrdad Meshkinfam, field notes 2020",249,,"","","Northern Lori 90%; Standard type Persian 5%; Laki 5%","Mehrdad Meshkinfam and Elham Izadi, field notes 2020",34.28487667,48.15051167,""
"","64f033874349bbe1086abaf86967ef18","10-d6e5350da2912e53be56043f6bd36086","1130397","همدان","Hamadān","نهاوند","Nahāvand","خزل","Khezel",,,"سلگی","Solgi","امین آباد","Amin Ābād","Aminowā","Elham Izadi and Mehrdad Meshkinfam, field notes 2020",44,,"","","Northern Lori 95%; Standard type Persian 5%","Mehrdad Meshkinfam and Elham Izadi, field notes 2020",34.27272,48.19992,""
"","64f033874349bbe1086abaf86967eaf6","10-eecda31181d69ec0f875bd34b06bab38","1130398","همدان","Hamadān","نهاوند","Nahāvand","خزل","Khezel",,,"سلگی","Solgi","علی آباد","Ali Ābād","Aliyowā","Elham Izadi and Mehrdad Meshkinfam, field notes 2020",76,,"","","Northern Lori 90%; Standard type Persian 5%; Laki 5%","Mehrdad Meshkinfam and Elham Izadi, field notes 2020",34.27007,48.198,""
"","64f033874349bbe1086abaf86967e48e","10-b19157d214b4a95768ddf74f62cdd844","1130399","همدان","Hamadān","نهاوند","Nahāvand","خزل","Khezel",,,"سلگی","Solgi","معتمد آباد","Mo'tamed Ābād","Motamedowā","Elham Izadi and Mehrdad Meshkinfam, field notes 2020",111,,"","","Northern Lori 90%; Standard type Persian 5%; Laki 5%","Mehrdad Meshkinfam and Elham Izadi, field notes 2020",34.28045667,48.17327667,""
"","64f033874349bbe1086abaf86967d5ea","10-99087b5fb3b2c11533d1938ed27f807c","1130400","همدان","Hamadān","نهاوند","Nahāvand","خزل","Khezel",,,"سلگی","Solgi","رزینی","Razini","Razini","Elham Izadi and Mehrdad Meshkinfam, field notes 2020",3270,,"","","Northern Lori 85%; Laki 8%; Standard type Persian 5%; mixed 2%","Mehrdad Meshkinfam and Elham Izadi, field notes 2020",34.26479,48.12428,""
"","64f033874349bbe1086abaf86967c7c7","10-977205c08ae5a205eadf0172c69537ea","1130401","همدان","Hamadān","نهاوند","Nahāvand","خزل","Khezel",,,"سلگی","Solgi","شهرک","Shahrak","Shahrek","Elham Izadi and Mehrdad Meshkinfam, field notes 2020",2901,,"","","Northern Lori 95%; Standard type Persian 5%","Mehrdad Meshkinfam and Elham Izadi, field notes 2020",34.27795,48.15553,""
"","64f033874349bbe1086abaf86967bf7d","10-948d66167d33dca824cebaf4ffd03d24","1130402","همدان","Hamadān","نهاوند","Nahāvand","خزل","Khezel",,,"سلگی","Solgi","جعفر آباد","Ja'far Ābād","Jahferāwā","Elham Izadi and Mehrdad Meshkinfam, field notes 2020",141,,"","","Northern Lori 65%; Laki 30%; Standard type Persian 5%","Mehrdad Meshkinfam and Elham Izadi, field notes 2020",34.24256,48.13746,""
"","64f033874349bbe1086abaf86967bd7c","10-88f80773a34710e5e76c116ef84119af","1130403","همدان","Hamadān","نهاوند","Nahāvand","خزل","Khezel",,,"سلگی","Solgi","فارسبان","Fāresbān","Pāresbo","Elham Izadi and Mehrdad Meshkinfam, field notes 2020",1189,,"","","Northern Lori 50%; Standard type Persian 25%; Laki 20%; Turkic 5%","Mehrdad Meshkinfam and Elham Izadi, field notes 2020",34.24619,48.11935,""
"","64f033874349bbe1086abaf86967bc71","10-944bee5a0eae9edcc51e4ee64fdf6dcc","1130404","همدان","Hamadān","نهاوند","Nahāvand","خزل","Khezel",,,"سلگی","Solgi","حسین آباد سرکان","Hoseyn Ābād-e Serkān","Sarko","Elham Izadi and Mehrdad Meshkinfam, field notes 2020",106,,"","","Northern Lori 95%; Standard type Persian 5%","Mehrdad Meshkinfam and Elham Izadi, field notes 2020",34.29619,48.09284,""
"","64f033874349bbe1086abaf86967af35","10-4b56702764189293b0df05e3a5efe56b","1130405","همدان","Hamadān","نهاوند","Nahāvand","خزل","Khezel",,,"سلگی","Solgi","شیراوند","Shirāvand","Shirowan","Elham Izadi and Mehrdad Meshkinfam, field notes 2020",994,,"","","Northern Lori 90%; Standard type Persian 5%; Laki 5%","Mehrdad Meshkinfam and Elham Izadi, field notes 2020",34.2639,48.10468,""
"","64f033874349bbe1086abaf86967a403","10-3081fb2e1556ad420c7370b8f19a0cd4","1130406","همدان","Hamadān","نهاوند","Nahāvand","خزل","Khezel",,,"سلگی","Solgi","هادی آباد","Hādi Ābād","Hāyowā","Elham Izadi and Mehrdad Meshkinfam, field notes 2020",307,,"","","Northern Lori 95%; Standard type Persian 5%","Mehrdad Meshkinfam and Elham Izadi, field notes 2020",34.29007133,48.12813133,""
"","64f033874349bbe1086abaf869683648","10-4fa5fd17ae602e5abff7621d4e00dddd","1130407","همدان","Hamadān","نهاوند","Nahāvand","خزل","Khezel",,,"سلگی","Solgi","گیوکی","Givaki","Givaki","Elham Izadi and Mehrdad Meshkinfam, field notes 2020",596,,"","","Northern Lori 40%; Laki 30%; mixed 25%; Standard type Persian 5%","Mehrdad Meshkinfam and Elham Izadi, field notes 2020",34.273813,48.082426,""
"","64f033874349bbe1086abaf869682e6d","10-0dc09b000908d43acee4f9de7ce90ac7","1130408","همدان","Hamadān","نهاوند","Nahāvand","خزل","Khezel",,,"سلگی","Solgi","امیر آباد","Amir Ābād","Amirowā Kö","Elham Izadi and Mehrdad Meshkinfam, field notes 2020",157,,"","","Northern Lori 60%; Turkic 35%; Standard type Persian 5%","Mehrdad Meshkinfam and Elham Izadi, field notes 2020",34.24156,48.02889,""
"","64f033874349bbe1086abaf869682135","10-8a5eab381235516c0207e843465db530","1130409","همدان","Hamadān","نهاوند","Nahāvand","خزل","Khezel",,,"سلگی","Solgi","تپه علی","Tappeh Ali","Tapa Ali","Elham Izadi and Mehrdad Meshkinfam, field notes 2020",116,,"","","Laki 90%; Standard type Persian 5%; Turkic 5%","Mehrdad Meshkinfam and Elham Izadi, field notes 2020",34.25124,48.02333,""
"","64f033874349bbe1086abaf869681c2c","10-1daa874c9d86b671e86a3dc817127d4f","1130410","همدان","Hamadān","نهاوند","Nahāvand","خزل","Khezel",,,"سلگی","Solgi","دولت آباد","Dowlat Ābād","Dolatāwā","Elham Izadi and Mehrdad Meshkinfam, field notes 2020",43,,"","","Laki 95%; Standard type Persian 5%","Mehrdad Meshkinfam and Elham Izadi, field notes 2020",34.22788,48.08733,""
"","64f033874349bbe1086abaf8696814dc","10-66f510bb1aa8b16177b1e953303a6543","1130411","همدان","Hamadān","نهاوند","Nahāvand","خزل","Khezel",,,"سلگی","Solgi","عباس آباد","Abbās Ābād","Showyar, Abāsāwā","Elham Izadi and Mehrdad Meshkinfam, field notes 2020",378,,"","","Northern Lori 85%; Turkic 10%; Standard type Persian 5%","Mehrdad Meshkinfam and Elham Izadi, field notes 2020",34.25841,48.10499,""
"","64f033874349bbe1086abaf869680cbd","10-7e46d195b8e2fe8ef0dd26d3f6d45afb","1130412","همدان","Hamadān","نهاوند","Nahāvand","خزل","Khezel",,,"سلگی","Solgi","کمال وند","Kamālvand","Kamālvan","Elham Izadi and Mehrdad Meshkinfam, field notes 2020",112,,"","","Laki 75%; Turkic 15%; Standard type Persian 10%","Mehrdad Meshkinfam and Elham Izadi, field notes 2020",34.22936533,48.08855333,""
"","64f033874349bbe1086abaf8696806a6","10-47fdad60ec487064d80e0e2bf8ca41dc","1130413","همدان","Hamadān","نهاوند","Nahāvand","خزل","Khezel",,,"سلگی","Solgi","محمودوند","Mahmudvand","Manivan","Elham Izadi and Mehrdad Meshkinfam, field notes 2020",369,,"","","Turkic 50%; Laki 45%; Standard type Persian 5%","Mehrdad Meshkinfam and Elham Izadi, field notes 2020",34.23463,48.072695,""
"","64f033874349bbe1086abaf869680303","10-699f266966df3e12b36523a651524218","1130414","همدان","Hamadān","نهاوند","Nahāvand","خزل","Khezel",,,"سلگی","Solgi","حبیب آباد","Habib Ābād","Habiyowā","Elham Izadi and Mehrdad Meshkinfam, field notes 2020",404,,"","","Northern Lori 90%; Standard type Persian 5%; Laki 5%","Mehrdad Meshkinfam and Elham Izadi, field notes 2020",34.3026,48.17483,""
"","64f033874349bbe1086abaf86967fc40","10-d6d844ee7e6fb27362e9b9e1a26c65f5","1130415","همدان","Hamadān","نهاوند","Nahāvand","خزل","Khezel",,,"سلگی","Solgi","لیلی یادگار","Leyli Yadegār","Leylāgār","Elham Izadi and Mehrdad Meshkinfam, field notes 2020",1145,,"","","Northern Lori 90%; Standard type Persian 5%; Laki 5%","Mehrdad Meshkinfam and Elham Izadi, field notes 2020",34.286951,48.210143,""
"","64f033874349bbe1086abaf86967efea","10-185e58fce20b2ddfe90a770817a4ebdd","1130416","همدان","Hamadān","نهاوند","Nahāvand","خزل","Khezel","فیروزان","Firuzān",,,,,"Firuzāwā","Elham Izadi and Mehrdad Meshkinfam, field notes 2020",4635,,"","","Northern Lori 90%; Standard type Persian 10%","Mehrdad Meshkinfam and Elham Izadi, field notes 2020",34.278611,48.24,""
"","64f033874349bbe1086abaf86968a466","10-5a33f2ce8d0120ca829fc20b3a073c8a","1130419","همدان","Hamadān","نهاوند","Nahāvand","مرکزی","Markazi",,,"شعبان","Sha'bān","باغکوه","Bāgh Kuh","Bāghku","Elham Izadi and Mehrdad Meshkinfam, field notes 2020",,"(3 or fewer households; population not specified in 2011 Census for reasons of privacy)","","","Northern Lori 95%; Standard type Persian 5%","Mehrdad Meshkinfam and Elham Izadi, field notes 2020",34.121667,48.416389,""
"","64f033874349bbe1086abaf869689564","10-b849f25cd85e00153b74cc126ee860ed","1130420","همدان","Hamadān","نهاوند","Nahāvand","مرکزی","Markazi",,,"شعبان","Sha'bān","تازه ناب سفلی","Tāzeh Nāb-e Soflā","Tāze Now","Elham Izadi and Mehrdad Meshkinfam, field notes 2020",73,,"","","Laki 55%; Northern Lori 40%; Standard type Persian 5%","Mehrdad Meshkinfam and Elham Izadi, field notes 2020",34.11457867,48.31652667,""
"","64f033874349bbe1086abaf86968878e","10-345e20f8b9678f3ba9d44012f9c4a8c2","1130421","همدان","Hamadān","نهاوند","Nahāvand","مرکزی","Markazi",,,"شعبان","Sha'bān","تازه ناب علیا","Tāzeh Nāb-e Oliā","Tāze Now","Elham Izadi and Mehrdad Meshkinfam, field notes 2020",293,,"","","Laki 55%; Northern Lori 40%; Standard type Persian 5%","Mehrdad Meshkinfam and Elham Izadi, field notes 2020",34.097491,48.315278,""
"","64f033874349bbe1086abaf8696879a1","10-f37fc6e6dcb79c69f6fedfff5d64966c","1130422","همدان","Hamadān","نهاوند","Nahāvand","مرکزی","Markazi",,,"شعبان","Sha'bān","تازه ناب محمدباقر","Tāzeh Nāb-e Mohammad Bāqer","Tāze Now","Elham Izadi and Mehrdad Meshkinfam, field notes 2020",,"(3 or fewer households; population not specified in 2011 Census for reasons of privacy)","","","Laki 55%; Northern Lori 40%; Standard type Persian 5%","Mehrdad Meshkinfam and Elham Izadi, field notes 2020",34.09865454,48.31476396,""
"","64f033874349bbe1086abaf869686b5b","10-3c36efa7c4989ce4ef04a85f1ba50647","1130423","همدان","Hamadān","نهاوند","Nahāvand","مرکزی","Markazi",,,"شعبان","Sha'bān","تازه ناب وسطی","Tāzeh Nāb-e Vostā","Tāze Now","Elham Izadi and Mehrdad Meshkinfam, field notes 2020",273,,"","","Laki 55%; Northern Lori 40%; Standard type Persian 5%","Mehrdad Meshkinfam and Elham Izadi, field notes 2020",34.113068,48.315082,""
"","64f033874349bbe1086abaf86968634b","10-79a38f4e553451551a9679ecd6813642","1130425","همدان","Hamadān","نهاوند","Nahāvand","مرکزی","Markazi",,,"شعبان","Sha'bān","راوندعلیا","Rāvand-e Oliā","Rowan","Elham Izadi and Mehrdad Meshkinfam, field notes 2020",88,,"","","Northern Lori 95%; Standard type Persian 5%","Mehrdad Meshkinfam and Elham Izadi, field notes 2020",34.13131,48.35028,""
"","64f033874349bbe1086abaf869685554","10-11f9904db2e6e76d5bf639b60ce86b11","1130426","همدان","Hamadān","نهاوند","Nahāvand","مرکزی","Markazi",,,"شعبان","Sha'bān","رودحسن علیا","Rud Hasan-e Oliā","Kala Mār","Elham Izadi and Mehrdad Meshkinfam, field notes 2020",384,,"","","Laki 95%; Standard type Persian 5%","Mehrdad Meshkinfam and Elham Izadi, field notes 2020",34.11223767,48.35554667,""
"","64f033874349bbe1086abaf8696849af","10-f90f1e8b1616a0be2eccfc26871d302f","1130427","همدان","Hamadān","نهاوند","Nahāvand","مرکزی","Markazi",,,"شعبان","Sha'bān","محمدیه علیا","Mohammadieh-ye Oliā","Kala Mār","Elham Izadi and Mehrdad Meshkinfam, field notes 2020",124,,"","","Northern Lori 95%; Standard type Persian 5%","Mehrdad Meshkinfam and Elham Izadi, field notes 2020",34.134617,48.326296,""
"","64f033874349bbe1086abaf86968475c","10-8c99e49c9444a2f096fe9ff5cf848a6e","1130428","همدان","Hamadān","نهاوند","Nahāvand","مرکزی","Markazi",,,"شعبان","Sha'bān","بابارستم","Bābā Rostam","Bow Rosam","Elham Izadi and Mehrdad Meshkinfam, field notes 2020",1128,,"","","Northern Lori 95%; Standard type Persian 5%","Mehrdad Meshkinfam and Elham Izadi, field notes 2020",34.14811,48.37707,""
"","64f033874349bbe1086abaf8696838bc","10-3c0965b2fe7d652f8c8c9a5f24c25dc6","1130429","همدان","Hamadān","نهاوند","Nahāvand","مرکزی","Markazi",,,"شعبان","Sha'bān","بانسره","Bānsareh","Bonsar","Elham Izadi and Mehrdad Meshkinfam, field notes 2020",398,,"","","Laki 95%; Standard type Persian 5%","Mehrdad Meshkinfam and Elham Izadi, field notes 2020",34.23639,48.43306,""
"","64f033874349bbe1086abaf86968eeb0","10-18018279d58842b5e3292b2e23a0f5db","1130430","همدان","Hamadān","نهاوند","Nahāvand","مرکزی","Markazi",,,"شعبان","Sha'bān","برجک","Borjak","Borjak","Elham Izadi and Mehrdad Meshkinfam, field notes 2020",259,,"","","Northern Lori 50%; Laki 45%; Standard type Persian 5%","Mehrdad Meshkinfam and Elham Izadi, field notes 2020",34.17404,48.47041,""
"","64f033874349bbe1086abaf86968ec48","10-f4a9caf13ce9b8f418d5f8f582938f76","1130431","همدان","Hamadān","نهاوند","Nahāvand","مرکزی","Markazi",,,"شعبان","Sha'bān","خیرقلی","Kheyr Qoli","Kheyr-e Qoli","Elham Izadi and Mehrdad Meshkinfam, field notes 2020",39,,"","","Laki 95%; Standard type Persian 5%","Mehrdad Meshkinfam and Elham Izadi, field notes 2020",34.20252,48.40138,""
"","64f033874349bbe1086abaf86968e0b1","10-a5da71ba237591d110b901d1167313ad","1130432","همدان","Hamadān","نهاوند","Nahāvand","مرکزی","Markazi",,,"شعبان","Sha'bān","دهنوسفلی","Deh Now Soflā","Dinu Hār","Elham Izadi and Mehrdad Meshkinfam, field notes 2020",548,,"","","Laki 95%; Standard type Persian 5%","Mehrdad Meshkinfam and Elham Izadi, field notes 2020",34.167,48.35122,""
"","64f033874349bbe1086abaf86968d85b","10-257623737c6713dca64d67da4297a3be","1130433","همدان","Hamadān","نهاوند","Nahāvand","مرکزی","Markazi",,,"شعبان","Sha'bān","دهنوعلیا","Deh Now Oliā","Dinu Bāḷā","Elham Izadi and Mehrdad Meshkinfam, field notes 2020",468,,"","","Laki 95%; Standard type Persian 5%","Mehrdad Meshkinfam and Elham Izadi, field notes 2020",34.15513,48.3623,""
"","64f033874349bbe1086abaf86968cd4e","10-57cc65756b1dce6219d3ff1dd300a5f0","1130434","همدان","Hamadān","نهاوند","Nahāvand","مرکزی","Markazi",,,"شعبان","Sha'bān","رضی آباد","Razi Ābād","Raziyowā","Elham Izadi and Mehrdad Meshkinfam, field notes 2020",375,,"","","Northern Lori 95%; Standard type Persian 5%","Mehrdad Meshkinfam and Elham Izadi, field notes 2020",34.168,48.38513,""
"","64f033874349bbe1086abaf86968cbd9","10-e9cddf85d4f594e4c323f21fd8091e97","1130435","همدان","Hamadān","نهاوند","Nahāvand","مرکزی","Markazi",,,"شعبان","Sha'bān","چشمه کبود","Cheshmeh Kabud","Chamkow","Elham Izadi and Mehrdad Meshkinfam, field notes 2020",16,,"","","Laki 95%; Standard type Persian 5%","Mehrdad Meshkinfam and Elham Izadi, field notes 2020",34.198,48.40074,""
"","64f033874349bbe1086abaf86968be5a","10-b3d12a14e136b43b016e60cf84377fa9","1130436","همدان","Hamadān","نهاوند","Nahāvand","مرکزی","Markazi",,,"شعبان","Sha'bān","خواجه حسینی","Khājeh Hoseyni","Khājeh Hoseyni","Elham Izadi and Mehrdad Meshkinfam, field notes 2020",40,,"","","Northern Lori 50%; Laki 45%; Standard type Persian 5%","Mehrdad Meshkinfam and Elham Izadi, field notes 2020",34.15524,48.37868,""
"","64f033874349bbe1086abaf86968b90a","10-2b228f1c9a07ee7cf6ada1e91c36166e","1130437","همدان","Hamadān","نهاوند","Nahāvand","مرکزی","Markazi",,,"شعبان","Sha'bān","عشوند","Oshvand","Oshvan","Elham Izadi and Mehrdad Meshkinfam, field notes 2020",550,,"","","Northern Lori 50%; Laki 45%; Standard type Persian 5%","Mehrdad Meshkinfam and Elham Izadi, field notes 2020",34.20358,48.46964,""
"","64f033874349bbe1086abaf86968b207","10-b5ae61d6414402bddbf2ddeb905b0f91","1130438","همدان","Hamadān","نهاوند","Nahāvand","مرکزی","Markazi",,,"شعبان","Sha'bān","قشلاق بابارستم","Qeshlāq-e Bābā Rostam","Qeshlāq-e Bow Rostam","Elham Izadi and Mehrdad Meshkinfam, field notes 2020",99,,"","","Laki 95%; Standard type Persian 5%","Mehrdad Meshkinfam and Elham Izadi, field notes 2020",34.2431,48.33737,""
"","64f033874349bbe1086abaf86968ab7c","10-c759aa6bf73fa1bfb7d3ba69ddd7a4c1","1130439","همدان","Hamadān","نهاوند","Nahāvand","مرکزی","Markazi",,,"شعبان","Sha'bān","قلعه باروداب","Qal'eh-ye Bārudab","Bāriyow","Elham Izadi and Mehrdad Meshkinfam, field notes 2020",58,,"","","Laki 95%; Standard type Persian 5%","Mehrdad Meshkinfam and Elham Izadi, field notes 2020",34.21574,48.42524,""
"","64f033874349bbe1086abaf869693c6c","10-46d60e143b1a6af391f30e4938b76f0d","1130440","همدان","Hamadān","نهاوند","Nahāvand","مرکزی","Markazi",,,"شعبان","Sha'bān","گورجیو","Gurjio","Gurjiyo","Elham Izadi and Mehrdad Meshkinfam, field notes 2020",45,,"","","Northern Lori 85%; Laki 10%; Standard type Persian 5%","Mehrdad Meshkinfam and Elham Izadi, field notes 2020",34.185833,48.405556,""
"","64f033874349bbe1086abaf869693222","10-cf20b429b01b998aea7e602a68d79921","1130441","همدان","Hamadān","نهاوند","Nahāvand","مرکزی","Markazi",,,"شعبان","Sha'bān","محمدیه سفلی","Mohammadieh-ye Soflā","Kala Mār","Elham Izadi and Mehrdad Meshkinfam, field notes 2020",64,,"","","Northern Lori 95%; Standard type Persian 5%","Mehrdad Meshkinfam and Elham Izadi, field notes 2020",34.14593633,48.33841733,""
"","64f033874349bbe1086abaf869692611","10-8925698777aa5eb67a0af0bfa02b7fba","1130442","همدان","Hamadān","نهاوند","Nahāvand","مرکزی","Markazi",,,"شعبان","Sha'bān","مراد آباد","Morād Ābād","Morādowā","Elham Izadi and Mehrdad Meshkinfam, field notes 2020",461,,"","","Northern Lori 95%; Standard type Persian 5%","Mehrdad Meshkinfam and Elham Izadi, field notes 2020",34.15856367,48.36701967,""
"","64f033874349bbe1086abaf869691c0a","10-8c216f12573b7f82da5c449ab54e260e","1130443","همدان","Hamadān","نهاوند","Nahāvand","مرکزی","Markazi",,,"شعبان","Sha'bān","امیر آباد","Amir Ābād","Amirowā","Elham Izadi and Mehrdad Meshkinfam, field notes 2020",437,,"","","Northern Lori 95%; Standard type Persian 5%","Mehrdad Meshkinfam and Elham Izadi, field notes 2020",34.13532,48.37343,""
"","64f033874349bbe1086abaf869691a06","10-fffe73370ed9c75197bd4a9693d7f127","1130444","همدان","Hamadān","نهاوند","Nahāvand","مرکزی","Markazi",,,"شعبان","Sha'bān","جهان آباد","Jahān Ābād","Junāwā","Elham Izadi and Mehrdad Meshkinfam, field notes 2020",2347,,"","","Northern Lori 85%; Laki 10%; Standard type Persian 5%","Mehrdad Meshkinfam and Elham Izadi, field notes 2020",34.13553,48.41722,""
"","64f033874349bbe1086abaf8696911d0","10-8ce9de1a002bfa94bffe43d310d72303","1130445","همدان","Hamadān","نهاوند","Nahāvand","مرکزی","Markazi",,,"شعبان","Sha'bān","شعبان","Sha'bān","Showon, She'ō","Elham Izadi and Mehrdad Meshkinfam, field notes 2020",1531,,"","","Northern Lori 95%; Standard type Persian 5%","Mehrdad Meshkinfam and Elham Izadi, field notes 2020",34.12168,48.41929,""
"","64f033874349bbe1086abaf869690334","10-0b3788db38f3ff961fcf026dd610a935","1130446","همدان","Hamadān","نهاوند","Nahāvand","مرکزی","Markazi",,,"شعبان","Sha'bān","فیازمان","Fiāzmān","Piyāzemo","Elham Izadi and Mehrdad Meshkinfam, field notes 2020",1091,,"","","Laki 75%; Northern Lori 20%; Standard type Persian 5%","Mehrdad Meshkinfam and Elham Izadi, field notes 2020",34.13017,48.39529,""
"","64f033874349bbe1086abaf869690137","10-73dc3a197a1969601e15d13f925b0298","1130447","همدان","Hamadān","نهاوند","Nahāvand","مرکزی","Markazi",,,"شعبان","Sha'bān","کوهانی","Kowhāni","Koni","Elham Izadi and Mehrdad Meshkinfam, field notes 2020",2664,,"","","Northern Lori 95%; Standard type Persian 5%","Mehrdad Meshkinfam and Elham Izadi, field notes 2020",34.15666467,48.40352967,""
"","64f033874349bbe1086abaf86968fa9a","10-b5f5aad35f467586b5e33507f47dd68e","1130448","همدان","Hamadān","نهاوند","Nahāvand","مرکزی","Markazi",,,"شعبان","Sha'bān","تکه","Tokeh","Töka","Elham Izadi and Mehrdad Meshkinfam, field notes 2020",727,,"","","Northern Lori 60%; Laki 35%; Standard type Persian 5%","Mehrdad Meshkinfam and Elham Izadi, field notes 2020",34.12081,48.38691,""
"","64f033874349bbe1086abaf86968f0a5","10-fa8ebac09fdb2bad71a38c3a5abb8d29","1130449","همدان","Hamadān","نهاوند","Nahāvand","مرکزی","Markazi",,,"شعبان","Sha'bān","دره ابراهیم","Darreh Ebrāhim","Dera Ebrām","Elham Izadi and Mehrdad Meshkinfam, field notes 2020",465,,"","","Laki 75%; Northern Lori 20%; Standard type Persian 5%","Mehrdad Meshkinfam and Elham Izadi, field notes 2020",34.10257,48.39398,""
"","64f033874349bbe1086abaf869698eed","10-efde609c6022e776d748d3708b942396","1130450","همدان","Hamadān","نهاوند","Nahāvand","مرکزی","Markazi",,,"شعبان","Sha'bān","قلعه ذراتی","Qal'eh Zorāti","Qaḷa Zorāti","Elham Izadi and Mehrdad Meshkinfam, field notes 2020",111,,"","","Laki 95%; Standard type Persian 5%","Mehrdad Meshkinfam and Elham Izadi, field notes 2020",34.11296,48.38209,""
"","64f033874349bbe1086abaf869697f0a","10-d2b9c10614383b6b77abd028836ba075","1130451","همدان","Hamadān","نهاوند","Nahāvand","مرکزی","Markazi",,,"شعبان","Sha'bān","رودحسن سفلی","Rud Hasan-e Sofla","Kala Mār","Elham Izadi and Mehrdad Meshkinfam, field notes 2020",48,,"","","Northern Lori 95%; Standard type Persian 5%","Mehrdad Meshkinfam and Elham Izadi, field notes 2020",34.12433767,48.37202267,""
"","64f033874349bbe1086abaf869697bee","10-5369ac6ead6826863b9b360320ccb0d2","1130453","همدان","Hamadān","نهاوند","Nahāvand","مرکزی","Markazi",,,"طریق الاسلام","Tariq-ol-Eslām","سیاه دره","Siāh Darreh","Siyara","Elham Izadi and Mehrdad Meshkinfam, field notes 2020",235,,"","","Laki 95%; Standard type Persian 5%","Mehrdad Meshkinfam and Elham Izadi, field notes 2020",34.36713,48.35618,""
"","64f033874349bbe1086abaf869696d5d","10-4bd7239fe2f60bafcf4b19560a640a00","1130454","همدان","Hamadān","نهاوند","Nahāvand","مرکزی","Markazi",,,"طریق الاسلام","Tariq-ol-Eslām","شادمانه","Shādemāneh","Shāemona","Elham Izadi and Mehrdad Meshkinfam, field notes 2020",156,,"","","Northern Lori 95%; Standard type Persian 5%","Mehrdad Meshkinfam and Elham Izadi, field notes 2020",34.36055,48.28195,""
"","64f033874349bbe1086abaf869696931","10-d305a9d81170ab288a121eea21834603","1130455","همدان","Hamadān","نهاوند","Nahāvand","مرکزی","Markazi",,,"طریق الاسلام","Tariq-ol-Eslām","طایمه","Tāemeh","Tāyema","Elham Izadi and Mehrdad Meshkinfam, field notes 2020",660,,"","","Northern Lori 85%; Laki 10%; Standard type Persian 5%","Mehrdad Meshkinfam and Elham Izadi, field notes 2020",34.31831,48.27529,""
"","64f033874349bbe1086abaf86969595c","10-5d7f522fc431d533b496795427cfff04","1130456","همدان","Hamadān","نهاوند","Nahāvand","مرکزی","Markazi",,,"طریق الاسلام","Tariq-ol-Eslām","ملوسان","Malusān","Maluson","Elham Izadi and Mehrdad Meshkinfam, field notes 2020",565,,"","","Laki 95%; Standard type Persian 5%","Mehrdad Meshkinfam and Elham Izadi, field notes 2020",34.32319933,48.33008733,""
"","64f033874349bbe1086abaf869694e1c","10-3d212f840428385466d10ec92bd94d4c","1130457","همدان","Hamadān","نهاوند","Nahāvand","مرکزی","Markazi",,,"طریق الاسلام","Tariq-ol-Eslām","چولک اصلی","Chulak-e Asli","Chuḷak","Elham Izadi and Mehrdad Meshkinfam, field notes 2020",495,,"","","Northern Lori 95%; Standard type Persian 5%","Mehrdad Meshkinfam and Elham Izadi, field notes 2020",34.23851,48.30026,""
"","64f033874349bbe1086abaf869694a06","10-ac9b9141635b0017d7891a9a3223f88f","1130458","همدان","Hamadān","نهاوند","Nahāvand","مرکزی","Markazi",,,"طریق الاسلام","Tariq-ol-Eslām","چولک قپانوری","Chulak-e Qapānvari","Chuḷak-e Qaponvari","Elham Izadi and Mehrdad Meshkinfam, field notes 2020",392,,"","","Northern Lori 95%; Standard type Persian 5%","Mehrdad Meshkinfam and Elham Izadi, field notes 2020",34.23488267,48.29955667,""
"","64f033874349bbe1086abaf8696948ea","10-2a65dcfda1334be16b0b6f6e587ad507","1130459","همدان","Hamadān","نهاوند","Nahāvand","مرکزی","Markazi",,,"طریق الاسلام","Tariq-ol-Eslām","حسین آباد چولک","Hoseyn Ābād-e Chulak","Hoseynowa Chuḷak","Elham Izadi and Mehrdad Meshkinfam, field notes 2020",259,,"","","Northern Lori 95%; Standard type Persian 5%","Mehrdad Meshkinfam and Elham Izadi, field notes 2020",34.23790046,48.30073714,""
"","64f033874349bbe1086abaf869694101","10-3a39ca7e6131b99941f515a2c69c7bb1","1130460","همدان","Hamadān","نهاوند","Nahāvand","مرکزی","Markazi",,,"طریق الاسلام","Tariq-ol-Eslām","دهقان آباد چولک","Dehqān Ābād-e Chulak","Dēqonowā","Elham Izadi and Mehrdad Meshkinfam, field notes 2020",568,,"","","Laki 85%; Northern Lori 10%; Standard type Persian 5%","Mehrdad Meshkinfam and Elham Izadi, field notes 2020",34.2557,48.2925,""
"","64f033874349bbe1086abaf86969cedd","10-615f316e525f746755d3af6e9c3874df","1130461","همدان","Hamadān","نهاوند","Nahāvand","مرکزی","Markazi",,,"طریق الاسلام","Tariq-ol-Eslām","سعدوقاص","Sa'd-e Vaqās","Siyaḷqāz","Elham Izadi and Mehrdad Meshkinfam, field notes 2020",637,,"","","Northern Lori 95%; Standard type Persian 5%","Mehrdad Meshkinfam and Elham Izadi, field notes 2020",34.27964,48.23865,""
"","64f033874349bbe1086abaf86969c540","10-24e926fd523d95f95dd7d3e9c997af76","1130462","همدان","Hamadān","نهاوند","Nahāvand","مرکزی","Markazi",,,"طریق الاسلام","Tariq-ol-Eslām","صادق آباد قپانوری","Sādeq Ābād-e Qapānvari","Sādeqowā Chuḷak","Elham Izadi and Mehrdad Meshkinfam, field notes 2020",449,,"","","Northern Lori 85%; Laki 10%; Standard type Persian 5%","Mehrdad Meshkinfam and Elham Izadi, field notes 2020",34.23055433,48.28912833,""
"","64f033874349bbe1086abaf86969c4d1","10-c8a5d21bed446d61d9e99157c339bbcb","1130463","همدان","Hamadān","نهاوند","Nahāvand","مرکزی","Markazi",,,"طریق الاسلام","Tariq-ol-Eslām","فیروز آباد طائمه","Firuz Ābād-e Ta'emeh","Tāyema","Elham Izadi and Mehrdad Meshkinfam, field notes 2020",257,,"","","Northern Lori 95%; Standard type Persian 5%","Mehrdad Meshkinfam and Elham Izadi, field notes 2020",34.3098,48.27533,""
"","64f033874349bbe1086abaf86969bf2b","10-92f0c18d5ba0436b2565e4cc6f49d8ac","1130464","همدان","Hamadān","نهاوند","Nahāvand","مرکزی","Markazi",,,"طریق الاسلام","Tariq-ol-Eslām","علمدار","Alamdār","Alamdār","Elham Izadi and Mehrdad Meshkinfam, field notes 2020",191,,"","","Northern Lori 95%; Standard type Persian 5%","Mehrdad Meshkinfam and Elham Izadi, field notes 2020",34.25815,48.26656,""
"","64f033874349bbe1086abaf86969b307","10-0510509f95ba0cf363568ead0b369b79","1130465","همدان","Hamadān","نهاوند","Nahāvand","مرکزی","Markazi",,,"طریق الاسلام","Tariq-ol-Eslām","گوشه سعدوقاص","Gusheh Sa'd Vaqās","Gushe Siyaḷqāz","Elham Izadi and Mehrdad Meshkinfam, field notes 2020",644,,"","","Northern Lori 95%; Standard type Persian 5%","Mehrdad Meshkinfam and Elham Izadi, field notes 2020",34.288706,48.251299,""
"","64f033874349bbe1086abaf86969ac7a","10-29d2195a13b4c01b3d63f0ca85d66e80","1130466","همدان","Hamadān","نهاوند","Nahāvand","مرکزی","Markazi",,,"طریق الاسلام","Tariq-ol-Eslām","لواشان","Lavāshān","Lowāshow","Elham Izadi and Mehrdad Meshkinfam, field notes 2020",228,,"","","Northern Lori 95%; Standard type Persian 5%","Mehrdad Meshkinfam and Elham Izadi, field notes 2020",34.24981833,48.27417233,""
"","64f033874349bbe1086abaf86969ab4d","10-122f4a91e468c53a82e625e0f4707755","1130467","همدان","Hamadān","نهاوند","Nahāvand","مرکزی","Markazi",,,"طریق الاسلام","Tariq-ol-Eslām","محمد آباد چولک","Mohammad Ābād-e Chulak","Mahdowā Chuḷak","Elham Izadi and Mehrdad Meshkinfam, field notes 2020",158,,"","","Northern Lori 85%; Laki 10%; Standard type Persian 5%","Mehrdad Meshkinfam and Elham Izadi, field notes 2020",34.24692063,48.30475505,""
"","64f033874349bbe1086abaf86969a897","10-56a490b3df4e6b0dfab9e90f01363169","1130468","همدان","Hamadān","نهاوند","Nahāvand","مرکزی","Markazi",,,"طریق الاسلام","Tariq-ol-Eslām","میانگران","Miāngarān","Miyāngarow","Elham Izadi and Mehrdad Meshkinfam, field notes 2020",131,,"","","Northern Lori 95%; Standard type Persian 5%","Mehrdad Meshkinfam and Elham Izadi, field notes 2020",34.31316554,48.25810616,""
"","64f033874349bbe1086abaf869699b25","10-ec24c5bb4f041977d7aeefa67d9603fb","1130469","همدان","Hamadān","نهاوند","Nahāvand","مرکزی","Markazi",,,"طریق الاسلام","Tariq-ol-Eslām","وهمان","Vahmān","Vahmow","Elham Izadi and Mehrdad Meshkinfam, field notes 2020",606,,"","","Northern Lori 95%; Standard type Persian 5%","Mehrdad Meshkinfam and Elham Izadi, field notes 2020",34.26033567,48.27099667,""
"","64f033874349bbe1086abaf869698f72","10-5bb9dfe25e37e993da54853a0e7b8bdf","1130470","همدان","Hamadān","نهاوند","Nahāvand","مرکزی","Markazi",,,"طریق الاسلام","Tariq-ol-Eslām","ده سرخه","Deh Sorkheh","Dē Sorkha","Elham Izadi and Mehrdad Meshkinfam, field notes 2020",436,,"","","Laki 95%; Standard type Persian 5%","Mehrdad Meshkinfam and Elham Izadi, field notes 2020",34.32646,48.36187,""
"","64f033874349bbe1086abaf8696a1fba","10-6cd1da8b6eb7f659e530c16ab7524fd9","1130471","همدان","Hamadān","نهاوند","Nahāvand","مرکزی","Markazi",,,"طریق الاسلام","Tariq-ol-Eslām","ده فول","Deh Ful","Dē Pül","Elham Izadi and Mehrdad Meshkinfam, field notes 2020",2411,,"","","Northern Lori 95%; Standard type Persian 5%","Mehrdad Meshkinfam and Elham Izadi, field notes 2020",34.22915,48.31582,""
"","64f033874349bbe1086abaf8696a165d","10-3c32b65f9d8be61bcd0aa75868494e1f","1130472","همدان","Hamadān","نهاوند","Nahāvand","مرکزی","Markazi",,,"طریق الاسلام","Tariq-ol-Eslām","قشلاق دهفول","Qeshlāq-e Deh Ful","Qeshlāq Dē Pül","Elham Izadi and Mehrdad Meshkinfam, field notes 2020",170,,"","","Northern Lori 95%; Standard type Persian 5%","Mehrdad Meshkinfam and Elham Izadi, field notes 2020",34.1414,48.36134,""
"","64f033874349bbe1086abaf8696a0acb","10-6932b1cbcd6378b70ca5f4b8fe275f2b","1130473","همدان","Hamadān","نهاوند","Nahāvand","مرکزی","Markazi",,,"طریق الاسلام","Tariq-ol-Eslām","کفراج","Kafrāj","Kafrāsh","Elham Izadi and Mehrdad Meshkinfam, field notes 2020",1539,,"","","Northern Lori 95%; Standard type Persian 5%","Mehrdad Meshkinfam and Elham Izadi, field notes 2020",34.22405633,48.33804133,""
"","64f033874349bbe1086abaf8696a03a2","10-4ef720f6ef45b8d1fff8c5a5908ab129","1130474","همدان","Hamadān","نهاوند","Nahāvand","مرکزی","Markazi",,,"طریق الاسلام","Tariq-ol-Eslām","دوچشمه","Dow Cheshmeh","Kala Khon","Elham Izadi and Mehrdad Meshkinfam, field notes 2020",1152,,"","","Northern Lori 95%; Standard type Persian 5%","Mehrdad Meshkinfam and Elham Izadi, field notes 2020",34.22488,48.3652,""
"","64f033874349bbe1086abaf8696a0276","10-05a2a6bfd728a97ddf7e9f740f03149c","1130475","همدان","Hamadān","نهاوند","Nahāvand","مرکزی","Markazi",,,"طریق الاسلام","Tariq-ol-Eslām","ده بوره","Deh Bureh","Dē Bura","Elham Izadi and Mehrdad Meshkinfam, field notes 2020",777,,"","","Northern Lori 95%; Standard type Persian 5%","Mehrdad Meshkinfam and Elham Izadi, field notes 2020",34.20598,48.32664,""
"","64f033874349bbe1086abaf86969f6c7","10-b777139e0be75ded3ecee017356ae117","1130476","همدان","Hamadān","نهاوند","Nahāvand","مرکزی","Markazi",,,"طریق الاسلام","Tariq-ol-Eslām","فهرومند","Fahromand","Pāruman","Elham Izadi and Mehrdad Meshkinfam, field notes 2020",397,,"","","Northern Lori 95%; Standard type Persian 5%","Mehrdad Meshkinfam and Elham Izadi, field notes 2020",34.2242,48.31082,""
"","64f033874349bbe1086abaf86969eb1f","10-a3b2a3847bdac42c4c2572654d4515b4","1130478","همدان","Hamadān","نهاوند","Nahāvand","مرکزی","Markazi",,,"گاماسیاب","Gāmāsiāb","وراینه","Varāyneh","Verāyna","Elham Izadi and Mehrdad Meshkinfam, field notes 2020",1614,,"","","Laki 95%; Standard type Persian 5%","Mehrdad Meshkinfam and Elham Izadi, field notes 2020",34.07862067,48.40518067,""
"","64f033874349bbe1086abaf86969e360","10-7e0982c004c6a7aed39f37ffce56bb21","1130479","همدان","Hamadān","نهاوند","Nahāvand","مرکزی","Markazi",,,"گاماسیاب","Gāmāsiāb","ده حیدر","Deh Heydar","Dēhyar","Elham Izadi and Mehrdad Meshkinfam, field notes 2020",755,,"","","Laki 95%; Standard type Persian 5%","Mehrdad Meshkinfam and Elham Izadi, field notes 2020",34.07661,48.41444,""
"","64f033874349bbe1086abaf86969e07f","10-84c07088723e86bf082108f05837b3ab","1130480","همدان","Hamadān","نهاوند","Nahāvand","مرکزی","Markazi",,,"گاماسیاب","Gāmāsiāb","گل حیدر","Gol Heydar","Golheyar","Elham Izadi and Mehrdad Meshkinfam, field notes 2020",656,,"","","Laki 95%; Standard type Persian 5%","Mehrdad Meshkinfam and Elham Izadi, field notes 2020",34.062758,48.416696,""
"","64f033874349bbe1086abaf86969d95f","10-9b68ba4d84d2d9482d41306b115c8909","1130481","همدان","Hamadān","نهاوند","Nahāvand","مرکزی","Markazi",,,"گاماسیاب","Gāmāsiāb","بشیر آباد","Bashir Abād","Bashirowā","Elham Izadi and Mehrdad Meshkinfam, field notes 2020",111,,"","","Laki 95%; Standard type Persian 5%","Mehrdad Meshkinfam and Elham Izadi, field notes 2020",34.06057333,48.46145833,""
"","64f033874349bbe1086abaf8696a674a","10-d0d5fb4b97f1cf1006a8543601db4948","1130482","همدان","Hamadān","نهاوند","Nahāvand","مرکزی","Markazi",,,"گاماسیاب","Gāmāsiāb","پنبه در","Panbeh Dar","Pamadar, Pena Bor","Elham Izadi and Mehrdad Meshkinfam, field notes 2020",156,,"","","Laki 95%; Standard type Persian 5%","Mehrdad Meshkinfam and Elham Izadi, field notes 2020",34.06651,48.44588,""
"","64f033874349bbe1086abaf8696a594f","10-7cbc3b45d503614cd0bfddb8cbaa017e","1130483","همدان","Hamadān","نهاوند","Nahāvand","مرکزی","Markazi",,,"گاماسیاب","Gāmāsiāb","حسن آباد","Hoseyn Ābād","Hoseynowā","Elham Izadi and Mehrdad Meshkinfam, field notes 2020",422,,"","","Northern Lori 95%; Standard type Persian 5%","Mehrdad Meshkinfam and Elham Izadi, field notes 2020",35.47035933,48.86582933,""
"","64f033874349bbe1086abaf8696a550a","10-ef0f2645d18c4505b9ceb620dad14702","1130484","همدان","Hamadān","نهاوند","Nahāvand","مرکزی","Markazi",,,"گاماسیاب","Gāmāsiāb","ده چقایی","Deh Choqāi","Dē Choqāy","Elham Izadi and Mehrdad Meshkinfam, field notes 2020",602,,"","","Northern Lori 95%; Standard type Persian 5%","Mehrdad Meshkinfam and Elham Izadi, field notes 2020",34.0853,48.46354,""
"","64f033874349bbe1086abaf8696a5495","10-05a680a9b26dc6b1c423f45a8d08774c","1130485","همدان","Hamadān","نهاوند","Nahāvand","مرکزی","Markazi",,,"گاماسیاب","Gāmāsiāb","کرک","Kark","Kark","Elham Izadi and Mehrdad Meshkinfam, field notes 2020",336,,"","","Northern Lori 95%; Standard type Persian 5%","Mehrdad Meshkinfam and Elham Izadi, field notes 2020",34.060346,48.456086,""
"","64f033874349bbe1086abaf8696a4878","10-7dee940c3629736b7f12f7432a0df2d8","1130486","همدان","Hamadān","نهاوند","Nahāvand","مرکزی","Markazi",,,"گاماسیاب","Gāmāsiāb","سفیدخانه","Sefid Khāneh","Espi Khuni","Elham Izadi and Mehrdad Meshkinfam, field notes 2020",845,,"","","Northern Lori 95%; Standard type Persian 5%","Mehrdad Meshkinfam and Elham Izadi, field notes 2020",34.07156,48.50783,""
"","64f033874349bbe1086abaf8696a4081","10-e5e27ee458893508fc3310ea7ffdb5f9","1130487","همدان","Hamadān","نهاوند","Nahāvand","مرکزی","Markazi",,,"گاماسیاب","Gāmāsiāb","نثار","Nesār","Nesār","Elham Izadi and Mehrdad Meshkinfam, field notes 2020",658,,"","","Northern Lori 95%; Standard type Persian 5%","Mehrdad Meshkinfam and Elham Izadi, field notes 2020",34.07692433,48.46851733,""
"","64f033874349bbe1086abaf8696a3e0a","10-3b5f67ac54be1bb95af3bcc6dbbb3683","1130488","همدان","Hamadān","نهاوند","Nahāvand","مرکزی","Markazi",,,"گاماسیاب","Gāmāsiāb","گاماسب، فاماسب","Gāmāsb, Fāmāsb","Pāmāsb","Elham Izadi and Mehrdad Meshkinfam, field notes 2020",824,,"","","Laki 95%; Standard type Persian 5%","Mehrdad Meshkinfam and Elham Izadi, field notes 2020",34.03909,48.46361,""
"","64f033874349bbe1086abaf8696a3847","10-26857ac171724ac707d691323d058f92","1130489","همدان","Hamadān","نهاوند","Nahāvand","مرکزی","Markazi",,,"گاماسیاب","Gāmāsiāb","سهران","Sohrān","Söron-e Pāmāsb","Elham Izadi and Mehrdad Meshkinfam, field notes 2020",936,,"","","Laki 95%; Standard type Persian 5%","Mehrdad Meshkinfam and Elham Izadi, field notes 2020",34.03531,48.48012,""
"","64f033874349bbe1086abaf8696a2ad4","10-e66c1053fe52628618780337ff725d4e","1130490","همدان","Hamadān","نهاوند","Nahāvand","مرکزی","Markazi",,,"گاماسیاب","Gāmāsiāb","میلاب","Milāb","Milow","Elham Izadi and Mehrdad Meshkinfam, field notes 2020",652,,"","","Laki 95%; Standard type Persian 5%","Mehrdad Meshkinfam and Elham Izadi, field notes 2020",34.085351,48.503976,""
"","64f033874349bbe1086abaf8696a26c4","10-2df96bc5fecda466041d6deb4d453883","1130491","همدان","Hamadān","نهاوند","Nahāvand","مرکزی","Markazi",,,"گاماسیاب","Gāmāsiāb","محمود آباد","Mahmud Ābād","Mahdowā","Elham Izadi and Mehrdad Meshkinfam, field notes 2020",433,,"","","Northern Lori 85%; Laki 10%; Standard type Persian 5%","Mehrdad Meshkinfam and Elham Izadi, field notes 2020",34.07959033,48.42937533,""
"","64f033874349bbe1086abaf8696ab932","10-4749cf1281594c9cff9f9d080cb1bd1a","1130492","همدان","Hamadān","نهاوند","Nahāvand","مرکزی","Markazi",,,"گاماسیاب","Gāmāsiāb","باباقاسم","Bābā Qāsem","Bow Qāsem","Elham Izadi and Mehrdad Meshkinfam, field notes 2020",1835,,"","","Northern Lori 95%; Standard type Persian 5%","Mehrdad Meshkinfam and Elham Izadi, field notes 2020",34.07986,48.44896,""
"","64f033874349bbe1086abaf8696ab4dd","10-62650a2750a5407e42869752fae3a8f0","1130493","همدان","Hamadān","نهاوند","Nahāvand","مرکزی","Markazi",,,"گاماسیاب","Gāmāsiāb","بیان","Bayān","Biyon","Elham Izadi and Mehrdad Meshkinfam, field notes 2020",1545,,"","","Northern Lori 85%; Laki 10%; Standard type Persian 5%","Mehrdad Meshkinfam and Elham Izadi, field notes 2020",34.09664,48.41694,""
"","64f033874349bbe1086abaf8696aaeee","10-319660e0a7d89d15a263ebb09a87400a","1130494","همدان","Hamadān","نهاوند","Nahāvand","مرکزی","Markazi",,,"گاماسیاب","Gāmāsiāb","زارع آباد","Zāre' Ābād","Zāreowā","Elham Izadi and Mehrdad Meshkinfam, field notes 2020",578,,"","","Northern Lori 95%; Standard type Persian 5%","Mehrdad Meshkinfam and Elham Izadi, field notes 2020",34.09188,48.44027,""
"","64f033874349bbe1086abaf8696aa317","10-7af128f520aeea49299a61d21454357f","1130495","همدان","Hamadān","نهاوند","Nahāvand","مرکزی","Markazi",,,"گاماسیاب","Gāmāsiāb","سرخ کند","Sorkh Kand","Sorkh Kand","Elham Izadi and Mehrdad Meshkinfam, field notes 2020",206,,"","","Northern Lori 95%; Standard type Persian 5%","Mehrdad Meshkinfam and Elham Izadi, field notes 2020",34.08763,48.43016,""
"","64f033874349bbe1086abaf8696aa224","10-968788c1d63957adb045462382f40a5b","1130496","همدان","Hamadān","نهاوند","Nahāvand","مرکزی","Markazi",,,"گاماسیاب","Gāmāsiāb","قلعه قباد","Qal'eh Qobād","Qala Qowā","Elham Izadi and Mehrdad Meshkinfam, field notes 2020",999,,"","","Northern Lori 85%; Laki 10%; Standard type Persian 5%","Mehrdad Meshkinfam and Elham Izadi, field notes 2020",34.1007,48.42515,""
"","64f033874349bbe1086abaf8696a951a","10-394d03528f8f3694e26440120c91a45d","1130497","همدان","Hamadān","نهاوند","Nahāvand","مرکزی","Markazi",,,"گاماسیاب","Gāmāsiāb","گردچم","Gerd Cham","Gerdcham","Elham Izadi and Mehrdad Meshkinfam, field notes 2020",128,,"","","Northern Lori 95%; Standard type Persian 5%","Mehrdad Meshkinfam and Elham Izadi, field notes 2020",34.103891,48.418483,""
"","64f033874349bbe1086abaf8696a8c66","10-eb8356897f8a55ec118241acfdbb2fcf","1130498","همدان","Hamadān","نهاوند","Nahāvand","مرکزی","Markazi",,,"گاماسیاب","Gāmāsiāb","بدیع آباد","Badi' Ābād","Badiyowā","Elham Izadi and Mehrdad Meshkinfam, field notes 2020",93,,"","","Northern Lori 95%; Standard type Persian 5%","Mehrdad Meshkinfam and Elham Izadi, field notes 2020",34.10961067,48.47572967,""
"","64f033874349bbe1086abaf8696a8304","10-acc059b543f8408cc77102d0caf6336d","1130499","همدان","Hamadān","نهاوند","Nahāvand","مرکزی","Markazi",,,"گاماسیاب","Gāmāsiāb","گوشه بدیع الزمان","Gusheh-ye Badi'-oz-Zamān","Gusha Badiyowā","Elham Izadi and Mehrdad Meshkinfam, field notes 2020",392,,"","","Northern Lori 95%; Standard type Persian 5%","Mehrdad Meshkinfam and Elham Izadi, field notes 2020",34.103346,48.499486,""
"","64f033874349bbe1086abaf8696a7b8c","10-1df8e61222577f4fe20c09a45a4d732c","1130500","همدان","Hamadān","نهاوند","Nahāvand","مرکزی","Markazi",,,"گاماسیاب","Gāmāsiāb","وشت","Vesht","Vesht","Elham Izadi and Mehrdad Meshkinfam, field notes 2020",207,,"","","Northern Lori 60%; Laki 35%; Standard type Persian 5%","Mehrdad Meshkinfam and Elham Izadi, field notes 2020",34.13856567,48.46771967,""
"","64f033874349bbe1086abaf8696a6f4a","10-2b98fb2c50c95f5b4d1bab1d131e8fe7","1130501","همدان","Hamadān","نهاوند","Nahāvand","مرکزی","Markazi","نهاوند","Nahāvand",,,,,"Nāvan","Elham Izadi and Mehrdad Meshkinfam, field notes 2020",75445,,"","","Northern Lori 60%; Standard type Persian 30%; Laki 10%","Mehrdad Meshkinfam and Elham Izadi, field notes 2020",34.19327873,48.37307233,""
"","64f033874349bbe1086abaf8696b04ef","10-00935db25d58423a0ced1b684251ef7b","1130504","همدان","Hamadān","نهاوند","Nahāvand","زرین دشت","Zarrin Dasht",,,"فضل","Fazl","درانه","Dorāneh","Dörna","Elham Izadi and Mehrdad Meshkinfam, field notes 2020",195,,"","","Northern Lori 95%; Standard type Persian 5%","Mehrdad Meshkinfam and Elham Izadi, field notes 2020",34.23072,48.21997,""
"","64f033874349bbe1086abaf8696b00db","10-b30aa2544f39bbe1e676f3bc0e9fc183","1130505","همدان","Hamadān","نهاوند","Nahāvand","زرین دشت","Zarrin Dasht",,,"فضل","Fazl","عسگر آباد","Asgar Ābād","Eskanowā","Elham Izadi and Mehrdad Meshkinfam, field notes 2020",533,,"","","Northern Lori 95%; Standard type Persian 5%","Mehrdad Meshkinfam and Elham Izadi, field notes 2020",34.22117,48.21841,""
"","64f033874349bbe1086abaf8696af74c","10-7f9950211a25d9433fe0d77eb0342a26","1130506","همدان","Hamadān","نهاوند","Nahāvand","زرین دشت","Zarrin Dasht",,,"فضل","Fazl","اکبر آباد","Akbar Ābād","Akbarowā","Elham Izadi and Mehrdad Meshkinfam, field notes 2020",139,,"","","Northern Lori 95%; Standard type Persian 5%","Mehrdad Meshkinfam and Elham Izadi, field notes 2020",34.25665,48.2082,""
"","64f033874349bbe1086abaf8696ae8bc","10-e1aec17a589310cb10da15a17fb2b07f","1130507","همدان","Hamadān","نهاوند","Nahāvand","زرین دشت","Zarrin Dasht",,,"فضل","Fazl","بندامان","Bandāmān","Banāmā","Elham Izadi and Mehrdad Meshkinfam, field notes 2020",140,,"","","Northern Lori 85%; Laki 10%; Standard type Persian 5%","Mehrdad Meshkinfam and Elham Izadi, field notes 2020",34.22364,48.22926,""
"","64f033874349bbe1086abaf8696ae5d3","10-0414e38468734e4c16469ea4edd1d9da","1130508","همدان","Hamadān","نهاوند","Nahāvand","زرین دشت","Zarrin Dasht",,,"فضل","Fazl","زرامین سفلی","Zarrāmin-e Soflā","Zaṛāmin-e Lakiyā","Elham Izadi and Mehrdad Meshkinfam, field notes 2020",1554,,"","","Laki 95%; Standard type Persian 5%","Mehrdad Meshkinfam and Elham Izadi, field notes 2020",34.1926,48.30104,""
"","64f033874349bbe1086abaf8696adce4","10-eceb9b8eba64e3208f40a5db3067bb1d","1130509","همدان","Hamadān","نهاوند","Nahāvand","زرین دشت","Zarrin Dasht",,,"فضل","Fazl","زرامین علیا","Zarrāmin-e Oliā","Zaṛāmin-e Loṛā","Elham Izadi and Mehrdad Meshkinfam, field notes 2020",598,,"","","Northern Lori 95%; Standard type Persian 5%","Mehrdad Meshkinfam and Elham Izadi, field notes 2020",34.18505,48.31884,""
"","64f033874349bbe1086abaf8696ad91b","10-c656b7ecda049f87425274603e103d5a","1130510","همدان","Hamadān","نهاوند","Nahāvand","زرین دشت","Zarrin Dasht",,,"فضل","Fazl","سردوران","Sardowrān","Sardurön","Elham Izadi and Mehrdad Meshkinfam, field notes 2020",273,,"","","Northern Lori 95%; Standard type Persian 5%","Mehrdad Meshkinfam and Elham Izadi, field notes 2020",34.20256,48.265,""
"","64f033874349bbe1086abaf8696acfa0","10-07ec0df8e2d90ff4f6ae8df0c48b1507","1130511","همدان","Hamadān","نهاوند","Nahāvand","زرین دشت","Zarrin Dasht",,,"فضل","Fazl","عنبرقنبر","Anbar Qanbar","Amar Qamar","Elham Izadi and Mehrdad Meshkinfam, field notes 2020",610,,"","","Northern Lori 85%; Laki 10%; Standard type Persian 5%","Mehrdad Meshkinfam and Elham Izadi, field notes 2020",34.24608,48.24406,""
"","64f033874349bbe1086abaf8696acd80","10-3766dfaf917d24145dce5b3360a09ef7","1130513","همدان","Hamadān","نهاوند","Nahāvand","زرین دشت","Zarrin Dasht",,,"گرین","Garrin","ازنهری","Aznahri","Aznahri","Elham Izadi and Mehrdad Meshkinfam, field notes 2020",1114,,"","","Northern Lori 50%; Laki 45%; Standard type Persian 5%","Mehrdad Meshkinfam and Elham Izadi, field notes 2020",34.23757,48.14688,""
"","64f033874349bbe1086abaf8696abed5","10-2fe68f713131b46f661bf1ba009aa69d","1130514","همدان","Hamadān","نهاوند","Nahāvand","زرین دشت","Zarrin Dasht",,,"گرین","Garrin","توانه","Tavāneh","Tiyona","Elham Izadi and Mehrdad Meshkinfam, field notes 2020",2673,,"","","Northern Lori 85%; Laki 10%; Standard type Persian 5%","Mehrdad Meshkinfam and Elham Izadi, field notes 2020",34.21154,48.18593,""
"","64f033874349bbe1086abaf8696b3dce","10-2ba46cda38965714c5c15b443922a4ac","1130515","همدان","Hamadān","نهاوند","Nahāvand","زرین دشت","Zarrin Dasht",,,"گرین","Garrin","گنبدکبود","Gonbad Kabud","Goma Kow","Elham Izadi and Mehrdad Meshkinfam, field notes 2020",1937,,"","","Laki 80%; Northern Lori 15%; Standard type Persian 5%","Mehrdad Meshkinfam and Elham Izadi, field notes 2020",34.21952,48.14905,""
"","64f033874349bbe1086abaf8696b3a59","10-65699aff0a5914e970f1cfb488f34b59","1130516","همدان","Hamadān","نهاوند","Nahāvand","زرین دشت","Zarrin Dasht",,,"گرین","Garrin","بالاجوب","Bālā Jub","Bāḷāju","Elham Izadi and Mehrdad Meshkinfam, field notes 2020",384,,"","","Northern Lori 85%; Laki 10%; Standard type Persian 5%","Mehrdad Meshkinfam and Elham Izadi, field notes 2020",34.24481,48.18407,""
"","64f033874349bbe1086abaf8696b33c2","10-4314c7a2079a04ffce73f70e29dde6bb","1130517","همدان","Hamadān","نهاوند","Nahāvand","زرین دشت","Zarrin Dasht",,,"گرین","Garrin","چناری","Chenāri","Chenāri","Elham Izadi and Mehrdad Meshkinfam, field notes 2020",548,,"","","Northern Lori 95%; Standard type Persian 5%","Mehrdad Meshkinfam and Elham Izadi, field notes 2020",34.23016,48.17624,""
"","64f033874349bbe1086abaf8696b2a2e","10-7de595960f8ad69a5aa73b3f5e04ebe3","1130518","همدان","Hamadān","نهاوند","Nahāvand","زرین دشت","Zarrin Dasht",,,"گرین","Garrin","لیلان","Leylān","Leylow","Elham Izadi and Mehrdad Meshkinfam, field notes 2020",477,,"","","Northern Lori 95%; Standard type Persian 5%","Mehrdad Meshkinfam and Elham Izadi, field notes 2020",34.24035,48.20495,""
"","64f033874349bbe1086abaf8696b29ea","10-6d228ab13ed8e5294c44a41928028421","1130519","همدان","Hamadān","نهاوند","Nahāvand","زرین دشت","Zarrin Dasht",,,"گرین","Garrin","ولی سیراب","Vali Sirāb","Vali Serow","Elham Izadi and Mehrdad Meshkinfam, field notes 2020",242,,"","","Northern Lori 95%; Standard type Persian 5%","Mehrdad Meshkinfam and Elham Izadi, field notes 2020",34.23298,48.189,""
"","64f033874349bbe1086abaf8696b2748","10-79c03fecc5a4d6ff7f061e1900be96dc","1130520","همدان","Hamadān","نهاوند","Nahāvand","زرین دشت","Zarrin Dasht","برزول","Barzul",,,,,"Barzül","Elham Izadi and Mehrdad Meshkinfam, field notes 2020",2695,,"","","Northern Lori 95%; Standard type Persian 5%","Mehrdad Meshkinfam and Elham Izadi, field notes 2020",34.21329358,48.26026684,""
"","64f033874349bbe1086abaf8696b1899","10-10caf2b80039db59302abd0ca28d1a18","1130523","همدان","Hamadān","نهاوند","Nahāvand","گیان","Giān",,,"سراب","Sarāb","اسد آباد","Asad Ābād","Asadowā, Asadowā Tiyona","Elham Izadi and Mehrdad Meshkinfam, field notes 2020",415,,"","","Northern Lori 60%; Laki 35%; Standard type Persian 5%","Mehrdad Meshkinfam and Elham Izadi, field notes 2020",34.18846,48.17337,""
"","64f033874349bbe1086abaf8696b12ec","10-426e8c3ca58f00f5a08facbc1068de99","1130524","همدان","Hamadān","نهاوند","Nahāvand","گیان","Giān",,,"سراب","Sarāb","ظفر آباد","Zafar Ābād","Zafarowā","Elham Izadi and Mehrdad Meshkinfam, field notes 2020",680,,"","","Northern Lori 95%; Standard type Persian 5%","Mehrdad Meshkinfam and Elham Izadi, field notes 2020",34.17729,48.21262,""
"","64f033874349bbe1086abaf8696b0e91","10-6996ebb0f5e619b2db8fdabaaeabe007","1130525","همدان","Hamadān","نهاوند","Nahāvand","گیان","Giān",,,"سراب","Sarāb","گیل آباد","Gil Ābād","Geḷowa","Elham Izadi and Mehrdad Meshkinfam, field notes 2020",1882,,"","","Northern Lori 95%; Standard type Persian 5%","Mehrdad Meshkinfam and Elham Izadi, field notes 2020",34.19936,48.24318,""
"","64f033874349bbe1086abaf8696b054c","10-4c8473624f9b959b5b0c6884179cf37d","1130526","همدان","Hamadān","نهاوند","Nahāvand","گیان","Giān",,,"سراب","Sarāb","مهان آباد","Mahān Ābād","Mahinowā","Elham Izadi and Mehrdad Meshkinfam, field notes 2020",467,,"","","Northern Lori 95%; Standard type Persian 5%","Mehrdad Meshkinfam and Elham Izadi, field notes 2020",34.18083,48.20972,""
"","64f033874349bbe1086abaf8696b91ba","10-a8a09025a49f8210d5e36a8eac8e0843","1130527","همدان","Hamadān","نهاوند","Nahāvand","گیان","Giān",,,"سراب","Sarāb","میان آباد","Miān Ābād","Mēnowa","Elham Izadi and Mehrdad Meshkinfam, field notes 2020",2150,,"","","Northern Lori 95%; Standard type Persian 5%","Mehrdad Meshkinfam and Elham Izadi, field notes 2020",34.190278,48.217222,""
"","64f033874349bbe1086abaf8696b8acc","10-937602acdef82ff8c1f919523270235b","1130528","همدان","Hamadān","نهاوند","Nahāvand","گیان","Giān",,,"سراب","Sarāb","ورازانه","Verāzāneh","Verāzowona","Elham Izadi and Mehrdad Meshkinfam, field notes 2020",1077,,"","","Northern Lori 60%; Laki 35%; Standard type Persian 5%","Mehrdad Meshkinfam and Elham Izadi, field notes 2020",34.18508,48.18778,""
"","64f033874349bbe1086abaf8696b8362","10-4363cf51f7ccfa8eadb183da3fa07ddf","1130530","همدان","Hamadān","نهاوند","Nahāvand","گیان","Giān",,,"گیان","Giān","چناران","Chenārān","Chenāron, Chenāri","Elham Izadi and Mehrdad Meshkinfam, field notes 2020",187,,"","","Northern Lori 95%; Standard type Persian 5%","Mehrdad Meshkinfam and Elham Izadi, field notes 2020",34.15077,48.26026,""
"","64f033874349bbe1086abaf8696b7a5d","10-56e5d5a3e72986008871c36de13e8d28","1130531","همدان","Hamadān","نهاوند","Nahāvand","گیان","Giān",,,"گیان","Giān","حاجی آباد کرک","Hāji Ābād-e Kark","Hājiyāwā Kark","Elham Izadi and Mehrdad Meshkinfam, field notes 2020",214,,"","","Northern Lori 95%; Standard type Persian 5%","Mehrdad Meshkinfam and Elham Izadi, field notes 2020",34.14978,48.27885,""
"","64f033874349bbe1086abaf8696b6bf3","10-63715d6ecd1d24fcda8848f9e233e907","1130532","همدان","Hamadān","نهاوند","Nahāvand","گیان","Giān",,,"گیان","Giān","حسین آباد گیان","Hoseyn Ābād-e Giān","Höseynāwā Giyō","Elham Izadi and Mehrdad Meshkinfam, field notes 2020",1023,,"","","Northern Lori 95%; Standard type Persian 5%","Mehrdad Meshkinfam and Elham Izadi, field notes 2020",34.161652,48.265213,""
"","64f033874349bbe1086abaf8696b67e5","10-9344b68b20e079163af0da7b19446b30","1130533","همدان","Hamadān","نهاوند","Nahāvand","گیان","Giān",,,"گیان","Giān","سرخ لیجه","Sorkh Lijeh","Sörkhalēj","Elham Izadi and Mehrdad Meshkinfam, field notes 2020",224,,"","","Northern Lori 95%; Standard type Persian 5%","Mehrdad Meshkinfam and Elham Izadi, field notes 2020",34.14043167,48.28967567,""
"","64f033874349bbe1086abaf8696b6535","10-4555466f9db792252eac7891665d5500","1130534","همدان","Hamadān","نهاوند","Nahāvand","گیان","Giān",,,"گیان","Giān","کرک سفلی","Kark-e Soflā","Kark-e Soflā","Elham Izadi and Mehrdad Meshkinfam, field notes 2020",571,,"","","Northern Lori 95%; Standard type Persian 5%","Mehrdad Meshkinfam and Elham Izadi, field notes 2020",34.17018,48.29205,""
"","64f033874349bbe1086abaf8696b55c0","10-635e4ee8806e0604b6dd0fb029061975","1130535","همدان","Hamadān","نهاوند","Nahāvand","گیان","Giān",,,"گیان","Giān","کرک علیا","Kark-e Oliā","Kark-e Oliyā","Elham Izadi and Mehrdad Meshkinfam, field notes 2020",819,,"","","Northern Lori 95%; Standard type Persian 5%","Mehrdad Meshkinfam and Elham Izadi, field notes 2020",34.15859,48.29952,""
"","4759714d0bee011ed53a26d865a5bfdb","8-e73509b9743385c15304e016cce12590","1130536","همدان","Hamadān","نهاوند","Nahāvand","گیان","Giān","گیان","Giān",,,,,"","",8102,,"","","Northern Lori 75%; Standard type Persian 25%","Mehrdad Meshkinfam and Elham Izadi, field notes 2020",34.17784,48.24328,""
"","64f033874349bbe1086abaf8696b5320","10-28fcfef51bbcb6e7241aab5c5aef4a81","1130543","همدان","Hamadān","همدان","Hamadān","شرا","Sharā",,,"جیحون دشت","Jeyhun Dasht","گنبدچای","Gonbadchāy","Gonbadchāy","Elham Izadi and Mehrdad Meshkinfam, field notes 2020",605,,"","","Turkic 90%; Standard type Persian 10%","Mehrdad Meshkinfam and Elham Izadi, field notes 2020",34.86839,48.8314,""
"","64f033874349bbe1086abaf8696b4da5","10-aff80d5ddc06571a6824425bad72b9f8","1130544","همدان","Hamadān","همدان","Hamadān","شرا","Sharā",,,"جیحون دشت","Jeyhun Dasht","امیر آباد کرد","Amir Ābād-e Kord","Amirābād-e Kord","Elham Izadi and Mehrdad Meshkinfam, field notes 2020",309,,"","","Turkic 90%; Standard type Persian 10%","Mehrdad Meshkinfam and Elham Izadi, field notes 2020",34.97455,49.09351,""
"","64f033874349bbe1086abaf8696bf552","10-b9d74898d3f5da969a52adf417a445b9","1130545","همدان","Hamadān","همدان","Hamadān","شرا","Sharā",,,"جیحون دشت","Jeyhun Dasht","جیحون آباد","Jeyhun Ābād ","Jeynuvā","Elham Izadi and Mehrdad Meshkinfam, field notes 2020",782,,"","","Turkic 90%; Standard type Persian 10%","Mehrdad Meshkinfam and Elham Izadi, field notes 2020",34.96739,48.98894,""
"","64f033874349bbe1086abaf8696bea79","10-4bd44b5e8ca60cade4c6a9715ea7da7b","1130546","همدان","Hamadān","همدان","Hamadān","شرا","Sharā",,,"جیحون دشت","Jeyhun Dasht","آقدره","Āq Darreh","Āq Dare","Elham Izadi and Mehrdad Meshkinfam, field notes 2020",59,,"","","Turkic 90%; Standard type Persian 10%","Mehrdad Meshkinfam and Elham Izadi, field notes 2020",34.81811,49.13628,""
"","64f033874349bbe1086abaf8696be48c","10-acc2c7af5dfbc916331852d98a539685","1130547","همدان","Hamadān","همدان","Hamadān","شرا","Sharā",,,"جیحون دشت","Jeyhun Dasht","برکت آباد","Barekat Ābād","Barakatābād","Elham Izadi and Mehrdad Meshkinfam, field notes 2020",148,,"","","Turkic 90%; Standard type Persian 10%","Mehrdad Meshkinfam and Elham Izadi, field notes 2020",34.77135,48.92598,""
"","64f033874349bbe1086abaf8696bdd75","10-ad11acae5d4764268a04e1673a9c61d8","1130548","همدان","Hamadān","همدان","Hamadān","شرا","Sharā",,,"جیحون دشت","Jeyhun Dasht","بویاقچی","Buyāqchi","Buyāqchi","Elham Izadi and Mehrdad Meshkinfam, field notes 2020",100,,"","","Turkic 90%; Standard type Persian 10%","Mehrdad Meshkinfam and Elham Izadi, field notes 2020",34.84704,49.09082,""
"","64f033874349bbe1086abaf8696bcfa7","10-4211f67abe8c6e4a15378d1ae2e6ca17","1130549","همدان","Hamadān","همدان","Hamadān","شرا","Sharā",,,"جیحون دشت","Jeyhun Dasht","رزج","Razaj","Razaj","Elham Izadi and Mehrdad Meshkinfam, field notes 2020",307,,"","","Turkic 90%; Standard type Persian 10%","Mehrdad Meshkinfam and Elham Izadi, field notes 2020",34.89676,49.14619,""
"","64f033874349bbe1086abaf8696bc928","10-e69d69677c541ab747b4cf8cf4e1d3ae","1130550","همدان","Hamadān","همدان","Hamadān","شرا","Sharā",,,"جیحون دشت","Jeyhun Dasht","دشته","Dashteh","Dashte","Elham Izadi and Mehrdad Meshkinfam, field notes 2020",1478,,"","","Turkic 90%; Standard type Persian 10%","Mehrdad Meshkinfam and Elham Izadi, field notes 2020",34.82659,49.02538,""
"","64f033874349bbe1086abaf8696bbc19","10-6c13b5aa19ec68779d37a9c75d09d66b","1130551","همدان","Hamadān","همدان","Hamadān","شرا","Sharā",,,"جیحون دشت","Jeyhun Dasht","شیرین آباد","Shirin Ābād","Shirinābād","Elham Izadi and Mehrdad Meshkinfam, field notes 2020",743,,"","","Turkic 90%; Standard type Persian 10%","Mehrdad Meshkinfam and Elham Izadi, field notes 2020",34.79235,49.11113,""
"","64f033874349bbe1086abaf8696bacdc","10-898b35ba82247cf324e383835fd2903f","1130552","همدان","Hamadān","همدان","Hamadān","شرا","Sharā",,,"جیحون دشت","Jeyhun Dasht","طاحون آباد","Tāhun Ābād","Tāhunābād","Elham Izadi and Mehrdad Meshkinfam, field notes 2020",69,,"","","Turkic 90%; Standard type Persian 10%","Mehrdad Meshkinfam and Elham Izadi, field notes 2020",34.8389389,48.8664525,""
"","64f033874349bbe1086abaf8696ba40c","10-cfd93d1c4a35df8a7dcd8f51111baf6f","1130553","همدان","Hamadān","همدان","Hamadān","شرا","Sharā",,,"جیحون دشت","Jeyhun Dasht","قلعه نظر آباد","Qal'eh-ye Nazar Ābād","Qal'e-ye Nazarābād","Elham Izadi and Mehrdad Meshkinfam, field notes 2020",,"(3 or fewer households; population not specified in 2011 Census for reasons of privacy)","","","Turkic 90%; Standard type Persian 10%","Mehrdad Meshkinfam and Elham Izadi, field notes 2020",34.89026087,49.0773708,""
"","64f033874349bbe1086abaf8696b9bda","10-5c984d84cd35b0469f919ecfb93caf4a","1130554","همدان","Hamadān","همدان","Hamadān","شرا","Sharā",,,"جیحون دشت","Jeyhun Dasht","یکله","Yeklah","Yeklah","Elham Izadi and Mehrdad Meshkinfam, field notes 2020",944,,"","","Turkic 90%; Standard type Persian 10%","Mehrdad Meshkinfam and Elham Izadi, field notes 2020",34.87788,49.00675,""
"","64f033874349bbe1086abaf8696c41e3","10-10a8781017be1b6b218d0932998be814","1130555","همدان","Hamadān","همدان","Hamadān","شرا","Sharā",,,"جیحون دشت","Jeyhun Dasht","دیزج","Deyzaj","Deyzaj","Elham Izadi and Mehrdad Meshkinfam, field notes 2020",371,,"","","Turkic 90%; Standard type Persian 10%","Mehrdad Meshkinfam and Elham Izadi, field notes 2020",34.81245,49.09867,""
"","64f033874349bbe1086abaf8696c3643","10-544ab6d03807b4b070f8135ac92aa5f3","1130556","همدان","Hamadān","همدان","Hamadān","شرا","Sharā",,,"جیحون دشت","Jeyhun Dasht","احمد آباد","Ahmad Ābād","Ahmadābād","Elham Izadi and Mehrdad Meshkinfam, field notes 2020",725,,"","","Turkic 90%; Standard type Persian 10%","Mehrdad Meshkinfam and Elham Izadi, field notes 2020",34.92688,49.07737,""
"","64f033874349bbe1086abaf8696c32a6","10-21d56a241f808f62c4e88cffd01a3b30","1130557","همدان","Hamadān","همدان","Hamadān","شرا","Sharā",,,"جیحون دشت","Jeyhun Dasht","هیزج","Hizaj","Heyzaj","Elham Izadi and Mehrdad Meshkinfam, field notes 2020",1005,,"","","Turkic 90%; Standard type Persian 10%","Mehrdad Meshkinfam and Elham Izadi, field notes 2020",34.92815,49.13928,""
"","64f033874349bbe1086abaf8696c269f","10-73bdf11d4d3d21caaf561b7719b2c5e1","1130559","همدان","Hamadān","همدان","Hamadān","شرا","Sharā",,,"چاه دشت","Chāh Dasht","قرخلر","Qerkhlar","Qerkhlar","Elham Izadi and Mehrdad Meshkinfam, field notes 2020",1788,,"","","Turkic 90%; Standard type Persian 10%","Mehrdad Meshkinfam and Elham Izadi, field notes 2020",35.0493,48.7488,""
"","64f033874349bbe1086abaf8696c2433","10-21063c689bde58eeda5168adca947ce2","1130560","همدان","Hamadān","همدان","Hamadān","شرا","Sharā",,,"چاه دشت","Chāh Dasht","ایده لو","Idahlu, Idelu","Idale","Elham Izadi and Mehrdad Meshkinfam, field notes 2020",69,,"","","Turkic 90%; Standard type Persian 10%","Mehrdad Meshkinfam and Elham Izadi, field notes 2020",34.98861,48.86135,""
"","64f033874349bbe1086abaf8696c1f89","10-dbbd76ce226520210d8a389231d301dd","1130561","همدان","Hamadān","همدان","Hamadān","شرا","Sharā",,,"چاه دشت","Chāh Dasht","حاجی مقصود","Hāji Maqsud","Hāji Maqsudlu","Elham Izadi and Mehrdad Meshkinfam, field notes 2020",76,,"","","Turkic 90%; Standard type Persian 10%","Mehrdad Meshkinfam and Elham Izadi, field notes 2020",34.96873,48.87745,""
"","64f033874349bbe1086abaf8696c16f7","10-1b82ae56d1abb2304c7cc7f803c21e45","1130562","همدان","Hamadān","همدان","Hamadān","شرا","Sharā",,,"چاه دشت","Chāh Dasht","قپچاق","Qepchāq","Qeychāq","Elham Izadi and Mehrdad Meshkinfam, field notes 2020",180,,"","","Turkic 90%; Standard type Persian 10%","Mehrdad Meshkinfam and Elham Izadi, field notes 2020",34.96238,48.82128,""
"","64f033874349bbe1086abaf8696c0fef","10-8b796fdb750370f246c281d567f9010f","1130563","همدان","Hamadān","همدان","Hamadān","شرا","Sharā",,,"چاه دشت","Chāh Dasht","یسرلو","Yesserlu","Yesserli","Elham Izadi and Mehrdad Meshkinfam, field notes 2020",1117,,"","","Turkic 90%; Standard type Persian 10%","Mehrdad Meshkinfam and Elham Izadi, field notes 2020",35.05983,48.78638,""
"","64f033874349bbe1086abaf8696c0b9f","10-3c1359613bfa23c6cdaf85d7bd0fdae8","1130564","همدان","Hamadān","همدان","Hamadān","شرا","Sharā",,,"چاه دشت","Chāh Dasht","میلاجرد","Milājerd","Milagerd","Elham Izadi and Mehrdad Meshkinfam, field notes 2020",402,,"","","Turkic 90%; Standard type Persian 10%","Mehrdad Meshkinfam and Elham Izadi, field notes 2020",35.04018,48.90305,""
"","64f033874349bbe1086abaf8696c0312","10-e2764ab4453f18cb3dc5ccfc895b69f7","1130565","همدان","Hamadān","همدان","Hamadān","شرا","Sharā",,,"چاه دشت","Chāh Dasht","بیوک آباد","Boyuk Ābād","Biyukābāt","Elham Izadi and Mehrdad Meshkinfam, field notes 2020",1305,,"","","Turkic 90%; Standard type Persian 10%","Mehrdad Meshkinfam and Elham Izadi, field notes 2020",35.05881944,48.84118056,""
"","64f033874349bbe1086abaf8696c966e","10-13ba960c5fc44a0e13cc77b77ee60a43","1130566","همدان","Hamadān","همدان","Hamadān","شرا","Sharā",,,"چاه دشت","Chāh Dasht","سماوک","Samāvak","Samāvak","Elham Izadi and Mehrdad Meshkinfam, field notes 2020",244,,"","","Turkic 90%; Standard type Persian 10%","Mehrdad Meshkinfam and Elham Izadi, field notes 2020",35.04063,48.87753,""
"","64f033874349bbe1086abaf8696c962d","10-6d751f3972c44e98906710942327bc4f","1130567","همدان","Hamadān","همدان","Hamadān","شرا","Sharā",,,"چاه دشت","Chāh Dasht","بزینه جرد","Bozinejerd","Bizlagerd","Elham Izadi and Mehrdad Meshkinfam, field notes 2020",45,,"","","Turkic 90%; Standard type Persian 10%","Mehrdad Meshkinfam and Elham Izadi, field notes 2020",35.02498,48.9438,""
"","64f033874349bbe1086abaf8696c901f","10-c54615e439f20d976b3a9c064a3b0174","1130568","همدان","Hamadān","همدان","Hamadān","شرا","Sharā",,,"چاه دشت","Chāh Dasht","نوده","Now Deh","Nüdah","Elham Izadi and Mehrdad Meshkinfam, field notes 2020",185,,"","","Turkic 90%; Standard type Persian 10%","Mehrdad Meshkinfam and Elham Izadi, field notes 2020",35.03682,48.91462,""
"","64f033874349bbe1086abaf8696c809b","10-5a57bb644ad6a692e4fc49a63a5a8f76","1130570","همدان","Hamadān","همدان","Hamadān","شرا","Sharā",,,"شوردشت","Shur Dasht","خیر آباد","Kheyr Ābād","Kheyrābād","Elham Izadi and Mehrdad Meshkinfam, field notes 2020",544,,"","","Turkic 90%; Standard type Persian 10%","Mehrdad Meshkinfam and Elham Izadi, field notes 2020",34.75298,49.03735,""
"","64f033874349bbe1086abaf8696c7354","10-47003d0bc70b86a01a72ded42e6d4a80","1130571","همدان","Hamadān","همدان","Hamadān","شرا","Sharā",,,"شوردشت","Shur Dasht","قوزلیجه","Qozlijeh","Qozlija","Elham Izadi and Mehrdad Meshkinfam, field notes 2020",32,,"","","Turkic 90%; Standard type Persian 10%","Mehrdad Meshkinfam and Elham Izadi, field notes 2020",34.753568,48.922069,""
"","64f033874349bbe1086abaf8696c6455","10-e48d92905e728d4aac6008431b66409e","1130572","همدان","Hamadān","همدان","Hamadān","شرا","Sharā",,,"شوردشت","Shur Dasht","مهاجر آباد","Mohājer Ābād","Mohājerābād","Elham Izadi and Mehrdad Meshkinfam, field notes 2020",49,,"","","Turkic 90%; Standard type Persian 10%","Mehrdad Meshkinfam and Elham Izadi, field notes 2020",34.77726997,49.08871487,""
"","64f033874349bbe1086abaf8696c5acf","10-04dd6ef8f2ad2cd1c31143c619c5011e","1130573","همدان","Hamadān","همدان","Hamadān","شرا","Sharā",,,"شوردشت","Shur Dasht","عبدالرحیم","Abd-or-Rahim","Abdolraheym","Elham Izadi and Mehrdad Meshkinfam, field notes 2020",2265,,"","","Turkic 90%; Standard type Persian 10%","Mehrdad Meshkinfam and Elham Izadi, field notes 2020",34.62638,49.01993,""
"","64f033874349bbe1086abaf8696c52f5","10-ba638388a45b2a34fa45927bfeee6724","1130574","همدان","Hamadān","همدان","Hamadān","شرا","Sharā",,,"شوردشت","Shur Dasht","کوزره","Kowzareh","Közara","Elham Izadi and Mehrdad Meshkinfam, field notes 2020",2029,,"","","Turkic 90%; Standard type Persian 10%","Mehrdad Meshkinfam and Elham Izadi, field notes 2020",34.69879,49.01143,""
"","64f033874349bbe1086abaf8696c4b14","10-4a9c4fc4d321c6a0d91873223884d44d","1130575","همدان","Hamadān","همدان","Hamadān","شرا","Sharā",,,"شوردشت","Shur Dasht","مسلم آباد","Moslem Ābād","Moslemābād","Elham Izadi and Mehrdad Meshkinfam, field notes 2020",457,,"","","Turkic 90%; Standard type Persian 10%","Mehrdad Meshkinfam and Elham Izadi, field notes 2020",34.67225,48.90931,""
"","64f033874349bbe1086abaf8696c42fb","10-dbc47c6b48afd4bdd743b4eae84c2db4","1130576","همدان","Hamadān","همدان","Hamadān","شرا","Sharā",,,"شوردشت","Shur Dasht","آب انبار","Āb Anbār","Āb Anbār","Elham Izadi and Mehrdad Meshkinfam, field notes 2020",74,,"","","Turkic 90%; Standard type Persian 10%","Mehrdad Meshkinfam and Elham Izadi, field notes 2020",34.596944,49.083889,""
"","64f033874349bbe1086abaf8696ceae0","10-3873510e6a5d3cfd243a99de62b6e00d","1130577","همدان","Hamadān","همدان","Hamadān","شرا","Sharā",,,"شوردشت","Shur Dasht","احمد آباد تپه","Ahmad Ābād-e Tappeh","Ahmadābād Tappa Si","Elham Izadi and Mehrdad Meshkinfam, field notes 2020",608,,"","","Turkic 90%; Standard type Persian 10%","Mehrdad Meshkinfam and Elham Izadi, field notes 2020",34.6134,48.99414,""
"","64f033874349bbe1086abaf8696ce8d4","10-d2d3b9f399b7060bf65c160c88ffec8f","1130578","همدان","Hamadān","همدان","Hamadān","شرا","Sharā",,,"شوردشت","Shur Dasht","خماجین","Khomājin","Khomāyun","Elham Izadi and Mehrdad Meshkinfam, field notes 2020",278,,"","","Turkic 90%; Standard type Persian 10%","Mehrdad Meshkinfam and Elham Izadi, field notes 2020",34.69853,49.03408,""
"","64f033874349bbe1086abaf8696cd90c","10-30df43c7476f32cc3d4275e8039a9758","1130579","همدان","Hamadān","همدان","Hamadān","شرا","Sharā",,,"شوردشت","Shur Dasht","راهجرد","Rāhjerd","Rāhjerd","Elham Izadi and Mehrdad Meshkinfam, field notes 2020",255,,"","","Turkic 90%; Standard type Persian 10%","Mehrdad Meshkinfam and Elham Izadi, field notes 2020",34.60375,49.10799,""
"","64f033874349bbe1086abaf8696cd3c8","10-8c7237af5c02de8443df1ac78ca129ce","1130580","همدان","Hamadān","همدان","Hamadān","شرا","Sharā",,,"شوردشت","Shur Dasht","فیروز آباد","Firuz Ābād","Firuzābād","Elham Izadi and Mehrdad Meshkinfam, field notes 2020",59,,"","","Turkic 90%; Standard type Persian 10%","Mehrdad Meshkinfam and Elham Izadi, field notes 2020",34.69401,49.09387,""
"","64f033874349bbe1086abaf8696ccadc","10-2fb32a0de23bafb648ba30f06b47282a","1130581","همدان","Hamadān","همدان","Hamadān","شرا","Sharā",,,"شوردشت","Shur Dasht","قشلاق سفلی","Qeshlāq-e Soflā","Qeshlāq","Elham Izadi and Mehrdad Meshkinfam, field notes 2020",93,,"","","Turkic 90%; Standard type Persian 10%","Mehrdad Meshkinfam and Elham Izadi, field notes 2020",34.700833,49.069722,""
"","64f033874349bbe1086abaf8696ccad6","10-22dec0f3606e6ad7e95fbac12b15e0f8","1130582","همدان","Hamadān","همدان","Hamadān","شرا","Sharā",,,"شوردشت","Shur Dasht","قشلاق علیا","Qeshlāq-e Oliā","Qeshlāq","Elham Izadi and Mehrdad Meshkinfam, field notes 2020",154,,"","","Turkic 90%; Standard type Persian 10%","Mehrdad Meshkinfam and Elham Izadi, field notes 2020",34.6925,49.068056,""
"","64f033874349bbe1086abaf8696cbd9a","10-a17f531116ed9ede924a750a3575cd13","1130583","همدان","Hamadān","همدان","Hamadān","شرا","Sharā",,,"شوردشت","Shur Dasht","ورکش","Varkesh","Varkesh","Elham Izadi and Mehrdad Meshkinfam, field notes 2020",58,,"","","Turkic 90%; Standard type Persian 10%","Mehrdad Meshkinfam and Elham Izadi, field notes 2020",34.64605,49.05714,""
"","64f033874349bbe1086abaf8696cb621","10-e0ecaf64b20df05b66cf16e520d6c6cd","1130584","همدان","Hamadān","همدان","Hamadān","شرا","Sharā",,,"شوردشت","Shur Dasht","دولت آباد","Dowlat Ābād","Dowlatābād","Elham Izadi and Mehrdad Meshkinfam, field notes 2020",63,,"","","Turkic 90%; Standard type Persian 10%","Mehrdad Meshkinfam and Elham Izadi, field notes 2020",34.66054,49.08194,""
"","64f033874349bbe1086abaf8696cabda","10-211a557379a9154a0916e5b7ac42711b","1130585","همدان","Hamadān","همدان","Hamadān","شرا","Sharā","قهاوند","Qahāvand",,,,,"Qāvan","Elham Izadi and Mehrdad Meshkinfam, field notes 2020",3115,,"","","Turkic 90%; Standard type Persian 10%","Mehrdad Meshkinfam and Elham Izadi, field notes 2020",34.85927827,49.00365739,""
"","64f033874349bbe1086abaf8696c9c93","6-a5185a5f62168fd5bd1edeb3be076b0f","1130587","همدان","Hamadān","همدان","Hamadān","مرکزی","Markazi",,,"ابرو","Eberu",,,"","",6819,,"","","",,34.708889,48.571667,""
"","64f033874349bbe1086abaf8696d2d77","10-dbf8e4bb22b4e0a26faaef5b18dd68a8","1130588","همدان","Hamadān","همدان","Hamadān","مرکزی","Markazi",,,"ابرو","Eberu","چشین","Cheshin","Kishin","Elham Izadi and Mehrdad Meshkinfam, field notes 2020",1662,,"","","Central Kurdish 40%; Standard type Persian 30%; Laki 30%","Mehrdad Meshkinfam and Elham Izadi, field notes 2020",34.74576,48.5544,""
"","64f033874349bbe1086abaf8696d2b5c","10-ecf20c6002c33c9733d74d21a6c0e62c","1130589","همدان","Hamadān","همدان","Hamadān","مرکزی","Markazi",,,"ابرو","Eberu","چشمه ملک","Cheshmeh Malek","Cheshme Malek","Elham Izadi and Mehrdad Meshkinfam, field notes 2020",268,,"","","Central Kurdish 55%; Laki 35%; Standard type Persian 10%","Mehrdad Meshkinfam and Elham Izadi, field notes 2020",34.75504133,48.49213833,""
"","64f033874349bbe1086abaf8696d26af","10-a18fdb1951d92e46b49b2dd50b913dc9","1130590","همدان","Hamadān","همدان","Hamadān","مرکزی","Markazi",,,"ابرو","Eberu","خاکو","Khāku","Khāku","Elham Izadi and Mehrdad Meshkinfam, field notes 2020",415,,"","","Northern Lori 85%; Turkic 10%; Standard type Persian 5%","Mehrdad Meshkinfam and Elham Izadi, field notes 2020",34.72728,48.53614,""
"","64f033874349bbe1086abaf8696d1de1","10-bbf096ec570252df8fd211479db11bb4","1130591","همدان","Hamadān","همدان","Hamadān","مرکزی","Markazi",,,"ابرو","Eberu","سیلوار","Silvār","Silvār","Elham Izadi and Mehrdad Meshkinfam, field notes 2020",367,,"","","Northern Lori 85%; Turkic 10%; Standard type Persian 5%","Mehrdad Meshkinfam and Elham Izadi, field notes 2020",34.74544933,48.50643433,""
"","64f033874349bbe1086abaf8696d1036","10-eecece0099afc8c0fe6d14d082686de7","1130592","همدان","Hamadān","همدان","Hamadān","مرکزی","Markazi",,,"ابرو","Eberu","ابرو","Eberu","Eberu","Elham Izadi and Mehrdad Meshkinfam, field notes 2020",3783,,"","","Turkic 55%; Northern Lori 40%; Standard type Persian 5%","Mehrdad Meshkinfam and Elham Izadi, field notes 2020",34.71061,48.56988,""
"","64f033874349bbe1086abaf8696d07cd","10-3010946db36dc1a7ce5b184c83085a58","1130593","همدان","Hamadān","همدان","Hamadān","مرکزی","Markazi",,,"ابرو","Eberu","سیمین ابرو","Simin-e Eberu","Simin","Elham Izadi and Mehrdad Meshkinfam, field notes 2020",324,,"","","Northern Lori 95%; Standard type Persian 5%","Mehrdad Meshkinfam and Elham Izadi, field notes 2020",34.68281933,48.58629433,""
"","64f033874349bbe1086abaf8696cfc41","10-409e091ad4fd72ce19fb04a9f8f3b7c9","1130595","همدان","Hamadān","همدان","Hamadān","مرکزی","Markazi",,,"الوندکوه شرقی","Alvand Kuh-e Sharqi","تفریجان","Tafrijān","Tarfijān","Elham Izadi and Mehrdad Meshkinfam, field notes 2020",2149,,"","","Turkic 90%; Standard type Persian 10%","Mehrdad Meshkinfam and Elham Izadi, field notes 2020",34.76429,48.58443,""
"","64f033874349bbe1086abaf8696cf925","10-2211b5df816cb2446d04941df2c9666d","1130596","همدان","Hamadān","همدان","Hamadān","مرکزی","Markazi",,,"الوندکوه شرقی","Alvand Kuh-e Sharqi","سداکباتان","Sadd-e Ekbātān","Sadd Egbātān","Elham Izadi and Mehrdad Meshkinfam, field notes 2020",,"(3 or fewer households; population not specified in 2011 Census for reasons of privacy)","","","mixed 100%","Mehrdad Meshkinfam and Elham Izadi, field notes 2020",34.753957,48.600947,""
"","64f033874349bbe1086abaf8696cf6eb","10-b80f3900259f15db49cd0493f568111b","1130597","همدان","Hamadān","همدان","Hamadān","مرکزی","Markazi",,,"الوندکوه شرقی","Alvand Kuh-e Sharqi","شمس آباد","Shams Ābād","Shamsābād","Elham Izadi and Mehrdad Meshkinfam, field notes 2020",100,,"","","Turkic 90%; Standard type Persian 10%","Mehrdad Meshkinfam and Elham Izadi, field notes 2020",34.69945633,48.61761433,""
"","64f033874349bbe1086abaf8696ceaf2","10-f7f39654789ae3271582248afe316a33","1130598","همدان","Hamadān","همدان","Hamadān","مرکزی","Markazi",,,"الوندکوه شرقی","Alvand Kuh-e Sharqi","علی آباد ورکانه","Āli Ābād-e Varkāneh","Āliyābād-e Varkāne","Elham Izadi and Mehrdad Meshkinfam, field notes 2020",127,,"","","Turkic 90%; Standard type Persian 10%","Mehrdad Meshkinfam and Elham Izadi, field notes 2020",34.69130367,48.63195067,""
"","64f033874349bbe1086abaf8696d8d14","10-051a20fbc11c89203df83df71cdf67cb","1130599","همدان","Hamadān","همدان","Hamadān","مرکزی","Markazi",,,"الوندکوه شرقی","Alvand Kuh-e Sharqi","یلفان","Yalfān ","Yālpān, Yalfān","Elham Izadi and Mehrdad Meshkinfam, field notes 2020",281,,"","","Turkic 55%; Hamadan Province Persian 35%; Standard type Persian 10%","Mehrdad Meshkinfam and Elham Izadi, field notes 2020",34.73623133,48.61076933,""
"","64f033874349bbe1086abaf8696d81e1","10-4c7293a36818e24ca3ffece044f244f8","1130600","همدان","Hamadān","همدان","Hamadān","مرکزی","Markazi",,,"الوندکوه شرقی","Alvand Kuh-e Sharqi","ارزان فود","Arzān Fud","Arzān Fud","Elham Izadi and Mehrdad Meshkinfam, field notes 2020",2360,,"","","Turkic 55%; Central Kurdish 35%; Standard type Persian 10%","Mehrdad Meshkinfam and Elham Izadi, field notes 2020",34.65557,48.65587,""
"","64f033874349bbe1086abaf8696d7705","10-57f4b0e5dbbaa2651ba0d8575c34a680","1130601","همدان","Hamadān","همدان","Hamadān","مرکزی","Markazi",,,"الوندکوه شرقی","Alvand Kuh-e Sharqi","تکمه داش","Tokmeh Dāsh","Togme Dāsh","Elham Izadi and Mehrdad Meshkinfam, field notes 2020",49,,"","","Turkic 95%; Standard type Persian 5%","Mehrdad Meshkinfam and Elham Izadi, field notes 2020",34.61876,48.66233,""
"","64f033874349bbe1086abaf8696d6e75","10-061f2cbfa038bb2db1629d3541f70886","1130602","همدان","Hamadān","همدان","Hamadān","مرکزی","Markazi",,,"الوندکوه شرقی","Alvand Kuh-e Sharqi","ورکانه","Varkāneh","Varkāne","Elham Izadi and Mehrdad Meshkinfam, field notes 2020",800,,"","","Turkic 65%; Hamadan Province Persian 20%; Standard type Persian 15%","Mehrdad Meshkinfam and Elham Izadi, field notes 2020",34.67684733,48.61899433,""
"","64f033874349bbe1086abaf8696d5f28","10-c710725f9eaa65d9e5724f8ff6b4c4cc","1130604","همدان","Hamadān","همدان","Hamadān","مرکزی","Markazi",,,"الوندکوه غربی","Alvand Kuh-e Gharbi","برفجین، وفرجین","Barfejin, Vafrejin","Vafrezhin, Vafrejin, Barfin","Elham Izadi and Mehrdad Meshkinfam, field notes 2020",1622,,"","","Hamadan Province Persian 80%; Standard type Persian 10%; Turkic 10%","Mehrdad Meshkinfam and Elham Izadi, field notes 2020",34.810278,48.383603,""
"","64f033874349bbe1086abaf8696d5260","10-ff923b89a7abe88a2c8cdeda1120b474","1130605","همدان","Hamadān","همدان","Hamadān","مرکزی","Markazi",,,"الوندکوه غربی","Alvand Kuh-e Gharbi","موییجین","Muijin","Muwin","Elham Izadi and Mehrdad Meshkinfam, field notes 2020",1802,,"","","Turkic 90%; Standard type Persian 10%","Mehrdad Meshkinfam and Elham Izadi, field notes 2020",34.819737,48.398669,""
"","64f033874349bbe1086abaf8696d4641","10-13cec7ad29129c01ec8b2bc523f6f5c5","1130606","همدان","Hamadān","همدان","Hamadān","مرکزی","Markazi",,,"الوندکوه غربی","Alvand Kuh-e Gharbi","توییجین","Tuijin","Tuwin","Elham Izadi and Mehrdad Meshkinfam, field notes 2020",1617,,"","","Turkic 90%; Standard type Persian 10%","Mehrdad Meshkinfam and Elham Izadi, field notes 2020",34.823929,48.41078,""
"","64f033874349bbe1086abaf8696d42d4","10-59aafc2dd8324943a618505d74a5f5f5","1130607","همدان","Hamadān","همدان","Hamadān","مرکزی","Markazi",,,"الوندکوه غربی","Alvand Kuh-e Gharbi","سولان","Sulān","Sulān","Elham Izadi and Mehrdad Meshkinfam, field notes 2020",3281,,"","","Turkic 90%; Standard type Persian 10%","Mehrdad Meshkinfam and Elham Izadi, field notes 2020",34.825635,48.429963,""
"","64f033874349bbe1086abaf8696d3b87","10-2502874c507aa74c526bf5ab5761da12","1130608","همدان","Hamadān","همدان","Hamadān","مرکزی","Markazi",,,"الوندکوه غربی","Alvand Kuh-e Gharbi","چشمه قصابان","Cheshmeh Qassābān","Cheshme Qasābān","Elham Izadi and Mehrdad Meshkinfam, field notes 2020",635,,"","","Hamadan Province Persian 80%; Standard type Persian 10%; Turkic 10%","Mehrdad Meshkinfam and Elham Izadi, field notes 2020",34.85952,48.41837,""
"","64f033874349bbe1086abaf8696d32ab","10-59c2f8746e563480d2cfd0c4d4cf8e2d","1130609","همدان","Hamadān","همدان","Hamadān","مرکزی","Markazi",,,"الوندکوه غربی","Alvand Kuh-e Gharbi","یکن آباد","Yekn Ābad ","Yeynābād","Elham Izadi and Mehrdad Meshkinfam, field notes 2020",3267,,"","","Turkic 90%; Standard type Persian 10%","Mehrdad Meshkinfam and Elham Izadi, field notes 2020",34.87245567,48.45442267,""
"","64f033874349bbe1086abaf8696dd171","10-9687d97db8c28e54bde0dd2eb806a1fd","1130612","همدان","Hamadān","همدان","Hamadān","مرکزی","Markazi",,,"الوندکوه غربی","Alvand Kuh-e Gharbi","حیدره بالای شهر","Heydareh-ye Bālā-ye Shahr","Heydare-y Bālā-y Shahr","Elham Izadi and Mehrdad Meshkinfam, field notes 2020",1145,,"","","Hamadan Province Persian 70%; Turkic 20%; Standard type Persian 10%","Mehrdad Meshkinfam and Elham Izadi, field notes 2020",34.80466111,48.45873889,""
"","64f033874349bbe1086abaf8696dcfaa","12-61214a51e2adca444e388702dd2b4ac8","1130613","همدان","Hamadān","همدان","Hamadān","مرکزی","Markazi",,,"الوندکوه غربی","Alvand Kuh-e Gharbi","مهدی آباد","Mehdi Ābād","Mehdiyābād","Elham Izadi and Mehrdad Meshkinfam, field notes 2020",1908,"","","","Turkic 90%; Standard type Persian 10%","Mehrdad Meshkinfam and Elham Izadi, field notes 2020",34.86035612,48.44761493,""
"","64f033874349bbe1086abaf8696dc074","10-e3a67fc3cf44268e8f8fd834f79081bc","1130614","همدان","Hamadān","همدان","Hamadān","مرکزی","Markazi",,,"الوندکوه غربی","Alvand Kuh-e Gharbi","انصارالامام","Ansār-ol-Emām","Ansārolemām","Elham Izadi and Mehrdad Meshkinfam, field notes 2020",2799,,"","","Hamadan Province Persian 70%; Turkic 20%; Standard type Persian 10%","Mehrdad Meshkinfam and Elham Izadi, field notes 2020",34.85688,48.48922,""
"","64f033874349bbe1086abaf8696dbf72","6-80beb0b72a22951431492dcf333078e4","1130615","همدان","Hamadān","همدان","Hamadān","مرکزی","Markazi",,,"سنگستان","Sangestān",,,"","",13038,,"","","",,34.78572921,48.59544758,""
"","64f033874349bbe1086abaf8696dbd97","14-4d65883bf65c6304ca229bdabaf3016c","1130616","همدان","Hamadān","همدان","Hamadān","مرکزی","Markazi",,,"سنگستان","Sangestān","شورین","Sheverin","Sheverin","Elham Izadi and Mehrdad Meshkinfam, field notes 2020",4445,,"","","Turkic 70%; Standard type Persian 30%","Mehrdad Meshkinfam and Elham Izadi, field notes 2020",34.80586167,48.56683967,""
"","64f033874349bbe1086abaf8696dbbac","10-dff84153c03ce6d9935185477c73744b","1130617","همدان","Hamadān","همدان","Hamadān","مرکزی","Markazi",,,"سنگستان","Sangestān","کنجینه","Konjineh","Konjine","Elham Izadi and Mehrdad Meshkinfam, field notes 2020",750,,"","","Turkic 65%; Hamadan Province Persian 20%; Standard type Persian 15%","Mehrdad Meshkinfam and Elham Izadi, field notes 2020",34.791583,48.62953,""
"","64f033874349bbe1086abaf8696db049","10-cc50fc67c8d7be6692a5438103f0eec1","1130618","همدان","Hamadān","همدان","Hamadān","مرکزی","Markazi",,,"سنگستان","Sangestān","پهن آباد","Pahn Ābād","Pahnābād","Elham Izadi and Mehrdad Meshkinfam, field notes 2020",123,,"","","Turkic 65%; Hamadan Province Persian 20%; Standard type Persian 15%","Mehrdad Meshkinfam and Elham Izadi, field notes 2020",34.84095,48.61556,""
"","64f033874349bbe1086abaf8696da134","12-c13a88205680acd887384b22d92cf9ed","1130619","همدان","Hamadān","همدان","Hamadān","مرکزی","Markazi",,,"سنگستان","Sangestān","آبشینه","Ābshineh","Ābshine","Elham Izadi and Mehrdad Meshkinfam, field notes 2020",1425,,"","","Turkic 70%; Standard type Persian 30%","Mehrdad Meshkinfam and Elham Izadi, field notes 2020",34.78196,48.61484,""
"","64f033874349bbe1086abaf8696d9e56","16-ead1e690c2ed9a595978ce911e53c930","1130620","همدان","Hamadān","همدان","Hamadān","مرکزی","Markazi",,,"سنگستان","Sangestān","سنگستان","Sangestān","Sangesān","Elham Izadi and Mehrdad Meshkinfam, field notes 2020",1193,,"","","Hamadan Province Persian 45%; Turkic 40%; Standard type Persian 15%","Mehrdad Meshkinfam and Elham Izadi, field notes 2020",34.78763,48.59443,""
"","64f033874349bbe1086abaf8696d9686","14-12319ec3b38ebd35580901a7c84ecfeb","1130621","همدان","Hamadān","همدان","Hamadān","مرکزی","Markazi",,,"سنگستان","Sangestān","یگانه","Yegāneh","Yekāne","Elham Izadi and Mehrdad Meshkinfam, field notes 2020",342,,"","","Turkic 85%; Standard type Persian 15%","Mehrdad Meshkinfam and Elham Izadi, field notes 2020",34.80712867,48.63799467,""
"","64f033874349bbe1086abaf8696e2b55","10-a5ea53e9b19965019b055aa39f48c24b","1130623","همدان","Hamadān","همدان","Hamadān","مرکزی","Markazi",,,"سنگستان","Sangestān","باغچه","Baghcheh","Baghshe","Elham Izadi and Mehrdad Meshkinfam, field notes 2020",278,,"","","Turkic 95%; Standard type Persian 5%","Mehrdad Meshkinfam and Elham Izadi, field notes 2020",34.89312,48.69789,""
"","64f033874349bbe1086abaf8696e2014","14-609254e58d118987813937951fbb48dc","1130624","همدان","Hamadān","همدان","Hamadān","مرکزی","Markazi",,,"سنگستان","Sangestān","سرخ آباد","Sorkh Ābād","Sorkhābād","Elham Izadi and Mehrdad Meshkinfam, field notes 2020",1376,,"","","Turkic 70%; Standard type Persian 30%","Mehrdad Meshkinfam and Elham Izadi, field notes 2020",34.82758,48.63313,""
"","64f033874349bbe1086abaf8696e17fa","12-d1aaa7ac8d042d0f3629259adeed9f44","1130625","همدان","Hamadān","همدان","Hamadān","مرکزی","Markazi",,,"سنگستان","Sangestān","سبز آباد","Sabz Ābād","Sabzābād","Elham Izadi and Mehrdad Meshkinfam, field notes 2020",81,,"","","Standard type Persian 85%; Hamadan Province Persian 20%","Mehrdad Meshkinfam and Elham Izadi, field notes 2020",34.91954,48.76346,""
"","64f033874349bbe1086abaf8696e0fe6","12-56154eeb51b704c9876e5df1e45861bc","1130626","همدان","Hamadān","همدان","Hamadān","مرکزی","Markazi",,,"سنگستان","Sangestān","آقداش","Āq Dāsh","Āgh Dāsh","Elham Izadi and Mehrdad Meshkinfam, field notes 2020",90,,"","","Turkic 85%; Standard type Persian 15%","Mehrdad Meshkinfam and Elham Izadi, field notes 2020",35.647806,48.141052,""
"","64f033874349bbe1086abaf8696e0b74","10-e699976f3dc3bfd9a9a9f9e7a450ea97","1130627","همدان","Hamadān","همدان","Hamadān","مرکزی","Markazi",,,"سنگستان","Sangestān","مرتع بلاغ","Marta' Bolāgh","Martah Bolāgh","Elham Izadi and Mehrdad Meshkinfam, field notes 2020",58,,"","","Turkic 95%; Standard type Persian 5%","Mehrdad Meshkinfam and Elham Izadi, field notes 2020",34.95982429,48.77350864,""
"","64f033874349bbe1086abaf8696dfe71","10-d9634900ab3faee5468af889fd657cc3","1130628","همدان","Hamadān","همدان","Hamadān","مرکزی","Markazi",,,"سنگستان","Sangestān","ضیاالدین","Ziā-ed-Din","Ziyādin","Elham Izadi and Mehrdad Meshkinfam, field notes 2020",,"(3 or fewer households; population not specified in 2011 Census for reasons of privacy)","","","Turkic 65%; Hamadan Province Persian 20%; Standard type Persian 15%","Mehrdad Meshkinfam and Elham Izadi, field notes 2020",34.76857407,48.63758969,""
"","64f033874349bbe1086abaf8696def2d","10-853f81a8b0cb75233958396db84a23f2","1130629","همدان","Hamadān","همدان","Hamadān","مرکزی","Markazi",,,"سنگستان","Sangestān","ایوک","Ivak","Ivak","Elham Izadi and Mehrdad Meshkinfam, field notes 2020",358,,"","","Turkic 65%; Hamadan Province Persian 20%; Standard type Persian 15%","Mehrdad Meshkinfam and Elham Izadi, field notes 2020",34.7611,48.67589,""
"","64f033874349bbe1086abaf8696de33a","10-5362b258dd2cf21f455254b367f99207","1130630","همدان","Hamadān","همدان","Hamadān","مرکزی","Markazi",,,"سنگستان","Sangestān","ده دلیان","Deh Deliān","Dey Deliyān","Elham Izadi and Mehrdad Meshkinfam, field notes 2020",308,,"","","Turkic 95%; Standard type Persian 5%","Mehrdad Meshkinfam and Elham Izadi, field notes 2020",34.80639,48.71143,""
"","64f033874349bbe1086abaf8696ddb08","10-2b6759bd721b4ed8d71fb933195d7e6d","1130631","همدان","Hamadān","همدان","Hamadān","مرکزی","Markazi",,,"سنگستان","Sangestān","دینگله کهریز","Dingeleh Kahriz","Dingile Kahriz","Elham Izadi and Mehrdad Meshkinfam, field notes 2020",421,,"","","Turkic 95%; Standard type Persian 5%","Mehrdad Meshkinfam and Elham Izadi, field notes 2020",34.81005,48.68523,""
"","64f033874349bbe1086abaf8696dd36e","10-0b62f80058322db4b9f2957ba6e8894a","1130632","همدان","Hamadān","همدان","Hamadān","مرکزی","Markazi",,,"سنگستان","Sangestān","شیر آباد","Shir Ābād","Shirābād","Elham Izadi and Mehrdad Meshkinfam, field notes 2020",784,,"","","Turkic 95%; Standard type Persian 5%","Mehrdad Meshkinfam and Elham Izadi, field notes 2020",34.84196589,48.73709231,""
"","64f033874349bbe1086abaf8696e8437","10-eefad4f0765aa79d6ccc1d1fafa1f0cf","1130633","همدان","Hamadān","همدان","Hamadān","مرکزی","Markazi",,,"سنگستان","Sangestān","گورگز","Gurgaz","Gürgaz","Elham Izadi and Mehrdad Meshkinfam, field notes 2020",184,,"","","Turkic 95%; Standard type Persian 5%","Mehrdad Meshkinfam and Elham Izadi, field notes 2020",34.93395767,48.79029167,""
"","64f033874349bbe1086abaf8696e7573","10-441a48d169dc89881262cb2868398c88","1130634","همدان","Hamadān","همدان","Hamadān","مرکزی","Markazi",,,"سنگستان","Sangestān","مهبار","Mahbār","Mahbār","Elham Izadi and Mehrdad Meshkinfam, field notes 2020",358,,"","","Turkic 95%; Standard type Persian 5%","Mehrdad Meshkinfam and Elham Izadi, field notes 2020",34.87566,48.807358,""
"","64f033874349bbe1086abaf8696e6acf","10-0ebbc534a5f4fbab819fb7c21d25533a","1130635","همدان","Hamadān","همدان","Hamadān","مرکزی","Markazi",,,"سنگستان","Sangestān","پل شکسته","Pol Shekasteh","Pol Shekaste","Elham Izadi and Mehrdad Meshkinfam, field notes 2020",12,,"","","Turkic 95%; Standard type Persian 5%","Mehrdad Meshkinfam and Elham Izadi, field notes 2020",34.79442,48.71937,""
"","64f033874349bbe1086abaf8696e5d00","10-42c6ec489d71079718258812976ad179","1130636","همدان","Hamadān","همدان","Hamadān","مرکزی","Markazi",,,"سنگستان","Sangestān","عربلو","Arablu","Arablu","Elham Izadi and Mehrdad Meshkinfam, field notes 2020",441,,"","","Turkic 95%; Standard type Persian 5%","Mehrdad Meshkinfam and Elham Izadi, field notes 2020",34.82492733,48.76294633,""
"","64f033874349bbe1086abaf8696e4d87","6-276178993ff7faaf0e298932af8b4681","1130637","همدان","Hamadān","همدان","Hamadān","مرکزی","Markazi",,,"گنبد","Gonbad",,,"","",3233,,"","","",,34.68566301,48.7442296,""
"","64f033874349bbe1086abaf8696e491a","10-9c4366cb96c05a50d2bf40076468925a","1130638","همدان","Hamadān","همدان","Hamadān","مرکزی","Markazi",,,"گنبد","Gonbad","قلی کندی","Qoli Kandi","Qulu Kandi","Elham Izadi and Mehrdad Meshkinfam, field notes 2020",83,,"","","Turkic 95%; Standard type Persian 5%","Mehrdad Meshkinfam and Elham Izadi, field notes 2020",34.677612,48.715427,""
"","64f033874349bbe1086abaf8696e477e","10-654215ae4580cf435ed7d672756098eb","1130639","همدان","Hamadān","همدان","Hamadān","مرکزی","Markazi",,,"گنبد","Gonbad","آق تپه","Āq Tappeh","Āgh Tappa","Elham Izadi and Mehrdad Meshkinfam, field notes 2020",35,,"","","Turkic 95%; Standard type Persian 5%","Mehrdad Meshkinfam and Elham Izadi, field notes 2020",34.68481,48.83964,""
"","64f033874349bbe1086abaf8696e45ee","10-6d633654ebe3747ca6b22060eea14527","1130640","همدان","Hamadān","همدان","Hamadān","مرکزی","Markazi",,,"گنبد","Gonbad","نشر","Neshar","Neshar","Elham Izadi and Mehrdad Meshkinfam, field notes 2020",226,,"","","Turkic 95%; Standard type Persian 5%","Mehrdad Meshkinfam and Elham Izadi, field notes 2020",34.67717367,48.86651567,""
"","64f033874349bbe1086abaf8696e40b3","10-9d77cf25b052b7b56a6ded02b71bbe7a","1130641","همدان","Hamadān","همدان","Hamadān","مرکزی","Markazi",,,"گنبد","Gonbad","آب هندو","Āb Hendu","Āb Hendu","Elham Izadi and Mehrdad Meshkinfam, field notes 2020",161,,"","","Turkic 95%; Standard type Persian 5%","Mehrdad Meshkinfam and Elham Izadi, field notes 2020",34.72756,48.82701,""
"","64f033874349bbe1086abaf8696e3709","10-06e779224f32da11b69cda6402dc2c2d","1130642","همدان","Hamadān","همدان","Hamadān","مرکزی","Markazi",,,"گنبد","Gonbad","بارابند","Bārāband","Bārband","Elham Izadi and Mehrdad Meshkinfam, field notes 2020",171,,"","","Turkic 95%; Standard type Persian 5%","Mehrdad Meshkinfam and Elham Izadi, field notes 2020",34.75325,48.79719,""
"","64f033874349bbe1086abaf8696ec449","10-b237142002c6184d397663a508812b20","1130643","همدان","Hamadān","همدان","Hamadān","مرکزی","Markazi",,,"گنبد","Gonbad","سردره","Sar Darreh","Sar Dere","Elham Izadi and Mehrdad Meshkinfam, field notes 2020",,"(3 or fewer households; population not specified in 2011 Census for reasons of privacy)","","","Turkic 95%; Standard type Persian 5%","Mehrdad Meshkinfam and Elham Izadi, field notes 2020",34.71194,48.67667,""
"","64f033874349bbe1086abaf8696eb6dd","10-955872ed720fd993e89728270a7166c7","1130644","همدان","Hamadān","همدان","Hamadān","مرکزی","Markazi",,,"گنبد","Gonbad","گل کهریز","Gol Kahriz","Gül Kahriz","Elham Izadi and Mehrdad Meshkinfam, field notes 2020",306,,"","","Turkic 95%; Standard type Persian 5%","Mehrdad Meshkinfam and Elham Izadi, field notes 2020",34.71649559,48.77239827,""
"","64f033874349bbe1086abaf8696eb1a6","10-51bdc0ab6efcbe482c3368194922edcf","1130645","همدان","Hamadān","همدان","Hamadān","مرکزی","Markazi",,,"گنبد","Gonbad","گنبد","Gonbad","Kummat","Elham Izadi and Mehrdad Meshkinfam, field notes 2020",1716,,"","","Turkic 95%; Standard type Persian 5%","Mehrdad Meshkinfam and Elham Izadi, field notes 2020",34.68261433,48.74543033,""
"","64f033874349bbe1086abaf8696eaffb","10-e33d28d07b0f3c603588a1348f76d485","1130646","همدان","Hamadān","همدان","Hamadān","مرکزی","Markazi",,,"گنبد","Gonbad","معروف","Ma'ruf","Mahruf","Elham Izadi and Mehrdad Meshkinfam, field notes 2020",,"(3 or fewer households; population not specified in 2011 Census for reasons of privacy)","","","Turkic 95%; Standard type Persian 5%","Mehrdad Meshkinfam and Elham Izadi, field notes 2020",34.73303241,48.6998283,""
"","64f033874349bbe1086abaf8696eabd3","10-247bd6fc1638d59df5b8808789d51c5a","1130647","همدان","Hamadān","همدان","Hamadān","مرکزی","Markazi",,,"گنبد","Gonbad","حیران","Heyrān","Heyrān","Elham Izadi and Mehrdad Meshkinfam, field notes 2020",524,,"","","Turkic 95%; Standard type Persian 5%","Mehrdad Meshkinfam and Elham Izadi, field notes 2020",34.80639,48.85168,""
"","64f033874349bbe1086abaf8696ea180","10-0d6d860234e9c2123b9c5d073ba202b6","1130649","همدان","Hamadān","همدان","Hamadān","مرکزی","Markazi",,,"هگمتانه","Hegmatāneh","بهرام آباد","Bahrām Ābād","Bahrāmābād","Elham Izadi and Mehrdad Meshkinfam, field notes 2020",226,,"","","Turkic 90%; Standard type Persian 10%","Mehrdad Meshkinfam and Elham Izadi, field notes 2020",34.91556,48.51135,""
"","64f033874349bbe1086abaf8696e9fcf","10-995e59340a6b1d65bf6c5500777d3104","1130650","همدان","Hamadān","همدان","Hamadān","مرکزی","Markazi",,,"هگمتانه","Hegmatāneh","ده پیاز","Deh Piāz","Dey Piyāz","Elham Izadi and Mehrdad Meshkinfam, field notes 2020",4614,,"","","Turkic 90%; Standard type Persian 10%","Mehrdad Meshkinfam and Elham Izadi, field notes 2020",34.87586,48.51517,""
"","64f033874349bbe1086abaf8696e9623","10-60c82b83a90457dda6e8023b9fa04e62","1130651","همدان","Hamadān","همدان","Hamadān","مرکزی","Markazi",,,"هگمتانه","Hegmatāneh","علی آباد آق حصار","Ali Ābād-e Āq Hasār","Āgh Hasār","Elham Izadi and Mehrdad Meshkinfam, field notes 2020",251,,"","","Turkic 95%; Northern Lori 5%","Mehrdad Meshkinfam and Elham Izadi, field notes 2020",34.89592353,48.60718485,""
"","64f033874349bbe1086abaf8696e90d9","10-410618f461338a283a8838648a109317","1130652","همدان","Hamadān","همدان","Hamadān","مرکزی","Markazi",,,"هگمتانه","Hegmatāneh","رباط شورین","Robāt-e Sheverin","Robāt-e Sheverin","Elham Izadi and Mehrdad Meshkinfam, field notes 2020",1190,,"","","Turkic 95%; Standard type Persian 5%","Mehrdad Meshkinfam and Elham Izadi, field notes 2020",34.86159,48.59781,""
"","64f033874349bbe1086abaf8696e8d1c","10-41d500acada5e1490205aed14c088162","1130653","همدان","Hamadān","همدان","Hamadān","مرکزی","Markazi",,,"هگمتانه","Hegmatāneh","نهران","Nahrān","Nahrān","Elham Izadi and Mehrdad Meshkinfam, field notes 2020",280,,"","","Turkic 95%; Northern Lori 5%","Mehrdad Meshkinfam and Elham Izadi, field notes 2020",34.93800133,48.61403033,""
"","64f033874349bbe1086abaf8696f02b0","12-e96cbc3440c0f64fe30592d383c61eb2","1130654","همدان","Hamadān","همدان","Hamadān","مرکزی","Markazi",,,"هگمتانه","Hegmatāneh","علی آباد پشت شهر","Ali Ābād-e Posht-e Shahr","Aliyābād","Elham Izadi and Mehrdad Meshkinfam, field notes 2020",6540,,"","","Hamadan Province Persian 60%; Standard type Persian 40%","Mehrdad Meshkinfam and Elham Izadi, field notes 2020",34.837778,48.511389,""
"","64f033874349bbe1086abaf8696efc23","10-1c32bd818cf31e0b6c01e3ee43c31115","1130655","همدان","Hamadān","همدان","Hamadān","مرکزی","Markazi",,,"هگمتانه","Hegmatāneh","گراچاقا","Gerāchāqā","Gerechāghe, Gerchāghe","Elham Izadi and Mehrdad Meshkinfam, field notes 2020",2354,,"","","Turkic 95%; Standard type Persian 5%","Mehrdad Meshkinfam and Elham Izadi, field notes 2020",34.85459403,48.51938015,""
"","64f033874349bbe1086abaf8696eecbd","10-27c524a3f1708faa1198893fe8e1c674","1130656","همدان","Hamadān","همدان","Hamadān","مرکزی","Markazi",,,"هگمتانه","Hegmatāneh","امزاجرد","Amzājerd","Mezāgerd","Elham Izadi and Mehrdad Meshkinfam, field notes 2020",6564,,"","","Turkic 95%; Standard type Persian 5%","Mehrdad Meshkinfam and Elham Izadi, field notes 2020",34.9374,48.53554,""
"","64f033874349bbe1086abaf8696eebcf","10-ff2f4e5f5bd5cd284382d53d97767188","1130657","همدان","Hamadān","همدان","Hamadān","مرکزی","Markazi",,,"هگمتانه","Hegmatāneh","شهرک صنعتی بوعلی","Shahrak-e San'ati-ye Bu Ali","Shahrak San'ati Bu Ali","Elham Izadi and Mehrdad Meshkinfam, field notes 2020",60,,"","","mixed 100%","Mehrdad Meshkinfam and Elham Izadi, field notes 2020",34.9329811,48.56488096,""
"","64f033874349bbe1086abaf8696eeacf","10-6873114a88da5619ee8eb1f6b1293d17","1130658","همدان","Hamadān","همدان","Hamadān","مرکزی","Markazi",,,"هگمتانه","Hegmatāneh","حسن آباد شورین","Hasan Ābād-e Sheverin","Hasanābād","Elham Izadi and Mehrdad Meshkinfam, field notes 2020",4428,,"","","Turkic 90%; Standard type Persian 10%","Mehrdad Meshkinfam and Elham Izadi, field notes 2020",34.8425,48.549167,""
"","64f033874349bbe1086abaf8696edd16","10-caf6ebd434f2d45abe0409f578ec23bc","1130659","همدان","Hamadān","همدان","Hamadān","مرکزی","Markazi",,,"هگمتانه","Hegmatāneh","قاسم آباد","Qāsem Ābād","Qāsmābād","Elham Izadi and Mehrdad Meshkinfam, field notes 2020",8382,,"","","Turkic 90%; Standard type Persian 10%","Mehrdad Meshkinfam and Elham Izadi, field notes 2020",34.82917267,48.53250867,""
"","64f033874349bbe1086abaf8696eda83","10-bef620efef709fc2d09ad6b504717681","1130660","همدان","Hamadān","همدان","Hamadān","مرکزی","Markazi","مریانج","Maryānaj",,,,,"Mariyāne","Elham Izadi and Mehrdad Meshkinfam, field notes 2020",10207,,"","","Hamadan Province Persian 75%; Standard type Persian 15%; Turkic 10%","Mehrdad Meshkinfam and Elham Izadi, field notes 2020",34.83067713,48.46095067,""
"","64f033874349bbe1086abaf8696ed12a","10-8fc0fdd836f16172dc002779fa9b4a4a","1130661","همدان","Hamadān","همدان","Hamadān","مرکزی","Markazi","جورقان","Jowraqān",,,,,"Gurevān, Jowreghān","Elham Izadi and Mehrdad Meshkinfam, field notes 2020",9262,,"","","Turkic 90%; Standard type Persian 10%","Mehrdad Meshkinfam and Elham Izadi, field notes 2020",34.8851831,48.54609485,""
"","64f033874349bbe1086abaf8696ecf37","18-fdcf1ad9ca156699977c7f833ccd9b66","1130662","همدان","Hamadān","همدان","Hamadān","مرکزی","Markazi","همدان","Hamadān",,,,,"Hemedān (Persian), Hamadān (Turkic)","Elham Izadi and Mehrdad Meshkinfam, field notes 2020",525794,,"","","Hemedāni 50%; Standard type Persian 25%; Turkic 20%; mixed 5%; Judeo-Hamadāni 0.001%","Mehrdad Meshkinfam and Elham Izadi, field notes 2020",34.79833013181626,48.5148576454325,""
"","64f033874349bbe1086abaf8696ecb1d","10-338dfc6a1676f5d828476d475cd8d577","1130666","همدان","Hamadān","کبودراهنگ","Kabudrāhang","گل تپه","Gol Tappeh",,,"علی صدر","Ali Sadr","گزل ابدال","Gozal Abdāl","Güzal Abdāl","Elham Izadi and Mehrdad Meshkinfam, field notes 2020",651,,"","","Turkic 90%; Standard type Persian 10%","Mehrdad Meshkinfam and Elham Izadi, field notes 2020",35.32318,48.23762,""
"","64f033874349bbe1086abaf8696f6702","10-7a027f27867f1d376da1625665055d9b","1130667","همدان","Hamadān","کبودراهنگ","Kabudrāhang","گل تپه","Gol Tappeh",,,"علی صدر","Ali Sadr","حسن تیمور","Hasan Teymur","Hasan Tamer, Hasan Teymur","Elham Izadi and Mehrdad Meshkinfam, field notes 2020",158,,"","","Turkic 90%; Standard type Persian 10%","Mehrdad Meshkinfam and Elham Izadi, field notes 2020",35.37599,48.36386,""
"","64f033874349bbe1086abaf8696f590f","10-b9305fb081cbcde6e2bc29c7aa26f187","1130668","همدان","Hamadān","کبودراهنگ","Kabudrāhang","گل تپه","Gol Tappeh",,,"علی صدر","Ali Sadr","خبر آرخی","Khabar Ārkhi","Khabar Arkhe, Khorārkhi","Elham Izadi and Mehrdad Meshkinfam, field notes 2020",882,,"","","Turkic 90%; Standard type Persian 10%","Mehrdad Meshkinfam and Elham Izadi, field notes 2020",35.36234,48.27508,""
"","64f033874349bbe1086abaf8696f58b3","10-18021c3ed9a9b54e03582099adaea624","1130669","همدان","Hamadān","کبودراهنگ","Kabudrāhang","گل تپه","Gol Tappeh",,,"علی صدر","Ali Sadr","علی صدر","Ali Sadr","Alisad","Elham Izadi and Mehrdad Meshkinfam, field notes 2020",1279,,"","","Turkic 90%; Standard type Persian 10%","Mehrdad Meshkinfam and Elham Izadi, field notes 2020",35.30755,48.30158889,""
"","64f033874349bbe1086abaf8696f4baf","10-720a2e2820167080dbc15cc31959d802","1130670","همدان","Hamadān","کبودراهنگ","Kabudrāhang","گل تپه","Gol Tappeh",,,"علی صدر","Ali Sadr","قلش باغی، قلیج باغی","Qelsh Bāghi, Qelich Bāghi","Qilish Bāqi","Elham Izadi and Mehrdad Meshkinfam, field notes 2020",538,,"","","Turkic 90%; Standard type Persian 10%","Mehrdad Meshkinfam and Elham Izadi, field notes 2020",35.31216,48.26817,""
"","64f033874349bbe1086abaf8696f4232","10-ffe94f52be4a10b576f9509420d7093e","1130671","همدان","Hamadān","کبودراهنگ","Kabudrāhang","گل تپه","Gol Tappeh",,,"علی صدر","Ali Sadr","آقچه قیه","Āqcheh Qayyeh","Āgh Jighiya, Ākhche Qayya","Elham Izadi and Mehrdad Meshkinfam, field notes 2020",353,,"","","Turkic 90%; Standard type Persian 10%","Mehrdad Meshkinfam and Elham Izadi, field notes 2020",35.3499,48.34102,""
"","64f033874349bbe1086abaf8696f3399","10-08c0dd3f6a5e3c6b0cb5abede373b067","1130672","همدان","Hamadān","کبودراهنگ","Kabudrāhang","گل تپه","Gol Tappeh",,,"علی صدر","Ali Sadr","عظیم دره","Azim Darreh","Azim Dara","Elham Izadi and Mehrdad Meshkinfam, field notes 2020",84,,"","","Turkic 90%; Standard type Persian 10%","Mehrdad Meshkinfam and Elham Izadi, field notes 2020",35.3417,48.413,""
"","64f033874349bbe1086abaf8696f2e66","10-804ac8dc2b0d3872c255a952ad508ba2","1130673","همدان","Hamadān","کبودراهنگ","Kabudrāhang","گل تپه","Gol Tappeh",,,"علی صدر","Ali Sadr","حسن آباد","Hasan Ābād","Hasanābād","Elham Izadi and Mehrdad Meshkinfam, field notes 2020",156,,"","","Turkic 90%; Standard type Persian 10%","Mehrdad Meshkinfam and Elham Izadi, field notes 2020",35.29423,48.34165,""
"","64f033874349bbe1086abaf8696f1fd9","10-32f921ad84efd8fd327682227438330f","1130674","همدان","Hamadān","کبودراهنگ","Kabudrāhang","گل تپه","Gol Tappeh",,,"علی صدر","Ali Sadr","خواجه کندی","Khājeh Kandi","Khoja Kande","Elham Izadi and Mehrdad Meshkinfam, field notes 2020",216,,"","","Turkic 90%; Standard type Persian 10%","Mehrdad Meshkinfam and Elham Izadi, field notes 2020",35.36283,48.38544,""
"","64f033874349bbe1086abaf8696f1f1b","10-d51caf34e6d077cf1bb8b967b6b2e113","1130675","همدان","Hamadān","کبودراهنگ","Kabudrāhang","گل تپه","Gol Tappeh",,,"علی صدر","Ali Sadr","طراقیه","Tarāqieh","Taraqeye, Tarqaya","Elham Izadi and Mehrdad Meshkinfam, field notes 2020",589,,"","","Turkic 90%; Standard type Persian 10%","Mehrdad Meshkinfam and Elham Izadi, field notes 2020",35.31812,48.37055,""
"","64f033874349bbe1086abaf8696f10c2","10-f5bf680ed9a1cf0e5e08c8ce6e1bf06b","1130676","همدان","Hamadān","کبودراهنگ","Kabudrāhang","گل تپه","Gol Tappeh",,,"علی صدر","Ali Sadr","کلب حصاری","Kolb Hesāri","Kalb Asāri, Kulbe Hesāri","Elham Izadi and Mehrdad Meshkinfam, field notes 2020",158,,"","","Turkic 90%; Standard type Persian 10%","Mehrdad Meshkinfam and Elham Izadi, field notes 2020",35.36594,48.39648,""
"","64f033874349bbe1086abaf8696fbedd","10-c617dbbe17a1b1596fc27776ad88ac3d","1130677","همدان","Hamadān","کبودراهنگ","Kabudrāhang","گل تپه","Gol Tappeh",,,"علی صدر","Ali Sadr","جین طراقیه","Jin Tarāqieh","Chin Taraqeye, Jin Tarqaya","Elham Izadi and Mehrdad Meshkinfam, field notes 2020",318,,"","","Turkic 90%; Standard type Persian 10%","Mehrdad Meshkinfam and Elham Izadi, field notes 2020",35.34605,48.43114,""
"","64f033874349bbe1086abaf8696fb8a1","10-883ec3a7f2b2779009e2d03f7772fbf8","1130678","همدان","Hamadān","کبودراهنگ","Kabudrāhang","گل تپه","Gol Tappeh",,,"علی صدر","Ali Sadr","چاله کند","Chāleh Kand","Chāla Kand","Elham Izadi and Mehrdad Meshkinfam, field notes 2020",362,,"","","Turkic 90%; Standard type Persian 10%","Mehrdad Meshkinfam and Elham Izadi, field notes 2020",35.27588,48.29916,""
"","64f033874349bbe1086abaf8696fb0da","10-54b2a7f460467bc51b746370daf5694c","1130679","همدان","Hamadān","کبودراهنگ","Kabudrāhang","گل تپه","Gol Tappeh",,,"علی صدر","Ali Sadr","سراب","Sarāb","Sarāb","Elham Izadi and Mehrdad Meshkinfam, field notes 2020",808,,"","","Turkic 90%; Standard type Persian 10%","Mehrdad Meshkinfam and Elham Izadi, field notes 2020",35.25509,48.25583,""
"","64f033874349bbe1086abaf8696fa17c","10-45fc6e439e52e36e6394decb69216714","1130680","همدان","Hamadān","کبودراهنگ","Kabudrāhang","گل تپه","Gol Tappeh",,,"علی صدر","Ali Sadr","سولیجه","Sulijeh","Sulujā, Suluj","Elham Izadi and Mehrdad Meshkinfam, field notes 2020",221,,"","","Turkic 90%; Standard type Persian 10%","Mehrdad Meshkinfam and Elham Izadi, field notes 2020",35.26922,48.3344,""
"","64f033874349bbe1086abaf8696f9e6b","10-97e0d4abdc2342655f21fe6c74b7d552","1130682","همدان","Hamadān","کبودراهنگ","Kabudrāhang","گل تپه","Gol Tappeh",,,"گل تپه","Gol Tappeh","آقبلاغ","Āq Bolāq","Āq Bulāq","Elham Izadi and Mehrdad Meshkinfam, field notes 2020",268,,"","","Turkic 90%; Standard type Persian 10%","Mehrdad Meshkinfam and Elham Izadi, field notes 2020",35.3675,48.24162,""
"","64f033874349bbe1086abaf8696f8e91","10-22c26b5339078b5f296da0ef66903c25","1130683","همدان","Hamadān","کبودراهنگ","Kabudrāhang","گل تپه","Gol Tappeh",,,"گل تپه","Gol Tappeh","گمین قلعه","Gamin Qalʼeh","Gami Qala, Gamin Qālā","Elham Izadi and Mehrdad Meshkinfam, field notes 2020",634,,"","","Turkic 80%; Standard type Persian 10%; Southern Kurdish 10%","Mehrdad Meshkinfam and Elham Izadi, field notes 2020",35.37998,48.22693,""
"","64f033874349bbe1086abaf8696f81b3","10-14c2bee9352722952a8300975c6c6ce8","1130684","همدان","Hamadān","کبودراهنگ","Kabudrāhang","گل تپه","Gol Tappeh",,,"گل تپه","Gol Tappeh","آلان سفلی","Ālān-e Soflā","Āshshāq Āllān, Āllān Soflā","Elham Izadi and Mehrdad Meshkinfam, field notes 2020",485,,"","","Turkic 90%; Standard type Persian 10%","Mehrdad Meshkinfam and Elham Izadi, field notes 2020",35.28386,48.21732,""
"","64f033874349bbe1086abaf8696f7f4d","10-eaeb541a0827552114206b16366d1f3b","1130685","همدان","Hamadān","کبودراهنگ","Kabudrāhang","گل تپه","Gol Tappeh",,,"گل تپه","Gol Tappeh","آلان علیا","Ālān-e Oliā","Yukhār Āllān, Āllān Oliyā","Elham Izadi and Mehrdad Meshkinfam, field notes 2020",269,,"","","Turkic 90%; Standard type Persian 10%","Mehrdad Meshkinfam and Elham Izadi, field notes 2020",35.26335,48.19939,""
"","64f033874349bbe1086abaf8696f733a","10-07b418d6ec5c453cf8170a28ed4f600a","1130686","همدان","Hamadān","کبودراهنگ","Kabudrāhang","گل تپه","Gol Tappeh",,,"گل تپه","Gol Tappeh","سلیم سرایی","Selim Serāi","Salim Sirāye, Selim Serāy","Elham Izadi and Mehrdad Meshkinfam, field notes 2020",60,,"","","Turkic 90%; Standard type Persian 10%","Mehrdad Meshkinfam and Elham Izadi, field notes 2020",35.2983,48.17426,""
"","64f033874349bbe1086abaf8696f6cf3","10-2470371a0a160e35f63c1412123cc067","1130687","همدان","Hamadān","کبودراهنگ","Kabudrāhang","گل تپه","Gol Tappeh",,,"گل تپه","Gol Tappeh","کسلانقیه","Kaslān Qayyeh","Kaslānqāya, Kaslānqayye","Elham Izadi and Mehrdad Meshkinfam, field notes 2020",376,,"","","Turkic 90%; Standard type Persian 10%","Mehrdad Meshkinfam and Elham Izadi, field notes 2020",35.19301,48.1864,""
"","64f033874349bbe1086abaf8697015c4","10-e5a417292f0c7163cb05ab80b14411fc","1130688","همدان","Hamadān","کبودراهنگ","Kabudrāhang","گل تپه","Gol Tappeh",,,"گل تپه","Gol Tappeh","کیتو","Keytu","Keyte, Keytu","Elham Izadi and Mehrdad Meshkinfam, field notes 2020",313,,"","","Turkic 80%; Standard type Persian 20%","Mehrdad Meshkinfam and Elham Izadi, field notes 2020",35.32259,48.15343,""
"","64f033874349bbe1086abaf869701108","10-4cd988497bdd12dcf761b046a13c9d91","1130689","همدان","Hamadān","کبودراهنگ","Kabudrāhang","گل تپه","Gol Tappeh",,,"گل تپه","Gol Tappeh","قباق تپه کرد","Qabāq Tappeh-ye Kord","Qābāq Tappa Kürd, Qābāq Tappa Kord","Elham Izadi and Mehrdad Meshkinfam, field notes 2020",553,,"","","Southern Kurdish 90%; Standard type Persian 10%","Mehrdad Meshkinfam and Elham Izadi, field notes 2020",35.25377,48.17288,""
"","64f033874349bbe1086abaf869700b48","10-e2da280e5d71951a944bddc21916e612","1130690","همدان","Hamadān","کبودراهنگ","Kabudrāhang","گل تپه","Gol Tappeh",,,"گل تپه","Gol Tappeh","قطارقویی","Qatār Qui","Qatār Quyu, Qātār Quyu","Elham Izadi and Mehrdad Meshkinfam, field notes 2020",926,,"","","Turkic 70%; Southern Kurdish 20%; Standard type Persian 10%","Mehrdad Meshkinfam and Elham Izadi, field notes 2020",35.33285,48.09748,""
"","64f033874349bbe1086abaf869700a4b","10-7ae5d1ce43eec63439d4d534e81c853b","1130691","همدان","Hamadān","کبودراهنگ","Kabudrāhang","گل تپه","Gol Tappeh",,,"گل تپه","Gol Tappeh","سوباشی","Subāshi","Subāshe, Subāshi","Elham Izadi and Mehrdad Meshkinfam, field notes 2020",1496,,"","","Turkic 90%; Standard type Persian 10%","Mehrdad Meshkinfam and Elham Izadi, field notes 2020",35.16366,48.24097,""
"","64f033874349bbe1086abaf8696ffbe7","10-a205bb33ce20729445b6c7307914971a","1130693","همدان","Hamadān","کبودراهنگ","Kabudrāhang","گل تپه","Gol Tappeh",,,"مهربان سفلی","Mehrabān-e Soflā","ایلان لو","Illānlu","Illānli, Ilānlu","Elham Izadi and Mehrdad Meshkinfam, field notes 2020",444,,"","","Turkic 60%; Southern Kurdish 30%; Standard type Persian 10%","Mehrdad Meshkinfam and Elham Izadi, field notes 2020",35.48352,47.92336,""
"","64f033874349bbe1086abaf8696fecc6","10-60aaaccab2958fe4baab7b14f2e6fc24","1130694","همدان","Hamadān","کبودراهنگ","Kabudrāhang","گل تپه","Gol Tappeh",,,"مهربان سفلی","Mehrabān-e Soflā","جگنلو","Jaganlu","Jaganle, Jaganlu","Elham Izadi and Mehrdad Meshkinfam, field notes 2020",380,,"","","Turkic 70%; Southern Kurdish 20%; Standard type Persian 10%","Mehrdad Meshkinfam and Elham Izadi, field notes 2020",35.51666,47.97534,""
"","64f033874349bbe1086abaf8696fde0a","10-78421d750c425f8ac760930372992388","1130695","همدان","Hamadān","کبودراهنگ","Kabudrāhang","گل تپه","Gol Tappeh",,,"مهربان سفلی","Mehrabān-e Soflā","دالیچو","Dālichu","Dālichu, Dālju","Elham Izadi and Mehrdad Meshkinfam, field notes 2020",156,,"","","Turkic 90%; Standard type Persian 10%","Mehrdad Meshkinfam and Elham Izadi, field notes 2020",35.52114,48.02006,""
"","64f033874349bbe1086abaf8696fd9af","10-3a3534adc8ce9a48cd36c9905eedf4cc","1130696","همدان","Hamadān","کبودراهنگ","Kabudrāhang","گل تپه","Gol Tappeh",,,"مهربان سفلی","Mehrabān-e Soflā","علی آباد","Ali Ābād","Aliyābād","Elham Izadi and Mehrdad Meshkinfam, field notes 2020",104,,"","","Turkic 90%; Standard type Persian 10%","Mehrdad Meshkinfam and Elham Izadi, field notes 2020",35.55213,47.88765,""
"","64f033874349bbe1086abaf8696fcbad","10-a0c62281f5b0dc36e6a2cf47914ee3b1","1130697","همدان","Hamadān","کبودراهنگ","Kabudrāhang","گل تپه","Gol Tappeh",,,"مهربان سفلی","Mehrabān-e Soflā","کهریزباباحسین","Kahriz-e Bābā Hoseyn","Kahrezi Bābā Hoseyn, Kahrez","Elham Izadi and Mehrdad Meshkinfam, field notes 2020",389,,"","","Turkic 90%; Standard type Persian 10%","Mehrdad Meshkinfam and Elham Izadi, field notes 2020",35.53074,47.94022,""
"","64f033874349bbe1086abaf8696fbf14","10-e8e9222aff1d7119cdd7b89d46928958","1130698","همدان","Hamadān","کبودراهنگ","Kabudrāhang","گل تپه","Gol Tappeh",,,"مهربان سفلی","Mehrabān-e Soflā","محمود آباد","Mahmud Ābād","Mahmudābād","Elham Izadi and Mehrdad Meshkinfam, field notes 2020",116,,"","","Turkic 90%; Standard type Persian 10%","Mehrdad Meshkinfam and Elham Izadi, field notes 2020",35.55653,47.95815,""
"","64f033874349bbe1086abaf8697075aa","10-36ea6d318886feb2333e0cc8a2f8ec2f","1130699","همدان","Hamadān","کبودراهنگ","Kabudrāhang","گل تپه","Gol Tappeh",,,"مهربان سفلی","Mehrabān-e Soflā","آقبلاغ مرشد","Āq Bolāgh-e Morshed","Āq Bolāqi Morshed, Āq Bolāq Morshed","Elham Izadi and Mehrdad Meshkinfam, field notes 2020",468,,"","","Turkic 90%; Standard type Persian 10%","Mehrdad Meshkinfam and Elham Izadi, field notes 2020",35.61892,48.0276,""
"","64f033874349bbe1086abaf869706ee9","10-51037aa3991548e1c48de17490987387","1130700","همدان","Hamadān","کبودراهنگ","Kabudrāhang","گل تپه","Gol Tappeh",,,"مهربان سفلی","Mehrabān-e Soflā","پیربادام","Pir Bādām","Pir Bādām","Elham Izadi and Mehrdad Meshkinfam, field notes 2020",441,,"","","Turkic 70%; Southern Kurdish 20%; Standard type Persian 10%","Mehrdad Meshkinfam and Elham Izadi, field notes 2020",35.5664,48.14209,""
"","64f033874349bbe1086abaf86970605f","10-22efcbadbbd54c7acab17732d17873a0","1130701","همدان","Hamadān","کبودراهنگ","Kabudrāhang","گل تپه","Gol Tappeh",,,"مهربان سفلی","Mehrabān-e Soflā","خالق وردی","Khāleq Verdi","Khāliq Verde, Khāluq","Elham Izadi and Mehrdad Meshkinfam, field notes 2020",427,,"","","Turkic 90%; Standard type Persian 10%","Mehrdad Meshkinfam and Elham Izadi, field notes 2020",35.4099,48.18183,""
"","64f033874349bbe1086abaf869705ef8","10-2e72544db0b4e65506d31e38b33da7fc","1130702","همدان","Hamadān","کبودراهنگ","Kabudrāhang","گل تپه","Gol Tappeh",,,"مهربان سفلی","Mehrabān-e Soflā","شیخ جراح","Sheykh Jarrāh","Jarrāh","Elham Izadi and Mehrdad Meshkinfam, field notes 2020",832,,"","","Turkic 90%; Standard type Persian 10%","Mehrdad Meshkinfam and Elham Izadi, field notes 2020",35.50116,48.22262,""
"","64f033874349bbe1086abaf8697053ee","10-41cb81e9f1efb7cffab837775a1ec51e","1130703","همدان","Hamadān","کبودراهنگ","Kabudrāhang","گل تپه","Gol Tappeh",,,"مهربان سفلی","Mehrabān-e Soflā","قراتلو","Qarātlu","Qārātli, Qaratlu","Elham Izadi and Mehrdad Meshkinfam, field notes 2020",369,,"","","Turkic 90%; Standard type Persian 10%","Mehrdad Meshkinfam and Elham Izadi, field notes 2020",35.49146,48.16391,""
"","64f033874349bbe1086abaf869704543","10-ab5198be9c289d4f0d7ba80801b62f2e","1130704","همدان","Hamadān","کبودراهنگ","Kabudrāhang","گل تپه","Gol Tappeh",,,"مهربان سفلی","Mehrabān-e Soflā","قرانقودره","Qarānqu Darreh","Qārānqu Dara, Qaranghu Darre","Elham Izadi and Mehrdad Meshkinfam, field notes 2020",426,,"","","Turkic 90%; Standard type Persian 10%","Mehrdad Meshkinfam and Elham Izadi, field notes 2020",35.51377,48.17656,""
"","64f033874349bbe1086abaf8697037fc","10-2e498744c08c88c7af135f3f29b4462c","1130705","همدان","Hamadān","کبودراهنگ","Kabudrāhang","گل تپه","Gol Tappeh",,,"مهربان سفلی","Mehrabān-e Soflā","انصار","Ansār","Ansār","Elham Izadi and Mehrdad Meshkinfam, field notes 2020",143,,"","","Turkic 60%; Southern Kurdish 20%; Standard type Persian 10%; Northern Lori 10%","Mehrdad Meshkinfam and Elham Izadi, field notes 2020",35.40843,48.19619,""
"","64f033874349bbe1086abaf869703360","10-d206e3b24048a768d9fafe4592300580","1130706","همدان","Hamadān","کبودراهنگ","Kabudrāhang","گل تپه","Gol Tappeh",,,"مهربان سفلی","Mehrabān-e Soflā","کلیک","Kalik","Kalek, Kalik","Elham Izadi and Mehrdad Meshkinfam, field notes 2020",315,,"","","Turkic 90%; Standard type Persian 10%","Mehrdad Meshkinfam and Elham Izadi, field notes 2020",35.52984,48.09365,""
"","64f033874349bbe1086abaf869702733","10-2dd33123bb821fb0cded20a2831ce88b","1130707","همدان","Hamadān","کبودراهنگ","Kabudrāhang","گل تپه","Gol Tappeh",,,"مهربان سفلی","Mehrabān-e Soflā","کهنه حصار","Kohneh Hesār","Köna Asār, Koyne Hesār","Elham Izadi and Mehrdad Meshkinfam, field notes 2020",308,,"","","Turkic 90%; Standard type Persian 10%","Mehrdad Meshkinfam and Elham Izadi, field notes 2020",35.60905,48.05363,""
"","64f033874349bbe1086abaf869701c90","10-9b87938b5207a6e5cc4d17244fb3c1d5","1130708","همدان","Hamadān","کبودراهنگ","Kabudrāhang","گل تپه","Gol Tappeh",,,"مهربان سفلی","Mehrabān-e Soflā","مخور","Mokhor","Mokhor","Elham Izadi and Mehrdad Meshkinfam, field notes 2020",171,,"","","Turkic 90%; Standard type Persian 10%","Mehrdad Meshkinfam and Elham Izadi, field notes 2020",35.44875,48.1844,""
"","64f033874349bbe1086abaf86970d129","10-2cffd7a154c09f9c471a774d8b64fe2a","1130709","همدان","Hamadān","کبودراهنگ","Kabudrāhang","گل تپه","Gol Tappeh",,,"مهربان سفلی","Mehrabān-e Soflā","چورمق","Churmaq","Chürva, Churmaq","Elham Izadi and Mehrdad Meshkinfam, field notes 2020",314,,"","","Turkic 90%; Standard type Persian 10%","Mehrdad Meshkinfam and Elham Izadi, field notes 2020",35.44096,48.13277,""
"","64f033874349bbe1086abaf86970c1fd","10-86c50eb7b332e2ab7a036abdf1f01e89","1130710","همدان","Hamadān","کبودراهنگ","Kabudrāhang","گل تپه","Gol Tappeh",,,"مهربان سفلی","Mehrabān-e Soflā","قهوردعلیا","Qohord-e Oliā","Yukhāri Qohord, Qohord Oliyā","Elham Izadi and Mehrdad Meshkinfam, field notes 2020",1008,,"","","Turkic 90%; Standard type Persian 10%","Mehrdad Meshkinfam and Elham Izadi, field notes 2020",35.43955,48.07322,""
"","64f033874349bbe1086abaf86970b2e1","10-9e9646c73438fd3a694b7e5c7233b9d3","1130711","همدان","Hamadān","کبودراهنگ","Kabudrāhang","گل تپه","Gol Tappeh",,,"مهربان سفلی","Mehrabān-e Soflā","دارقشلاق","Dār Qeshlāq","Dār Qeshlāq","Elham Izadi and Mehrdad Meshkinfam, field notes 2020",200,,"","","Turkic 90%; Standard type Persian 10%","Mehrdad Meshkinfam and Elham Izadi, field notes 2020",35.49144,48.05544,""
"","64f033874349bbe1086abaf86970ad39","10-1b5ccfb31fa647a14b4cbbca627c612a","1130712","همدان","Hamadān","کبودراهنگ","Kabudrāhang","گل تپه","Gol Tappeh",,,"مهربان سفلی","Mehrabān-e Soflā","سرایجوق","Sarāyjugh","Sarāyjiq, Serājuq","Elham Izadi and Mehrdad Meshkinfam, field notes 2020",574,,"","","Turkic 90%; Standard type Persian 10%","Mehrdad Meshkinfam and Elham Izadi, field notes 2020",35.42852,47.96152,""
"","64f033874349bbe1086abaf86970abd4","10-ec0a10eb1733724d88b651287f4da9dd","1130713","همدان","Hamadān","کبودراهنگ","Kabudrāhang","گل تپه","Gol Tappeh",,,"مهربان سفلی","Mehrabān-e Soflā","قهوردسفلی","Qohord-e Soflā","Yāshāqi Qohord, Qohord Soflā","Elham Izadi and Mehrdad Meshkinfam, field notes 2020",843,,"","","Turkic 90%; Standard type Persian 10%","Mehrdad Meshkinfam and Elham Izadi, field notes 2020",35.46884,48.05994,""
"","64f033874349bbe1086abaf86970aa12","10-ffab3929a6870e6a6313bf21c0c34ff4","1130714","همدان","Hamadān","کبودراهنگ","Kabudrāhang","گل تپه","Gol Tappeh","گل تپه","Gol Tappeh",,,,,"Gül Tappa, Gol Tappa","Elham Izadi and Mehrdad Meshkinfam, field notes 2020",2692,,"","","Turkic 90%; Standard type Persian 10%","Mehrdad Meshkinfam and Elham Izadi, field notes 2020",35.22013764,48.20539325,""
"","64f033874349bbe1086abaf869709c91","10-687ffa3351192982a80dd93cbb951f0c","1130717","همدان","Hamadān","کبودراهنگ","Kabudrāhang","مرکزی","Markazi",,,"حاجی لو","Hājilu","بابان","Bābān","Bovān, Bābān, Buvān","Elham Izadi and Mehrdad Meshkinfam, field notes 2020",3385,,"","","Turkic 90%; Standard type Persian 10%","Mehrdad Meshkinfam and Elham Izadi, field notes 2020",35.2078,48.77022,""
"","64f033874349bbe1086abaf869709974","10-a74c6b87ac902cbba88f82bcf186385b","1130719","همدان","Hamadān","کبودراهنگ","Kabudrāhang","مرکزی","Markazi",,,"حاجی لو","Hājilu","دولت آباد حاجیلو","Dowlat Ābād-e Hājilu","Dawlatābādi Ājili, Dowlatābād","Elham Izadi and Mehrdad Meshkinfam, field notes 2020",,"(3 or fewer households; population not specified in 2011 Census for reasons of privacy)","","","Turkic 90%; Standard type Persian 10%","Mehrdad Meshkinfam and Elham Izadi, field notes 2020",35.28042664,48.88687275,""
"","64f033874349bbe1086abaf869708ea8","10-d02d47e78d37df9e0430e342a61af622","1130720","همدان","Hamadān","کبودراهنگ","Kabudrāhang","مرکزی","Markazi",,,"حاجی لو","Hājilu","ساری بلاغ","Sāri Bolāgh","Sāri Vulākh, Sāre Bulākh","Elham Izadi and Mehrdad Meshkinfam, field notes 2020",46,,"","","Turkic 90%; Standard type Persian 10%","Mehrdad Meshkinfam and Elham Izadi, field notes 2020",35.25617111,48.87543672,""
"","64f033874349bbe1086abaf869707ff8","10-b7ac2b0d02e3c0a32ae8d928d3dc3c78","1130721","همدان","Hamadān","کبودراهنگ","Kabudrāhang","مرکزی","Markazi",,,"حاجی لو","Hājilu","قزلجه","Qezeljeh","Qiziljā, Qezelje","Elham Izadi and Mehrdad Meshkinfam, field notes 2020",901,,"","","Turkic 90%; Standard type Persian 10%","Mehrdad Meshkinfam and Elham Izadi, field notes 2020",35.21098467,48.37791867,""
"","64f033874349bbe1086abaf869710b8c","10-aec2aa837e877d7a8245d804faeb7a66","1130722","همدان","Hamadān","کبودراهنگ","Kabudrāhang","مرکزی","Markazi",,,"حاجی لو","Hājilu","قلی آباد","Qoli Ābād","Quliyavā, Quluwābād","Elham Izadi and Mehrdad Meshkinfam, field notes 2020",34,,"","","Turkic 90%; Standard type Persian 10%","Mehrdad Meshkinfam and Elham Izadi, field notes 2020",35.24916,48.84121,""
"","64f033874349bbe1086abaf8697105be","10-74c803feb9d993f8809f6e5b1b473d23","1130723","همدان","Hamadān","کبودراهنگ","Kabudrāhang","مرکزی","Markazi",,,"حاجی لو","Hājilu","داق داق آباد","Dāq Dāq Ābād","Dāqdāqābād","Elham Izadi and Mehrdad Meshkinfam, field notes 2020",4714,,"","","Turkic 90%; Standard type Persian 10%","Mehrdad Meshkinfam and Elham Izadi, field notes 2020",35.18407,48.78759,""
"","64f033874349bbe1086abaf8697103b0","10-9ef9960896a765d1c2e10f6a2fe0dfb6","1130724","همدان","Hamadān","کبودراهنگ","Kabudrāhang","مرکزی","Markazi",,,"حاجی لو","Hājilu","رامیشان","Rāmishān","Rāmishān","Elham Izadi and Mehrdad Meshkinfam, field notes 2020",796,,"","","Turkic 90%; Standard type Persian 10%","Mehrdad Meshkinfam and Elham Izadi, field notes 2020",35.15912,48.80637,""
"","64f033874349bbe1086abaf86971036f","10-5a358bc99026f5b8849e1bc77a1b22f5","1130725","همدان","Hamadān","کبودراهنگ","Kabudrāhang","مرکزی","Markazi",,,"حاجی لو","Hājilu","پرورق","Parvaraq","Par Dara, Parvaraq","Elham Izadi and Mehrdad Meshkinfam, field notes 2020",1533,,"","","Turkic 90%; Standard type Persian 10%","Mehrdad Meshkinfam and Elham Izadi, field notes 2020",35.15688,48.76876,""
"","64f033874349bbe1086abaf86970fe3d","10-f81bcb1af7afc1f6dc9b4fde445944bb","1130726","همدان","Hamadān","کبودراهنگ","Kabudrāhang","مرکزی","Markazi",,,"حاجی لو","Hājilu","کرد آباد","Kerd Ābād","Kirdabād, Kerdābād","Elham Izadi and Mehrdad Meshkinfam, field notes 2020",2337,,"","","Turkic 90%; Standard type Persian 10%","Mehrdad Meshkinfam and Elham Izadi, field notes 2020",35.13637,48.79226,""
"","64f033874349bbe1086abaf86970ef05","10-8cb729bfa023b4e465c34bebdb3a3e11","1130728","همدان","Hamadān","کبودراهنگ","Kabudrāhang","مرکزی","Markazi",,,"راهب","Rāheb","طاسران، تاسران","Tāsrān","Tāsirān, Tāsrān","Elham Izadi and Mehrdad Meshkinfam, field notes 2020",1740,,"","","Turkic 90%; Standard type Persian 10%","Mehrdad Meshkinfam and Elham Izadi, field notes 2020",35.33856,48.63433,""
"","64f033874349bbe1086abaf86970ec4a","10-c435d2f68800e90732e272beb33a2ff1","1130729","همدان","Hamadān","کبودراهنگ","Kabudrāhang","مرکزی","Markazi",,,"راهب","Rāheb","قباق تپه","Qabāq Tappeh","Qābāq Tappa","Elham Izadi and Mehrdad Meshkinfam, field notes 2020",3927,,"","","Turkic 90%; Standard type Persian 10%","Mehrdad Meshkinfam and Elham Izadi, field notes 2020",35.37319,48.59337,""
"","64f033874349bbe1086abaf86970e2bc","10-865359953febd4e4ead6ff7e4ab2006d","1130730","همدان","Hamadān","کبودراهنگ","Kabudrāhang","مرکزی","Markazi",,,"راهب","Rāheb","آق تپه","Āq Tappeh","Ākh Tappa","Elham Izadi and Mehrdad Meshkinfam, field notes 2020",2042,,"","","Turkic 90%; Standard type Persian 10%","Mehrdad Meshkinfam and Elham Izadi, field notes 2020",35.25441,48.6839,""
"","64f033874349bbe1086abaf86970e034","10-4de4676de21d26f0b4c214784cd01ced","1130731","همدان","Hamadān","کبودراهنگ","Kabudrāhang","مرکزی","Markazi",,,"راهب","Rāheb"," اورقین، اورغین","Ovraqin, Ovraghin","Owraqon, Owraqin","Elham Izadi and Mehrdad Meshkinfam, field notes 2020",1936,,"","","Turkic 90%; Standard type Persian 10%","Mehrdad Meshkinfam and Elham Izadi, field notes 2020",35.28289,48.68725,""
"","64f033874349bbe1086abaf86970dbb3","10-970fbf856b3b94d91d3a147aa696d725","1130732","همدان","Hamadān","کبودراهنگ","Kabudrāhang","مرکزی","Markazi",,,"راهب","Rāheb","امیر آباد","Amir Ābād","Amirābād","Elham Izadi and Mehrdad Meshkinfam, field notes 2020",2329,,"","","Turkic 90%; Standard type Persian 10%","Mehrdad Meshkinfam and Elham Izadi, field notes 2020",35.2203,48.68883,""
"","64f033874349bbe1086abaf869714cd8","10-721575816c446bde0e9956ad0f879e27","1130733","همدان","Hamadān","کبودراهنگ","Kabudrāhang","مرکزی","Markazi",,,"راهب","Rāheb","دستجرد","Dastjerd","Dasigerd, Dasgerd","Elham Izadi and Mehrdad Meshkinfam, field notes 2020",3222,,"","","Turkic 90%; Standard type Persian 10%","Mehrdad Meshkinfam and Elham Izadi, field notes 2020",35.2477,48.72126,""
"","64f033874349bbe1086abaf869714884","10-af9cef5e975578c5a2523d9758bd32cd","1130736","همدان","Hamadān","کبودراهنگ","Kabudrāhang","مرکزی","Markazi",,,"سبزدشت","Sabz Dasht","شاوه","Shāveh","Shovā, Shāve, Shāvā","Elham Izadi and Mehrdad Meshkinfam, field notes 2020",805,,"","","Turkic 90%; Standard type Persian 10%","Mehrdad Meshkinfam and Elham Izadi, field notes 2020",35.17026,48.68327,""
"","64f033874349bbe1086abaf8697147ac","10-3b520bff1aa008c9603a142b80b44af9","1130737","همدان","Hamadān","کبودراهنگ","Kabudrāhang","مرکزی","Markazi",,,"سبزدشت","Sabz Dasht","خلعت آباد","Khal'at Ābād","Khiltāvā, Khahlatābād","Elham Izadi and Mehrdad Meshkinfam, field notes 2020",932,,"","","Turkic 90%; Standard type Persian 10%","Mehrdad Meshkinfam and Elham Izadi, field notes 2020",35.12858,48.81611,""
"","64f033874349bbe1086abaf86971419a","10-744465e30b4fbb9694136ad855265eeb","1130738","همدان","Hamadān","کبودراهنگ","Kabudrāhang","مرکزی","Markazi",,,"سبزدشت","Sabz Dasht","روعان","Ro'ān","Rowān, Rovān","Elham Izadi and Mehrdad Meshkinfam, field notes 2020",1957,,"","","Turkic 90%; Standard type Persian 10%","Mehrdad Meshkinfam and Elham Izadi, field notes 2020",35.14224,48.8602,""
"","64f033874349bbe1086abaf869713f9a","10-3161b23e02f1ab39b5fd31ba1092f087","1130739","همدان","Hamadān","کبودراهنگ","Kabudrāhang","مرکزی","Markazi",,,"سبزدشت","Sabz Dasht","عین آباد","Eyn Ābād","Eynavā, Eynābād","Elham Izadi and Mehrdad Meshkinfam, field notes 2020",412,,"","","Turkic 90%; Standard type Persian 10%","Mehrdad Meshkinfam and Elham Izadi, field notes 2020",35.08597,48.82716,""
"","64f033874349bbe1086abaf869713c35","10-4ac849a6146b3b30b503ccf68362b967","1130740","همدان","Hamadān","کبودراهنگ","Kabudrāhang","مرکزی","Markazi",,,"سبزدشت","Sabz Dasht","ویان","Viān","Viyān","Elham Izadi and Mehrdad Meshkinfam, field notes 2020",4139,,"","","Turkic 90%; Standard type Persian 10%","Mehrdad Meshkinfam and Elham Izadi, field notes 2020",35.0966,48.76864,""
"","64f033874349bbe1086abaf869713431","10-8e2ee6765762359de6fc2d880545b057","1130742","همدان","Hamadān","کبودراهنگ","Kabudrāhang","مرکزی","Markazi",,,"سبزدشت","Sabz Dasht","حاتم آباد","Hātam Ābād","Hatmuvā, Hātamābād","Elham Izadi and Mehrdad Meshkinfam, field notes 2020",1158,,"","","Turkic 90%; Standard type Persian 10%","Mehrdad Meshkinfam and Elham Izadi, field notes 2020",35.08583,48.73354,""
"","64f033874349bbe1086abaf869712d83","10-93baf13cbad1d06a2229cb06547f6a55","1130743","همدان","Hamadān","کبودراهنگ","Kabudrāhang","مرکزی","Markazi",,,"سبزدشت","Sabz Dasht","کوریجان","Kurijān","Kürzhān, Kurijān","Elham Izadi and Mehrdad Meshkinfam, field notes 2020",2559,,"","","Turkic 90%; Standard type Persian 10%","Mehrdad Meshkinfam and Elham Izadi, field notes 2020",35.05142,48.66439,""
"","64f033874349bbe1086abaf869711ef6","10-c0e972a31663b548b93b771e82d1e916","1130744","همدان","Hamadān","کبودراهنگ","Kabudrāhang","مرکزی","Markazi",,,"سبزدشت","Sabz Dasht","گنده جین","Gondeh Jin","Güngün, Gunda Jin, Gündu","Elham Izadi and Mehrdad Meshkinfam, field notes 2020",234,,"","","Turkic 90%; Standard type Persian 10%","Mehrdad Meshkinfam and Elham Izadi, field notes 2020",35.16244,48.70696,""
"","64f033874349bbe1086abaf86971113d","10-225199ef52ce9e132f1fdc755f57b600","1130745","همدان","Hamadān","کبودراهنگ","Kabudrāhang","مرکزی","Markazi",,,"سبزدشت","Sabz Dasht","مزرعه مهدی آباد","Mazra'eh-ye Mehdi Ābād","Mazira, Mazrae","Elham Izadi and Mehrdad Meshkinfam, field notes 2020",1281,,"","","Turkic 90%; Standard type Persian 10%","Mehrdad Meshkinfam and Elham Izadi, field notes 2020",35.08436,48.70097,""
"","64f033874349bbe1086abaf86971aa67","10-0b30a676d176f1ed3d394797a101770f","1130746","همدان","Hamadān","کبودراهنگ","Kabudrāhang","مرکزی","Markazi",,,"سبزدشت","Sabz Dasht","نو آباد","Now Ābād","Nowvā, Nowābād","Elham Izadi and Mehrdad Meshkinfam, field notes 2020",563,,"","","Turkic 90%; Standard type Persian 10%","Mehrdad Meshkinfam and Elham Izadi, field notes 2020",35.1325,48.76447,""
"","64f033874349bbe1086abaf86971a0df","10-9dc0eeee92c60a97a35532dd8eee9fae","1130748","همدان","Hamadān","کبودراهنگ","Kabudrāhang","مرکزی","Markazi",,,"کوهین","Kuhin","جزوان","Jazvān","Jizvān","Elham Izadi and Mehrdad Meshkinfam, field notes 2020",645,,"","","Turkic 90%; Standard type Persian 10%","Mehrdad Meshkinfam and Elham Izadi, field notes 2020",35.20508,48.33108,""
"","64f033874349bbe1086abaf869719828","10-81e945c58c09a4561494c0dd36949708","1130749","همدان","Hamadān","کبودراهنگ","Kabudrāhang","مرکزی","Markazi",,,"کوهین","Kuhin","زین آباد","Zeyn Ābād","Zināvā, Zinābād","Elham Izadi and Mehrdad Meshkinfam, field notes 2020",728,,"","","Turkic 90%; Standard type Persian 10%","Mehrdad Meshkinfam and Elham Izadi, field notes 2020",35.28501,48.39629,""
"","64f033874349bbe1086abaf869718d23","10-963ecd3da9f9a595ea70d2017cc52697","1130750","همدان","Hamadān","کبودراهنگ","Kabudrāhang","مرکزی","Markazi",,,"کوهین","Kuhin","گاوزبان","Gāv Zabān","Gaw Zuvān, Gāv Zabān","Elham Izadi and Mehrdad Meshkinfam, field notes 2020",428,,"","","Turkic 90%; Standard type Persian 10%","Mehrdad Meshkinfam and Elham Izadi, field notes 2020",35.22901,48.30573,""
"","64f033874349bbe1086abaf869717eb7","10-87ef301198a2abc75bb8d2acf1451128","1130751","همدان","Hamadān","کبودراهنگ","Kabudrāhang","مرکزی","Markazi",,,"کوهین","Kuhin","اوریاد","Uriād","Oriyād, Uryād","Elham Izadi and Mehrdad Meshkinfam, field notes 2020",275,,"","","Turkic 90%; Standard type Persian 10%","Mehrdad Meshkinfam and Elham Izadi, field notes 2020",35.26316,48.37204,""
"","64f033874349bbe1086abaf8697170e9","10-c9b3a991afc5a2e90fd7d97fa0153099","1130752","همدان","Hamadān","کبودراهنگ","Kabudrāhang","مرکزی","Markazi",,,"کوهین","Kuhin","داس قلعه","Dās Qal'eh","Dās Qālā, Tās Qala","Elham Izadi and Mehrdad Meshkinfam, field notes 2020",1223,,"","","Turkic 90%; Standard type Persian 10%","Mehrdad Meshkinfam and Elham Izadi, field notes 2020",35.24265,48.42182,""
"","64f033874349bbe1086abaf869716675","10-84beab0a5e9ef1a71ef4cfa0beb27bc6","1130753","همدان","Hamadān","کبودراهنگ","Kabudrāhang","مرکزی","Markazi",,,"کوهین","Kuhin","قورجینه","Qurjineh","Qorājina, Qorjine","Elham Izadi and Mehrdad Meshkinfam, field notes 2020",1127,,"","","Turkic 90%; Standard type Persian 10%","Mehrdad Meshkinfam and Elham Izadi, field notes 2020",35.15194,48.35912,""
"","64f033874349bbe1086abaf8697162a5","10-88ec680be11849f900f343973887992e","1130754","همدان","Hamadān","کبودراهنگ","Kabudrāhang","مرکزی","Markazi",,,"کوهین","Kuhin","کندتپه","Kand Tappeh","Kand Tappa, Kan Tappa","Elham Izadi and Mehrdad Meshkinfam, field notes 2020",299,,"","","Turkic 90%; Standard type Persian 10%","Mehrdad Meshkinfam and Elham Izadi, field notes 2020",35.201161,48.304944,""
"","64f033874349bbe1086abaf86971571c","10-a32446f6ccbc3435d7cda3d4c2773d60","1130755","همدان","Hamadān","کبودراهنگ","Kabudrāhang","مرکزی","Markazi",,,"کوهین","Kuhin","ولی محمد","Vali Mohammad","Val Mamad","Elham Izadi and Mehrdad Meshkinfam, field notes 2020",560,,"","","Turkic 90%; Standard type Persian 10%","Mehrdad Meshkinfam and Elham Izadi, field notes 2020",35.15114,48.3805,""
"","64f033874349bbe1086abaf86971546c","10-6fcb6d9ac57a7c4f4c64ed0809197e18","1130756","همدان","Hamadān","کبودراهنگ","Kabudrāhang","مرکزی","Markazi",,,"کوهین","Kuhin","آق داش","Āq Dāsh","Āq Dāsh","Elham Izadi and Mehrdad Meshkinfam, field notes 2020",317,,"","","Turkic 90%; Standard type Persian 10%","Mehrdad Meshkinfam and Elham Izadi, field notes 2020",35.18523,48.42972,""
"","64f033874349bbe1086abaf869720e77","10-802319be266811c2213499510b19abad","1130757","همدان","Hamadān","کبودراهنگ","Kabudrāhang","مرکزی","Markazi",,,"کوهین","Kuhin","طاهرلو","Tāherlu","Tāhārli, Tāherlu","Elham Izadi and Mehrdad Meshkinfam, field notes 2020",1062,,"","","Turkic 90%; Standard type Persian 10%","Mehrdad Meshkinfam and Elham Izadi, field notes 2020",35.13978,48.4218,""
"","64f033874349bbe1086abaf869720def","10-1a31b327155bedfdcc91a8bef0d75b6f","1130758","همدان","Hamadān","کبودراهنگ","Kabudrāhang","مرکزی","Markazi",,,"کوهین","Kuhin","قزلجه","Qezlejeh","Qiziljā, Qezleje","Elham Izadi and Mehrdad Meshkinfam, field notes 2020",280,,"","","Turkic 90%; Standard type Persian 10%","Mehrdad Meshkinfam and Elham Izadi, field notes 2020",35.21098467,48.37791867,""
"","64f033874349bbe1086abaf86971ff4c","10-30a4aca3d264c5958dc9f1198a42c109","1130759","همدان","Hamadān","کبودراهنگ","Kabudrāhang","مرکزی","Markazi",,,"کوهین","Kuhin","کوهین","Kuhin","Köhön, Kuin","Elham Izadi and Mehrdad Meshkinfam, field notes 2020",2305,,"","","Turkic 90%; Standard type Persian 10%","Mehrdad Meshkinfam and Elham Izadi, field notes 2020",35.21521,48.42272,""
"","64f033874349bbe1086abaf86971f23f","10-872bc4999472ba6854bb24aa43d13a77","1130760","همدان","Hamadān","کبودراهنگ","Kabudrāhang","مرکزی","Markazi",,,"کوهین","Kuhin","واشور","Vāshur","Vāshir, Vāshur","Elham Izadi and Mehrdad Meshkinfam, field notes 2020",576,,"","","Turkic 90%; Standard type Persian 10%","Mehrdad Meshkinfam and Elham Izadi, field notes 2020",35.23146,48.35355,""
"","64f033874349bbe1086abaf86971e5c1","10-b6e668e5f9b12ba9668e86121c71169e","1130761","همدان","Hamadān","کبودراهنگ","Kabudrāhang","مرکزی","Markazi",,,"کوهین","Kuhin","وصله","Vasleh","Vasla","Elham Izadi and Mehrdad Meshkinfam, field notes 2020",355,,"","","Turkic 90%; Standard type Persian 10%","Mehrdad Meshkinfam and Elham Izadi, field notes 2020",35.21264,48.3458,""
"","64f033874349bbe1086abaf86971da34","10-c5251e781273b0672f28e58cf0e3ca2c","1130763","همدان","Hamadān","کبودراهنگ","Kabudrāhang","مرکزی","Markazi",,,"سرداران","Sardārān","ناصر آباد","Nāser Ābād","Nāsirabād, Nāserābād","Elham Izadi and Mehrdad Meshkinfam, field notes 2020",379,,"","","Turkic 90%; Standard type Persian 10%","Mehrdad Meshkinfam and Elham Izadi, field notes 2020",35.31991,48.44583,""
"","64f033874349bbe1086abaf86971ce55","10-9bf9ec7fbbf0235570a0eeed3a15a6a2","1130764","همدان","Hamadān","کبودراهنگ","Kabudrāhang","مرکزی","Markazi",,,"سرداران","Sardārān","احمد آباد","Ahmad Ābād ","Ahmadowā, Ahmadābād","Elham Izadi and Mehrdad Meshkinfam, field notes 2020",652,,"","","Turkic 90%; Standard type Persian 10%","Mehrdad Meshkinfam and Elham Izadi, field notes 2020",35.20787,48.57778,""
"","64f033874349bbe1086abaf86971c0df","10-bf2c890dd2392456aeec53e96c0da2ff","1130765","همدان","Hamadān","کبودراهنگ","Kabudrāhang","مرکزی","Markazi",,,"سرداران","Sardārān","دولی","Doli","Dohlu, Doli","Elham Izadi and Mehrdad Meshkinfam, field notes 2020",487,,"","","Turkic 90%; Standard type Persian 10%","Mehrdad Meshkinfam and Elham Izadi, field notes 2020",35.20966,48.53519,""
"","64f033874349bbe1086abaf86971bebb","10-ad2cb355eeb6ba8c69c8806d0e1e1a2a","1130766","همدان","Hamadān","کبودراهنگ","Kabudrāhang","مرکزی","Markazi",,,"سرداران","Sardārān","ایده لو","Idalu","Idale, Idalu","Elham Izadi and Mehrdad Meshkinfam, field notes 2020",1674,,"","","Turkic 90%; Standard type Persian 10%","Mehrdad Meshkinfam and Elham Izadi, field notes 2020",35.34072,48.45493,""
"","64f033874349bbe1086abaf86971b1b6","10-bcede21fd65dc13925cfaa80df1b1fcf","1130767","همدان","Hamadān","کبودراهنگ","Kabudrāhang","مرکزی","Markazi",,,"سرداران","Sardārān","پیرانبار","Pir Anbār ","Pir Ammār, Pir Ambār ","Elham Izadi and Mehrdad Meshkinfam, field notes 2020",750,,"","","Turkic 90%; Standard type Persian 10%","Mehrdad Meshkinfam and Elham Izadi, field notes 2020",35.24297,48.5134,""
"","64f033874349bbe1086abaf869724ff3","10-67ea2f4fde1704ef4d0e78b089407bc3","1130768","همدان","Hamadān","کبودراهنگ","Kabudrāhang","مرکزی","Markazi",,,"سرداران","Sardārān","قراگل","Qarā Gol","Qāra Göl, Qara Gül","Elham Izadi and Mehrdad Meshkinfam, field notes 2020",921,,"","","Turkic 90%; Standard type Persian 10%","Mehrdad Meshkinfam and Elham Izadi, field notes 2020",35.2777,48.50443,""
"","64f033874349bbe1086abaf8697247a8","10-4099e4b4aa120edb37fe8c6796d8024a","1130769","همدان","Hamadān","کبودراهنگ","Kabudrāhang","مرکزی","Markazi",,,"سرداران","Sardārān","قرخ بلاغ","Qerkh Bolāgh","Qirkh Bolāq","Elham Izadi and Mehrdad Meshkinfam, field notes 2020",448,,"","","Turkic 90%; Standard type Persian 10%","Mehrdad Meshkinfam and Elham Izadi, field notes 2020",35.23387,48.4787,""
"","64f033874349bbe1086abaf869723b9a","10-782ffb762f2c9334b29979a7a3ab588f","1130770","همدان","Hamadān","کبودراهنگ","Kabudrāhang","مرکزی","Markazi",,,"سرداران","Sardārān","مبارک آباد","Mobārak Ābād ","Marakevā, Mobārakābād ","Elham Izadi and Mehrdad Meshkinfam, field notes 2020",210,,"","","Turkic 90%; Standard type Persian 10%","Mehrdad Meshkinfam and Elham Izadi, field notes 2020",35.27108,48.4739,""
"","64f033874349bbe1086abaf86972352d","10-98706baa41983599ebe01a7934fda913","1130771","همدان","Hamadān","کبودراهنگ","Kabudrāhang","مرکزی","Markazi",,,"سرداران","Sardārān","حصارقوجه باغی","Hasār-e Qojeh Bāghi","Hāsār-e Qoja Bāqe, Hasār-e Qoja Bāqe","Elham Izadi and Mehrdad Meshkinfam, field notes 2020",1075,,"","","Southern Kurdish 90%; Standard type Persian 10%","Mehrdad Meshkinfam and Elham Izadi, field notes 2020",35.23841111,48.55741944,""
"","64f033874349bbe1086abaf8697232ac","10-74aa6d6c713ee41ca9b00944179c8537","1130772","همدان","Hamadān","کبودراهنگ","Kabudrāhang","مرکزی","Markazi",,,"سرداران","Sardārān","سردار آباد","Sardār Ābād ","Sardarabād, Sardarābād ","Elham Izadi and Mehrdad Meshkinfam, field notes 2020",1543,,"","","Turkic 90%; Standard type Persian 10%","Mehrdad Meshkinfam and Elham Izadi, field notes 2020",35.26411,48.64438,""
"","64f033874349bbe1086abaf869722cc8","10-4744c199610f2b21756d11bdc73566d6","1130773","همدان","Hamadān","کبودراهنگ","Kabudrāhang","مرکزی","Markazi",,,"سرداران","Sardārān","آقچلو","Āqechlu","Oqchelu, Oqechlu","Elham Izadi and Mehrdad Meshkinfam, field notes 2020",442,,"","","Turkic 90%; Standard type Persian 10%","Mehrdad Meshkinfam and Elham Izadi, field notes 2020",35.13222,48.49248,""
"","64f033874349bbe1086abaf869722aa1","10-e6715a5d317b99308d0f8781c5ea66e4","1130774","همدان","Hamadān","کبودراهنگ","Kabudrāhang","مرکزی","Markazi",,,"سرداران","Sardārān","انجیرباغی","Anjir Bāghi","Injil Vāqi, Anjir Bāghi","Elham Izadi and Mehrdad Meshkinfam, field notes 2020",204,,"","","Turkic 90%; Standard type Persian 10%","Mehrdad Meshkinfam and Elham Izadi, field notes 2020",35.1926,48.53089,""
"","64f033874349bbe1086abaf869722715","10-7d35df14f5e3bb5a34240bfbc7844161","1130775","همدان","Hamadān","کبودراهنگ","Kabudrāhang","مرکزی","Markazi",,,"سرداران","Sardārān","اوچ تپه","Uch Tappeh","Üsh Tappa, Ush Tappa","Elham Izadi and Mehrdad Meshkinfam, field notes 2020",34,,"","","Turkic 90%; Standard type Persian 10%","Mehrdad Meshkinfam and Elham Izadi, field notes 2020",35.15486,48.55871,""
"","64f033874349bbe1086abaf8697217aa","10-3e601ac94d5d861e597529fbd6f0d598","1130776","همدان","Hamadān","کبودراهنگ","Kabudrāhang","مرکزی","Markazi",,,"سرداران","Sardārān","جیغی","Jighi","Jiqi","Elham Izadi and Mehrdad Meshkinfam, field notes 2020",615,,"","","Turkic 90%; Standard type Persian 10%","Mehrdad Meshkinfam and Elham Izadi, field notes 2020",35.19984,48.49439,""
"","64f033874349bbe1086abaf86972157b","10-ac11ca400f4ea16ae1c8bdf67796dff7","1130777","همدان","Hamadān","کبودراهنگ","Kabudrāhang","مرکزی","Markazi",,,"سرداران","Sardārān","طاس تپه","Tās Tappeh","Tās Tappa, Dās Tappa","Elham Izadi and Mehrdad Meshkinfam, field notes 2020",280,,"","","Turkic 90%; Standard type Persian 10%","Mehrdad Meshkinfam and Elham Izadi, field notes 2020",35.1635,48.48357,""
"","64f033874349bbe1086abaf869728f83","10-8f2ccce90f3c06b0b7a78f7e2cfbad1e","1130778","همدان","Hamadān","کبودراهنگ","Kabudrāhang","مرکزی","Markazi","کبودراهنگ، کبودر آهنگ ","Kabudrāhang, Kabudar Āhang",,,,,"Kawrang, Kowrang, Kabudrāhang","Elham Izadi and Mehrdad Meshkinfam, field notes 2020",20349,,"","","Turkic 90%; Standard type Persian 10%","Mehrdad Meshkinfam and Elham Izadi, field notes 2020",35.20918658,48.72544567,""
"","64f033874349bbe1086abaf869728157","10-26873849753d4bed57e7ee500cfa954d","1130781","همدان","Hamadān","کبودراهنگ","Kabudrāhang","شیرین سو","Shirin Su",,,"شیرین سو","Shirin Su","باغچه","Baghcheh","Bākhchā","Elham Izadi and Mehrdad Meshkinfam, field notes 2020",353,,"","","Turkic 90%; Standard type Persian 10%","Mehrdad Meshkinfam and Elham Izadi, field notes 2020",35.44289,48.26465,""
"","64f033874349bbe1086abaf869727a48","10-1937545498728867e7bf37d7f14a3f5d","1130782","همدان","Hamadān","کبودراهنگ","Kabudrāhang","شیرین سو","Shirin Su",,,"شیرین سو","Shirin Su","چهارسوق","Chahār Suq","Chor Sokh, Chār Lut","Elham Izadi and Mehrdad Meshkinfam, field notes 2020",560,,"","","Turkic 90%; Standard type Persian 10%","Mehrdad Meshkinfam and Elham Izadi, field notes 2020",35.57652,48.3744,""
"","64f033874349bbe1086abaf86972706b","10-67bc18817b0cc51e3b8c8722191dbabf","1130783","همدان","Hamadān","کبودراهنگ","Kabudrāhang","شیرین سو","Shirin Su",,,"شیرین سو","Shirin Su","شیربرات","Shir Barāt","Shir Bārāt","Elham Izadi and Mehrdad Meshkinfam, field notes 2020",215,,"","","Turkic 90%; Standard type Persian 10%","Mehrdad Meshkinfam and Elham Izadi, field notes 2020",35.63274,48.38391,""
"","64f033874349bbe1086abaf869726fb1","10-e1bff6fbfd77726f5f887b5a4623f025","1130784","همدان","Hamadān","کبودراهنگ","Kabudrāhang","شیرین سو","Shirin Su",,,"شیرین سو","Shirin Su","قادر آباد","Qāder Ābād","Qāderābād, Qādorābād","Elham Izadi and Mehrdad Meshkinfam, field notes 2020",487,,"","","Turkic 90%; Standard type Persian 10%","Mehrdad Meshkinfam and Elham Izadi, field notes 2020",35.46297,48.28234,""
"","64f033874349bbe1086abaf8697267b6","10-4a65b421fdbfd639ec7744da3fc0c021","1130785","همدان","Hamadān","کبودراهنگ","Kabudrāhang","شیرین سو","Shirin Su",,,"شیرین سو","Shirin Su","آقبلاغ آق داغ","Āq Bolāgh-e Āq Dāgh","Āq Bolāqi Āq Dāq","Elham Izadi and Mehrdad Meshkinfam, field notes 2020",1307,,"","","Turkic 90%; Standard type Persian 10%","Mehrdad Meshkinfam and Elham Izadi, field notes 2020",35.61174,48.43923,""
"","64f033874349bbe1086abaf869726759","10-2ae8e4afad04c9ca7ed23f2bfe7b885d","1130786","همدان","Hamadān","کبودراهنگ","Kabudrāhang","شیرین سو","Shirin Su",,,"شیرین سو","Shirin Su","حسین آباد باباخنجر","Hoseyn Ābād-e Bābā Khanjar","Hoseynābād Bābā Khanchar","Elham Izadi and Mehrdad Meshkinfam, field notes 2020",428,,"","","Turkic 90%; Standard type Persian 10%","Mehrdad Meshkinfam and Elham Izadi, field notes 2020",35.5607,48.5316,""
"","64f033874349bbe1086abaf86972614a","10-7f51efc70c9db104cec20a40868abd5e","1130787","همدان","Hamadān","کبودراهنگ","Kabudrāhang","شیرین سو","Shirin Su",,,"شیرین سو","Shirin Su","قطار آغاج","Qatār Āghāj","Qatār Āqāj, Qātār Āqāj","Elham Izadi and Mehrdad Meshkinfam, field notes 2020",260,,"","","Turkic 90%; Standard type Persian 10%","Mehrdad Meshkinfam and Elham Izadi, field notes 2020",35.57044,48.47134,""
"","64f033874349bbe1086abaf869725a10","10-bee0de94e9ae0a63ecd320363fc0f206","1130788","همدان","Hamadān","کبودراهنگ","Kabudrāhang","شیرین سو","Shirin Su",,,"شیرین سو","Shirin Su","باباخنجر","Bāba Khanjar","Bābā Khanjar","Elham Izadi and Mehrdad Meshkinfam, field notes 2020",1690,,"","","Turkic 90%; Standard type Persian 10%","Mehrdad Meshkinfam and Elham Izadi, field notes 2020",35.55456,48.54819,""
"","64f033874349bbe1086abaf8697253b0","10-14866f416c50910e3509bc7b873f9889","1130789","همدان","Hamadān","کبودراهنگ","Kabudrāhang","شیرین سو","Shirin Su",,,"شیرین سو","Shirin Su","آقکند","Āq Kand","Āq Kand","Elham Izadi and Mehrdad Meshkinfam, field notes 2020",1581,,"","","Turkic 90%; Standard type Persian 10%","Mehrdad Meshkinfam and Elham Izadi, field notes 2020",35.48683,48.32673,""
"","64f033874349bbe1086abaf86972c0b8","10-3d324e4b9854683c02b3df9384aaa921","1130790","همدان","Hamadān","کبودراهنگ","Kabudrāhang","شیرین سو","Shirin Su",,,"شیرین سو","Shirin Su","بشیکتپه","Beshik Tappeh","Besh Tappa","Elham Izadi and Mehrdad Meshkinfam, field notes 2020",1027,,"","","Turkic 90%; Standard type Persian 10%","Mehrdad Meshkinfam and Elham Izadi, field notes 2020",35.53734,48.41729,""
"","64f033874349bbe1086abaf86972bdda","10-443abc33f34956111f7996ccec34751e","1130791","همدان","Hamadān","کبودراهنگ","Kabudrāhang","شیرین سو","Shirin Su",,,"شیرین سو","Shirin Su","چهارطاق","Chahār Tāq","Chār Tāq, Chārlu","Elham Izadi and Mehrdad Meshkinfam, field notes 2020",237,,"","","Turkic 90%; Standard type Persian 10%","Mehrdad Meshkinfam and Elham Izadi, field notes 2020",35.5157,48.42209,""
"","64f033874349bbe1086abaf86972b3cd","10-f5604fe24e36e595a8e44f408160132e","1130792","همدان","Hamadān","کبودراهنگ","Kabudrāhang","شیرین سو","Shirin Su",,,"شیرین سو","Shirin Su","عبدل آباد","Abdol Ābād","Abdulābād, Abdolābād","Elham Izadi and Mehrdad Meshkinfam, field notes 2020",408,,"","","Turkic 90%; Standard type Persian 10%","Mehrdad Meshkinfam and Elham Izadi, field notes 2020",35.4638,48.46439,""
"","64f033874349bbe1086abaf86972b249","10-90ae55f6f4161bbc41424bd6d9ad2ee4","1130793","همدان","Hamadān","کبودراهنگ","Kabudrāhang","شیرین سو","Shirin Su",,,"شیرین سو","Shirin Su","نگار آباد","Negār Ābād","Niyāyābād, Negārābād","Elham Izadi and Mehrdad Meshkinfam, field notes 2020",619,,"","","Turkic 90%; Standard type Persian 10%","Mehrdad Meshkinfam and Elham Izadi, field notes 2020",35.47898,48.53427,""
"","64f033874349bbe1086abaf86972a7bb","10-f59ccc0b9355bdac60361c11a64fe5c9","1130794","همدان","Hamadān","کبودراهنگ","Kabudrāhang","شیرین سو","Shirin Su",,,"شیرین سو","Shirin Su","صفاریز","Safāriz","Safārez, Safāriz","Elham Izadi and Mehrdad Meshkinfam, field notes 2020",547,,"","","Southern Kurdish 90%; Standard type Persian 10%","Mehrdad Meshkinfam and Elham Izadi, field notes 2020",35.4077,48.30507,""
"","64f033874349bbe1086abaf86972a6df","10-0906a70bfe3f90fdfdaff6a462bed9d7","1130795","همدان","Hamadān","کبودراهنگ","Kabudrāhang","شیرین سو","Shirin Su",,,"شیرین سو","Shirin Su","عبدالمؤمن","Abd-ol-Mo'men","Abdul Mohmen, Abdol Momen","Elham Izadi and Mehrdad Meshkinfam, field notes 2020",967,,"","","Turkic 90%; Standard type Persian 10%","Mehrdad Meshkinfam and Elham Izadi, field notes 2020",35.43277,48.34833,""
"","64f033874349bbe1086abaf869729e9b","10-b73f58b894f464631b5d5caba89f9313","1130796","همدان","Hamadān","کبودراهنگ","Kabudrāhang","شیرین سو","Shirin Su",,,"شیرین سو","Shirin Su","کندبلاغی","Kand Bolāghi","Kand Bolāqi","Elham Izadi and Mehrdad Meshkinfam, field notes 2020",205,,"","","Turkic 90%; Standard type Persian 10%","Mehrdad Meshkinfam and Elham Izadi, field notes 2020",35.43012,48.3242,""
"","64f033874349bbe1086abaf869729cf3","10-9c02c419c76188014cc212d298cf61f3","1130798","همدان","Hamadān","کبودراهنگ","Kabudrāhang","شیرین سو","Shirin Su",,,"مهربان علیا","Mehrabān Oliā","اکنلو","Akenlu","Akanle, Ākenlu","Elham Izadi and Mehrdad Meshkinfam, field notes 2020",1890,,"","","Turkic 90%; Standard type Persian 10%","Mehrdad Meshkinfam and Elham Izadi, field notes 2020",35.61383,48.1885,""
"","64f033874349bbe1086abaf869729cc8","10-4acfcad8e246af8033705130cbd51011","1130799","همدان","Hamadān","کبودراهنگ","Kabudrāhang","شیرین سو","Shirin Su",,,"مهربان علیا","Mehrabān Oliā","ایستی بلاغ","Isti Bolāgh","Issi Bulāq, Isti Bolāq","Elham Izadi and Mehrdad Meshkinfam, field notes 2020",315,,"","","Turkic 90%; Standard type Persian 10%","Mehrdad Meshkinfam and Elham Izadi, field notes 2020",35.69506,48.26668,""
"","64f033874349bbe1086abaf869729895","10-a8006547f697a0ed0ca9bb025d65bde3","1130800","همدان","Hamadān","کبودراهنگ","Kabudrāhang","شیرین سو","Shirin Su",,,"مهربان علیا","Mehrabān Oliā","آقداش","Āq Dāsh","Āq Dāsh","Elham Izadi and Mehrdad Meshkinfam, field notes 2020",234,,"","","Turkic 90%; Standard type Persian 10%","Mehrdad Meshkinfam and Elham Izadi, field notes 2020",35.64807,48.14062,""
"","64f033874349bbe1086abaf86973149d","10-8a24f651b5f722031be8866d1e8d724a","1130801","همدان","Hamadān","کبودراهنگ","Kabudrāhang","شیرین سو","Shirin Su",,,"مهربان علیا","Mehrabān Oliā","باشقورتاران","Bāshqortārān","Bāshqurtārān","Elham Izadi and Mehrdad Meshkinfam, field notes 2020",198,,"","","Turkic 90%; Standard type Persian 10%","Mehrdad Meshkinfam and Elham Izadi, field notes 2020",35.63701,48.1175,""
"","64f033874349bbe1086abaf8697313f1","10-533abc52adb626bd2e5ccab52bc12de5","1130802","همدان","Hamadān","کبودراهنگ","Kabudrāhang","شیرین سو","Shirin Su",,,"مهربان علیا","Mehrabān Oliā","آب مشکین","Āb Meshkin","Āb Möshkön, Āb Mushku","Elham Izadi and Mehrdad Meshkinfam, field notes 2020",2311,,"","","Turkic 90%; Standard type Persian 10%","Mehrdad Meshkinfam and Elham Izadi, field notes 2020",35.61224,48.27229,""
"","64f033874349bbe1086abaf86973104f","10-296475a5da853c45842c45d6b76e1248","1130803","همدان","Hamadān","کبودراهنگ","Kabudrāhang","شیرین سو","Shirin Su",,,"مهربان علیا","Mehrabān Oliā","اوزن دره","Ozan Darreh","Uzun Dara, Üzun","Elham Izadi and Mehrdad Meshkinfam, field notes 2020",2520,,"","","Turkic 90%; Standard type Persian 10%","Mehrdad Meshkinfam and Elham Izadi, field notes 2020",35.53937,48.34299,""
"","64f033874349bbe1086abaf869730118","10-248d29f908eed27196bdbb8b28d70966","1130804","همدان","Hamadān","کبودراهنگ","Kabudrāhang","شیرین سو","Shirin Su",,,"مهربان علیا","Mehrabān Oliā","چالو","Chālu","Chārli","Elham Izadi and Mehrdad Meshkinfam, field notes 2020",1155,,"","","Turkic 90%; Standard type Persian 10%","Mehrdad Meshkinfam and Elham Izadi, field notes 2020",35.56599,48.32238,""
"","64f033874349bbe1086abaf86972f82a","10-1d78718601d9cb49cfd63993c51373a3","1130805","همدان","Hamadān","کبودراهنگ","Kabudrāhang","شیرین سو","Shirin Su",,,"مهربان علیا","Mehrabān Oliā","سرخاب","Sorkh Āb","Sorkhāb","Elham Izadi and Mehrdad Meshkinfam, field notes 2020",569,,"","","Turkic 90%; Standard type Persian 10%","Mehrdad Meshkinfam and Elham Izadi, field notes 2020",35.66907,48.19371,""
"","64f033874349bbe1086abaf86972ef19","10-d8fd06582aadfcc14d29b3515aff610b","1130806","همدان","Hamadān","کبودراهنگ","Kabudrāhang","شیرین سو","Shirin Su",,,"مهربان علیا","Mehrabān Oliā","قوشجه","Qushjeh","Qushijā, Qushja","Elham Izadi and Mehrdad Meshkinfam, field notes 2020",171,,"","","Turkic 90%; Standard type Persian 10%","Mehrdad Meshkinfam and Elham Izadi, field notes 2020",35.66391,48.30536,""
"","64f033874349bbe1086abaf86973a203","10-46421944b1971fa0c474b61edac3d7ce","1130807","همدان","Hamadān","کبودراهنگ","Kabudrāhang","شیرین سو","Shirin Su",,,"مهربان علیا","Mehrabān Oliā","مسجدین","Masjedin","Masjedlar","Elham Izadi and Mehrdad Meshkinfam, field notes 2020",1714,,"","","Turkic 90%; Standard type Persian 10%","Mehrdad Meshkinfam and Elham Izadi, field notes 2020",35.545507,48.268201,""
"","64f033874349bbe1086abaf869739621","10-02a51ca079790e97944969896bc12b7d","1130808","همدان","Hamadān","کبودراهنگ","Kabudrāhang","شیرین سو","Shirin Su","شیرین سو","Shirin Su",,,,,"Shirin Su","Elham Izadi and Mehrdad Meshkinfam, field notes 2020",3060,,"","","Turkic 90%; Standard type Persian 10%","Mehrdad Meshkinfam and Elham Izadi, field notes 2020",35.49190733,48.45106373,""
"","64f033874349bbe1086abaf869739030","10-d7fa7ea081df1c865d574ae588bde612","1130812","همدان","Hamadān","اسد آباد","Asad Ābād","مرکزی","Markazi",,,"جلگه","Jolgeh","پل شکسته","Pol Shekasteh","Pol Shekaste","Elham Izadi and Mehrdad Meshkinfam, field notes 2020",399,,"","","Laki 90%; Standard type Persian 10%","Mehrdad Meshkinfam and Elham Izadi, field notes 2020",34.63041,48.0454,""
"","64f033874349bbe1086abaf869738759","10-fd8bbcc0114277e0c0f6d1eca90152e6","1130813","همدان","Hamadān","اسد آباد","Asad Ābād","مرکزی","Markazi",,,"جلگه","Jolgeh","ولی آباد","Vali Ābād","Valiyāwā","Elham Izadi and Mehrdad Meshkinfam, field notes 2020",135,,"","","Southern Kurdish 90%; Standard type Persian 10%","Mehrdad Meshkinfam and Elham Izadi, field notes 2020",34.64353633,48.06483333,""
"","64f033874349bbe1086abaf86973845c","10-0f91de371c1423de40a8e2c2141147da","1130814","همدان","Hamadān","اسد آباد","Asad Ābād","مرکزی","Markazi",,,"جلگه","Jolgeh","پیفانج","Pifānaj","Pifiyānazh","Elham Izadi and Mehrdad Meshkinfam, field notes 2020",251,,"","","Southern Kurdish 90%; Standard type Persian 10%","Mehrdad Meshkinfam and Elham Izadi, field notes 2020",34.61535,48.01523,""
"","64f033874349bbe1086abaf869738201","10-ce88442c7d56c25ca3d4a37d3fa85b09","1130815","همدان","Hamadān","اسد آباد","Asad Ābād","مرکزی","Markazi",,,"جلگه","Jolgeh","پیرشمس الدین","Pir Shams-ed-Din","Pir Shamsēn ","Elham Izadi and Mehrdad Meshkinfam, field notes 2020",450,,"","","Southern Kurdish 50%; Turkic 40%; Standard type Persian 10%","Mehrdad Meshkinfam and Elham Izadi, field notes 2020",34.65908,48.01374,""
"","64f033874349bbe1086abaf8697381ac","10-a576a1688f33684055d506e0a431ebbd","1130816","همدان","Hamadān","اسد آباد","Asad Ābād","مرکزی","Markazi",,,"جلگه","Jolgeh","چشمه قنداب","Cheshmeh Qandāb","Ganow","Elham Izadi and Mehrdad Meshkinfam, field notes 2020",267,,"","","Laki 90%; Standard type Persian 10%","Mehrdad Meshkinfam and Elham Izadi, field notes 2020",34.62828,48.09199,""
"","64f033874349bbe1086abaf869737fb6","10-fa913637a0c3df79582fc3ab534f6497","1130817","همدان","Hamadān","اسد آباد","Asad Ābād","مرکزی","Markazi",,,"جلگه","Jolgeh","دولت آباد","Dowlat Ābād","Dowlatāwā","Elham Izadi and Mehrdad Meshkinfam, field notes 2020",214,,"","","Southern Kurdish 90%; Standard type Persian 10%","Mehrdad Meshkinfam and Elham Izadi, field notes 2020",34.67776,48.0163,""
"","64f033874349bbe1086abaf869737f00","10-0a7e96b22c919915f7d793018bbffb08","1130818","همدان","Hamadān","اسد آباد","Asad Ābād","مرکزی","Markazi",,,"جلگه","Jolgeh","سیف آباد","Seyf Ābād","Sēfāwā","Elham Izadi and Mehrdad Meshkinfam, field notes 2020",285,,"","","Southern Kurdish 90%; Standard type Persian 10%","Mehrdad Meshkinfam and Elham Izadi, field notes 2020",34.70381,48.03272,""
"","64f033874349bbe1086abaf8697379fa","10-c221a5c727b48ad1647bc56dc712a341","1130819","همدان","Hamadān","اسد آباد","Asad Ābād","مرکزی","Markazi",,,"جلگه","Jolgeh","علی آبادپیرشمس الدین","Ali Ābād-e Pir Shams-ed-Din","Aliyābād Pir Shamseddin","Elham Izadi and Mehrdad Meshkinfam, field notes 2020",84,,"","","Southern Kurdish 90%; Standard type Persian 10%","Mehrdad Meshkinfam and Elham Izadi, field notes 2020",34.66822867,48.00275567,""
"","64f033874349bbe1086abaf86973ee1b","12-2427f6835d4bd704a1fd5f29c80059a5","1130820","همدان","Hamadān","اسد آباد","Asad Ābād","مرکزی","Markazi",,,"جلگه","Jolgeh","موسی آباد","Musā Ābād","Misiyāwā","Elham Izadi and Mehrdad Meshkinfam, field notes 2020",1637,,"","","Southern Kurdish 90%; Standard type Persian 10%","Mehrdad Meshkinfam and Elham Izadi, field notes 2020",34.69253863609611,48.00016154395013,""
"","64f033874349bbe1086abaf86973e50c","10-d5861537df9338ab5d4816a2dd163de2","1130822","همدان","Hamadān","اسد آباد","Asad Ābād","مرکزی","Markazi",,,"چهاردولی","Chahār Dowli","امین آباد","Amin Ābād","Amināwā","Elham Izadi and Mehrdad Meshkinfam, field notes 2020",40,,"","","Southern Kurdish 90%; Standard type Persian 10%","Mehrdad Meshkinfam and Elham Izadi, field notes 2020",34.85434,48.04669,""
"","64f033874349bbe1086abaf86973db12","10-b37e332f89c61e10d726061ac73781be","1130823","همدان","Hamadān","اسد آباد","Asad Ābād","مرکزی","Markazi",,,"چهاردولی","Chahār Dowli","چشمه ولد","Cheshmeh Valad","Cheshme Valad","Elham Izadi and Mehrdad Meshkinfam, field notes 2020",29,,"","","Southern Kurdish 90%; Standard type Persian 10%","Mehrdad Meshkinfam and Elham Izadi, field notes 2020",34.87871,47.98344,""
"","64f033874349bbe1086abaf86973cda4","10-0f9827a6c4b2d5a4f3f91cc4b71c3e5e","1130824","همدان","Hamadān","اسد آباد","Asad Ābād","مرکزی","Markazi",,,"چهاردولی","Chahār Dowli","سیاه کمر","Siāh Kamar","Siyā Kamar","Elham Izadi and Mehrdad Meshkinfam, field notes 2020",36,,"","","Southern Kurdish 90%; Standard type Persian 10%","Mehrdad Meshkinfam and Elham Izadi, field notes 2020",34.88703,48.02795,""
"","64f033874349bbe1086abaf86973cc31","10-53807c796d72bc3a6c9ae151b4a46f80","1130825","همدان","Hamadān","اسد آباد","Asad Ābād","مرکزی","Markazi",,,"چهاردولی","Chahār Dowli","کمک سفلی","Kamak-e Soflā","Kamak-e Sar","Elham Izadi and Mehrdad Meshkinfam, field notes 2020",1047,,"","","Southern Kurdish 90%; Standard type Persian 10%","Mehrdad Meshkinfam and Elham Izadi, field notes 2020",34.88697567,47.96964567,""
"","64f033874349bbe1086abaf86973c70c","10-c52c78f8d4cd635fb3e5a3c5faacdbef","1130826","همدان","Hamadān","اسد آباد","Asad Ābād","مرکزی","Markazi",,,"چهاردولی","Chahār Dowli","کمک علیا","Kamak-e Oliā","Kamak-e Wār","Elham Izadi and Mehrdad Meshkinfam, field notes 2020",218,,"","","Southern Kurdish 90%; Standard type Persian 10%","Mehrdad Meshkinfam and Elham Izadi, field notes 2020",34.89904967,47.94854267,""
"","64f033874349bbe1086abaf86973c080","10-58010b80f289f2f50d779c8717d0a69a","1130827","همدان","Hamadān","اسد آباد","Asad Ābād","مرکزی","Markazi",,,"چهاردولی","Chahār Dowli","نعمت آباد","Ne'mat Ābād","Nematāwā","Elham Izadi and Mehrdad Meshkinfam, field notes 2020",187,,"","","Turkic 90%; Standard type Persian 10%","Mehrdad Meshkinfam and Elham Izadi, field notes 2020",34.864331,48.032452,""
"","64f033874349bbe1086abaf86973b7b1","10-e2367ba1016642352143bc462ef67902","1130828","همدان","Hamadān","اسد آباد","Asad Ābād","مرکزی","Markazi",,,"چهاردولی","Chahār Dowli","آقاجان بلاغی","Āqājān Bolāghi","Āghājān Bolāghi","Elham Izadi and Mehrdad Meshkinfam, field notes 2020",242,,"","","Southern Kurdish 90%; Standard type Persian 10%","Mehrdad Meshkinfam and Elham Izadi, field notes 2020",34.84613,48.05458,""
"","64f033874349bbe1086abaf86973ad11","10-31eb3268afa55386ce794864a2abc061","1130829","همدان","Hamadān","اسد آباد","Asad Ābād","مرکزی","Markazi",,,"چهاردولی","Chahār Dowli","ایوراع","Ivarrā'","Ivarrā","Elham Izadi and Mehrdad Meshkinfam, field notes 2020",347,,"","","Southern Kurdish 90%; Standard type Persian 10%","Mehrdad Meshkinfam and Elham Izadi, field notes 2020",34.83857,48.01173,""
"","64f033874349bbe1086abaf86973a9c5","10-64977767c553334da426c19a8b5684ac","1130830","همدان","Hamadān","اسد آباد","Asad Ābād","مرکزی","Markazi",,,"چهاردولی","Chahār Dowli","علی آباد ایوراع","Ali Ābād-e Ivarrā'","Aliyābād-e Ivarrā","Elham Izadi and Mehrdad Meshkinfam, field notes 2020",236,,"","","Southern Kurdish 90%; Standard type Persian 10%","Mehrdad Meshkinfam and Elham Izadi, field notes 2020",34.66778,48.0031,""
"","64f033874349bbe1086abaf869743379","10-d71e4f8c3b8ec89dcec93cf9c9d48d8c","1130831","همدان","Hamadān","اسد آباد","Asad Ābād","مرکزی","Markazi",,,"چهاردولی","Chahār Dowli","قره بلاغ","Qareh Bolāgh","Ghara Bolāgh","Elham Izadi and Mehrdad Meshkinfam, field notes 2020",590,,"","","Southern Kurdish 90%; Standard type Persian 10%","Mehrdad Meshkinfam and Elham Izadi, field notes 2020",35.55993433,48.75389033,""
"","64f033874349bbe1086abaf869742601","10-9ecf78ad29f1d66e4f7fd5dee6c72ff2","1130832","همدان","Hamadān","اسد آباد","Asad Ābād","مرکزی","Markazi",,,"چهاردولی","Chahār Dowli","سیاه گله","Siāh Galeh","Siyā Gala","Elham Izadi and Mehrdad Meshkinfam, field notes 2020",285,,"","","Southern Kurdish 90%; Standard type Persian 10%","Mehrdad Meshkinfam and Elham Izadi, field notes 2020",34.94694,47.9686,""
"","64f033874349bbe1086abaf869741aa8","10-7de8ea441622e65cb00c22ef7c17b27e","1130833","همدان","Hamadān","اسد آباد","Asad Ābād","مرکزی","Markazi",,,"چهاردولی","Chahār Dowli","آهوتپه","Āhu Tappeh","Āhu Tappa","Elham Izadi and Mehrdad Meshkinfam, field notes 2020",305,,"","","Southern Kurdish 90%; Standard type Persian 10%","Mehrdad Meshkinfam and Elham Izadi, field notes 2020",34.93652,48.00134,""
"","64f033874349bbe1086abaf8697418fc","10-4382e1641a6756770a889804551930e5","1130834","همدان","Hamadān","اسد آباد","Asad Ābād","مرکزی","Markazi",,,"چهاردولی","Chahār Dowli","حسن آباد امام","Hasan Ābād-e Emām","Hasanāwā Imām","Elham Izadi and Mehrdad Meshkinfam, field notes 2020",640,,"","","Southern Kurdish 90%; Standard type Persian 10%","Mehrdad Meshkinfam and Elham Izadi, field notes 2020",34.95045,48.05161,""
"","64f033874349bbe1086abaf869740eb8","10-17ab76b5576421318540916afb07a8d1","1130835","همدان","Hamadān","اسد آباد","Asad Ābād","مرکزی","Markazi",,,"چهاردولی","Chahār Dowli","قادرآباد","Qāder Ābād","Ghāderāwā","Elham Izadi and Mehrdad Meshkinfam, field notes 2020",349,,"","","Southern Kurdish 90%; Standard type Persian 10%","Mehrdad Meshkinfam and Elham Izadi, field notes 2020",34.98100833,48.03719933,""
"","64f033874349bbe1086abaf869740d86","10-3138d2fbfcf9224d431e5ea32607b4c0","1130836","همدان","Hamadān","اسد آباد","Asad Ābād","مرکزی","Markazi",,,"چهاردولی","Chahār Dowli","قمشانه","Qomshāneh","Ghamshāna","Elham Izadi and Mehrdad Meshkinfam, field notes 2020",100,,"","","Southern Kurdish 90%; Standard type Persian 10%","Mehrdad Meshkinfam and Elham Izadi, field notes 2020",34.91919833,47.95641333,""
"","64f033874349bbe1086abaf8697408d8","10-82d1dca7465f540fd488cb030cae6bf1","1130837","همدان","Hamadān","اسد آباد","Asad Ābād","مرکزی","Markazi",,,"چهاردولی","Chahār Dowli","ملاولی","Mollā Vali","Mollā Vali","Elham Izadi and Mehrdad Meshkinfam, field notes 2020",139,,"","","Southern Kurdish 90%; Standard type Persian 10%","Mehrdad Meshkinfam and Elham Izadi, field notes 2020",34.94789233,47.94384833,""
"","64f033874349bbe1086abaf86973fcfa","10-75c0aec73fe0d1c64c25d7f839588ffb","1130838","همدان","Hamadān","اسد آباد","Asad Ābād","مرکزی","Markazi",,,"چهاردولی","Chahār Dowli","آق بلاغ","Āq Bolāgh","Āghbolāgh","Elham Izadi and Mehrdad Meshkinfam, field notes 2020",107,,"","","Southern Kurdish 90%; Standard type Persian 10%","Mehrdad Meshkinfam and Elham Izadi, field notes 2020",34.91277,48.02612,""
"","64f033874349bbe1086abaf86973fc3f","10-5104d432f0ddc42bd2254482434ee471","1130839","همدان","Hamadān","اسد آباد","Asad Ābād","مرکزی","Markazi",,,"چهاردولی","Chahār Dowli","چارق","Chāroq","Chāhrogh","Elham Izadi and Mehrdad Meshkinfam, field notes 2020",174,,"","","Turkic 90%; Standard type Persian 10%","Mehrdad Meshkinfam and Elham Izadi, field notes 2020",34.84519,48.0659,""
"","64f033874349bbe1086abaf86973f69a","10-1161e97890f03117cc4521ddb3108049","1130840","همدان","Hamadān","اسد آباد","Asad Ābād","مرکزی","Markazi",,,"چهاردولی","Chahār Dowli","چنارعلیا","Chenār-e Oliā","Chenār-e Oliyā","Elham Izadi and Mehrdad Meshkinfam, field notes 2020",2415,,"","","Turkic 90%; Standard type Persian 10%","Mehrdad Meshkinfam and Elham Izadi, field notes 2020",34.87879,48.07314,""
"","64f033874349bbe1086abaf86974815a","10-11c1162568906b6443f3b3c94b27831f","1130841","همدان","Hamadān","اسد آباد","Asad Ābād","مرکزی","Markazi",,,"چهاردولی","Chahār Dowli","دوبراله","Dubrāleh","Dubrāla","Elham Izadi and Mehrdad Meshkinfam, field notes 2020",237,,"","","Southern Kurdish 90%; Standard type Persian 10%","Mehrdad Meshkinfam and Elham Izadi, field notes 2020",34.90287,48.03521,""
"","64f033874349bbe1086abaf869747723","10-ca8564ed5e87758de5a06e2c7d636d28","1130842","همدان","Hamadān","اسد آباد","Asad Ābād","مرکزی","Markazi",,,"چهاردولی","Chahār Dowli","سمیران","Semirān","Semirān","Elham Izadi and Mehrdad Meshkinfam, field notes 2020",222,,"","","Southern Kurdish 90%; Standard type Persian 10%","Mehrdad Meshkinfam and Elham Izadi, field notes 2020",34.86751,48.04616,""
"","64f033874349bbe1086abaf86974748e","10-68a084b4fdb23e260ad20c1cf765531c","1130843","همدان","Hamadān","اسد آباد","Asad Ābād","مرکزی","Markazi",,,"چهاردولی","Chahār Dowli","قوچ تپه","Quch Tappeh","Ghush Tappa","Elham Izadi and Mehrdad Meshkinfam, field notes 2020",387,,"","","Southern Kurdish 90%; Standard type Persian 10%","Mehrdad Meshkinfam and Elham Izadi, field notes 2020",34.92720133,48.02628533,""
"","64f033874349bbe1086abaf8697468cd","10-97433be7e860399306af5c8f9199dd4b","1130844","همدان","Hamadān","اسد آباد","Asad Ābād","مرکزی","Markazi",,,"چهاردولی","Chahār Dowli","پیرملو","Pir Malu","Pir Mahlu","Elham Izadi and Mehrdad Meshkinfam, field notes 2020",409,,"","","Southern Kurdish 90%; Standard type Persian 10%","Mehrdad Meshkinfam and Elham Izadi, field notes 2020",34.91293,48.06345,""
"","64f033874349bbe1086abaf869746576","10-b3681b1526950a2e869ff2d5d77b985c","1130845","همدان","Hamadān","اسد آباد","Asad Ābād","مرکزی","Markazi",,,"چهاردولی","Chahār Dowli","محمد آباد","Mohammad Ābād","Mamadāwā","Elham Izadi and Mehrdad Meshkinfam, field notes 2020",466,,"","","Southern Kurdish 90%; Standard type Persian 10%","Mehrdad Meshkinfam and Elham Izadi, field notes 2020",34.89459933,48.07470633,""
"","64f033874349bbe1086abaf869745e73","10-1c7bfdc348058b74f66c566ed8391867","1130846","همدان","Hamadān","اسد آباد","Asad Ābād","مرکزی","Markazi",,,"چهاردولی","Chahār Dowli","قراکند","Qarā Kand","Gharā Kan","Elham Izadi and Mehrdad Meshkinfam, field notes 2020",66,,"","","Turkic 90%; Standard type Persian 10%","Mehrdad Meshkinfam and Elham Izadi, field notes 2020",34.95147667,48.10508167,""
"","64f033874349bbe1086abaf869745990","10-fa9da599e301cf81c123193f61fcd388","1130847","همدان","Hamadān","اسد آباد","Asad Ābād","مرکزی","Markazi",,,"چهاردولی","Chahār Dowli","گل دره","Gol Darreh","Gol Darra","Elham Izadi and Mehrdad Meshkinfam, field notes 2020",18,,"","","Southern Kurdish 90%; Standard type Persian 10%","Mehrdad Meshkinfam and Elham Izadi, field notes 2020",34.93008233,48.08233733,""
"","64f033874349bbe1086abaf869744acf","10-d56bc1f36b57ea7a338f0ee6792eaee0","1130849","همدان","Hamadān","اسد آباد","Asad Ābād","مرکزی","Markazi",,,"دربندرود","Darband Rud","بوجین","Bujin","Bowjin ","Elham Izadi and Mehrdad Meshkinfam, field notes 2020",378,,"","","Turkic 90%; Standard type Persian 10%","Mehrdad Meshkinfam and Elham Izadi, field notes 2020",34.80811,48.05778,""
"","64f033874349bbe1086abaf869744356","10-fc07b868206a4b133c54fe6eb488fe96","1130850","همدان","Hamadān","اسد آباد","Asad Ābād","مرکزی","Markazi",,,"دربندرود","Darband Rud","امین آباد","Amin Ābād","Amināwā","Elham Izadi and Mehrdad Meshkinfam, field notes 2020",38,,"","","Southern Kurdish 90%; Standard type Persian 10%","Mehrdad Meshkinfam and Elham Izadi, field notes 2020",34.79126,47.96304,""
"","64f033874349bbe1086abaf8697433a3","10-8f03044f9aa877e3f1126a2b85ce84de","1130851","همدان","Hamadān","اسد آباد","Asad Ābād","مرکزی","Markazi",,,"دربندرود","Darband Rud","بور","Bur","Dē Bur","Elham Izadi and Mehrdad Meshkinfam, field notes 2020",,"(3 or fewer households; population not specified in 2011 Census for reasons of privacy)","","","Southern Kurdish 90%; Standard type Persian 10%","Mehrdad Meshkinfam and Elham Izadi, field notes 2020",34.8085,47.9776,""
"","64f033874349bbe1086abaf86974dc21","10-6bc4458359b5437f33358b26afa5737a","1130852","همدان","Hamadān","اسد آباد","Asad Ābād","مرکزی","Markazi",,,"دربندرود","Darband Rud","سیراوند","Sirāvand","Sirāvan","Elham Izadi and Mehrdad Meshkinfam, field notes 2020",750,,"","","Turkic 90%; Standard type Persian 10%","Mehrdad Meshkinfam and Elham Izadi, field notes 2020",34.79404,47.99682,""
"","64f033874349bbe1086abaf86974d18a","10-9f05511859ace5e175d239019682923f","1130853","همدان","Hamadān","اسد آباد","Asad Ābād","مرکزی","Markazi",,,"دربندرود","Darband Rud","قاضی مردان","Qāzi Mardān","Ghāzi Mardān","Elham Izadi and Mehrdad Meshkinfam, field notes 2020",213,,"","","Turkic 90%; Standard type Persian 10%","Mehrdad Meshkinfam and Elham Izadi, field notes 2020",34.77644233,48.01411533,""
"","64f033874349bbe1086abaf86974cf0e","10-0ec784ac82aa9fbc4150a28c6510cc71","1130854","همدان","Hamadān","اسد آباد","Asad Ābād","مرکزی","Markazi",,,"دربندرود","Darband Rud","خاکریز","Khākriz","Khākriz","Elham Izadi and Mehrdad Meshkinfam, field notes 2020",1117,,"","","Turkic 55%; Southern Kurdish 45%","Mehrdad Meshkinfam and Elham Izadi, field notes 2020",34.78151733,48.08398633,""
"","64f033874349bbe1086abaf86974c5d6","10-c9ba99dc119bd7118cd695ad13e35478","1130855","همدان","Hamadān","اسد آباد","Asad Ābād","مرکزی","Markazi",,,"دربندرود","Darband Rud","ده نو","Deh Now","Dēnow","Elham Izadi and Mehrdad Meshkinfam, field notes 2020",735,,"","","Southern Kurdish 90%; Standard type Persian 10%","Mehrdad Meshkinfam and Elham Izadi, field notes 2020",34.75452,48.03809,""
"","64f033874349bbe1086abaf86974b8f5","10-0055ebaf2997fe7f9f121ed02188aca7","1130856","همدان","Hamadān","اسد آباد","Asad Ābād","مرکزی","Markazi",,,"دربندرود","Darband Rud","گذرگجین","Gozar Kajin","Gozar Kajin","Elham Izadi and Mehrdad Meshkinfam, field notes 2020",1189,,"","","Turkic 90%; Standard type Persian 10%","Mehrdad Meshkinfam and Elham Izadi, field notes 2020",34.79045441,48.0469194,""
"","64f033874349bbe1086abaf86974b2b3","10-37e8915f058b63b0f6c41a9df78e7951","1130857","همدان","Hamadān","اسد آباد","Asad Ābād","مرکزی","Markazi",,,"دربندرود","Darband Rud","لطیف","Latif","Latif","Elham Izadi and Mehrdad Meshkinfam, field notes 2020",175,,"","","Turkic 90%; Standard type Persian 10%","Mehrdad Meshkinfam and Elham Izadi, field notes 2020",34.74440333,48.05555533,""
"","64f033874349bbe1086abaf86974a964","10-7c3f8d3147503070d42a31834e146983","1130858","همدان","Hamadān","اسد آباد","Asad Ābād","مرکزی","Markazi",,,"دربندرود","Darband Rud","احمد آباد","Ahmad Ābād","Ahmadāwā","Elham Izadi and Mehrdad Meshkinfam, field notes 2020",641,,"","","Turkic 90%; Standard type Persian 10%","Mehrdad Meshkinfam and Elham Izadi, field notes 2020",34.73272,48.03742,""
"","64f033874349bbe1086abaf869749b33","10-f2bd561ac80c4f9aabda914553739f28","1130859","همدان","Hamadān","اسد آباد","Asad Ābād","مرکزی","Markazi",,,"دربندرود","Darband Rud","یوسف آباد","Yusef Ābād","Yusefāwā","Elham Izadi and Mehrdad Meshkinfam, field notes 2020",1126,,"","","Southern Kurdish 80%; Turkic 20%","Mehrdad Meshkinfam and Elham Izadi, field notes 2020",34.756622,48.023892,""
"","64f033874349bbe1086abaf86974918a","10-c4ff817997c6c1cd6024a4ec0f5680c4","1130860","همدان","Hamadān","اسد آباد","Asad Ābād","مرکزی","Markazi",,,"دربندرود","Darband Rud","چنارسفلی","Chenār-e Soflā","Chenār-e Soflā","Elham Izadi and Mehrdad Meshkinfam, field notes 2020",4209,,"","","Northern Lori 80%; Standard type Persian 20%","Mehrdad Meshkinfam and Elham Izadi, field notes 2020",34.76912,47.97842,""
"","64f033874349bbe1086abaf8697487a9","10-6d9837574efb0ec9631c8375f2429efb","1130861","همدان","Hamadān","اسد آباد","Asad Ābād","مرکزی","Markazi",,,"دربندرود","Darband Rud","حسام آباد","Hesām Ābād","Hesāmāwā","Elham Izadi and Mehrdad Meshkinfam, field notes 2020",2134,,"","","Turkic 90%; Standard type Persian 10%","Mehrdad Meshkinfam and Elham Izadi, field notes 2020",34.74098,48.00567,""
"","64f033874349bbe1086abaf869751bc0","10-14f66ba95ca6fc564a6aa3b3f7cef326","1130862","همدان","Hamadān","اسد آباد","Asad Ābād","مرکزی","Markazi",,,"دربندرود","Darband Rud","دهنوش","Deh Nush","Dē Nōsh","Elham Izadi and Mehrdad Meshkinfam, field notes 2020",238,,"","","Turkic 90%; Standard type Persian 10%","Mehrdad Meshkinfam and Elham Izadi, field notes 2020",34.76171,48.00545,""
"","64f033874349bbe1086abaf869751001","10-c9f0f0c8d56d3605a269c52597cba282","1130864","همدان","Hamadān","اسد آباد","Asad Ābād","مرکزی","Markazi",,,"سیدجمال الدین","Seyyed Jamāl-ed-Din","ملهم دره","Malham Darreh","Malamdar","Elham Izadi and Mehrdad Meshkinfam, field notes 2020",389,,"","","Turkic 90%; Standard type Persian 10%","Mehrdad Meshkinfam and Elham Izadi, field notes 2020",34.83126667,48.14485367,""
"","64f033874349bbe1086abaf8697508e2","10-553cb8323023fca79bc1dd7f6b3ff907","1130865","همدان","Hamadān","اسد آباد","Asad Ābād","مرکزی","Markazi",,,"سیدجمال الدین","Seyyed Jamāl-ed-Din","اشترجین","Oshtorjin","Oshtorjin","Elham Izadi and Mehrdad Meshkinfam, field notes 2020",42,,"","","Turkic 90%; Standard type Persian 10%","Mehrdad Meshkinfam and Elham Izadi, field notes 2020",34.77577367,48.17242167,""
"","64f033874349bbe1086abaf869750624","10-e927d576bd9bf3edc6f9a126ed69797d","1130866","همدان","Hamadān","اسد آباد","Asad Ābād","مرکزی","Markazi",,,"سیدجمال الدین","Seyyed Jamāl-ed-Din","بیاج","Biāj","Biyāzh","Elham Izadi and Mehrdad Meshkinfam, field notes 2020",110,,"","","Turkic 90%; Standard type Persian 10%","Mehrdad Meshkinfam and Elham Izadi, field notes 2020",34.81416,48.09847,""
"","64f033874349bbe1086abaf86974fa6d","10-07fd8c66cd41098cc89eb166a21da8a9","1130867","همدان","Hamadān","اسد آباد","Asad Ābād","مرکزی","Markazi",,,"سیدجمال الدین","Seyyed Jamāl-ed-Din","ترخین آباد","Tarkhin Ābād","Tarkhināwā","Elham Izadi and Mehrdad Meshkinfam, field notes 2020",633,,"","","Turkic 90%; Standard type Persian 10%","Mehrdad Meshkinfam and Elham Izadi, field notes 2020",34.8163,48.12199,""
"","64f033874349bbe1086abaf86974fa59","10-b18f2dd7779439f0651341403c127d39","1130868","همدان","Hamadān","اسد آباد","Asad Ābād","مرکزی","Markazi",,,"سیدجمال الدین","Seyyed Jamāl-ed-Din","شهراب","Shahr Āb","Shahrow","Elham Izadi and Mehrdad Meshkinfam, field notes 2020",96,,"","","Turkic 50%; Southern Kurdish 40%; Standard type Persian 10%","Mehrdad Meshkinfam and Elham Izadi, field notes 2020",34.79859,48.16035,""
"","64f033874349bbe1086abaf86974f833","10-e319e60ed42aabbc33d82008486ae461","1130869","همدان","Hamadān","اسد آباد","Asad Ābād","مرکزی","Markazi",,,"سیدجمال الدین","Seyyed Jamāl-ed-Din","بادخوره","Bādkhoreh","Badkhora","Elham Izadi and Mehrdad Meshkinfam, field notes 2020",2105,,"","","Turkic 90%; Standard type Persian 10%","Mehrdad Meshkinfam and Elham Izadi, field notes 2020",34.74268,48.07849,""
"","64f033874349bbe1086abaf86974f63d","10-45a5af3ea0dbf052b8bbe791350a9386","1130870","همدان","Hamadān","اسد آباد","Asad Ābād","مرکزی","Markazi",,,"سیدجمال الدین","Seyyed Jamāl-ed-Din","خنداب","Khondāb","Khonow","Elham Izadi and Mehrdad Meshkinfam, field notes 2020",85,,"","","Laki 90%; Standard type Persian 10%","Mehrdad Meshkinfam and Elham Izadi, field notes 2020",34.763,48.206155,""
"","64f033874349bbe1086abaf86974ef4a","10-53a54b4c5804086246ebf21f4608bd5b","1130871","همدان","Hamadān","اسد آباد","Asad Ābād","مرکزی","Markazi",,,"سیدجمال الدین","Seyyed Jamāl-ed-Din","قاسم آباد","Qasem Ābād","Ghasmāwā","Elham Izadi and Mehrdad Meshkinfam, field notes 2020",21,,"","","Southern Kurdish 90%; Standard type Persian 10%","Mehrdad Meshkinfam and Elham Izadi, field notes 2020",34.67537175,47.97197336,""
"","64f033874349bbe1086abaf86974e8c4","10-4d0755bcaaddf5f22f8236d23fffa595","1130872","همدان","Hamadān","اسد آباد","Asad Ābād","مرکزی","Markazi",,,"سیدجمال الدین","Seyyed Jamāl-ed-Din","گوانلو","Gavānlu ","Guānla ","Elham Izadi and Mehrdad Meshkinfam, field notes 2020",61,,"","","Southern Kurdish 90%; Standard type Persian 10%","Mehrdad Meshkinfam and Elham Izadi, field notes 2020",34.71137667,48.14366367,""
"","64f033874349bbe1086abaf869757749","10-4c494c25705beea859e061841ecbe6ae","1130873","همدان","Hamadān","اسد آباد","Asad Ābād","مرکزی","Markazi",,,"سیدجمال الدین","Seyyed Jamāl-ed-Din","ویرایی","Virāi","Shirazil","Elham Izadi and Mehrdad Meshkinfam, field notes 2020",326,,"","","Northern Lori 90%; Standard type Persian 10%","Mehrdad Meshkinfam and Elham Izadi, field notes 2020",34.72212267,48.22632067,""
"","64f033874349bbe1086abaf869757109","10-b2068e2cee946d07a69ce701459553ff","1130874","همدان","Hamadān","اسد آباد","Asad Ābād","مرکزی","Markazi",,,"سیدجمال الدین","Seyyed Jamāl-ed-Din","هودرج","Hudaraj","Hüdara","Elham Izadi and Mehrdad Meshkinfam, field notes 2020",664,,"","","Turkic 90%; Standard type Persian 10%","Mehrdad Meshkinfam and Elham Izadi, field notes 2020",34.73530833,48.16290633,""
"","64f033874349bbe1086abaf869756920","10-4590e01f25ddb8febb11bb65ae2a782e","1130875","همدان","Hamadān","اسد آباد","Asad Ābād","مرکزی","Markazi",,,"سیدجمال الدین","Seyyed Jamāl-ed-Din","ایستگاه زمینی ارتباطات ماهواره ای شهید قندی","Istgāh-e Zamini-e Ertebātāt-e Māhvārei-ye Shahid Qandi ","Māwāra","Elham Izadi and Mehrdad Meshkinfam, field notes 2020",,"(3 or fewer households; population not specified in 2011 Census for reasons of privacy)","","","mixed 90%; Standard type Persian 10%","Mehrdad Meshkinfam and Elham Izadi, field notes 2020",34.75718042,48.0945718,""
"","64f033874349bbe1086abaf869755ec8","10-f110bcea0e3a91328e8332a3964f2b6e","1130876","همدان","Hamadān","اسد آباد","Asad Ābād","مرکزی","Markazi",,,"سیدجمال الدین","Seyyed Jamāl-ed-Din","دهگلان","Deh Golān","Dē Bezān","Elham Izadi and Mehrdad Meshkinfam, field notes 2020",213,,"","","Southern Kurdish 90%; Standard type Persian 10%","Mehrdad Meshkinfam and Elham Izadi, field notes 2020",34.71056,48.10229,""
"","64f033874349bbe1086abaf8697556ba","10-a0d1adc297a31735ae6015bea39e429f","1130877","همدان","Hamadān","اسد آباد","Asad Ābād","مرکزی","Markazi",,,"سیدجمال الدین","Seyyed Jamāl-ed-Din","حاجی آباد","Hāji Ābād","Hājiyāwā","Elham Izadi and Mehrdad Meshkinfam, field notes 2020",,"(3 or fewer households; population not specified in 2011 Census for reasons of privacy)","","","Southern Kurdish 90%; Standard type Persian 10%","Mehrdad Meshkinfam and Elham Izadi, field notes 2020",34.700298,48.179438,""
"","64f033874349bbe1086abaf8697552a1","10-da10e951f588b917af7f05e120389ba4","1130878","همدان","Hamadān","اسد آباد","Asad Ābād","مرکزی","Markazi",,,"سیدجمال الدین","Seyyed Jamāl-ed-Din","شیلاندرسفلی","Shilāndar-e Soflā","Shalāndār-e Wāṛ","Elham Izadi and Mehrdad Meshkinfam, field notes 2020",73,,"","","Laki 90%; Standard type Persian 10%","Mehrdad Meshkinfam and Elham Izadi, field notes 2020",34.66329,48.15346,""
"","64f033874349bbe1086abaf869754491","10-f5c98044d16e90a4f3c41060023a8a11","1130879","همدان","Hamadān","اسد آباد","Asad Ābād","مرکزی","Markazi",,,"سیدجمال الدین","Seyyed Jamāl-ed-Din","هلورسفلی","Holvar-e Soflā","Holwar-e Wāṛ","Elham Izadi and Mehrdad Meshkinfam, field notes 2020",241,,"","","Southern Kurdish 90%; Standard type Persian 10%","Mehrdad Meshkinfam and Elham Izadi, field notes 2020",34.678148,48.131577,""
"","64f033874349bbe1086abaf8697535d2","10-2b68e78371782e4249fdfb2c4340db4b","1130880","همدان","Hamadān","اسد آباد","Asad Ābād","مرکزی","Markazi",,,"سیدجمال الدین","Seyyed Jamāl-ed-Din","هلورعلیا","Holvar-e Oliā","Holwar-e Sar","Elham Izadi and Mehrdad Meshkinfam, field notes 2020",414,,"","","Turkic 70%; Southern Kurdish 20%; Standard type Persian 10%","Mehrdad Meshkinfam and Elham Izadi, field notes 2020",34.69331767,48.16508167,""
"","64f033874349bbe1086abaf869752614","10-b8c82ac62b334452b4b7b44b7f24fc01","1130881","همدان","Hamadān","اسد آباد","Asad Ābād","مرکزی","Markazi",,,"سیدجمال الدین","Seyyed Jamāl-ed-Din","نصرت آباد بهراز","Nosrat Ābād-e Behrāz","Nosratāwā Birāz","Elham Izadi and Mehrdad Meshkinfam, field notes 2020",778,,"","","Southern Kurdish 50%; Turkic 40%; Standard type Persian 10%","Mehrdad Meshkinfam and Elham Izadi, field notes 2020",34.69240733,48.08378033,""
"","64f033874349bbe1086abaf869751f0b","10-faf14abe25abd22f520034c89eca2f9c","1130882","همدان","Hamadān","اسد آباد","Asad Ābād","مرکزی","Markazi",,,"سیدجمال الدین","Seyyed Jamāl-ed-Din","وندرآباد","Vender Ābād","Wenderāwā","Elham Izadi and Mehrdad Meshkinfam, field notes 2020",1842,,"","","Laki 90%; Standard type Persian 10%","Mehrdad Meshkinfam and Elham Izadi, field notes 2020",34.669492,48.077959,""
"","64f033874349bbe1086abaf86975df7c","10-c54a3421a2d76ed09605c3deda1870cd","1130883","همدان","Hamadān","اسد آباد","Asad Ābād","مرکزی","Markazi",,,"سیدجمال الدین","Seyyed Jamāl-ed-Din","جنت آباد","Jannat Ābād","Jannatāwā","Elham Izadi and Mehrdad Meshkinfam, field notes 2020",2729,,"","","Turkic 90%; Standard type Persian 10%","Mehrdad Meshkinfam and Elham Izadi, field notes 2020",34.73055,48.0913,""
"","64f033874349bbe1086abaf86975d05f","10-790b713c9899a31bbd04baa6457a4d1f","1130884","همدان","Hamadān","اسد آباد","Asad Ābād","مرکزی","Markazi",,,"سیدجمال الدین","Seyyed Jamāl-ed-Din","مزرعه بید","Mazra'eh-ye Bid","Mazra Wēd","Elham Izadi and Mehrdad Meshkinfam, field notes 2020",1957,,"","","Turkic 90%; Standard type Persian 10%","Mehrdad Meshkinfam and Elham Izadi, field notes 2020",34.73438367,48.08313767,""
"","64f033874349bbe1086abaf86975c90e","10-1b6518836fdfa969022eb6a7c7f0fcd6","1130885","همدان","Hamadān","اسد آباد","Asad Ābād","مرکزی","Markazi","اسد آباد","Asad Ābād",,,,,"Sahvā, Asdābād","Elham Izadi and Mehrdad Meshkinfam, field notes 2020",55024,,"","","Northern Lori 35%; Southern Kurdish 25%; Standard type Persian 20%; Turkic 15%; Laki 5%","Mehrdad Meshkinfam and Elham Izadi, field notes 2020",34.78174001,48.12195245,""
"","64f033874349bbe1086abaf86975ba9f","10-a9987ce2c136e0a36d7dbd1de39b59b9","1130888","همدان","Hamadān","اسد آباد","Asad Ābād","پیرسلمان","Pir Salmān",,,"پیرسلمان","Pir Salmān","آجین","Ājin","Ājin","Elham Izadi and Mehrdad Meshkinfam, field notes 2020",3194,,"","","Turkic 90%; Standard type Persian 10%","Mehrdad Meshkinfam and Elham Izadi, field notes 2020",34.7344717,47.92837808,""
"","64f033874349bbe1086abaf86975b10b","10-479afdf465492c15c0e0bc60d27cbca1","1130889","همدان","Hamadān","اسد آباد","Asad Ābād","پیرسلمان","Pir Salmān",,,"پیرسلمان","Pir Salmān","النجه","Alanjeh","Halenja","Elham Izadi and Mehrdad Meshkinfam, field notes 2020",157,,"","","Turkic 90%; Standard type Persian 10%","Mehrdad Meshkinfam and Elham Izadi, field notes 2020",34.75065,47.9603,""
"","64f033874349bbe1086abaf86975a3a9","10-c32f3a7acfc7fe6ec2f7b72c4f6483ed","1130890","همدان","Hamadān","اسد آباد","Asad Ābād","پیرسلمان","Pir Salmān",,,"پیرسلمان","Pir Salmān","صادق آباد","Sādeq Ābād","Sādeghāwā","Elham Izadi and Mehrdad Meshkinfam, field notes 2020",263,,"","","Southern Kurdish 90%; Standard type Persian 10%","Mehrdad Meshkinfam and Elham Izadi, field notes 2020",34.69118,47.92388,""
"","64f033874349bbe1086abaf8697595e1","10-50cc9dbfc6023d37c1df815f2b60bc0c","1130891","همدان","Hamadān","اسد آباد","Asad Ābād","پیرسلمان","Pir Salmān",,,"پیرسلمان","Pir Salmān","گنجه","Ganjeh","Ganja","Elham Izadi and Mehrdad Meshkinfam, field notes 2020",153,,"","","Turkic 90%; Standard type Persian 10%","Mehrdad Meshkinfam and Elham Izadi, field notes 2020",34.73956,47.955127,""
"","64f033874349bbe1086abaf869758936","10-26c22598ba1ff1446c1157f42a38ec0e","1130892","همدان","Hamadān","اسد آباد","Asad Ābād","پیرسلمان","Pir Salmān",,,"پیرسلمان","Pir Salmān","جعفرآباد","Ja'far Ābād","Jahfarāwā","Elham Izadi and Mehrdad Meshkinfam, field notes 2020",153,,"","","Turkic 90%; Standard type Persian 10%","Mehrdad Meshkinfam and Elham Izadi, field notes 2020",34.75322,47.91261,""
"","64f033874349bbe1086abaf869758632","10-28ae55c7959926dc91dc462e9a6d61f4","1130893","همدان","Hamadān","اسد آباد","Asad Ābād","پیرسلمان","Pir Salmān",,,"پیرسلمان","Pir Salmān","ماوی","Māvi","Mahwā","Elham Izadi and Mehrdad Meshkinfam, field notes 2020",211,,"","","Southern Kurdish 90%; Standard type Persian 10%","Mehrdad Meshkinfam and Elham Izadi, field notes 2020",34.78055767,47.90691667,""
"","64f033874349bbe1086abaf8697578c6","10-03e00155ee9e94faaa6d8bfb52cb8be2","1130894","همدان","Hamadān","اسد آباد","Asad Ābād","پیرسلمان","Pir Salmān",,,"پیرسلمان","Pir Salmān","کوانج","Kuānaj","Kuwānaj","Elham Izadi and Mehrdad Meshkinfam, field notes 2020",215,,"","","Southern Kurdish 90%; Standard type Persian 10%","Mehrdad Meshkinfam and Elham Izadi, field notes 2020",34.66387,47.89715,""
"","64f033874349bbe1086abaf869764a17","10-9f815e3018aa9f5a919dbcabf951fd98","1130895","همدان","Hamadān","اسد آباد","Asad Ābād","پیرسلمان","Pir Salmān",,,"پیرسلمان","Pir Salmān","سیردره، گاوگدار","Sir Darreh, Gāv Godār","Gow Godār","Elham Izadi and Mehrdad Meshkinfam, field notes 2020",526,,"","","Southern Kurdish 90%; Standard type Persian 10%","Mehrdad Meshkinfam and Elham Izadi, field notes 2020",34.6863,47.87206,""
"","64f033874349bbe1086abaf869763ce4","10-9b42781ff7821b16c735c2277c68d78b","1130896","همدان","Hamadān","اسد آباد","Asad Ābād","پیرسلمان","Pir Salmān",,,"پیرسلمان","Pir Salmān","گنبله","Gonbaleh","Gomāla","Elham Izadi and Mehrdad Meshkinfam, field notes 2020",404,,"","","Southern Kurdish 90%; Standard type Persian 10%","Mehrdad Meshkinfam and Elham Izadi, field notes 2020",34.61603467,47.97225467,""
"","64f033874349bbe1086abaf86976333d","10-981b737e26450483fa765919d8909a97","1130897","همدان","Hamadān","اسد آباد","Asad Ābād","پیرسلمان","Pir Salmān",,,"پیرسلمان","Pir Salmān","لک لک","Laklak","Laklak","Elham Izadi and Mehrdad Meshkinfam, field notes 2020",1084,,"","","Turkic 90%; Standard type Persian 10%","Mehrdad Meshkinfam and Elham Izadi, field notes 2020",34.66810633,47.94431133,""
"","64f033874349bbe1086abaf869762cf2","10-9ae516ef8776d0d4b687e6a4efba6afe","1130898","همدان","Hamadān","اسد آباد","Asad Ābād","پیرسلمان","Pir Salmān",,,"پیرسلمان","Pir Salmān","نجف آباد","Najaf Ābād","Najafāwā","Elham Izadi and Mehrdad Meshkinfam, field notes 2020",134,,"","","Southern Kurdish 90%; Standard type Persian 10%","Mehrdad Meshkinfam and Elham Izadi, field notes 2020",34.65206933,47.97423533,""
"","64f033874349bbe1086abaf869761d69","10-bcf51a564f08f0fb19127bdfeb7e0152","1130899","همدان","Hamadān","اسد آباد","Asad Ābād","پیرسلمان","Pir Salmān",,,"پیرسلمان","Pir Salmān","بیتروان","Bitrevān","Biterwān","Elham Izadi and Mehrdad Meshkinfam, field notes 2020",446,,"","","Southern Kurdish 90%; Standard type Persian 10%","Mehrdad Meshkinfam and Elham Izadi, field notes 2020",34.65372,47.90925,""
"","64f033874349bbe1086abaf869760df6","10-cfd548daa2f074d783fad4b6711e4f26","1130900","همدان","Hamadān","اسد آباد","Asad Ābād","پیرسلمان","Pir Salmān",,,"پیرسلمان","Pir Salmān","قاسم آباد لک لک","Qāsem Ābād-e Laklak","Ghāsemāwā","Elham Izadi and Mehrdad Meshkinfam, field notes 2020",738,,"","","Southern Kurdish 90%; Standard type Persian 10%","Mehrdad Meshkinfam and Elham Izadi, field notes 2020",34.67678,47.97265,""
"","64f033874349bbe1086abaf869760725","10-3e11ad0636470882b6abd561acc07a10","1130901","همدان","Hamadān","اسد آباد","Asad Ābād","پیرسلمان","Pir Salmān",,,"پیرسلمان","Pir Salmān","نصرت آباد لک لک","Nosrat Ābād-e Laklak","Nosratāwā","Elham Izadi and Mehrdad Meshkinfam, field notes 2020",357,,"","","Southern Kurdish 90%; Standard type Persian 10%","Mehrdad Meshkinfam and Elham Izadi, field notes 2020",34.66462767,47.96312367,""
"","64f033874349bbe1086abaf8697603ef","10-e568ae623893977b9acb41fc95d9aab9","1130902","همدان","Hamadān","اسد آباد","Asad Ābād","پیرسلمان","Pir Salmān",,,"پیرسلمان","Pir Salmān","پیریوسف","Pir Yusef","Pir Yusef","Elham Izadi and Mehrdad Meshkinfam, field notes 2020",447,,"","","Southern Kurdish 90%; Standard type Persian 10%","Mehrdad Meshkinfam and Elham Izadi, field notes 2020",34.68796,47.89355,""
"","64f033874349bbe1086abaf86975f3ff","10-179759fa4915fc8f2d3eaf9f6045d0a3","1130903","همدان","Hamadān","اسد آباد","Asad Ābād","پیرسلمان","Pir Salmān",,,"پیرسلمان","Pir Salmān","حبشی","Habashi","Habashi","Elham Izadi and Mehrdad Meshkinfam, field notes 2020",560,,"","","Southern Kurdish 90%; Standard type Persian 10%","Mehrdad Meshkinfam and Elham Izadi, field notes 2020",34.74214,47.87668,""
"","64f033874349bbe1086abaf86975eca9","10-0e7cdb2ba47d5715b0565b20031be66d","1130904","همدان","Hamadān","اسد آباد","Asad Ābād","پیرسلمان","Pir Salmān",,,"پیرسلمان","Pir Salmān","منورتپه","Monavvar Tappeh","Monawar Tappa","Elham Izadi and Mehrdad Meshkinfam, field notes 2020",343,,"","","Southern Kurdish 90%; Standard type Persian 10%","Mehrdad Meshkinfam and Elham Izadi, field notes 2020",34.72049733,47.91100933,""
"","64f033874349bbe1086abaf869768ae2","10-f19d378ad0e811a93c029e12aa2662f0","1130906","همدان","Hamadān","اسد آباد","Asad Ābād","پیرسلمان","Pir Salmān",,,"کلیائی","Kolyāi","تختی آباد","Takhti Ābād","Takhtiyāwā","Elham Izadi and Mehrdad Meshkinfam, field notes 2020",55,,"","","Southern Kurdish 90%; Standard type Persian 10%","Mehrdad Meshkinfam and Elham Izadi, field notes 2020",34.81298,47.83759,""
"","64f033874349bbe1086abaf8697684f3","10-f9452fb5d3610ad6b7ee52c072e3243f","1130907","همدان","Hamadān","اسد آباد","Asad Ābād","پیرسلمان","Pir Salmān",,,"کلیائی","Kolyāi","چهارچشمه","Chahār Cheshmeh","Chuwār Cheshma","Elham Izadi and Mehrdad Meshkinfam, field notes 2020",80,,"","","Southern Kurdish 90%; Standard type Persian 10%","Mehrdad Meshkinfam and Elham Izadi, field notes 2020",34.78706,47.8487,""
"","64f033874349bbe1086abaf869767bc4","10-18e052fc08549e778af80e5a9b7f387a","1130908","همدان","Hamadān","اسد آباد","Asad Ābād","پیرسلمان","Pir Salmān",,,"کلیائی","Kolyāi","حسین آباد","Hoseyn Ābād","Hoseynāwā","Elham Izadi and Mehrdad Meshkinfam, field notes 2020",162,,"","","Southern Kurdish 90%; Standard type Persian 10%","Mehrdad Meshkinfam and Elham Izadi, field notes 2020",34.83031,47.82393,""
"","64f033874349bbe1086abaf869767b73","10-103d2246fddb64c8db092b31f2c88f66","1130909","همدان","Hamadān","اسد آباد","Asad Ābād","پیرسلمان","Pir Salmān",,,"کلیائی","Kolyāi","طویلان سفلی","Tuylān-e Soflā","Tülān-e Wār","Elham Izadi and Mehrdad Meshkinfam, field notes 2020",991,,"","","Southern Kurdish 90%; Standard type Persian 10%","Mehrdad Meshkinfam and Elham Izadi, field notes 2020",34.80021111,47.86956111,""
"","64f033874349bbe1086abaf869766de7","10-a54557f019f891c39e1430a755990433","1130910","همدان","Hamadān","اسد آباد","Asad Ābād","پیرسلمان","Pir Salmān",,,"کلیائی","Kolyāi","گدارپهن","Godār Pahan","Godār Pahan","Elham Izadi and Mehrdad Meshkinfam, field notes 2020",229,,"","","Southern Kurdish 90%; Standard type Persian 10%","Mehrdad Meshkinfam and Elham Izadi, field notes 2020",34.84810133,47.80858933,""
"","64f033874349bbe1086abaf86976662e","10-615532f4a66b1eaa9570f37970c82df8","1130911","همدان","Hamadān","اسد آباد","Asad Ābād","پیرسلمان","Pir Salmān",,,"کلیائی","Kolyāi","چشمه علی","Cheshmeh Ali","Cheshme Ali","Elham Izadi and Mehrdad Meshkinfam, field notes 2020",67,,"","","Southern Kurdish 90%; Standard type Persian 10%","Mehrdad Meshkinfam and Elham Izadi, field notes 2020",34.83115,47.93229,""
"","64f033874349bbe1086abaf8697662d9","10-845570e41a1ed8e9a1a7fbf2d5b9b790","1130912","همدان","Hamadān","اسد آباد","Asad Ābād","پیرسلمان","Pir Salmān",,,"کلیائی","Kolyāi","حیدرآباد","Heydar Ābād","Heydarābād","Elham Izadi and Mehrdad Meshkinfam, field notes 2020",,"(3 or fewer households; population not specified in 2011 Census for reasons of privacy)","","","Southern Kurdish 90%; Standard type Persian 10%","Mehrdad Meshkinfam and Elham Izadi, field notes 2020",34.82304,47.94378,""
"","64f033874349bbe1086abaf869765dfe","10-aa4e8df417951cd59b57bccbe7e74ccb","1130913","همدان","Hamadān","اسد آباد","Asad Ābād","پیرسلمان","Pir Salmān",,,"کلیائی","Kolyāi","ده بوره","Deh Bureh ","Dē Bur","Elham Izadi and Mehrdad Meshkinfam, field notes 2020",144,,"","","Southern Kurdish 90%; Standard type Persian 10%","Mehrdad Meshkinfam and Elham Izadi, field notes 2020",34.85376,47.88685,""
"","64f033874349bbe1086abaf869765cc0","10-75121eeea6c1fac34ab4a06ba6ee6e7c","1130914","همدان","Hamadān","اسد آباد","Asad Ābād","پیرسلمان","Pir Salmān",,,"کلیائی","Kolyāi","ده سفید","Deh Sefid","Dē Charmi","Elham Izadi and Mehrdad Meshkinfam, field notes 2020",239,,"","","Southern Kurdish 90%; Standard type Persian 10%","Mehrdad Meshkinfam and Elham Izadi, field notes 2020",34.86652,47.8861,""
"","64f033874349bbe1086abaf8697656a3","10-ff872e328a5440a535566511795e6c07","1130915","همدان","Hamadān","اسد آباد","Asad Ābād","پیرسلمان","Pir Salmān",,,"کلیائی","Kolyāi","رستم آباد","Rostam Ābād","Rusamāwā","Elham Izadi and Mehrdad Meshkinfam, field notes 2020",178,,"","","Southern Kurdish 90%; Standard type Persian 10%","Mehrdad Meshkinfam and Elham Izadi, field notes 2020",34.81404,47.87054,""
"","64f033874349bbe1086abaf86976ee72","10-09062c52f4bd68b7e294af7deee1844a","1130916","همدان","Hamadān","اسد آباد","Asad Ābād","پیرسلمان","Pir Salmān",,,"کلیائی","Kolyāi","کینی سایه","Keyni Sāyeh","Giti Sāya","Elham Izadi and Mehrdad Meshkinfam, field notes 2020",370,,"","","Southern Kurdish 90%; Standard type Persian 10%","Mehrdad Meshkinfam and Elham Izadi, field notes 2020",34.82640467,47.88603567,""
"","64f033874349bbe1086abaf86976dec0","10-4dc2c97e8eb021683c5f0081c8588d85","1130917","همدان","Hamadān","اسد آباد","Asad Ābād","پیرسلمان","Pir Salmān",,,"کلیائی","Kolyāi","میوله","Meyvaleh, Miuleh","Mehvala","Elham Izadi and Mehrdad Meshkinfam, field notes 2020",403,,"","","Southern Kurdish 90%; Standard type Persian 10%","Mehrdad Meshkinfam and Elham Izadi, field notes 2020",34.83211,47.855352,""
"","64f033874349bbe1086abaf86976d9e3","10-3eb530e719c03752140ef5687d90af67","1130918","همدان","Hamadān","اسد آباد","Asad Ābād","پیرسلمان","Pir Salmān",,,"کلیائی","Kolyāi","طویلان علیا","Tuylān-e Oliā","Tülān-e Sar","Elham Izadi and Mehrdad Meshkinfam, field notes 2020",428,,"","","Southern Kurdish 90%; Standard type Persian 10%","Mehrdad Meshkinfam and Elham Izadi, field notes 2020",34.81135,47.91269,""
"","64f033874349bbe1086abaf86976d5f5","10-f4c0a0ff834a430bd9f7cb013d2a9a42","1130925","همدان","Hamadān","بهار","Bahār","لالجین","Lālejin",,,"سفالگران","Soffālgarān","چپق لو","Chopoqlu","Chopoqlu","Elham Izadi and Mehrdad Meshkinfam, field notes 2020",459,,"","","Turkic 95%; Standard type Persian 5%","Mehrdad Meshkinfam and Elham Izadi, field notes 2020",35.09458,48.41662,""
"","64f033874349bbe1086abaf86976c759","10-d4f195837676f54c7a7261fb6face168","1130926","همدان","Hamadān","بهار","Bahār","لالجین","Lālejin",,,"سفالگران","Soffālgarān","گنبدان","Gonbadān","Kümazān","Elham Izadi and Mehrdad Meshkinfam, field notes 2020",1159,,"","","Turkic 95%; Standard type Persian 5%","Mehrdad Meshkinfam and Elham Izadi, field notes 2020",35.07055,48.38158,""
"","64f033874349bbe1086abaf86976bea3","10-46a004fcfb2506b7f8cc6d8846ebe38b","1130927","همدان","Hamadān","بهار","Bahār","لالجین","Lālejin",,,"سفالگران","Soffālgarān","جمشید آباد","Jamshid Ābād","Jamshidābād","Elham Izadi and Mehrdad Meshkinfam, field notes 2020",168,,"","","Turkic 95%; Standard type Persian 5%","Mehrdad Meshkinfam and Elham Izadi, field notes 2020",35.09404,48.44572,""
"","64f033874349bbe1086abaf86976b4bb","10-fa8bb1cee071155330cbafa790205f9d","1130928","همدان","Hamadān","بهار","Bahār","لالجین","Lālejin",,,"سفالگران","Soffālgarān","ساری قمیش","Sāri Qamish","Sāre Qamish","Elham Izadi and Mehrdad Meshkinfam, field notes 2020",136,,"","","Turkic 95%; Standard type Persian 5%","Mehrdad Meshkinfam and Elham Izadi, field notes 2020",35.0823,48.46763,""
"","64f033874349bbe1086abaf86976af0f","10-41311d6a60f6b5ee9a9358c8cbfd4856","1130929","همدان","Hamadān","بهار","Bahār","لالجین","Lālejin",,,"سفالگران","Soffālgarān","میرزاحصاری","Mirzā Hesāri","Mirzā Hesāri","Elham Izadi and Mehrdad Meshkinfam, field notes 2020",568,,"","","Turkic 95%; Standard type Persian 5%","Mehrdad Meshkinfam and Elham Izadi, field notes 2020",35.12777,48.45946,""
"","64f033874349bbe1086abaf86976a466","10-d4aac28acf5674811b39d22b56b9c84b","1130930","همدان","Hamadān","بهار","Bahār","لالجین","Lālejin",,,"سفالگران","Soffālgarān","هارون آباد","Hārun Ābād","Hārunāvā","Elham Izadi and Mehrdad Meshkinfam, field notes 2020",827,,"","","Turkic 95%; Standard type Persian 5%","Mehrdad Meshkinfam and Elham Izadi, field notes 2020",34.9952,48.39409,""
"","64f033874349bbe1086abaf8697699d9","10-23a475fdf58ef8c23ada29016052cd8c","1130931","همدان","Hamadān","بهار","Bahār","لالجین","Lālejin",,,"سفالگران","Soffālgarān","دهنجرد","Dahanjerd","Dahanjerd","Elham Izadi and Mehrdad Meshkinfam, field notes 2020",987,,"","","Turkic 95%; Standard type Persian 5%","Mehrdad Meshkinfam and Elham Izadi, field notes 2020",34.96762,48.50073,""
"","64f033874349bbe1086abaf86977402c","10-c87ca9bda1de6f34a19f720759219ec3","1130932","همدان","Hamadān","بهار","Bahār","لالجین","Lālejin",,,"سفالگران","Soffālgarān","گنج تپه","Ganj Tappeh","Ganzh Tappa","Elham Izadi and Mehrdad Meshkinfam, field notes 2020",1817,,"","","Turkic 95%; Standard type Persian 5%","Mehrdad Meshkinfam and Elham Izadi, field notes 2020",34.932527,48.463747,""
"","64f033874349bbe1086abaf869773aa7","10-2aa03e25080fc0a2168b138d4c54fa21","1130933","همدان","Hamadān","بهار","Bahār","لالجین","Lālejin",,,"سفالگران","Soffālgarān","تازه کند","Tāzeh Kand","Tāza Kand","Elham Izadi and Mehrdad Meshkinfam, field notes 2020",2236,,"","","Turkic 95%; Standard type Persian 5%","Mehrdad Meshkinfam and Elham Izadi, field notes 2020",35.41521633,48.99026833,""
"","64f033874349bbe1086abaf869772f5c","10-405ed6fdbdabb2cff19bef8a594c093c","1130934","همدان","Hamadān","بهار","Bahār","لالجین","Lālejin",,,"سفالگران","Soffālgarān","دینار آباد","Dinār Ābād","Dinārāvā","Elham Izadi and Mehrdad Meshkinfam, field notes 2020",2416,,"","","Turkic 95%; Standard type Persian 5%","Mehrdad Meshkinfam and Elham Izadi, field notes 2020",34.95555,48.46319,""
"","64f033874349bbe1086abaf869772b2c","6-e2f85038be4ba2ee45bf24e66141d7bd","1130935","همدان","Hamadān","بهار","Bahār","لالجین","Lālejin",,,"مهاجران","Mohājerān",,,"","",19355,,"","","",,35.07573678,48.6141801,""
"","64f033874349bbe1086abaf86977287f","10-a7aac412796b11e10970c5d2f8921569","1130936","همدان","Hamadān","بهار","Bahār","لالجین","Lālejin",,,"مهاجران","Mohājerān","رایگان سفلی","Rāygān-e Soflā","Rāygān-e Soflā","Elham Izadi and Mehrdad Meshkinfam, field notes 2020",623,,"","","Turkic 95%; Standard type Persian 5%","Mehrdad Meshkinfam and Elham Izadi, field notes 2020",35.06963,48.66532,""
"","64f033874349bbe1086abaf869772260","10-5048e3cea64f5212dd062d8334559792","1130937","همدان","Hamadān","بهار","Bahār","لالجین","Lālejin",,,"مهاجران","Mohājerān","مهاجران","Mohājerān","Mārān","Elham Izadi and Mehrdad Meshkinfam, field notes 2020",7783,,"","","Turkic 95%; Standard type Persian 5%","Mehrdad Meshkinfam and Elham Izadi, field notes 2020",35.07632493,48.61621065,""
"","64f033874349bbe1086abaf869771382","10-d13ac98477f3bb9312ac7ab1d5ed46c2","1130938","همدان","Hamadān","بهار","Bahār","لالجین","Lālejin",,,"مهاجران","Mohājerān","رایگان علیا","Rāygān-e Oliā","Rāygān-e Oliyā","Elham Izadi and Mehrdad Meshkinfam, field notes 2020",374,,"","","Turkic 95%; Standard type Persian 5%","Mehrdad Meshkinfam and Elham Izadi, field notes 2020",35.07307,48.64878,""
"","64f033874349bbe1086abaf869770689","10-55f2e4d8cc36bbc3d452347a1185c7b7","1130939","همدان","Hamadān","بهار","Bahār","لالجین","Lālejin",,,"مهاجران","Mohājerān","راه هموار","Rāh Hamvār","Rāh Hamvār","Elham Izadi and Mehrdad Meshkinfam, field notes 2020",1389,,"","","Turkic 95%; Standard type Persian 5%","Mehrdad Meshkinfam and Elham Izadi, field notes 2020",35.04996,48.62468,""
"","64f033874349bbe1086abaf86977010e","10-7d9e75f5ba646ce10aacd8f75d7b034b","1130942","همدان","Hamadān","بهار","Bahār","لالجین","Lālejin",,,"مهاجران","Mohājerān","کوشک آباد","Kushk Ābād","Kushkāvā","Elham Izadi and Mehrdad Meshkinfam, field notes 2020",1702,,"","","Turkic 95%; Standard type Persian 5%","Mehrdad Meshkinfam and Elham Izadi, field notes 2020",35.04166,48.56222,""
"","64f033874349bbe1086abaf86976f1bc","10-1bef261b04e5ddcac3d8e305603033ba","1130943","همدان","Hamadān","بهار","Bahār","لالجین","Lālejin",,,"مهاجران","Mohājerān","حسین آباد لتگا","Hoseyn Ābād-e Latgā","Hüseynābāt","Elham Izadi and Mehrdad Meshkinfam, field notes 2020",930,,"","","Turkic 95%; Standard type Persian 5%","Mehrdad Meshkinfam and Elham Izadi, field notes 2020",35.01748889,48.58528056,""
"","64f033874349bbe1086abaf869777ab2","10-451cc3a1c9bdeb1c6d7ff673fca70b2f","1130944","همدان","Hamadān","بهار","Bahār","لالجین","Lālejin",,,"مهاجران","Mohājerān","دستجرد","Dastjerd","Dasjerd, Dasgerd","Elham Izadi and Mehrdad Meshkinfam, field notes 2020",3068,,"","","Turkic 95%; Standard type Persian 5%","Mehrdad Meshkinfam and Elham Izadi, field notes 2020",35.00902,48.52509,""
"","64f033874349bbe1086abaf86977755b","10-f11d6d20d42a29538dbc03bcbfd0ba6e","1130945","همدان","Hamadān","بهار","Bahār","لالجین","Lālejin",,,"مهاجران","Mohājerān","سلیمان آباد","Soleymān Ābād","Soleymānāvā","Elham Izadi and Mehrdad Meshkinfam, field notes 2020",663,,"","","Turkic 95%; Standard type Persian 5%","Mehrdad Meshkinfam and Elham Izadi, field notes 2020",34.98581,48.52631,""
"","64f033874349bbe1086abaf869777165","10-80d60b7037a34e9b67deba31c9e2e079","1130947","همدان","Hamadān","بهار","Bahār","لالجین","Lālejin",,,"مهاجران","Mohājerān","آقبلاغ لتگا","Āq Bolāgh-e Latgā","Āq Bulāq","Elham Izadi and Mehrdad Meshkinfam, field notes 2020",715,,"","","Turkic 95%; Standard type Persian 5%","Mehrdad Meshkinfam and Elham Izadi, field notes 2020",34.98609,48.55528,""
"","64f033874349bbe1086abaf869776ecc","10-b9e979f70ba79825b5a824ee4d44ab19","1130948","همدان","Hamadān","بهار","Bahār","لالجین","Lālejin",,,"مهاجران","Mohājerān","لتگا","Latgā","Latgā","Elham Izadi and Mehrdad Meshkinfam, field notes 2020",1934,,"","","Turkic 95%; Standard type Persian 5%","Mehrdad Meshkinfam and Elham Izadi, field notes 2020",34.98971,48.54658,""
"","64f033874349bbe1086abaf869776be3","10-e93a1c2eee884396db8a98721e44abdc","1130949","همدان","Hamadān","بهار","Bahār","لالجین","Lālejin","لالجین","Lālejin",,,,,"Lahlin","Elham Izadi and Mehrdad Meshkinfam, field notes 2020",15291,,"","","Turkic 95%; Standard type Persian 5%","Mehrdad Meshkinfam and Elham Izadi, field notes 2020",34.97464508,48.47562937,""
"","64f033874349bbe1086abaf86977627a","10-633ab281ab4a560a5b9642f762f84af1","1130952","همدان","Hamadān","بهار","Bahār","مرکزی","Markazi",,,"سیمینه رود","Simineh Rud","زاغه","Zāgheh","Zāqa","Elham Izadi and Mehrdad Meshkinfam, field notes 2020",3421,,"","","Turkic 95%; Standard type Persian 5%","Mehrdad Meshkinfam and Elham Izadi, field notes 2020",34.87843,48.34364,""
"","64f033874349bbe1086abaf8697759a8","10-8e64bb2b50c53c8f914690ecb0711995","1130953","همدان","Hamadān","بهار","Bahār","مرکزی","Markazi",,,"سیمینه رود","Simineh Rud","حسین آباد بهار","Hoseyn Ābād-e Bahār","Yāqushā","Elham Izadi and Mehrdad Meshkinfam, field notes 2020",3490,,"","","Turkic 95%; Standard type Persian 5%","Mehrdad Meshkinfam and Elham Izadi, field notes 2020",34.87044,48.36943,""
"","64f033874349bbe1086abaf8697754d6","10-f70045087efbb3bf8c766425438c70a1","1130954","همدان","Hamadān","بهار","Bahār","مرکزی","Markazi",,,"سیمینه رود","Simineh Rud","چایان","Chāyān","Chāyān","Elham Izadi and Mehrdad Meshkinfam, field notes 2020",20,,"","","Turkic 95%; Standard type Persian 5%","Mehrdad Meshkinfam and Elham Izadi, field notes 2020",34.85958,48.40113,""
"","64f033874349bbe1086abaf869775314","10-ff95442a9f6a38759593d703a6091e72","1130955","همدان","Hamadān","بهار","Bahār","مرکزی","Markazi",,,"سیمینه رود","Simineh Rud","حیدره دارامام","Heydareh-ye Dār Emām","Heydara (Turkic), Darre Qul (Kurdish), Heydare Qāzi Khān (local Persian)","Elham Izadi and Mehrdad Meshkinfam, field notes 2020",717,,"","","Turkic 50%; Southern Kurdish 40%; Standard type Persian 10%","Mehrdad Meshkinfam and Elham Izadi, field notes 2020",34.81915,48.34685,""
"","64f033874349bbe1086abaf869774b6c","10-849e6dd5c1ad2fd2debe0752936b9687","1130956","همدان","Hamadān","بهار","Bahār","مرکزی","Markazi",,,"سیمینه رود","Simineh Rud","نور آباد سیمینه","Nur Ābād-e Simineh","Nurāvā","Elham Izadi and Mehrdad Meshkinfam, field notes 2020",429,,"","","Turkic 95%; Standard type Persian 5%","Mehrdad Meshkinfam and Elham Izadi, field notes 2020",34.82316,48.29364,""
"","64f033874349bbe1086abaf86977c1a5","10-c72b7b0b4f24031877947bf59bb21b3f","1130957","همدان","Hamadān","بهار","Bahār","مرکزی","Markazi",,,"سیمینه رود","Simineh Rud","رباط زعفرانی","Robāt-e Za'farāni","Rābāt","Elham Izadi and Mehrdad Meshkinfam, field notes 2020",1159,,"","","Northern Lori 80%; Standard type Persian 20%","Mehrdad Meshkinfam and Elham Izadi, field notes 2020",34.8651,48.33768,""
"","64f033874349bbe1086abaf86977b889","10-d1d59ec3b08df5c87332b567e7f47a25","1130958","همدان","Hamadān","بهار","Bahār","مرکزی","Markazi",,,"سیمینه رود","Simineh Rud","سیمین زاغه","Simin-e Zāgheh","Simin","Elham Izadi and Mehrdad Meshkinfam, field notes 2020",1644,,"","","Northern Lori 80%; Standard type Persian 20%","Mehrdad Meshkinfam and Elham Izadi, field notes 2020",34.87611,48.32256,""
"","64f033874349bbe1086abaf86977aa4b","10-e8746522c666b7fb1b3e262e9c4d6ef1","1130959","همدان","Hamadān","بهار","Bahār","مرکزی","Markazi",,,"سیمینه رود","Simineh Rud","گوشلان","Gushelān","Gushelān","Elham Izadi and Mehrdad Meshkinfam, field notes 2020",262,,"","","Southern Kurdish 45%; Standard type Persian 30%; Turkic 15%; Northern Lori 10%","Mehrdad Meshkinfam and Elham Izadi, field notes 2020",34.83534,48.32224,""
"","64f033874349bbe1086abaf86977a88c","10-de58be30baf17c0625f6a446d154bb28","1130960","همدان","Hamadān","بهار","Bahār","مرکزی","Markazi",,,"سیمینه رود","Simineh Rud","وهنان","Vehnān","Veynān","Elham Izadi and Mehrdad Meshkinfam, field notes 2020",1373,,"","","Turkic 40%; Standard type Persian 30%; Southern Kurdish 30%","Mehrdad Meshkinfam and Elham Izadi, field notes 2020",34.79329,48.29037,""
"","64f033874349bbe1086abaf86977a421","10-642babef019f0514f9dff20020d02dff","1130961","همدان","Hamadān","بهار","Bahār","مرکزی","Markazi",,,"سیمینه رود","Simineh Rud","حصارقره باغی","Hesār-e Qareh Bāghi","Hasār","Elham Izadi and Mehrdad Meshkinfam, field notes 2020",1011,,"","","Turkic 50%; Standard type Persian 30%; Southern Kurdish 20%","Mehrdad Meshkinfam and Elham Izadi, field notes 2020",34.82177,48.26964,""
"","64f033874349bbe1086abaf869779ed3","10-886e8be871d96bb9f762431aace5383f","1130962","همدان","Hamadān","بهار","Bahār","مرکزی","Markazi",,,"سیمینه رود","Simineh Rud","فسیجان","Fesijān","Fesijān (Kurdish, local Persian), Pisijān (Turkic)","Elham Izadi and Mehrdad Meshkinfam, field notes 2020",666,,"","","Southern Kurdish 50%; Standard type Persian 30%; Turkic 20%","Mehrdad Meshkinfam and Elham Izadi, field notes 2020",34.83772,48.30483,""
"","64f033874349bbe1086abaf869779dbb","6-c910675236287c90fb5f93cb757d49ae","1130963","همدان","Hamadān","بهار","Bahār","مرکزی","Markazi",,,"آبرومند","Ābrumand",,,"","",8551,,"","","",,34.90183221,48.32125068,""
"","64f033874349bbe1086abaf869779893","10-d0d207628c08de17caafccd55b39dd6e","1130964","همدان","Hamadān","بهار","Bahār","مرکزی","Markazi",,,"آبرومند","Ābrumand","رسول آباد سفلی","Rasul Ābād-e Soflā","Tājāvā","Elham Izadi and Mehrdad Meshkinfam, field notes 2020",1725,,"","","Southern Kurdish 90%; Standard type Persian 10%","Mehrdad Meshkinfam and Elham Izadi, field notes 2020",34.87578,48.22075,""
"","64f033874349bbe1086abaf869778ade","10-c51e9ddbb4bb452aaab6fd11be3ff3a0","1130965","همدان","Hamadān","بهار","Bahār","مرکزی","Markazi",,,"آبرومند","Ābrumand","رسول آباد علیا","Rasul Ābād-e Oliā","Tājāvā","Elham Izadi and Mehrdad Meshkinfam, field notes 2020",177,,"","","Southern Kurdish 90%; Standard type Persian 10%","Mehrdad Meshkinfam and Elham Izadi, field notes 2020",34.84042,48.2113,""
"","64f033874349bbe1086abaf8697784f8","10-3e4c3ba3c7e18fc6207ed1a1783e1d47","1130966","همدان","Hamadān","بهار","Bahār","مرکزی","Markazi",,,"آبرومند","Ābrumand","آب باریک","Āb Bārik","Ow Barik","Elham Izadi and Mehrdad Meshkinfam, field notes 2020",179,,"","","Turkic 95%; Standard type Persian 5%","Mehrdad Meshkinfam and Elham Izadi, field notes 2020",34.89394,48.27808,""
"","64f033874349bbe1086abaf8697813b6","10-ac2e02309ff5ce6e89733fab62331751","1130967","همدان","Hamadān","بهار","Bahār","مرکزی","Markazi",,,"آبرومند","Ābrumand","چوتاش","Chutāsh","Chütāsh","Elham Izadi and Mehrdad Meshkinfam, field notes 2020",871,,"","","Turkic 95%; Standard type Persian 5%","Mehrdad Meshkinfam and Elham Izadi, field notes 2020",34.83642,48.25452,""
"","64f033874349bbe1086abaf8697807ca","10-fddff4f7e2840d0c32aec7f18d2ac00b","1130968","همدان","Hamadān","بهار","Bahār","مرکزی","Markazi",,,"آبرومند","Ābrumand","سنگ سفید","Sang Sefid","Sang Sefid","Elham Izadi and Mehrdad Meshkinfam, field notes 2020",827,,"","","Turkic 95%; Standard type Persian 5%","Mehrdad Meshkinfam and Elham Izadi, field notes 2020",34.86354,48.28189,""
"","64f033874349bbe1086abaf86978023f","10-dad242dc2ccc9566daadb61108feb78f","1130969","همدان","Hamadān","بهار","Bahār","مرکزی","Markazi",,,"آبرومند","Ābrumand","آبرومند","Ābrumand","Ārmand","Elham Izadi and Mehrdad Meshkinfam, field notes 2020",1874,,"","","Turkic 95%; Standard type Persian 5%","Mehrdad Meshkinfam and Elham Izadi, field notes 2020",34.90226,48.32085,""
"","64f033874349bbe1086abaf86977f29d","10-773654788223a02da15ee8c3ff6e8a46","1130970","همدان","Hamadān","بهار","Bahār","مرکزی","Markazi",,,"آبرومند","Ābrumand","روان","Rovān","Rowān","Elham Izadi and Mehrdad Meshkinfam, field notes 2020",1379,,"","","Turkic 95%; Standard type Persian 5%","Mehrdad Meshkinfam and Elham Izadi, field notes 2020",34.87921,48.29205,""
"","64f033874349bbe1086abaf86977e437","10-f4c5be01032b3c028b55f5be248b6d04","1130971","همدان","Hamadān","بهار","Bahār","مرکزی","Markazi",,,"آبرومند","Ābrumand","اختاچی","Akhtāchi","Akhtāche","Elham Izadi and Mehrdad Meshkinfam, field notes 2020",493,,"","","Southern Kurdish 90%; Standard type Persian 10%","Mehrdad Meshkinfam and Elham Izadi, field notes 2020",34.90689,48.21075,""
"","64f033874349bbe1086abaf86977e06b","10-cafeb3f94a724157709f986168e9fd07","1130972","همدان","Hamadān","بهار","Bahār","مرکزی","Markazi",,,"آبرومند","Ābrumand","چشمه کبود","Cheshmeh Kabud","Cheshme Kabud","Elham Izadi and Mehrdad Meshkinfam, field notes 2020",12,,"","","Turkic 95%; Standard type Persian 5%","Mehrdad Meshkinfam and Elham Izadi, field notes 2020",34.91746,48.24904,""
"","64f033874349bbe1086abaf86977d107","10-de8a792f23ab15d5b3c8e3d2cf9be90f","1130973","همدان","Hamadān","بهار","Bahār","مرکزی","Markazi",,,"آبرومند","Ābrumand","ده نو","Deh Now","Dey No","Elham Izadi and Mehrdad Meshkinfam, field notes 2020",118,,"","","Southern Kurdish 90%; Standard type Persian 10%","Mehrdad Meshkinfam and Elham Izadi, field notes 2020",34.86541,48.20377,""
"","64f033874349bbe1086abaf86977cf98","10-4fa4516884d38ffb6c11bcc469f74ab4","1130974","همدان","Hamadān","بهار","Bahār","مرکزی","Markazi",,,"آبرومند","Ābrumand","گنده جین","Gondeh Jin","Günür Khāna","Elham Izadi and Mehrdad Meshkinfam, field notes 2020",896,,"","","Turkic 95%; Standard type Persian 5%","Mehrdad Meshkinfam and Elham Izadi, field notes 2020",34.9077,48.25486,""
"","64f033874349bbe1086abaf86977c857","10-bdc3350d4f61de0f3ae56f374137e286","1130975","همدان","Hamadān","بهار","Bahār","مرکزی","Markazi","بهار","Bahār",,,,,"Bāhār","Elham Izadi and Mehrdad Meshkinfam, field notes 2020",27645,,"","","Turkic 90%; Standard type Persian 10%","Mehrdad Meshkinfam and Elham Izadi, field notes 2020",34.89070656,48.4408835,""
"","64f033874349bbe1086abaf86977c2ba","10-767eec00efe927567acd6adb3562c7f3","1130978","همدان","Hamadān","بهار","Bahār","صالح آباد","Sāleh Ābād",,,"دیمکاران","Deymkārān","اکبر آباد","Akbar Ābād","Akbarābād","Elham Izadi and Mehrdad Meshkinfam, field notes 2020",76,,"","","Turkic 90%; Standard type Persian 10%","Mehrdad Meshkinfam and Elham Izadi, field notes 2020",35.07744,48.27368,""
"","64f033874349bbe1086abaf869786d5c","10-b410ecfdb9fd7148fc7e93696467fc94","1130979","همدان","Hamadān","بهار","Bahār","صالح آباد","Sāleh Ābād",,,"دیمکاران","Deymkārān","حسن ابدال","Hasan Abdāl","Hasan Abdāl","Elham Izadi and Mehrdad Meshkinfam, field notes 2020",399,,"","","Turkic 90%; Standard type Persian 10%","Mehrdad Meshkinfam and Elham Izadi, field notes 2020",35.12412,48.18957,""
"","64f033874349bbe1086abaf8697860f7","10-e4b7f6f8ee1776c4c2b752589c4244cd","1130980","همدان","Hamadān","بهار","Bahār","صالح آباد","Sāleh Ābād",,,"دیمکاران","Deymkārān","حسین آباد","Hoseyn Ābād","Hoseynābād","Elham Izadi and Mehrdad Meshkinfam, field notes 2020",616,,"","","Turkic 90%; Standard type Persian 10%","Mehrdad Meshkinfam and Elham Izadi, field notes 2020",35.10416,48.25202,""
"","64f033874349bbe1086abaf869785f2d","10-6326e7f6f749c8a91e83a4e65e221773","1130981","همدان","Hamadān","بهار","Bahār","صالح آباد","Sāleh Ābād",,,"دیمکاران","Deymkārān","اسلام آباد، دولت آباد","Eslām Ābād, Dowlat Ābād","Eslāmābād","Elham Izadi and Mehrdad Meshkinfam, field notes 2020",229,,"","","Turkic 90%; Standard type Persian 10%","Mehrdad Meshkinfam and Elham Izadi, field notes 2020",35.13099,48.23262,""
"","64f033874349bbe1086abaf8697851ce","10-19d770354089c2785d0b2c5f8dcb70ee","1130982","همدان","Hamadān","بهار","Bahār","صالح آباد","Sāleh Ābād",,,"دیمکاران","Deymkārān","گوگتپه","Gug Tappeh","Güg Tappa","Elham Izadi and Mehrdad Meshkinfam, field notes 2020",305,,"","","Turkic 90%; Standard type Persian 10%","Mehrdad Meshkinfam and Elham Izadi, field notes 2020",35.08651,48.34182,""
"","64f033874349bbe1086abaf869785143","10-42ca543986d949e877d3a946bbf72cc0","1130983","همدان","Hamadān","بهار","Bahār","صالح آباد","Sāleh Ābād",,,"دیمکاران","Deymkārān","میهمله سفلی","Mihamleh-ye Soflā","Mihamla Soflā","Elham Izadi and Mehrdad Meshkinfam, field notes 2020",409,,"","","Turkic 90%; Standard type Persian 10%","Mehrdad Meshkinfam and Elham Izadi, field notes 2020",35.09921,48.30883,""
"","64f033874349bbe1086abaf86978474f","10-207d7de594e025ae22ff044f0ce8497f","1130984","همدان","Hamadān","بهار","Bahār","صالح آباد","Sāleh Ābād",,,"دیمکاران","Deymkārān","میهمله علیا","Mihamleh-ye Oliā","Mihamla Oliyā","Elham Izadi and Mehrdad Meshkinfam, field notes 2020",939,,"","","Turkic 90%; Standard type Persian 10%","Mehrdad Meshkinfam and Elham Izadi, field notes 2020",35.11453,48.30753,""
"","64f033874349bbe1086abaf869783e40","10-c006fc8ddf6163bd3281f53f3e1842d3","1130985","همدان","Hamadān","بهار","Bahār","صالح آباد","Sāleh Ābād",,,"دیمکاران","Deymkārān","پرلوک","Porluk","Pürlük","Elham Izadi and Mehrdad Meshkinfam, field notes 2020",2253,,"","","Turkic 90%; Standard type Persian 10%","Mehrdad Meshkinfam and Elham Izadi, field notes 2020",35.06591,48.2462,""
"","64f033874349bbe1086abaf869783491","10-adeeda6b0778af2ba9a3666b0f9c2531","1130986","همدان","Hamadān","بهار","Bahār","صالح آباد","Sāleh Ābād",,,"دیمکاران","Deymkārān","جعفر آباد","Ja'far Ābād","Jafarābād","Elham Izadi and Mehrdad Meshkinfam, field notes 2020",429,,"","","Turkic 90%; Standard type Persian 10%","Mehrdad Meshkinfam and Elham Izadi, field notes 2020",35.06242,48.22076,""
"","64f033874349bbe1086abaf869782700","10-56d576b2bbbc5ea7c30fb5200fee5099","1130987","همدان","Hamadān","بهار","Bahār","صالح آباد","Sāleh Ābād",,,"دیمکاران","Deymkārān","خوشاب علیا","Khosh Āb-e Oliā","Khoshāb-e Oliyā","Elham Izadi and Mehrdad Meshkinfam, field notes 2020",602,,"","","Turkic 90%; Standard type Persian 10%","Mehrdad Meshkinfam and Elham Izadi, field notes 2020",35.02461,48.34492,""
"","64f033874349bbe1086abaf869781c41","10-0c6c7b9e6a8002262bceda451cb1ef90","1130988","همدان","Hamadān","بهار","Bahār","صالح آباد","Sāleh Ābād",,,"دیمکاران","Deymkārān","دربند","Darband","Darband","Elham Izadi and Mehrdad Meshkinfam, field notes 2020",271,,"","","Turkic 90%; Standard type Persian 10%","Mehrdad Meshkinfam and Elham Izadi, field notes 2020",35.09874,48.22887,""
"","64f033874349bbe1086abaf86978b099","10-64b8e6a522a2bc2c1a34b4867c35b15e","1130989","همدان","Hamadān","بهار","Bahār","صالح آباد","Sāleh Ābād",,,"دیمکاران","Deymkārān","قیدلی بلاغ","Qeydali Bolāgh","Qeyali Bolāq","Elham Izadi and Mehrdad Meshkinfam, field notes 2020",263,,"","","Turkic 90%; Standard type Persian 10%","Mehrdad Meshkinfam and Elham Izadi, field notes 2020",35.01533,48.2882,""
"","64f033874349bbe1086abaf86978a943","10-d01faae2bde23a76c032ad8f987dde3d","1130990","همدان","Hamadān","بهار","Bahār","صالح آباد","Sāleh Ābād",,,"دیمکاران","Deymkārān","حسن قشلاق","Hasan Qeshlāq","Hasan Qeshlaq","Elham Izadi and Mehrdad Meshkinfam, field notes 2020",1477,,"","","Turkic 90%; Standard type Persian 10%","Mehrdad Meshkinfam and Elham Izadi, field notes 2020",35.04716111,48.32518056,""
"","64f033874349bbe1086abaf869789b39","10-05de188b3744dcd4ed1a5a1b30a063d5","1130991","همدان","Hamadān","بهار","Bahār","صالح آباد","Sāleh Ābād",,,"دیمکاران","Deymkārān","خوشاب سفلی","Khosh Āb-e Soflā","Khoshāb-e Soflā","Elham Izadi and Mehrdad Meshkinfam, field notes 2020",567,,"","","Turkic 90%; Standard type Persian 10%","Mehrdad Meshkinfam and Elham Izadi, field notes 2020",35.01747,48.35894,""
"","64f033874349bbe1086abaf869789b2e","10-45d327fe6f0827056a3ddd8dc4d205c2","1130992","همدان","Hamadān","بهار","Bahār","صالح آباد","Sāleh Ābād",,,"دیمکاران","Deymkārān","قره آغاج","Qareh Āghāj","Qare Āqāzh","Elham Izadi and Mehrdad Meshkinfam, field notes 2020",584,,"","","Turkic 90%; Standard type Persian 10%","Mehrdad Meshkinfam and Elham Izadi, field notes 2020",35.05049,48.29774,""
"","64f033874349bbe1086abaf869788c63","10-f1b98b841b39025e94bd26c961d62fbf","1130993","همدان","Hamadān","بهار","Bahār","صالح آباد","Sāleh Ābād",,,"دیمکاران","Deymkārān","لک","Lak","Lak","Elham Izadi and Mehrdad Meshkinfam, field notes 2020",317,,"","","Turkic 90%; Standard type Persian 10%","Mehrdad Meshkinfam and Elham Izadi, field notes 2020",35.07241,48.3092,""
"","64f033874349bbe1086abaf869787ee6","6-9c8f17a51e3beea4e829807dc86f3c38","1130994","همدان","Hamadān","بهار","Bahār","صالح آباد","Sāleh Ābād",,,"صالح آباد","Sāleh Ābād",,,"","",10496,,"","","",,34.92219901,48.34093805,""
"","64f033874349bbe1086abaf869787d0a","10-5f815f644018b28e2945d7fa9c4612fe","1130995","همدان","Hamadān","بهار","Bahār","صالح آباد","Sāleh Ābād",,,"صالح آباد","Sāleh Ābād","خلیل کرد","Khalil Kord","Khalil Kord","Elham Izadi and Mehrdad Meshkinfam, field notes 2020",600,,"","","Southern Kurdish 90%; Standard type Persian 10%","Mehrdad Meshkinfam and Elham Izadi, field notes 2020",34.97922,48.25512,""
"","64f033874349bbe1086abaf869787d03","10-960d0dc3f9ebf442d13babfd99595751","1130996","همدان","Hamadān","بهار","Bahār","صالح آباد","Sāleh Ābād",,,"صالح آباد","Sāleh Ābād","مالک اشتر","Mālek-e Ashtar","Mālek Ashtar","Elham Izadi and Mehrdad Meshkinfam, field notes 2020",3089,,"","","Turkic 90%; Standard type Persian 10%","Mehrdad Meshkinfam and Elham Izadi, field notes 2020",34.95259,48.31337,""
"","64f033874349bbe1086abaf869787c9e","10-d4eaa404995b8cf6f634614838258825","1130997","همدان","Hamadān","بهار","Bahār","صالح آباد","Sāleh Ābād",,,"صالح آباد","Sāleh Ābād","گموش بلاغ","Gomush Bolāgh","Kümüsh Bulāq","Elham Izadi and Mehrdad Meshkinfam, field notes 2020",279,,"","","Turkic 90%; Standard type Persian 10%","Mehrdad Meshkinfam and Elham Izadi, field notes 2020",34.93285,48.29023,""
"","64f033874349bbe1086abaf869787b61","10-9c3f8c11b9a04f6f05e9091fc090752c","1130998","همدان","Hamadān","بهار","Bahār","صالح آباد","Sāleh Ābād",,,"صالح آباد","Sāleh Ābād","آق کهریز","Āq Kahriz","Āq Kahriz","Elham Izadi and Mehrdad Meshkinfam, field notes 2020",461,,"","","Turkic 90%; Standard type Persian 10%","Mehrdad Meshkinfam and Elham Izadi, field notes 2020",34.99302,48.3341,""
"","64f033874349bbe1086abaf86979247f","10-5a688200840b52dbd3d9ce18ffcf635c","1130999","همدان","Hamadān","بهار","Bahār","صالح آباد","Sāleh Ābād",,,"صالح آباد","Sāleh Ābād","کریم آباد","Karim  Ābād","Karimābād","Elham Izadi and Mehrdad Meshkinfam, field notes 2020",1631,,"","","Turkic 90%; Standard type Persian 10%","Mehrdad Meshkinfam and Elham Izadi, field notes 2020",34.96234,48.35455,""
"","64f033874349bbe1086abaf869791ce7","10-9fc042af486df341dc6310d83ec9efc5","1131001","همدان","Hamadān","بهار","Bahār","صالح آباد","Sāleh Ābād",,,"صالح آباد","Sāleh Ābād","ساربانلر","Sārebānlar","Sārbānlar","Elham Izadi and Mehrdad Meshkinfam, field notes 2020",390,,"","","Turkic 90%; Standard type Persian 10%","Mehrdad Meshkinfam and Elham Izadi, field notes 2020",35.00077,48.27079,""
"","64f033874349bbe1086abaf869790d10","10-b5e67f3518f3f1d940f763d6a284ffcb","1131002","همدان","Hamadān","بهار","Bahār","صالح آباد","Sāleh Ābād",,,"صالح آباد","Sāleh Ābād","باباعلی","Bābā Ali","Buwali","Elham Izadi and Mehrdad Meshkinfam, field notes 2020",466,,"","","Southern Kurdish 90%; Standard type Persian 10%","Mehrdad Meshkinfam and Elham Izadi, field notes 2020",34.93322,48.21064,""
"","64f033874349bbe1086abaf86978fed3","10-16dc758c6b56618391d5b4b80d7d0d08","1131003","همدان","Hamadān","بهار","Bahār","صالح آباد","Sāleh Ābād",,,"صالح آباد","Sāleh Ābād","پهنه بر","Pahneh Bor","Peyna Bor","Elham Izadi and Mehrdad Meshkinfam, field notes 2020",845,,"","","Southern Kurdish 90%; Standard type Persian 10%","Mehrdad Meshkinfam and Elham Izadi, field notes 2020",34.95541,48.23696,""
"","64f033874349bbe1086abaf86978fdd2","10-b132b7e1a34b7c97e06a9a837ef93bcf","1131004","همدان","Hamadān","بهار","Bahār","صالح آباد","Sāleh Ābād",,,"صالح آباد","Sāleh Ābād","قشلاق همه کسی","Qeshlāq-e Hameh Kasi","Hame Kesi","Elham Izadi and Mehrdad Meshkinfam, field notes 2020",378,,"","","Southern Kurdish 90%; Standard type Persian 10%","Mehrdad Meshkinfam and Elham Izadi, field notes 2020",34.95475,48.21142,""
"","64f033874349bbe1086abaf86978eea1","10-f1a1e7b43d0fdbe1382caa10efb5f6e1","1131005","همدان","Hamadān","بهار","Bahār","صالح آباد","Sāleh Ābād",,,"صالح آباد","Sāleh Ābād","همه کسی","Hameh Kasi","Hame Kesi","Elham Izadi and Mehrdad Meshkinfam, field notes 2020",2316,,"","","Turkic 90%; Standard type Persian 10%","Mehrdad Meshkinfam and Elham Izadi, field notes 2020",34.9703,48.18029,""
"","64f033874349bbe1086abaf86978e2fc","10-3d87bd44b47a3f96bc0f9f94965cbcf9","1131006","همدان","Hamadān","بهار","Bahār","صالح آباد","Sāleh Ābād","صالح آباد","Sāleh Ābād",,,,,"Salabād","Elham Izadi and Mehrdad Meshkinfam, field notes 2020",7830,,"","","Turkic 90%; Standard type Persian 10%","Mehrdad Meshkinfam and Elham Izadi, field notes 2020",34.92243917,48.34314729,""
"","64f033874349bbe1086abaf86978d669","10-617800945b9cb72e7e2d76868f079999","1131010","همدان","Hamadān","رزن","Razan","سردرود","Sard Rud",,,"بغراطی","Boghrāti","اورته قمیش","Orteh Qamish","Ortā Ghamish","Elham Izadi and Mehrdad Meshkinfam, field notes 2020",895,,"","","Turkic 80%; Standard type Persian 20%","Mehrdad Meshkinfam and Elham Izadi, field notes 2020",35.56924,48.63213,""
"","64f033874349bbe1086abaf86978ca0e","10-ea4123bac6652f74d59262d32f057c50","1131011","همدان","Hamadān","رزن","Razan","سردرود","Sard Rud",,,"بغراطی","Boghrāti","چهاربلاغ","Chahār Bolāgh","Chār Bolākh","Elham Izadi and Mehrdad Meshkinfam, field notes 2020",927,,"","","Turkic 80%; Standard type Persian 20%","Mehrdad Meshkinfam and Elham Izadi, field notes 2020",35.58144,48.64755,""
"","64f033874349bbe1086abaf86978bacf","10-14982772f79bec957392f220a9febcc4","1131012","همدان","Hamadān","رزن","Razan","سردرود","Sard Rud",,,"بغراطی","Boghrāti","قلعه جوق زمانی","Qal'eh Juq-e Zamāni","Ghala Jugh-i Zamāni","Elham Izadi and Mehrdad Meshkinfam, field notes 2020",458,,"","","Turkic 80%; Standard type Persian 20%","Mehrdad Meshkinfam and Elham Izadi, field notes 2020",35.52723,48.62803,""
"","64f033874349bbe1086abaf86979795f","10-40509b401561d53dfacb5151748441ed","1131013","همدان","Hamadān","رزن","Razan","سردرود","Sard Rud",,,"بغراطی","Boghrāti","قینرجه","Qeynarjeh","Gheynarja","Elham Izadi and Mehrdad Meshkinfam, field notes 2020",2194,,"","","Turkic 80%; Standard type Persian 20%","Mehrdad Meshkinfam and Elham Izadi, field notes 2020",35.48686,48.65117,""
"","64f033874349bbe1086abaf8697973d8","10-dd98b38617702f026581e241a6f2c86d","1131014","همدان","Hamadān","رزن","Razan","سردرود","Sard Rud",,,"بغراطی","Boghrāti","یارمجه باغ","Yāromjeh Bāgh","Yāromja Bāgh","Elham Izadi and Mehrdad Meshkinfam, field notes 2020",748,,"","","Turkic 80%; Standard type Persian 20%","Mehrdad Meshkinfam and Elham Izadi, field notes 2020",35.5175,48.676389,""
"","64f033874349bbe1086abaf869796448","10-8acdc1fedd01226fa4c8a25949161330","1131015","همدان","Hamadān","رزن","Razan","سردرود","Sard Rud",,,"بغراطی","Boghrāti","گندوز","Gonduz","Günnüz","Elham Izadi and Mehrdad Meshkinfam, field notes 2020",1578,,"","","Turkic 80%; Standard type Persian 20%","Mehrdad Meshkinfam and Elham Izadi, field notes 2020",35.44697,48.64537,""
"","64f033874349bbe1086abaf869795ced","10-265c637e1be59c8587b153956fc29f48","1131016","همدان","Hamadān","رزن","Razan","سردرود","Sard Rud",,,"بغراطی","Boghrāti","بابانظر","Bābā Nazar","Bābā Nazar","Elham Izadi and Mehrdad Meshkinfam, field notes 2020",3415,,"","","Turkic 80%; Standard type Persian 20%","Mehrdad Meshkinfam and Elham Izadi, field notes 2020",35.46322,48.69908,""
"","64f033874349bbe1086abaf8697959c4","10-241c8e2bfbe483796c803cfd29c71afd","1131017","همدان","Hamadān","رزن","Razan","سردرود","Sard Rud",,,"بغراطی","Boghrāti","تپه دیبی","Tappeh Dibi","Tappa Dibi","Elham Izadi and Mehrdad Meshkinfam, field notes 2020",990,,"","","Turkic 80%; Standard type Persian 20%","Mehrdad Meshkinfam and Elham Izadi, field notes 2020",35.43107,48.69553,""
"","64f033874349bbe1086abaf869794da8","10-f2b161482adb4df2a07162af0abbf728","1131018","همدان","Hamadān","رزن","Razan","سردرود","Sard Rud",,,"بغراطی","Boghrāti","قادرخلج","Qāder Khalaj","Ghadir Khalaj","Elham Izadi and Mehrdad Meshkinfam, field notes 2020",1327,,"","","Turkic 80%; Standard type Persian 20%","Mehrdad Meshkinfam and Elham Izadi, field notes 2020",35.40096,48.72889,""
"","64f033874349bbe1086abaf86979440e","10-0a21c236c94babd4c8961e1d23a7c8bd","1131019","همدان","Hamadān","رزن","Razan","سردرود","Sard Rud",,,"بغراطی","Boghrāti","چورمق","Churmaq","Chürva","Elham Izadi and Mehrdad Meshkinfam, field notes 2020",1898,,"","","Turkic 80%; Standard type Persian 20%","Mehrdad Meshkinfam and Elham Izadi, field notes 2020",35.38376,48.72946,""
"","64f033874349bbe1086abaf869793c23","10-22b4718808129d39ae6766bb72dd720c","1131020","همدان","Hamadān","رزن","Razan","سردرود","Sard Rud",,,"بغراطی","Boghrāti","قراکند","Qarākand","Ghārakand","Elham Izadi and Mehrdad Meshkinfam, field notes 2020",900,,"","","Turkic 80%; Standard type Persian 20%","Mehrdad Meshkinfam and Elham Izadi, field notes 2020",35.36336,48.75072,""
"","64f033874349bbe1086abaf8697931f0","10-19d0057f7f6a3058de392dc5415c6001","1131021","همدان","Hamadān","رزن","Razan","سردرود","Sard Rud",,,"بغراطی","Boghrāti","قلعه زندلیج","Qal'eh-ye Zendellij","Ghālā-yi Zindilli","Elham Izadi and Mehrdad Meshkinfam, field notes 2020",405,,"","","Turkic 80%; Standard type Persian 20%","Mehrdad Meshkinfam and Elham Izadi, field notes 2020",35.36824,48.77427,""
"","64f033874349bbe1086abaf8697925e3","10-f40ca95ab81cc834b210acede055cbde","1131022","همدان","Hamadān","رزن","Razan","سردرود","Sard Rud",,,"بغراطی","Boghrāti","مزرعه دیمور","Mazra'eh-ye Deymur","Mazrai-yi Deymur","Elham Izadi and Mehrdad Meshkinfam, field notes 2020",246,,"","","Turkic 80%; Standard type Persian 20%","Mehrdad Meshkinfam and Elham Izadi, field notes 2020",35.37199,48.75636,""
"","64f033874349bbe1086abaf86979c244","10-dfae1a1466b62ec6b4c57b0da0c4072e","1131024","همدان","Hamadān","رزن","Razan","سردرود","Sard Rud",,,"سردرودسفلی","Sard Rud-e Soflā","تولکی تپه","Tulki Tappeh","Tülki Tappa","Elham Izadi and Mehrdad Meshkinfam, field notes 2020",480,,"","","Turkic 80%; Standard type Persian 20%","Mehrdad Meshkinfam and Elham Izadi, field notes 2020",35.49633,48.95849,""
"","64f033874349bbe1086abaf86979b809","10-22a87d6075505a7289b4780a0c1eed4a","1131025","همدان","Hamadān","رزن","Razan","سردرود","Sard Rud",,,"سردرودسفلی","Sard Rud-e Soflā","سلطان آباد","Soltān Ābād","Söltānābād","Elham Izadi and Mehrdad Meshkinfam, field notes 2020",1675,,"","","Turkic 80%; Standard type Persian 20%","Mehrdad Meshkinfam and Elham Izadi, field notes 2020",35.47689,48.88619,""
"","64f033874349bbe1086abaf86979b74d","10-17a240f92c05e4f37c4571e739261008","1131026","همدان","Hamadān","رزن","Razan","سردرود","Sard Rud",,,"سردرودسفلی","Sard Rud-e Soflā","قایش","Qāyesh","Gheyish","Elham Izadi and Mehrdad Meshkinfam, field notes 2020",1648,,"","","Turkic 80%; Standard type Persian 20%","Mehrdad Meshkinfam and Elham Izadi, field notes 2020",35.49685,48.8659,""
"","64f033874349bbe1086abaf86979aaed","10-bed9a84ded381bc7a8c550ecac943049","1131027","همدان","Hamadān","رزن","Razan","سردرود","Sard Rud",,,"سردرودسفلی","Sard Rud-e Soflā","پاینده","Pāyandeh","Pāyandi","Elham Izadi and Mehrdad Meshkinfam, field notes 2020",387,,"","","Turkic 80%; Standard type Persian 20%","Mehrdad Meshkinfam and Elham Izadi, field notes 2020",35.4421,48.85236,""
"","64f033874349bbe1086abaf86979a8fc","10-428847ce548cc1ecd5430383e5a6d461","1131028","همدان","Hamadān","رزن","Razan","سردرود","Sard Rud",,,"سردرودسفلی","Sard Rud-e Soflā","چایان","Chāyān","Chāyān","Elham Izadi and Mehrdad Meshkinfam, field notes 2020",1090,,"","","Turkic 80%; Standard type Persian 20%","Mehrdad Meshkinfam and Elham Izadi, field notes 2020",35.39459,48.81592,""
"","64f033874349bbe1086abaf86979a5df","10-67593956eceee9d890ec8d8cb3de87ec","1131029","همدان","Hamadān","رزن","Razan","سردرود","Sard Rud",,,"سردرودسفلی","Sard Rud-e Soflā","قوزلیجه","Qozlijeh","Ghozlujā","Elham Izadi and Mehrdad Meshkinfam, field notes 2020",87,,"","","Turkic 80%; Standard type Persian 20%","Mehrdad Meshkinfam and Elham Izadi, field notes 2020",35.41294,48.87361,""
"","64f033874349bbe1086abaf86979a1b0","10-b4448ad5f0c70806ce60d82f0136fca2","1131030","همدان","Hamadān","رزن","Razan","سردرود","Sard Rud",,,"سردرودسفلی","Sard Rud-e Soflā","جعفرآباد","Ja'far Ābād","Jafarābād","Elham Izadi and Mehrdad Meshkinfam, field notes 2020",424,,"","","Turkic 80%; Standard type Persian 20%","Mehrdad Meshkinfam and Elham Izadi, field notes 2020",35.44874,48.79225,""
"","64f033874349bbe1086abaf8697995ba","10-d26c62f02d761994b58c51d156db7762","1131031","همدان","Hamadān","رزن","Razan","سردرود","Sard Rud",,,"سردرودسفلی","Sard Rud-e Soflā","سرله","Sarleh","Sarla","Elham Izadi and Mehrdad Meshkinfam, field notes 2020",77,,"","","Turkic 80%; Standard type Persian 20%","Mehrdad Meshkinfam and Elham Izadi, field notes 2020",35.46976,48.84847,""
"","64f033874349bbe1086abaf86979919f","10-7684e52ea3a10a6f33a0c3e370103fd7","1131032","همدان","Hamadān","رزن","Razan","سردرود","Sard Rud",,,"سردرودسفلی","Sard Rud-e Soflā","قلعه شاطربالی","Qal'eh-ye Shāter Bāli","Ghālā-yi Shātir Bālo","Elham Izadi and Mehrdad Meshkinfam, field notes 2020",775,,"","","Turkic 80%; Standard type Persian 20%","Mehrdad Meshkinfam and Elham Izadi, field notes 2020",35.45565,48.82361,""
"","64f033874349bbe1086abaf86979883b","10-16c71dd40da1a41bddb36e1e057d07f0","1131033","همدان","Hamadān","رزن","Razan","سردرود","Sard Rud",,,"سردرودسفلی","Sard Rud-e Soflā","پیله جین","Pileh Jin","Pila Gin","Elham Izadi and Mehrdad Meshkinfam, field notes 2020",393,,"","","Turkic 80%; Standard type Persian 20%","Mehrdad Meshkinfam and Elham Izadi, field notes 2020",35.38442,48.85633,""
"","64f033874349bbe1086abaf86979ff34","10-e4079cda1e60e82f57c02c6a1edba657","1131034","همدان","Hamadān","رزن","Razan","سردرود","Sard Rud",,,"سردرودسفلی","Sard Rud-e Soflā","چال بقا","Chāl Boqā","Chāl Boghā","Elham Izadi and Mehrdad Meshkinfam, field notes 2020",257,,"","","Turkic 80%; Standard type Persian 20%","Mehrdad Meshkinfam and Elham Izadi, field notes 2020",35.42113,48.92655,""
"","64f033874349bbe1086abaf86979fce1","10-c38ba463fb450517e54fe2cecaed588b","1131035","همدان","Hamadān","رزن","Razan","سردرود","Sard Rud",,,"سردرودسفلی","Sard Rud-e Soflā","حسن آباد","Hasan Ābād","Hasanābād","Elham Izadi and Mehrdad Meshkinfam, field notes 2020",140,,"","","Turkic 80%; Standard type Persian 20%","Mehrdad Meshkinfam and Elham Izadi, field notes 2020",35.471,48.86618,""
"","64f033874349bbe1086abaf86979fb65","10-9a0cffb2b428c316eea84ee58dce782f","1131036","همدان","Hamadān","رزن","Razan","سردرود","Sard Rud",,,"سردرودسفلی","Sard Rud-e Soflā","خنجر آباد","Khanjar Ābād","Khancharābād","Elham Izadi and Mehrdad Meshkinfam, field notes 2020",695,,"","","Turkic 80%; Standard type Persian 20%","Mehrdad Meshkinfam and Elham Izadi, field notes 2020",35.4453,48.88849,""
"","64f033874349bbe1086abaf86979ecad","10-60978e47702ae3f1b6e725b25d42992f","1131037","همدان","Hamadān","رزن","Razan","سردرود","Sard Rud",,,"سردرودسفلی","Sard Rud-e Soflā","قرایلر","Qarāylar","Ghārāylar","Elham Izadi and Mehrdad Meshkinfam, field notes 2020",24,,"","","Turkic 80%; Standard type Persian 20%","Mehrdad Meshkinfam and Elham Izadi, field notes 2020",35.39955,48.91272,""
"","64f033874349bbe1086abaf86979e420","10-3b41630a9fe340640095f9361ec448e4","1131038","همدان","Hamadān","رزن","Razan","سردرود","Sard Rud",,,"سردرودسفلی","Sard Rud-e Soflā","گستر","Gostar","Gössar","Elham Izadi and Mehrdad Meshkinfam, field notes 2020",87,,"","","Turkic 80%; Standard type Persian 20%","Mehrdad Meshkinfam and Elham Izadi, field notes 2020",35.46508,48.87647,""
"","64f033874349bbe1086abaf86979de6e","10-d102d278e36454739a1c9422f8bb6240","1131039","همدان","Hamadān","رزن","Razan","سردرود","Sard Rud",,,"سردرودسفلی","Sard Rud-e Soflā","ویر","Viar","Viyar","Elham Izadi and Mehrdad Meshkinfam, field notes 2020",56,,"","","Turkic 80%; Standard type Persian 20%","Mehrdad Meshkinfam and Elham Izadi, field notes 2020",35.41562633,48.89680133,""
"","64f033874349bbe1086abaf86979d85d","10-039c3ae1353e4aee5f11507e0c8ac30d","1131040","همدان","Hamadān","رزن","Razan","سردرود","Sard Rud",,,"سردرودسفلی","Sard Rud-e Soflā","کل کبود","Kal Kabud","Kal Kow","Elham Izadi and Mehrdad Meshkinfam, field notes 2020",509,,"","","Turkic 80%; Standard type Persian 20%","Mehrdad Meshkinfam and Elham Izadi, field notes 2020",35.48024,48.85384,""
"","64f033874349bbe1086abaf86979cea5","10-13b7f31bd35f216a2636fcf635fe7efb","1131042","همدان","Hamadān","رزن","Razan","سردرود","Sard Rud",,,"سردرودعلیا","Sard Rud-e Oliā","آرپادره","Ārpā Darreh","Ārpā Dara","Elham Izadi and Mehrdad Meshkinfam, field notes 2020",932,,"","","Turkic 90%; Standard type Persian 10%","Mehrdad Meshkinfam and Elham Izadi, field notes 2020",35.68929,48.80549,""
"","64f033874349bbe1086abaf86979c4db","10-334db6f72fe5796672640b93db9ee57a","1131043","همدان","Hamadān","رزن","Razan","سردرود","Sard Rud",,,"سردرودعلیا","Sard Rud-e Oliā","آقچه خرابه","Āqcheh Kharābeh","Āghja Khārābā","Elham Izadi and Mehrdad Meshkinfam, field notes 2020",142,,"","","Turkic 90%; Standard type Persian 10%","Mehrdad Meshkinfam and Elham Izadi, field notes 2020",35.71334,48.776,""
"","64f033874349bbe1086abaf86979c420","10-0827700729eb28bda6272c009255c8af","1131044","همدان","Hamadān","رزن","Razan","سردرود","Sard Rud",,,"سردرودعلیا","Sard Rud-e Oliā","آقچه لوچه","Āqcheh Lucheh","Āghcha Luchi","Elham Izadi and Mehrdad Meshkinfam, field notes 2020",,"(3 or fewer households; population not specified in 2011 Census for reasons of privacy)","","","Turkic 90%; Standard type Persian 10%","Mehrdad Meshkinfam and Elham Izadi, field notes 2020",35.724167,48.781667,""
"","64f033874349bbe1086abaf8697a437e","10-286898ce0dc8072a56373c2401798053","1131045","همدان","Hamadān","رزن","Razan","سردرود","Sard Rud",,,"سردرودعلیا","Sard Rud-e Oliā","امامزاده اسماعیل","Emāmzādeh Esmā'il","Imāmzādi Ismāyol","Elham Izadi and Mehrdad Meshkinfam, field notes 2020",13,,"","","Turkic 90%; Standard type Persian 10%","Mehrdad Meshkinfam and Elham Izadi, field notes 2020",35.66070678,48.83755983,""
"","64f033874349bbe1086abaf8697a373a","10-1667a194ceb8c77c63632ddc723be7b5","1131046","همدان","Hamadān","رزن","Razan","سردرود","Sard Rud",,,"سردرودعلیا","Sard Rud-e Oliā","چپقلو","Chopoqlu","Chibikhli","Elham Izadi and Mehrdad Meshkinfam, field notes 2020",455,,"","","Turkic 90%; Standard type Persian 10%","Mehrdad Meshkinfam and Elham Izadi, field notes 2020",35.6598,48.82296,""
"","64f033874349bbe1086abaf8697a3230","10-ea3353e5f9f27a6ba1bbd8586430337f","1131048","همدان","Hamadān","رزن","Razan","سردرود","Sard Rud",,,"سردرودعلیا","Sard Rud-e Oliā","ملابداغ","Mollā Bodāgh","Müllā Büdākh","Elham Izadi and Mehrdad Meshkinfam, field notes 2020",2940,,"","","Turkic 90%; Standard type Persian 10%","Mehrdad Meshkinfam and Elham Izadi, field notes 2020",35.63081883,48.7385751,""
"","64f033874349bbe1086abaf8697a3014","10-012a505ce1e397c0cdd8d39fb4e0809e","1131049","همدان","Hamadān","رزن","Razan","سردرود","Sard Rud",,,"سردرودعلیا","Sard Rud-e Oliā","قره بلاغ","Qareh Bolāgh","Ghārā Bölākh","Elham Izadi and Mehrdad Meshkinfam, field notes 2020",1028,,"","","Turkic 90%; Standard type Persian 10%","Mehrdad Meshkinfam and Elham Izadi, field notes 2020",35.56025,48.753,""
"","64f033874349bbe1086abaf8697a2364","10-b577a109daef233ebb0e06e6ecfce9ea","1131050","همدان","Hamadān","رزن","Razan","سردرود","Sard Rud",,,"سردرودعلیا","Sard Rud-e Oliā","منصورآباد","Mansur Ābād","Mansurābād","Elham Izadi and Mehrdad Meshkinfam, field notes 2020",262,,"","","Turkic 90%; Standard type Persian 10%","Mehrdad Meshkinfam and Elham Izadi, field notes 2020",35.62302,48.86858,""
"","64f033874349bbe1086abaf8697a2310","10-2a463bb4366c9c7e9eb71b5a9f283417","1131051","همدان","Hamadān","رزن","Razan","سردرود","Sard Rud",,,"سردرودعلیا","Sard Rud-e Oliā","اجاق","Ojāq","Ojāgh","Elham Izadi and Mehrdad Meshkinfam, field notes 2020",531,,"","","Turkic 90%; Standard type Persian 10%","Mehrdad Meshkinfam and Elham Izadi, field notes 2020",35.63925,48.84865,""
"","64f033874349bbe1086abaf8697a1dde","10-905bbeef03137c6a9b2062cfcd9f52c2","1131052","همدان","Hamadān","رزن","Razan","سردرود","Sard Rud",,,"سردرودعلیا","Sard Rud-e Oliā","خورونده","Khorvandeh","Khorvanda","Elham Izadi and Mehrdad Meshkinfam, field notes 2020",2020,,"","","Turkic 60%; Standard type Persian 20%; Southern Kurdish 20%","Mehrdad Meshkinfam and Elham Izadi, field notes 2020",35.52508,48.79126,""
"","64f033874349bbe1086abaf8697a1b94","10-61f213d773ff54863e0a173a6f505f5b","1131053","همدان","Hamadān","رزن","Razan","سردرود","Sard Rud",,,"سردرودعلیا","Sard Rud-e Oliā","کهریز بغازی","Kahriz Boghāzi","Kariz Böghāzo","Elham Izadi and Mehrdad Meshkinfam, field notes 2020",820,,"","","Turkic 90%; Standard type Persian 10%","Mehrdad Meshkinfam and Elham Izadi, field notes 2020",35.51174,48.81853,""
"","64f033874349bbe1086abaf8697a0c0d","10-1cbb737a15ddeebd50527396af7254c1","1131054","همدان","Hamadān","رزن","Razan","سردرود","Sard Rud",,,"سردرودعلیا","Sard Rud-e Oliā","گاوسوار","Gāv Savār","Gow Sowār","Elham Izadi and Mehrdad Meshkinfam, field notes 2020",802,,"","","Turkic 90%; Standard type Persian 10%","Mehrdad Meshkinfam and Elham Izadi, field notes 2020",35.48877,48.81332,""
"","64f033874349bbe1086abaf86979ffc7","10-82f3e3e8474ada0415fe2d0df6bc5c15","1131055","همدان","Hamadān","رزن","Razan","سردرود","Sard Rud","دمق","Damaq",,,,,"Damagh","Elham Izadi and Mehrdad Meshkinfam, field notes 2020",3783,,"","","Turkic 60%; Standard type Persian 40%","Mehrdad Meshkinfam and Elham Izadi, field notes 2020",35.44222192,48.82218748,""
"","64f033874349bbe1086abaf8697a89cd","10-46a595159fcd07e5d1e1713563bdcf19","1131058","همدان","Hamadān","رزن","Razan","قروه درجزین","Qorveh-ye Darjazin",,,"درجزین سفلی","Darjazin-e Soflā","سیلک","Seylak","Lāt","Elham Izadi and Mehrdad Meshkinfam, field notes 2020",189,,"","","Turkic 80%; Standard type Persian 20%","Mehrdad Meshkinfam and Elham Izadi, field notes 2020",35.43946233,49.11875433,""
"","64f033874349bbe1086abaf8697a810e","10-7ad7d8ce685d2e4e5e0aff7b653bc8cb","1131059","همدان","Hamadān","رزن","Razan","قروه درجزین","Qorveh-ye Darjazin",,,"درجزین سفلی","Darjazin-e Soflā","زاکان","Zākān","Zakān","Elham Izadi and Mehrdad Meshkinfam, field notes 2020",130,,"","","Turkic 80%; Standard type Persian 20%","Mehrdad Meshkinfam and Elham Izadi, field notes 2020",35.47815,49.17542,""
"","64f033874349bbe1086abaf8697a759e","10-22abbc9d436273a950d53dd5b67a5965","1131060","همدان","Hamadān","رزن","Razan","قروه درجزین","Qorveh-ye Darjazin",,,"درجزین سفلی","Darjazin-e Soflā","بهکندان","Bohkandān","Bökönnān","Elham Izadi and Mehrdad Meshkinfam, field notes 2020",900,,"","","Turkic 80%; Standard type Persian 20%","Mehrdad Meshkinfam and Elham Izadi, field notes 2020",35.274,49.09985,""
"","64f033874349bbe1086abaf8697a7513","10-8ca0c83a992a936d8026783612377e66","1131061","همدان","Hamadān","رزن","Razan","قروه درجزین","Qorveh-ye Darjazin",,,"درجزین سفلی","Darjazin-e Soflā","سایان","Sāyān","Sāyān","Elham Izadi and Mehrdad Meshkinfam, field notes 2020",844,,"","","Turkic 80%; Standard type Persian 20%","Mehrdad Meshkinfam and Elham Izadi, field notes 2020",35.26487,49.07321,""
"","64f033874349bbe1086abaf8697a67c0","10-1bf9b4e5f011727bea7009c6b1d43d82","1131062","همدان","Hamadān","رزن","Razan","قروه درجزین","Qorveh-ye Darjazin",,,"درجزین سفلی","Darjazin-e Soflā","مزرعه گیودره","Mazra'eh-ye Giv Darreh","Mazrai-yi Giv Darri, Āshshāgha Mazra","Elham Izadi and Mehrdad Meshkinfam, field notes 2020",786,,"","","Turkic 80%; Standard type Persian 20%","Mehrdad Meshkinfam and Elham Izadi, field notes 2020",35.26042,49.04229,""
"","64f033874349bbe1086abaf8697a604b","10-759e04be11cdd4723eb9c252ae5d7246","1131063","همدان","Hamadān","رزن","Razan","قروه درجزین","Qorveh-ye Darjazin",,,"درجزین سفلی","Darjazin-e Soflā","نوده","Now Deh","Nü Dah","Elham Izadi and Mehrdad Meshkinfam, field notes 2020",,"(3 or fewer households; population not specified in 2011 Census for reasons of privacy)","","","Turkic 80%; Standard type Persian 20%","Mehrdad Meshkinfam and Elham Izadi, field notes 2020",35.30757,49.05369,""
"","64f033874349bbe1086abaf8697a5d4a","10-23447a723aa3fb2d19b70de2a4574467","1131064","همدان","Hamadān","رزن","Razan","قروه درجزین","Qorveh-ye Darjazin",,,"درجزین سفلی","Darjazin-e Soflā","نیر","Niar","Niyar","Elham Izadi and Mehrdad Meshkinfam, field notes 2020",1801,,"","","Turkic 80%; Standard type Persian 20%","Mehrdad Meshkinfam and Elham Izadi, field notes 2020",35.28946,49.04551,""
"","64f033874349bbe1086abaf8697a5d22","10-c5656c2626564c3edd75ebb3783a205c","1131065","همدان","Hamadān","رزن","Razan","قروه درجزین","Qorveh-ye Darjazin",,,"درجزین سفلی","Darjazin-e Soflā","پشتجین","Poshtejin","Püshtügün","Elham Izadi and Mehrdad Meshkinfam, field notes 2020",1120,,"","","Turkic 80%; Standard type Persian 20%","Mehrdad Meshkinfam and Elham Izadi, field notes 2020",35.31551,49.07328,""
"","64f033874349bbe1086abaf8697a5d18","10-1c03a9de207c5608791fca6a2652f612","1131066","همدان","Hamadān","رزن","Razan","قروه درجزین","Qorveh-ye Darjazin",,,"درجزین سفلی","Darjazin-e Soflā","عمان","Ommān","Imān","Elham Izadi and Mehrdad Meshkinfam, field notes 2020",2364,,"","","Turkic 80%; Standard type Persian 20%","Mehrdad Meshkinfam and Elham Izadi, field notes 2020",35.33299,49.10844,""
"","64f033874349bbe1086abaf8697a4f26","10-0e1ec5c3177234b369b862cab3bc47ee","1131067","همدان","Hamadān","رزن","Razan","قروه درجزین","Qorveh-ye Darjazin",,,"درجزین سفلی","Darjazin-e Soflā","درجزین","Darjazin","Dargazin","Elham Izadi and Mehrdad Meshkinfam, field notes 2020",1345,,"","","Turkic 80%; Standard type Persian 20%","Mehrdad Meshkinfam and Elham Izadi, field notes 2020",35.36003889,49.07551944,""
"","64f033874349bbe1086abaf8697ac4e9","10-41b0df1b1468f6195a5dd94a8b29a302","1131068","همدان","Hamadān","رزن","Razan","قروه درجزین","Qorveh-ye Darjazin",,,"درجزین سفلی","Darjazin-e Soflā","نظام آباد","Nezām Ābād","Nizābād","Elham Izadi and Mehrdad Meshkinfam, field notes 2020",1364,,"","","Turkic 80%; Standard type Persian 20%","Mehrdad Meshkinfam and Elham Izadi, field notes 2020",35.3396,49.08576,""
"","64f033874349bbe1086abaf8697ac2ab","10-a1310cd09af60864b4ea88c6efac89f9","1131070","همدان","Hamadān","رزن","Razan","قروه درجزین","Qorveh-ye Darjazin",,,"درجزین سفلی","Darjazin-e Soflā","احمد آباد","Ahmad Ābād","Ahmadābād","Elham Izadi and Mehrdad Meshkinfam, field notes 2020",207,,"","","Turkic 80%; Standard type Persian 20%","Mehrdad Meshkinfam and Elham Izadi, field notes 2020",35.34252,49.1225,""
"","64f033874349bbe1086abaf8697ac047","10-c5f5641fd61fac9e94ede29a920066e4","1131071","همدان","Hamadān","رزن","Razan","قروه درجزین","Qorveh-ye Darjazin",,,"درجزین سفلی","Darjazin-e Soflā","حکان","Hakān","Hakān","Elham Izadi and Mehrdad Meshkinfam, field notes 2020",997,,"","","Turkic 80%; Standard type Persian 20%","Mehrdad Meshkinfam and Elham Izadi, field notes 2020",35.44451,49.13346,""
"","64f033874349bbe1086abaf8697abd81","10-278d4b0c5029818f136dec730758e153","1131072","همدان","Hamadān","رزن","Razan","قروه درجزین","Qorveh-ye Darjazin",,,"درجزین سفلی","Darjazin-e Soflā","دولوجردین بالا","Dolujerdin-e Bālā","Dülgürd","Elham Izadi and Mehrdad Meshkinfam, field notes 2020",110,,"","","Turkic 80%; Standard type Persian 20%","Mehrdad Meshkinfam and Elham Izadi, field notes 2020",35.34716,49.10995,""
"","64f033874349bbe1086abaf8697ab77b","10-24b78b0d970b8f28c38a9be5ba45dcc7","1131073","همدان","Hamadān","رزن","Razan","قروه درجزین","Qorveh-ye Darjazin",,,"درجزین سفلی","Darjazin-e Soflā","رازین","Rāzin","Rāzon","Elham Izadi and Mehrdad Meshkinfam, field notes 2020",81,,"","","Turkic 80%; Standard type Persian 20%","Mehrdad Meshkinfam and Elham Izadi, field notes 2020",35.33372,49.13326,""
"","64f033874349bbe1086abaf8697ab600","10-07f462ff69cc8c2703acd1852c6aea0b","1131074","همدان","Hamadān","رزن","Razan","قروه درجزین","Qorveh-ye Darjazin",,,"درجزین سفلی","Darjazin-e Soflā","کمندان","Kamandān","Kamannān","Elham Izadi and Mehrdad Meshkinfam, field notes 2020",259,,"","","Turkic 80%; Standard type Persian 20%","Mehrdad Meshkinfam and Elham Izadi, field notes 2020",35.33777,49.12477,""
"","64f033874349bbe1086abaf8697aa8fe","10-d9dff8eef8fcb121f429ecb50fa84998","1131076","همدان","Hamadān","رزن","Razan","قروه درجزین","Qorveh-ye Darjazin",,,"درجزین علیا","Darjazin-e Oliā","پلیکان","Pelikān","Pilikān","Elham Izadi and Mehrdad Meshkinfam, field notes 2020",15,,"","","Turkic 85%; Standard type Persian 15%","Mehrdad Meshkinfam and Elham Izadi, field notes 2020",35.2935,49.21069,""
"","64f033874349bbe1086abaf8697aa8df","10-555e22e5ad3a3e0d6379d85160efb9be","1131077","همدان","Hamadān","رزن","Razan","قروه درجزین","Qorveh-ye Darjazin",,,"درجزین علیا","Darjazin-e Oliā","رکین","Rakin","Rükün","Elham Izadi and Mehrdad Meshkinfam, field notes 2020",218,,"","","Turkic 85%; Standard type Persian 15%","Mehrdad Meshkinfam and Elham Izadi, field notes 2020",35.25321,49.10669,""
"","64f033874349bbe1086abaf8697a9abe","10-83db7646a5e05d01ed5f468e53f656a4","1131078","همدان","Hamadān","رزن","Razan","قروه درجزین","Qorveh-ye Darjazin",,,"درجزین علیا","Darjazin-e Oliā","سلیلک","Seleylak","Sileylak","Elham Izadi and Mehrdad Meshkinfam, field notes 2020",41,,"","","Turkic 85%; Standard type Persian 15%","Mehrdad Meshkinfam and Elham Izadi, field notes 2020",35.25285,49.11837,""
"","64f033874349bbe1086abaf8697a973d","10-25ab13b0ec9e383283d844fab8dfca5f","1131079","همدان","Hamadān","رزن","Razan","قروه درجزین","Qorveh-ye Darjazin",,,"درجزین علیا","Darjazin-e Oliā","سوزن","Suzan","Süzan","Elham Izadi and Mehrdad Meshkinfam, field notes 2020",1406,,"","","Turkic 85%; Standard type Persian 15%","Mehrdad Meshkinfam and Elham Izadi, field notes 2020",35.28585,49.1533,""
"","64f033874349bbe1086abaf8697b133c","10-b6c08c1ac83a5cd174a0e0c9491d9f1f","1131080","همدان","Hamadān","رزن","Razan","قروه درجزین","Qorveh-ye Darjazin",,,"درجزین علیا","Darjazin-e Oliā","شنجور","Shanjur","Kangir","Elham Izadi and Mehrdad Meshkinfam, field notes 2020",563,,"","","Turkic 85%; Standard type Persian 15%","Mehrdad Meshkinfam and Elham Izadi, field notes 2020",35.29753067,49.17623067,""
"","64f033874349bbe1086abaf8697b1211","10-918820bea6ee76badd4996def2f1fa13","1131081","همدان","Hamadān","رزن","Razan","قروه درجزین","Qorveh-ye Darjazin",,,"درجزین علیا","Darjazin-e Oliā","مزرعه صارم","Mazra'eh-ye Sārem","Sārom Mazrasi","Elham Izadi and Mehrdad Meshkinfam, field notes 2020",289,,"","","Turkic 85%; Standard type Persian 15%","Mehrdad Meshkinfam and Elham Izadi, field notes 2020",35.43951,49.16788,""
"","64f033874349bbe1086abaf8697b0bd5","10-27e87be3bbbc5605f591ba04d334af35","1131082","همدان","Hamadān","رزن","Razan","قروه درجزین","Qorveh-ye Darjazin",,,"درجزین علیا","Darjazin-e Oliā","مسینک","Mesinak","Misinak","Elham Izadi and Mehrdad Meshkinfam, field notes 2020",58,,"","","Turkic 85%; Standard type Persian 15%","Mehrdad Meshkinfam and Elham Izadi, field notes 2020",35.27121,49.15181,""
"","64f033874349bbe1086abaf8697b00a4","10-6126ce8666433167ad8ac760c22f4544","1131083","همدان","Hamadān","رزن","Razan","قروه درجزین","Qorveh-ye Darjazin",,,"درجزین علیا","Darjazin-e Oliā","ولاشجرد","Vālāshejerd","Ālāshigird","Elham Izadi and Mehrdad Meshkinfam, field notes 2020",75,,"","","Turkic 85%; Standard type Persian 15%","Mehrdad Meshkinfam and Elham Izadi, field notes 2020",35.32519,49.14534,""
"","64f033874349bbe1086abaf8697af646","10-26c2a5bc971e22f30e624f8be6eb2fd7","1131084","همدان","Hamadān","رزن","Razan","قروه درجزین","Qorveh-ye Darjazin",,,"درجزین علیا","Darjazin-e Oliā","پیربگ","Pir Bag","Pir Bay","Elham Izadi and Mehrdad Meshkinfam, field notes 2020",45,,"","","Turkic 85%; Standard type Persian 15%","Mehrdad Meshkinfam and Elham Izadi, field notes 2020",35.28557,49.12418,""
"","64f033874349bbe1086abaf8697ae91a","10-de0ddb97ed819209a459da1c8c44e897","1131085","همدان","Hamadān","رزن","Razan","قروه درجزین","Qorveh-ye Darjazin",,,"درجزین علیا","Darjazin-e Oliā","تموزان","Tamuzān","Tümüzān","Elham Izadi and Mehrdad Meshkinfam, field notes 2020",166,,"","","Turkic 85%; Standard type Persian 15%","Mehrdad Meshkinfam and Elham Izadi, field notes 2020",35.27886,49.13352,""
"","64f033874349bbe1086abaf8697ae90f","10-6fe6928795bd30e389bf0775b5a86e8f","1131086","همدان","Hamadān","رزن","Razan","قروه درجزین","Qorveh-ye Darjazin",,,"درجزین علیا","Darjazin-e Oliā","کاج","Kāj","Kāj","Elham Izadi and Mehrdad Meshkinfam, field notes 2020",1133,,"","","Turkic 85%; Standard type Persian 15%","Mehrdad Meshkinfam and Elham Izadi, field notes 2020",35.29984,49.14312,""
"","64f033874349bbe1086abaf8697adc55","10-fddbcc412e0c96f2f6b7eb7fa3698bad","1131087","همدان","Hamadān","رزن","Razan","قروه درجزین","Qorveh-ye Darjazin",,,"درجزین علیا","Darjazin-e Oliā","چانگرین","Chāngarin","Chānigarin","Elham Izadi and Mehrdad Meshkinfam, field notes 2020",2362,,"","","Turkic 85%; Standard type Persian 15%","Mehrdad Meshkinfam and Elham Izadi, field notes 2020",35.30721111,49.16906944,""
"","64f033874349bbe1086abaf8697ace47","10-6e215d90be9f61f805d637f74fb45e35","1131088","همدان","Hamadān","رزن","Razan","قروه درجزین","Qorveh-ye Darjazin",,,"درجزین علیا","Darjazin-e Oliā","وسمق","Vasmaq","Vasmakh","Elham Izadi and Mehrdad Meshkinfam, field notes 2020",1186,,"","","Turkic 85%; Standard type Persian 15%","Mehrdad Meshkinfam and Elham Izadi, field notes 2020",35.31211,49.17495,""
"","64f033874349bbe1086abaf8697ac9a7","10-6f2a3f967cf816950ed4cbd5980ea49a","1131089","همدان","Hamadān","رزن","Razan","قروه درجزین","Qorveh-ye Darjazin",,,"درجزین علیا","Darjazin-e Oliā","شوند","Shavand","Shavand","Elham Izadi and Mehrdad Meshkinfam, field notes 2020",955,,"","","Turkic 85%; Standard type Persian 15%","Mehrdad Meshkinfam and Elham Izadi, field notes 2020",35.37622,49.20801,""
"","64f033874349bbe1086abaf8697b6612","10-64769188ced15e3e39f443485b8a0438","1131090","همدان","Hamadān","رزن","Razan","قروه درجزین","Qorveh-ye Darjazin",,,"درجزین علیا","Darjazin-e Oliā","منوچهر","Manuchehr","Manchar","Elham Izadi and Mehrdad Meshkinfam, field notes 2020",652,,"","","Turkic 85%; Standard type Persian 15%","Mehrdad Meshkinfam and Elham Izadi, field notes 2020",35.41574,49.20864,""
"","64f033874349bbe1086abaf8697b63ac","10-2da236703bdc317c3ab9071c1f7a8933","1131091","همدان","Hamadān","رزن","Razan","قروه درجزین","Qorveh-ye Darjazin",,,"درجزین علیا","Darjazin-e Oliā","جاورسجین","Jāvor Sejin","Govor Son","Elham Izadi and Mehrdad Meshkinfam, field notes 2020",145,,"","","Turkic 85%; Standard type Persian 15%","Mehrdad Meshkinfam and Elham Izadi, field notes 2020",35.28558,49.22232,""
"","64f033874349bbe1086abaf8697b5a7e","10-640b117e85f9cfaf6c8df63dba6fca8a","1131092","همدان","Hamadān","رزن","Razan","قروه درجزین","Qorveh-ye Darjazin",,,"درجزین علیا","Darjazin-e Oliā","قراقیه","Qarā Qayyeh","Ghārā Ghaya","Elham Izadi and Mehrdad Meshkinfam, field notes 2020",190,,"","","Turkic 85%; Standard type Persian 15%","Mehrdad Meshkinfam and Elham Izadi, field notes 2020",35.26748,49.25034,""
"","64f033874349bbe1086abaf8697b4f59","10-09b0255ee44593e16d2b94b97f5bbb72","1131093","همدان","Hamadān","رزن","Razan","قروه درجزین","Qorveh-ye Darjazin",,,"درجزین علیا","Darjazin-e Oliā","کرفس","Karafs","Karövös","Elham Izadi and Mehrdad Meshkinfam, field notes 2020",4086,,"","","Turkic 85%; Standard type Persian 15%","Mehrdad Meshkinfam and Elham Izadi, field notes 2020",35.36255,49.30025,""
"","64f033874349bbe1086abaf8697b44f8","10-c6d32955d2947cdab2292143aea06b3b","1131094","همدان","Hamadān","رزن","Razan","قروه درجزین","Qorveh-ye Darjazin",,,"درجزین علیا","Darjazin-e Oliā","ناکین","Nākin","Nākin","Elham Izadi and Mehrdad Meshkinfam, field notes 2020",190,,"","","Turkic 85%; Standard type Persian 15%","Mehrdad Meshkinfam and Elham Izadi, field notes 2020",35.38845,49.26579,""
"","64f033874349bbe1086abaf8697b3eb4","10-df8fb0deaaa7d0c02d3c14e2efd5216b","1131095","همدان","Hamadān","رزن","Razan","قروه درجزین","Qorveh-ye Darjazin",,,"درجزین علیا","Darjazin-e Oliā","عین آباد","Eyn Ābād","Eynābād","Elham Izadi and Mehrdad Meshkinfam, field notes 2020",1332,,"","","Turkic 85%; Standard type Persian 15%","Mehrdad Meshkinfam and Elham Izadi, field notes 2020",35.40515,49.24477,""
"","64f033874349bbe1086abaf8697b35f9","10-1af969c93e2bc59fcf126d00020500ff","1131096","همدان","Hamadān","رزن","Razan","قروه درجزین","Qorveh-ye Darjazin",,,"درجزین علیا","Darjazin-e Oliā","سنقر آباد","Sonqor Ābād","Songhorāvā","Elham Izadi and Mehrdad Meshkinfam, field notes 2020",1191,,"","","Turkic 85%; Standard type Persian 15%","Mehrdad Meshkinfam and Elham Izadi, field notes 2020",35.27247,49.27511,""
"","64f033874349bbe1086abaf8697b27a7","10-343d9466000528e3d34a20840fe5261d","1131097","همدان","Hamadān","رزن","Razan","قروه درجزین","Qorveh-ye Darjazin",,,"درجزین علیا","Darjazin-e Oliā","سنگ گران کوه","Sang Garān Kuh","Sangarān Kuh, Shāh Bolāghi","Elham Izadi and Mehrdad Meshkinfam, field notes 2020",208,,"","","Turkic 85%; Standard type Persian 15%","Mehrdad Meshkinfam and Elham Izadi, field notes 2020",35.44374,49.277099,""
"","64f033874349bbe1086abaf8697b22d9","10-7966b9cf5ba261bd5962ef9803d7c969","1131098","همدان","Hamadān","رزن","Razan","قروه درجزین","Qorveh-ye Darjazin",,,"درجزین علیا","Darjazin-e Oliā","ینگجه کرفس","Yengejeh-ye Karafs","Yingija Karövös","Elham Izadi and Mehrdad Meshkinfam, field notes 2020",30,,"","","Turkic 85%; Standard type Persian 15%","Mehrdad Meshkinfam and Elham Izadi, field notes 2020",35.18224444,49.21871776,""
"","64f033874349bbe1086abaf8697b1526","10-e56253e848ee474ec9b914fe9b6019e7","1131099","همدان","Hamadān","رزن","Razan","قروه درجزین","Qorveh-ye Darjazin","قروه درجزین","Qorveh-ye Darjazin",,,,,"Ghörva-y Dargazin","Elham Izadi and Mehrdad Meshkinfam, field notes 2020",10231,,"","","Turkic 80%; Standard type Persian 20%","Mehrdad Meshkinfam and Elham Izadi, field notes 2020",35.31343537,49.10038948,""
"","64f033874349bbe1086abaf8697bb004","10-0560143a4cf04caf9e19abbf1c93c49a","1131102","همدان","Hamadān","رزن","Razan","مرکزی","Markazi",,,"خرقان","Kharaqān","جربانلو","Jerbānlu","Jirbānlu","Elham Izadi and Mehrdad Meshkinfam, field notes 2020",499,,"","","Turkic 80%; Standard type Persian 20%","Mehrdad Meshkinfam and Elham Izadi, field notes 2020",35.58649,48.92798,""
"","64f033874349bbe1086abaf8697ba5b2","10-895d3746a8b10c79c235b1f7c4b0221d","1131103","همدان","Hamadān","رزن","Razan","مرکزی","Markazi",,,"خرقان","Kharaqān","ساریجلو","Sārijlu","Sārijālu","Elham Izadi and Mehrdad Meshkinfam, field notes 2020",966,,"","","Turkic 80%; Standard type Persian 20%","Mehrdad Meshkinfam and Elham Izadi, field notes 2020",35.61151,48.89092,""
"","64f033874349bbe1086abaf8697b9d3b","10-8dc0adc00e45ec1c68132bae4fc583b3","1131104","همدان","Hamadān","رزن","Razan","مرکزی","Markazi",,,"خرقان","Kharaqān","قزلجه خرقان","Qezeljeh-ye Kharaqān","Ghozlöjā","Elham Izadi and Mehrdad Meshkinfam, field notes 2020",311,,"","","Turkic 80%; Standard type Persian 20%","Mehrdad Meshkinfam and Elham Izadi, field notes 2020",35.6036,48.91006,""
"","64f033874349bbe1086abaf8697b9648","10-ed10b8575bd42235cc765859a2ccec4d","1131105","همدان","Hamadān","رزن","Razan","مرکزی","Markazi",,,"خرقان","Kharaqān","خلج","Khalaj","Khalaj","Elham Izadi and Mehrdad Meshkinfam, field notes 2020",190,,"","","Turkic 80%; Standard type Persian 20%","Mehrdad Meshkinfam and Elham Izadi, field notes 2020",35.55811,49.00435,""
"","64f033874349bbe1086abaf8697b8b38","10-c8f44077f3c9c8ad0ce97abc2c8929ca","1131106","همدان","Hamadān","رزن","Razan","مرکزی","Markazi",,,"خرقان","Kharaqān","سورتجین","Surtejin","Sürtügün","Elham Izadi and Mehrdad Meshkinfam, field notes 2020",326,,"","","Turkic 80%; Standard type Persian 20%","Mehrdad Meshkinfam and Elham Izadi, field notes 2020",35.53644,49.01479,""
"","64f033874349bbe1086abaf8697b85c1","10-3d1b752b367603a35feeb632497b4a19","1131107","همدان","Hamadān","رزن","Razan","مرکزی","Markazi",,,"خرقان","Kharaqān","گونلو","Gavanlu","Gavanlu","Elham Izadi and Mehrdad Meshkinfam, field notes 2020",404,,"","","Turkic 80%; Standard type Persian 20%","Mehrdad Meshkinfam and Elham Izadi, field notes 2020",35.55783,48.9822,""
"","64f033874349bbe1086abaf8697b8136","10-756c73fbb20b775fbfe4faa8e89433dc","1131108","همدان","Hamadān","رزن","Razan","مرکزی","Markazi",,,"خرقان","Kharaqān","لاله دان","Lāledān","Lāldān","Elham Izadi and Mehrdad Meshkinfam, field notes 2020",397,,"","","Turkic 80%; Standard type Persian 20%","Mehrdad Meshkinfam and Elham Izadi, field notes 2020",35.58021,48.9542,""
"","64f033874349bbe1086abaf8697b7d74","10-e5aeb37057bd90e05058db7308c8502d","1131109","همدان","Hamadān","رزن","Razan","مرکزی","Markazi",,,"خرقان","Kharaqān","ماهنیان","Māhniān","Māhniyān","Elham Izadi and Mehrdad Meshkinfam, field notes 2020",439,,"","","Turkic 80%; Standard type Persian 20%","Mehrdad Meshkinfam and Elham Izadi, field notes 2020",35.50268,49.064,""
"","64f033874349bbe1086abaf8697b7b92","10-82c2f2a74047c0f47914689569c906df","1131110","همدان","Hamadān","رزن","Razan","مرکزی","Markazi",,,"خرقان","Kharaqān","آغچه خرابه","Āghcheh Kharābeh","Āghjā Khārābā","Elham Izadi and Mehrdad Meshkinfam, field notes 2020",133,,"","","Turkic 80%; Standard type Persian 20%","Mehrdad Meshkinfam and Elham Izadi, field notes 2020",35.47776,49.00989,""
"","64f033874349bbe1086abaf8697b6fdc","10-36f90ab03d7cfbe42f583e45e011a590","1131111","همدان","Hamadān","رزن","Razan","مرکزی","Markazi",,,"خرقان","Kharaqān","دورنیان","Durniān","Dorniyān","Elham Izadi and Mehrdad Meshkinfam, field notes 2020",312,,"","","Turkic 80%; Standard type Persian 20%","Mehrdad Meshkinfam and Elham Izadi, field notes 2020",35.4814,49.04142,""
"","64f033874349bbe1086abaf8697c0d4c","10-20daedab15b4826997659b34ae1b6dd5","1131112","همدان","Hamadān","رزن","Razan","مرکزی","Markazi",,,"خرقان","Kharaqān","کاروانه","Kārvāneh","Kārvāni","Elham Izadi and Mehrdad Meshkinfam, field notes 2020",86,,"","","Turkic 80%; Standard type Persian 20%","Mehrdad Meshkinfam and Elham Izadi, field notes 2020",35.53407,49.0032,""
"","64f033874349bbe1086abaf8697bff66","10-4c5f96bb8fef3a0755c66610c7529fe9","1131113","همدان","Hamadān","رزن","Razan","مرکزی","Markazi",,,"خرقان","Kharaqān","گرمک","Garmak","Garmak","Elham Izadi and Mehrdad Meshkinfam, field notes 2020",178,,"","","Turkic 80%; Standard type Persian 20%","Mehrdad Meshkinfam and Elham Izadi, field notes 2020",35.54181,49.09998,""
"","64f033874349bbe1086abaf8697bf97b","10-93b1bfa3a0f0adab1f1c119efa892805","1131114","همدان","Hamadān","رزن","Razan","مرکزی","Markazi",,,"خرقان","Kharaqān","وهنده","Vahandeh","Vahanna","Elham Izadi and Mehrdad Meshkinfam, field notes 2020",143,,"","","Turkic 80%; Standard type Persian 20%","Mehrdad Meshkinfam and Elham Izadi, field notes 2020",35.5091,49.04917,""
"","64f033874349bbe1086abaf8697beb27","10-ff69693dc48570798ab7e413dea3a8c1","1131115","همدان","Hamadān","رزن","Razan","مرکزی","Markazi",,,"خرقان","Kharaqān","آق چای","Āq Chāy","Āgh Chāy","Elham Izadi and Mehrdad Meshkinfam, field notes 2020",290,,"","","Turkic 80%; Standard type Persian 20%","Mehrdad Meshkinfam and Elham Izadi, field notes 2020",35.4793,49.1025,""
"","64f033874349bbe1086abaf8697be5b3","10-93c4874dbba796b48370c1c9da0ff7cc","1131116","همدان","Hamadān","رزن","Razan","مرکزی","Markazi",,,"خرقان","Kharaqān","بادکوه","Bād Kuh","Bādku","Elham Izadi and Mehrdad Meshkinfam, field notes 2020",116,,"","","Turkic 80%; Standard type Persian 20%","Mehrdad Meshkinfam and Elham Izadi, field notes 2020",35.48757,49.07952,""
"","64f033874349bbe1086abaf8697be08a","10-987d39fd5b6cc0e31600aa4265632b9a","1131117","همدان","Hamadān","رزن","Razan","مرکزی","Markazi",,,"خرقان","Kharaqān","امیر آباد","Amir Ābād","Amirābād","Elham Izadi and Mehrdad Meshkinfam, field notes 2020",473,,"","","Turkic 80%; Standard type Persian 20%","Mehrdad Meshkinfam and Elham Izadi, field notes 2020",35.47588,49.05109,""
"","64f033874349bbe1086abaf8697bd243","10-9307167fea2a0aeb945508574a26642b","1131119","همدان","Hamadān","رزن","Razan","مرکزی","Markazi",,,"رزن","Razan","آب باریک","Āb Bārik","Ow Barik","Elham Izadi and Mehrdad Meshkinfam, field notes 2020",1014,,"","","Turkic 70%; Standard type Persian 25%; Northern Lori 5%","Mehrdad Meshkinfam and Elham Izadi, field notes 2020",35.26758,48.94153,""
"","64f033874349bbe1086abaf8697bc70f","10-8c7f9a247bfe9843182061f24e0bc4a4","1131120","همدان","Hamadān","رزن","Razan","مرکزی","Markazi",,,"رزن","Razan","غازیاتان","Ghāziātān","Ghāziyātān","Elham Izadi and Mehrdad Meshkinfam, field notes 2020",162,,"","","Turkic 80%; Standard type Persian 20%","Mehrdad Meshkinfam and Elham Izadi, field notes 2020",35.33215,48.93272,""
"","64f033874349bbe1086abaf8697bba6c","10-091eab9587b8bd426fd50d119696ffdb","1131121","همدان","Hamadān","رزن","Razan","مرکزی","Markazi",,,"رزن","Razan","قاطراولن","Qāter Olan","Ghātir Ölan","Elham Izadi and Mehrdad Meshkinfam, field notes 2020",37,,"","","Turkic 80%; Standard type Persian 20%","Mehrdad Meshkinfam and Elham Izadi, field notes 2020",35.37499,48.93152,""
"","64f033874349bbe1086abaf8697bb6e0","10-5ead5c2ca7218c2b6a481a7d385b8ead","1131122","همدان","Hamadān","رزن","Razan","مرکزی","Markazi",,,"رزن","Razan","نینج","Nianj","Nianj","Elham Izadi and Mehrdad Meshkinfam, field notes 2020",467,,"","","Turkic 80%; Standard type Persian 20%","Mehrdad Meshkinfam and Elham Izadi, field notes 2020",35.34814,48.91601,""
"","64f033874349bbe1086abaf8697c6494","10-8192b0bd037b20b478d12465fd328022","1131123","همدان","Hamadān","رزن","Razan","مرکزی","Markazi",,,"رزن","Razan","آقکند","Āq Kand","Āgh Kand","Elham Izadi and Mehrdad Meshkinfam, field notes 2020",279,,"","","Turkic 80%; Standard type Persian 20%","Mehrdad Meshkinfam and Elham Izadi, field notes 2020",35.34055,48.96662,""
"","64f033874349bbe1086abaf8697c5d74","10-7486a334c43f4ad55ec18764c547ce2e","1131124","همدان","Hamadān","رزن","Razan","مرکزی","Markazi",,,"رزن","Razan","امتلر","Ammatlar","Ammat","Elham Izadi and Mehrdad Meshkinfam, field notes 2020",2256,,"","","Turkic 80%; Standard type Persian 20%","Mehrdad Meshkinfam and Elham Izadi, field notes 2020",35.43635,48.96671,""
"","64f033874349bbe1086abaf8697c5859","10-81f7785ad120d6aecb79a14268f49a45","1131125","همدان","Hamadān","رزن","Razan","مرکزی","Markazi",,,"رزن","Razan","تازه کند","Tāzeh Kand","Tazza Kand","Elham Izadi and Mehrdad Meshkinfam, field notes 2020",275,,"","","Turkic 80%; Standard type Persian 20%","Mehrdad Meshkinfam and Elham Izadi, field notes 2020",35.41545,48.98798,""
"","64f033874349bbe1086abaf8697c4d02","10-f611cfd56f44dc0f8454def94e93b4e1","1131126","همدان","Hamadān","رزن","Razan","مرکزی","Markazi",,,"رزن","Razan","غلامعلی","Gholām Ali","Gholāmali","Elham Izadi and Mehrdad Meshkinfam, field notes 2020",65,,"","","Turkic 80%; Standard type Persian 20%","Mehrdad Meshkinfam and Elham Izadi, field notes 2020",35.4154,48.95315,""
"","64f033874349bbe1086abaf8697c4408","10-51f05afcdd88b38d12738c89b4dff0cb","1131127","همدان","Hamadān","رزن","Razan","مرکزی","Markazi",,,"رزن","Razan","قان قانلو","Qānqānlu","Ghānghāllu","Elham Izadi and Mehrdad Meshkinfam, field notes 2020",169,,"","","Turkic 80%; Standard type Persian 20%","Mehrdad Meshkinfam and Elham Izadi, field notes 2020",35.74786406,48.76960876,""
"","64f033874349bbe1086abaf8697c35fe","10-582e1ed8807cc413b68b5d6ad6d583b9","1131128","همدان","Hamadān","رزن","Razan","مرکزی","Markazi",,,"رزن","Razan","ماد آباد","Mād Ābād","Mādāvā","Elham Izadi and Mehrdad Meshkinfam, field notes 2020",108,,"","","Turkic 80%; Standard type Persian 20%","Mehrdad Meshkinfam and Elham Izadi, field notes 2020",35.34554,48.98135,""
"","64f033874349bbe1086abaf8697c2602","10-496a973b2854165c71797d1c03b99045","1131129","همدان","Hamadān","رزن","Razan","مرکزی","Markazi",,,"رزن","Razan","وروزین","Varvazin","Varvazin","Elham Izadi and Mehrdad Meshkinfam, field notes 2020",220,,"","","Turkic 80%; Standard type Persian 20%","Mehrdad Meshkinfam and Elham Izadi, field notes 2020",35.36491,48.9609,""
"","64f033874349bbe1086abaf8697c1bb4","10-68714e17d0feb4e624fa9c8a879ffc04","1131130","همدان","Hamadān","رزن","Razan","مرکزی","Markazi",,,"رزن","Razan","وفس","Vafs","Vovos","Elham Izadi and Mehrdad Meshkinfam, field notes 2020",462,,"","","Turkic 80%; Standard type Persian 20%","Mehrdad Meshkinfam and Elham Izadi, field notes 2020",35.46841,48.99473,""
"","64f033874349bbe1086abaf8697c1a7a","10-9bdb9950f8ec1ee62ecc9133f3eca7cb","1131131","همدان","Hamadān","رزن","Razan","مرکزی","Markazi",,,"رزن","Razan","امیریه","Amirieh","Amiriya","Elham Izadi and Mehrdad Meshkinfam, field notes 2020",275,,"","","Turkic 80%; Standard type Persian 20%","Mehrdad Meshkinfam and Elham Izadi, field notes 2020",35.29818,48.99239,""
"","64f033874349bbe1086abaf8697c14fa","10-b16d435ab2ca1f8718990f9b53ccadea","1131132","همدان","Hamadān","رزن","Razan","مرکزی","Markazi",,,"رزن","Razan","تکیه","Takieh","Takiya","Elham Izadi and Mehrdad Meshkinfam, field notes 2020",305,,"","","Turkic 80%; Standard type Persian 20%","Mehrdad Meshkinfam and Elham Izadi, field notes 2020",35.35644,49.03131,""
"","64f033874349bbe1086abaf8697cb0fe","10-97d650b98d1bbc212342f45b0eea725b","1131133","همدان","Hamadān","رزن","Razan","مرکزی","Markazi",,,"رزن","Razan","جامیشلو","Jāmishlu","Gāmushlu","Elham Izadi and Mehrdad Meshkinfam, field notes 2020",1092,,"","","Turkic 80%; Standard type Persian 20%","Mehrdad Meshkinfam and Elham Izadi, field notes 2020",35.24512,48.97401,""
"","64f033874349bbe1086abaf8697ca3fb","10-8abdb9fc73f477c5c8d71ac86b99e2a6","1131134","همدان","Hamadān","رزن","Razan","مرکزی","Markazi",,,"رزن","Razan","خمیگان","Khomeygān","Khomeygān","Elham Izadi and Mehrdad Meshkinfam, field notes 2020",1143,,"","","Turkic 80%; Standard type Persian 20%","Mehrdad Meshkinfam and Elham Izadi, field notes 2020",35.36923,49.02215,""
"","64f033874349bbe1086abaf8697c98d3","10-5d5b54e4580c8fbb5b02e3daaf1e77de","1131135","همدان","Hamadān","رزن","Razan","مرکزی","Markazi",,,"رزن","Razan","یوشانلو","Yushānlu","Yushānlu, Kheygān","Elham Izadi and Mehrdad Meshkinfam, field notes 2020",366,,"","","Turkic 80%; Standard type Persian 20%","Mehrdad Meshkinfam and Elham Izadi, field notes 2020",35.316933,49.032576,""
"","64f033874349bbe1086abaf8697c8f5c","10-84c828221d853d05f61806c2bf0eda14","1131136","همدان","Hamadān","رزن","Razan","مرکزی","Markazi",,,"رزن","Razan","سیراب","Sirāb","Sirāb","Elham Izadi and Mehrdad Meshkinfam, field notes 2020",378,,"","","Turkic 80%; Standard type Persian 20%","Mehrdad Meshkinfam and Elham Izadi, field notes 2020",35.33414,49.02501,""
"","64f033874349bbe1086abaf8697c8595","10-0993efe9e406dbc44f2dc673aa52347d","1131137","همدان","Hamadān","رزن","Razan","مرکزی","Markazi",,,"رزن","Razan","کهارد","Kahārd","Kāhā, Kāhārd","Elham Izadi and Mehrdad Meshkinfam, field notes 2020",1525,,"","","Turkic 80%; Standard type Persian 20%","Mehrdad Meshkinfam and Elham Izadi, field notes 2020",35.28524,49.00647,""
"","64f033874349bbe1086abaf8697c7fbb","10-b9448270048f2d06f47313a37efcc17a","1131138","همدان","Hamadān","رزن","Razan","مرکزی","Markazi",,,"رزن","Razan","ینگی قلعه","Yengi Qal'eh","Yingi Ghālā","Elham Izadi and Mehrdad Meshkinfam, field notes 2020",471,,"","","Turkic 80%; Standard type Persian 20%","Mehrdad Meshkinfam and Elham Izadi, field notes 2020",35.360925,49.060886,""
"","64f033874349bbe1086abaf8697c7968","10-8f84a7cac71356d712fd67b9c61a4613","1131139","همدان","Hamadān","رزن","Razan","مرکزی","Markazi",,,"رزن","Razan","ورقستان","Varqestān","Varghisdān","Elham Izadi and Mehrdad Meshkinfam, field notes 2020",1057,,"","","Turkic 80%; Standard type Persian 20%","Mehrdad Meshkinfam and Elham Izadi, field notes 2020",35.39613,49.01259,""
"","64f033874349bbe1086abaf8697c6f1b","10-aeeecdfb684f2a5e3737cf1f6cfddfe6","1131140","همدان","Hamadān","رزن","Razan","مرکزی","Markazi",,,"رزن","Razan","فارسجین","Fārsejin","Fārson","Elham Izadi and Mehrdad Meshkinfam, field notes 2020",977,,"","","Turkic 80%; Standard type Persian 20%","Mehrdad Meshkinfam and Elham Izadi, field notes 2020",35.37971,49.05312,""
"","64f033874349bbe1086abaf8697c6ad4","10-ace218b5d3a5a827add34ea52d087364","1131141","همدان","Hamadān","رزن","Razan","مرکزی","Markazi",,,"رزن","Razan","خیر آباد","Kheyr Ābād","Kheyrābād","Elham Izadi and Mehrdad Meshkinfam, field notes 2020",,"(3 or fewer households; population not specified in 2011 Census for reasons of privacy)","","","Turkic 80%; Standard type Persian 20%","Mehrdad Meshkinfam and Elham Izadi, field notes 2020",35.27719,49.00732,""
"","64f033874349bbe1086abaf8697c6a0b","10-8f0678d7f4c4c65d241a783aa25820e5","1131142","همدان","Hamadān","رزن","Razan","مرکزی","Markazi",,,"رزن","Razan","کلیجه","Kollijeh","Köllöja","Elham Izadi and Mehrdad Meshkinfam, field notes 2020",176,,"","","Turkic 80%; Standard type Persian 20%","Mehrdad Meshkinfam and Elham Izadi, field notes 2020",35.23938,48.98639,""
"","64f033874349bbe1086abaf8697cef98","10-09046b7f0d857d32718b4c40147c80b5","1131143","همدان","Hamadān","رزن","Razan","مرکزی","Markazi",,,"رزن","Razan","هریان","Haryān","Haryān","Elham Izadi and Mehrdad Meshkinfam, field notes 2020",1502,,"","","Turkic 80%; Standard type Persian 20%","Mehrdad Meshkinfam and Elham Izadi, field notes 2020",35.20894,49.04887,""
"","64f033874349bbe1086abaf8697ce393","10-69e1d46a991e4fdb68f4da78f9c5e507","1131144","همدان","Hamadān","رزن","Razan","مرکزی","Markazi",,,"رزن","Razan","نوار","Navār","Novār","Elham Izadi and Mehrdad Meshkinfam, field notes 2020",1797,,"","","Turkic 80%; Standard type Persian 20%","Mehrdad Meshkinfam and Elham Izadi, field notes 2020",35.34799,49.06389,""
"","64f033874349bbe1086abaf8697cd4d0","10-1df8341beb067331fb7f8aa345f2de64","1131145","همدان","Hamadān","رزن","Razan","مرکزی","Markazi","رزن","Razan",,,,,"Razan","Elham Izadi and Mehrdad Meshkinfam, field notes 2020",13711,,"","","Turkic 60%; Standard type Persian 40%","Mehrdad Meshkinfam and Elham Izadi, field notes 2020",35.39123742,49.03278935,""
"","64f033874349bbe1086abaf8697ccee4","6-b8f460b36656e1400fc93ed9d7e23b5d","1131146","همدان","Hamadān","فامنین","Fāmenin",,,,,,,,,"","",42485,,"","","",,35.39109522,49.03352723,""
"","64f033874349bbe1086abaf8697cc93c","10-35c625bb1bd31f2d08c9019c8e2235dd","1131149","همدان","Hamadān","فامنین","Fāmenin","مرکزی","Markazi",,,"خرم دشت","Khorram Dasht","سراوک","Sarāvak","Sorāvay","Elham Izadi and Mehrdad Meshkinfam, field notes 2020",1401,,"","","Turkic 90%; Standard type Persian 10%","Mehrdad Meshkinfam and Elham Izadi, field notes 2020",35.17907,48.94406,""
"","64f033874349bbe1086abaf8697cc757","10-070c1fc026f51ad389b5b39f9c29eea3","1131150","همدان","Hamadān","فامنین","Fāmenin","مرکزی","Markazi",,,"خرم دشت","Khorram Dasht","سرای","Sarāy","Sārāy","Elham Izadi and Mehrdad Meshkinfam, field notes 2020",134,,"","","Turkic 90%; Standard type Persian 10%","Mehrdad Meshkinfam and Elham Izadi, field notes 2020",35.07437,48.91137,""
"","64f033874349bbe1086abaf8697cc232","10-80f15cb9ddb0eedf188ec9b5a8944cd3","1131151","همدان","Hamadān","فامنین","Fāmenin","مرکزی","Markazi",,,"خرم دشت","Khorram Dasht","فیض آباد","Feyz Ābād ","Feyzābād ","Elham Izadi and Mehrdad Meshkinfam, field notes 2020",2869,,"","","Turkic 90%; Standard type Persian 10%","Mehrdad Meshkinfam and Elham Izadi, field notes 2020",35.13441,48.90302,""
"","64f033874349bbe1086abaf8697cbfc3","10-c74b43b39d2ea4b00ac28409681f2ec4","1131152","همدان","Hamadān","فامنین","Fāmenin","مرکزی","Markazi",,,"خرم دشت","Khorram Dasht","نگارخاتون","Negār Khātun","Negār Khātun","Elham Izadi and Mehrdad Meshkinfam, field notes 2020",2071,,"","","Turkic 90%; Standard type Persian 10%","Mehrdad Meshkinfam and Elham Izadi, field notes 2020",35.12049,48.92463,""
"","64f033874349bbe1086abaf8697cbd45","10-c443653c12233ef15912e1fdce0d318d","1131153","همدان","Hamadān","فامنین","Fāmenin","مرکزی","Markazi",,,"خرم دشت","Khorram Dasht","امین آباد","Amin Ābād","Ghal'e","Elham Izadi and Mehrdad Meshkinfam, field notes 2020",157,,"","","Turkic 90%; Standard type Persian 10%","Mehrdad Meshkinfam and Elham Izadi, field notes 2020",35.08029,48.89358,""
"","64f033874349bbe1086abaf8697cbcb4","10-3830a6b650757e2f995c39e0a344ca64","1131154","همدان","Hamadān","فامنین","Fāmenin","مرکزی","Markazi",,,"خرم دشت","Khorram Dasht","ابراهیم آباد","Ebrāhim Ābād","Ibrāhāmābād","Elham Izadi and Mehrdad Meshkinfam, field notes 2020",283,,"","","Turkic 90%; Standard type Persian 10%","Mehrdad Meshkinfam and Elham Izadi, field notes 2020",35.07078,48.9974,""
"","64f033874349bbe1086abaf8697d3b6b","10-124ef14e56684176dca0a5a8ab8cdca6","1131155","همدان","Hamadān","فامنین","Fāmenin","مرکزی","Markazi",,,"خرم دشت","Khorram Dasht","جهان آباد","Jahān Ābād","Jāhānābād","Elham Izadi and Mehrdad Meshkinfam, field notes 2020",1033,,"","","Turkic 90%; Standard type Persian 10%","Mehrdad Meshkinfam and Elham Izadi, field notes 2020",35.07167167,48.96230367,""
"","64f033874349bbe1086abaf8697d35a8","10-aedc90f9611a935422b777ced90620ce","1131156","همدان","Hamadān","فامنین","Fāmenin","مرکزی","Markazi",,,"خرم دشت","Khorram Dasht","امیر آباد علی نور","Amir Ābād-e Ali Nur","Amrābād","Elham Izadi and Mehrdad Meshkinfam, field notes 2020",980,,"","","Turkic 90%; Standard type Persian 10%","Mehrdad Meshkinfam and Elham Izadi, field notes 2020",35.0727,49.01321,""
"","64f033874349bbe1086abaf8697d2c8f","10-fa9c141db6ce1b0c23f822828df3d70e","1131157","همدان","Hamadān","فامنین","Fāmenin","مرکزی","Markazi",,,"خرم دشت","Khorram Dasht","تاوه","Tāveh","Tovā","Elham Izadi and Mehrdad Meshkinfam, field notes 2020",1192,,"","","Turkic 90%; Standard type Persian 10%","Mehrdad Meshkinfam and Elham Izadi, field notes 2020",35.11578,49.02928,""
"","64f033874349bbe1086abaf8697d2980","10-c26a1cccbdd9501a5f9d509a5f9ff8b2","1131158","همدان","Hamadān","فامنین","Fāmenin","مرکزی","Markazi",,,"خرم دشت","Khorram Dasht","حاجی آباد","Hāji Ābād","Hājābād","Elham Izadi and Mehrdad Meshkinfam, field notes 2020",420,,"","","Turkic 90%; Standard type Persian 10%","Mehrdad Meshkinfam and Elham Izadi, field notes 2020",35.14593,49.02206,""
"","64f033874349bbe1086abaf8697d271b","10-fdfd388fccddac6c8e1e89df701f27b4","1131159","همدان","Hamadān","فامنین","Fāmenin","مرکزی","Markazi",,,"خرم دشت","Khorram Dasht","طواله","Tavāleh","Tovālā","Elham Izadi and Mehrdad Meshkinfam, field notes 2020",86,,"","","Turkic 90%; Standard type Persian 10%","Mehrdad Meshkinfam and Elham Izadi, field notes 2020",35.15521,49.04445,""
"","64f033874349bbe1086abaf8697d1b26","10-25aeb37a2061ba32e256c05468caf140","1131160","همدان","Hamadān","فامنین","Fāmenin","مرکزی","Markazi",,,"خرم دشت","Khorram Dasht","سناج","Sanāj","Sānāj","Elham Izadi and Mehrdad Meshkinfam, field notes 2020",572,,"","","Turkic 90%; Standard type Persian 10%","Mehrdad Meshkinfam and Elham Izadi, field notes 2020",35.12164,49.02454,""
"","64f033874349bbe1086abaf8697d16be","10-14a178aa534e1cdd4a09516922a36904","1131161","همدان","Hamadān","فامنین","Fāmenin","مرکزی","Markazi",,,"خرم دشت","Khorram Dasht","امامزاده پیرنهان","Emāmzādeh Pir Nahān","Imāmzādā","Elham Izadi and Mehrdad Meshkinfam, field notes 2020",719,,"","","Turkic 90%; Standard type Persian 10%","Mehrdad Meshkinfam and Elham Izadi, field notes 2020",35.0118263,49.04115491,""
"","64f033874349bbe1086abaf8697d0a69","10-10a5d6a0d7bd4180727b2181cdd0f163","1131162","همدان","Hamadān","فامنین","Fāmenin","مرکزی","Markazi",,,"خرم دشت","Khorram Dasht","همه کسی","Hamekasi","Hamakasi","Elham Izadi and Mehrdad Meshkinfam, field notes 2020",700,,"","","Turkic 90%; Standard type Persian 10%","Mehrdad Meshkinfam and Elham Izadi, field notes 2020",35.02300295,48.97060208,""
"","64f033874349bbe1086abaf8697cff5f","10-4c50046b9e567c8380f61b6a3615aefc","1131164","همدان","Hamadān","فامنین","Fāmenin","مرکزی","Markazi",,,"مفتح","Mofateh","اصله","Asleh","Asla","Elham Izadi and Mehrdad Meshkinfam, field notes 2020",2345,,"","","Turkic 90%; Standard type Persian 10%","Mehrdad Meshkinfam and Elham Izadi, field notes 2020",35.14885,49.07236,""
"","64f033874349bbe1086abaf8697cf8a7","10-13d59a5f2c48b6266d4c455ef1cbe6a6","1131165","همدان","Hamadān","فامنین","Fāmenin","مرکزی","Markazi",,,"مفتح","Mofateh","کله سر","Kallesar","Kalesar","Elham Izadi and Mehrdad Meshkinfam, field notes 2020",388,,"","","Turkic 90%; Standard type Persian 10%","Mehrdad Meshkinfam and Elham Izadi, field notes 2020",35.20256,49.10377,""
"","64f033874349bbe1086abaf8697d92ea","10-904ea5e216df12ab75ec697522e47bf8","1131166","همدان","Hamadān","فامنین","Fāmenin","مرکزی","Markazi",,,"مفتح","Mofateh","حسام آباد","Hesām Ābād","Hesāmābād","Elham Izadi and Mehrdad Meshkinfam, field notes 2020",157,,"","","Turkic 90%; Standard type Persian 10%","Mehrdad Meshkinfam and Elham Izadi, field notes 2020",35.23934,49.14222,""
"","64f033874349bbe1086abaf8697d8d91","10-2de5de807307295039bf35bbff70c963","1131167","همدان","Hamadān","فامنین","Fāmenin","مرکزی","Markazi",,,"مفتح","Mofateh","دهلق","Deh Laq","Dehla","Elham Izadi and Mehrdad Meshkinfam, field notes 2020",1212,,"","","Turkic 90%; Standard type Persian 10%","Mehrdad Meshkinfam and Elham Izadi, field notes 2020",35.22517,49.12166,""
"","64f033874349bbe1086abaf8697d879f","10-c162f250bf03aea2702ae9295b343a71","1131168","همدان","Hamadān","فامنین","Fāmenin","مرکزی","Markazi",,,"مفتح","Mofateh","اکله","Akleh","Akla","Elham Izadi and Mehrdad Meshkinfam, field notes 2020",386,,"","","Turkic 90%; Standard type Persian 10%","Mehrdad Meshkinfam and Elham Izadi, field notes 2020",35.20412,49.08313,""
"","64f033874349bbe1086abaf8697d859a","10-d937fb80149c730e201eb56518b442df","1131169","همدان","Hamadān","فامنین","Fāmenin","مرکزی","Markazi","فامنین","Fāmenin",,,,,"Fāmenin","Elham Izadi and Mehrdad Meshkinfam, field notes 2020",14478,,"","","Turkic 80%; Standard type Persian 20%","Mehrdad Meshkinfam and Elham Izadi, field notes 2020",35.11589178,48.97272752,""
"","64f033874349bbe1086abaf8697d7d47","10-116127ecafda28647cd7ae5eeb736bce","1131172","همدان","Hamadān","فامنین","Fāmenin","پیشخور","Pishkhor",,,"پیشخور","Pishkhor","آجرلو","Ājerlu","Ājerlu","Elham Izadi and Mehrdad Meshkinfam, field notes 2020",281,,"","","Turkic 90%; Standard type Persian 10%","Mehrdad Meshkinfam and Elham Izadi, field notes 2020",35.13961,49.22913,""
"","64f033874349bbe1086abaf8697d6f71","10-e09caba57b229d99f89439ce0b5052e6","1131173","همدان","Hamadān","فامنین","Fāmenin","پیشخور","Pishkhor",,,"پیشخور","Pishkhor","باغچه غاز","Bāghcheh Ghāz","Bākhche Ghāz","Elham Izadi and Mehrdad Meshkinfam, field notes 2020",40,,"","","Turkic 90%; Standard type Persian 10%","Mehrdad Meshkinfam and Elham Izadi, field notes 2020",35.21798973,49.17534117,""
"","64f033874349bbe1086abaf8697d60e7","10-20972e4aa22ee737cf069e8a9c1ca5ff","1131174","همدان","Hamadān","فامنین","Fāmenin","پیشخور","Pishkhor",,,"پیشخور","Pishkhor","بزچلو","Bozchallu","Bozchallu","Elham Izadi and Mehrdad Meshkinfam, field notes 2020",,"(3 or fewer households; population not specified in 2011 Census for reasons of privacy)","","","Turkic 90%; Standard type Persian 10%","Mehrdad Meshkinfam and Elham Izadi, field notes 2020",35.16891027,49.22462938,""
"","64f033874349bbe1086abaf8697d5e43","10-739e442b7151d92fca811082f300fc9e","1131175","همدان","Hamadān","فامنین","Fāmenin","پیشخور","Pishkhor",,,"پیشخور","Pishkhor","قمشانه","Qomshāneh","Kömüshān (Turkic), Qamushāneh (local Persian)","Elham Izadi and Mehrdad Meshkinfam, field notes 2020",360,,"","","Turkic 90%; Standard type Persian 10%","Mehrdad Meshkinfam and Elham Izadi, field notes 2020",35.16282,49.28352,""
"","64f033874349bbe1086abaf8697d4e70","10-0ca3050d0b10d2ffa08129d1b0ded51d","1131176","همدان","Hamadān","فامنین","Fāmenin","پیشخور","Pishkhor",,,"پیشخور","Pishkhor","صید آباد","Seyd Ābād","Seydābā","Elham Izadi and Mehrdad Meshkinfam, field notes 2020",77,,"","","Turkic 90%; Standard type Persian 10%","Mehrdad Meshkinfam and Elham Izadi, field notes 2020",35.15489,49.30157,""
"","64f033874349bbe1086abaf8697d4719","10-f9ccf63bddf6fa7f8a5d91d67966143b","1131177","همدان","Hamadān","فامنین","Fāmenin","پیشخور","Pishkhor",,,"پیشخور","Pishkhor","قبان قلی","Qabān Qoli","Ghābān Gholu","Elham Izadi and Mehrdad Meshkinfam, field notes 2020",144,,"","","Turkic 90%; Standard type Persian 10%","Mehrdad Meshkinfam and Elham Izadi, field notes 2020",35.19836013,49.17823262,""
"","64f033874349bbe1086abaf8697dedbe","10-20652779d5508f5965bdc6e540e41796","1131178","همدان","Hamadān","فامنین","Fāmenin","پیشخور","Pishkhor",,,"پیشخور","Pishkhor","مرغ آباد","Morgh Ābād","Morghāvā","Elham Izadi and Mehrdad Meshkinfam, field notes 2020",268,,"","","Turkic 90%; Standard type Persian 10%","Mehrdad Meshkinfam and Elham Izadi, field notes 2020",35.18945,49.28251,""
"","64f033874349bbe1086abaf8697de4fa","10-b2b130b9ca3b11940da517bc241b42ae","1131179","همدان","Hamadān","فامنین","Fāmenin","پیشخور","Pishkhor",,,"پیشخور","Pishkhor","ینگجه","Yengejeh","Yengeja","Elham Izadi and Mehrdad Meshkinfam, field notes 2020",661,,"","","Turkic 90%; Standard type Persian 10%","Mehrdad Meshkinfam and Elham Izadi, field notes 2020",35.18194,49.21797,""
"","64f033874349bbe1086abaf8697dd7ec","10-3b1e893d914d8893b224a7127f86bdec","1131180","همدان","Hamadān","فامنین","Fāmenin","پیشخور","Pishkhor",,,"پیشخور","Pishkhor","ازناو","Aznāv","Azno","Elham Izadi and Mehrdad Meshkinfam, field notes 2020",16,,"","","Turkic 90%; Standard type Persian 10%","Mehrdad Meshkinfam and Elham Izadi, field notes 2020",35.20661185,49.38135891,""
"","64f033874349bbe1086abaf8697dd664","10-267b7a71bb09d8345f063d6d3701159b","1131181","همدان","Hamadān","فامنین","Fāmenin","پیشخور","Pishkhor",,,"پیشخور","Pishkhor","بازران","Bāzerān ","Bārezān ","Elham Izadi and Mehrdad Meshkinfam, field notes 2020",114,,"","","Turkic 90%; Standard type Persian 10%","Mehrdad Meshkinfam and Elham Izadi, field notes 2020",35.15625,49.42258,""
"","64f033874349bbe1086abaf8697dc67d","10-59d8a7e31767c67308776d6dc1972599","1131182","همدان","Hamadān","فامنین","Fāmenin","پیشخور","Pishkhor",,,"پیشخور","Pishkhor","پاوان","Pāvān ","Povon","Elham Izadi and Mehrdad Meshkinfam, field notes 2020",268,,"","","Turkic 90%; Standard type Persian 10%","Mehrdad Meshkinfam and Elham Izadi, field notes 2020",35.16722,49.33238,""
"","64f033874349bbe1086abaf8697dbe9e","10-5e1ea58f8ce3ef973a9b32c0b091a3a0","1131183","همدان","Hamadān","فامنین","Fāmenin","پیشخور","Pishkhor",,,"پیشخور","Pishkhor","چپقلو","Chopeqlu","Chopoghlu ","Elham Izadi and Mehrdad Meshkinfam, field notes 2020",221,,"","","Turkic 90%; Standard type Persian 10%","Mehrdad Meshkinfam and Elham Izadi, field notes 2020",35.14856,49.45868,""
"","64f033874349bbe1086abaf8697dba0d","10-76a64d95bfa954586d94cea57ba478da","1131184","همدان","Hamadān","فامنین","Fāmenin","پیشخور","Pishkhor",,,"پیشخور","Pishkhor","خیمه گاه","Kheymegāh","Kheymegā","Elham Izadi and Mehrdad Meshkinfam, field notes 2020",33,,"","","Turkic 90%; Standard type Persian 10%","Mehrdad Meshkinfam and Elham Izadi, field notes 2020",35.20008726,49.4071162,""
"","64f033874349bbe1086abaf8697daabc","10-5c22a8908746e0b61804adf69447f2df","1131185","همدان","Hamadān","فامنین","Fāmenin","پیشخور","Pishkhor",,,"پیشخور","Pishkhor","رضاباغی","Rezā Bāghi","Rizā Bāgho ","Elham Izadi and Mehrdad Meshkinfam, field notes 2020",155,,"","","Turkic 90%; Standard type Persian 10%","Mehrdad Meshkinfam and Elham Izadi, field notes 2020",35.18367,49.31395,""
"","64f033874349bbe1086abaf8697d9d5c","10-6397b750684e09b71b5c6f10c7a53fe7","1131186","همدان","Hamadān","فامنین","Fāmenin","پیشخور","Pishkhor",,,"پیشخور","Pishkhor","زاغلیجه","Zāghlijeh","Zāghlija","Elham Izadi and Mehrdad Meshkinfam, field notes 2020",140,,"","","Turkic 90%; Standard type Persian 10%","Mehrdad Meshkinfam and Elham Izadi, field notes 2020",35.15235,49.37481,""
"","64f033874349bbe1086abaf8697d9bc9","10-bddff7a4fb0a3d284a82b4184ae08798","1131187","همدان","Hamadān","فامنین","Fāmenin","پیشخور","Pishkhor",,,"پیشخور","Pishkhor","قشلاق","Qeshlāq","Gheshlāgh","Elham Izadi and Mehrdad Meshkinfam, field notes 2020",145,,"","","Turkic 90%; Standard type Persian 10%","Mehrdad Meshkinfam and Elham Izadi, field notes 2020",35.19745707,49.36357311,""
"","64f033874349bbe1086abaf8697e2cad","10-d6ef89a83e84f5edefd1333eb52532a5","1131188","همدان","Hamadān","فامنین","Fāmenin","پیشخور","Pishkhor",,,"پیشخور","Pishkhor","کوی بلاغ","Kuy Bolāgh ","Köy Bāgh ","Elham Izadi and Mehrdad Meshkinfam, field notes 2020",71,,"","","Turkic 90%; Standard type Persian 10%","Mehrdad Meshkinfam and Elham Izadi, field notes 2020",35.17503601,49.40831777,""
"","64f033874349bbe1086abaf8697e28a9","10-e83ff3b167885f6467c28801e23c6b05","1131189","همدان","Hamadān","فامنین","Fāmenin","پیشخور","Pishkhor",,,"پیشخور","Pishkhor","گل خندان","Gol Khandān","Gül Khandān","Elham Izadi and Mehrdad Meshkinfam, field notes 2020",53,,"","","Turkic 90%; Standard type Persian 10%","Mehrdad Meshkinfam and Elham Izadi, field notes 2020",35.1629944,49.42895208,""
"","64f033874349bbe1086abaf8697e21a1","10-4655b8024a78b9ce9ffabf715785a270","1131190","همدان","Hamadān","فامنین","Fāmenin","پیشخور","Pishkhor",,,"پیشخور","Pishkhor","مبارکین","Mobārakin ","Mobārakin ","Elham Izadi and Mehrdad Meshkinfam, field notes 2020",95,,"","","Turkic 90%; Standard type Persian 10%","Mehrdad Meshkinfam and Elham Izadi, field notes 2020",35.0975,49.42409,""
"","64f033874349bbe1086abaf8697e1a0d","10-287c5b8a03fd1bd051bfc9d727f5aabb","1131191","همدان","Hamadān","فامنین","Fāmenin","پیشخور","Pishkhor",,,"پیشخور","Pishkhor","معدن کوه","Ma'dan Kuh","Mahdan Ku ","Elham Izadi and Mehrdad Meshkinfam, field notes 2020",120,,"","","Turkic 90%; Standard type Persian 10%","Mehrdad Meshkinfam and Elham Izadi, field notes 2020",35.13830416,49.4057243,""
"","64f033874349bbe1086abaf8697e0a87","10-54bda1d0709ee49642a11a2294624618","1131192","همدان","Hamadān","فامنین","Fāmenin","پیشخور","Pishkhor",,,"پیشخور","Pishkhor","آقاج","Āqāj","Āghāj","Elham Izadi and Mehrdad Meshkinfam, field notes 2020",341,,"","","Turkic 90%; Standard type Persian 10%","Mehrdad Meshkinfam and Elham Izadi, field notes 2020",34.95579,49.32353,""
"","64f033874349bbe1086abaf8697e00e1","10-14572718ce0731c99af584c86165c423","1131193","همدان","Hamadān","فامنین","Fāmenin","پیشخور","Pishkhor",,,"پیشخور","Pishkhor","خواجه حصار","Khājeh Hesār","Khājassār","Elham Izadi and Mehrdad Meshkinfam, field notes 2020",64,,"","","Turkic 90%; Standard type Persian 10%","Mehrdad Meshkinfam and Elham Izadi, field notes 2020",34.99913,49.33968,""
"","64f033874349bbe1086abaf8697df6d1","10-6074d3f8a7e849f0b09f0a4a04bb4ba3","1131194","همدان","Hamadān","فامنین","Fāmenin","پیشخور","Pishkhor",,,"پیشخور","Pishkhor","وزندان","Vezendān","Vezennān","Elham Izadi and Mehrdad Meshkinfam, field notes 2020",75,,"","","Turkic 90%; Standard type Persian 10%","Mehrdad Meshkinfam and Elham Izadi, field notes 2020",34.95869,49.31235,""
"","64f033874349bbe1086abaf8697df62c","10-3ae100935bdfef01a63ab9292161f68c","1131195","همدان","Hamadān","فامنین","Fāmenin","پیشخور","Pishkhor",,,"پیشخور","Pishkhor","تجرک","Tajarak","Tejarak","Elham Izadi and Mehrdad Meshkinfam, field notes 2020",295,,"","","Turkic 90%; Standard type Persian 10%","Mehrdad Meshkinfam and Elham Izadi, field notes 2020",35.11669,49.28797,""
"","64f033874349bbe1086abaf8697df526","10-90ce89ef2516c0d0b257e7b0b835bbc1","1131196","همدان","Hamadān","فامنین","Fāmenin","پیشخور","Pishkhor",,,"پیشخور","Pishkhor","باباحصاری","Bābā Hesāri ","Bābā Hesārö","Elham Izadi and Mehrdad Meshkinfam, field notes 2020",102,,"","","Turkic 90%; Standard type Persian 10%","Mehrdad Meshkinfam and Elham Izadi, field notes 2020",35.13374213,49.33144569,""
"","64f033874349bbe1086abaf8697df2d1","10-f7d2afa219ff7380a8908846b59ba608","1131197","همدان","Hamadān","فامنین","Fāmenin","پیشخور","Pishkhor",,,"پیشخور","Pishkhor","ده قره چای","Deh-e Qareh Chāy","Ghara Chāy","Elham Izadi and Mehrdad Meshkinfam, field notes 2020",158,,"","","Turkic 90%; Standard type Persian 10%","Mehrdad Meshkinfam and Elham Izadi, field notes 2020",35.10304865,49.23861449,""
"","64f033874349bbe1086abaf8697e7a5e","10-a067a5e42774a3df10faeb98125eed86","1131198","همدان","Hamadān","فامنین","Fāmenin","پیشخور","Pishkhor",,,"پیشخور","Pishkhor","عمر آباد","Omr Ābād","Ommrāvā","Elham Izadi and Mehrdad Meshkinfam, field notes 2020",180,,"","","Turkic 90%; Standard type Persian 10%","Mehrdad Meshkinfam and Elham Izadi, field notes 2020",35.09178,49.24579,""
"","64f033874349bbe1086abaf8697e6e41","10-5b0dc06266a1ad9548810fcadfee9713","1131199","همدان","Hamadān","فامنین","Fāmenin","پیشخور","Pishkhor",,,"پیشخور","Pishkhor","قره دای","Qareh Dāy ","Ghare Dāy","Elham Izadi and Mehrdad Meshkinfam, field notes 2020",181,,"","","Turkic 90%; Standard type Persian 10%","Mehrdad Meshkinfam and Elham Izadi, field notes 2020",35.1248,49.28089,""
"","64f033874349bbe1086abaf8697e65c9","10-55838b8f2d247ad133b103283a5c0600","1131200","همدان","Hamadān","فامنین","Fāmenin","پیشخور","Pishkhor",,,"پیشخور","Pishkhor","قلقل آباد","Qolqol Ābād","Gholgholābā","Elham Izadi and Mehrdad Meshkinfam, field notes 2020",102,,"","","Turkic 90%; Standard type Persian 10%","Mehrdad Meshkinfam and Elham Izadi, field notes 2020",35.13312,49.29158,""
"","64f033874349bbe1086abaf8697e571a","10-029608eb203d60099c041f52fa158af7","1131201","همدان","Hamadān","فامنین","Fāmenin","پیشخور","Pishkhor",,,"پیشخور","Pishkhor","صادق لو","Sādeqlu","Sādokhlu","Elham Izadi and Mehrdad Meshkinfam, field notes 2020",152,,"","","Turkic 90%; Standard type Persian 10%","Mehrdad Meshkinfam and Elham Izadi, field notes 2020",35.10101,49.39893,""
"","64f033874349bbe1086abaf8697e53e9","10-515729c7c640821a1872c07882f49d0d","1131202","همدان","Hamadān","فامنین","Fāmenin","پیشخور","Pishkhor",,,"پیشخور","Pishkhor","یارمقیه","Yāromqayeh","Yāromghaya","Elham Izadi and Mehrdad Meshkinfam, field notes 2020",36,,"","","Turkic 90%; Standard type Persian 10%","Mehrdad Meshkinfam and Elham Izadi, field notes 2020",35.0689,49.3807,""
"","64f033874349bbe1086abaf8697e4c95","10-a606368d803c51ca30c185753a4b83d4","1131204","همدان","Hamadān","فامنین","Fāmenin","پیشخور","Pishkhor",,,"زردشت","Zardasht","زرقان","Zareqān","Zaraghān","Elham Izadi and Mehrdad Meshkinfam, field notes 2020",973,,"","","Turkic 90%; Standard type Persian 10%","Mehrdad Meshkinfam and Elham Izadi, field notes 2020",35.05762,49.02935,""
"","64f033874349bbe1086abaf8697e4c1a","10-1ed864130310c1119cc86028f0b7587f","1131205","همدان","Hamadān","فامنین","Fāmenin","پیشخور","Pishkhor",,,"زردشت","Zardasht","نصیر آباد","Nasir Ābād","Nasrāvā","Elham Izadi and Mehrdad Meshkinfam, field notes 2020",852,,"","","Turkic 90%; Standard type Persian 10%","Mehrdad Meshkinfam and Elham Izadi, field notes 2020",35.05688372,49.06087512,""
"","64f033874349bbe1086abaf8697e4bb7","10-dbfec02a9f27eed70291147042b1f8f9","1131206","همدان","Hamadān","فامنین","Fāmenin","پیشخور","Pishkhor",,,"زردشت","Zardasht","قزل آباد","Qezel Ābād","Ghezel Kharābe","Elham Izadi and Mehrdad Meshkinfam, field notes 2020",1200,,"","","Turkic 90%; Standard type Persian 10%","Mehrdad Meshkinfam and Elham Izadi, field notes 2020",35.09201,49.12295,""
"","64f033874349bbe1086abaf8697e4365","10-f190821111b7bdbb78e686ba5ee6383e","1131207","همدان","Hamadān","فامنین","Fāmenin","پیشخور","Pishkhor",,,"زردشت","Zardasht","طمچی","Tamachi","Tamachi ","Elham Izadi and Mehrdad Meshkinfam, field notes 2020",371,,"","","Turkic 90%; Standard type Persian 10%","Mehrdad Meshkinfam and Elham Izadi, field notes 2020",34.98596285,49.20783592,""
"","64f033874349bbe1086abaf8697e33ae","10-f0f5df3c6faeeec6dc1b4498a6acb1ec","1131208","همدان","Hamadān","فامنین","Fāmenin","پیشخور","Pishkhor",,,"زردشت","Zardasht","چاه بهار","Chāh Bahār ","Chābahār","Elham Izadi and Mehrdad Meshkinfam, field notes 2020",29,,"","","Turkic 90%; Standard type Persian 10%","Mehrdad Meshkinfam and Elham Izadi, field notes 2020",35.04275163,49.2039227,""
"","64f033874349bbe1086abaf8697ec618","10-0d9e981254808c8a03032ff6420c44b9","1131209","همدان","Hamadān","فامنین","Fāmenin","پیشخور","Pishkhor",,,"زردشت","Zardasht","زرق","Zaraq","Zara","Elham Izadi and Mehrdad Meshkinfam, field notes 2020",119,,"","","Turkic 90%; Standard type Persian 10%","Mehrdad Meshkinfam and Elham Izadi, field notes 2020",35.07209,49.16862,""
"","64f033874349bbe1086abaf8697eb719","10-26f7d6b8f1a9640d232e8afd2e1ad0d4","1131210","همدان","Hamadān","فامنین","Fāmenin","پیشخور","Pishkhor",,,"زردشت","Zardasht","خماجین","Khomājin ","Khomājon ","Elham Izadi and Mehrdad Meshkinfam, field notes 2020",160,,"","","Turkic 90%; Standard type Persian 10%","Mehrdad Meshkinfam and Elham Izadi, field notes 2020",35.04855,49.16245,""
"","64f033874349bbe1086abaf8697eab00","10-d141be39e3fc1062284f380ca4d418a7","1131211","همدان","Hamadān","فامنین","Fāmenin","پیشخور","Pishkhor",,,"زردشت","Zardasht","خوش آباد ","Khosh Ābād","Khoshnāvā","Elham Izadi and Mehrdad Meshkinfam, field notes 2020",596,,"","","Turkic 90%; Standard type Persian 10%","Mehrdad Meshkinfam and Elham Izadi, field notes 2020",35.05381,49.09244,""
"","64f033874349bbe1086abaf8697ea09f","10-dfeb47c4bbca76cf771a0bdeb991cef6","1131212","همدان","Hamadān","فامنین","Fāmenin","پیشخور","Pishkhor",,,"زردشت","Zardasht","قزل حصار","Qezel Hesār","Ghezel Āssār","Elham Izadi and Mehrdad Meshkinfam, field notes 2020",100,,"","","Turkic 90%; Standard type Persian 10%","Mehrdad Meshkinfam and Elham Izadi, field notes 2020",35.02578,49.12372,""
"","64f033874349bbe1086abaf8697ea096","10-fcc2bfa15280f6b51ed9afbe582170ab","1131213","همدان","Hamadān","فامنین","Fāmenin","پیشخور","Pishkhor",,,"زردشت","Zardasht","قوشیجه","Qoshijeh","Ghoshājā","Elham Izadi and Mehrdad Meshkinfam, field notes 2020",54,,"","","Turkic 90%; Standard type Persian 10%","Mehrdad Meshkinfam and Elham Izadi, field notes 2020",35.06241,49.14156,""
"","64f033874349bbe1086abaf8697e9b76","10-419ae33ff1c1326b2d2983a460670c48","1131214","همدان","Hamadān","فامنین","Fāmenin","پیشخور","Pishkhor",,,"زردشت","Zardasht","راستگویان","Rāstguyān","Rāsgovān","Elham Izadi and Mehrdad Meshkinfam, field notes 2020",398,,"","","Turkic 90%; Standard type Persian 10%","Mehrdad Meshkinfam and Elham Izadi, field notes 2020",34.91515,49.22178,""
"","64f033874349bbe1086abaf8697e8e87","10-08daa86e78a2d7cbc8b060391b6c494a","1131215","همدان","Hamadān","فامنین","Fāmenin","پیشخور","Pishkhor",,,"زردشت","Zardasht","قلعه جوق","Qal'eh Juq","Ghālā Jugh","Elham Izadi and Mehrdad Meshkinfam, field notes 2020",1098,,"","","Turkic 90%; Standard type Persian 10%","Mehrdad Meshkinfam and Elham Izadi, field notes 2020",34.96146,49.25399,""
