"Attribution","Nunaliit_ID","Nunaliit_revision_code","ALI_unique_ID_place","province_Persian","province_roman","shahrestan_Persian","shahrestan_roman","bakhsh_Persian","bakhsh_roman","city_Persian","city_roman","dehestan_Persian","dehestan_roman","settlement_Persian","settlement_roman","local_name","local_name_source","population_2011_census","population_2011_comment","population_2016_census","population_2016_comment","language_distribution_estimate","language_distribution_source","latitude","longitude","notes"
"(c) Atlas of the Languages of Iran (ALI) and Contributors, 2015-present. Data are available under a CC BY (Attribution Only) licence.","","","","","","","","","","","","","","","","","","","","","","","","","",""
"","912291f437b8879158d946e3a63e5e71","7-070524790a68b4025c6a19b598728d4c","1160000","ایلام","Ilām","","","","","","","","","","","","","557599","","","","","","","",""
"","912291f437b8879158d946e3a63e5b3a","7-024789574053a5af481ba0d6ca7d0c56","1160001","ایلام","Ilām","ایلام","Ilām","","","","","","","","","","","213579","","","","","","","",""
"","912291f437b8879158d946e3a63e4d16","7-0c75d7fe13c0e9fa56b5e620238387aa","1160002","ایلام","Ilām","ایلام","Ilām","چوار","Chavār","","","","","","","","","11710","","","","","","","",""
"","912291f437b8879158d946e3a63e4821","7-1a512518de32883c9285831475069404","1160003","ایلام","Ilām","ایلام","Ilām","چوار","Chavār","","","ارکوازی","Arkavāzi","","","","","4384","","","","","","","",""
"","912291f437b8879158d946e3a63e3b1e","9-812048a35cab205515557fb461a23154","1160004","ایلام","Ilām","ایلام","Ilām","چوار","Chavār","","","ارکوازی","Arkavāzi","انارک","Anārak","Anārıg","Mojtaba Gheitasi, field notes 2016","39","","","","Arkawāzi 100%","Mojtaba Gheitasi, field notes 2016",33.64766790324069,46.124862671993604,""
"","912291f437b8879158d946e3a63e2c9a","9-c9012ee5aea2ec5cb6664102b5d61025","1160005","ایلام","Ilām","ایلام","Ilām","چوار","Chavār","","","ارکوازی","Arkavāzi","آواره","Āvāreh","Āwāra","Mojtaba Gheitasi, field notes 2016","29","","","","Arkawāzi 100%","Mojtaba Gheitasi, field notes 2016",33.78148087367263,46.17071215723046,""
"","912291f437b8879158d946e3a63e280f","9-014532fb2aa1a0697985d46ace32315b","1160006","ایلام","Ilām","ایلام","Ilām","چوار","Chavār","","","ارکوازی","Arkavāzi","بان زیارت","Bān-e Ziārat","Bān-ı Zıyārat","Mojtaba Gheitasi, field notes 2016","28","","","","Arkawāzi 100%","Mojtaba Gheitasi, field notes 2016",33.74160157180012,46.10761731045521,""
"","912291f437b8879158d946e3a63e23df","9-5c0a76f71714927d099487d5bc7c28b2","1160007","ایلام","Ilām","ایلام","Ilām","چوار","Chavār","","","ارکوازی","Arkavāzi","بان سرو","Bān Soru","Bān Sırū","Mojtaba Gheitasi, field notes 2016","191","","","","Arkawāzi 100%","Mojtaba Gheitasi, field notes 2016",33.80062312519878,46.13473291534425,""
"","912291f437b8879158d946e3a63e1aa5","9-6b0b0a319e98a743deb881c9ebfae45b","1160008","ایلام","Ilām","ایلام","Ilām","چوار","Chavār","","","ارکوازی","Arkavāzi","بان کل ولی","Bān-e Kal Vali","Bān-ı Kaḷ Walī","Mojtaba Gheitasi, field notes 2016","43","","","","Arkawāzi 100%","Mojtaba Gheitasi, field notes 2016",33.731537445144895,46.120513371397195,""
"","912291f437b8879158d946e3a63e16c3","9-6ffeff14be9d572f57248c0c0456cead","1160009","ایلام","Ilām","ایلام","Ilām","چوار","Chavār","","","ارکوازی","Arkavāzi","بان ویزه","Bān Vizeh","Bān Wēza","Mojtaba Gheitasi, field notes 2016","188","","","","Arkawāzi 100%","Mojtaba Gheitasi, field notes 2016",33.62942805333708,46.19198649981884,""
"","912291f437b8879158d946e3a63e98af","9-ef5b871c4159318775ba673197924e41","1160010","ایلام","Ilām","ایلام","Ilām","چوار","Chavār","","","ارکوازی","Arkavāzi","برجعلی","Borj Ali","Bırj Alī","Mojtaba Gheitasi, field notes 2016","","(3 or fewer households; population not specified in 2011 Census for reasons of privacy)","","","Arkawāzi 100%","Mojtaba Gheitasi, field notes 2016",33.72916845646325,46.121028355527926,""
"","912291f437b8879158d946e3a63e97e8","9-37807c1ce23a98af9b10711a8b8883c2","1160011","ایلام","Ilām","ایلام","Ilām","چوار","Chavār","","","ارکوازی","Arkavāzi","بگ بگ بان خشگ","Bag Bag Bān Khoshk","Bag Bag Bān-ı Hıshk","Mojtaba Gheitasi, field notes 2016","96","","","","Arkawāzi 100%","Mojtaba Gheitasi, field notes 2016",33.71189146237347,46.093250156549786,""
"","912291f437b8879158d946e3a63e8d20","9-87194ba6526e52958f729028c1a00fdb","1160012","ایلام","Ilām","ایلام","Ilām","چوار","Chavār","","","ارکوازی","Arkavāzi","پارده","Pārdeh","Pārda","Mojtaba Gheitasi, field notes 2016","178","","","","Arkawāzi 100%","Mojtaba Gheitasi, field notes 2016",33.787271608369906,46.10653550949707,""
"","912291f437b8879158d946e3a63e89e0","9-611b90bb389d78f186aa394921d4f9d3","1160013","ایلام","Ilām","ایلام","Ilām","چوار","Chavār","","","ارکوازی","Arkavāzi","چم ژیه","Cham-e Zhieh","Cham-ı Zhīya","Mojtaba Gheitasi, field notes 2016","69","","","","Arkawāzi 100%","Mojtaba Gheitasi, field notes 2016",33.68264035985212,46.13796794523914,""
"","912291f437b8879158d946e3a63e8463","9-040171386e7b55e3329f87db30ce8c1d","1160014","ایلام","Ilām","ایلام","Ilām","چوار","Chavār","","","ارکوازی","Arkavāzi","چگا","Chegā","Chıgā","Mojtaba Gheitasi, field notes 2016","141","","","","Arkawāzi 100%","Mojtaba Gheitasi, field notes 2016",33.73089969291197,46.195485039687505,""
"","912291f437b8879158d946e3a63e7b2b","9-b28a23828b5d332c58c1161c529d7b3f","1160015","ایلام","Ilām","ایلام","Ilām","چوار","Chavār","","","ارکوازی","Arkavāzi","چمسارد","Cham Sārd","Cham-ı Sārd","Mojtaba Gheitasi, field notes 2016","","(3 or fewer households; population not specified in 2011 Census for reasons of privacy)","","","Arkawāzi 100%","Mojtaba Gheitasi, field notes 2016",33.597032461729746,46.141701580186975,""
"","912291f437b8879158d946e3a63e7738","9-fa0aaad5aeb388d7175485c8b831fee8","1160016","ایلام","Ilām","ایلام","Ilām","چوار","Chavār","","","ارکوازی","Arkavāzi","چنان","Chenān","Chınān","Mojtaba Gheitasi, field notes 2016","74","","","","Arkawāzi 100%","Mojtaba Gheitasi, field notes 2016",33.74589648270689,46.17334397163252,""
"","912291f437b8879158d946e3a63e7510","13-d0060f5923adbd94c2ee3a7eeb58c2fb","1160017","ایلام","Ilām","ایلام","Ilām","چوار","Chavār","","","ارکوازی","Arkavāzi","حاجی بختیار","Hāji Bakhtiār","Hājī Watīyār","Mojtaba Gheitasi, field notes 2016","101","","","","Arkawāzi 100%","Mojtaba Gheitasi, field notes 2016",33.77648,46.15941,""
"","912291f437b8879158d946e3a63e6742","9-7c8a87bf6764afd8583cb104a56116d7","1160018","ایلام","Ilām","ایلام","Ilām","چوار","Chavār","","","ارکوازی","Arkavāzi","طاق تاوی","Tāq-e Tāvi","Tāq-ı Tāwī, Tāq-ı Tāẅ","Mojtaba Gheitasi, field notes 2016","11","","","","Arkawāzi 100%","Mojtaba Gheitasi, field notes 2016",33.7172692051181,46.148546381932555,""
"","912291f437b8879158d946e3a63e5f9a","9-a72bca79dd74b04a0070a1604c08ca40","1160019","ایلام","Ilām","ایلام","Ilām","چوار","Chavār","","","ارکوازی","Arkavāzi","شهرک شهید رجایی","Shahrak-e Shahid Rajāi","Shahrak-ı Shahīd Rajāī","Mojtaba Gheitasi, field notes 2016","54","","","","Arkawāzi 100%","Mojtaba Gheitasi, field notes 2016",33.76982946582699,46.15902845476262,""
"","912291f437b8879158d946e3a63ef1c6","9-a7662623d2e803f171ed8ec9dc80731a","1160020","ایلام","Ilām","ایلام","Ilām","چوار","Chavār","","","ارکوازی","Arkavāzi","چشمه شیرعلی","Cheshmeh Shir Ali","Cham-ı Shēralī","Mojtaba Gheitasi, field notes 2016","","(3 or fewer households; population not specified in 2011 Census for reasons of privacy)","","","Arkawāzi 100%","Mojtaba Gheitasi, field notes 2016",33.75902676443298,46.228542381297466,""
"","912291f437b8879158d946e3a63ee4fb","9-d953a500d74c6e96bd93ee3d59ccf716","1160021","ایلام","Ilām","ایلام","Ilām","چوار","Chavār","","","ارکوازی","Arkavāzi","آوزا","Āvazā","Āwazā","Mojtaba Gheitasi, field notes 2016","293","","","","Arkawāzi 100%","Mojtaba Gheitasi, field notes 2016",33.73000295101208,46.27287265378554,""
"","912291f437b8879158d946e3a63ee10f","9-93c7ce093c197c10d6b6caf3afd798ad","1160022","ایلام","Ilām","ایلام","Ilām","چوار","Chavār","","","ارکوازی","Arkavāzi","بان امرود","Bān Amrud","Bān Amrū","Mojtaba Gheitasi, field notes 2016","58","","","","Arkawāzi 100%","Mojtaba Gheitasi, field notes 2016",33.77159664544912,46.19311478519371,""
"","912291f437b8879158d946e3a63ed7ce","9-1943ca83b65e18aac5372e89b281f1b7","1160023","ایلام","Ilām","ایلام","Ilām","چوار","Chavār","","","ارکوازی","Arkavāzi","پلکانه","Palkāneh","Paḷkāna","Mojtaba Gheitasi, field notes 2016","15","","","","Arkawāzi 100%","Mojtaba Gheitasi, field notes 2016",33.76795073147365,46.207188839261285,""
"","912291f437b8879158d946e3a63ecf8e","9-aba7d81dd5a50e1d7287ecfe1ec741c5","1160024","ایلام","Ilām","ایلام","Ilām","چوار","Chavār","","","ارکوازی","Arkavāzi","پلک گردل","Palk-e Gerdal","Paḷk-ı Gırdaḷ","Mojtaba Gheitasi, field notes 2016","21","","","","Arkawāzi 100%","Mojtaba Gheitasi, field notes 2016",33.751828424096004,46.26157330924006,""
"","912291f437b8879158d946e3a63ec631","9-c3b0b0ad3f5ef3d8289e0c9f0a2a07ae","1160025","ایلام","Ilām","ایلام","Ilām","چوار","Chavār","","","ارکوازی","Arkavāzi","پلک لک","Palk-e Lak","Paḷk-ı Lak","Mojtaba Gheitasi, field notes 2016","189","","","","Arkawāzi 100%","Mojtaba Gheitasi, field notes 2016",33.74545894273123,46.24936389380604,""
"","912291f437b8879158d946e3a63ebbed","9-a66ce7c55e8296adb7f64844f3eee659","1160026","ایلام","Ilām","ایلام","Ilām","چوار","Chavār","","","ارکوازی","Arkavāzi","چقاکبود","Cheqā Kabud","Chıgā Kaw","Mojtaba Gheitasi, field notes 2016","36","","","","Arkawāzi 100%","Mojtaba Gheitasi, field notes 2016",33.774474609637466,46.1891858523547,""
"","912291f437b8879158d946e3a63ebb55","9-0a66b51e49807b3aebd513bba29fa59f","1160027","ایلام","Ilām","ایلام","Ilām","چوار","Chavār","","","ارکوازی","Arkavāzi","راه سفید","Rāh Sefid","Rāh Sıfēd","Mojtaba Gheitasi, field notes 2016","132","","","","Arkawāzi 100%","Mojtaba Gheitasi, field notes 2016",33.703863215722556,46.29256279790927,""
"","912291f437b8879158d946e3a63eac05","9-4ca19c8f1302614c527ececb31ebcf35","1160028","ایلام","Ilām","ایلام","Ilām","چوار","Chavār","","","ارکوازی","Arkavāzi","مورت","Murt","Mūrt","Mojtaba Gheitasi, field notes 2016","1200","","","","Arkawāzi 100%","Mojtaba Gheitasi, field notes 2016",33.70268504190772,46.2726071628415,""
"","912291f437b8879158d946e3a63e9cbb","9-cbb4329343747c4d3e55acb86743dbbc","1160029","ایلام","Ilām","ایلام","Ilām","چوار","Chavār","","","ارکوازی","Arkavāzi","لاشکن","Lāshken","Lāshkın","Mojtaba Gheitasi, field notes 2016","227","","","","Arkawāzi 100%","Mojtaba Gheitasi, field notes 2016",33.706326617843196,46.30093129003461,""
"","912291f437b8879158d946e3a63f274d","7-89592b81f361928cb56f997f77586100","1160030","ایلام","Ilām","ایلام","Ilām","چوار","Chavār","","","ارکوازی","Arkavāzi","پلیس راه","Polis-e Rāh","Pılīs-ı Ṛā","Mojtaba Gheitasi, field notes 2016","","(3 or fewer households; population not specified in 2011 Census for reasons of privacy)","","","mixed 100%","Mojtaba Gheitasi, field notes 2016","","",""
"","912291f437b8879158d946e3a63f24c3","9-5d5ba997ae046bcd651c8ec265c5315f","1160031","ایلام","Ilām","ایلام","Ilām","چوار","Chavār","","","ارکوازی","Arkavāzi","سلطان آباد","Soltān Ābād","Sıḷtān Ābād","Mojtaba Gheitasi, field notes 2016","37","","","","Arkawāzi 100%","Mojtaba Gheitasi, field notes 2016",33.678390531925416,46.30931051099541,""
"","912291f437b8879158d946e3a63f219a","11-fea33d9b2ba4e206f9c447b2db2dfdf6","1160032","ایلام","Ilām","ایلام","Ilām","چوار","Chavār","","","ارکوازی","Arkavāzi","گله جار","Goleh Jār","Gwıḷajāṛ","Mojtaba Gheitasi, field notes 2016","288","","","","Arkawāzi 100%","Mojtaba Gheitasi, field notes 2016",33.71471593557175,46.35251553380162,""
"","912291f437b8879158d946e3a63f19cf","9-a4638627d44333eb4b55b6d3d783e5f1","1160033","ایلام","Ilām","ایلام","Ilām","چوار","Chavār","","","ارکوازی","Arkavāzi","هرکبود گلزار","Har Kabud-e Golzār","Haṛ-ı Kaw-ı Gwıḷajār","Mojtaba Gheitasi, field notes 2016","177","","","","Arkawāzi 100%","Mojtaba Gheitasi, field notes 2016",33.71753599022829,46.34277375066129,""
"","912291f437b8879158d946e3a63f1964","7-113d1cbf4dd81d3b307e5e01c6677bd5","1160034","ایلام","Ilām","ایلام","Ilām","چوار","Chavār","","","ارکوازی","Arkavāzi","ندامتگاه دالاب","Nedāmatgāh-e Dālāb","Zındāna-y Dāḷāw","Mojtaba Gheitasi, field notes 2016","","(3 or fewer households; population not specified in 2011 Census for reasons of privacy)","","","mixed 100%","Mojtaba Gheitasi, field notes 2016","","",""
"","912291f437b8879158d946e3a63f18b9","9-d00e2f1e003971e04ed3b63ce84bdd90","1160035","ایلام","Ilām","ایلام","Ilām","چوار","Chavār","","","ارکوازی","Arkavāzi","شهرک صنعتی ایلام","Shahrak-e San'ati-ye Ilām","Shahrak-ı San'atīyē Ēlām","Mojtaba Gheitasi, field notes 2016","28","","","","mixed 100%","Mojtaba Gheitasi, field notes 2016",33.661357148567085,46.31092003423544,""
"","912291f437b8879158d946e3a63f0904","9-5016fc960b3f5a7a3cbb3941a0d437ea","1160036","ایلام","Ilām","ایلام","Ilām","چوار","Chavār","","","ارکوازی","Arkavāzi","گلزارحداد","Golzār-e Haddād","Gwıḷzār-ı Hadād","Mojtaba Gheitasi, field notes 2016","136","","","","Arkawāzi 100%","Mojtaba Gheitasi, field notes 2016",33.71633569347681,46.34715111577255,""
"","912291f437b8879158d946e3a63f017e","7-f59ab9da25a1bc78bde5d756773e2fdd","1160037","ایلام","Ilām","ایلام","Ilām","چوار","Chavār","","","بولی","Bowli","","","","","1551","","","","","","","",""
"","912291f437b8879158d946e3a63ef5d8","9-e5a59dd4a0e65be0e51c0e799e4c10ab","1160038","ایلام","Ilām","ایلام","Ilām","چوار","Chavār","","","بولی","Bowli","پاچم ده هارون","Pācham-e Deh Hārun","Pācham-ı Da Hārūn","Mojtaba Gheitasi, field notes 2016","155","","","","Arkawāzi 100%","Mojtaba Gheitasi, field notes 2016",33.80232449071681,45.96098611317986,""
"","912291f437b8879158d946e3a63ef5bc","9-31c409fd8aafd0f0b95d40ba3c882018","1160039","ایلام","Ilām","ایلام","Ilām","چوار","Chavār","","","بولی","Bowli","پاقلعه","Pā Qal'eh","Pā Qıḷā","Mojtaba Gheitasi, field notes 2016","149","","","","Arkawāzi 100%","Mojtaba Gheitasi, field notes 2016",33.65879810248313,46.02632472477311,""
"","912291f437b8879158d946e3a63f73b6","9-98cf364958433135772a11cbefb3bb63","1160040","ایلام","Ilām","ایلام","Ilām","چوار","Chavār","","","بولی","Bowli","چمن سیدمحمد","Chaman-e Seyyed Mohammad","Chaman-ı Say Mıhamad","Mojtaba Gheitasi, field notes 2016","154","","","","Arkawāzi 100%","Mojtaba Gheitasi, field notes 2016",33.79373421242211,45.911182856197705,""
"","912291f437b8879158d946e3a63f67cb","9-6b687918025d46bc0cde9032062d5ca1","1160041","ایلام","Ilām","ایلام","Ilām","چوار","Chavār","","","بولی","Bowli","دارتوت","Dār Tut","Dār-ı Tūt, Dār-ı Tü","Mojtaba Gheitasi, field notes 2016","214","","","","Arkawāzi 100%","Mojtaba Gheitasi, field notes 2016",33.71120291493105,46.01626056697634,""
"","912291f437b8879158d946e3a63f5b71","9-b026c68e2f948137d9089c71716d3f43","1160042","ایلام","Ilām","ایلام","Ilām","چوار","Chavār","","","بولی","Bowli","سرچم ده هارون","Sarcham-e Deh Hārun","Sarcham-ı Da Hārūn","Mojtaba Gheitasi, field notes 2016","78","","","","Arkawāzi 100%","Mojtaba Gheitasi, field notes 2016",33.82313016359176,45.95764944516555,""
"","912291f437b8879158d946e3a63f4f8f","9-6d72b40504a601e7ebaa5ebd95f91d11","1160043","ایلام","Ilām","ایلام","Ilām","چوار","Chavār","","","بولی","Bowli","سرچم لو","Sarcham-e Lu","Sarcham-ı Lū","Mojtaba Gheitasi, field notes 2016","","(3 or fewer households; population not specified in 2011 Census for reasons of privacy)","","","Arkawāzi 100%","Mojtaba Gheitasi, field notes 2016",33.804947763996175,45.98551223240969,""
"","912291f437b8879158d946e3a63f4f6e","9-143ed23e6c5201cd309a2e9180470cc3","1160044","ایلام","Ilām","ایلام","Ilām","چوار","Chavār","","","بولی","Bowli","سرتنگ بیجار","Sartang-e Bijār","Sartang-ı Bījār","Mojtaba Gheitasi, field notes 2016","62","","","","Arkawāzi 100%","Mojtaba Gheitasi, field notes 2016",33.766464288046485,45.934346413248896,""
"","912291f437b8879158d946e3a63f4f08","9-f7b592eeb5de3da2793367d2971ca52b","1160045","ایلام","Ilām","ایلام","Ilām","چوار","Chavār","","","بولی","Bowli","قبله","Qebleh","Qōḷa","Mojtaba Gheitasi, field notes 2016","129","","","","Arkawāzi 100%","Mojtaba Gheitasi, field notes 2016",33.61415350038466,46.09492490252798,""
"","912291f437b8879158d946e3a63f44c4","9-c823c7ef9130653dd860f91f344e35ce","1160046","ایلام","Ilām","ایلام","Ilām","چوار","Chavār","","","بولی","Bowli","گره چقا","Gareh Cheqā","Gaṛa Chıgā","Mojtaba Gheitasi, field notes 2016","45","","","","Arkawāzi 100%","Mojtaba Gheitasi, field notes 2016",33.66701347382615,45.99409530125408,""
"","912291f437b8879158d946e3a63f4274","9-b98116c735cc8da9848abf4f79cfd3b9","1160047","ایلام","Ilām","ایلام","Ilām","چوار","Chavār","","","بولی","Bowli","گنجوان","Ganjavān","Ganjawān","Mojtaba Gheitasi, field notes 2016","378","","","","Arkawāzi 100%","Mojtaba Gheitasi, field notes 2016",33.746956881704875,45.97044843700737,""
"","912291f437b8879158d946e3a63f37f1","9-021740e199d8290153e6dfb40dfbb581","1160048","ایلام","Ilām","ایلام","Ilām","چوار","Chavār","","","بولی","Bowli","میرمکان","Mir Makān","Mīr Makān","Mojtaba Gheitasi, field notes 2016","74","","","","Arkawāzi 100%","Mojtaba Gheitasi, field notes 2016",33.675138775851124,46.04623744449635,""
"","912291f437b8879158d946e3a63f2b3e","9-d5cffd075b25180942b4c8275105cb80","1160049","ایلام","Ilām","ایلام","Ilām","چوار","Chavār","","","بولی","Bowli","ورهال چشمه رمضان","Var Hāl-e Cheshmeh Ramazān ","War Hāḷ-ı Cham-ı Ṛamazān","Mojtaba Gheitasi, field notes 2016","60","","","","Arkawāzi 100%","Mojtaba Gheitasi, field notes 2016",33.79477293745303,45.94924876653203,""
"","912291f437b8879158d946e3a63fc233","9-14e41af139c6630ff7ea1a129fc06d98","1160050","ایلام","Ilām","ایلام","Ilām","چوار","Chavār","","","بولی","Bowli","سرپیتک","Sar Pitak","Sar Pētak, Sar Pētıg","Mojtaba Gheitasi, field notes 2016","23","","","","Arkawāzi 100%","Mojtaba Gheitasi, field notes 2016",33.82927997175823,45.91141889059306,""
"","912291f437b8879158d946e3a63fbc89","9-d62f9bd90749f73f154e5f37b5f42945","1160051","ایلام","Ilām","ایلام","Ilām","چوار","Chavār","","","بولی","Bowli","پاچه انجیر","Pācheh Anjir","Pācha-y Anjīr","Mojtaba Gheitasi, field notes 2016","23","","","","Arkawāzi 100%","Mojtaba Gheitasi, field notes 2016",33.66770995836351,45.997464155776555,""
"","912291f437b8879158d946e3a63fbc49","10-eaa4066d5044600d7b9d12623f6b4b9f","1160052","ایلام","Ilām","ایلام","Ilām","چوار","Chavār","چوار","Chavār","","","","","Chawār","Mojtaba Gheitasi, field notes 2016","5775","","","","Arkawāzi 100%","Mojtaba Gheitasi, field notes 2016",33.69628007878477,46.29853258666562,""
"","912291f437b8879158d946e3a63fb342","7-fd2f9f040b67a94e2c5bc7ef472d5499","1160053","ایلام","Ilām","ایلام","Ilām","مرکزی","Markazi","","","","","","","","","201523","","","","","","","",""
"","912291f437b8879158d946e3a63fa90a","7-d22d04d8cef2cbfdc7d38d24db714833","1160054","ایلام","Ilām","ایلام","Ilām","مرکزی","Markazi","","","ده پایین","Deh-e Pāin","","","","","19898","","","","","","","",""
"","912291f437b8879158d946e3a63fa575","9-e2f1d8c61bcc7a264a85c872ff0518c2","1160055","ایلام","Ilām","ایلام","Ilām","مرکزی","Markazi","","","ده پایین","Deh-e Pāin","ایستگاه مخابراتی مانشت","Istgāh-e Mokhāberāti-ye Mānesht","Īstıgā-y Mıkhābırātī-yı Mānısht","Mojtaba Gheitasi, field notes 2016","","(3 or fewer households; population not specified in 2011 Census for reasons of privacy)","","","mixed 100%","Mojtaba Gheitasi, field notes 2016",33.68212502883008,46.38702819304864,""
"","912291f437b8879158d946e3a63f9aef","7-6654302501d02e86bb32a9fb4426c061","1160056","ایلام","Ilām","ایلام","Ilām","مرکزی","Markazi","","","ده پایین","Deh-e Pāin","پادگان شهید فرجیانزاده","Pādegān-e Shahid Ferajiānzādeh","Pādıgān-ı Shahīd Fırajīyānzāda","Mojtaba Gheitasi, field notes 2016","","(3 or fewer households; population not specified in 2011 Census for reasons of privacy)","","","mixed 100%","Mojtaba Gheitasi, field notes 2016","","",""
"","912291f437b8879158d946e3a63f962d","9-fe79c069c2d9932b5032bda914b8104f","1160057","ایلام","Ilām","ایلام","Ilām","مرکزی","Markazi","","","ده پایین","Deh-e Pāin","فاطمیه","Fātemieh","Fātımīya","Mojtaba Gheitasi, field notes 2016","1505","","","","Ēlāmi 100%","Mojtaba Gheitasi, field notes 2016",33.623915552803844,46.37320082254748,""
"","912291f437b8879158d946e3a63f8ad8","7-d44b1375f454808536fdb31040913975","1160058","ایلام","Ilām","ایلام","Ilām","مرکزی","Markazi","","","ده پایین","Deh-e Pāin","پادگان امام خمینی، شهدا","Pādegān-e Emām Khomeyni, Shohadā","Pādıgān-ı Imām Khwımēnī, Shuhadā","Mojtaba Gheitasi, field notes 2016","","(3 or fewer households; population not specified in 2011 Census for reasons of privacy)","","","mixed 100%","Mojtaba Gheitasi, field notes 2016","","",""
"","912291f437b8879158d946e3a63f7fd0","9-960a48cb606baa03c38d1bf3786a8689","1160059","ایلام","Ilām","ایلام","Ilām","مرکزی","Markazi","","","ده پایین","Deh-e Pāin","هفت چشمه","Haft Cheshmeh","Haf Chıshma","Mojtaba Gheitasi, field notes 2016","3788","","","","Ēlāmi 100%","Mojtaba Gheitasi, field notes 2016",33.62666132456861,46.358961557920914,""
"","912291f437b8879158d946e3a640134f","9-94ad82bf74c2d59ee2501f25e8db4a2a","1160060","ایلام","Ilām","ایلام","Ilām","مرکزی","Markazi","","","ده پایین","Deh-e Pāin","شهرک قدس","Shahrak-e Qods","Shahrak-ı Qwıds","Mojtaba Gheitasi, field notes 2016","318","","","","Ēlāmi 100%","Mojtaba Gheitasi, field notes 2016",33.6067877630973,46.37818973131397,""
"","912291f437b8879158d946e3a6401071","9-a97282115cba97cad78e0566802f8399","1160061","ایلام","Ilām","ایلام","Ilām","مرکزی","Markazi","","","ده پایین","Deh-e Pāin","مهدی آباد","Mehdi Ābād","Mēdī Ābād","Mojtaba Gheitasi, field notes 2016","1432","","","","Ēlāmi 100%","Mojtaba Gheitasi, field notes 2016",33.60789890750613,46.36518428283426,""
"","912291f437b8879158d946e3a6400556","9-99a5ae583621c2db65ddabe298602fac","1160062","ایلام","Ilām","ایلام","Ilām","مرکزی","Markazi","","","ده پایین","Deh-e Pāin","بانقلان","Bānqalān","Bānqıḷān","Mojtaba Gheitasi, field notes 2016","2996","","","","Ēlāmi 100%","Mojtaba Gheitasi, field notes 2016",33.620729268583204,46.375269388729,""
"","912291f437b8879158d946e3a63ff845","9-f1aae6bf249599810cfd19deb94fa35e","1160063","ایلام","Ilām","ایلام","Ilām","مرکزی","Markazi","","","ده پایین","Deh-e Pāin","چال سرا","Chāl Sarā","Chāḷ Sırā","Mojtaba Gheitasi, field notes 2016","3628","","","","Ēlāmi 100%","Mojtaba Gheitasi, field notes 2016",33.61665521046053,46.388358568719106,""
"","912291f437b8879158d946e3a63ff74d","9-8a0825cb0951396b76c78249b0e43d74","1160064","ایلام","Ilām","ایلام","Ilām","مرکزی","Markazi","","","ده پایین","Deh-e Pāin","شهرک شهید کشوری","Shahrak-e Shahid Keshvari","Shahrak-ı Shahīd Kıshwarī","Mojtaba Gheitasi, field notes 2016","4895","","","","Ēlāmi 100%","Mojtaba Gheitasi, field notes 2016",33.588628769000216,46.37840578829041,""
"","912291f437b8879158d946e3a63fef69","9-b08cf5b238c4895692b46712dc9e1db3","1160065","ایلام","Ilām","ایلام","Ilām","مرکزی","Markazi","","","ده پایین","Deh-e Pāin","بلیین","Balyeyn","Balyayn","Mojtaba Gheitasi, field notes 2016","145","","","","Ēlāmi 100%","Mojtaba Gheitasi, field notes 2016",33.55569690810269,46.43975327287046,""
"","912291f437b8879158d946e3a63fec34","9-3e403c598a8c0735718fc0040f7c31af","1160066","ایلام","Ilām","ایلام","Ilām","مرکزی","Markazi","","","ده پایین","Deh-e Pāin","چشمه کبود","Cheshmeh Kabud","Kıyanī Kaw, Gwırgāw","Mojtaba Gheitasi, field notes 2016","941","","","","Ēlāmi 100%","Mojtaba Gheitasi, field notes 2016",33.57284378227856,46.40505621705863,""
"","912291f437b8879158d946e3a63fe033","7-bd7651e4c2545d2c1b0988be83a8913a","1160067","ایلام","Ilām","ایلام","Ilām","مرکزی","Markazi","","","میشخاص","Mishkhās","","","","","9412","","","","","","","",""
"","912291f437b8879158d946e3a63fdb84","9-75ed7ea8745a035366803350d37b1357","1160068","ایلام","Ilām","ایلام","Ilām","مرکزی","Markazi","","","میشخاص","Mishkhās","چاویز","Chāviz","Chāwēz","Mojtaba Gheitasi, field notes 2016","198","","","","Ēlāmi 100%","Mojtaba Gheitasi, field notes 2016",33.52099012251946,46.43504458970578,""
"","912291f437b8879158d946e3a63fcfd2","9-705fec6d512d61e844b0eb8b6a214668","1160069","ایلام","Ilām","ایلام","Ilām","مرکزی","Markazi","","","میشخاص","Mishkhās","چشمه داوی","Cheshmeh Dāvi","Kıyanī Dāy, Chıshma Dāwī","Mojtaba Gheitasi, field notes 2016","127","","","","Ēlāmi 100%","Mojtaba Gheitasi, field notes 2016",33.5590139048312,46.47306482857625,""
"","912291f437b8879158d946e3a6407485","9-3487d1e0a03704de2c562a55d362ac30","1160070","ایلام","Ilām","ایلام","Ilām","مرکزی","Markazi","","","میشخاص","Mishkhās","چنگیه، قجر","Changieh, Qajar","Changīya, Qajar","Mojtaba Gheitasi, field notes 2016","308","","","","Ēlāmi 100%","Mojtaba Gheitasi, field notes 2016",33.56847245734116,46.49511463013938,""
"","912291f437b8879158d946e3a6406568","9-16ddf032ab896ff8d9f881d09cae4597","1160071","ایلام","Ilām","ایلام","Ilām","مرکزی","Markazi","","","میشخاص","Mishkhās","زردالو آباد","Zardālu Ābād","Zardalü Ābād","Mojtaba Gheitasi, field notes 2016","214","","","","Ēlāmi 100%","Mojtaba Gheitasi, field notes 2016",33.54170920169795,46.57149014172063,""
"","912291f437b8879158d946e3a6406211","9-e96cee405bdbaa26b9ee4961c05f36ae","1160072","ایلام","Ilām","ایلام","Ilām","مرکزی","Markazi","","","میشخاص","Mishkhās","سربیشه","Sar Bisheh","Sar Wēshıg","Mojtaba Gheitasi, field notes 2016","88","","","","Ēlāmi 100%","Mojtaba Gheitasi, field notes 2016",33.536444758518655,46.517484253320866,""
"","912291f437b8879158d946e3a64058b0","9-0df25411c7bcc3333523acd57c9f00b2","1160073","ایلام","Ilām","ایلام","Ilām","مرکزی","Markazi","","","میشخاص","Mishkhās","شان کبود","Shān Kabud","Shān Kaw","Mojtaba Gheitasi, field notes 2016","84","","","","Ēlāmi 100%","Mojtaba Gheitasi, field notes 2016",33.56548659898167,46.46518986290894,""
"","912291f437b8879158d946e3a64058ad","9-33cac3bc55d3bd265e18f50c60ca55d3","1160074","ایلام","Ilām","ایلام","Ilām","مرکزی","Markazi","","","میشخاص","Mishkhās","طولاب","Tulāb","Tülāw","Mojtaba Gheitasi, field notes 2016","246","","","","Ēlāmi 100%","Mojtaba Gheitasi, field notes 2016",33.555443500144776,46.5854590862686,""
"","912291f437b8879158d946e3a640492d","9-926bba197cf69bd98defa42e3a75400d","1160075","ایلام","Ilām","ایلام","Ilām","مرکزی","Markazi","","","میشخاص","Mishkhās","کله کبود","Koleh Kabud","Kwıḷa Kaw","Mojtaba Gheitasi, field notes 2016","361","","","","Ēlāmi 100%","Mojtaba Gheitasi, field notes 2016",33.51158625085297,46.529754969454814,""
"","912291f437b8879158d946e3a6403cee","9-19d3769bf029a8e7147824ab1530d5d4","1160076","ایلام","Ilām","ایلام","Ilām","مرکزی","Markazi","","","میشخاص","Mishkhās","جعفرآباد","Ja'far Ābād","Jahfar Ābād, Jāfır Ābād","Mojtaba Gheitasi, field notes 2016","2346","","","","Ēlāmi 100%","Mojtaba Gheitasi, field notes 2016",33.50434015190963,46.539582583284194,""
"","912291f437b8879158d946e3a6402ed1","9-2fa2e6b922039357f729963f2e4df614","1160077","ایلام","Ilām","ایلام","Ilām","مرکزی","Markazi","","","میشخاص","Mishkhās","حیدرآباد","Heydar Ābād","Haydar Ābād","Mojtaba Gheitasi, field notes 2016","827","","","","Ēlāmi 100%","Mojtaba Gheitasi, field notes 2016",33.529206946606735,46.573764654965295,""
"","912291f437b8879158d946e3a640261e","11-3bf63364168c054cd447976cfb63ac19","1160078","ایلام","Ilām","ایلام","Ilām","مرکزی","Markazi","","","میشخاص","Mishkhās","داروند","Dārvand","Dārwan","Mojtaba Gheitasi, field notes 2016","389","","","","Ēlāmi 100%","Mojtaba Gheitasi, field notes 2016",33.52416,46.56754,""
"","912291f437b8879158d946e3a6401a2d","9-1771f91d4ebf32784ef2647fddd3890a","1160079","ایلام","Ilām","ایلام","Ilām","مرکزی","Markazi","","","میشخاص","Mishkhās","میدان","Meydān","Maydān","Mojtaba Gheitasi, field notes 2016","848","","","","Ēlāmi 100%","Mojtaba Gheitasi, field notes 2016",33.51541480874352,46.56410870251313,""
"","912291f437b8879158d946e3a640c798","9-8fe04c14ab4f5ff47cf602d71e9fb313","1160080","ایلام","Ilām","ایلام","Ilām","مرکزی","Markazi","","","میشخاص","Mishkhās","حسین آباد","Hoseyn Ābād","Hısayn Ābād","Mojtaba Gheitasi, field notes 2016","609","","","","Ēlāmi 100%","Mojtaba Gheitasi, field notes 2016",33.509403539225886,46.56625446972512,""
"","912291f437b8879158d946e3a640c6ec","9-e6fa9ec7d60f40327b61953896f8b442","1160081","ایلام","Ilām","ایلام","Ilām","مرکزی","Markazi","","","میشخاص","Mishkhās","محمود آباد","Mahmud Ābād","Mahmūd Ābād","Mojtaba Gheitasi, field notes 2016","887","","","","Ēlāmi 100%","Mojtaba Gheitasi, field notes 2016",33.50782909010216,46.54376682934731,""
"","912291f437b8879158d946e3a640b891","9-9a63f8fc784e29c4cebb0cd160840d54","1160082","ایلام","Ilām","ایلام","Ilām","مرکزی","Markazi","","","میشخاص","Mishkhās","زیفل","Zeyfel","Zayfıl","Mojtaba Gheitasi, field notes 2016","87","","","","Bayray 100%","Mojtaba Gheitasi, field notes 2016",33.46706683604412,46.67941150363029,""
"","912291f437b8879158d946e3a640abf2","9-6641bcd2ddbc67054970ce0ce7a71195","1160083","ایلام","Ilām","ایلام","Ilām","مرکزی","Markazi","","","میشخاص","Mishkhās","پاگل گراب","Pākal-e Garāb","Pākal-ı Gaṛāw","Mojtaba Gheitasi, field notes 2016","1169","","","","Bayray 100%","Mojtaba Gheitasi, field notes 2016",33.4614505124583,46.74182114297999,""
"","912291f437b8879158d946e3a6409f8c","9-1b036a090ac9934e6a5794e7925464fa","1160084","ایلام","Ilām","ایلام","Ilām","مرکزی","Markazi","","","میشخاص","Mishkhās","چنارباشی","Chenār Bāshi","Chınār Bāshī","Mojtaba Gheitasi, field notes 2016","549","","","","Bayray 100%","Mojtaba Gheitasi, field notes 2016",33.43834467948431,46.788412715607926,""
"","912291f437b8879158d946e3a6409b74","9-aa76e9715258f7b29c583e435aae1316","1160085","ایلام","Ilām","ایلام","Ilām","مرکزی","Markazi","","","میشخاص","Mishkhās","گنجه","Ganjeh","Ganja","Mojtaba Gheitasi, field notes 2016","47","","","","Bayray 100%","Mojtaba Gheitasi, field notes 2016",33.406737104420486,46.82764806907276,""
"","912291f437b8879158d946e3a6409aa6","9-1a8f0ee33bfb882027e61e4838ce493c","1160086","ایلام","Ilām","ایلام","Ilām","مرکزی","Markazi","","","میشخاص","Mishkhās","رضا آباد","Rezā Ābād","Ṛızābād","Mojtaba Gheitasi, field notes 2016","28","","","","Bayray 100%","Mojtaba Gheitasi, field notes 2016",33.448606438846774,46.77769997280339,""
"","912291f437b8879158d946e3a640992d","10-2ed49ca5830a48ab6f1cbce108e70cb5","1160087","ایلام","Ilām","ایلام","Ilām","مرکزی","Markazi","ایلام","Ilām","","","","","Ēlām (Southern Kurdish), Ilām (Persian)","Mojtaba Gheitasi, field notes 2016","172213","","","","Ēlāmi 83%; Tehrāni type Persian 10%; Laki 2%; Northern Lori 2%; Mesopotamian Arabic 2%; Shuhāni 1%","Mojtaba Gheitasi, field notes 2016",33.63691711274764,46.41587803196377,""
"","912291f437b8879158d946e3a6408d1d","7-caf996178ddd2343dbf5640e17084656","1160088","ایلام","Ilām","ایلام","Ilām","","","","","","","","","","","346","","","","","","","",""
"","912291f437b8879158d946e3a6408470","7-9a8da3989aca1c9aeb70ca137f468e21","1160089","ایلام","Ilām","ایلام","Ilām","","","","","","","","","","","346","","","","","","","",""
"","912291f437b8879158d946e3a6410e7f","7-9968580cdf88d3af545a77966800e807","1160090","ایلام","Ilām","ایلام","Ilām","","","","","","","","","","","346","","","","","","","",""
"","912291f437b8879158d946e3a6410191","7-d32083a686d1419a9e42bea7c99fd105","1160091","ایلام","Ilām","دره شهر","Darreh Shahr","","","","","","","","","","","59551","","","","","","","",""
"","912291f437b8879158d946e3a640ff27","7-8d998c941fb4ba98eeccc614584247be","1160092","ایلام","Ilām","دره شهر","Darreh Shahr","بدره","Badreh","","","","","","","","","16096","","","","","","","",""
"","912291f437b8879158d946e3a640ff09","7-bed6e9b50464b57a822ec42d7c429408","1160093","ایلام","Ilām","دره شهر","Darreh Shahr","بدره","Badreh","","","دوستان","Dustān","","","","","4394","","","","","","","",""
"","912291f437b8879158d946e3a640fa19","9-7568f7c6327dd4af0056249e8facd892","1160094","ایلام","Ilām","دره شهر","Darreh Shahr","بدره","Badreh","","","دوستان","Dustān","پشت ارشت","Posht-e Arasht","Pēsht-ı Arısht","Mojtaba Gheitasi, field notes 2016","","(3 or fewer households; population not specified in 2011 Census for reasons of privacy)","","","Bayray 100%","Mojtaba Gheitasi, field notes 2016",33.291864992171554,47.02630257500531,""
"","912291f437b8879158d946e3a640ecf4","9-1d858d2ba38c95aa5cec6e5be6776ea3","1160095","ایلام","Ilām","دره شهر","Darreh Shahr","بدره","Badreh","","","دوستان","Dustān","مزرعه له لار","Mazra'eh-ye Lalār","Mazra'a-y Lalār","Mojtaba Gheitasi, field notes 2016","","(3 or fewer households; population not specified in 2011 Census for reasons of privacy)","","","Bayray 100%","Mojtaba Gheitasi, field notes 2016",33.36370106518595,46.99968969716343,""
"","912291f437b8879158d946e3a640ecb9","7-752ccc94d8a8c6347209a1dea861a4f3","1160096","ایلام","Ilām","دره شهر","Darreh Shahr","بدره","Badreh","","","دوستان","Dustān","تلخاب","Talkhāb","Taḷkhāw","Mojtaba Gheitasi, field notes 2016","91","","","","Bayray 100%","Mojtaba Gheitasi, field notes 2016","","",""
"","912291f437b8879158d946e3a640e551","9-b4a4346d36fc76b927f859840447fb37","1160097","ایلام","Ilām","دره شهر","Darreh Shahr","بدره","Badreh","","","دوستان","Dustān","چنار جافری","Chenār-e Jāferi","Chınār-ı Jāfırī","Mojtaba Gheitasi, field notes 2016","20","","","","Bayray 100%","Mojtaba Gheitasi, field notes 2016",33.446257779170146,46.808133618873434,""
"","912291f437b8879158d946e3a640dd69","9-29199b46d30c3d8c35b9b47d8ecb16f6","1160098","ایلام","Ilām","دره شهر","Darreh Shahr","بدره","Badreh","","","دوستان","Dustān","خوش قدم","Khosh Qadam","Khwash Qayam","Mojtaba Gheitasi, field notes 2016","36","","","","Bayray 100%","Mojtaba Gheitasi, field notes 2016",33.439302843148354,46.83421258206498,""
"","912291f437b8879158d946e3a640cf54","9-b75362f3423ad248233dce72e18ca814","1160099","ایلام","Ilām","دره شهر","Darreh Shahr","بدره","Badreh","","","دوستان","Dustān","کلم بالا","Kolm-e Bālā","Kwıḷm-ı Bāḷā","Mojtaba Gheitasi, field notes 2016","578","","","","Bayray 100%","Mojtaba Gheitasi, field notes 2016",33.35769943895818,46.913027523903814,""
"","912291f437b8879158d946e3a64152d7","9-6a954661b1e8b900b33c3afb91c9b3e7","1160100","ایلام","Ilām","دره شهر","Darreh Shahr","بدره","Badreh","","","دوستان","Dustān","کلم پایین","Kolm-e Pāin","Kwıḷm-ı Pāīn","Mojtaba Gheitasi, field notes 2016","72","","","","Bayray 100%","Mojtaba Gheitasi, field notes 2016",33.35852387499667,46.92920660868012,""
"","912291f437b8879158d946e3a6414773","9-6d8a2475dd6629312ddc6aa6edaa6fdf","1160101","ایلام","Ilām","دره شهر","Darreh Shahr","بدره","Badreh","","","دوستان","Dustān","موسی","Musi","Mūsī","Mojtaba Gheitasi, field notes 2016","88","","","","Bayray 100%","Mojtaba Gheitasi, field notes 2016",33.4238263886271,46.907050650064754,""
"","912291f437b8879158d946e3a6413b42","9-edd9aae5097273cf2db788c1aa68dfdf","1160102","ایلام","Ilām","دره شهر","Darreh Shahr","بدره","Badreh","","","دوستان","Dustān","میانراه جابر","Miānrāh-e Jāber","Mīyānṛā-y Jāwıṛ","Mojtaba Gheitasi, field notes 2016","132","","","","Bayray 100%","Mojtaba Gheitasi, field notes 2016",33.404415364195174,46.92817572826123,""
"","912291f437b8879158d946e3a6413634","9-fad2d148a09e4aa62961253089f198fb","1160103","ایلام","Ilām","دره شهر","Darreh Shahr","بدره","Badreh","","","دوستان","Dustān","شهرک ولی عصر","Shahrak-e Vali Asr","Shahrak-ı Walī Asr","Mojtaba Gheitasi, field notes 2016","2217","","","","Bayray 100%","Mojtaba Gheitasi, field notes 2016",33.34424998986153,46.99214634588671,""
"","912291f437b8879158d946e3a6412f34","9-03e919f92c3071377e3700c624a45810","1160104","ایلام","Ilām","دره شهر","Darreh Shahr","بدره","Badreh","","","دوستان","Dustān","آبهر پایین","Ābhar-e Pāin","Āwhaṛ-ı Pāīn","Mojtaba Gheitasi, field notes 2016","845","","","","Bayray 100%","Mojtaba Gheitasi, field notes 2016",33.29605324996001,47.063729140066016,""
"","912291f437b8879158d946e3a6412e02","9-6641ecb61335386e2cecb81fc57b36a6","1160105","ایلام","Ilām","دره شهر","Darreh Shahr","بدره","Badreh","","","دوستان","Dustān","بان هلان بالا","Bān-e Halān-e Bālā","Bān-ı Halān-ı Bāḷā","Mojtaba Gheitasi, field notes 2016","230","","","","Bayray 100%","Mojtaba Gheitasi, field notes 2016",33.32590143434872,47.017230364590006,""
"","912291f437b8879158d946e3a6412a93","9-ec27b45a98e3d4a8d524aba8380984ad","1160106","ایلام","Ilām","دره شهر","Darreh Shahr","بدره","Badreh","","","دوستان","Dustān","مله صفرخان، خیبر","Melleh Safarkhān, Kheybar","Mıla Safarkhān, Khaybar","Mojtaba Gheitasi, field notes 2016","79","","","","Bayray 100%","Mojtaba Gheitasi, field notes 2016",33.319688761451594,47.034203383234235,""
"","912291f437b8879158d946e3a641218a","7-b89d553a91fab386d799c6eb5cb86043","1160107","ایلام","Ilām","دره شهر","Darreh Shahr","بدره","Badreh","","","هندمینی","Hendemini","","","","","7453","","","","","","","",""
"","912291f437b8879158d946e3a6412085","9-6a5176b961a039a3510a29cdd5b7f84c","1160108","ایلام","Ilām","دره شهر","Darreh Shahr","بدره","Badreh","","","هندمینی","Hendemini","آب چشمه","Ābcheshmeh","Ābchashma","Mojtaba Gheitasi, field notes 2016","710","","","","Hinimini 100%","Mojtaba Gheitasi, field notes 2016",33.28908577234355,47.10905711492686,""
"","912291f437b8879158d946e3a6411a35","9-5178c539b37151022c69696464fd4f4c","1160109","ایلام","Ilām","دره شهر","Darreh Shahr","بدره","Badreh","","","هندمینی","Hendemini","دامداری","Dāmdāri","Dāmdārī","Mojtaba Gheitasi, field notes 2016","","(3 or fewer households; population not specified in 2011 Census for reasons of privacy)","","","Hinimini 100%","Mojtaba Gheitasi, field notes 2016",33.287345892761074,47.10328500112791,""
"","912291f437b8879158d946e3a641bb70","9-ebb50b472c394c6da9c3497d26b63c06","1160110","ایلام","Ilām","دره شهر","Darreh Shahr","بدره","Badreh","","","هندمینی","Hendemini","گچ کوبان","Gach Kubān","Gach Kūbān","Mojtaba Gheitasi, field notes 2016","823","","","","Hinimini 100%","Mojtaba Gheitasi, field notes 2016",33.295847655306616,47.10126797994861,""
"","912291f437b8879158d946e3a641ad78","9-55610134f4af578b6c88c51da3c6cee4","1160111","ایلام","Ilām","دره شهر","Darreh Shahr","بدره","Badreh","","","هندمینی","Hendemini","آهنگران","Āhangarān","Āhangarān","Mojtaba Gheitasi, field notes 2016","152","","","","Hinimini 100%","Mojtaba Gheitasi, field notes 2016",33.28031427346777,47.1696106656381,""
"","912291f437b8879158d946e3a641a24f","9-38d4865c30bdac1979fa185b03dc283c","1160112","ایلام","Ilām","دره شهر","Darreh Shahr","بدره","Badreh","","","هندمینی","Hendemini","تلخاب","Talkhāb","Taḷkhāw","Mojtaba Gheitasi, field notes 2016","852","","","","Hinimini 100%","Mojtaba Gheitasi, field notes 2016",33.27517819421449,47.209176369333065,""
"","912291f437b8879158d946e3a64198bd","9-80f48807cda152c894efdb7a8463762b","1160113","ایلام","Ilām","دره شهر","Darreh Shahr","بدره","Badreh","","","هندمینی","Hendemini","فدک","Fadak","Fadak","Mojtaba Gheitasi, field notes 2016","104","","","","Hinimini 100%","Mojtaba Gheitasi, field notes 2016",33.279740238719526,47.11882035573991,""
"","912291f437b8879158d946e3a6418ecb","9-1db06f43afcd82e4b2cda4e429f48a59","1160114","ایلام","Ilām","دره شهر","Darreh Shahr","بدره","Badreh","","","هندمینی","Hendemini","هرانمر","Harānmar","Haṛānmaṛ","Mojtaba Gheitasi, field notes 2016","79","","","","Hinimini 100%","Mojtaba Gheitasi, field notes 2016",33.27349736709455,47.12654511770182,""
"","912291f437b8879158d946e3a6417f4c","9-0117194337811fa6b2856e4728fb1e56","1160115","ایلام","Ilām","دره شهر","Darreh Shahr","بدره","Badreh","","","هندمینی","Hendemini","سد ونیروگاه سیمره","Sadd va Nirugāh-e Seymareh","Sadu Nīrūgā-y Saymıra","Mojtaba Gheitasi, field notes 2016","","(3 or fewer households; population not specified in 2011 Census for reasons of privacy)","","","mixed 100%","Mojtaba Gheitasi, field notes 2016",33.28817445409868,47.18329841676184,""
"","912291f437b8879158d946e3a64175c5","7-e56af829772e61064edd8f698f6fac9e","1160116","ایلام","Ilām","دره شهر","Darreh Shahr","بدره","Badreh","","","هندمینی","Hendemini","کله مرد","Koleh Mard","Kwıla Mard","Mojtaba Gheitasi, field notes 2016","145","","","","Hinimini 100%","Mojtaba Gheitasi, field notes 2016","","",""
"","912291f437b8879158d946e3a641692e","9-e736fc821339e57c87afd12669c39a8e","1160117","ایلام","Ilām","دره شهر","Darreh Shahr","بدره","Badreh","","","هندمینی","Hendemini","چشمه شیرین","Cheshmeh Shirin","Chıshma Shīrīn, Chıshma Shırīn","Mojtaba Gheitasi, field notes 2016","1168","","","","Hinimini 100%","Mojtaba Gheitasi, field notes 2016",33.27324620774636,47.15999762853046,""
"","912291f437b8879158d946e3a6416596","9-16feae1917dbc062601f2d6fc90a2e37","1160118","ایلام","Ilām","دره شهر","Darreh Shahr","بدره","Badreh","","","هندمینی","Hendemini","دول گلاب","Dul-e Golāb","Dūḷ-ı Gwıḷāw","Mojtaba Gheitasi, field notes 2016","328","","","","Hinimini 100%","Mojtaba Gheitasi, field notes 2016",33.26538814325981,47.146393464408725,""
"","912291f437b8879158d946e3a6415869","9-dc627d8a6747a2e9bcf1c270b929d34d","1160119","ایلام","Ilām","دره شهر","Darreh Shahr","بدره","Badreh","","","هندمینی","Hendemini","زید","Zeyd","Zayd","Mojtaba Gheitasi, field notes 2016","628","","","","Hinimini 100%","Mojtaba Gheitasi, field notes 2016",33.249454555044814,47.19158332188518,""
"","912291f437b8879158d946e3a641fce3","9-191bd0b3180bc8f6f50cb079831c2668","1160120","ایلام","Ilām","دره شهر","Darreh Shahr","بدره","Badreh","","","هندمینی","Hendemini","گله دار","Galehdār","Galadār","Mojtaba Gheitasi, field notes 2016","842","","","","Hinimini 100%","Mojtaba Gheitasi, field notes 2016",33.262158596690035,47.16111342748009,""
"","912291f437b8879158d946e3a641ed8e","9-e6989180804643a4d5ec3ff5c639a6c5","1160121","ایلام","Ilām","دره شهر","Darreh Shahr","بدره","Badreh","","","هندمینی","Hendemini","زرانگوش","Zarāngush","Zaṛāngūsh","Mojtaba Gheitasi, field notes 2016","1580","","","","Hinimini 100%","Mojtaba Gheitasi, field notes 2016",33.22776895576623,47.21763069214746,""
"","912291f437b8879158d946e3a641e733","9-98d2027b25bf998625c12117e2a94283","1160122","ایلام","Ilām","دره شهر","Darreh Shahr","بدره","Badreh","بدره","Badreh","","","","","Badra","Mojtaba Gheitasi, field notes 2016","4249","","","","Bayray 90%; Northern Lori 10%","Mojtaba Gheitasi, field notes 2016",33.306823486830254,47.03776428523239,""
"","912291f437b8879158d946e3a641e3b2","7-a6518992ba8a96873c02963328e9e842","1160123","ایلام","Ilām","دره شهر","Darreh Shahr","مرکزی","Markazi","","","","","","","","","38716","","","","","","","",""
"","912291f437b8879158d946e3a641e398","7-1b5dc88f0f3975490071f59be74b65ea","1160124","ایلام","Ilām","دره شهر","Darreh Shahr","مرکزی","Markazi","","","ارمو","Aramo","","","","","8017","","","","","","","",""
"","912291f437b8879158d946e3a641e15b","9-6153b5ad116ce60a48a8ed697cf04e0a","1160125","ایلام","Ilām","دره شهر","Darreh Shahr","مرکزی","Markazi","","","ارمو","Aramo","اسدآباد سفلی","Asad Ābād-e Soflā","Asad Ābād-ı Sofḷā","Mojtaba Gheitasi, field notes 2016","240","","","","Laki 55%; Northern Lori 45%","Mojtaba Gheitasi, field notes 2016",33.16006869282581,47.397221082535836,""
"","912291f437b8879158d946e3a641d31c","9-9330110b51c429bb3da8359d6019dd7f","1160126","ایلام","Ilām","دره شهر","Darreh Shahr","مرکزی","Markazi","","","ارمو","Aramo","اسدآباد وسطی","Asad Ābād-e Vostā","Asad Ābād-ı Vostā","Mojtaba Gheitasi, field notes 2016","913","","","","Laki 55%; Northern Lori 45%","Mojtaba Gheitasi, field notes 2016",33.1549669960658,47.39129876503149,""
"","912291f437b8879158d946e3a641cb04","9-7f662e4dfc290d9d6364915e91d0d30d","1160127","ایلام","Ilām","دره شهر","Darreh Shahr","مرکزی","Markazi","","","ارمو","Aramo","جهادآباد","Jahād Ābād","Jıhād Ābād, Jamshīd Ābād","Mojtaba Gheitasi, field notes 2016","354","","","","Laki 100%","Mojtaba Gheitasi, field notes 2016",33.15480300007333,47.40531200909849,""
"","912291f437b8879158d946e3a641c764","9-ba75cadbaf3bf556519283f6f5139743","1160128","ایلام","Ilām","دره شهر","Darreh Shahr","مرکزی","Markazi","","","ارمو","Aramo","چم ژاب","Cham-e Zhāb","Cham-ı Zhāw","Mojtaba Gheitasi, field notes 2016","939","","","","Laki 100%","Mojtaba Gheitasi, field notes 2016",33.14538921377202,47.45131725811557,""
"","912291f437b8879158d946e3a641c0c1","9-9c9b77d54fc41df3479cdb789d43fcc7","1160129","ایلام","Ilām","دره شهر","Darreh Shahr","مرکزی","Markazi","","","ارمو","Aramo","شیخ مکان","Sheykh Makān","Shēkh Makho","Mojtaba Gheitasi, field notes 2016","816","","","","Laki 100%","Mojtaba Gheitasi, field notes 2016",33.1016845261259,47.40539783978755,""
"","912291f437b8879158d946e3a6426048","9-116e18cc27c1af93d2b44891ab0244fb","1160130","ایلام","Ilām","دره شهر","Darreh Shahr","مرکزی","Markazi","","","ارمو","Aramo","کله جوب علیا","Koleh Jub-e Olyā","Kwıḷa Jū-wı Ulyā","Mojtaba Gheitasi, field notes 2016","904","","","","Northern Lori 80%; Laki 20%","Mojtaba Gheitasi, field notes 2016",33.12637891012356,47.41376633191288,""
"","912291f437b8879158d946e3a6425580","7-5ab1154dc4949f5130b2e9c97b455987","1160131","ایلام","Ilām","دره شهر","Darreh Shahr","مرکزی","Markazi","","","ارمو","Aramo","زندان دره شهر","Zendān-e Darreh Shahr","Zındāna-y Daṛa Shahr","Mojtaba Gheitasi, field notes 2016","","(3 or fewer households; population not specified in 2011 Census for reasons of privacy)","","","mixed 100%","Mojtaba Gheitasi, field notes 2016","","",""
"","912291f437b8879158d946e3a6425090","9-6f1629cef9b23e669a61ec6016a6d53b","1160132","ایلام","Ilām","دره شهر","Darreh Shahr","مرکزی","Markazi","","","ارمو","Aramo","ارمو","Aramo","Iramay","Mojtaba Gheitasi, field notes 2016","2516","","","","Laki 100%","Mojtaba Gheitasi, field notes 2016",33.11059974778966,47.47410530590328,""
"","912291f437b8879158d946e3a64249c6","9-e1d0131c5b6823b650fc2b60d5e4b9b5","1160133","ایلام","Ilām","دره شهر","Darreh Shahr","مرکزی","Markazi","","","ارمو","Aramo","بن باباجان","Bon-e Bābājān","Bon-ı Bāwajo","Mojtaba Gheitasi, field notes 2016","612","","","","Northern Lori 100%","Mojtaba Gheitasi, field notes 2016",33.07104953556801,47.54624599955785,""
"","912291f437b8879158d946e3a6423dc9","9-de500055a056d3a8ad6eed93d86e6793","1160134","ایلام","Ilām","دره شهر","Darreh Shahr","مرکزی","Markazi","","","ارمو","Aramo","کل سفید","Kal Sefid","Kal Ispē","Mojtaba Gheitasi, field notes 2016","214","","","","Northern Lori 100%","Mojtaba Gheitasi, field notes 2016",33.0844986038,47.51882309459353,""
"","912291f437b8879158d946e3a6423564","9-59eb3669efb1769879efcc99939bfe46","1160135","ایلام","Ilām","دره شهر","Darreh Shahr","مرکزی","Markazi","","","ارمو","Aramo","مرادآباد","Morād Ābād","Morād Ābād","Mojtaba Gheitasi, field notes 2016","102","","","","Northern Lori 100%","Mojtaba Gheitasi, field notes 2016",33.05220299784352,47.569463200787226,""
"","912291f437b8879158d946e3a6422d36","9-c9478570e325d9b3a82872cb879abcc7","1160136","ایلام","Ilām","دره شهر","Darreh Shahr","مرکزی","Markazi","","","ارمو","Aramo","مهتابی","Mahtābi","Mahtābī","Mojtaba Gheitasi, field notes 2016","264","","","","Northern Lori 100%","Mojtaba Gheitasi, field notes 2016",33.05576400784433,47.576501317242105,""
"","912291f437b8879158d946e3a6421fbd","11-d908cccd0ec783acebebc1fa86ab455f","1160137","ایلام","Ilām","دره شهر","Darreh Shahr","مرکزی","Markazi","","","ارمو","Aramo","شهرک صنعتی","Shahrak-e San'ati","Shahrak-ı San'atī","Mojtaba Gheitasi, field notes 2016","","(3 or fewer households; population not specified in 2011 Census for reasons of privacy)","","","Northern Lori 50%; Laki 40%; mixed 10%","Mojtaba Gheitasi, field notes 2016",33.083218481319314,47.486744708881794,""
"","912291f437b8879158d946e3a64211a4","7-92d802edc81a85a09be8de6e573c1c31","1160138","ایلام","Ilām","دره شهر","Darreh Shahr","مرکزی","Markazi","","","زرین دشت","Zarrin Dasht","","","","","9987","","","","","","","",""
"","912291f437b8879158d946e3a6420875","9-5ff8e33c589b3194a09ffc65b52d310e","1160139","ایلام","Ilām","دره شهر","Darreh Shahr","مرکزی","Markazi","","","زرین دشت","Zarrin Dasht","فاضل آباد","Fāzel Ābād","Fāzıḷ Ābād","Mojtaba Gheitasi, field notes 2016","357","","","","Northern Lori 100%","Mojtaba Gheitasi, field notes 2016",33.21619772857278,47.276330776110605,""
"","912291f437b8879158d946e3a642cee7","9-d1e2a5df206a37515185b18596713a60","1160140","ایلام","Ilām","دره شهر","Darreh Shahr","مرکزی","Markazi","","","زرین دشت","Zarrin Dasht","عباس آباد","Abbās Ābād ","Abās Ābād ","Mojtaba Gheitasi, field notes 2016","1774","","","","Laki 100%","Mojtaba Gheitasi, field notes 2016",33.22492181590211,47.25289899815947,""
"","912291f437b8879158d946e3a642c36a","9-86e670fe78ec97df302e017063ee036e","1160141","ایلام","Ilām","دره شهر","Darreh Shahr","مرکزی","Markazi","","","زرین دشت","Zarrin Dasht","پلنگ آباد","Palang Ābād","Paḷıng Ābād, Paḷang Ābād","Mojtaba Gheitasi, field notes 2016","189","","","","Laki 100%","Mojtaba Gheitasi, field notes 2016",33.152462682170075,47.32430971853155,""
"","912291f437b8879158d946e3a642b53e","9-349e4ef76f5da3baed79617fdd303a12","1160142","ایلام","Ilām","دره شهر","Darreh Shahr","مرکزی","Markazi","","","زرین دشت","Zarrin Dasht","بهمن آباد علیا، رشنو آباد","Bahman Ābād Olyā, Rashnow Ābād","Bahman Ābād-ı Ulyā, Rashnaw Ābād","Mojtaba Gheitasi, field notes 2016","265","","","","Laki 60%; Northern Lori 40%","Mojtaba Gheitasi, field notes 2016",33.124900417491745,47.36430681935704,""
"","912291f437b8879158d946e3a642acae","9-9299a6b3eaea3548929d7ecb2a29565c","1160143","ایلام","Ilām","دره شهر","Darreh Shahr","مرکزی","Markazi","","","زرین دشت","Zarrin Dasht","جهانگیرآباد","Jahāngir Ābād","Jıngīr Ābād","Mojtaba Gheitasi, field notes 2016","508","","","","Laki 100%","Mojtaba Gheitasi, field notes 2016",33.115447478744684,47.36362017384819,""
"","912291f437b8879158d946e3a6429fde","11-08e5f570577cb17f1e1be863d2ff35c4","1160144","ایلام","Ilām","دره شهر","Darreh Shahr","مرکزی","Markazi","","","زرین دشت","Zarrin Dasht","چاله سیاه","Chāleh Siāh","Chāḷ Sē","Mojtaba Gheitasi, field notes 2016","79","","","","Northern Lori 100%","Mojtaba Gheitasi, field notes 2016",33.16396,47.33439,""
"","912291f437b8879158d946e3a642911c","9-4229d7e771af9cac4aa6680fe82ddab6","1160145","ایلام","Ilām","دره شهر","Darreh Shahr","مرکزی","Markazi","","","زرین دشت","Zarrin Dasht","فرهاد آباد","Farhād Ābād","Farhād Ābād, Pushta","Mojtaba Gheitasi, field notes 2016","371","","","","Laki 100%","Mojtaba Gheitasi, field notes 2016",33.12001233285511,47.30495489828268,""
"","912291f437b8879158d946e3a64283ca","9-0d2e0701bbc82c95c854153f9f90e33f","1160146","ایلام","Ilām","دره شهر","Darreh Shahr","مرکزی","Markazi","","","زرین دشت","Zarrin Dasht","هاشم آباد","Hāshem Ābād","Hāshım Ābād","Mojtaba Gheitasi, field notes 2016","205","","","","Laki 100%","Mojtaba Gheitasi, field notes 2016",33.14822289720195,47.32975996724879,""
"","912291f437b8879158d946e3a64282a7","9-8f2ba9798ec85f56adbecbfcaa068cc7","1160147","ایلام","Ilām","دره شهر","Darreh Shahr","مرکزی","Markazi","","","زرین دشت","Zarrin Dasht","عباسی آباد اصل مرز","Abbāsi Ābād-e Asl-e Marz","Abāsī Ābād-ı Asḷ-ı Marz","Mojtaba Gheitasi, field notes 2016","105","","","","Northern Lori 100%","Mojtaba Gheitasi, field notes 2016",33.113829953829175,47.36076630345733,""
"","912291f437b8879158d946e3a64273c3","9-0205092f504da47af342365c7c9b92aa","1160148","ایلام","Ilām","دره شهر","Darreh Shahr","مرکزی","Markazi","","","زرین دشت","Zarrin Dasht","وحدت آباد","Vahdat Ābād","Vahdat Ābād","Mojtaba Gheitasi, field notes 2016","825","","","","Laki 100%","Mojtaba Gheitasi, field notes 2016",33.21609001835479,47.28693086613609,""
"","912291f437b8879158d946e3a6426c8f","9-973cdd595cad83ef6a73a35cdff7b2d6","1160149","ایلام","Ilām","دره شهر","Darreh Shahr","مرکزی","Markazi","","","زرین دشت","Zarrin Dasht","قلعه تسمه","Qal'eh Tasmeh","Qıḷā Tasma","Mojtaba Gheitasi, field notes 2016","996","","","","Laki 100%","Mojtaba Gheitasi, field notes 2016",33.20460016715566,47.30611402500775,""
"","912291f437b8879158d946e3a6431626","9-645444e6b312b622947610a4b97bddc3","1160150","ایلام","Ilām","دره شهر","Darreh Shahr","مرکزی","Markazi","","","زرین دشت","Zarrin Dasht","اسلام آباد سفلی","Eslām Ābād-e Soflā","Isḷām Ābād-ı Sufḷā, Sar Pēḷ Sufḷā","Mojtaba Gheitasi, field notes 2016","987","","","","Laki 100%","Mojtaba Gheitasi, field notes 2016",33.18112474931818,47.34891808037527,""
"","912291f437b8879158d946e3a643147a","9-19675982182911e646c6b808470af803","1160151","ایلام","Ilām","دره شهر","Darreh Shahr","مرکزی","Markazi","","","زرین دشت","Zarrin Dasht","اسلام آباد علیا","Eslām Ābād-e Olyā","Isḷām Ābād-ı Ulyā, Sar Pēḷ Ulyā","Mojtaba Gheitasi, field notes 2016","53","","","","Laki 100%","Mojtaba Gheitasi, field notes 2016",33.16982788317736,47.33847892289155,""
"","912291f437b8879158d946e3a64313a9","9-b9b8250c67c48bda978695b2e5b74d5f","1160152","ایلام","Ilām","دره شهر","Darreh Shahr","مرکزی","Markazi","","","زرین دشت","Zarrin Dasht","یارآباد علیا","Yār Ābād-e Olyā","Yār Āva-y Ulyā","Mojtaba Gheitasi, field notes 2016","98","","","","Laki 100%","Mojtaba Gheitasi, field notes 2016",33.18798477442249,47.35578453545294,""
"","912291f437b8879158d946e3a6430f7e","9-2d7bef2ee0563550bb5e8fc91b4adfd1","1160153","ایلام","Ilām","دره شهر","Darreh Shahr","مرکزی","Markazi","","","زرین دشت","Zarrin Dasht","لاله زار، غارت مالگه","Lālehzār, Qārat Mālgeh","Lāḷazār, Ghārat Māḷga","Mojtaba Gheitasi, field notes 2016","45","","","","Laki 100%","Mojtaba Gheitasi, field notes 2016",33.18629675524519,47.36771500114978,""
"","912291f437b8879158d946e3a643098e","9-1d29b8b1b3fb9f5a4e4ba0d3e86b3a79","1160154","ایلام","Ilām","دره شهر","Darreh Shahr","مرکزی","Markazi","","","زرین دشت","Zarrin Dasht","دشت آباد سفلی","Dasht Ābād-e Soflā ","Dasht Ābād-ı Sufḷā","Mojtaba Gheitasi, field notes 2016","96","","","","Laki 90%; Northern Lori 10%","Mojtaba Gheitasi, field notes 2016",33.18371079044684,47.35805904869761,""
"","912291f437b8879158d946e3a643003d","9-864aec6a9af1bcf197bc2cdfb5442388","1160155","ایلام","Ilām","دره شهر","Darreh Shahr","مرکزی","Markazi","","","زرین دشت","Zarrin Dasht","دشت آباد علیا","Dasht Ābād-e Olyā ","Dasht Ābād-ı Ulyā","Mojtaba Gheitasi, field notes 2016","656","","","","Laki 90%; Northern Lori 10%","Mojtaba Gheitasi, field notes 2016",33.17548547829198,47.354582905814254,""
"","912291f437b8879158d946e3a642fcf5","9-e0fb5c134fd41d453d5838852addbefd","1160156","ایلام","Ilām","دره شهر","Darreh Shahr","مرکزی","Markazi","","","زرین دشت","Zarrin Dasht","چم نمشت","Cham Namesht","Cham-ı Namısht","Mojtaba Gheitasi, field notes 2016","119","","","","Laki 100%","Mojtaba Gheitasi, field notes 2016",33.17406662366814,47.41897737983419,""
"","912291f437b8879158d946e3a642ee74","9-a12f2e025e5b8029273548978d5f80bb","1160157","ایلام","Ilām","دره شهر","Darreh Shahr","مرکزی","Markazi","","","زرین دشت","Zarrin Dasht","چقا پوکه","Cheqā Pukeh","Chıyā Püka","Mojtaba Gheitasi, field notes 2016","488","","","","Laki 100%","Mojtaba Gheitasi, field notes 2016",33.171791796475446,47.361857056664476,""
"","912291f437b8879158d946e3a642df9a","9-1a80eb2f7e93353eaeb077434c73de33","1160158","ایلام","Ilām","دره شهر","Darreh Shahr","مرکزی","Markazi","","","زرین دشت","Zarrin Dasht","الیاس آباد","Eliās Ābād","Ilyās Ābād","Mojtaba Gheitasi, field notes 2016","36","","","","Laki 100%","Mojtaba Gheitasi, field notes 2016",33.20455795819834,47.367006897969134,""
"","912291f437b8879158d946e3a642d77d","9-d7c4f0d1ba67a96814294383fa8c414b","1160159","ایلام","Ilām","دره شهر","Darreh Shahr","مرکزی","Markazi","","","زرین دشت","Zarrin Dasht","غلام آباد","Gholām Ābād","Ghwılām Ābād","Mojtaba Gheitasi, field notes 2016","177","","","","Laki 100%","Mojtaba Gheitasi, field notes 2016",33.18703302292784,47.399644017258034,""
"","912291f437b8879158d946e3a6437d10","9-29653a19844c1709569d1d6769d5b827","1160160","ایلام","Ilām","دره شهر","Darreh Shahr","مرکزی","Markazi","","","زرین دشت","Zarrin Dasht","جعفرآباد","Ja'far Ābād","Jahfar Ābād","Mojtaba Gheitasi, field notes 2016","149","","","","Laki 100%","Mojtaba Gheitasi, field notes 2016",33.19927929968111,47.37698471550391,""
"","912291f437b8879158d946e3a6436e24","9-2ba47b8487dcf26c8a3b2eb2d266597e","1160161","ایلام","Ilām","دره شهر","Darreh Shahr","مرکزی","Markazi","","","زرین دشت","Zarrin Dasht","دلفان آباد","Delfān Ābād","Dıḷfān Ābād","Mojtaba Gheitasi, field notes 2016","403","","","","Laki 100%","Mojtaba Gheitasi, field notes 2016",33.19457492085156,47.38921558860976,""
"","912291f437b8879158d946e3a643659d","9-244da2bba20dac059c54ec2d95248044","1160162","ایلام","Ilām","دره شهر","Darreh Shahr","مرکزی","Markazi","","","زرین دشت","Zarrin Dasht","سرورآباد","Sorur Ābād","Surūr Ābād","Mojtaba Gheitasi, field notes 2016","246","","","","Laki 100%","Mojtaba Gheitasi, field notes 2016",33.204773406888386,47.373851895374074,""
"","912291f437b8879158d946e3a6435dfc","9-a161faf0a14a8d37080c39810aa5d01d","1160163","ایلام","Ilām","دره شهر","Darreh Shahr","مرکزی","Markazi","","","زرین دشت","Zarrin Dasht","وزیرآباد","Vazir Ābād","Vazīr Ābād","Mojtaba Gheitasi, field notes 2016","760","","","","Laki 100%","Mojtaba Gheitasi, field notes 2016",33.16853466730596,47.36549413208689,""
"","912291f437b8879158d946e3a64354b1","9-4290df9db90a92baa81546603fae76a5","1160164","ایلام","Ilām","دره شهر","Darreh Shahr","مرکزی","Markazi","دره شهر","Darreh Shahr","","","","","Daṛa Shahr, Dıra-y Shahr","Mojtaba Gheitasi, field notes 2016","20712","","","","Northern Lori 55%; Laki 40%; mixed 5%","Mojtaba Gheitasi, field notes 2016",33.14107235421868,47.377010081388896,""
"","912291f437b8879158d946e3a64344d5","7-3c8bb70dd15f2d41344d60a0e36e57f0","1160165","ایلام","Ilām","دره شهر","Darreh Shahr","ماژین","Māzhin","","","","","","","","","4437","","","","","","","",""
"","912291f437b8879158d946e3a6433525","7-d4db6f90da73809f4815f01c525aef43","1160166","ایلام","Ilām","دره شهر","Darreh Shahr","ماژین","Māzhin","","","کولکنی","Kulkani","","","","","1610","","","","","","","",""
"","912291f437b8879158d946e3a6432c7c","9-13e44a8f7e4efecc6c352708eec8d76c","1160167","ایلام","Ilām","دره شهر","Darreh Shahr","ماژین","Māzhin","","","کولکنی","Kulkani","بان زرکه","Bān-e Zarkeh","Bān-ı Zıṛka","Mojtaba Gheitasi, field notes 2016","169","","","","Northern Lori 100%","Mojtaba Gheitasi, field notes 2016",32.99928251003515,47.69687569141153,""
"","912291f437b8879158d946e3a6432691","9-3da20aac7e71a4a1d6459ad6f052dd5c","1160168","ایلام","Ilām","دره شهر","Darreh Shahr","ماژین","Māzhin","","","کولکنی","Kulkani","دره دول","Darreh Dul","Dara Dūḷ","Mojtaba Gheitasi, field notes 2016","70","","","","Northern Lori 100%","Mojtaba Gheitasi, field notes 2016",33.001316041877864,47.6669636964817,""
"","912291f437b8879158d946e3a64316aa","9-34292eef239f7e4688b9459f99ad04b2","1160169","ایلام","Ilām","دره شهر","Darreh Shahr","ماژین","Māzhin","","","کولکنی","Kulkani","شهید باهنر","Shahid Bāhonar","Shahīd Bāhunar","Mojtaba Gheitasi, field notes 2016","168","","","","Northern Lori 100%","Mojtaba Gheitasi, field notes 2016",32.99156044220039,47.75991833208919,""
"","912291f437b8879158d946e3a643dbaa","9-0182cee1d1331e552a70a727f1508a89","1160170","ایلام","Ilām","دره شهر","Darreh Shahr","ماژین","Māzhin","","","کولکنی","Kulkani","کولکنی","Kulkani","Kūḷkanī","Mojtaba Gheitasi, field notes 2016","22","","","","Northern Lori 100%","Mojtaba Gheitasi, field notes 2016",32.99314563866884,47.70980393886168,""
"","912291f437b8879158d946e3a643db7f","9-92e7c6bb88b355480c0b3071ccb0ecfe","1160171","ایلام","Ilām","دره شهر","Darreh Shahr","ماژین","Māzhin","","","کولکنی","Kulkani","گدارنمک","Godār Namak","Gwıdār Namak, Wıyār Nımak","Mojtaba Gheitasi, field notes 2016","543","","","","Northern Lori 100%","Mojtaba Gheitasi, field notes 2016",32.991255900253705,47.740670800200284,""
"","912291f437b8879158d946e3a643d556","9-f1ea4504c6c22d44f86421ec25bce428","1160172","ایلام","Ilām","دره شهر","Darreh Shahr","ماژین","Māzhin","","","کولکنی","Kulkani","گرزلنگر","Gorz Langar","Gwırz-ı Langar","Mojtaba Gheitasi, field notes 2016","266","","","","Northern Lori 100%","Mojtaba Gheitasi, field notes 2016",33.00412331855246,47.66404545307451,""
"","912291f437b8879158d946e3a643ce26","9-ce9ee53c076db2c9278da7a1eafae36f","1160173","ایلام","Ilām","دره شهر","Darreh Shahr","ماژین","Māzhin","","","کولکنی","Kulkani","نصرالله آباد شهید بهشتی","Nasrollāh Ābād-e Shahid Beheshti","Nasrılābād-ı Shahīd Bıhayshtī","Mojtaba Gheitasi, field notes 2016","372","","","","Northern Lori 100%","Mojtaba Gheitasi, field notes 2016",32.985549025968226,47.764252781856804,""
"","912291f437b8879158d946e3a643cdd6","7-219bdd875e2dd44ab95bf52b2bd0d95d","1160174","ایلام","Ilām","دره شهر","Darreh Shahr","ماژین","Māzhin","","","ماژین","Māzhin","","","","","2827","","","","","","","",""
"","912291f437b8879158d946e3a643c02f","9-fafa525855d6f38c745b1411da5f57d0","1160175","ایلام","Ilām","دره شهر","Darreh Shahr","ماژین","Māzhin","","","ماژین","Māzhin","ایرج آباد","Iraj Ābād","Īrıj Ābād","Mojtaba Gheitasi, field notes 2016","93","","","","Northern Lori 100%","Mojtaba Gheitasi, field notes 2016",32.95543178972188,47.79371416567315,""
"","912291f437b8879158d946e3a643b210","11-81839c1b16671915da38b30bda3e9b26","1160176","ایلام","Ilām","دره شهر","Darreh Shahr","ماژین","Māzhin","","","ماژین","Māzhin","باقرآباد","Bāqer Ābād","Bāqır Ābād","Mojtaba Gheitasi, field notes 2016","","(3 or fewer households; population not specified in 2011 Census for reasons of privacy)","","","Northern Lori 100%","Mojtaba Gheitasi, field notes 2016",32.95714,47.81569,""
"","912291f437b8879158d946e3a643a4db","9-7956dd15e0a79f390eede3ac72ab3f04","1160177","ایلام","Ilām","دره شهر","Darreh Shahr","ماژین","Māzhin","","","ماژین","Māzhin","بخشعلی آباد","Bakhshali Ābād","Bakhshalī Ābād","Mojtaba Gheitasi, field notes 2016","34","","","","Northern Lori 100%","Mojtaba Gheitasi, field notes 2016",32.95710275570501,47.79612036359043,""
"","912291f437b8879158d946e3a643950f","9-76832914af8409df22905acf2abc87d7","1160178","ایلام","Ilām","دره شهر","Darreh Shahr","ماژین","Māzhin","","","ماژین","Māzhin","جواد آباد","Javād Ābād","Javād Ābād","Mojtaba Gheitasi, field notes 2016","67","","","","Northern Lori 100%","Mojtaba Gheitasi, field notes 2016",32.96825042220869,47.80276930330643,""
"","912291f437b8879158d946e3a6438528","11-d2b9e854f36ca472016ca8d843610b2e","1160179","ایلام","Ilām","دره شهر","Darreh Shahr","ماژین","Māzhin","","","ماژین","Māzhin","حیدرآباد","Heydar Ābād","Haydar Ābād","Mojtaba Gheitasi, field notes 2016","39","","","","Northern Lori 100%","Mojtaba Gheitasi, field notes 2016",32.95,47.79259,""
"","912291f437b8879158d946e3a6440662","9-60663e1430f99b1405c7566003fc87c7","1160180","ایلام","Ilām","دره شهر","Darreh Shahr","ماژین","Māzhin","","","ماژین","Māzhin","دوآب","Do Āb","Do Āw","Mojtaba Gheitasi, field notes 2016","92","","","","Northern Lori 100%","Mojtaba Gheitasi, field notes 2016",32.97156280010002,47.805322766288285,""
"","912291f437b8879158d946e3a64400eb","9-c6790704cd7ed29730bad2895ce2b0e1","1160181","ایلام","Ilām","دره شهر","Darreh Shahr","ماژین","Māzhin","","","ماژین","Māzhin","شهید رجایی","Shahid Rajāi","Shahīd Rajāī","Mojtaba Gheitasi, field notes 2016","71","","","","Northern Lori 100%","Mojtaba Gheitasi, field notes 2016",32.962957560612445,47.80435717104226,""
"","912291f437b8879158d946e3a643fdbb","9-eea76f3317eaada3f154d4f641edbce2","1160182","ایلام","Ilām","دره شهر","Darreh Shahr","ماژین","Māzhin","","","ماژین","Māzhin","علی آباد","Ali Ābād","Alī Ābād","Mojtaba Gheitasi, field notes 2016","59","","","","Northern Lori 100%","Mojtaba Gheitasi, field notes 2016",32.96284953972709,47.80070936678259,""
"","912291f437b8879158d946e3a643f7a4","9-6790df3fe3f5ead1c6b86008c7f72ca1","1160183","ایلام","Ilām","دره شهر","Darreh Shahr","ماژین","Māzhin","","","ماژین","Māzhin","فتح آباد","Fath Ābād","Fat Ābād","Mojtaba Gheitasi, field notes 2016","63","","","","Northern Lori 100%","Mojtaba Gheitasi, field notes 2016",32.95285805451083,47.7929607213715,""
"","912291f437b8879158d946e3a643f75c","9-5f975462a1ab0d33f32fc42229c0cf7b","1160184","ایلام","Ilām","دره شهر","Darreh Shahr","ماژین","Māzhin","","","ماژین","Māzhin","میرزا حسین آباد","Mirzā Hoseyn Ābād","Mīrzā Hısayn Ābād","Mojtaba Gheitasi, field notes 2016","1160","","","","Northern Lori 100%","Mojtaba Gheitasi, field notes 2016",32.95514370919997,47.78959429262637,""
"","912291f437b8879158d946e3a643f3f5","9-ec888968d9f0a90666bff285477b5044","1160185","ایلام","Ilām","دره شهر","Darreh Shahr","ماژین","Māzhin","","","ماژین","Māzhin","همگام","Hamgām","Hamgām","Mojtaba Gheitasi, field notes 2016","19","","","","Northern Lori 100%","Mojtaba Gheitasi, field notes 2016",32.950620839399306,47.787537294744254,""
"","912291f437b8879158d946e3a643ec3c","9-90de881f797f523a9c63a886e99b93cf","1160186","ایلام","Ilām","دره شهر","Darreh Shahr","ماژین","Māzhin","","","ماژین","Māzhin","هوا دول","Havā Dul","Havā Dūḷ","Mojtaba Gheitasi, field notes 2016","26","","","","Northern Lori 100%","Mojtaba Gheitasi, field notes 2016",32.94985006246914,47.82180225847359,""
"","912291f437b8879158d946e3a643e2fb","9-95452d095432dcc10373b74acaf676ef","1160187","ایلام","Ilām","دره شهر","Darreh Shahr","ماژین","Māzhin","","","ماژین","Māzhin","پشته ماژین","Poshteh Māzhin","Poshta-y Māzhīn","Mojtaba Gheitasi, field notes 2016","255","","","","Northern Lori 100%","Mojtaba Gheitasi, field notes 2016",32.92010443576527,47.77151914250969,""
"","912291f437b8879158d946e3a643dfff","7-6bf809cf5636eb84a316a2933c7fd164","1160188","ایلام","Ilām","دره شهر","Darreh Shahr","ماژین","Māzhin","","","ماژین","Māzhin","تخت نرم","Takht-e Narm","Takht-ı Narm","Mojtaba Gheitasi, field notes 2016","59","","","","Northern Lori 100%","Mojtaba Gheitasi, field notes 2016","","",""
"","912291f437b8879158d946e3a643df5e","9-ffd9f13a5ad2a63004b35d8d2cbd96c8","1160189","ایلام","Ilām","دره شهر","Darreh Shahr","ماژین","Māzhin","","","ماژین","Māzhin","دم رود","Dom Rud","Dıẅım Ṛū","Mojtaba Gheitasi, field notes 2016","59","","","","Northern Lori 100%","Mojtaba Gheitasi, field notes 2016",32.92040163651661,47.87680121074665,""
"","912291f437b8879158d946e3a64457ad","9-9da5dc79917f20c855183ecc74a222af","1160190","ایلام","Ilām","دره شهر","Darreh Shahr","ماژین","Māzhin","","","ماژین","Māzhin","شوره","Shureh","Shūra","Mojtaba Gheitasi, field notes 2016","198","","","","Northern Lori 100%","Mojtaba Gheitasi, field notes 2016",32.93230685776936,47.85060139309282,""
"","912291f437b8879158d946e3a6444d66","9-dc2e8416566b618a280504613b26dc44","1160191","ایلام","Ilām","دره شهر","Darreh Shahr","ماژین","Māzhin","","","ماژین","Māzhin","گرم آباد","Garm Ābād","Garm Ābād","Mojtaba Gheitasi, field notes 2016","54","","","","Northern Lori 100%","Mojtaba Gheitasi, field notes 2016",32.92263511325171,47.86036463390587,""
"","912291f437b8879158d946e3a6444598","9-71bb931d5ef4c800049ad8a58e2e0a3a","1160192","ایلام","Ilām","دره شهر","Darreh Shahr","ماژین","Māzhin","","","ماژین","Māzhin","میدان خلف","Meydān-e Khalaf","Maydo Khıḷaf","Mojtaba Gheitasi, field notes 2016","371","","","","Northern Lori 100%","Mojtaba Gheitasi, field notes 2016",32.94300746434821,47.83446228502201,""
"","912291f437b8879158d946e3a6443800","9-5c8ae273d6739e8aac53f7c80af377e2","1160193","ایلام","Ilām","دره شهر","Darreh Shahr","ماژین","Māzhin","","","ماژین","Māzhin","ورکمره","Var Kamereh","Var Kamıra","Mojtaba Gheitasi, field notes 2016","98","","","","Northern Lori 100%","Mojtaba Gheitasi, field notes 2016",32.93410781072939,47.84369202267153,""
"","912291f437b8879158d946e3a6442bd6","7-1d0f5c5f0c1e0c06c025e2c8f5d40a28","1160194","ایلام","Ilām","دره شهر","Darreh Shahr","","","","","","","","","","","302","","","","","","","",""
"","912291f437b8879158d946e3a6442994","7-41578fcdd5718452bee018b6851fc17f","1160195","ایلام","Ilām","دره شهر","Darreh Shahr","","","","","","","","","","","302","","","","","","","",""
"","912291f437b8879158d946e3a6442530","7-59c2625a933c8f1bc10dbfd250ea4d59","1160196","ایلام","Ilām","دره شهر","Darreh Shahr","","","","","","","","","","","302","","","","","","","",""
"","912291f437b8879158d946e3a6441b1f","7-431501c57f7ad439cfadb14d8316ea55","1160197","ایلام","Ilām","دهلران","Deh Lorān","","","","","","","","","","","66399","","","","","","","",""
"","912291f437b8879158d946e3a6441161","7-4fc6a5f5335e5d98ecace31903940e75","1160198","ایلام","Ilām","دهلران","Deh Lorān","زرین آباد","Zarrin Ābād","","","","","","","","","10030","","","","","","","",""
"","912291f437b8879158d946e3a6440920","9-368690e1212b8838a645ab15b4772ce1","1160199","ایلام","Ilām","دهلران","Deh Lorān","زرین آباد","Zarrin Ābād","","","سیدابراهیم","Seyyed Ebrāhim","سید ابراهیم","Seyyed Ebrāhim","Sawrāhım","Mojtaba Gheitasi, field notes 2016","1350","","","","Kurdali 100%","Mojtaba Gheitasi, field notes 2016",32.998414740282385,46.951587850863724,""
"","912291f437b8879158d946e3a644ad9d","9-033de65addf5ae1caddaf83072992dd4","1160200","ایلام","Ilām","دهلران","Deh Lorān","زرین آباد","Zarrin Ābād","","","سیدابراهیم","Seyyed Ebrāhim","چم سرخ","Cham-e Sorkh","Cham-ı Sōr","Mojtaba Gheitasi, field notes 2016","68","","","","Kurdali 100%","Mojtaba Gheitasi, field notes 2016",32.995526296259065,47.06444984177358,""
"","912291f437b8879158d946e3a644a0d8","9-af1f816b46f58c46fd7f3124e67a15a3","1160201","ایلام","Ilām","دهلران","Deh Lorān","زرین آباد","Zarrin Ābād","","","سیدابراهیم","Seyyed Ebrāhim","بانه موله","Bāneh Muleh","Bān-ı Mūla","Mojtaba Gheitasi, field notes 2016","","(3 or fewer households; population not specified in 2011 Census for reasons of privacy)","","","Kurdali 100%","Mojtaba Gheitasi, field notes 2016",32.94821345259509,47.005403692529995,""
"","912291f437b8879158d946e3a6449dc7","9-44e48bdd835d600fd4ac253e9917fde2","1160202","ایلام","Ilām","دهلران","Deh Lorān","زرین آباد","Zarrin Ābād","","","سیدابراهیم","Seyyed Ebrāhim","بردی","Bardi","Bardī","Mojtaba Gheitasi, field notes 2016","758","","","","Kurdali 100%","Mojtaba Gheitasi, field notes 2016",33.00498217822095,46.9406587601337,""
"","912291f437b8879158d946e3a64493a4","9-165765bee9824e6703e3ef2b56ee7f46","1160203","ایلام","Ilām","دهلران","Deh Lorān","زرین آباد","Zarrin Ābād","","","سیدابراهیم","Seyyed Ebrāhim","بوستانه","Bustāneh","Būsāna","Mojtaba Gheitasi, field notes 2016","","(3 or fewer households; population not specified in 2011 Census for reasons of privacy)","","","Kurdali 100%","Mojtaba Gheitasi, field notes 2016",32.991868364645924,46.909412796317184,""
"","912291f437b8879158d946e3a6448642","9-8abb2feba09925fcf16225e2b2e2a6b8","1160204","ایلام","Ilām","دهلران","Deh Lorān","زرین آباد","Zarrin Ābād","","","سیدابراهیم","Seyyed Ebrāhim","تختان","Takhtān","Takhtāw","Mojtaba Gheitasi, field notes 2016","258","","","","Kurdali 100%","Mojtaba Gheitasi, field notes 2016",33.08686236216066,47.014029676722494,""
"","912291f437b8879158d946e3a6447a4e","9-d4ebe2dd1e20892eb969029000763b34","1160205","ایلام","Ilām","دهلران","Deh Lorān","زرین آباد","Zarrin Ābād","","","سیدابراهیم","Seyyed Ebrāhim","خربزان بالا","Kharbozān-e Bālā","Kharwazo Bālā","Mojtaba Gheitasi, field notes 2016","100","","","","Kurdali 100%","Mojtaba Gheitasi, field notes 2016",33.045448868456724,46.96623271208239,""
"","912291f437b8879158d946e3a6447a45","9-88e9f55be4109e480b7c733b9af43db2","1160206","ایلام","Ilām","دهلران","Deh Lorān","زرین آباد","Zarrin Ābād","","","سیدابراهیم","Seyyed Ebrāhim","خربزان پایین","Kharbozān-e Pāin","Kharwazo Pāīn","Mojtaba Gheitasi, field notes 2016","50","","","","Kurdali 100%","Mojtaba Gheitasi, field notes 2016",33.04235511167448,46.958465034775955,""
"","912291f437b8879158d946e3a6446cdb","9-2662f946b18ab4f81f9d9f75122e7d1d","1160207","ایلام","Ilām","دهلران","Deh Lorān","زرین آباد","Zarrin Ābād","","","سیدابراهیم","Seyyed Ebrāhim","سرکمر","Sar Kamar","Sar Kamır","Mojtaba Gheitasi, field notes 2016","89","","","","Kurdali 100%","Mojtaba Gheitasi, field notes 2016",32.984645595759375,46.97499103551931,""
"","912291f437b8879158d946e3a6446bab","7-cd238a8ae6072a6130483bbec6049cf7","1160208","ایلام","Ilām","دهلران","Deh Lorān","زرین آباد","Zarrin Ābād","","","سیدناصرالدین","Seyyed Nāser-ed-Din","","","","","1979","","","","","","","",""
"","912291f437b8879158d946e3a6446746","9-50eb5bd2715cd977c874c6be12656185","1160209","ایلام","Ilām","دهلران","Deh Lorān","زرین آباد","Zarrin Ābād","","","سیدناصرالدین","Seyyed Nāser-ed-Din","آگره بید","Āgreh Bid","Āgra Vē","Mojtaba Gheitasi, field notes 2016","110","","","","Kurdali 100%","Mojtaba Gheitasi, field notes 2016",33.14381226131149,47.05570047597646,""
"","912291f437b8879158d946e3a6451d00","9-db32dd6ac0020d1de54d665b193ba235","1160210","ایلام","Ilām","دهلران","Deh Lorān","زرین آباد","Zarrin Ābād","","","سیدناصرالدین","Seyyed Nāser-ed-Din","زرآب","Zarāb","Zaṛāw","Mojtaba Gheitasi, field notes 2016","339","","","","Kurdali 100%","Mojtaba Gheitasi, field notes 2016",33.092862375009396,46.91034620505862,""
"","912291f437b8879158d946e3a6450e10","9-a4ed1178ef1f04b53c5a692a4593ab55","1160211","ایلام","Ilām","دهلران","Deh Lorān","زرین آباد","Zarrin Ābād","","","سیدناصرالدین","Seyyed Nāser-ed-Din","گوراب علیا، گوراب بالا","Gurāb-e Olyā, Gurāb-e Bālā","Gūrāw-ı Ulyā, Gūrāw-ı Bālā","Mojtaba Gheitasi, field notes 2016","297","","","","Kurdali 100%","Mojtaba Gheitasi, field notes 2016",33.19746186404473,46.97542732458831,""
"","912291f437b8879158d946e3a6450358","9-6a8348902d48d2663097951b45fc3583","1160212","ایلام","Ilām","دهلران","Deh Lorān","زرین آباد","Zarrin Ābād","","","سیدناصرالدین","Seyyed Nāser-ed-Din","گوراب سفلی، گوراب پایین","Gurāb-e Soflā, Gurāb-e Pāin","Gūrāw-ı Suflā, Gūrāw-ı Pāīn","Mojtaba Gheitasi, field notes 2016","338","","","","Kurdali 100%","Mojtaba Gheitasi, field notes 2016",33.18464067380702,46.96668332320038,""
"","912291f437b8879158d946e3a644f3a6","9-882799ae0351209d182b66f631138408","1160213","ایلام","Ilām","دهلران","Deh Lorān","زرین آباد","Zarrin Ābād","","","سیدناصرالدین","Seyyed Nāser-ed-Din","هفتکده","Haftkadeh","Haftkaya","Mojtaba Gheitasi, field notes 2016","261","","","","Kurdali 100%","Mojtaba Gheitasi, field notes 2016",33.06355505876448,46.90298622352205,""
"","912291f437b8879158d946e3a644edc1","9-26d18119db0904ba8aa9289293f5b57d","1160214","ایلام","Ilām","دهلران","Deh Lorān","زرین آباد","Zarrin Ābād","","","سیدناصرالدین","Seyyed Nāser-ed-Din","احمد آباد","Ahmad Ābād","Ahmad Ābād","Mojtaba Gheitasi, field notes 2016","30","","","","Kurdali 100%","Mojtaba Gheitasi, field notes 2016",33.01849625968912,46.891077215496125,""
"","912291f437b8879158d946e3a644e74c","9-21a514398434049cb75890ed602a9133","1160215","ایلام","Ilām","دهلران","Deh Lorān","زرین آباد","Zarrin Ābād","","","سیدناصرالدین","Seyyed Nāser-ed-Din","زالوآب","Zālu Āb","Zālüẅāw","Mojtaba Gheitasi, field notes 2016","","(3 or fewer households; population not specified in 2011 Census for reasons of privacy)","","","Kurdali 100%","Mojtaba Gheitasi, field notes 2016",33.026070627088615,46.90508907538862,""
"","912291f437b8879158d946e3a644d94d","9-222924da15e4b583ec6106667f97e7b5","1160216","ایلام","Ilām","دهلران","Deh Lorān","زرین آباد","Zarrin Ābād","","","سیدناصرالدین","Seyyed Nāser-ed-Din","گلوزه مشهد","Galuzeh Mashhad","Gaḷūza-y Mashad","Mojtaba Gheitasi, field notes 2016","323","","","","Kurdali 100%","Mojtaba Gheitasi, field notes 2016",33.014250011358236,46.89356630546163,""
"","912291f437b8879158d946e3a644ceb8","9-3cd7835a79715f102a956df6c1a31a25","1160217","ایلام","Ilām","دهلران","Deh Lorān","زرین آباد","Zarrin Ābād","","","سیدناصرالدین","Seyyed Nāser-ed-Din","علی آباد بزرگ","Ali Ābād-e Bozorg","Alī Ābād-ı Buzurg","Mojtaba Gheitasi, field notes 2016","69","","","","Kurdali 100%","Mojtaba Gheitasi, field notes 2016",33.10639797854481,46.80162018044649,""
"","912291f437b8879158d946e3a644bf4d","9-def130fabb6c5a6bb49d5a45d4486de0","1160218","ایلام","Ilām","دهلران","Deh Lorān","زرین آباد","Zarrin Ābād","","","سیدناصرالدین","Seyyed Nāser-ed-Din","علی آباد کوچک","Ali Ābād-e Kuchak","Alī Ābād-ı Kūchak","Mojtaba Gheitasi, field notes 2016","147","","","","Kurdali 100%","Mojtaba Gheitasi, field notes 2016",33.10999274199477,46.79814403756314,""
"","912291f437b8879158d946e3a644bb87","9-62b8c20a9019a87f34b815d5e96c22da","1160219","ایلام","Ilām","دهلران","Deh Lorān","زرین آباد","Zarrin Ābād","","","سیدناصرالدین","Seyyed Nāser-ed-Din","فرخ آباد","Farrokh Ābād","Farkhāwa","Mojtaba Gheitasi, field notes 2016","61","","","","Kurdali 100%","Mojtaba Gheitasi, field notes 2016",33.2037281214385,46.96366852026867,""
"","912291f437b8879158d946e3a645666a","9-0f9b7ea1bcdd8b27a26b14851d7ac702","1160220","ایلام","Ilām","دهلران","Deh Lorān","زرین آباد","Zarrin Ābād","میمه","Meymeh","","","","","Mayma","Mojtaba Gheitasi, field notes 2016","2636","","","","Kurdali 100%","Mojtaba Gheitasi, field notes 2016",33.22826108499452,46.919747540119026,""
"","912291f437b8879158d946e3a6455954","10-cce0ba312b970e3265edb5768011d006","1160221","ایلام","Ilām","دهلران","Deh Lorān","زرین آباد","Zarrin Ābād","پهله","Pahleh","","","","","Pahla","Mojtaba Gheitasi, field notes 2016","4065","","","","Kurdali 100%","Mojtaba Gheitasi, field notes 2016",33.01064426327591,46.88318366683237,""
"","912291f437b8879158d946e3a6455454","7-e7fb8ff31371bf969f225507519cebfc","1160222","ایلام","Ilām","دهلران","Deh Lorān","مرکزی","Markazi","","","","","","","","","36942","","","","","","","",""
"","912291f437b8879158d946e3a64550e8","7-2b0eb2244df8dd2bb496cc6f26920304","1160223","ایلام","Ilām","دهلران","Deh Lorān","مرکزی","Markazi","","","اناران","Anārān","","","","","5953","","","","","","","",""
"","912291f437b8879158d946e3a6454ae6","11-30237786a49ef52bbe4c29a858a0544f","1160224","ایلام","Ilām","دهلران","Deh Lorān","مرکزی","Markazi","","","اناران","Anārān","دول منیری","Dul Moniri","Dūḷ-ı Mınīrī","Mojtaba Gheitasi, field notes 2016","39","","","","Northern Lori 100%","Mojtaba Gheitasi, field notes 2016",32.75548,47.10106,""
"","912291f437b8879158d946e3a6454531","9-944ad1a003462a8b2e0c43f894c44830","1160225","ایلام","Ilām","دهلران","Deh Lorān","مرکزی","Markazi","","","اناران","Anārān","سنگ نادر","Sang-e Nāder","Sang-ı Nāyır","Mojtaba Gheitasi, field notes 2016","29","","","","Northern Lori 100%","Mojtaba Gheitasi, field notes 2016",32.77154997109749,47.02215540997957,""
"","912291f437b8879158d946e3a64536df","9-146eea030288d1ffba8eadc1423f919e","1160226","ایلام","Ilām","دهلران","Deh Lorān","مرکزی","Markazi","","","اناران","Anārān","بیشه دراز","Bisheh Derāz","Bīsha Dırāz","Mojtaba Gheitasi, field notes 2016","418","","","","Northern Lori 100%","Mojtaba Gheitasi, field notes 2016",32.82490330213916,46.97385419004689,""
"","912291f437b8879158d946e3a6453686","7-236b406c59e12eefe3be80a647f36697","1160227","ایلام","Ilām","دهلران","Deh Lorān","مرکزی","Markazi","","","اناران","Anārān","پاسگاه چلات","Pāsgāh-e Chelāt","Pāsıgā-y Chılāt","Mojtaba Gheitasi, field notes 2016","","(3 or fewer households; population not specified in 2011 Census for reasons of privacy)","","","mixed 100%","Mojtaba Gheitasi, field notes 2016","","",""
"","912291f437b8879158d946e3a6452f90","7-b0002b68da5a1c13564cf733e0d72580","1160228","ایلام","Ilām","دهلران","Deh Lorān","مرکزی","Markazi","","","اناران","Anārān","امامزاده ابراهیم قتال","Emāmzādeh Ebrāhim-e Qatāl","Imāmzāda Ibrāhım-ı Qatāḷ","Mojtaba Gheitasi, field notes 2016","","(3 or fewer households; population not specified in 2011 Census for reasons of privacy)","","","Northern Lori 100%","Mojtaba Gheitasi, field notes 2016","","",""
"","912291f437b8879158d946e3a6452029","7-94cfafe75620810e2a23455ecddb55b8","1160229","ایلام","Ilām","دهلران","Deh Lorān","مرکزی","Markazi","","","اناران","Anārān","نصریان","Nasriān","Nısırīyo","Mojtaba Gheitasi, field notes 2016","","(3 or fewer households; population not specified in 2011 Census for reasons of privacy)","","","Northern Lori 100%","Mojtaba Gheitasi, field notes 2016","","",""
"","912291f437b8879158d946e3a645ada5","9-d4650404ecc8a3067434375ebede589b","1160230","ایلام","Ilām","دهلران","Deh Lorān","مرکزی","Markazi","","","اناران","Anārān","هاویان","Hāviān","Hāwīyān, Hāwīyo","Mojtaba Gheitasi, field notes 2016","21","","","","Northern Lori 100%","Mojtaba Gheitasi, field notes 2016",32.863233407321005,46.90197974868461,""
"","912291f437b8879158d946e3a645aba0","9-190f2992aa20b8e4f4f2e523b80f0976","1160231","ایلام","Ilām","دهلران","Deh Lorān","مرکزی","Markazi","","","اناران","Anārān","مازعبدعلی پایین","Māz Abdali-ye Pāin","Māz Avdalī-yı Pāīn","Mojtaba Gheitasi, field notes 2016","231","","","","Northern Lori 100%","Mojtaba Gheitasi, field notes 2016",32.75309973383828,47.078013550179364,""
"","912291f437b8879158d946e3a6459d54","11-a2a8a6af3b970f965b17ae35b7e40d4d","1160232","ایلام","Ilām","دهلران","Deh Lorān","مرکزی","Markazi","","","اناران","Anārān","شهرک قیراب","Shahrak-e Qirāb","Shahrak-ı Qīrāb","Mojtaba Gheitasi, field notes 2016","50","","","","Northern Lori 100%","Mojtaba Gheitasi, field notes 2016",32.78399,47.04274,""
"","912291f437b8879158d946e3a6458fe9","11-f4ec7d8e47c66a97913a0905b7d4cc92","1160233","ایلام","Ilām","دهلران","Deh Lorān","مرکزی","Markazi","","","اناران","Anārān","مازعبدلی بالا","Māz Abdali-ye Bālā","Māz Avdalī-yı Bālā","Mojtaba Gheitasi, field notes 2016","148","","","","Northern Lori 100%","Mojtaba Gheitasi, field notes 2016",32.7684,47.06745,""
"","912291f437b8879158d946e3a6458be8","9-b5cec3983387b6888248cafa3afa992f","1160234","ایلام","Ilām","دهلران","Deh Lorān","مرکزی","Markazi","","","اناران","Anārān","پاسگاه نصریان","Pāsgāh-e Nasriān","Pāsıgā-y Nısırīyo","Mojtaba Gheitasi, field notes 2016","","(3 or fewer households; population not specified in 2011 Census for reasons of privacy)","","","mixed 100%","Mojtaba Gheitasi, field notes 2016",32.86244035819432,46.871069972002374,""
"","912291f437b8879158d946e3a6457cab","9-92883316b7b0f86d15faee2a9f8fa38f","1160235","ایلام","Ilām","دهلران","Deh Lorān","مرکزی","Markazi","","","اناران","Anārān","شهرک کاورتوه طاق","Shahrak Kāvar-e Tuweh Tāq","Shahrak-ı Kāwar-ı Tūwa-y Tāq","Mojtaba Gheitasi, field notes 2016","485","","","","Northern Lori 100%","Mojtaba Gheitasi, field notes 2016",32.88137697453951,46.81500107476235,""
"","912291f437b8879158d946e3a6457ca0","7-948b4af6c1892aca95d385dff6741a9f","1160236","ایلام","Ilām","دهلران","Deh Lorān","مرکزی","Markazi","","","اناران","Anārān","پاسگاه ابوفلو","Pāsgāh-e Abu Felu","Pāsıgā-y Abūfılū","Mojtaba Gheitasi, field notes 2016","","(3 or fewer households; population not specified in 2011 Census for reasons of privacy)","","","mixed 100%","Mojtaba Gheitasi, field notes 2016","","",""
"","912291f437b8879158d946e3a6456fea","7-421501af8f51bd549f1bcfdebc8d1d7f","1160237","ایلام","Ilām","دهلران","Deh Lorān","مرکزی","Markazi","","","اناران","Anārān","پاسگاه زعفرانیه","Pāsgāh-e Za'farānieh","Pāsıgā-y Zahfarānī, Pāsıgā-y Zāfırānī","Mojtaba Gheitasi, field notes 2016","","(3 or fewer households; population not specified in 2011 Census for reasons of privacy)","","","mixed 100%","Mojtaba Gheitasi, field notes 2016","","",""
"","912291f437b8879158d946e3a6456ee2","7-f4e23c801e3ed9ff28ea16fc667b33e3","1160238","ایلام","Ilām","دهلران","Deh Lorān","مرکزی","Markazi","","","اناران","Anārān","پاسگاه قافله جا","Pāsgāh-e Qāfelejā","Pāsıgā-y Qāfıḷajā, Pāsıgā-y Qāfıḷa Jī","Mojtaba Gheitasi, field notes 2016","","(3 or fewer households; population not specified in 2011 Census for reasons of privacy)","","","mixed 100%","Mojtaba Gheitasi, field notes 2016","","",""
"","912291f437b8879158d946e3a6456ea3","9-aa99e232bc90294e95befeddc3207711","1160239","ایلام","Ilām","دهلران","Deh Lorān","مرکزی","Markazi","","","اناران","Anārān","شور ماهی","Shur Māhi","Shūr Māy","Mojtaba Gheitasi, field notes 2016","105","","","","Northern Lori 100%","Mojtaba Gheitasi, field notes 2016",32.575041752385836,47.25447282620838,""
"","912291f437b8879158d946e3a64622ca","7-a68fd07868441771f6a0a70a61dbef6d","1160240","ایلام","Ilām","دهلران","Deh Lorān","مرکزی","Markazi","","","اناران","Anārān","سد وکانال انتقال آب میمه","Sadd va Kānāl-e Enteqāl-e Āb-e Meymeh","Sadu Kānāḷ-ı Intıqāḷ-ı Āw-ı Mayma","Mojtaba Gheitasi, field notes 2016","","(3 or fewer households; population not specified in 2011 Census for reasons of privacy)","","","Northern Lori 100%","Mojtaba Gheitasi, field notes 2016","","",""
"","912291f437b8879158d946e3a6461723","7-a307c054742a35633bb55154a0d2171d","1160241","ایلام","Ilām","دهلران","Deh Lorān","مرکزی","Markazi","","","اناران","Anārān","مقر ارتش","Maqar-e Artesh","Maqaṛ-ı Artısh","Mojtaba Gheitasi, field notes 2016","","(3 or fewer households; population not specified in 2011 Census for reasons of privacy)","","","mixed 100%","Mojtaba Gheitasi, field notes 2016","","",""
"","912291f437b8879158d946e3a6461368","7-86044d3ade0a16261a8decaf41da5282","1160242","ایلام","Ilām","دهلران","Deh Lorān","مرکزی","Markazi","","","اناران","Anārān","حاضر میل","Hāzer Mil","Hāzır Mīl","Mojtaba Gheitasi, field notes 2016","883","","","","Northern Lori 100%","Mojtaba Gheitasi, field notes 2016","","",""
"","912291f437b8879158d946e3a6460478","9-89adc120ae95e6ccf15238ca1e156523","1160243","ایلام","Ilām","دهلران","Deh Lorān","مرکزی","Markazi","","","اناران","Anārān","شهرک وحدت","Shahrak-e Vahdat","Shahrak-ı Wahdat","Mojtaba Gheitasi, field notes 2016","1041","","","","Northern Lori 100%","Mojtaba Gheitasi, field notes 2016",32.74610659118295,47.12987674368355,""
"","912291f437b8879158d946e3a645f710","9-fd31dff966bbf95b95fb3e32174587a6","1160244","ایلام","Ilām","دهلران","Deh Lorān","مرکزی","Markazi","","","اناران","Anārān","تم تم آب","Tam Tam Āb","Tımtımāw","Mojtaba Gheitasi, field notes 2016","529","","","","Northern Lori 100%","Mojtaba Gheitasi, field notes 2016",32.73785728857179,47.18066126529351,""
"","912291f437b8879158d946e3a645e8f4","7-46da87d542256f849bd8bb1342b86560","1160245","ایلام","Ilām","دهلران","Deh Lorān","مرکزی","Markazi","","","اناران","Anārān","گل سیری","Gol Siri","Gwıḷ Sīrī","Mojtaba Gheitasi, field notes 2016","448","","","","Northern Lori 100%","Mojtaba Gheitasi, field notes 2016","","",""
"","912291f437b8879158d946e3a645e568","9-d8ac4a2a6cc1d8879772e8ed044903e0","1160246","ایلام","Ilām","دهلران","Deh Lorān","مرکزی","Markazi","","","اناران","Anārān","فرخ آباد","Farrokh Ābād","Farkhāwa","Mojtaba Gheitasi, field notes 2016","783","","","","Northern Lori 100%","Mojtaba Gheitasi, field notes 2016",32.642200625006005,47.25533113309264,""
"","912291f437b8879158d946e3a645d644","9-274b2f7c05a3711dc3adcee8702846e1","1160247","ایلام","Ilām","دهلران","Deh Lorān","مرکزی","Markazi","","","اناران","Anārān","شهرک صنعتی دهلران","Shahrak-e San'ati-ye Dehlorān","Sharak-ı San'atī Dēlıṛān, Sharak-ı San'atī Dēlıṛo","Mojtaba Gheitasi, field notes 2016","","(3 or fewer households; population not specified in 2011 Census for reasons of privacy)","","","Northern Lori 50%; Kurdali 40%; Tehrāni type Persian 5%; mixed 5%","Mojtaba Gheitasi, field notes 2016",32.64025145921447,47.31602415867472,""
"","912291f437b8879158d946e3a645ca96","9-55fc7ceaa661825e89b11c4ce0170cbf","1160248","ایلام","Ilām","دهلران","Deh Lorān","مرکزی","Markazi","دهلران","Deh Lorān","","","","","Dēlıṛān, Dēlıṛo","Mojtaba Gheitasi, field notes 2016","30989","","","","Northern Lori 50%; Kurdali 40%; Tehrāni type Persian 5%; mixed 5%","Mojtaba Gheitasi, field notes 2016",32.69028682890202,47.26856345803864,""
"","912291f437b8879158d946e3a645bb1d","7-92aeea15c84db4f89e128d640b9e69fe","1160249","ایلام","Ilām","دهلران","Deh Lorān","موسیان","Musiān","","","","","","","","","19427","","","","","","","",""
"","912291f437b8879158d946e3a64675ae","8-57ba4ca6f1be4ef2cca47393932002bb","1160250","ایلام","Ilām","دهلران","Deh Lorān","موسیان","Musiān","","","ابوغویر","Abu Ghoveyr","","","","","1915","","","","","","","",""
"","912291f437b8879158d946e3a6467437","15-c6ae8e0f8d692b38cd0287bcd27f4d61","1160251","ایلام","Ilām","دهلران","Deh Lorān","موسیان","Musiān","","","ابوغویر","Abu Ghoveyr","ابوغویر","Abu Ghoveyr","Abū Quwēr","Mojtaba Gheitasi, field notes 2016","313","","","","Khuzestāni Arabic 90%; Kurdali 5%; Northern Lori 5%","Mojtaba Gheitasi, field notes 2016",32.25889,47.7194,""
"","912291f437b8879158d946e3a6466c11","8-53007bfbb88378e8a5d1c7e0706ecfaf","1160252","ایلام","Ilām","دهلران","Deh Lorān","موسیان","Musiān","","","ابوغویر","Abu Ghoveyr","پاسگاه پیچ انگیزه","Pāsgāh-e Pich Angizeh","Pāsıgā-y Pīch Angīza","Mojtaba Gheitasi, field notes 2016","","(3 or fewer households; population not specified in 2011 Census for reasons of privacy)","","","mixed 100%","Mojtaba Gheitasi, field notes 2016","","",""
"","912291f437b8879158d946e3a6465cc8","8-ee7f1daaa037a997cd5fb4e0e6d5cca1","1160253","ایلام","Ilām","دهلران","Deh Lorān","موسیان","Musiān","","","ابوغویر","Abu Ghoveyr","پاسگاه ربوط","Pāsgāh-e Rabut","Pāsıgā-y Rabūt","Mojtaba Gheitasi, field notes 2016","","(3 or fewer households; population not specified in 2011 Census for reasons of privacy)","","","mixed 100%","Mojtaba Gheitasi, field notes 2016","","",""
"","912291f437b8879158d946e3a64659f0","8-6f43b8bc59861af97c37a94d7fc32c74","1160254","ایلام","Ilām","دهلران","Deh Lorān","موسیان","Musiān","","","ابوغویر","Abu Ghoveyr","پاسگاه سمیده","Pāsgāh-e Semideh","Pāsıgā-y Sımīda","Mojtaba Gheitasi, field notes 2016","","(3 or fewer households; population not specified in 2011 Census for reasons of privacy)","","","mixed 100%","Mojtaba Gheitasi, field notes 2016","","",""
"","912291f437b8879158d946e3a646567a","9-b652fb1eb849524fd5095cb131c1a2b7","1160255","ایلام","Ilām","دهلران","Deh Lorān","موسیان","Musiān","","","ابوغویر","Abu Ghoveyr","پاسگاه فکه","Pāsgāh-e Fakkeh","Pāsıgā-y Faka","Mojtaba Gheitasi, field notes 2016","","(3 or fewer households; population not specified in 2011 Census for reasons of privacy)","","","mixed 100%","Mojtaba Gheitasi, field notes 2016","","",""
"","912291f437b8879158d946e3a64648c6","11-4f7a028aadc367b701d9dccdb71dccb2","1160256","ایلام","Ilām","دهلران","Deh Lorān","موسیان","Musiān","","","ابوغویر","Abu Ghoveyr","شاخه","Shākheh","Shākhi","Mojtaba Gheitasi, field notes 2016","147","","","","Khuzestāni Arabic 90%; Kurdali 5%; Northern Lori 5%","Mojtaba Gheitasi, field notes 2016",32.20106621323142,47.78809608713323,""
"","912291f437b8879158d946e3a6464851","11-6fe96433d9c28bc51e0dff83381b61ce","1160257","ایلام","Ilām","دهلران","Deh Lorān","موسیان","Musiān","","","ابوغویر","Abu Ghoveyr","واحدبهره برداری شهدای چشمه خوش","Vāhed-e Bahrebārdāri-ye Shohadā-ye Cheshmeh Khosh","Wāhid Bahrabārdārī Shuhadā Chishma Khush","Mojtaba Gheitasi, field notes 2016","","(3 or fewer households; population not specified in 2011 Census for reasons of privacy)","","","Khuzestāni Arabic 90%; Kurdali 5%; Northern Lori 5%","Mojtaba Gheitasi, field notes 2016",32.35445703687989,47.69344255064996,""
"","912291f437b8879158d946e3a64638f5","11-9b485b66dfbe86bc36eb8708080eb3bc","1160258","ایلام","Ilām","دهلران","Deh Lorān","موسیان","Musiān","","","ابوغویر","Abu Ghoveyr","شیخ صالح قندی","Sheykh Sāleh-e Qandi","Shēkh Ṣāliḥ Qandī","Mojtaba Gheitasi, field notes 2016","284","","","","Khuzestāni Arabic 90%; Kurdali 5%; Northern Lori 5%","Mojtaba Gheitasi, field notes 2016",32.159374337764184,47.875851812382116,""
"","912291f437b8879158d946e3a646324c","8-acd32ac5a52c5c0e09c3beaa69f2dd27","1160259","ایلام","Ilām","دهلران","Deh Lorān","موسیان","Musiān","","","ابوغویر","Abu Ghoveyr","پاسگاه چم هندی 1","Pāsgāh-e Cham Hendi 1","Pāsıgā-y Cham-ı Hındī-yı 1","Mojtaba Gheitasi, field notes 2016","280","","","","mixed 100%","Mojtaba Gheitasi, field notes 2016","","",""
"","912291f437b8879158d946e3a646a9af","8-e9833cea1ea95ca8b065f5d119f1b1aa","1160260","ایلام","Ilām","دهلران","Deh Lorān","موسیان","Musiān","","","ابوغویر","Abu Ghoveyr","پاسگاه چم هندی 2","Pāsgāh-e Cham Hendi 2","Pāsıgā-y Cham-ı Hındī-yı 2","Mojtaba Gheitasi, field notes 2016","","(3 or fewer households; population not specified in 2011 Census for reasons of privacy)","","","mixed 100%","Mojtaba Gheitasi, field notes 2016","","",""
"","912291f437b8879158d946e3a646a834","8-d5504d59c27f0ce9351d5aca96c61bcc","1160261","ایلام","Ilām","دهلران","Deh Lorān","موسیان","Musiān","","","ابوغویر","Abu Ghoveyr","تاسیسات نفتی سمیده چاه شماره 3","Ta'sisāt-e Nafti-e Samideh Chāh-e Shomāreh-ye 3","Ta'sīsāt-ı Naftī-yı Sımīda Chā-y Shumāra 3","Mojtaba Gheitasi, field notes 2016","","(3 or fewer households; population not specified in 2011 Census for reasons of privacy)","","","mixed 100%","Mojtaba Gheitasi, field notes 2016","","",""
"","912291f437b8879158d946e3a646a619","11-82e8f3675829243f637b0385ec5e5e0b","1160262","ایلام","Ilām","دهلران","Deh Lorān","موسیان","Musiān","","","ابوغویر","Abu Ghoveyr","فکه","Fakkeh","Faki (Arabic), Faka (Lori, Kordali)","Mojtaba Gheitasi, field notes 2016","530","","","","Khuzestāni Arabic 31%; Northern Lori 30%; Kurdali 29%; Tehrāni type Persian 10%","Mojtaba Gheitasi, field notes 2016",32.150667775415926,47.87613889411032,""
"","912291f437b8879158d946e3a646977f","7-c19d14eb37ad57621f294d798b16d2e6","1160263","ایلام","Ilām","دهلران","Deh Lorān","موسیان","Musiān","","","دشت عباس","Dasht-e Abbās","","","","","9782","","","","","","","",""
"","912291f437b8879158d946e3a646931e","9-391072f12686bef1ea5a2d92c4f4ff2f","1160264","ایلام","Ilām","دهلران","Deh Lorān","موسیان","Musiān","","","دشت عباس","Dasht-e Abbās","خیبر، شهرک خیبر","Kheybar, Shahrak-e Kheybar","Khēbar, Shahrak Khēbar","Mojtaba Gheitasi, field notes 2016","305","","","","Khuzestāni Arabic 90%; Kurdali 5%; Northern Lori 5%","Mojtaba Gheitasi, field notes 2016",32.29215918219108,47.97077293212585,""
"","912291f437b8879158d946e3a6469214","7-b10c711351b5f4d2cf9c3ceea37d96d1","1160265","ایلام","Ilām","دهلران","Deh Lorān","موسیان","Musiān","","","دشت عباس","Dasht-e Abbās","فتح","Fath","Fatḥ","Mojtaba Gheitasi, field notes 2016","317","","","","Khuzestāni Arabic 90%; Kurdali 5%; Northern Lori 5%","Mojtaba Gheitasi, field notes 2016","","",""
"","912291f437b8879158d946e3a64691cb","7-7506306bfeb1a55f9a10989df13f11b7","1160266","ایلام","Ilām","دهلران","Deh Lorān","موسیان","Musiān","","","دشت عباس","Dasht-e Abbās","شهرک نصر 1","Shahrak-e Nasr-e 1","Shahrak Naṣr 1","Mojtaba Gheitasi, field notes 2016","530","","","","Khuzestāni Arabic 90%; Kurdali 5%; Northern Lori 5%","Mojtaba Gheitasi, field notes 2016","","",""
"","912291f437b8879158d946e3a6468abd","7-74c553b22e63efaf3d0efd548e6045ae","1160267","ایلام","Ilām","دهلران","Deh Lorān","موسیان","Musiān","","","دشت عباس","Dasht-e Abbās","مزرعه شکراله حاجی زاده","Mazra'eh-ye Shokrollāh Hājizādeh","Mazraʕit Shukruḷḷā Ḥājīzādi","Mojtaba Gheitasi, field notes 2016","","(3 or fewer households; population not specified in 2011 Census for reasons of privacy)","","","Khuzestāni Arabic 90%; Kurdali 5%; Northern Lori 5%","Mojtaba Gheitasi, field notes 2016","","",""
"","912291f437b8879158d946e3a64688cd","7-1b0b0938f8ced65690e1d20379e3de8a","1160268","ایلام","Ilām","دهلران","Deh Lorān","موسیان","Musiān","","","دشت عباس","Dasht-e Abbās","چاه 28 کریم جمشیدی","Chāh-e 28 Karim-e Jamshidi","Chā-y 28 Karīm-ı Jamshīdī","Mojtaba Gheitasi, field notes 2016","","(3 or fewer households; population not specified in 2011 Census for reasons of privacy)","","","mixed 100%","Mojtaba Gheitasi, field notes 2016","","",""
"","912291f437b8879158d946e3a6468169","9-01525d6cf355d16818f49e633a4b270e","1160269","ایلام","Ilām","دهلران","Deh Lorān","موسیان","Musiān","","","دشت عباس","Dasht-e Abbās","شهرک بدر","Shahrak-e Badr","Shahrak Badr","Mojtaba Gheitasi, field notes 2016","91","","","","Khuzestāni Arabic 90%; Kurdali 5%; Northern Lori 5%","Mojtaba Gheitasi, field notes 2016",32.298441140043344,47.89291771671802,""
"","912291f437b8879158d946e3a6470670","9-3d7abafc72ae0715ee9e44372479c222","1160270","ایلام","Ilām","دهلران","Deh Lorān","موسیان","Musiān","","","دشت عباس","Dasht-e Abbās","شهرک ولی عصر","Shahrak-e Vali Asr","Shahrak Walī ʕaṣr","Mojtaba Gheitasi, field notes 2016","943","","","","Khuzestāni Arabic 90%; Kurdali 5%; Northern Lori 5%","Mojtaba Gheitasi, field notes 2016",32.322488490191546,47.91021260044395,""
"","912291f437b8879158d946e3a646f878","9-98cc35d1a46de70fe5e8056ee235ab8c","1160271","ایلام","Ilām","دهلران","Deh Lorān","موسیان","Musiān","","","دشت عباس","Dasht-e Abbās","بیت فزیه","Beyt-e Fezieh","Bēt Fizīyya","Mojtaba Gheitasi, field notes 2016","122","","","","Khuzestāni Arabic 90%; Kurdali 5%; Northern Lori 5%","Mojtaba Gheitasi, field notes 2016",32.37376075653611,47.78051065101344,""
"","912291f437b8879158d946e3a646eb5d","9-623af9ba7db34a917ed7a072e17c14ac","1160272","ایلام","Ilām","دهلران","Deh Lorān","موسیان","Musiān","","","دشت عباس","Dasht-e Abbās","ابوقریب","Abu Qarib","Abū Qurēb","Mojtaba Gheitasi, field notes 2016","253","","","","Khuzestāni Arabic 90%; Kurdali 5%; Northern Lori 5%","Mojtaba Gheitasi, field notes 2016",32.36141134759521,47.799729261923844,""
"","912291f437b8879158d946e3a646e100","7-2d124b0f427f9a0dddbdc059c4e3f2e8","1160273","ایلام","Ilām","دهلران","Deh Lorān","موسیان","Musiān","","","دشت عباس","Dasht-e Abbās","شهرک نصر 2","Shahrak-e Nasr-e 2","Shahrak Nasr 2","Mojtaba Gheitasi, field notes 2016","108","","","","Khuzestāni Arabic 90%; Kurdali 5%; Northern Lori 5%","Mojtaba Gheitasi, field notes 2016","","",""
"","912291f437b8879158d946e3a646de70","9-600849f0323751bcf226101fbb12e3e2","1160274","ایلام","Ilām","دهلران","Deh Lorān","موسیان","Musiān","","","دشت عباس","Dasht-e Abbās","برم پایین","Berm-e Pāin","Burm Suflā","Mojtaba Gheitasi, field notes 2016","653","","","","Khuzestāni Arabic 90%; Kurdali 5%; Northern Lori 5%","Mojtaba Gheitasi, field notes 2016",32.47109188905302,47.78565302901679,""
"","912291f437b8879158d946e3a646d5fe","9-88ba44cd67bde9a464216b74f566b2ce","1160275","ایلام","Ilām","دهلران","Deh Lorān","موسیان","Musiān","","","دشت عباس","Dasht-e Abbās","عین خوش","Eyn-e Khosh","ʕayn Khush","Mojtaba Gheitasi, field notes 2016","849","","","","Khuzestāni Arabic 90%; Kurdali 5%; Northern Lori 5%","Mojtaba Gheitasi, field notes 2016",32.41234650807012,47.638024244857874,""
"","912291f437b8879158d946e3a646c95c","9-32b97ea97cc15fc736b15506175e8f30","1160276","ایلام","Ilām","دهلران","Deh Lorān","موسیان","Musiān","","","دشت عباس","Dasht-e Abbās","عین صوله","Eyn-e Suleh","ʕayn Sūḷa","Mojtaba Gheitasi, field notes 2016","372","","","","Khuzestāni Arabic 90%; Kurdali 5%; Northern Lori 5%","Mojtaba Gheitasi, field notes 2016",32.445273265496496,47.730978880465365,""
"","912291f437b8879158d946e3a646b9cf","9-dd3aaa931e791abd06ea695dca9c4300","1160277","ایلام","Ilām","دهلران","Deh Lorān","موسیان","Musiān","","","دشت عباس","Dasht-e Abbās","ثارالله","Sārallāh","Sāraḷḷā","Mojtaba Gheitasi, field notes 2016","585","","","","Khuzestāni Arabic 90%; Kurdali 5%; Northern Lori 5%","Mojtaba Gheitasi, field notes 2016",32.39040067578955,47.89494151886798,""
"","912291f437b8879158d946e3a646b76f","7-cb1e55cb4f47fe741fc7fc231e5556b6","1160278","ایلام","Ilām","دهلران","Deh Lorān","موسیان","Musiān","","","دشت عباس","Dasht-e Abbās","سادات دانشگر","Sādāt-e Dāneshgar","Sādāti Dānishgar","Mojtaba Gheitasi, field notes 2016","229","","","","Khuzestāni Arabic 90%; Kurdali 5%; Northern Lori 5%","Mojtaba Gheitasi, field notes 2016","","",""
"","912291f437b8879158d946e3a646b4e3","7-9d3df5cfb35395c1d48879b096f10bac","1160279","ایلام","Ilām","دهلران","Deh Lorān","موسیان","Musiān","","","دشت عباس","Dasht-e Abbās","چیغاب","Chighāb","Chīqāw","Mojtaba Gheitasi, field notes 2016","70","","","","Khuzestāni Arabic 90%; Kurdali 5%; Northern Lori 5%","Mojtaba Gheitasi, field notes 2016","","",""
"","912291f437b8879158d946e3a6476483","9-387b64e7276d839a82cd72bea4e63e70","1160280","ایلام","Ilām","دهلران","Deh Lorān","موسیان","Musiān","","","دشت عباس","Dasht-e Abbās","شهرک ذوالفقاری","Shahrak-e Zolfaqāri","Shahrak Zulfaqārī","Mojtaba Gheitasi, field notes 2016","1154","","","","Khuzestāni Arabic 90%; Kurdali 5%; Northern Lori 5%","Mojtaba Gheitasi, field notes 2016",32.4558549312606,47.826987968817626,""
"","912291f437b8879158d946e3a6475f82","7-f7a2b9aa5f73d5cd50845e42fe7d8189","1160281","ایلام","Ilām","دهلران","Deh Lorān","موسیان","Musiān","","","دشت عباس","Dasht-e Abbās","چاه 61 مهدی جلیلیان جمشیدی نژاد","Chāh-e 61 Mehdi-ye Jaliliān-e Jamshidinezhād","Chā-y 61 Mēdī-yı Jalīlīyān-ı Jamshīdīnızhād","Mojtaba Gheitasi, field notes 2016","","(3 or fewer households; population not specified in 2011 Census for reasons of privacy)","","","mixed 100%","Mojtaba Gheitasi, field notes 2016","","",""
"","912291f437b8879158d946e3a64757f2","7-63ba6f5b629c7dc5ff09ce41a81c0b81","1160282","ایلام","Ilām","دهلران","Deh Lorān","موسیان","Musiān","","","دشت عباس","Dasht-e Abbās","چاه 11 مزرعه حاجی حسنوند","Chāh-e 11 Mazra'eh-ye Hāji Hasanvand","Chā-y 11 Mazra'a-y Hājī Hasanwand","Mojtaba Gheitasi, field notes 2016","","(3 or fewer households; population not specified in 2011 Census for reasons of privacy)","","","mixed 100%","Mojtaba Gheitasi, field notes 2016","","",""
"","912291f437b8879158d946e3a6474b5c","7-38e80d317fb5ce4f8ab19a0f72d7bee1","1160283","ایلام","Ilām","دهلران","Deh Lorān","موسیان","Musiān","","","دشت عباس","Dasht-e Abbās","ذهیب سرنامه چاه 17","Zahib Sarnāmeh Chāh-e 17","Zahīb Sarnāma Chā-y 17","Mojtaba Gheitasi, field notes 2016","","(3 or fewer households; population not specified in 2011 Census for reasons of privacy)","","","mixed 100%","Mojtaba Gheitasi, field notes 2016","","",""
"","912291f437b8879158d946e3a64743dc","7-109b67801bd60435133ac21854b2084b","1160284","ایلام","Ilām","دهلران","Deh Lorān","موسیان","Musiān","","","دشت عباس","Dasht-e Abbās","صالح سرخه چاه 18","Sāleh Sorkheh Chāh-e 18","Sāḷa Surkha Chā-y 18","Mojtaba Gheitasi, field notes 2016","","(3 or fewer households; population not specified in 2011 Census for reasons of privacy)","","","mixed 100%","Mojtaba Gheitasi, field notes 2016","","",""
"","912291f437b8879158d946e3a6473be7","7-e705635e9d8fa2f3ab52a0b09438c751","1160285","ایلام","Ilām","دهلران","Deh Lorān","موسیان","Musiān","","","دشت عباس","Dasht-e Abbās","صاحب فیله 1چاه 16","Sāheb Fileh 1 Chāh-e 16","Sāhıb Fīla 1 Chā-y 16","Mojtaba Gheitasi, field notes 2016","","(3 or fewer households; population not specified in 2011 Census for reasons of privacy)","","","mixed 100%","Mojtaba Gheitasi, field notes 2016","","",""
"","912291f437b8879158d946e3a6472f05","7-db3e467bc0656ac5c2ca6decfbcb35e1","1160286","ایلام","Ilām","دهلران","Deh Lorān","موسیان","Musiān","","","دشت عباس","Dasht-e Abbās","چاه 65 عبدالرضاحیدری","Chāh-e 65 Abd-or-Rezā Heydari","Chā-y 65 Abdurızā Haydarī","Mojtaba Gheitasi, field notes 2016","","(3 or fewer households; population not specified in 2011 Census for reasons of privacy)","","","mixed 100%","Mojtaba Gheitasi, field notes 2016","","",""
"","912291f437b8879158d946e3a6472641","7-d428d178dafabaa1608f7eeb96a23ec9","1160287","ایلام","Ilām","دهلران","Deh Lorān","موسیان","Musiān","","","دشت عباس","Dasht-e Abbās","چاه 64 کریم رحیم خانی","Chāh-e 64 Karim-e Rahimkhāni","Chā-y 64 Karīm-ı Rahīmkhānī","Mojtaba Gheitasi, field notes 2016","","(3 or fewer households; population not specified in 2011 Census for reasons of privacy)","","","mixed 100%","Mojtaba Gheitasi, field notes 2016","","",""
"","912291f437b8879158d946e3a647205c","7-e8aa1e79f065b05b0b27c3856f914aac","1160288","ایلام","Ilām","دهلران","Deh Lorān","موسیان","Musiān","","","دشت عباس","Dasht-e Abbās","نوروزچنانه چاه 14","Now Ruz Chanāneh Chāh-e 14","Nawrūz Chanāna Chā-y 14","Mojtaba Gheitasi, field notes 2016","","(3 or fewer households; population not specified in 2011 Census for reasons of privacy)","","","mixed 100%","Mojtaba Gheitasi, field notes 2016","","",""
"","912291f437b8879158d946e3a647164c","9-5d92a996135fe04bbb76b80d33e5ebac","1160289","ایلام","Ilām","دهلران","Deh Lorān","موسیان","Musiān","","","دشت عباس","Dasht-e Abbās","شهرک مطارفه","Shahrak-e Motārefeh","Shahrak Muṭārifi","Mojtaba Gheitasi, field notes 2016","76","","","","Khuzestāni Arabic 90%; Kurdali 5%; Northern Lori 5%","Mojtaba Gheitasi, field notes 2016",32.39929382654718,47.754238997038385,""
"","912291f437b8879158d946e3a647be62","9-7c65bdfa0ac5e80bac55d0dd3d6ec6c0","1160290","ایلام","Ilām","دهلران","Deh Lorān","موسیان","Musiān","","","دشت عباس","Dasht-e Abbās","شهرک مملح","Shahrak-e Mamleh","Shahrak Mamliḥ","Mojtaba Gheitasi, field notes 2016","526","","","","Khuzestāni Arabic 90%; Kurdali 5%; Northern Lori 5%","Mojtaba Gheitasi, field notes 2016",32.43984772181612,47.845741974246714,""
"","912291f437b8879158d946e3a647b1f2","7-2ee2f4c05f2b762a200fe757c05c617c","1160291","ایلام","Ilām","دهلران","Deh Lorān","موسیان","Musiān","","","دشت عباس","Dasht-e Abbās","شهرک دشت عباس","Shahrak-e Dasht-e Abbās","Shahrak Dasht ʕabbās","Mojtaba Gheitasi, field notes 2016","394","","","","Khuzestāni Arabic 90%; Kurdali 5%; Northern Lori 5%","Mojtaba Gheitasi, field notes 2016","","",""
"","912291f437b8879158d946e3a647a711","7-72e44fe2d3275896fd811f78ceb20d4b","1160292","ایلام","Ilām","دهلران","Deh Lorān","موسیان","Musiān","","","دشت عباس","Dasht-e Abbās","امامزاده عباس","Emāmzādeh Abbās","Imāmzāda ʕabbās","Mojtaba Gheitasi, field notes 2016","101","","","","Khuzestāni Arabic 90%; Kurdali 5%; Northern Lori 5%","Mojtaba Gheitasi, field notes 2016","","",""
"","912291f437b8879158d946e3a6479af1","7-a2e9f0cb1168e8bde8a02fa2600f6816","1160293","ایلام","Ilām","دهلران","Deh Lorān","موسیان","Musiān","","","دشت عباس","Dasht-e Abbās","مزرعه حاج رحیم کمالی شایع درتا","Mazra'eh-ye Hāj Rahim-e Kamāli Shāye' Dartā","Mazraʕit Ḥāj Raḥīm Kamālī Shāyiʕ Dartā","Mojtaba Gheitasi, field notes 2016","","(3 or fewer households; population not specified in 2011 Census for reasons of privacy)","","","Khuzestāni Arabic 90%; Kurdali 5%; Northern Lori 5%","Mojtaba Gheitasi, field notes 2016","","",""
"","912291f437b8879158d946e3a6478ebc","9-cb84356c83f05a4e3467e82b53b4e8f6","1160294","ایلام","Ilām","دهلران","Deh Lorān","موسیان","Musiān","","","دشت عباس","Dasht-e Abbās","بلتا","Beletā","Biltā","Mojtaba Gheitasi, field notes 2016","102","","","","Khuzestāni Arabic 90%; Kurdali 5%; Northern Lori 5%","Mojtaba Gheitasi, field notes 2016",32.35772282442802,47.99286755343585,""
"","912291f437b8879158d946e3a6478c64","9-02ff8857201a9cc0ec2d6cb55388c7ad","1160295","ایلام","Ilām","دهلران","Deh Lorān","موسیان","Musiān","","","دشت عباس","Dasht-e Abbās","شهرک فجر","Shahrak-e Fajr","Shahrak Fajr","Mojtaba Gheitasi, field notes 2016","337","","","","Khuzestāni Arabic 90%; Kurdali 5%; Northern Lori 5%","Mojtaba Gheitasi, field notes 2016",32.357677509939535,47.90819557926554,""
"","912291f437b8879158d946e3a647832e","9-26b475d582822fbc3f3d649625dc5337","1160296","ایلام","Ilām","دهلران","Deh Lorān","موسیان","Musiān","","","دشت عباس","Dasht-e Abbās","شهرک حمزه","Shahrak-e Hamzeh","Shahrak Ḥamzi","Mojtaba Gheitasi, field notes 2016","587","","","","Khuzestāni Arabic 90%; Kurdali 5%; Northern Lori 5%","Mojtaba Gheitasi, field notes 2016",32.36514503107,47.93857964298159,""
"","912291f437b8879158d946e3a6477eb8","7-97f67fc9706ab7bd9a8e68a65b4a7d9c","1160297","ایلام","Ilām","دهلران","Deh Lorān","موسیان","Musiān","","","دشت عباس","Dasht-e Abbās","شهرک استقلال","Shahrak-e Esteqlāl","Shahrak Istiqḷāḷ","Mojtaba Gheitasi, field notes 2016","557","","","","Khuzestāni Arabic 90%; Kurdali 5%; Northern Lori 5%","Mojtaba Gheitasi, field notes 2016","","",""
"","912291f437b8879158d946e3a6477642","9-e89d81d2f5a2677dc484be616e4a6b4c","1160298","ایلام","Ilām","دهلران","Deh Lorān","موسیان","Musiān","","","دشت عباس","Dasht-e Abbās","شهرک سپتون","Shahrak-e Sepeton","Shahrak Sipitun","Mojtaba Gheitasi, field notes 2016","439","","","","Khuzestāni Arabic 90%; Kurdali 5%; Northern Lori 5%","Mojtaba Gheitasi, field notes 2016",32.36829860475309,48.021148765285325,""
"","912291f437b8879158d946e3a6476fc4","7-bd813f12e689f7e70eab0e46c4dbae87","1160299","ایلام","Ilām","دهلران","Deh Lorān","موسیان","Musiān","","","دشت عباس","Dasht-e Abbās","پلیس راه دشت عباس - اندیمشک","Polis-e Rāh-e Dasht-e Abbās - Andimeshk","Pılīs-ı Rā-y Dasht-ı Abās - Andīmıshk","Mojtaba Gheitasi, field notes 2016","","(3 or fewer households; population not specified in 2011 Census for reasons of privacy)","","","mixed 100%","Mojtaba Gheitasi, field notes 2016","","",""
"","912291f437b8879158d946e3a6480e3a","7-2769c397f59606a050bb1f80498694a9","1160300","ایلام","Ilām","دهلران","Deh Lorān","موسیان","Musiān","","","نهرعنبر","Nahr-e Anbar","","","","","5153","","","","","","","",""
"","912291f437b8879158d946e3a6480ac6","9-9e79f3585c5090408726670ae10f548e","1160301","ایلام","Ilām","دهلران","Deh Lorān","موسیان","Musiān","","","نهرعنبر","Nahr-e Anbar","بره بیجه","Bareh Bijeh","Bari Biji","Mojtaba Gheitasi, field notes 2016","279","","","","Khuzestāni Arabic 90%; Kurdali 5%; Northern Lori 5%","Mojtaba Gheitasi, field notes 2016",32.50349388150509,47.490920571886456,""
"","912291f437b8879158d946e3a648034a","9-e8f37c34b98a23402af56d39e613771b","1160302","ایلام","Ilām","دهلران","Deh Lorān","موسیان","Musiān","","","نهرعنبر","Nahr-e Anbar","بیت غران","Beyt Gherān","Bēt Ghiṛān","Mojtaba Gheitasi, field notes 2016","204","","","","Khuzestāni Arabic 90%; Kurdali 5%; Northern Lori 5%","Mojtaba Gheitasi, field notes 2016",32.52769031284988,47.24515546849314,""
"","912291f437b8879158d946e3a647f70f","7-3d5a9a7b20fb97c1933bb6aede3c6644","1160303","ایلام","Ilām","دهلران","Deh Lorān","موسیان","Musiān","","","نهرعنبر","Nahr-e Anbar","پتک دیناروند","Petak-e Dinārvand","Pitak Dīnārwan","Mojtaba Gheitasi, field notes 2016","622","","","","Northern Lori 100%","Mojtaba Gheitasi, field notes 2016","","",""
"","912291f437b8879158d946e3a647e7c9","11-b0b8f4592b470686024eca53dabc89dc","1160304","ایلام","Ilām","دهلران","Deh Lorān","موسیان","Musiān","","","نهرعنبر","Nahr-e Anbar","پتک اعراب","Petak-e A'rāb","Pitak Aʕrāb","Mojtaba Gheitasi, field notes 2016","606","","","","Khuzestāni Arabic 90%; Kurdali 5%; Northern Lori 5%","Mojtaba Gheitasi, field notes 2016",32.4973,47.50461,""
"","912291f437b8879158d946e3a647e139","9-7258f0f61a37cf84ecbca6ca24b1ecd4","1160305","ایلام","Ilām","دهلران","Deh Lorān","موسیان","Musiān","","","نهرعنبر","Nahr-e Anbar","سد دویرج","Sadd-e Dovirej","Sad-ı Dōwērıj","Mojtaba Gheitasi, field notes 2016","","(3 or fewer households; population not specified in 2011 Census for reasons of privacy)","","","mixed 100%","Mojtaba Gheitasi, field notes 2016",32.487895124833294,47.448035163616254,""
"","912291f437b8879158d946e3a647e0bf","7-2970ef8c8379567f202843f0ef97bf58","1160306","ایلام","Ilām","دهلران","Deh Lorān","موسیان","Musiān","","","نهرعنبر","Nahr-e Anbar","پاسگاه دویرج","Pāsgāh-e Dovirej","Pāsıgā-y Dōwērıj","Mojtaba Gheitasi, field notes 2016","","(3 or fewer households; population not specified in 2011 Census for reasons of privacy)","","","mixed 100%","Mojtaba Gheitasi, field notes 2016","","",""
"","912291f437b8879158d946e3a647d2f8","7-7ece49e4961047106ba305e8297a2521","1160307","ایلام","Ilām","دهلران","Deh Lorān","موسیان","Musiān","","","نهرعنبر","Nahr-e Anbar","پاسگاه بیات 1","Pāsgāh-e Bayāt 1","Pāsıgā-y Bayāt 1","Mojtaba Gheitasi, field notes 2016","","(3 or fewer households; population not specified in 2011 Census for reasons of privacy)","","","mixed 100%","Mojtaba Gheitasi, field notes 2016","","",""
"","912291f437b8879158d946e3a647d1ec","7-5a7d9826f9f5df6ea4402d59a9a04a6a","1160308","ایلام","Ilām","دهلران","Deh Lorān","موسیان","Musiān","","","نهرعنبر","Nahr-e Anbar","پاسگاه بیات 2","Pāsgāh-e Bayāt 2","Pāsıgā-y Bayāt 2","Mojtaba Gheitasi, field notes 2016","","(3 or fewer households; population not specified in 2011 Census for reasons of privacy)","","","mixed 100%","Mojtaba Gheitasi, field notes 2016","","",""
"","912291f437b8879158d946e3a647cb0b","11-41af29c0854eae30ab4e39680ea5c933","1160309","ایلام","Ilām","دهلران","Deh Lorān","موسیان","Musiān","","","نهرعنبر","Nahr-e Anbar","شهرک دشت اکبر","Shahrak-e Dasht-e Akbar","Shahrak Dasht Akbar","Mojtaba Gheitasi, field notes 2016","191","","","","Khuzestāni Arabic 90%; Kurdali 5%; Northern Lori 5%","Mojtaba Gheitasi, field notes 2016",32.58938422592965,47.3794277199505,""
"","912291f437b8879158d946e3a64865c8","7-4cd2b1aae2a4ccf65bb0451baddf7bf1","1160310","ایلام","Ilām","دهلران","Deh Lorān","موسیان","Musiān","","","نهرعنبر","Nahr-e Anbar","پلیس راه دهلران - اندیمشک","Polis-e Rāh-e Dehlorān-Andimeshk","Pılīs-ı Rā-y Dēlıṛo - Andīmıshk","Mojtaba Gheitasi, field notes 2016","","(3 or fewer households; population not specified in 2011 Census for reasons of privacy)","","","mixed 100%","Mojtaba Gheitasi, field notes 2016","","",""
"","912291f437b8879158d946e3a648564e","7-a19c67cb6b5ee5939655cb8d1c9c1697","1160311","ایلام","Ilām","دهلران","Deh Lorān","موسیان","Musiān","","","نهرعنبر","Nahr-e Anbar","نهر عنبر","Nahr-e Anbar","Nahr ʕambar","Mojtaba Gheitasi, field notes 2016","1003","","","","Khuzestāni Arabic 90%; Kurdali 5%; Northern Lori 5%","Mojtaba Gheitasi, field notes 2016","","",""
"","912291f437b8879158d946e3a64850bf","11-d27ce72de6471b69fbbe8bc1765bf82c","1160312","ایلام","Ilām","دهلران","Deh Lorān","موسیان","Musiān","","","نهرعنبر","Nahr-e Anbar","مرزداران","Marzdārān","Marzdārān","Mojtaba Gheitasi, field notes 2016","","(3 or fewer households; population not specified in 2011 Census for reasons of privacy)","","","Khuzestāni Arabic 90%; Kurdali 5%; Northern Lori 5%","Mojtaba Gheitasi, field notes 2016",32.57988309809776,47.37919168555695,""
"","912291f437b8879158d946e3a6484658","9-4d1f8010aae674a16f736b3863b587d2","1160313","ایلام","Ilām","دهلران","Deh Lorān","موسیان","Musiān","","","نهرعنبر","Nahr-e Anbar","جلیزی بالا","Jalizi-ye Bālā","Jalīzī ʕulyā","Mojtaba Gheitasi, field notes 2016","981","","","","Khuzestāni Arabic 90%; Kurdali 5%; Northern Lori 5%","Mojtaba Gheitasi, field notes 2016",32.472941778351334,47.569155244422575,""
"","912291f437b8879158d946e3a64837c4","9-dfff92d257950c4549d76d39603d7dc7","1160314","ایلام","Ilām","دهلران","Deh Lorān","موسیان","Musiān","","","نهرعنبر","Nahr-e Anbar","جلیزی پایین","Jalizi-ye Pāin","Jalīzī Suflā","Mojtaba Gheitasi, field notes 2016","186","","","","Khuzestāni Arabic 90%; Kurdali 5%; Northern Lori 5%","Mojtaba Gheitasi, field notes 2016",32.43547958588198,47.529887704449564,""
"","912291f437b8879158d946e3a648305b","9-34f484ee0f59d6fe3caa9109586f75a5","1160315","ایلام","Ilām","دهلران","Deh Lorān","موسیان","Musiān","","","نهرعنبر","Nahr-e Anbar","نهرعنبر","Nahr-e Anbar","Nahr ʕambar","Mojtaba Gheitasi, field notes 2016","","(3 or fewer households; population not specified in 2011 Census for reasons of privacy)","","","Khuzestāni Arabic 90%; Kurdali 5%; Northern Lori 5%","Mojtaba Gheitasi, field notes 2016",32.4622528143636,47.45182607599101,""
"","912291f437b8879158d946e3a6482f6c","7-475b28aa11fe3400482799642671ff4a","1160316","ایلام","Ilām","دهلران","Deh Lorān","موسیان","Musiān","","","نهرعنبر","Nahr-e Anbar","پاسگاه نهرعنبر 1","Pāsgāh-e Nahr-e Anbar 1","Pāsıgā-y Nahr-ı Ambar 1","Mojtaba Gheitasi, field notes 2016","","(3 or fewer households; population not specified in 2011 Census for reasons of privacy)","","","mixed 100%","Mojtaba Gheitasi, field notes 2016","","",""
"","912291f437b8879158d946e3a64829c9","9-a6cb5b711de89868ad96034cec7dc109","1160317","ایلام","Ilām","دهلران","Deh Lorān","موسیان","Musiān","","","نهرعنبر","Nahr-e Anbar","سادات دالپری","Sādāt-e Dālpari","Sādāt Dāḷparī","Mojtaba Gheitasi, field notes 2016","466","","","","Khuzestāni Arabic 90%; Kurdali 5%; Northern Lori 5%","Mojtaba Gheitasi, field notes 2016",32.48724174366592,47.555765657021674,""
"","912291f437b8879158d946e3a64825e8","7-62ee419a3233f5000675178b2078a945","1160318","ایلام","Ilām","دهلران","Deh Lorān","موسیان","Musiān","","","نهرعنبر","Nahr-e Anbar","پاسگاه نهرعنبر 2","Pāsgāh-e Nahr-e Anbar 2","Pāsıgā-y Nahr-ı Ambar 2","Mojtaba Gheitasi, field notes 2016","","(3 or fewer households; population not specified in 2011 Census for reasons of privacy)","","","mixed 100%","Mojtaba Gheitasi, field notes 2016","","",""
"","912291f437b8879158d946e3a6481619","7-1df9b6237ae0032ab57f581dbfbfb9bf","1160319","ایلام","Ilām","دهلران","Deh Lorān","موسیان","Musiān","","","نهرعنبر","Nahr-e Anbar","پاسگاه چم صریم","Pāsgāh-e Cham-e Sarim","Pāsıgā-y Cham-ı Sarīm","Mojtaba Gheitasi, field notes 2016","","(3 or fewer households; population not specified in 2011 Census for reasons of privacy)","","","mixed 100%","Mojtaba Gheitasi, field notes 2016","","",""
"","912291f437b8879158d946e3a648c441","9-40ca81cea172f7a175a3ec382b3dd309","1160320","ایلام","Ilām","دهلران","Deh Lorān","موسیان","Musiān","","","نهرعنبر","Nahr-e Anbar","چم صریم","Cham-e Sarim","Cham Ṣarīm","Mojtaba Gheitasi, field notes 2016","","(3 or fewer households; population not specified in 2011 Census for reasons of privacy)","","","Khuzestāni Arabic 90%; Kurdali 5%; Northern Lori 5%","Mojtaba Gheitasi, field notes 2016",32.365548691346575,47.5687796831637,""
"","912291f437b8879158d946e3a648c2d3","17-f337f228633fb846542867023e601e52","1160321","ایلام","Ilām","دهلران","Deh Lorān","موسیان","Musiān","","","نهرعنبر","Nahr-e Anbar","علی نعیر","Ali Na'ir","ʕalī Naʕīr","Mojtaba Gheitasi, field notes 2016","42","","","","Khuzestāni Arabic 90%; Kurdali 5%; Northern Lori 5%","Mojtaba Gheitasi, field notes 2016",32.40377897084027,47.562438941053124,""
"","912291f437b8879158d946e3a648baff","9-563802bd2eb1b84980b5728177365f01","1160322","ایلام","Ilām","دهلران","Deh Lorān","موسیان","Musiān","موسیان","Musiān","","","","","Mūsyān","Mojtaba Gheitasi, field notes 2016","2577","","","","Northern Lori 70%; Khuzestāni Arabic 25%; mixed 5%","Mojtaba Gheitasi, field notes 2016",32.52066210828151,47.376989075242676,""
"","912291f437b8879158d946e3a648b94a","7-67e2852cc1fe146389741bacfffc1a0a","1160323","ایلام","Ilām","شیروان و چرداول","Shirvān va Chardāvol","","","","","","","","","","","72167","","","","","","","",""
"","912291f437b8879158d946e3a648ab28","7-5c1fb1369d301098f00dc811befe453c","1160324","ایلام","Ilām","شیروان و چرداول","Shirvān va Chardāvol","شیروان","Markazi","","","","","","","","","15855","","","","","","","",""
"","912291f437b8879158d946e3a6489f2c","7-fd6d2280f49c096e0a238ecf26b3d9a6","1160325","ایلام","Ilām","شیروان و چرداول","Shirvān va Chardāvol","شیروان","Markazi","","","زنگوان","Zangvān","","","","","3695","","","","","","","",""
"","912291f437b8879158d946e3a6489209","11-355845f593bba52869ce4d40784ba758","1160326","ایلام","Ilām","شیروان و چرداول","Shirvān va Chardāvol","شیروان","Markazi","","","زنگوان","Zangvān","نسار مله ماران","Nesār-e Melleh Mārān","Nısār-ı Mıla Mārān","Mojtaba Gheitasi, field notes 2016","254","","","","Shērwāni 100%","Mojtaba Gheitasi, field notes 2016",33.59106201600987,46.702132374236825,""
"","912291f437b8879158d946e3a6488ba6","11-fdd165857d2e22769b1f8b0060fa4505","1160327","ایلام","Ilām","شیروان و چرداول","Shirvān va Chardāvol","شیروان","Markazi","","","زنگوان","Zangvān","برآفتاب مله ماران","Bar Āftāb Melleh Mārān","Khwara Tāw-ı Mıla Mārān","Mojtaba Gheitasi, field notes 2016","161","","","","Shērwāni 100%","Mojtaba Gheitasi, field notes 2016",33.617047482648786,46.72539249081074,""
"","912291f437b8879158d946e3a6487c14","13-faafee11491b5f31dd9905136c79f55c","1160328","ایلام","Ilām","شیروان و چرداول","Shirvān va Chardāvol","شیروان","Markazi","","","زنگوان","Zangvān","حسن گاوداری","Hasan Gāvdāri","Hasıngārī, Hasangārī","Mojtaba Gheitasi and Mortaza Taheri-Ardali, field notes 2016, 2017","452","","","","Northern Lori 98%; Tehrāni type Persian 2%","Mojtaba Gheitasi and Mortaza Taheri-Ardali, field notes 2016, 2017",33.57459,46.68715,""
"","912291f437b8879158d946e3a6486ef2","9-9d5de5cff75e98893997dea386631d44","1160329","ایلام","Ilām","شیروان و چرداول","Shirvān va Chardāvol","شیروان","Markazi","","","زنگوان","Zangvān","سراب کلان","Sarāb Kalān","Sırāw Kalān","Mojtaba Gheitasi, field notes 2016","905","","","","Shērwāni 100%","Mojtaba Gheitasi, field notes 2016",33.57362618637702,46.71848923128158,""
"","912291f437b8879158d946e3a6492c13","7-64f2fe35af25b117fe7c265ca1976959","1160330","ایلام","Ilām","شیروان و چرداول","Shirvān va Chardāvol","شیروان","Markazi","","","زنگوان","Zangvān","لرینی سفلی (جدید)","Larini-ye Soflā (new)","Laṛīnī-yı Sufḷā","Mojtaba Gheitasi, field notes 2016","18","","","","Shērwāni 100%","Mojtaba Gheitasi, field notes 2016","","",""
"","912291f437b8879158d946e3a64923d1","7-39066eb7525993851b9f4f0c0aa4a34b","1160331","ایلام","Ilām","شیروان و چرداول","Shirvān va Chardāvol","شیروان","Markazi","","","زنگوان","Zangvān","لرینی علیا (جدید)","Larini-ye Olyā (new)","Laṛīnī-yı Ulyā","Mojtaba Gheitasi, field notes 2016","139","","","","Shērwāni 100%","Mojtaba Gheitasi, field notes 2016","","",""
"","912291f437b8879158d946e3a649225b","9-92b0757c94d3a302e922ffc4a49a6ae3","1160332","ایلام","Ilām","شیروان و چرداول","Shirvān va Chardāvol","شیروان","Kārazān","","","زنگوان","Zangvān","باباشمس","Bābā Shams","Bābā Shams","Mojtaba Gheitasi, field notes 2016","305","","","","Shērwāni 100%","Mojtaba Gheitasi, field notes 2016",33.653767021860176,46.637255179009514,""
"","912291f437b8879158d946e3a6491792","9-4a87c3d4ed9ddc5171acee1b91bbe114","1160333","ایلام","Ilām","شیروان و چرداول","Shirvān va Chardāvol","شیروان","Kārazān","","","زنگوان","Zangvān","پهنه بر","Pahneh Bor","Pıyana Wıṛ","Mojtaba Gheitasi, field notes 2016","109","","","","Shērwāni 100%","Mojtaba Gheitasi, field notes 2016",33.65160576534122,46.67351864488538,""
"","912291f437b8879158d946e3a6490934","9-54ca4552d3365f0e0fa2eecb8e910369","1160334","ایلام","Ilām","شیروان و چرداول","Shirvān va Chardāvol","شیروان","Kārazān","","","زنگوان","Zangvān","غسلک","Ghoslak","Khwısḷak","Mojtaba Gheitasi, field notes 2016","39","","","","Shērwāni 100%","Mojtaba Gheitasi, field notes 2016",33.64874782215226,46.647082792838,""
"","912291f437b8879158d946e3a648ff23","11-e078332c03bc369a30fa347d2758b278","1160335","ایلام","Ilām","شیروان و چرداول","Shirvān va Chardāvol","شیروان","Kārazān","","","زنگوان","Zangvān","سفیدخانی سفلی","Sefid Khāni-ye Soflā","Sıfīd Khānī-yı Sufḷā","Mojtaba Gheitasi, field notes 2016","64","","","","Shērwāni 100%","Mojtaba Gheitasi, field notes 2016",33.65492800502034,46.61369465502571,""
"","912291f437b8879158d946e3a648f0b0","9-fc2387883df81c6804b58e944b5126d2","1160336","ایلام","Ilām","شیروان و چرداول","Shirvān va Chardāvol","شیروان","Kārazān","","","زنگوان","Zangvān","سفیدخانی علیا","Sefid Khāni-ye Olyā","Sıfīd Khānī-yı Ulyā","Mojtaba Gheitasi, field notes 2016","14","","","","Shērwāni 100%","Mojtaba Gheitasi, field notes 2016",33.66454554739416,46.601699890410956,""
"","912291f437b8879158d946e3a648ea2f","9-bbcdb06644f62ce62e07a9e956931b8a","1160337","ایلام","Ilām","شیروان و چرداول","Shirvān va Chardāvol","شیروان","Kārazān","","","زنگوان","Zangvān","شهرک سرتنگ","Shahrak-e Sartang","Shahrak-ı Sartang","Mojtaba Gheitasi, field notes 2016","988","","","","Shērwāni 100%","Mojtaba Gheitasi, field notes 2016",33.64426423258058,46.676737295702466,""
"","912291f437b8879158d946e3a648dee6","9-fa78fe8b1a7bf04adac41541e857d454","1160338","ایلام","Ilām","شیروان و چرداول","Shirvān va Chardāvol","شیروان","Kārazān","","","زنگوان","Zangvān","قلندرسفلی","Qalandar-e Soflā","Qaḷandar-ı Sufḷā, Shaqḷanarī-yı Sufḷā","Mojtaba Gheitasi, field notes 2016","31","","","","Shērwāni 100%","Mojtaba Gheitasi, field notes 2016",33.644228505830014,46.638092028221955,""
"","912291f437b8879158d946e3a648d1c9","11-fc2578ff7f3ff437fa79b0e318304b8b","1160339","ایلام","Ilām","شیروان و چرداول","Shirvān va Chardāvol","شیروان","Kārazān","","","زنگوان","Zangvān","ورمیان","Varmiān","Warmīyān","Mojtaba Gheitasi, field notes 2016","125","","","","Shērwāni 100%","Mojtaba Gheitasi, field notes 2016",33.649765975294684,46.650945173819416,""
"","912291f437b8879158d946e3a6498fa5","11-ee45fd1d6650107a9865b390a47af555","1160340","ایلام","Ilām","شیروان و چرداول","Shirvān va Chardāvol","شیروان","Kārazān","","","زنگوان","Zangvān","سفیدخانی وسطی","Sefid Khāni-ye Vostā","Sıfīd Khānī-yı Wustā","Mojtaba Gheitasi, field notes 2016","30","","","","Shērwāni 100%","Mojtaba Gheitasi, field notes 2016",33.661723907617215,46.60509012850772,""
"","912291f437b8879158d946e3a6498314","9-ef3587f6b6d3bde3ae7e75e7e18f3332","1160341","ایلام","Ilām","شیروان و چرداول","Shirvān va Chardāvol","شیروان","Kārazān","","","زنگوان","Zangvān","قلندرعلیا","Qalandar-e Olyā","Qaḷandar-ı Ulyā, Shaqḷanarī-yı Ulyā","Mojtaba Gheitasi, field notes 2016","61","","","","Shērwāni 100%","Mojtaba Gheitasi, field notes 2016",33.644210642448435,46.62820004137623,""
"","912291f437b8879158d946e3a649753d","7-17b821221a7b274c4753ef1cf78e3c1d","1160342","ایلام","Ilām","شیروان و چرداول","Shirvān va Chardāvol","شیروان","Kārazān","","","کارزان","Kārazān","","","","","4345","","","","","","","",""
"","912291f437b8879158d946e3a6496ee5","9-c005e4a37eb9eca955141523a942de83","1160343","ایلام","Ilām","شیروان و چرداول","Shirvān va Chardāvol","شیروان","Kārazān","","","کارزان","Kārazān","چشمه چای سفلی","Cheshmeh Chāy-e Soflā","Kıyanī Chāī-yı Sufḷā","Mojtaba Gheitasi, field notes 2016","66","","","","Khezeli of Kārazān 100%","Mojtaba Gheitasi, field notes 2016",33.67463972746922,46.56510726856753,""
"","912291f437b8879158d946e3a64969ab","9-124f151a8b757d9b615095d4ffca83bc","1160344","ایلام","Ilām","شیروان و چرداول","Shirvān va Chardāvol","شیروان","Kārazān","","","کارزان","Kārazān","چشمه چای علیا","Cheshmeh Chāy-e Olyā","Kıyanī Chāī-yı Ulyā","Mojtaba Gheitasi, field notes 2016","45","","","","Khezeli of Kārazān 100%","Mojtaba Gheitasi, field notes 2016",33.685835379373806,46.55770437168733,""
"","912291f437b8879158d946e3a64961b1","9-86daf422233f26648518ed4fb8f6deb2","1160345","ایلام","Ilām","شیروان و چرداول","Shirvān va Chardāvol","شیروان","Kārazān","","","کارزان","Kārazān","چشمه چای وسطی","Cheshmeh Chāy-e Vostā","Kıyanī Chāī-yı Wustā","Mojtaba Gheitasi, field notes 2016","93","","","","Khezeli of Kārazān 100%","Mojtaba Gheitasi, field notes 2016",33.680353798956205,46.557854575392724,""
"","912291f437b8879158d946e3a6495baf","9-61be2a9dafa4b397bec1a57fa9ffa902","1160346","ایلام","Ilām","شیروان و چرداول","Shirvān va Chardāvol","شیروان","Kārazān","","","کارزان","Kārazān","علی آباد سفلی","Ali Ābād-e Soflā","Ālī Āwa-y Sufḷā","Mojtaba Gheitasi, field notes 2016","56","","","","Shērwāni 100%","Mojtaba Gheitasi, field notes 2016",33.67318256963567,46.59733310362154,""
"","912291f437b8879158d946e3a6494f37","9-c6c9ccf7402f82313765c5ef06622028","1160347","ایلام","Ilām","شیروان و چرداول","Shirvān va Chardāvol","شیروان","Kārazān","","","کارزان","Kārazān","علی آباد علیا","Ali Ābād-e Olyā","Ālī Āwa-y Ulyā","Mojtaba Gheitasi, field notes 2016","245","","","","Shērwāni 100%","Mojtaba Gheitasi, field notes 2016",33.68941518050449,46.580256385081476,""
"","912291f437b8879158d946e3a6494054","9-93749442f03bd21b7b506ec34e890311","1160348","ایلام","Ilām","شیروان و چرداول","Shirvān va Chardāvol","شیروان","Kārazān","","","کارزان","Kārazān","علی آباد وسطی","Ali Ābād-e Vostā","Ālī Āwa-y Wustā","Mojtaba Gheitasi, field notes 2016","33","","","","Shērwāni 100%","Mojtaba Gheitasi, field notes 2016",33.6823786230668,46.58997312208676,""
"","912291f437b8879158d946e3a6493af6","9-6a1ed2f4b5ecc904891c34eb6f501cd2","1160349","ایلام","Ilām","شیروان و چرداول","Shirvān va Chardāvol","شیروان","Kārazān","","","کارزان","Kārazān","کله جوب","Koleh Jub","Kwıḷa Jū","Mojtaba Gheitasi, field notes 2016","194","","","","Khezeli of Kārazān 100%","Mojtaba Gheitasi, field notes 2016",33.71116752328773,46.55083791661057,""
"","912291f437b8879158d946e3a649e4ef","9-ee1facd588003bf9d9b2b6ae37c17faa","1160350","ایلام","Ilām","شیروان و چرداول","Shirvān va Chardāvol","شیروان","Kārazān","","","کارزان","Kārazān","کلی کلی","Kali Kali","Kaḷī Kaḷī","Mojtaba Gheitasi, field notes 2016","525","","","","Khezeli of Kārazān 100%","Mojtaba Gheitasi, field notes 2016",33.70041253949951,46.56124488758613,""
"","912291f437b8879158d946e3a649df24","9-6ff6aa2e59500ae0642113e949fb7808","1160351","ایلام","Ilām","شیروان و چرداول","Shirvān va Chardāvol","شیروان","Kārazān","","","کارزان","Kārazān","چشمه پهن","Cheshmeh Pahn","Kıyanī Pıyan","Mojtaba Gheitasi, field notes 2016","326","","","","Khezeli of Kārazān 100%","Mojtaba Gheitasi, field notes 2016",33.731571329908874,46.53384760752613,""
"","912291f437b8879158d946e3a649d797","11-978ac767ff246959f7c95e7bc74bbb39","1160352","ایلام","Ilām","شیروان و چرداول","Shirvān va Chardāvol","شیروان","Kārazān","","","کارزان","Kārazān","چشمه رشید","Cheshmeh Rashid","Chıshma Rashīd","Mojtaba Gheitasi, field notes 2016","280","","","","Khezeli of Kārazān 100%","Mojtaba Gheitasi, field notes 2016",33.73239220682672,46.528354443464366,""
"","912291f437b8879158d946e3a649ca85","9-d9a8e054d1a4b0c05266eca7558100a2","1160353","ایلام","Ilām","شیروان و چرداول","Shirvān va Chardāvol","شیروان","Kārazān","","","کارزان","Kārazān","قنات آباد","Qanāt Ābād","Qanāt Ābād","Mojtaba Gheitasi, field notes 2016","333","","","","Khezeli of Kārazān 100%","Mojtaba Gheitasi, field notes 2016",33.72742221229177,46.500051773943966,""
"","912291f437b8879158d946e3a649c47b","11-69ab158c593c3b11c0cb898e280b7072","1160354","ایلام","Ilām","شیروان و چرداول","Shirvān va Chardāvol","شیروان","Kārazān","","","کارزان","Kārazān","جوب دراز میرزابیگی","Jub-e Darāz-e Mirzā Beygi","Jū Dırāz-ı Mīrzābaygī","Mojtaba Gheitasi, field notes 2016","645","","","","Khezeli of Kārazān 100%","Mojtaba Gheitasi, field notes 2016",33.71812853750459,46.54603139805674,""
"","912291f437b8879158d946e3a649bdda","9-e22b453b24105d48e300768f19090d01","1160355","ایلام","Ilām","شیروان و چرداول","Shirvān va Chardāvol","شیروان","Kārazān","","","کارزان","Kārazān","کارخانه سیمان ایلام","Kārkhāneh-ye Simān-e Ilām","Kārkhāna Sīmān-ı Ēlām","Mojtaba Gheitasi, field notes 2016","","(3 or fewer households; population not specified in 2011 Census for reasons of privacy)","","","mixed 100%","Mojtaba Gheitasi, field notes 2016",33.72042625653962,46.51024416819959,""
"","912291f437b8879158d946e3a649adff","7-925396337ceadabb079542e33749919c","1160356","ایلام","Ilām","شیروان و چرداول","Shirvān va Chardāvol","شیروان","Kārazān","","","کارزان","Kārazān","پاسگاه انتظامی کارزان","Pāsgāh-e Entezāmi-ye Kārazān","Pāsıgā-y Intızāmī-yı Kārazān","Mojtaba Gheitasi, field notes 2016","","(3 or fewer households; population not specified in 2011 Census for reasons of privacy)","","","mixed 100%","Mojtaba Gheitasi, field notes 2016","","",""
"","912291f437b8879158d946e3a649a3bc","9-ec82e2a8ddbc6b5f0ca9f3ad014c5c3b","1160357","ایلام","Ilām","شیروان و چرداول","Shirvān va Chardāvol","شیروان","Kārazān","","","کارزان","Kārazān","چشمه خزانه","Cheshmeh Khazāneh","Chıshma Khazāna","Mojtaba Gheitasi, field notes 2016","797","","","","Khezeli of Kārazān 100%","Mojtaba Gheitasi, field notes 2016",33.74035073670845,46.50861338511834,""
"","912291f437b8879158d946e3a649a0a4","9-cd164874c0c4165aeb62fd8ae55963f3","1160358","ایلام","Ilām","شیروان و چرداول","Shirvān va Chardāvol","شیروان","Kārazān","","","کارزان","Kārazān","سراب کارزان","Sarāb-e Kārazān","Sırāw-ı Kārazān","Mojtaba Gheitasi, field notes 2016","696","","","","Khezeli of Kārazān 100%","Mojtaba Gheitasi, field notes 2016",33.74288446346985,46.48629740611773,""
"","912291f437b8879158d946e3a649928a","9-d2fae38e3c294359ae503972dc6600ff","1160359","ایلام","Ilām","شیروان و چرداول","Shirvān va Chardāvol","شیروان","Kārazān","","","کارزان","Kārazān","شهرک کارخانه سیمان ایلام","Shahrak-e Kārkhāneh-ye Simān-e Ilām","Shahrak-ı Kārkhāna Sīmān-ı Ēlām","Mojtaba Gheitasi, field notes 2016","","(3 or fewer households; population not specified in 2011 Census for reasons of privacy)","","","mixed 70%; Khezeli of Kārazān 30%","Mojtaba Gheitasi, field notes 2016",33.73419398994652,46.48362517767616,""
"","912291f437b8879158d946e3a64a2be5","7-0e4bcb8940bd31e48570082a0f74401b","1160360","ایلام","Ilām","شیروان و چرداول","Shirvān va Chardāvol","شیروان","Kārazān","","","لومار","Lowmār","","","","","5157","","","","","","","",""
"","912291f437b8879158d946e3a64a1df2","9-da889e9aa72a7672ed099801477650f6","1160361","ایلام","Ilām","شیروان و چرداول","Shirvān va Chardāvol","شیروان","Kārazān","","","لومار","Lowmār","آبزار","Ābzār","Ābzār","Mojtaba Gheitasi, field notes 2016","75","","","","Shērwāni 100%","Mojtaba Gheitasi, field notes 2016",33.48537205318056,46.87905950652919,""
"","912291f437b8879158d946e3a64a195a","11-2d094f9c0152e50b3eb8c9fc31861fa2","1160362","ایلام","Ilām","شیروان و چرداول","Shirvān va Chardāvol","شیروان","Shirvān","","","لومار","Lowmār","چم شیر","Cham-e Shir","Cham Shēr","Mojtaba Gheitasi, field notes 2016","491","","","","Rudbār Arabic 100%","Mojtaba Gheitasi, field notes 2016",33.43364,46.99351,""
"","912291f437b8879158d946e3a64a13c2","11-bb27d1e5c7116db5ba13f90895846329","1160363","ایلام","Ilām","شیروان و چرداول","Shirvān va Chardāvol","شیروان","Kārazān","","","لومار","Lowmār","دار بلوط","Dār Balut","Dār Baṛü","Mojtaba Gheitasi, field notes 2016","99","","","","Rudbār Arabic 100%","Mojtaba Gheitasi, field notes 2016",33.468870119143226,46.92665262328301,""
"","912291f437b8879158d946e3a64a0637","9-51ba0bf8cda7ac49f90154e0715f0af5","1160364","ایلام","Ilām","شیروان و چرداول","Shirvān va Chardāvol","شیروان","Kārazān","","","لومار","Lowmār","چم روته","Cham Ruteh","Cham Rüta","Mojtaba Gheitasi, field notes 2016","514","","","","Rudbār Arabic 100%","Mojtaba Gheitasi, field notes 2016",33.456554263996956,46.956350041492,""
"","912291f437b8879158d946e3a649f787","9-4fb447380403299b8f86e99d07dfda81","1160365","ایلام","Ilām","شیروان و چرداول","Shirvān va Chardāvol","شیروان","Kārazān","","","لومار","Lowmār","قاضی خانی سفلی","Qāzi Khāni-ye Soflā","Qāzī Khānī-yı Suflā","Mojtaba Gheitasi, field notes 2016","272","","","","Shērwāni 100%","Mojtaba Gheitasi, field notes 2016",33.45415533281983,46.91618127929021,""
"","912291f437b8879158d946e3a649f159","9-364e2e2f3dcf7bdf5fa64c11f15d61fb","1160366","ایلام","Ilām","شیروان و چرداول","Shirvān va Chardāvol","شیروان","Kārazān","","","لومار","Lowmār","قاضی خانی علیا","Qāzi Khāni-ye Olyā","Qāzī Khānī-yı Ulyā","Mojtaba Gheitasi, field notes 2016","125","","","","Shērwāni 100%","Mojtaba Gheitasi, field notes 2016",33.468297327471326,46.91120309935917,""
"","912291f437b8879158d946e3a649ecca","9-b6f1ceaa6cdfc9e1cfe7eb82a1a3a266","1160367","ایلام","Ilām","شیروان و چرداول","Shirvān va Chardāvol","شیروان","Kārazān","","","لومار","Lowmār","باغله","Bāgheleh","Bākhıḷa","Mojtaba Gheitasi, field notes 2016","148","","","","Shērwāni 100%","Mojtaba Gheitasi, field notes 2016",33.52856953470761,46.82194009715543,""
"","912291f437b8879158d946e3a649e9c3","11-f7008486cc55ce210f5526cad8559203","1160368","ایلام","Ilām","شیروان و چرداول","Shirvān va Chardāvol","شیروان","Kārazān","","","لومار","Lowmār","چم جنگل","Cham-e Jangal","Cham Jangaḷ","Mojtaba Gheitasi, field notes 2016","204","","","","Shērwāni 100%","Mojtaba Gheitasi, field notes 2016",33.51088837634544,46.88390894042844,""
"","912291f437b8879158d946e3a649e973","9-e4cfdd2b9ea77c81863fb555378d0206","1160369","ایلام","Ilām","شیروان و چرداول","Shirvān va Chardāvol","شیروان","Kārazān","","","لومار","Lowmār","دوگر","Dowgar","Dwıgar","Mojtaba Gheitasi, field notes 2016","48","","","","Shērwāni 100%","Mojtaba Gheitasi, field notes 2016",33.48927335252634,46.85361070739965,""
"","912291f437b8879158d946e3a64a96fa","9-0c46367de9438809628431cef492c6e3","1160370","ایلام","Ilām","شیروان و چرداول","Shirvān va Chardāvol","شیروان","Kārazān","","","لومار","Lowmār","سرکان","Sarkān","Sarkān","Mojtaba Gheitasi, field notes 2016","89","","","","Shērwāni 100%","Mojtaba Gheitasi, field notes 2016",33.545551896789426,46.83674589091495,""
"","912291f437b8879158d946e3a64a8727","9-a2b28062e47fce67ee271ec45cdcbafb","1160371","ایلام","Ilām","شیروان و چرداول","Shirvān va Chardāvol","شیروان","Kārazān","","","لومار","Lowmār","سیاه سیاه","Siāh Siāh","Sīya Sīya","Mojtaba Gheitasi, field notes 2016","73","","","","Shērwāni 100%","Mojtaba Gheitasi, field notes 2016",33.53164610260509,46.8397499650112,""
"","912291f437b8879158d946e3a64a8076","9-5f38a590ece230222a6665eabcaa7c4b","1160372","ایلام","Ilām","شیروان و چرداول","Shirvān va Chardāvol","شیروان","Kārazān","","","لومار","Lowmār","شوراب خانعلی","Shurāb-e Khānali","Shūrāw-ı Khānālī","Mojtaba Gheitasi, field notes 2016","258","","","","Shērwāni 100%","Mojtaba Gheitasi, field notes 2016",33.54358465341404,46.816961917223495,""
"","912291f437b8879158d946e3a64a7866","9-7afe2921c4ebac67e2012f84afea2ead","1160373","ایلام","Ilām","شیروان و چرداول","Shirvān va Chardāvol","شیروان","Kārazān","","","لومار","Lowmār","ظهیری سفلی","Zoheyri-ye Soflā","Zürī-yı Suflā","Mojtaba Gheitasi, field notes 2016","165","","","","Shērwāni 100%","Mojtaba Gheitasi, field notes 2016",33.51849171620865,46.85455484497297,""
"","912291f437b8879158d946e3a64a6b69","9-bcecf7adbf5e0c793fc2c4fbc40e71ee","1160374","ایلام","Ilām","شیروان و چرداول","Shirvān va Chardāvol","شیروان","Kārazān","","","لومار","Lowmār","ظهیری علیا","Zoheyri-ye Olyā","Zürī-yı Ulyā","Mojtaba Gheitasi, field notes 2016","66","","","","Shērwāni 100%","Mojtaba Gheitasi, field notes 2016",33.507936311393685,46.877857876891404,""
"","912291f437b8879158d946e3a64a5ec1","9-3db4403c60fe34c4fe2f01e7fdacec52","1160375","ایلام","Ilām","شیروان و چرداول","Shirvān va Chardāvol","شیروان","Kārazān","","","لومار","Lowmār","ورگچ","Vargach","Wargach","Mojtaba Gheitasi, field notes 2016","212","","","","Shērwāni 100%","Mojtaba Gheitasi, field notes 2016",33.55120300136745,46.83305517131075,""
"","912291f437b8879158d946e3a64a590b","9-40f38bd3651f231260d71239bac2a654","1160376","ایلام","Ilām","شیروان و چرداول","Shirvān va Chardāvol","شیروان","Kārazān","","","لومار","Lowmār","بوژان","Buzhān","Būzhān","Mojtaba Gheitasi, field notes 2016","193","","","","Shērwāni 100%","Mojtaba Gheitasi, field notes 2016",33.54229628577245,46.78205910575075,""
"","912291f437b8879158d946e3a64a4f13","9-e30e23ea1f14e5d45da3dcd3f4c6d9f7","1160377","ایلام","Ilām","شیروان و چرداول","Shirvān va Chardāvol","شیروان","Kārazān","","","لومار","Lowmār","چگنی","Chegeni","Chıgınī","Mojtaba Gheitasi, field notes 2016","162","","","","Shērwāni 100%","Mojtaba Gheitasi, field notes 2016",33.55582832607814,46.776994047668985,""
"","912291f437b8879158d946e3a64a4896","9-7c2ce5242766e05d3f4aea8ea824d15f","1160378","ایلام","Ilām","شیروان و چرداول","Shirvān va Chardāvol","شیروان","Kārazān","","","لومار","Lowmār","هیوند","Heyvand","Haywan","Mojtaba Gheitasi, field notes 2016","147","","","","Shērwāni 100%","Mojtaba Gheitasi, field notes 2016",33.556589386298455,46.75890261095877,""
"","912291f437b8879158d946e3a64a395a","9-cda846d61891ada10e6072b37eed7ddf","1160379","ایلام","Ilām","شیروان و چرداول","Shirvān va Chardāvol","شیروان","Kārazān","","","لومار","Lowmār","سرآب گور طوطی","Sarāb-e Gur-e Tuti","Gūṛ-ı Tūtī","Mojtaba Gheitasi, field notes 2016","108","","","","Shērwāni 100%","Mojtaba Gheitasi, field notes 2016",33.511860451093234,46.80600586783261,""
"","912291f437b8879158d946e3a64ae218","9-1c5ab673f39582b09d79a3a51d7f70d0","1160380","ایلام","Ilām","شیروان و چرداول","Shirvān va Chardāvol","شیروان","Kārazān","","","لومار","Lowmār","گوراب سفلی","Gurāb-e Soflā","Gūrāw-ı Sufḷā","Mojtaba Gheitasi, field notes 2016","198","","","","Shērwāni 100%","Mojtaba Gheitasi, field notes 2016",33.56913237753833,46.74323851031409,""
"","912291f437b8879158d946e3a64adb7c","9-db6b9a5c46b5be6f786960bb1a4e3f92","1160381","ایلام","Ilām","شیروان و چرداول","Shirvān va Chardāvol","شیروان","Kārazān","","","لومار","Lowmār","گوراب علیا","Gurāb-e Olyā","Gūrāw-ı Ulyā","Mojtaba Gheitasi, field notes 2016","127","","","","Shērwāni 100%","Mojtaba Gheitasi, field notes 2016",33.55414852125361,46.731994690125184,""
"","912291f437b8879158d946e3a64ad8e2","9-70f89d509f05aaff938c531c7b8f0b91","1160382","ایلام","Ilām","شیروان و چرداول","Shirvān va Chardāvol","شیروان","Kārazān","","","لومار","Lowmār","لالا","Lālā","Lālā","Mojtaba Gheitasi, field notes 2016","109","","","","Shērwāni 100%","Mojtaba Gheitasi, field notes 2016",33.55948614761816,46.76851564806642,""
"","912291f437b8879158d946e3a64ad17a","9-27528d2d6cd4c2d214e37b0da269e24b","1160383","ایلام","Ilām","شیروان و چرداول","Shirvān va Chardāvol","شیروان","Kārazān","","","لومار","Lowmār","نگل","Negel","Nıgıḷ","Mojtaba Gheitasi, field notes 2016","222","","","","Shērwāni 100%","Mojtaba Gheitasi, field notes 2016",33.56634321697852,46.747572960081705,""
"","912291f437b8879158d946e3a64acb9b","11-9d6779266538ce7f9489a22f167bd2b0","1160384","ایلام","Ilām","شیروان و چرداول","Shirvān va Chardāvol","شیروان","Kārazān","","","لومار","Lowmār","کمان گران","Kamān Garān","Kamān Garān","Mojtaba Gheitasi, field notes 2016","41","","","","Shērwāni 100%","Mojtaba Gheitasi, field notes 2016",33.54903400880432,46.786050232763934,""
"","912291f437b8879158d946e3a64ac799","7-3dabe9ba4738b3a5afc189b01e9c48fb","1160385","ایلام","Ilām","شیروان و چرداول","Shirvān va Chardāvol","شیروان","Kārazān","","","لومار","Lowmār","اسلامیه","Eslāmieh","Isḷāmīya, Shāywan","Mojtaba Gheitasi, field notes 2016","107","","","","Shērwāni 100%","Mojtaba Gheitasi, field notes 2016","","",""
"","912291f437b8879158d946e3a64ab8c1","9-162b442056977adcc77aff9e797ba679","1160386","ایلام","Ilām","شیروان و چرداول","Shirvān va Chardāvol","شیروان","Kārazān","","","لومار","Lowmār","پانزده خرداد","Pānzdah-e Khordād","Pānza-y Khwırdād, Būr Būr","Mojtaba Gheitasi, field notes 2016","136","","","","Shērwāni 100%","Mojtaba Gheitasi, field notes 2016",33.56609181210372,46.76892596295264,""
"","912291f437b8879158d946e3a64aafa4","9-d025caa3c247f1e1855f451d9b7c7fc0","1160387","ایلام","Ilām","شیروان و چرداول","Shirvān va Chardāvol","شیروان","Kārazān","","","لومار","Lowmār","فاطمیه","Fātemieh","Fātımīya","Mojtaba Gheitasi, field notes 2016","","(3 or fewer households; population not specified in 2011 Census for reasons of privacy)","","","Shērwāni 100%","Mojtaba Gheitasi, field notes 2016",33.55788469711311,46.79173546841216,""
"","912291f437b8879158d946e3a64aa9f4","9-61f13fd82f13f4c6cf45a11f96e1f9c8","1160388","ایلام","Ilām","شیروان و چرداول","Shirvān va Chardāvol","شیروان","Kārazān","","","لومار","Lowmār","عباس آباد","Abbās Ābād","Abās Ābād","Mojtaba Gheitasi, field notes 2016","","(3 or fewer households; population not specified in 2011 Census for reasons of privacy)","","","Shērwāni 100%","Mojtaba Gheitasi, field notes 2016",33.55924366327769,46.778345881012164,""
"","912291f437b8879158d946e3a64a9a6d","9-7bf1c224dc945569f541af386133fa54","1160389","ایلام","Ilām","شیروان و چرداول","Shirvān va Chardāvol","شیروان","Kārazān","","","لومار","Lowmār","عمارت","Amārat","Amārat","Mojtaba Gheitasi, field notes 2016","136","","","","Shērwāni 100%","Mojtaba Gheitasi, field notes 2016",33.54601618188962,46.794032486791224,""
"","912291f437b8879158d946e3a64b4387","9-7c81bbe6d8696fbb93283d4cb0d95fc3","1160390","ایلام","Ilām","شیروان و چرداول","Shirvān va Chardāvol","شیروان","Kārazān","","","لومار","Lowmār","لرینی سفلی","Larini-ye Soflā","Laṛīnī-yı Sufḷā","Mojtaba Gheitasi, field notes 2016","301","","","","Shērwāni 100%","Mojtaba Gheitasi, field notes 2016",33.5778736482049,46.75673800519133,""
"","912291f437b8879158d946e3a64b411e","9-d07d865cf4efb4b2cc9787dbdbd2d8a6","1160391","ایلام","Ilām","شیروان و چرداول","Shirvān va Chardāvol","شیروان","Kārazān","","","لومار","Lowmār","لرینی علیا","Larini-ye Olyā","Laṛīnī-yı Ulyā","Mojtaba Gheitasi, field notes 2016","67","","","","Shērwāni 100%","Mojtaba Gheitasi, field notes 2016",33.58094846068824,46.74845534375415,""
"","912291f437b8879158d946e3a64b3b48","9-6dfe0be08a05be620b8318d90d9f1c11","1160392","ایلام","Ilām","شیروان و چرداول","Shirvān va Chardāvol","شیروان","Kārazān","","","لومار","Lowmār","اسلامیه (جدید)","Eslāmieh (new)","Isḷāmīya, Shāywan","Mojtaba Gheitasi, field notes 2016","250","","","","Shērwāni 100%","Mojtaba Gheitasi, field notes 2016",33.57457160852511,46.78613501598953,""
"","912291f437b8879158d946e3a64b31fe","9-25d45bea4501ffaa97a1984f4528af04","1160393","ایلام","Ilām","شیروان و چرداول","Shirvān va Chardāvol","شیروان","Kārazān","لومار","Lowmār","","","","","Lawmār","Mojtaba Gheitasi, field notes 2016","2658","","","","Shērwāni 100%","Mojtaba Gheitasi, field notes 2016",33.566902069329224,46.81323165573433,""
"","912291f437b8879158d946e3a64b22e1","7-fdec5bcab54e5325000c8c00ac3c509f","1160394","ایلام","Ilām","شیروان و چرداول","Shirvān va Chardāvol","مرکزی","Markazi","","","","","","","","","41469","","","","","","","",""
"","912291f437b8879158d946e3a64b17fc","7-79baca38a8adc9627de57776db3e72f2","1160395","ایلام","Ilām","شیروان و چرداول","Shirvān va Chardāvol","مرکزی","Markazi","","","آسمان آباد","Āsemān Ābād","","","","","6275","","","","","","","",""
"","912291f437b8879158d946e3a64b0943","9-30a6c1bbadd4cc5f8e398ddca7898c04","1160396","ایلام","Ilām","شیروان و چرداول","Shirvān va Chardāvol","مرکزی","Markazi","","","آسمان آباد","Āsemān Ābād","فاطمیه","Fātemieh","Fātımīya","Mojtaba Gheitasi, field notes 2016","554","","","","Khezeli of Āsemān Ābād 100%","Mojtaba Gheitasi, field notes 2016",33.92645820056082,46.35619729184399,""
"","912291f437b8879158d946e3a64afc2f","7-3adc1dd886f486b1b14d4ce0dd656cdb","1160397","ایلام","Ilām","شیروان و چرداول","Shirvān va Chardāvol","مرکزی","Markazi","","","آسمان آباد","Āsemān Ābād","پاسگاه نگهبانی قلاجه","Pāsgāh-e Negahbāni-ye Qallājeh","Pāsıgā-y Nıgahbānī-yı Qalāja","Mojtaba Gheitasi, field notes 2016","","(3 or fewer households; population not specified in 2011 Census for reasons of privacy)","","","mixed 100%","Mojtaba Gheitasi, field notes 2016","","",""
"","912291f437b8879158d946e3a64aefb4","9-3897873575ecbfe7e9c448d7fb36f3d9","1160398","ایلام","Ilām","شیروان و چرداول","Shirvān va Chardāvol","مرکزی","Markazi","","","آسمان آباد","Āsemān Ābād","وارگه","Vāregeh","Wāṛıga","Mojtaba Gheitasi, field notes 2016","1184","","","","Khezeli of Āsemān Ābād 100%","Mojtaba Gheitasi, field notes 2016",33.9375319436763,46.330705577369926,""
"","912291f437b8879158d946e3a64ae7b7","11-306b47e9ecf7bc92e7fdb9b048757d20","1160399","ایلام","Ilām","شیروان و چرداول","Shirvān va Chardāvol","مرکزی","Markazi","","","آسمان آباد","Āsemān Ābād","جانجان","Jān Jān","Jān Jān","Mojtaba Gheitasi, field notes 2016","966","","","","Khezeli of Āsemān Ābād 100%","Mojtaba Gheitasi, field notes 2016",33.92417918089098,46.35967343472734,""
"","912291f437b8879158d946e3a64b92b4","9-de673ceb0afcd478eeea6d104179ffeb","1160400","ایلام","Ilām","شیروان و چرداول","Shirvān va Chardāvol","مرکزی","Markazi","","","آسمان آباد","Āsemān Ābād","کل کل علیا","Kol Kol-e Olyā","Kwıḷ Kwıḷ-ı Ulyā","Mojtaba Gheitasi, field notes 2016","1603","","","","Khezeli of Āsemān Ābād 100%","Mojtaba Gheitasi, field notes 2016",33.89892783742121,46.401344233976815,""
"","912291f437b8879158d946e3a64b8f16","9-d24b6f6abb685c2a5043c3c7d79d4ba2","1160401","ایلام","Ilām","شیروان و چرداول","Shirvān va Chardāvol","مرکزی","Markazi","","","آسمان آباد","Āsemān Ābād","بابامرادی علیا","Bābā Morādi-ye Olyā","Bāwa Mırādī-yı Ulyā","Mojtaba Gheitasi, field notes 2016","113","","","","Khezeli of Āsemān Ābād 100%","Mojtaba Gheitasi, field notes 2016",33.88606779125279,46.41580670498281,""
"","912291f437b8879158d946e3a64b89bd","9-1194186912dc918860502010de556b07","1160402","ایلام","Ilām","شیروان و چرداول","Shirvān va Chardāvol","مرکزی","Markazi","","","آسمان آباد","Āsemān Ābād","پشته کل کل","Poshteh-ye Kol Kol","Pēshta-y Kwıḷ Kwıḷ","Mojtaba Gheitasi, field notes 2016","122","","","","Khezeli of Āsemān Ābād 100%","Mojtaba Gheitasi, field notes 2016",33.88198309798241,46.47757951297446,""
"","912291f437b8879158d946e3a64b7cd1","9-be7d5917f5073371f0fb2ab59c92c325","1160403","ایلام","Ilām","شیروان و چرداول","Shirvān va Chardāvol","مرکزی","Markazi","","","آسمان آباد","Āsemān Ābād","پشته وامرز","Poshteh-ye Vāmarz","Pēshta-y Wāmarz","Mojtaba Gheitasi, field notes 2016","113","","","","Khezeli of Āsemān Ābād 100%","Mojtaba Gheitasi, field notes 2016",33.86996616170632,46.49774450764254,""
"","912291f437b8879158d946e3a64b7b5c","9-f470d72ae4be34fe4c9ceac056dcfe18","1160404","ایلام","Ilām","شیروان و چرداول","Shirvān va Chardāvol","مرکزی","Markazi","","","آسمان آباد","Āsemān Ābād","صید نظری علیا","Seyd Nazari-ye Olyā","Say Nazarī-yı Ulyā","Mojtaba Gheitasi, field notes 2016","693","","","","Khezeli of Āsemān Ābād 100%","Mojtaba Gheitasi, field notes 2016",33.87199432821879,46.427565509302454,""
"","912291f437b8879158d946e3a64b77e5","9-6d750320512b8d7c24f4b3d440f2f57b","1160405","ایلام","Ilām","شیروان و چرداول","Shirvān va Chardāvol","مرکزی","Markazi","","","آسمان آباد","Āsemān Ābād","گدمه","Gadameh","Gayama","Mojtaba Gheitasi, field notes 2016","627","","","","Khezeli of Āsemān Ābād 100%","Mojtaba Gheitasi, field notes 2016",33.821052162785634,46.49923413416991,""
"","912291f437b8879158d946e3a64b6fe6","11-51d6afa299bc99f9554d1997a46a3948","1160406","ایلام","Ilām","شیروان و چرداول","Shirvān va Chardāvol","مرکزی","Markazi","","","آسمان آباد","Āsemān Ābād","میوله علیا","Meyveleh-ye Olyā","Maywıḷa-y Ulyā","Mojtaba Gheitasi, field notes 2016","139","","","","Khezeli of Āsemān Ābād 100%","Mojtaba Gheitasi, field notes 2016",33.8449571788255,46.53566021427147,""
"","912291f437b8879158d946e3a64b6272","9-5cf86202a64b6021b5fa4bad4a22ae2a","1160407","ایلام","Ilām","شیروان و چرداول","Shirvān va Chardāvol","مرکزی","Markazi","","","آسمان آباد","Āsemān Ābād","طهماسب علیا","Tahmāseb-e Olyā","Taymās-ı Ulyā","Mojtaba Gheitasi, field notes 2016","155","","","","Khezeli of Āsemān Ābād 100%","Mojtaba Gheitasi, field notes 2016",33.87548618870223,46.428981715661976,""
"","912291f437b8879158d946e3a64b59a3","7-51265a842458f322761dd88dcff72cb7","1160408","ایلام","Ilām","شیروان و چرداول","Shirvān va Chardāvol","مرکزی","Markazi","","","شباب","Shabāb","","","","","11011","","","","","","","",""
"","912291f437b8879158d946e3a64b4de4","9-c4be9accd8fa1a08b5814ef91b069080","1160409","ایلام","Ilām","شیروان و چرداول","Shirvān va Chardāvol","مرکزی","Markazi","","","شباب","Shabāb","زنجیره علیا","Zanjireh-ye Olyā","Zanjīra-y Ulyā","Mojtaba Gheitasi, field notes 2016","2709","","","","Khezeli of Āsemān Ābād 100%","Mojtaba Gheitasi, field notes 2016",33.80846853487596,46.567803807101456,""
"","912291f437b8879158d946e3a64bdcfe","9-5af5b186f579c32442c91f9b7916c558","1160410","ایلام","Ilām","شیروان و چرداول","Shirvān va Chardāvol","مرکزی","Markazi","","","شباب","Shabāb","باغله علیا","Bāgheleh-ye Olyā","Bākhıḷa-y Ulyā","Mojtaba Gheitasi, field notes 2016","181","","","","Chardāweli 100%","Mojtaba Gheitasi, field notes 2016",33.76998441192353,46.61355156405317,""
"","912291f437b8879158d946e3a64bd61b","9-5ef9de78479e797b3a3f131e207c9f84","1160411","ایلام","Ilām","شیروان و چرداول","Shirvān va Chardāvol","مرکزی","Markazi","","","شباب","Shabāb","جوب سرخ علیا","Jub Sorkh-e Olyā","Jū Sūr-ı Ulyā","Mojtaba Gheitasi, field notes 2016","275","","","","Chardāweli 100%","Mojtaba Gheitasi, field notes 2016",33.72555816764373,46.63636106951359,""
"","912291f437b8879158d946e3a64bcaa5","9-2986956532c410b1392582dbdb5be526","1160412","ایلام","Ilām","شیروان و چرداول","Shirvān va Chardāvol","مرکزی","Markazi","","","شباب","Shabāb","چیتلان","Chitalān","Chītaḷān","Mojtaba Gheitasi, field notes 2016","127","","","","Chardāweli 100%","Mojtaba Gheitasi, field notes 2016",33.75076262705401,46.615815348463286,""
"","912291f437b8879158d946e3a64bbd6d","9-cf3ac6b8d5680f1e7ad0b5951a5567c4","1160413","ایلام","Ilām","شیروان و چرداول","Shirvān va Chardāvol","مرکزی","Markazi","","","شباب","Shabāb","جوب شیر علی","Jub-e Shir Ali","Jū-wı Shērālī","Mojtaba Gheitasi, field notes 2016","52","","","","Chardāweli 100%","Mojtaba Gheitasi, field notes 2016",33.73829961282852,46.629923767878516,""
"","912291f437b8879158d946e3a64bb5ad","9-e27978c74e5885e230474b44919e630d","1160414","ایلام","Ilām","شیروان و چرداول","Shirvān va Chardāvol","مرکزی","Markazi","","","شباب","Shabāb","زنجیره سفلی","Zanjireh-ye Soflā","Zanjīra-y Sufḷā","Mojtaba Gheitasi, field notes 2016","722","","","","Khezeli of Āsemān Ābād 100%","Mojtaba Gheitasi, field notes 2016",33.790316456040934,46.586600727875066,""
"","912291f437b8879158d946e3a64bae5b","9-c8696a1e61582691eb996b0e9fa411ad","1160415","ایلام","Ilām","شیروان و چرداول","Shirvān va Chardāvol","مرکزی","Markazi","","","شباب","Shabāb","گلمه","Golameh","Gwıḷama","Mojtaba Gheitasi, field notes 2016","246","","","","Chardāweli 100%","Mojtaba Gheitasi, field notes 2016",33.78428868668083,46.59496922000041,""
"","912291f437b8879158d946e3a64bae01","11-0c72557026a25821caf3554a331ab1c4","1160416","ایلام","Ilām","شیروان و چرداول","Shirvān va Chardāvol","مرکزی","Markazi","","","شباب","Shabāb","موشکان","Mushakān","Müshakān","Mojtaba Gheitasi, field notes 2016","134","","","","Chardāweli 100%","Mojtaba Gheitasi, field notes 2016",33.749799194485284,46.6153647373489,""
"","912291f437b8879158d946e3a64ba8c5","9-398d7306c6cd9741922ae472a1972ac0","1160417","ایلام","Ilām","شیروان و چرداول","Shirvān va Chardāvol","مرکزی","Markazi","","","شباب","Shabāb","هنرستان شبانه روزی","Honarestān-e Shabāneh Ruzi","Hunarıstān-ı Shabāna Rūzī","Mojtaba Gheitasi, field notes 2016","","(3 or fewer households; population not specified in 2011 Census for reasons of privacy)","","","Chardāweli 100%","Mojtaba Gheitasi, field notes 2016",33.75579817020001,46.59177202685692,""
"","912291f437b8879158d946e3a64b9f6b","9-bfa403d96e440ef6ab6d0b513de69df7","1160418","ایلام","Ilām","شیروان و چرداول","Shirvān va Chardāvol","مرکزی","Markazi","","","شباب","Shabāb","شباب","Shabāb","Shawāw","Mojtaba Gheitasi, field notes 2016","3801","","","","Chardāweli 100%","Mojtaba Gheitasi, field notes 2016",33.74904092975777,46.63784164888855,""
"","912291f437b8879158d946e3a64b9633","9-2ee3baef922c952ce192a25a60d48b30","1160419","ایلام","Ilām","شیروان و چرداول","Shirvān va Chardāvol","مرکزی","Markazi","","","شباب","Shabāb","تنگ قیر","Tang-e Qir","Tang-ı Qīl","Mojtaba Gheitasi, field notes 2016","","(3 or fewer households; population not specified in 2011 Census for reasons of privacy)","","","Chardāweli 100%","Mojtaba Gheitasi, field notes 2016",33.7703991268233,46.67531747324125,""
"","912291f437b8879158d946e3a64c3ebd","9-66e37d027fe86531c6611cbb4ffbc134","1160420","ایلام","Ilām","شیروان و چرداول","Shirvān va Chardāvol","مرکزی","Markazi","","","شباب","Shabāb","دارتوت","Dār Tut","Dār Tü","Mojtaba Gheitasi, field notes 2016","121","","","","Chardāweli 100%","Mojtaba Gheitasi, field notes 2016",33.735765750642464,46.66732449037671,""
"","912291f437b8879158d946e3a64c3868","9-fb935ac12a4d14480232326947da62da","1160421","ایلام","Ilām","شیروان و چرداول","Shirvān va Chardāvol","مرکزی","Markazi","","","شباب","Shabāb","دراشکفت","Dar Eshkaft","Dar Ishkaft","Mojtaba Gheitasi, field notes 2016","390","","","","Chardāweli 100%","Mojtaba Gheitasi, field notes 2016",33.70546067197946,46.65035147173338,""
"","912291f437b8879158d946e3a64c3156","9-9af6994971564a275a17016b29cbfa31","1160422","ایلام","Ilām","شیروان و چرداول","Shirvān va Chardāvol","مرکزی","Markazi","","","شباب","Shabāb","سنگ سفید","Sang Sefid","Sang Sıfēd","Mojtaba Gheitasi, field notes 2016","444","","","","Chardāweli 100%","Mojtaba Gheitasi, field notes 2016",33.73294629489808,46.673289723224684,""
"","912291f437b8879158d946e3a64c21fe","9-fee0bc4b64f474a253ce102031e07ee3","1160423","ایلام","Ilām","شیروان و چرداول","Shirvān va Chardāvol","مرکزی","Markazi","","","شباب","Shabāb","لتاب","Latāb","Latāw","Mojtaba Gheitasi, field notes 2016","400","","","","Chardāweli 100%","Mojtaba Gheitasi, field notes 2016",33.733196123831846,46.66509289247656,""
"","912291f437b8879158d946e3a64c159a","9-1a73961bc013e33751cba092fa9e2428","1160424","ایلام","Ilām","شیروان و چرداول","Shirvān va Chardāvol","مرکزی","Markazi","","","شباب","Shabāb","برده بل","Bardeh Bal","Bardı Wayl","Mojtaba Gheitasi, field notes 2016","247","","","","Chardāweli 100%","Mojtaba Gheitasi, field notes 2016",33.69282147213849,46.69073481065601,""
"","912291f437b8879158d946e3a64c0994","9-3166dcdc464109d46ab80d4149471354","1160425","ایلام","Ilām","شیروان و چرداول","Shirvān va Chardāvol","مرکزی","Markazi","","","شباب","Shabāb","چم کبود","Cham Kabud","Cham-ı Kaw","Mojtaba Gheitasi, field notes 2016","53","","","","Chardāweli 100%","Mojtaba Gheitasi, field notes 2016",33.70471094081965,46.656102127860514,""
"","912291f437b8879158d946e3a64bfbc2","9-6ee0cf8e699e55fd8211820d991c340c","1160426","ایلام","Ilām","شیروان و چرداول","Shirvān va Chardāvol","مرکزی","Markazi","","","شباب","Shabāb","چم قوله","Cham Quleh","Cham Qüla","Mojtaba Gheitasi, field notes 2016","318","","","","Chardāweli 100%","Mojtaba Gheitasi, field notes 2016",33.69792736145941,46.665929741689894,""
"","912291f437b8879158d946e3a64bf464","9-e640ea18ad0efbd87f4680aac9728500","1160427","ایلام","Ilām","شیروان و چرداول","Shirvān va Chardāvol","مرکزی","Markazi","","","شباب","Shabāb","قریب","Qarib","Qarīb","Mojtaba Gheitasi, field notes 2016","97","","","","Chardāweli 100%","Mojtaba Gheitasi, field notes 2016",33.69985538060514,46.66923422319515,""
"","912291f437b8879158d946e3a64beb60","9-d3d224f63c700301a212c0979232d032","1160428","ایلام","Ilām","شیروان و چرداول","Shirvān va Chardāvol","مرکزی","Markazi","","","شباب","Shabāb","هلسم","Helasom","Hıḷasım, Hıḷasum","Mojtaba Gheitasi, field notes 2016","630","","","","Chardāweli 100%","Mojtaba Gheitasi, field notes 2016",33.69203592377574,46.697386689011935,""
"","912291f437b8879158d946e3a64bdf01","9-7da051ac06806faa929e6cf4c7124b7d","1160429","ایلام","Ilām","شیروان و چرداول","Shirvān va Chardāvol","مرکزی","Markazi","","","شباب","Shabāb","رومیان","Rumiān","Rūmīyān","Mojtaba Gheitasi, field notes 2016","26","","","","Chardāweli 100%","Mojtaba Gheitasi, field notes 2016",33.69810588356804,46.71682733994897,""
"","912291f437b8879158d946e3a64c8f01","7-115d4b9c0042cbbe9cfd26f7c5c734f1","1160430","ایلام","Ilām","شیروان و چرداول","Shirvān va Chardāvol","مرکزی","Markazi","","","بیجنوند","Bijanvand","","","","","7327","","","","","","","",""
"","912291f437b8879158d946e3a64c8d13","9-07e9dc44dc3889e04f6c5ccb88fd5d13","1160431","ایلام","Ilām","شیروان و چرداول","Shirvān va Chardāvol","مرکزی","Markazi","","","بیجنوند","Bijanvand","شله کش","Shaleh Kosh","Shala Kwısh","Mojtaba Gheitasi, field notes 2016","958","","","","Laki 100%","Mojtaba Gheitasi, field notes 2016",33.75243729487291,46.781390692407584,""
"","912291f437b8879158d946e3a64c8be8","9-e1b28990280d8a36929d852db02f4fb4","1160432","ایلام","Ilām","شیروان و چرداول","Shirvān va Chardāvol","مرکزی","Markazi","","","بیجنوند","Bijanvand","سعدآباد","Sa'd Ābād","Sa'd Ābād","Mojtaba Gheitasi, field notes 2016","123","","","","Chardāweli 100%","Mojtaba Gheitasi, field notes 2016",33.676222841874406,46.730750586217475,""
"","912291f437b8879158d946e3a64c8b4f","9-c705fd6814f8b814fd00531d5a9b1e4a","1160433","ایلام","Ilām","شیروان و چرداول","Shirvān va Chardāvol","مرکزی","Markazi","","","بیجنوند","Bijanvand","طاق گاورین","Tāq-e Gāverin","Tāq-ı Gāwıṛīn","Mojtaba Gheitasi, field notes 2016","581","","","","Chardāweli 100%","Mojtaba Gheitasi, field notes 2016",33.686043486861614,46.728690649694535,""
"","912291f437b8879158d946e3a64c7cd7","9-c576cb8936855ff97ddb075286e1988a","1160434","ایلام","Ilām","شیروان و چرداول","Shirvān va Chardāvol","مرکزی","Markazi","","","بیجنوند","Bijanvand","قاسم آباد","Qāsem Ābād","Qāsım Ābād","Mojtaba Gheitasi, field notes 2016","50","","","","Chardāweli 100%","Mojtaba Gheitasi, field notes 2016",33.681758252458614,46.72143795651883,""
"","912291f437b8879158d946e3a64c6fab","11-54a2688f4e31a308c67681a08279d20d","1160435","ایلام","Ilām","شیروان و چرداول","Shirvān va Chardāvol","مرکزی","Markazi","","","بیجنوند","Bijanvand","کورگ","Kurag","Kūrıg","Mojtaba Gheitasi, field notes 2016","249","","","","Laki 100%","Mojtaba Gheitasi, field notes 2016",33.73097201200702,46.829648996997534,""
"","912291f437b8879158d946e3a64c605e","9-e787bfa44b1228460937bf45622b3634","1160436","ایلام","Ilām","شیروان و چرداول","Shirvān va Chardāvol","مرکزی","Markazi","","","بیجنوند","Bijanvand","بلاوه تره سفلی","Balāveh Tareh-ye Soflā","Balāwa Tara-y Sufḷā","Mojtaba Gheitasi, field notes 2016","288","","","","Chardāweli 100%","Mojtaba Gheitasi, field notes 2016",33.66681182605517,46.80370667141088,""
"","912291f437b8879158d946e3a64c5eaf","9-d5d95e4968ac1bb7a419337b0b49174f","1160437","ایلام","Ilām","شیروان و چرداول","Shirvān va Chardāvol","مرکزی","Markazi","","","بیجنوند","Bijanvand","بلاوه تره علیا","Balāveh Tareh-ye Olyā","Balāwa Tara-y Ulyā","Mojtaba Gheitasi, field notes 2016","110","","","","Chardāweli 100%","Mojtaba Gheitasi, field notes 2016",33.6755621400319,46.796926047022275,""
"","912291f437b8879158d946e3a64c50e4","9-4a143c5eda366ee926402e93b62119bd","1160438","ایلام","Ilām","شیروان و چرداول","Shirvān va Chardāvol","مرکزی","Markazi","","","بیجنوند","Bijanvand","پهنه بر","Pahneh Bor","Pıyana Wır","Mojtaba Gheitasi, field notes 2016","48","","","","Chardāweli 100%","Mojtaba Gheitasi, field notes 2016",33.65021950132742,46.77415945690818,""
"","912291f437b8879158d946e3a64c4d66","9-cd3a417fb18ef8f10ea80f333ceb2490","1160439","ایلام","Ilām","شیروان و چرداول","Shirvān va Chardāvol","مرکزی","Markazi","","","بیجنوند","Bijanvand","جوب بور","Jub Bur","Jū Būr","Mojtaba Gheitasi, field notes 2016","68","","","","Chardāweli 100%","Mojtaba Gheitasi, field notes 2016",33.64873693126513,46.786583449063045,""
"","912291f437b8879158d946e3a64cf20a","9-af8f64ac9b710a9ebab15e99b7b9a383","1160440","ایلام","Ilām","شیروان و چرداول","Shirvān va Chardāvol","مرکزی","Markazi","","","بیجنوند","Bijanvand","چقاسبز","Choqā Sabz","Chıgā Sawz","Mojtaba Gheitasi, field notes 2016","153","","","","Chardāweli 100%","Mojtaba Gheitasi, field notes 2016",33.66788334090405,46.763366247833666,""
"","912291f437b8879158d946e3a64ceae2","9-df838279d5c849f8f81e0c8962a02b80","1160441","ایلام","Ilām","شیروان و چرداول","Shirvān va Chardāvol","مرکزی","Markazi","","","بیجنوند","Bijanvand","شورابه مراتع","Shurābeh Marāte'","Shūrāwa-y Marāta'","Mojtaba Gheitasi, field notes 2016","259","","","","Chardāweli 100%","Mojtaba Gheitasi, field notes 2016",33.682829581085585,46.76815130871568,""
"","912291f437b8879158d946e3a64ce411","9-cef8a743d1479a1f70093eda9a4e5fd7","1160442","ایلام","Ilām","شیروان و چرداول","Shirvān va Chardāvol","مرکزی","Markazi","","","بیجنوند","Bijanvand","علیمرادخانی سفلی","Ali Morād Khāni-ye Soflā","Alīmırād Khānī-yı Sufḷā","Mojtaba Gheitasi, field notes 2016","72","","","","Chardāweli 100%","Mojtaba Gheitasi, field notes 2016",33.65468491950645,46.76304438275196,""
"","912291f437b8879158d946e3a64cd5aa","9-a16356d352d528cd35faee18547ce35f","1160443","ایلام","Ilām","شیروان و چرداول","Shirvān va Chardāvol","مرکزی","Markazi","","","بیجنوند","Bijanvand","علیمرادخانی علیا","Ali Morād Khāni-ye Olyā","Alīmırād Khānī-yı Ulyā","Mojtaba Gheitasi, field notes 2016","151","","","","Chardāweli 100%","Mojtaba Gheitasi, field notes 2016",33.66681182605517,46.74113609952123,""
"","912291f437b8879158d946e3a64ccbd8","9-901847dfb9d81fb8ec875230d6c900c1","1160444","ایلام","Ilām","شیروان و چرداول","Shirvān va Chardāvol","مرکزی","Markazi","","","بیجنوند","Bijanvand","کله قطارسفلی","Kalleh Qatār-e Soflā","Kala Qatār-ı Sufḷā","Mojtaba Gheitasi, field notes 2016","111","","","","Chardāweli 100%","Mojtaba Gheitasi, field notes 2016",33.666222487198816,46.74723007840278,""
"","912291f437b8879158d946e3a64cc140","9-caea0b616e4c7874aa437fd222e0cbe1","1160445","ایلام","Ilām","شیروان و چرداول","Shirvān va Chardāvol","مرکزی","Markazi","","","بیجنوند","Bijanvand","کله قطارعلیا","Kalleh Qatār-e Olyā","Kala Qatār-ı Ulyā","Mojtaba Gheitasi, field notes 2016","54","","","","Chardāweli 100%","Mojtaba Gheitasi, field notes 2016",33.67520500178677,46.742552305881645,""
"","912291f437b8879158d946e3a64cb25c","9-57024cd6c21174a9bf62e774418ecb1c","1160446","ایلام","Ilām","شیروان و چرداول","Shirvān va Chardāvol","مرکزی","Markazi","","","بیجنوند","Bijanvand","هرقوروش","Harqorush","Haṛqwırūsh","Mojtaba Gheitasi, field notes 2016","14","","","","Chardāweli 100%","Mojtaba Gheitasi, field notes 2016",33.650862535824785,46.8186626688767,""
"","912291f437b8879158d946e3a64ca86b","9-c86a1d2e5542b5394f3c671f9d7d2689","1160447","ایلام","Ilām","شیروان و چرداول","Shirvān va Chardāvol","مرکزی","Markazi","","","بیجنوند","Bijanvand","دره چپی","Darreh Chapi","Dara Chapī","Mojtaba Gheitasi, field notes 2016","143","","","","Laki 100%","Mojtaba Gheitasi, field notes 2016",33.62880013600731,46.87827208201462,""
"","912291f437b8879158d946e3a64c9cf4","9-2aa6e6c6b60ddf4c0472b28cf033a027","1160448","ایلام","Ilām","شیروان و چرداول","Shirvān va Chardāvol","مرکزی","Markazi","","","بیجنوند","Bijanvand","سرچقا","Sar Cheqā","Sar Chıyā","Mojtaba Gheitasi, field notes 2016","66","","","","Laki 100%","Mojtaba Gheitasi, field notes 2016",33.636589612584714,46.84788801829768,""
"","912291f437b8879158d946e3a64c93df","9-25f1c12b5f2e65f4c2ff093a2f700c00","1160449","ایلام","Ilām","شیروان و چرداول","Shirvān va Chardāvol","مرکزی","Markazi","","","بیجنوند","Bijanvand","نسارچالاب زرد","Nesār-e Chālāb Zard","Nısār-ı Chāḷāw Zard","Mojtaba Gheitasi, field notes 2016","136","","","","Laki 100%","Mojtaba Gheitasi, field notes 2016",33.631730205265086,46.852994944261404,""
"","912291f437b8879158d946e3a64d3a74","9-47d287d346b1086ac1a00a636e7105cd","1160450","ایلام","Ilām","شیروان و چرداول","Shirvān va Chardāvol","مرکزی","Markazi","","","بیجنوند","Bijanvand","هلت","Helat","Hıḷat","Mojtaba Gheitasi, field notes 2016","128","","","","Laki 100%","Mojtaba Gheitasi, field notes 2016",33.64132369793312,46.84685805003621,""
"","912291f437b8879158d946e3a64d2b3f","9-f0c68bdaffafaecc9e285153ea122dd7","1160451","ایلام","Ilām","شیروان و چرداول","Shirvān va Chardāvol","مرکزی","Markazi","","","بیجنوند","Bijanvand","جوب سرخ سفلی","Jub Sorkh-e Soflā","Jūb Surkh-ı Sufḷā, Jū Surkh-ı Sufḷā","Mojtaba Gheitasi, field notes 2016","105","","","","Laki 100%","Mojtaba Gheitasi, field notes 2016",33.64091282536727,46.79902889889063,""
"","912291f437b8879158d946e3a64d1f73","9-1cf31c73ef07e69ff0f632ce2c9d84fc","1160452","ایلام","Ilām","شیروان و چرداول","Shirvān va Chardāvol","مرکزی","Markazi","","","بیجنوند","Bijanvand","جوب شله","Jub Shalleh","Jū Shala","Mojtaba Gheitasi, field notes 2016","111","","","","Laki 100%","Mojtaba Gheitasi, field notes 2016",33.61859771486365,46.82316878002152,""
"","912291f437b8879158d946e3a64d18e7","9-d3c3e335a5adb51371097c9958b03939","1160453","ایلام","Ilām","شیروان و چرداول","Shirvān va Chardāvol","مرکزی","Markazi","","","بیجنوند","Bijanvand","چم پوش","Cham Push","Cham Püsh","Mojtaba Gheitasi, field notes 2016","30","","","","Laki 100%","Mojtaba Gheitasi, field notes 2016",33.62433337525278,46.812075163537116,""
"","912291f437b8879158d946e3a64d11cc","9-6069ccbbfcdc71791a3d387fb94011c6","1160454","ایلام","Ilām","شیروان و چرداول","Shirvān va Chardāvol","مرکزی","Markazi","","","بیجنوند","Bijanvand","چم چرود","Cham Charud","Cham Chaṛū","Mojtaba Gheitasi, field notes 2016","177","","","","Laki 100%","Mojtaba Gheitasi, field notes 2016",33.60683931113383,46.84381106059723,""
"","912291f437b8879158d946e3a64d0d2a","9-c76333a1151987e34b9009649845fe12","1160455","ایلام","Ilām","شیروان و چرداول","Shirvān va Chardāvol","مرکزی","Markazi","","","بیجنوند","Bijanvand","نورآباد","Nur Ābād","Nūr Ābād","Mojtaba Gheitasi, field notes 2016","117","","","","Laki 100%","Mojtaba Gheitasi, field notes 2016",33.63076543736871,46.79834225338269,""
"","912291f437b8879158d946e3a64d076b","9-dae371c3e6fb2e1cb626cdab9192776b","1160456","ایلام","Ilām","شیروان و چرداول","Shirvān va Chardāvol","مرکزی","Markazi","","","بیجنوند","Bijanvand","کلنگ بر","Kolang Bor","Kulangbıṛ","Mojtaba Gheitasi, field notes 2016","254","","","","Laki 100%","Mojtaba Gheitasi, field notes 2016",33.618133127526,46.814113642388236,""
"","912291f437b8879158d946e3a64d0114","11-b335e934773e671684c500361d3637ae","1160457","ایلام","Ilām","شیروان و چرداول","Shirvān va Chardāvol","مرکزی","Markazi","","","بیجنوند","Bijanvand","برآفتاب بی","Bar Aftāb-e Bey","Khwaratāw-ı Bē","Mojtaba Gheitasi, field notes 2016","565","","","","Laki 100%","Mojtaba Gheitasi, field notes 2016",33.662954262081094,46.889408613840864,""
"","912291f437b8879158d946e3a64cfb65","7-50a68018bb74d9aaf30a34e210c44ea1","1160458","ایلام","Ilām","شیروان و چرداول","Shirvān va Chardāvol","مرکزی","Markazi","","","بیجنوند","Bijanvand","برآفتاب چالاب زرد","Bar Aftāb-e Chāl Āb Zard","Khwaratāw-ı Chāḷāwzard","Mojtaba Gheitasi, field notes 2016","61","","","","Laki 100%","Mojtaba Gheitasi, field notes 2016","","",""
"","912291f437b8879158d946e3a64cf839","9-d65483e69942c63f4b4d64ab464f6616","1160459","ایلام","Ilām","شیروان و چرداول","Shirvān va Chardāvol","مرکزی","Markazi","","","بیجنوند","Bijanvand","چقابلک","Cheqā Balek","Chıyā Balıg","Mojtaba Gheitasi, field notes 2016","130","","","","Laki 100%","Mojtaba Gheitasi, field notes 2016",33.65366682455175,46.87537529627745,""
"","912291f437b8879158d946e3a64d75a3","9-59c2dab19cc6c58b5de42ed16a600f7a","1160460","ایلام","Ilām","شیروان و چرداول","Shirvān va Chardāvol","مرکزی","Markazi","","","بیجنوند","Bijanvand","میان قلعه","Miān Qal'eh","Mīyān Qaḷa","Mojtaba Gheitasi, field notes 2016","473","","","","Laki 100%","Mojtaba Gheitasi, field notes 2016",33.673758576726954,46.930650259647756,""
"","912291f437b8879158d946e3a64d6d27","9-7c396d5f2f6c92a6f31f04c44ec6447c","1160461","ایلام","Ilām","شیروان و چرداول","Shirvān va Chardāvol","مرکزی","Markazi","","","بیجنوند","Bijanvand","بلاوه خشکه","Balāveh Khoshkeh","Balāwa Hıshka","Mojtaba Gheitasi, field notes 2016","269","","","","Chardāweli 100%","Mojtaba Gheitasi, field notes 2016",33.66459731973729,46.82962753932752,""
"","912291f437b8879158d946e3a64d6c41","9-29655921e3cdc18afc9f0d747a6ca853","1160462","ایلام","Ilām","شیروان و چرداول","Shirvān va Chardāvol","مرکزی","Markazi","","","بیجنوند","Bijanvand","پلکانه سفلی","Palkāneh-ye Soflā","Paḷkāna-y Sufḷā","Mojtaba Gheitasi, field notes 2016","127","","","","Laki 100%","Mojtaba Gheitasi, field notes 2016",33.694166990677026,46.887970949808626,""
"","912291f437b8879158d946e3a64d674d","9-ebd0d39cc6db727bdd874bba6403cf7b","1160463","ایلام","Ilām","شیروان و چرداول","Shirvān va Chardāvol","مرکزی","Markazi","","","بیجنوند","Bijanvand","برآفتاب چالاب زرد (جدید)","Bar Aftāb-e Chālāb Zard (new)","Khwaratāw-ı Chāḷāwzard (jadīd)","Mojtaba Gheitasi, field notes 2016","","(3 or fewer households; population not specified in 2011 Census for reasons of privacy)","","","Laki 100%","Mojtaba Gheitasi, field notes 2016",33.66795477475248,46.86327316920339,""
"","912291f437b8879158d946e3a64d64b9","9-f9460c42c0047424c2cc4457ab31f965","1160464","ایلام","Ilām","شیروان و چرداول","Shirvān va Chardāvol","مرکزی","Markazi","","","بیجنوند","Bijanvand","تخت بسطام سفلی","Takht-e Bastām-e Soflā","Takht-ı Basām-ı Sufḷā","Mojtaba Gheitasi, field notes 2016","30","","","","Laki 100%","Mojtaba Gheitasi, field notes 2016",33.63353464954366,46.90305569330892,""
"","912291f437b8879158d946e3a64d5a35","9-d7b7cbad8f980fa21c1d1128bfd5f267","1160465","ایلام","Ilām","شیروان و چرداول","Shirvān va Chardāvol","مرکزی","Markazi","","","بیجنوند","Bijanvand","تخت بسطام علیا","Takht-e Bastām-e Olyā","Takht-ı Basām-ı Ulyā","Mojtaba Gheitasi, field notes 2016","25","","","","Laki 100%","Mojtaba Gheitasi, field notes 2016",33.633516783944266,46.89882853190127,""
"","912291f437b8879158d946e3a64d55f0","11-8e3a42e29a28495d521d2323f933e62c","1160466","ایلام","Ilām","شیروان و چرداول","Shirvān va Chardāvol","مرکزی","Markazi","","","بیجنوند","Bijanvand","دول زرد","Dul Zard","Dūḷ-ı Zard","Mojtaba Gheitasi, field notes 2016","43","","","","Laki 100%","Mojtaba Gheitasi, field notes 2016",33.63851900709085,46.93238833108988,""
"","912291f437b8879158d946e3a64d4ab8","11-2abd619fbbf6c45c2a707b28885019e3","1160467","ایلام","Ilām","شیروان و چرداول","Shirvān va Chardāvol","مرکزی","Markazi","","","بیجنوند","Bijanvand","دول کلان","Dul Kalān","Dūḷ-ı Kalān","Mojtaba Gheitasi, field notes 2016","97","","","","Laki 100%","Mojtaba Gheitasi, field notes 2016",33.644557017951115,46.92736723581522,""
"","912291f437b8879158d946e3a64d4051","11-a79d742589189d7a8085b149cd6e5fc1","1160468","ایلام","Ilām","شیروان و چرداول","Shirvān va Chardāvol","مرکزی","Markazi","","","بیجنوند","Bijanvand","زیرتنگ","Zir-e Tang","Zēr-ı Tang","Mojtaba Gheitasi, field notes 2016","487","","","","Laki 100%","Mojtaba Gheitasi, field notes 2016",33.64705784517752,46.922260309851495,""
"","912291f437b8879158d946e3a64d3e85","9-5cb82d74f4dddf1de19173fc82643a82","1160469","ایلام","Ilām","شیروان و چرداول","Shirvān va Chardāvol","مرکزی","Markazi","","","بیجنوند","Bijanvand","کمول","Kamul","Kamūḷ","Mojtaba Gheitasi, field notes 2016","229","","","","Laki 100%","Mojtaba Gheitasi, field notes 2016",33.60705376446761,46.982105757383884,""
"","912291f437b8879158d946e3a64dcf9e","9-fd25b98f1b376f576badf9d8a530b385","1160470","ایلام","Ilām","شیروان و چرداول","Shirvān va Chardāvol","مرکزی","Markazi","","","بیجنوند","Bijanvand","کمول محمد زمان","Kamul-e Mohammad Zamān","Kamūḷ-ı Mıhamad Zamān","Mojtaba Gheitasi, field notes 2016","","(3 or fewer households; population not specified in 2011 Census for reasons of privacy)","","","Laki 100%","Mojtaba Gheitasi, field notes 2016",33.62163533957485,46.969724680573535,""
"","912291f437b8879158d946e3a64dcd36","9-2e3b12af1ac1a03409d3a665653e34a7","1160471","ایلام","Ilām","شیروان و چرداول","Shirvān va Chardāvol","مرکزی","Markazi","","","بیجنوند","Bijanvand","نیدوله علیا","Neyduleh-ye Olyā","Naydūla-y Ulyā","Mojtaba Gheitasi, field notes 2016","135","","","","Laki 100%","Mojtaba Gheitasi, field notes 2016",33.635071077250615,46.92771055856965,""
"","912291f437b8879158d946e3a64dc40e","9-a4ae093c7a5b67192b86dfd26d3a7abb","1160472","ایلام","Ilām","شیروان و چرداول","Shirvān va Chardāvol","مرکزی","Markazi","","","بیجنوند","Bijanvand","نیدوله سفلی","Neyduleh-ye Soflā","Naydūla-y Sufḷā","Mojtaba Gheitasi, field notes 2016","58","","","","Laki 100%","Mojtaba Gheitasi, field notes 2016",33.62740653150947,46.94921114602961,""
"","912291f437b8879158d946e3a64db6db","7-db023be73324bbbf69bdb3e2de9cdec9","1160473","ایلام","Ilām","شیروان و چرداول","Shirvān va Chardāvol","مرکزی","Markazi","","","بیجنوند","Bijanvand","پاسگاه انتظامی مله مازگ","Pāsgāh-e Entezami-e Melleh Māzeg","Pāsıgā-y Intızamī-yı Mıla Māzıg","Mojtaba Gheitasi, field notes 2016","","(3 or fewer households; population not specified in 2011 Census for reasons of privacy)","","","mixed 100%","Mojtaba Gheitasi, field notes 2016","","",""
"","912291f437b8879158d946e3a64dac2c","9-4e70522281fcb2415cc8281458447c0b","1160474","ایلام","Ilām","شیروان و چرداول","Shirvān va Chardāvol","مرکزی","Markazi","","","بیجنوند","Bijanvand","بانبور فرخینوند","Bānbur-e Farkhinvand","Bānbūr-ı Farkhīnawan","Mojtaba Gheitasi, field notes 2016","","(3 or fewer households; population not specified in 2011 Census for reasons of privacy)","","","Laki 100%","Mojtaba Gheitasi, field notes 2016",33.64824571266135,46.948857094438836,""
"","912291f437b8879158d946e3a64da5f6","11-f93978b439c03a058bfd12eaa103f3c7","1160475","ایلام","Ilām","شیروان و چرداول","Shirvān va Chardāvol","مرکزی","Markazi","سرابله","Sarābleh","","","","","Sırāwla, Sērāwıla","Mojtaba Gheitasi, field notes 2016","10967","","","","Chardāweli 55%; Laki 30%; Khezeli of Āsemān Ābād 10%; mixed 5%","Mojtaba Gheitasi, field notes 2016",33.76699,46.56557,""
"","912291f437b8879158d946e3a64da1bd","9-0246fd2b067ee3ca317040832f0cad8c","1160476","ایلام","Ilām","شیروان و چرداول","Shirvān va Chardāvol","مرکزی","Markazi","آسمان آباد","Āsemān Ābād","","","","","Āsımān Ābād","Mojtaba Gheitasi, field notes 2016","5889","","","","Khezeli of Āsemān Ābād 100%","Mojtaba Gheitasi, field notes 2016",33.860911257880204,46.45278464684247,""
"","912291f437b8879158d946e3a64d9a6e","7-6909fd48f9897ad92a246c04db5683e3","1160477","ایلام","Ilām","شیروان و چرداول","Shirvān va Chardāvol","هلیلان","Holeylān","","","","","","","","","14793","","","","","","","",""
"","912291f437b8879158d946e3a64d934e","7-14924e72380a3f8648fa8cc623b6f8dd","1160478","ایلام","Ilām","شیروان و چرداول","Shirvān va Chardāvol","هلیلان","Holeylān","","","زردلان","Zardelān","","","","","2527","","","","","","","",""
"","912291f437b8879158d946e3a64d8406","9-c94ebfce2ad9e3bdf42e5a1457b003ed","1160479","ایلام","Ilām","شیروان و چرداول","Shirvān va Chardāvol","هلیلان","Holeylān","","","زردلان","Zardelān","بان قلا","Bān Qalā","Bān Kıḷā","Mojtaba Gheitasi, field notes 2016","54","","","","Laki 100%","Mojtaba Gheitasi, field notes 2016",33.83249656753744,47.472231175026344,""
"","912291f437b8879158d946e3a64e11fe","9-24430aed298996e87ced0da7573db778","1160480","ایلام","Ilām","شیروان و چرداول","Shirvān va Chardāvol","هلیلان","Holeylān","","","زردلان","Zardelān","بان لکان","Bān Lakān","Bān Lakān","Mojtaba Gheitasi, field notes 2016","88","","","","Laki 100%","Mojtaba Gheitasi, field notes 2016",33.775868107949314,47.32748891119744,""
"","912291f437b8879158d946e3a64e05bb","9-fd93a0509561aa96dfa004a8852a7d6a","1160481","ایلام","Ilām","شیروان و چرداول","Shirvān va Chardāvol","هلیلان","Holeylān","","","زردلان","Zardelān","بیشی علیا","Bishi-ye Olyā","Bīshī-yı Ulyā","Mojtaba Gheitasi, field notes 2016","48","","","","Laki 100%","Mojtaba Gheitasi, field notes 2016",33.799292514093494,47.392333532901695,""
"","912291f437b8879158d946e3a64dfdd4","9-0107fff7ed91dde57715921542daa475","1160482","ایلام","Ilām","شیروان و چرداول","Shirvān va Chardāvol","هلیلان","Holeylān","","","زردلان","Zardelān","پیاز آباد","Piāz Ābād","Pıyāzāwā","Mojtaba Gheitasi, field notes 2016","403","","","","Laki 100%","Mojtaba Gheitasi, field notes 2016",33.817460516590906,47.408898855774254,""
"","912291f437b8879158d946e3a64df808","9-225a116186350f08396471d376dc8905","1160483","ایلام","Ilām","شیروان و چرداول","Shirvān va Chardāvol","هلیلان","Holeylān","","","زردلان","Zardelān","پیامن سفلی","Piāmen-e Soflā","Pıyāmın-ı Sufḷā","Mojtaba Gheitasi, field notes 2016","64","","","","Laki 100%","Mojtaba Gheitasi, field notes 2016",33.81945715690924,47.438746477688646,""
"","912291f437b8879158d946e3a64df366","9-ba7becb6c53660b47912e5a46ab844c7","1160484","ایلام","Ilām","شیروان و چرداول","Shirvān va Chardāvol","هلیلان","Holeylān","","","زردلان","Zardelān","پیامن علیا","Piāmen-e Olyā","Pıyāmın-ı Ulyā","Mojtaba Gheitasi, field notes 2016","224","","","","Laki 100%","Mojtaba Gheitasi, field notes 2016",33.81571341807713,47.43409016283932,""
"","912291f437b8879158d946e3a64df16e","9-9c4039131d8bed2c50c7e793a0f1b944","1160485","ایلام","Ilām","شیروان و چرداول","Shirvān va Chardāvol","هلیلان","Holeylān","","","زردلان","Zardelān","پیامن وسطی","Piāman-e Vostā","Pıyāman-ı Wustā","Mojtaba Gheitasi, field notes 2016","152","","","","Laki 100%","Mojtaba Gheitasi, field notes 2016",33.81571341807713,47.427137877073505,""
"","912291f437b8879158d946e3a64dea43","9-701d22dc12bfbed828f828ca7a993e59","1160486","ایلام","Ilām","شیروان و چرداول","Shirvān va Chardāvol","هلیلان","Holeylān","","","زردلان","Zardelān","تورم","Turem","Tūrım","Mojtaba Gheitasi, field notes 2016","23","","","","Laki 100%","Mojtaba Gheitasi, field notes 2016",33.75208047622433,47.413534176381845,""
"","912291f437b8879158d946e3a64ddb2c","9-630f5a7dbe4741cb1c37647d615ff232","1160487","ایلام","Ilām","شیروان و چرداول","Shirvān va Chardāvol","هلیلان","Holeylān","","","زردلان","Zardelān","چاله چاله","Chāleh Chāleh","Chāḷa Chāḷa","Mojtaba Gheitasi, field notes 2016","27","","","","Laki 100%","Mojtaba Gheitasi, field notes 2016",33.82662328556733,47.47247793825536,""
"","912291f437b8879158d946e3a64dd4dc","9-4e7acad7f87deadd888594c7a3ca86b7","1160488","ایلام","Ilām","شیروان و چرداول","Shirvān va Chardāvol","هلیلان","Holeylān","","","زردلان","Zardelān","رودبره","Rudbareh","Rūbara","Mojtaba Gheitasi, field notes 2016","","(3 or fewer households; population not specified in 2011 Census for reasons of privacy)","","","Laki 100%","Mojtaba Gheitasi, field notes 2016",33.74174993270141,47.38502765897517,""
"","912291f437b8879158d946e3a64dd09f","9-9bb92422e0a4c06e21adf0df5de3476f","1160489","ایلام","Ilām","شیروان و چرداول","Shirvān va Chardāvol","هلیلان","Holeylān","","","زردلان","Zardelān","سرچلوسکان سفلی","Sar Cheluskān-e Soflā","Sar Chıḷüskān-ı Sufḷā","Mojtaba Gheitasi, field notes 2016","47","","","","Laki 100%","Mojtaba Gheitasi, field notes 2016",33.78625695853199,47.43595698031414,""
"","912291f437b8879158d946e3a64e72cf","9-7f8fbf490073062eab3af318dbfa1867","1160490","ایلام","Ilām","شیروان و چرداول","Shirvān va Chardāvol","هلیلان","Holeylān","","","زردلان","Zardelān","سرچلوسکان علیا","Sar Cheluskān-e Olyā","Sar Chıḷüskān-ı Ulyā","Mojtaba Gheitasi, field notes 2016","15","","","","Laki 100%","Mojtaba Gheitasi, field notes 2016",33.79474545270242,47.41314747485461,""
"","912291f437b8879158d946e3a64e6732","9-fcef7ec7fbec1b3247c19b0cea0f56ea","1160491","ایلام","Ilām","شیروان و چرداول","Shirvān va Chardāvol","هلیلان","Holeylān","","","زردلان","Zardelān","سره ویان","Sareh Viān","Sara Vīyān","Mojtaba Gheitasi, field notes 2016","51","","","","Laki 100%","Mojtaba Gheitasi, field notes 2016",33.830865635923686,47.427352453795244,""
"","912291f437b8879158d946e3a64e5bd1","9-ecbe3c4ae968f4ba4e0e10bf8e31c971","1160492","ایلام","Ilām","شیروان و چرداول","Shirvān va Chardāvol","هلیلان","Holeylān","","","زردلان","Zardelān","شهمیار","Shahmiār","Shāmīyār","Mojtaba Gheitasi, field notes 2016","","(3 or fewer households; population not specified in 2011 Census for reasons of privacy)","","","Laki 100%","Mojtaba Gheitasi, field notes 2016",33.813520580667124,47.45756485613677,""
"","912291f437b8879158d946e3a64e4cc4","9-bb560e838088babfb7bcc3f52ad8aca7","1160493","ایلام","Ilām","شیروان و چرداول","Shirvān va Chardāvol","هلیلان","Holeylān","","","زردلان","Zardelān","کله گه","Kalahgah","Kaḷahga","Mojtaba Gheitasi, field notes 2016","70","","","","Laki 100%","Mojtaba Gheitasi, field notes 2016",33.7583424278088,47.41570140126565,""
"","912291f437b8879158d946e3a64e410f","11-1f840b59d5b0341aadee7cd116fe3a11","1160494","ایلام","Ilām","شیروان و چرداول","Shirvān va Chardāvol","هلیلان","Holeylān","","","زردلان","Zardelān","گولاب","Gulāb","Gūḷāw","Mojtaba Gheitasi, field notes 2016","35","","","","Laki 100%","Mojtaba Gheitasi, field notes 2016",33.828191910227005,47.46758558901248,""
"","912291f437b8879158d946e3a64e39ad","9-261592c4385a8f6545af0b9e504ee86c","1160495","ایلام","Ilām","شیروان و چرداول","Shirvān va Chardāvol","هلیلان","Holeylān","","","زردلان","Zardelān","گاو دول","Gāv Dul","Gā Dūḷ","Mojtaba Gheitasi, field notes 2016","84","","","","Laki 100%","Mojtaba Gheitasi, field notes 2016",33.77540437021942,47.28219176536011,""
"","912291f437b8879158d946e3a64e37e2","9-0adb60a0a4f146eca91a434b5fd30e2d","1160496","ایلام","Ilām","شیروان و چرداول","Shirvān va Chardāvol","هلیلان","Holeylān","","","زردلان","Zardelān","چال خشک","Chāl Khoshk","Chāḷ Hıshk","Mojtaba Gheitasi, field notes 2016","418","","","","Laki 100%","Mojtaba Gheitasi, field notes 2016",33.90106554298467,47.469559694848165,""
"","912291f437b8879158d946e3a64e2aa1","9-81f986de9b33d3db4dfecfbe60389a73","1160497","ایلام","Ilām","شیروان و چرداول","Shirvān va Chardāvol","هلیلان","Holeylān","","","زردلان","Zardelān","سیره کانه","Sireh Kāneh","Sīra Kāna","Mojtaba Gheitasi, field notes 2016","35","","","","Laki 100%","Mojtaba Gheitasi, field notes 2016",33.92786524212926,47.46222117098519,""
"","912291f437b8879158d946e3a64e1bcc","9-91f7d7fc24ecaeecac768ccf41d7e8c9","1160498","ایلام","Ilām","شیروان و چرداول","Shirvān va Chardāvol","هلیلان","Holeylān","","","زردلان","Zardelān","شاهران","Shāhrān","Shārān","Mojtaba Gheitasi, field notes 2016","105","","","","Laki 100%","Mojtaba Gheitasi, field notes 2016",33.90120802213775,47.447887446011876,""
"","912291f437b8879158d946e3a64e12e6","11-7e96e49e986496e03fc5b7561e860ca5","1160499","ایلام","Ilām","شیروان و چرداول","Shirvān va Chardāvol","هلیلان","Holeylān","","","زردلان","Zardelān","گلدره","Gol Darreh","Gwıḷdaṛa","Mojtaba Gheitasi, field notes 2016","67","","","","Laki 100%","Mojtaba Gheitasi, field notes 2016",33.91766276220698,47.429970289797936,""
"","912291f437b8879158d946e3a64ecd6f","9-7577452119157d4315330610e5579b50","1160500","ایلام","Ilām","شیروان و چرداول","Shirvān va Chardāvol","هلیلان","Holeylān","","","زردلان","Zardelān","میدرسفلی","Meydar-e Soflā","Mayar-ı Sufḷā","Mojtaba Gheitasi, field notes 2016","70","","","","Laki 100%","Mojtaba Gheitasi, field notes 2016",33.88450071902964,47.498870874960005,""
"","912291f437b8879158d946e3a64ec84b","9-81f01b44da6ef751206ff721a208efbb","1160501","ایلام","Ilām","شیروان و چرداول","Shirvān va Chardāvol","هلیلان","Holeylān","","","زردلان","Zardelān","میدرعلیا","Meydar-e Olyā","Mayar-ı Ulyā","Mojtaba Gheitasi, field notes 2016","275","","","","Laki 100%","Mojtaba Gheitasi, field notes 2016",33.9165943690345,47.493163134175596,""
"","912291f437b8879158d946e3a64ec05c","9-5572100aa37ad35d1129446e7d65bd44","1160502","ایلام","Ilām","شیروان و چرداول","Shirvān va Chardāvol","هلیلان","Holeylān","","","زردلان","Zardelān","پاتخت","Pātakht","Pātat","Mojtaba Gheitasi, field notes 2016","148","","","","Laki 100%","Mojtaba Gheitasi, field notes 2016",33.91395894193791,47.40035870227799,""
"","912291f437b8879158d946e3a64eb340","7-daa1813d9fb95544aa4fb7057d3ef0be","1160503","ایلام","Ilām","شیروان و چرداول","Shirvān va Chardāvol","هلیلان","Holeylān","","","هلیلان","Holeylān","","","","","10791","","","","","","","",""
"","912291f437b8879158d946e3a64eae7c","9-4ce6b3de26a8e0899dfc8de3d2b9e001","1160504","ایلام","Ilām","شیروان و چرداول","Shirvān va Chardāvol","هلیلان","Holeylān","","","هلیلان","Holeylān","باریکه فرخینوند","Bārikeh Farkhinvand","Bārīka-y Farkhīnwan","Mojtaba Gheitasi, field notes 2016","121","","","","Laki 100%","Mojtaba Gheitasi, field notes 2016",33.615256204008524,47.013798739106655,""
"","912291f437b8879158d946e3a64ea1ac","9-ceadbcdbd4a7b2e0cb4ca41b72670911","1160505","ایلام","Ilām","شیروان و چرداول","Shirvān va Chardāvol","هلیلان","Holeylān","","","هلیلان","Holeylān","پلکیل","Palkeyl","Paḷkıl, Paḷkal","Mojtaba Gheitasi, field notes 2016","21","","","","Laki 100%","Mojtaba Gheitasi, field notes 2016",33.631515813331006,46.96878054300651,""
"","912291f437b8879158d946e3a64e972f","9-e609f49a7630f040dd8440c465b3249b","1160506","ایلام","Ilām","شیروان و چرداول","Shirvān va Chardāvol","هلیلان","Holeylān","","","هلیلان","Holeylān","تنگ زرده فرخینوند","Tang Zardeh Farkhinvand","Tang Zard-ı Farkhīnawan","Mojtaba Gheitasi, field notes 2016","15","","","","Laki 100%","Mojtaba Gheitasi, field notes 2016",33.62704919338944,46.983757998144135,""
"","912291f437b8879158d946e3a64e8741","9-954ccb009255bcad1167d588ce4addac","1160507","ایلام","Ilām","شیروان و چرداول","Shirvān va Chardāvol","هلیلان","Holeylān","","","هلیلان","Holeylān","چالاب","Chālāb","Chāḷāw","Mojtaba Gheitasi, field notes 2016","","(3 or fewer households; population not specified in 2011 Census for reasons of privacy)","","","Laki 100%","Mojtaba Gheitasi, field notes 2016",33.65568067616595,46.97118380228567,""
"","912291f437b8879158d946e3a64e7ce2","9-702452a902712f260348ab16999b9802","1160508","ایلام","Ilām","شیروان و چرداول","Shirvān va Chardāvol","هلیلان","Holeylān","","","هلیلان","Holeylān","چم بورفرخینوند","Chambur-e Farkhinvand","Chambūr-ı Farkhīnawan","Mojtaba Gheitasi, field notes 2016","233","","","","Laki 100%","Mojtaba Gheitasi, field notes 2016",33.635517708067894,47.022853876739035,""
"","912291f437b8879158d946e3a64e790c","9-7090eb62f5ec7078424c45a919e4d380","1160509","ایلام","Ilām","شیروان و چرداول","Shirvān va Chardāvol","هلیلان","Holeylān","","","هلیلان","Holeylān","چقاشفیع","Cheqā Shafi'","Chıyā Shafī","Mojtaba Gheitasi, field notes 2016","","(3 or fewer households; population not specified in 2011 Census for reasons of privacy)","","","Laki 100%","Mojtaba Gheitasi, field notes 2016",33.642163300989225,46.98041060129436,""
"","912291f437b8879158d946e3a64f15f7","9-2e2bf925176be2d535d38df57cc849f8","1160510","ایلام","Ilām","شیروان و چرداول","Shirvān va Chardāvol","هلیلان","Holeylān","","","هلیلان","Holeylān","زیچ","Zeych","Zaych","Mojtaba Gheitasi, field notes 2016","26","","","","Laki 100%","Mojtaba Gheitasi, field notes 2016",33.634838828307345,46.98925116220591,""
"","912291f437b8879158d946e3a64f150e","9-cc6f4c27aef9fdedafaef1f6dcca162f","1160511","ایلام","Ilām","شیروان و چرداول","Shirvān va Chardāvol","هلیلان","Holeylān","","","هلیلان","Holeylān","سرگل فرخینوند","Sar Gol-e Farkhinvand","Sargwıḷ-ı Farkhīnawan","Mojtaba Gheitasi, field notes 2016","20","","","","Laki 100%","Mojtaba Gheitasi, field notes 2016",33.645182231568114,46.95856669107997,""
"","912291f437b8879158d946e3a64f0dd8","9-4b047e6760c9af63ea6dff6f62bb4618","1160512","ایلام","Ilām","شیروان و چرداول","Shirvān va Chardāvol","هلیلان","Holeylān","","","هلیلان","Holeylān","مله شیرخان","Melleh Shir Khān","Mıla Shērkhān","Mojtaba Gheitasi, field notes 2016","38","","","","Laki 100%","Mojtaba Gheitasi, field notes 2016",33.622975434079244,46.99358561197263,""
"","912291f437b8879158d946e3a64f0c62","9-3a6f70370d67f44a6b4e2a0d7721569f","1160513","ایلام","Ilām","شیروان و چرداول","Shirvān va Chardāvol","هلیلان","Holeylān","","","هلیلان","Holeylān","پشته کبود","Poshteh Kabud","Pēsht Kaw","Mojtaba Gheitasi, field notes 2016","","(3 or fewer households; population not specified in 2011 Census for reasons of privacy)","","","Laki 100%","Mojtaba Gheitasi, field notes 2016",33.62851427025458,46.988907839451485,""
"","912291f437b8879158d946e3a64f0349","9-bda3d1621c81eb5afc2f111d2f24ecde","1160514","ایلام","Ilām","شیروان و چرداول","Shirvān va Chardāvol","هلیلان","Holeylān","","","هلیلان","Holeylān","تازه آباد","Tāzeh Ābād","Tāza Ābād","Mojtaba Gheitasi, field notes 2016","95","","","","Laki 100%","Mojtaba Gheitasi, field notes 2016",33.68332952987566,47.05778696694354,""
"","912291f437b8879158d946e3a64ef383","9-736626a7b7d237ebf992868fb33b34c4","1160515","ایلام","Ilām","شیروان و چرداول","Shirvān va Chardāvol","هلیلان","Holeylān","","","هلیلان","Holeylān","چمزرد ماهیزان","Chamzard-e Māhizān","Chamzard-ı Māhīzān","Mojtaba Gheitasi, field notes 2016","64","","","","Laki 100%","Mojtaba Gheitasi, field notes 2016",33.70918006089648,47.02650168099781,""
"","912291f437b8879158d946e3a64ee6e1","9-80edda692bdbb9ab83815fca5db29e83","1160516","ایلام","Ilām","شیروان و چرداول","Shirvān va Chardāvol","هلیلان","Holeylān","","","هلیلان","Holeylān","چناراله قلی","Chenār-e Allāh Qoli","Chınār","Mojtaba Gheitasi, field notes 2016","32","","","","Laki 100%","Mojtaba Gheitasi, field notes 2016",33.70896586193757,47.08184101738716,""
"","912291f437b8879158d946e3a64ee3ea","9-d1290218ba02a25a2277cf1e221af833","1160517","ایلام","Ilām","شیروان و چرداول","Shirvān va Chardāvol","هلیلان","Holeylān","","","هلیلان","Holeylān","دارپروشه","Dār Porusheh","Dwı Āw, Dār Pırūsha","Mojtaba Gheitasi, field notes 2016","282","","","","Laki 100%","Mojtaba Gheitasi, field notes 2016",33.71035814562104,47.09106781639676,""
"","912291f437b8879158d946e3a64ee115","9-e24413aaa5c9a918362751120c001197","1160518","ایلام","Ilām","شیروان و چرداول","Shirvān va Chardāvol","هلیلان","Holeylān","","","هلیلان","Holeylān","زیرخاکی","Zir Khāki","Zhēr Zamīnī","Mojtaba Gheitasi, field notes 2016","234","","","","Laki 100%","Mojtaba Gheitasi, field notes 2016",33.69029280001706,47.0620355860221,""
"","912291f437b8879158d946e3a64ed4b1","9-d8c5b7918ae2f55186a82a6dd1f94ff3","1160519","ایلام","Ilām","شیروان و چرداول","Shirvān va Chardāvol","هلیلان","Holeylān","","","هلیلان","Holeylān","گراب","Garāb","Gaṛāw","Mojtaba Gheitasi, field notes 2016","88","","","","Laki 100%","Mojtaba Gheitasi, field notes 2016",33.698755091938146,47.02075102487068,""
"","912291f437b8879158d946e3a64f652c","9-7f0762ddecae531617de70ddc0a3e3b6","1160520","ایلام","Ilām","شیروان و چرداول","Shirvān va Chardāvol","هلیلان","Holeylān","","","هلیلان","Holeylān","ماهیزان سفلی","Māhizān-e Soflā","Māhīzān-ı Sufḷā","Mojtaba Gheitasi, field notes 2016","194","","","","Laki 100%","Mojtaba Gheitasi, field notes 2016",33.694541903083056,47.04748728432705,""
"","912291f437b8879158d946e3a64f5562","9-769aa84262cd6ca2e9054ed6f5f51468","1160521","ایلام","Ilām","شیروان و چرداول","Shirvān va Chardāvol","هلیلان","Holeylān","","","هلیلان","Holeylān","ماهیزان علیا","Māhizān-e Olyā","Māhīzān-ı Ulyā","Mojtaba Gheitasi, field notes 2016","149","","","","Laki 100%","Mojtaba Gheitasi, field notes 2016",33.70004043045937,47.04469778695254,""
"","912291f437b8879158d946e3a64f46d7","9-c0e0653dd41e95d8adda35b1c393a698","1160522","ایلام","Ilām","شیروان و چرداول","Shirvān va Chardāvol","هلیلان","Holeylān","","","هلیلان","Holeylān","چم چمه","Cham Chameh","Cham Shama","Mojtaba Gheitasi, field notes 2016","13","","","","Laki 100%","Mojtaba Gheitasi, field notes 2016",33.700254651677426,47.05735781350096,""
"","912291f437b8879158d946e3a64f4320","9-4634df7ff8607755575c2a7a8f5fb872","1160523","ایلام","Ilām","شیروان و چرداول","Shirvān va Chardāvol","هلیلان","Holeylān","","","هلیلان","Holeylān","کهره","Kahareh","Kahaṛa","Mojtaba Gheitasi, field notes 2016","1776","","","","Laki 100%","Mojtaba Gheitasi, field notes 2016",33.73768160517163,47.0383248583347,""
"","912291f437b8879158d946e3a64f3efb","9-6f53ce15cef6d84b7cb682fcc1b625c4","1160524","ایلام","Ilām","شیروان و چرداول","Shirvān va Chardāvol","هلیلان","Holeylān","","","هلیلان","Holeylān","تخم بلوط سفلی","Tokhm-e Balut-e Soflā","Twıkhm-ı Balüẅ-ı Ulyā, Hīmat","Mojtaba Gheitasi, field notes 2016","406","","","","Laki 100%","Mojtaba Gheitasi, field notes 2016",33.72590377999657,46.96805098215314,""
"","912291f437b8879158d946e3a64f301c","9-74fed0c3b1fbfb46342043993ec42261","1160525","ایلام","Ilām","شیروان و چرداول","Shirvān va Chardāvol","هلیلان","Holeylān","","","هلیلان","Holeylān","تخم بلوط علیا","Tokhm-e Balut-e Olyā","Twıkhm-ı Balüẅ-ı Ulyā, Ganjalī","Mojtaba Gheitasi, field notes 2016","655","","","","Laki 100%","Mojtaba Gheitasi, field notes 2016",33.73514772473172,46.96221449533785,""
"","912291f437b8879158d946e3a64f2d2f","9-3b47189f62e5d53c7eb8b67ac653aabc","1160526","ایلام","Ilām","شیروان و چرداول","Shirvān va Chardāvol","هلیلان","Holeylān","","","هلیلان","Holeylān","دره باریک","Darreh Bārik","Daṛa Bārīk, Maydānga","Mojtaba Gheitasi, field notes 2016","133","","","","Laki 100%","Mojtaba Gheitasi, field notes 2016",33.752883316091356,46.95646383921071,""
"","912291f437b8879158d946e3a64f2966","9-53158eb833786a0f4e3f1c729d4fd905","1160527","ایلام","Ilām","شیروان و چرداول","Shirvān va Chardāvol","هلیلان","Holeylān","","","هلیلان","Holeylān","شهبازوند","Shahbāzvand","Shāwāzan","Mojtaba Gheitasi, field notes 2016","290","","","","Laki 100%","Mojtaba Gheitasi, field notes 2016",33.72079955373845,46.977878595982524,""
"","912291f437b8879158d946e3a64f2809","9-cd7268f06855f974e5108d81a768154d","1160528","ایلام","Ilām","شیروان و چرداول","Shirvān va Chardāvol","هلیلان","Holeylān","","","هلیلان","Holeylān","ظاهروند سفلی","Zāhervand-e Soflā","Zāyıran-ı Sufḷā","Mojtaba Gheitasi, field notes 2016","208","","","","Laki 100%","Mojtaba Gheitasi, field notes 2016",33.73896636102462,46.96427443186079,""
"","912291f437b8879158d946e3a64f2006","9-ba3f1ae3b2912579a4dca10065b1c6db","1160529","ایلام","Ilām","شیروان و چرداول","Shirvān va Chardāvol","هلیلان","Holeylān","","","هلیلان","Holeylān","ظاهروند علیا","Zāhervand-e Olyā","Zāyıran-ı Ulyā","Mojtaba Gheitasi, field notes 2016","","(3 or fewer households; population not specified in 2011 Census for reasons of privacy)","","","Laki 100%","Mojtaba Gheitasi, field notes 2016",33.7510010907813,46.94272020022083,""
"","912291f437b8879158d946e3a64fa909","9-10f1930ba2c135b95dde380f2f9414be","1160530","ایلام","Ilām","شیروان و چرداول","Shirvān va Chardāvol","هلیلان","Holeylān","","","هلیلان","Holeylān","بالادشت","Bālā Dasht","Bāḷā Dasht","Mojtaba Gheitasi, field notes 2016","41","","","","Laki 100%","Mojtaba Gheitasi, field notes 2016",33.80772622758487,47.04313137688941,""
"","912291f437b8879158d946e3a64fa1a2","9-06f5d5d9f7e9014f307650b54acb64f4","1160531","ایلام","Ilām","شیروان و چرداول","Shirvān va Chardāvol","هلیلان","Holeylān","","","هلیلان","Holeylān","پشت تنگ سفلی","Posht-e Tang-e Soflā","Pēsh Tang-ı Sufḷā, Lwıṛwan","Mojtaba Gheitasi, field notes 2016","159","","","","Laki 100%","Mojtaba Gheitasi, field notes 2016",33.773522639441616,47.101388956686854,""
"","912291f437b8879158d946e3a64f9f61","9-1073cab25ef7e86ec2546cd7e40689ce","1160532","ایلام","Ilām","شیروان و چرداول","Shirvān va Chardāvol","هلیلان","Holeylān","","","هلیلان","Holeylān","پشت تنگ علیا","Posht-e Tang-e Olyā","Pēsh Tang-ı Ulyā","Mojtaba Gheitasi, field notes 2016","389","","","","Laki 100%","Mojtaba Gheitasi, field notes 2016",33.80583629217197,47.120185877460464,""
"","912291f437b8879158d946e3a64f9839","11-b77a7b239f5327844c7f7678d76fdcdf","1160533","ایلام","Ilām","شیروان و چرداول","Shirvān va Chardāvol","هلیلان","Holeylān","","","هلیلان","Holeylān","پله کبود","Pelleh Kabud","Pılla Kaw","Mojtaba Gheitasi, field notes 2016","355","","","","Laki 100%","Mojtaba Gheitasi, field notes 2016",33.80105777871597,47.123447443622084,""
"","912291f437b8879158d946e3a64f9612","9-f0cc6cd490243eb03af1ba7b7fc9e1e6","1160534","ایلام","Ilām","شیروان و چرداول","Shirvān va Chardāvol","هلیلان","Holeylān","","","هلیلان","Holeylān","مهدیه","Mahdieh","Mahdīya, Sagḷawan","Mojtaba Gheitasi, field notes 2016","497","","","","Laki 100%","Mojtaba Gheitasi, field notes 2016",33.72494006821315,46.98401549020771,""
"","912291f437b8879158d946e3a64f930e","9-ea8fab541eb069518c6a8ffb294fd891","1160535","ایلام","Ilām","شیروان و چرداول","Shirvān va Chardāvol","هلیلان","Holeylān","","","هلیلان","Holeylān","کلاته","Kalāteh","Kaḷāta","Mojtaba Gheitasi, field notes 2016","48","","","","Laki 100%","Mojtaba Gheitasi, field notes 2016",33.76096481865135,47.046865011838136,""
"","912291f437b8879158d946e3a64f8bdf","9-d2d6c865d55eb5aa748f0d3dc274caf0","1160536","ایلام","Ilām","شیروان و چرداول","Shirvān va Chardāvol","هلیلان","Holeylān","","","هلیلان","Holeylān","وربر","Varbar","Warbaṛ","Mojtaba Gheitasi, field notes 2016","68","","","","Zanganay 100%","Mojtaba Gheitasi, field notes 2016",33.79363985617494,47.08351471581205,""
"","912291f437b8879158d946e3a64f8336","9-69499fe64a02fece8eeceb5a83f23ee1","1160537","ایلام","Ilām","شیروان و چرداول","Shirvān va Chardāvol","هلیلان","Holeylān","","","هلیلان","Holeylān","داروند","Dārvand","Dārwana","Mojtaba Gheitasi, field notes 2016","47","","","","Laki 100%","Mojtaba Gheitasi, field notes 2016",33.82387812316339,47.06471779503844,""
"","912291f437b8879158d946e3a64f77af","9-4d711190f6cbc74c511ec0b3be0fd96e","1160538","ایلام","Ilām","شیروان و چرداول","Shirvān va Chardāvol","هلیلان","Holeylān","","","هلیلان","Holeylān","خرده چشمه","Khordeh Cheshmeh","Khwırda Chıshma, Hwırda Küẅanī, Hwırda Kıẅanī, Hwırda Kanī","Mojtaba Gheitasi, field notes 2016","706","","","","Laki 100%","Mojtaba Gheitasi, field notes 2016",33.73691431124723,47.13707306541474,""
"","912291f437b8879158d946e3a64f7402","9-323717472e01da1c4a77e728c6557418","1160539","ایلام","Ilām","شیروان و چرداول","Shirvān va Chardāvol","هلیلان","Holeylān","","","هلیلان","Holeylān","شیراوند، جوب شهر","Shirāvand, Jub Shahr","Shērāwan, Jū Shahr","Mojtaba Gheitasi, field notes 2016","1086","","","","Laki 55%; Northern Lori 45%","Mojtaba Gheitasi, field notes 2016",33.75989446473288,47.088664557120296,""
"","912291f437b8879158d946e3a64ffd16","9-09e48dde208043d963a6574aba66ac37","1160540","ایلام","Ilām","شیروان و چرداول","Shirvān va Chardāvol","هلیلان","Holeylān","","","هلیلان","Holeylān","شهرک امام","Shahrak-e Emām","Shahrak-ı Imām","Mojtaba Gheitasi, field notes 2016","432","","","","Laki 100%","Mojtaba Gheitasi, field notes 2016",33.73969794951082,47.12394097007921,""
"","912291f437b8879158d946e3a64ff8e0","9-318dcd466cdf7a675264cc46b00f8f1e","1160541","ایلام","Ilām","شیروان و چرداول","Shirvān va Chardāvol","هلیلان","Holeylān","","","هلیلان","Holeylān","چشمه ماهی","Cheshmeh Māhi","Küẅanī Māī, Kıẅanī Māī, Kanī Māī","Mojtaba Gheitasi, field notes 2016","597","","","","Laki 100%","Mojtaba Gheitasi, field notes 2016",33.73520125819087,47.13115074791039,""
"","912291f437b8879158d946e3a64ff4bb","9-6adbaeb3e85491c04f2e33a79ff159ff","1160542","ایلام","Ilām","شیروان و چرداول","Shirvān va Chardāvol","هلیلان","Holeylān","","","هلیلان","Holeylān","داربید کرنی","Dār Bid-e Karni","Dār Bēd-ı Karnī","Mojtaba Gheitasi, field notes 2016","79","","","","Laki 100%","Mojtaba Gheitasi, field notes 2016",33.776037549955355,47.209299589757464,""
"","912291f437b8879158d946e3a64fe75d","9-ea0227e870caba94e98eefc1449121d3","1160543","ایلام","Ilām","شیروان و چرداول","Shirvān va Chardāvol","هلیلان","Holeylān","","","هلیلان","Holeylān","سرچم","Sar Cham","Sar Cham","Mojtaba Gheitasi, field notes 2016","517","","","","Laki 100%","Mojtaba Gheitasi, field notes 2016",33.73291713424267,47.22410538351789,""
"","912291f437b8879158d946e3a64fe08a","9-6dfd4b84a70ed00614452c2e8eba4de5","1160544","ایلام","Ilām","شیروان و چرداول","Shirvān va Chardāvol","هلیلان","Holeylān","","","هلیلان","Holeylān","سامان","Sāmān","Sāmān","Mojtaba Gheitasi, field notes 2016","654","","","","Laki 100%","Mojtaba Gheitasi, field notes 2016",33.73098985736456,47.13964798606842,""
"","912291f437b8879158d946e3a64fd80c","9-65671ea4ca9a098135f1ea05b87754e4","1160545","ایلام","Ilām","شیروان و چرداول","Shirvān va Chardāvol","هلیلان","Holeylān","توحید","Towhid","","","","","Tawhīd","Mojtaba Gheitasi, field notes 2016","1475","","","","Laki 100%","Mojtaba Gheitasi, field notes 2016",33.727426386361856,47.06770183279529,""
"","912291f437b8879158d946e3a64fca8d","7-e9066d8ab5e8ceaab4079411a81035fe","1160546","ایلام","Ilām","شیروان و چرداول","Shirvān va Chardāvol","","","","","","","","","","","50","","","","","","","",""
"","912291f437b8879158d946e3a64fbe94","7-45d698773b7341106754528dc536e4b2","1160547","ایلام","Ilām","شیروان و چرداول","Shirvān va Chardāvol","","","","","","","","","","","50","","","","","","","",""
"","912291f437b8879158d946e3a64fbc50","7-443429486416f625299caf22f900fdb6","1160548","ایلام","Ilām","شیروان و چرداول","Shirvān va Chardāvol","","","","","","","","","","","50","","","","","","","",""
"","912291f437b8879158d946e3a64fb499","7-5816de3a4d7e8c897f415fca706b1d5f","1160549","ایلام","Ilām","مهران","Mehrān","","","","","","","","","","","27506","","","","","","","",""
"","912291f437b8879158d946e3a6503f36","7-decda6c099b8e045b02215d4bf4a3fa6","1160550","ایلام","Ilām","مهران","Mehrān","صالح آباد","Sāleh Ābād","","","","","","","","","3355","","","","","","","",""
"","912291f437b8879158d946e3a6503388","7-74ea190dfd23434c5d360617f6f56afe","1160551","ایلام","Ilām","مهران","Mehrān","صالح آباد","Sāleh Ābād","","","هجداندشت","Hejdān Dasht","","","","","1648","","","","","","","",""
"","912291f437b8879158d946e3a65027d0","9-86fd476c5e899909f566ff068987eb96","1160552","ایلام","Ilām","مهران","Mehrān","صالح آباد","Sāleh Ābād","","","هجداندشت","Hejdān Dasht","بانروشان","Bān Rushān","Bān Rīshān","Mojtaba Gheitasi, field notes 2016","31","","","","Ēlāmi 100%","Mojtaba Gheitasi, field notes 2016",33.55894925463848,46.21911385228677,""
"","912291f437b8879158d946e3a6502005","9-5f92f357426b871e04fcbd081ac08819","1160553","ایلام","Ilām","مهران","Mehrān","صالح آباد","Sāleh Ābād","","","هجداندشت","Hejdān Dasht","چماب","Chamāb","Chamā, Chamāw","Mojtaba Gheitasi, field notes 2016","238","","","","Ēlāmi 100%","Mojtaba Gheitasi, field notes 2016",33.599261617634404,46.2582526462271,""
"","912291f437b8879158d946e3a6501a09","9-29556dfcb54decafe5685413aa1cd12c","1160554","ایلام","Ilām","مهران","Mehrān","صالح آباد","Sāleh Ābād","","","هجداندشت","Hejdān Dasht","ریکا","Rikā","Ṛīkā","Mojtaba Gheitasi, field notes 2016","341","","","","Ēlāmi 100%","Mojtaba Gheitasi, field notes 2016",33.503160246067914,46.175189997464436,""
"","912291f437b8879158d946e3a650189b","9-e7dc26b8987829343162404a52ee8035","1160555","ایلام","Ilām","مهران","Mehrān","صالح آباد","Sāleh Ābād","","","هجداندشت","Hejdān Dasht","سرنی","Sar Ney","Sar Nay","Mojtaba Gheitasi, field notes 2016","26","","","","Ēlāmi 100%","Mojtaba Gheitasi, field notes 2016",33.56980237242434,46.105924631873435,""
"","912291f437b8879158d946e3a6500ba8","9-eefefddbae023dfe9acccde1dfe6d0c9","1160556","ایلام","Ilām","مهران","Mehrān","صالح آباد","Sāleh Ābād","","","هجداندشت","Hejdān Dasht","کلگ","Kaleg","Kallıg","Mojtaba Gheitasi, field notes 2016","","(3 or fewer households; population not specified in 2011 Census for reasons of privacy)","","","Ēlāmi 100%","Mojtaba Gheitasi, field notes 2016",33.54365960048521,46.15926840475439,""
"","912291f437b8879158d946e3a65008d3","9-87bb6b92dbbf3718c12396493d20e502","1160557","ایلام","Ilām","مهران","Mehrān","صالح آباد","Sāleh Ābād","","","هجداندشت","Hejdān Dasht","گلان","Golān","Gwılān","Mojtaba Gheitasi, field notes 2016","923","","","","Ēlāmi 100%","Mojtaba Gheitasi, field notes 2016",33.41820034966703,46.26443245579592,""
"","912291f437b8879158d946e3a6500065","9-983ed41ad4dcb1f6659f27432d840705","1160558","ایلام","Ilām","مهران","Mehrān","صالح آباد","Sāleh Ābād","","","هجداندشت","Hejdān Dasht","لیزن","Lizan","Lüzan","Mojtaba Gheitasi, field notes 2016","13","","","","Ēlāmi 100%","Mojtaba Gheitasi, field notes 2016",33.56497495963032,46.14156582525859,""
"","912291f437b8879158d946e3a64fff68","9-cae28ab2ad3d85b5219cf1a8c818dadc","1160559","ایلام","Ilām","مهران","Mehrān","صالح آباد","Sāleh Ābād","","","هجداندشت","Hejdān Dasht","ماربره","Mārboreh","Mārwıṛa","Mojtaba Gheitasi, field notes 2016","71","","","","Ēlāmi 100%","Mojtaba Gheitasi, field notes 2016",33.54551953921822,46.34213068652949,""
"","912291f437b8879158d946e3a6508166","9-3273cbb2d1fe5d4aa9fdf5bfffb974e4","1160560","ایلام","Ilām","مهران","Mehrān","صالح آباد","Sāleh Ābād","صالح آباد","Sāleh Ābād","","","","","Sāḷābād","Mojtaba Gheitasi, field notes 2016","1707","","","","Ēlāmi 100%","Mojtaba Gheitasi, field notes 2016",33.46996881056901,46.18701459613193,""
"","912291f437b8879158d946e3a6507435","7-52f99f96f4ec9a1ea37a0223baee5978","1160561","ایلام","Ilām","مهران","Mehrān","مرکزی","Markazi","","","","","","","","","23873","","","","","","","",""
"","912291f437b8879158d946e3a650684f","7-1cd548b6d4786b8338eb19f1053f8f01","1160562","ایلام","Ilām","مهران","Mehrān","مرکزی","Markazi","","","محسن آب","Mohsen Āb","","","","","8953","","","","","","","",""
"","912291f437b8879158d946e3a6506715","9-473cf67eb99db9db55e0a6f9e9c47684","1160563","ایلام","Ilām","مهران","Mehrān","مرکزی","Markazi","","","محسن آب","Mohsen Āb","بان رحمان","Bān-e Rahmān","Bān-ı Ṛahmān","Mojtaba Gheitasi, field notes 2016","1465","","","","Malegshay 100%","Mojtaba Gheitasi, field notes 2016",33.16027110604592,46.35481217074973,""
"","912291f437b8879158d946e3a650632e","9-81cf7916e35e340411c7f54ed23386e1","1160564","ایلام","Ilām","مهران","Mehrān","مرکزی","Markazi","","","محسن آب","Mohsen Āb","شهرک اسلامیه","Shahrak-e Eslāmieh","Shahrak-ı Isḷāmīya","Mojtaba Gheitasi, field notes 2016","3391","","","","Malegshay 100%","Mojtaba Gheitasi, field notes 2016",33.09406987363691,46.28460266758542,""
"","912291f437b8879158d946e3a6505d17","9-4ededf075bd72bc216ae48df4151fc77","1160565","ایلام","Ilām","مهران","Mehrān","مرکزی","Markazi","","","محسن آب","Mohsen Āb","چالاب","Chālāb","Chāḷāw","Mojtaba Gheitasi, field notes 2016","2598","","","","Shuhāni 100%","Mojtaba Gheitasi, field notes 2016",33.09237,46.48724,""
"","912291f437b8879158d946e3a650530a","9-7de3bc62833c309570a44e754825f0bc","1160566","ایلام","Ilām","مهران","Mehrān","مرکزی","Markazi","","","محسن آب","Mohsen Āb","چنگوله","Changuleh","Changūḷa","Mojtaba Gheitasi, field notes 2016","1499","","","","Shuhāni 100%","Mojtaba Gheitasi, field notes 2016",33.07446106152147,46.53297064031667,""
"","912291f437b8879158d946e3a6504f98","9-f007c57ca2ae1d09b759a3ab14722350","1160567","ایلام","Ilām","مهران","Mehrān","مرکزی","Markazi","مهران","Mehrān","","","","","Mērān","Mojtaba Gheitasi, field notes 2016","14920","","","","Ēlāmi 85%; Shuhāni 15%","Mojtaba Gheitasi, field notes 2016",33.11916611282646,46.162683207808115,""
"","912291f437b8879158d946e3a6504ab4","7-5e60e59dc4894c373498e3fd00c427ce","1160568","ایلام","Ilām","مهران","Mehrān","","","","","","","","","","","278","","","","","","","",""
"","912291f437b8879158d946e3a6503f85","7-7dfb0b57329019d6322df1881b34b9b5","1160569","ایلام","Ilām","مهران","Mehrān","","","","","","","","","","","278","","","","","","","",""
"","912291f437b8879158d946e3a650c49d","7-8b722c203252e3e02136083b0d8ad58d","1160570","ایلام","Ilām","مهران","Mehrān","","","","","","","","","","","278","","","","","","","",""
"","912291f437b8879158d946e3a650c095","7-d7254903ae2fd58881c445b7dec0fb5c","1160571","ایلام","Ilām","آبدانان","Ābdānān","","","","","","","","","","","46977","","","","","","","",""
"","912291f437b8879158d946e3a650baee","7-cfd27952634a27854e99971da6d19f32","1160572","ایلام","Ilām","آبدانان","Ābdānān","کلات","Kalāt","","","","","","","","","6614","","","","","","","",""
"","912291f437b8879158d946e3a650b45f","7-d6ed52cb9f9b9888be600b843f96cdb2","1160573","ایلام","Ilām","آبدانان","Ābdānān","کلات","Kalāt","","","مورموری","Murmuri","","","","","927","","","","","","","",""
"","912291f437b8879158d946e3a650b07c","9-e2c5a1a8b7c7ba06aad8797e298d62bb","1160574","ایلام","Ilām","آبدانان","Ābdānān","کلات","Kalāt","","","مورموری","Murmuri","آبطاف سفلی","Ābtāf-e Soflā","Āwtāf-ı Sufḷā","Mojtaba Gheitasi, field notes 2016","97","","","","Northern Lori 100%","Mojtaba Gheitasi, field notes 2016",32.64250335097752,47.81276443152046,""
"","912291f437b8879158d946e3a650a3e1","9-25c76bf2089ccc1b5d8a4d36562f6541","1160575","ایلام","Ilām","آبدانان","Ābdānān","کلات","Kalāt","","","مورموری","Murmuri","آبطاف علیا","Ābtāf-e Olyā","Āwtāf-ı Ulyā","Mojtaba Gheitasi, field notes 2016","102","","","","Northern Lori 100%","Mojtaba Gheitasi, field notes 2016",32.650453131611556,47.80448177008328,""
"","912291f437b8879158d946e3a650a102","9-11b63508b6c972c1f3331551daa19bda","1160576","ایلام","Ilām","آبدانان","Ābdānān","کلات","Kalāt","","","مورموری","Murmuri","تپه حمام سفلی","Tappeh Hamām-e Soflā","Tapa Hamōm-ı Sufḷā","Mojtaba Gheitasi, field notes 2016","57","","","","Northern Lori 100%","Mojtaba Gheitasi, field notes 2016",32.65861898854617,47.79572703985989,""
"","912291f437b8879158d946e3a6509f40","9-71fad01be2075e25d08cbfc80365e1ff","1160577","ایلام","Ilām","آبدانان","Ābdānān","کلات","Kalāt","","","مورموری","Murmuri","تپه حمام علیا","Tappeh Hamām-e Olyā","Tapa Hamōm-ı Ulyā","Mojtaba Gheitasi, field notes 2016","147","","","","Northern Lori 100%","Mojtaba Gheitasi, field notes 2016",32.66884332395163,47.77062156348478,""
"","912291f437b8879158d946e3a6509100","9-1600ad75c3dbbf48669fc22a7285678c","1160578","ایلام","Ilām","آبدانان","Ābdānān","کلات","Kalāt","","","مورموری","Murmuri","چم شالان","Cham-e Shālān","Cham-ı Shāḷo","Mojtaba Gheitasi, field notes 2016","52","","","","Northern Lori 100%","Mojtaba Gheitasi, field notes 2016",32.62810160824964,47.85241820959332,""
"","912291f437b8879158d946e3a6508da9","9-666156127e9820cca48a087733411709","1160579","ایلام","Ilām","آبدانان","Ābdānān","کلات","Kalāt","","","مورموری","Murmuri","چشمه شیرین رشنو","Cheshmeh Shirin-e Rashnu","Chıshma Shīrīn-ı Ṛashnū","Mojtaba Gheitasi, field notes 2016","78","","","","Kurdali 100%","Mojtaba Gheitasi, field notes 2016",32.70897968458439,47.76217796950405,""
"","912291f437b8879158d946e3a6511c69","9-ebb64676064f24023d5f3a066151879b","1160580","ایلام","Ilām","آبدانان","Ābdānān","کلات","Kalāt","","","مورموری","Murmuri","کن احمدخان","Kan-e Ahmad Khān","Kan-ı Ahma Kho","Mojtaba Gheitasi, field notes 2016","","(3 or fewer households; population not specified in 2011 Census for reasons of privacy)","","","Northern Lori 100%","Mojtaba Gheitasi, field notes 2016",32.68542376930887,47.79531934409093,""
"","912291f437b8879158d946e3a6510ef7","9-a9a2f836a6c71b7c6dee512f23fd83f0","1160581","ایلام","Ilām","آبدانان","Ābdānān","کلات","Kalāt","","","مورموری","Murmuri","کنار جهانگیر","Konār-e Jahāngir","Kwınār-ı Jıngīr","Mojtaba Gheitasi, field notes 2016","","(3 or fewer households; population not specified in 2011 Census for reasons of privacy)","","","Northern Lori 100%","Mojtaba Gheitasi, field notes 2016",32.56982951354021,47.815425182864985,""
"","912291f437b8879158d946e3a65108d1","9-6fd8bbb9d24ac48a9f08eea77d7cf023","1160582","ایلام","Ilām","آبدانان","Ābdānān","کلات","Kalāt","","","مورموری","Murmuri","گلهی","Galhi","Gaḷhī","Mojtaba Gheitasi, field notes 2016","43","","","","Northern Lori 100%","Mojtaba Gheitasi, field notes 2016",32.63999179612399,47.84119584707533,""
"","912291f437b8879158d946e3a650fc0f","9-258b14ddbfa00b116284cc7d27ec5d40","1160583","ایلام","Ilām","آبدانان","Ābdānān","کلات","Kalāt","","","مورموری","Murmuri","لرغه","Largheh","Larqa","Mojtaba Gheitasi, field notes 2016","183","","","","Northern Lori 100%","Mojtaba Gheitasi, field notes 2016",32.75466529845449,47.72132256179341,""
"","912291f437b8879158d946e3a650f99f","9-14284be509caa4786b1916e35b064cda","1160584","ایلام","Ilām","آبدانان","Ābdānān","کلات","Kalāt","","","مورموری","Murmuri","مولاب علیا","Mulāb-e Olyā","Mūlāw-ı Ulyā","Mojtaba Gheitasi, field notes 2016","40","","","","Northern Lori 100%","Mojtaba Gheitasi, field notes 2016",32.686904661527194,47.74212577491268,""
"","912291f437b8879158d946e3a650f700","9-86ccc410b8cf4621dd8175a996fd5765","1160585","ایلام","Ilām","آبدانان","Ābdānān","کلات","Kalāt","","","مورموری","Murmuri","لرغه سفلی","Largheh-ye Soflā","Larqa-y Sufḷā","Mojtaba Gheitasi, field notes 2016","","(3 or fewer households; population not specified in 2011 Census for reasons of privacy)","","","Northern Lori 100%","Mojtaba Gheitasi, field notes 2016",32.74688722157745,47.74968960433194,""
"","912291f437b8879158d946e3a650e72c","9-c9b258f6beef007a678ad6997d404b80","1160586","ایلام","Ilām","آبدانان","Ābdānān","کلات","Kalāt","","","مورموری","Murmuri","تپه حمام وسطی","Tappeh Hamām-e Vostā","Tapa Hamōm-ı Wustā","Mojtaba Gheitasi, field notes 2016","56","","","","Northern Lori 100%","Mojtaba Gheitasi, field notes 2016",32.66019064974873,47.78210141806814,""
"","912291f437b8879158d946e3a650e2d3","7-f90ebeae9e249486f101ec7c7047d7f4","1160587","ایلام","Ilām","آبدانان","Ābdānān","کلات","Kalāt","","","مورموری","Murmuri","مصطفایی","Mostafāi","Mostafāī","Mojtaba Gheitasi, field notes 2016","45","","","","Northern Lori 100%","Mojtaba Gheitasi, field notes 2016","","",""
"","912291f437b8879158d946e3a650d98f","7-9cc34a6c8be28b286eb907886e57f39f","1160588","ایلام","Ilām","آبدانان","Ābdānān","کلات","Kalāt","","","آب انار","Āb Anār","","","","","2158","","","","","","","",""
"","912291f437b8879158d946e3a650ce58","9-7a8dc5a9fcae7de35dee5df5adc1910d","1160589","ایلام","Ilām","آبدانان","Ābdānān","کلات","Kalāt","","","آب انار","Āb Anār","آب انار","Āb-e Anār","Āw-ı Anār","Mojtaba Gheitasi, field notes 2016","1309","","","","Bayray 100%","Mojtaba Gheitasi, field notes 2016",32.75662324559435,47.77040698676484,""
"","912291f437b8879158d946e3a6517994","9-15a2404382f275108ec27b32f9ea078f","1160590","ایلام","Ilām","آبدانان","Ābdānān","کلات","Kalāt","","","آب انار","Āb Anār","چپ و راست","Chap o Rāst","Chap-ı Ṛās","Mojtaba Gheitasi, field notes 2016","30","","","","Northern Lori 100%","Mojtaba Gheitasi, field notes 2016",32.66777759094984,47.9188726201371,""
"","912291f437b8879158d946e3a6516c7c","9-a60223a2d7ef3ed0f44fd9870eddaa7c","1160591","ایلام","Ilām","آبدانان","Ābdānān","کلات","Kalāt","","","آب انار","Āb Anār","چرمل","Charmel","Charmıḷ","Mojtaba Gheitasi, field notes 2016","28","","","","Northern Lori 100%","Mojtaba Gheitasi, field notes 2016",32.68341910778846,47.87619331029797,""
"","912291f437b8879158d946e3a6515d8b","9-1ce409ae61d077afb2e53b18f7c9cbff","1160592","ایلام","Ilām","آبدانان","Ābdānān","کلات","Kalāt","","","آب انار","Āb Anār","چشمه شیرین شاه احمد","Cheshmeh Shirin-e Shāh Ahmad","Chıshma Shīrīn-ı Shāh Ahmad","Mojtaba Gheitasi, field notes 2016","","(3 or fewer households; population not specified in 2011 Census for reasons of privacy)","","","Northern Lori 100%","Mojtaba Gheitasi, field notes 2016",32.77650705297587,47.943205620316995,""
"","912291f437b8879158d946e3a65151b7","9-d6fbaed3fa8ca05c7ca2bbea84d6062f","1160593","ایلام","Ilām","آبدانان","Ābdānān","کلات","Kalāt","","","آب انار","Āb Anār","حونگه","Hunageh","Honaga","Mojtaba Gheitasi, field notes 2016","179","","","","Northern Lori 100%","Mojtaba Gheitasi, field notes 2016",32.755540515168825,47.83117511419782,""
"","912291f437b8879158d946e3a6514a74","9-8decd3488232d3ccb54c7f90d300ebac","1160594","ایلام","Ilām","آبدانان","Ābdānān","کلات","Kalāt","","","آب انار","Āb Anār","سیاه گل","Siāh Gel","Sē Gıḷ","Mojtaba Gheitasi, field notes 2016","276","","","","Northern Lori 100%","Mojtaba Gheitasi, field notes 2016",32.71371900811552,47.82119729666394,""
"","912291f437b8879158d946e3a6514077","9-e4b6cb1bb5ba645282e8b2c957bfb5c0","1160595","ایلام","Ilām","آبدانان","Ābdānān","کلات","Kalāt","","","آب انار","Āb Anār","هلیوه","Haliveh","Haḷīwa","Mojtaba Gheitasi, field notes 2016","293","","","","Northern Lori 100%","Mojtaba Gheitasi, field notes 2016",32.72956908726066,47.85591581014759,""
"","912291f437b8879158d946e3a65137fe","11-94153709ac0348ba1bbcfdad2d7730a6","1160596","ایلام","Ilām","آبدانان","Ābdānān","کلات","Kalāt","","","آب انار","Āb Anār","علی آباد","Ali Ābād","Alī Ābād","Mojtaba Gheitasi, field notes 2016","36","","","","Northern Lori 100%","Mojtaba Gheitasi, field notes 2016",32.69551863294721,47.91011788991371,""
"","912291f437b8879158d946e3a6513362","10-2022b8aaa19f6865ec57663b4662ae04","1160597","ایلام","Ilām","آبدانان","Ābdānān","کلات","Kalāt","مورموری","Murmuri","","","","","Mūrmūrī","Mojtaba Gheitasi, field notes 2016","3529","","","","Northern Lori 100%","Mojtaba Gheitasi, field notes 2016",32.72617334924057,47.67733783425012,""
"","912291f437b8879158d946e3a6512cbb","7-9e182f06856d305b5e1de5c4e90ffa7e","1160598","ایلام","Ilām","آبدانان","Ābdānān","مرکزی","Markazi","","","","","","","","","29499","","","","","","","",""
"","912291f437b8879158d946e3a65129ae","7-7563b920be6cfce2f8875886feb5de99","1160599","ایلام","Ilām","آبدانان","Ābdānān","مرکزی","Markazi","","","ماسبی","Māsbi","","","","","2183","","","","","","","",""
"","912291f437b8879158d946e3a651e377","9-edc58d7077453245c8d6762df7f82731","1160600","ایلام","Ilām","آبدانان","Ābdānān","مرکزی","Markazi","","","ماسبی","Māsbi","سیاه خانی","Siāh Khāni","Sē Khōnī","Mojtaba Gheitasi, field notes 2016","","(3 or fewer households; population not specified in 2011 Census for reasons of privacy)","","","Kurdali 100%","Mojtaba Gheitasi, field notes 2016",33.0250572058166,47.29460456526202,""
"","912291f437b8879158d946e3a651d902","9-1932700b040cd597eaad725e2a9f91d1","1160601","ایلام","Ilām","آبدانان","Ābdānān","مرکزی","Markazi","","","ماسبی","Māsbi","شیلاب","Shilāb","Shīlaw","Mojtaba Gheitasi, field notes 2016","","(3 or fewer households; population not specified in 2011 Census for reasons of privacy)","","","Kurdali 100%","Mojtaba Gheitasi, field notes 2016",33.02632554847102,47.304990078566675,""
"","912291f437b8879158d946e3a651d363","7-85336a7f7b662f3c6494d310d1be136d","1160602","ایلام","Ilām","آبدانان","Ābdānān","مرکزی","Markazi","","","ماسبی","Māsbi","قدح بالا","Qadah-e Bālā","Qaya-y Bāḷā","Mojtaba Gheitasi, field notes 2016","","(3 or fewer households; population not specified in 2011 Census for reasons of privacy)","","","Kurdali 100%","Mojtaba Gheitasi, field notes 2016","","",""
"","912291f437b8879158d946e3a651c44d","7-24a6b4ac6d15c9aaad6fd91cb2cfb145","1160603","ایلام","Ilām","آبدانان","Ābdānān","مرکزی","Markazi","","","ماسبی","Māsbi","قدح پایین","Qadah-e Pāin","Qaya-y Pāīn","Mojtaba Gheitasi, field notes 2016","9","","","","Kurdali 100%","Mojtaba Gheitasi, field notes 2016","","",""
"","912291f437b8879158d946e3a651b9e4","9-37eb75aa3d25526d7c5a7a3eb9bfb9b9","1160604","ایلام","Ilām","آبدانان","Ābdānān","مرکزی","Markazi","","","ماسبی","Māsbi","گنداب","Gandāb","Ganaw","Mojtaba Gheitasi, field notes 2016","1027","","","","Kurdali 100%","Mojtaba Gheitasi, field notes 2016",33.050960157863706,47.263641144398,""
"","912291f437b8879158d946e3a651afb2","11-a8114db9524b6eb5ad9bce361a80cbd3","1160605","ایلام","Ilām","آبدانان","Ābdānān","مرکزی","Markazi","","","ماسبی","Māsbi","راهدارخانه کبیرکوه","Rāhdār Khāneh-ye Kabir Kuh","Ṛādārkhāna-y Kıvır","Mojtaba Gheitasi, field notes 2016","","(3 or fewer households; population not specified in 2011 Census for reasons of privacy)","","","mixed 100%","Mojtaba Gheitasi, field notes 2016",33.065895862375676,47.14117148080048,""
"","912291f437b8879158d946e3a651a89a","9-8dce99fc23920b1cf39b1a6e397c6892","1160606","ایلام","Ilām","آبدانان","Ābdānān","مرکزی","Markazi","","","ماسبی","Māsbi","انجیره و تیشه کند","Anjireh va Tishehkand","Anjīraw Tīshakana","Mojtaba Gheitasi, field notes 2016","1091","","","","Kurdali 100%","Mojtaba Gheitasi, field notes 2016",33.08034358704335,47.19069578804097,""
"","912291f437b8879158d946e3a65199c3","9-680aebc3cb2693bc7fcbfd5bb24d584c","1160607","ایلام","Ilām","آبدانان","Ābdānān","مرکزی","Markazi","","","ماسبی","Māsbi","کله گراز","Kalleh Gorāz","Kaḷ-ı Wırāz","Mojtaba Gheitasi, field notes 2016","35","","","","Kurdali 100%","Mojtaba Gheitasi, field notes 2016",33.094074367811984,47.1499959484566,""
"","912291f437b8879158d946e3a6518df2","7-421ee4b4d6a0a8b8d0067e1076c5beb4","1160608","ایلام","Ilām","آبدانان","Ābdānān","مرکزی","Markazi","","","جابرانصار","Jāber Ānsār","","","","","4415","","","","","","","",""
"","912291f437b8879158d946e3a65182bd","9-6e9a5c03b5fbd6e4980142d7c2ab91fb","1160609","ایلام","Ilām","آبدانان","Ābdānān","مرکزی","Markazi","","","جابرانصار","Jāber Ānsār","هفت چشمه","Haft Cheshmeh","Haf Chıshma","Mojtaba Gheitasi, field notes 2016","1697","","","","Northern Lori 100%","Mojtaba Gheitasi, field notes 2016",32.96758935026608,47.45007612858457,""
"","912291f437b8879158d946e3a65250e7","9-b90b1131112e20feff5f9aec809feec4","1160610","ایلام","Ilām","آبدانان","Ābdānān","مرکزی","Markazi","","","جابرانصار","Jāber Ānsār","ایستگاه رادیو تلویزیون","Istgāh-e Rādio Televiziyun","Īstıgā-y Rādyū Tılıwīzīyūn","Mojtaba Gheitasi, field notes 2016","","(3 or fewer households; population not specified in 2011 Census for reasons of privacy)","","","mixed 100%","Mojtaba Gheitasi, field notes 2016",32.89089234000332,47.301749970082255,""
"","912291f437b8879158d946e3a65243c5","7-6f1cbd0bc8ecb05e764833ec2bb9c719","1160611","ایلام","Ilām","آبدانان","Ābdānān","مرکزی","Markazi","","","جابرانصار","Jāber Ānsār","منطقه ممنوعه سایت","Mantaqeh-ye Mamnu'eh-ye Sāit","Mantaqa-y Mamnū'a-y Sāyt","Mojtaba Gheitasi, field notes 2016","","(3 or fewer households; population not specified in 2011 Census for reasons of privacy)","","","mixed 100%","Mojtaba Gheitasi, field notes 2016","","",""
"","912291f437b8879158d946e3a65237a6","9-2169642fdaa1faf67214d4c633a4813d","1160612","ایلام","Ilām","آبدانان","Ābdānān","مرکزی","Markazi","","","جابرانصار","Jāber Ānsār","بانکت، شمشیرآباد","Bān Kat, Shamshir Ābād","Bān-ı Kat, Shımshēr Ābād","Mojtaba Gheitasi, field notes 2016","314","","","","Kurdali 100%","Mojtaba Gheitasi, field notes 2016",32.95606698228975,47.44647123966942,""
"","912291f437b8879158d946e3a65227cd","7-014aa2ac628d848fde520c7273f07857","1160613","ایلام","Ilām","آبدانان","Ābdānān","مرکزی","Markazi","","","جابرانصار","Jāber Ānsār","دستوار","Dastvār","Daswār","Mojtaba Gheitasi, field notes 2016","","(3 or fewer households; population not specified in 2011 Census for reasons of privacy)","","","Kurdali 100%","Mojtaba Gheitasi, field notes 2016","","",""
"","912291f437b8879158d946e3a652222b","7-b8d26649a3e0d3c4c90d844148f6870d","1160614","ایلام","Ilām","آبدانان","Ābdānān","مرکزی","Markazi","","","جابرانصار","Jāber Ānsār","جابرانصار","Jāber Ansār","Jābır-ı Ansār, Jābır Ansār","Mojtaba Gheitasi, field notes 2016","870","","","","Kurdali 55%; Northern Lori 45%","Mojtaba Gheitasi, field notes 2016","","",""
"","912291f437b8879158d946e3a6522058","7-91d1c321b51e28ec3cfef47761fea69b","1160615","ایلام","Ilām","آبدانان","Ābdānān","مرکزی","Markazi","","","جابرانصار","Jāber Ānsār","ماکروویو و مخابرات","Mākrovio va Mokhāberāt","Mākrōwīyūwu Mıkhābırāt","Mojtaba Gheitasi, field notes 2016","","(3 or fewer households; population not specified in 2011 Census for reasons of privacy)","","","mixed 100%","Mojtaba Gheitasi, field notes 2016","","",""
"","912291f437b8879158d946e3a6521361","9-ff14a6f26ddc4df80615b5d109c35df5","1160616","ایلام","Ilām","آبدانان","Ābdānān","مرکزی","Markazi","","","جابرانصار","Jāber Ānsār","پشت قلعه","Posht Qal'eh","Pēsht Qıḷā","Mojtaba Gheitasi, field notes 2016","1443","","","","Kurdali 55%; Northern Lori 45%","Mojtaba Gheitasi, field notes 2016",32.966365170014505,47.43522741948052,""
"","912291f437b8879158d946e3a6520677","9-e52d7535d8ed5e35b38fa6d6689b47ab","1160617","ایلام","Ilām","آبدانان","Ābdānān","مرکزی","Markazi","آبدانان","Ābdānān","","","","","Āwdānān, Āwāno","Mojtaba Gheitasi, field notes 2016","22901","","","","Kurdali 75%; Northern Lori 20%; mixed 5%","Mojtaba Gheitasi, field notes 2016",32.99150138810421,47.4221742867825,""
"","912291f437b8879158d946e3a651f7c8","7-80506856334d555aec3a83f5efbab2fb","1160618","ایلام","Ilām","آبدانان","Ābdānān","سراب باغ","Sarāb Bāgh","","","","","","","","","10643","","","","","","","",""
"","912291f437b8879158d946e3a651ed19","7-b4053ccc417def4cb5826820431ca647","1160619","ایلام","Ilām","آبدانان","Ābdānān","سراب باغ","Sarāb Bāgh","","","چم کبود","Cham Kabud","","","","","5539","","","","","","","",""
"","912291f437b8879158d946e3a652acc1","7-1cbb648ef5fd445460fb4e1334253072","1160620","ایلام","Ilām","آبدانان","Ābdānān","سراب باغ","Sarāb Bāgh","","","چم کبود","Cham Kabud","بان گنبد","Bān Gonbad","Bān-ı Gwınbad, Bān-ı Gwımıg","Mojtaba Gheitasi, field notes 2016","","(3 or fewer households; population not specified in 2011 Census for reasons of privacy)","","","Northern Lori 100%","Mojtaba Gheitasi, field notes 2016","","",""
"","912291f437b8879158d946e3a652a017","9-41219f813df466ea54d32c74ccb267d4","1160621","ایلام","Ilām","آبدانان","Ābdānān","سراب باغ","Sarāb Bāgh","","","چم کبود","Cham Kabud","چم کبود","Cham Kabud","Cham-ı Kaw","Mojtaba Gheitasi, field notes 2016","1290","","","","Laki 100%","Mojtaba Gheitasi, field notes 2016",32.92143846307198,47.5095691689947,""
"","912291f437b8879158d946e3a65291dd","9-103101b73cc199b3d0a87769a1a0bce1","1160622","ایلام","Ilām","آبدانان","Ābdānān","سراب باغ","Sarāb Bāgh","","","چم کبود","Cham Kabud","طلور","Talur","Tılūr","Mojtaba Gheitasi, field notes 2016","44","","","","Laki 100%","Mojtaba Gheitasi, field notes 2016",32.967464585715085,47.501932201629494,""
"","912291f437b8879158d946e3a6528aac","9-e69228ae79b38c676b65bc7a7484988e","1160623","ایلام","Ilām","آبدانان","Ābdānān","سراب باغ","Sarāb Bāgh","","","چم کبود","Cham Kabud","ماهوته","Māhuteh","Maūta","Mojtaba Gheitasi, field notes 2016","112","","","","Northern Lori 100%","Mojtaba Gheitasi, field notes 2016",32.896253938722886,47.489363225669145,""
"","912291f437b8879158d946e3a652810d","9-4b652840095e56f1c2311aa034a663a2","1160624","ایلام","Ilām","آبدانان","Ābdānān","سراب باغ","Sarāb Bāgh","","","چم کبود","Cham Kabud","وچکاب","Vachkāb","Wachkaw","Mojtaba Gheitasi, field notes 2016","614","","","","Northern Lori 55%; Kurdali 45%","Mojtaba Gheitasi, field notes 2016",32.92852999419926,47.573268232579785,""
"","912291f437b8879158d946e3a6527716","9-8e0525ee4cb652be39df18a60d6b9c23","1160625","ایلام","Ilām","آبدانان","Ābdānān","سراب باغ","Sarāb Bāgh","","","چم کبود","Cham Kabud","وچکبود سفلی","Vachkabud-e Soflā","Wachkaw-ı Sufḷā","Mojtaba Gheitasi, field notes 2016","105","","","","Northern Lori 55%; Kurdali 45%","Mojtaba Gheitasi, field notes 2016",32.91480494260368,47.5600503065561,""
"","912291f437b8879158d946e3a6526ffb","9-4959c8a81a4e32cad4fbe3e13e4b225f","1160626","ایلام","Ilām","آبدانان","Ābdānān","سراب باغ","Sarāb Bāgh","","","چم کبود","Cham Kabud","وچکبود علیا","Vachkabud-e Olyā","Wachkaw-ı Ulyā","Mojtaba Gheitasi, field notes 2016","216","","","","Northern Lori 55%; Kurdali 45%","Mojtaba Gheitasi, field notes 2016",32.92528804806407,47.577645597691934,""
"","912291f437b8879158d946e3a6526367","7-f2922fe52da15de59625e2193e965a7e","1160627","ایلام","Ilām","آبدانان","Ābdānān","سراب باغ","Sarāb Bāgh","","","چم کبود","Cham Kabud","پادگان قدس","Pādegān-e Qods","Pādıgān-ı Qwıds","Mojtaba Gheitasi, field notes 2016","","(3 or fewer households; population not specified in 2011 Census for reasons of privacy)","","","mixed 100%","Mojtaba Gheitasi, field notes 2016","","",""
"","912291f437b8879158d946e3a65262b0","9-d0a2f45fad05bdd9b1f586edf17f37e1","1160628","ایلام","Ilām","آبدانان","Ābdānān","سراب باغ","Sarāb Bāgh","","","چم کبود","Cham Kabud","شهرک هزارانی","Shahrak-e Hezārāni","Shahrak-ı Hızārānī","Mojtaba Gheitasi, field notes 2016","3145","","","","Kurdali 90%; Northern Lori 10%","Mojtaba Gheitasi, field notes 2016",32.94142455931646,47.46683817888324,""
"","912291f437b8879158d946e3a652537a","7-2c1c9d53246305ab29f3f8b83c686e70","1160629","ایلام","Ilām","آبدانان","Ābdānān","سراب باغ","Sarāb Bāgh","","","سراب باغ","Sarāb Bāgh","","","","","2547","","","","","","","",""
"","912291f437b8879158d946e3a652e601","9-90aa86781a17924904cd66783c06e758","1160630","ایلام","Ilām","آبدانان","Ābdānān","سراب باغ","Sarāb Bāgh","","","سراب باغ","Sarāb Bāgh","سراب نقل","Sarāb Noql","Sırāw-ı Nıqıḷ","Mojtaba Gheitasi, field notes 2016","137","","","","Northern Lori 100%","Mojtaba Gheitasi, field notes 2016",32.83962962427007,47.76190581895356,""
"","912291f437b8879158d946e3a652e056","9-9082629271e556570950885a6b9b2a0e","1160631","ایلام","Ilām","آبدانان","Ābdānān","سراب باغ","Sarāb Bāgh","","","سراب باغ","Sarāb Bāgh","سرکوهه","Sar Kuheh","Sar Küẅa","Mojtaba Gheitasi, field notes 2016","18","","","","Northern Lori 100%","Mojtaba Gheitasi, field notes 2016",32.85124266467978,47.67516767918493,""
"","912291f437b8879158d946e3a652d306","9-b994e34b87dc2f66d8bf95313b43833a","1160632","ایلام","Ilām","آبدانان","Ābdānān","سراب باغ","Sarāb Bāgh","","","سراب باغ","Sarāb Bāgh","سیاه گاو","Siāh Gāv","Sīyā Gāw","Mojtaba Gheitasi, field notes 2016","125","","","","Northern Lori 100%","Mojtaba Gheitasi, field notes 2016",32.86278493142136,47.708813309062585,""
"","912291f437b8879158d946e3a652d027","9-38ae9cc8a07e457ad590a3d2bc7ef35c","1160633","ایلام","Ilām","آبدانان","Ābdānān","سراب باغ","Sarāb Bāgh","","","سراب باغ","Sarāb Bāgh","شلت","Shelat","Shıḷat","Mojtaba Gheitasi, field notes 2016","","(3 or fewer households; population not specified in 2011 Census for reasons of privacy)","","","Kurdali 100%","Mojtaba Gheitasi, field notes 2016",32.80364409280533,47.55443158726227,""
"","912291f437b8879158d946e3a652cbcb","9-3eaf4dc171c1f155d3d1e4859f5b7c63","1160634","ایلام","Ilām","آبدانان","Ābdānān","سراب باغ","Sarāb Bāgh","","","سراب باغ","Sarāb Bāgh","گل گل سفلی","Gol Gol-e Soflā","Gwıḷ Gwıḷ-ı Sufḷā","Mojtaba Gheitasi, field notes 2016","160","","","","Kurdali 100%","Mojtaba Gheitasi, field notes 2016",32.86905302753706,47.63377335901096,""
"","912291f437b8879158d946e3a652c765","9-56118d7c74abacd4a7ae4cd212e69a35","1160635","ایلام","Ilām","آبدانان","Ābdānān","سراب باغ","Sarāb Bāgh","","","سراب باغ","Sarāb Bāgh","گل گل علیا","Gol Gol-e Olyā","Gwıl Gwıl-ı Ulyā","Mojtaba Gheitasi, field notes 2016","374","","","","Kurdali 100%","Mojtaba Gheitasi, field notes 2016",32.87496423686828,47.61926797266044,""
"","912291f437b8879158d946e3a652bbec","11-97231523d26988d252e4fc9577d5d3a9","1160636","ایلام","Ilām","آبدانان","Ābdānān","سراب باغ","Sarāb Bāgh","","","سراب باغ","Sarāb Bāgh","مژاره","Mazhāreh","Mazhāra","Mojtaba Gheitasi, field notes 2016","13","","","","Kurdali 100%","Mojtaba Gheitasi, field notes 2016",32.87996726859981,47.679201721542654,""
"","912291f437b8879158d946e3a652b8b1","9-10ce422b6436519af3720bac68dd42f8","1160637","ایلام","Ilām","آبدانان","Ābdānān","سراب باغ","Sarāb Bāgh","","","سراب باغ","Sarāb Bāgh","قدرتی","Qodrati","Qwıdratī","Mojtaba Gheitasi, field notes 2016","20","","","","Kurdali 100%","Mojtaba Gheitasi, field notes 2016",32.81561829513098,47.68168573135557,""
"","912291f437b8879158d946e3a652b390","9-eccc7d88d2c79d6d647b2cab071754d4","1160638","ایلام","Ilām","آبدانان","Ābdānān","سراب باغ","Sarāb Bāgh","","","سراب باغ","Sarāb Bāgh","سرپله","Sar Pelleh","Sar Pēḷa","Mojtaba Gheitasi, field notes 2016","830","","","","Northern Lori 100%","Mojtaba Gheitasi, field notes 2016",32.887866605028286,47.54030373927363,""
"","912291f437b8879158d946e3a652b35b","9-14bfd49e3d096de5dff55b8a9b4cca99","1160639","ایلام","Ilām","آبدانان","Ābdānān","سراب باغ","Sarāb Bāgh","","","سراب باغ","Sarāb Bāgh","ژیور","Zhivar","Jēvar","Mojtaba Gheitasi, field notes 2016","864","","","","Kurdali 100%","Mojtaba Gheitasi, field notes 2016",32.87532466371332,47.604934247687126,""
"","912291f437b8879158d946e3a6534080","9-b86c0c4e8d9fc29a94bbfa756a013e11","1160640","ایلام","Ilām","آبدانان","Ābdānān","سراب باغ","Sarāb Bāgh","","","سراب باغ","Sarāb Bāgh","شهرک صنعتی","Shahrak-e San'ati","Shahrak-ı San'atī","Mojtaba Gheitasi, field notes 2016","","(3 or fewer households; population not specified in 2011 Census for reasons of privacy)","","","Kurdali 100%","Mojtaba Gheitasi, field notes 2016",32.90715071679165,47.57183376823431,""
"","912291f437b8879158d946e3a6533127","9-f0d690e78a1d187f511b186f69dedde3","1160641","ایلام","Ilām","آبدانان","Ābdānān","سراب باغ","Sarāb Bāgh","سراب باغ","Sarāb Bāgh","","","","","Sırāw Bākh","Mojtaba Gheitasi, field notes 2016","2557","","","","Kurdali 100%","Mojtaba Gheitasi, field notes 2016",32.89826037169294,47.57203466884157,""
"","912291f437b8879158d946e3a65325c0","7-fd5271652d501801e83c478d7cce7c9b","1160642","ایلام","Ilām","آبدانان","Ābdānān","","","","","","","","","","","221","","","","","","","",""
"","912291f437b8879158d946e3a6531e65","7-dd4ce63260cdd907079ac448cee527d6","1160643","ایلام","Ilām","آبدانان","Ābdānān","","","","","","","","","","","221","","","","","","","",""
"","912291f437b8879158d946e3a6531afb","7-007037c260b6462dc700678a260023b0","1160644","ایلام","Ilām","آبدانان","Ābdānān","","","","","","","","","","","221","","","","","","","",""
"","912291f437b8879158d946e3a65313f0","7-a31d6f71780976a7ec4f40f95e3913f3","1160645","ایلام","Ilām","ایوان","Eyvān","","","","","","","","","","","48833","","","","","","","",""
"","912291f437b8879158d946e3a653074a","7-e6f21118c863b60de7ebefef54b7a255","1160646","ایلام","Ilām","ایوان","Eyvān","زرنه","Zarneh","","","","","","","","","8890","","","","","","","",""
"","912291f437b8879158d946e3a652fadf","7-6d3dc85db252da2d4989ed6241526947","1160647","ایلام","Ilām","ایوان","Eyvān","زرنه","Zarneh","","","کلان","Kallān","","","","","2900","","","","","","","",""
"","912291f437b8879158d946e3a652ec8c","9-b5057035af7ebd4e1071783e1a69079f","1160648","ایلام","Ilām","ایوان","Eyvān","زرنه","Zarneh","","","کلان","Kallān","بان چنار","Bān Chenār","Bān Chınār","Mojtaba Gheitasi, field notes 2016","","(3 or fewer households; population not specified in 2011 Census for reasons of privacy)","","","Kalhuri 100%","Mojtaba Gheitasi, field notes 2016",33.8948412275674,46.09733390290688,""
"","912291f437b8879158d946e3a652e8bd","9-39f7e491f14ec8cf1a2d3bdc81814444","1160649","ایلام","Ilām","ایوان","Eyvān","زرنه","Zarneh","","","کلان","Kallān","پلیه","Pelyeh","Pılya","Mojtaba Gheitasi, field notes 2016","","(3 or fewer households; population not specified in 2011 Census for reasons of privacy)","","","Kalhuri 100%","Mojtaba Gheitasi, field notes 2016",33.89915978701427,46.04144011827887,""
"","912291f437b8879158d946e3a6539351","9-f75a2c4cdca0407ddc7be8a50aac4b0d","1160650","ایلام","Ilām","ایوان","Eyvān","زرنه","Zarneh","","","کلان","Kallān","تعل","Ta'l","Ta'al","Mojtaba Gheitasi, field notes 2016","","(3 or fewer households; population not specified in 2011 Census for reasons of privacy)","","","Kalhuri 100%","Mojtaba Gheitasi, field notes 2016",33.84756254549661,46.0795476308705,""
"","912291f437b8879158d946e3a6538d5c","7-d7b7f0aa136aac9b82ba0421b3b91fe2","1160651","ایلام","Ilām","ایوان","Eyvān","زرنه","Zarneh","","","کلان","Kallān","توه سیه","Tuveh Siyah","Tūwa Sīya","Mojtaba Gheitasi, field notes 2016","12","","","","Kalhuri 100%","Mojtaba Gheitasi, field notes 2016","","",""
"","912291f437b8879158d946e3a6538abf","9-46793b55fe1406e0020bd387f5a8eb65","1160652","ایلام","Ilām","ایوان","Eyvān","زرنه","Zarneh","","","کلان","Kallān","جل خور","Jel Khor","Jıl Khwar","Mojtaba Gheitasi, field notes 2016","28","","","","Kalhuri 100%","Mojtaba Gheitasi, field notes 2016",33.90542432268805,46.17043587944675,""
"","912291f437b8879158d946e3a6538359","9-3812fdf2dad3ef1956cdcb144b204682","1160653","ایلام","Ilām","ایوان","Eyvān","زرنه","Zarneh","","","کلان","Kallān","داروندسرتنگ","Dārvand-e Sartang","Dārwan-ı Sartang","Mojtaba Gheitasi, field notes 2016","253","","","","Kalhuri 100%","Mojtaba Gheitasi, field notes 2016",33.90651564272044,46.16155748104448,""
"","912291f437b8879158d946e3a6537a77","9-3e10ee5d58ee27c8a9b1f9f00c275c64","1160654","ایلام","Ilām","ایوان","Eyvān","زرنه","Zarneh","","","کلان","Kallān","درگ","Dereg","Dıṛıg","Mojtaba Gheitasi, field notes 2016","","(3 or fewer households; population not specified in 2011 Census for reasons of privacy)","","","Kalhuri 100%","Mojtaba Gheitasi, field notes 2016",33.88257155727207,46.12553142221578,""
"","912291f437b8879158d946e3a65371da","9-1b7643ff43430aca3b20058a58a64dc1","1160655","ایلام","Ilām","ایوان","Eyvān","زرنه","Zarneh","","","کلان","Kallān","سان نیری","Sān-e Neyri","Sān Nırī","Mojtaba Gheitasi, field notes 2016","","(3 or fewer households; population not specified in 2011 Census for reasons of privacy)","","","Kalhuri 100%","Mojtaba Gheitasi, field notes 2016",33.910475259853584,46.060081470929795,""
"","912291f437b8879158d946e3a65369b4","9-bc0635f7fde1615b2d38c2734c621d6e","1160656","ایلام","Ilām","ایوان","Eyvān","زرنه","Zarneh","","","کلان","Kallān","سپاه","Sepāh","Sē Pā","Mojtaba Gheitasi, field notes 2016","","(3 or fewer households; population not specified in 2011 Census for reasons of privacy)","","","Kalhuri 100%","Mojtaba Gheitasi, field notes 2016",33.9047676229971,46.06965695711199,""
"","912291f437b8879158d946e3a6535c3e","11-eaed14b458b86b09c18218c316666b80","1160657","ایلام","Ilām","ایوان","Eyvān","زرنه","Zarneh","","","کلان","Kallān","سرتنگ","Sartang","Sartang","Mojtaba Gheitasi, field notes 2016","332","","","","Kalhuri 100%","Mojtaba Gheitasi, field notes 2016",33.908901984546425,46.159926697964124,""
"","912291f437b8879158d946e3a6534e0b","9-9b8f80f12f1eb2cf84fbfb4dc0c72dca","1160658","ایلام","Ilām","ایوان","Eyvān","زرنه","Zarneh","","","کلان","Kallān","سیاه گل","Siāh Gel","Saya Gıḷ","Mojtaba Gheitasi, field notes 2016","","(3 or fewer households; population not specified in 2011 Census for reasons of privacy)","","","Kalhuri 100%","Mojtaba Gheitasi, field notes 2016",33.90621737838415,46.07155787427746,""
"","912291f437b8879158d946e3a65347ac","9-36e66f57a52c9fc27c0d1a2fc58dfa82","1160659","ایلام","Ilām","ایوان","Eyvān","زرنه","Zarneh","","","کلان","Kallān","گیلانه","Gilāneh","Gyaḷāna","Mojtaba Gheitasi, field notes 2016","25","","","","Kalhuri 100%","Mojtaba Gheitasi, field notes 2016",33.8875837598782,46.066007839765106,""
"","912291f437b8879158d946e3a653ecbb","9-785f62f59375e61a37e0da156dff564d","1160660","ایلام","Ilām","ایوان","Eyvān","زرنه","Zarneh","","","کلان","Kallān","مزرعه بان بکر","Mazra'eh-ye Bān Bakr","Mazra'a-y Bān-ı Bakır","Mojtaba Gheitasi, field notes 2016","","(3 or fewer households; population not specified in 2011 Census for reasons of privacy)","","","Kalhuri 100%","Mojtaba Gheitasi, field notes 2016",33.905410975591444,46.013588059871964,""
"","912291f437b8879158d946e3a653dfa5","7-a6b03e4aae5ded6476b168fbe4b12bf1","1160661","ایلام","Ilām","ایوان","Eyvān","زرنه","Zarneh","","","کلان","Kallān","ناخوره","Nākhoreh","Nākhwıṛa","Mojtaba Gheitasi, field notes 2016","","(3 or fewer households; population not specified in 2011 Census for reasons of privacy)","","","Kalhuri 100%","Mojtaba Gheitasi, field notes 2016","","",""
"","912291f437b8879158d946e3a653db51","7-beeab1bd14b8e307ac59f586f902139d","1160662","ایلام","Ilām","ایوان","Eyvān","زرنه","Zarneh","","","کلان","Kallān","سد کنگیر","Sadd-e Kangir","Sad-ı Gangīr","Mojtaba Gheitasi, field notes 2016","","(3 or fewer households; population not specified in 2011 Census for reasons of privacy)","","","mixed 100%","Mojtaba Gheitasi, field notes 2016","","",""
"","912291f437b8879158d946e3a653d67d","9-63102105f07e6ca55b3e01328d011b40","1160663","ایلام","Ilām","ایوان","Eyvān","زرنه","Zarneh","","","کلان","Kallān","حاجی حاضر","Hāji Hāzer","Hājī Hāzır","Mojtaba Gheitasi, field notes 2016","53","","","","Kalhuri 100%","Mojtaba Gheitasi, field notes 2016",33.90395112850043,46.21601703755789,""
"","912291f437b8879158d946e3a653d59a","9-9928658731f19dde89238c41943d3c7b","1160664","ایلام","Ilām","ایوان","Eyvān","زرنه","Zarneh","","","کلان","Kallān","شاله شوری","Shāleh Shuri","Shāḷa Shūṛī","Mojtaba Gheitasi, field notes 2016","98","","","","Kalhuri 100%","Mojtaba Gheitasi, field notes 2016",33.89568720998762,46.19576099508023,""
"","912291f437b8879158d946e3a653c647","9-b0be599dc0fe503a8b00baccf7e300f6","1160665","ایلام","Ilām","ایوان","Eyvān","زرنه","Zarneh","","","کلان","Kallān","کپنه کران","Kapneh Kerān","Kapna Kırān","Mojtaba Gheitasi, field notes 2016","625","","","","Kalhuri 100%","Mojtaba Gheitasi, field notes 2016",33.89942744473751,46.16992595785265,""
"","912291f437b8879158d946e3a653baaa","9-c484f56332fb39dc498a75f6f2ba236c","1160666","ایلام","Ilām","ایوان","Eyvān","زرنه","Zarneh","","","کلان","Kallān","کلان","Kalān","Kalān","Mojtaba Gheitasi, field notes 2016","556","","","","Kalhuri 100%","Mojtaba Gheitasi, field notes 2016",33.889025623761725,46.20747688405624,""
"","912291f437b8879158d946e3a653acbf","9-1ff791f4d63ce9b9846a1d6d37bedeb6","1160667","ایلام","Ilām","ایوان","Eyvān","زرنه","Zarneh","","","کلان","Kallān","میرعلمدار","Mir Alamdār","Iḷamdār","Mojtaba Gheitasi, field notes 2016","240","","","","Kalhuri 100%","Mojtaba Gheitasi, field notes 2016",33.88589057962452,46.218377381490725,""
"","912291f437b8879158d946e3a653a1d3","9-0a66032469090ac607830696590663e6","1160668","ایلام","Ilām","ایوان","Eyvān","زرنه","Zarneh","","","کلان","Kallān","نهرخان سفلی","Nahr-e Khān-e Soflā","Nahr-ı Khān-ı Sufḷā","Mojtaba Gheitasi, field notes 2016","174","","","","Kalhuri 100%","Mojtaba Gheitasi, field notes 2016",33.89073559927381,46.19146946065714,""
"","912291f437b8879158d946e3a653966d","9-70ae245f4743e5e7e63686570bd9ef93","1160669","ایلام","Ilām","ایوان","Eyvān","زرنه","Zarneh","","","کلان","Kallān","نهرخان علیا","Nahr-e Khān-e Olyā","Nahr-ı Khān-ı Ulyā","Mojtaba Gheitasi, field notes 2016","423","","","","Kalhuri 100%","Mojtaba Gheitasi, field notes 2016",33.88218537892371,46.201468735863735,""
"","912291f437b8879158d946e3a6542fb2","7-b18e4ed5dda9ad2e400f9dcda00b6214","1160670","ایلام","Ilām","ایوان","Eyvān","زرنه","Zarneh","","","زرنه","Zarneh","","","","","2872","","","","","","","",""
"","912291f437b8879158d946e3a6542c7c","9-7d122fdd1d818ea040fa90caf28eb623","1160671","ایلام","Ilām","ایوان","Eyvān","زرنه","Zarneh","","","زرنه","Zarneh","روان","Ravān","Rūwān","Mojtaba Gheitasi, field notes 2016","","(3 or fewer households; population not specified in 2011 Census for reasons of privacy)","","","Kalhuri 100%","Mojtaba Gheitasi, field notes 2016",33.963164808428274,46.00601265460834,""
"","912291f437b8879158d946e3a654286d","9-3db25b5145c72b2d98483bd2f47e0d2f","1160672","ایلام","Ilām","ایوان","Eyvān","زرنه","Zarneh","","","زرنه","Zarneh","باباگیر","Bābāgir","Bāwayr","Mojtaba Gheitasi, field notes 2016","198","","","","Kalhuri 100%","Mojtaba Gheitasi, field notes 2016",34.00626026523412,46.091934189491774,""
"","912291f437b8879158d946e3a654247b","9-49cc0dbe4f9405bba0f2ad0e0247fedb","1160673","ایلام","Ilām","ایوان","Eyvān","زرنه","Zarneh","","","زرنه","Zarneh","ترن","Teran","Tırın","Mojtaba Gheitasi, field notes 2016","426","","","","Kalhuri 100%","Mojtaba Gheitasi, field notes 2016",33.94876854356938,46.13944360851455,""
"","912291f437b8879158d946e3a65414a1","7-d96664a8ee09a5dcbdc850ff52c16f1d","1160674","ایلام","Ilām","ایوان","Eyvān","زرنه","Zarneh","","","زرنه","Zarneh","چشمه مرو","Cheshmeh Maru","Chıyanī Marū, Tıyani Marū","Mojtaba Gheitasi, field notes 2016","","(3 or fewer households; population not specified in 2011 Census for reasons of privacy)","","","Kalhuri 100%","Mojtaba Gheitasi, field notes 2016","","",""
"","912291f437b8879158d946e3a6541206","9-8ba193eb0587f2e0af779d6f5f94f015","1160675","ایلام","Ilām","ایوان","Eyvān","زرنه","Zarneh","","","زرنه","Zarneh","چهل زرعی","Chehel Zar'i","Chıl Zarī","Mojtaba Gheitasi, field notes 2016","349","","","","Kalhuri 100%","Mojtaba Gheitasi, field notes 2016",33.998006276135385,46.06262300938083,""
"","912291f437b8879158d946e3a6540aed","7-5d43427fc0b12ef649b5860a43eef02c","1160676","ایلام","Ilām","ایوان","Eyvān","زرنه","Zarneh","","","زرنه","Zarneh","دیزگران","Dizgarān","Dēzgırān","Mojtaba Gheitasi, field notes 2016","","(3 or fewer households; population not specified in 2011 Census for reasons of privacy)","","","Kalhuri 100%","Mojtaba Gheitasi, field notes 2016","","",""
"","912291f437b8879158d946e3a6540346","9-5c8b207af1a998d1ea0c2d7150c79fdb","1160677","ایلام","Ilām","ایوان","Eyvān","زرنه","Zarneh","","","زرنه","Zarneh","شورابه خوران","Shurābeh-ye Khorān","Shūrāwa-y Khwıṛān","Mojtaba Gheitasi, field notes 2016","264","","","","Kalhuri 100%","Mojtaba Gheitasi, field notes 2016",33.9461158690881,46.1289272162201,""
"","912291f437b8879158d946e3a653f4f1","9-326fa2770f0bc07ac7986fc1490f7b2e","1160678","ایلام","Ilām","ایوان","Eyvān","زرنه","Zarneh","","","زرنه","Zarneh","میاندار زرنه","Miāndār-e Zarneh","Nāwdār-ı Zaṛna","Mojtaba Gheitasi, field notes 2016","","(3 or fewer households; population not specified in 2011 Census for reasons of privacy)","","","Kalhuri 100%","Mojtaba Gheitasi, field notes 2016",33.962170399330404,46.14227388827647,""
"","912291f437b8879158d946e3a653ee51","9-40217be15e387b7acd0c6f5ea77ae79f","1160679","ایلام","Ilām","ایوان","Eyvān","زرنه","Zarneh","","","زرنه","Zarneh","میوانه","Mivāneh","Mēwāna","Mojtaba Gheitasi, field notes 2016","27","","","","Kalhuri 100%","Mojtaba Gheitasi, field notes 2016",34.02081841757837,46.064811691937344,""
"","912291f437b8879158d946e3a65494af","9-00f4dd3903e5b58abd024e224d09d1a6","1160680","ایلام","Ilām","ایوان","Eyvān","زرنه","Zarneh","","","زرنه","Zarneh","ویله","Vileh","Wēḷa","Mojtaba Gheitasi, field notes 2016","189","","","","Kalhuri 100%","Mojtaba Gheitasi, field notes 2016",34.004196843156855,46.04691599339162,""
"","912291f437b8879158d946e3a6548ea3","9-fac3a75c42ec52a77a0cc6f425ed29c9","1160681","ایلام","Ilām","ایوان","Eyvān","زرنه","Zarneh","","","زرنه","Zarneh","قرارگاه غرب","Qarārgāh-e Gharb","Qırārgāī Qarb","Mojtaba Gheitasi, field notes 2016","","(3 or fewer households; population not specified in 2011 Census for reasons of privacy)","","","mixed 100%","Mojtaba Gheitasi, field notes 2016",33.98060178437092,46.03737304240586,""
"","912291f437b8879158d946e3a6548406","9-a2d306515e5447111dbbfed5c48a6b78","1160682","ایلام","Ilām","ایوان","Eyvān","زرنه","Zarneh","","","زرنه","Zarneh","صداقت","Sedāqat","Sıdāqat","Mojtaba Gheitasi, field notes 2016","43","","","","Kalhuri 100%","Mojtaba Gheitasi, field notes 2016",34.0109650358448,46.08689163654439,""
"","912291f437b8879158d946e3a6548016","7-e9a5a55038e851d47d67e6121d32df47","1160683","ایلام","Ilām","ایوان","Eyvān","زرنه","Zarneh","","","زرنه","Zarneh","منطقه نظامی چهل زرعی","Mantaqeh-ye Nezāmi-ye Chehel Zar'i","Mantaqa-y Nızāmī-yı Chıl Zarī","Mojtaba Gheitasi, field notes 2016","","(3 or fewer households; population not specified in 2011 Census for reasons of privacy)","","","mixed 100%","Mojtaba Gheitasi, field notes 2016","","",""
"","912291f437b8879158d946e3a65474b5","7-2e916104d2d10c7341a5ca979458495b","1160684","ایلام","Ilām","ایوان","Eyvān","زرنه","Zarneh","","","زرنه","Zarneh","مرغداری نظری","Morghdāri-e Nazari","Mırkhdārī-yı Nazarī","Mojtaba Gheitasi, field notes 2016","","(3 or fewer households; population not specified in 2011 Census for reasons of privacy)","","","Kalhuri 100%","Mojtaba Gheitasi, field notes 2016","","",""
"","912291f437b8879158d946e3a6546588","9-d3b4f653ddb0d93051c0cb6322744d94","1160685","ایلام","Ilām","ایوان","Eyvān","زرنه","Zarneh","","","زرنه","Zarneh","باسکله گرمه","Bāskeleh-ye Garmeh","Bāskıḷa","Mojtaba Gheitasi, field notes 2016","346","","","","Kalhuri 100%","Mojtaba Gheitasi, field notes 2016",33.94497707226992,46.26784631845816,""
"","912291f437b8879158d946e3a6545b9b","9-460e5cf11a0657ad3f1de18d3a390fb0","1160686","ایلام","Ilām","ایوان","Eyvān","زرنه","Zarneh","","","زرنه","Zarneh","چهارمله","Chahār Melleh","Chwār Mılya","Mojtaba Gheitasi, field notes 2016","839","","","","Kalhuri 100%","Mojtaba Gheitasi, field notes 2016",33.9407403928188,46.28999063608245,""
"","912291f437b8879158d946e3a654590f","9-0c26209a9a9e340a457a3e9c273a94e0","1160687","ایلام","Ilām","ایوان","Eyvān","زرنه","Zarneh","زرنه","Zarneh","","","","","Zaṛna","Mojtaba Gheitasi, field notes 2016","3118","","","","Kalhuri 100%","Mojtaba Gheitasi, field notes 2016",33.9285006753783,46.18192083846686,""
"","912291f437b8879158d946e3a654491d","7-9366898001fc7567c395a88d26aab3ff","1160688","ایلام","Ilām","ایوان","Eyvān","مرکزی","Markazi","","","","","","","","","39909","","","","","","","",""
"","912291f437b8879158d946e3a654394c","7-b283900ab81ddb428865bdcb69ef6133","1160689","ایلام","Ilām","ایوان","Eyvān","مرکزی","Markazi","","","سراب","Sarāb","","","","","4042","","","","","","","",""
"","912291f437b8879158d946e3a654d57c","9-bf798717d3d586a89af45c639f7f0c7a","1160690","ایلام","Ilām","ایوان","Eyvān","مرکزی","Markazi","","","سراب","Sarāb","داراب","Dārāb","Dārā","Mojtaba Gheitasi, field notes 2016","246","","","","Kalhuri 100%","Mojtaba Gheitasi, field notes 2016",33.81425148034422,46.32146510332114,""
"","912291f437b8879158d946e3a654c69f","9-5f5cd48118f688f5a02402f8faedeb90","1160691","ایلام","Ilām","ایوان","Eyvān","مرکزی","Markazi","","","سراب","Sarāb","گاوسوار","Gāv Savār","Gāw Suwār","Mojtaba Gheitasi, field notes 2016","282","","","","Kalhuri 100%","Mojtaba Gheitasi, field notes 2016",33.81091263576892,46.29200490846011,""
"","912291f437b8879158d946e3a654be09","11-837cee066995bd8f2fa5c9650bf4db4c","1160692","ایلام","Ilām","ایوان","Eyvān","مرکزی","Markazi","","","سراب","Sarāb","دوبیران سفلی","Dobirān-e Soflā","Dōwērān-ı Sufḷā","Mojtaba Gheitasi, field notes 2016","280","","","","Kalhuri 100%","Mojtaba Gheitasi, field notes 2016",33.842343828999084,46.29919203966416,""
"","912291f437b8879158d946e3a654bbfc","9-6bb9376696a14f6f886440416e5bc42a","1160693","ایلام","Ilām","ایوان","Eyvān","مرکزی","Markazi","","","سراب","Sarāb","دوبیران علیا","Dobirān-e Olyā","Dōwērān-ı Ulyā","Mojtaba Gheitasi, field notes 2016","733","","","","Kalhuri 100%","Mojtaba Gheitasi, field notes 2016",33.837032658596605,46.306702224905244,""
"","912291f437b8879158d946e3a654b8e1","9-bab1a62286c4acc588aac5158ac3aa74","1160694","ایلام","Ilām","ایوان","Eyvān","مرکزی","Markazi","","","سراب","Sarāb","شیره چقا چالانچی","Shireh Cheqā Chālānchi","Shīra Chıgāī Chāḷānchī","Mojtaba Gheitasi, field notes 2016","73","","","","Kalhuri 100%","Mojtaba Gheitasi, field notes 2016",33.82032568118566,46.28101858033657,""
"","912291f437b8879158d946e3a654b195","9-b278bd9e510a19d2d5287a56c0799bae","1160695","ایلام","Ilām","ایوان","Eyvān","مرکزی","Markazi","","","سراب","Sarāb","چالانچی علیا","Chālānchi-ye Olyā","Chāḷānchī-yı Ulyā","Mojtaba Gheitasi, field notes 2016","459","","","","Kalhuri 100%","Mojtaba Gheitasi, field notes 2016",33.806050196843955,46.3278594896117,""
"","912291f437b8879158d946e3a654af64","9-87aabb486460716ca247037d400a357b","1160696","ایلام","Ilām","ایوان","Eyvān","مرکزی","Markazi","","","سراب","Sarāb","خرابانان سفلی","Kharābānān-e Soflā","Khıḷ Aynālī, Khırābānān-ı Sufḷā","Mojtaba Gheitasi, field notes 2016","63","","","","Kalhuri 100%","Mojtaba Gheitasi, field notes 2016",33.78779060393521,46.340905754258166,""
"","912291f437b8879158d946e3a654a73e","9-378383f4d6ba006d9e15dc9a97db8bac","1160697","ایلام","Ilām","ایوان","Eyvān","مرکزی","Markazi","","","سراب","Sarāb","خرابانان علیا","Kharābānān-e Olyā","Khıḷ Aynālī, Khırābānān-ı Ulyā","Mojtaba Gheitasi, field notes 2016","184","","","","Kalhuri 100%","Mojtaba Gheitasi, field notes 2016",33.77858306391045,46.34949001205876,""
"","912291f437b8879158d946e3a6549bfe","9-b5a044055e1b8b80467a4d58851d5691","1160698","ایلام","Ilām","ایوان","Eyvān","مرکزی","Markazi","","","سراب","Sarāb","کل کل علیا","Kol Kol-e Olyā","Kwıḷ Kwıḷ-ı Ulyā","Mojtaba Gheitasi, field notes 2016","145","","","","Kalhuri 100%","Mojtaba Gheitasi, field notes 2016",33.79799077861856,46.33292350023088,""
"","912291f437b8879158d946e3a6549704","11-12de5bf7ae191a4723375b22777e1025","1160699","ایلام","Ilām","ایوان","Eyvān","مرکزی","Markazi","","","سراب","Sarāb","نسارهلشی","Nesār-e Halashi","Nısār-ı Haḷashī","Mojtaba Gheitasi, field notes 2016","","(3 or fewer households; population not specified in 2011 Census for reasons of privacy)","","","Kalhuri 100%","Mojtaba Gheitasi, field notes 2016",33.78485199620095,46.32657321823927,""
"","912291f437b8879158d946e3a655347f","9-48ad402dc51e631d73cd92eb8687ece0","1160700","ایلام","Ilām","ایوان","Eyvān","مرکزی","Markazi","","","سراب","Sarāb","امامزاده سید عبدلله","Emāmzādeh Seyd Abdollāh","Imāmzāda Say Avdılā","Mojtaba Gheitasi, field notes 2016","","(3 or fewer households; population not specified in 2011 Census for reasons of privacy)","","","Kalhuri 100%","Mojtaba Gheitasi, field notes 2016",33.77838687370297,46.32556470764961,""
"","912291f437b8879158d946e3a65526ec","9-6a3143395444450ed7ab8a3d2e35e269","1160701","ایلام","Ilām","ایوان","Eyvān","مرکزی","Markazi","","","سراب","Sarāb","مجتمع گاوداری فارغ التحصیلان 1","Mojtame'eh Gāvdāri-ye Fāregh-ot-Tahsilān 1","Mujtama-y Gāwdārī-yı Fārıqu Tahsīlān 1","Mojtaba Gheitasi, field notes 2016","22","","","","Kalhuri 100%","Mojtaba Gheitasi, field notes 2016",33.7910223889275,46.30517991913926,""
"","912291f437b8879158d946e3a655246e","9-c3b8d672b967c5f2191abeea1a394813","1160702","ایلام","Ilām","ایوان","Eyvān","مرکزی","Markazi","","","سراب","Sarāb","مجتمع گاوداری فارغ التحصیلان 2","Mojtame'eh Gāvdāri-ye Fāregh-ot-Tahsilān 2","Mujtama-y Gāwdārī-yı Fārıqu Tahsīlān 2","Mojtaba Gheitasi, field notes 2016","34","","","","Kalhuri 100%","Mojtaba Gheitasi, field notes 2016",33.78462015196942,46.31444963349339,""
"","912291f437b8879158d946e3a65522d8","9-6cb0f1489995a2720df55b1de39c8a00","1160703","ایلام","Ilām","ایوان","Eyvān","مرکزی","Markazi","","","سراب","Sarāb","سراب دولت آباد","Sarāb-e Dowlat Ābād","Sırāw","Mojtaba Gheitasi, field notes 2016","1506","","","","Kalhuri 100%","Mojtaba Gheitasi, field notes 2016",33.755804162788564,46.36444600952367,""
"","912291f437b8879158d946e3a6551504","7-e0aaf05d060d868192639b3d66ef73a8","1160704","ایلام","Ilām","ایوان","Eyvān","مرکزی","Markazi","","","نبوت","Nabovat","","","","","6467","","","","","","","",""
"","912291f437b8879158d946e3a6550dc3","9-d05bec4c7b6f5623ff70541b6649936c","1160705","ایلام","Ilām","ایوان","Eyvān","مرکزی","Markazi","","","نبوت","Nabovat","بلیین","Balyeyn","Balyayn","Mojtaba Gheitasi, field notes 2016","106","","","","Kalhuri 100%","Mojtaba Gheitasi, field notes 2016",33.86110899009997,46.193658143212765,""
"","912291f437b8879158d946e3a6550866","9-85672afb5762237e6f64d56bdcf8deca","1160706","ایلام","Ilām","ایوان","Eyvān","مرکزی","Markazi","","","نبوت","Nabovat","جوب گوهر سفلی","Jub-e Gowhar-e Soflā","Khıḷ-ı Jānālī, Jū-wı Gawhar-ı Sufḷā","Mojtaba Gheitasi, field notes 2016","78","","","","Kalhuri 100%","Mojtaba Gheitasi, field notes 2016",33.87162111095954,46.21932151906404,""
"","912291f437b8879158d946e3a654fd5b","9-8441270056baddfa2c2ab213f32b1806","1160707","ایلام","Ilām","ایوان","Eyvān","مرکزی","Markazi","","","نبوت","Nabovat","چفته","Chafteh","Chafta","Mojtaba Gheitasi, field notes 2016","","(3 or fewer households; population not specified in 2011 Census for reasons of privacy)","","","Kalhuri 100%","Mojtaba Gheitasi, field notes 2016",33.8414576534206,46.212133198906464,""
"","912291f437b8879158d946e3a654f080","9-ec8e7bc57a0d2a9676e37b7b15c9c092","1160708","ایلام","Ilām","ایوان","Eyvān","مرکزی","Markazi","","","نبوت","Nabovat","خوران سفلی","Khorān-e Soflā","Malayl, Khwıṛān-ı Sufḷā","Mojtaba Gheitasi, field notes 2016","141","","","","Kalhuri 100%","Mojtaba Gheitasi, field notes 2016",33.82949356331146,46.24240997426074,""
"","912291f437b8879158d946e3a654e104","9-cee3dee1a18e69fd1245bc64d884360f","1160709","ایلام","Ilām","ایوان","Eyvān","مرکزی","Markazi","","","نبوت","Nabovat","خوران علیا","Khorān-e Olyā","Khwıṛān-ı Ulyā","Mojtaba Gheitasi, field notes 2016","524","","","","Kalhuri 100%","Mojtaba Gheitasi, field notes 2016",33.82425289817367,46.246959000749186,""
"","912291f437b8879158d946e3a6556fdd","10-dcade6a58130679ee6fb5b316ae8bf6b","1160710","ایلام","Ilām","ایوان","Eyvān","مرکزی","Markazi","","","نبوت","Nabovat","شورابه ملک","Shurābeh-ye Malek","Shūrāwa-y Maḷıg","Mojtaba Gheitasi, field notes 2016","190","","","","Kalhuri 100%","Mojtaba Gheitasi, field notes 2016",33.87482794098458,46.21400001637948,""
"","912291f437b8879158d946e3a655657b","9-59abd19b0de2f605d99a14f706d657a8","1160711","ایلام","Ilām","ایوان","Eyvān","مرکزی","Markazi","","","نبوت","Nabovat","لینجاب شریف","Linjāb Sharif","Līnjāb Sharīf","Mojtaba Gheitasi, field notes 2016","62","","","","Kalhuri 100%","Mojtaba Gheitasi, field notes 2016",33.83648061712897,46.23520019642956,""
"","912291f437b8879158d946e3a65564ee","9-bba4ef9d78938ad4504014b58127f36a","1160712","ایلام","Ilām","ایوان","Eyvān","مرکزی","Markazi","","","نبوت","Nabovat","ماژین","Māzhin","Māzhīn","Mojtaba Gheitasi, field notes 2016","61","","","","Kalhuri 100%","Mojtaba Gheitasi, field notes 2016",33.813806260535,46.26386764637708,""
"","912291f437b8879158d946e3a655601b","9-0e475719684a294e8357241cd793cb9a","1160713","ایلام","Ilām","ایوان","Eyvān","مرکزی","Markazi","","","نبوت","Nabovat","ماژین میانه سرخ","Māzhin-e Miān Sorkh","Māzhīn-ı Mīyāna Sẅarī","Mojtaba Gheitasi, field notes 2016","401","","","","Kalhuri 100%","Mojtaba Gheitasi, field notes 2016",33.818334481989204,46.25507000080916,""
"","912291f437b8879158d946e3a65556e4","9-2a7d29de3a625fd6198b9de9afe2e89e","1160714","ایلام","Ilām","ایوان","Eyvān","مرکزی","Markazi","","","نبوت","Nabovat","ونیت علیا","Venit-e Olyā","Wınayt-ı Ulyā","Mojtaba Gheitasi, field notes 2016","163","","","","Kalhuri 100%","Mojtaba Gheitasi, field notes 2016",33.836623204116826,46.22563007466644,""
"","912291f437b8879158d946e3a6554aef","9-feec513b3ac594015cb05b36263d4a6b","1160715","ایلام","Ilām","ایوان","Eyvān","مرکزی","Markazi","","","نبوت","Nabovat","پلنگرد","Palangard","Paḷangırd, Bāngaṛ","Mojtaba Gheitasi, field notes 2016","522","","","","Kalhuri 100%","Mojtaba Gheitasi, field notes 2016",33.839118437906734,46.27566936604124,""
"","912291f437b8879158d946e3a65545ff","9-4c392eb592627b9958bebb457c5d3d75","1160716","ایلام","Ilām","ایوان","Eyvān","مرکزی","Markazi","","","نبوت","Nabovat","جوب گوهرعلیا","Jub-e Gowhar-e Olyā","Khıḷ-ı Jānālī, Jū-wı Gawhar-ı Ulyā","Mojtaba Gheitasi, field notes 2016","306","","","","Kalhuri 100%","Mojtaba Gheitasi, field notes 2016",33.8654208979407,46.233354836627456,""
"","912291f437b8879158d946e3a6554030","9-e5c61d4f02ee836adbf7755f969c1c5f","1160717","ایلام","Ilām","ایوان","Eyvān","مرکزی","Markazi","","","نبوت","Nabovat","شریف","Sharif","Sharīf","Mojtaba Gheitasi, field notes 2016","26","","","","Kalhuri 100%","Mojtaba Gheitasi, field notes 2016",33.8450354153748,46.23949173085264,""
"","912291f437b8879158d946e3a65538c9","9-dc25711a8a1e405b0ec7e3caea93cad6","1160718","ایلام","Ilām","ایوان","Eyvān","مرکزی","Markazi","","","نبوت","Nabovat","علیگه","Aliageh","Gaṛ-ı Alyaga  ","Mojtaba Gheitasi, field notes 2016","147","","","","Kalhuri 100%","Mojtaba Gheitasi, field notes 2016",33.85398139230278,46.23627308003555,""
"","912291f437b8879158d946e3a6553797","9-24981032f760c909d52d8e729b6208f1","1160719","ایلام","Ilām","ایوان","Eyvān","مرکزی","Markazi","","","نبوت","Nabovat","کله جوب","Koleh Jub","Kwıḷa Jū","Mojtaba Gheitasi, field notes 2016","703","","","","Kalhuri 100%","Mojtaba Gheitasi, field notes 2016",33.87286822584174,46.24288204304695,""
"","912291f437b8879158d946e3a655b786","9-9869562971536d76bea60e04e40e657b","1160720","ایلام","Ilām","ایوان","Eyvān","مرکزی","Markazi","","","نبوت","Nabovat","نرگسی","Nargesi","Nargısī","Mojtaba Gheitasi, field notes 2016","94","","","","Kalhuri 100%","Mojtaba Gheitasi, field notes 2016",33.84164924347339,46.25468376271111,""
"","912291f437b8879158d946e3a655b607","9-549f26b62342e6474905f8203ea818fc","1160721","ایلام","Ilām","ایوان","Eyvān","مرکزی","Markazi","","","نبوت","Nabovat","برزه خوران","Barzeh Khorān","Shāshāēl, Barza-y Khwıṛān","Mojtaba Gheitasi, field notes 2016","31","","","","Kalhuri 100%","Mojtaba Gheitasi, field notes 2016",33.8358879874096,46.250982314272356,""
"","912291f437b8879158d946e3a655a9c4","9-f4d878e5a31478437cf2f9a5641bd159","1160722","ایلام","Ilām","ایوان","Eyvān","مرکزی","Markazi","","","نبوت","Nabovat","شهرک نبوت","Shahrak-e Nabovvat","Khıḷ-ı Sımāylī, Shahrak-ı Nabuwat","Mojtaba Gheitasi, field notes 2016","1515","","","","Kalhuri 100%","Mojtaba Gheitasi, field notes 2016",33.85469417885151,46.27081993214289,""
"","912291f437b8879158d946e3a655a1ac","9-785c0825ccf76342e25a1d70b6c2e595","1160723","ایلام","Ilām","ایوان","Eyvān","مرکزی","Markazi","","","نبوت","Nabovat","اسماعیلی سفلی","Esmā'ili-ye Soflā","Sımāylī-yı Sufḷā","Mojtaba Gheitasi, field notes 2016","16","","","","Kalhuri 100%","Mojtaba Gheitasi, field notes 2016",33.864642859166516,46.263951224165055,""
"","912291f437b8879158d946e3a6559fdf","9-f1eff2f83abb8a15528ac5a0247307db","1160724","ایلام","Ilām","ایوان","Eyvān","مرکزی","Markazi","","","نبوت","Nabovat","اسماعیلی علیا","Esmā'ili-ye Olyā","Sımāylī-yı Ulyā","Mojtaba Gheitasi, field notes 2016","87","","","","Kalhuri 100%","Mojtaba Gheitasi, field notes 2016",33.86268291019096,46.26808182604819,""
"","912291f437b8879158d946e3a655966e","9-4bde67d53ad80d4a7972320283864b40","1160725","ایلام","Ilām","ایوان","Eyvān","مرکزی","Markazi","","","نبوت","Nabovat","چقاماهی","Cheqā Māhi","Lātayl, Chıqā Māhī","Mojtaba Gheitasi, field notes 2016","78","","","","Kalhuri 100%","Mojtaba Gheitasi, field notes 2016",33.844367102602114,46.285260945478875,""
"","912291f437b8879158d946e3a6558719","9-4ac7875e9710b378527cc9f25ab07b0d","1160726","ایلام","Ilām","ایوان","Eyvān","مرکزی","Markazi","","","نبوت","Nabovat","حصارشاوه","Hasār Shāveh","Khıḷ-ı Haḷashī-yı Khwār, Hasār Shāwa","Mojtaba Gheitasi, field notes 2016","130","","","","Kalhuri 100%","Mojtaba Gheitasi, field notes 2016",33.85576334752054,46.242538720293425,""
"","912291f437b8879158d946e3a65578e0","9-654b084a58f0025b89ee9d7fd5c2b934","1160727","ایلام","Ilām","ایوان","Eyvān","مرکزی","Markazi","","","نبوت","Nabovat","ساتیان","Sātiān","Sātīyān","Mojtaba Gheitasi, field notes 2016","344","","","","Kalhuri 100%","Mojtaba Gheitasi, field notes 2016",33.88345015302113,46.237260132953395,""
"","912291f437b8879158d946e3a65573c3","9-8f613890b687dc5a93cc29dd766a8147","1160728","ایلام","Ilām","ایوان","Eyvān","مرکزی","Markazi","","","نبوت","Nabovat","نهرغلام ویس","Nahr-e Gholām Veys","Nahr-ı Qwıḷām Ways, Yaqa Rüt","Mojtaba Gheitasi, field notes 2016","341","","","","Kalhuri 100%","Mojtaba Gheitasi, field notes 2016",33.86502891531727,46.25494125477648,""
"","912291f437b8879158d946e3a6557277","7-ae68df6c3b6a19fee9e011a4fed10131","1160729","ایلام","Ilām","ایوان","Eyvān","مرکزی","Markazi","","","نبوت","Nabovat","شهرک اندیشه","Shahrak-e Andisheh","Shahrak-ı Andisha","Mojtaba Gheitasi, field notes 2016","385","","","","Kalhuri 100%","Mojtaba Gheitasi, field notes 2016","","",""
"","912291f437b8879158d946e3a65603b2","9-5049414f8f18dc612884531c3cc4478b","1160730","ایلام","Ilām","ایوان","Eyvān","مرکزی","Markazi","ایوان","Eyvān","","","","","Ēwān","Mojtaba Gheitasi, field notes 2016","29400","","","","Kalhuri 95%; mixed 5%","Mojtaba Gheitasi, field notes 2016",33.82836463526908,46.30654699811812,""
"","912291f437b8879158d946e3a655fa57","7-0b9bfd82ca48f58358430d237c569e2a","1160731","ایلام","Ilām","ایوان","Eyvān","","","","","","","","","","","34","","","","","","","",""
"","912291f437b8879158d946e3a655ee92","7-55eb768bf3b3c1c1dc7828906b6bd8a2","1160732","ایلام","Ilām","ایوان","Eyvān","","","","","","","","","","","34","","","","","","","",""
"","912291f437b8879158d946e3a655e445","7-46d08f02c4ee9e0f02ebbb80d5fbe006","1160733","ایلام","Ilām","ایوان","Eyvān","","","","","","","","","","","34","","","","","","","",""
"","912291f437b8879158d946e3a655e3f3","7-5fc81b462e4d19c0d918b8de6cb1945b","1160734","ایلام","Ilām","ملکشاهی","Malekshāhi","","","","","","","","","","","22587","","","","","","","",""
"","912291f437b8879158d946e3a655ddd0","7-8daca950614ff27518320359efce6f84","1160735","ایلام","Ilām","ملکشاهی","Malekshāhi","مرکزی","Markazi","","","","","","","","","16144","","","","","","","",""
"","912291f437b8879158d946e3a655d685","7-6c26eae592e4a39f3c10b9ac926371ea","1160736","ایلام","Ilām","ملکشاهی","Malekshāhi","مرکزی","Markazi","","","چمزی","Chamazi","","","","","2957","","","","","","","",""
"","912291f437b8879158d946e3a655d20c","9-82b2c59b69c5f166b5bcee787010a14a","1160737","ایلام","Ilām","ملکشاهی","Malekshāhi","مرکزی","Markazi","","","چمزی","Chamazi","طالقانی","Tāleqāni","Tāḷıqānī","Mojtaba Gheitasi, field notes 2016","110","","","","Malegshay 100%","Mojtaba Gheitasi, field notes 2016",33.35986270401244,46.63304473144765,""
"","912291f437b8879158d946e3a655cc3a","9-5e9c219b677d0e38d8dafee786e9f8ac","1160738","ایلام","Ilām","ملکشاهی","Malekshāhi","مرکزی","Markazi","","","چمزی","Chamazi","پاریاب","Pāriāb","Pāryāw","Mojtaba Gheitasi, field notes 2016","128","","","","Malegshay 100%","Mojtaba Gheitasi, field notes 2016",33.26522613015666,46.623558144439606,""
"","912291f437b8879158d946e3a655c467","9-74bab5810696e3c7a28a9519d9547fed","1160739","ایلام","Ilām","ملکشاهی","Malekshāhi","مرکزی","Markazi","","","چمزی","Chamazi","پل شکسته","Pol-e Shekasteh","Pıyaḷ Ishkıyāg","Mojtaba Gheitasi, field notes 2016","","(3 or fewer households; population not specified in 2011 Census for reasons of privacy)","","","Malegshay 100%","Mojtaba Gheitasi, field notes 2016",33.322235956887916,46.644803535767274,""
"","912291f437b8879158d946e3a6564d0e","9-ab04cb85ffb3a9b41c8955376adec14f","1160740","ایلام","Ilām","ملکشاهی","Malekshāhi","مرکزی","Markazi","","","چمزی","Chamazi","چم انار سفلی","Cham-e Anār-e Soflā","Cham Anār-ı Sufḷā","Mojtaba Gheitasi, field notes 2016","385","","","","Malegshay 100%","Mojtaba Gheitasi, field notes 2016",33.26335766718313,46.5413598936347,""
"","912291f437b8879158d946e3a65644c1","9-37f313cef36f2f372dad1c12766547d4","1160741","ایلام","Ilām","ملکشاهی","Malekshāhi","مرکزی","Markazi","","","چمزی","Chamazi","درگه","Deregeh","Dıṛıga","Mojtaba Gheitasi, field notes 2016","76","","","","Malegshay 100%","Mojtaba Gheitasi, field notes 2016",33.31043727959637,46.583305847481824,""
"","912291f437b8879158d946e3a65634f8","9-3c57e5dc678deeabd5fde6dd8bf62c82","1160742","ایلام","Ilām","ملکشاهی","Malekshāhi","مرکزی","Markazi","","","چمزی","Chamazi","شهید کشوری","Shahid Keshvari","Shahīd Kıshwarī","Mojtaba Gheitasi, field notes 2016","170","","","","Malegshay 100%","Mojtaba Gheitasi, field notes 2016",33.24991259848584,46.59944201691271,""
"","912291f437b8879158d946e3a6562c43","9-6e3d3cb7206983673d7f10c2c2a9fd08","1160743","ایلام","Ilām","ملکشاهی","Malekshāhi","مرکزی","Markazi","","","چمزی","Chamazi","قرجیلگان","Qarjialegān","Qarjaḷıgān","Mojtaba Gheitasi, field notes 2016","42","","","","Malegshay 100%","Mojtaba Gheitasi, field notes 2016",33.25344773929121,46.460814636994506,""
"","912291f437b8879158d946e3a6562a6b","9-b20a657357105e499fe46c2ce40dae01","1160744","ایلام","Ilām","ملکشاهی","Malekshāhi","مرکزی","Markazi","","","چمزی","Chamazi","میان تنگ","Miān Tang","Nām Tang","Mojtaba Gheitasi, field notes 2016","302","","","","Malegshay 100%","Mojtaba Gheitasi, field notes 2016",33.36084841733859,46.59229661209877,""
"","912291f437b8879158d946e3a6561e21","9-8bb845273f467c9a510ed698fb450c8a","1160745","ایلام","Ilām","ملکشاهی","Malekshāhi","مرکزی","Markazi","","","چمزی","Chamazi","نیاز آباد","Niāz Ābād","Nīyāz Ābād","Mojtaba Gheitasi, field notes 2016","","(3 or fewer households; population not specified in 2011 Census for reasons of privacy)","","","Malegshay 100%","Mojtaba Gheitasi, field notes 2016",33.27163653020122,46.64620901328954,""
"","912291f437b8879158d946e3a6561970","9-18eaa840b94efa76f27ed554ed8dabfe","1160746","ایلام","Ilām","ملکشاهی","Malekshāhi","مرکزی","Markazi","","","چمزی","Chamazi","وری","Vari","Warē","Mojtaba Gheitasi, field notes 2016","81","","","","Malegshay 100%","Mojtaba Gheitasi, field notes 2016",33.32309658817325,46.60733844025184,""
"","912291f437b8879158d946e3a6560dcf","9-9a40ddf39b8fb1a9888d8c004e297f00","1160747","ایلام","Ilām","ملکشاهی","Malekshāhi","مرکزی","Markazi","","","چمزی","Chamazi","گنبد پیرمحمد","Gonbad-e Pir Mohammad","Gwınbad-ı Pīr Māmay","Mojtaba Gheitasi, field notes 2016","1655","","","","Malegshay 100%","Mojtaba Gheitasi, field notes 2016",33.25085927229658,46.54034749869293,""
"","912291f437b8879158d946e3a6560ca9","7-24adeb41fd30c8f0b4024412e566418a","1160748","ایلام","Ilām","ملکشاهی","Malekshāhi","مرکزی","Markazi","","","شوهان","Showhān","","","","","829","","","","","","","",""
"","912291f437b8879158d946e3a65603dd","7-b9f3ff0e3802a1d89f0f672cce426283","1160749","ایلام","Ilām","ملکشاهی","Malekshāhi","مرکزی","Markazi","","","شوهان","Showhān","سرکلم خلیلوند","Sar Kolm-e Khalilvand","Sar Kwıḷ-ı Khalīlawan","Mojtaba Gheitasi, field notes 2016","","(3 or fewer households; population not specified in 2011 Census for reasons of privacy)","","","Shuhāni 100%","Mojtaba Gheitasi, field notes 2016","","",""
"","912291f437b8879158d946e3a6568343","9-36c6fd73c23d33b69daee7bc7292efdf","1160750","ایلام","Ilām","ملکشاهی","Malekshāhi","مرکزی","Markazi","","","شوهان","Showhān","توت خوشادول","Tut-e Khoshādul","Tī Khwashūḷ","Mojtaba Gheitasi, field notes 2016","65","","","","Shuhāni 100%","Mojtaba Gheitasi, field notes 2016",33.24244269382261,46.69846919043233,""
"","912291f437b8879158d946e3a6567b65","9-087bfd3117767c1ecda03b9f6492cc9e","1160751","ایلام","Ilām","ملکشاهی","Malekshāhi","مرکزی","Markazi","","","شوهان","Showhān","چشمه پهن","Cheshmeh Pahn","Kıyanī Pıyan","Mojtaba Gheitasi, field notes 2016","326","","","","Shuhāni 100%","Mojtaba Gheitasi, field notes 2016",33.346852940386874,46.766692855669916,""
"","912291f437b8879158d946e3a65674dc","9-5588297b8371162459ec4a39deb3631c","1160752","ایلام","Ilām","ملکشاهی","Malekshāhi","مرکزی","Markazi","","","شوهان","Showhān","دول کبود خوشادول","Dul Kabud-e Khoshādul","Dūḷ-ı Kaw-ı Khwashūḷ","Mojtaba Gheitasi, field notes 2016","153","","","","Shuhāni 100%","Mojtaba Gheitasi, field notes 2016",33.25701843930115,46.69953132849779,""
"","912291f437b8879158d946e3a6566c6a","7-beba8a56d0f1427731337bb25e9a7d0d","1160753","ایلام","Ilām","ملکشاهی","Malekshāhi","مرکزی","Markazi","","","شوهان","Showhān","مزرعه میدان","Mazra'eh-ye Meydān","Mazra'a-y Maydān","Mojtaba Gheitasi, field notes 2016","","(3 or fewer households; population not specified in 2011 Census for reasons of privacy)","","","Shuhāni 100%","Mojtaba Gheitasi, field notes 2016","","",""
"","912291f437b8879158d946e3a656625d","7-24657c337cba87496f87e498b16883f9","1160754","ایلام","Ilām","ملکشاهی","Malekshāhi","مرکزی","Markazi","","","شوهان","Showhān","منار بلوطستان","Menār-e Balutestān","Mınār-ı Balüsān, Hīlaw Balīsu ","Mojtaba Gheitasi, field notes 2016","72","","","","Shuhāni 100%","Mojtaba Gheitasi, field notes 2016","","",""
"","912291f437b8879158d946e3a6565ef0","9-a7fe40b26c9c716286b5ba5e4ecd302e","1160755","ایلام","Ilām","ملکشاهی","Malekshāhi","مرکزی","Markazi","","","شوهان","Showhān","منارعبدالکریم","Menār-e Abd-ol-Karim","Mınār-ı Avdıkarīm","Mojtaba Gheitasi, field notes 2016","31","","","","Shuhāni 100%","Mojtaba Gheitasi, field notes 2016",33.183586182780914,46.717318860953156,""
"","912291f437b8879158d946e3a6565a37","9-282c7a38d999608e7b47687d05e25036","1160756","ایلام","Ilām","ملکشاهی","Malekshāhi","مرکزی","Markazi","","","شوهان","Showhān","نادرآباد","Nāder Ābād","Nādır Ābād","Mojtaba Gheitasi, field notes 2016","152","","","","Shuhāni 100%","Mojtaba Gheitasi, field notes 2016",33.26411938976083,46.82223614876656,""
"","912291f437b8879158d946e3a65654ea","9-b37f022cd62588f07df806c720ddb370","1160757","ایلام","Ilām","ملکشاهی","Malekshāhi","مرکزی","Markazi","ارکواز","Arkavāz","","","","","Arkwāz","Mojtaba Gheitasi, field notes 2016","12358","","","","Malegshay 100%","Mojtaba Gheitasi, field notes 2016",33.385252881510276,46.59803152510053,""
"","912291f437b8879158d946e3a656547d","7-b4293474ed64a628bcb585e842bc02e2","1160758","ایلام","Ilām","ملکشاهی","Malekshāhi","گچی","Gachi","","","","","","","","","6298","","","","","","","",""
"","912291f437b8879158d946e3a6565291","7-677c79ce9cc570e14879a769d1984a85","1160759","ایلام","Ilām","ملکشاهی","Malekshāhi","گچی","Gachi","","","گچی","Gachi","","","","","2011","","","","","","","",""
"","912291f437b8879158d946e3a656e5fe","9-887ef0b4953518d2e8c7b7c3cd84f485","1160760","ایلام","Ilām","ملکشاهی","Malekshāhi","گچی","Gachi","","","گچی","Gachi","چشمه باریک","Cheshmeh Bārik","Kıyanī Wāyır","Mojtaba Gheitasi, field notes 2016","51","","","","Malegshay 100%","Mojtaba Gheitasi, field notes 2016",33.35115311388484,46.53798134658225,""
"","912291f437b8879158d946e3a656e254","9-54a14f1172652606b0e66f158cc07e9f","1160761","ایلام","Ilām","ملکشاهی","Malekshāhi","گچی","Gachi","","","گچی","Gachi","سراب کلک","Sarāb-e Kallak","Sırāw-ı Kallak","Mojtaba Gheitasi, field notes 2016","23","","","","Malegshay 100%","Mojtaba Gheitasi, field notes 2016",33.39151429869859,46.4896996154685,""
"","912291f437b8879158d946e3a656d6cd","9-68f68470a74ef33065c083a6a055e048","1160762","ایلام","Ilām","ملکشاهی","Malekshāhi","گچی","Gachi","","","گچی","Gachi","سیاب درویش","Siāb Darvish","Sīyāw, Sīyāw-ı Darwēsh","Mojtaba Gheitasi, field notes 2016","55","","","","Malegshay 100%","Mojtaba Gheitasi, field notes 2016",33.339149103519254,46.49551465740579,""
"","912291f437b8879158d946e3a656cc1a","9-f2b5c06c1495c37338c83f6baa284b00","1160763","ایلام","Ilām","ملکشاهی","Malekshāhi","گچی","Gachi","","","گچی","Gachi","کلک نقی","Kalak-e Naqi","Kalak-ı Naqī","Mojtaba Gheitasi, field notes 2016","477","","","","Malegshay 100%","Mojtaba Gheitasi, field notes 2016",33.3724320471727,46.497081054676904,""
"","912291f437b8879158d946e3a656c916","7-71b87430473c0fe66e7bc90645421264","1160764","ایلام","Ilām","ملکشاهی","Malekshāhi","گچی","Gachi","","","گچی","Gachi","مزرعه زمیه","Mazra'eh-ye Zamieh","Mazra'a-y Zımya","Mojtaba Gheitasi, field notes 2016","38","","","","Malegshay 100%","Mojtaba Gheitasi, field notes 2016","","",""
"","912291f437b8879158d946e3a656ba17","9-8f6e87f047089269c79d85f76b938d56","1160765","ایلام","Ilām","ملکشاهی","Malekshāhi","گچی","Gachi","","","گچی","Gachi","اما","Amā","Amā","Mojtaba Gheitasi, field notes 2016","96","","","","Malegshay 100%","Mojtaba Gheitasi, field notes 2016",33.458172380851245,46.43449711849597,""
"","912291f437b8879158d946e3a656aa7d","9-c2c12c85163e7073fa2e79380255040c","1160766","ایلام","Ilām","ملکشاهی","Malekshāhi","گچی","Gachi","","","گچی","Gachi","انجیر","Anjir","Anjīr","Mojtaba Gheitasi, field notes 2016","51","","","","Malegshay 100%","Mojtaba Gheitasi, field notes 2016",33.41685751084204,46.42598142424741,""
"","912291f437b8879158d946e3a6569d51","9-98df3f169978259055e9ebf7f6df7604","1160767","ایلام","Ilām","ملکشاهی","Malekshāhi","گچی","Gachi","","","گچی","Gachi","چم گردکان، سد ایلام","Cham-e Gerdelān, Sadd-e Ilām","Cham-ı Gırdıḷān, Sad-ı Ēlām","Mojtaba Gheitasi, field notes 2016","22","","","","mixed 100%","Mojtaba Gheitasi, field notes 2016",33.474586318736065,46.41070466091351,""
"","912291f437b8879158d946e3a65699bc","9-c84463da11f041679c52b629f7ce7348","1160768","ایلام","Ilām","ملکشاهی","Malekshāhi","گچی","Gachi","","","گچی","Gachi","مهر","Mehr","Mēar, Myar","Mojtaba Gheitasi, field notes 2016","1198","","","","Malegshay 100%","Mojtaba Gheitasi, field notes 2016",33.42921123955951,46.46556782771996,""
"","912291f437b8879158d946e3a6568f8f","8-6b911870f9bd925607bec66773c16176","1160769","ایلام","Ilām","ملکشاهی","Malekshāhi","گچی","Gachi","","","کبیرکوه","Kabir Kuh","","","","","2086","","","","","","","",""
"","912291f437b8879158d946e3a6574d93","7-dcc401724347661dbb0e115d0355c03e","1160770","ایلام","Ilām","ملکشاهی","Malekshāhi","گچی","Gachi","","","کبیرکوه","Kabir Kuh","بوستانه","Bustāneh","Būsāna","Mojtaba Gheitasi, field notes 2016","75","","","","Malegshay 100%","Mojtaba Gheitasi, field notes 2016","","",""
"","912291f437b8879158d946e3a6574058","9-a4cd2d0678ad0ee60a825e16ad163aff","1160771","ایلام","Ilām","ملکشاهی","Malekshāhi","گچی","Gachi","","","کبیرکوه","Kabir Kuh","گل گل سفلی","Gol Gol-e Soflā","Gwıḷ Gwıḷ-ı Sufḷā","Mojtaba Gheitasi, field notes 2016","106","","","","Malegshay 100%","Mojtaba Gheitasi, field notes 2016",33.463795119198956,46.482238819663735,""
"","912291f437b8879158d946e3a65731ca","7-80432f240876754bd8dfdae9e737e25b","1160772","ایلام","Ilām","ملکشاهی","Malekshāhi","گچی","Gachi","","","کبیرکوه","Kabir Kuh","گل گل علیا","Gol Gol-e Olyā","Gwıḷ Gwıḷ-ı Ulyā","Mojtaba Gheitasi, field notes 2016","21","","","","Malegshay 100%","Mojtaba Gheitasi, field notes 2016","","",""
"","912291f437b8879158d946e3a65725f9","7-2463a760548795a279c0a4ee022c4684","1160773","ایلام","Ilām","ملکشاهی","Malekshāhi","گچی","Gachi","","","کبیرکوه","Kabir Kuh","قلعه جوق","Qal'eh Jugh","Qıḷā Jıq","Mojtaba Gheitasi, field notes 2016","1262","","","","Malegshay 100%","Mojtaba Gheitasi, field notes 2016","","",""
"","912291f437b8879158d946e3a65716cb","9-e5fb7d13e0cd4534494178c34a88de91","1160774","ایلام","Ilām","ملکشاهی","Malekshāhi","گچی","Gachi","","","کبیرکوه","Kabir Kuh","باولگ","Bāvleg","Bāwḷıg","Mojtaba Gheitasi, field notes 2016","622","","","","Malegshay 100%","Mojtaba Gheitasi, field notes 2016",33.41661562740594,46.62793268395313,""
"","912291f437b8879158d946e3a65710a1","7-8397b0ca67bbecafb380ce88bca388c1","1160775","ایلام","Ilām","ملکشاهی","Malekshāhi","گچی","Gachi","","","","","","","","","2201","","","","","","","",""
"","912291f437b8879158d946e3a65700bc","7-960d648991b6bf8d3f9f3bba63d1863e","1160776","ایلام","Ilām","ملکشاهی","Malekshāhi","","","","","","","","","","","145","","","","","","","",""
"","912291f437b8879158d946e3a656f552","7-715768d19fd20760544a74299c6dd4a7","1160777","ایلام","Ilām","ملکشاهی","Malekshāhi","","","","","","","","","","","145","","","","","","","",""
"","912291f437b8879158d946e3a656f409","7-b1ca25d3e291984b555b7e194e0204a2","1160778","ایلام","Ilām","ملکشاهی","Malekshāhi","","","","","","","","","","","145","","","","","","","",""
