"Attribution","Nunaliit_ID","Nunaliit_revision_code","ALI_unique_ID_place","province_Persian","province_roman","shahrestan_Persian","shahrestan_roman","bakhsh_Persian","bakhsh_roman","city_Persian","city_roman","dehestan_Persian","dehestan_roman","settlement_Persian","settlement_roman","local_name","local_name_source","population_2011_census","population_2011_comment","population_2016_census","population_2016_comment","language_distribution_estimate","language_distribution_source","latitude","longitude","notes"
"(c) Atlas of the Languages of Iran (ALI) and Contributors, 2015-present. Data are available under a CC BY (Attribution Only) licence.","","","","","","","","","","","","","","","","","","","","","","","","","",""
"","956d5f74d5b2d503119db7a07762dd0f","16-abd79253d2a397929394a4bca95bfce6","","کردستان","Kordestān","مریوان","Marivān","سرشیو","Sar Shiv","","","سرشیو","Sar Shiv","آگجه","Āgjeh","","","","","","","Central Kurdish 100%","Masoud Mohammadirad, field notes 2015",35.77866,46.444,""
"","956d5f74d5b2d503119db7a077556d48","12-e885697058dd529746284e72ce39cf2d","","کردستان","Kordestān","بیجار","Bijār","چنگ الماس","Chang Almās","","","بابارشامی","Bābārshāni","چهل امیران","Chehel Amirān","","","","","","","Southern Kurdish 100%","Masoud Mohammadirad, field notes 2015",35.75183,47.59654,""
"","2c896fbee6fcbe3f5d786d4cc70482cc","9-c339ddf9cfbbb9524b98e00c81a78c49","1120000","کردستان","Kordestān","","","","","","","","","","","","","1493645","","","","","","","",""
"","2c896fbee6fcbe3f5d786d4cc7047a2c","9-b507e64164c099e8c1dc75710091eea1","1120001","کردستان","Kordestān","بانه","Bāneh","","","","","","","","","","","132565","","","","","","","",""
"","2c896fbee6fcbe3f5d786d4cc7046b32","9-d1f1de92bdbf8ff84a50cdca8b2fe9b3","1120002","کردستان","Kordestān","بانه","Bāneh","آرمرده","Ār Mordeh","","","","","","","","","9601","","","","","","","",""
"","2c896fbee6fcbe3f5d786d4cc7046382","9-b5d49dd75d56dffded8e7069d49e8a40","1120003","کردستان","Kordestān","بانه","Bāneh","آرمرده","Ār Mordeh","","","پشت آربابا","Posht-e Ārbābā","","","","","4706","","","","","","","",""
"","2c896fbee6fcbe3f5d786d4cc7046104","12-a41010b67cdace34defa20e4d5d5ccfc","1120004","کردستان","Kordestān","بانه","Bāneh","آرمرده","Ār Mordeh","","","پشت آربابا","Posht-e Ārbābā","بار آور","Bār Āvar","Bārawār","Masoud Mohammadirad, field notes 2015","59","","","","Central Kurdish 100%","Masoud Mohammadirad, field notes 2015",35.89663170304503,45.83468681244187,""
"","2c896fbee6fcbe3f5d786d4cc704539e","13-c62552f751de482909ed4e29e16485d6","1120005","کردستان","Kordestān","بانه","Bāneh","آرمرده","Ār Mordeh","","","پشت آربابا","Posht-e Ārbābā","بایزید آباد","Bāyzid Ābād","Bāyzāwā ","Masoud Mohammadirad, field notes 2015","129","","","","Central Kurdish 100%","Masoud Mohammadirad, field notes 2015",35.95935785053236,45.85435700284785,""
"","2c896fbee6fcbe3f5d786d4cc7044dde","11-648c5eeecd99efa423f5e8b47ada1d54","1120006","کردستان","Kordestān","بانه","Bāneh","آرمرده","Ār Mordeh","","","پشت آربابا","Posht-e Ārbābā","برویشکانی","Bervishkāni","Berwēshkāni","Masoud Mohammadirad, field notes 2015","28","","","","Central Kurdish 100%","Masoud Mohammadirad, field notes 2015",35.90011756174075,45.86396433774831,""
"","2c896fbee6fcbe3f5d786d4cc7044aaa","11-7eac5309e5254522389911cfa557caea","1120007","کردستان","Kordestān","بانه","Bāneh","آرمرده","Ār Mordeh","","","پشت آربابا","Posht-e Ārbābā","کارستم","Kā Rostam","Kā Rostam","Masoud Mohammadirad, field notes 2015","106","","","","Central Kurdish 100%","Masoud Mohammadirad, field notes 2015",35.88856372129812,45.81773629008272,""
"","2c896fbee6fcbe3f5d786d4cc7043d19","11-eb8f17dfeb1a7aff1aca304a1dd99df7","1120008","کردستان","Kordestān","بانه","Bāneh","آرمرده","Ār Mordeh","","","پشت آربابا","Posht-e Ārbābā","کانی بند","Kāni Band","Kāni Ban","Masoud Mohammadirad, field notes 2015","267","","","","Central Kurdish 100%","Masoud Mohammadirad, field notes 2015",35.94371639910162,45.89578531023801,""
"","2c896fbee6fcbe3f5d786d4cc7043c21","11-8dc78e7f4ae206c7b01743bcfab38de5","1120009","کردستان","Kordestān","بانه","Bāneh","آرمرده","Ār Mordeh","","","پشت آربابا","Posht-e Ārbābā","کانی گویز","Kāni Goviz","Kāni Göz","Masoud Mohammadirad, field notes 2015","413","","","","Central Kurdish 100%","Masoud Mohammadirad, field notes 2015",35.95909178059866,45.87435555326103,""
"","2c896fbee6fcbe3f5d786d4cc704be40","11-84d963e894de2db9f721893e63b5fdbe","1120010","کردستان","Kordestān","بانه","Bāneh","آرمرده","Ār Mordeh","","","پشت آربابا","Posht-e Ārbābā","کوخ کانی گویز","Kukh-e Kāni Goviz","Qōkhi Kāni Göz","Masoud Mohammadirad, field notes 2015","103","","","","Central Kurdish 100%","Masoud Mohammadirad, field notes 2015",35.95681337214098,45.86375544084863,""
"","2c896fbee6fcbe3f5d786d4cc704b9eb","11-4c55b44f210f42f7d2dc1fb03fe7f5c0","1120011","کردستان","Kordestān","بانه","Bāneh","آرمرده","Ār Mordeh","","","پشت آربابا","Posht-e Ārbābā","کوخ مامو","Kukh-e Māmu","Qōkha Māmō","Masoud Mohammadirad, field notes 2015","300","","","","Central Kurdish 100%","Masoud Mohammadirad, field notes 2015",35.90792634121063,45.868927345677676,""
"","2c896fbee6fcbe3f5d786d4cc704b070","11-86b0aa084053c07e968fc862464ff407","1120012","کردستان","Kordestān","بانه","Bāneh","آرمرده","Ār Mordeh","","","پشت آربابا","Posht-e Ārbābā","میرحسام","Mir Hesām","Mirasām","Masoud Mohammadirad, field notes 2015","80","","","","Central Kurdish 100%","Masoud Mohammadirad, field notes 2015",35.929739519602315,45.85840028307211,""
"","2c896fbee6fcbe3f5d786d4cc704a962","11-3690409877b2f8e2ba13c0a0524450e1","1120013","کردستان","Kordestān","بانه","Bāneh","آرمرده","Ār Mordeh","","","پشت آربابا","Posht-e Ārbābā","نوده","Nudeh","Noya","Masoud Mohammadirad, field notes 2015","177","","","","Central Kurdish 100%","Masoud Mohammadirad, field notes 2015",35.93583780317801,45.88087222811762,""
"","2c896fbee6fcbe3f5d786d4cc704a2c2","13-da542e2fc400d28e62bc5620a73dc906","1120014","کردستان","Kordestān","بانه","Bāneh","آرمرده","Ār Mordeh","","","پشت آربابا","Posht-e Ārbābā","توکل","Tavakal","Tawakaḷ ","Masoud Mohammadirad, field notes 2015","231","","","","Central Kurdish 100%","Masoud Mohammadirad, field notes 2015",35.95379318932717,45.77426535022021,""
"","2c896fbee6fcbe3f5d786d4cc704a209","14-71beb62237fc12274a9ee6544ecaaaad","1120015","کردستان","Kordestān","بانه","Bāneh","آرمرده","Ār Mordeh","","","پشت آربابا","Posht-e Ārbābā","دوله گویر","Dowleh Govir","Dōḷa Gör","Masoud Mohammadirad, field notes 2015","93","","","","Central Kurdish 100%","Masoud Mohammadirad, field notes 2015",35.900428182247424,45.805505752873124,""
"","2c896fbee6fcbe3f5d786d4cc7049832","11-168f0af607528fb5aff928d8114f79de","1120016","کردستان","Kordestān","بانه","Bāneh","آرمرده","Ār Mordeh","","","پشت آربابا","Posht-e Ārbābā","قره بلاغ","Qareh Bolāgh","Qara Bolākh","Masoud Mohammadirad, field notes 2015","52","","","","Central Kurdish 100%","Masoud Mohammadirad, field notes 2015",35.96503283439747,45.83832817423854,""
"","2c896fbee6fcbe3f5d786d4cc7049035","12-e465686c07cd7d7bbbf86246b1b02a83","1120017","کردستان","Kordestān","بانه","Bāneh","آرمرده","Ār Mordeh","","","پشت آربابا","Posht-e Ārbābā","کانی چولکه","Kāni Chulekeh","Kāni Chōlaka","Masoud Mohammadirad, field notes 2015","39","","","","Central Kurdish 100%","Masoud Mohammadirad, field notes 2015",35.89267495870421,45.81217338858644,""
"","2c896fbee6fcbe3f5d786d4cc7048f1e","11-2d57d98b3d1988dcac981d7b29c9e7e3","1120018","کردستان","Kordestān","بانه","Bāneh","آرمرده","Ār Mordeh","","","پشت آربابا","Posht-e Ārbābā","کانی گلی","Kāni Goli","Kāni Gōḷān","Masoud Mohammadirad, field notes 2015","21","","","","Central Kurdish 100%","Masoud Mohammadirad, field notes 2015",35.881026321279776,45.76917245400087,""
"","2c896fbee6fcbe3f5d786d4cc7048a5c","11-02dcad703e261062bfa1f2ea683fb1a4","1120019","کردستان","Kordestān","بانه","Bāneh","آرمرده","Ār Mordeh","","","پشت آربابا","Posht-e Ārbābā","کوچر","Kucher","Kōchari","Masoud Mohammadirad, field notes 2015","163","","","","Central Kurdish 100%","Masoud Mohammadirad, field notes 2015",35.938224801979885,45.835622708149415,""
"","2c896fbee6fcbe3f5d786d4cc70525b5","11-5d7922bd248e55161266b6833839969e","1120020","کردستان","Kordestān","بانه","Bāneh","آرمرده","Ār Mordeh","","","پشت آربابا","Posht-e Ārbābā","کوخ شیخ الاسلام","Kukh-e Sheykh-ol-Eslām","Qōkh Shēkh-ol-Eslām","Masoud Mohammadirad, field notes 2015","226","","","","Central Kurdish 100%","Masoud Mohammadirad, field notes 2015",35.97693020930294,45.85444829538545,""
"","2c896fbee6fcbe3f5d786d4cc7051781","11-0cfb3e35eb32cafe972d037c3ef507b3","1120021","کردستان","Kordestān","بانه","Bāneh","آرمرده","Ār Mordeh","","","پشت آربابا","Posht-e Ārbābā","گندمان","Gandomān","Ganmān","Masoud Mohammadirad, field notes 2015","263","","","","Central Kurdish 100%","Masoud Mohammadirad, field notes 2015",35.916456564587214,45.81877414887615,""
"","2c896fbee6fcbe3f5d786d4cc7050cd1","11-83e3a12080c9429d039638958cb44f02","1120022","کردستان","Kordestān","بانه","Bāneh","آرمرده","Ār Mordeh","","","پشت آربابا","Posht-e Ārbābā","ماسی در","Māsi Dar","Māsiyar","Masoud Mohammadirad, field notes 2015"," ","(less than 3 households; population not specified in 2011 Census for reasons of privacy)","","","Central Kurdish 100%","Masoud Mohammadirad, field notes 2015",35.95602793343009,45.84267677096811,""
"","2c896fbee6fcbe3f5d786d4cc704fcdf","11-0cb426e4151c34f5bccc4c50a6d258ab","1120023","کردستان","Kordestān","بانه","Bāneh","آرمرده","Ār Mordeh","","","پشت آربابا","Posht-e Ārbābā","نیزه رود","Neyzeh Rud","Nēzarō","Masoud Mohammadirad, field notes 2015","253","","","","Central Kurdish 100%","Masoud Mohammadirad, field notes 2015",35.96185180023756,45.8202150859884,""
"","2c896fbee6fcbe3f5d786d4cc704ee38","11-2b849276635cf9f0e963a47cacafb34c","1120024","کردستان","Kordestān","بانه","Bāneh","آرمرده","Ār Mordeh","","","پشت آربابا","Posht-e Ārbābā","کانی بناو","Kāni Benāv","Kāni Nāw","Masoud Mohammadirad, field notes 2015"," ","(less than 3 households; population not specified in 2011 Census for reasons of privacy)","","","Central Kurdish 100%","Masoud Mohammadirad, field notes 2015",35.95203797774587,45.83146053991906,""
"","2c896fbee6fcbe3f5d786d4cc704e767","11-cb40c3993a9d48f9225a23103b5cdc59","1120025","کردستان","Kordestān","بانه","Bāneh","آرمرده","Ār Mordeh","","","پشت آربابا","Posht-e Ārbābā","کانی سیب","Kāni Sib","Kāni Sēf","Masoud Mohammadirad, field notes 2015"," ","(less than 3 households; population not specified in 2011 Census for reasons of privacy)","","","Central Kurdish 100%","Masoud Mohammadirad, field notes 2015",35.92792793431823,45.783881688236775,""
"","2c896fbee6fcbe3f5d786d4cc704e4c8","11-5af3b3f119fd6913398cfb3a38152104","1120026","کردستان","Kordestān","بانه","Bāneh","آرمرده","Ār Mordeh","","","پشت آربابا","Posht-e Ārbābā","کوخ صوفی رشیدپیروز","Kukh-e Sufi Rashid Piruz","Qōkhi Ṛasha Pirōz","Masoud Mohammadirad, field notes 2015","80","","","","Central Kurdish 100%","Masoud Mohammadirad, field notes 2015",35.976698532723255,45.84476282570161,""
"","2c896fbee6fcbe3f5d786d4cc704e228","11-9971a203c6db6223a9626e3b7dafd51c","1120027","کردستان","Kordestān","بانه","Bāneh","آرمرده","Ār Mordeh","","","پشت آربابا","Posht-e Ārbābā","سالوک سفلی","Sāluk-e Soflā","Saluki Khwāru","Masoud Mohammadirad, field notes 2015","42","","","","Central Kurdish 100%","Masoud Mohammadirad, field notes 2015",35.984055666203666,45.73442928162163,""
"","2c896fbee6fcbe3f5d786d4cc704db47","13-98402194495b8ba7e6a512590f9f52bd","1120028","کردستان","Kordestān","بانه","Bāneh","آرمرده","Ār Mordeh","","","پشت آربابا","Posht-e Ārbābā","سالوک علیا","Sāluk-e Olyā","Saluki Saru","Masoud Mohammadirad, field notes 2015","201","","","","Central Kurdish 100%","Masoud Mohammadirad, field notes 2015",35.98459517991646,45.763065101462196,""
"","2c896fbee6fcbe3f5d786d4cc704ce15","11-6b5377d8e6cf0ede6379e1a88f7e0a5b","1120029","کردستان","Kordestān","بانه","Bāneh","آرمرده","Ār Mordeh","","","پشت آربابا","Posht-e Ārbābā","اتابک","Atābak","Atābak","Masoud Mohammadirad, field notes 2015","12","","","","Central Kurdish 100%","Masoud Mohammadirad, field notes 2015",35.95902049042165,45.760920893353635,""
"","2c896fbee6fcbe3f5d786d4cc7057ee9","11-7774d1545bd60ecd698937e60080e040","1120030","کردستان","Kordestān","بانه","Bāneh","آرمرده","Ār Mordeh","","","پشت آربابا","Posht-e Ārbābā","تاژان","Tāzhān","Tāzhān","Masoud Mohammadirad, field notes 2015","274","","","","Central Kurdish 100%","Masoud Mohammadirad, field notes 2015",35.94874697265958,45.74883854865267,""
"","2c896fbee6fcbe3f5d786d4cc70577e7","11-6b681a33782eac0a4dc0b9488b3d27d8","1120031","کردستان","Kordestān","بانه","Bāneh","آرمرده","Ār Mordeh","","","پشت آربابا","Posht-e Ārbābā","تاژبان","Tāzhebān","Tāzhabān","Masoud Mohammadirad, field notes 2015","153","","","","Central Kurdish 100%","Masoud Mohammadirad, field notes 2015",35.94999568033181,45.703688130450224,""
"","2c896fbee6fcbe3f5d786d4cc7056b9f","13-7ff4d8dd21ab147ba5f3913326bf5415","1120032","کردستان","Kordestān","بانه","Bāneh","آرمرده","Ār Mordeh","","","پشت آربابا","Posht-e Ārbābā","چروش","Cherush","Cheṛush","Masoud Mohammadirad, field notes 2015","43","","","","Central Kurdish 100%","Masoud Mohammadirad, field notes 2015",35.9447,45.70199,""
"","2c896fbee6fcbe3f5d786d4cc70565f2","11-75b5a28af0628aa37f6e2a942e8f0e79","1120033","کردستان","Kordestān","بانه","Bāneh","آرمرده","Ār Mordeh","","","پشت آربابا","Posht-e Ārbābā","دیمه","Dimeh","Dēma","Masoud Mohammadirad, field notes 2015","31","","","","Central Kurdish 100%","Masoud Mohammadirad, field notes 2015",35.934517307807226,45.75199022305488,""
"","2c896fbee6fcbe3f5d786d4cc7055beb","11-dab1408ec5fc15b1fba674dfc8a932e3","1120034","کردستان","Kordestān","بانه","Bāneh","آرمرده","Ār Mordeh","","","پشت آربابا","Posht-e Ārbābā","زربنه","Zarbeneh","Zarbanē, Zarbana","Masoud Mohammadirad, field notes 2015","107","","","","Central Kurdish 100%","Masoud Mohammadirad, field notes 2015",35.97595419351635,45.71346795827589,""
"","2c896fbee6fcbe3f5d786d4cc7055216","12-7067a678b025abcbcb1573e3310d95ef","1120035","کردستان","Kordestān","بانه","Bāneh","آرمرده","Ār Mordeh","","","پشت آربابا","Posht-e Ārbābā","ساطیار","Sātiyār","Sātyār","Masoud Mohammadirad, field notes 2015","59","","","","Central Kurdish 100%","Masoud Mohammadirad, field notes 2015",35.910315931689524,45.777562403798925,""
"","2c896fbee6fcbe3f5d786d4cc705443c","11-90cbd51648001bde3cc66b85dfbb9faa","1120036","کردستان","Kordestān","بانه","Bāneh","آرمرده","Ār Mordeh","","","پشت آربابا","Posht-e Ārbābā","کانی بید","Kāni Bid","Kāni Bi","Masoud Mohammadirad, field notes 2015","34","","","","Central Kurdish 100%","Masoud Mohammadirad, field notes 2015",35.99926981055244,45.710625195631685,""
"","2c896fbee6fcbe3f5d786d4cc70536a3","16-fca3b8e8e81132f2d798d6e4cca9c809","1120037","کردستان","Kordestān","بانه","Bāneh","آرمرده","Ār Mordeh","","","پشت آربابا","Posht-e Ārbābā","گوئیل","Goil","Goyl","Masoud Mohammadirad, field notes 2015","84","","","","Central Kurdish 100%","Masoud Mohammadirad, field notes 2015",35.96156903461616,45.739724262937116,""
"","2c896fbee6fcbe3f5d786d4cc7053162","11-dd702d2f6569a1a3f0ad6806c0677055","1120038","کردستان","Kordestān","بانه","Bāneh","آرمرده","Ār Mordeh","","","پشت آربابا","Posht-e Ārbābā","موچه","Mucheh","Mucha","Masoud Mohammadirad, field notes 2015","24","","","","Central Kurdish 100%","Masoud Mohammadirad, field notes 2015",35.9437242892658,45.69889756203853,""
"","2c896fbee6fcbe3f5d786d4cc7052eba","11-4863a432ab6ec575185c950916612a08","1120039","کردستان","Kordestān","بانه","Bāneh","آرمرده","Ār Mordeh","","","پشت آربابا","Posht-e Ārbābā","میریوسف سفلی","Mir Yusef-e Soflā","Mir Yusef Khwāru","Masoud Mohammadirad, field notes 2015","30","","","","Central Kurdish 100%","Masoud Mohammadirad, field notes 2015",35.9306601802192,45.75246229184199,""
"","2c896fbee6fcbe3f5d786d4cc705d666","11-c9482ee81cca4d369dbd1244c8c2b325","1120040","کردستان","Kordestān","بانه","Bāneh","آرمرده","Ār Mordeh","","","پشت آربابا","Posht-e Ārbābā","میریوسف علیا","Mir Yusef-e Olyā","Mir Yusef Saru","Masoud Mohammadirad, field notes 2015","146","","","","Central Kurdish 100%","Masoud Mohammadirad, field notes 2015",35.92772377224934,45.7578696252147,""
"","2c896fbee6fcbe3f5d786d4cc705d5c0","11-fc09b594267ba77f541aec131a73a959","1120041","کردستان","Kordestān","بانه","Bāneh","آرمرده","Ār Mordeh","","","پشت آربابا","Posht-e Ārbābā","نیروان","Nirvān","Nirwān","Masoud Mohammadirad, field notes 2015","259","","","","Central Kurdish 100%","Masoud Mohammadirad, field notes 2015",35.92470037436495,45.706671619544835,""
"","2c896fbee6fcbe3f5d786d4cc705cb95","11-aa860056b732a7803467216740fdf038","1120042","کردستان","Kordestān","بانه","Bāneh","آرمرده","Ār Mordeh","","","پشت آربابا","Posht-e Ārbābā","واژه","Vāzheh","Wāzha","Masoud Mohammadirad, field notes 2015","24","","","","Central Kurdish 100%","Masoud Mohammadirad, field notes 2015",36.001242530555075,45.727656123339756,""
"","2c896fbee6fcbe3f5d786d4cc705bde7","11-63013c6ed72b86f8893800b698216e7b","1120043","کردستان","Kordestān","بانه","Bāneh","آرمرده","Ār Mordeh","","","پشت آربابا","Posht-e Ārbābā","کانی سماقان","Kāni Semāqān","Kāni Semāqān","Masoud Mohammadirad, field notes 2015"," ","(less than 3 households; population not specified in 2011 Census for reasons of privacy)","","","Central Kurdish 100%","Masoud Mohammadirad, field notes 2015",35.89768883215759,45.741089725619496,""
"","2c896fbee6fcbe3f5d786d4cc705b1c6","14-954af04dde52513a9bfd5881b6e409a9","1120044","کردستان","Kordestān","بانه","Bāneh","آرمرده","Ār Mordeh","","","پشت آربابا","Posht-e Ārbābā","کوخ رستم","Kukh-e Rostam","Qōkhi Rostam","Masoud Mohammadirad, field notes 2015"," ","(less than 3 households; population not specified in 2011 Census for reasons of privacy)","","","Central Kurdish 100%","Masoud Mohammadirad, field notes 2015",35.91359621453803,45.739072704441085,""
"","2c896fbee6fcbe3f5d786d4cc705b0ea","11-3e836008a8725825094bdb20f2eaeeb5","1120045","کردستان","Kordestān","بانه","Bāneh","آرمرده","Ār Mordeh","","","پشت آربابا","Posht-e Ārbābā","سوره بان","Sureh Bān","Surabān","Masoud Mohammadirad, field notes 2015","38","","","","Central Kurdish 100%","Masoud Mohammadirad, field notes 2015",35.92555711000214,45.719075702297644,""
"","2c896fbee6fcbe3f5d786d4cc705a534","9-d226be7e4bd6283231a64f800e896f81","1120046","کردستان","Kordestān","بانه","Bāneh","آرمرده","Ār Mordeh","","","بله که","Baleh Keh","","","","","2546","","","","","","","",""
"","2c896fbee6fcbe3f5d786d4cc70599f7","11-048f9f2a96a44435861f4cbbc3ae4c2d","1120047","کردستان","Kordestān","بانه","Bāneh","آرمرده","Ār Mordeh","","","بله که","Baleh Keh","سرداو","Sardāv","Sārdāw","Masoud Mohammadirad, field notes 2015","289","","","","Central Kurdish 100%","Masoud Mohammadirad, field notes 2015",35.83648510751114,45.8303086181434,""
"","2c896fbee6fcbe3f5d786d4cc7059081","11-4ccead3e869ad83fb82c435f86769600","1120048","کردستان","Kordestān","بانه","Bāneh","آرمرده","Ār Mordeh","","","بله که","Baleh Keh","سوراو","Surāv","Surāw","Masoud Mohammadirad, field notes 2015","324","","","","Central Kurdish 100%","Masoud Mohammadirad, field notes 2015",35.831235828119425,45.855022492002284,""
"","2c896fbee6fcbe3f5d786d4cc7058c93","11-5b071e87d080b158784b83ac3af5d5e0","1120049","کردستان","Kordestān","بانه","Bāneh","آرمرده","Ār Mordeh","","","بله که","Baleh Keh","کانی سیف","Kāni Seyf","Kāni Sēf","Masoud Mohammadirad, field notes 2015","49","","","","Central Kurdish 100%","Masoud Mohammadirad, field notes 2015",35.827047463016655,45.83036226232338,""
"","2c896fbee6fcbe3f5d786d4cc70627ca","11-21f6c4c82dbee95b7747e53d72312f3f","1120050","کردستان","Kordestān","بانه","Bāneh","آرمرده","Ār Mordeh","","","بله که","Baleh Keh","کنده سوره","Kandeh Sureh","Kana Sura","Masoud Mohammadirad, field notes 2015","708","","","","Central Kurdish 100%","Masoud Mohammadirad, field notes 2015",35.84423444435802,45.79869073827961,""
"","2c896fbee6fcbe3f5d786d4cc7061bf8","11-8f63af5311056cb21c8c1b9cb104a0d4","1120051","کردستان","Kordestān","بانه","Bāneh","آرمرده","Ār Mordeh","","","بله که","Baleh Keh","بانوان","Bānvān","Bānwān","Masoud Mohammadirad, field notes 2015","160","","","","Central Kurdish 100%","Masoud Mohammadirad, field notes 2015",35.86199157259159,45.764229716861315,""
"","2c896fbee6fcbe3f5d786d4cc7060ea6","11-e81a0520383197e41845d58f1b4b026c","1120052","کردستان","Kordestān","بانه","Bāneh","آرمرده","Ār Mordeh","","","بله که","Baleh Keh","بله که","Baleh Keh","Belakē","Masoud Mohammadirad, field notes 2015","700","","","","Central Kurdish 100%","Masoud Mohammadirad, field notes 2015",35.86164377281295,45.772812785707494,""
"","2c896fbee6fcbe3f5d786d4cc70607ec","11-d6107601a26d244c7e0db7020fb6a92b","1120053","کردستان","Kordestān","بانه","Bāneh","آرمرده","Ār Mordeh","","","بله که","Baleh Keh","چمپاراو","Champārāv","Champārāw","Masoud Mohammadirad, field notes 2015","37","","","","Central Kurdish 100%","Masoud Mohammadirad, field notes 2015",35.82020555632898,45.84785562951562,""
"","2c896fbee6fcbe3f5d786d4cc70607c8","12-d3e72ff2b6b41c4d42cf18b9917dcd5a","1120054","کردستان","Kordestān","بانه","Bāneh","آرمرده","Ār Mordeh","","","بله که","Baleh Keh","سربرد","Sar Bard","Sar Bard","Masoud Mohammadirad, field notes 2015","86","","","","Central Kurdish 100%","Masoud Mohammadirad, field notes 2015",35.9119576873965,45.70505437103861,""
"","2c896fbee6fcbe3f5d786d4cc706065b","12-47599f844b3af72034fc649f53de7b52","1120055","کردستان","Kordestān","بانه","Bāneh","آرمرده","Ār Mordeh","","","بله که","Baleh Keh","سیسارک","Sisārk","Sisārk","Masoud Mohammadirad, field notes 2015","50","","","","Central Kurdish 100%","Masoud Mohammadirad, field notes 2015",35.88323908543397,45.740045749818215,""
"","2c896fbee6fcbe3f5d786d4cc705f9ba","11-0976799fc85358b465f88cdfc9c659d0","1120056","کردستان","Kordestān","بانه","Bāneh","آرمرده","Ār Mordeh","","","بله که","Baleh Keh","کانی مامر","Kāni Māmer","Kāni Māmer","Masoud Mohammadirad, field notes 2015","34","","","","Central Kurdish 100%","Masoud Mohammadirad, field notes 2015",35.87252918216287,45.736023606864535,""
"","2c896fbee6fcbe3f5d786d4cc705eea9","11-0f4ed6e6272fc5b6dd395e588638773f","1120057","کردستان","Kordestān","بانه","Bāneh","آرمرده","Ār Mordeh","","","بله که","Baleh Keh","گرماب","Garmāb","Garmāw","Masoud Mohammadirad, field notes 2015","109","","","","Central Kurdish 100%","Masoud Mohammadirad, field notes 2015",35.90815159887538,45.722638213313225,""
"","2c896fbee6fcbe3f5d786d4cc705e12b","11-fcbbb067a60ece3434d73bb23fb75b07","1120058","کردستان","Kordestān","بانه","Bāneh","آرمرده","Ār Mordeh","آرمرده","Ār Mordeh","","","","","Ārmerda","Masoud Mohammadirad, field notes 2015","2349","","","","Central Kurdish 100%","Masoud Mohammadirad, field notes 2015",35.931758238339825,45.79644642473289,""
"","2c896fbee6fcbe3f5d786d4cc705dda2","9-7937d968cf473f94c3cc0ee586cd2752","1120059","کردستان","Kordestān","بانه","Bāneh","مرکزی","Markazi","","","","","","","","","96243","","","","","","","",""
"","2c896fbee6fcbe3f5d786d4cc7068692","9-0c0e599db6b4d2fb5bdce19a0fb775c9","1120060","کردستان","Kordestān","بانه","Bāneh","مرکزی","Markazi","","","شوی","Shevi","","","","","11053","","","","","","","",""
"","2c896fbee6fcbe3f5d786d4cc7067a29","11-0c6ffaf351ff7842f340ceef9f6db211","1120061","کردستان","Kordestān","بانه","Bāneh","مرکزی","Markazi","","","شوی","Shevi","خواجه میر","Khājeh Amir","Khwājamir","Masoud Mohammadirad, field notes 2015","966","","","","Central Kurdish 100%","Masoud Mohammadirad, field notes 2015",36.03009075525038,45.856051684558615,""
"","2c896fbee6fcbe3f5d786d4cc70672a6","11-a42f4703adfe7c138a7079e8ed658b0d","1120062","کردستان","Kordestān","بانه","Bāneh","مرکزی","Markazi","","","شوی","Shevi","سویرو","Soviru","Swēru","Masoud Mohammadirad, field notes 2015","271","","","","Central Kurdish 100%","Masoud Mohammadirad, field notes 2015",36.02026682156162,45.81618680363366,""
"","2c896fbee6fcbe3f5d786d4cc706706b","13-fb54b1c718278c417f8f7a8adb288ef1","1120063","کردستان","Kordestān","بانه","Bāneh","مرکزی","Markazi","","","شوی","Shevi","کوپیچ سفلی","Kowpich-e Soflā","Kawpēchi Khwāru","Masoud Mohammadirad, field notes 2015","792","","","","Central Kurdish 100%","Masoud Mohammadirad, field notes 2015",36.01708,45.84535,""
"","2c896fbee6fcbe3f5d786d4cc706669f","13-115d1972462fabcf5dbfcbe39d77f5e2","1120064","کردستان","Kordestān","بانه","Bāneh","مرکزی","Markazi","","","شوی","Shevi","کوپیچ علیا","Kowpich-e Olyā","Kawpēchi Saru","Masoud Mohammadirad, field notes 2015","35","","","","Central Kurdish 100%","Masoud Mohammadirad, field notes 2015",36.013754820470005,45.84605064668586,""
"","2c896fbee6fcbe3f5d786d4cc7065b44","11-4d4a4ede5da4560b7ca8e24af5165683","1120065","کردستان","Kordestān","بانه","Bāneh","مرکزی","Markazi","","","شوی","Shevi","میر آباد سفلی","Mir Ābād-e Soflā ","Mirāwāy Khwāru","Masoud Mohammadirad, field notes 2015","300","","","","Central Kurdish 100%","Masoud Mohammadirad, field notes 2015",36.032401633896434,45.818451462122525,""
"","2c896fbee6fcbe3f5d786d4cc706511c","11-b9cd5e9bed026813b0e3227a98aaed7a","1120066","کردستان","Kordestān","بانه","Bāneh","مرکزی","Markazi","","","شوی","Shevi","برده رشه","Bardeh Rasheh","Barda Ṛash","Masoud Mohammadirad, field notes 2015","26","","","","Central Kurdish 100%","Masoud Mohammadirad, field notes 2015",35.986416436693695,45.80519428450355,""
"","2c896fbee6fcbe3f5d786d4cc7064d97","11-b97a64f977b6c6b500b1a7edb94def1e","1120067","کردستان","Kordestān","بانه","Bāneh","مرکزی","Markazi","","","شوی","Shevi","سیچان","Sichān","Sichān","Masoud Mohammadirad, field notes 2015","195","","","","Central Kurdish 100%","Masoud Mohammadirad, field notes 2015",35.993152748913175,45.82612661851258,""
"","2c896fbee6fcbe3f5d786d4cc7063db2","11-8cc7e77b3da0137864567761c23f6696","1120068","کردستان","Kordestān","بانه","Bāneh","مرکزی","Markazi","","","شوی","Shevi","قایی برد","Qāi Bard","Qāy Bard","Masoud Mohammadirad, field notes 2015","371","","","","Central Kurdish 100%","Masoud Mohammadirad, field notes 2015",35.992689141287414,45.845203814833425,""
"","2c896fbee6fcbe3f5d786d4cc7063598","12-f7a51a2e969554ef7c9d3df73ab92c23","1120069","کردستان","Kordestān","بانه","Bāneh","مرکزی","Markazi","","","شوی","Shevi","خشکه دره","Khoshkeh Darreh","Weshkayara","Masoud Mohammadirad, field notes 2015","223","","","","Central Kurdish 100%","Masoud Mohammadirad, field notes 2015",36.089957469468686,45.882944919704286,""
"","2c896fbee6fcbe3f5d786d4cc706ebdb","11-db3c265678217af894ad6922713e99ad","1120070","کردستان","Kordestān","بانه","Bāneh","مرکزی","Markazi","","","شوی","Shevi","ساوان","Sāvān","Sāwān","Masoud Mohammadirad, field notes 2015","1037","","","","Central Kurdish 100%","Masoud Mohammadirad, field notes 2015",36.07360433953817,45.90520608552297,""
"","2c896fbee6fcbe3f5d786d4cc706e0b6","14-cf45c7ff8fd09e8ffc24c7789551b215","1120071","کردستان","Kordestān","بانه","Bāneh","مرکزی","Markazi","","","شوی","Shevi","سرقول","Sar Qul","Sar Quḷ","Masoud Mohammadirad, field notes 2015"," ","(less than 3 households; population not specified in 2011 Census for reasons of privacy)","","","Central Kurdish 100%","Masoud Mohammadirad, field notes 2015",36.05335612888069,45.831850144269474,""
"","2c896fbee6fcbe3f5d786d4cc706d832","11-3ca19c2e3e9ee096253a9b258731c3a1","1120072","کردستان","Kordestān","بانه","Bāneh","مرکزی","Markazi","","","شوی","Shevi","شرگه","Shargeh","Sharga","Masoud Mohammadirad, field notes 2015","72","","","","Central Kurdish 100%","Masoud Mohammadirad, field notes 2015",36.05479754420913,45.81668758506109,""
"","2c896fbee6fcbe3f5d786d4cc706ce51","12-f57f9b1923e11b81006011a0fe47f91e","1120073","کردستان","Kordestān","بانه","Bāneh","مرکزی","Markazi","","","شوی","Shevi","صدبار","Sad Bār","Ṣad Bār","Masoud Mohammadirad, field notes 2015","426","","","","Central Kurdish 100%","Masoud Mohammadirad, field notes 2015",36.09577787644671,45.85339428386543,""
"","2c896fbee6fcbe3f5d786d4cc706c26c","12-82a4fe83f694faed97896e7039728e2b","1120074","کردستان","Kordestān","بانه","Bāneh","مرکزی","Markazi","","","شوی","Shevi","نژو","Nezhu","Nezhō","Masoud Mohammadirad, field notes 2015","260","","","","Central Kurdish 100%","Masoud Mohammadirad, field notes 2015",36.0805965417508,45.84899009666329,""
"","2c896fbee6fcbe3f5d786d4cc706b34d","13-033d076a5ecefe3feb84322cedb765c4","1120075","کردستان","Kordestān","بانه","Bāneh","مرکزی","Markazi","","","شوی","Shevi","شوی","Shevi","Shwē","Masoud Mohammadirad, field notes 2015","1735","","","","Central Kurdish 100%","Masoud Mohammadirad, field notes 2015",36.047849543417385,45.86154484861949,""
"","2c896fbee6fcbe3f5d786d4cc706a928","11-ae523e05500b4725c903391944d9efc9","1120076","کردستان","Kordestān","بانه","Bāneh","مرکزی","Markazi","","","شوی","Shevi","عمرشال","Omar Shāl","Hōmara Shāḷ","Masoud Mohammadirad, field notes 2015","214","","","","Central Kurdish 100%","Masoud Mohammadirad, field notes 2015",36.046288606386,45.89182988810607,""
"","2c896fbee6fcbe3f5d786d4cc7069bdf","11-a4817a83a1b7d0031f22c11d8b4e7fb7","1120077","کردستان","Kordestān","بانه","Bāneh","مرکزی","Markazi","","","شوی","Shevi","بنه خوی","Beneh Khovi","Bena Khwē","Masoud Mohammadirad, field notes 2015","259","","","","Central Kurdish 100%","Masoud Mohammadirad, field notes 2015",36.02285348915013,45.972232487563886,""
"","2c896fbee6fcbe3f5d786d4cc70693ad","11-2a8a124296b31334e1fc1e6771db7b5f","1120078","کردستان","Kordestān","بانه","Bāneh","مرکزی","Markazi","","","شوی","Shevi","دروله","Derowleh","Derōḷa","Masoud Mohammadirad, field notes 2015","37","","","","Central Kurdish 100%","Masoud Mohammadirad, field notes 2015",36.03395883680104,45.93433617684294,""
"","2c896fbee6fcbe3f5d786d4cc7068848","11-774dd2b834279f9aa3bf55edae063bf8","1120079","کردستان","Kordestān","بانه","Bāneh","مرکزی","Markazi","","","شوی","Shevi","سبدلو","Sabadlu","Sabatlu","Masoud Mohammadirad, field notes 2015","1330","","","","Central Kurdish 100%","Masoud Mohammadirad, field notes 2015",36.032246796387284,45.9509001982938,""
"","2c896fbee6fcbe3f5d786d4cc70732c8","13-6534e51e5eba14a89fa49213bbf886b1","1120080","کردستان","Kordestān","بانه","Bāneh","مرکزی","Markazi","","","شوی","Shevi","سرسونج","Sar Sonj","Sarsonj","Masoud Mohammadirad, field notes 2015","41","","","","Central Kurdish 100%","Masoud Mohammadirad, field notes 2015",36.04575067717845,45.99140957997859,""
"","2c896fbee6fcbe3f5d786d4cc70723e9","16-1d54e332707e64db5af3017b19b1e5f4","1120081","کردستان","Kordestān","بانه","Bāneh","مرکزی","Markazi","","","شوی","Shevi","سونج","Sonj","Sonj","Masoud Mohammadirad, field notes 2015","126","","","","Central Kurdish 100%","Masoud Mohammadirad, field notes 2015",36.03846,45.97551,""
"","2c896fbee6fcbe3f5d786d4cc707232f","11-f9db7730ebdc4585dc2025ea9f1dcfef","1120082","کردستان","Kordestān","بانه","Bāneh","مرکزی","Markazi","","","شوی","Shevi","قوری چای","Qurri Chāy","Qoṛu Chāw","Masoud Mohammadirad, field notes 2015","42","","","","Central Kurdish 100%","Masoud Mohammadirad, field notes 2015",36.04917289566099,45.96023694681191,""
"","2c896fbee6fcbe3f5d786d4cc7071cde","11-9ded58bd8c40377c6926ea19587da3dd","1120083","کردستان","Kordestān","بانه","Bāneh","مرکزی","Markazi","","","شوی","Shevi","بلوه","Balveh","Balwa","Masoud Mohammadirad, field notes 2015","19","","","","Central Kurdish 100%","Masoud Mohammadirad, field notes 2015",36.0142624991808,45.96165921962839,""
"","2c896fbee6fcbe3f5d786d4cc7071b3a","11-25dc169d3e05759215854217d1be5713","1120084","کردستان","Kordestān","بانه","Bāneh","مرکزی","Markazi","","","شوی","Shevi","رشیدقلعه","Rashid Qal'eh","Ṛasha Qaḷāt","Masoud Mohammadirad, field notes 2015","745","","","","Central Kurdish 100%","Masoud Mohammadirad, field notes 2015",36.02740967187739,45.91221714132226,""
"","2c896fbee6fcbe3f5d786d4cc7071475","11-31d1a00b33b25cedd47540a17dead4df","1120085","کردستان","Kordestān","بانه","Bāneh","مرکزی","Markazi","","","شوی","Shevi","مجسه","Mejseh","Mejasa","Masoud Mohammadirad, field notes 2015","126","","","","Central Kurdish 100%","Masoud Mohammadirad, field notes 2015",36.009822340827505,45.93523739907082,""
"","2c896fbee6fcbe3f5d786d4cc7071201","11-c048d6289a176056157580a06cb2ca36","1120086","کردستان","Kordestān","بانه","Bāneh","مرکزی","Markazi","","","شوی","Shevi","ترخان آباد","Tarkhān Ābād","Tarkhānāwā","Masoud Mohammadirad, field notes 2015","469","","","","Central Kurdish 100%","Masoud Mohammadirad, field notes 2015",35.9927537720085,45.92161177727547,""
"","2c896fbee6fcbe3f5d786d4cc7070e85","11-f86d17df8c47ce8246cdbd3460189da0","1120087","کردستان","Kordestān","بانه","Bāneh","مرکزی","Markazi","","","شوی","Shevi","دمامه","Damāmeh","Damāma","Masoud Mohammadirad, field notes 2015"," ","(less than 3 households; population not specified in 2011 Census for reasons of privacy)","","","Central Kurdish 100%","Masoud Mohammadirad, field notes 2015",35.98070997557731,45.925174251417914,""
"","2c896fbee6fcbe3f5d786d4cc706ffcd","12-a3c2184af5c1f80611e51a686d1c4ea9","1120088","کردستان","Kordestān","بانه","Bāneh","مرکزی","Markazi","","","شوی","Shevi","کانی ناو","Kāni Nāv","Kāni Nāw","Masoud Mohammadirad, field notes 2015","293","","","","Central Kurdish 100%","Masoud Mohammadirad, field notes 2015",36.00057642160385,45.97499179966198,""
"","2c896fbee6fcbe3f5d786d4cc706f492","16-b1887c987a95424525d1a688f6d7ea2b","1120089","کردستان","Kordestān","بانه","Bāneh","مرکزی","Markazi","","","شوی","Shevi","کوپیچ","Kowpich","Kawpēch","Masoud Mohammadirad, field notes 2015","227","","","","Central Kurdish 100%","Masoud Mohammadirad, field notes 2015",36.01177,45.86118,""
"","2c896fbee6fcbe3f5d786d4cc70772ac","13-c34e469bd8bf3d90a0e25bee7ec86a01","1120090","کردستان","Kordestān","بانه","Bāneh","مرکزی","Markazi","","","شوی","Shevi","بنه رزان","Beneh Razān","Beni Ṛazān","Masoud Mohammadirad, field notes 2015","383","","","","Central Kurdish 100%","Masoud Mohammadirad, field notes 2015",36.00163834793998,45.85292857679534,""
"","2c896fbee6fcbe3f5d786d4cc707710b","12-f3de3dc2d1abe0a9cc8294b40498954a","1120091","کردستان","Kordestān","بانه","Bāneh","مرکزی","Markazi","","","شوی","Shevi","سد بانه","Sadd-e Bāneh","Sadi Bāna","Masoud Mohammadirad, field notes 2015"," ","(less than 3 households; population not specified in 2011 Census for reasons of privacy)","","","Central Kurdish 100%","Masoud Mohammadirad, field notes 2015",36.01756519638643,45.934200764970385,""
"","2c896fbee6fcbe3f5d786d4cc7076f90","13-248c78a1b9eca31862e0f2fd47bb338d","1120092","کردستان","Kordestān","بانه","Bāneh","مرکزی","Markazi","بانه","Bāneh","","","","","Bāna","Masoud Mohammadirad, field notes 2015","85190","","","","Central Kurdish 99.5%; Tehrāni type Persian 0.5%","Masoud Mohammadirad, field notes 2015",35.996847371224966,45.88541253640683,""
"","2c896fbee6fcbe3f5d786d4cc7076bc7","9-f12bae02187ed0670474dc0b2631b5b1","1120093","کردستان","Kordestān","بانه","Bāneh","نمه شیر","Nameh Shir","","","","","","","","","17328","","","","","","","",""
"","2c896fbee6fcbe3f5d786d4cc7076863","9-d615851c3c6d0482b7972ac34735b0c6","1120094","کردستان","Kordestān","بانه","Bāneh","نمه شیر","Nameh Shir","","","کانی سور","Kāni Sur","","","","","5765","","","","","","","",""
"","2c896fbee6fcbe3f5d786d4cc7075d6d","12-9cfc25f133612070426a2076110a5c90","1120095","کردستان","Kordestān","بانه","Bāneh","نمه شیر","Nameh Shir","","","کانی سور","Kāni Sur","اوغل","Owghal","Ōghaḷ ","Masoud Mohammadirad, field notes 2015","336","","","","Central Kurdish 100%","Masoud Mohammadirad, field notes 2015",36.02535519322269,45.6618276025544,""
"","2c896fbee6fcbe3f5d786d4cc7074e60","11-dde2eb2fefc8a69fb45f762d369154b3","1120096","کردستان","Kordestān","بانه","Bāneh","نمه شیر","Nameh Shir","","","کانی سور","Kāni Sur","بندژاژ","Band Zhāzh","Bana Zhāzh","Masoud Mohammadirad, field notes 2015","140","","","","Central Kurdish 100%","Masoud Mohammadirad, field notes 2015",36.0704023137781,45.61560752105533,""
"","2c896fbee6fcbe3f5d786d4cc7074e57","11-3c5e9f909e07f9f2efa1a4a90531e41a","1120097","کردستان","Kordestān","بانه","Bāneh","نمه شیر","Nameh Shir","","","کانی سور","Kāni Sur","حمزه لان","Hamzeh Lān","Hamza Lān","Masoud Mohammadirad, field notes 2015","216","","","","Central Kurdish 100%","Masoud Mohammadirad, field notes 2015",36.04283983653322,45.66541636105979,""
"","2c896fbee6fcbe3f5d786d4cc7074863","11-1c9886cfd6e6e88b81886aaf4ff58ef3","1120098","کردستان","Kordestān","بانه","Bāneh","نمه شیر","Nameh Shir","","","کانی سور","Kāni Sur","رشکی","Rashki","Ṛashki ","Masoud Mohammadirad, field notes 2015","65","","","","Central Kurdish 100%","Masoud Mohammadirad, field notes 2015",36.059774230457975,45.5843931702652,""
"","2c896fbee6fcbe3f5d786d4cc7073c55","12-73c11923e5d99f53ebb3c43e2c3040a2","1120099","کردستان","Kordestān","بانه","Bāneh","نمه شیر","Nameh Shir","","","کانی سور","Kāni Sur","سارتکه سفلی","Sārtkeh-ye Soflā","Sārtkē Khwāru","Masoud Mohammadirad, field notes 2015","25","","","","Central Kurdish 100%","Masoud Mohammadirad, field notes 2015",36.047283792547546,45.58799805918034,""
"","2c896fbee6fcbe3f5d786d4cc707c9de","13-cde17d2503d6718568f16efd04dc9e7f","1120100","کردستان","Kordestān","بانه","Bāneh","نمه شیر","Nameh Shir","","","کانی سور","Kāni Sur","سارتکه علیا","Sārtkeh-ye Olyā","Sārtkē Saru","Masoud Mohammadirad, field notes 2015","64","","","","Central Kurdish 100%","Masoud Mohammadirad, field notes 2015",36.02743570225024,45.63162259449213,""
"","2c896fbee6fcbe3f5d786d4cc707c34a","13-fcbd9268287f3defe1cb2554f7dac1d8","1120101","کردستان","Kordestān","بانه","Bāneh","نمه شیر","Nameh Shir","","","کانی سور","Kāni Sur","سیاحومه کهنه","Siāhumeh Kohneh","Siyāwma Kōn","Masoud Mohammadirad, field notes 2015","59","","","","Central Kurdish 100%","Masoud Mohammadirad, field notes 2015",36.035296455503975,45.6819706918465,""
"","2c896fbee6fcbe3f5d786d4cc707b90c","12-25bb5bba831d3fac8bc6e9b814aecfba","1120102","کردستان","Kordestān","بانه","Bāneh","نمه شیر","Nameh Shir","","","کانی سور","Kāni Sur","کانی برد","Kāni Bard","Kāni Bard","Masoud Mohammadirad, field notes 2015","127","","","","Central Kurdish 100%","Masoud Mohammadirad, field notes 2015",36.06149775050639,45.64249420282123,""
"","2c896fbee6fcbe3f5d786d4cc707ad29","11-e954e4d6fa7ae7d183ea3e9d859feb4d","1120103","کردستان","Kordestān","بانه","Bāneh","نمه شیر","Nameh Shir","","","کانی سور","Kāni Sur","کانی هلوچه","Kāni Halucheh","Kāni Haḷōzha","Masoud Mohammadirad, field notes 2015","191","","","","Central Kurdish 100%","Masoud Mohammadirad, field notes 2015",36.05679682405641,45.67027115937632,""
"","2c896fbee6fcbe3f5d786d4cc7079ed7","11-2568f37b6591787da2586c766ee10e74","1120104","کردستان","Kordestān","بانه","Bāneh","نمه شیر","Nameh Shir","","","کانی سور","Kāni Sur","بایزید","Bāyzid","Bāyzi","Masoud Mohammadirad, field notes 2015","67","","","","Central Kurdish 100%","Masoud Mohammadirad, field notes 2015",36.04134927595745,45.61433324223238,""
"","2c896fbee6fcbe3f5d786d4cc7079125","15-d2004d4a169ceba8f0f6629f535fa094","1120105","کردستان","Kordestān","بانه","Bāneh","نمه شیر","Nameh Shir","","","کانی سور","Kāni Sur","دارینه علیا","Dārineh-ye Olyā","Dārēnay Saru","Masoud Mohammadirad, field notes 2015","92","","","","Central Kurdish 100%","Masoud Mohammadirad, field notes 2015",36.07529120148214,45.69110942808623,""
"","2c896fbee6fcbe3f5d786d4cc7078475","12-3c981d063064f509bb8e17501664a015","1120106","کردستان","Kordestān","بانه","Bāneh","نمه شیر","Nameh Shir","","","کانی سور","Kāni Sur","سیا حومه","Siāhumeh","Siyāwma","Masoud Mohammadirad, field notes 2015","639","","","","Central Kurdish 100%","Masoud Mohammadirad, field notes 2015",36.057857182063664,45.68059203641333,""
"","2c896fbee6fcbe3f5d786d4cc707843c","11-32d312cfb08f53f3c39138b12c9dada8","1120107","کردستان","Kordestān","بانه","Bāneh","نمه شیر","Nameh Shir","","","کانی سور","Kāni Sur","مامال","Māmāl","Māmāḷ","Masoud Mohammadirad, field notes 2015","382","","","","Central Kurdish 100%","Masoud Mohammadirad, field notes 2015",36.048741602444544,45.70539713805297,""
"","2c896fbee6fcbe3f5d786d4cc7077de8","11-31c7a33a210fc811cbd314774e6ed769","1120108","کردستان","Kordestān","بانه","Bāneh","نمه شیر","Nameh Shir","","","کانی سور","Kāni Sur","یعقوب آباد","Ya'qub Ābād","Yākubāwā","Masoud Mohammadirad, field notes 2015","197","","","","Central Kurdish 100%","Masoud Mohammadirad, field notes 2015",36.03410689299253,45.73169252699826,""
"","2c896fbee6fcbe3f5d786d4cc7077358","11-33d4c3530f1981a28ec6542e70ebde97","1120109","کردستان","Kordestān","بانه","Bāneh","نمه شیر","Nameh Shir","","","کانی سور","Kāni Sur","زرواوسفلی","Zarvāv-e Soflā","Zarwāwi Khwāru","Masoud Mohammadirad, field notes 2015","732","","","","Central Kurdish 100%","Masoud Mohammadirad, field notes 2015",36.04293092495423,45.767420769882385,""
"","2c896fbee6fcbe3f5d786d4cc7081b3e","11-2660c24c2ad00514fa3890159509782b","1120110","کردستان","Kordestān","بانه","Bāneh","نمه شیر","Nameh Shir","","","کانی سور","Kāni Sur","زرواوعلیا","Zarvāv-e Olyā","Zarwāwi Saru","Masoud Mohammadirad, field notes 2015","322","","","","Central Kurdish 100%","Masoud Mohammadirad, field notes 2015",36.05315127986315,45.779560119489275,""
"","2c896fbee6fcbe3f5d786d4cc7080c63","11-6d997ebff007c65c9ea1339020278060","1120111","کردستان","Kordestān","بانه","Bāneh","نمه شیر","Nameh Shir","","","کانی سور","Kāni Sur","صالح آباد","Sāleh Ābād","Sāḷhāwā","Masoud Mohammadirad, field notes 2015","53","","","","Central Kurdish 100%","Masoud Mohammadirad, field notes 2015",36.05103162204072,45.74244380896219,""
"","2c896fbee6fcbe3f5d786d4cc70807bd","11-f362653084ae34a1a9638216545c7123","1120112","کردستان","Kordestān","بانه","Bāneh","نمه شیر","Nameh Shir","","","کانی سور","Kāni Sur","کندل","Kandal","Kanaḷ","Masoud Mohammadirad, field notes 2015","42","","","","Central Kurdish 100%","Masoud Mohammadirad, field notes 2015",36.017694365293536,45.75742980545492,""
"","2c896fbee6fcbe3f5d786d4cc707fdf3","11-4da2001933d8845c88b7a16e05135a0d","1120113","کردستان","Kordestān","بانه","Bāneh","نمه شیر","Nameh Shir","","","کانی سور","Kāni Sur","گوزله","Gowzleh","Gözḷē","Masoud Mohammadirad, field notes 2015","50","","","","Central Kurdish 100%","Masoud Mohammadirad, field notes 2015",36.0243760960874,45.77490827864084,""
"","2c896fbee6fcbe3f5d786d4cc707fa11","11-dfb97950a3b633b27fcfa517a284fe62","1120114","کردستان","Kordestān","بانه","Bāneh","نمه شیر","Nameh Shir","","","کانی سور","Kāni Sur","نمازگاه","Namāzgāh","Nwēzhga","Masoud Mohammadirad, field notes 2015","124","","","","Central Kurdish 100%","Masoud Mohammadirad, field notes 2015",36.05992216511321,45.71365834181833,""
"","2c896fbee6fcbe3f5d786d4cc707f8ad","12-d7a36ee23c47938a35a35fd2f64efed5","1120115","کردستان","Kordestān","بانه","Bāneh","نمه شیر","Nameh Shir","","","کانی سور","Kāni Sur","سیدصارم","Sayyed Sārem","Say Sārem","Masoud Mohammadirad, field notes 2015","284","","","","Central Kurdish 100%","Masoud Mohammadirad, field notes 2015",36.07540708134094,45.76005150387017,""
"","2c896fbee6fcbe3f5d786d4cc707f5b1","15-0bd090f69d23edc24606b96c989ffc71","1120116","کردستان","Kordestān","بانه","Bāneh","نمه شیر","Nameh Shir","","","کانی سور","Kāni Sur","میر آباد علیا","Mir Ābād-e Olyā","Mirāwāy Saru","Masoud Mohammadirad, field notes 2015","161","","","","Central Kurdish 100%","Masoud Mohammadirad, field notes 2015",36.05888,45.83029,""
"","2c896fbee6fcbe3f5d786d4cc707e720","11-166a0c2978ef4ad99e837c9291707861","1120117","کردستان","Kordestān","بانه","Bāneh","نمه شیر","Nameh Shir","","","کانی سور","Kāni Sur","بیلو","Bilu","Bēlu ","Masoud Mohammadirad, field notes 2015","331","","","","Central Kurdish 100%","Masoud Mohammadirad, field notes 2015",36.09588667036,45.77704638891877,""
"","2c896fbee6fcbe3f5d786d4cc707dc3f","11-6368ce8add91ae8e59781eaae67d0c79","1120118","کردستان","Kordestān","بانه","Bāneh","نمه شیر","Nameh Shir","","","کانی سور","Kāni Sur","سیوچ سفلی","Sivech-e Soflā","Siwechi Khwāru","Masoud Mohammadirad, field notes 2015","780","","","","Central Kurdish 100%","Masoud Mohammadirad, field notes 2015",36.07952094624957,45.803604606694755,""
"","2c896fbee6fcbe3f5d786d4cc707d2b8","11-a1d8a18b64dc82572dca3d219b09a127","1120119","کردستان","Kordestān","بانه","Bāneh","نمه شیر","Nameh Shir","","","کانی سور","Kāni Sur","سیوچ علیا","Sivech-e Olyā","Siwechi Saru","Masoud Mohammadirad, field notes 2015","286","","","","Central Kurdish 100%","Masoud Mohammadirad, field notes 2015",36.093836973660075,45.812456281520774,""
"","2c896fbee6fcbe3f5d786d4cc7086bcf","9-bcf3ff1a33750df59240211533aec70d","1120120","کردستان","Kordestān","بانه","Bāneh","نمه شیر","Nameh Shir","","","نمه شیر","Nameh Shir","","","","","5729","","","","","","","",""
"","2c896fbee6fcbe3f5d786d4cc7085cfa","11-61199a1dd001655b4840f21d8f974c88","1120121","کردستان","Kordestān","بانه","Bāneh","نمه شیر","Nameh Shir","","","نمه شیر","Nameh Shir","کانی پزمکه","Kāni Pezemkeh","Kāni Pizemka","Masoud Mohammadirad, field notes 2015","77","","","","Central Kurdish 100%","Masoud Mohammadirad, field notes 2015",36.0827083599158,45.70308961595177,""
"","2c896fbee6fcbe3f5d786d4cc70850e3","12-886197041fa7e64e99962220d350e5ef","1120122","کردستان","Kordestān","بانه","Bāneh","نمه شیر","Nameh Shir","","","نمه شیر","Nameh Shir","پرشه","Parsheh","Paṛsha","Masoud Mohammadirad, field notes 2015","131","","","","Central Kurdish 100%","Masoud Mohammadirad, field notes 2015",36.11200009705997,45.68498324777279,""
"","2c896fbee6fcbe3f5d786d4cc70849c5","11-9b0846a93c02a64d8de9d46d62a3ff07","1120123","کردستان","Kordestān","بانه","Bāneh","نمه شیر","Nameh Shir","","","نمه شیر","Nameh Shir","زیویه","Zivieh","Zēwya","Masoud Mohammadirad, field notes 2015","580","","","","Central Kurdish 100%","Masoud Mohammadirad, field notes 2015",36.105185989068644,45.7508378631996,""
"","2c896fbee6fcbe3f5d786d4cc7084557","11-dcb612f0bd04daa12142d129d5263115","1120124","کردستان","Kordestān","بانه","Bāneh","نمه شیر","Nameh Shir","","","نمه شیر","Nameh Shir","گشکسه","Geshkaseh","Geshkasa","Masoud Mohammadirad, field notes 2015","211","","","","Central Kurdish 100%","Masoud Mohammadirad, field notes 2015",36.10141955771523,45.729390050054874,""
"","2c896fbee6fcbe3f5d786d4cc70843e7","11-de3144b241154d6a7f479b9944ac07ae","1120125","کردستان","Kordestān","بانه","Bāneh","نمه شیر","Nameh Shir","","","نمه شیر","Nameh Shir","هلو","Halu","Haḷō","Masoud Mohammadirad, field notes 2015","102","","","","Central Kurdish 100%","Masoud Mohammadirad, field notes 2015",36.10643903223575,45.67470660219035,""
"","2c896fbee6fcbe3f5d786d4cc70837d5","11-9167ed664318eee3a0026d3c4aac3384","1120126","کردستان","Kordestān","بانه","Bāneh","نمه شیر","Nameh Shir","","","نمه شیر","Nameh Shir","هورازه","Howrāzeh","Hawrāza","Masoud Mohammadirad, field notes 2015","127","","","","Central Kurdish 100%","Masoud Mohammadirad, field notes 2015",36.15271889779885,45.65531613010664,""
"","2c896fbee6fcbe3f5d786d4cc7083077","12-387ec57f720fb0e8c3bbc96312eb894c","1120127","کردستان","Kordestān","بانه","Bāneh","نمه شیر","Nameh Shir","","","نمه شیر","Nameh Shir","برده رش","Bardeh Rash","Barda Ṛash","Masoud Mohammadirad, field notes 2015","485","","","","Central Kurdish 100%","Masoud Mohammadirad, field notes 2015",36.172337571597076,45.712495530308175,""
"","2c896fbee6fcbe3f5d786d4cc7082d32","11-585f260cb978fc8a29f89a61c1470e78","1120128","کردستان","Kordestān","بانه","Bāneh","نمه شیر","Nameh Shir","","","نمه شیر","Nameh Shir","بیکش","Bikash","Bēkash","Masoud Mohammadirad, field notes 2015","203","","","","Central Kurdish 100%","Masoud Mohammadirad, field notes 2015",36.15251098622156,45.66992880481803,""
"","2c896fbee6fcbe3f5d786d4cc70823c7","12-2d99c1300f37056c1fafd1f66a658a20","1120129","کردستان","Kordestān","بانه","Bāneh","نمه شیر","Nameh Shir","","","نمه شیر","Nameh Shir","دول ارزن","Dowl Arzan","Dōḷa Harzen","Masoud Mohammadirad, field notes 2015","380","","","","Central Kurdish 100%","Masoud Mohammadirad, field notes 2015",36.154089314371205,45.700441682996825,""
"","2c896fbee6fcbe3f5d786d4cc708a9a1","11-01cb67a151ab86c91f4f2eee7b72ad26","1120130","کردستان","Kordestān","بانه","Bāneh","نمه شیر","Nameh Shir","","","نمه شیر","Nameh Shir","سماقان","Semāqān","Semāqān","Masoud Mohammadirad, field notes 2015","163","","","","Central Kurdish 100%","Masoud Mohammadirad, field notes 2015",36.14483037948108,45.72793968981383,""
"","2c896fbee6fcbe3f5d786d4cc708a012","11-5f2e12eb71ba4d297bb4b62ce977b05b","1120131","کردستان","Kordestān","بانه","Bāneh","نمه شیر","Nameh Shir","","","نمه شیر","Nameh Shir","سوتو","Sutu","Sutu","Masoud Mohammadirad, field notes 2015","110","","","","Central Kurdish 100%","Masoud Mohammadirad, field notes 2015",36.191403425634434,45.698015097589575,""
"","2c896fbee6fcbe3f5d786d4cc70899ac","11-d293f3e01b1ef86828d075b2ee787fc4","1120132","کردستان","Kordestān","بانه","Bāneh","نمه شیر","Nameh Shir","","","نمه شیر","Nameh Shir","پیاوین","Piāvin","Piyāwēn","Masoud Mohammadirad, field notes 2015","224","","","","Central Kurdish 100%","Masoud Mohammadirad, field notes 2015",36.149363028729134,45.75626325885311,""
"","2c896fbee6fcbe3f5d786d4cc70894cc","11-09ec955a112afc3ba2e7eacec4fc7fd8","1120133","کردستان","Kordestān","بانه","Bāneh","نمه شیر","Nameh Shir","","","نمه شیر","Nameh Shir","حسن آباد","Hasan Ābād","Hasanāwā","Masoud Mohammadirad, field notes 2015","64","","","","Central Kurdish 100%","Masoud Mohammadirad, field notes 2015",36.11157583986262,45.72414704626784,""
"","2c896fbee6fcbe3f5d786d4cc70891cd","13-f15a89db70ac08c5aa4b69c40c3fead7","1120134","کردستان","Kordestān","بانه","Bāneh","نمه شیر","Nameh Shir","","","نمه شیر","Nameh Shir","سپیداره","Sepidāreh","Sepyāra","Masoud Mohammadirad, field notes 2015","193","","","","Central Kurdish 100%","Masoud Mohammadirad, field notes 2015",36.13357648379098,45.764803578196336,""
"","2c896fbee6fcbe3f5d786d4cc708872e","11-68e6905c0843ed9bd7c52faf827f3989","1120135","کردستان","Kordestān","بانه","Bāneh","نمه شیر","Nameh Shir","","","نمه شیر","Nameh Shir","شهینان","Shahinān","Shahēnān","Masoud Mohammadirad, field notes 2015","125","","","","Central Kurdish 100%","Masoud Mohammadirad, field notes 2015",36.163638441757925,45.79266159001979,""
"","2c896fbee6fcbe3f5d786d4cc70885ed","11-aa8314b3c2248d22aa3e9d2d957296b6","1120136","کردستان","Kordestān","بانه","Bāneh","نمه شیر","Nameh Shir","","","نمه شیر","Nameh Shir","کشنه","Kashaneh","Kashana","Masoud Mohammadirad, field notes 2015","78","","","","Central Kurdish 100%","Masoud Mohammadirad, field notes 2015",36.164543717191435,45.772131373222045,""
"","2c896fbee6fcbe3f5d786d4cc7088438","11-1127a7f4c0e17b62bb5717f936de314a","1120137","کردستان","Kordestān","بانه","Bāneh","نمه شیر","Nameh Shir","","","نمه شیر","Nameh Shir","کوخان","Kukhān","Qōkhān","Masoud Mohammadirad, field notes 2015","777","","","","Central Kurdish 100%","Masoud Mohammadirad, field notes 2015",36.1231547844259,45.72194763487587,""
"","2c896fbee6fcbe3f5d786d4cc7087c39","12-5464cc4fa171e6de210704eee5d87a55","1120138","کردستان","Kordestān","بانه","Bāneh","نمه شیر","Nameh Shir","","","نمه شیر","Nameh Shir","نمه شیر","Nameh Shir","Nama Shir","Masoud Mohammadirad, field notes 2015","169","","","","Central Kurdish 100%","Masoud Mohammadirad, field notes 2015",36.132028508143094,45.73593803709655,""
"","2c896fbee6fcbe3f5d786d4cc7086fcb","11-b90cf9a32c5b32c8fbc7b2973dc0afa9","1120139","کردستان","Kordestān","بانه","Bāneh","نمه شیر","Nameh Shir","","","نمه شیر","Nameh Shir","منیجلان","Manijelān","ManijaỊān","Masoud Mohammadirad, field notes 2015","433","","","","Central Kurdish 100%","Masoud Mohammadirad, field notes 2015",36.14743327666679,45.802864713110864,""
"","2c896fbee6fcbe3f5d786d4cc708f4d6","15-aa5ec05a9a1b6e7edb7cdcf993d25a2c","1120140","کردستان","Kordestān","بانه","Bāneh","نمه شیر","Nameh Shir","","","نمه شیر","Nameh Shir","نجنه سفلی","Najneh-ye Soflā","Nejnay Khwāru","Masoud Mohammadirad, field notes 2015","347","","","","Central Kurdish 100%","Masoud Mohammadirad, field notes 2015",36.14244902923767,45.78076808625,""
"","2c896fbee6fcbe3f5d786d4cc708f1c6","13-6d13be3357ec30c27713af32b8b560e4","1120141","کردستان","Kordestān","بانه","Bāneh","نمه شیر","Nameh Shir","","","نمه شیر","Nameh Shir","نجنه علیا","Najneh-ye Olyā","Nejnay Saru","Masoud Mohammadirad, field notes 2015","750","","","","Central Kurdish 100%","Masoud Mohammadirad, field notes 2015",36.123714997491646,45.79299895935765,""
"","2c896fbee6fcbe3f5d786d4cc708f03c","9-dbfcebf6ce75b23c9153884bd7918627","1120142","کردستان","Kordestān","بانه","Bāneh","نمه شیر","Nameh Shir","","","بوالحسن","Bol Hasan","","","","","4527","","","","","","","",""
"","2c896fbee6fcbe3f5d786d4cc708ed00","12-e580fe7b6970e3cb3a8007df231d3ffb","1120143","کردستان","Kordestān","بانه","Bāneh","نمه شیر","Nameh Shir","","","بوالحسن","Bol Hasan","آلی مکان","Āli Makān","Āḷi Mākān","Masoud Mohammadirad, field notes 2015","46","","","","Central Kurdish 100%","Masoud Mohammadirad, field notes 2015",36.02814988294303,45.6881136662621,""
"","2c896fbee6fcbe3f5d786d4cc708ecb8","11-491ccda424b8a7278f85955a827add7e","1120144","کردستان","Kordestān","بانه","Bāneh","نمه شیر","Nameh Shir","","","بوالحسن","Bol Hasan","انجینه سفلی","Anjineh Soflā","Hanjēnay Khwāru","Masoud Mohammadirad, field notes 2015","258","","","","Central Kurdish 100%","Masoud Mohammadirad, field notes 2015",35.97209179457282,45.646981093621214,""
"","2c896fbee6fcbe3f5d786d4cc708e2f3","11-91e2487db32ddb20254bfabfa003dc4e","1120145","کردستان","Kordestān","بانه","Bāneh","نمه شیر","Nameh Shir","","","بوالحسن","Bol Hasan","برده بوک","Bardeh Buk","Barda Buk","Masoud Mohammadirad, field notes 2015","72","","","","Central Kurdish 100%","Masoud Mohammadirad, field notes 2015",36.00226092593156,45.67676959149675,""
"","2c896fbee6fcbe3f5d786d4cc708da12","11-a268733585472b44998a20e4184bc47c","1120146","کردستان","Kordestān","بانه","Bāneh","نمه شیر","Nameh Shir","","","بوالحسن","Bol Hasan","بوالحسن","Bol Hasan","Beḷasan","Masoud Mohammadirad, field notes 2015","1100","","","","Central Kurdish 100%","Masoud Mohammadirad, field notes 2015",35.99356583280351,45.6603533831178,""
"","2c896fbee6fcbe3f5d786d4cc708d004","11-5de4d47add7af056abdac866feb6061a","1120147","کردستان","Kordestān","بانه","Bāneh","نمه شیر","Nameh Shir","","","بوالحسن","Bol Hasan","کانی سیب","Kāni Sib","Kāni Sēw","Masoud Mohammadirad, field notes 2015","121","","","","Central Kurdish 100%","Masoud Mohammadirad, field notes 2015",36.016185958903094,45.71434303419751,""
"","2c896fbee6fcbe3f5d786d4cc708c408","11-4b51985f3e6ab9cfe64fe6f22355f368","1120148","کردستان","Kordestān","بانه","Bāneh","نمه شیر","Nameh Shir","","","بوالحسن","Bol Hasan","گوره دار","Gowreh Dār","Gawra Dār","Masoud Mohammadirad, field notes 2015","180","","","","Central Kurdish 100%","Masoud Mohammadirad, field notes 2015",35.9736786133984,45.680820125772335,""
"","2c896fbee6fcbe3f5d786d4cc708b987","11-93f0f846f92691c275ff84092ef0423b","1120149","کردستان","Kordestān","بانه","Bāneh","نمه شیر","Nameh Shir","","","بوالحسن","Bol Hasan","انجینه ابراهیم شمالی","Anjineh Ebrāhim-e Shomāli","Anjanay Bari Mērg","Masoud Mohammadirad, field notes 2015","256","","","","Central Kurdish 100%","Masoud Mohammadirad, field notes 2015",35.980832377132565,45.63323706798296,""
"","2c896fbee6fcbe3f5d786d4cc7093770","11-04605b611f4086ec7e2f2a090046eb6b","1120150","کردستان","Kordestān","بانه","Bāneh","نمه شیر","Nameh Shir","","","بوالحسن","Bol Hasan","برده رش","Bardeh Rash","Barda Ṛash","Masoud Mohammadirad, field notes 2015","221","","","","Central Kurdish 100%","Masoud Mohammadirad, field notes 2015",35.98682996011044,45.59494748112422,""
"","2c896fbee6fcbe3f5d786d4cc709331e","11-b0d0672ee5c2dca5909a6118cc3d1781","1120151","کردستان","Kordestān","بانه","Bāneh","نمه شیر","Nameh Shir","","","بوالحسن","Bol Hasan","صاله","Sāleh","Sāḷa","Masoud Mohammadirad, field notes 2015","168","","","","Central Kurdish 100%","Masoud Mohammadirad, field notes 2015",35.989061539303535,45.60262948181436,""
"","2c896fbee6fcbe3f5d786d4cc7093258","11-8d2c76ff43e14310ddabd025fce56752","1120152","کردستان","Kordestān","بانه","Bāneh","نمه شیر","Nameh Shir","","","بوالحسن","Bol Hasan","عمره سیت","Omareh Sit","Hōmara Sit","Masoud Mohammadirad, field notes 2015","52","","","","Central Kurdish 100%","Masoud Mohammadirad, field notes 2015",35.99364703180573,45.60297280456789,""
"","2c896fbee6fcbe3f5d786d4cc70927b8","11-3131b3d6f840a9d2e4acf1a54bcfecd0","1120153","کردستان","Kordestān","بانه","Bāneh","نمه شیر","Nameh Shir","","","بوالحسن","Bol Hasan","کیوه رود","Kiveh Rud","Kiwarō","Masoud Mohammadirad, field notes 2015","156","","","","Central Kurdish 100%","Masoud Mohammadirad, field notes 2015",35.985647656499985,45.605638920326996,""
"","2c896fbee6fcbe3f5d786d4cc7092600","11-33a4756873bd24750cc4e76e4d3309d5","1120154","کردستان","Kordestān","بانه","Bāneh","نمه شیر","Nameh Shir","","","بوالحسن","Bol Hasan","گله سوره","Galeh Sureh","GeỊa Sura","Masoud Mohammadirad, field notes 2015","75","","","","Central Kurdish 100%","Masoud Mohammadirad, field notes 2015",35.977127723149245,45.60326784756051,""
"","2c896fbee6fcbe3f5d786d4cc70919c0","11-37310c9fdf33ac4eb702b8742e3e20ac","1120155","کردستان","Kordestān","بانه","Bāneh","نمه شیر","Nameh Shir","","","بوالحسن","Bol Hasan","مالته","Mālteh","Māḷta","Masoud Mohammadirad, field notes 2015","145","","","","Central Kurdish 100%","Masoud Mohammadirad, field notes 2015",35.97338542507338,45.6022812546771,""
"","2c896fbee6fcbe3f5d786d4cc7091327","11-82f0b68d228abeda6b7464e92de1d1a1","1120156","کردستان","Kordestān","بانه","Bāneh","نمه شیر","Nameh Shir","","","بوالحسن","Bol Hasan","مزرلان","Marzelān","Marzaḷān","Masoud Mohammadirad, field notes 2015","134","","","","Central Kurdish 100%","Masoud Mohammadirad, field notes 2015",36.01169889899848,45.64551407368665,""
"","2c896fbee6fcbe3f5d786d4cc70910fb","11-590c3618d4fd84464ca47aeffd05ddc2","1120157","کردستان","Kordestān","بانه","Bāneh","نمه شیر","Nameh Shir","","","بوالحسن","Bol Hasan","انجینه ابراهیم جنوبی","Anjineh Ebrāhim-e Jonubi","Anjanay Malā SāỊa","Masoud Mohammadirad, field notes 2015","84","","","","Central Kurdish 100%","Masoud Mohammadirad, field notes 2015",35.97764647249458,45.63734123442268,""
"","2c896fbee6fcbe3f5d786d4cc7090bae","12-ec0941288a8cf2316e29520a4cfa1041","1120158","کردستان","Kordestān","بانه","Bāneh","نمه شیر","Nameh Shir","","","بوالحسن","Bol Hasan","آلوت","Ālut","Āḷōt","Masoud Mohammadirad, field notes 2015","836","","","","Central Kurdish 100%","Masoud Mohammadirad, field notes 2015",36.02128845127096,45.5757036468214,""
"","2c896fbee6fcbe3f5d786d4cc70904d3","11-fd1b951cf5873e6dd14c7b0fbbb751d1","1120159","کردستان","Kordestān","بانه","Bāneh","نمه شیر","Nameh Shir","","","بوالحسن","Bol Hasan","چومان","Chumān","Chōmān","Masoud Mohammadirad, field notes 2015","247","","","","Central Kurdish 100%","Masoud Mohammadirad, field notes 2015",35.974752755561624,45.58214371042654,""
"","2c896fbee6fcbe3f5d786d4cc7099bc0","13-40f644c1b09272eaa5b33ac47dbca787","1120160","کردستان","Kordestān","بانه","Bāneh","نمه شیر","Nameh Shir","","","بوالحسن","Bol Hasan","زلی","Zeli","Zaḷē","Masoud Mohammadirad, field notes 2015","218","","","","Central Kurdish 100%","Masoud Mohammadirad, field notes 2015",35.996962557481716,45.56478117227328,""
"","2c896fbee6fcbe3f5d786d4cc7098efb","11-e0cf95c534f731d3d57b560d2c4fbd84","1120161","کردستان","Kordestān","بانه","Bāneh","نمه شیر","Nameh Shir","","","بوالحسن","Bol Hasan","سرسول","Sar Sul","Sar Sōḷ","Masoud Mohammadirad, field notes 2015","158","","","","Central Kurdish 100%","Masoud Mohammadirad, field notes 2015",35.99400257249352,45.57733391046173,""
"","2c896fbee6fcbe3f5d786d4cc70980a8","15-ea031a423776ec11249e5f8d8e4d35ae","1120162","کردستان","Kordestān","بانه","Bāneh","نمه شیر","Nameh Shir","کانی سور","Kāni Sur","","","","","Kāni Sur","Masoud Mohammadirad, field notes 2015","1307","","","","Central Kurdish 100%","Masoud Mohammadirad, field notes 2015",36.058464853334016,45.74787837677047,""
"","2c896fbee6fcbe3f5d786d4cc7097e46","9-acb0c2d5dbec78ff6f7859a976e9eb7c","1120163","کردستان","Kordestān","بانه","Bāneh","ننور","Nanur","","","","","","","","","9393","","","","","","","",""
"","2c896fbee6fcbe3f5d786d4cc70970a1","9-648541efa28fb45c52264cdfd13a7d31","1120164","کردستان","Kordestān","بانه","Bāneh","ننور","Nanur","","","بوئین","Bow'in","","","","","4524","","","","","","","",""
"","2c896fbee6fcbe3f5d786d4cc7096ae5","11-a71a51cdcab72fe8d170b46937147fbd","1120165","کردستان","Kordestān","بانه","Bāneh","ننور","Nanur","","","بوئین","Bow'in","سورین","Surin","Surēn","Masoud Mohammadirad, field notes 2015","422","","","","Central Kurdish 100%","Masoud Mohammadirad, field notes 2015",35.94730109755008,46.04037615015112,""
"","2c896fbee6fcbe3f5d786d4cc7096816","19-639952d7155eac88a63728bb7f449973","1120166","کردستان","Kordestān","بانه","Bāneh","ننور","Nanur","","","بوئین","Bow'in","کویره گویزه","Kovireh Govizeh","Köra Göza","Masoud Mohammadirad, field notes 2015","33","","","","Central Kurdish 100%","Masoud Mohammadirad, field notes 2015",35.96659856315906,46.0687469126896,""
"","2c896fbee6fcbe3f5d786d4cc7095b5e","11-ca0dfb0271cf77087813581da7b373ca","1120167","کردستان","Kordestān","بانه","Bāneh","ننور","Nanur","","","بوئین","Bow'in","بادمجان","Bādemjān","Bāyinjān","Masoud Mohammadirad, field notes 2015","140","","","","Central Kurdish 100%","Masoud Mohammadirad, field notes 2015",35.99561101990933,46.16272711217531,""
"","2c896fbee6fcbe3f5d786d4cc709522d","11-fb77c62268b71869892f8452f595aa9a","1120168","کردستان","Kordestān","بانه","Bāneh","ننور","Nanur","","","بوئین","Bow'in","بیاندره","Bayān Darreh","Bayāndara","Masoud Mohammadirad, field notes 2015","408","","","","Central Kurdish 100%","Masoud Mohammadirad, field notes 2015",35.95356948616974,46.155467496872184,""
"","2c896fbee6fcbe3f5d786d4cc709466e","12-179650f73f3413ea1e66b9e8d9fa376e","1120169","کردستان","Kordestān","بانه","Bāneh","ننور","Nanur","","","بوئین","Bow'in","کانی پری","Kāni Pari","Kāni Pari","Masoud Mohammadirad, field notes 2015","46","","","","Central Kurdish 100%","Masoud Mohammadirad, field notes 2015",36.00076174386651,46.126750378233574,""
"","2c896fbee6fcbe3f5d786d4cc709ed4b","11-e2b1e99687997375c385829c18536621","1120170","کردستان","Kordestān","بانه","Bāneh","ننور","Nanur","","","بوئین","Bow'in","وزمله","Vezmaleh","Wezmaḷē","Masoud Mohammadirad, field notes 2015","212","","","","Central Kurdish 100%","Masoud Mohammadirad, field notes 2015",35.969755,46.0916,""
"","2c896fbee6fcbe3f5d786d4cc709ecf1","11-828dcde8df87fb077a59753a714b210f","1120171","کردستان","Kordestān","بانه","Bāneh","ننور","Nanur","","","بوئین","Bow'in","هفت تاش","Haft Tāsh","Ḥawtāsh","Masoud Mohammadirad, field notes 2015","167","","","","Central Kurdish 100%","Masoud Mohammadirad, field notes 2015",35.935707298101484,46.113564676837164,""
"","2c896fbee6fcbe3f5d786d4cc709e985","11-954a7e7c9dfd4e4f15da18fe514d5182","1120172","کردستان","Kordestān","بانه","Bāneh","ننور","Nanur","","","بوئین","Bow'in","انجیله","Anjileh","Hanjila","Masoud Mohammadirad, field notes 2015","134","","","","Central Kurdish 100%","Masoud Mohammadirad, field notes 2015",35.9714522691966,45.96562332116583,""
"","2c896fbee6fcbe3f5d786d4cc709e2ee","11-87792905d7db9c21affa1a440410595f","1120173","کردستان","Kordestān","بانه","Bāneh","ننور","Nanur","","","بوئین","Bow'in","بژی","Bezhi","Bezhi","Masoud Mohammadirad, field notes 2015","202","","","","Central Kurdish 100%","Masoud Mohammadirad, field notes 2015",35.96422,45.99865,""
"","2c896fbee6fcbe3f5d786d4cc709dd19","11-78571d67227062d8f6f83869b15ee3b5","1120174","کردستان","Kordestān","بانه","Bāneh","ننور","Nanur","","","بوئین","Bow'in","بوئین علیا","Bow'in Olyā","Boyani Saru","Masoud Mohammadirad, field notes 2015","351","","","","Central Kurdish 100%","Masoud Mohammadirad, field notes 2015",35.965215691391975,46.016964226438326,""
"","2c896fbee6fcbe3f5d786d4cc709d46e","11-09ec466340f2e9a5f38adc0df6fde490","1120175","کردستان","Kordestān","بانه","Bāneh","ننور","Nanur","","","بوئین","Bow'in","پیرغنی","Pir Ghani","Pir Khani","Masoud Mohammadirad, field notes 2015"," ","(less than 3 households; population not specified in 2011 Census for reasons of privacy)","","","Central Kurdish 100%","Masoud Mohammadirad, field notes 2015",35.946111929822436,45.96586608198522,""
"","2c896fbee6fcbe3f5d786d4cc709ccf9","11-56b0cd53c2e1222cf10dd116abb16515","1120176","کردستان","Kordestān","بانه","Bāneh","ننور","Nanur","","","بوئین","Bow'in","چی چوران","Chi Chorān","Chichorān","Masoud Mohammadirad, field notes 2015","339","","","","Central Kurdish 100%","Masoud Mohammadirad, field notes 2015",35.96477691592851,45.947791667852876,""
"","2c896fbee6fcbe3f5d786d4cc709bef8","19-55ae0eca2623f5e5bdb23b04633eabae","1120177","کردستان","Kordestān","بانه","Bāneh","ننور","Nanur","","","بوئین","Bow'in","دوسینه","Dowsineh","Dawsēna","Masoud Mohammadirad, field notes 2015","293","","","","Central Kurdish 100%","Masoud Mohammadirad, field notes 2015",35.98311239342611,46.03123261906374,""
"","2c896fbee6fcbe3f5d786d4cc709b0cb","11-6ae56a19539dde325775ebe4a1386282","1120178","کردستان","Kordestān","بانه","Bāneh","ننور","Nanur","","","بوئین","Bow'in","کیوله","Kivleh","Kēwḷē","Masoud Mohammadirad, field notes 2015","147","","","","Central Kurdish 100%","Masoud Mohammadirad, field notes 2015",35.946934479492064,45.98479669664923,""
"","2c896fbee6fcbe3f5d786d4cc709a5bb","11-055eb70301de1dfb899867358cb794aa","1120179","کردستان","Kordestān","بانه","Bāneh","ننور","Nanur","","","بوئین","Bow'in","هواره خول","Havāreh Khowl","Hawāra Khōḷ","Masoud Mohammadirad, field notes 2015","150","","","","Central Kurdish 100%","Masoud Mohammadirad, field notes 2015",35.94072946975659,46.00990328774916,""
"","2c896fbee6fcbe3f5d786d4cc70a3d92","11-f7165248e8af1365b97143e3d7ddc4ad","1120180","کردستان","Kordestān","بانه","Bāneh","ننور","Nanur","","","بوئین","Bow'in","مرقد","Marqad","Marqa","Masoud Mohammadirad, field notes 2015","54","","","","Central Kurdish 100%","Masoud Mohammadirad, field notes 2015",35.93904203113843,46.028060874103495,""
"","2c896fbee6fcbe3f5d786d4cc70a3c5a","11-68f4cc34cd9c36da037a08043c6ac31b","1120181","کردستان","Kordestān","بانه","Bāneh","ننور","Nanur","","","بوئین","Bow'in","باشوان","Bāshvān","Bāshwān","Masoud Mohammadirad, field notes 2015","137","","","","Central Kurdish 100%","Masoud Mohammadirad, field notes 2015",35.849256958007594,45.82728691452166,""
"","2c896fbee6fcbe3f5d786d4cc70a33ec","13-1beb6d764709e05e2a2f5c4139b096c1","1120182","کردستان","Kordestān","بانه","Bāneh","ننور","Nanur","","","بوئین","Bow'in","کلاه دول","Kolāh Dowl","Keḷāwaḷ","Masoud Mohammadirad, field notes 2015"," ","(less than 3 households; population not specified in 2011 Census for reasons of privacy)","","","Central Kurdish 100%","Masoud Mohammadirad, field notes 2015",35.86183091504192,45.87432213180021,""
"","2c896fbee6fcbe3f5d786d4cc70a2f42","11-f7ee64dd2940ace39ab1618a83c3bee0","1120183","کردستان","Kordestān","بانه","Bāneh","ننور","Nanur","","","بوئین","Bow'in","وشترمل","Veshter Mel","Weshter Mel","Masoud Mohammadirad, field notes 2015"," ","(less than 3 households; population not specified in 2011 Census for reasons of privacy)","","","Central Kurdish 100%","Masoud Mohammadirad, field notes 2015",35.88002744605782,45.85115857475081,""
"","2c896fbee6fcbe3f5d786d4cc70a292a","11-4afadd110b9c6698365faddcc63b9081","1120184","کردستان","Kordestān","بانه","Bāneh","ننور","Nanur","","","بوئین","Bow'in","درگاه شیخان","Dargāh Sheykhān","Dergā Shēkhān","Masoud Mohammadirad, field notes 2015","86","","","","Central Kurdish 100%","Masoud Mohammadirad, field notes 2015",35.9229996251333,45.921161839946954,""
"","2c896fbee6fcbe3f5d786d4cc70a1d18","11-dbf8c1b9123a177f5d5d3fe261a6299b","1120185","کردستان","Kordestān","بانه","Bāneh","ننور","Nanur","","","بوئین","Bow'in","سفیدکمره","Sefid Kamareh","Sepi Kamra","Masoud Mohammadirad, field notes 2015","115","","","","Central Kurdish 100%","Masoud Mohammadirad, field notes 2015",35.93131618661957,45.96995471071642,""
"","2c896fbee6fcbe3f5d786d4cc70a11ff","11-b8cea8d03156a0333fe1f3b46d71685c","1120186","کردستان","Kordestān","بانه","Bāneh","ننور","Nanur","","","بوئین","Bow'in","کانی خراط","Kāni Kharāt","Kāni Khaṛāt","Masoud Mohammadirad, field notes 2015","22","","","","Central Kurdish 100%","Masoud Mohammadirad, field notes 2015",35.83541112505205,45.86754150741161,""
"","2c896fbee6fcbe3f5d786d4cc70a06d1","11-872b25cf5da284320dcf7b78060e6807","1120187","کردستان","Kordestān","بانه","Bāneh","ننور","Nanur","","","بوئین","Bow'in","کانی سیف","Kāni Sif","Kāni Sēw","Masoud Mohammadirad, field notes 2015","31","","","","Central Kurdish 100%","Masoud Mohammadirad, field notes 2015",35.89308221289904,45.915470609081765,""
"","2c896fbee6fcbe3f5d786d4cc709fc60","11-f6ccad2cafbbde16d8de85150862a48f","1120188","کردستان","Kordestān","بانه","Bāneh","ننور","Nanur","","","بوئین","Bow'in","کانی شیلان","Kāni Shilān","Kāni Shilān","Masoud Mohammadirad, field notes 2015","46","","","","Central Kurdish 100%","Masoud Mohammadirad, field notes 2015",35.86031579898095,45.91878420128355,""
"","2c896fbee6fcbe3f5d786d4cc709fac0","13-9812e507592540cc5b3191770af1c184","1120189","کردستان","Kordestān","بانه","Bāneh","ننور","Nanur","","","بوئین","Bow'in","کریم آباد","Karim Ābād","Karimāwā","Masoud Mohammadirad, field notes 2015","263","","","","Central Kurdish 100%","Masoud Mohammadirad, field notes 2015",35.960365391649354,45.91559248370321,""
"","2c896fbee6fcbe3f5d786d4cc70a8746","11-193089abd71dbf90063aa655caa154b7","1120190","کردستان","Kordestān","بانه","Bāneh","ننور","Nanur","","","بوئین","Bow'in","کوخ حاجی کریم","Kukh-e Hāji Karim","Qokhi Haji Karim","Masoud Mohammadirad, field notes 2015"," ","(less than 3 households; population not specified in 2011 Census for reasons of privacy)","","","Central Kurdish 100%","Masoud Mohammadirad, field notes 2015",35.86124497481954,45.9106183788447,""
"","2c896fbee6fcbe3f5d786d4cc70a80db","11-cd3b1c764179a940282aa1f25e286e55","1120191","کردستان","Kordestān","بانه","Bāneh","ننور","Nanur","","","بوئین","Bow'in","گویزله","Govizleh","Gözḷē","Masoud Mohammadirad, field notes 2015","230","","","","Central Kurdish 100%","Masoud Mohammadirad, field notes 2015",35.922429232217375,45.95491493493619,""
"","2c896fbee6fcbe3f5d786d4cc70a723f","11-b9cb57f1cfae69920a9ab28758df258b","1120192","کردستان","Kordestān","بانه","Bāneh","ننور","Nanur","","","بوئین","Bow'in","محمد علی آباد","Mohammad Ali Ābād","Mahmāḷiyāwā","Masoud Mohammadirad, field notes 2015","67","","","","Central Kurdish 100%","Masoud Mohammadirad, field notes 2015",35.880891356737244,45.91128102318735,""
"","2c896fbee6fcbe3f5d786d4cc70a6d67","11-457c6ea32b808fb84d847cc842ee8640","1120193","کردستان","Kordestān","بانه","Bāneh","ننور","Nanur","","","بوئین","Bow'in","ناوه","Nāveh","Nāwa","Masoud Mohammadirad, field notes 2015","154","","","","Central Kurdish 100%","Masoud Mohammadirad, field notes 2015",35.89612562759473,45.89077829749093,""
"","2c896fbee6fcbe3f5d786d4cc70a63b6","11-dedc35f2812b81120494706173ea45b8","1120194","کردستان","Kordestān","بانه","Bāneh","ننور","Nanur","","","بوئین","Bow'in","ولی آباد","Vali Ābād","Weḷyāwā","Masoud Mohammadirad, field notes 2015","239","","","","Central Kurdish 100%","Masoud Mohammadirad, field notes 2015",35.90404,45.92543,""
"","2c896fbee6fcbe3f5d786d4cc70a5b68","9-8b7833e717c30cad91d6c9f785868f9f","1120195","کردستان","Kordestān","بانه","Bāneh","ننور","Nanur","","","ننور","Nanur","","","","","3411","","","","","","","",""
"","2c896fbee6fcbe3f5d786d4cc70a52df","12-4bc8547f31af72c5f665935431b5e7d5","1120196","کردستان","Kordestān","بانه","Bāneh","ننور","Nanur","","","ننور","Nanur","برویشکانی","Bervishkāni","Berwēshkāni","Masoud Mohammadirad, field notes 2015","130","","","","Central Kurdish 100%","Masoud Mohammadirad, field notes 2015",35.87187426265112,46.0374411527776,""
"","2c896fbee6fcbe3f5d786d4cc70a518a","11-e206a1030b120ea2fb81f83417d37a9e","1120197","کردستان","Kordestān","بانه","Bāneh","ننور","Nanur","","","ننور","Nanur","خوری آباد","Khori Ābād","Khoryāwā","Masoud Mohammadirad, field notes 2015","591","","","","Central Kurdish 100%","Masoud Mohammadirad, field notes 2015",35.902830523062654,45.989515491476226,""
"","2c896fbee6fcbe3f5d786d4cc70a4bac","11-3edc2cd5d5e4218ccf28dae2cc698935","1120198","کردستان","Kordestān","بانه","Bāneh","ننور","Nanur","","","ننور","Nanur","ششه","Shesheh","Shasha","Masoud Mohammadirad, field notes 2015","97","","","","Central Kurdish 100%","Masoud Mohammadirad, field notes 2015",35.87776212758526,46.01383998675377,""
"","2c896fbee6fcbe3f5d786d4cc70a4a7b","11-15e99f10723b8527b8a9a221df87d7ae","1120199","کردستان","Kordestān","بانه","Bāneh","ننور","Nanur","","","ننور","Nanur","قول استر","Qul Aster","Quḷ Aster","Masoud Mohammadirad, field notes 2015","278","","","","Central Kurdish 100%","Masoud Mohammadirad, field notes 2015",35.91112604639597,46.020442511323935,""
"","2c896fbee6fcbe3f5d786d4cc70ac661","11-8af500481fe37893af36f2041f9c3e23","1120200","کردستان","Kordestān","بانه","Bāneh","ننور","Nanur","","","ننور","Nanur","ندر","Nader","Nayar","Masoud Mohammadirad, field notes 2015"," ","(less than 3 households; population not specified in 2011 Census for reasons of privacy)","","","Central Kurdish 100%","Masoud Mohammadirad, field notes 2015",35.884845116097445,46.04001532508433,""
"","2c896fbee6fcbe3f5d786d4cc70ac10f","11-40d73206ef6b77e63698b0b61dd0057a","1120201","کردستان","Kordestān","بانه","Bāneh","ننور","Nanur","","","ننور","Nanur","ننور","Nanur","Nanōr","Masoud Mohammadirad, field notes 2015","599","","","","Central Kurdish 100%","Masoud Mohammadirad, field notes 2015",35.8648492872305,46.01327981397491,""
"","2c896fbee6fcbe3f5d786d4cc70ab57c","11-33dad51e51c323014091fa71cdcfa806","1120202","کردستان","Kordestān","بانه","Bāneh","ننور","Nanur","","","ننور","Nanur","اشتر آباد","Ashtar Ābād","Ashtarāwā","Masoud Mohammadirad, field notes 2015","134","","","","Central Kurdish 100%","Masoud Mohammadirad, field notes 2015",35.84812769023315,45.908023292704435,""
"","2c896fbee6fcbe3f5d786d4cc70aac21","11-cc049a7c27db12629b23f41c86c5b132","1120203","کردستان","Kordestān","بانه","Bāneh","ننور","Nanur","","","ننور","Nanur","سرتزین","Sar Tazin","Sar Tazēn","Masoud Mohammadirad, field notes 2015","71","","","","Central Kurdish 100%","Masoud Mohammadirad, field notes 2015",35.85320774010324,46.027008866523644,""
"","2c896fbee6fcbe3f5d786d4cc70aa996","11-1eb93f72dd222b39ddf3fad7b3501739","1120204","کردستان","Kordestān","بانه","Bāneh","ننور","Nanur","","","ننور","Nanur","سیران بند","Seyrān Band","Sayrān Ban","Masoud Mohammadirad, field notes 2015"," ","(less than 3 households; population not specified in 2011 Census for reasons of privacy)","","","Central Kurdish 100%","Masoud Mohammadirad, field notes 2015",35.83617165103785,45.95653025011433,""
"","2c896fbee6fcbe3f5d786d4cc70aa397","11-1b574a0e6884c104b2ae053837f052b3","1120205","کردستان","Kordestān","بانه","Bāneh","ننور","Nanur","","","ننور","Nanur","شیلمان","Shilmān","Sheḷmān","Masoud Mohammadirad, field notes 2015","74","","","","Central Kurdish 100%","Masoud Mohammadirad, field notes 2015",35.85387374000303,46.018899233351895,""
"","2c896fbee6fcbe3f5d786d4cc70a9c01","11-70e61e7dac91d2c9365848333957e42b","1120206","کردستان","Kordestān","بانه","Bāneh","ننور","Nanur","","","ننور","Nanur","قلی آباد","Qoli Ābād","QoỊyāwā","Masoud Mohammadirad, field notes 2015","64","","","","Central Kurdish 100%","Masoud Mohammadirad, field notes 2015",35.87090792635199,45.95656553793115,""
"","2c896fbee6fcbe3f5d786d4cc70a8ebb","11-b65822ec0950df269d9dc60913453b65","1120207","کردستان","Kordestān","بانه","Bāneh","ننور","Nanur","","","ننور","Nanur","کانی سور","Kāni Sur","Kāni Sur","Masoud Mohammadirad, field notes 2015","37","","","","Central Kurdish 100%","Masoud Mohammadirad, field notes 2015",35.85720657592155,45.947860599399775,""
"","2c896fbee6fcbe3f5d786d4cc70a8b1a","11-56483d5aeb89084dd54d3d62c36e90b4","1120208","کردستان","Kordestān","بانه","Bāneh","ننور","Nanur","","","ننور","Nanur","کیله عباس آباد","Kileh Abbās Ābād","Kēḷa","Masoud Mohammadirad, field notes 2015","1106","","","","Central Kurdish 100%","Masoud Mohammadirad, field notes 2015",35.87784960221523,45.985277058312924,""
"","2c896fbee6fcbe3f5d786d4cc70a879f","11-5533b57210858b82fdd82f783ede22c9","1120209","کردستان","Kordestān","بانه","Bāneh","ننور","Nanur","","","ننور","Nanur","هنگه ژال","Hangeh Zhāl","Hanga Zhāḷ","Masoud Mohammadirad, field notes 2015","209","","","","Central Kurdish 100%","Masoud Mohammadirad, field notes 2015",35.84676378757055,45.991507148007535,""
"","2c896fbee6fcbe3f5d786d4cc70b0e4d","11-9d9404f472f7982edb5cb513d7209b18","1120210","کردستان","Kordestān","بانه","Bāneh","ننور","Nanur","","","ننور","Nanur","بازارچه مرزی سیران بند","Bāzārcheh Marzi Seyrān Band ","Bāzārcha","Masoud Mohammadirad, field notes 2015"," ","(less than 3 households; population not specified in 2011 Census for reasons of privacy)","","","Central Kurdish 100%","Masoud Mohammadirad, field notes 2015",35.83201399038747,45.95556465486919,""
"","2c896fbee6fcbe3f5d786d4cc70b05d7","12-f7189c2ec85bc95b8e12ccbe3da5f1f9","1120211","کردستان","Kordestān","بانه","Bāneh","ننور","Nanur","بوئین سفلی","Boin Soflā","","","","","","","1458","","","","Central Kurdish 100%","Masoud Mohammadirad, field notes 2015",35.93862,45.93623,""
"","2c896fbee6fcbe3f5d786d4cc70b052f","9-9d0afc611deb1445d62dd28b94427b6b","1120212","کردستان","Kordestān","بیجار","Bijār","","","","","","","","","","","93714","","","","","","","",""
"","2c896fbee6fcbe3f5d786d4cc70afedd","9-db456598376acea67af34cf854a0fd75","1120213","کردستان","Kordestān","بیجار","Bijār","چنگ الماس","Chang Almās","","","","","","","","","13137","","","","","","","",""
"","2c896fbee6fcbe3f5d786d4cc70afc1f","9-11e231b028fbb1bf098c320e8e26e14c","1120214","کردستان","Kordestān","بیجار","Bijār","چنگ الماس","Chang Almās","","","بابارشانی","Bābārshāni","","","","","2886","","","","","","","",""
"","2c896fbee6fcbe3f5d786d4cc70af75b","11-c663453336175d897caef3e2dba6adc0","1120215","کردستان","Kordestān","بیجار","Bijār","چنگ الماس","Chang Almās","","","بابارشانی","Bābārshāni","باباکرم","Bābā Karam","Bāwā Karam","Masoud Mohammadirad, field notes 2015","33","","","","Southern Kurdish 100%","Masoud Mohammadirad, field notes 2015",35.77909212565668,47.73413779027257,""
"","2c896fbee6fcbe3f5d786d4cc70aee96","13-2455d55dd65b6e7acb1fa2e7da9262eb","1120216","کردستان","Kordestān","بیجار","Bijār","چنگ الماس","Chang Almās","","","بابارشانی","Bābārshāni","جبرئیل","Jebre'il","Jebra'il","Masoud Mohammadirad, field notes 2015","414","","","","Southern Kurdish 70%; Turkic 30%","Masoud Mohammadirad, field notes 2015",35.66260731546114,47.954948710861025,""
"","2c896fbee6fcbe3f5d786d4cc70ae6c9","13-952c97eba972ce2707300656642c88c7","1120217","کردستان","Kordestān","بیجار","Bijār","چنگ الماس","Chang Almās","","","بابارشانی","Bābārshāni","ده بنه","Deh Beneh","Dē Bena","Masoud Mohammadirad, field notes 2015","67","","","","Southern Kurdish 100%","Masoud Mohammadirad, field notes 2015",35.786325458529106,47.790194074075465,""
"","2c896fbee6fcbe3f5d786d4cc70adcb4","11-bd310ea344fec1b482a4d45d97a42a1c","1120218","کردستان","Kordestān","بیجار","Bijār","چنگ الماس","Chang Almās","","","بابارشانی","Bābārshāni","رضا آباد","Rezā Ābād","Rezāwā","Masoud Mohammadirad, field notes 2015","45","","","","Southern Kurdish 100%","Masoud Mohammadirad, field notes 2015",35.75965176132017,47.903182983313805,""
"","2c896fbee6fcbe3f5d786d4cc70ad486","11-3a6d5a42e17acdba22d79a79397c26da","1120219","کردستان","Kordestān","بیجار","Bijār","چنگ الماس","Chang Almās","","","بابارشانی","Bābārshāni","کهریز","Kahriz","Kēriz","Masoud Mohammadirad, field notes 2015","278","","","","Southern Kurdish 90%; Turkic 10%","Masoud Mohammadirad, field notes 2015",35.687626739253176,47.88917856145838,""
"","2c896fbee6fcbe3f5d786d4cc70b59f8","13-8ff0c36b0400efc604f7458b6c540fd5","1120220","کردستان","Kordestān","بیجار","Bijār","چنگ الماس","Chang Almās","","","بابارشانی","Bābārshāni","گراچقا","Garāchaqā","Gareh Chāy","Masoud Mohammadirad, field notes 2015","83","","","","Southern Kurdish 100%","Masoud Mohammadirad, field notes 2015",35.763211326007585,47.781338035748526,""
"","2c896fbee6fcbe3f5d786d4cc70b4f55","13-9ab4d7586b61b39a69a52e5abde507b5","1120221","کردستان","Kordestān","بیجار","Bijār","چنگ الماس","Chang Almās","","","بابارشانی","Bābārshāni","چهل امیران","Chehel Amirān","Chelamirān","Masoud Mohammadirad, field notes 2015","122","","","","Southern Kurdish 100%","Masoud Mohammadirad, field notes 2015",35.729527750539816,47.88480660534241,""
"","2c896fbee6fcbe3f5d786d4cc70b40b8","12-bf507ec00a1a62f84c5d0383c051e217","1120222","کردستان","Kordestān","بیجار","Bijār","چنگ الماس","Chang Almās","","","بابارشانی","Bābārshāni","دولت یار","Dowlat Yār","Dawlat Yār","Masoud Mohammadirad, field notes 2015","11","","","","Southern Kurdish 100%","Masoud Mohammadirad, field notes 2015",35.72711325690131,47.62343823539962,""
"","2c896fbee6fcbe3f5d786d4cc70b334a","11-582f90489ea04938ad3909b1b2ff65e5","1120223","کردستان","Kordestān","بیجار","Bijār","چنگ الماس","Chang Almās","","","بابارشانی","Bābārshāni","سیرلان","Sirlān","Siḷān","Masoud Mohammadirad, field notes 2015","76","","","","Southern Kurdish 100%","Masoud Mohammadirad, field notes 2015",35.7515532621613,47.64238030106102,""
"","2c896fbee6fcbe3f5d786d4cc70b30a6","11-3be4bf2ca29bbc4dbc22683c1fc5ca42","1120224","کردستان","Kordestān","بیجار","Bijār","چنگ الماس","Chang Almās","","","بابارشانی","Bābārshāni","آغکند علیا","Āghkand-e Olyā","Ākhkan","Masoud Mohammadirad, field notes 2015","148","","","","Southern Kurdish 100%","Masoud Mohammadirad, field notes 2015",35.747856560917604,47.662634830946416,""
"","2c896fbee6fcbe3f5d786d4cc70b2f5c","11-cd883d48845e1fe41bd61343650a1e07","1120225","کردستان","Kordestān","بیجار","Bijār","چنگ الماس","Chang Almās","","","بابارشانی","Bābārshāni","سبزوار","Sabzevār","Sabzewār","Masoud Mohammadirad, field notes 2015"," ","(less than 3 households; population not specified in 2011 Census for reasons of privacy)","","","Southern Kurdish 100%","Masoud Mohammadirad, field notes 2015",35.70131048740632,47.58847307278376,""
"","2c896fbee6fcbe3f5d786d4cc70b2df9","11-b5af4dde6afb3a348adc8b02dc1bdb04","1120226","کردستان","Kordestān","بیجار","Bijār","چنگ الماس","Chang Almās","","","بابارشانی","Bābārshāni","طهمورث","Tahmurs","Tamras","Masoud Mohammadirad, field notes 2015","58","","","","Southern Kurdish 100%","Masoud Mohammadirad, field notes 2015",35.694792643612395,47.62757453599728,""
"","2c896fbee6fcbe3f5d786d4cc70b2010","11-9744dff17bc3102775411af849ef4481","1120227","کردستان","Kordestān","بیجار","Bijār","چنگ الماس","Chang Almās","","","بابارشانی","Bābārshāni","سلامت آباد","Salāmat Ābād","Saḷawātāwā","Masoud Mohammadirad, field notes 2015","45","","","","Southern Kurdish 100%","Masoud Mohammadirad, field notes 2015",35.66509088227656,47.839577894812734,""
"","2c896fbee6fcbe3f5d786d4cc70b1465","11-0fbd979cfe2cf8b77edb255b84824252","1120228","کردستان","Kordestān","بیجار","Bijār","چنگ الماس","Chang Almās","","","بابارشانی","Bābārshāni","باقر آباد","Bāqer Ābād","Bāqerāwā","Masoud Mohammadirad, field notes 2015","19","","","","Southern Kurdish 100%","Masoud Mohammadirad, field notes 2015",35.70499393280339,47.687657731568315,""
"","2c896fbee6fcbe3f5d786d4cc70b1274","11-d0bb2cce56c418330ee4637d1343b8e9","1120229","کردستان","Kordestān","بیجار","Bijār","چنگ الماس","Chang Almās","","","بابارشانی","Bābārshāni","جوروندی","Jowrvandi","Jawrwandi","Masoud Mohammadirad, field notes 2015","118","","","","Southern Kurdish 100%","Masoud Mohammadirad, field notes 2015",35.5872940727463,47.742657088379694,""
"","2c896fbee6fcbe3f5d786d4cc70b9fbe","13-af0a084d6605e031a66f086a94254e31","1120230","کردستان","Kordestān","بیجار","Bijār","چنگ الماس","Chang Almās","","","بابارشانی","Bābārshāni","دارغیاث","Dār Ghiās","Dārghiyās","Masoud Mohammadirad, field notes 2015","365","","","","Southern Kurdish 100%","Masoud Mohammadirad, field notes 2015",35.70353013401857,47.72672425295922,""
"","2c896fbee6fcbe3f5d786d4cc70b9c47","11-94efabf9f25a83f217df52fd03150f3b","1120231","کردستان","Kordestān","بیجار","Bijār","چنگ الماس","Chang Almās","","","بابارشانی","Bābārshāni","شبرتو","Shabartu","Shawartü","Masoud Mohammadirad, field notes 2015","159","","","","Southern Kurdish 100%","Masoud Mohammadirad, field notes 2015",35.72282993864598,47.67518319373398,""
"","2c896fbee6fcbe3f5d786d4cc70b9433","11-8b0bea4af9a5f226da5cf84c611bc6c0","1120232","کردستان","Kordestān","بیجار","Bijār","چنگ الماس","Chang Almās","","","بابارشانی","Bābārshāni","شوشتری","Shushtari","Shushtari","Masoud Mohammadirad, field notes 2015","37","","","","Southern Kurdish 100%","Masoud Mohammadirad, field notes 2015",35.672025675031286,47.744065827619174,""
"","2c896fbee6fcbe3f5d786d4cc70b910c","11-24588f1908999ca5c5aed6c4be32cd33","1120233","کردستان","Kordestān","بیجار","Bijār","چنگ الماس","Chang Almās","","","بابارشانی","Bābārshāni","قره دربند","Qareh Darband","Qara Darwan","Masoud Mohammadirad, field notes 2015","90","","","","Southern Kurdish 100%","Masoud Mohammadirad, field notes 2015",35.60647719057701,47.80579234093085,""
"","2c896fbee6fcbe3f5d786d4cc70b81c0","11-4d607de794f49ab97493352173d0ebdf","1120234","کردستان","Kordestān","بیجار","Bijār","چنگ الماس","Chang Almās","","","بابارشانی","Bābārshāni","قزل آغاج","Qezel Āghāj","Qezel Āghāj","Masoud Mohammadirad, field notes 2015","58","","","","Turkic 100%","Masoud Mohammadirad, field notes 2015",35.72357527783697,47.70055964858541,""
"","2c896fbee6fcbe3f5d786d4cc70b7b06","11-6883e27dbbe9964c6bfc4c71cc201afe","1120235","کردستان","Kordestān","بیجار","Bijār","چنگ الماس","Chang Almās","","","بابارشانی","Bābārshāni","کنامار","Konāmār","Konāmār","Masoud Mohammadirad, field notes 2015","115","","","","Southern Kurdish 100%","Masoud Mohammadirad, field notes 2015",35.639457827798246,47.81697673291763,""
"","2c896fbee6fcbe3f5d786d4cc70b7034","11-63034b6098533171e322f9ff99c4a473","1120236","کردستان","Kordestān","بیجار","Bijār","چنگ الماس","Chang Almās","","","بابارشانی","Bābārshāni","گوجه کند","Gowjeh Kand","Göja Kan","Masoud Mohammadirad, field notes 2015","138","","","","Southern Kurdish 100%","Masoud Mohammadirad, field notes 2015",35.60180033500816,47.78585392292262,""
"","2c896fbee6fcbe3f5d786d4cc70b6ecd","11-628a8f2bd61b3a54ddb59cd144162389","1120237","کردستان","Kordestān","بیجار","Bijār","چنگ الماس","Chang Almās","","","بابارشانی","Bābārshāni","خانباغی","Khānbāghi","Khānbāghi","Masoud Mohammadirad, field notes 2015","241","","","","Southern Kurdish 100%","Masoud Mohammadirad, field notes 2015",35.60992772914766,47.95065383529527,""
"","2c896fbee6fcbe3f5d786d4cc70b6b79","11-0ea02ac501b2529b51b336987ac3e7c5","1120238","کردستان","Kordestān","بیجار","Bijār","چنگ الماس","Chang Almās","","","بابارشانی","Bābārshāni","کلوچه","Kolucheh","Kolucha","Masoud Mohammadirad, field notes 2015","57","","","","Southern Kurdish 100%","Masoud Mohammadirad, field notes 2015",35.624749915589874,47.91588704204891,""
"","2c896fbee6fcbe3f5d786d4cc70b5c52","11-fd363fb67a8d6f9cbb05da180d031f3a","1120239","کردستان","Kordestān","بیجار","Bijār","چنگ الماس","Chang Almās","","","بابارشانی","Bābārshāni","سیف آباد","Seyf Ābād","Sayfāwā","Masoud Mohammadirad, field notes 2015","50","","","","Southern Kurdish 100%","Masoud Mohammadirad, field notes 2015",35.643895902218304,47.86614782939313,""
"","2c896fbee6fcbe3f5d786d4cc70bee6b","11-e2ff4b6f2a222c4bcfb6739b63d55805","1120240","کردستان","Kordestān","بیجار","Bijār","چنگ الماس","Chang Almās","","","بابارشانی","Bābārshāni","قوری چای","Quri Chāy","Quri Chāy","Masoud Mohammadirad, field notes 2015","58","","","","Southern Kurdish 100%","Masoud Mohammadirad, field notes 2015",35.59613810096374,47.88105486696108,""
"","2c896fbee6fcbe3f5d786d4cc70be539","9-ac7a82379858a4c8a005648981c2528c","1120241","کردستان","Kordestān","بیجار","Bijār","چنگ الماس","Chang Almās","","","پیرتاج","Pir Tāj","","","","","5937","","","","","","","",""
"","2c896fbee6fcbe3f5d786d4cc70be0d5","11-53c1e5f1ef6d5b5f02da935f30e3540b","1120242","کردستان","Kordestān","بیجار","Bijār","چنگ الماس","Chang Almās","","","پیرتاج","Pir Tāj","حسن تیمورعلیا","Hasan Teymur-e Olyā","Hasan Tāmer ","Masoud Mohammadirad, field notes 2015","429","","","","Turkic 100%","Masoud Mohammadirad, field notes 2015",35.822830119478226,47.967331589239976,""
"","2c896fbee6fcbe3f5d786d4cc70bdb40","15-293e66b0b9728e51e875b93d5ee900f2","1120243","کردستان","Kordestān","بیجار","Bijār","چنگ الماس","Chang Almās","","","پیرتاج","Pir Tāj","فتح آباد","Fath Ābād","Qara Saqal","Masoud Mohammadirad, field notes 2015","100","","","","Turkic 80%; Southern Kurdish 20%","Masoud Mohammadirad, field notes 2015",35.8380747725483,47.99732015298304,""
"","2c896fbee6fcbe3f5d786d4cc70bd59a","13-ff441a150a09d00ee5abb458c3967002","1120244","کردستان","Kordestān","بیجار","Bijār","چنگ الماس","Chang Almās","","","پیرتاج","Pir Tāj","چشمه آدینه","Cheshmeh Ādineh","Kēni Āyna","Masoud Mohammadirad, field notes 2015","375","","","","Turkic 100%","Masoud Mohammadirad, field notes 2015",35.76266306122027,47.98682205462514,""
"","2c896fbee6fcbe3f5d786d4cc70bd233","11-abe7ff2e3a6a4dd8297350c131c7cda7","1120245","کردستان","Kordestān","بیجار","Bijār","چنگ الماس","Chang Almās","","","پیرتاج","Pir Tāj","سد تلوار","Sadd-e Talvār","Sad Talwār","Masoud Mohammadirad, field notes 2015"," ","(less than 3 households; population not specified in 2011 Census for reasons of privacy)","","","Turkic 100%","Masoud Mohammadirad, field notes 2015",35.811537664747306,47.90899622538389,""
"","2c896fbee6fcbe3f5d786d4cc70bc6a6","11-47816194f6dc34163aa8b14425e0db03","1120246","کردستان","Kordestān","بیجار","Bijār","چنگ الماس","Chang Almās","","","پیرتاج","Pir Tāj","جعفر آباد","Ja'far Ābād","Jaferāwā","Masoud Mohammadirad, field notes 2015","154","","","","Southern Kurdish 100%","Masoud Mohammadirad, field notes 2015",35.83390276060714,48.017026034880885,""
"","2c896fbee6fcbe3f5d786d4cc70bb9d5","11-74b652c0e97a3513ed92cf16e7e13fb7","1120247","کردستان","Kordestān","بیجار","Bijār","چنگ الماس","Chang Almās","","","پیرتاج","Pir Tāj","همایون","Homāyun","Homāyun","Masoud Mohammadirad, field notes 2015","410","","","","Turkic 100%","Masoud Mohammadirad, field notes 2015",35.789031786756844,48.07342069629789,""
"","2c896fbee6fcbe3f5d786d4cc70bae2a","11-30020b844a4ddbc7e8408a2a540d44ca","1120248","کردستان","Kordestān","بیجار","Bijār","چنگ الماس","Chang Almās","","","پیرتاج","Pir Tāj","کچه گنبد","Kacheh Gonbad","Kacha Gönbad","Masoud Mohammadirad, field notes 2015","102","","","","Turkic 100%","Masoud Mohammadirad, field notes 2015",35.71127733686919,47.99210427791425,""
"","2c896fbee6fcbe3f5d786d4cc70ba68c","11-a0cee1c6bbf1329568ac53f7183ea034","1120249","کردستان","Kordestān","بیجار","Bijār","چنگ الماس","Chang Almās","","","پیرتاج","Pir Tāj","آقبلاغ چنگ الماس","Āqbolāgh-e Chang Almās","Āghbulāgh","Masoud Mohammadirad, field notes 2015","150","","","","Turkic 100%","Masoud Mohammadirad, field notes 2015",35.76582894886711,48.032788017892095,""
"","2c896fbee6fcbe3f5d786d4cc70c344d","11-13d3af44e424073beb44e3bffa7de544","1120250","کردستان","Kordestān","بیجار","Bijār","چنگ الماس","Chang Almās","","","پیرتاج","Pir Tāj","زینل","Zeynal","Zaynal","Masoud Mohammadirad, field notes 2015","967","","","","Turkic 100%","Masoud Mohammadirad, field notes 2015",35.79465518509617,48.03518864625821,""
"","2c896fbee6fcbe3f5d786d4cc70c326c","15-06fa8e71155e7107824a7603cdc49243","1120251","کردستان","Kordestān","بیجار","Bijār","چنگ الماس","Chang Almās","","","پیرتاج","Pir Tāj","شاه گدارسفلی","Shāh Godār-e Soflā","Shāh Güdār","Masoud Mohammadirad, field notes 2015","74","","","","Turkic 100%","Masoud Mohammadirad, field notes 2015",35.69326397392098,48.128124546824914,""
"","2c896fbee6fcbe3f5d786d4cc70c2a4f","15-352ca94120e30e402b1f0ebbfcdee719","1120252","کردستان","Kordestān","بیجار","Bijār","چنگ الماس","Chang Almās","","","پیرتاج","Pir Tāj","قزانقره","Qazān Qareh","Qāzānqara","Masoud Mohammadirad, field notes 2015","422","","","","Turkic 100%","Masoud Mohammadirad, field notes 2015",35.66126519044299,48.08203895157522,""
"","2c896fbee6fcbe3f5d786d4cc70c265c","11-f6f47f00b06bc93be47d882f8d38299d","1120253","کردستان","Kordestān","بیجار","Bijār","چنگ الماس","Chang Almās","","","پیرتاج","Pir Tāj","کاکاعباس","Kākā Abbās","Kekabās","Masoud Mohammadirad, field notes 2015","612","","","","Turkic 100%","Masoud Mohammadirad, field notes 2015",35.65627724910669,48.04097168820183,""
"","2c896fbee6fcbe3f5d786d4cc70c1ce4","13-69d06f36d9f0a9a1582c7d3a534d1963","1120254","کردستان","Kordestān","بیجار","Bijār","چنگ الماس","Chang Almās","","","پیرتاج","Pir Tāj","گاوبازه","Gāv Bāzeh","Gāwbāzā","Masoud Mohammadirad, field notes 2015","373","","","","Turkic 100%","Masoud Mohammadirad, field notes 2015",35.69201263745303,48.07805855339749,""
"","2c896fbee6fcbe3f5d786d4cc70c15f5","13-15aa88c53c6848f68b13bd60548af7dc","1120255","کردستان","Kordestān","بیجار","Bijār","چنگ الماس","Chang Almās","","","پیرتاج","Pir Tāj","گوگقاش","Gugqāsh","Yuqāsh","Masoud Mohammadirad, field notes 2015","80","","","","Turkic 100%","Masoud Mohammadirad, field notes 2015",35.68776922097057,48.02545930615899,""
"","2c896fbee6fcbe3f5d786d4cc70c1346","11-b61c8b215c56be3abe9d33cc59f0d476","1120256","کردستان","Kordestān","بیجار","Bijār","چنگ الماس","Chang Almās","","","پیرتاج","Pir Tāj","ینگی کند","Yengi Kand","Yaynkan","Masoud Mohammadirad, field notes 2015","191","","","","Turkic 100%","Masoud Mohammadirad, field notes 2015",35.742208064903934,48.07224289617892,""
"","2c896fbee6fcbe3f5d786d4cc70c0b1a","11-67f97af63098ef3340f88550d091206c","1120257","کردستان","Kordestān","بیجار","Bijār","چنگ الماس","Chang Almās","","","پیرتاج","Pir Tāj","پیرتاج","Pir Tāj","Pir Tāj","Masoud Mohammadirad, field notes 2015","1465","","","","Turkic 100%","Masoud Mohammadirad, field notes 2015",35.772020516938824,48.11995420677648,""
"","2c896fbee6fcbe3f5d786d4cc70c00d8","9-262ed578e6eb38b80c5fb282ffad065f","1120258","کردستان","Kordestān","بیجار","Bijār","چنگ الماس","Chang Almās","","","خسروآباد","Khosrow Ābād","","","","","3741","","","","","","","",""
"","2c896fbee6fcbe3f5d786d4cc70bf3ff","13-18c4059946cc99945c6c502ae209e2cd","1120259","کردستان","Kordestān","بیجار","Bijār","چنگ الماس","Chang Almās","","","خسروآباد","Khosrow Ābād","اشرف آباد قوچ","Ashraf Ābād-e Quch ","Quch","Masoud Mohammadirad, field notes 2015","144","","","","Southern Kurdish 100%","Masoud Mohammadirad, field notes 2015",35.60450145467935,47.69372845851365,""
"","2c896fbee6fcbe3f5d786d4cc70c6c4b","11-54a5b291111bd94511a2000bef822397","1120260","کردستان","Kordestān","بیجار","Bijār","چنگ الماس","Chang Almās","","","خسروآباد","Khosrow Ābād","امین آباد","Amin Ābād","Amināwā","Masoud Mohammadirad, field notes 2015","38","","","","Southern Kurdish 100%","Masoud Mohammadirad, field notes 2015",35.5226683438005,47.602914374125916,""
"","2c896fbee6fcbe3f5d786d4cc70c5ef0","17-5074c535fffbb33fda8e5c277ad4d9c8","1120261","کردستان","Kordestān","بیجار","Bijār","چنگ الماس","Chang Almās","","","خسروآباد","Khosrow Ābād","بودلا","Budlā","BiyuỊa","Masoud Mohammadirad, field notes 2015","124","","","","Southern Kurdish 100%","Masoud Mohammadirad, field notes 2015",35.53971651651398,47.57223862983383,""
"","2c896fbee6fcbe3f5d786d4cc70c5a0c","15-d66ae440c669d89357d298517e222c46","1120262","کردستان","Kordestān","بیجار","Bijār","چنگ الماس","Chang Almās","","","خسروآباد","Khosrow Ābād","چشمه خلیل","Cheshmeh Khalil","Cheshma Khalil","Masoud Mohammadirad, field notes 2015","13","","","","Central Kurdish 100%","Masoud Mohammadirad, field notes 2015",35.588198575335156,47.61748643504661,""
"","2c896fbee6fcbe3f5d786d4cc70c57e7","13-59ff8a0c6c2647e341386cdd317c2ded","1120263","کردستان","Kordestān","بیجار","Bijār","چنگ الماس","Chang Almās","","","خسروآباد","Khosrow Ābād","چشمه روباه","Cheshmeh Rubāh","Cheshma Rubā","Masoud Mohammadirad, field notes 2015","217","","","","Southern Kurdish 100%","Masoud Mohammadirad, field notes 2015",35.52829293826109,47.663036134981155,""
"","2c896fbee6fcbe3f5d786d4cc70c54f2","19-59b8cd4cada0f8b03fecf71e6794e35b","1120264","کردستان","Kordestān","بیجار","Bijār","چنگ الماس","Chang Almās","","","خسروآباد","Khosrow Ābād","حاجی آباد","Hāji Ābād","Hājiyāwā","Masoud Mohammadirad, field notes 2015","54","","","","Southern Kurdish 100%","Masoud Mohammadirad, field notes 2015",35.513106602345985,47.650933615588556,""
"","2c896fbee6fcbe3f5d786d4cc70c5421","17-006285577d141ee9ac613e356846689d","1120265","کردستان","Kordestān","بیجار","Bijār","چنگ الماس","Chang Almās","","","خسروآباد","Khosrow Ābād","خسرو آباد","Khosrow Ābād","Khasrāwā","Masoud Mohammadirad, field notes 2015","514","","","","Southern Kurdish 100%","Masoud Mohammadirad, field notes 2015",35.51735607434376,47.62462029186666,""
"","2c896fbee6fcbe3f5d786d4cc70c5044","13-7a9fa21aa37b8439e802ae6ada2a30ff","1120266","کردستان","Kordestān","بیجار","Bijār","چنگ الماس","Chang Almās","","","خسروآباد","Khosrow Ābād","دوسر","Do Sar","Dosar","Masoud Mohammadirad, field notes 2015","112","","","","Southern Kurdish 100%","Masoud Mohammadirad, field notes 2015",35.524857048079824,47.700891587403454,""
"","2c896fbee6fcbe3f5d786d4cc70c4701","11-97482eaca8e65c1abf1ebfd4ce52d72b","1120267","کردستان","Kordestān","بیجار","Bijār","چنگ الماس","Chang Almās","","","خسروآباد","Khosrow Ābād","قدیم خان","Qadim Khān","Qaim Khān","Masoud Mohammadirad, field notes 2015","150","","","","Southern Kurdish 100%","Masoud Mohammadirad, field notes 2015",35.62432054763767,47.64171626491449,""
"","2c896fbee6fcbe3f5d786d4cc70c4448","11-c413cee6ca0151459496c62cdb71aa6f","1120268","کردستان","Kordestān","بیجار","Bijār","چنگ الماس","Chang Almās","","","خسروآباد","Khosrow Ābād","چشمه قلی","Cheshmeh Qoli","Huzāq","Masoud Mohammadirad, field notes 2015","131","","","","Southern Kurdish 100%","Masoud Mohammadirad, field notes 2015",35.64848899721587,47.520596204049866,""
"","2c896fbee6fcbe3f5d786d4cc70c3cf4","13-d69a2203e9f5b272888dc934484beb30","1120269","کردستان","Kordestān","بیجار","Bijār","چنگ الماس","Chang Almās","","","خسروآباد","Khosrow Ābād","خزردین","Khazar Din","Kharzain","Masoud Mohammadirad, field notes 2015","83","","","","Southern Kurdish 100%","Masoud Mohammadirad, field notes 2015",35.638151395801415,47.603411054871636,""
"","2c896fbee6fcbe3f5d786d4cc70cba7c","11-17be53caf55bfeaed84ebf164c8f0a45","1120270","کردستان","Kordestān","بیجار","Bijār","چنگ الماس","Chang Almās","","","خسروآباد","Khosrow Ābād","زرین آباد","Zarrin Ābād","Zaṛināwā","Masoud Mohammadirad, field notes 2015","136","","","","Southern Kurdish 100%","Masoud Mohammadirad, field notes 2015",35.59549739935587,47.57871022034207,""
"","2c896fbee6fcbe3f5d786d4cc70cabc4","13-14a8c7a962ecc29b6d0693ee7eb5d357","1120271","کردستان","Kordestān","بیجار","Bijār","چنگ الماس","Chang Almās","","","خسروآباد","Khosrow Ābād","زرین جوب","Zarrin Jub","Zaṛin Ju","Masoud Mohammadirad, field notes 2015","40","","","","Southern Kurdish 100%","Masoud Mohammadirad, field notes 2015",35.6117634749319,47.45423029031316,""
"","2c896fbee6fcbe3f5d786d4cc70ca121","15-c7fef735f9e29eab4d697b63467a05f0","1120272","کردستان","Kordestān","بیجار","Bijār","چنگ الماس","Chang Almās","","","خسروآباد","Khosrow Ābād","شهرک سفلی","Shahrak-e Soflā","Shahrak","Masoud Mohammadirad, field notes 2015","259","","","","Southern Kurdish 100%","Masoud Mohammadirad, field notes 2015",35.613862637351055,47.41595167497604,""
"","2c896fbee6fcbe3f5d786d4cc70c9606","11-b82b27892b33fb66dbcf97452b8de67e","1120273","کردستان","Kordestān","بیجار","Bijār","چنگ الماس","Chang Almās","","","خسروآباد","Khosrow Ābād","صادق آباد","Sādeq Ābād","Sādeqāwā","Masoud Mohammadirad, field notes 2015","24","","","","Southern Kurdish 100%","Masoud Mohammadirad, field notes 2015",35.649169081137764,47.57443813910355,""
"","2c896fbee6fcbe3f5d786d4cc70c95f0","15-55b582bce1be45aa5792ab06d553782d","1120274","کردستان","Kordestān","بیجار","Bijār","چنگ الماس","Chang Almās","","","خسروآباد","Khosrow Ābād","قرخلر","Qarakhlar","Qeler","Masoud Mohammadirad, field notes 2015","207","","","","Southern Kurdish 100%","Masoud Mohammadirad, field notes 2015",35.60680855585341,47.46686921650995,""
"","2c896fbee6fcbe3f5d786d4cc70c8aac","11-ac73c603610e5340b100d98407348838","1120275","کردستان","Kordestān","بیجار","Bijār","چنگ الماس","Chang Almās","","","خسروآباد","Khosrow Ābād","گاودانه زار","Gāvdāneh Zār","Gāwdāna Zār","Masoud Mohammadirad, field notes 2015","24","","","","Southern Kurdish 100%","Masoud Mohammadirad, field notes 2015",35.60335128715801,47.399332731912104,""
"","2c896fbee6fcbe3f5d786d4cc70c83e3","13-f2d1ecfc0eff77e885a4e462d824375d","1120276","کردستان","Kordestān","بیجار","Bijār","چنگ الماس","Chang Almās","","","خسروآباد","Khosrow Ābād","محمد آباد نیل","Mohammad Ābād-e Nil","Mohamadāwāy Nil","Masoud Mohammadirad, field notes 2015","209","","","","Central Kurdish 100%","Masoud Mohammadirad, field notes 2015",35.60294403882373,47.42731418222241,""
"","2c896fbee6fcbe3f5d786d4cc70c7e52","15-170a008ae2652c0a9254bb01d341658c","1120277","کردستان","Kordestān","بیجار","Bijār","چنگ الماس","Chang Almās","","","خسروآباد","Khosrow Ābād","چشمه منتش","Cheshmeh Mantesh","Cheshma Mantesh","Masoud Mohammadirad, field notes 2015","936","","","","Central Kurdish 100%","Masoud Mohammadirad, field notes 2015",35.61589213544204,47.48291909419416,""
"","2c896fbee6fcbe3f5d786d4cc70c7c3e","11-e08798d9fe242540d285cacca992e434","1120278","کردستان","Kordestān","بیجار","Bijār","چنگ الماس","Chang Almās","","","خسروآباد","Khosrow Ābād","خودلان","Khudlān","Khiyuḷa","Masoud Mohammadirad, field notes 2015","326","","","","Central Kurdish 100%","Masoud Mohammadirad, field notes 2015",35.57582882168649,47.527512995177034,""
"","2c896fbee6fcbe3f5d786d4cc70c713c","18-8124f4d5f0e82809c98d598fc8dc3756","1120279","کردستان","Kordestān","بیجار","Bijār","چنگ الماس","Chang Almās","بابارشانی","Bābārshāni","","","","","Bāwaṛshāni","Masoud Mohammadirad, field notes 2015","573","","","","Southern Kurdish 100%","Masoud Mohammadirad, field notes 2015",35.67908359214559,47.79771016967954,""
"","2c896fbee6fcbe3f5d786d4cc70ce7aa","9-67ade625c2ff07f86e84c5a0eb3fc8d9","1120280","کردستان","Kordestān","بیجار","Bijār","کرانی","Korāni","","","","","","","","","13615","","","","","","","",""
"","2c896fbee6fcbe3f5d786d4cc70ce63c","9-de1c526461a9df50a744ea08568b6f35","1120281","کردستان","Kordestān","بیجار","Bijār","کرانی","Korāni","","","طغامین","Taghāmin","","","","","3303","","","","","","","",""
"","2c896fbee6fcbe3f5d786d4cc70cdde6","11-63efc9bb4067a9c403cee88fe056ab83","1120282","کردستان","Kordestān","بیجار","Bijār","کرانی","Korāni","","","طغامین","Taghāmin","آغبلاغ طغامین","Āghbolāgh Taghāmin","Āghbolāgh Tāghāmin","Masoud Mohammadirad, field notes 2015","455","","","","Turkic 100%","Masoud Mohammadirad, field notes 2015",36.290011073113185,47.50778043872132,""
"","2c896fbee6fcbe3f5d786d4cc70cd1e5","13-99c686662c1c533d7a0909761c2028da","1120283","کردستان","Kordestān","بیجار","Bijār","کرانی","Korāni","","","طغامین","Taghāmin","چتاق","Chatāq","Chata","Masoud Mohammadirad, field notes 2015","278","","","","Turkic 100%","Masoud Mohammadirad, field notes 2015",36.30340570055061,47.47470962260578,""
"","2c896fbee6fcbe3f5d786d4cc70ccd7a","11-84091346cf5072aaa7cefd9386b1f016","1120284","کردستان","Kordestān","بیجار","Bijār","کرانی","Korāni","","","طغامین","Taghāmin","خان کندی","Khān Kandi","Khān Kande, Khān Kanne","Masoud Mohammadirad, field notes 2015","91","","","","Turkic 100%","Masoud Mohammadirad, field notes 2015",36.29206890453532,47.39774491084734,""
"","2c896fbee6fcbe3f5d786d4cc70cc637","11-d35c9888af9465f2e81d285b8bfef63a","1120285","کردستان","Kordestān","بیجار","Bijār","کرانی","Korāni","","","طغامین","Taghāmin","سلطان آباد چتاق","Soltān Ābād-e Chatāq","Soltānābād-e Chata","Masoud Mohammadirad, field notes 2015","83","","","","Turkic 100%","Masoud Mohammadirad, field notes 2015",36.299639071344295,47.45150201694759,""
"","2c896fbee6fcbe3f5d786d4cc70cc60b","11-88c513f5f7b3f562315ee12bedacc965","1120286","کردستان","Kordestān","بیجار","Bijār","کرانی","Korāni","","","طغامین","Taghāmin","شریف کندی","Sharif Kandi","Shāref Kande","Masoud Mohammadirad, field notes 2015","280","","","","Turkic 100%","Masoud Mohammadirad, field notes 2015",36.30451814228943,47.42680660913976,""
"","2c896fbee6fcbe3f5d786d4cc70cc335","11-f57a013aa3637e783e92906c94e43a6c","1120287","کردستان","Kordestān","بیجار","Bijār","کرانی","Korāni","","","طغامین","Taghāmin","قزلجه","Qezeljeh","Qezeljā","Masoud Mohammadirad, field notes 2015","196","","","","Turkic 100%","Masoud Mohammadirad, field notes 2015",36.30304387912653,47.418845130291054,""
"","2c896fbee6fcbe3f5d786d4cc70cc2ce","11-a2482cafa53967b102dde167531bb316","1120288","کردستان","Kordestān","بیجار","Bijār","کرانی","Korāni","","","طغامین","Taghāmin","قینرجه","Qeynarjeh","Qaynarja","Masoud Mohammadirad, field notes 2015","44","","","","Turkic 100%","Masoud Mohammadirad, field notes 2015",36.2629909642812,47.46928867411239,""
"","2c896fbee6fcbe3f5d786d4cc70cbf6d","11-cf49315cb18eec6de63a7724010e3fa1","1120289","کردستان","Kordestān","بیجار","Bijār","کرانی","Korāni","","","طغامین","Taghāmin","کله زان","Kalleh Zān","Kala Zān","Masoud Mohammadirad, field notes 2015","82","","","","Turkic 100%","Masoud Mohammadirad, field notes 2015",36.276581227163035,47.40222909103486,""
"","2c896fbee6fcbe3f5d786d4cc70d356c","11-9b8d14b587d72b74496768ac62a0d8f9","1120290","کردستان","Kordestān","بیجار","Bijār","کرانی","Korāni","","","طغامین","Taghāmin","گل تپه طغامین","Gol Tappeh Taghāmin","Gül Tapa","Masoud Mohammadirad, field notes 2015","198","","","","Turkic 100%","Masoud Mohammadirad, field notes 2015",36.25416567703284,47.513042501341495,""
"","2c896fbee6fcbe3f5d786d4cc70d2c21","11-39592990305f8743bd7578df3b4798db","1120291","کردستان","Kordestān","بیجار","Bijār","کرانی","Korāni","","","طغامین","Taghāmin","آغکند","Āghkand","Ākhkan","Masoud Mohammadirad, field notes 2015","149","","","","Turkic 100%","Masoud Mohammadirad, field notes 2015",36.393044143731,47.57998372394319,""
"","2c896fbee6fcbe3f5d786d4cc70d29a7","11-b03d9d78b419243f599259a8150701ee","1120292","کردستان","Kordestān","بیجار","Bijār","کرانی","Korāni","","","طغامین","Taghāmin","بستاندره","Bostān Darreh","Bostān Dara","Masoud Mohammadirad, field notes 2015","194","","","","Turkic 100%","Masoud Mohammadirad, field notes 2015",36.34191040170301,47.606827957605276,""
"","2c896fbee6fcbe3f5d786d4cc70d1c59","11-848d698d526171db3a69756bd7533e43","1120293","کردستان","Kordestān","بیجار","Bijār","کرانی","Korāni","","","طغامین","Taghāmin","قورت دره","Qurt Darreh","Qurt Dara","Masoud Mohammadirad, field notes 2015","117","","","","Turkic 100%","Masoud Mohammadirad, field notes 2015",36.28174381378858,47.58996838243273,""
"","2c896fbee6fcbe3f5d786d4cc70d1477","11-f86f75649e2019ba87f5294f75d08e10","1120294","کردستان","Kordestān","بیجار","Bijār","کرانی","Korāni","","","طغامین","Taghāmin","اوچ گنبدخان","Uch Gonbad Khān","Üsh Günbad Khān","Masoud Mohammadirad, field notes 2015","283","","","","Turkic 100%","Masoud Mohammadirad, field notes 2015",36.23735086569665,47.60985189474604,""
"","2c896fbee6fcbe3f5d786d4cc70d0d50","11-47872bcbcb1f33b328efde350248b8ca","1120295","کردستان","Kordestān","بیجار","Bijār","کرانی","Korāni","","","طغامین","Taghāmin","اوچ گنبدسلطان","Uch Gonbad Soltān","Üsh Günbad Soltān","Masoud Mohammadirad, field notes 2015","106","","","","Turkic 100%","Masoud Mohammadirad, field notes 2015",36.232983786706384,47.603525789661646,""
"","2c896fbee6fcbe3f5d786d4cc70d0aaa","11-d4857936d7d9e1ed8348f02342aeedb9","1120296","کردستان","Kordestān","بیجار","Bijār","کرانی","Korāni","","","طغامین","Taghāmin","سراب","Sarāb","Sarāw","Masoud Mohammadirad, field notes 2015","311","","","","Turkic 100%","Masoud Mohammadirad, field notes 2015",36.31693857296276,47.565119560151125,""
"","2c896fbee6fcbe3f5d786d4cc70d03fc","11-910d920b18b5cfb149bf647c616d034a","1120297","کردستان","Kordestān","بیجار","Bijār","کرانی","Korāni","","","طغامین","Taghāmin","سیوری","Sivari","Sivari","Masoud Mohammadirad, field notes 2015","165","","","","Turkic 100%","Masoud Mohammadirad, field notes 2015",36.24982818733589,47.57028687453786,""
"","2c896fbee6fcbe3f5d786d4cc70cf40a","11-4b54289a8931121a29ded861cdcd206a","1120298","کردستان","Kordestān","بیجار","Bijār","کرانی","Korāni","","","طغامین","Taghāmin","کورکوره","Korkoreh","Korkorā","Masoud Mohammadirad, field notes 2015","271","","","","Turkic 100%","Masoud Mohammadirad, field notes 2015",36.35664057843606,47.596494067863226,""
"","2c896fbee6fcbe3f5d786d4cc70cecd2","9-27d2bb293cbf755ca3995ca88f16e909","1120299","کردستان","Kordestān","بیجار","Bijār","کرانی","Korāni","","","کرانی","Korāni","","","","","4463","","","","","","","",""
"","2c896fbee6fcbe3f5d786d4cc70d7984","11-8f05a8285daf1264eaa4952ffbf7cdd6","1120300","کردستان","Kordestān","بیجار","Bijār","کرانی","Korāni","","","کرانی","Korāni","آغ یازی","Āgh Yāzi","Āgh Yāzi","Masoud Mohammadirad, field notes 2015","60","","","","Turkic 100%","Masoud Mohammadirad, field notes 2015",36.34509899482059,47.62743538985324,""
"","2c896fbee6fcbe3f5d786d4cc70d7089","11-695c5e48828eb3a1d6bf0ca8a8d42f0d","1120301","کردستان","Kordestān","بیجار","Bijār","کرانی","Korāni","","","کرانی","Korāni","سلطان آباد قزل تپه","Soltān Ābād-e Qezel Tappeh","Soltānābād-e Qezel Tapa","Masoud Mohammadirad, field notes 2015","217","","","","Turkic 100%","Masoud Mohammadirad, field notes 2015",36.35437387865211,47.71526069100428,""
"","2c896fbee6fcbe3f5d786d4cc70d6f43","15-0cb4615a90e34c376b28a6771909522b","1120302","کردستان","Kordestān","بیجار","Bijār","کرانی","Korāni","","","کرانی","Korāni","اسلام آباد","Eslām Ābād","Eslām Ābād","Masoud Mohammadirad, field notes 2015","743","","","","Turkic 100%","Masoud Mohammadirad, field notes 2015",36.35964315712642,47.77491330711921,""
"","2c896fbee6fcbe3f5d786d4cc70d6ddf","11-e37f4e227be343f5091eb27310f7c32e","1120303","کردستان","Kordestān","بیجار","Bijār","کرانی","Korāni","","","کرانی","Korāni","قزل تپه","Qezel Tappeh","Qezel Tapa","Masoud Mohammadirad, field notes 2015","202","","","","Turkic 100%","Masoud Mohammadirad, field notes 2015",36.37275028216622,47.67983504406953,""
"","2c896fbee6fcbe3f5d786d4cc70d68e9","11-ee783c73a80f3da7efb94173be502803","1120304","کردستان","Kordestān","بیجار","Bijār","کرانی","Korāni","","","کرانی","Korāni","قیطاس","Qeytās","Qaytās","Masoud Mohammadirad, field notes 2015","125","","","","Turkic 100%","Masoud Mohammadirad, field notes 2015",36.3362480180393,47.74079275650734,""
"","2c896fbee6fcbe3f5d786d4cc70d5c82","11-5201817fed1140af18f950f2a305d98f","1120305","کردستان","Kordestān","بیجار","Bijār","کرانی","Korāni","","","کرانی","Korāni","شهرک","Shahrak","Shahrak","Masoud Mohammadirad, field notes 2015","244","","","","Turkic 100%","Masoud Mohammadirad, field notes 2015",36.41523598242011,47.526437652492234,""
"","2c896fbee6fcbe3f5d786d4cc70d4e72","11-1afc82cea7cbbdd2f2035ef45c792ae1","1120306","کردستان","Kordestān","بیجار","Bijār","کرانی","Korāni","","","کرانی","Korāni","امیراصلان","Amir Aslān","Amirasan","Masoud Mohammadirad, field notes 2015","113","","","","Turkic 100%","Masoud Mohammadirad, field notes 2015",36.304255026218435,47.629037145639494,""
"","2c896fbee6fcbe3f5d786d4cc70d4dc1","11-df6912fd44e038fc748e70dd9cb8e929","1120307","کردستان","Kordestān","بیجار","Bijār","کرانی","Korāni","","","کرانی","Korāni","چالاب","Chālāb","Chālāw","Masoud Mohammadirad, field notes 2015","305","","","","Turkic 100%","Masoud Mohammadirad, field notes 2015",36.31448203247814,47.71849262519601,""
"","2c896fbee6fcbe3f5d786d4cc70d4d2a","11-74e9817cb71c3797e93e048483ddf042","1120308","کردستان","Kordestān","بیجار","Bijār","کرانی","Korāni","","","کرانی","Korāni","داداش کندی","Dādāsh Kandi","Dādāsh Kande","Masoud Mohammadirad, field notes 2015","247","","","","Turkic 100%","Masoud Mohammadirad, field notes 2015",36.231162804360864,47.65430022665396,""
"","2c896fbee6fcbe3f5d786d4cc70d403f","11-c69314edfb863bfa10fa9628e7609a3d","1120309","کردستان","Kordestān","بیجار","Bijār","کرانی","Korāni","","","کرانی","Korāni","رستم کندی","Rostām Kandi","Rostām Kande","Masoud Mohammadirad, field notes 2015","63","","","","Turkic 100%","Masoud Mohammadirad, field notes 2015",36.3120205914872,47.62727711050096,""
"","2c896fbee6fcbe3f5d786d4cc70dc044","11-b9ffded0e74370745ec678f1b55f6547","1120310","کردستان","Kordestān","بیجار","Bijār","کرانی","Korāni","","","کرانی","Korāni","سیف علی کندی","Seyf Ali Kandi","Sayfale Kande","Masoud Mohammadirad, field notes 2015","190","","","","Turkic 100%","Masoud Mohammadirad, field notes 2015",36.29201620406551,47.64722872233526,""
"","2c896fbee6fcbe3f5d786d4cc70db6ba","11-5dd2d1aab285041aa01d423c7c6933f3","1120311","کردستان","Kordestān","بیجار","Bijār","کرانی","Korāni","","","کرانی","Korāni","محمد آباد","Mohammad Ābād ","Mamadābād ","Masoud Mohammadirad, field notes 2015","77","","","","Turkic 100%","Masoud Mohammadirad, field notes 2015",36.310223418950486,47.71624059089893,""
"","2c896fbee6fcbe3f5d786d4cc70db648","11-96b8fb7cd14d7f077418c8e190d9a984","1120312","کردستان","Kordestān","بیجار","Bijār","کرانی","Korāni","","","کرانی","Korāni","نورمحمدکندی","Nur Mohammad Kandi","Nur Mamad Kande","Masoud Mohammadirad, field notes 2015","183","","","","Turkic 100%","Masoud Mohammadirad, field notes 2015",36.26382288862218,47.67118975006448,""
"","2c896fbee6fcbe3f5d786d4cc70daf35","11-39d432a1364590cf8d05d9493b7a1a69","1120313","کردستان","Kordestān","بیجار","Bijār","کرانی","Korāni","","","کرانی","Korāni","نوشاد","Nowshād","Nowshād","Masoud Mohammadirad, field notes 2015","173","","","","Turkic 100%","Masoud Mohammadirad, field notes 2015",36.25928074769572,47.68291372589297,""
"","2c896fbee6fcbe3f5d786d4cc70da95d","11-79a0e50cdeee5a022af9c538d2fddce9","1120314","کردستان","Kordestān","بیجار","Bijār","کرانی","Korāni","","","کرانی","Korāni","ینگی آباد","Yengi Ābād","Yengābād","Masoud Mohammadirad, field notes 2015","87","","","","Turkic 100%","Masoud Mohammadirad, field notes 2015",36.28572847975278,47.66037867206705,""
"","2c896fbee6fcbe3f5d786d4cc70da33a","11-b4ee67d39fd2fa8aa59f9cbdf1d14250","1120315","کردستان","Kordestān","بیجار","Bijār","کرانی","Korāni","","","کرانی","Korāni","احمد آباد","Ahmad Ābād","Ahmadābād","Masoud Mohammadirad, field notes 2015","112","","","","Turkic 100%","Masoud Mohammadirad, field notes 2015",36.161431354324954,47.6801999268561,""
"","2c896fbee6fcbe3f5d786d4cc70da0b4","11-ad9a139cc0cb1e204d9ac2afd4bbea41","1120316","کردستان","Kordestān","بیجار","Bijār","کرانی","Korāni","","","کرانی","Korāni","قمچقای","Qamcheqāy","Qamcheqa","Masoud Mohammadirad, field notes 2015","274","","","","Turkic 100%","Masoud Mohammadirad, field notes 2015",36.1667374388431,47.62531665607878,""
"","2c896fbee6fcbe3f5d786d4cc70d964d","11-ca5a4cc7171f89a3f9980e5a974a2437","1120317","کردستان","Kordestān","بیجار","Bijār","کرانی","Korāni","","","کرانی","Korāni","آزاد ویس سفلی","Āzād Veys-e Soflā","Āzāveys Āshāghe","Masoud Mohammadirad, field notes 2015","27","","","","Turkic 100%","Masoud Mohammadirad, field notes 2015",36.326972246791414,47.798101627404414,""
"","2c896fbee6fcbe3f5d786d4cc70d8b69","11-bd4cd5a1d6a042010646d0070606a9bd","1120318","کردستان","Kordestān","بیجار","Bijār","کرانی","Korāni","","","کرانی","Korāni","آزاد ویس علیا","Āzād Veys-e Olyā","Āzāveys Yughāre","Masoud Mohammadirad, field notes 2015","267","","","","Turkic 100%","Masoud Mohammadirad, field notes 2015",36.3297673968377,47.80889691065837,""
"","2c896fbee6fcbe3f5d786d4cc70d8592","11-c17859addf1060cd18f826e13c37203a","1120319","کردستان","Kordestān","بیجار","Bijār","کرانی","Korāni","","","کرانی","Korāni","الپهوت","Alaphut","Halpöt","Masoud Mohammadirad, field notes 2015","228","","","","Turkic 100%","Masoud Mohammadirad, field notes 2015",36.16668408944428,47.6524805488486,""
"","2c896fbee6fcbe3f5d786d4cc70e0e36","11-6ea5dbbdcb367c447861243a6898398b","1120320","کردستان","Kordestān","بیجار","Bijār","کرانی","Korāni","","","کرانی","Korāni","باباخان","Bābā Khān","Bābā Khān","Masoud Mohammadirad, field notes 2015","73","","","","Turkic 100%","Masoud Mohammadirad, field notes 2015",36.17909707377009,47.720635509483394,""
"","2c896fbee6fcbe3f5d786d4cc70e0d55","11-6585f4d29df1d8e330a5ef313f33e4a5","1120321","کردستان","Kordestān","بیجار","Bijār","کرانی","Korāni","","","کرانی","Korāni","شیخ بشارت","Sheykh Beshārat","Shaykh Bāshārat","Masoud Mohammadirad, field notes 2015","289","","","","Turkic 100%","Masoud Mohammadirad, field notes 2015",36.26042360310609,47.70994476188637,""
"","2c896fbee6fcbe3f5d786d4cc70e0c04","11-1ab755020084111b904a13b12b24b475","1120322","کردستان","Kordestān","بیجار","Bijār","کرانی","Korāni","","","کرانی","Korāni","کریم کندی","Karim Kandi","Kārem Kande","Masoud Mohammadirad, field notes 2015","26","","","","Turkic 100%","Masoud Mohammadirad, field notes 2015",36.233204366262555,47.67141299759303,""
"","2c896fbee6fcbe3f5d786d4cc70dff9c","13-4084056c54bfcaaaa17275316837b683","1120323","کردستان","Kordestān","بیجار","Bijār","کرانی","Korāni","","","کرانی","Korāni","ولی بیگ","Vali Beyg","Vale Bay","Masoud Mohammadirad, field notes 2015","138","","","","Turkic 100%","Masoud Mohammadirad, field notes 2015",36.17581806684594,47.74818869230289,""
"","2c896fbee6fcbe3f5d786d4cc70df725","9-a166196cf18ca68ed3be307f58c63aa2","1120324","کردستان","Kordestān","بیجار","Bijār","کرانی","Korāni","","","گرگین","Gorgin","","","","","2065","","","","","","","",""
"","2c896fbee6fcbe3f5d786d4cc70debcd","11-a09902a7dc7c6424e1a7c56a2bf742c5","1120325","کردستان","Kordestān","بیجار","Bijār","کرانی","Korāni","","","گرگین","Gorgin","تکیه","Tekyeh","Tekya","Masoud Mohammadirad, field notes 2015","260","","","","Turkic 100%","Masoud Mohammadirad, field notes 2015",36.32333500641849,47.87420589283833,""
"","2c896fbee6fcbe3f5d786d4cc70de0b5","14-2340cb198352f0969ef5ae450cdec3d8","1120326","کردستان","Kordestān","بیجار","Bijār","کرانی","Korāni","","","گرگین","Gorgin","حاجی آباد","Hāji Ābād","Hājiyābād","Masoud Mohammadirad, field notes 2015","70","","","","Turkic 100%","Masoud Mohammadirad, field notes 2015",36.23283580288871,47.78886677325018,""
"","2c896fbee6fcbe3f5d786d4cc70ddd98","11-b2be128428809bbc78789fd580314a67","1120327","کردستان","Kordestān","بیجار","Bijār","کرانی","Korāni","","","گرگین","Gorgin","زیوه","Ziveh","Zivah","Masoud Mohammadirad, field notes 2015","128","","","","Turkic 100%","Masoud Mohammadirad, field notes 2015",36.231633402498396,47.89867395027634,""
"","2c896fbee6fcbe3f5d786d4cc70dd15b","11-768fa55c77c9287fdc93a202eb0a1b2a","1120328","کردستان","Kordestān","بیجار","Bijār","کرانی","Korāni","","","گرگین","Gorgin","گرگین","Gorgin","Görgün","Masoud Mohammadirad, field notes 2015","247","","","","Turkic 100%","Masoud Mohammadirad, field notes 2015",36.233243075526275,47.883011001987825,""
"","2c896fbee6fcbe3f5d786d4cc70dca25","11-24ce5a4850d7d0cc3113c59b651a8dfe","1120329","کردستان","Kordestān","بیجار","Bijār","کرانی","Korāni","","","گرگین","Gorgin","گره چقا","Gareh Chaqā","Gare Chāy","Masoud Mohammadirad, field notes 2015","40","","","","Turkic 100%","Masoud Mohammadirad, field notes 2015",36.28545842802126,47.84859519878841,""
"","2c896fbee6fcbe3f5d786d4cc70e761c","13-f6bb5e41b20405e63f3860e065d4f77e","1120330","کردستان","Kordestān","بیجار","Bijār","کرانی","Korāni","","","گرگین","Gorgin","گل قشلاق","Gol Qeshlāq","Gül Qeshlākh","Masoud Mohammadirad, field notes 2015","128","","","","Turkic 100%","Masoud Mohammadirad, field notes 2015",36.217557478586265,47.91643341956615,""
"","2c896fbee6fcbe3f5d786d4cc70e66ac","12-66615dc98efe99cc162428c4b8533b12","1120331","کردستان","Kordestān","بیجار","Bijār","کرانی","Korāni","","","گرگین","Gorgin","نیمه کار","Nimeh Kār","Nima Kār","Masoud Mohammadirad, field notes 2015","15","","","","Turkic 100%","Masoud Mohammadirad, field notes 2015",36.28479556480162,47.924677859821486,""
"","2c896fbee6fcbe3f5d786d4cc70e592c","12-a9791a1ab45f0832d7134c10250dd624","1120332","کردستان","Kordestān","بیجار","Bijār","کرانی","Korāni","","","گرگین","Gorgin","آغچه گنبد","Āghcheh Gonbad","Ākhche Kümbad, Ākhche Kömbad ","Masoud Mohammadirad, field notes 2015","172","","","","Turkic 100%","Masoud Mohammadirad, field notes 2015",36.18698097505331,47.830272647167256,""
"","2c896fbee6fcbe3f5d786d4cc70e5688","11-e2cca633bc6609864e6e69bacbc0c309","1120333","کردستان","Kordestān","بیجار","Bijār","کرانی","Korāni","","","گرگین","Gorgin","تازه کندمعدن","Tāzeh Kand Ma'dan","Taza Kan","Masoud Mohammadirad, field notes 2015","70","","","","Turkic 100%","Masoud Mohammadirad, field notes 2015",36.14558419948249,47.98957428503795,""
"","2c896fbee6fcbe3f5d786d4cc70e4b96","12-f412f4c2febe3e05daa86c0fc3a4f21c","1120334","کردستان","Kordestān","بیجار","Bijār","کرانی","Korāni","","","گرگین","Gorgin","جیران","Jeyrān","Jayrān","Masoud Mohammadirad, field notes 2015","98","","","","Turkic 100%","Masoud Mohammadirad, field notes 2015",36.16969822022371,47.852825445901864,""
"","2c896fbee6fcbe3f5d786d4cc70e46ab","11-7cd589f659df53cfc0a53926dfafed5f","1120335","کردستان","Kordestān","بیجار","Bijār","کرانی","Korāni","","","گرگین","Gorgin","خرابه چول ارخ","Kharābeh Chol Arkh","Kharābā Cholākh","Masoud Mohammadirad, field notes 2015","163","","","","Turkic 100%","Masoud Mohammadirad, field notes 2015",36.17437239959802,47.773071964218346,""
"","2c896fbee6fcbe3f5d786d4cc70e3994","12-45b0946f690798671546b96782438a07","1120336","کردستان","Kordestān","بیجار","Bijār","کرانی","Korāni","","","گرگین","Gorgin","قجور","Qojur","Qojur","Masoud Mohammadirad, field notes 2015","227","","","","Turkic 100%","Masoud Mohammadirad, field notes 2015",36.210700934587216,47.89101869116919,""
"","2c896fbee6fcbe3f5d786d4cc70e3090","13-8e54be4ff2f6c4eb9e4912f1feba689d","1120337","کردستان","Kordestān","بیجار","Bijār","کرانی","Korāni","","","گرگین","Gorgin","قره محمدلو","Qareh Mohammadlu","Qara Mohamadle","Masoud Mohammadirad, field notes 2015","46","","","","Turkic 100%","Masoud Mohammadirad, field notes 2015",36.10655958954038,47.93247180832249,""
"","2c896fbee6fcbe3f5d786d4cc70e24af","11-c986dc643348f088e9dd29034362beb4","1120338","کردستان","Kordestān","بیجار","Bijār","کرانی","Korāni","","","گرگین","Gorgin","گوگ تپه","Gug Tappeh","Gö Tapa","Masoud Mohammadirad, field notes 2015","37","","","","Turkic 100%","Masoud Mohammadirad, field notes 2015",36.217820767124515,47.76283268730756,""
"","2c896fbee6fcbe3f5d786d4cc70e18b5","11-8dfd261ac817f956c752bfa7cd83737c","1120339","کردستان","Kordestān","بیجار","Bijār","کرانی","Korāni","","","گرگین","Gorgin","مغانلو","Moghānlu","Moghāne","Masoud Mohammadirad, field notes 2015","87","","","","Turkic 100%","Masoud Mohammadirad, field notes 2015",36.17898337967997,47.909613018702935,""
"","2c896fbee6fcbe3f5d786d4cc70ecddc","11-741d5dec3bf987476334ff17fa4aea36","1120340","کردستان","Kordestān","بیجار","Bijār","کرانی","Korāni","","","گرگین","Gorgin","هشتادجفت","Hashtād Joft","Hashtād Jeft","Masoud Mohammadirad, field notes 2015","110","","","","Turkic 100%","Masoud Mohammadirad, field notes 2015",36.1663890051846,47.88907785735059,""
"","2c896fbee6fcbe3f5d786d4cc70ec08f","11-5e071d8f6d70291118d4f2e5c293d2d1","1120341","کردستان","Kordestān","بیجار","Bijār","کرانی","Korāni","","","گرگین","Gorgin","ینگی ارخ","Yengi Arkh","Yeng Arkh","Masoud Mohammadirad, field notes 2015","167","","","","Turkic 100%","Masoud Mohammadirad, field notes 2015",36.194057561083575,47.79881646525386,""
"","2c896fbee6fcbe3f5d786d4cc70eb244","14-496411f0058c6743c800cf12f17deb50","1120342","کردستان","Kordestān","بیجار","Bijār","کرانی","Korāni","یاسوکند","Yāsukand","","","","","Yāsukan","Masoud Mohammadirad, field notes 2015","3784","","","","Turkic 100%","Masoud Mohammadirad, field notes 2015",36.28340098181682,47.74640380524147,""
"","2c896fbee6fcbe3f5d786d4cc70eb085","9-87e5b64a43351ec3d8211e445c9be9fc","1120343","کردستان","Kordestān","بیجار","Bijār","مرکزی","Markazi","","","","","","","","","66962","","","","","","","",""
"","2c896fbee6fcbe3f5d786d4cc70ea1fa","9-6ae1a60afba8bf0b69abaa16986eaa81","1120344","کردستان","Kordestān","بیجار","Bijār","مرکزی","Markazi","","","حومه","Humeh","","","","","3817","","","","","","","",""
"","2c896fbee6fcbe3f5d786d4cc70e9773","10-8d6ed6e10f3d35d684ddc46a0572e346","1120345","کردستان","Kordestān","بیجار","Bijār","مرکزی","Markazi","","","حومه","Humeh","چهل امیران","Chehel Amirān","Chelamirān ","Masoud Mohammadirad, field notes 2015","21","","","","Southern Kurdish 100%","Masoud Mohammadirad, field notes 2015","","",""
"","2c896fbee6fcbe3f5d786d4cc70e9402","11-079b25561f33493ab6bfa05d65d08b12","1120346","کردستان","Kordestān","بیجار","Bijār","مرکزی","Markazi","","","حومه","Humeh","آقا مراد","Āqā Morād","Āghā Merāw","Masoud Mohammadirad, field notes 2015"," ","(less than 3 households; population not specified in 2011 Census for reasons of privacy)","","","Southern Kurdish 100%","Masoud Mohammadirad, field notes 2015",35.81729505126528,47.54306438331638,""
"","2c896fbee6fcbe3f5d786d4cc70e8cf5","11-9dae53ca7a1cfe248adac9355ba93aa6","1120347","کردستان","Kordestān","بیجار","Bijār","مرکزی","Markazi","","","حومه","Humeh","آل کبود","Āl Kabud","Āḷa Kaw","Masoud Mohammadirad, field notes 2015","95","","","","Southern Kurdish 100%","Masoud Mohammadirad, field notes 2015",35.78622309459462,47.59079909026692,""
"","2c896fbee6fcbe3f5d786d4cc70e8c35","11-61b2dcaffb622425c1c0b311ee77f88d","1120348","کردستان","Kordestān","بیجار","Bijār","مرکزی","Markazi","","","حومه","Humeh","برجگه","Borjegeh","Borjega","Masoud Mohammadirad, field notes 2015","86","","","","Southern Kurdish 100%","Masoud Mohammadirad, field notes 2015",35.84635811283224,47.58370618061584,""
"","2c896fbee6fcbe3f5d786d4cc70e7e3b","11-ef8c983340c14113f1ac6df517f82c77","1120349","کردستان","Kordestān","بیجار","Bijār","مرکزی","Markazi","","","حومه","Humeh","چنگیزقلعه","Changiz Qal'eh","Dengiz Qaḷā","Masoud Mohammadirad, field notes 2015","186","","","","Southern Kurdish 100%","Masoud Mohammadirad, field notes 2015",35.87538293561191,47.54359264053064,""
"","2c896fbee6fcbe3f5d786d4cc70f228d","11-c3cdb41fed214c387a386b3dae093d61","1120350","کردستان","Kordestān","بیجار","Bijār","مرکزی","Markazi","","","حومه","Humeh","دولت آباد","Dowlat Ābād","Doḷatāwā","Masoud Mohammadirad, field notes 2015","84","","","","Southern Kurdish 100%","Masoud Mohammadirad, field notes 2015",35.80166961248518,47.693666316044705,""
"","2c896fbee6fcbe3f5d786d4cc70f1aa8","11-e7fe8cd740ad9add39b40eeff18cdbbc","1120351","کردستان","Kordestān","بیجار","Bijār","مرکزی","Markazi","","","حومه","Humeh","رحمت آباد","Rahmat Ābād","Ṛahmatāwā","Masoud Mohammadirad, field notes 2015","137","","","","Southern Kurdish 100%","Masoud Mohammadirad, field notes 2015",35.80944379169973,47.668573603204436,""
"","2c896fbee6fcbe3f5d786d4cc70f13e9","11-56ef2f092b1d39166956632251de2d2c","1120352","کردستان","Kordestān","بیجار","Bijār","مرکزی","Markazi","","","حومه","Humeh","گلبلاغ سفلی","Gol Bolāgh-e Soflā","Golbolākh","Masoud Mohammadirad, field notes 2015","34","","","","Southern Kurdish 100%","Masoud Mohammadirad, field notes 2015",35.7373177341481,47.568970849494484,""
"","2c896fbee6fcbe3f5d786d4cc70f0c01","11-384180a8b4b3e2a492e47574f98acf3f","1120353","کردستان","Kordestān","بیجار","Bijār","مرکزی","Markazi","","","حومه","Humeh","ویسمرید","Veysmerid","Waysmeri","Masoud Mohammadirad, field notes 2015","35","","","","Central Kurdish 100%","Masoud Mohammadirad, field notes 2015",35.818563935450214,47.517904013105,""
"","2c896fbee6fcbe3f5d786d4cc70effb7","11-96681a7fbf5089716f48e0a936b8aaac","1120354","کردستان","Kordestān","بیجار","Bijār","مرکزی","Markazi","","","حومه","Humeh","حسین آباد گرگان","Hoseyn Ābād-e Gorgān","Hosaynāwā","Masoud Mohammadirad, field notes 2015","44","","","","Central Kurdish 100%","Masoud Mohammadirad, field notes 2015",35.74226113866118,47.52563918599938,""
"","2c896fbee6fcbe3f5d786d4cc70ef8f1","11-43522f2bf281f357008b746b11d3fc19","1120355","کردستان","Kordestān","بیجار","Bijār","مرکزی","Markazi","","","حومه","Humeh","خرم آباد","Khorram Ābād","Khoramāwā","Masoud Mohammadirad, field notes 2015","154","","","","Central Kurdish 100%","Masoud Mohammadirad, field notes 2015",35.73966456874447,47.50382394047504,""
"","2c896fbee6fcbe3f5d786d4cc70ef5f9","11-d2f574d8c20354ebc416a2797e68fd12","1120356","کردستان","Kordestān","بیجار","Bijār","مرکزی","Markazi","","","حومه","Humeh","ندری","Nadri","Nawri","Masoud Mohammadirad, field notes 2015","99","","","","Central Kurdish 100%","Masoud Mohammadirad, field notes 2015",35.76294030113654,47.528406508712635,""
"","2c896fbee6fcbe3f5d786d4cc70ef016","11-81462e7b5bb168be86a687af18c08f49","1120357","کردستان","Kordestān","بیجار","Bijār","مرکزی","Markazi","","","حومه","Humeh","چشمه جان قلی","Cheshmeh Jān Qoli","Cheshma Jān Qoli","Masoud Mohammadirad, field notes 2015","101","","","","Central Kurdish 100%","Masoud Mohammadirad, field notes 2015",35.82150986923382,47.44417668028113,""
"","2c896fbee6fcbe3f5d786d4cc70eeb90","11-dbcbf8a6098e5a2f0607a34448d820dd","1120358","کردستان","Kordestān","بیجار","Bijār","مرکزی","Markazi","","","حومه","Humeh","سعد آباد","Sa'd Ābād","Sa'dāwā","Masoud Mohammadirad, field notes 2015","10","","","","Central Kurdish 100%","Masoud Mohammadirad, field notes 2015",35.84222985377017,47.49236030666207,""
"","2c896fbee6fcbe3f5d786d4cc70edbe1","11-49e0e6db19473887ea8a6e4775b564e7","1120359","کردستان","Kordestān","بیجار","Bijār","مرکزی","Markazi","","","حومه","Humeh","قراطوره","Qarā Tavareh","Qaratawara","Masoud Mohammadirad, field notes 2015","117","","","","Central Kurdish 100%","Masoud Mohammadirad, field notes 2015",35.80595352425455,47.45655473776128,""
"","2c896fbee6fcbe3f5d786d4cc70f6bb1","11-81a90571cae65db9c9b07dba9f68e4f7","1120360","کردستان","Kordestān","بیجار","Bijār","مرکزی","Markazi","","","حومه","Humeh","سد گلبلاغ","Sadd-e Gol Bolāgh","Goḷbolākh","Masoud Mohammadirad, field notes 2015"," ","(less than 3 households; population not specified in 2011 Census for reasons of privacy)","","","Southern Kurdish 51%; Central Kurdish 49%","Masoud Mohammadirad, field notes 2015",35.72461953717608,47.57347696063841,""
"","2c896fbee6fcbe3f5d786d4cc70f69e2","11-bf257a37d32b56b0a4a9d6187c46e4a8","1120361","کردستان","Kordestān","بیجار","Bijār","مرکزی","Markazi","","","حومه","Humeh","قشلاق نوروز","Qeshlāq Nowruz","Qeshlāq Nawruz","Masoud Mohammadirad, field notes 2015","461","","","","Southern Kurdish 100%","Masoud Mohammadirad, field notes 2015",35.718543095708554,47.458722898074264,""
"","2c896fbee6fcbe3f5d786d4cc70f6442","11-d440382624d498817127098a382b8abd","1120362","کردستان","Kordestān","بیجار","Bijār","مرکزی","Markazi","","","حومه","Humeh","خاندان قلی","Khāndān Qoli","Khānāqoli","Masoud Mohammadirad, field notes 2015","980","","","","Central Kurdish 100%","Masoud Mohammadirad, field notes 2015",35.69505525150553,47.42098650437659,""
"","2c896fbee6fcbe3f5d786d4cc70f5a1f","11-e8f79a44abf70a8c6b60266a56457e59","1120363","کردستان","Kordestān","بیجار","Bijār","مرکزی","Markazi","","","حومه","Humeh","الوندقلی","Alvand Qoli","Aḷwanqoli","Masoud Mohammadirad, field notes 2015","97","","","","Southern Kurdish 100%","Masoud Mohammadirad, field notes 2015",35.944464246778075,47.525150714394705,""
"","2c896fbee6fcbe3f5d786d4cc70f4e6c","11-2a40290a4dd56c0a991a7b3c42d46d05","1120364","کردستان","Kordestān","بیجار","Bijār","مرکزی","Markazi","","","حومه","Humeh","باباسرخه","Bābā Sorkheh","Bāwasorkha","Masoud Mohammadirad, field notes 2015","120","","","","Central Kurdish 100%","Masoud Mohammadirad, field notes 2015",35.86055096067572,47.46736111027186,""
"","2c896fbee6fcbe3f5d786d4cc70f4aee","11-fd0fa7889ed4f73c9eab0ec2655a8e9e","1120365","کردستان","Kordestān","بیجار","Bijār","مرکزی","Markazi","","","حومه","Humeh","علی بدل","Ali Badal","Ali Badaḷ","Masoud Mohammadirad, field notes 2015","13","","","","Central Kurdish 100%","Masoud Mohammadirad, field notes 2015",35.93239732393988,47.56464885260273,""
"","2c896fbee6fcbe3f5d786d4cc70f42af","11-88cca3f7daf3b7705cdcf2fa6f8d3d0a","1120366","کردستان","Kordestān","بیجار","Bijār","مرکزی","Markazi","","","حومه","Humeh","قره بلاغ","Qareh Bolāgh","Qara Bolākh","Masoud Mohammadirad, field notes 2015","25","","","","Southern Kurdish 100%","Masoud Mohammadirad, field notes 2015",35.896030708229986,47.545034816248084,""
"","2c896fbee6fcbe3f5d786d4cc70f3821","11-e31b76460ff0cd3fa7e668cf1b78fb6f","1120367","کردستان","Kordestān","بیجار","Bijār","مرکزی","Markazi","","","حومه","Humeh","مخور","Mokhor","Mokhor","Masoud Mohammadirad, field notes 2015"," ","(less than 3 households; population not specified in 2011 Census for reasons of privacy)","","","Southern Kurdish 70%; Central Kurdish 30%","Masoud Mohammadirad, field notes 2015",35.902088270561535,47.57857852218395,""
"","2c896fbee6fcbe3f5d786d4cc70f306c","11-cc1d02f51b89ab43e55bf33010b07e24","1120368","کردستان","Kordestān","بیجار","Bijār","مرکزی","Markazi","","","حومه","Humeh","پهنه بر","Pahneh Borr","Pāna Boṛ","Masoud Mohammadirad, field notes 2015","43","","","","Central Kurdish 100%","Masoud Mohammadirad, field notes 2015",35.85630900226224,47.35881182540098,""
"","2c896fbee6fcbe3f5d786d4cc70f24e3","11-87f25392e04c98710c60d642b786e5e8","1120369","کردستان","Kordestān","بیجار","Bijār","مرکزی","Markazi","","","حومه","Humeh","چشمه کاظم","Cheshmeh Kāzem","Cheshma Kāzem","Masoud Mohammadirad, field notes 2015","90","","","","Central Kurdish 100%","Masoud Mohammadirad, field notes 2015",35.83412917425059,47.39150576367419,""
"","2c896fbee6fcbe3f5d786d4cc70fa1b7","11-478b1f2bae542d2199bfb726eeba6ae9","1120370","کردستان","Kordestān","بیجار","Bijār","مرکزی","Markazi","","","حومه","Humeh","حسین آباد کمرزرد","Hoseyn Ābād-e Kamar Zard","Kamarzard","Masoud Mohammadirad, field notes 2015","126","","","","Southern Kurdish 100%","Masoud Mohammadirad, field notes 2015",36.00691012235663,47.48525713821273,""
"","2c896fbee6fcbe3f5d786d4cc70f9e3a","11-f85a725ad9959dc82a2a3a1bc5410660","1120371","کردستان","Kordestān","بیجار","Bijār","مرکزی","Markazi","","","حومه","Humeh","خوشاب","Khush Āb","Khushāw","Masoud Mohammadirad, field notes 2015"," ","(less than 3 households; population not specified in 2011 Census for reasons of privacy)","","","Southern Kurdish 100%","Masoud Mohammadirad, field notes 2015",35.99076907925422,47.5783681556809,""
"","2c896fbee6fcbe3f5d786d4cc70f9c6d","11-ddb72dc9ae83e151320acc1f6017fe6f","1120372","کردستان","Kordestān","بیجار","Bijār","مرکزی","Markazi","","","حومه","Humeh","زرده کمر","Zardeh Kamar","Zarda Kamar","Masoud Mohammadirad, field notes 2015","218","","","","Southern Kurdish 100%","Masoud Mohammadirad, field notes 2015",35.90374095964373,47.343013771968764,""
"","2c896fbee6fcbe3f5d786d4cc70f9ad4","11-c1013ccaae2067c0855126ae5dad920c","1120373","کردستان","Kordestān","بیجار","Bijār","مرکزی","Markazi","","","حومه","Humeh","صلوات آباد","Salvāt Ābād","Saḷmātāwā","Masoud Mohammadirad, field notes 2015","110","","","","Southern Kurdish 100%","Masoud Mohammadirad, field notes 2015",36.00460649522493,47.54391869250089,""
"","2c896fbee6fcbe3f5d786d4cc70f9945","11-d3d96cc4152dcddd4e672af88c6d0843","1120374","کردستان","Kordestān","بیجار","Bijār","مرکزی","Markazi","","","حومه","Humeh","قاسم آباد وینسار","Qāsem Ābād-e Veynesār","Waynesār","Masoud Mohammadirad, field notes 2015","33","","","","Southern Kurdish 100%","Masoud Mohammadirad, field notes 2015",35.96536342569208,47.44432329464924,""
"","2c896fbee6fcbe3f5d786d4cc70f9168","11-9515610f8b3699b73ecf756cc7f4fcfa","1120375","کردستان","Kordestān","بیجار","Bijār","مرکزی","Markazi","","","حومه","Humeh","قاضی قوشچی","Qāzi Qushchi","Qāzi Quchi","Masoud Mohammadirad, field notes 2015","96","","","","Central Kurdish 100%","Masoud Mohammadirad, field notes 2015",35.85900529414947,47.387136290972386,""
"","2c896fbee6fcbe3f5d786d4cc70f8cc6","11-d4ec59e0d0c5716da5213f1a963b601e","1120376","کردستان","Kordestān","بیجار","Bijār","مرکزی","Markazi","","","حومه","Humeh","قباسرخ","Qabā Sorkh","Qawāsorkh","Masoud Mohammadirad, field notes 2015","130","","","","Central Kurdish 100%","Masoud Mohammadirad, field notes 2015",35.85451975210255,47.38561593021171,""
"","2c896fbee6fcbe3f5d786d4cc70f8384","11-8ee16d93f66d9145eefbad09a09a8e1e","1120377","کردستان","Kordestān","بیجار","Bijār","مرکزی","Markazi","","","حومه","Humeh","گلستانه","Golestāneh","Goḷsānā","Masoud Mohammadirad, field notes 2015","30","","","","Central Kurdish 100%","Masoud Mohammadirad, field notes 2015",35.89370915774778,47.383201510568895,""
"","2c896fbee6fcbe3f5d786d4cc70f7f04","11-7a944116db5e55a93db632fb3746a560","1120378","کردستان","Kordestān","بیجار","Bijār","مرکزی","Markazi","","","حومه","Humeh","گنبدحاجی","Gonbad-e Hāji","Gonbada Hāji","Masoud Mohammadirad, field notes 2015","27","","","","Central Kurdish 100%","Masoud Mohammadirad, field notes 2015",35.97997226693518,47.42934852172114,""
"","2c896fbee6fcbe3f5d786d4cc70f7598","12-efed90d129712daaf90b696b61b85fc7","1120379","کردستان","Kordestān","بیجار","Bijār","مرکزی","Markazi","","","حومه","Humeh","کارخانه سیمان کردستان","Kārkhāneh Simān-e Kordestān","Kārkhāna Simān","Masoud Mohammadirad, field notes 2015"," ","(less than 3 households; population not specified in 2011 Census for reasons of privacy)","","","Southern Kurdish 50%; Turkic 25%; Central Kurdish 25%","Masoud Mohammadirad, field notes 2015",35.92515182934752,47.55808280493497,""
"","2c896fbee6fcbe3f5d786d4cc70fe9bb","9-5ca433277a0545c48a5869f6c5cc6112","1120380","کردستان","Kordestān","بیجار","Bijār","مرکزی","Markazi","","","خورخوره","Khorkhoreh","","","","","3922","","","","","","","",""
"","2c896fbee6fcbe3f5d786d4cc70fe557","11-8148860d503e041c877786e6a98773c1","1120381","کردستان","Kordestān","بیجار","Bijār","مرکزی","Markazi","","","خورخوره","Khorkhoreh","الاگز","Alāgez","ĀỊagöz","Masoud Mohammadirad, field notes 2015","16","","","","Southern Kurdish 100%","Masoud Mohammadirad, field notes 2015",36.02561434860552,47.67823652218597,""
"","2c896fbee6fcbe3f5d786d4cc70fdbfa","13-d0d413384488f21d31dd7461febbb631","1120382","کردستان","Kordestān","بیجار","Bijār","مرکزی","Markazi","","","خورخوره","Khorkhoreh","بابارستم","Bābā Rostam","Bāwa Ṛostam","Masoud Mohammadirad, field notes 2015","93","","","","Southern Kurdish 100%","Masoud Mohammadirad, field notes 2015",36.00155348995555,47.686753329545965,""
"","2c896fbee6fcbe3f5d786d4cc70fda41","11-e52a86d0c10945c2443ba9641257a6bd","1120383","کردستان","Kordestān","بیجار","Bijār","مرکزی","Markazi","","","خورخوره","Khorkhoreh","دولت کند","Dowlat Kand","Dewlasha","Masoud Mohammadirad, field notes 2015","122","","","","Turkic 100%","Masoud Mohammadirad, field notes 2015",35.969714764509085,47.778054379702354,""
"","2c896fbee6fcbe3f5d786d4cc70fd66e","11-45a95f792dcf0ba44c05356608e6afb6","1120384","کردستان","Kordestān","بیجار","Bijār","مرکزی","Markazi","","","خورخوره","Khorkhoreh","شریف آباد","Sharif Ābād","Sharifāwā","Masoud Mohammadirad, field notes 2015","58","","","","Southern Kurdish 100%","Masoud Mohammadirad, field notes 2015",36.020668308729256,47.66951397847075,""
"","2c896fbee6fcbe3f5d786d4cc70fc8d0","11-40d755bf9bd759ca37758f314240155b","1120385","کردستان","Kordestān","بیجار","Bijār","مرکزی","Markazi","","","خورخوره","Khorkhoreh","قشلاق حسن خان","Qeshlāq-e Hasan Khān","QeshỊākh Hasan Khān","Masoud Mohammadirad, field notes 2015","7","","","","Southern Kurdish 100%","Masoud Mohammadirad, field notes 2015",35.9946919362718,47.72632664134705,""
"","2c896fbee6fcbe3f5d786d4cc70fbfd7","11-9b6fdf2db81d516712d9ceca1fe67bb1","1120386","کردستان","Kordestān","بیجار","Bijār","مرکزی","Markazi","","","خورخوره","Khorkhoreh","قشلاق خانه","Qeshlāq Khāneh","Qeshlākhānā","Masoud Mohammadirad, field notes 2015","138","","","","Turkic 100%","Masoud Mohammadirad, field notes 2015",35.976722106084,47.789297906372134,""
"","2c896fbee6fcbe3f5d786d4cc70fbb2f","13-6fbab33c39e350ca41b7afc1655db3d7","1120387","کردستان","Kordestān","بیجار","Bijār","مرکزی","Markazi","","","خورخوره","Khorkhoreh","ایده لو","Idelu","Idale","Masoud Mohammadirad, field notes 2015","153","","","","Turkic 100%","Masoud Mohammadirad, field notes 2015",35.97627050184403,47.95972350807859,""
"","2c896fbee6fcbe3f5d786d4cc70fb163","11-5e047895589d1ab9aa60deef31db538d","1120388","کردستان","Kordestān","بیجار","Bijār","مرکزی","Markazi","","","خورخوره","Khorkhoreh","تازه آباد","Tāzeh Ābād","Taza Kan","Masoud Mohammadirad, field notes 2015","116","","","","Turkic 100%","Masoud Mohammadirad, field notes 2015",35.967164570517184,47.907057610945735,""
"","2c896fbee6fcbe3f5d786d4cc70fa831","11-70220b2959bf69c2e90588320aae4f74","1120389","کردستان","Kordestān","بیجار","Bijār","مرکزی","Markazi","","","خورخوره","Khorkhoreh","خورخوره","Khorkhoreh","Khorkhora","Masoud Mohammadirad, field notes 2015","757","","","","Southern Kurdish 60%; Turkic 40%","Masoud Mohammadirad, field notes 2015",35.96237989765373,47.8119664024802,""
"","2c896fbee6fcbe3f5d786d4cc7102f48","11-48a0d9bf2333270434b8f029e5e5bfa8","1120390","کردستان","Kordestān","بیجار","Bijār","مرکزی","Markazi","","","خورخوره","Khorkhoreh","چوپی","Chupi","Chupi","Masoud Mohammadirad, field notes 2015","57","","","","Southern Kurdish 100%","Masoud Mohammadirad, field notes 2015",35.840141415009334,47.722270305226736,""
"","2c896fbee6fcbe3f5d786d4cc7102234","11-777e4787fa00f3f868b399685fa3bb95","1120391","کردستان","Kordestān","بیجار","Bijār","مرکزی","Markazi","","","خورخوره","Khorkhoreh","حسن آباد","Hasan Ābād","Hasanāwā","Masoud Mohammadirad, field notes 2015","23","","","","Southern Kurdish 100%","Masoud Mohammadirad, field notes 2015",35.85455913206464,47.65706098303193,""
"","2c896fbee6fcbe3f5d786d4cc71020cd","11-f536527190c1ac47738ed1ed71f6da1e","1120392","کردستان","Kordestān","بیجار","Bijār","مرکزی","Markazi","","","خورخوره","Khorkhoreh","زاغه فولاد","Zāgheh Fulād","Zāgha Puḷā","Masoud Mohammadirad, field notes 2015","59","","","","Southern Kurdish 100%","Masoud Mohammadirad, field notes 2015",35.921319545932626,47.7427660575702,""
"","2c896fbee6fcbe3f5d786d4cc7101619","11-f955b5ec0c8f806a4cda8432ffce601c","1120393","کردستان","Kordestān","بیجار","Bijār","مرکزی","Markazi","","","خورخوره","Khorkhoreh","سیدان","Sayyedān","Sayān","Masoud Mohammadirad, field notes 2015","842","","","","Southern Kurdish 100%","Masoud Mohammadirad, field notes 2015",35.932192712334945,47.724891816697195,""
"","2c896fbee6fcbe3f5d786d4cc7100a35","11-00fcb0794d83744c391e1f8fe59a0a1c","1120394","کردستان","Kordestān","بیجار","Bijār","مرکزی","Markazi","","","خورخوره","Khorkhoreh","قزل علی","Qezel Ali","QezelāỊe","Masoud Mohammadirad, field notes 2015","152","","","","Southern Kurdish 51%; Turkic 49%","Masoud Mohammadirad, field notes 2015",35.93276630856498,47.68813441298072,""
"","2c896fbee6fcbe3f5d786d4cc7100581","11-153e2e5cb85c41f2b209d665420c974e","1120395","کردستان","Kordestān","بیجار","Bijār","مرکزی","Markazi","","","خورخوره","Khorkhoreh","قمشلو","Qameshlu","Qameshle","Masoud Mohammadirad, field notes 2015","86","","","","Turkic 100%","Masoud Mohammadirad, field notes 2015",35.94302457036865,47.63499119782637,""
"","2c896fbee6fcbe3f5d786d4cc70ffd1a","11-06e164828d9a551c8bf1bfce50b3069e","1120396","کردستان","Kordestān","بیجار","Bijār","مرکزی","Markazi","","","خورخوره","Khorkhoreh","چپقلو","Chepeqlu","Chebekhle","Masoud Mohammadirad, field notes 2015","226","","","","Turkic 100%","Masoud Mohammadirad, field notes 2015",35.89755931463052,47.959478191828886,""
"","2c896fbee6fcbe3f5d786d4cc70ffa1d","11-b7e9424e3fbb3a2da43b8f438565ccdc","1120397","کردستان","Kordestān","بیجار","Bijār","مرکزی","Markazi","","","خورخوره","Khorkhoreh","چشمه کوره","Cheshmeh Kureh","Kura Kēni","Masoud Mohammadirad, field notes 2015","169","","","","Southern Kurdish 100%","Masoud Mohammadirad, field notes 2015",35.87362931753041,47.83795141972729,""
"","2c896fbee6fcbe3f5d786d4cc70ff722","11-1fea5d0a32e9653191ecb47eee930001","1120398","کردستان","Kordestān","بیجار","Bijār","مرکزی","Markazi","","","خورخوره","Khorkhoreh","چولجه","Chowljeh","Chōḷja","Masoud Mohammadirad, field notes 2015","250","","","","Southern Kurdish 100%","Masoud Mohammadirad, field notes 2015",35.85483304899499,47.92586258630883,""
"","2c896fbee6fcbe3f5d786d4cc70ff145","11-58ef23b0a023fa203a078b3d7bf9fefe","1120399","کردستان","Kordestān","بیجار","Bijār","مرکزی","Markazi","","","خورخوره","Khorkhoreh","گنبدی","Gonbadi","Gonbadi","Masoud Mohammadirad, field notes 2015","86","","","","Southern Kurdish 100%","Masoud Mohammadirad, field notes 2015",35.838174569938126,47.80045187694774,""
"","2c896fbee6fcbe3f5d786d4cc7108f7b","12-1ada991d97a413b15e1702654452988b","1120400","کردستان","Kordestān","بیجار","Bijār","مرکزی","Markazi","","","خورخوره","Khorkhoreh","ماقوت","Māqut","Māqut ","Masoud Mohammadirad, field notes 2015","61","","","","Southern Kurdish 100%","Masoud Mohammadirad, field notes 2015",35.84792396618479,47.84351742488402,""
"","2c896fbee6fcbe3f5d786d4cc71089c4","12-dd544ebf80c0731141646ad426dcfd60","1120401","کردستان","Kordestān","بیجار","Bijār","مرکزی","Markazi","","","خورخوره","Khorkhoreh","مهر آباد","Mehr Ābād","Mehrāwā","Masoud Mohammadirad, field notes 2015","143","","","","Southern Kurdish 100%","Masoud Mohammadirad, field notes 2015",35.86221105852837,47.894491469674946,""
"","2c896fbee6fcbe3f5d786d4cc7108070","12-84239b3a646e8adcdaf6170f4caa26d0","1120402","کردستان","Kordestān","بیجار","Bijār","مرکزی","Markazi","","","خورخوره","Khorkhoreh","میرک","Mirek","Mirek","Masoud Mohammadirad, field notes 2015","47","","","","Southern Kurdish 100%","Masoud Mohammadirad, field notes 2015",35.84851532722624,47.86642348986715,""
"","2c896fbee6fcbe3f5d786d4cc7107335","12-89502ee5648aeb39d81c5bfaeeb5e7aa","1120403","کردستان","Kordestān","بیجار","Bijār","مرکزی","Markazi","","","خورخوره","Khorkhoreh","نگارستان","Negārestān","Newārestān","Masoud Mohammadirad, field notes 2015","95","","","","Southern Kurdish 100%","Masoud Mohammadirad, field notes 2015",35.843168042620015,47.767975146833926,""
"","2c896fbee6fcbe3f5d786d4cc7106c8c","12-0f3e73234a829b59c1a265c4b68e1807","1120404","کردستان","Kordestān","بیجار","Bijār","مرکزی","Markazi","","","خورخوره","Khorkhoreh","قره پالچوق","Qareh Palchuq","Qara PaỊchokh","Masoud Mohammadirad, field notes 2015","166","","","","Southern Kurdish 70%; Turkic 30%","Masoud Mohammadirad, field notes 2015",35.965240292646655,47.85271028732354,""
"","2c896fbee6fcbe3f5d786d4cc7106523","9-db7cfdd3f601f0a96baaad5e119b745e","1120405","کردستان","Kordestān","بیجار","Bijār","مرکزی","Markazi","","","سیلتان","Siltān","","","","","4861","","","","","","","",""
"","2c896fbee6fcbe3f5d786d4cc710583a","11-465f356beaad30c57e1f5bbb995cfd8c","1120406","کردستان","Kordestān","بیجار","Bijār","مرکزی","Markazi","","","سیلتان","Siltān","بهرام گنبد","Bahrām Gonbad","Beyrām Gömad","Masoud Mohammadirad, field notes 2015","96","","","","Turkic 80%; Southern Kurdish 20%","Masoud Mohammadirad, field notes 2015",36.07305233819337,47.663743018793134,""
"","2c896fbee6fcbe3f5d786d4cc7105439","11-acdddcd0110bd6941853ea1187f26fb2","1120407","کردستان","Kordestān","بیجار","Bijār","مرکزی","Markazi","","","سیلتان","Siltān","چشمه سنگین","Cheshmeh Sangin","Kāni Kochkin","Masoud Mohammadirad, field notes 2015","136","","","","Southern Kurdish 100%","Masoud Mohammadirad, field notes 2015",36.047733899410076,47.624920280455015,""
"","2c896fbee6fcbe3f5d786d4cc71046c0","11-69febd4fe6314e1f060a7d1139749bd8","1120408","کردستان","Kordestān","بیجار","Bijār","مرکزی","Markazi","","","سیلتان","Siltān","خوشه گول","Khusheh Gul","Khōsha Gul","Masoud Mohammadirad, field notes 2015","54","","","","Southern Kurdish 100%","Masoud Mohammadirad, field notes 2015",36.07259216007346,47.59161011657019,""
"","2c896fbee6fcbe3f5d786d4cc7103900","11-5eca60ec0ae992b30f6af70c948b32c7","1120409","کردستان","Kordestān","بیجار","Bijār","مرکزی","Markazi","","","سیلتان","Siltān","قزل کند سفلی","Qezel Kand-e Soflā","Qezel Kan Āshāghe","Masoud Mohammadirad, field notes 2015","83","","","","Turkic 70%; Southern Kurdish 30%","Masoud Mohammadirad, field notes 2015",36.11300946916958,47.63006202907263,""
"","2c896fbee6fcbe3f5d786d4cc710bfd3","12-4f664929070aa87aeeda6629947b29a9","1120410","کردستان","Kordestān","بیجار","Bijār","مرکزی","Markazi","","","سیلتان","Siltān","قزل کند علیا","Qezel Kand-e Olyā","Qezel Kan Yughāre","Masoud Mohammadirad, field notes 2015","100","","","","Turkic 70%; Southern Kurdish 30%","Masoud Mohammadirad, field notes 2015",36.11244635640587,47.621654662224024,""
"","2c896fbee6fcbe3f5d786d4cc710bc20","12-f6f8deec470faf9a539eba9d5adf927b","1120411","کردستان","Kordestān","بیجار","Bijār","مرکزی","Markazi","","","سیلتان","Siltān","محمد آباد علی اکبر خان","Mohammad Ābād-e Ali Akbar Khān","Mohamadāwā","Masoud Mohammadirad, field notes 2015","56","","","","Southern Kurdish 100%","Masoud Mohammadirad, field notes 2015",36.09651676321175,47.60263227253547,""
"","2c896fbee6fcbe3f5d786d4cc710ba80","12-2deb3d6c770e3046cc0f088c8324b98d","1120412","کردستان","Kordestān","بیجار","Bijār","مرکزی","Markazi","","","سیلتان","Siltān","آغبلاغ حسین خان","Āghbolāgh-e Hoseyn Khān","Āghbolāgh","Masoud Mohammadirad, field notes 2015","90","","","","Turkic 70%; Southern Kurdish 30%","Masoud Mohammadirad, field notes 2015",36.11390150187386,47.79315012457708,""
"","2c896fbee6fcbe3f5d786d4cc710b32b","12-23f20ee3628cb52f4a2028cdcfac2072","1120413","کردستان","Kordestān","بیجار","Bijār","مرکزی","Markazi","","","سیلتان","Siltān","تازه قشلاق","Tazeh Qeshlāq","Taza Qeshlākh","Masoud Mohammadirad, field notes 2015"," ","(less than 3 households; population not specified in 2011 Census for reasons of privacy)","","","Turkic 100%","Masoud Mohammadirad, field notes 2015",36.11965403224075,47.737258473688605,""
"","2c896fbee6fcbe3f5d786d4cc710b328","12-da5029673788e5ae4763efca13bb6c49","1120414","کردستان","Kordestān","بیجار","Bijār","مرکزی","Markazi","","","سیلتان","Siltān","چوغرو قشلاق","Chughoru Qeshlākh","Chukhoru Qeshlākh","Masoud Mohammadirad, field notes 2015","486","","","","Turkic 100%","Masoud Mohammadirad, field notes 2015",36.11404189063606,47.860142958481156,""
"","2c896fbee6fcbe3f5d786d4cc710b259","12-f221190058918d883323f833e4e7b61f","1120415","کردستان","Kordestān","بیجار","Bijār","مرکزی","Markazi","","","سیلتان","Siltān","حسین آباد دمیرچی","Hoseyn Ābād-e Damirchi","Damerche","Masoud Mohammadirad, field notes 2015","33","","","","Turkic 100%","Masoud Mohammadirad, field notes 2015",36.160480006227324,47.77568127220593,""
"","2c896fbee6fcbe3f5d786d4cc710a50d","12-9af1035c12134b48b072cdaf6cdf5a71","1120416","کردستان","Kordestān","بیجار","Bijār","مرکزی","Markazi","","","سیلتان","Siltān","سیدحسین","Sayyed Hoseyn","Sayed Hösan","Masoud Mohammadirad, field notes 2015","152","","","","Turkic 100%","Masoud Mohammadirad, field notes 2015",36.15932599359631,47.795300790804475,""
"","2c896fbee6fcbe3f5d786d4cc71099e0","12-6db6036e3da5ae5de3d5af5e8dcf3c7d","1120417","کردستان","Kordestān","بیجار","Bijār","مرکزی","Markazi","","","سیلتان","Siltān","کهل","Kohol","Köhöl","Masoud Mohammadirad, field notes 2015","46","","","","Turkic 100%","Masoud Mohammadirad, field notes 2015",36.1482190233315,47.81162004424657,""
"","2c896fbee6fcbe3f5d786d4cc7109540","12-6f136c3b707e943f94db24bd601f3fd5","1120418","کردستان","Kordestān","بیجار","Bijār","مرکزی","Markazi","","","سیلتان","Siltān","بیانلو","Biānlu","Biyāne","Masoud Mohammadirad, field notes 2015","532","","","","Turkic 100%","Masoud Mohammadirad, field notes 2015",36.00389395857896,47.856989150783164,""
"","2c896fbee6fcbe3f5d786d4cc7109211","12-e1be64a463d48eb3d7c11a05b75f1ee9","1120419","کردستان","Kordestān","بیجار","Bijār","مرکزی","Markazi","","","سیلتان","Siltān","توپ آغاج","Tup Āghāj","Tupāghāj","Masoud Mohammadirad, field notes 2015","2498","","","","Turkic 100%","Masoud Mohammadirad, field notes 2015",36.049109704285605,47.82408511585274,""
"","2c896fbee6fcbe3f5d786d4cc711234f","12-54285515672f76762ccfca358f05db50","1120420","کردستان","Kordestān","بیجار","Bijār","مرکزی","Markazi","","","سیلتان","Siltān","چالی بلاغ","Chāli Bolāgh","Chārle Bolākh","Masoud Mohammadirad, field notes 2015","43","","","","Turkic 100%","Masoud Mohammadirad, field notes 2015",36.055361273043005,47.73081735154467,""
"","2c896fbee6fcbe3f5d786d4cc711153d","12-76e0c6076a9c1472f7aea22c308c8b7c","1120421","کردستان","Kordestān","بیجار","Bijār","مرکزی","Markazi","","","سیلتان","Siltān","سلطان آباد دره وران","Soltān Ābād-e Darreh Verān","Dara Veran","Masoud Mohammadirad, field notes 2015","126","","","","Turkic 100%","Masoud Mohammadirad, field notes 2015",36.057244409507405,47.69824514955506,""
"","2c896fbee6fcbe3f5d786d4cc7110de6","12-9359607420523beaf8a3139b3ca1f114","1120422","کردستان","Kordestān","بیجار","Bijār","مرکزی","Markazi","","","سیلتان","Siltān","شیرین بلاغ","Shirin Bolāgh","Shirin Bolākh","Masoud Mohammadirad, field notes 2015","203","","","","Turkic 100%","Masoud Mohammadirad, field notes 2015",36.067705019902554,47.95290562939812,""
"","2c896fbee6fcbe3f5d786d4cc710fe55","12-c784e6e04e24e00ac7f9afbe7aad1ab3","1120423","کردستان","Kordestān","بیجار","Bijār","مرکزی","Markazi","","","سیلتان","Siltān","قراجلو","Qarājalu","Qarajale","Masoud Mohammadirad, field notes 2015","121","","","","Turkic 100%","Masoud Mohammadirad, field notes 2015",36.08375590680119,47.899057601223674,""
"","2c896fbee6fcbe3f5d786d4cc710f1dd","10-907feba31c774b174df0b90aa8343fa2","1120424","کردستان","Kordestān","بیجار","Bijār","مرکزی","Markazi","","","نجف آباد","Najaf Ābād","","","","","3145","","","","","","","",""
"","2c896fbee6fcbe3f5d786d4cc710ebcf","12-8409539b269c3166bb2b9ae91119e54c","1120425","کردستان","Kordestān","بیجار","Bijār","مرکزی","Markazi","","","نجف آباد","Najaf Ābād","ابراهیم آباد","Ebrāhim Ābād","Ebrāhimāwā","Masoud Mohammadirad, field notes 2015","31","","","","Southern Kurdish 100%","Masoud Mohammadirad, field notes 2015",35.768011347063094,47.32199127546322,""
"","2c896fbee6fcbe3f5d786d4cc710e354","12-0eb129e872e3e7b141697a6277aa68e4","1120426","کردستان","Kordestān","بیجار","Bijār","مرکزی","Markazi","","","نجف آباد","Najaf Ābād","بابانظر","Bābānazar","Bāwānazar","Masoud Mohammadirad, field notes 2015","51","","","","Southern Kurdish 100%","Masoud Mohammadirad, field notes 2015",35.79642223431403,47.33738474954569,""
"","2c896fbee6fcbe3f5d786d4cc710da7e","12-988cf0cbcffb8cf2443f757956199296","1120427","کردستان","Kordestān","بیجار","Bijār","مرکزی","Markazi","","","نجف آباد","Najaf Ābād","باشوکی","Bāshuki","Bāshuki","Masoud Mohammadirad, field notes 2015","81","","","","Central Kurdish 100%","Masoud Mohammadirad, field notes 2015",35.77136154779188,47.277970861117275,""
"","2c896fbee6fcbe3f5d786d4cc710cb3f","10-8737fe608432b3bd336cb722f77f42a1","1120428","کردستان","Kordestān","بیجار","Bijār","مرکزی","Markazi","","","نجف آباد","Najaf Ābād","برگشاد","Bar Goshād","Bar Goshā","Masoud Mohammadirad, field notes 2015","148","","","","Central Kurdish 100%","Masoud Mohammadirad, field notes 2015","","",""
"","2c896fbee6fcbe3f5d786d4cc710c81a","12-1dc44ddc3cd2f207dfdb6bf81c4544c9","1120429","کردستان","Kordestān","بیجار","Bijār","مرکزی","Markazi","","","نجف آباد","Najaf Ābād","پشت تنگ","Posht Tang","Peshtang","Masoud Mohammadirad, field notes 2015","127","","","","Central Kurdish 100%","Masoud Mohammadirad, field notes 2015",35.68762179816778,47.217173629475525,""
"","2c896fbee6fcbe3f5d786d4cc71189bc","12-175b5f01a8eb864aeed89780e0b7a298","1120430","کردستان","Kordestān","بیجار","Bijār","مرکزی","Markazi","","","نجف آباد","Najaf Ābād","حسین خان","Hoseyn Khān","Hosayn Khān","Masoud Mohammadirad, field notes 2015","70","","","","Central Kurdish 100%","Masoud Mohammadirad, field notes 2015",35.719901847363765,47.287104217580314,""
"","2c896fbee6fcbe3f5d786d4cc7117b52","12-363b0a40a186a6cb9ee1e69668caf4a1","1120431","کردستان","Kordestān","بیجار","Bijār","مرکزی","Markazi","","","نجف آباد","Najaf Ābād","خراسان","Khorāsān","Khorāsān","Masoud Mohammadirad, field notes 2015","88","","","","Central Kurdish 100%","Masoud Mohammadirad, field notes 2015",35.71296698858914,47.26550707059583,""
"","2c896fbee6fcbe3f5d786d4cc7116cfd","12-dbae9e70af57bbefb48b010ae4973bc8","1120432","کردستان","Kordestān","بیجار","Bijār","مرکزی","Markazi","","","نجف آباد","Najaf Ābād","دهرقه پیرحسین","Dehraqeh Pir Hoseyn","Dēraqa","Masoud Mohammadirad, field notes 2015","105","","","","Central Kurdish 100%","Masoud Mohammadirad, field notes 2015",35.688153856139905,47.32824647519633,""
"","2c896fbee6fcbe3f5d786d4cc7115e82","12-87cd8085dbe0345f57a1beb1bc4f6166","1120433","کردستان","Kordestān","بیجار","Bijār","مرکزی","Markazi","","","نجف آباد","Najaf Ābād","زینل خان","Zeynal Khān","Zaynāḷ Khān","Masoud Mohammadirad, field notes 2015","139","","","","Central Kurdish 100%","Masoud Mohammadirad, field notes 2015",35.721747540785515,47.30973126914021,""
"","2c896fbee6fcbe3f5d786d4cc7115be9","12-7557dad8ab2a22635ca82ae9f9928acb","1120434","کردستان","Kordestān","بیجار","Bijār","مرکزی","Markazi","","","نجف آباد","Najaf Ābād","شیرکش سفلی","Shirkosh-e Soflā","Shirkosh Khwār","Masoud Mohammadirad, field notes 2015","141","","","","Central Kurdish 100%","Masoud Mohammadirad, field notes 2015",35.68977084340164,47.379384707949946,""
"","2c896fbee6fcbe3f5d786d4cc7114c5e","12-428cd4f97f6e5981562419d49fe73a9e","1120435","کردستان","Kordestān","بیجار","Bijār","مرکزی","Markazi","","","نجف آباد","Najaf Ābād","شیرکش علیا","Shirkosh-e Olyā","Shirkosh Zhür","Masoud Mohammadirad, field notes 2015","207","","","","Central Kurdish 100%","Masoud Mohammadirad, field notes 2015",35.68095576306581,47.292497993450304,""
"","2c896fbee6fcbe3f5d786d4cc711498e","12-e9309673aec07d54cd06e3b742ce74fe","1120436","کردستان","Kordestān","بیجار","Bijār","مرکزی","Markazi","","","نجف آباد","Najaf Ābād","علی آباد","Ali Ābād","Aliyāwā","Masoud Mohammadirad, field notes 2015","89","","","","Central Kurdish 100%","Masoud Mohammadirad, field notes 2015",35.7493280348633,47.34562153688064,""
"","2c896fbee6fcbe3f5d786d4cc711412d","12-709fa4c5f83483a4bd144c0b640d4f65","1120437","کردستان","Kordestān","بیجار","Bijār","مرکزی","Markazi","","","نجف آباد","Najaf Ābād","قشلاق لو","Qeshlāqlu","Qeshlākhlu","Masoud Mohammadirad, field notes 2015","44","","","","Central Kurdish 100%","Masoud Mohammadirad, field notes 2015",35.79587382840557,47.283808292092466,""
"","2c896fbee6fcbe3f5d786d4cc7113775","12-817cc90e08eb7989b5bad7999387482f","1120438","کردستان","Kordestān","بیجار","Bijār","مرکزی","Markazi","","","نجف آباد","Najaf Ābād","گوندگ","Gavandeg","Gawandak","Masoud Mohammadirad, field notes 2015","22","","","","Central Kurdish 100%","Masoud Mohammadirad, field notes 2015",35.77191865986271,47.373929570819215,""
"","2c896fbee6fcbe3f5d786d4cc7112804","12-e9197b9ca83ad65dcfd738f88e1ffd40","1120439","کردستان","Kordestān","بیجار","Bijār","مرکزی","Markazi","","","نجف آباد","Najaf Ābād","امیر آباد","Amir Ābād","Amirāwā","Masoud Mohammadirad, field notes 2015","149","","","","Central Kurdish 100%","Masoud Mohammadirad, field notes 2015",35.89051669792814,47.297344204095495,""
"","2c896fbee6fcbe3f5d786d4cc711d4eb","12-2c7ddd866105ae35e4bfa184e0658f3d","1120440","کردستان","Kordestān","بیجار","Bijār","مرکزی","Markazi","","","نجف آباد","Najaf Ābād","تپه محمدی","Tappeh Mohammadi","Tapa Mahmai","Masoud Mohammadirad, field notes 2015","156","","","","Central Kurdish 100%","Masoud Mohammadirad, field notes 2015",35.84832273465157,47.296855243495585,""
"","2c896fbee6fcbe3f5d786d4cc711ccb2","12-1472dd9acba41a7032dcc3f7b9c1568a","1120441","کردستان","Kordestān","بیجار","Bijār","مرکزی","Markazi","","","نجف آباد","Najaf Ābād","حصارسفید","Hesār Sefid","Hesār Charmu","Masoud Mohammadirad, field notes 2015","242","","","","Central Kurdish 100%","Masoud Mohammadirad, field notes 2015",35.7986414628547,47.18291139361799,""
"","2c896fbee6fcbe3f5d786d4cc711c413","12-c8ee9d0da520b41f8833e5e4414841fd","1120442","کردستان","Kordestān","بیجار","Bijār","مرکزی","Markazi","","","نجف آباد","Najaf Ābād","درویش خاکی","Darvish Khāki","Dawrēsh Khāki","Masoud Mohammadirad, field notes 2015","113","","","","Central Kurdish 100%","Masoud Mohammadirad, field notes 2015",35.855084685554445,47.23465143582763,""
"","2c896fbee6fcbe3f5d786d4cc711bdf9","10-be150ca3dbb359045eabb681151a4424","1120443","کردستان","Kordestān","بیجار","Bijār","مرکزی","Markazi","","","نجف آباد","Najaf Ābād","کانی کن","Kāni Kon","Kāni Kōn","Masoud Mohammadirad, field notes 2015","233","","","","Central Kurdish 100%","Masoud Mohammadirad, field notes 2015","","",""
"","2c896fbee6fcbe3f5d786d4cc711ae54","10-70057686d3603172b0a55217591c1d32","1120444","کردستان","Kordestān","بیجار","Bijār","مرکزی","Markazi","","","نجف آباد","Najaf Ābād","کلک","Kelak","KeỊāk","Masoud Mohammadirad, field notes 2015"," ","(less than 3 households; population not specified in 2011 Census for reasons of privacy)","","","Central Kurdish 100%","Masoud Mohammadirad, field notes 2015","","",""
"","2c896fbee6fcbe3f5d786d4cc711a3a9","12-11b9c225f1ecc5c7239ae9b388e353d7","1120445","کردستان","Kordestān","بیجار","Bijār","مرکزی","Markazi","","","نجف آباد","Najaf Ābād","مبارک آباد","Mobārak Ābād","Mowārakāwā","Masoud Mohammadirad, field notes 2015","60","","","","Central Kurdish 100%","Masoud Mohammadirad, field notes 2015",35.74236696815822,47.23206677028299,""
"","2c896fbee6fcbe3f5d786d4cc711999f","12-fe0b8b3cbd748396a6e0a87b9b6db20a","1120446","کردستان","Kordestān","بیجار","Bijār","مرکزی","Markazi","","","نجف آباد","Najaf Ābād","نجف آباد","Najaf Ābād","Najafāwā","Masoud Mohammadirad, field notes 2015","557","","","","Central Kurdish 100%","Masoud Mohammadirad, field notes 2015",35.79374987101115,47.23862850760316,""
"","2c896fbee6fcbe3f5d786d4cc7119851","12-10f69ad51db4f92f4b077c5189382dbb","1120447","کردستان","Kordestān","بیجار","Bijār","مرکزی","Markazi","","","نجف آباد","Najaf Ābād","نوبهار","Now Bahār","Nawbahār","Masoud Mohammadirad, field notes 2015","287","","","","Central Kurdish 100%","Masoud Mohammadirad, field notes 2015",35.79879678054881,47.20527692294855,""
"","2c896fbee6fcbe3f5d786d4cc7118ef0","10-dbcef6b4927f3e5f50f3ec549b65bceb","1120448","کردستان","Kordestān","بیجار","Bijār","مرکزی","Markazi","","","سیاه منصور","Siāh Mansur","","","","","3291","","","","","","","",""
"","2c896fbee6fcbe3f5d786d4cc71189be","12-580d69a27c140d36124eacd9b6b032aa","1120449","کردستان","Kordestān","بیجار","Bijār","مرکزی","Markazi","","","سیاه منصور","Siāh Mansur","آب باریک","Āb Bārik","Āw Bārik","Masoud Mohammadirad, field notes 2015","117","","","","Southern Kurdish 100%","Masoud Mohammadirad, field notes 2015",36.18229384483397,47.41798877484763,""
"","2c896fbee6fcbe3f5d786d4cc7122fdb","12-68a56534d37f54019130bf1d5abc31a9","1120450","کردستان","Kordestān","بیجار","Bijār","مرکزی","Markazi","","","سیاه منصور","Siāh Mansur","اوچ گل","Uch Gel","Üsh Göl","Masoud Mohammadirad, field notes 2015","92","","","","Turkic 100%","Masoud Mohammadirad, field notes 2015",36.227257132265905,47.440572483443354,""
"","2c896fbee6fcbe3f5d786d4cc71220aa","12-f4a394a96f3519acbf9e6b1d28ca055e","1120451","کردستان","Kordestān","بیجار","Bijār","مرکزی","Markazi","","","سیاه منصور","Siāh Mansur","جعفر آباد","Ja'far Ābād","Jāferāwā","Masoud Mohammadirad, field notes 2015","694","","","","Central Kurdish 60%; Turkic 40%","Masoud Mohammadirad, field notes 2015",36.19374329441291,47.29031289704296,""
"","2c896fbee6fcbe3f5d786d4cc712168b","12-f3e726834eba9101911bcd5fe157102c","1120452","کردستان","Kordestān","بیجار","Bijār","مرکزی","Markazi","","","سیاه منصور","Siāh Mansur","حسن آباد چاروق","Hoseyn Ābād-e Chāruq","Chārekh","Masoud Mohammadirad, field notes 2015","104","","","","Turkic 100%","Masoud Mohammadirad, field notes 2015",36.193779179873424,47.52716400935593,""
"","2c896fbee6fcbe3f5d786d4cc712109b","12-7cec6a4d040ef7bf1896c925a7e7cc24","1120453","کردستان","Kordestān","بیجار","Bijār","مرکزی","Markazi","","","سیاه منصور","Siāh Mansur","حسین آباد","Hoseyn Ābād","Hosaynāwā","Masoud Mohammadirad, field notes 2015","124","","","","Central Kurdish 100%","Masoud Mohammadirad, field notes 2015",36.21692655108501,47.33008738100212,""
"","2c896fbee6fcbe3f5d786d4cc7120ea3","12-818fba5f5d04b2ca0052a11d8e626742","1120454","کردستان","Kordestān","بیجار","Bijār","مرکزی","Markazi","","","سیاه منصور","Siāh Mansur","خوش مقام","Khosh Maqām","Khoshmaqām","Masoud Mohammadirad, field notes 2015","436","","","","Central Kurdish 51%; Turkic 49%","Masoud Mohammadirad, field notes 2015",36.16432805363534,47.351426283044106,""
"","2c896fbee6fcbe3f5d786d4cc7120155","12-6a2980657e2126af144a57442ab072c2","1120455","کردستان","Kordestān","بیجار","Bijār","مرکزی","Markazi","","","سیاه منصور","Siāh Mansur","علیشاه","Ali Shāh","Ālishā","Masoud Mohammadirad, field notes 2015","70","","","","Turkic 100%","Masoud Mohammadirad, field notes 2015",36.20306197044347,47.47943696781595,""
"","2c896fbee6fcbe3f5d786d4cc711f258","12-0808961cbc1cab76cb8914487280eda2","1120456","کردستان","Kordestān","بیجار","Bijār","مرکزی","Markazi","","","سیاه منصور","Siāh Mansur","علی آباد","Ali Ābād","Aliyāwā","Masoud Mohammadirad, field notes 2015","246","","","","Southern Kurdish 100%","Masoud Mohammadirad, field notes 2015",36.138986294548644,47.42746878730708,""
"","2c896fbee6fcbe3f5d786d4cc711e6fc","12-572b0037685eca5f3fb5f94b1dbdba7b","1120457","کردستان","Kordestān","بیجار","Bijār","مرکزی","Markazi","","","سیاه منصور","Siāh Mansur","قاوشق","Qāvshoq","Qāshekh","Masoud Mohammadirad, field notes 2015","58","","","","Turkic 100%","Masoud Mohammadirad, field notes 2015",36.243317392293044,47.42329655382496,""
"","2c896fbee6fcbe3f5d786d4cc711e3c8","14-12f184f7e8924ad8ef3a2c32eb01e45b","1120458","کردستان","Kordestān","بیجار","Bijār","مرکزی","Markazi","","","سیاه منصور","Siāh Mansur","قزل بلاغ","Qezel Bolāgh","Qezel Bolākh","Masoud Mohammadirad, field notes 2015","169","","","","Central Kurdish 90%; Turkic 10%","Masoud Mohammadirad, field notes 2015",36.23449706794014,47.249823580277486,""
"","2c896fbee6fcbe3f5d786d4cc711dcf3","12-e385b9ffb579540146639ce60af8b7ba","1120459","کردستان","Kordestān","بیجار","Bijār","مرکزی","Markazi","","","سیاه منصور","Siāh Mansur","کوتان سفلی","Kutān-e Soflā","Kutān","Masoud Mohammadirad, field notes 2015","114","","","","Central Kurdish 100%","Masoud Mohammadirad, field notes 2015",36.241079646451276,47.231171360167565,""
"","2c896fbee6fcbe3f5d786d4cc7128e4c","12-63813642a323c815cb73f085cabc2a86","1120460","کردستان","Kordestān","بیجار","Bijār","مرکزی","Markazi","","","سیاه منصور","Siāh Mansur","گل بلاغ","Gol Bolāgh","Gül Bolākh","Masoud Mohammadirad, field notes 2015","180","","","","Turkic 100%","Masoud Mohammadirad, field notes 2015",36.162896327173755,47.40768771951107,""
"","2c896fbee6fcbe3f5d786d4cc71283df","12-bf711de56ba66fe12df10d4ce15f6e46","1120461","کردستان","Kordestān","بیجار","Bijār","مرکزی","Markazi","","","سیاه منصور","Siāh Mansur","مدک","Madek","Madek","Masoud Mohammadirad, field notes 2015","79","","","","Turkic 100%","Masoud Mohammadirad, field notes 2015",36.20855785019319,47.509480401400374,""
"","2c896fbee6fcbe3f5d786d4cc7127d38","14-1a0f2e811ad7e20cbca6f14ddfb15ae0","1120462","کردستان","Kordestān","بیجار","Bijār","مرکزی","Markazi","","","سیاه منصور","Siāh Mansur","میدان مظفرخان","Meydān Mozafar Khān","Maydān ","Masoud Mohammadirad, field notes 2015","209","","","","Turkic 100%","Masoud Mohammadirad, field notes 2015",36.246712888744234,47.33649744804803,""
"","2c896fbee6fcbe3f5d786d4cc712720b","12-b31096bd863003feb9b29a899cb24383","1120463","کردستان","Kordestān","بیجار","Bijār","مرکزی","Markazi","","","سیاه منصور","Siāh Mansur","ینگی کند","Yengi Kand","Yayn Kan","Masoud Mohammadirad, field notes 2015"," ","(less than 3 households; population not specified in 2011 Census for reasons of privacy)","","","Turkic 100%","Masoud Mohammadirad, field notes 2015",36.210061458735105,47.45374952318498,""
"","2c896fbee6fcbe3f5d786d4cc7126d6d","12-9951cd5ea9f6fb4d4b3fc32676b98948","1120464","کردستان","Kordestān","بیجار","Bijār","مرکزی","Markazi","","","سیاه منصور","Siāh Mansur","آغبلاغ علی اکبر خان","Āghbolāgh-e Ali Akbar Khān","Āghbolākh","Masoud Mohammadirad, field notes 2015","135","","","","Central Kurdish 100%","Masoud Mohammadirad, field notes 2015",36.10177466900119,47.54674254314699,""
"","2c896fbee6fcbe3f5d786d4cc7125f0e","12-afec2f7d77dcf7a98f18ef5fbe931ecc","1120465","کردستان","Kordestān","بیجار","Bijār","مرکزی","Markazi","","","سیاه منصور","Siāh Mansur","قره بلاغ میانکوه","Qareh Bolāgh-e Miān Kuh","Qara Bolākh","Masoud Mohammadirad, field notes 2015","57","","","","Central Kurdish 100%","Masoud Mohammadirad, field notes 2015",36.08042313788807,47.52765739006588,""
"","2c896fbee6fcbe3f5d786d4cc7125470","12-522dc9b4a7ee187c33836dcd0c6e30d2","1120466","کردستان","Kordestān","بیجار","Bijār","مرکزی","Markazi","","","سیاه منصور","Siāh Mansur","کچه گنبد","Kacheh Gonbad","Kacha Gōmad","Masoud Mohammadirad, field notes 2015","393","","","","Central Kurdish 100%","Masoud Mohammadirad, field notes 2015",36.19060717591268,47.22567107148195,""
"","2c896fbee6fcbe3f5d786d4cc71246cd","16-4e55f3aaddfab2f3f91f22b0276b1203","1120467","کردستان","Kordestān","بیجار","Bijār","مرکزی","Markazi","بیجار","Bijār","","","","","Bijār","Masoud Mohammadirad, field notes 2015","47926","","","","Southern Kurdish 90%; Central Kurdish 7.9%; Tehrāni type Persian 2%; Aramaic 0.1%","Masoud Mohammadirad, field notes 2015; Erik Anonby, field notes 2014",35.87073,47.6049,""
"","2c896fbee6fcbe3f5d786d4cc7123ea9","10-de58e1bf8ef85d6a6bca58e07af33558","1120468","کردستان","Kordestān","سقز","Saqqez","","","","","","","","","","","210820","","","","","","","",""
"","2c896fbee6fcbe3f5d786d4cc7123252","10-5bb4c1b6d7ae7749a1a3a01dc4dc1d2f","1120469","کردستان","Kordestān","سقز","Saqqez","زیویه","Zivieh","","","","","","","","","28158","","","","","","","",""
"","2c896fbee6fcbe3f5d786d4cc712e8ea","10-0a1f81d3700ca5f962f1e5607ea5b1cf","1120470","کردستان","Kordestān","سقز","Saqqez","زیویه","Zivieh","","","امام","Emām","","","","","4075","","","","","","","",""
"","2c896fbee6fcbe3f5d786d4cc712e004","14-7f0b18382db6c3577defcb2e9a56264d","1120471","کردستان","Kordestān","سقز","Saqqez","زیویه","Zivieh","","","امام","Emām","پارسانیان","Pārsāniān","Pārsāniyān","Masoud Mohammadirad, field notes 2015","312","","","","Central Kurdish 100%","Masoud Mohammadirad, field notes 2015",36.1826923122199,46.644878626893195,""
"","2c896fbee6fcbe3f5d786d4cc712d431","12-595563c3d95a07a1d4dc5627c3f5e07c","1120472","کردستان","Kordestān","سقز","Saqqez","زیویه","Zivieh","","","امام","Emām","چاپان سفلی","Chāpān-e Soflā","Chāpān Khwārō, Chāpān Khwāru","Masoud Mohammadirad, field notes 2015","142","","","","Central Kurdish 100%","Masoud Mohammadirad, field notes 2015",36.187298824404074,46.59310478821742,""
"","2c896fbee6fcbe3f5d786d4cc712c631","12-dbbb7b974d0b4a2bf6f7bbd6b51a9c46","1120473","کردستان","Kordestān","سقز","Saqqez","زیویه","Zivieh","","","امام","Emām","سیاه دره","Siāh Darreh","Siyāyar","Masoud Mohammadirad, field notes 2015","42","","","","Central Kurdish 100%","Masoud Mohammadirad, field notes 2015",36.178161435317726,46.71027225551227,""
"","2c896fbee6fcbe3f5d786d4cc712bdf4","12-18d60c3b9ab99c991cddd633065a82b3","1120474","کردستان","Kordestān","سقز","Saqqez","زیویه","Zivieh","","","امام","Emām","قاضی خان","Qāzi Khān","Qāzi Khān","Masoud Mohammadirad, field notes 2015","27","","","","Central Kurdish 100%","Masoud Mohammadirad, field notes 2015",36.18723040485657,46.69064714400905,""
"","2c896fbee6fcbe3f5d786d4cc712b972","14-8d7ed69dae102c1d7e700be1cd1bc444","1120475","کردستان","Kordestān","سقز","Saqqez","زیویه","Zivieh","","","امام","Emām","اینچکه","Inchkeh","Inchka","Masoud Mohammadirad, field notes 2015","121","","","","Central Kurdish 100%","Masoud Mohammadirad, field notes 2015",36.18669473050738,46.571200269910484,""
"","2c896fbee6fcbe3f5d786d4cc712b307","16-fe815c88bba903f98ab7e3a7d19da1ee","1120476","کردستان","Kordestān","سقز","Saqqez","زیویه","Zivieh","","","امام","Emām","تیکانلو","Tikānlu","Tikānlu","Masoud Mohammadirad, field notes 2015","108","","","","Central Kurdish 100%","Masoud Mohammadirad, field notes 2015",36.243935432274476,46.64821529490841,""
"","2c896fbee6fcbe3f5d786d4cc712b063","14-b81e8a6332d082e98b607d3f86bf1a04","1120477","کردستان","Kordestān","سقز","Saqqez","زیویه","Zivieh","","","امام","Emām","قره گل","Qareh Gel","Qaraweḷ","Masoud Mohammadirad, field notes 2015","52","","","","Central Kurdish 100%","Masoud Mohammadirad, field notes 2015",36.21052377774395,46.59019271421772,""
"","2c896fbee6fcbe3f5d786d4cc712a974","14-3232657b8f80b8ad43659ca02a520591","1120478","کردستان","Kordestān","سقز","Saqqez","زیویه","Zivieh","","","امام","Emām","گلزارعلیا","Golzār-e Olyā","Gōzḷu","Masoud Mohammadirad, field notes 2015","285","","","","Central Kurdish 100%","Masoud Mohammadirad, field notes 2015",36.21199,46.66421,""
"","2c896fbee6fcbe3f5d786d4cc7129dce","14-d3c0db914d729531ee3267101b16297e","1120479","کردستان","Kordestān","سقز","Saqqez","زیویه","Zivieh","","","امام","Emām","ایراب","Irāb","Ērāw","Masoud Mohammadirad, field notes 2015","125","","","","Central Kurdish 100%","Masoud Mohammadirad, field notes 2015",36.111191321566054,46.66422481708193,""
"","2c896fbee6fcbe3f5d786d4cc71341b1","12-0df72eede5fea172eeec958bb03928c6","1120480","کردستان","Kordestān","سقز","Saqqez","زیویه","Zivieh","","","امام","Emām","تمبربیگ","Tamber Beyg","Tamerwō","Masoud Mohammadirad, field notes 2015","225","","","","Central Kurdish 100%","Masoud Mohammadirad, field notes 2015",36.1234636220124,46.615451528362144,""
"","2c896fbee6fcbe3f5d786d4cc71333ad","14-dbc6255f3b7b912dfef8287f535202da","1120481","کردستان","Kordestān","سقز","Saqqez","زیویه","Zivieh","","","امام","Emām","جنیان","Jeniān","Jenyān","Masoud Mohammadirad, field notes 2015","464","","","","Central Kurdish 100%","Masoud Mohammadirad, field notes 2015",36.135070068711805,46.63345292412868,""
"","2c896fbee6fcbe3f5d786d4cc7132573","12-4f923177ae6d809700d9b011b8d23c08","1120482","کردستان","Kordestān","سقز","Saqqez","زیویه","Zivieh","","","امام","Emām","چاپان علیا","Chāpān-e Olyā","Chāpān Sarō","Masoud Mohammadirad, field notes 2015","170","","","","Central Kurdish 100%","Masoud Mohammadirad, field notes 2015",36.16481849655674,46.5763071958751,""
"","2c896fbee6fcbe3f5d786d4cc71322b5","12-84fcde9feba16b0cc1b77c62911b0d4d","1120483","کردستان","Kordestān","سقز","Saqqez","زیویه","Zivieh","","","امام","Emām","چناره","Chenāreh","Chenāra","Masoud Mohammadirad, field notes 2015","73","","","","Central Kurdish 100%","Masoud Mohammadirad, field notes 2015",36.14423575253653,46.572122949812886,""
"","2c896fbee6fcbe3f5d786d4cc71318b1","12-eb7615435578ce95dff28445f0253c24","1120484","کردستان","Kordestān","سقز","Saqqez","زیویه","Zivieh","","","امام","Emām","سیف آباد","Seyf Ābād","Sayfāwā","Masoud Mohammadirad, field notes 2015","128","","","","Central Kurdish 100%","Masoud Mohammadirad, field notes 2015",36.115656980776514,46.54858388350179,""
"","2c896fbee6fcbe3f5d786d4cc7131679","12-0aaf3df7ac8b3c27a15e9c102e376401","1120485","کردستان","Kordestān","سقز","Saqqez","زیویه","Zivieh","","","امام","Emām","ضامن آباد","Zāmen Ābād","Zāmnāwā","Masoud Mohammadirad, field notes 2015","85","","","","Central Kurdish 100%","Masoud Mohammadirad, field notes 2015",36.107446848072705,46.62768240146799,""
"","2c896fbee6fcbe3f5d786d4cc7130ce0","14-c82d70178be485c09924b75ef7a4f692","1120486","کردستان","Kordestān","سقز","Saqqez","زیویه","Zivieh","","","امام","Emām","قلعه گاه کورکور","Qal'egāh-e Kowrkowr","Qaḷāy Kōrkōr","Masoud Mohammadirad, field notes 2015","34","","","","Central Kurdish 100%","Masoud Mohammadirad, field notes 2015",36.15898284943197,46.6716031222264,""
"","2c896fbee6fcbe3f5d786d4cc7130615","12-bc22f7a05e7a628936bd5a8dc4797a35","1120487","کردستان","Kordestān","سقز","Saqqez","زیویه","Zivieh","","","امام","Emām","قوخ","Qavakh","Qawakh","Masoud Mohammadirad, field notes 2015"," ","(less than 3 households; population not specified in 2011 Census for reasons of privacy)","","","Central Kurdish 100%","Masoud Mohammadirad, field notes 2015",36.14232890878651,46.611207189957135,""
"","2c896fbee6fcbe3f5d786d4cc7130070","12-c4bb8ea980f23c11752b8cc9ecb92016","1120488","کردستان","Kordestān","سقز","Saqqez","زیویه","Zivieh","","","امام","Emām","نور آباد","Nur Ābād","Shāshāḷ","Masoud Mohammadirad, field notes 2015","122","","","","Central Kurdish 100%","Masoud Mohammadirad, field notes 2015",36.130618478748346,46.58967978040807,""
"","2c896fbee6fcbe3f5d786d4cc712f8b8","14-1eaee6ff56d41fd979d1152bc3885f2f","1120489","کردستان","Kordestān","سقز","Saqqez","زیویه","Zivieh","","","امام","Emām","خانه میران","Khāneh Mirān","Hāna Mirān","Masoud Mohammadirad, field notes 2015","224","","","","Central Kurdish 100%","Masoud Mohammadirad, field notes 2015",36.14373248343213,46.55760592501081,""
"","2c896fbee6fcbe3f5d786d4cc7138f95","12-aade993e90b0a24416d4a117a24beed0","1120490","کردستان","Kordestān","سقز","Saqqez","زیویه","Zivieh","","","امام","Emām","رستمان","Rostamān","Rōsāmān","Masoud Mohammadirad, field notes 2015","142","","","","Central Kurdish 100%","Masoud Mohammadirad, field notes 2015",36.10946845378515,46.49931706832309,""
"","2c896fbee6fcbe3f5d786d4cc7138ee2","16-dcbac2e30638b6ea61aa9f4b2c314154","1120491","کردستان","Kordestān","سقز","Saqqez","زیویه","Zivieh","","","امام","Emām","شیخله","Sheykhaleh","Shēkhaḷē","Masoud Mohammadirad, field notes 2015","114","","","","Central Kurdish 100%","Masoud Mohammadirad, field notes 2015",36.122313003241686,46.526310819844824,""
"","2c896fbee6fcbe3f5d786d4cc7138cbc","12-dcd86504b19b1db9aa1054094ff0d62d","1120492","کردستان","Kordestān","سقز","Saqqez","زیویه","Zivieh","","","امام","Emām","کندولان","Kandulān","Kanōlān","Masoud Mohammadirad, field notes 2015","130","","","","Central Kurdish 100%","Masoud Mohammadirad, field notes 2015",36.111912537848696,46.43656760078041,""
"","2c896fbee6fcbe3f5d786d4cc713859f","18-580a7cc179c1cc3a623702e0dcb249e3","1120493","کردستان","Kordestān","سقز","Saqqez","زیویه","Zivieh","","","امام","Emām","سنته","Senateh","Senata","Masoud Mohammadirad, field notes 2015","945","","","","Central Kurdish 100%","Masoud Mohammadirad, field notes 2015",36.17101998122442,46.55377664015367,""
"","2c896fbee6fcbe3f5d786d4cc71383ac","13-6ad2b610369e1c8c46c118ca8cafcc60","1120494","کردستان","Kordestān","سقز","Saqqez","زیویه","Zivieh","","","تیلکو","Tileku","","","","","4950","","","","","","","",""
"","2c896fbee6fcbe3f5d786d4cc71377f7","13-0e45fff6bc101aa7cc72f7c9463de16c","1120495","کردستان","Kordestān","سقز","Saqqez","زیویه","Zivieh","","","تیلکو","Tileku","احمدمرده","Ahmad Mardeh","Ahmaw Marda","Masoud Mohammadirad, field notes 2015","112","","","","Central Kurdish 100%","Masoud Mohammadirad, field notes 2015",36.14698906780802,46.713242770253615,""
"","2c896fbee6fcbe3f5d786d4cc7136aa2","14-6b4a9499aa72358ef4fb6caa7d0e7972","1120496","کردستان","Kordestān","سقز","Saqqez","زیویه","Zivieh","","","تیلکو","Tileku","ایلو","Ilu","Ilo ","Masoud Mohammadirad, field notes 2015","273","","","","Central Kurdish 100%","Masoud Mohammadirad, field notes 2015",36.16695613236058,46.75110483270346,""
"","2c896fbee6fcbe3f5d786d4cc7136873","13-ff6e8b6d00a7e4e27f0c595ea19faaee","1120497","کردستان","Kordestān","سقز","Saqqez","زیویه","Zivieh","","","تیلکو","Tileku","تیلکو","Tileku","Tilakō","Masoud Mohammadirad, field notes 2015","1093","","","","Central Kurdish 100%","Masoud Mohammadirad, field notes 2015",36.14033513786933,46.747145892197544,""
"","2c896fbee6fcbe3f5d786d4cc7135bf2","13-e9235a47ba7e9d0c77032ba9766b416d","1120498","کردستان","Kordestān","سقز","Saqqez","زیویه","Zivieh","","","تیلکو","Tileku","دوله سیر","Dowleh Sir","Dōḷa Sir","Masoud Mohammadirad, field notes 2015","78","","","","Central Kurdish 100%","Masoud Mohammadirad, field notes 2015",36.155868759028685,46.69311547380863,""
"","2c896fbee6fcbe3f5d786d4cc7134cc1","16-2db2bdf2f2753ccf05110d8286bb4690","1120499","کردستان","Kordestān","سقز","Saqqez","زیویه","Zivieh","","","تیلکو","Tileku","صالح آباد","Sāleh Ābād","Sāḷhāwā","Masoud Mohammadirad, field notes 2015","77","","","","Central Kurdish 100%","Masoud Mohammadirad, field notes 2015",36.168480523562614,46.793076039363726,""
"","2c896fbee6fcbe3f5d786d4cc713ef54","13-d1c2606feaa66f852967ce4cd030c2ea","1120500","کردستان","Kordestān","سقز","Saqqez","زیویه","Zivieh","","","تیلکو","Tileku","ملاسالار","Mollā Sālār","Malā Sālār","Masoud Mohammadirad, field notes 2015","165","","","","Central Kurdish 100%","Masoud Mohammadirad, field notes 2015",36.19598376032041,46.75164127450691,""
"","2c896fbee6fcbe3f5d786d4cc713e231","13-883bb200590e840a7f1c176860b5c003","1120501","کردستان","Kordestān","سقز","Saqqez","زیویه","Zivieh","","","تیلکو","Tileku","برده رشه","Bardeh Rasheh","Barda Ṛasha","Masoud Mohammadirad, field notes 2015","136","","","","Central Kurdish 100%","Masoud Mohammadirad, field notes 2015",36.19639935229134,46.847138644260795,""
"","2c896fbee6fcbe3f5d786d4cc713db87","13-b03cde60645e4909c08ce9435ff8a69a","1120502","کردستان","Kordestān","سقز","Saqqez","زیویه","Zivieh","","","تیلکو","Tileku","چالگاه","Chālgāh","Chāḷya","Masoud Mohammadirad, field notes 2015","50","","","","Central Kurdish 100%","Masoud Mohammadirad, field notes 2015",36.12182809430683,46.82237380842967,""
"","2c896fbee6fcbe3f5d786d4cc713d26d","14-9dd968b164faf20474c030a85062065a","1120503","کردستان","Kordestān","سقز","Saqqez","زیویه","Zivieh","","","تیلکو","Tileku","شریف آباد","Sharif Ābād","Sharifāwā","Masoud Mohammadirad, field notes 2015","78","","","","Central Kurdish 100%","Masoud Mohammadirad, field notes 2015",36.16050745639027,46.84250378708419,""
"","2c896fbee6fcbe3f5d786d4cc713c47b","13-d4bb2fb3a5094e118e32e9934b1d5bf4","1120504","کردستان","Kordestān","سقز","Saqqez","زیویه","Zivieh","","","تیلکو","Tileku","شمه","Shamseh","Shamsa","Masoud Mohammadirad, field notes 2015","377","","","","Central Kurdish 100%","Masoud Mohammadirad, field notes 2015",36.104871352420005,46.74567529383571,""
"","2c896fbee6fcbe3f5d786d4cc713bc77","14-70d591f21251e52c111f6fd15aedb690","1120505","کردستان","Kordestān","سقز","Saqqez","زیویه","Zivieh","","","تیلکو","Tileku","علی مرده","Ali Mardeh","Ali Marda","Masoud Mohammadirad, field notes 2015","164","","","","Central Kurdish 100%","Masoud Mohammadirad, field notes 2015",36.19742966453799,46.80547857384767,""
"","2c896fbee6fcbe3f5d786d4cc713b36c","13-2e0cb8ffdf64958bbc168c0e1a2a661e","1120506","کردستان","Kordestān","سقز","Saqqez","زیویه","Zivieh","","","تیلکو","Tileku","قادر آباد","Qāder Ābād","Qārāwā","Masoud Mohammadirad, field notes 2015","183","","","","Central Kurdish 100%","Masoud Mohammadirad, field notes 2015",36.162833198542835,46.81557440857789,""
"","2c896fbee6fcbe3f5d786d4cc713ad02","13-ebc03f7be00765e37bda86ae374a0623","1120507","کردستان","Kordestān","سقز","Saqqez","زیویه","Zivieh","","","تیلکو","Tileku","قلعه گاه خلیفه","Qal'egāh-e Khalifeh","Qaḷā","Masoud Mohammadirad, field notes 2015"," ","(less than 3 households; population not specified in 2011 Census for reasons of privacy)","","","Central Kurdish 100%","Masoud Mohammadirad, field notes 2015",36.193100530284894,46.80702352623989,""
"","2c896fbee6fcbe3f5d786d4cc713a1d3","12-9e4364135f31e14e146165da7f81d19a","1120508","کردستان","Kordestān","سقز","Saqqez","زیویه","Zivieh","","","تیلکو","Tilekuh","قلعه گاه شریف","Qal'egāh-e Sharif","Qaḷā Ali Marda","Masoud Mohammadirad, field notes 2015","165","","","","Central Kurdish 100%","Masoud Mohammadirad, field notes 2015",36.192806140463915,46.80414819817631,""
"","2c896fbee6fcbe3f5d786d4cc7139e65","13-c9b4b8affe743b523df917d71d578b9b","1120509","کردستان","Kordestān","سقز","Saqqez","زیویه","Zivieh","","","تیلکو","Tileku","کانی سرخ","Kāni Sorkh","Kāni Sur","Masoud Mohammadirad, field notes 2015","213","","","","Central Kurdish 100%","Masoud Mohammadirad, field notes 2015",36.21447546779695,46.81340718369408,""
"","2c896fbee6fcbe3f5d786d4cc7144db2","13-537b57989a32cffe4e2048f16e29730a","1120510","کردستان","Kordestān","سقز","Saqqez","زیویه","Zivieh","","","تیلکو","Tileku","کانی سیدشکره","Kāni Sayyed Shokreh","Kāni Say Shokra","Masoud Mohammadirad, field notes 2015","54","","","","Central Kurdish 100%","Masoud Mohammadirad, field notes 2015",36.1540019415661,46.80924439530368,""
"","2c896fbee6fcbe3f5d786d4cc7143e06","13-b6659a12044dd0dbb3dd087c94100eed","1120511","کردستان","Kordestān","سقز","Saqqez","زیویه","Zivieh","","","تیلکو","Tileku","میر آباد","Mir Ābād","Mirāwā","Masoud Mohammadirad, field notes 2015","83","","","","Central Kurdish 100%","Masoud Mohammadirad, field notes 2015",36.11441582115406,46.77527690034251,""
"","2c896fbee6fcbe3f5d786d4cc714320d","13-08564daac2a102e58b5b206e14fe25e5","1120512","کردستان","Kordestān","سقز","Saqqez","زیویه","Zivieh","","","تیلکو","Tileku","ایوب","Ayub","Hawi","Masoud Mohammadirad, field notes 2015","161","","","","Central Kurdish 100%","Masoud Mohammadirad, field notes 2015",36.09542368957686,46.65113353831471,""
"","2c896fbee6fcbe3f5d786d4cc7142257","13-c493990c37d78c77639fa98a3b6e2acc","1120513","کردستان","Kordestān","سقز","Saqqez","زیویه","Zivieh","","","تیلکو","Tileku","باشماق","Bāshmāq","Bāshmākh","Masoud Mohammadirad, field notes 2015","760","","","","Central Kurdish 100%","Masoud Mohammadirad, field notes 2015",36.070469495668235,46.710421086371824,""
"","2c896fbee6fcbe3f5d786d4cc7141a5e","13-f5eb57e5a4a988f3bd4c0ad58039c73d","1120514","کردستان","Kordestān","سقز","Saqqez","زیویه","Zivieh","","","تیلکو","Tileku","تازه آباد","Tāzeh Ābād","Tāzāwā","Masoud Mohammadirad, field notes 2015","187","","","","Central Kurdish 100%","Masoud Mohammadirad, field notes 2015",36.06856162198761,46.75282144647377,""
"","2c896fbee6fcbe3f5d786d4cc7140bac","13-72ba5edf5c6f1e3fd0df5585ff2fe7f6","1120515","کردستان","Kordestān","سقز","Saqqez","زیویه","Zivieh","","","تیلکو","Tileku","تخت","Takht","Takht","Masoud Mohammadirad, field notes 2015","192","","","","Central Kurdish 100%","Masoud Mohammadirad, field notes 2015",36.08625103929737,46.626392842364936,""
"","2c896fbee6fcbe3f5d786d4cc714068a","14-2799c47fda5c65316bfc86f5c3ac146d","1120516","کردستان","Kordestān","سقز","Saqqez","زیویه","Zivieh","","","تیلکو","Tileku","تیمان قلعه","Timān Qal'eh","Tēman Qaḷā","Masoud Mohammadirad, field notes 2015","106","","","","Central Kurdish 100%","Masoud Mohammadirad, field notes 2015",36.101846073693416,46.698436228671774,""
"","2c896fbee6fcbe3f5d786d4cc7140227","13-a434dbdd4ae372b5d083448d937e558c","1120517","کردستان","Kordestān","سقز","Saqqez","زیویه","Zivieh","","","تیلکو","Tileku","قلعه جقه","Qal'eh Jeqeh","Qaḷā Chekha","Masoud Mohammadirad, field notes 2015","226","","","","Central Kurdish 100%","Masoud Mohammadirad, field notes 2015",36.12255390045348,46.69036889177775,""
"","2c896fbee6fcbe3f5d786d4cc713fff7","11-468c9f0aecd3adf80037ee73cae5ac76","1120518","کردستان","Kordestān","سقز","Saqqez","زیویه","Zivieh","","","خورخوره","Khorkhoreh","","","","","6074","","","","","","","",""
"","2c896fbee6fcbe3f5d786d4cc713f901","14-dd920309be26998bd336e53776818481","1120519","کردستان","Kordestān","سقز","Saqqez","زیویه","Zivieh","","","خورخوره","Khorkhoreh","خورخوره","Khorkhoreh","Khorkhora","Masoud Mohammadirad, field notes 2015","329","","","","Central Kurdish 100%","Masoud Mohammadirad, field notes 2015",36.06590074342759,46.486481470562815,""
"","2c896fbee6fcbe3f5d786d4cc7149f57","17-6c092ad36901872256135eb380aae8f7","1120520","کردستان","Kordestān","سقز","Saqqez","زیویه","Zivieh","","","خورخوره","Khorkhoreh","دره تفی","Darreh Tefi","Dara Tefa","Masoud Mohammadirad, field notes 2015","179","","","","Central Kurdish 100%","Masoud Mohammadirad, field notes 2015",36.06260172849441,46.54456048705155,""
"","2c896fbee6fcbe3f5d786d4cc7149022","14-bc8716a0af17ae0d4d1e842d8e5523dd","1120521","کردستان","Kordestān","سقز","Saqqez","زیویه","Zivieh","","","خورخوره","Khorkhoreh","دره قبله","Darreh Qebleh","Dara Qōḷa","Masoud Mohammadirad, field notes 2015","211","","","","Central Kurdish 100%","Masoud Mohammadirad, field notes 2015",36.09099390291311,46.531011040260594,""
"","2c896fbee6fcbe3f5d786d4cc7148be4","14-9ce0d7cfae2e925b3783a8545d5aa785","1120522","کردستان","Kordestān","سقز","Saqqez","زیویه","Zivieh","","","خورخوره","Khorkhoreh","دولت قلعه","Dowlat Qal'eh","Dawra Qaḷā","Masoud Mohammadirad, field notes 2015","492","","","","Central Kurdish 100%","Masoud Mohammadirad, field notes 2015",36.02681916697265,46.55386918915319,""
"","2c896fbee6fcbe3f5d786d4cc7148610","14-ea0b56b03d6a8f89616b0c9433079008","1120523","کردستان","Kordestān","سقز","Saqqez","زیویه","Zivieh","","","خورخوره","Khorkhoreh","قتلو","Qotlu","Qotlu","Masoud Mohammadirad, field notes 2015","50","","","","Central Kurdish 100%","Masoud Mohammadirad, field notes 2015",36.093125102255996,46.49920587012758,""
"","2c896fbee6fcbe3f5d786d4cc7148377","16-d73760d15fb3f9dbb237912f215152bd","1120524","کردستان","Kordestān","سقز","Saqqez","زیویه","Zivieh","","","خورخوره","Khorkhoreh","قشلاق آقاگوره","Qeshlāq Āqā Gowreh","Qeshlākh Āghā Gawra","Masoud Mohammadirad, field notes 2015","343","","","","Central Kurdish 100%","Masoud Mohammadirad, field notes 2015",36.04590458036247,46.5230813572634,""
"","2c896fbee6fcbe3f5d786d4cc7147b3c","16-bb466ff111f0b9a513960711b1a3d584","1120525","کردستان","Kordestān","سقز","Saqqez","زیویه","Zivieh","","","خورخوره","Khorkhoreh","جعفرخان","Ja'far Khān","Jāfer Khān","Masoud Mohammadirad, field notes 2015","304","","","","Central Kurdish 100%","Masoud Mohammadirad, field notes 2015",36.01844434051743,46.70498877262793,""
"","2c896fbee6fcbe3f5d786d4cc7147060","14-81c97fa5ea78507d03b71cc095f97f8d","1120526","کردستان","Kordestān","سقز","Saqqez","زیویه","Zivieh","","","خورخوره","Khorkhoreh","چنارتو","Chenārtu","Chenārtu","Masoud Mohammadirad, field notes 2015","124","","","","Central Kurdish 100%","Masoud Mohammadirad, field notes 2015",36.02751656688497,46.64859419650057,""
"","2c896fbee6fcbe3f5d786d4cc71465dc","15-96b3dcc980ae90ce7b82c62fd51905b3","1120527","کردستان","Kordestān","سقز","Saqqez","زیویه","Zivieh","","","خورخوره","Khorkhoreh","خوشینان","Khoshinān","Khōshēnān","Masoud Mohammadirad, field notes 2015","86","","","","Central Kurdish 100%","Masoud Mohammadirad, field notes 2015",36.07330428342972,46.56129318003394,""
"","2c896fbee6fcbe3f5d786d4cc7146224","14-4120c2f568e6563892d69af4346af86f","1120528","کردستان","Kordestān","سقز","Saqqez","زیویه","Zivieh","","","خورخوره","Khorkhoreh","دره شیخان","Darreh Sheykhān","Dara Shēkhān","Masoud Mohammadirad, field notes 2015","54","","","","Central Kurdish 100%","Masoud Mohammadirad, field notes 2015",36.02926499169199,46.607031990987146,""
"","2c896fbee6fcbe3f5d786d4cc7145a14","16-7485ea30a3b29e1fb9f831dd74e4e4c6","1120529","کردستان","Kordestān","سقز","Saqqez","زیویه","Zivieh","","","خورخوره","Khorkhoreh","سرخ موسی","Sorkh Musā","Sermusa","Masoud Mohammadirad, field notes 2015","174","","","","Central Kurdish 100%","Masoud Mohammadirad, field notes 2015",36.00844230313401,46.61846194021376,""
"","2c896fbee6fcbe3f5d786d4cc714ecb5","15-afb3b5b33eef4e5dfdbf0829e7163de8","1120530","کردستان","Kordestān","سقز","Saqqez","زیویه","Zivieh","","","خورخوره","Khorkhoreh","قهر آباد سلیمان","Qahr Ābād-e Soleymān","Qārāwāy Selemān","Masoud Mohammadirad, field notes 2015","396","","","","Central Kurdish 100%","Masoud Mohammadirad, field notes 2015",36.02228608332281,46.57257404308543,""
"","2c896fbee6fcbe3f5d786d4cc714e248","16-3cb5d6a7344fdaf8c54fe73b06f685e8","1120531","کردستان","Kordestān","سقز","Saqqez","زیویه","Zivieh","","","خورخوره","Khorkhore","گاو کچ سفلی","Gāv Kach-e Soflā","Gāwa Kach Khwārō","Masoud Mohammadirad, field notes 2015","46","","","","Central Kurdish 100%","Masoud Mohammadirad, field notes 2015",36.01888156528195,46.6589597460416,""
"","2c896fbee6fcbe3f5d786d4cc714d7c9","14-8f5ac1fb4f46e0b803ee5d371632c52c","1120532","کردستان","Kordestān","سقز","Saqqez","زیویه","Zivieh","","","خورخوره","Khorkhoreh","گاو کچ علیا","Gāv Kach-e Olyā","Gāwa Kach Sarō","Masoud Mohammadirad, field notes 2015","108","","","","Central Kurdish 100%","Masoud Mohammadirad, field notes 2015",35.99177245095557,46.69146924305071,""
"","2c896fbee6fcbe3f5d786d4cc714ce4d","20-f60b5c37e50947b5979a5b4a6d1378be","1120533","کردستان","Kordestān","سقز","Saqqez","زیویه","Zivieh","","","خورخوره","Khorkhoreh","درویان سفلی","Daraviān-e Soflā","Darawyān Khwārō","Masoud Mohammadirad, field notes 2015","130","","","","Central Kurdish 100%","Masoud Mohammadirad, field notes 2015",35.94917537213371,46.54005772958269,""
"","2c896fbee6fcbe3f5d786d4cc714c86c","20-120a77308b805f51da8fe238d6b0a805","1120534","کردستان","Kordestān","سقز","Saqqez","زیویه","Zivieh","","","خورخوره","Khorkhoreh","درویان علیا","Daraviān-e Olyā","Darawyān Sarō","Masoud Mohammadirad, field notes 2015","385","","","","Central Kurdish 100%","Masoud Mohammadirad, field notes 2015",35.93525144721154,46.46064288508059,""
"","2c896fbee6fcbe3f5d786d4cc714bbe9","14-b0c98925a2d1f92523d04df7abb0ad57","1120535","کردستان","Kordestān","سقز","Saqqez","زیویه","Zivieh","","","خورخوره","Khorkhoreh","دره هوان","Darreh Havān","Dara Hawān","Masoud Mohammadirad, field notes 2015","214","","","","Central Kurdish 100%","Masoud Mohammadirad, field notes 2015",35.91235471326689,46.53056032564501,""
"","2c896fbee6fcbe3f5d786d4cc714bb92","16-731a916f4d4f0ddb1fa4753a74951752","1120536","کردستان","Kordestān","سقز","Saqqez","زیویه","Zivieh","","","خورخوره","Khorkhoreh","سوله","Suleh","Sōḷa","Masoud Mohammadirad, field notes 2015","107","","","","Central Kurdish 100%","Masoud Mohammadirad, field notes 2015",35.88384512911982,46.49772345406617,""
"","2c896fbee6fcbe3f5d786d4cc714b4b5","15-42f4aad68ab6c5faba0e7c82fea61f3f","1120537","کردستان","Kordestān","سقز","Saqqez","زیویه","Zivieh","","","خورخوره","Khorkhoreh","مولان آباد","Mowlān Ābād","Mawlānāwā","Masoud Mohammadirad, field notes 2015","583","","","","Central Kurdish 100%","Masoud Mohammadirad, field notes 2015",36.03495722439306,46.40838389583491,""
"","2c896fbee6fcbe3f5d786d4cc714b3cf","16-51cf87ae7fd704144de6f4a161dced67","1120538","کردستان","Kordestān","سقز","Saqqez","زیویه","Zivieh","","","خورخوره","Khorkhoreh","سرنجداخ","Serenjdākh","Serenjākh ","Masoud Mohammadirad, field notes 2015","117","","","","Central Kurdish 100%","Masoud Mohammadirad, field notes 2015",36.03497023833464,46.40833561607221,""
"","2c896fbee6fcbe3f5d786d4cc714a826","16-892b5fe9e80d569103a22a498433bea6","1120539","کردستان","Kordestān","سقز","Saqqez","زیویه","Zivieh","","","خورخوره","Khorkhoreh","قامیشله","Qāmishaleh","Qāmishaḷa ","Masoud Mohammadirad, field notes 2015","119","","","","Central Kurdish 100%","Masoud Mohammadirad, field notes 2015",35.96528363671535,46.40407415683071,""
"","2c896fbee6fcbe3f5d786d4cc71530c1","18-113dba54bb8d7bbdc372f9579171edd7","1120540","کردستان","Kordestān","سقز","Saqqez","زیویه","Zivieh","","","خورخوره","Khorkhoreh","قره بغره","Qareh Boghreh","Qara Boghra","Masoud Mohammadirad, field notes 2015","193","","","","Central Kurdish 100%","Masoud Mohammadirad, field notes 2015",35.98697679824493,46.41026570855708,""
"","2c896fbee6fcbe3f5d786d4cc7152ec7","16-6361115af3aa2b62725a8ae7b2bd4d46","1120541","کردستان","Kordestān","سقز","Saqqez","زیویه","Zivieh","","","خورخوره","Khorkhoreh","قشلاق مله","Qeshlāq-e Meleh","Qeshlākhi Mela","Masoud Mohammadirad, field notes 2015","111","","","","Central Kurdish 100%","Masoud Mohammadirad, field notes 2015",36.076369794389294,46.45171178381598,""
"","2c896fbee6fcbe3f5d786d4cc715248e","14-839da0a335366a2307600a4e4db6eda2","1120542","کردستان","Kordestān","سقز","Saqqez","زیویه","Zivieh","","","خورخوره","Khorkhoreh","کانی سید","Kāni Sayyed","Kāni Sa'i","Masoud Mohammadirad, field notes 2015","77","","","","Central Kurdish 100%","Masoud Mohammadirad, field notes 2015",36.04345495688281,46.454597840715,""
"","2c896fbee6fcbe3f5d786d4cc7151c1d","18-91caa03114a02b13dbd60077f8fdce2d","1120543","کردستان","Kordestān","سقز","Saqqez","زیویه","Zivieh","","","خورخوره","Khorkhoreh","ماهیدرسفلی","Māhidar-e Soflā","Māsiyar Khwārō","Masoud Mohammadirad, field notes 2015","315","","","","Central Kurdish 100%","Masoud Mohammadirad, field notes 2015",36.01364523393192,46.51233106353341,""
"","2c896fbee6fcbe3f5d786d4cc7151651","14-6a233573bd6ea947ca3deae3f58dd220","1120544","کردستان","Kordestān","سقز","Saqqez","زیویه","Zivieh","","","خورخوره","Khorkhoreh","ماهیدرعلیا","Māhidar-e Olyā","Māsiyar Sarō","Masoud Mohammadirad, field notes 2015","624","","","","Central Kurdish 100%","Masoud Mohammadirad, field notes 2015",36.003652330339676,46.46717208803167,""
"","2c896fbee6fcbe3f5d786d4cc7150bbb","12-3f79af71736e4a729b61be57e2e71dfb","1120545","کردستان","Kordestān","سقز","Saqqez","زیویه","Zivieh","","","خورخوره","Khorkhore","مله","Meleh","Mela","Masoud Mohammadirad, field notes 2015","189","","","","Central Kurdish 100%","Masoud Mohammadirad, field notes 2015",36.05171302768676,46.453031430650086,""
"","2c896fbee6fcbe3f5d786d4cc714feae","14-7ae03bd677659582aee9b32a7fde02d3","1120546","کردستان","Kordestān","سقز","Saqqez","زیویه","Zivieh","","","خورخوره","Khorkhoreh","موسم آباد","Musem Ābād","Musemāwā","Masoud Mohammadirad, field notes 2015"," ","(less than 3 households; population not specified in 2011 Census for reasons of privacy)","","","Central Kurdish 100%","Masoud Mohammadirad, field notes 2015",35.99520866099118,46.47667200756655,""
"","2c896fbee6fcbe3f5d786d4cc714fc6b","10-24e936460e2a15fb3c79fc7baabdb9d8","1120547","کردستان","Kordestān","سقز","Saqqez","زیویه","Zivieh","","","گل تپه","Gol Tappeh","","","","","6607","","","","","","","",""
"","2c896fbee6fcbe3f5d786d4cc714f08e","14-62d4d232d811d0ddb6a581f13e520bea","1120548","کردستان","Kordestān","سقز","Saqqez","زیویه","Zivieh","","","گل تپه","Gol Tappeh","ایاغچی","Āyāghchi","Āyakhchi","Masoud Mohammadirad, field notes 2015","142","","","","Central Kurdish 100%","Masoud Mohammadirad, field notes 2015",36.38982,46.77266,""
"","2c896fbee6fcbe3f5d786d4cc714f051","12-fb72b20cff74b21f002c392d972ecf3b","1120549","کردستان","Kordestān","سقز","Saqqez","زیویه","Zivieh","","","گل تپه","Gol Tappeh","خوش قشلاق","Khosh Qeshlāq","Khosh Qeshlākh","Masoud Mohammadirad, field notes 2015","274","","","","Central Kurdish 100%","Masoud Mohammadirad, field notes 2015",36.38819481947465,46.731061267569444,""
"","2c896fbee6fcbe3f5d786d4cc7157e24","12-851af0271e4931b31aec4f69e4b597e4","1120550","کردستان","Kordestān","سقز","Saqqez","زیویه","Zivieh","","","گل تپه","Gol Tappeh","فیض آباد","Feyz Ābād","Fayzāwā","Masoud Mohammadirad, field notes 2015","124","","","","Central Kurdish 100%","Masoud Mohammadirad, field notes 2015",36.410868237073736,46.78154084729583,""
"","2c896fbee6fcbe3f5d786d4cc715701e","12-bf5c59aeb96c246df9bd08f3254c047e","1120551","کردستان","Kordestān","سقز","Saqqez","زیویه","Zivieh","","","گل تپه","Gol Tappeh","کوچه طلا","Kucheh Talā","Kucha Taḷā","Masoud Mohammadirad, field notes 2015","195","","","","Southern Kurdish 100%","Masoud Mohammadirad, field notes 2015",36.38740348067153,46.81958974326829,""
"","2c896fbee6fcbe3f5d786d4cc71565bd","12-71d6600adb095e2e7ca3a2bf5a5bd20e","1120552","کردستان","Kordestān","سقز","Saqqez","زیویه","Zivieh","","","گل تپه","Gol Tappeh","دره پنبه دان","Darreh Panbedān","Dara Pamān","Masoud Mohammadirad, field notes 2015","258","","","","Southern Kurdish 51%; Central Kurdish 49%","Masoud Mohammadirad, field notes 2015",36.33263981720898,46.815915631951526,""
"","2c896fbee6fcbe3f5d786d4cc7155f40","12-5c17b1b3d41f40f19d7b3224677e7d41","1120553","کردستان","Kordestān","سقز","Saqqez","زیویه","Zivieh","","","گل تپه","Gol Tappeh","قاشق","Qāshoq","Qāshokh","Masoud Mohammadirad, field notes 2015","98","","","","Southern Kurdish 100%","Masoud Mohammadirad, field notes 2015",36.4032388176445,46.85065560310789,""
"","2c896fbee6fcbe3f5d786d4cc7155b9b","12-3034fb681c89c05aa2b75ebafe02ded2","1120554","کردستان","Kordestān","سقز","Saqqez","زیویه","Zivieh","","","گل تپه","Gol Tappeh","کروز","Keruz","Keruz","Masoud Mohammadirad, field notes 2015","114","","","","Southern Kurdish 100%","Masoud Mohammadirad, field notes 2015",36.37639593917131,46.856985616382104,""
"","2c896fbee6fcbe3f5d786d4cc7155310","12-9cb1a938e603a579ff80c2c45819c910","1120555","کردستان","Kordestān","سقز","Saqqez","زیویه","Zivieh","","","گل تپه","Gol Tappeh","کوپه قران","Kupeh Qerrān","Kupa Qeṛān ","Masoud Mohammadirad, field notes 2015","149","","","","Southern Kurdish 60%; Central Kurdish 40%","Masoud Mohammadirad, field notes 2015",36.36841383678872,46.88041739433323,""
"","2c896fbee6fcbe3f5d786d4cc7154960","12-d055f921bafa61ff483850a259df3582","1120556","کردستان","Kordestān","سقز","Saqqez","زیویه","Zivieh","","","گل تپه","Gol Tappeh","میرسعید","Mir Sa'id","Mir Sa'i","Masoud Mohammadirad, field notes 2015","93","","","","Southern Kurdish 51%; Central Kurdish 49%","Masoud Mohammadirad, field notes 2015",36.34781553925068,46.855311917957216,""
"","2c896fbee6fcbe3f5d786d4cc71543e7","12-deb84df36bdc99ccf62910549dc17f35","1120557","کردستان","Kordestān","سقز","Saqqez","زیویه","Zivieh","","","گل تپه","Gol Tappeh","بالاقلو","Bālāqolu","Bāḷāqoḷu ","Masoud Mohammadirad, field notes 2015","64","","","","Central Kurdish 100%","Masoud Mohammadirad, field notes 2015",36.39782826648617,46.62592397138531,""
"","2c896fbee6fcbe3f5d786d4cc7153633","12-699a757c5b061ee8fe8a595cf64c260a","1120558","کردستان","Kordestān","سقز","Saqqez","زیویه","Zivieh","","","گل تپه","Gol Tappeh","پچه سور","Pacheh Sur","Pacha Sur","Masoud Mohammadirad, field notes 2015","37","","","","Central Kurdish 100%","Masoud Mohammadirad, field notes 2015",36.379436524639225,46.58788495037448,""
"","2c896fbee6fcbe3f5d786d4cc71533f7","12-9a14eba7e2e37b3dcc846d32fdceb5a9","1120559","کردستان","Kordestān","سقز","Saqqez","زیویه","Zivieh","","","گل تپه","Gol Tappeh","حاجی حسن","Hāji Hasan","Hājiyasan","Masoud Mohammadirad, field notes 2015","116","","","","Central Kurdish 100%","Masoud Mohammadirad, field notes 2015",36.360309955765395,46.71981744738054,""
"","2c896fbee6fcbe3f5d786d4cc715ceea","12-9ea4ec0d941885a3bfc7cee625598956","1120560","کردستان","Kordestān","سقز","Saqqez","زیویه","Zivieh","","","گل تپه","Gol Tappeh","حسن آباد قاشق","Hasan Ābād-e Qāshoq","Hasanāwāy Qāshokh","Masoud Mohammadirad, field notes 2015","59","","","","Central Kurdish 100%","Masoud Mohammadirad, field notes 2015",36.38653955299665,46.54709184011104,""
"","2c896fbee6fcbe3f5d786d4cc715ce1a","12-d4510be1e488568470f63b232397bd0e","1120561","کردستان","Kordestān","سقز","Saqqez","زیویه","Zivieh","","","گل تپه","Gol Tappeh","طومارقامیش","Tumār Qāmish","Tōmār Qāmish","Masoud Mohammadirad, field notes 2015","363","","","","Central Kurdish 100%","Masoud Mohammadirad, field notes 2015",36.37002068947232,46.628279018132574,""
"","2c896fbee6fcbe3f5d786d4cc715bf50","12-2c1c33ed6ceed8c8597472b9f26045bf","1120562","کردستان","Kordestān","سقز","Saqqez","زیویه","Zivieh","","","گل تپه","Gol Tappeh","کانی سفید","Kāni Sefid","Kāni Sepi","Masoud Mohammadirad, field notes 2015","159","","","","Central Kurdish 100%","Masoud Mohammadirad, field notes 2015",36.34438484028647,46.746542978000555,""
"","2c896fbee6fcbe3f5d786d4cc715b171","12-c7c33c078194e8739005f8047011f168","1120563","کردستان","Kordestān","سقز","Saqqez","زیویه","Zivieh","","","گل تپه","Gol Tappeh","گل تپه","Gol Tappeh","Kōḷ Tapa","Masoud Mohammadirad, field notes 2015","1230","","","","Central Kurdish 100%","Masoud Mohammadirad, field notes 2015",36.362717693646196,46.66985747286424,""
"","2c896fbee6fcbe3f5d786d4cc715a97f","12-76c5002920eb42b286e02f07911139a6","1120564","کردستان","Kordestān","سقز","Saqqez","زیویه","Zivieh","","","گل تپه","Gol Tappeh","اخضر آباد","Akhzar Ābād","Azgharāwā","Masoud Mohammadirad, field notes 2015","103","","","","Central Kurdish 100%","Masoud Mohammadirad, field notes 2015",36.33355623247497,46.67813758874539,""
"","2c896fbee6fcbe3f5d786d4cc715a4de","12-a1e93fbfc54bf8defeb3ccc18262b2d8","1120565","کردستان","Kordestān","سقز","Saqqez","زیویه","Zivieh","","","گل تپه","Gol Tappeh","آلیار","Āliār","Ālyār ","Masoud Mohammadirad, field notes 2015","119","","","","Central Kurdish 70%; Southern Kurdish 30%","Masoud Mohammadirad, field notes 2015",36.331256916507336,46.79857783288196,""
"","2c896fbee6fcbe3f5d786d4cc715a269","12-b790f428f9e1d82ade16c54b13bd06df","1120566","کردستان","Kordestān","سقز","Saqqez","زیویه","Zivieh","","","گل تپه","Gol Tappeh","باشبلاغ","Bāsh Bolāgh","Bāshḷākh","Masoud Mohammadirad, field notes 2015","277","","","","Central Kurdish 100%","Masoud Mohammadirad, field notes 2015",36.31763403295518,46.75922446222079,""
"","2c896fbee6fcbe3f5d786d4cc7159bf8","12-c987dcf54fcebc9c09ef35f63c490544","1120567","کردستان","Kordestān","سقز","Saqqez","زیویه","Zivieh","","","گل تپه","Gol Tappeh","برچم","Barcham","Barcham","Masoud Mohammadirad, field notes 2015","142","","","","Central Kurdish 100%","Masoud Mohammadirad, field notes 2015",36.32104023421119,46.66784863496706,""
"","2c896fbee6fcbe3f5d786d4cc7159102","14-39ed4583fda041df89a02c5fe359d3d6","1120568","کردستان","Kordestān","سقز","Saqqez","زیویه","Zivieh","","","گل تپه","Gol Tappeh","چوملو","Chumelu","Chōmaḷu ","Masoud Mohammadirad, field notes 2015","436","","","","Central Kurdish 100%","Masoud Mohammadirad, field notes 2015",36.32495,46.62994,""
"","2c896fbee6fcbe3f5d786d4cc7158a6a","13-988029db5432c8283bff840016c7a5b3","1120569","کردستان","Kordestān","سقز","Saqqez","زیویه","Zivieh","","","گل تپه","Gol Tappeh","رحیم آباد","Rahim Ābād","Rahimāwā","Masoud Mohammadirad, field notes 2015","104","","","","Central Kurdish 100%","Masoud Mohammadirad, field notes 2015",36.33421411252203,46.70075840859155,""
"","2c896fbee6fcbe3f5d786d4cc716379b","12-26c69a14499a29dea6008d7bf729bb3f","1120570","کردستان","Kordestān","سقز","Saqqez","زیویه","Zivieh","","","گل تپه","Gol Tappeh","کریم آباد آیاغچی","Karim Ābād-e Āyāghchi","Karimāwāy Āyakhchi","Masoud Mohammadirad, field notes 2015","110","","","","Central Kurdish 100%","Masoud Mohammadirad, field notes 2015",36.34009556922925,46.765543632804366,""
"","2c896fbee6fcbe3f5d786d4cc716311a","12-fba117ec77603d2d2dd1ce45492c2a61","1120571","کردستان","Kordestān","سقز","Saqqez","زیویه","Zivieh","","","گل تپه","Gol Tappeh","یرقول","Yorqowl","Yorqōḷ ","Masoud Mohammadirad, field notes 2015","349","","","","Central Kurdish 100%","Masoud Mohammadirad, field notes 2015",36.30176071646685,46.7015033242286,""
"","2c896fbee6fcbe3f5d786d4cc716230a","12-9a1cd65699bc9148461fb93658c26c1d","1120572","کردستان","Kordestān","سقز","Saqqez","زیویه","Zivieh","","","گل تپه","Gol Tappeh","ابوالمؤمن","Ab-ol-Mo'men","Awlmomen","Masoud Mohammadirad, field notes 2015","83","","","","Central Kurdish 100%","Masoud Mohammadirad, field notes 2015",36.284638812714604,46.71733908625048,""
"","2c896fbee6fcbe3f5d786d4cc7161fa2","12-e50366700735176b0949a12496cefa3e","1120573","کردستان","Kordestān","سقز","Saqqez","زیویه","Zivieh","","","گل تپه","Gol Tappeh","دالو","Dālu","Dālu ","Masoud Mohammadirad, field notes 2015","142","","","","Central Kurdish 100%","Masoud Mohammadirad, field notes 2015",36.270170629073625,46.60948303338103,""
"","2c896fbee6fcbe3f5d786d4cc7160fd1","12-9d827a3e8f661a959f5947c895eb09ea","1120574","کردستان","Kordestān","سقز","Saqqez","زیویه","Zivieh","","","گل تپه","Gol Tappeh","زیویه","Zivieh","Zēwya","Masoud Mohammadirad, field notes 2015","258","","","","Central Kurdish 100%","Masoud Mohammadirad, field notes 2015",36.26267927807651,46.68766791560675,""
"","2c896fbee6fcbe3f5d786d4cc71601ab","12-b3a9ee62ae20e8c4e4ff2d9c1fcdf1d8","1120575","کردستان","Kordestān","سقز","Saqqez","زیویه","Zivieh","","","گل تپه","Gol Tappeh","سولاکان","Sulākān","Sulākān ","Masoud Mohammadirad, field notes 2015","55","","","","Central Kurdish 100%","Masoud Mohammadirad, field notes 2015",36.27605915318362,46.769910382934434,""
"","2c896fbee6fcbe3f5d786d4cc715f668","12-3100face82873e5124fdbc781e4b5014","1120576","کردستان","Kordestān","سقز","Saqqez","زیویه","Zivieh","","","گل تپه","Gol Tappeh","قپلانتو","Qaplāntu","Qapḷāntu","Masoud Mohammadirad, field notes 2015","619","","","","Central Kurdish 100%","Masoud Mohammadirad, field notes 2015",36.23990747170997,46.724796720571156,""
"","2c896fbee6fcbe3f5d786d4cc715e6ae","12-2887b509bd35a2093a207d70b2e29d9c","1120577","کردستان","Kordestān","سقز","Saqqez","زیویه","Zivieh","","","گل تپه","Gol Tappeh","قره ناو","Qareh Nāv","Qara Nāw","Masoud Mohammadirad, field notes 2015","91","","","","Central Kurdish 100%","Masoud Mohammadirad, field notes 2015",36.29062325873747,46.65747218104629,""
"","2c896fbee6fcbe3f5d786d4cc715e0f2","12-2f0eff0d1fe57af0d5683dfe7b0e8592","1120578","کردستان","Kordestān","سقز","Saqqez","زیویه","Zivieh","","","گل تپه","Gol Tappeh","کردکند","Kord Kand","Kōṛkan","Masoud Mohammadirad, field notes 2015","244","","","","Central Kurdish 100%","Masoud Mohammadirad, field notes 2015",36.26242662591649,46.73626475305678,""
"","2c896fbee6fcbe3f5d786d4cc715ddf0","10-e905889845109f34d94bfdf48be6b233","1120579","کردستان","Kordestān","سقز","Saqqez","زیویه","Zivieh","","","صاحب","Sāheb","","","","","4158","","","","","","","",""
"","2c896fbee6fcbe3f5d786d4cc7169a47","14-dc15ef409cbdc34002fcdbc727a4466e","1120580","کردستان","Kordestān","سقز","Saqqez","زیویه","Zivieh","","","صاحب","Sāheb","کاکه سیاب","Kākeh Siāb","Kāka Siyāw","Masoud Mohammadirad, field notes 2015","278","","","","Central Kurdish 100%","Masoud Mohammadirad, field notes 2015",36.17372414070889,46.46236102686454,""
"","2c896fbee6fcbe3f5d786d4cc7168d0d","12-affaaeea1cd30749038449b8f251899c","1120581","کردستان","Kordestān","سقز","Saqqez","زیویه","Zivieh","","","صاحب","Sāheb","درگاه سلیمان","Dargāh-e Soleymān","Dāya Solaymān","Masoud Mohammadirad, field notes 2015","272","","","","Central Kurdish 100%","Masoud Mohammadirad, field notes 2015",36.176010518929935,46.40420804202722,""
"","2c896fbee6fcbe3f5d786d4cc7167d3f","14-a97af9d0dfd3f03c31a25db52ac49e3a","1120582","کردستان","Kordestān","سقز","Saqqez","زیویه","Zivieh","","","صاحب","Sāheb","دره اسمعیله","Darreh Esma'ileh","Dara Esmāyla","Masoud Mohammadirad, field notes 2015","241","","","","Central Kurdish 100%","Masoud Mohammadirad, field notes 2015",36.1497433743486,46.426919621664204,""
"","2c896fbee6fcbe3f5d786d4cc71676ce","14-ee5659b3e124bb20e0cf4a49d05a75cc","1120583","کردستان","Kordestān","سقز","Saqqez","زیویه","Zivieh","","","صاحب","Sāheb","دره وزان سفلی","Darreh Vazān-e Soflā","Darawzān Khwārō","Masoud Mohammadirad, field notes 2015","154","","","","Central Kurdish 100%","Masoud Mohammadirad, field notes 2015",36.154399999335624,46.46993196981797,""
"","2c896fbee6fcbe3f5d786d4cc7166b42","14-fbe2f7481c9cd697b39a30e1a320ae9b","1120584","کردستان","Kordestān","سقز","Saqqez","زیویه","Zivieh","","","صاحب","Sāheb","دره وزان علیا","Darreh Vazān-e Olyā","Darawzān Sarō","Masoud Mohammadirad, field notes 2015","77","","","","Central Kurdish 100%","Masoud Mohammadirad, field notes 2015",36.12118827468931,46.40484504147533,""
"","2c896fbee6fcbe3f5d786d4cc71668ec","14-7b1983e5f0fb5a92de87d48ad8b15b54","1120585","کردستان","Kordestān","سقز","Saqqez","زیویه","Zivieh","","","صاحب","Sāheb","قلعه جقه","Qal'eh Jeqeh","Qaḷā Chekha","Masoud Mohammadirad, field notes 2015","108","","","","Central Kurdish 100%","Masoud Mohammadirad, field notes 2015",36.14060348525832,46.390465568424446,""
"","2c896fbee6fcbe3f5d786d4cc7165fbb","12-c1371d53159fd6d25a8bebea2001dcc4","1120586","کردستان","Kordestān","سقز","Saqqez","زیویه","Zivieh","","","صاحب","Sāheb","کمنتو","Kamantu","Kamantu","Masoud Mohammadirad, field notes 2015","229","","","","Central Kurdish 100%","Masoud Mohammadirad, field notes 2015",36.191259048723225,46.35835299671373,""
"","2c896fbee6fcbe3f5d786d4cc716518c","12-9741d0882b708b2f2c635afbcc5fa38a","1120587","کردستان","Kordestān","سقز","Saqqez","زیویه","Zivieh","","","صاحب","Sāheb","آدینان","Ādinān","Āwēnān","Masoud Mohammadirad, field notes 2015","243","","","","Central Kurdish 100%","Masoud Mohammadirad, field notes 2015",36.20913386329762,46.42748425185386,""
"","2c896fbee6fcbe3f5d786d4cc71646c0","12-2789be1e2b9c1b87941f212dc941488d","1120588","کردستان","Kordestān","سقز","Saqqez","زیویه","Zivieh","","","صاحب","Sāheb","خانقاه شیخ","Khāneqāh-e Sheykh","Khānaqāy Shēkh","Masoud Mohammadirad, field notes 2015","83","","","","Central Kurdish 100%","Masoud Mohammadirad, field notes 2015",36.22436390555708,46.476388980010675,""
"","2c896fbee6fcbe3f5d786d4cc71645bc","12-5527f341a963981c86306c7aa930a2f4","1120589","کردستان","Kordestān","سقز","Saqqez","زیویه","Zivieh","","","صاحب","Sāheb","تیز آباد","Tiz Ābād","Tizāwā","Masoud Mohammadirad, field notes 2015","123","","","","Central Kurdish 100%","Masoud Mohammadirad, field notes 2015",36.23955204264727,46.471821166864245,""
"","2c896fbee6fcbe3f5d786d4cc7170059","12-0b94329bff984cb2f883c5a37b0d7b96","1120590","کردستان","Kordestān","سقز","Saqqez","زیویه","Zivieh","","","صاحب","Sāheb","چیچی خوار","Chichi Khovār","Chich Khwār","Masoud Mohammadirad, field notes 2015","124","","","","Central Kurdish 100%","Masoud Mohammadirad, field notes 2015",36.26230276364022,46.590219237183085,""
"","2c896fbee6fcbe3f5d786d4cc716f104","12-045538ec504b01801dec484206be4484","1120591","کردستان","Kordestān","سقز","Saqqez","زیویه","Zivieh","","","صاحب","Sāheb","علی آباد","Ali Ābād","Aliyāwā","Masoud Mohammadirad, field notes 2015","96","","","","Central Kurdish 100%","Masoud Mohammadirad, field notes 2015",36.25720724707044,46.54887030301622,""
"","2c896fbee6fcbe3f5d786d4cc716e287","12-437b0de5e175be45e73d9aebd149aadb","1120592","کردستان","Kordestān","سقز","Saqqez","زیویه","Zivieh","","","صاحب","Sāheb","اسلام آباد","Eslām Ābād","Eslāmāwā","Masoud Mohammadirad, field notes 2015","134","","","","Central Kurdish 100%","Masoud Mohammadirad, field notes 2015",36.289718302639606,46.65685492847255,""
"","2c896fbee6fcbe3f5d786d4cc716dc33","12-7f38f3c627735fa01685eaf654a64e35","1120593","کردستان","Kordestān","سقز","Saqqez","زیویه","Zivieh","","","صاحب","Sāheb","کریم آباد","Karim Ābād","Karimāwā","Masoud Mohammadirad, field notes 2015","304","","","","Central Kurdish 100%","Masoud Mohammadirad, field notes 2015",36.22930578276418,46.56829486069872,""
"","2c896fbee6fcbe3f5d786d4cc716d38d","12-e180a3d6231d8379d530dae2235d6095","1120594","کردستان","Kordestān","سقز","Saqqez","زیویه","Zivieh","","","صاحب","Sāheb","کیسلان","Kiselān","Kisaḷān","Masoud Mohammadirad, field notes 2015","89","","","","Central Kurdish 100%","Masoud Mohammadirad, field notes 2015",36.24502958010619,46.50427840705239,""
"","2c896fbee6fcbe3f5d786d4cc716c4f5","16-9a4afb953adef750913f734c0a89afa8","1120595","کردستان","Kordestān","سقز","Saqqez","زیویه","Zivieh","","","صاحب","Sāheb","لگزی","Lagzi","Lagzi","Masoud Mohammadirad, field notes 2015","305","","","","Central Kurdish 100%","Masoud Mohammadirad, field notes 2015",36.27991167911172,46.473723143985154,""
"","2c896fbee6fcbe3f5d786d4cc716b519","12-6002bc9cdb53c0c1ffceca05a7877050","1120596","کردستان","Kordestān","سقز","Saqqez","زیویه","Zivieh","","","صاحب","Sāheb","محمود آباد","Mahmud Ābād","Mahmuāwā","Masoud Mohammadirad, field notes 2015","55","","","","Central Kurdish 100%","Masoud Mohammadirad, field notes 2015",36.21230649223104,46.52740459546607,""
"","2c896fbee6fcbe3f5d786d4cc716aa79","16-4fa6c6b7ed603cf6260b4f56c471f18e","1120597","کردستان","Kordestān","سقز","Saqqez","زیویه","Zivieh","","","صاحب","Sāheb","چاغرلو","Chāgharlu","Chākhlu ","Masoud Mohammadirad, field notes 2015","310","","","","Central Kurdish 100%","Masoud Mohammadirad, field notes 2015",36.29245096339958,46.55199128484091,""
"","2c896fbee6fcbe3f5d786d4cc7169fbe","14-22e0a00c6abf9cc4cbcc0974bf7f7833","1120598","کردستان","Kordestān","سقز","Saqqez","زیویه","Zivieh","","","صاحب","Sāheb","خوشه دره","Khusheh Darreh","Khōshayara","Masoud Mohammadirad, field notes 2015","221","","","","Central Kurdish 100%","Masoud Mohammadirad, field notes 2015",36.3584624618087,46.55611626547574,""
"","2c896fbee6fcbe3f5d786d4cc7169a80","14-462b5f4254ab9d28e6428279eb115a94","1120599","کردستان","Kordestān","سقز","Saqqez","زیویه","Zivieh","","","صاحب","Sāheb","سید آباد","Sayyed Ābād","Sayāwā","Masoud Mohammadirad, field notes 2015","11","","","","Central Kurdish 100%","Masoud Mohammadirad, field notes 2015",36.338584746310545,46.5507252821859,""
"","2c896fbee6fcbe3f5d786d4cc7174ca7","22-f817dd424c124fdb01e33a7059adc563","1120600","کردستان","Kordestān","سقز","Saqqez","زیویه","Zivieh","","","صاحب","Sāheb","قشلاق رضا","Qeshlāq Rezā","Qeshḷākh Rezā","Masoud Mohammadirad, field notes 2015","159","","","","Central Kurdish 100%","Masoud Mohammadirad, field notes 2015",36.31944111395468,46.57957512234699,""
"","2c896fbee6fcbe3f5d786d4cc71743f4","14-486f01c77d901cc7f73fbf48671c6290","1120601","کردستان","Kordestān","سقز","Saqqez","زیویه","Zivieh","","","صاحب","Sāheb","قلعه کهنه","Qal'eh Kohneh","Qaḷā Kōn","Masoud Mohammadirad, field notes 2015","480","","","","Central Kurdish 100%","Masoud Mohammadirad, field notes 2015",36.294870201020494,46.51076573228766,""
"","2c896fbee6fcbe3f5d786d4cc717412e","14-206d6a0d22d04fa386b48036e0c39c2d","1120602","کردستان","Kordestān","سقز","Saqqez","زیویه","Zivieh","","","صاحب","Sāheb","یازی بلاغی","Yāzi Bolāghi","Yāzi Boḷākhi","Masoud Mohammadirad, field notes 2015","62","","","","Central Kurdish 100%","Masoud Mohammadirad, field notes 2015",36.35440797149789,46.58359178963781,""
"","2c896fbee6fcbe3f5d786d4cc7173a3d","12-2df9649ec4701637b34cb09b135d14fc","1120603","کردستان","Kordestān","سقز","Saqqez","زیویه","Zivieh","صاحب","Sāheb","","","","","Sāhēw","Masoud Mohammadirad, field notes 2015","2294","","","","Central Kurdish 100%","Masoud Mohammadirad, field notes 2015",36.20262178654316,46.46166112600042,""
"","2c896fbee6fcbe3f5d786d4cc7173645","10-e8ed864ec0f8ae3881e32f61c7bccc12","1120604","کردستان","Kordestān","سقز","Saqqez","مرکزی","Markazi","","","","","","","","","172521","","","","","","","",""
"","2c896fbee6fcbe3f5d786d4cc71732a1","10-137cfcf1b7d2e31719d3ea79ec559f88","1120605","کردستان","Kordestān","سقز","Saqqez","مرکزی","Markazi","","","ترجان","Torjān","","","","","4240","","","","","","","",""
"","2c896fbee6fcbe3f5d786d4cc717247e","13-ce98a3169243710454ead7d6e7315580","1120606","کردستان","Kordestān","سقز","Saqqez","مرکزی","Markazi","","","ترجان","Torjān","بغده کندی","Boghdeh Kandi","Bōghdakani","Masoud Mohammadirad, field notes 2015","450","","","","Central Kurdish 100%","Masoud Mohammadirad, field notes 2015",36.420621620186296,46.14952408032144,""
"","2c896fbee6fcbe3f5d786d4cc7171da9","12-e2962a3fef90d04cfd9712c0ba7b7ea6","1120607","کردستان","Kordestān","سقز","Saqqez","مرکزی","Markazi","","","ترجان","Torjān","بیگ اویسی","Beyg Oveysi","Bōga Basi","Masoud Mohammadirad, field notes 2015","380","","","","Central Kurdish 100%","Masoud Mohammadirad, field notes 2015",36.45522420816516,46.15198944038053,""
"","2c896fbee6fcbe3f5d786d4cc7170e7f","12-286f29bb3d97a02d9c6850b05f9c5681","1120608","کردستان","Kordestān","سقز","Saqqez","مرکزی","Markazi","","","ترجان","Torjān","قهر آباد سفلی","Qahr Ābād-e Soflā","Qārāwāy Khwārō","Masoud Mohammadirad, field notes 2015","475","","","","Central Kurdish 100%","Masoud Mohammadirad, field notes 2015",36.4503225352912,46.125553588333155,""
"","2c896fbee6fcbe3f5d786d4cc71700b2","12-45695608c88f67305733de6dd0ee9e40","1120609","کردستان","Kordestān","سقز","Saqqez","مرکزی","Markazi","","","ترجان","Torjān","قهر آباد علیا","Qahr Ābād-e Olyā","Qārāwāy Sarō","Masoud Mohammadirad, field notes 2015","43","","","","Central Kurdish 100%","Masoud Mohammadirad, field notes 2015",36.433368328726196,46.1220980643287,""
"","2c896fbee6fcbe3f5d786d4cc717a57e","12-e3e4d414b77fa34cdb025f44dd8eda31","1120610","کردستان","Kordestān","سقز","Saqqez","مرکزی","Markazi","","","ترجان","Torjān","کهریزه ایوبی","Kahrizeh Ayubi","Kārēza","Masoud Mohammadirad, field notes 2015","341","","","","Central Kurdish 100%","Masoud Mohammadirad, field notes 2015",36.429018973107375,46.09552120388839,""
"","2c896fbee6fcbe3f5d786d4cc7179f5e","12-3aebefee3f0f86148c28c3447d248b9a","1120611","کردستان","Kordestān","سقز","Saqqez","مرکزی","Markazi","","","ترجان","Torjān","باغلوجه","Bāghlujeh","Bāghluja","Masoud Mohammadirad, field notes 2015","369","","","","Central Kurdish 100%","Masoud Mohammadirad, field notes 2015",36.3835831619225,46.107492194312464,""
"","2c896fbee6fcbe3f5d786d4cc7179472","12-175e713d90d408895345f24fa350cbc6","1120612","کردستان","Kordestān","سقز","Saqqez","مرکزی","Markazi","","","ترجان","Torjān","غلام علی","Ghōlām Ali","Khōḷām Ali","Masoud Mohammadirad, field notes 2015","66","","","","Central Kurdish 100%","Masoud Mohammadirad, field notes 2015",36.401228963400285,45.998668222647915,""
"","2c896fbee6fcbe3f5d786d4cc7178549","12-2847b90dc1a2cb4b719af6229f9c461a","1120613","کردستان","Kordestān","سقز","Saqqez","مرکزی","Markazi","","","ترجان","Torjān","زنبیل","Zanbil","Zambil","Masoud Mohammadirad, field notes 2015"," ","(less than 3 households; population not specified in 2011 Census for reasons of privacy)","","","Central Kurdish 100%","Masoud Mohammadirad, field notes 2015",36.38122702117441,46.03809808268789,""
"","2c896fbee6fcbe3f5d786d4cc71779eb","12-41645ea542b59483358bd5e8ca01a882","1120614","کردستان","Kordestān","سقز","Saqqez","مرکزی","Markazi","","","ترجان","Torjān","شقویف","Sheqvif","Sheqēf","Masoud Mohammadirad, field notes 2015","128","","","","Central Kurdish 100%","Masoud Mohammadirad, field notes 2015",36.38613263920234,46.13748632626462,""
"","2c896fbee6fcbe3f5d786d4cc71774bd","13-958b71f823927c75309946b819b0e2f9","1120615","کردستان","Kordestān","سقز","Saqqez","مرکزی","Markazi","","","ترجان","Torjān","قره گویز","Qareh Goviz","Qara Göz","Masoud Mohammadirad, field notes 2015","455","","","","Central Kurdish 100%","Masoud Mohammadirad, field notes 2015",36.4237659371623,46.01877406142108,""
"","2c896fbee6fcbe3f5d786d4cc7176c40","12-dfa7516f39113763c89371af44cb959b","1120616","کردستان","Kordestān","سقز","Saqqez","مرکزی","Markazi","","","ترجان","Torjān","گردیگلان","Gardigelān","Gardigelān ","Masoud Mohammadirad, field notes 2015","363","","","","Central Kurdish 100%","Masoud Mohammadirad, field notes 2015",36.39733357266998,46.059234027525875,""
"","2c896fbee6fcbe3f5d786d4cc7175f1a","12-99d78069320ca94e54ecbef59a3b42b9","1120617","کردستان","Kordestān","سقز","Saqqez","مرکزی","Markazi","","","ترجان","Torjān","اینچکه","Inchkeh","Inchka","Masoud Mohammadirad, field notes 2015","14","","","","Central Kurdish 100%","Masoud Mohammadirad, field notes 2015",36.311005735611005,45.98318789974382,""
"","2c896fbee6fcbe3f5d786d4cc71759b3","12-1d628537a0755d84586350788de02a0a","1120618","کردستان","Kordestān","سقز","Saqqez","مرکزی","Markazi","","","ترجان","Torjān","ترجان","Torjān","Torjān","Masoud Mohammadirad, field notes 2015","630","","","","Central Kurdish 100%","Masoud Mohammadirad, field notes 2015",36.321438965637746,46.014286042852724,""
"","2c896fbee6fcbe3f5d786d4cc717509c","12-ad8a2fe9b1abdc2ebdcb131aa56fbf12","1120619","کردستان","Kordestān","سقز","Saqqez","مرکزی","Markazi","","","ترجان","Torjān","جمیان","Jemiān","Jemyān","Masoud Mohammadirad, field notes 2015","32","","","","Central Kurdish 100%","Masoud Mohammadirad, field notes 2015",36.345669035646914,46.058325072155355,""
"","2c896fbee6fcbe3f5d786d4cc717fbfc","12-4a8237926e3820bafb210fae385d0b24","1120620","کردستان","Kordestān","سقز","Saqqez","مرکزی","Markazi","","","ترجان","Torjān","سید آباد جمیان","Sayyed Ābād-e Jemiān","Sayāwāy Jemyān","Masoud Mohammadirad, field notes 2015","43","","","","Central Kurdish 100%","Masoud Mohammadirad, field notes 2015",36.36337441042102,46.05602095850579,""
"","2c896fbee6fcbe3f5d786d4cc717f878","12-13e3da70cae6f8787ab3cfbb5ff345ab","1120621","کردستان","Kordestān","سقز","Saqqez","مرکزی","Markazi","","","ترجان","Torjān","شیلان آباد","Shilān Ābād","Shilānāwā","Masoud Mohammadirad, field notes 2015","79","","","","Central Kurdish 100%","Masoud Mohammadirad, field notes 2015",36.36001148680184,46.03100493452782,""
"","2c896fbee6fcbe3f5d786d4cc717e971","12-5a07e2d1a02706283f3727d856691ce6","1120622","کردستان","Kordestān","سقز","Saqqez","مرکزی","Markazi","","","ترجان","Torjān","قازانتا","Qāzāntā","Qāzāntā","Masoud Mohammadirad, field notes 2015","32","","","","Central Kurdish 100%","Masoud Mohammadirad, field notes 2015",36.346734735307436,45.97542999882776,""
"","2c896fbee6fcbe3f5d786d4cc717e558","13-70e717dbcf00aeb19132723dfa2b0fb4","1120623","کردستان","Kordestān","سقز","Saqqez","مرکزی","Markazi","","","ترجان","Torjān","قاقل آباد","Qāqel Ābād","Qāqḷāwā","Masoud Mohammadirad, field notes 2015","80","","","","Central Kurdish 100%","Masoud Mohammadirad, field notes 2015",36.380757480606796,46.003518091627306,""
"","2c896fbee6fcbe3f5d786d4cc717d9ae","12-0b89dc5eada8633b2700e6283598833d","1120624","کردستان","Kordestān","سقز","Saqqez","مرکزی","Markazi","","","ترجان","Torjān","قلقله","Qolqoleh","Qoḷqoḷa","Masoud Mohammadirad, field notes 2015","254","","","","Central Kurdish 100%","Masoud Mohammadirad, field notes 2015",36.381181647003466,45.96377599222609,""
"","2c896fbee6fcbe3f5d786d4cc717d2da","10-7a8db41eb677b23b2a2d113b529acc3f","1120625","کردستان","Kordestān","سقز","Saqqez","مرکزی","Markazi","","","تموغه","Tamugheh","","","","","12009","","","","","","","",""
"","2c896fbee6fcbe3f5d786d4cc717d01c","12-ac8b38ae487f40d2e0d94fd33fa85f9a","1120626","کردستان","Kordestān","سقز","Saqqez","مرکزی","Markazi","","","تموغه","Tamugheh","خیدر","Kheydar","Khayer","Masoud Mohammadirad, field notes 2015","260","","","","Central Kurdish 100%","Masoud Mohammadirad, field notes 2015",36.220604460139555,46.265575471772664,""
"","2c896fbee6fcbe3f5d786d4cc717c06c","12-1060f588d7ad93391600691ebe213f82","1120627","کردستان","Kordestān","سقز","Saqqez","مرکزی","Markazi","","","تموغه","Tamugheh","قوخ","Qavakh","Qawakh","Masoud Mohammadirad, field notes 2015","6025","","","","Central Kurdish 100%","Masoud Mohammadirad, field notes 2015",36.23121112718726,46.27436659740507,""
"","2c896fbee6fcbe3f5d786d4cc717b857","13-270e334229941d263be981eb20ca717a","1120628","کردستان","Kordestān","سقز","Saqqez","مرکزی","Markazi","","","تموغه","Tamugheh","بوبکتان","Bubaktān","Bōbaktān","Masoud Mohammadirad, field notes 2015","397","","","","Central Kurdish 100%","Masoud Mohammadirad, field notes 2015",36.251705365340634,45.9954085361194,""
"","2c896fbee6fcbe3f5d786d4cc717abb7","12-ef08acb28253c4d15ebadf48ab5f8db1","1120629","کردستان","Kordestān","سقز","Saqqez","مرکزی","Markazi","","","تموغه","Tamugheh","شیخ چوپان","Sheykh Chupān","Shēkh Chōpān","Masoud Mohammadirad, field notes 2015","326","","","","Central Kurdish 100%","Masoud Mohammadirad, field notes 2015",36.22326531800726,45.92039251440216,""
"","2c896fbee6fcbe3f5d786d4cc71831b2","12-5d7aa98b732e43392f8099a2d9c930de","1120630","کردستان","Kordestān","سقز","Saqqez","مرکزی","Markazi","","","تموغه","Tamugheh","طاهربغده","Tāher Boghdeh","Tāher Bōgha","Masoud Mohammadirad, field notes 2015","219","","","","Central Kurdish 100%","Masoud Mohammadirad, field notes 2015",36.25380968899198,46.03331489611467,""
"","2c896fbee6fcbe3f5d786d4cc7182bbf","12-4c23e19561aaee5a0c2c5bb4fa8f645c","1120631","کردستان","Kordestān","سقز","Saqqez","مرکزی","Markazi","","","تموغه","Tamugheh","قهرمان","Qahremān","Qāramān","Masoud Mohammadirad, field notes 2015","47","","","","Central Kurdish 100%","Masoud Mohammadirad, field notes 2015",36.233745775340914,46.00818259764867,""
"","2c896fbee6fcbe3f5d786d4cc7182741","13-146edd7fb3481908008405095fa51359","1120632","کردستان","Kordestān","سقز","Saqqez","مرکزی","Markazi","","","تموغه","Tamugheh","کندلان","Kandolān","Kanōḷān","Masoud Mohammadirad, field notes 2015","461","","","","Central Kurdish 100%","Masoud Mohammadirad, field notes 2015",36.25674933200554,46.06672310939788,""
"","2c896fbee6fcbe3f5d786d4cc7181eb3","12-f7c32e4d10a648ab67b678de18834187","1120633","کردستان","Kordestān","سقز","Saqqez","مرکزی","Markazi","","","تموغه","Tamugheh","کویره گویز","Kovireh Govizeh","Köra Göz","Masoud Mohammadirad, field notes 2015","186","","","","Central Kurdish 100%","Masoud Mohammadirad, field notes 2015",36.23174667316519,46.05449898291201,""
"","2c896fbee6fcbe3f5d786d4cc71813cb","12-e8e8bb579dea7bdcc897d486abc0347d","1120634","کردستان","Kordestān","سقز","Saqqez","مرکزی","Markazi","","","تموغه","Tamugheh","تموغه","Tamugheh","Tamōgha","Masoud Mohammadirad, field notes 2015","688","","","","Central Kurdish 100%","Masoud Mohammadirad, field notes 2015",36.20482760088028,46.12472319712367,""
"","2c896fbee6fcbe3f5d786d4cc7181368","12-14e9644e855e583054383983d01c1db4","1120635","کردستان","Kordestān","سقز","Saqqez","مرکزی","Markazi","","","تموغه","Tamugheh","قشلاق افغانان","Qeshlāq Afghānān","Qeshḷākh","Masoud Mohammadirad, field notes 2015","246","","","","Central Kurdish 100%","Masoud Mohammadirad, field notes 2015",36.23730274578739,46.11110293975189,""
"","2c896fbee6fcbe3f5d786d4cc7181009","12-48d535019b784a8c25cb3f339bc76135","1120636","کردستان","Kordestān","سقز","Saqqez","مرکزی","Markazi","","","تموغه","Tamugheh","قشلاق صالح بیگ","Qeshlāq Sāleh Beyg","Qeshḷākh","Masoud Mohammadirad, field notes 2015","296","","","","Central Kurdish 100%","Masoud Mohammadirad, field notes 2015",36.194641729517464,46.17220902551662,""
"","2c896fbee6fcbe3f5d786d4cc7180dfb","13-5944d0ae45f737205cb3c0dfb27d7d59","1120637","کردستان","Kordestān","سقز","Saqqez","مرکزی","Markazi","","","تموغه","Tamugheh","قباغلو","Qabāghlu","Qabaghḷu","Masoud Mohammadirad, field notes 2015","757","","","","Central Kurdish 100%","Masoud Mohammadirad, field notes 2015",36.17362096774145,46.168475454156045,""
"","2c896fbee6fcbe3f5d786d4cc7180ad9","15-7e5be94173595d4f204be03dddf1b678","1120638","کردستان","Kordestān","سقز","Saqqez","مرکزی","Markazi","","","تموغه","Tamugheh","میتو","Mitu","Mitu","Masoud Mohammadirad, field notes 2015","122","","","","Central Kurdish 100%","Masoud Mohammadirad, field notes 2015",36.198838919142545,46.08694166453195,""
"","2c896fbee6fcbe3f5d786d4cc7180548","12-409d3679edd2d736cfb70d58a88cda9a","1120639","کردستان","Kordestān","سقز","Saqqez","مرکزی","Markazi","","","تموغه","Tamugheh","هیجانان","Hijānān","Hējānān ","Masoud Mohammadirad, field notes 2015","426","","","","Central Kurdish 100%","Masoud Mohammadirad, field notes 2015",36.16401137488022,46.206577468164326,""
"","2c896fbee6fcbe3f5d786d4cc71889f6","13-5c49d15de91cb32a1a30b4dbf98917e0","1120640","کردستان","Kordestān","سقز","Saqqez","مرکزی","Markazi","","","تموغه","Tamugheh","اسلام آباد","Eslām Ābād","Māma Shā","Masoud Mohammadirad, field notes 2015","149","","","","Central Kurdish 100%","Masoud Mohammadirad, field notes 2015",36.22985513462416,46.22981843671137,""
"","2c896fbee6fcbe3f5d786d4cc7187fb7","12-7b837995df73e52b842e07e272fcbada","1120641","کردستان","Kordestān","سقز","Saqqez","مرکزی","Markazi","","","تموغه","Tamugheh","آیچی","Āychi","Āychi","Masoud Mohammadirad, field notes 2015","897","","","","Central Kurdish 100%","Masoud Mohammadirad, field notes 2015",36.21372237967027,46.20487833131909,""
"","2c896fbee6fcbe3f5d786d4cc71873cc","12-0a6df5310fa560920395a459d60d7fd9","1120642","کردستان","Kordestān","سقز","Saqqez","مرکزی","Markazi","","","تموغه","Tamugheh","ملقرنی","Malqarani","Maḷqarani ","Masoud Mohammadirad, field notes 2015","507","","","","Central Kurdish 100%","Masoud Mohammadirad, field notes 2015",36.26621775607237,46.215231658113765,""
"","2c896fbee6fcbe3f5d786d4cc718663d","10-4cb73dec925aba6daf7a60ecfb6c9a83","1120643","کردستان","Kordestān","سقز","Saqqez","مرکزی","Markazi","","","سرا","Sarā","","","","","11268","","","","","","","",""
"","2c896fbee6fcbe3f5d786d4cc7186333","12-31bbf56ef77900622338aa3c7384d862","1120644","کردستان","Kordestān","سقز","Saqqez","مرکزی","Markazi","","","سرا","Sarā","پیریونس","Pir Yunes","Pir Wēnes","Masoud Mohammadirad, field notes 2015","61","","","","Central Kurdish 100%","Masoud Mohammadirad, field notes 2015",36.3173536150704,46.43646198898577,""
"","2c896fbee6fcbe3f5d786d4cc71862d2","12-6b3bef2b97aaf64ab05d89d696ab1a15","1120645","کردستان","Kordestān","سقز","Saqqez","مرکزی","Markazi","","","سرا","Sarā","زلفیله","Zolfileh","Zoḷfila","Masoud Mohammadirad, field notes 2015","88","","","","Central Kurdish 100%","Masoud Mohammadirad, field notes 2015",36.405861123939324,46.50686631903751,""
"","2c896fbee6fcbe3f5d786d4cc7185301","12-6cd3731728634cb6366f8f137d3c16ef","1120646","کردستان","Kordestān","سقز","Saqqez","مرکزی","Markazi","","","سرا","Sarā","قلعه گاه گودرز","Qal'egāh Gudarz","Qaḷā","Masoud Mohammadirad, field notes 2015","388","","","","Central Kurdish 100%","Masoud Mohammadirad, field notes 2015",36.372367680283986,46.47550593123998,""
"","2c896fbee6fcbe3f5d786d4cc71847a6","12-876cbcde99b3372914e7700bcb8982b2","1120647","کردستان","Kordestān","سقز","Saqqez","مرکزی","Markazi","","","سرا","Sarā","قلندر","Qalandar","Qalanar","Masoud Mohammadirad, field notes 2015","409","","","","Central Kurdish 100%","Masoud Mohammadirad, field notes 2015",36.392544932960355,46.481331689219815,""
"","2c896fbee6fcbe3f5d786d4cc718430d","12-7db24c637fd7cefe8dac5490c80c312e","1120648","کردستان","Kordestān","سقز","Saqqez","مرکزی","Markazi","","","سرا","Sarā","نوبهار","Now Bahār","Naw Bahār","Masoud Mohammadirad, field notes 2015","157","","","","Central Kurdish 100%","Masoud Mohammadirad, field notes 2015",36.36865297507171,46.432826621401745,""
"","2c896fbee6fcbe3f5d786d4cc7183c99","12-9c85b4b2fb3a4ac99d1cd5e3e0301530","1120649","کردستان","Kordestān","سقز","Saqqez","مرکزی","Markazi","","","سرا","Sarā","آق تپه","Āq Tappeh","Āq Tapa","Masoud Mohammadirad, field notes 2015","61","","","","Central Kurdish 100%","Masoud Mohammadirad, field notes 2015",36.30633510479922,46.398519460265945,""
"","2c896fbee6fcbe3f5d786d4cc718e624","12-ec81edd3ea76e22182df3270bb174db2","1120650","کردستان","Kordestān","سقز","Saqqez","مرکزی","Markazi","","","سرا","Sarā","الکلو","Alkalu","Āḷkaḷu ","Masoud Mohammadirad, field notes 2015","389","","","","Central Kurdish 100%","Masoud Mohammadirad, field notes 2015",36.27548437034658,46.41733318635269,""
"","2c896fbee6fcbe3f5d786d4cc718e187","12-1e00df42b454ffa06ff42d0bafb96eef","1120651","کردستان","Kordestān","سقز","Saqqez","مرکزی","Markazi","","","سرا","Sarā","بدر آباد","Badr Ābād","Bawrāwā","Masoud Mohammadirad, field notes 2015","134","","","","Central Kurdish 100%","Masoud Mohammadirad, field notes 2015",36.22188477597382,46.34255075561323,""
"","2c896fbee6fcbe3f5d786d4cc718d525","12-8f57dec748d3b49133e195a292ca28cc","1120652","کردستان","Kordestān","سقز","Saqqez","مرکزی","Markazi","","","سرا","Sarā","اره بغلوی سفلی","Areh Boghlu-ye Soflā","Ara Boghlu Khwārō","Masoud Mohammadirad, field notes 2015","242","","","","Central Kurdish 100%","Masoud Mohammadirad, field notes 2015",36.330007989563036,46.388142862800684,""
"","2c896fbee6fcbe3f5d786d4cc718c79f","12-af57a626dc3b8c56359edb92e93c38bd","1120653","کردستان","Kordestān","سقز","Saqqez","مرکزی","Markazi","","","سرا","Sarā","عصر آباد","Asr Ābād","Asrāwā","Masoud Mohammadirad, field notes 2015","64","","","","Central Kurdish 100%","Masoud Mohammadirad, field notes 2015",36.233281607960585,46.41469914471712,""
"","2c896fbee6fcbe3f5d786d4cc718b8ef","12-dce5f60e46c182861b9c7928d72b7fe5","1120654","کردستان","Kordestān","سقز","Saqqez","مرکزی","Markazi","","","سرا","Sarā","قیلسون","Qeylesun","Qaylasun ","Masoud Mohammadirad, field notes 2015","457","","","","Central Kurdish 100%","Masoud Mohammadirad, field notes 2015",36.22497326638902,46.37813527143136,""
"","2c896fbee6fcbe3f5d786d4cc718b5ea","12-dbb420f100702841c43ba91d8293175f","1120655","کردستان","Kordestān","سقز","Saqqez","مرکزی","Markazi","","","سرا","Sarā","دوزخ دره","Duzakh Darreh","Dōzaghara","Masoud Mohammadirad, field notes 2015","31","","","","Central Kurdish 100%","Masoud Mohammadirad, field notes 2015",36.23749742190413,46.322133780593816,""
"","2c896fbee6fcbe3f5d786d4cc718ab11","12-db2a6c85fe92d587c9edbaa22b4b024c","1120656","کردستان","Kordestān","سقز","Saqqez","مرکزی","Markazi","","","سرا","Sarā","کانی جشنی","Kāni Jashni","Kāni Jazhni","Masoud Mohammadirad, field notes 2015","183","","","","Central Kurdish 100%","Masoud Mohammadirad, field notes 2015",36.291436675519115,46.358012739728814,""
"","2c896fbee6fcbe3f5d786d4cc718a5c8","14-f2bfec620128afd185c900ac2ff33955","1120657","کردستان","Kordestān","سقز","Saqqez","مرکزی","Markazi","","","سرا","Sarā","کهریزه","Kahrizeh","Kārēza","Masoud Mohammadirad, field notes 2015","1263","","","","Central Kurdish 100%","Masoud Mohammadirad, field notes 2015",36.22844523639446,46.324258090134,""
"","2c896fbee6fcbe3f5d786d4cc7189dee","12-5c9c49218d55418258e0ead3c37831e8","1120658","کردستان","Kordestān","سقز","Saqqez","مرکزی","Markazi","","","سرا","Sarā","آلتون سفلی","Āltun-e Soflā","Āḷtun Khwārō","Masoud Mohammadirad, field notes 2015","405","","","","Central Kurdish 100%","Masoud Mohammadirad, field notes 2015",36.285330706008224,46.27064065029246,""
"","2c896fbee6fcbe3f5d786d4cc718906d","14-42d78c4e791a75ed2ce607814d6741ae","1120659","کردستان","Kordestān","سقز","Saqqez","مرکزی","Markazi","","","سرا","Sarā","دره پنبه دان","Darreh Panbedān ","Dara Pamān","Masoud Mohammadirad, field notes 2015","151","","","","Central Kurdish 100%","Masoud Mohammadirad, field notes 2015",36.27809025358576,46.32341335284649,""
"","2c896fbee6fcbe3f5d786d4cc7192b8d","12-d3d6ee47de9d729cf6f20f59df77736e","1120660","کردستان","Kordestān","سقز","Saqqez","مرکزی","Markazi","","","سرا","Sarā","سلیمان کندی","Soleymān Kandi","Selēmān Kani","Masoud Mohammadirad, field notes 2015","331","","","","Central Kurdish 100%","Masoud Mohammadirad, field notes 2015",36.34616226389004,46.32647166955701,""
"","2c896fbee6fcbe3f5d786d4cc71923b3","12-6a898c8974d7e9a25246bc81713150e6","1120661","کردستان","Kordestān","سقز","Saqqez","مرکزی","Markazi","","","سرا","Sarā","اره بغلوی علیا","Areh Boghlu-ye Olyā","Ara Boghlu Sarō","Masoud Mohammadirad, field notes 2015","193","","","","Central Kurdish 100%","Masoud Mohammadirad, field notes 2015",36.3580373699403,46.37252152627455,""
"","2c896fbee6fcbe3f5d786d4cc719190b","12-35314854b200cd576c2af6789f604cff","1120662","کردستان","Kordestān","سقز","Saqqez","مرکزی","Markazi","","","سرا","Sarā","کانی نیاز","Kāni Niāz","Kāni Niyāz","Masoud Mohammadirad, field notes 2015","216","","","","Central Kurdish 100%","Masoud Mohammadirad, field notes 2015",36.27544593656401,46.29892478454389,""
"","2c896fbee6fcbe3f5d786d4cc71912ca","12-02c60a71d2822dfb8144e394b3aa5235","1120663","کردستان","Kordestān","سقز","Saqqez","مرکزی","Markazi","","","سرا","Sarā","گاوشله","Gāveshaleh","Gāwashala","Masoud Mohammadirad, field notes 2015","148","","","","Central Kurdish 100%","Masoud Mohammadirad, field notes 2015",36.320417608526576,46.31848589469256,""
"","2c896fbee6fcbe3f5d786d4cc7190f6d","12-538cb3944331fddcda77fd80949e28ff","1120664","کردستان","Kordestān","سقز","Saqqez","مرکزی","Markazi","","","سرا","Sarā","موکه","Mukeh","Muka","Masoud Mohammadirad, field notes 2015","48","","","","Central Kurdish 100%","Masoud Mohammadirad, field notes 2015",36.36692676707318,46.32944154245028,""
"","2c896fbee6fcbe3f5d786d4cc71907d2","12-e94b4bb8c54f65665bbae979b6114a31","1120665","کردستان","Kordestān","سقز","Saqqez","مرکزی","Markazi","","","سرا","Sarā","سرچشمه","Sarcheshmeh","Sarchāwa","Masoud Mohammadirad, field notes 2015","454","","","","Central Kurdish 100%","Masoud Mohammadirad, field notes 2015",36.357198366596705,46.25487613184924,""
"","2c896fbee6fcbe3f5d786d4cc71905c5","12-7acb681c955ee0d992a613e717d8466d","1120666","کردستان","Kordestān","سقز","Saqqez","مرکزی","Markazi","","","سرا","Sarā","مندیل بسر","Mandil Basar","Mandil Basar","Masoud Mohammadirad, field notes 2015","31","","","","Central Kurdish 100%","Masoud Mohammadirad, field notes 2015",36.394506993204786,46.2466578434284,""
"","2c896fbee6fcbe3f5d786d4cc718f73a","12-57ef040c82cdf77eec800649ceafa32b","1120667","کردستان","Kordestān","سقز","Saqqez","مرکزی","Markazi","","","سرا","Sarā","آلتون علیا","Āltun-e Olyā","Āḷtun Sarō","Masoud Mohammadirad, field notes 2015","284","","","","Central Kurdish 100%","Masoud Mohammadirad, field notes 2015",36.30382443920983,46.229976518051615,""
"","2c896fbee6fcbe3f5d786d4cc718f4e7","12-c264861aae5e2749c8252d6b8929cd36","1120668","کردستان","Kordestān","سقز","Saqqez","مرکزی","Markazi","","","سرا","Sarā","قبله بلاغی","Qebleh Bolāghi","Qōḷa Beḷāghi","Masoud Mohammadirad, field notes 2015","37","","","","Central Kurdish 100%","Masoud Mohammadirad, field notes 2015",36.36950122016027,46.30768346292494,""
"","2c896fbee6fcbe3f5d786d4cc718ee2c","12-f2a4d6f51828430a737d596e7433fef6","1120669","کردستان","Kordestān","سقز","Saqqez","مرکزی","Markazi","","","سرا","Sarā","قهر آباد","Qahr Ābād","Qārāwā","Masoud Mohammadirad, field notes 2015","759","","","","Central Kurdish 100%","Masoud Mohammadirad, field notes 2015",36.316949963182786,46.24952244265471,""
"","2c896fbee6fcbe3f5d786d4cc7197955","12-654138f26f873a5a15ee06f2a3c236a2","1120670","کردستان","Kordestān","سقز","Saqqez","مرکزی","Markazi","","","سرا","Sarā","شهرک صنعتی سقز","Shahrak San'ati-e Saqqez","Shārak San'ati","Masoud Mohammadirad, field notes 2015","90","","","","Central Kurdish 100%","Masoud Mohammadirad, field notes 2015",36.305398040548575,46.25471721400139,""
"","2c896fbee6fcbe3f5d786d4cc7197794","12-b0d225b382caf3a6d3c60746e51f0c2e","1120671","کردستان","Kordestān","سقز","Saqqez","مرکزی","Markazi","","","سرا","Sarā","آخکند","Ākhkand","Ākhkan","Masoud Mohammadirad, field notes 2015","483","","","","Central Kurdish 100%","Masoud Mohammadirad, field notes 2015",36.313319740167074,46.188322950297604,""
"","2c896fbee6fcbe3f5d786d4cc7196970","12-f8d08d3c372b324b2fc4dfa7c7729f14","1120672","کردستان","Kordestān","سقز","Saqqez","مرکزی","Markazi","","","سرا","Sarā","چکشه","Chaksheh","Chaksha ","Masoud Mohammadirad, field notes 2015","75","","","","Central Kurdish 100%","Masoud Mohammadirad, field notes 2015",36.28379945609061,46.16867845147609,""
"","2c896fbee6fcbe3f5d786d4cc71961a5","12-1c56fa159c2521c7e23024158a8b3442","1120673","کردستان","Kordestān","سقز","Saqqez","مرکزی","Markazi","","","سرا","Sarā","مرخز","Markhoz","Markhoz","Masoud Mohammadirad, field notes 2015","800","","","","Central Kurdish 100%","Masoud Mohammadirad, field notes 2015",36.27950969807472,46.13576238245,""
"","2c896fbee6fcbe3f5d786d4cc7195600","12-af3362c08924b32d38ad1479b9263312","1120674","کردستان","Kordestān","سقز","Saqqez","مرکزی","Markazi","","","سرا","Sarā","احمد آباد سرا","Ahmad Ābād-e Sarā ","Ahmawāwā ","Masoud Mohammadirad, field notes 2015","350","","","","Central Kurdish 100%","Masoud Mohammadirad, field notes 2015",36.363294552981074,46.18703012555258,""
"","2c896fbee6fcbe3f5d786d4cc7195417","12-e712796f75850c89b58590155de1a554","1120675","کردستان","Kordestān","سقز","Saqqez","مرکزی","Markazi","","","سرا","Sarā","سرکل","Sar Kal","Sarkal","Masoud Mohammadirad, field notes 2015","68","","","","Central Kurdish 100%","Masoud Mohammadirad, field notes 2015",36.357669937238285,46.168297577795315,""
"","2c896fbee6fcbe3f5d786d4cc7194f10","12-7c360435553943e68682abb278f0dd76","1120676","کردستان","Kordestān","سقز","Saqqez","مرکزی","Markazi","","","سرا","Sarā","هبکی","Habaki","Habaki","Masoud Mohammadirad, field notes 2015","144","","","","Central Kurdish 100%","Masoud Mohammadirad, field notes 2015",36.34553372510651,46.11581747621769,""
"","2c896fbee6fcbe3f5d786d4cc719412b","12-974471e39131d8505ef002c610f7f64a","1120677","کردستان","Kordestān","سقز","Saqqez","مرکزی","Markazi","","","سرا","Sarā","سونج","Sonj","Senj","Masoud Mohammadirad, field notes 2015","204","","","","Central Kurdish 100%","Masoud Mohammadirad, field notes 2015",36.32795468233862,46.116836715642805,""
"","2c896fbee6fcbe3f5d786d4cc7193ecf","12-eecf9b62f750285feefd57aa300a1fb8","1120678","کردستان","Kordestān","سقز","Saqqez","مرکزی","Markazi","","","سرا","Sarā","هرمیله","Harmileh","Harmēḷa","Masoud Mohammadirad, field notes 2015","108","","","","Central Kurdish 100%","Masoud Mohammadirad, field notes 2015",36.310726138346936,46.08128135294671,""
"","2c896fbee6fcbe3f5d786d4cc71935c6","12-395f229b26e1a8bae6bdcb10b6eb5131","1120679","کردستان","Kordestān","سقز","Saqqez","مرکزی","Markazi","","","سرا","Sarā","یازی بلاغی","Yāzi Bolāghi","Yāzi Boḷākhi","Masoud Mohammadirad, field notes 2015","479","","","","Central Kurdish 100%","Masoud Mohammadirad, field notes 2015",36.33180097713035,46.16518085092002,""
"","2c896fbee6fcbe3f5d786d4cc719db0c","12-626dd84bd8c973e7f3be69e0d94c8cd6","1120680","کردستان","Kordestān","سقز","Saqqez","مرکزی","Markazi","","","سرا","Sarā","احمد آباد سونج","Ahmad Ābād-e Sonj","Ahmawāwāy Senj","Masoud Mohammadirad, field notes 2015","26","","","","Central Kurdish 100%","Masoud Mohammadirad, field notes 2015",36.331118165625554,46.07591693491762,""
"","2c896fbee6fcbe3f5d786d4cc719d50a","12-16c566e003c13c703b0de30d581a2f3e","1120681","کردستان","Kordestān","سقز","Saqqez","مرکزی","Markazi","","","سرا","Sarā","سرا","Sarā","Sarā","Masoud Mohammadirad, field notes 2015","927","","","","Central Kurdish 100%","Masoud Mohammadirad, field notes 2015",36.3758765124322,46.21502923472824,""
"","2c896fbee6fcbe3f5d786d4cc719c5b1","12-a33242dabb497b4318f7666b93ace422","1120682","کردستان","Kordestān","سقز","Saqqez","مرکزی","Markazi","","","سرا","Sarā","قوچاق","Quchāq","Quchākh","Masoud Mohammadirad, field notes 2015","161","","","","Central Kurdish 100%","Masoud Mohammadirad, field notes 2015",36.40665121530957,46.2123007606458,""
"","2c896fbee6fcbe3f5d786d4cc719c561","12-056bdfe05206e3ebfa302269ca8ab05e","1120683","کردستان","Kordestān","سقز","Saqqez","مرکزی","Markazi","","","سرا","Sarā","کچک سفلی","Kochek-e Soflā","Kochek Khwāru","Masoud Mohammadirad, field notes 2015","123","","","","Central Kurdish 100%","Masoud Mohammadirad, field notes 2015",36.419470190806955,46.17668437465763,""
"","2c896fbee6fcbe3f5d786d4cc719b6d8","12-856dcf71b95c825273bcbc5778318f9d","1120684","کردستان","Kordestān","سقز","Saqqez","مرکزی","Markazi","","","سرا","Sarā","کچک علیا","Kochek-e Olyā","Kochek Saru","Masoud Mohammadirad, field notes 2015","246","","","","Central Kurdish 100%","Masoud Mohammadirad, field notes 2015",36.39980942927046,46.18557857974827,""
"","2c896fbee6fcbe3f5d786d4cc719b0c6","10-306cbecfd2bc7880953464c39eaed4c8","1120685","کردستان","Kordestān","سقز","Saqqez","مرکزی","Markazi","","","میرده","Mir Deh","","","","","5266","","","","","","","",""
"","2c896fbee6fcbe3f5d786d4cc719aa3f","12-8f91f3d55d653b975579ed167b101225","1120686","کردستان","Kordestān","سقز","Saqqez","مرکزی","Markazi","","","میرده","Mir Deh","دارابی","Dārābi","Dārāwē ","Masoud Mohammadirad, field notes 2015","76","","","","Central Kurdish 100%","Masoud Mohammadirad, field notes 2015",36.182780961189614,45.9859966646858,""
"","2c896fbee6fcbe3f5d786d4cc7199ed2","12-7a0d915588e60068702aefa20f694ae5","1120687","کردستان","Kordestān","سقز","Saqqez","مرکزی","Markazi","","","میرده","Mir Deh","شیوه تو","Shivetu","Shiwatu","Masoud Mohammadirad, field notes 2015","146","","","","Central Kurdish 100%","Masoud Mohammadirad, field notes 2015",36.19589273681833,46.036569715654515,""
"","2c896fbee6fcbe3f5d786d4cc71990e8","12-f285b1395a4152a52a665d40fea45ec8","1120688","کردستان","Kordestān","سقز","Saqqez","مرکزی","Markazi","","","میرده","Mir Deh","کانی بند","Kāni Band","Kāni Ban","Masoud Mohammadirad, field notes 2015","117","","","","Central Kurdish 100%","Masoud Mohammadirad, field notes 2015",36.224209636408666,45.987451452607,""
"","2c896fbee6fcbe3f5d786d4cc7198276","12-5daad9d4b338fee555ec52d7f3b6aaf2","1120689","کردستان","Kordestān","سقز","Saqqez","مرکزی","Markazi","","","میرده","Mir Deh","گویزه","Govizeh","Göza","Masoud Mohammadirad, field notes 2015","225","","","","Central Kurdish 100%","Masoud Mohammadirad, field notes 2015",36.20689231846118,45.95188701264516,""
"","2c896fbee6fcbe3f5d786d4cc71a2fa3","12-369e4cbebceb7b6ac86b6503140db6d8","1120690","کردستان","Kordestān","سقز","Saqqez","مرکزی","Markazi","","","میرده","Mir Deh","میرگه نقشینه","Mirgah Nakhshineh","Mērga Nakhshina","Masoud Mohammadirad, field notes 2015","276","","","","Central Kurdish 100%","Masoud Mohammadirad, field notes 2015",36.185871283395194,45.8964709228343,""
"","2c896fbee6fcbe3f5d786d4cc71a2e76","12-28dbc1e0b2e4e3b3b7daae0b13c8bf3b","1120691","کردستان","Kordestān","سقز","Saqqez","مرکزی","Markazi","","","میرده","Mir Deh","وزمله","Vezmaleh","Wezmaḷē","Masoud Mohammadirad, field notes 2015","231","","","","Central Kurdish 100%","Masoud Mohammadirad, field notes 2015",36.1714749739252,45.98743969313621,""
"","2c896fbee6fcbe3f5d786d4cc71a2d37","16-29cd55a9715b0adf1f0d48105e1b7d73","1120692","کردستان","Kordestān","سقز","Saqqez","مرکزی","Markazi","","","میرده","Mir Deh","بله جر","Baleh Jarr","Balajaṛ","Masoud Mohammadirad, field notes 2015","417","","","","Central Kurdish 100%","Masoud Mohammadirad, field notes 2015",36.17739663951367,46.062769533309236,""
"","2c896fbee6fcbe3f5d786d4cc71a1d4d","13-c75dced06cd0c4a1773cc1e995143437","1120693","کردستان","Kordestān","سقز","Saqqez","مرکزی","Markazi","","","میرده","Mir Deh","چراغ ویس","Cherāgh Veys","Cherākh Ways","Masoud Mohammadirad, field notes 2015","83","","","","Central Kurdish 100%","Masoud Mohammadirad, field notes 2015",36.16876623111067,46.094188929704025,""
"","2c896fbee6fcbe3f5d786d4cc71a0eef","12-e58ea31d5964eddce36a37b91bd6e60c","1120694","کردستان","Kordestān","سقز","Saqqez","مرکزی","Markazi","","","میرده","Mir Deh","مازوجدار","Mazujedār","Māzuwār","Masoud Mohammadirad, field notes 2015","167","","","","Central Kurdish 100%","Masoud Mohammadirad, field notes 2015",36.17415764131208,46.11340427508566,""
"","2c896fbee6fcbe3f5d786d4cc71a0d72","12-0650263d9c25abbb4cfc895ea01b8b3b","1120695","کردستان","Kordestān","سقز","Saqqez","مرکزی","Markazi","","","میرده","Mir Deh","تموته","Tamuteh","Tamuta","Masoud Mohammadirad, field notes 2015","201","","","","Central Kurdish 100%","Masoud Mohammadirad, field notes 2015",36.14220433413675,46.092131675388835,""
"","2c896fbee6fcbe3f5d786d4cc719fd8a","12-65f5dee2b46d1b07b78876568010e82c","1120696","کردستان","Kordestān","سقز","Saqqez","مرکزی","Markazi","","","میرده","Mir Deh","سیاهدرعلیا","Siāhdar-e Olyā","Siyāyar Saru","Masoud Mohammadirad, field notes 2015","281","","","","Central Kurdish 100%","Masoud Mohammadirad, field notes 2015",36.14006209818207,45.979009510202275,""
"","2c896fbee6fcbe3f5d786d4cc719fca4","12-07dae69bee2517748589d4dd7cb75b2d","1120697","کردستان","Kordestān","سقز","Saqqez","مرکزی","Markazi","","","میرده","Mir Deh","سیاهدر کهنه","Siāhdar-e Soflā","Siyāyar Khwāru","Masoud Mohammadirad, field notes 2015","98","","","","Central Kurdish 100%","Masoud Mohammadirad, field notes 2015",36.14311622876075,46.025840879596345,""
"","2c896fbee6fcbe3f5d786d4cc719f6e4","14-b0c37bbf2adcd5dc2b6436bbaf549570","1120698","کردستان","Kordestān","سقز","Saqqez","مرکزی","Markazi","","","میرده","Mir Deh","قوره دره","Qureh Darreh","Qōrayara","Masoud Mohammadirad, field notes 2015","192","","","","Central Kurdish 100%","Masoud Mohammadirad, field notes 2015",36.121548490417275,46.04218089691441,""
"","2c896fbee6fcbe3f5d786d4cc719e7a3","12-6942eae075ac0724591ce7122a59838d","1120699","کردستان","Kordestān","سقز","Saqqez","مرکزی","Markazi","","","میرده","Mir Deh","کنده سوره","Kandeh Sureh","Kana Sura","Masoud Mohammadirad, field notes 2015","216","","","","Central Kurdish 100%","Masoud Mohammadirad, field notes 2015",36.12782810971957,46.13654472288814,""
"","2c896fbee6fcbe3f5d786d4cc71a88ce","12-09583109a7bd41558d7ef13ea92514bc","1120700","کردستان","Kordestān","سقز","Saqqez","مرکزی","Markazi","","","میرده","Mir Deh","میرده","Mir Deh","Miradē","Masoud Mohammadirad, field notes 2015","800","","","","Central Kurdish 100%","Masoud Mohammadirad, field notes 2015",36.1459970788973,46.06127286067615,""
"","2c896fbee6fcbe3f5d786d4cc71a7dcd","12-56c8e1a04648177b5ecb89a7daa23d7f","1120701","کردستان","Kordestān","سقز","Saqqez","مرکزی","Markazi","","","میرده","Mir Deh","پیرعمران","Pir Omarān","Pirawmarān, Piramar","Masoud Mohammadirad, field notes 2015","444","","","","Central Kurdish 100%","Masoud Mohammadirad, field notes 2015",36.05217609616358,46.096182796174475,""
"","2c896fbee6fcbe3f5d786d4cc71a75a8","12-37009422ad34537c75dffaf9ecddb214","1120702","کردستان","Kordestān","سقز","Saqqez","مرکزی","Markazi","","","میرده","Mir Deh","حمزه قرنیان","Hamzeh Qaraniān","Hamza Qaranyān","Masoud Mohammadirad, field notes 2015","46","","","","Central Kurdish 100%","Masoud Mohammadirad, field notes 2015",36.09273604929099,46.03666627517724,""
"","2c896fbee6fcbe3f5d786d4cc71a66ac","12-12191f49df32a289e5182a30f6021098","1120703","کردستان","Kordestān","سقز","Saqqez","مرکزی","Markazi","","","میرده","Mir Deh","خاپوره ده","Khāpureh Deh","Khāpuradē","Masoud Mohammadirad, field notes 2015","205","","","","Central Kurdish 100%","Masoud Mohammadirad, field notes 2015",36.10612726099,45.98586255423404,""
"","2c896fbee6fcbe3f5d786d4cc71a617d","12-8cf84968b7d22e011319f7913d08d153","1120704","کردستان","Kordestān","سقز","Saqqez","مرکزی","Markazi","","","میرده","Mir Deh","قبغلوچه","Qabaghlucheh","Qabaghḷuja","Masoud Mohammadirad, field notes 2015","343","","","","Central Kurdish 100%","Masoud Mohammadirad, field notes 2015",36.093287621135005,46.117940921163544,""
"","2c896fbee6fcbe3f5d786d4cc71a5b91","12-a38b7d23b6bc84b45a55f156d63f7d9b","1120705","کردستان","Kordestān","سقز","Saqqez","مرکزی","Markazi","","","میرده","Mir Deh","قره چر","Qareh Cherr","Qara Cheṛ","Masoud Mohammadirad, field notes 2015","187","","","","Central Kurdish 100%","Masoud Mohammadirad, field notes 2015",36.10889122848203,46.08791090903649,""
"","2c896fbee6fcbe3f5d786d4cc71a564d","12-544272bea7ce21b91a68891888f1c1f9","1120706","کردستان","Kordestān","سقز","Saqqez","مرکزی","Markazi","","","میرده","Mir Deh","کرویان","Karavyān","Kaṛawyān","Masoud Mohammadirad, field notes 2015","121","","","","Central Kurdish 100%","Masoud Mohammadirad, field notes 2015",36.07555209384629,46.078694838862354,""
"","2c896fbee6fcbe3f5d786d4cc71a4cd4","12-30aaf92519b2b129c1458accb27843d9","1120707","کردستان","Kordestān","سقز","Saqqez","مرکزی","Markazi","","","میرده","Mir Deh","کیله شین","Kileshin","Kēlashin","Masoud Mohammadirad, field notes 2015","394","","","","Central Kurdish 100%","Masoud Mohammadirad, field notes 2015",36.09949370597968,46.009119988598414,""
"","2c896fbee6fcbe3f5d786d4cc71a4428","14-d7ff11f8ceff0938cbacf293a5e57e65","1120708","کردستان","Kordestān","سقز","Saqqez","مرکزی","Markazi","سقز","Saqqez","","","","","Saqqez","Masoud Mohammadirad, field notes 2015","139738","","","","Central Kurdish 99%; Tehrāni type Persian 1%","Masoud Mohammadirad, field notes 2015",36.242031774748085,46.272491456157006,""
"","2c896fbee6fcbe3f5d786d4cc71a39e8","10-d9fdfc777a2595b5037491d96cfa1eb3","1120709","کردستان","Kordestān","سقز","Saqqez","سرشیو","Sar Shiv","","","","","","","","","10141","","","","","","","",""
"","2c896fbee6fcbe3f5d786d4cc71ada42","10-570ccc02fbe31566f2da8913eee1e077","1120710","کردستان","Kordestān","سقز","Saqqez","سرشیو","Sar Shiv","","","چهل چشمه غربی","Chehel Chesmeh Gharbi","","","","","2631","","","","","","","",""
"","2c896fbee6fcbe3f5d786d4cc71ad0ac","13-b119511d05febb45ed78b40cb89c410a","1120711","کردستان","Kordestān","سقز","Saqqez","سرشیو","Sar Shiv","","","چهل چشمه غربی","Chehel Chesmeh Gharbi","اسحاق آباد","Eshāq Ābād","Ishāqāwā","Masoud Mohammadirad, field notes 2015","339","","","","Central Kurdish 100%","Masoud Mohammadirad, field notes 2015",35.863378189249254,46.46142619012519,""
"","2c896fbee6fcbe3f5d786d4cc71ac358","12-63ea7956cf2bd59506e561c143482ae0","1120712","کردستان","Kordestān","سقز","Saqqez","سرشیو","Sar Shiv","","","چهل چشمه غربی","Chehel Chesmeh Gharbi","بسطام","Bastām","Besām ","Masoud Mohammadirad, field notes 2015","603","","","","Central Kurdish 100%","Masoud Mohammadirad, field notes 2015",35.86357811400275,46.39655971632941,""
"","2c896fbee6fcbe3f5d786d4cc71ab740","12-59ac8071557f129dd9e479aad336c314","1120713","کردستان","Kordestān","سقز","Saqqez","سرشیو","Sar Shiv","","","چهل چشمه غربی","Chehel Chesmeh Gharbi","کانعمت","Kā Ne'mat","Kā Nēmat","Masoud Mohammadirad, field notes 2015","225","","","","Central Kurdish 100%","Masoud Mohammadirad, field notes 2015",35.830744094111274,46.42446005449812,""
"","2c896fbee6fcbe3f5d786d4cc71aafd8","12-42aebad28a2769570c17f8bfe9a5658f","1120714","کردستان","Kordestān","سقز","Saqqez","سرشیو","Sar Shiv","","","چهل چشمه غربی","Chehel Chesmeh Gharbi","قزل ویل","Qazal Veyl","Qazaḷ Wēḷ","Masoud Mohammadirad, field notes 2015","10","","","","Central Kurdish 100%","Masoud Mohammadirad, field notes 2015",35.867000352942014,46.22926789621156,""
"","2c896fbee6fcbe3f5d786d4cc71aac51","12-1f84c05da1faf72f34ea623b484fafe2","1120715","کردستان","Kordestān","سقز","Saqqez","سرشیو","Sar Shiv","","","چهل چشمه غربی","Chehel Chesmeh Gharbi","بازارچه مرزی سیف","Bāzārcheh Marzi-ye Seyf","Bāzārcha","Masoud Mohammadirad, field notes 2015"," ","(less than 3 households; population not specified in 2011 Census for reasons of privacy)","","","Central Kurdish 100%","Masoud Mohammadirad, field notes 2015",35.81908416223077,46.341143263494075,""
"","2c896fbee6fcbe3f5d786d4cc71a9f59","14-8c0c39823827a8ff1336cc9557cd9236","1120716","کردستان","Kordestān","سقز","Saqqez","سرشیو","Sar Shiv","","","چهل چشمه غربی","Chehel Chesmeh Gharbi","حاجی ممدان","Hāji Mamadān","Hāji Mamān","Masoud Mohammadirad, field notes 2015","328","","","","Central Kurdish 100%","Masoud Mohammadirad, field notes 2015",35.95485712961514,46.34617050565097,""
"","2c896fbee6fcbe3f5d786d4cc71a9c23","12-157e374303e6b9ffe67bdfad088a8635","1120717","کردستان","Kordestān","سقز","Saqqez","سرشیو","Sar Shiv","","","چهل چشمه غربی","Chehel Chesmeh Gharbi","خوشه دره","Khusheh Darreh","Khōshayara","Masoud Mohammadirad, field notes 2015","233","","","","Central Kurdish 100%","Masoud Mohammadirad, field notes 2015",35.904824206640235,46.37326741324823,""
"","2c896fbee6fcbe3f5d786d4cc71a99ff","12-62fed2f4f4b8322cef496de2ca6052d2","1120718","کردستان","Kordestān","سقز","Saqqez","سرشیو","Sar Shiv","","","چهل چشمه غربی","Chehel Chesmeh Gharbi","دگاگاه","Degāgāh","Dagāgā","Masoud Mohammadirad, field notes 2015","376","","","","Central Kurdish 100%","Masoud Mohammadirad, field notes 2015",35.928607374931126,46.3197346536027,""
"","2c896fbee6fcbe3f5d786d4cc71a8e6d","12-c5a9626c1aef600befb5a77a8d615064","1120719","کردستان","Kordestān","سقز","Saqqez","سرشیو","Sar Shiv","","","چهل چشمه غربی","Chehel Chesmeh Gharbi","سوته","Suteh","Suta","Masoud Mohammadirad, field notes 2015","106","","","","Central Kurdish 100%","Masoud Mohammadirad, field notes 2015",35.95281871498752,46.32480809433329,""
"","2c896fbee6fcbe3f5d786d4cc71b252d","13-b68746c74dd1f4accbcc1e7f39f874ea","1120720","کردستان","Kordestān","سقز","Saqqez","سرشیو","Sar Shiv","","","چهل چشمه غربی","Chehel Chesmeh Gharbi","بوخلو","Bukhelu","Bōkhaḷu","Masoud Mohammadirad, field notes 2015","227","","","","Central Kurdish 100%","Masoud Mohammadirad, field notes 2015",35.9105307879873,46.34292229424861,""
"","2c896fbee6fcbe3f5d786d4cc71b1f7a","13-e087dc432e51b612d953d195647223e9","1120721","کردستان","Kordestān","سقز","Saqqez","سرشیو","Sar Shiv","","","چهل چشمه غربی","Chehel Chesmeh Gharbi","کاومله","Kāvameleh","Kāwamela","Masoud Mohammadirad, field notes 2015","170","","","","Central Kurdish 100%","Masoud Mohammadirad, field notes 2015",35.94194181111973,46.295562585963644,""
"","2c896fbee6fcbe3f5d786d4cc71b16be","10-511191e2c28d0a8c4006c6a5079ed85e","1120722","کردستان","Kordestān","سقز","Saqqez","سرشیو","Sar Shiv","","","ذوالفقار","Zolfaqār","","","","","7510","","","","","","","",""
"","2c896fbee6fcbe3f5d786d4cc71b1303","12-e0568a57da9d20f2973894eefe2f70e5","1120723","کردستان","Kordestān","سقز","Saqqez","سرشیو","Sar Shiv","","","ذوالفقار","Zolfaqār","حاجی عبدل","Hāji Abdol","Hājiyawel ","Masoud Mohammadirad, field notes 2015","388","","","","Central Kurdish 100%","Masoud Mohammadirad, field notes 2015",35.89023495937192,46.23918470219974,""
"","2c896fbee6fcbe3f5d786d4cc71b1265","12-7297c571c6f6fb3fab74a05a4ccb35fe","1120724","کردستان","Kordestān","سقز","Saqqez","سرشیو","Sar Shiv","","","ذوالفقار","Zolfaqār","دره زیارت علیا","Darreh Ziārat-e Olyā","Dara Ziyāra Saru","Masoud Mohammadirad, field notes 2015","238","","","","Central Kurdish 100%","Masoud Mohammadirad, field notes 2015",35.991610160716824,46.27480888474262,""
"","2c896fbee6fcbe3f5d786d4cc71b0579","12-ad208c216dc36335319619d9c5c7ac8d","1120725","کردستان","Kordestān","سقز","Saqqez","سرشیو","Sar Shiv","","","ذوالفقار","Zolfaqār","سیانزار","Siānezār","Siyānezār","Masoud Mohammadirad, field notes 2015","139","","","","Central Kurdish 100%","Masoud Mohammadirad, field notes 2015",35.950676902761415,46.200684274006456,""
"","2c896fbee6fcbe3f5d786d4cc71b04f7","13-da243361491a5bcf74ab3c51ee6c10cd","1120726","کردستان","Kordestān","سقز","Saqqez","سرشیو","Sar Shiv","","","ذوالفقار","Zolfaqār","سیف طاله","Sif Tāleh","Sēfatāḷa","Masoud Mohammadirad, field notes 2015","241","","","","Central Kurdish 100%","Masoud Mohammadirad, field notes 2015",35.95368360294313,46.27656841385656,""
"","2c896fbee6fcbe3f5d786d4cc71b0315","12-c16e27d878a79ee48d0342537aaa3857","1120727","کردستان","Kordestān","سقز","Saqqez","سرشیو","Sar Shiv","","","ذوالفقار","Zolfaqār","شیپانجو","Shipānaju","Shipānajō","Masoud Mohammadirad, field notes 2015","152","","","","Central Kurdish 100%","Masoud Mohammadirad, field notes 2015",35.957104992784146,46.25743889916488,""
"","2c896fbee6fcbe3f5d786d4cc71af45b","12-119e3c0cff28b840093e92a46055f434","1120728","کردستان","Kordestān","سقز","Saqqez","سرشیو","Sar Shiv","","","ذوالفقار","Zolfaqār","قامیشله","Qāmishaleh","Qāmishaḷa","Masoud Mohammadirad, field notes 2015","27","","","","Central Kurdish 100%","Masoud Mohammadirad, field notes 2015",35.960681661302914,46.22751172857095,""
"","2c896fbee6fcbe3f5d786d4cc71ae7a2","12-e6c8175e9011076ec9438e486829fe9a","1120729","کردستان","Kordestān","سقز","Saqqez","سرشیو","Sar Shiv","","","ذوالفقار","Zolfaqār","مام سیف الدین","Mām Seyf-od-Din","Mām Sēfadin","Masoud Mohammadirad, field notes 2015","110","","","","Central Kurdish 100%","Masoud Mohammadirad, field notes 2015",35.907422285574434,46.20546513847059,""
"","2c896fbee6fcbe3f5d786d4cc71b691c","12-673f901d61d75876bdb72147137425a6","1120730","کردستان","Kordestān","سقز","Saqqez","سرشیو","Sar Shiv","","","ذوالفقار","Zolfaqār","میک","Mik","Mik","Masoud Mohammadirad, field notes 2015","257","","","","Central Kurdish 100%","Masoud Mohammadirad, field notes 2015",35.97621017760934,46.203941545187945,""
"","2c896fbee6fcbe3f5d786d4cc71b5eaf","12-c98555183b3f27ef754c3e46535e6f1d","1120731","کردستان","Kordestān","سقز","Saqqez","سرشیو","Sar Shiv","","","ذوالفقار","Zolfaqār","هرمیدول","Harmidowl","Harmēdōḷ","Masoud Mohammadirad, field notes 2015","229","","","","Central Kurdish 100%","Masoud Mohammadirad, field notes 2015",35.87976924907612,46.200228298473874,""
"","2c896fbee6fcbe3f5d786d4cc71b5c86","12-60fdc0b4df0cc8c8f57340ef61b9adba","1120732","کردستان","Kordestān","سقز","Saqqez","سرشیو","Sar Shiv","","","ذوالفقار","Zolfaqār","هنگ چینه","Hang Chineh","Hanga China","Masoud Mohammadirad, field notes 2015","109","","","","Central Kurdish 100%","Masoud Mohammadirad, field notes 2015",35.92295873053835,46.247900963909935,""
"","2c896fbee6fcbe3f5d786d4cc71b562b","12-116f826f7f9a6898ba2b6065f6dc0a19","1120733","کردستان","Kordestān","سقز","Saqqez","سرشیو","Sar Shiv","","","ذوالفقار","Zolfaqār","بهرام","Bahrām","Bārām","Masoud Mohammadirad, field notes 2015","136","","","","Central Kurdish 100%","Masoud Mohammadirad, field notes 2015",36.0831554722416,46.36418240535885,""
"","2c896fbee6fcbe3f5d786d4cc71b514b","13-f0919d61d221fa5731742d27ddb3aede","1120734","کردستان","Kordestān","سقز","Saqqez","سرشیو","Sar Shiv","","","ذوالفقار","Zolfaqār","حسن سالاران","Hasan Sālārān","Hasan Salārān","Masoud Mohammadirad, field notes 2015","166","","","","Central Kurdish 100%","Masoud Mohammadirad, field notes 2015",36.04993113584481,46.281924188638236,""
"","2c896fbee6fcbe3f5d786d4cc71b4d03","12-ba3d7a934765eea312c3bbdfa8d4277e","1120735","کردستان","Kordestān","سقز","Saqqez","سرشیو","Sar Shiv","","","ذوالفقار","Zolfaqār","دره زیارت سفلی","Darreh Ziārat-e Soflā","Dara Ziyāra Khwāru","Masoud Mohammadirad, field notes 2015","213","","","","Central Kurdish 100%","Masoud Mohammadirad, field notes 2015",36.00720789733235,46.284293175817574,""
"","2c896fbee6fcbe3f5d786d4cc71b4bbd","14-0a32a95450d0dfedced5b7b1a8dda2d2","1120736","کردستان","Kordestān","سقز","Saqqez","سرشیو","Sar Shiv","","","ذوالفقار","Zolfaqār","رنگه ریژان","Rangeh Rizhān","Ranga Rēzhān","Masoud Mohammadirad, field notes 2015","343","","","","Central Kurdish 100%","Masoud Mohammadirad, field notes 2015",36.05177013199267,46.3393344210473,""
"","2c896fbee6fcbe3f5d786d4cc71b43a7","12-ad4b094585f9d40c0bc10e43e862f845","1120737","کردستان","Kordestān","سقز","Saqqez","سرشیو","Sar Shiv","","","ذوالفقار","Zolfaqār","سردره","Sar Darreh","Sardara","Masoud Mohammadirad, field notes 2015","321","","","","Central Kurdish 100%","Masoud Mohammadirad, field notes 2015",36.03731667079923,46.36259850337777,""
"","2c896fbee6fcbe3f5d786d4cc71b3b27","12-de80bed02ea69044a9a05e6e2fdf66db","1120738","کردستان","Kordestān","سقز","Saqqez","سرشیو","Sar Shiv","","","ذوالفقار","Zolfaqār","طابیشه","Tābisheh","Tābisha","Masoud Mohammadirad, field notes 2015"," ","(less than 3 households; population not specified in 2011 Census for reasons of privacy)","","","Central Kurdish 100%","Masoud Mohammadirad, field notes 2015",36.05717385290859,46.42418878543656,""
"","2c896fbee6fcbe3f5d786d4cc71b301b","12-63ba9b33463a4b4659d39d5b6bc9cbe6","1120739","کردستان","Kordestān","سقز","Saqqez","سرشیو","Sar Shiv","","","ذوالفقار","Zolfaqār","طاله جار","Tāleh Jār","Tāḷajaṛ","Masoud Mohammadirad, field notes 2015","186","","","","Central Kurdish 100%","Masoud Mohammadirad, field notes 2015",36.01303998122441,46.31387257683024,""
"","2c896fbee6fcbe3f5d786d4cc71ba466","13-9f629ff1da81eaf4d8bdf1b8bbd120b7","1120740","کردستان","Kordestān","سقز","Saqqez","سرشیو","Sar Shiv","","","ذوالفقار","Zolfaqār","کمره سیاوه","Kamareh Siāveh","Kamara Siyāwa","Masoud Mohammadirad, field notes 2015","32","","","","Central Kurdish 100%","Masoud Mohammadirad, field notes 2015",36.100806931666995,46.39224904048747,""
"","2c896fbee6fcbe3f5d786d4cc71ba104","14-bb1860bb47c4e8ebff3fc72b9d19e134","1120741","کردستان","Kordestān","سقز","Saqqez","سرشیو","Sar Shiv","","","ذوالفقار","Zolfaqār","مازوجدار","Māzujedār","Māzuwār","Masoud Mohammadirad, field notes 2015","135","","","","Central Kurdish 100%","Masoud Mohammadirad, field notes 2015",36.00194657283756,46.34522851780093,""
"","2c896fbee6fcbe3f5d786d4cc71b9f11","14-57b6ccdd2710f42705f0e64afa279240","1120742","کردستان","Kordestān","سقز","Saqqez","سرشیو","Sar Shiv","","","ذوالفقار","Zolfaqār","مزره","Mazreh","Mazra","Masoud Mohammadirad, field notes 2015","211","","","","Central Kurdish 100%","Masoud Mohammadirad, field notes 2015",36.06368739199624,46.32393831064124,""
"","2c896fbee6fcbe3f5d786d4cc71b9efd","12-96dfe3ed27e04f8c0bd420c68cff55f9","1120743","کردستان","Kordestān","سقز","Saqqez","سرشیو","Sar Shiv","","","ذوالفقار","Zolfaqār","جوشن","Jowshan","Jawshan","Masoud Mohammadirad, field notes 2015","290","","","","Central Kurdish 100%","Masoud Mohammadirad, field notes 2015",36.056326548331675,46.24371903410068,""
"","2c896fbee6fcbe3f5d786d4cc71b998d","12-96c87644b01b3fdc98193d7f300326f0","1120744","کردستان","Kordestān","سقز","Saqqez","سرشیو","Sar Shiv","","","ذوالفقار","Zolfaqār","خرمتا","Khoremtā","Khoremtā","Masoud Mohammadirad, field notes 2015","96","","","","Central Kurdish 100%","Masoud Mohammadirad, field notes 2015",36.105201777142675,46.24517279138835,""
"","2c896fbee6fcbe3f5d786d4cc71b96fe","12-3f37759fbc3ea3437d17fcfea7f68fa7","1120745","کردستان","Kordestān","سقز","Saqqez","سرشیو","Sar Shiv","","","ذوالفقار","Zolfaqār","دره آبی","Darreh Ābi","Dariyāwi","Masoud Mohammadirad, field notes 2015","89","","","","Central Kurdish 100%","Masoud Mohammadirad, field notes 2015",36.06427984395384,46.18936675063187,""
"","2c896fbee6fcbe3f5d786d4cc71b8852","12-b1ddf0fadf7c276f3ffaf90e67a32cb6","1120746","کردستان","Kordestān","سقز","Saqqez","سرشیو","Sar Shiv","","","ذوالفقار","Zolfaqār","سرسیف","Sar Seyf","Sarsēf","Masoud Mohammadirad, field notes 2015","95","","","","Central Kurdish 100%","Masoud Mohammadirad, field notes 2015",36.10236728252757,46.31713645924482,""
"","2c896fbee6fcbe3f5d786d4cc71b8190","13-b3ed68d65496403bf85a99f65b120e09","1120747","کردستان","Kordestān","سقز","Saqqez","سرشیو","Sar Shiv","","","ذوالفقار","Zolfaqār","آربلنگ","Ārabalang","Ārabalang","Masoud Mohammadirad, field notes 2015","250","","","","Central Kurdish 100%","Masoud Mohammadirad, field notes 2015",36.08748194356266,46.259307802227745,""
"","2c896fbee6fcbe3f5d786d4cc71b76ef","13-94b6e82ab9329826f61e446add70f280","1120748","کردستان","Kordestān","سقز","Saqqez","سرشیو","Sar Shiv","","","ذوالفقار","Zolfaqār","قشلاق پل","Qeshlāq Pol","Qeshlāq Perd","Masoud Mohammadirad, field notes 2015","310","","","","Central Kurdish 100%","Masoud Mohammadirad, field notes 2015",36.09070724484983,46.3401819990979,""
"","2c896fbee6fcbe3f5d786d4cc71b6c18","13-e4721fa727f0d071d401cf62984362c3","1120749","کردستان","Kordestān","سقز","Saqqez","سرشیو","Sar Shiv","","","ذوالفقار","Zolfaqār","کچل منگان","Kachal Mangān","Kachaḷ Miyān","Masoud Mohammadirad, field notes 2015","239","","","","Central Kurdish 100%","Masoud Mohammadirad, field notes 2015",36.114328942903235,46.342070274243625,""
"","2c896fbee6fcbe3f5d786d4cc71bfb80","13-6021d00374c8f4f9f37d636221fd3e74","1120750","کردستان","Kordestān","سقز","Saqqez","سرشیو","Sar Shiv","","","ذوالفقار","Zolfaqār","گوره قلعه","Gowreh Qal'eh","Gawra Qaḷā","Masoud Mohammadirad, field notes 2015","476","","","","Central Kurdish 100%","Masoud Mohammadirad, field notes 2015",36.095042033381965,46.294509343998875,""
"","2c896fbee6fcbe3f5d786d4cc71bef59","13-0dc249d792a24710617d67265bd3cb07","1120751","کردستان","Kordestān","سقز","Saqqez","سرشیو","Sar Shiv","","","ذوالفقار","Zolfaqār","باغچله","Bāghcheleh","Bākhchaḷa","Masoud Mohammadirad, field notes 2015","84","","","","Central Kurdish 100%","Masoud Mohammadirad, field notes 2015",36.16802986883231,46.28393071164879,""
"","2c896fbee6fcbe3f5d786d4cc71bec70","12-e639bf874c537459d47dadbac36e1e61","1120752","کردستان","Kordestān","سقز","Saqqez","سرشیو","Sar Shiv","","","ذوالفقار","Zolfaqār","خورده لوکی","Khordeh Luki","Khordaluki","Masoud Mohammadirad, field notes 2015","577","","","","Central Kurdish 100%","Masoud Mohammadirad, field notes 2015",36.17032940472997,46.332430415048684,""
"","2c896fbee6fcbe3f5d786d4cc71bdf70","12-250ad1338794536786310479009727c7","1120753","کردستان","Kordestān","سقز","Saqqez","سرشیو","Sar Shiv","","","ذوالفقار","Zolfaqār","سرتکلتو","Sar Takaltu","Sar Takaḷtu","Masoud Mohammadirad, field notes 2015","287","","","","Central Kurdish 100%","Masoud Mohammadirad, field notes 2015",36.14458461131529,46.275224261188114,""
"","2c896fbee6fcbe3f5d786d4cc71bda39","17-f0a78a330e7aec2852e8e8d0ca4fcda6","1120754","کردستان","Kordestān","سقز","Saqqez","سرشیو","Sar Shiv","","","ذوالفقار","Zolfaqār","سماقلو","Semāqlu","Semāqḷu ","Masoud Mohammadirad, field notes 2015","357","","","","Central Kurdish 100%","Masoud Mohammadirad, field notes 2015",36.09404769272786,46.185043029699706,""
"","2c896fbee6fcbe3f5d786d4cc71bcec8","12-98400022e92b86f9ed1a0e86b7566948","1120755","کردستان","Kordestān","سقز","Saqqez","سرشیو","Sar Shiv","","","ذوالفقار","Zolfaqār","قشلاق قاضی","Qeshlāq-e Qāzi","Qeshḷākh","Masoud Mohammadirad, field notes 2015","67","","","","Central Kurdish 100%","Masoud Mohammadirad, field notes 2015",36.1706715144738,46.23027580252339,""
"","2c896fbee6fcbe3f5d786d4cc71bc6a8","13-0c4f64d33aec370597d820815c408db7","1120756","کردستان","Kordestān","سقز","Saqqez","سرشیو","Sar Shiv","","","ذوالفقار","Zolfaqār","قشلاق ملا","Qeshlāq-e Mollā","Qeshḷākhi Malā","Masoud Mohammadirad, field notes 2015","14","","","","Central Kurdish 100%","Masoud Mohammadirad, field notes 2015",36.18076091508716,46.30942242612286,""
"","2c896fbee6fcbe3f5d786d4cc71bc128","12-89cbc78d4ffa959ec883e6e0b713b1c0","1120757","کردستان","Kordestān","سقز","Saqqez","سرشیو","Sar Shiv","","","ذوالفقار","Zolfaqār","کانی کبود","Kāni Kabud","Kāni Kawa","Masoud Mohammadirad, field notes 2015","144","","","","Central Kurdish 100%","Masoud Mohammadirad, field notes 2015",36.20147691914215,46.29296975602754,""
"","2c896fbee6fcbe3f5d786d4cc71bb57f","12-8518220e53be0ef893f5961022fe6053","1120758","کردستان","Kordestān","سقز","Saqqez","سرشیو","Sar Shiv","","","ذوالفقار","Zolfaqār","کس نزان","Kas Nazān","Kas Nazān","Masoud Mohammadirad, field notes 2015","485","","","","Central Kurdish 100%","Masoud Mohammadirad, field notes 2015",36.1076748827341,46.21335642805735,""
"","2c896fbee6fcbe3f5d786d4cc71bab9d","10-e477d0c6bb4caf435ebee35499d4c1aa","1120759","کردستان","Kordestān","سنندج","Sanandaj","","","","","","","","","","","450167","","","","","","","",""
"","2c896fbee6fcbe3f5d786d4cc71c4068","10-a154acb052c09a519a1cf07ae148dfcb","1120760","کردستان","Kordestān","سنندج","Sanandaj","مرکزی","Markazi","","","","","","","","","428610","","","","","","","",""
"","2c896fbee6fcbe3f5d786d4cc71c3df7","10-cfb70cd217ba6881ef55b8d97ff311f0","1120761","کردستان","Kordestān","سنندج","Sanandaj","مرکزی","Markazi","","","آبیدر","Ābidar","","","","","6693","","","","","","","",""
"","2c896fbee6fcbe3f5d786d4cc71c3a1e","12-adedcf57a363abb32ca2444a302b8a1a","1120762","کردستان","Kordestān","سنندج","Sanandaj","مرکزی","Markazi","","","آبیدر","Ābidar","کرجو","Karju","Karjō","Masoud Mohammadirad, field notes 2015","2072","","","","Central Kurdish 100%","Masoud Mohammadirad, field notes 2015",35.28961881508121,46.83592701058096,""
"","2c896fbee6fcbe3f5d786d4cc71c2ee6","14-b323c85b461c3168ff0d36175476cf52","1120763","کردستان","Kordestān","سنندج","Sanandaj","مرکزی","Markazi","","","آبیدر","Ābidar","چناره","Chenāreh","Chenāra","Masoud Mohammadirad, field notes 2015","199","","","","Central Kurdish 100%","Masoud Mohammadirad, field notes 2015",35.18350285116808,46.973478560572644,""
"","2c896fbee6fcbe3f5d786d4cc71c2707","12-7c490049cdabee8debd4e800d379ebc7","1120764","کردستان","Kordestān","سنندج","Sanandaj","مرکزی","Markazi","","","آبیدر","Ābidar","دربنده","Darbandeh","Darwana","Masoud Mohammadirad, field notes 2015","171","","","","Central Kurdish 100%","Masoud Mohammadirad, field notes 2015",35.24171723286683,46.942926988627214,""
"","2c896fbee6fcbe3f5d786d4cc71c2338","12-9bf220de441f09f35f0749fc1a63a557","1120765","کردستان","Kordestān","سنندج","Sanandaj","مرکزی","Markazi","","","آبیدر","Ābidar","سرسوی سفلی","Sarsu-ye Soflā","Sar Sōy Khwār","Masoud Mohammadirad, field notes 2015","20","","","","Central Kurdish 100%","Masoud Mohammadirad, field notes 2015",35.18857572054757,46.887416490093976,""
"","2c896fbee6fcbe3f5d786d4cc71c1efc","12-fcf6d445979b23f5379c30c202723026","1120766","کردستان","Kordestān","سنندج","Sanandaj","مرکزی","Markazi","","","آبیدر","Ābidar","سرسوی علیا","Sarsu-ye Olyā","Sar Sōy Zhur","Masoud Mohammadirad, field notes 2015","14","","","","Central Kurdish 100%","Masoud Mohammadirad, field notes 2015",35.19566892241367,46.89084971763281,""
"","2c896fbee6fcbe3f5d786d4cc71c0f12","12-ff9a7fd408df5cd9f76b766aaed4de3e","1120767","کردستان","Kordestān","سنندج","Sanandaj","مرکزی","Markazi","","","آبیدر","Ābidar","کانی مشکان","Kāni Meshkān","Kāni Meshkān","Masoud Mohammadirad, field notes 2015","339","","","","Central Kurdish 100%","Masoud Mohammadirad, field notes 2015",35.23831520127324,46.921644702056206,""
"","2c896fbee6fcbe3f5d786d4cc71c066a","12-9cfd13389b80435a960bc80eaa05f697","1120768","کردستان","Kordestān","سنندج","Sanandaj","مرکزی","Markazi","","","آبیدر","Ābidar","کولسه","Kowleseh","Kōḷasa","Masoud Mohammadirad, field notes 2015","18","","","","Central Kurdish 100%","Masoud Mohammadirad, field notes 2015",35.17590461645107,46.88850010253544,""
"","2c896fbee6fcbe3f5d786d4cc71c00fd","12-79b190db1b18010302579155119053d1","1120769","کردستان","Kordestān","سنندج","Sanandaj","مرکزی","Markazi","","","آبیدر","Ābidar","گزنه","Gazneh","Gazna","Masoud Mohammadirad, field notes 2015","117","","","","Central Kurdish 100%","Masoud Mohammadirad, field notes 2015",35.16746043311379,46.941986656143165,""
"","2c896fbee6fcbe3f5d786d4cc71c84a7","12-04a74e7224bc06b547174b26b163a6e1","1120770","کردستان","Kordestān","سنندج","Sanandaj","مرکزی","Markazi","","","آبیدر","Ābidar","گندمان","Gandomān","Ganmān","Masoud Mohammadirad, field notes 2015","165","","","","Central Kurdish 100%","Masoud Mohammadirad, field notes 2015",35.18642410047327,46.933088891542006,""
"","2c896fbee6fcbe3f5d786d4cc71c8412","14-6ce987db09455619b8d41b47ba797cd8","1120771","کردستان","Kordestān","سنندج","Sanandaj","مرکزی","Markazi","","","آبیدر","Ābidar","خشکه دول","Khoshkeh Dowl","Weshka Wel","Masoud Mohammadirad, field notes 2015","194","","","","Central Kurdish 100%","Masoud Mohammadirad, field notes 2015",35.217977241986006,46.97028720567182,""
"","2c896fbee6fcbe3f5d786d4cc71c7d10","12-5e0c4cfd0bd92168e8145a943dfeeaed","1120772","کردستان","Kordestān","سنندج","Sanandaj","مرکزی","Markazi","","","آبیدر","Ābidar","زندان","Zandān","Zanān","Masoud Mohammadirad, field notes 2015","138","","","","Central Kurdish 100%","Masoud Mohammadirad, field notes 2015",35.234393789685015,46.881245614087405,""
"","2c896fbee6fcbe3f5d786d4cc71c77e8","12-521530a9d6bd9d4fab89aa9ed9c76221","1120773","کردستان","Kordestān","سنندج","Sanandaj","مرکزی","Markazi","","","آبیدر","Ābidar","کرّسی","Karreh Si","Kaṛasi","Masoud Mohammadirad, field notes 2015","321","","","","Central Kurdish 100%","Masoud Mohammadirad, field notes 2015",35.22097073363045,46.90166725500222,""
"","2c896fbee6fcbe3f5d786d4cc71c6b69","12-c9d3511b5a3488169a5623542cb97feb","1120774","کردستان","Kordestān","سنندج","Sanandaj","مرکزی","Markazi","","","آبیدر","Ābidar","کیلانه","Kilāneh","Kēḷāna ","Masoud Mohammadirad, field notes 2015","1023","","","","Central Kurdish 100%","Masoud Mohammadirad, field notes 2015",35.246931703943325,46.896532474662074,""
"","2c896fbee6fcbe3f5d786d4cc71c5d7e","12-39825cd0ca15d617620efc5f2a047cbb","1120775","کردستان","Kordestān","سنندج","Sanandaj","مرکزی","Markazi","","","آبیدر","Ābidar","دادانه","Dādāneh","Dāwāna","Masoud Mohammadirad, field notes 2015","1286","","","","Central Kurdish 100%","Masoud Mohammadirad, field notes 2015",35.27946506026064,46.880868885666345,""
"","2c896fbee6fcbe3f5d786d4cc71c4fdf","14-a499280bd0195eec04dd2a7f4704d823","1120776","کردستان","Kordestān","سنندج","Sanandaj","مرکزی","Markazi","","","آبیدر","Ābidar","ملکشان سفلی","Malekshān-e Soflā","Maḷakshān Khwār","Masoud Mohammadirad, field notes 2015","56","","","","Central Kurdish 100%","Masoud Mohammadirad, field notes 2015",35.25764410156637,46.87031071567271,""
"","2c896fbee6fcbe3f5d786d4cc71c4bed","12-d109523744c33e0a299a7325af8a8a52","1120777","کردستان","Kordestān","سنندج","Sanandaj","مرکزی","Markazi","","","آبیدر","Ābidar","ملکشان علیا","Malekshān-e Olyā","Maḷakshān Zhur","Masoud Mohammadirad, field notes 2015","327","","","","Central Kurdish 100%","Masoud Mohammadirad, field notes 2015",35.25643909248647,46.868246957630326,""
"","2c896fbee6fcbe3f5d786d4cc71c4711","12-bb62f6922fef48121834f6ce4dda8a2f","1120778","کردستان","Kordestān","سنندج","Sanandaj","مرکزی","Markazi","","","آبیدر","Ābidar","عنبربزان","Anbar Bezān","Marawzān","Masoud Mohammadirad, field notes 2015","233","","","","Central Kurdish 100%","Masoud Mohammadirad, field notes 2015",35.27704254402278,46.90745625315257,""
"","2c896fbee6fcbe3f5d786d4cc71cc515","12-416e3c3c8f996f6f55a5b8670bdd3116","1120780","کردستان","Kordestān","سنندج","Sanandaj","مرکزی","Markazi","","","آرندان","Ārandān","گرماش","Garmāsh","Garmāsh","Masoud Mohammadirad, field notes 2015","177","","","","Central Kurdish 100%","Masoud Mohammadirad, field notes 2015",35.33063357726494,46.84317978214725,""
"","2c896fbee6fcbe3f5d786d4cc71cbf1b","12-927792ecc1f8f1c86d66dbe241d49cf9","1120781","کردستان","Kordestān","سنندج","Sanandaj","مرکزی","Markazi","","","آرندان","Ārandān","اجگره","Ajgareh","Hazhiyara","Masoud Mohammadirad, field notes 2015","314","","","","Central Kurdish 100%","Masoud Mohammadirad, field notes 2015",35.37318386917651,46.96191977633252,""
"","2c896fbee6fcbe3f5d786d4cc71cb704","12-9a67ce6995aadb01ed8ec120a9223fc8","1120782","کردستان","Kordestān","سنندج","Sanandaj","مرکزی","Markazi","","","آرندان","Ārandān","آرندان","Ārandān","Āranān","Masoud Mohammadirad, field notes 2015","2187","","","","Central Kurdish 100%","Masoud Mohammadirad, field notes 2015",35.38608456587565,46.916259507572946,""
"","2c896fbee6fcbe3f5d786d4cc71cb17c","12-e98ae819f6ee5196b5d696d2e6a0f90b","1120783","کردستان","Kordestān","سنندج","Sanandaj","مرکزی","Markazi","","","آرندان","Ārandān","سرخه دزج","Sorkheh Dezaj","Surāza","Masoud Mohammadirad, field notes 2015","800","","","","Central Kurdish 100%","Masoud Mohammadirad, field notes 2015",35.36895479072373,46.98602538826694,""
"","2c896fbee6fcbe3f5d786d4cc71ca85e","12-682b5e0730c32afdacde9bc8a0d1bb1d","1120784","کردستان","Kordestān","سنندج","Sanandaj","مرکزی","Markazi","","","آرندان","Ārandān","صوفیان","Sufiān","Sōfiyān","Masoud Mohammadirad, field notes 2015","277","","","","Central Kurdish 100%","Masoud Mohammadirad, field notes 2015",35.39587752122233,46.93485232184699,""
"","2c896fbee6fcbe3f5d786d4cc71ca49a","12-478abadd88810c128aacf6ce6785a549","1120785","کردستان","Kordestān","سنندج","Sanandaj","مرکزی","Markazi","","","آرندان","Ārandān","کلکان","Kalekān","Kaḷakān","Masoud Mohammadirad, field notes 2015","436","","","","Central Kurdish 100%","Masoud Mohammadirad, field notes 2015",35.42386163600483,46.91324897411908,""
"","2c896fbee6fcbe3f5d786d4cc71c9efa","12-1db497723a21fa488acd58b1e0eb53e5","1120786","کردستان","Kordestān","سنندج","Sanandaj","مرکزی","Markazi","","","آرندان","Ārandān","نوره","Navareh","Nawaṛa","Masoud Mohammadirad, field notes 2015","934","","","","Central Kurdish 100%","Masoud Mohammadirad, field notes 2015",35.31376230732724,46.89127144809676,""
"","2c896fbee6fcbe3f5d786d4cc71c9e54","10-77b3be7f113a023b81347cc210ddbfc9","1120787","کردستان","Kordestān","سنندج","Sanandaj","مرکزی","Markazi","","","حسین آبادجنوبی","Hoseyn Ābād-e Jonubi","","","","","6787","","","","","","","",""
"","2c896fbee6fcbe3f5d786d4cc71c955d","12-597332211b96001e66414e11a25180a0","1120788","کردستان","Kordestān","سنندج","Sanandaj","مرکزی","Markazi","","","حسین آبادجنوبی","Hoseyn Ābād-e Jonubi","امروله","Amrowleh","Hamṛōḷa","Masoud Mohammadirad, field notes 2015","313","","","","Central Kurdish 100%","Masoud Mohammadirad, field notes 2015",35.605586161563835,47.25685627439889,""
"","2c896fbee6fcbe3f5d786d4cc71c8a02","12-aad067b41b41692e367f85a7e0cbef83","1120789","کردستان","Kordestān","سنندج","Sanandaj","مرکزی","Markazi","","","حسین آبادجنوبی","Hoseyn Ābād-e Jonubi","سیاسران سفلی","Siāsarān-e Soflā","Siyāsarān Khwār","Masoud Mohammadirad, field notes 2015","198","","","","Central Kurdish 100%","Masoud Mohammadirad, field notes 2015",35.60157048038819,47.202988618101074,""
"","2c896fbee6fcbe3f5d786d4cc71cf723","12-946863d29025bb1bf30651d7774e55f0","1120790","کردستان","Kordestān","سنندج","Sanandaj","مرکزی","Markazi","","","حسین آبادجنوبی","Hoseyn Ābād-e Jonubi","سیاسران علیا","Siāsarān-e Olyā","Siyāsarān Bān","Masoud Mohammadirad, field notes 2015","152","","","","Central Kurdish 100%","Masoud Mohammadirad, field notes 2015",35.63326432402413,47.21329332173856,""
"","2c896fbee6fcbe3f5d786d4cc71cf653","12-65c1c6421d9fd8e1e9b82744c8424f1a","1120791","کردستان","Kordestān","سنندج","Sanandaj","مرکزی","Markazi","","","حسین آبادجنوبی","Hoseyn Ābād-e Jonubi","صیدان","Sayyedān","Sayān","Masoud Mohammadirad, field notes 2015","72","","","","Central Kurdish 100%","Masoud Mohammadirad, field notes 2015",35.62238326953232,47.3087064444991,""
"","2c896fbee6fcbe3f5d786d4cc71ce939","12-f62aad4ce877a45bbaebf81fbca16a3a","1120792","کردستان","Kordestān","سنندج","Sanandaj","مرکزی","Markazi","","","حسین آبادجنوبی","Hoseyn Ābād-e Jonubi","کژی کران","Kezhi Karān","Kezhi Karān ","Masoud Mohammadirad, field notes 2015","153","","","","Central Kurdish 100%","Masoud Mohammadirad, field notes 2015",35.62323755131073,47.2362734200571,""
"","2c896fbee6fcbe3f5d786d4cc71ce507","12-e3f5203375a4d256f9fea480326648a1","1120793","کردستان","Kordestān","سنندج","Sanandaj","مرکزی","Markazi","","","حسین آبادجنوبی","Hoseyn Ābād-e Jonubi","منصوربلاغی","Mansur Bolāghi","Masawḷākhi","Masoud Mohammadirad, field notes 2015","251","","","","Central Kurdish 100%","Masoud Mohammadirad, field notes 2015",35.5798840306916,47.26018221357776,""
"","2c896fbee6fcbe3f5d786d4cc71ce3a4","12-5f1494687c081f60c8a5cdb9b490f956","1120794","کردستان","Kordestān","سنندج","Sanandaj","مرکزی","Markazi","","","حسین آبادجنوبی","Hoseyn Ābād-e Jonubi","یونس آباد","Yunes Ābād","Wēnesāwā","Masoud Mohammadirad, field notes 2015","238","","","","Central Kurdish 100%","Masoud Mohammadirad, field notes 2015",35.64585725064095,47.29255954623276,""
"","2c896fbee6fcbe3f5d786d4cc71cdf4e","12-df5ed2249362cd148908d92f8d10fdae","1120795","کردستان","Kordestān","سنندج","Sanandaj","مرکزی","Markazi","","","حسین آبادجنوبی","Hoseyn Ābād-e Jonubi","جبرئیلان","Jebre'ilān","Jōrelān","Masoud Mohammadirad, field notes 2015","254","","","","Central Kurdish 100%","Masoud Mohammadirad, field notes 2015",35.522089828494614,47.15529544844349,""
"","2c896fbee6fcbe3f5d786d4cc71cdd24","12-4a3ace32f586c06b37f228b63106b4ce","1120796","کردستان","Kordestān","سنندج","Sanandaj","مرکزی","Markazi","","","حسین آبادجنوبی","Hoseyn Ābād-e Jonubi","شیخ وجیم","Sheykh Vajim","Shēkh Wajim","Masoud Mohammadirad, field notes 2015","91","","","","Central Kurdish 100%","Masoud Mohammadirad, field notes 2015",35.51246339001566,47.19378737732643,""
"","2c896fbee6fcbe3f5d786d4cc71cd85e","13-fde9aa8c835a72c4a76541c37b14540e","1120797","کردستان","Kordestān","سنندج","Sanandaj","مرکزی","Markazi","","","حسین آبادجنوبی","Hoseyn Ābād-e Jonubi","ماچکه سفلی","Māchkeh-ye Soflā","Māchkay Khwār","Masoud Mohammadirad, field notes 2015","238","","","","Central Kurdish 100%","Masoud Mohammadirad, field notes 2015",35.485271014562,47.18490161503223,""
"","2c896fbee6fcbe3f5d786d4cc71cceb5","16-d11257557978af5fd05aaa24a9319cec","1120798","کردستان","Kordestān","سنندج","Sanandaj","مرکزی","Markazi","","","حسین آبادجنوبی","Hoseyn Ābād-e Jonubi","ماچکه علیا","Māchkeh-ye Olyā","Māchkay Zhur","Masoud Mohammadirad, field notes 2015","258","","","","Central Kurdish 100%","Masoud Mohammadirad, field notes 2015",35.47620241745058,47.162735839736136,""
"","2c896fbee6fcbe3f5d786d4cc71ccd2a","12-75503b23a07f1d5466fdabb5a40426a1","1120799","کردستان","Kordestān","سنندج","Sanandaj","مرکزی","Markazi","","","حسین آبادجنوبی","Hoseyn Ābād-e Jonubi","باینچقلو","Bāyenchoqlu","Bāyenchoqlü","Masoud Mohammadirad, field notes 2015","177","","","","Central Kurdish 100%","Masoud Mohammadirad, field notes 2015",35.551848982858694,47.16806827461407,""
"","2c896fbee6fcbe3f5d786d4cc71d5e64","12-379063403b50df0f084298038a880e97","1120800","کردستان","Kordestān","سنندج","Sanandaj","مرکزی","Markazi","","","حسین آبادجنوبی","Hoseyn Ābād-e Jonubi","چرمیله","Charmileh","Charmēḷa","Masoud Mohammadirad, field notes 2015","354","","","","Central Kurdish 100%","Masoud Mohammadirad, field notes 2015",35.569789542412444,47.234205171848636,""
"","2c896fbee6fcbe3f5d786d4cc71d5076","12-8e9c0656e786e6a1cb154ad3526b4327","1120801","کردستان","Kordestān","سنندج","Sanandaj","مرکزی","Markazi","","","حسین آبادجنوبی","Hoseyn Ābād-e Jonubi","سراب باینچقلو","Sarāb Bāyenchoqlu","Sarāw Bāyenchoqlü","Masoud Mohammadirad, field notes 2015","121","","","","Central Kurdish 100%","Masoud Mohammadirad, field notes 2015",35.53867005001606,47.234113409972736,""
"","2c896fbee6fcbe3f5d786d4cc71d4797","14-33fc6248e5ba73b56771389898f915bd","1120802","کردستان","Kordestān","سنندج","Sanandaj","مرکزی","Markazi","","","حسین آبادجنوبی","Hoseyn Ābād-e Jonubi","حسین آباد","Hoseyn Ābād","Hosaynāwā","Masoud Mohammadirad, field notes 2015","1451","","","","Central Kurdish 100%","Masoud Mohammadirad, field notes 2015",35.54874553366786,47.126153635923664,""
"","2c896fbee6fcbe3f5d786d4cc71d3bc9","12-de18e44d162e8177f1a90b9eb3e16b0f","1120803","کردستان","Kordestān","سنندج","Sanandaj","مرکزی","Markazi","","","حسین آبادجنوبی","Hoseyn Ābād-e Jonubi","گزان سفلی","Gazān-e Soflā","Gazāna Weshka","Masoud Mohammadirad, field notes 2015","129","","","","Central Kurdish 100%","Masoud Mohammadirad, field notes 2015",35.564890776411985,47.06265025635801,""
"","2c896fbee6fcbe3f5d786d4cc71d2cfb","15-81acb772a058336035ebc3c2b4ea593e","1120804","کردستان","Kordestān","سنندج","Sanandaj","مرکزی","Markazi","","","حسین آبادجنوبی","Hoseyn Ābād-e Jonubi","بازی رباب","Bāzi Rabāb","Bāzi Ṛawā ","Masoud Mohammadirad, field notes 2015","202","","","","Central Kurdish 100%","Masoud Mohammadirad, field notes 2015",35.559704694604974,47.02656180088655,""
"","2c896fbee6fcbe3f5d786d4cc71d20ef","12-7075f1c939aba751548a8200b0a38412","1120805","کردستان","Kordestān","سنندج","Sanandaj","مرکزی","Markazi","","","حسین آبادجنوبی","Hoseyn Ābād-e Jonubi","تازه آباد دکتر واسع","Tāzeh Ābād-e Doktor Vāse'","Tāzāwāy Doktor Wāsa","Masoud Mohammadirad, field notes 2015","18","","","","Central Kurdish 100%","Masoud Mohammadirad, field notes 2015",35.46180271999799,47.10688511333238,""
"","2c896fbee6fcbe3f5d786d4cc71d1949","12-ce5d7ad9d87b9d80197b42fee8c7651e","1120806","کردستان","Kordestān","سنندج","Sanandaj","مرکزی","Markazi","","","حسین آبادجنوبی","Hoseyn Ābād-e Jonubi","تازه آباد قراگل","Tāzeh Ābād-e Qarā Gel","Tāzāwāy QaraweỊ","Masoud Mohammadirad, field notes 2015","137","","","","Central Kurdish 100%","Masoud Mohammadirad, field notes 2015",35.470424074298144,47.1145405324304,""
"","2c896fbee6fcbe3f5d786d4cc71d14af","12-bded96081f60b58e81152866e7acf5f0","1120807","کردستان","Kordestān","سنندج","Sanandaj","مرکزی","Markazi","","","حسین آبادجنوبی","Hoseyn Ābād-e Jonubi","خلیفه ترخان","Khalifeh Tarkhān","Kaḷifa Tarkhān","Masoud Mohammadirad, field notes 2015","182","","","","Central Kurdish 100%","Masoud Mohammadirad, field notes 2015",35.48392983626007,47.06937171421834,""
"","2c896fbee6fcbe3f5d786d4cc71d1182","12-c5a30f3b26920b133b5c98e64614bbd7","1120808","کردستان","Kordestān","سنندج","Sanandaj","مرکزی","Markazi","","","حسین آبادجنوبی","Hoseyn Ābād-e Jonubi","دولبندی","Dowlbandi","Dōlwani","Masoud Mohammadirad, field notes 2015","171","","","","Central Kurdish 100%","Masoud Mohammadirad, field notes 2015",35.505166925739395,47.106700949068305,""
"","2c896fbee6fcbe3f5d786d4cc71d01cb","12-e9d1ba7443c26099ce57f20f793c0a5c","1120809","کردستان","Kordestān","سنندج","Sanandaj","مرکزی","Markazi","","","حسین آبادجنوبی","Hoseyn Ābād-e Jonubi","عباس آباد","Abbās Ābād","Abāsāwā","Masoud Mohammadirad, field notes 2015","52","","","","Central Kurdish 100%","Masoud Mohammadirad, field notes 2015",35.52264165807761,47.093064598438396,""
"","2c896fbee6fcbe3f5d786d4cc71dd0bf","12-26267ff915a0376c7a93c3f360247594","1120810","کردستان","Kordestān","سنندج","Sanandaj","مرکزی","Markazi","","","حسین آبادجنوبی","Hoseyn Ābād-e Jonubi","ماموخ سفلی","Māmukh-e Soflā","Mamōkh Khwār","Masoud Mohammadirad, field notes 2015","113","","","","Central Kurdish 100%","Masoud Mohammadirad, field notes 2015",35.49720411633735,46.996225604495095,""
"","2c896fbee6fcbe3f5d786d4cc71dc3a9","12-b64b430adf78700edb1c3ace2c5bd698","1120811","کردستان","Kordestān","سنندج","Sanandaj","مرکزی","Markazi","","","حسین آبادجنوبی","Hoseyn Ābād-e Jonubi","ماموخ علیا","Māmukh-e Olyā","Māmokh Zhur","Masoud Mohammadirad, field notes 2015","155","","","","Central Kurdish 100%","Masoud Mohammadirad, field notes 2015",35.51355956798669,47.0507502196056,""
"","2c896fbee6fcbe3f5d786d4cc71dc09d","12-189060d3563910049ce032d51cb83184","1120812","کردستان","Kordestān","سنندج","Sanandaj","مرکزی","Markazi","","","حسین آبادجنوبی","Hoseyn Ābād-e Jonubi","گزان علیا","Gazān-e Olyā","Gazāna Gawra","Masoud Mohammadirad, field notes 2015","303","","","","Central Kurdish 100%","Masoud Mohammadirad, field notes 2015",35.60688803451422,47.033715885263184,""
"","2c896fbee6fcbe3f5d786d4cc71db120","12-8356c49fb188469a58705fdb05ac0fa3","1120813","کردستان","Kordestān","سنندج","Sanandaj","مرکزی","Markazi","","","حسین آبادجنوبی","Hoseyn Ābād-e Jonubi","باینچوب","Bāyenchub","Bāyenchō","Masoud Mohammadirad, field notes 2015","815","","","","Central Kurdish 100%","Masoud Mohammadirad, field notes 2015",35.57653953509278,46.97227280384627,""
"","2c896fbee6fcbe3f5d786d4cc71da16b","12-54883be07ec7e85cdc515bcdb58da609","1120814","کردستان","Kordestān","سنندج","Sanandaj","مرکزی","Markazi","","","حسین آبادجنوبی","Hoseyn Ābād-e Jonubi","سنگ سفید","Sang Sefid","Kochek Charmu","Masoud Mohammadirad, field notes 2015","189","","","","Central Kurdish 100%","Masoud Mohammadirad, field notes 2015",35.57021472500352,46.93108250797064,""
"","2c896fbee6fcbe3f5d786d4cc71d92a6","10-49b9232313f5afbe4335151472eedb9d","1120815","کردستان","Kordestān","سنندج","Sanandaj","مرکزی","Markazi","","","حومه","Humeh","","","","","20066","","","","","","","",""
"","2c896fbee6fcbe3f5d786d4cc71d8337","12-d3451dcdfa088514d065c9eb991758cb","1120816","کردستان","Kordestān","سنندج","Sanandaj","مرکزی","Markazi","","","حومه","Humeh","تیرگران","Tir Garān","Tireyṛān","Masoud Mohammadirad, field notes 2015","47","","","","Central Kurdish 100%","Masoud Mohammadirad, field notes 2015",35.43790560027435,47.010970532751635,""
"","2c896fbee6fcbe3f5d786d4cc71d7cdc","12-06ea148e7ce078b3f7ad4764d099f529","1120817","کردستان","Kordestān","سنندج","Sanandaj","مرکزی","Markazi","","","حومه","Humeh","خلیچیان","Khelichiān","Kheḷichiyān","Masoud Mohammadirad, field notes 2015","680","","","","Central Kurdish 100%","Masoud Mohammadirad, field notes 2015",35.416831414614904,47.06087571367558,""
"","2c896fbee6fcbe3f5d786d4cc71d752d","12-1eccd9a4728702152319cc2961fd6853","1120818","کردستان","Kordestān","سنندج","Sanandaj","مرکزی","Markazi","","","حومه","Humeh","عیسی در","Isi Dar","Isiyar","Masoud Mohammadirad, field notes 2015","59","","","","Central Kurdish 100%","Masoud Mohammadirad, field notes 2015",35.4644031731348,47.04058384411254,""
"","2c896fbee6fcbe3f5d786d4cc71d6ba1","14-83e81357f18e9dfc343e820a60631382","1120819","کردستان","Kordestān","سنندج","Sanandaj","مرکزی","Markazi","","","حومه","Humeh","قلیان","Qolyān","Qoḷyān","Masoud Mohammadirad, field notes 2015","1831","","","","Central Kurdish 100%","Masoud Mohammadirad, field notes 2015",35.396949181695426,47.01929126873864,""
"","2c896fbee6fcbe3f5d786d4cc71e3107","14-8759d2dbdb08a174955a82a110974bd5","1120820","کردستان","Kordestān","سنندج","Sanandaj","مرکزی","Markazi","","","حومه","Humeh","باباریز","Bābā Riz","Bāwarēz","Masoud Mohammadirad, field notes 2015","1843","","","","Central Kurdish 100%","Masoud Mohammadirad, field notes 2015",35.36355275950855,47.066635793027636,""
"","2c896fbee6fcbe3f5d786d4cc71e275c","12-60bd74318d05c0bd367be243d0dfa6b6","1120821","کردستان","Kordestān","سنندج","Sanandaj","مرکزی","Markazi","","","حومه","Humeh","کوله هرد","Kowleh Hard","Kōḷahard","Masoud Mohammadirad, field notes 2015","145","","","","Central Kurdish 100%","Masoud Mohammadirad, field notes 2015",35.373823873464495,47.09199876146901,""
"","2c896fbee6fcbe3f5d786d4cc71e1dc5","12-792e36ca8c18676d3564406e1c96c071","1120822","کردستان","Kordestān","سنندج","Sanandaj","مرکزی","Markazi","","","حومه","Humeh","خیاره","Khayāreh","Khayāra","Masoud Mohammadirad, field notes 2015","643","","","","Central Kurdish 100%","Masoud Mohammadirad, field notes 2015",35.24854876732931,47.10184784359998,""
"","2c896fbee6fcbe3f5d786d4cc71e10da","13-f7a70b1454b77f4ef794f2cf3fc3dabb","1120823","کردستان","Kordestān","سنندج","Sanandaj","مرکزی","Markazi","","","حومه","Humeh","دولت آباد","Dowlat Ābād","Kor Kora","Masoud Mohammadirad, field notes 2015","971","","","","Central Kurdish 100%","Masoud Mohammadirad, field notes 2015",35.30372633051206,47.11793066355398,""
"","2c896fbee6fcbe3f5d786d4cc71e0692","13-a79c6c758bdbec1497964ffd41b508a6","1120824","کردستان","Kordestān","سنندج","Sanandaj","مرکزی","Markazi","","","حومه","Humeh","هانیس","Hānis","Hānis","Masoud Mohammadirad, field notes 2015","435","","","","Central Kurdish 100%","Masoud Mohammadirad, field notes 2015",35.2370581515366,47.12023446040548,""
"","2c896fbee6fcbe3f5d786d4cc71dfb1b","12-bcf268d017015a14b2f0872b7ce8ceac","1120825","کردستان","Kordestān","سنندج","Sanandaj","مرکزی","Markazi","","","حومه","Humeh","آساوله","Āsāvleh","Āsāwḷa","Masoud Mohammadirad, field notes 2015","3382","","","","Central Kurdish 100%","Masoud Mohammadirad, field notes 2015",35.295681730964795,47.04655892572189,""
"","2c896fbee6fcbe3f5d786d4cc71df4f2","12-653f33187ee65b9a35f3d778a433d346","1120826","کردستان","Kordestān","سنندج","Sanandaj","مرکزی","Markazi","","","حومه","Humeh","برازان","Barāzān","Barāzān","Masoud Mohammadirad, field notes 2015","378","","","","Central Kurdish 100%","Masoud Mohammadirad, field notes 2015",35.30757925274597,47.075137870949085,""
"","2c896fbee6fcbe3f5d786d4cc71de578","12-55a5747ae6eb10f9e2cda02af6b511e6","1120827","کردستان","Kordestān","سنندج","Sanandaj","مرکزی","Markazi","","","حومه","Humeh","شهرک صنعتی سنندج 1","Shahrak San'ati-ye Sanandaj Yek","Shārak","Masoud Mohammadirad, field notes 2015","363","","","","Central Kurdish 100%","Masoud Mohammadirad, field notes 2015",35.30371349738826,47.04935138815668,""
"","2c896fbee6fcbe3f5d786d4cc71de24a","12-1f27f338b2a5cc7e6bf231a9299f4fc6","1120828","کردستان","Kordestān","سنندج","Sanandaj","مرکزی","Markazi","","","حومه","Humeh","مجتمع برازان","Mojtama'-e Barāzān","Mojtamay Barāzān","Masoud Mohammadirad, field notes 2015","63","","","","Central Kurdish 100%","Masoud Mohammadirad, field notes 2015",35.31204253956746,47.054150887594666,""
"","2c896fbee6fcbe3f5d786d4cc71de099","14-15aec82d5ebe6b9499275e145420672d","1120829","کردستان","Kordestān","سنندج","Sanandaj","مرکزی","Markazi","","","حومه","Humeh","صلوات آباد","Salvāt Ābād","Saḷwātāwā","Masoud Mohammadirad, field notes 2015","3399","","","","Central Kurdish 100%","Masoud Mohammadirad, field notes 2015",35.27953758795467,47.124308664857615,""
"","2c896fbee6fcbe3f5d786d4cc71e9980","12-9671cb0ca01240a27958eb21fc64012b","1120830","کردستان","Kordestān","سنندج","Sanandaj","مرکزی","Markazi","","","حومه","Humeh","دوشان","Dushān","Dushān","Masoud Mohammadirad, field notes 2015","4085","","","","Central Kurdish 100%","Masoud Mohammadirad, field notes 2015",35.252342114111826,47.04197831353918,""
"","2c896fbee6fcbe3f5d786d4cc71e9594","12-38580aaba5864ffcf0d2032d9b381f6c","1120831","کردستان","Kordestān","سنندج","Sanandaj","مرکزی","Markazi","","","حومه","Humeh","فرودگاه سنندج","Forudgāh-e Sanandaj","Forudgā","Masoud Mohammadirad, field notes 2015","97","","","","Central Kurdish 100%","Masoud Mohammadirad, field notes 2015",35.252098931753146,47.01376103874376,""
"","2c896fbee6fcbe3f5d786d4cc71e8768","12-b084a418c7c792fac812416414a0b575","1120832","کردستان","Kordestān","سنندج","Sanandaj","مرکزی","Markazi","","","حومه","Humeh","قار","Qār","Qār","Masoud Mohammadirad, field notes 2015","1386","","","","Central Kurdish 100%","Masoud Mohammadirad, field notes 2015",35.27080895744519,47.04604394159116,""
"","2c896fbee6fcbe3f5d786d4cc71e785a","12-afdeb54e3ac23d85d56d50e7d331c15a","1120833","کردستان","Kordestān","سنندج","Sanandaj","مرکزی","Markazi","","","حومه","Humeh","گرمیدر","Garmidar","Garmiyar","Masoud Mohammadirad, field notes 2015","168","","","","Central Kurdish 100%","Masoud Mohammadirad, field notes 2015",35.251329907184136,47.06495680645603,""
"","2c896fbee6fcbe3f5d786d4cc71e6a72","12-9036fe9a648a409c2e1feb188a83eb18","1120834","کردستان","Kordestān","سنندج","Sanandaj","مرکزی","Markazi","","","حومه","Humeh","کانی کچک","Kāni Kochek","Kāni Kochek","Masoud Mohammadirad, field notes 2015","91","","","","Central Kurdish 100%","Masoud Mohammadirad, field notes 2015",35.23092286931391,47.061700511809725,""
"","2c896fbee6fcbe3f5d786d4cc71e6366","10-9076dc0707c56826dbf3656d6126394a","1120835","کردستان","Kordestān","سنندج","Sanandaj","مرکزی","Markazi","","","ژاورودشرقی","Zhāverud-e Sharqi","","","","","6224","","","","","","","",""
"","2c896fbee6fcbe3f5d786d4cc71e55ad","12-d306a00b183c664c9bf2af0252404890","1120836","کردستان","Kordestān","سنندج","Sanandaj","مرکزی","Markazi","","","ژاورودشرقی","Zhāverud-e Sharqi","اندرآب","Andar Āb","Hanarāw","Masoud Mohammadirad, field notes 2015","133","","","","Central Kurdish 100%","Masoud Mohammadirad, field notes 2015",35.13090442020415,46.866637756095855,""
"","2c896fbee6fcbe3f5d786d4cc71e5046","12-12db33a16abe7c8ab95c310f58448322","1120837","کردستان","Kordestān","سنندج","Sanandaj","مرکزی","Markazi","","","ژاورودشرقی","Zhāverud-e Sharqi","درویشان","Darvishān","Dawrēshān","Masoud Mohammadirad, field notes 2015","296","","","","Central Kurdish 100%","Masoud Mohammadirad, field notes 2015",35.15443701363321,46.85410281404881,""
"","2c896fbee6fcbe3f5d786d4cc71e40cc","12-23fc9937ce41896e23ab20b4568fa7d7","1120838","کردستان","Kordestān","سنندج","Sanandaj","مرکزی","Markazi","","","ژاورودشرقی","Zhāverud-e Sharqi","دره کوله","Darreh Kowleh","Dara KōỊa","Masoud Mohammadirad, field notes 2015","156","","","","Central Kurdish 100%","Masoud Mohammadirad, field notes 2015",35.116811393345124,46.88162594006804,""
"","2c896fbee6fcbe3f5d786d4cc71e3a1d","12-5d4900ae7276ea78a6fd62b0e0daf36d","1120839","کردستان","Kordestān","سنندج","Sanandaj","مرکزی","Markazi","","","ژاورودشرقی","Zhāverud-e Sharqi","کانی شلانه","Kāni Shelāneh","Kāni Sheḷāna","Masoud Mohammadirad, field notes 2015","29","","","","Central Kurdish 100%","Masoud Mohammadirad, field notes 2015",35.11890882645046,46.8802687423067,""
"","2c896fbee6fcbe3f5d786d4cc71ef105","12-cdbdb261466b727594fb13b42b1b38af","1120840","کردستان","Kordestān","سنندج","Sanandaj","مرکزی","Markazi","","","ژاورودشرقی","Zhāverud-e Sharqi","وصی سفلی","Vasi-ye Soflā","Wasē Khwārō","Masoud Mohammadirad, field notes 2015","287","","","","Hōrāmi  100%","Masoud Mohammadirad, field notes 2015",35.08946328510735,46.816231645551206,""
"","2c896fbee6fcbe3f5d786d4cc71eeaea","12-d54a39890375211db0d9fe553d9d100e","1120841","کردستان","Kordestān","سنندج","Sanandaj","مرکزی","Markazi","","","ژاورودشرقی","Zhāverud-e Sharqi","وصی علیا","Vasi-ye Olyā","Wasē Zhurō","Masoud Mohammadirad, field notes 2015","192","","","","Hōrāmi  100%","Masoud Mohammadirad, field notes 2015",35.10594787631087,46.8234619519815,""
"","2c896fbee6fcbe3f5d786d4cc71ee06b","16-c475ac01599184915913e72c0ea9a2e3","1120842","کردستان","Kordestān","سنندج","Sanandaj","مرکزی","Markazi","","","ژاورودشرقی","Zhāverud-e Sharqi","هشلی","Hashli","HashỊi","Masoud Mohammadirad, field notes 2015","14","","","","Central Kurdish 100%","Masoud Mohammadirad, field notes 2015",35.15879654548863,46.842142943295606,""
"","2c896fbee6fcbe3f5d786d4cc71edc7b","12-4048b2bf25c27c94619e181323c6f7a5","1120843","کردستان","Kordestān","سنندج","Sanandaj","مرکزی","Markazi","","","ژاورودشرقی","Zhāverud-e Sharqi","خانقاه گلین","Khāneqāh-e Galin","Khāneqāy Galēn","Masoud Mohammadirad, field notes 2015","158","","","","Hōrāmi  100%","Masoud Mohammadirad, field notes 2015",35.14630502919618,46.83689376101373,""
"","2c896fbee6fcbe3f5d786d4cc71eccd5","12-00dcd54c4051799f10482ef80f15e5e5","1120844","کردستان","Kordestān","سنندج","Sanandaj","مرکزی","Markazi","","","ژاورودشرقی","Zhāverud-e Sharqi","گلین","Galin","Galēn","Masoud Mohammadirad, field notes 2015","1212","","","","Hōrāmi  100%","Masoud Mohammadirad, field notes 2015",35.1322032720389,46.816901743909256,""
"","2c896fbee6fcbe3f5d786d4cc71ec313","12-5c9abe31d803751fd872763f13ce7194","1120845","کردستان","Kordestān","سنندج","Sanandaj","مرکزی","Markazi","","","ژاورودشرقی","Zhāverud-e Sharqi","توریور","Towrivar","Tawriwar","Masoud Mohammadirad, field notes 2015","630","","","","Central Kurdish 100%","Masoud Mohammadirad, field notes 2015",35.18423469416681,46.80153036217632,""
"","2c896fbee6fcbe3f5d786d4cc71eb65d","12-3f5b8da52a110948af8e4f3d41e628be","1120846","کردستان","Kordestān","سنندج","Sanandaj","مرکزی","Markazi","","","ژاورودشرقی","Zhāverud-e Sharqi","شیان","Shiān","Shiyān","Masoud Mohammadirad, field notes 2015","661","","","","Hōrāmi  51%; Central Kurdish 49%","Masoud Mohammadirad, field notes 2015",35.17109754820858,46.76592939578886,""
"","2c896fbee6fcbe3f5d786d4cc71eb055","14-4ab28ada2a993923ea798d0992f7a076","1120847","کردستان","Kordestān","سنندج","Sanandaj","مرکزی","Markazi","","","ژاورودشرقی","Zhāverud-e Sharqi","تکیه هشمیز","Takyeh Hashemiz","Takyay Hashamēz","Masoud Mohammadirad, field notes 2015","85","","","","Hōrāmi  100%","Masoud Mohammadirad, field notes 2015",35.20926497007681,46.794618303407304,""
"","2c896fbee6fcbe3f5d786d4cc71eaccf","12-9c08b0e6a026d656a67a2c2c3867c7bb","1120848","کردستان","Kordestān","سنندج","Sanandaj","مرکزی","Markazi","","","ژاورودشرقی","Zhāverud-e Sharqi","هشمیز","Hashemiz","Hashamēz","Masoud Mohammadirad, field notes 2015","1400","","","","Hōrāmi  100%","Masoud Mohammadirad, field notes 2015",35.21522564042932,46.78802006923047,""
"","2c896fbee6fcbe3f5d786d4cc71ea733","12-e21fea9396d6476a8e5685ea1b324b4a","1120849","کردستان","Kordestān","سنندج","Sanandaj","مرکزی","Markazi","","","ژاورودشرقی","Zhāverud-e Sharqi","اندر","Andarr ","Hanaṛ","Masoud Mohammadirad, field notes 2015","125","","","","Central Kurdish 100%","Masoud Mohammadirad, field notes 2015",35.19835054984219,46.81360834323084,""
"","2c896fbee6fcbe3f5d786d4cc71f5464","12-d2bc78b172b8d596bd8fb5227c72bfd0","1120850","کردستان","Kordestān","سنندج","Sanandaj","مرکزی","Markazi","","","ژاورودشرقی","Zhāverud-e Sharqi","برزآب","Barz Āb","Barzāw","Masoud Mohammadirad, field notes 2015","27","","","","Central Kurdish 100%","Masoud Mohammadirad, field notes 2015",35.17231224049384,46.86411559954358,""
"","2c896fbee6fcbe3f5d786d4cc71f4644","12-b1598d97181432027b04ff4b2327be3f","1120851","کردستان","Kordestān","سنندج","Sanandaj","مرکزی","Markazi","","","ژاورودشرقی","Zhāverud-e Sharqi","پتلیدر","Petlidar ","PetỊiyar","Masoud Mohammadirad, field notes 2015","36","","","","Central Kurdish 100%","Masoud Mohammadirad, field notes 2015",35.19328737688197,46.85573359713187,""
"","2c896fbee6fcbe3f5d786d4cc71f378d","12-43949addf26c67bb7409c3e9d1efc2b3","1120852","کردستان","Kordestān","سنندج","Sanandaj","مرکزی","Markazi","","","ژاورودشرقی","Zhāverud-e Sharqi","تخته","Takhteh","Takhta","Masoud Mohammadirad, field notes 2015","449","","","","Hōrāmi  100%","Masoud Mohammadirad, field notes 2015",35.21389169481155,46.8450039207267,""
"","2c896fbee6fcbe3f5d786d4cc71f28e1","12-3a862b8b1a94ad55028c318f251063f8","1120853","کردستان","Kordestān","سنندج","Sanandaj","مرکزی","Markazi","","","ژاورودشرقی","Zhāverud-e Sharqi","حلوان","Halvān","HaỊwān","Masoud Mohammadirad, field notes 2015","334","","","","Hōrāmi  100%","Masoud Mohammadirad, field notes 2015",35.22250387468386,46.81302297473754,""
"","2c896fbee6fcbe3f5d786d4cc71f1ef8","10-867c779d3a7ae820981845089bc32031","1120854","کردستان","Kordestān","سنندج","Sanandaj","مرکزی","Markazi","","","نران","Narān","","","","","4943","","","","","","","",""
"","2c896fbee6fcbe3f5d786d4cc71f1318","14-7dedb4771b0764f33f58ac4fb8d95ba8","1120855","کردستان","Kordestān","سنندج","Sanandaj","مرکزی","Markazi","","","نران","Narān","چناران","Chenārān","Chenārān","Masoud Mohammadirad, field notes 2015","25","","","","Central Kurdish 100%","Masoud Mohammadirad, field notes 2015",35.17774558601903,47.0592209110369,""
"","2c896fbee6fcbe3f5d786d4cc71f09c5","12-64e3cb667f54dc24ce0076cd977ad814","1120856","کردستان","Kordestān","سنندج","Sanandaj","مرکزی","Markazi","","","نران","Narān","چنو","Chenu","Chenō","Masoud Mohammadirad, field notes 2015","175","","","","Central Kurdish 100%","Masoud Mohammadirad, field notes 2015",35.18519924709197,47.0037474641985,""
"","2c896fbee6fcbe3f5d786d4cc71f09b6","12-6f6e5aac6cd2b334bf677d787de66ff5","1120857","کردستان","Kordestān","سنندج","Sanandaj","مرکزی","Markazi","","","نران","Narān","سرنجیانه سفلی","Serenjiyāneh-ye Soflā","Serenjiyānay Khwār","Masoud Mohammadirad, field notes 2015","695","","","","Central Kurdish 100%","Masoud Mohammadirad, field notes 2015",35.205978042386796,47.00914406873306,""
"","2c896fbee6fcbe3f5d786d4cc71f037d","12-9a4394aa21a2cc4052a499cd3c9ae4cf","1120858","کردستان","Kordestān","سنندج","Sanandaj","مرکزی","Markazi","","","نران","Narān","سرنجیانه علیا","Serenjiyāneh-ye Olyā","Serenjiyānay Zhur","Masoud Mohammadirad, field notes 2015","355","","","","Central Kurdish 100%","Masoud Mohammadirad, field notes 2015",35.21804054113057,47.02744777693618,""
"","2c896fbee6fcbe3f5d786d4cc71ef98c","12-51b18a93f241d762a1fb969b1e4b2e4c","1120859","کردستان","Kordestān","سنندج","Sanandaj","مرکزی","Markazi","","","نران","Narān","کیلک","Kilek","Kēlek, Kēlö","Masoud Mohammadirad, field notes 2015","83","","","","Central Kurdish 100%","Masoud Mohammadirad, field notes 2015",35.169450013114904,47.010104613446636,""
"","2c896fbee6fcbe3f5d786d4cc71f98ba","12-8ccd499319e770e2c86cc8c16003e893","1120860","کردستان","Kordestān","سنندج","Sanandaj","مرکزی","Markazi","","","نران","Narān","نصرت آباد","Nasrat Ābād","Nosratāwā","Masoud Mohammadirad, field notes 2015","75","","","","Central Kurdish 100%","Masoud Mohammadirad, field notes 2015",35.19790570492131,47.10189657527277,""
"","2c896fbee6fcbe3f5d786d4cc71f97f9","12-79dc7488a87c1ccec668b4f3161e579a","1120861","کردستان","Kordestān","سنندج","Sanandaj","مرکزی","Markazi","","","نران","Narān","بوربان","Bowrebān","Bōrawān ","Masoud Mohammadirad, field notes 2015","99","","","","Central Kurdish 100%","Masoud Mohammadirad, field notes 2015",35.1223411992179,47.03707797386899,""
"","2c896fbee6fcbe3f5d786d4cc71f8d0a","12-9c6828d6626743e0631a626e2d0541f5","1120862","کردستان","Kordestān","سنندج","Sanandaj","مرکزی","Markazi","","","نران","Narān","سمان","Semān","Semān","Masoud Mohammadirad, field notes 2015","81","","","","Central Kurdish 100%","Masoud Mohammadirad, field notes 2015",35.11832147401541,47.089499447112495,""
"","2c896fbee6fcbe3f5d786d4cc71f8bbf","12-465c2be327d4f852c9f802bcc575197d","1120863","کردستان","Kordestān","سنندج","Sanandaj","مرکزی","Markazi","","","نران","Narān","قصریان","Qasriān","Qaseryān","Masoud Mohammadirad, field notes 2015","139","","","","Central Kurdish 100%","Masoud Mohammadirad, field notes 2015",35.147101610340876,47.06170601704061,""
"","2c896fbee6fcbe3f5d786d4cc71f8789","12-c9fea6a21f3d8436cb37e2af29c1f432","1120864","کردستان","Kordestān","سنندج","Sanandaj","مرکزی","Markazi","","","نران","Narān","نران","Narān","Naṛān","Masoud Mohammadirad, field notes 2015","590","","","","Central Kurdish 100%","Masoud Mohammadirad, field notes 2015",35.14762323691908,47.105860942664805,""
"","2c896fbee6fcbe3f5d786d4cc71f7f5c","12-efd7ee3f2878ba9abb9526113f72a6ab","1120865","کردستان","Kordestān","سنندج","Sanandaj","مرکزی","Markazi","","","نران","Narān","هوانله","Hovānleh","Huwāla","Masoud Mohammadirad, field notes 2015","163","","","","Central Kurdish 100%","Masoud Mohammadirad, field notes 2015",35.09996038794933,47.08622178769633,""
"","2c896fbee6fcbe3f5d786d4cc71f7093","12-5b6adac8539e5eb1fa6ed82c8c18ce78","1120866","کردستان","Kordestān","سنندج","Sanandaj","مرکزی","Markazi","","","نران","Narān","شهرک وحدت","Shahrak-e Vahdat","Shārak","Masoud Mohammadirad, field notes 2015","70","","","","Central Kurdish 100%","Masoud Mohammadirad, field notes 2015",35.121823480626276,47.06974727966607,""
"","2c896fbee6fcbe3f5d786d4cc71f6b4d","12-ca202290d0bf950652f3a36dc2af13b9","1120867","کردستان","Kordestān","سنندج","Sanandaj","مرکزی","Markazi","","","نران","Narān","انگوژان","Anguzhān","Hangurān","Masoud Mohammadirad, field notes 2015","173","","","","Central Kurdish 100%","Masoud Mohammadirad, field notes 2015",35.08495094413018,46.956801217548794,""
"","2c896fbee6fcbe3f5d786d4cc71f609c","14-a35a9bc91d9b8a06253d173ab4128bc2","1120868","کردستان","Kordestān","سنندج","Sanandaj","مرکزی","Markazi","","","نران","Narān","دول باغ","Dowl Bāgh","DōỊbākh","Masoud Mohammadirad, field notes 2015"," ","(less than 3 households; population not specified in 2011 Census for reasons of privacy)","","","Central Kurdish 100%","Masoud Mohammadirad, field notes 2015",35.12794057369478,46.941316801366,""
"","2c896fbee6fcbe3f5d786d4cc71f55a4","12-b324277281ccd6d5cb84d66cb1d65756","1120869","کردستان","Kordestān","سنندج","Sanandaj","مرکزی","Markazi","","","نران","Narān","زروان","Zervān","Zerwān","Masoud Mohammadirad, field notes 2015","94","","","","Central Kurdish 100%","Masoud Mohammadirad, field notes 2015",35.097707100440715,47.00756021840421,""
"","2c896fbee6fcbe3f5d786d4cc71fed59","12-70f0d99b2bfe5f085ac91ae90e8cf777","1120870","کردستان","Kordestān","سنندج","Sanandaj","مرکزی","Markazi","","","نران","Narān","سمیران","Semirān","Semērān","Masoud Mohammadirad, field notes 2015","54","","","","Central Kurdish 100%","Masoud Mohammadirad, field notes 2015",35.06993676430631,46.98155264233583,""
"","2c896fbee6fcbe3f5d786d4cc71fec87","12-5373440321e8476faddf50c29f1e8b4a","1120871","کردستان","Kordestān","سنندج","Sanandaj","مرکزی","Markazi","","","نران","Narān","شیلان","Shilān","Shilān","Masoud Mohammadirad, field notes 2015","69","","","","Central Kurdish 100%","Masoud Mohammadirad, field notes 2015",35.09673146227261,46.941155868825135,""
"","2c896fbee6fcbe3f5d786d4cc71fdd07","12-63f0e9cb13a1ba2eabad7edd3a3cb537","1120872","کردستان","Kordestān","سنندج","Sanandaj","مرکزی","Markazi","","","نران","Narān","شینه","Shineh","Shena","Masoud Mohammadirad, field notes 2015","107","","","","Central Kurdish 100%","Masoud Mohammadirad, field notes 2015",35.13574945783213,46.990847071139136,""
"","2c896fbee6fcbe3f5d786d4cc71fd441","12-9beb70c04a8c74905010343ea521923e","1120873","کردستان","Kordestān","سنندج","Sanandaj","مرکزی","Markazi","","","نران","Narān","علی آباد","Ali Ābād","Āḷiyāwā","Masoud Mohammadirad, field notes 2015","126","","","","Central Kurdish 100%","Masoud Mohammadirad, field notes 2015",35.1164886745889,46.949910599049424,""
"","2c896fbee6fcbe3f5d786d4cc71fcbba","12-d05363e3149aa9e2bf065c22a74b3abb","1120874","کردستان","Kordestān","سنندج","Sanandaj","مرکزی","Markazi","","","نران","Narān","علی آباد بزیندر","Ali Ābād-e Bezindar","Āḷiyāwāy Bezēnar","Masoud Mohammadirad, field notes 2015"," ","(less than 3 households; population not specified in 2011 Census for reasons of privacy)","","","Central Kurdish 100%","Masoud Mohammadirad, field notes 2015",35.05763361421444,46.959633630266936,""
"","2c896fbee6fcbe3f5d786d4cc71fbbd3","12-eb227ee11768374fc196b17db6cba0a7","1120875","کردستان","Kordestān","سنندج","Sanandaj","مرکزی","Markazi","","","نران","Narān","گر آباد","Garr Ābād","Gaṛāwā","Masoud Mohammadirad, field notes 2015","193","","","","Central Kurdish 100%","Masoud Mohammadirad, field notes 2015",35.0766016680126,47.0319200406741,""
"","2c896fbee6fcbe3f5d786d4cc71fb700","12-7a0fd0057fae752358a3fc25e313bf70","1120876","کردستان","Kordestān","سنندج","Sanandaj","مرکزی","Markazi","","","نران","Narān","لنج آباد","Lanj Ābād","Lanjāwā","Masoud Mohammadirad, field notes 2015","229","","","","Central Kurdish 100%","Masoud Mohammadirad, field notes 2015",35.11878844311969,46.97670320843568,""
"","2c896fbee6fcbe3f5d786d4cc71fb163","12-2b96ccbd5779878254207fc7ece65cfe","1120877","کردستان","Kordestān","سنندج","Sanandaj","مرکزی","Markazi","","","نران","Narān","موینه","Movineh","Muwina","Masoud Mohammadirad, field notes 2015","186","","","","Central Kurdish 100%","Masoud Mohammadirad, field notes 2015",35.14284669912086,47.0155559287372,""
"","2c896fbee6fcbe3f5d786d4cc71fac0b","16-e1a542e967a8793691a8e9b9c21dbe2e","1120878","کردستان","Kordestān","سنندج","Sanandaj","مرکزی","Markazi","","","نران","Narān","شینه شریف آباد","Shineh-ye Sharif Ābād","Shenay Sharifāwā","Masoud Mohammadirad, field notes 2015","37","","","","Central Kurdish 100%","Masoud Mohammadirad, field notes 2015",35.13313478075289,46.99407645079258,""
"","2c896fbee6fcbe3f5d786d4cc71fa817","12-92ba2d5ea6655a3c5c82dbd3926368f2","1120879","کردستان","Kordestān","سنندج","Sanandaj","مرکزی","Markazi","","","نران","Narān","بزلانه","Bezlāneh","Bezḷāna","Masoud Mohammadirad, field notes 2015","271","","","","Hōrāmi  100%","Masoud Mohammadirad, field notes 2015",35.08054295416702,46.87935832314848,""
"","2c896fbee6fcbe3f5d786d4cc7202cf2","12-b1ce817567ee57294125c49859e7b70c","1120880","کردستان","Kordestān","سنندج","Sanandaj","مرکزی","Markazi","","","نران","Narān","سنگ سفید","Sang Sefid","Kochek Charmu","Masoud Mohammadirad, field notes 2015","72","","","","Central Kurdish 100%","Masoud Mohammadirad, field notes 2015",35.074147537985326,46.92412697548319,""
"","2c896fbee6fcbe3f5d786d4cc7201f65","12-d028aa815291972bcc454bbe22be51be","1120881","کردستان","Kordestān","سنندج","Sanandaj","مرکزی","Markazi","","","نران","Narān","سو","Su","Sō","Masoud Mohammadirad, field notes 2015","382","","","","Hōrāmi  100%","Masoud Mohammadirad, field notes 2015",35.15811726601074,46.909365893395126,""
"","2c896fbee6fcbe3f5d786d4cc72012a5","12-208bca7130ea3870c38b92ffb1c27cda","1120882","کردستان","Kordestān","سنندج","Sanandaj","مرکزی","Markazi","","","نران","Narān","سواریان","Sovāriān","Suwāryān","Masoud Mohammadirad, field notes 2015","86","","","","Hōrāmi  100%","Masoud Mohammadirad, field notes 2015",35.13004336597555,46.890483141931554,""
"","2c896fbee6fcbe3f5d786d4cc7200794","12-eec90c2bc8e2be2a822fa911d6e7b972","1120883","کردستان","Kordestān","سنندج","Sanandaj","مرکزی","Markazi","","","نران","Narān","عسگران","Asgarān","Askarān","Masoud Mohammadirad, field notes 2015","191","","","","Central Kurdish 100%","Masoud Mohammadirad, field notes 2015",35.09080599835614,46.909377606439186,""
"","2c896fbee6fcbe3f5d786d4cc72004ce","14-4a7d5e8c0698f9d717174cbe0fddb38b","1120884","کردستان","Kordestān","سنندج","Sanandaj","مرکزی","Markazi","","","نران","Narān","لره ول","Lareh Vel","Laraweḷ","Masoud Mohammadirad, field notes 2015","62","","","","Central Kurdish 100%","Masoud Mohammadirad, field notes 2015",35.099945183564614,46.92598306412074,""
"","2c896fbee6fcbe3f5d786d4cc71ffcb0","12-c6646302742dd6a5f94cc04d9edca821","1120885","کردستان","Kordestān","سنندج","Sanandaj","مرکزی","Markazi","","","نران","Narān","قران","Qerrān","Qeṛān","Masoud Mohammadirad, field notes 2015","42","","","","Central Kurdish 100%","Masoud Mohammadirad, field notes 2015",35.063715167475955,46.93631450509486,""
"","2c896fbee6fcbe3f5d786d4cc71ff85e","10-c0c249d47ace1a0079d63386423f372f","1120886","کردستان","Kordestān","سنندج","Sanandaj","مرکزی","Markazi","","","سراب قامیش","Sarāb Qāmish","","","","","4785","","","","","","","",""
"","2c896fbee6fcbe3f5d786d4cc71ff854","12-d6f32e65c77610809fcd9eeb6dfa4cee","1120887","کردستان","Kordestān","سنندج","Sanandaj","مرکزی","Markazi","","","سراب قامیش","Sarāb Qāmish","تازه آباد دویسه","Tāzeh Ābād-e Doveyseh","Tāzāwāy Dowaysa","Masoud Mohammadirad, field notes 2015","73","","","","Central Kurdish 100%","Masoud Mohammadirad, field notes 2015",35.44849534419016,46.92329095298311,""
"","2c896fbee6fcbe3f5d786d4cc71ff816","12-064e4b65526817231c3bda1f9f7df586","1120888","کردستان","Kordestān","سنندج","Sanandaj","مرکزی","Markazi","","","سراب قامیش","Sarāb Qāmish","ساتیله","Sātileh","Sātēḷa ","Masoud Mohammadirad, field notes 2015","158","","","","Central Kurdish 100%","Masoud Mohammadirad, field notes 2015",35.4013223497206,46.977000036413095,""
"","2c896fbee6fcbe3f5d786d4cc71fed9b","14-bfb54700990569b61e13d8f8389dee78","1120889","کردستان","Kordestān","سنندج","Sanandaj","مرکزی","Markazi","","","سراب قامیش","Sarāb Qāmish","سراب قامیش","Sarāb Qāmish","Sarāw Qāmish","Masoud Mohammadirad, field notes 2015","1767","","","","Central Kurdish 100%","Masoud Mohammadirad, field notes 2015",35.43639687047988,46.94714244277774,""
"","2c896fbee6fcbe3f5d786d4cc720755a","12-afc2c71fff19017fe54541e2e0f48ad4","1120890","کردستان","Kordestān","سنندج","Sanandaj","مرکزی","Markazi","","","سراب قامیش","Sarāb Qāmish","چهل گزی","Chehel Gazi","Chel Gazi","Masoud Mohammadirad, field notes 2015","139","","","","Central Kurdish 100%","Masoud Mohammadirad, field notes 2015",35.451624242367,46.92856627377748,""
"","2c896fbee6fcbe3f5d786d4cc7206dbc","14-9ebd56269daba70bc412e9f04f66a0ad","1120891","کردستان","Kordestān","سنندج","Sanandaj","مرکزی","Markazi","","","سراب قامیش","Sarāb Qāmish","تودارصمدی","Tudār Samadi","Tuwār Samayi","Masoud Mohammadirad, field notes 2015","492","","","","Central Kurdish 100%","Masoud Mohammadirad, field notes 2015",35.457741848191134,46.8184487670233,""
"","2c896fbee6fcbe3f5d786d4cc72069b3","12-f19815b02d85cf775d0aec1fe4cf4fba","1120892","کردستان","Kordestān","سنندج","Sanandaj","مرکزی","Markazi","","","سراب قامیش","Sarāb Qāmish","دویسه","Doveyseh","Dowaysa","Masoud Mohammadirad, field notes 2015","493","","","","Central Kurdish 100%","Masoud Mohammadirad, field notes 2015",35.45623780040712,46.89467879906646,""
"","2c896fbee6fcbe3f5d786d4cc720686a","12-e4acc2407bfc2e4d6372c528f0592f73","1120893","کردستان","Kordestān","سنندج","Sanandaj","مرکزی","Markazi","","","سراب قامیش","Sarāb Qāmish","گاودره","Gāv Darreh","Gāwara","Masoud Mohammadirad, field notes 2015","217","","","","Central Kurdish 100%","Masoud Mohammadirad, field notes 2015",35.497468505503555,46.817503199396725,""
"","2c896fbee6fcbe3f5d786d4cc7206745","14-982084e0500837363c250176d7d119a4","1120894","کردستان","Kordestān","سنندج","Sanandaj","مرکزی","Markazi","","","سراب قامیش","Sarāb Qāmish","چرندو","Cherendu","Cheṛnu","Masoud Mohammadirad, field notes 2015","361","","","","Central Kurdish 100%","Masoud Mohammadirad, field notes 2015",35.4876347779029,46.94957409891964,""
"","2c896fbee6fcbe3f5d786d4cc7205869","12-faadd4e8142f900b292d99fefbf3a041","1120895","کردستان","Kordestān","سنندج","Sanandaj","مرکزی","Markazi","","","سراب قامیش","Sarāb Qāmish","قلقله چتان","Qolqoleh-ye Chatān","Qoḷqoḷa","Masoud Mohammadirad, field notes 2015","86","","","","Central Kurdish 100%","Masoud Mohammadirad, field notes 2015",35.48472176798955,46.8326184865132,""
"","2c896fbee6fcbe3f5d786d4cc72055cb","12-211028e786dbb5f52690514143ae9b72","1120896","کردستان","Kordestān","سنندج","Sanandaj","مرکزی","Markazi","","","سراب قامیش","Sarāb Qāmish","چتان","Chatān","Chatān","Masoud Mohammadirad, field notes 2015","363","","","","Central Kurdish 100%","Masoud Mohammadirad, field notes 2015",35.5029187797189,46.876037446416426,""
"","2c896fbee6fcbe3f5d786d4cc72049c4","12-83ba4ee510ab4960a8f9642edc9276f2","1120897","کردستان","Kordestān","سنندج","Sanandaj","مرکزی","Markazi","","","سراب قامیش","Sarāb Qāmish","خاکروزی","Khākrowzi","Khākrōzi","Masoud Mohammadirad, field notes 2015","75","","","","Central Kurdish 100%","Masoud Mohammadirad, field notes 2015",35.523798435906414,46.884237059912635,""
"","2c896fbee6fcbe3f5d786d4cc7203a65","12-f4bb70262c3084c05ad99c0759a73d6a","1120898","کردستان","Kordestān","سنندج","Sanandaj","مرکزی","Markazi","","","سراب قامیش","Sarāb Qāmish","آلیجان","Ālijān","ĀỊijān","Masoud Mohammadirad, field notes 2015","97","","","","Central Kurdish 100%","Masoud Mohammadirad, field notes 2015",35.499983003436014,46.90028786123923,""
"","2c896fbee6fcbe3f5d786d4cc7203971","14-1dd49a2d493aa89f9648d8191cbbb2a8","1120899","کردستان","Kordestān","سنندج","Sanandaj","مرکزی","Markazi","","","سراب قامیش","Sarāb Qāmish","کانی تاله","Kāni Tāleh","Kāni Tāḷa","Masoud Mohammadirad, field notes 2015","19","","","","Central Kurdish 100%","Masoud Mohammadirad, field notes 2015",35.558554065046636,46.835883125618274,""
"","2c896fbee6fcbe3f5d786d4cc720c8a8","12-f3ee8c3db4616d68a6df1a17318478e9","1120900","کردستان","Kordestān","سنندج","Sanandaj","مرکزی","Markazi","","","سراب قامیش","Sarāb Qāmish","مائین دول","Māin Dowl","Māindōḷ","Masoud Mohammadirad, field notes 2015","227","","","","Central Kurdish 100%","Masoud Mohammadirad, field notes 2015",35.577303784088265,46.84699698526661,""
"","2c896fbee6fcbe3f5d786d4cc720c058","12-e6f2c0bd75956a92d5ade141a594e6d4","1120901","کردستان","Kordestān","سنندج","Sanandaj","مرکزی","Markazi","","","سراب قامیش","Sarāb Qāmish","خنجره سفلی","Khanjareh-ye Soflā","Khanjaray Khwāru","Masoud Mohammadirad, field notes 2015"," ","(less than 3 households; population not specified in 2011 Census for reasons of privacy)","","","Central Kurdish 100%","Masoud Mohammadirad, field notes 2015","","",""
"","2c896fbee6fcbe3f5d786d4cc720bd38","12-7488e2f1b3b2a9955bdaaa0f90b8d3ae","1120902","کردستان","Kordestān","سنندج","Sanandaj","مرکزی","Markazi","","","سراب قامیش","Sarāb Qāmish","هانه گلان","Hāneh Gelān","Hāna Gelān, HānawỊān","Masoud Mohammadirad, field notes 2015","85","","","","Central Kurdish 100%","Masoud Mohammadirad, field notes 2015",35.60057729340701,46.8126741508189,""
"","2c896fbee6fcbe3f5d786d4cc720b50e","12-f9fe621c532fc9eda2f35f28a79e9a15","1120903","کردستان","Kordestān","سنندج","Sanandaj","مرکزی","Markazi","","","سراب قامیش","Sarāb Qāmish","معین آباد","Mo'in Ābād","Mō'ināwā","Masoud Mohammadirad, field notes 2015","45","","","","Central Kurdish 100%","Masoud Mohammadirad, field notes 2015",35.52591153354143,46.869411128560095,""
"","2c896fbee6fcbe3f5d786d4cc720ad91","12-536fc626bd326fdb0c18f22d4d4d2912","1120904","کردستان","Kordestān","سنندج","Sanandaj","مرکزی","Markazi","","","سراب قامیش","Sarāb Qāmish","قلوزه","Qalvazeh","Qaḷwaza","Masoud Mohammadirad, field notes 2015","81","","","","Central Kurdish 100%","Masoud Mohammadirad, field notes 2015",35.558194925616355,46.86446186311275,""
"","2c896fbee6fcbe3f5d786d4cc720ad1b","12-afb2a8545e820f287b7cc12dbdcd14fe","1120905","کردستان","Kordestān","سنندج","Sanandaj","مرکزی","Markazi","سنندج","Sanandaj","","","","","Sena","Masoud Mohammadirad, field notes 2015","373987","","","","Central Kurdish 86%; Hōrāmi  7%; Tehrāni type Persian 4.95%; Southern Kurdish 2%; Aramaic 0.05%","Masoud Mohammadirad, field notes 2015; Erik Anonby, field notes 2014",35.31467841200063,46.99475669958155,""
"","2c896fbee6fcbe3f5d786d4cc720a5e5","10-546ec9db3be72759f0cd15cac89a58c3","1120906","کردستان","Kordestān","سنندج","Sanandaj","کلاترزان","Kalātarzān","","","","","","","","","21557","","","","","","","",""
"","2c896fbee6fcbe3f5d786d4cc7209946","10-0b1ed875b0d7f379bc99a942ab1e067e","1120907","کردستان","Kordestān","سنندج","Sanandaj","کلاترزان","Kalātarzān","","","ژاورودغربی","Zhāverud-e Gharbi","","","","","5781","","","","","","","",""
"","2c896fbee6fcbe3f5d786d4cc7208b3e","12-83e388e090af51c5fcf260651c6d42f6","1120908","کردستان","Kordestān","سنندج","Sanandaj","کلاترزان","Kalātarzān","","","ژاورودغربی","Zhāverud-e Gharbi","ویسر","Visar","Wēsar","Masoud Mohammadirad, field notes 2015","458","","","","Central Kurdish 100%","Masoud Mohammadirad, field notes 2015",35.26935360198332,46.7366384630208,""
"","2c896fbee6fcbe3f5d786d4cc7207b9b","12-2e85ca982413b0d0412d83823b3a5b66","1120909","کردستان","Kordestān","سنندج","Sanandaj","کلاترزان","Kalātarzān","","","ژاورودغربی","Zhāverud-e Gharbi","بزان","Bezān","Bezān","Masoud Mohammadirad, field notes 2015","107","","","","Central Kurdish 100%","Masoud Mohammadirad, field notes 2015",35.30879679777661,46.69342271138002,""
"","2c896fbee6fcbe3f5d786d4cc7212487","13-ee06e466331a7390200fc9e6f87d5cf0","1120910","کردستان","Kordestān","سنندج","Sanandaj","کلاترزان","Kalātarzān","","","ژاورودغربی","Zhāverud-e Gharbi","سه پیران","Seh Pirān","Sepērān","Masoud Mohammadirad, field notes 2015","318","","","","Hōrāmi  100%","Masoud Mohammadirad, field notes 2015",35.32499239683779,46.75576295564854,""
"","2c896fbee6fcbe3f5d786d4cc7211519","12-4e715138c3a7490144b0fd724da2f12a","1120911","کردستان","Kordestān","سنندج","Sanandaj","کلاترزان","Kalātarzān","","","ژاورودغربی","Zhāverud-e Gharbi","فطره زمین","Fetreh Zamin","Fetra Zawi","Masoud Mohammadirad, field notes 2015","52","","","","Central Kurdish 100%","Masoud Mohammadirad, field notes 2015",35.30201119102727,46.70711841296055,""
"","2c896fbee6fcbe3f5d786d4cc721078d","12-071cf0be44029a542206d755cedffa32","1120912","کردستان","Kordestān","سنندج","Sanandaj","کلاترزان","Kalātarzān","","","ژاورودغربی","Zhāverud-e Gharbi","کلاتی","Kalāti","Kaḷātē","Masoud Mohammadirad, field notes 2015","449","","","","Central Kurdish 100%","Masoud Mohammadirad, field notes 2015",35.30883181878701,46.72391406345694,""
"","2c896fbee6fcbe3f5d786d4cc720fbfa","12-f6e0986427bd502a5f260b4c1e073a70","1120913","کردستان","Kordestān","سنندج","Sanandaj","کلاترزان","Kalātarzān","","","ژاورودغربی","Zhāverud-e Gharbi","اویهنگ","Avihang","Awēhang","Masoud Mohammadirad, field notes 2015","1563","","","","Hōrāmi  100%","Masoud Mohammadirad, field notes 2015",35.256667038392806,46.68031597239297,""
"","2c896fbee6fcbe3f5d786d4cc720fa7f","12-44992ab8aa6d7c0b34df75bca88b12ce","1120914","کردستان","Kordestān","سنندج","Sanandaj","کلاترزان","Kalātarzān","","","ژاورودغربی","Zhāverud-e Gharbi","خواشت","Khovāsht","Khwāsht","Masoud Mohammadirad, field notes 2015","88","","","","Hōrāmi  100%","Masoud Mohammadirad, field notes 2015",35.22394921246901,46.57339940068404,""
"","2c896fbee6fcbe3f5d786d4cc720f9a7","12-677f05de18358948c3e26d68e24074dc","1120915","کردستان","Kordestān","سنندج","Sanandaj","کلاترزان","Kalātarzān","","","ژاورودغربی","Zhāverud-e Gharbi","سالیان","Sāliān","Sāḷiyān","Masoud Mohammadirad, field notes 2015","292","","","","Hōrāmi  100%","Masoud Mohammadirad, field notes 2015",35.245342767917656,46.63785920750283,""
"","2c896fbee6fcbe3f5d786d4cc720eb5d","12-d9b8c86feea47db37129044ea1a39d7c","1120916","کردستان","Kordestān","سنندج","Sanandaj","کلاترزان","Kalātarzān","","","ژاورودغربی","Zhāverud-e Gharbi","سرهویه","Sar Howyeh","Sar Hōya","Masoud Mohammadirad, field notes 2015","1055","","","","Hōrāmi  100%","Masoud Mohammadirad, field notes 2015",35.20736505702156,46.7007612352421,""
"","2c896fbee6fcbe3f5d786d4cc720e1d7","12-e313a522a987509a2f4031bd6ea439cd","1120917","کردستان","Kordestān","سنندج","Sanandaj","کلاترزان","Kalātarzān","","","ژاورودغربی","Zhāverud-e Gharbi","سفیدبن","Sefid Ben","Sepiben","Masoud Mohammadirad, field notes 2015","117","","","","Hōrāmi  100%","Masoud Mohammadirad, field notes 2015",35.251885397607836,46.56420478818082,""
"","2c896fbee6fcbe3f5d786d4cc720e012","14-688ca54df84af209ac439c0fbfbb8da5","1120918","کردستان","Kordestān","سنندج","Sanandaj","کلاترزان","Kalātarzān","","","ژاورودغربی","Zhāverud-e Gharbi","نجی","Neji","Nejē","Masoud Mohammadirad, field notes 2015","274","","","","Hōrāmi  100%","Masoud Mohammadirad, field notes 2015",35.251885397607836,46.60238871571238,""
"","2c896fbee6fcbe3f5d786d4cc720d7a1","14-3cf11e2c1bf85f04393d6a58929a9a74","1120919","کردستان","Kordestān","سنندج","Sanandaj","کلاترزان","Kalātarzān","","","ژاورودغربی","Zhāverud-e Gharbi","هویه","Howyeh","Hōya","Masoud Mohammadirad, field notes 2015","1008","","","","Hōrāmi  100%","Masoud Mohammadirad, field notes 2015",35.22198595688769,46.67429337497429,""
"","2c896fbee6fcbe3f5d786d4cc7216bb2","10-544e47a5606da1fc753d96d0e03ceaa6","1120920","کردستان","Kordestān","سنندج","Sanandaj","کلاترزان","Kalātarzān","","","کلاترزان","Kalātarzān","","","","","7371","","","","","","","",""
"","2c896fbee6fcbe3f5d786d4cc7215f35","12-f39f3a2885eeb43bf4a4f44897d01fc6","1120921","کردستان","Kordestān","سنندج","Sanandaj","کلاترزان","Kalātarzān","","","کلاترزان","Kalātarzān","برودر","Barudar","Baṛuwar","Masoud Mohammadirad, field notes 2015","163","","","","Central Kurdish 100%","Masoud Mohammadirad, field notes 2015",35.490994699793944,46.74887509762894,""
"","2c896fbee6fcbe3f5d786d4cc7215d4d","12-04b9eae5a5a14b5e2b7c7f6c360aa4bc","1120922","کردستان","Kordestān","سنندج","Sanandaj","کلاترزان","Kalātarzān","","","کلاترزان","Kalātarzān","تازه آباد عیسی آباد","Tāzeh Ābād-e Isi Ābād","Tāzāwāy Isiyāwā","Masoud Mohammadirad, field notes 2015","326","","","","Central Kurdish 100%","Masoud Mohammadirad, field notes 2015",35.36177954376811,46.799788399668955,""
"","2c896fbee6fcbe3f5d786d4cc72151fc","12-d95cf9d4fbfabba60c14955899a33a2f","1120923","کردستان","Kordestān","سنندج","Sanandaj","کلاترزان","Kalātarzān","","","کلاترزان","Kalātarzān","تودار روته","Tudār-e Ruteh","Tuwāra Ṛuta","Masoud Mohammadirad, field notes 2015","630","","","","Central Kurdish 100%","Masoud Mohammadirad, field notes 2015",35.41562286877326,46.793835075297125,""
"","2c896fbee6fcbe3f5d786d4cc72150de","12-39fb3ed3b70f4c5874e73386870fbc7f","1120924","کردستان","Kordestān","سنندج","Sanandaj","کلاترزان","Kalātarzān","","","کلاترزان","Kalātarzān","تودارملا","Tudār Mollā","Tuwār Maḷā","Masoud Mohammadirad, field notes 2015","548","","","","Central Kurdish 100%","Masoud Mohammadirad, field notes 2015",35.406391348726665,46.82116759637513,""
"","2c896fbee6fcbe3f5d786d4cc721462f","14-81d032140d386767c4d3b07f18ff7be3","1120925","کردستان","Kordestān","سنندج","Sanandaj","کلاترزان","Kalātarzān","","","کلاترزان","Kalātarzān","چاولکان حاجی","Chāvelkān Hāji","Chāwelkān Hāji","Masoud Mohammadirad, field notes 2015","285","","","","Central Kurdish 100%","Masoud Mohammadirad, field notes 2015",35.52289911133736,46.68818207204686,""
"","2c896fbee6fcbe3f5d786d4cc7213b7f","12-2ca498973f8d4f26092fce9a4c94691b","1120926","کردستان","Kordestān","سنندج","Sanandaj","کلاترزان","Kalātarzān","","","کلاترزان","Kalātarzān","دره خشکه","Darreh Khoshkeh","Dara Weshka","Masoud Mohammadirad, field notes 2015","162","","","","Central Kurdish 100%","Masoud Mohammadirad, field notes 2015",35.50393092048411,46.696196512585004,""
"","2c896fbee6fcbe3f5d786d4cc7213441","12-0927fb0954ec2dd4be9a27054ff77085","1120927","کردستان","Kordestān","سنندج","Sanandaj","کلاترزان","Kalātarzān","","","کلاترزان","Kalātarzān","سوره وان","Sureh Vān","Sura Wān","Masoud Mohammadirad, field notes 2015","139","","","","Central Kurdish 100%","Masoud Mohammadirad, field notes 2015",35.44899588901745,46.61292341394845,""
"","2c896fbee6fcbe3f5d786d4cc7212e8a","12-bf6aa982b387e6f504a3dba45ec45780","1120928","کردستان","Kordestān","سنندج","Sanandaj","کلاترزان","Kalātarzān","","","کلاترزان","Kalātarzān","قلعه جوق","Qal'eh Joq","Qaḷā Jokh","Masoud Mohammadirad, field notes 2015","173","","","","Central Kurdish 100%","Masoud Mohammadirad, field notes 2015",35.45094997248615,46.65085098211116,""
"","2c896fbee6fcbe3f5d786d4cc721274e","16-2d30e9ecb9a475976081e8940d4f6783","1120929","کردستان","Kordestān","سنندج","Sanandaj","کلاترزان","Kalātarzān","","","کلاترزان","Kalātarzān","قلعه شیخان","Qal'eh Sheykhān","Qaḷā Shēkhān","Masoud Mohammadirad, field notes 2015","180","","","","Central Kurdish 100%","Masoud Mohammadirad, field notes 2015",35.46719133009935,46.65772827089899,""
"","2c896fbee6fcbe3f5d786d4cc721b9a1","14-e0c97822f7851a8d041238a106aad4db","1120930","کردستان","Kordestān","سنندج","Sanandaj","کلاترزان","Kalātarzān","","","کلاترزان","Kalātarzān","گنبو","Ganebu","Ganawa","Masoud Mohammadirad, field notes 2015","524","","","","Central Kurdish 100%","Masoud Mohammadirad, field notes 2015",35.43981464302633,46.739412264225784,""
"","2c896fbee6fcbe3f5d786d4cc721ae26","12-51d71b14541a910f135a1050554bccd0","1120931","کردستان","Kordestān","سنندج","Sanandaj","کلاترزان","Kalātarzān","","","کلاترزان","Kalātarzān","تازه آباد قلعه جوق","Tāzeh Ābād-e Qal'eh Joq","Tāzāwāy Qaḷā Jokh","Masoud Mohammadirad, field notes 2015","105","","","","Central Kurdish 100%","Masoud Mohammadirad, field notes 2015",35.42872515036688,46.619746953680675,""
"","2c896fbee6fcbe3f5d786d4cc7219fe4","12-eef26cc4f72710caab3e9c13ef899cef","1120932","کردستان","Kordestān","سنندج","Sanandaj","کلاترزان","Kalātarzān","","","کلاترزان","Kalātarzān","تیژتیژ","Tizh Tizh","Tēzh Tēzh ","Masoud Mohammadirad, field notes 2015","235","","","","Central Kurdish 100%","Masoud Mohammadirad, field notes 2015",35.394702557078766,46.68558032930499,""
"","2c896fbee6fcbe3f5d786d4cc7219940","12-dba732c8507f973d8a6935b0d6f47715","1120933","کردستان","Kordestān","سنندج","Sanandaj","کلاترزان","Kalātarzān","","","کلاترزان","Kalātarzān","خروسه","Khorowseh","Khorōsa","Masoud Mohammadirad, field notes 2015","590","","","","Central Kurdish 100%","Masoud Mohammadirad, field notes 2015",35.381350763747896,46.7425236266829,""
"","2c896fbee6fcbe3f5d786d4cc7218b84","12-71a8cdde11355eac0e451a7eb932ed01","1120934","کردستان","Kordestān","سنندج","Sanandaj","کلاترزان","Kalātarzān","","","کلاترزان","Kalātarzān","علی آباد","Ali Ābād","Āḷiyāwā","Masoud Mohammadirad, field notes 2015","613","","","","Central Kurdish 100%","Masoud Mohammadirad, field notes 2015",35.405262596611514,46.73439116895113,""
"","2c896fbee6fcbe3f5d786d4cc72181de","12-39e94075765184a7d84e15814ed76f07","1120935","کردستان","Kordestān","سنندج","Sanandaj","کلاترزان","Kalātarzān","","","کلاترزان","Kalātarzān","خوشاب","Khosh Āb","Khwashāw","Masoud Mohammadirad, field notes 2015","258","","","","Central Kurdish 100%","Masoud Mohammadirad, field notes 2015",35.34186318872961,46.75121418647352,""
"","2c896fbee6fcbe3f5d786d4cc7217f99","12-fed5eb3c8746d99cfe281abef9e4738b","1120936","کردستان","Kordestān","سنندج","Sanandaj","کلاترزان","Kalātarzān","","","کلاترزان","Kalātarzān","عیسی آباد","Isi Ābād","Isiyāwā","Masoud Mohammadirad, field notes 2015","1056","","","","Central Kurdish 100%","Masoud Mohammadirad, field notes 2015",35.34886422475382,46.78288034609913,""
"","2c896fbee6fcbe3f5d786d4cc7217be0","12-600006ba573df80713d6487db1144f97","1120937","کردستان","Kordestān","سنندج","Sanandaj","کلاترزان","Kalātarzān","","","کلاترزان","Kalātarzān","خانقاه حسن گاوگیر","Khaneqāh-e Hasan Gāvgir","Khānawāy Hasan Gāwer ","Masoud Mohammadirad, field notes 2015","32","","","","Central Kurdish 100%","Masoud Mohammadirad, field notes 2015",35.35493808026064,46.64534860561325,""
"","2c896fbee6fcbe3f5d786d4cc72173ff","12-9b73beab8708a8f5f90cdd5ac4911c6b","1120938","کردستان","Kordestān","سنندج","Sanandaj","کلاترزان","Kalātarzān","","","کلاترزان","Kalātarzān","طاله وران","Tāleh Varrān","Tāḷawaṛān","Masoud Mohammadirad, field notes 2015","157","","","","Central Kurdish 100%","Masoud Mohammadirad, field notes 2015",35.38474835442431,46.59854297332306,""
"","2c896fbee6fcbe3f5d786d4cc7216ebf","12-1459df627a78aed507d1f68c0f68f0e5","1120939","کردستان","Kordestān","سنندج","Sanandaj","کلاترزان","Kalātarzān","","","کلاترزان","Kalātarzān","گزردره","Gezar Darreh","Gezar Dara","Masoud Mohammadirad, field notes 2015","466","","","","Central Kurdish 100%","Masoud Mohammadirad, field notes 2015",35.411021989521245,46.60903577498858,""
"","2c896fbee6fcbe3f5d786d4cc7220d82","12-29735272f1ef86262a697e8779816f61","1120940","کردستان","Kordestān","سنندج","Sanandaj","کلاترزان","Kalātarzān","","","کلاترزان","Kalātarzān","باقل آباد","Baqel Ābād","Bāqlāwā","Masoud Mohammadirad, field notes 2015","210","","","","Central Kurdish 100%","Masoud Mohammadirad, field notes 2015",35.36714698293215,46.53305259391378,""
"","2c896fbee6fcbe3f5d786d4cc7220c72","12-48d711bada8857a48a737006dd5f9358","1120941","کردستان","Kordestān","سنندج","Sanandaj","کلاترزان","Kalātarzān","","","کلاترزان","Kalātarzān","خشکین کوماسی","Khoshkin Kowmāsi","Weshkēn Kōmāsi","Masoud Mohammadirad, field notes 2015","244","","","","Central Kurdish 100%","Masoud Mohammadirad, field notes 2015",35.410096162794865,46.5807581546117,""
"","2c896fbee6fcbe3f5d786d4cc7220156","12-41d6c72d61d9a4c09d089a18e258dc2c","1120942","کردستان","Kordestān","سنندج","Sanandaj","کلاترزان","Kalātarzān","","","کلاترزان","Kalātarzān","زنوری","Zanuri","Zanuri","Masoud Mohammadirad, field notes 2015","138","","","","Central Kurdish 100%","Masoud Mohammadirad, field notes 2015",35.401688898027366,46.55941847452628,""
"","2c896fbee6fcbe3f5d786d4cc721f50e","12-242cb670e7023ba0b9926da7b89c2149","1120943","کردستان","Kordestān","سنندج","Sanandaj","کلاترزان","Kalātarzān","","","کلاترزان","Kalātarzān","کرگینه","Kargineh","Kariyena","Masoud Mohammadirad, field notes 2015","137","","","","Central Kurdish 100%","Masoud Mohammadirad, field notes 2015",35.32260378328705,46.65674039043515,""
"","2c896fbee6fcbe3f5d786d4cc721e7b1","10-cba77edd0b8469a54dcdfab3b333fd67","1120944","کردستان","Kordestān","سنندج","Sanandaj","کلاترزان","Kalātarzān","","","نگل","Negel","","","","","7112","","","","","","","",""
"","2c896fbee6fcbe3f5d786d4cc721d87c","12-f80bf389bcfa397283883bc92e72c81b","1120945","کردستان","Kordestān","سنندج","Sanandaj","کلاترزان","Kalātarzān","","","نگل","Negel","لنگریز","Langeriz","Langarēz ","Masoud Mohammadirad, field notes 2015","219","","","","Central Kurdish 100%","Masoud Mohammadirad, field notes 2015",35.24855675226813,46.51586355472968,""
"","2c896fbee6fcbe3f5d786d4cc721d413","12-0545030e53021f601e0f98d0f7076823","1120946","کردستان","Kordestān","سنندج","Sanandaj","کلاترزان","Kalātarzān","","","نگل","Negel","برقرو","Barqoru","Barqoṛu","Masoud Mohammadirad, field notes 2015","723","","","","Central Kurdish 100%","Masoud Mohammadirad, field notes 2015",35.27643190814632,46.48585500027623,""
"","2c896fbee6fcbe3f5d786d4cc721cfba","14-04cdda9531dbc50f7cb304183eed07ef","1120947","کردستان","Kordestān","سنندج","Sanandaj","کلاترزان","Kalātarzān","","","نگل","Negel","دانیکش","Dānikesh","Dānikesh","Masoud Mohammadirad, field notes 2015","561","","","","Central Kurdish 100%","Masoud Mohammadirad, field notes 2015",35.287880906491196,46.573304703300636,""
"","2c896fbee6fcbe3f5d786d4cc721c1b5","12-a8b87679af3b67b7281d2a6717b6b25b","1120948","کردستان","Kordestān","سنندج","Sanandaj","کلاترزان","Kalātarzān","","","نگل","Negel","رشنش","Rashnash","Ṛashnash","Masoud Mohammadirad, field notes 2015","213","","","","Central Kurdish 100%","Masoud Mohammadirad, field notes 2015",35.295723964388706,46.60827748535846,""
"","2c896fbee6fcbe3f5d786d4cc721c13a","12-dd60d340d31b44562d2deccd34e92352","1120949","کردستان","Kordestān","سنندج","Sanandaj","کلاترزان","Kalātarzān","","","نگل","Negel","نگل","Negel","Negeḷ","Masoud Mohammadirad, field notes 2015","2081","","","","Central Kurdish 100%","Masoud Mohammadirad, field notes 2015",35.28904082926878,46.5222558232698,""
"","2c896fbee6fcbe3f5d786d4cc7226717","12-1b6d4a69969a252778c1fc0a70dfae36","1120950","کردستان","Kordestān","سنندج","Sanandaj","کلاترزان","Kalātarzān","","","نگل","Negel","دریله","Derileh","Derēḷa","Masoud Mohammadirad, field notes 2015","160","","","","Central Kurdish 100%","Masoud Mohammadirad, field notes 2015",35.31728273488377,46.55583494276148,""
"","2c896fbee6fcbe3f5d786d4cc72259f9","12-13ceb4e183d99c9ba8bbbae51cdb262b","1120951","کردستان","Kordestān","سنندج","Sanandaj","کلاترزان","Kalātarzān","","","نگل","Negel","میانه","Miāneh","Miyāna","Masoud Mohammadirad, field notes 2015","1462","","","","Central Kurdish 100%","Masoud Mohammadirad, field notes 2015",35.32377731945725,46.50010305160038,""
"","2c896fbee6fcbe3f5d786d4cc7225973","12-fa56ef7a3884d2fe477545b5ff46e34f","1120952","کردستان","Kordestān","سنندج","Sanandaj","کلاترزان","Kalātarzān","","","نگل","Negel","خانقاه جوجو","Khaneqāh-e Juju","Khānawāy Juju","Masoud Mohammadirad, field notes 2015","39","","","","Central Kurdish 100%","Masoud Mohammadirad, field notes 2015",35.34205497164448,46.56525381250323,""
"","2c896fbee6fcbe3f5d786d4cc7225540","15-04550f007a43645c771c0f5cba9e1d8e","1120953","کردستان","Kordestān","سنندج","Sanandaj","کلاترزان","Kalātarzān","","","نگل","Negel","بنه در","Beneh Dar","Beniyar","Masoud Mohammadirad, field notes 2015","304","","","","Central Kurdish 100%","Masoud Mohammadirad, field notes 2015",35.32952202011006,46.55080686071663,""
"","2c896fbee6fcbe3f5d786d4cc72246f6","13-18d6527df0c8c415556b594b3eb44cb9","1120954","کردستان","Kordestān","سنندج","Sanandaj","کلاترزان","Kalātarzān","","","نگل","Negel","پیچون","Peychun","Paychun","Masoud Mohammadirad, field notes 2015","229","","","","Central Kurdish 100%","Masoud Mohammadirad, field notes 2015",35.34743700680434,46.60619435669655,""
"","2c896fbee6fcbe3f5d786d4cc7223734","14-85f568cbb1e869ccacdf4fd5d7116adb","1120955","کردستان","Kordestān","سنندج","Sanandaj","کلاترزان","Kalātarzān","","","نگل","Negel","دادانه کمانگر","Dādāneh-ye Kamāngar","Dāwāna, Dāwānay Kamāngar","Masoud Mohammadirad, field notes 2015","255","","","","Central Kurdish 100%","Masoud Mohammadirad, field notes 2015",35.31084964705117,46.632243998775714,""
"","2c896fbee6fcbe3f5d786d4cc7222fb4","12-4f6733fd2d200832100cf216887a8756","1120956","کردستان","Kordestān","سنندج","Sanandaj","کلاترزان","Kalātarzān","","","نگل","Negel","زونج","Zownj","Zōnj","Masoud Mohammadirad, field notes 2015","822","","","","Central Kurdish 100%","Masoud Mohammadirad, field notes 2015",35.34738103373757,46.52362399985878,""
"","2c896fbee6fcbe3f5d786d4cc7222831","12-4eb0c87c2886399c57498c41928c6d04","1120957","کردستان","Kordestān","سنندج","Sanandaj","کلاترزان","Kalātarzān","","","نگل","Negel","تازه آباد کیخسرو","Tāzeh Ābād-e Keykhosrow","Tāzāwāy Hāji Kaya","Masoud Mohammadirad, field notes 2015","44","","","","Central Kurdish 100%","Masoud Mohammadirad, field notes 2015",35.32718690821857,46.633268574490955,""
"","2c896fbee6fcbe3f5d786d4cc7221e7a","14-0324c1352e7fb0d017b7379471ac42a1","1120958","کردستان","Kordestān","سنندج","Sanandaj","کلاترزان","Kalātarzān","شویشه","Shevisheh","","","","","Shwisha","Masoud Mohammadirad, field notes 2015","1293","","","","Central Kurdish 100%","Masoud Mohammadirad, field notes 2015",35.35661466811047,46.67729440546607,""
"","2c896fbee6fcbe3f5d786d4cc72218af","10-83186cdad4796d5c96bf99148b9118e7","1120959","کردستان","Kordestān","قروه","Qorveh","","","","","","","","","","","136961","","","","","","","",""
"","2c896fbee6fcbe3f5d786d4cc722a3fe","10-269de73aec78865d48d68ff9996bb9b1","1120960","کردستان","Kordestān","قروه","Qorveh","مرکزی","Markazi","","","","","","","","","99607","","","","","","","",""
"","2c896fbee6fcbe3f5d786d4cc7229f6f","10-0be22258aa6d1380cf9e626fee22fd91","1120961","کردستان","Kordestān","قروه","Qorveh","مرکزی","Markazi","","","بدر","Badr","","","","","4308","","","","","","","",""
"","2c896fbee6fcbe3f5d786d4cc7229221","13-308bb8c1be230067fd8ba3d3bc771d9f","1120962","کردستان","Kordestān","قروه","Qorveh","مرکزی","Markazi","","","بدر","Badr","آصف آباد","Āsef Ābād","Āsfāwā","Masoud Mohammadirad, field notes 2015","191","","","","Central Kurdish 100%","Masoud Mohammadirad, field notes 2015",35.083718236819266,47.74989509669484,""
"","2c896fbee6fcbe3f5d786d4cc7228ede","12-728333db0f76bb15827d4f351e3b92ab","1120963","کردستان","Kordestān","قروه","Qorveh","مرکزی","Markazi","","","بدر","Badr","اوریه","Owrieh","Hawriya","Masoud Mohammadirad, field notes 2015","242","","","","Central Kurdish 90%; Southern Kurdish 10%","Masoud Mohammadirad, field notes 2015",35.122152617682126,47.72343242255747,""
"","2c896fbee6fcbe3f5d786d4cc7228798","12-e5353fb35c2d29615e251ab4ead63770","1120964","کردستان","Kordestān","قروه","Qorveh","مرکزی","Markazi","","","بدر","Badr","تازه آباد سر اوریه","Tāzeh Ābād-e Sar Owrieh","Tāzāwāy Hawriya","Masoud Mohammadirad, field notes 2015","32","","","","Central Kurdish 100%","Masoud Mohammadirad, field notes 2015",35.08882996783738,47.68795752613225,""
"","2c896fbee6fcbe3f5d786d4cc72283c7","12-6d475be151eca81798fe30aaf5395159","1120965","کردستان","Kordestān","قروه","Qorveh","مرکزی","Markazi","","","بدر","Badr","مشیر آباد اوریه","Moshir Ābād-e Owrieh","Moshirāwāy Hawriya","Masoud Mohammadirad, field notes 2015","155","","","","Central Kurdish 100%","Masoud Mohammadirad, field notes 2015",35.14771797056739,47.71627716214778,""
"","2c896fbee6fcbe3f5d786d4cc72281ea","12-b1185d8dc57db7590e69857602267af5","1120966","کردستان","Kordestān","قروه","Qorveh","مرکزی","Markazi","","","بدر","Badr","ویهج","Vihaj","Wēhaj","Masoud Mohammadirad, field notes 2015","817","","","","Southern Kurdish 100%","Masoud Mohammadirad, field notes 2015",35.11237253185267,47.769676872236644,""
"","2c896fbee6fcbe3f5d786d4cc72273d5","12-075bb70a294383a53c6321e47cb3eb07","1120967","کردستان","Kordestān","قروه","Qorveh","مرکزی","Markazi","","","بدر","Badr","پیرسلیمان","Pir Soleymān","Khanānāwā","Masoud Mohammadirad, field notes 2015","91","","","","Central Kurdish 100%","Masoud Mohammadirad, field notes 2015",35.0725679365695,47.78772340403071,""
"","2c896fbee6fcbe3f5d786d4cc7226e44","15-111840215e6d5b00add5ed33aa251b4e","1120968","کردستان","Kordestān","قروه","Qorveh","مرکزی","Markazi","","","بدر","Badr","دیوزند","Divezand","Dēwazan","Masoud Mohammadirad, field notes 2015","1526","","","","Southern Kurdish 97%; Tehrāni type Persian 2%; Turkic 1%","Masoud Mohammadirad, field notes 2015",35.161204786709675,47.84784936990518,""
"","2c896fbee6fcbe3f5d786d4cc722693e","12-9f1bd34a686c98144777b68f5a5c5706","1120969","کردستان","Kordestān","قروه","Qorveh","مرکزی","Markazi","","","بدر","Badr","سرتیپ آباد","Sartip Ābād","Sartipāwā","Masoud Mohammadirad, field notes 2015","175","","","","Central Kurdish 100%","Masoud Mohammadirad, field notes 2015",35.1054827180899,47.782605119686785,""
"","2c896fbee6fcbe3f5d786d4cc7230967","12-5334bea163cf97638ed414f98568624d","1120970","کردستان","Kordestān","قروه","Qorveh","مرکزی","Markazi","","","بدر","Badr","سنگین آباد","Sangin Ābād","Sangwānā","Masoud Mohammadirad, field notes 2015","747","","","","Central Kurdish 100%","Masoud Mohammadirad, field notes 2015",35.11356325443387,47.837652484473786,""
"","2c896fbee6fcbe3f5d786d4cc722fe2b","12-a77ed43ac1470e6088a2b8dcd991593b","1120971","کردستان","Kordestān","قروه","Qorveh","مرکزی","Markazi","","","بدر","Badr","امین آباد حیاته بزرگ","Amin Ābād-e Hayāt-e Bozorgeh","Mināwāy Kēf","Masoud Mohammadirad, field notes 2015","277","","","","Central Kurdish 100%","Masoud Mohammadirad, field notes 2015",35.083067046960934,47.78740090940515,""
"","2c896fbee6fcbe3f5d786d4cc722f4a4","12-abad7d5c69d4adc75a25f2551d9a0896","1120972","کردستان","Kordestān","قروه","Qorveh","مرکزی","Markazi","","","بدر","Badr","شهرک صنعتی قروه","Shahrak San'ati-ye Qorveh","Shārak","Masoud Mohammadirad, field notes 2015","55","","","","Central Kurdish 51%; Southern Kurdish 49%","Masoud Mohammadirad, field notes 2015",35.168935415984244,47.88290924737666,""
"","2c896fbee6fcbe3f5d786d4cc722ef0d","10-0768512a7389b9c568eaf047be591eb7","1120973","کردستان","Kordestān","قروه","Qorveh","مرکزی","Markazi","","","پنجه علی شمالی","Panjeh Ali Shomāli","","","","","5224","","","","","","","",""
"","2c896fbee6fcbe3f5d786d4cc722df45","14-e6533cd4dea0fc2adf204f103d263a78","1120974","کردستان","Kordestān","قروه","Qorveh","مرکزی","Markazi","","","پنجه علی شمالی","Panjeh Ali Shomāli","بالوانه خالدی","Bālvāneh-ye Khāledi","Bālüānay Do Dāng","Masoud Mohammadirad, field notes 2015","112","","","","Central Kurdish 100%","Masoud Mohammadirad, field notes 2015",35.13974668091413,47.592843276031495,""
"","2c896fbee6fcbe3f5d786d4cc722da3f","14-07f0e211c39e8023fec22a8022e13512","1120975","کردستان","Kordestān","قروه","Qorveh","مرکزی","Markazi","","","پنجه علی شمالی","Panjeh Ali Shomāli","بالوانه معتمدی","Bālvāneh-ye Mo'tamedi","Bālüānay Chwār Dāng","Masoud Mohammadirad, field notes 2015","297","","","","Central Kurdish 100%","Masoud Mohammadirad, field notes 2015",35.144079217336255,47.581298723447375,""
"","2c896fbee6fcbe3f5d786d4cc722caa6","14-c5ef6bd647d016d2addbfe57ab6c813e","1120976","کردستان","Kordestān","قروه","Qorveh","مرکزی","Markazi","","","پنجه علی شمالی","Panjeh Ali Shomāli","تاه آباد جامه شوران","Tāzeh Ābād-e Jāmeh Shurān","Peṛpēsha","Masoud Mohammadirad, field notes 2015","359","","","","Central Kurdish 100%","Masoud Mohammadirad, field notes 2015",35.11191905632732,47.61299345772848,""
"","2c896fbee6fcbe3f5d786d4cc722bdc7","12-780d1d2f631de56c31fe91dd6d5f1612","1120977","کردستان","Kordestān","قروه","Qorveh","مرکزی","Markazi","","","پنجه علی شمالی","Panjeh Ali Shomāli","تازه آباد سراب قحط","Tāzeh Ābād-e Sarāb Qaht","Tāzāwāy Sarāw Qāt","Masoud Mohammadirad, field notes 2015","83","","","","Central Kurdish 100%","Masoud Mohammadirad, field notes 2015",35.17936181695994,47.56417062658031,""
"","2c896fbee6fcbe3f5d786d4cc722af0e","12-89523f68e1dec8432b77fb13dc89b4c2","1120978","کردستان","Kordestān","قروه","Qorveh","مرکزی","Markazi","","","پنجه علی شمالی","Panjeh Ali Shomāli","تقی آباد","Taqi Ābād","Taqiyāwā","Masoud Mohammadirad, field notes 2015","163","","","","Central Kurdish 100%","Masoud Mohammadirad, field notes 2015",35.14896801034523,47.56449249166112,""
"","2c896fbee6fcbe3f5d786d4cc722a845","12-89ad26bd1c08eecef978ad9930b5a97a","1120979","کردستان","Kordestān","قروه","Qorveh","مرکزی","Markazi","","","پنجه علی شمالی","Panjeh Ali Shomāli","چمقلو","Chomqolu","Chomgholü","Masoud Mohammadirad, field notes 2015","583","","","","Central Kurdish 100%","Masoud Mohammadirad, field notes 2015",35.228973528202246,47.61238984259944,""
"","2c896fbee6fcbe3f5d786d4cc7235a80","12-9f8351e6116cba0cd0c3dec1df628822","1120980","کردستان","Kordestān","قروه","Qorveh","مرکزی","Markazi","","","پنجه علی شمالی","Panjeh Ali Shomāli","سراب قحط","Sarāb Qaht","Sarāw Qāt","Masoud Mohammadirad, field notes 2015","126","","","","Central Kurdish 100%","Masoud Mohammadirad, field notes 2015",35.20202148581715,47.56381743900984,""
"","2c896fbee6fcbe3f5d786d4cc7235407","12-0b2f49c6e030285a184ecbc48db8f26f","1120981","کردستان","Kordestān","قروه","Qorveh","مرکزی","Markazi","","","پنجه علی شمالی","Panjeh Ali Shomāli","کاظم آباد","Kāzem Ābād","Kāzmāwā","Masoud Mohammadirad, field notes 2015","163","","","","Central Kurdish 100%","Masoud Mohammadirad, field notes 2015",35.233227140321866,47.55468683476563,""
"","2c896fbee6fcbe3f5d786d4cc7234842","12-d0d3650c44cef1813959028f5e091c55","1120982","کردستان","Kordestān","قروه","Qorveh","مرکزی","Markazi","","","پنجه علی شمالی","Panjeh Ali Shomāli","کامشگران","Kāmeshgarān","KaỊāzhērān","Masoud Mohammadirad, field notes 2015","809","","","","Central Kurdish 100%","Masoud Mohammadirad, field notes 2015",35.22289375645553,47.587970034692226,""
"","2c896fbee6fcbe3f5d786d4cc7233c0a","12-2af5c1b8aba42383ec0b6d4b7dc7df8b","1120983","کردستان","Kordestān","قروه","Qorveh","مرکزی","Markazi","","","پنجه علی شمالی","Panjeh Ali Shomāli","کانی گنجی","Kāni Ganji","Ganji","Masoud Mohammadirad, field notes 2015","632","","","","Central Kurdish 100%","Masoud Mohammadirad, field notes 2015",35.22475798993539,47.60330251845888,""
"","2c896fbee6fcbe3f5d786d4cc72336c1","12-3bc44cebf99e0363e36d2125c4a712cd","1120984","کردستان","Kordestān","قروه","Qorveh","مرکزی","Markazi","","","پنجه علی شمالی","Panjeh Ali Shomāli","تازه آباد کریم آباد","Tāzeh Ābād-e Karim Ābād","Karimāwā","Masoud Mohammadirad, field notes 2015","130","","","","Central Kurdish 100%","Masoud Mohammadirad, field notes 2015",35.192835556478286,47.55785220616096,""
"","2c896fbee6fcbe3f5d786d4cc7233646","12-1eb666692df7a7ad56a68322b02cae0f","1120985","کردستان","Kordestān","قروه","Qorveh","مرکزی","Markazi","","","پنجه علی شمالی","Panjeh Ali Shomāli","پیرباباعلی","Pir Bābā Ali","Pir Bāwali","Masoud Mohammadirad, field notes 2015","544","","","","Central Kurdish 100%","Masoud Mohammadirad, field notes 2015",35.1191432907261,47.64529863595983,""
"","2c896fbee6fcbe3f5d786d4cc7232db7","12-76c95c5e3babe7fa05dd071311ad27b9","1120986","کردستان","Kordestān","قروه","Qorveh","مرکزی","Markazi","","","پنجه علی شمالی","Panjeh Ali Shomāli","جامه شوران","Jāmeh Shurān","Jāma Shurān","Masoud Mohammadirad, field notes 2015","326","","","","Central Kurdish 100%","Masoud Mohammadirad, field notes 2015",35.11203463728285,47.63298193216493,""
"","2c896fbee6fcbe3f5d786d4cc7232093","12-50fbee2698ba545487c885af8900936a","1120987","کردستان","Kordestān","قروه","Qorveh","مرکزی","Markazi","","","پنجه علی شمالی","Panjeh Ali Shomāli","شانوره","Shānevareh","Shānawara","Masoud Mohammadirad, field notes 2015","897","","","","Central Kurdish 100%","Masoud Mohammadirad, field notes 2015",35.16703306015565,47.70317725332222,""
"","2c896fbee6fcbe3f5d786d4cc72318d8","10-7deb0629e338e12c46bd96a0edd3b351","1120988","کردستان","Kordestān","قروه","Qorveh","مرکزی","Markazi","","","پنجه علی جنوبی","Panjeh Ali Shomāli","","","","","3484","","","","","","","",""
"","2c896fbee6fcbe3f5d786d4cc7231279","12-e2e707b87ce8e724ca7d33cda9238870","1120989","کردستان","Kordestān","قروه","Qorveh","مرکزی","Markazi","","","پنجه علی جنوبی","Panjeh Ali Shomāli","امیر آباد قلعه لان","Amir Ābād-e Qal'eh Lān","Qaḷāylān","Masoud Mohammadirad, field notes 2015","269","","","","Central Kurdish 100%","Masoud Mohammadirad, field notes 2015",35.102185324756796,47.63477299492653,""
"","2c896fbee6fcbe3f5d786d4cc723b590","12-d715cc515a8452044222f0ec4a8e1372","1120990","کردستان","Kordestān","قروه","Qorveh","مرکزی","Markazi","","","پنجه علی جنوبی","Panjeh Ali Shomāli","حسین آباد کنگره","Hoseyn Ābād-e Kengreh","Hosaynāwāy Kengra","Masoud Mohammadirad, field notes 2015","66","","","","Southern Kurdish 70%; Central Kurdish 30%","Masoud Mohammadirad, field notes 2015",35.103650611000404,47.56959714177092,""
"","2c896fbee6fcbe3f5d786d4cc723aae9","12-e48998c25e61847cd020b4604784a5a0","1120991","کردستان","Kordestān","قروه","Qorveh","مرکزی","Markazi","","","پنجه علی جنوبی","Panjeh Ali Shomāli","کنگره","Kengreh","Kengra","Masoud Mohammadirad, field notes 2015","815","","","","Southern Kurdish 85%; Central Kurdish 15%","Masoud Mohammadirad, field notes 2015",35.13433763077699,47.534360390677755,""
"","2c896fbee6fcbe3f5d786d4cc723a208","10-fa1c6089fb1f2e1df1c1b0533bcbdf5a","1120992","کردستان","Kordestān","قروه","Qorveh","مرکزی","Markazi","","","پنجه علی جنوبی","Panjeh Ali Shomāli","سد سنگ سیاه","Sadd-e Sang Siyāh","Sang Siyā","Masoud Mohammadirad, field notes 2015"," ","(less than 3 households; population not specified in 2011 Census for reasons of privacy)","","","Central Kurdish 100%","Masoud Mohammadirad, field notes 2015","","",""
"","2c896fbee6fcbe3f5d786d4cc7239e63","12-dd0068e2394c8655d41fc02c3e5cac6c","1120993","کردستان","Kordestān","قروه","Qorveh","مرکزی","Markazi","","","پنجه علی جنوبی","Panjeh Ali Shomāli","کبودخانی سفلی","Kabudkhāni-ye Soflā","Kawkhāni Büchek","Masoud Mohammadirad, field notes 2015","73","","","","Central Kurdish 100%","Masoud Mohammadirad, field notes 2015",35.17640424566259,47.441279871022466,""
"","2c896fbee6fcbe3f5d786d4cc72394e3","12-40c09bad0534236fde03f59c3a96747d","1120994","کردستان","Kordestān","قروه","Qorveh","مرکزی","Markazi","","","پنجه علی جنوبی","Panjeh Ali Shomāli","نبی آباد","Nabi Ābād","Nöyāwā","Masoud Mohammadirad, field notes 2015","916","","","","Central Kurdish 100%","Masoud Mohammadirad, field notes 2015",35.10550930633974,47.42387578412992,""
"","2c896fbee6fcbe3f5d786d4cc7238e52","12-b995b782472f343538a6f580a734518e","1120995","کردستان","Kordestān","قروه","Qorveh","مرکزی","Markazi","","","پنجه علی جنوبی","Panjeh Ali Shomāli","قاملو","Qāmlu","Qāmlü","Masoud Mohammadirad, field notes 2015","774","","","","Central Kurdish 100%","Masoud Mohammadirad, field notes 2015",35.18010491566373,47.502326948190834,""
"","2c896fbee6fcbe3f5d786d4cc7238084","12-1fa024f668052514e7c0673dbb494d00","1120996","کردستان","Kordestān","قروه","Qorveh","مرکزی","Markazi","","","پنجه علی جنوبی","Panjeh Ali Shomāli","کبودخانی علیا","Kabudkhāni-ye Olyā","Kawkhāni Gawra","Masoud Mohammadirad, field notes 2015","242","","","","Central Kurdish 100%","Masoud Mohammadirad, field notes 2015",35.165296839478046,47.4559569187493,""
"","2c896fbee6fcbe3f5d786d4cc72376d9","12-1e38dfbbcb16f5957f24da505d021478","1120997","کردستان","Kordestān","قروه","Qorveh","مرکزی","Markazi","","","پنجه علی جنوبی","Panjeh Ali Shomāli","معصوم آباد","Ma'sum Ābād","Mahsumāwā","Masoud Mohammadirad, field notes 2015","198","","","","Central Kurdish 100%","Masoud Mohammadirad, field notes 2015",35.17734258314617,47.4868988819397,""
"","2c896fbee6fcbe3f5d786d4cc72372fc","12-220c4995f519cd2160e37a25ef205520","1120998","کردستان","Kordestān","قروه","Qorveh","مرکزی","Markazi","","","پنجه علی جنوبی","Panjeh Ali Shomāli","مشیرآباد پنجه","Moshir Ābād-e Panjeh","Moshirāwā","Masoud Mohammadirad, field notes 2015","127","","","","Central Kurdish 100%","Masoud Mohammadirad, field notes 2015",35.07990093010634,47.51277191242588,""
"","2c896fbee6fcbe3f5d786d4cc723639f","10-5ad68cf82bac9c094755d7bfe309db8f","1120999","کردستان","Kordestān","قروه","Qorveh","مرکزی","Markazi","","","دلبران","Delbarān","","","","","8283","","","","","","","",""
"","2c896fbee6fcbe3f5d786d4cc723fe6c","12-5d83ea6b26f561df30b9f66e32348cfa","1121000","کردستان","Kordestān","قروه","Qorveh","مرکزی","Markazi","","","دلبران","Delbarān","باباگرگر","Bābā Gorgor","Bābāgorgor","Masoud Mohammadirad, field notes 2015","21","","","","Turkic 100%","Masoud Mohammadirad, field notes 2015",35.289683449038904,47.90431036287156,""
"","2c896fbee6fcbe3f5d786d4cc723eee4","12-fe60a74cf82b3a5ffe36accdba617a91","1121001","کردستان","Kordestān","قروه","Qorveh","مرکزی","Markazi","","","دلبران","Delbarān","طوغان باباگرگر","Tughān-e Bābā Gorgor","Tughān-e Bābāgorgor","Masoud Mohammadirad, field notes 2015","609","","","","Turkic 55%; Southern Kurdish 45%","Masoud Mohammadirad, field notes 2015",35.26027835972196,47.94937190913227,""
"","2c896fbee6fcbe3f5d786d4cc723df9c","12-dcadbc3b998082a7808285089716662b","1121002","کردستان","Kordestān","قروه","Qorveh","مرکزی","Markazi","","","دلبران","Delbarān","قزلجه کند","Qezeljeh Kand","Qezeljekan","Masoud Mohammadirad, field notes 2015","830","","","","Turkic 100%","Masoud Mohammadirad, field notes 2015",35.32763054516509,47.965579436086834,""
"","2c896fbee6fcbe3f5d786d4cc723d836","12-de6488aa813f7acee64f4f46e7150e57","1121003","کردستان","Kordestān","قروه","Qorveh","مرکزی","Markazi","","","دلبران","Delbarān","مالوجه","Mālujeh","Māluja","Masoud Mohammadirad, field notes 2015","4127","","","","Turkic 90%; Tehrāni type Persian 10%","Masoud Mohammadirad, field notes 2015",35.30143842926175,47.97532131195486,""
"","2c896fbee6fcbe3f5d786d4cc723d47c","12-b1bf0ef80377d5e87ecf274f082d89d6","1121004","کردستان","Kordestān","قروه","Qorveh","مرکزی","Markazi","","","دلبران","Delbarān","باغلوجه","Bāghlujeh","Bāghluja ","Masoud Mohammadirad, field notes 2015","238","","","","Turkic 100%","Masoud Mohammadirad, field notes 2015",35.224196229071005,48.030310278265056,""
"","2c896fbee6fcbe3f5d786d4cc723ce68","12-3e6af7b146214afe9ca10e5822dd1383","1121005","کردستان","Kordestān","قروه","Qorveh","مرکزی","Markazi","","","دلبران","Delbarān","قوجاق","Qujāq","Qujāgh","Masoud Mohammadirad, field notes 2015","363","","","","Southern Kurdish 100%","Masoud Mohammadirad, field notes 2015",35.19214379217013,48.014564821963475,""
"","2c896fbee6fcbe3f5d786d4cc723ce3d","12-a2f71499e557200174929538cdf2fe54","1121006","کردستان","Kordestān","قروه","Qorveh","مرکزی","Markazi","","","دلبران","Delbarān","نی بند","Neyband","Nayband","Masoud Mohammadirad, field notes 2015","219","","","","Turkic 100%","Masoud Mohammadirad, field notes 2015",35.21227566634559,48.07565162748012,""
"","2c896fbee6fcbe3f5d786d4cc723c238","14-e241ca17c4a80e96792e2d3e3a6c5500","1121007","کردستان","Kordestān","قروه","Qorveh","مرکزی","Markazi","","","دلبران","Delbarān","مجین","Mejin","Mejin","Masoud Mohammadirad, field notes 2015","193","","","","Southern Kurdish 100%","Masoud Mohammadirad, field notes 2015",35.17318432981682,47.94727940735347,""
"","2c896fbee6fcbe3f5d786d4cc723b8cb","14-33a02dd4a6e631790546b025ee249ff5","1121008","کردستان","Kordestān","قروه","Qorveh","مرکزی","Markazi","","","دلبران","Delbarān","خریله","Kherrileh","Kheṛēla","Masoud Mohammadirad, field notes 2015","613","","","","Southern Kurdish 100%","Masoud Mohammadirad, field notes 2015",35.18860036466898,47.92467374977934,""
"","2c896fbee6fcbe3f5d786d4cc723b5bf","14-17ebbbab85e7bb84894d998ade8bc4ed","1121009","کردستان","Kordestān","قروه","Qorveh","مرکزی","Markazi","","","دلبران","Delbarān","شکوه آباد","Shokr Ābād","Shokrāwā","Masoud Mohammadirad, field notes 2015","943","","","","Southern Kurdish 100%","Masoud Mohammadirad, field notes 2015",35.144807677601854,47.91438319755675,""
"","2c896fbee6fcbe3f5d786d4cc72445a9","14-e7a4170322c983137175abb67bbaf7a3","1121010","کردستان","Kordestān","قروه","Qorveh","مرکزی","Markazi","","","دلبران","Delbarān","قاسم آباد","Qāsem Ābād","Qāsmāwā","Masoud Mohammadirad, field notes 2015","127","","","","Southern Kurdish 100%","Masoud Mohammadirad, field notes 2015",35.15676967047258,47.91058731953136,""
"","2c896fbee6fcbe3f5d786d4cc7243ffb","16-f1bc28ac13015571e09516dbfb8a54c5","1121011","کردستان","Kordestān","قروه","Qorveh","مرکزی","Markazi","قروه","Qorveh","","","","","Qurwa","Masoud Mohammadirad, field notes 2015","71232","","","","Central Kurdish 54%; Southern Kurdish 18%; Turkic 15%; Tehrāni type Persian 10%; Hōrāmi  3%","Masoud Mohammadirad, field notes 2015",35.16735262402509,47.803842754364716,""
"","2c896fbee6fcbe3f5d786d4cc724335d","12-2a778196804d09f46b76732d3dbbeaf9","1121012","کردستان","Kordestān","قروه","Qorveh","مرکزی","Markazi","دلبران","Delbarān","","","","","Delbarān","Masoud Mohammadirad, field notes 2015","7076","","","","Turkic 97%; Tehrāni type Persian 2%; Southern Kurdish 1%","Masoud Mohammadirad, field notes 2015",35.245680624222295,47.987121184036916,""
"","2c896fbee6fcbe3f5d786d4cc7242cab","10-f62ba41b923c1c92c5c80d085b506666","1121013","کردستان","Kordestān","قروه","Qorveh","سریش آباد","Serish Ābād","","","","","","","","","19236","","","","","","","",""
"","2c896fbee6fcbe3f5d786d4cc724286f","10-53078fd2ccb19c620f50b3d8c8c07777","1121014","کردستان","Kordestān","قروه","Qorveh","سریش آباد","Serish Ābād","","","قصلان","Qaslān","","","","","5151","","","","","","","",""
"","2c896fbee6fcbe3f5d786d4cc7241b40","12-27c0e745dc406dc2d74b214edd4adf43","1121015","کردستان","Kordestān","قروه","Qorveh","سریش آباد","Serish Ābād","","","قصلان","Qaslān","امین آباد قصلان","Amin Ābād-e Qaslān","Mināwāy Dasht","Masoud Mohammadirad, field notes 2015","169","","","","Central Kurdish 100%","Masoud Mohammadirad, field notes 2015",35.213599274507246,47.844874363871284,""
"","2c896fbee6fcbe3f5d786d4cc7241554","12-8e2c5b8b93f5c9a01ff07e79fdb8babd","1121016","کردستان","Kordestān","قروه","Qorveh","سریش آباد","Serish Ābād","","","قصلان","Qaslān","زیویه","Zivieh","Ziwa","Masoud Mohammadirad, field notes 2015","272","","","","Central Kurdish 100%","Masoud Mohammadirad, field notes 2015",35.22300937722146,47.80869783617427,""
"","2c896fbee6fcbe3f5d786d4cc7241228","12-93ccc247088005fa46188f9c09c4252c","1121017","کردستان","Kordestān","قروه","Qorveh","سریش آباد","Serish Ābād","","","قصلان","Qaslān","شوراب خان","Shurāb Khān","Shurāw Khān","Masoud Mohammadirad, field notes 2015","342","","","","Central Kurdish 100%","Masoud Mohammadirad, field notes 2015",35.33093086313333,47.70610756281318,""
"","2c896fbee6fcbe3f5d786d4cc72410df","12-da76dd63bea8fa1cc4f1665269eed7e1","1121018","کردستان","Kordestān","قروه","Qorveh","سریش آباد","Serish Ābād","","","قصلان","Qaslān","شیخ جعفر","Sheykh Ja'far","Shikh Jafar (Āzeri), Shēkh Jāfer (Southern Kurdish)","Masoud Mohammadirad, field notes 2015","772","","","","Turkic 90%; Southern Kurdish 10%","Masoud Mohammadirad, field notes 2015",35.22047638871636,47.87864984727412,""
"","2c896fbee6fcbe3f5d786d4cc7240953","13-c88dc10dda926b2b4c2d356ad46c7ebb","1121019","کردستان","Kordestān","قروه","Qorveh","سریش آباد","Serish Ābād","","","قصلان","Qaslān","مظفر آباد","Mozafar Ābād","Khānewā","Masoud Mohammadirad, field notes 2015","458","","","","Central Kurdish 100%","Masoud Mohammadirad, field notes 2015",35.2259752812204,47.77715395067429,""
"","2c896fbee6fcbe3f5d786d4cc7249d00","12-03fd52b1ee3330fce0cf357a6cef9474","1121020","کردستان","Kordestān","قروه","Qorveh","سریش آباد","Serish Ābād","","","قصلان","Qaslān","مهدی خان","Mehdi Khān","Mehdi Khān","Masoud Mohammadirad, field notes 2015","178","","","","Turkic 80%; Southern Kurdish 20%","Masoud Mohammadirad, field notes 2015",35.36783864020641,47.811023750498485,""
"","2c896fbee6fcbe3f5d786d4cc724917f","13-ee193084adadc1bcba3e038a4b41348b","1121021","کردستان","Kordestān","قروه","Qorveh","سریش آباد","Serish Ābād","","","قصلان","Qaslān","شوراب حاجی","Shurāb Hāji","Shurāw Hāji","Masoud Mohammadirad, field notes 2015","429","","","","Central Kurdish 100%","Masoud Mohammadirad, field notes 2015",35.30162767992893,47.69552896594476,""
"","2c896fbee6fcbe3f5d786d4cc72485d0","12-fcb7ed651e95124f042d46e7a1f333ae","1121022","کردستان","Kordestān","قروه","Qorveh","سریش آباد","Serish Ābād","","","قصلان","Qaslān","آجی چای","Āji Chāy","Hāji Chāy","Masoud Mohammadirad, field notes 2015","196","","","","Central Kurdish 100%","Masoud Mohammadirad, field notes 2015",35.29351925133175,47.85875503755465,""
"","2c896fbee6fcbe3f5d786d4cc7248023","12-4df127e33a98f23f9451331788549080","1121023","کردستان","Kordestān","قروه","Qorveh","سریش آباد","Serish Ābād","","","قصلان","Qaslān","قصلان","Qaslān","QasỊān","Masoud Mohammadirad, field notes 2015","1230","","","","Central Kurdish 100%","Masoud Mohammadirad, field notes 2015",35.23745203608765,47.82028497911671,""
"","2c896fbee6fcbe3f5d786d4cc7247c31","12-cbb66dc7c72a64f62c0fc33bceb12198","1121024","کردستان","Kordestān","قروه","Qorveh","سریش آباد","Serish Ābād","","","قصلان","Qaslān","الله یاری","Allāhyāri","AỊāyāri","Masoud Mohammadirad, field notes 2015","61","","","","Central Kurdish 100%","Masoud Mohammadirad, field notes 2015",35.32726133626739,47.8743760691315,""
"","2c896fbee6fcbe3f5d786d4cc7246c68","12-217299e7741d5bbbace9615dc7ddac5f","1121025","کردستان","Kordestān","قروه","Qorveh","سریش آباد","Serish Ābād","","","قصلان","Qaslān","اوچ بلاغ","Uch Bolāgh","Üch Bolākh","Masoud Mohammadirad, field notes 2015","201","","","","Central Kurdish 100%","Masoud Mohammadirad, field notes 2015",35.406394006365296,47.833191757245686,""
"","2c896fbee6fcbe3f5d786d4cc7246512","12-d7779f2ba98a3b99fe40c7366f375eb3","1121026","کردستان","Kordestān","قروه","Qorveh","سریش آباد","Serish Ābād","","","قصلان","Qaslān","دیرکلو","Direklu","Direlu, Direklu","Masoud Mohammadirad, field notes 2015","120","","","","Turkic 100%","Masoud Mohammadirad, field notes 2015",35.39789412392789,47.910308399379296,""
"","2c896fbee6fcbe3f5d786d4cc7245ed8","12-af068625b26f03167622b2fdfaf224b0","1121027","کردستان","Kordestān","قروه","Qorveh","سریش آباد","Serish Ābād","","","قصلان","Qaslān","زرین آباد","Zarrin Ābād","Zaṛināwā","Masoud Mohammadirad, field notes 2015","90","","","","Central Kurdish 70%; Turkic 30%","Masoud Mohammadirad, field notes 2015",35.31615269183227,47.851137563952705,""
"","2c896fbee6fcbe3f5d786d4cc7245a73","12-77711bb4936f708b548bac4a9eb29ce3","1121028","کردستان","Kordestān","قروه","Qorveh","سریش آباد","Serish Ābād","","","قصلان","Qaslān","قراغل","Qarāghel","Qarāghel","Masoud Mohammadirad, field notes 2015","109","","","","Central Kurdish 100%","Masoud Mohammadirad, field notes 2015",35.41517633364762,47.859151248056385,""
"","2c896fbee6fcbe3f5d786d4cc7244b6d","12-9aec641b299306fd43ac226b60855d2f","1121029","کردستان","Kordestān","قروه","Qorveh","سریش آباد","Serish Ābād","","","قصلان","Qaslān","قره بلاغ خان","Qareh Bolāgh Khān","Qara Bolāgh","Masoud Mohammadirad, field notes 2015","188","","","","Turkic 100%","Masoud Mohammadirad, field notes 2015",35.38253975992145,47.90977195757674,""
"","2c896fbee6fcbe3f5d786d4cc724fad4","12-a8a8a5f939a983be74f262e63874fb3c","1121030","کردستان","Kordestān","قروه","Qorveh","سریش آباد","Serish Ābād","","","قصلان","Qaslān","اسلام آباد","Eslām Ābād","Nāder Shā","Masoud Mohammadirad, field notes 2015","336","","","","Turkic 100%","Masoud Mohammadirad, field notes 2015",35.38738122638743,47.869131126588734,""
"","2c896fbee6fcbe3f5d786d4cc724f470","10-9e0baa971855fc749edf44767d9cd58c","1121031","کردستان","Kordestān","قروه","Qorveh","سریش آباد","Serish Ābād","","","لک","Lak","","","","","3082","","","","","","","",""
"","2c896fbee6fcbe3f5d786d4cc724e8a0","12-e84a0dd19082b9fb734b880e6795ca13","1121032","کردستان","Kordestān","قروه","Qorveh","سریش آباد","Serish Ābād","","","لک","Lak","احمد آباد باش","Ahmād Ābād-e Bāsh","Ahmāwāwāy Bāsh","Masoud Mohammadirad, field notes 2015","334","","","","Central Kurdish 100%","Masoud Mohammadirad, field notes 2015",35.53475064227454,47.85542921451628,""
"","2c896fbee6fcbe3f5d786d4cc724d99a","13-0fdd8a3e02fa33179aa8c6b120333f9c","1121033","کردستان","Kordestān","قروه","Qorveh","سریش آباد","Serish Ābād","","","لک","Lak","شوراب هزاره","Shurāb-e Hezāreh","Shurāw Hazāra","Masoud Mohammadirad, field notes 2015","228","","","","Central Kurdish 100%","Masoud Mohammadirad, field notes 2015",35.44772611161595,47.804022074608255,""
"","2c896fbee6fcbe3f5d786d4cc724cd2c","12-397a450799c6a4d98479d2cc1234ca46","1121034","کردستان","Kordestān","قروه","Qorveh","سریش آباد","Serish Ābād","","","لک","Lak","گزل قایه","Gezel Qāyeh ","GözeỊ Qāya ","Masoud Mohammadirad, field notes 2015","123","","","","Central Kurdish 100%","Masoud Mohammadirad, field notes 2015",35.45777242089297,47.87793220716967,""
"","2c896fbee6fcbe3f5d786d4cc724c1db","12-f2aae2665e41bd144812c508d9f25470","1121035","کردستان","Kordestān","قروه","Qorveh","سریش آباد","Serish Ābād","","","لک","Lak","نیازبلاغ","Niāz Bolāgh","Niyāz Welākh","Masoud Mohammadirad, field notes 2015","291","","","","Central Kurdish 100%","Masoud Mohammadirad, field notes 2015",35.4792240722234,47.88763107496637,""
"","2c896fbee6fcbe3f5d786d4cc724b647","12-3507c2726026400ae60e99034cb53c39","1121036","کردستان","Kordestān","قروه","Qorveh","سریش آباد","Serish Ābād","","","لک","Lak","فیروز آباد","Firuz Ābād","Piruzāwā","Masoud Mohammadirad, field notes 2015","100","","","","Central Kurdish 100%","Masoud Mohammadirad, field notes 2015",35.56096681062694,47.76954836558612,""
"","2c896fbee6fcbe3f5d786d4cc724aea5","12-8abe815fdc864a1b93b3874c25d95b3c","1121037","کردستان","Kordestān","قروه","Qorveh","سریش آباد","Serish Ābād","","","لک","Lak","چراغ آباد شکر آباد","Cherāgh Ābād-e Shokr Ābād","Cherāghāwā","Masoud Mohammadirad, field notes 2015","94","","","","Central Kurdish 100%","Masoud Mohammadirad, field notes 2015",35.499197995140655,47.77689630424871,""
"","2c896fbee6fcbe3f5d786d4cc724ae33","12-c7d16b2a7679d394069915a266df28c6","1121038","کردستان","Kordestān","قروه","Qorveh","سریش آباد","Serish Ābād","","","لک","Lak","حسن خان","Hasan Khān","Hasa Khān","Masoud Mohammadirad, field notes 2015","473","","","","Central Kurdish 100%","Masoud Mohammadirad, field notes 2015",35.43876404212477,47.688115304744734,""
"","2c896fbee6fcbe3f5d786d4cc724a67d","12-5848e7bd58f850cf5186a29e0b8cb17d","1121039","کردستان","Kordestān","قروه","Qorveh","سریش آباد","Serish Ābād","","","لک","Lak","شادی آباد","Shādi Ābād","Shāliyāwā","Masoud Mohammadirad, field notes 2015","23","","","","Central Kurdish 100%","Masoud Mohammadirad, field notes 2015",35.47421029450486,47.774969412633666,""
"","2c896fbee6fcbe3f5d786d4cc725345d","12-6fa43db8d77eb02a9dd9ae48fc7c1f9c","1121040","کردستان","Kordestān","قروه","Qorveh","سریش آباد","Serish Ābād","","","لک","Lak","گیلکلو","Gilaklu","GēỊyali","Masoud Mohammadirad, field notes 2015","410","","","","Central Kurdish 100%","Masoud Mohammadirad, field notes 2015",35.454511052453746,47.73040409338591,""
"","2c896fbee6fcbe3f5d786d4cc72527dc","12-cf45001036032f5289f442509a2bdf94","1121041","کردستان","Kordestān","قروه","Qorveh","سریش آباد","Serish Ābād","","","لک","Lak","عبدل آباد","Abdol Ābād","AwdeỊāwā","Masoud Mohammadirad, field notes 2015","81","","","","Central Kurdish 100%","Masoud Mohammadirad, field notes 2015",35.47826483447124,47.76883694004656,""
"","2c896fbee6fcbe3f5d786d4cc7252015","12-7e7d420230ef7303f1af1c20a6cb748f","1121042","کردستان","Kordestān","قروه","Qorveh","سریش آباد","Serish Ābād","","","لک","Lak","چمقلوشیدا","Chomqolu Sheydā","Chomgholi Shayā","Masoud Mohammadirad, field notes 2015","168","","","","Central Kurdish 100%","Masoud Mohammadirad, field notes 2015",35.4510832121559,47.57371128209204,""
"","2c896fbee6fcbe3f5d786d4cc725195c","12-85406c8e34d2f1e6e3ca366209c348ab","1121043","کردستان","Kordestān","قروه","Qorveh","سریش آباد","Serish Ābād","","","لک","Lak","نجف آباد","Najaf Ābād","Najafāwā","Masoud Mohammadirad, field notes 2015","49","","","","Central Kurdish 100%","Masoud Mohammadirad, field notes 2015",35.43510522092389,47.59600580342083,""
"","2c896fbee6fcbe3f5d786d4cc72516c7","12-1d3d5828cbada7867e989cec21facc88","1121044","کردستان","Kordestān","قروه","Qorveh","سریش آباد","Serish Ābād","","","لک","Lak","جعفر","Ja'far","Jāfer","Masoud Mohammadirad, field notes 2015","149","","","","Central Kurdish 100%","Masoud Mohammadirad, field notes 2015",35.43022918235235,47.66637439979221,""
"","2c896fbee6fcbe3f5d786d4cc72508a3","12-a72706021d0645265f71df22c0591881","1121045","کردستان","Kordestān","قروه","Qorveh","سریش آباد","Serish Ābād","","","لک","Lak","سیلاب","Seylāb","Saylāw","Masoud Mohammadirad, field notes 2015","303","","","","Southern Kurdish 100%","Masoud Mohammadirad, field notes 2015",35.37932842110171,47.7002174318179,""
"","2c896fbee6fcbe3f5d786d4cc725068a","12-267342961964f8c534a7fe5e2af4387c","1121046","کردستان","Kordestān","قروه","Qorveh","سریش آباد","Serish Ābād","","","لک","Lak","فرهاد آباد","Farhād Ābād","Farāwā","Masoud Mohammadirad, field notes 2015","85","","","","Central Kurdish 100%","Masoud Mohammadirad, field notes 2015",35.41435339114818,47.6135297014543,""
"","2c896fbee6fcbe3f5d786d4cc7250527","12-fd30832531d2f006c13e67d0aff41508","1121047","کردستان","Kordestān","قروه","Qorveh","سریش آباد","Serish Ābād","","","لک","Lak","ملک آباد","Malak Ābād","Malakāwā","Masoud Mohammadirad, field notes 2015","171","","","","Central Kurdish 100%","Masoud Mohammadirad, field notes 2015",35.39935635274051,47.63641430876562,""
"","2c896fbee6fcbe3f5d786d4cc724feed","10-53f782fd6f91fdfb53fea54d99b122df","1121048","کردستان","Kordestān","قروه","Qorveh","سریش آباد","Serish Ābād","","","یالغوزآغاج","Yālghuzāghāj","","","","","3809","","","","","","","",""
"","2c896fbee6fcbe3f5d786d4cc724fc28","12-6ceaa680c18647d4a351f4f5c1d8230a","1121049","کردستان","Kordestān","قروه","Qorveh","سریش آباد","Serish Ābād","","","یالغوزآغاج","Yālghuzāghāj","چهارگاه","Chahārgāh","Chwāryā","Masoud Mohammadirad, field notes 2015","26","","","","Central Kurdish 100%","Masoud Mohammadirad, field notes 2015",35.27375430720176,47.66372354993926,""
"","2c896fbee6fcbe3f5d786d4cc7258fc9","12-67c4fabeebfd9ea62f63b0c744c4b0cc","1121050","کردستان","Kordestān","قروه","Qorveh","سریش آباد","Serish Ābād","","","یالغوزآغاج","Yālghuzāghāj","شیخ تقه","Sheykh Taqqeh","Shēkh Taqa","Masoud Mohammadirad, field notes 2015","127","","","","Central Kurdish 100%","Masoud Mohammadirad, field notes 2015",35.25350661859292,47.68029791778762,""
"","2c896fbee6fcbe3f5d786d4cc7258b12","12-31ab33970222601c25ebf91048ff3a4e","1121051","کردستان","Kordestān","قروه","Qorveh","سریش آباد","Serish Ābād","","","یالغوزآغاج","Yālghuzāghāj","کمال آباد شهابیه","Kamāl Ābād-e Shahābieh","KamāỊāwā","Masoud Mohammadirad, field notes 2015","159","","","","Central Kurdish 100%","Masoud Mohammadirad, field notes 2015",35.25147081805041,47.64706887196698,""
"","2c896fbee6fcbe3f5d786d4cc72582b7","12-da05fac3e181ab20bb5de081f7559d49","1121052","کردستان","Kordestān","قروه","Qorveh","سریش آباد","Serish Ābād","","","یالغوزآغاج","Yālghuzāghāj","خشکمرودسفلی","Khoshk-e Marud-e Soflā","Weshkamaru Khwār","Masoud Mohammadirad, field notes 2015","272","","","","Central Kurdish 100%","Masoud Mohammadirad, field notes 2015",35.322851383163126,47.63565691481243,""
"","2c896fbee6fcbe3f5d786d4cc72576cb","12-cbf5d014ca8e15d789d95bad3338b629","1121053","کردستان","Kordestān","قروه","Qorveh","سریش آباد","Serish Ābād","","","یالغوزآغاج","Yālghuzāghāj","خشکمرودعلیا","Khoshk-e Marud-e Olyā","Weshkamaru Zhür","Masoud Mohammadirad, field notes 2015","69","","","","Central Kurdish 100%","Masoud Mohammadirad, field notes 2015",35.31354562949013,47.6422444201511,""
"","2c896fbee6fcbe3f5d786d4cc7257555","12-e07e7d97b442f211a0f8f19b74eebf02","1121054","کردستان","Kordestān","قروه","Qorveh","سریش آباد","Serish Ābād","","","یالغوزآغاج","Yālghuzāghāj","فخر آباد","Fakhr Ābād","Fakhrāwā","Masoud Mohammadirad, field notes 2015","195","","","","Central Kurdish 100%","Masoud Mohammadirad, field notes 2015",35.341259538958646,47.601881362803454,""
"","2c896fbee6fcbe3f5d786d4cc72567a0","12-681b72ac776dd19157b0da91642818ae","1121055","کردستان","Kordestān","قروه","Qorveh","سریش آباد","Serish Ābād","","","یالغوزآغاج","Yālghuzāghāj","کریم آباد علی وردی","Karim Ābād-e Ali Verdi","Karimāwāy Ali Werdi","Masoud Mohammadirad, field notes 2015","226","","","","Central Kurdish 100%","Masoud Mohammadirad, field notes 2015",35.36284376603652,47.617841279505726,""
"","2c896fbee6fcbe3f5d786d4cc7255de9","12-93b65c2bda1a0d3c3ea6c0be918b4786","1121056","کردستان","Kordestān","قروه","Qorveh","سریش آباد","Serish Ābād","","","یالغوزآغاج","Yālghuzāghāj","شجاع آباد","Shojā' Ābād","Sojāhāwā","Masoud Mohammadirad, field notes 2015","134","","","","Central Kurdish 100%","Masoud Mohammadirad, field notes 2015",35.272888354052476,47.57067284926425,""
"","2c896fbee6fcbe3f5d786d4cc7255228","12-c29d7a1a1b8fae7b96979af4666ce30e","1121057","کردستان","Kordestān","قروه","Qorveh","سریش آباد","Serish Ābād","","","یالغوزآغاج","Yālghuzāghāj","کانی چای","Kāni Chāy","Kāni Chāy","Masoud Mohammadirad, field notes 2015","96","","","","Central Kurdish 100%","Masoud Mohammadirad, field notes 2015",35.27673053485817,47.60229743909765,""
"","2c896fbee6fcbe3f5d786d4cc7254366","12-8b7ae70a777b7b5ea1d0307845c991d7","1121058","کردستان","Kordestān","قروه","Qorveh","سریش آباد","Serish Ābād","","","یالغوزآغاج","Yālghuzāghāj","یالغوز آغاج","Yālghuz Āghāj","Aluzāghāj","Masoud Mohammadirad, field notes 2015","1178","","","","Central Kurdish 100%","Masoud Mohammadirad, field notes 2015",35.29902239124116,47.5946158886539,""
"","2c896fbee6fcbe3f5d786d4cc72542a3","12-881070225d4ec56a1da00628acdabd97","1121059","کردستان","Kordestān","قروه","Qorveh","سریش آباد","Serish Ābād","","","یالغوزآغاج","Yālghuzāghāj","علی آباد یالغوز آغاج","Ali Ābād-e Yālghuz Āghāj ","Āliyāwā","Masoud Mohammadirad, field notes 2015","294","","","","Central Kurdish 100%","Masoud Mohammadirad, field notes 2015",35.326971060945375,47.602664567835916,""
"","2c896fbee6fcbe3f5d786d4cc725da0a","12-5e16eaa497e73d209985f0107b566670","1121060","کردستان","Kordestān","قروه","Qorveh","سریش آباد","Serish Ābād","","","یالغوزآغاج","Yālghuzāghāj","آونگان","Āvangān","Āngwān","Masoud Mohammadirad, field notes 2015","850","","","","Central Kurdish 100%","Masoud Mohammadirad, field notes 2015",35.23430848138938,47.668238706058084,""
"","2c896fbee6fcbe3f5d786d4cc725d3f3","12-02e9dcb205c1be18d1103351a4257401","1121061","کردستان","Kordestān","قروه","Qorveh","سریش آباد","Serish Ābād","","","یالغوزآغاج","Yālghuzāghāj","شهابیه","Shahābieh","Shahābiya","Masoud Mohammadirad, field notes 2015","179","","","","Central Kurdish 100%","Masoud Mohammadirad, field notes 2015",35.240370816331975,47.63440643651336,""
"","2c896fbee6fcbe3f5d786d4cc725d183","12-3d1fa0770f09196e3072234a12d8f645","1121062","کردستان","Kordestān","قروه","Qorveh","سریش آباد","Serish Ābād","","","یالغوزآغاج","Yālghuzāghāj","شهرک صنعتی آونگان","Shahrak San'ati-ye Āvangān","Shārak Sanati","Masoud Mohammadirad, field notes 2015"," ","(less than 3 households; population not specified in 2011 Census for reasons of privacy)","","","Central Kurdish 100%","Masoud Mohammadirad, field notes 2015",35.214778537351236,47.68339208860034,""
"","2c896fbee6fcbe3f5d786d4cc725c55b","12-ce3e365250203c0028628aaf9d9f660d","1121063","کردستان","Kordestān","قروه","Qorveh","سریش آباد","Serish Ābād","سریش آباد","Serish Ābād","","","","","Sershābād","Masoud Mohammadirad, field notes 2015","7194","","","","Turkic 95%; Tehrāni type Persian 4%; Southern Kurdish 1%","Masoud Mohammadirad, field notes 2015",35.24915851803831,47.7787214682281,""
"","2c896fbee6fcbe3f5d786d4cc725b9ad","10-12080f768309d41c0658bc55ac24ee3d","1121064","کردستان","Kordestān","قروه","Qorveh","چهاردولی","Chāhār Dowli","","","","","","","","","18118","","","","","","","",""
"","2c896fbee6fcbe3f5d786d4cc725b3c3","10-9e6311facabde4cb7eab400f1f9f7a6c","1121065","کردستان","Kordestān","قروه","Qorveh","چهاردولی","Chāhār Dowli","","","چهاردولی شرقی","Chāhār Dowli Sharqi","","","","","7780","","","","","","","",""
"","2c896fbee6fcbe3f5d786d4cc725adaa","12-92ea28fc4cebb6d023659246aa6c0aaf","1121066","کردستان","Kordestān","قروه","Qorveh","چهاردولی","Chāhār Dowli","","","چهاردولی شرقی","Chāhār Dowli Sharqi","جداقایه","Jodā Qāyeh","Jiqāya","Masoud Mohammadirad, field notes 2015","178","","","","Southern Kurdish 100%","Masoud Mohammadirad, field notes 2015",35.16895928831069,48.03983115989546,""
"","2c896fbee6fcbe3f5d786d4cc725a584","12-aaf08e4dad0c03d79f6be6a62f52b197","1121067","کردستان","Kordestān","قروه","Qorveh","چهاردولی","Chāhār Dowli","","","چهاردولی شرقی","Chāhār Dowli Sharqi","دوسر","Do Sar","Dosar","Masoud Mohammadirad, field notes 2015","261","","","","Southern Kurdish 100%","Masoud Mohammadirad, field notes 2015",35.1010711059515,48.026392110228244,""
"","2c896fbee6fcbe3f5d786d4cc725a00a","12-7c0ee4a2cea13a08511d8cc169f04a65","1121068","کردستان","Kordestān","قروه","Qorveh","چهاردولی","Chāhār Dowli","","","چهاردولی شرقی","Chāhār Dowli Sharqi","زنگ آباد","Zang Ābād","Zangāwā","Masoud Mohammadirad, field notes 2015","181","","","","Southern Kurdish 100%","Masoud Mohammadirad, field notes 2015",35.13123346297661,48.00369221195714,""
"","2c896fbee6fcbe3f5d786d4cc7259e1a","12-bc03c9175d71a20cad0f0797d5583f15","1121069","کردستان","Kordestān","قروه","Qorveh","چهاردولی","Chāhār Dowli","","","چهاردولی شرقی","Chāhār Dowli Sharqi","وینسار","Vinesār","Wēnesār","Masoud Mohammadirad, field notes 2015","2362","","","","Southern Kurdish 95%; Tehrāni type Persian 3%; Turkic 2%","Masoud Mohammadirad, field notes 2015",35.02828940662167,48.081366585487615,""
"","2c896fbee6fcbe3f5d786d4cc726225f","12-5bb8424639f9e574b92029d02c728f15","1121070","کردستان","Kordestān","قروه","Qorveh","چهاردولی","Chāhār Dowli","","","چهاردولی شرقی","Chāhār Dowli Sharqi","آب باریک","Āb Bārik","Āw Bārik","Masoud Mohammadirad, field notes 2015","478","","","","Southern Kurdish 100%","Masoud Mohammadirad, field notes 2015",34.994642796198264,48.073055898390436,""
"","2c896fbee6fcbe3f5d786d4cc726138e","12-8fa9e0d271a0f29f3ff6047b75b8ea63","1121071","کردستان","Kordestān","قروه","Qorveh","چهاردولی","Chāhār Dowli","","","چهاردولی شرقی","Chāhār Dowli Sharqi","آقبلاغ","Āq Bolāgh","Āq Bolāgh","Masoud Mohammadirad, field notes 2015","464","","","","Turkic 100%","Masoud Mohammadirad, field notes 2015",35.029987093414285,48.162793129634615,""
"","2c896fbee6fcbe3f5d786d4cc7260555","12-36043ad5af78ff453c92066650d06956","1121072","کردستان","Kordestān","قروه","Qorveh","چهاردولی","Chāhār Dowli","","","چهاردولی شرقی","Chāhār Dowli Sharqi","داش بلاغ","Dāsh Bolāgh","Dāsh Bolāgh","Masoud Mohammadirad, field notes 2015","56","","","","Turkic 100%","Masoud Mohammadirad, field notes 2015",35.00507341589184,48.126087367871946,""
"","2c896fbee6fcbe3f5d786d4cc7260500","13-f0c736cda9bb77f608452244989d2518","1121073","کردستان","Kordestān","قروه","Qorveh","چهاردولی","Chāhār Dowli","","","چهاردولی شرقی","Chāhār Dowli Sharqi","سلطان آباد","Soltān Ābād","Soltānāwā","Masoud Mohammadirad, field notes 2015","139","","","","Southern Kurdish 100%","Masoud Mohammadirad, field notes 2015",34.96479523741943,48.085382681786776,""
"","2c896fbee6fcbe3f5d786d4cc7260459","12-3fc42e756eb643c4a00282e60f6e8ff7","1121074","کردستان","Kordestān","قروه","Qorveh","چهاردولی","Chāhār Dowli","","","چهاردولی شرقی","Chāhār Dowli Sharqi","گنداب سفلی","Gand Āb-e Soflā","Gandāb Āshāghe","Masoud Mohammadirad, field notes 2015","178","","","","Turkic 100%","Masoud Mohammadirad, field notes 2015",35.086955553339244,48.11966732664639,""
"","2c896fbee6fcbe3f5d786d4cc725fbf1","14-68d037318180adf7a6ec1fbb0f84e06d","1121075","کردستان","Kordestān","قروه","Qorveh","چهاردولی","Chāhār Dowli","","","چهاردولی شرقی","Chāhār Dowli Sharqi","گنداب علیا","Gand Āb-e Olyā","Gandāb Yukhāro","Masoud Mohammadirad, field notes 2015","994","","","","Turkic 96%; Tehrāni type Persian 4%","Masoud Mohammadirad, field notes 2015",35.06933379894631,48.159809566190035,""
"","2c896fbee6fcbe3f5d786d4cc725f122","12-b014394b06629b23a46f5f5a4c3bbec2","1121076","کردستان","Kordestān","قروه","Qorveh","چهاردولی","Chāhār Dowli","","","چهاردولی شرقی","Chāhār Dowli Sharqi","بهارلو","Bahārlu","Bāhārlo","Masoud Mohammadirad, field notes 2015","861","","","","Turkic 100%","Masoud Mohammadirad, field notes 2015",35.2026031826476,48.12277702587636,""
"","2c896fbee6fcbe3f5d786d4cc725e54d","12-2655a63b5a4dbe50f1fa00e5064fd6f1","1121077","کردستان","Kordestān","قروه","Qorveh","چهاردولی","Chāhār Dowli","","","چهاردولی شرقی","Chāhār Dowli Sharqi","داش کسان","Dāsh Kasān","Dāshkasan","Masoud Mohammadirad, field notes 2015","198","","","","Turkic 100%","Masoud Mohammadirad, field notes 2015",35.17440447719892,48.0919208933741,""
"","2c896fbee6fcbe3f5d786d4cc725e506","12-38ccc622e8355a15f0755e14202427e6","1121078","کردستان","Kordestān","قروه","Qorveh","چهاردولی","Chāhār Dowli","","","چهاردولی شرقی","Chāhār Dowli Sharqi","بابا شیدالله","Bābā Sheydollāh","Bābā Shaydolā","Masoud Mohammadirad, field notes 2015","399","","","","Turkic 100%","Masoud Mohammadirad, field notes 2015",35.15129972712616,48.1403111705045,""
"","2c896fbee6fcbe3f5d786d4cc725e108","14-24ce58fd4e849dfb718ac451fa6bf975","1121079","کردستان","Kordestān","قروه","Qorveh","چهاردولی","Chāhār Dowli","","","چهاردولی شرقی","Chāhār Dowli Sharqi","نارنجک","Nārenjak","Nārenjak","Masoud Mohammadirad, field notes 2015","1031","","","","Southern Kurdish 97%; Turkic 3%","Masoud Mohammadirad, field notes 2015",35.12887,48.09463,""
"","2c896fbee6fcbe3f5d786d4cc7268299","10-196c5b21252d1e0396956042daebaa67","1121080","کردستان","Kordestān","قروه","Qorveh","چهاردولی","Chāhār Dowli","","","چهاردولی غربی","Chāhār Dowli Gharbi","","","","","8048","","","","","","","",""
"","2c896fbee6fcbe3f5d786d4cc7267a9e","12-96b35f700c476564d7611ea22b2fa2f8","1121081","کردستان","Kordestān","قروه","Qorveh","چهاردولی","Chāhār Dowli","","","چهاردولی غربی","Chāhār Dowli Gharbi","پلوسرکان","Peluserkān","Pelüseryān","Masoud Mohammadirad, field notes 2015","344","","","","Central Kurdish 100%","Masoud Mohammadirad, field notes 2015",35.082278300733215,47.87283904543079,""
"","2c896fbee6fcbe3f5d786d4cc7267559","12-dead12db417b28a964341196bf43182b","1121082","کردستان","Kordestān","قروه","Qorveh","چهاردولی","Chāhār Dowli","","","چهاردولی غربی","Chāhār Dowli Gharbi","حاجی آباد سیده","Hāji Ābād-e Sayyedeh","Hājiyāwā","Masoud Mohammadirad, field notes 2015","101","","","","Southern Kurdish 100%","Masoud Mohammadirad, field notes 2015",35.141201094836745,47.94019317799527,""
"","2c896fbee6fcbe3f5d786d4cc7266bb1","12-7be776d53702318db0a4fc8db5f3b9b8","1121083","کردستان","Kordestān","قروه","Qorveh","چهاردولی","Chāhār Dowli","","","چهاردولی غربی","Chāhār Dowli Gharbi","سرقل","Sarqal","Sarqal","Masoud Mohammadirad, field notes 2015","152","","","","Central Kurdish 100%","Masoud Mohammadirad, field notes 2015",35.088274616727325,47.850673270134685,""
"","2c896fbee6fcbe3f5d786d4cc7265dbc","12-44ab879e617afbbaa31438305458c324","1121084","کردستان","Kordestān","قروه","Qorveh","چهاردولی","Chāhār Dowli","","","چهاردولی غربی","Chāhār Dowli Gharbi","مجید آباد اردلان","Majid Ābād-e Ardalān","Majiyāwā","Masoud Mohammadirad, field notes 2015"," ","(less than 3 households; population not specified in 2011 Census for reasons of privacy)","","","Central Kurdish 100%","Masoud Mohammadirad, field notes 2015",35.06518274363256,47.85334034065922,""
"","2c896fbee6fcbe3f5d786d4cc72659c8","12-6b8c032b1ef682191b76c99d9bc43274","1121085","کردستان","Kordestān","قروه","Qorveh","چهاردولی","Chāhār Dowli","","","چهاردولی غربی","Chāhār Dowli Gharbi","میهم علیا","Meyham-e Olyā","Mēham Zhür","Masoud Mohammadirad, field notes 2015","847","","","","Central Kurdish 100%","Masoud Mohammadirad, field notes 2015",35.06277633017014,47.86137843217421,""
"","2c896fbee6fcbe3f5d786d4cc7264fab","13-94b2a28187acb420d17ed09fea70dbeb","1121086","کردستان","Kordestān","قروه","Qorveh","چهاردولی","Chāhār Dowli","","","چهاردولی غربی","Chāhār Dowli Gharbi","مجتمع صنایع سنگ","Mojtama'-e Sanāye'-e Sang","Sanāya Sang","Masoud Mohammadirad, field notes 2015","7","","","","Central Kurdish 51%; Southern Kurdish 49%","Masoud Mohammadirad, field notes 2015",35.11856448354917,47.91855996023043,""
"","2c896fbee6fcbe3f5d786d4cc72641a2","12-aa801d4a14275b0ebbc17dd2b0160b59","1121087","کردستان","Kordestān","قروه","Qorveh","چهاردولی","Chāhār Dowli","","","چهاردولی غربی","Chāhār Dowli Gharbi","میهم سفلی","Meyham-e Soflā","Mēham Khwār","Masoud Mohammadirad, field notes 2015","1406","","","","Central Kurdish 100%","Masoud Mohammadirad, field notes 2015",35.05591306478645,47.88922512616203,""
"","2c896fbee6fcbe3f5d786d4cc726330a","12-781c15257e9f10a84536e05bb14222db","1121088","کردستان","Kordestān","قروه","Qorveh","چهاردولی","Chāhār Dowli","","","چهاردولی غربی","Chāhār Dowli Gharbi","حسین آباد ظله جوب","Hoseyn Ābād-e Zaleh Jub","Zala Ju","Masoud Mohammadirad, field notes 2015","144","","","","Southern Kurdish 80%; Central Kurdish 20%","Masoud Mohammadirad, field notes 2015",35.058269467825426,47.912375485168674,""
"","2c896fbee6fcbe3f5d786d4cc726263d","12-4e86f6ad83b8c549bbdc04b105c98bac","1121089","کردستان","Kordestān","قروه","Qorveh","چهاردولی","Chāhār Dowli","","","چهاردولی غربی","Chāhār Dowli Gharbi","گرمخانی","Garmekhāni","Garmakhāni","Masoud Mohammadirad, field notes 2015"," ","(less than 3 households; population not specified in 2011 Census for reasons of privacy)","","","Central Kurdish 100%","Masoud Mohammadirad, field notes 2015",35.037418558070236,47.929959985690104,""
"","2c896fbee6fcbe3f5d786d4cc726cd99","12-18b3830d6211f98c53438804d5843636","1121090","کردستان","Kordestān","قروه","Qorveh","چهاردولی","Chāhār Dowli","","","چهاردولی غربی","Chāhār Dowli Gharbi","میمنت آباد","Meymanat Ābād","Mēnatāwā","Masoud Mohammadirad, field notes 2015","141","","","","Southern Kurdish 100%","Masoud Mohammadirad, field notes 2015",35.05187493878819,47.90601456965644,""
"","2c896fbee6fcbe3f5d786d4cc726cd52","12-fab42125c56d3e825eb383cddc159d97","1121091","کردستان","Kordestān","قروه","Qorveh","چهاردولی","Chāhār Dowli","","","چهاردولی غربی","Chāhār Dowli Gharbi","مجید آباد","Majid Ābād","Majiyāwā","Masoud Mohammadirad, field notes 2015"," ","(less than 3 households; population not specified in 2011 Census for reasons of privacy)","","","Central Kurdish 100%","Masoud Mohammadirad, field notes 2015",35.04144467005871,47.81805484758151,""
"","2c896fbee6fcbe3f5d786d4cc726c447","12-dec0c8636e979fd68e07e42562f75e18","1121092","کردستان","Kordestān","قروه","Qorveh","چهاردولی","Chāhār Dowli","","","چهاردولی غربی","Chāhār Dowli Gharbi","نعمت آباد","Ne'mat Ābād","Nahmatāwā","Masoud Mohammadirad, field notes 2015","32","","","","Central Kurdish 100%","Masoud Mohammadirad, field notes 2015",35.04203844161129,47.8280533780479,""
"","2c896fbee6fcbe3f5d786d4cc726b9a1","12-bcaba09df903922793c2b2815492a197","1121093","کردستان","Kordestān","قروه","Qorveh","چهاردولی","Chāhār Dowli","","","چهاردولی غربی","Chāhār Dowli Gharbi","ولی آباد","Vali Ābād","Walyāwā","Masoud Mohammadirad, field notes 2015","131","","","","Central Kurdish 100%","Masoud Mohammadirad, field notes 2015",35.04632328030227,47.845121985447726,""
"","2c896fbee6fcbe3f5d786d4cc726b5df","14-9533a815cc4730694665bf4572dd0eb2","1121094","کردستان","Kordestān","قروه","Qorveh","چهاردولی","Chāhār Dowli","","","چهاردولی غربی","Chāhār Dowli Gharbi","تکیه سفلی","Tekyeh-ye Soflā ","Takyay Khwār","Masoud Mohammadirad, field notes 2015","127","","","","Southern Kurdish 100%","Masoud Mohammadirad, field notes 2015",34.97725425935978,47.85202617870736,""
"","2c896fbee6fcbe3f5d786d4cc726a7db","14-71d616bdf4a5c21a4c19dbd4bdd6a5de","1121095","کردستان","Kordestān","قروه","Qorveh","چهاردولی","Chāhār Dowli","","","چهاردولی غربی","Chāhār Dowli Gharbi","تکیه علیا","Tekyeh-ye Olyā","Takyay Zhür","Masoud Mohammadirad, field notes 2015","120","","","","Southern Kurdish 100%","Masoud Mohammadirad, field notes 2015",34.9851760855306,47.83250268111397,""
"","2c896fbee6fcbe3f5d786d4cc726a475","12-25a1c5a69759a6ff21208f37b62a9a6d","1121096","کردستان","Kordestān","قروه","Qorveh","چهاردولی","Chāhār Dowli","","","چهاردولی غربی","Chāhār Dowli Gharbi","درمه","Dormeh","Dorma","Masoud Mohammadirad, field notes 2015","78","","","","Southern Kurdish 100%","Masoud Mohammadirad, field notes 2015",34.961122730963844,47.85314496168969,""
"","2c896fbee6fcbe3f5d786d4cc72695c4","14-612c6c23f36e467345a403ac25afefc3","1121097","کردستان","Kordestān","قروه","Qorveh","چهاردولی","Chāhār Dowli","","","چهاردولی غربی","Chāhār Dowli Gharbi","زرینه","Zarrineh","Zaṛina","Masoud Mohammadirad, field notes 2015","259","","","","Southern Kurdish 100%","Masoud Mohammadirad, field notes 2015",35.01810915040195,47.924890471633056,""
"","2c896fbee6fcbe3f5d786d4cc7268e25","12-285caea7a4af5773ffa8af84ef7b02db","1121098","کردستان","Kordestān","قروه","Qorveh","چهاردولی","Chāhār Dowli","","","چهاردولی غربی","Chāhār Dowli Gharbi","شیروانه","Shirvāneh","Shirwāna","Masoud Mohammadirad, field notes 2015","338","","","","Southern Kurdish 100%","Masoud Mohammadirad, field notes 2015",34.977827035079095,47.87876672346451,""
"","2c896fbee6fcbe3f5d786d4cc7268b15","12-85372d2f6ef4b7e60f430a761aa7af7c","1121099","کردستان","Kordestān","قروه","Qorveh","چهاردولی","Chāhār Dowli","","","چهاردولی غربی","Chāhār Dowli Gharbi","قاورمه دره","Qāvermeh Darreh","Qāwermawara","Masoud Mohammadirad, field notes 2015","210","","","","Southern Kurdish 100%","Masoud Mohammadirad, field notes 2015",34.956225038709945,47.87228520521682,""
"","2c896fbee6fcbe3f5d786d4cc727259d","12-d6e7006b2c01032733a0104420730ca8","1121100","کردستان","Kordestān","قروه","Qorveh","چهاردولی","Chāhār Dowli","","","چهاردولی غربی","Chāhār Dowli Gharbi","برمه تپه","Bermeh Tappeh","Berma Tapa","Masoud Mohammadirad, field notes 2015","317","","","","Southern Kurdish 100%","Masoud Mohammadirad, field notes 2015",35.01051668766198,47.999726773144445,""
"","2c896fbee6fcbe3f5d786d4cc7271c83","12-42ba32f070aaab43c3afbc65c40418e1","1121101","کردستان","Kordestān","قروه","Qorveh","چهاردولی","Chāhār Dowli","","","چهاردولی غربی","Chāhār Dowli Gharbi","حسن آباد محمد نظر","Hasan Ābād-e Mohammad Nazar","Hasanāwā","Masoud Mohammadirad, field notes 2015","220","","","","Southern Kurdish 100%","Masoud Mohammadirad, field notes 2015",34.998098695870524,48.02065977564648,""
"","2c896fbee6fcbe3f5d786d4cc7270ff3","12-fbee93cabcf7e64ea36f75c53ae73c17","1121102","کردستان","Kordestān","قروه","Qorveh","چهاردولی","Chāhār Dowli","","","چهاردولی غربی","Chāhār Dowli Gharbi","سوتپه","Su Tappeh","Sutapa","Masoud Mohammadirad, field notes 2015","725","","","","Southern Kurdish 100%","Masoud Mohammadirad, field notes 2015",34.97016926438147,47.991433493414895,""
"","2c896fbee6fcbe3f5d786d4cc7270b72","12-596f15414280fd50bf4257b51aab89e1","1121103","کردستان","Kordestān","قروه","Qorveh","چهاردولی","Chāhār Dowli","","","چهاردولی غربی","Chāhār Dowli Gharbi","شهاب الدین","Shahāb-od-Din","Shāwadin","Masoud Mohammadirad, field notes 2015","358","","","","Southern Kurdish 100%","Masoud Mohammadirad, field notes 2015",34.99515441092151,47.991670460617236,""
"","2c896fbee6fcbe3f5d786d4cc72704b3","12-cd937628a9556b475ddc124cac0ba5dc","1121104","کردستان","Kordestān","قروه","Qorveh","چهاردولی","Chāhār Dowli","","","چهاردولی غربی","Chāhār Dowli Gharbi","صندوق آباد","Sanduq Ābād","Senöqāwā","Masoud Mohammadirad, field notes 2015","798","","","","Southern Kurdish 100%","Masoud Mohammadirad, field notes 2015",35.028457849074826,47.97287532992278,""
"","2c896fbee6fcbe3f5d786d4cc727043d","12-7db04def2724d5594e38372d85b12b8b","1121105","کردستان","Kordestān","قروه","Qorveh","چهاردولی","Chāhār Dowli","","","چهاردولی غربی","Chāhār Dowli Gharbi","کمره","Kamareh","Kamara","Masoud Mohammadirad, field notes 2015","86","","","","Southern Kurdish 100%","Masoud Mohammadirad, field notes 2015",35.1167026531805,47.98644328804527,""
"","2c896fbee6fcbe3f5d786d4cc726f6a2","12-bc0bdae4aa7f5194a56596590c77f6ba","1121106","کردستان","Kordestān","قروه","Qorveh","چهاردولی","Chāhār Dowli","","","چهاردولی غربی","Chāhār Dowli Gharbi","گلالی","Galāli","GaỊāỊi","Masoud Mohammadirad, field notes 2015","667","","","","Southern Kurdish 100%","Masoud Mohammadirad, field notes 2015",34.97743479036209,47.915151793202405,""
"","2c896fbee6fcbe3f5d786d4cc726ec22","12-da5b0e10c2504252143a4ce5ea093e9c","1121107","کردستان","Kordestān","قروه","Qorveh","چهاردولی","Chāhār Dowli","","","چهاردولی غربی","Chāhār Dowli Gharbi","ناظم آباد","Nāzem Ābād","Tāzāwā","Masoud Mohammadirad, field notes 2015","425","","","","Southern Kurdish 100%","Masoud Mohammadirad, field notes 2015",35.10654035976268,47.9724336251921,""
"","2c896fbee6fcbe3f5d786d4cc726de19","12-50de4bad01dcfdadb47d205841274788","1121108","کردستان","Kordestān","قروه","Qorveh","چهاردولی","Chāhār Dowli","دزج","Dezaj","","","","","Deza","Masoud Mohammadirad, field notes 2015","2290","","","","Southern Kurdish 98%; Tehrāni type Persian 2%","Masoud Mohammadirad, field notes 2015",35.06297603869709,47.96600357220319,""
"","2c896fbee6fcbe3f5d786d4cc726d49b","10-2f3f5ffeab68e884729c190e983916a8","1121109","کردستان","Kordestān","مریوان","Marivān","","","","","","","","","","","168774","","","","","","","",""
"","2c896fbee6fcbe3f5d786d4cc7277b4f","10-7281107a66ca131a3bbe2db9e8ed8ac3","1121110","کردستان","Kordestān","مریوان","Marivān","خاومیرآباد","Khāv Mir Ābād","","","","","","","","","11411","","","","","","","",""
"","2c896fbee6fcbe3f5d786d4cc72777ef","10-f3e67cdc9e610de499c242d3bf7b6fef","1121111","کردستان","Kordestān","مریوان","Marivān","خاومیرآباد","Khāv Mir Ābād","","","خاومیرآباد","Khāv Mir Ābād","","","","","11411","","","","","","","",""
"","2c896fbee6fcbe3f5d786d4cc72768ff","12-1e97d791251e5ab34402e1e629c9dcb7","1121112","کردستان","Kordestān","مریوان","Marivān","خاومیرآباد","Khāv Mir Ābād","","","خاومیرآباد","Khāv Mir Ābād","انجیران","Anjirān","Hanjirān","Masoud Mohammadirad, field notes 2015","455","","","","Central Kurdish 100%","Masoud Mohammadirad, field notes 2015",35.68333312123248,46.200562826165616,""
"","2c896fbee6fcbe3f5d786d4cc727640f","12-6114aadf870f57680e503b7d0b5e7fa0","1121113","کردستان","Kordestān","مریوان","Marivān","خاومیرآباد","Khāv Mir Ābād","","","خاومیرآباد","Khāv Mir Ābād","شرگه","Shargeh","Shaṛga","Masoud Mohammadirad, field notes 2015","46","","","","Central Kurdish 100%","Masoud Mohammadirad, field notes 2015",35.613504680380686,46.20806110955743,""
"","2c896fbee6fcbe3f5d786d4cc7276144","12-dc4e6d4c3bf4af5767f286c70e76c050","1121114","کردستان","Kordestān","مریوان","Marivān","خاومیرآباد","Khāv Mir Ābād","","","خاومیرآباد","Khāv Mir Ābād","گاگل","Gāgel","Gāgel","Masoud Mohammadirad, field notes 2015","411","","","","Central Kurdish 100%","Masoud Mohammadirad, field notes 2015",35.63628962753719,46.19886531368641,""
"","2c896fbee6fcbe3f5d786d4cc72752be","12-b897102eec89cb0eefe7073822833e3e","1121115","کردستان","Kordestān","مریوان","Marivān","خاومیرآباد","Khāv Mir Ābād","","","خاومیرآباد","Khāv Mir Ābād","هانه شیخان","Hāneh Sheykhān","Hāna Shēkhān","Masoud Mohammadirad, field notes 2015","99","","","","Central Kurdish 100%","Masoud Mohammadirad, field notes 2015",35.66016090420574,46.20340558768065,""
"","2c896fbee6fcbe3f5d786d4cc72745b0","12-289c25cd61dbba8312112476b1869eb4","1121116","کردستان","Kordestān","مریوان","Marivān","خاومیرآباد","Khāv Mir Ābād","","","خاومیرآباد","Khāv Mir Ābād","بناوچله","Benāv Cheleh","Benāw CheỊa","Masoud Mohammadirad, field notes 2015","159","","","","Central Kurdish 100%","Masoud Mohammadirad, field notes 2015",35.62452007985964,46.15538163096467,""
"","2c896fbee6fcbe3f5d786d4cc7274049","12-a9b1fbd387aa6d436b1796b0f6ac07cc","1121117","کردستان","Kordestān","مریوان","Marivān","خاومیرآباد","Khāv Mir Ābād","","","خاومیرآباد","Khāv Mir Ābād","سیف سفلی","Sif-e Soflā","Sēf Khwāru","Masoud Mohammadirad, field notes 2015","552","","","","Central Kurdish 100%","Masoud Mohammadirad, field notes 2015",35.58266600938537,46.14662690074129,""
"","2c896fbee6fcbe3f5d786d4cc7273b9b","13-5f77582ee9d35e8cf7b03a1d86290487","1121118","کردستان","Kordestān","مریوان","Marivān","خاومیرآباد","Khāv Mir Ābād","","","خاومیرآباد","Khāv Mir Ābād","سیف علیا","Sif-e Olyā","Sēf Zhuru","Masoud Mohammadirad, field notes 2015","716","","","","Central Kurdish 100%","Masoud Mohammadirad, field notes 2015",35.59877167966658,46.17841642159143,""
"","2c896fbee6fcbe3f5d786d4cc7272bf5","12-00c5498a73cb60f06805e740330674a6","1121119","کردستان","Kordestān","مریوان","Marivān","خاومیرآباد","Khāv Mir Ābād","","","خاومیرآباد","Khāv Mir Ābād","محمده","Mohammadeh","Mohamawa","Masoud Mohammadirad, field notes 2015","202","","","","Central Kurdish 100%","Masoud Mohammadirad, field notes 2015",35.596014932745696,46.15451259524406,""
"","2c896fbee6fcbe3f5d786d4cc727cfa5","12-bab097e1fa6f75016f13f90fb8202732","1121120","کردستان","Kordestān","مریوان","Marivān","خاومیرآباد","Khāv Mir Ābād","","","خاومیرآباد","Khāv Mir Ābād","بیلو","Bilu","Bēlu","Masoud Mohammadirad, field notes 2015","472","","","","Central Kurdish 100%","Masoud Mohammadirad, field notes 2015",35.62233992234099,46.13605872658583,""
"","2c896fbee6fcbe3f5d786d4cc727cc7d","12-f4a215394fcb42f8fd5d2c1e1a17b51b","1121121","کردستان","Kordestān","مریوان","Marivān","خاومیرآباد","Khāv Mir Ābād","","","خاومیرآباد","Khāv Mir Ābād","دره وران","Darreh Varān","Dara Warān","Masoud Mohammadirad, field notes 2015","334","","","","Central Kurdish 100%","Masoud Mohammadirad, field notes 2015",35.660982888621696,46.140028395928105,""
"","2c896fbee6fcbe3f5d786d4cc727cc34","12-861d6b312d7f53010b1f8bbd299b6e85","1121122","کردستان","Kordestān","مریوان","Marivān","خاومیرآباد","Khāv Mir Ābād","","","خاومیرآباد","Khāv Mir Ābād","کیکن","Kiken","Kiken","Masoud Mohammadirad, field notes 2015","209","","","","Central Kurdish 100%","Masoud Mohammadirad, field notes 2015",35.650000834517705,46.10440836676481,""
"","2c896fbee6fcbe3f5d786d4cc727bc4d","12-ca65e87745d5541e0bab4d302b7a4c8f","1121123","کردستان","Kordestān","مریوان","Marivān","خاومیرآباد","Khāv Mir Ābād","","","خاومیرآباد","Khāv Mir Ābād","میرگه دریژ","Mirgeh Derizh","Mērga Derēzh","Masoud Mohammadirad, field notes 2015","203","","","","Central Kurdish 100%","Masoud Mohammadirad, field notes 2015",35.67332748682703,46.10518084296091,""
"","2c896fbee6fcbe3f5d786d4cc727b673","12-42ec1a2bf4ad98496bda30af1e931f7e","1121124","کردستان","Kordestān","مریوان","Marivān","خاومیرآباد","Khāv Mir Ābād","","","خاومیرآباد","Khāv Mir Ābād","نچی","Nachi","Nachē","Masoud Mohammadirad, field notes 2015","218","","","","Central Kurdish 100%","Masoud Mohammadirad, field notes 2015",35.65298239339873,46.12487898596421,""
"","2c896fbee6fcbe3f5d786d4cc727aa91","12-1ce2ffd39ba050ffcab7bdb15628b840","1121125","کردستان","Kordestān","مریوان","Marivān","خاومیرآباد","Khāv Mir Ābād","","","خاومیرآباد","Khāv Mir Ābād","خانم کهن","Khānom Kohn","Khānma Kōn","Masoud Mohammadirad, field notes 2015","173","","","","Central Kurdish 100%","Masoud Mohammadirad, field notes 2015",35.662261886676504,46.04178826930007,""
"","2c896fbee6fcbe3f5d786d4cc7279d23","12-2bd0dd02c5732274f1030dd58d57a6dc","1121126","کردستان","Kordestān","مریوان","Marivān","خاومیرآباد","Khāv Mir Ābād","","","خاومیرآباد","Khāv Mir Ābād","خاو","Khāv","Khāw","Masoud Mohammadirad, field notes 2015","314","","","","Central Kurdish 100%","Masoud Mohammadirad, field notes 2015",35.65456902555885,46.065269572826274,""
"","2c896fbee6fcbe3f5d786d4cc72797c8","12-e135e5b051f98e525c6aee8afb536eed","1121127","کردستان","Kordestān","مریوان","Marivān","خاومیرآباد","Khāv Mir Ābād","","","خاومیرآباد","Khāv Mir Ābād","ساوجی","Sāvji","Sāwjē","Masoud Mohammadirad, field notes 2015","1152","","","","Central Kurdish 100%","Masoud Mohammadirad, field notes 2015",35.6702418626259,46.08543978461399,""
"","2c896fbee6fcbe3f5d786d4cc7278c5f","12-1945a1f97192d39fb06143583a38b21f","1121128","کردستان","Kordestān","مریوان","Marivān","خاومیرآباد","Khāv Mir Ābād","","","خاومیرآباد","Khāv Mir Ābād","جشنی آباد","Jashni Ābād","Jazhniyāwā","Masoud Mohammadirad, field notes 2015","363","","","","Central Kurdish 100%","Masoud Mohammadirad, field notes 2015",35.654149592379085,46.03183851966586,""
"","2c896fbee6fcbe3f5d786d4cc7278701","12-f4147cc5662dab11c83601bc4644d9e8","1121129","کردستان","Kordestān","مریوان","Marivān","خاومیرآباد","Khāv Mir Ābād","","","خاومیرآباد","Khāv Mir Ābād","خانم شیخان","Khānom Sheykhān","Khānma Shēkhān","Masoud Mohammadirad, field notes 2015","33","","","","Central Kurdish 100%","Masoud Mohammadirad, field notes 2015",35.65334406881024,46.01969223143759,""
"","2c896fbee6fcbe3f5d786d4cc7280bc1","12-4b38e10bcec896cc1b381e11c227ce99","1121130","کردستان","Kordestān","مریوان","Marivān","خاومیرآباد","Khāv Mir Ābād","","","خاومیرآباد","Khāv Mir Ābād","قلقله","Qolqoleh","QoỊqoỊa","Masoud Mohammadirad, field notes 2015","513","","","","Central Kurdish 100%","Masoud Mohammadirad, field notes 2015",35.67247736111117,46.05097215296603,""
"","2c896fbee6fcbe3f5d786d4cc7280458","12-52b6a979d4f9d9e0d78d3e52ec8b619f","1121131","کردستان","Kordestān","مریوان","Marivān","خاومیرآباد","Khāv Mir Ābād","","","خاومیرآباد","Khāv Mir Ābād","کانی میران","Kāni Mirān","Kāni Mirān","Masoud Mohammadirad, field notes 2015","253","","","","Central Kurdish 100%","Masoud Mohammadirad, field notes 2015",35.60256689901643,46.07873292178538,""
"","2c896fbee6fcbe3f5d786d4cc72803f2","12-003e0fe3b5a4bf4221192bfd2f7dd9ed","1121132","کردستان","Kordestān","مریوان","Marivān","خاومیرآباد","Khāv Mir Ābād","","","خاومیرآباد","Khāv Mir Ābād","کهریزه","Kahrizeh","Kārēz","Masoud Mohammadirad, field notes 2015"," ","(less than 3 households; population not specified in 2011 Census for reasons of privacy)","","","Central Kurdish 100%","Masoud Mohammadirad, field notes 2015",35.66051345164202,46.02186667957309,""
"","2c896fbee6fcbe3f5d786d4cc727fdb3","12-ea0fc74122be4812e66c07efec921030","1121133","کردستان","Kordestān","مریوان","Marivān","خاومیرآباد","Khāv Mir Ābād","","","خاومیرآباد","Khāv Mir Ābād","میر آباد","Mir Ābād","Mirāwā","Masoud Mohammadirad, field notes 2015","281","","","","Central Kurdish 100%","Masoud Mohammadirad, field notes 2015",35.64245054155305,46.07164250144412,""
"","2c896fbee6fcbe3f5d786d4cc727f2c1","12-568b79cebd2199867b7b0f8e798678c4","1121134","کردستان","Kordestān","مریوان","Marivān","خاومیرآباد","Khāv Mir Ābād","","","خاومیرآباد","Khāv Mir Ābād","برده رشه","Bardeh Rasheh","Barda Ṛasha","Masoud Mohammadirad, field notes 2015","1094","","","","Central Kurdish 100%","Masoud Mohammadirad, field notes 2015",35.59438590026252,46.09135567456468,""
"","2c896fbee6fcbe3f5d786d4cc727efa5","14-a7e0248e1f003150755274a4bc31ba57","1121135","کردستان","Kordestān","مریوان","Marivān","خاومیرآباد","Khāv Mir Ābād","","","خاومیرآباد","Khāv Mir Ābād","کانی سفید","Kāni Sefid","Kāni Sepi","Masoud Mohammadirad, field notes 2015","258","","","","Central Kurdish 100%","Masoud Mohammadirad, field notes 2015",35.569771045487634,46.10168754368934,""
"","2c896fbee6fcbe3f5d786d4cc727ee33","12-dbfddf874bd89be52cf5a1fd0ac52f4d","1121136","کردستان","Kordestān","مریوان","Marivān","خاومیرآباد","Khāv Mir Ābād","","","خاومیرآباد","Khāv Mir Ābād","ینگیجه","Yangijeh","Yangija","Masoud Mohammadirad, field notes 2015","362","","","","Central Kurdish 100%","Masoud Mohammadirad, field notes 2015",35.57559168876818,46.101279847918576,""
"","2c896fbee6fcbe3f5d786d4cc727dea9","12-72f87b528763e6960a3af27fa55bee6b","1121137","کردستان","Kordestān","مریوان","Marivān","خاومیرآباد","Khāv Mir Ābād","","","خاومیرآباد","Khāv Mir Ābād","باشماق","Bāshmāq","Bāshmākh","Masoud Mohammadirad, field notes 2015","47","","","","Central Kurdish 100%","Masoud Mohammadirad, field notes 2015",35.60602449472166,46.035194328224975,""
"","2c896fbee6fcbe3f5d786d4cc727db6f","12-992d0190de20a783f49510a28674d01b","1121138","کردستان","Kordestān","مریوان","Marivān","خاومیرآباد","Khāv Mir Ābād","","","خاومیرآباد","Khāv Mir Ābād","بایوه","Bāyaveh","Bāyawa","Masoud Mohammadirad, field notes 2015","133","","","","Central Kurdish 100%","Masoud Mohammadirad, field notes 2015",35.59283600992343,46.02579035983059,""
"","2c896fbee6fcbe3f5d786d4cc727d953","12-d0504687f9e475fcb5f714d6d5ac2560","1121139","کردستان","Kordestān","مریوان","Marivān","خاومیرآباد","Khāv Mir Ābād","","","خاومیرآباد","Khāv Mir Ābād","سعد آباد","Sa'd Ābād","Sāwā","Masoud Mohammadirad, field notes 2015","416","","","","Central Kurdish 100%","Masoud Mohammadirad, field notes 2015",35.6086424781118,46.05244344861186,""
"","2c896fbee6fcbe3f5d786d4cc7285911","12-eba8490f12c210e337afcb5cd4948ead","1121140","کردستان","Kordestān","مریوان","Marivān","خاومیرآباد","Khāv Mir Ābād","","","خاومیرآباد","Khāv Mir Ābād","مرانه","Merrāneh","Meṛāna","Masoud Mohammadirad, field notes 2015","65","","","","Central Kurdish 100%","Masoud Mohammadirad, field notes 2015",35.57801623555495,46.040134813639355,""
"","2c896fbee6fcbe3f5d786d4cc7284a4f","12-38fec3777471fa05a5726e3afcd8caae","1121141","کردستان","Kordestān","مریوان","Marivān","خاومیرآباد","Khāv Mir Ābād","","","خاومیرآباد","Khāv Mir Ābād","پیرصفا","Pir Safā","Pir Safā","Masoud Mohammadirad, field notes 2015","307","","","","Central Kurdish 100%","Masoud Mohammadirad, field notes 2015",35.56014333781482,46.09794727485382,""
"","2c896fbee6fcbe3f5d786d4cc7283fcc","12-b922ded6c1d80683e994c1cc319b782e","1121142","کردستان","Kordestān","مریوان","Marivān","خاومیرآباد","Khāv Mir Ābād","","","خاومیرآباد","Khāv Mir Ābād","بازارچه مرزی باشماق","Bāzārcheh Marzi-ye Bāshmāq","Bāzārcha","Masoud Mohammadirad, field notes 2015"," ","(less than 3 households; population not specified in 2011 Census for reasons of privacy)","","","Central Kurdish 100%","Masoud Mohammadirad, field notes 2015",35.61258947243889,46.02367407472255,""
"","2c896fbee6fcbe3f5d786d4cc728390c","12-261e3d75388c39081ea952c0087fc0bf","1121143","کردستان","Kordestān","مریوان","Marivān","خاومیرآباد","Khāv Mir Ābād","","","خاومیرآباد","Khāv Mir Ābād","آسن آباد","Āsen Ābād","Āsnāwā","Masoud Mohammadirad, field notes 2015","45","","","","Central Kurdish 100%","Masoud Mohammadirad, field notes 2015",35.56764831855248,45.99693741559762,""
"","2c896fbee6fcbe3f5d786d4cc7282fb2","14-b1f4b352b991a6e58797652f148a5ddc","1121144","کردستان","Kordestān","مریوان","Marivān","خاومیرآباد","Khāv Mir Ābād","","","خاومیرآباد","Khāv Mir Ābād","سردوش","Sar Dowsh","Sar Dōsh","Masoud Mohammadirad, field notes 2015","1502","","","","Central Kurdish 100%","Masoud Mohammadirad, field notes 2015",35.52159114863995,46.07067418569427,""
"","2c896fbee6fcbe3f5d786d4cc72823b4","10-7a12f141134159a2bcea63f74431aa13","1121145","کردستان","Kordestān","مریوان","Marivān","سرشیو","Sar Shiv","","","","","","","","","9039","","","","","","","",""
"","2c896fbee6fcbe3f5d786d4cc7281b52","10-e1a347efa37d141fbbea31cac846bd6a","1121146","کردستان","Kordestān","مریوان","Marivān","سرشیو","Sar Shiv","","","سرشیو","Sar Shiv","","","","","4434","","","","","","","",""
"","2c896fbee6fcbe3f5d786d4cc7281ab0","13-e5354ee784fda6b433f168cc23bf6b97","1121147","کردستان","Kordestān","مریوان","Marivān","سرشیو","Sar Shiv","","","سرشیو","Sar Shiv","تراق تپه","Torāq Tappeh","Torākh Tapa","Masoud Mohammadirad, field notes 2015","214","","","","Central Kurdish 100%","Masoud Mohammadirad, field notes 2015",35.70824292111488,46.435182353193476,""
"","2c896fbee6fcbe3f5d786d4cc72819b3","12-c8b524dc47046c8ff66a9f5e93d1f187","1121148","کردستان","Kordestān","مریوان","Marivān","سرشیو","Sar Shiv","","","سرشیو","Sar Shiv","قمچیان","Qamchiān","Qamchiyān","Masoud Mohammadirad, field notes 2015","134","","","","Central Kurdish 100%","Masoud Mohammadirad, field notes 2015",35.7366628012424,46.43226054282692,""
"","2c896fbee6fcbe3f5d786d4cc7281154","12-b3d30b2c50b754ffab256c92a6d2e917","1121149","کردستان","Kordestān","مریوان","Marivān","سرشیو","Sar Shiv","","","سرشیو","Sar Shiv","گیلی کران","Gili Karān","Gēli Karān","Masoud Mohammadirad, field notes 2015","240","","","","Central Kurdish 100%","Masoud Mohammadirad, field notes 2015",35.656088212918945,46.392757669764315,""
"","2c896fbee6fcbe3f5d786d4cc728bb96","12-2d191e61600cf6998cf94642954c4785","1121150","کردستان","Kordestān","مریوان","Marivān","سرشیو","Sar Shiv","","","سرشیو","Sar Shiv","کانی تمرخان","Kāni Tamar Khān","Kāni Tamarkhān","Masoud Mohammadirad, field notes 2015","120","","","","Central Kurdish 100%","Masoud Mohammadirad, field notes 2015",35.721965364464324,46.47153414852027,""
"","2c896fbee6fcbe3f5d786d4cc728af65","12-aeb7ca3e4db0a537478ac0bcd64158d8","1121151","کردستان","Kordestān","مریوان","Marivān","سرشیو","Sar Shiv","","","سرشیو","Sar Shiv","گوگجه","Gowgjeh","Gōgja","Masoud Mohammadirad, field notes 2015","345","","","","Central Kurdish 100%","Masoud Mohammadirad, field notes 2015",35.752717698307386,46.48843811684325,""
"","2c896fbee6fcbe3f5d786d4cc728a216","12-5d98ce83c369312b74d9a404b44111e3","1121152","کردستان","Kordestān","مریوان","Marivān","سرشیو","Sar Shiv","","","سرشیو","Sar Shiv","برده رشه ","Bardeh Rasheh","Barda Ṛasha","Masoud Mohammadirad, field notes 2015","300","","","","Central Kurdish 100%","Masoud Mohammadirad, field notes 2015",35.73182622488177,46.3426448416832,""
"","2c896fbee6fcbe3f5d786d4cc72899ed","18-8a4f8f5a1278141a862509246c4d82af","1121153","کردستان","Kordestān","مریوان","Marivān","سرشیو","Sar Shiv","","","سرشیو","Sar Shiv","توت سرخان","Tut Sorkhān","Tuwa Surān","Masoud Mohammadirad, field notes 2015","136","","","","Central Kurdish 100%","Masoud Mohammadirad, field notes 2015",35.69131660090181,46.36508675702613,""
"","2c896fbee6fcbe3f5d786d4cc728912b","12-c7f7f1a524f2000dac4b4af36bf9ae25","1121154","کردستان","Kordestān","مریوان","Marivān","سرشیو","Sar Shiv","","","سرشیو","Sar Shiv","دوپلوره","Duplureh","Duplura","Masoud Mohammadirad, field notes 2015","204","","","","Central Kurdish 100%","Masoud Mohammadirad, field notes 2015",35.722837790288054,46.32635846854782,""
"","2c896fbee6fcbe3f5d786d4cc7289118","12-be1ff6f77c5ef757d6acee33f9c0857f","1121155","کردستان","Kordestān","مریوان","Marivān","سرشیو","Sar Shiv","","","سرشیو","Sar Shiv","شهسوار","Shahsavār","Shāsuwār ","Masoud Mohammadirad, field notes 2015","118","","","","Central Kurdish 100%","Masoud Mohammadirad, field notes 2015",35.66714996273675,46.324543730108395,""
"","2c896fbee6fcbe3f5d786d4cc728854f","14-b7d9faffa19a4415609e187a549d7513","1121156","کردستان","Kordestān","مریوان","Marivān","سرشیو","Sar Shiv","","","سرشیو","Sar Shiv","قامیشله","Qāmishleh","Qāmishḷa","Masoud Mohammadirad, field notes 2015","174","","","","Central Kurdish 100%","Masoud Mohammadirad, field notes 2015",35.678019884300575,46.267217672157315,""
"","2c896fbee6fcbe3f5d786d4cc7287708","14-8555c6594a3d2dd1c57103cbbe74996e","1121157","کردستان","Kordestān","مریوان","Marivān","سرشیو","Sar Shiv","","","سرشیو","Sar Shiv","کولیت","Kowlit","KōỊit","Masoud Mohammadirad, field notes 2015"," ","(less than 3 households; population not specified in 2011 Census for reasons of privacy)","","","Central Kurdish 100%","Masoud Mohammadirad, field notes 2015",35.6789,46.2989,""
"","2c896fbee6fcbe3f5d786d4cc72868da","12-c6bdc2c338c01bdc62ce42ac2494e76e","1121158","کردستان","Kordestān","مریوان","Marivān","سرشیو","Sar Shiv","","","سرشیو","Sar Shiv","گویله","Gavileh","GawēỊa","Masoud Mohammadirad, field notes 2015","187","","","","Central Kurdish 100%","Masoud Mohammadirad, field notes 2015",35.684920653793725,46.32842882674437,""
"","2c896fbee6fcbe3f5d786d4cc7285cbb","12-8ba30e9c5e43ce5aa65b52023ff2359a","1121159","کردستان","Kordestān","مریوان","Marivān","سرشیو","Sar Shiv","","","سرشیو","Sar Shiv","وشکلان","Veshkelān","WeshkaỊān","Masoud Mohammadirad, field notes 2015","134","","","","Central Kurdish 100%","Masoud Mohammadirad, field notes 2015",35.694126706668335,46.28210313687056,""
"","2c896fbee6fcbe3f5d786d4cc72910bf","12-988a7528e5eab0c58c17f2a86960450c","1121160","کردستان","Kordestān","مریوان","Marivān","سرشیو","Sar Shiv","","","سرشیو","Sar Shiv","چالی سور","Chāli Sur","Chāḷi Sur","Masoud Mohammadirad, field notes 2015","101","","","","Central Kurdish 100%","Masoud Mohammadirad, field notes 2015",35.62840157043618,46.35153461574656,""
"","2c896fbee6fcbe3f5d786d4cc72906c7","12-e53870b4b9cf393e260b01b08e3782b3","1121161","کردستان","Kordestān","مریوان","Marivān","سرشیو","Sar Shiv","","","سرشیو","Sar Shiv","دره پنبه دان","Darreh Panbedān","Dara Pamān","Masoud Mohammadirad, field notes 2015","30","","","","Central Kurdish 100%","Masoud Mohammadirad, field notes 2015",35.59693374425246,46.34684235164637,""
"","2c896fbee6fcbe3f5d786d4cc728f759","14-a26bba226ea555f63657c108f730a062","1121162","کردستان","Kordestān","مریوان","Marivān","سرشیو","Sar Shiv","","","سرشیو","Sar Shiv","دویسه","Doveyseh","Dowaysa","Masoud Mohammadirad, field notes 2015","202","","","","Central Kurdish 100%","Masoud Mohammadirad, field notes 2015",35.61139451234662,46.30545044052672,""
"","2c896fbee6fcbe3f5d786d4cc728e949","12-71b5159fb8cd0c6c766c4915e4c31740","1121163","کردستان","Kordestān","مریوان","Marivān","سرشیو","Sar Shiv","","","سرشیو","Sar Shiv","گماره لنگ","Gemāreh Lang","Gemāra Lang","Masoud Mohammadirad, field notes 2015","328","","","","Central Kurdish 100%","Masoud Mohammadirad, field notes 2015",35.580855477698556,46.294439301707584,""
"","2c896fbee6fcbe3f5d786d4cc728e22b","12-12d7bb74e77a221505438ded9a425217","1121164","کردستان","Kordestān","مریوان","Marivān","سرشیو","Sar Shiv","","","سرشیو","Sar Shiv","ماسیدرسفلی","Māsidar-e Soflā","Māsiyar Khwāru","Masoud Mohammadirad, field notes 2015","237","","","","Central Kurdish 100%","Masoud Mohammadirad, field notes 2015",35.58154202025022,46.33195574674646,""
"","2c896fbee6fcbe3f5d786d4cc728db20","12-c95655654ebf900b50b26cc1af015560","1121165","کردستان","Kordestān","مریوان","Marivān","سرشیو","Sar Shiv","","","سرشیو","Sar Shiv","ویله","Vileh","WēỊa","Masoud Mohammadirad, field notes 2015","118","","","","Central Kurdish 100%","Masoud Mohammadirad, field notes 2015",35.59357596383247,46.30838157990649,""
"","2c896fbee6fcbe3f5d786d4cc728d847","12-f0c2d1cd16315895c63d3fd2b655384a","1121166","کردستان","Kordestān","مریوان","Marivān","سرشیو","Sar Shiv","","","سرشیو","Sar Shiv","سد گاران","Sadd-e Gārrān","Sad Gāṛān","Masoud Mohammadirad, field notes 2015"," ","(less than 3 households; population not specified in 2011 Census for reasons of privacy)","","","Central Kurdish 100%","Masoud Mohammadirad, field notes 2015",35.602832336055656,46.31396602383154,""
"","2c896fbee6fcbe3f5d786d4cc728cad9","15-bab023fb83a01b08b2d203e3344d5dab","1121167","کردستان","Kordestān","مریوان","Marivān","سرشیو","Sar Shiv","","","سرشیو","Sar Shiv","باغان","Bāghān","Bākhān","Masoud Mohammadirad, field notes 2015","193","","","","Central Kurdish 100%","Masoud Mohammadirad, field notes 2015",35.531930148820855,46.37567575368251,""
"","2c896fbee6fcbe3f5d786d4cc728c207","13-993ed23a41843587c8e60163ce9890e5","1121168","کردستان","Kordestān","مریوان","Marivān","سرشیو","Sar Shiv","","","سرشیو","Sar Shiv","بلکر","Belkarr","BeỊkaṛ","Masoud Mohammadirad, field notes 2015","167","","","","Central Kurdish 100%","Masoud Mohammadirad, field notes 2015",35.55068222748657,46.37947376164667,""
"","2c896fbee6fcbe3f5d786d4cc728c15e","13-5db47f61df6af7ec13fbca6b0d8b9376","1121169","کردستان","Kordestān","مریوان","Marivān","سرشیو","Sar Shiv","","","سرشیو","Sar Shiv","زویران","Zevirān","Zwērān","Masoud Mohammadirad, field notes 2015","161","","","","Central Kurdish 100%","Masoud Mohammadirad, field notes 2015",35.61283512396389,46.42302658194212,""
"","2c896fbee6fcbe3f5d786d4cc729605d","13-6e12fce43aa4ee58b5bfa79dc6dd213a","1121170","کردستان","Kordestān","مریوان","Marivān","سرشیو","Sar Shiv","","","سرشیو","Sar Shiv","کولیت حسین آباد","Kowlit-e Hoseyn Ābād","KōỊit Hosaynāwā","Masoud Mohammadirad, field notes 2015","92","","","","Central Kurdish 100%","Masoud Mohammadirad, field notes 2015",35.543559049222324,46.337835148907175,""
"","2c896fbee6fcbe3f5d786d4cc7295668","18-5b1cbb6ff5433fadbdd96883456121bb","1121171","کردستان","Kordestān","مریوان","Marivān","سرشیو","Sar Shiv","","","سرشیو","Sar Shiv","گله","Geleh","Gela","Masoud Mohammadirad, field notes 2015","252","","","","Central Kurdish 100%","Masoud Mohammadirad, field notes 2015",35.599396073316264,46.39609578697498,""
"","2c896fbee6fcbe3f5d786d4cc7294cab","17-dd0034e6ea81423005ae2412e6092861","1121172","کردستان","Kordestān","مریوان","Marivān","سرشیو","Sar Shiv","","","سرشیو","Sar Shiv","عیسولی","Isowli","Isawḷa","Masoud Mohammadirad, field notes 2015","214","","","","Central Kurdish 100%","Masoud Mohammadirad, field notes 2015",35.658032386173595,46.44210507011401,""
"","2c896fbee6fcbe3f5d786d4cc7294c9e","10-87a4d3d13aee9da92606c2857b4b6db5","1121173","کردستان","Kordestān","مریوان","Marivān","سرشیو","Sar Shiv","","","گلچیدر","Golchidar","","","","","4421","","","","","","","",""
"","2c896fbee6fcbe3f5d786d4cc729465d","12-7107bb33f25e2551fdc8d8b112b32cb0","1121174","کردستان","Kordestān","مریوان","Marivān","سرشیو","Sar Shiv","","","گلچیدر","Golchidar","شانشین","Shāneshin","Shāneshin","Masoud Mohammadirad, field notes 2015","172","","","","Central Kurdish 100%","Masoud Mohammadirad, field notes 2015",35.638965571345466,46.604927123619085,""
"","2c896fbee6fcbe3f5d786d4cc7293e0d","12-fd4a65303c34bd92fca38e9f5f261b5d","1121175","کردستان","Kordestān","مریوان","Marivān","سرشیو","Sar Shiv","","","گلچیدر","Golchidar","صوفی بله","Sufi Beleh","Sōfi Bela","Masoud Mohammadirad, field notes 2015","197","","","","Central Kurdish 100%","Masoud Mohammadirad, field notes 2015",35.6159343836316,46.5877931724349,""
"","2c896fbee6fcbe3f5d786d4cc729393e","14-c4899f0c56701ca19be82968c218e091","1121176","کردستان","Kordestān","مریوان","Marivān","سرشیو","Sar Shiv","","","گلچیدر","Golchidar","طینال","Teynāl","TaynāỊ","Masoud Mohammadirad, field notes 2015","110","","","","Central Kurdish 100%","Masoud Mohammadirad, field notes 2015",35.59199,46.53513,""
"","2c896fbee6fcbe3f5d786d4cc7292f79","12-0065b431679a27ef8b8f49aaecd93cc7","1121177","کردستان","Kordestān","مریوان","Marivān","سرشیو","Sar Shiv","","","گلچیدر","Golchidar","گلچیدر","Golchidar","GoỊchiyar","Masoud Mohammadirad, field notes 2015","273","","","","Central Kurdish 100%","Masoud Mohammadirad, field notes 2015",35.665244463534734,46.51963606091981,""
"","2c896fbee6fcbe3f5d786d4cc729298e","12-916fb0f45dcce7e6ddcd01ee5fdb8a0d","1121178","کردستان","Kordestān","مریوان","Marivān","سرشیو","Sar Shiv","","","گلچیدر","Golchidar","آلی همدان","Āli Hamedān","ĀỊi Hamawān ","Masoud Mohammadirad, field notes 2015","136","","","","Central Kurdish 100%","Masoud Mohammadirad, field notes 2015",35.60546193175541,46.52015104505145,""
"","2c896fbee6fcbe3f5d786d4cc7291fd2","12-3e5cfe702f53787a31529e4feec53c14","1121179","کردستان","Kordestān","مریوان","Marivān","سرشیو","Sar Shiv","","","گلچیدر","Golchidar","تازه آباد صوفی بله","Tāzeh Ābād-e Sufi Beleh","Tāzāwāy Sōfi Bela","Masoud Mohammadirad, field notes 2015","106","","","","Central Kurdish 100%","Masoud Mohammadirad, field notes 2015",35.59117783708851,46.588318885401094,""
"","2c896fbee6fcbe3f5d786d4cc729b825","12-335511d062a35e003d73ebfc47e75d1c","1121180","کردستان","Kordestān","مریوان","Marivān","سرشیو","Sar Shiv","","","گلچیدر","Golchidar","دره هرد","Darreh Hard","Dara Hard","Masoud Mohammadirad, field notes 2015","123","","","","Central Kurdish 100%","Masoud Mohammadirad, field notes 2015",35.587522151960634,46.63351947171481,""
"","2c896fbee6fcbe3f5d786d4cc729b3be","12-194b4d8ad0711d3c742e30e89a366631","1121181","کردستان","Kordestān","مریوان","Marivān","سرشیو","Sar Shiv","","","گلچیدر","Golchidar","گوریچه","Gowricheh","Gōṛicha","Masoud Mohammadirad, field notes 2015","85","","","","Central Kurdish 100%","Masoud Mohammadirad, field notes 2015",35.61249788613254,46.65608757836349,""
"","2c896fbee6fcbe3f5d786d4cc729aa06","12-00fd82866385d3cfc0d00f7c4e8e05e6","1121182","کردستان","Kordestān","مریوان","Marivān","سرشیو","Sar Shiv","","","گلچیدر","Golchidar","پلوره","Pelureh","Pelura","Masoud Mohammadirad, field notes 2015","158","","","","Central Kurdish 100%","Masoud Mohammadirad, field notes 2015",35.47189339706449,46.59586485741654,""
"","2c896fbee6fcbe3f5d786d4cc7299be4","12-0b9f4e7540cb91fd402fd95f5b2e3cfe","1121183","کردستان","Kordestān","مریوان","Marivān","سرشیو","Sar Shiv","","","گلچیدر","Golchidar","چاولکان وزیر","Chāvelkān Vazir","ChāwỊkān Wazir","Masoud Mohammadirad, field notes 2015","195","","","","Central Kurdish 100%","Masoud Mohammadirad, field notes 2015",35.55105169146959,46.6625982176975,""
"","2c896fbee6fcbe3f5d786d4cc729976a","12-d40cad7a637bbecd3192e981ca8e03dd","1121184","کردستان","Kordestān","مریوان","Marivān","سرشیو","Sar Shiv","","","گلچیدر","Golchidar","کاکوذکریا","Kāku Zakaryā","Kākō Zakeryā","Masoud Mohammadirad, field notes 2015","132","","","","Central Kurdish 100%","Masoud Mohammadirad, field notes 2015",35.53456972664433,46.637278164600644,""
"","2c896fbee6fcbe3f5d786d4cc7298a67","12-1e4da39c4aed66ee6ba20080199e4006","1121185","کردستان","Kordestān","مریوان","Marivān","سرشیو","Sar Shiv","","","گلچیدر","Golchidar","ول","Vel","Wel","Masoud Mohammadirad, field notes 2015","162","","","","Central Kurdish 100%","Masoud Mohammadirad, field notes 2015",35.56072662967689,46.71277140362387,""
"","2c896fbee6fcbe3f5d786d4cc7297bb0","12-5329736230ca21d04677ecb696a29926","1121186","کردستان","Kordestān","مریوان","Marivān","سرشیو","Sar Shiv","","","گلچیدر","Golchidar","قادر آباد","Qāder Ābād","Darawyān","Masoud Mohammadirad, field notes 2015","125","","","","Central Kurdish 100%","Masoud Mohammadirad, field notes 2015",35.49974393577256,46.630755032277406,""
"","2c896fbee6fcbe3f5d786d4cc729770a","12-cef5784ee6fbaaaa458786404c0cd7dc","1121187","کردستان","Kordestān","مریوان","Marivān","سرشیو","Sar Shiv","","","گلچیدر","Golchidar","ده بنیاد","Deh Benyād","Dē Benyā","Masoud Mohammadirad, field notes 2015","153","","","","Central Kurdish 100%","Masoud Mohammadirad, field notes 2015",35.56888341585219,46.584832013683176,""
"","2c896fbee6fcbe3f5d786d4cc729757d","12-c1b5d0682427cab7328df532946d4137","1121188","کردستان","Kordestān","مریوان","Marivān","سرشیو","Sar Shiv","","","گلچیدر","Golchidar","میدول","Meydowl","MaydōỊ","Masoud Mohammadirad, field notes 2015","108","","","","Central Kurdish 100%","Masoud Mohammadirad, field notes 2015",35.5802190067332,46.55571395262126,""
"","2c896fbee6fcbe3f5d786d4cc7296926","13-66f3d24da707ba131a48640c858d593e","1121189","کردستان","Kordestān","مریوان","Marivān","سرشیو","Sar Shiv","","","گلچیدر","Golchidar","جانوره خوارگ","Jānevareh-ye Khovāreg","Jānawaray Khwāreg","Masoud Mohammadirad, field notes 2015","1186","","","","Central Kurdish 100%","Masoud Mohammadirad, field notes 2015",35.5254402713759,46.55945854724642,""
"","2c896fbee6fcbe3f5d786d4cc72a1952","12-a0652b7996b198a8d6121aa2964e70d3","1121190","کردستان","Kordestān","مریوان","Marivān","سرشیو","Sar Shiv","","","گلچیدر","Golchidar","سعدوسلیمان","Sa'd o Soleymān","Sāw SeỊemāna","Masoud Mohammadirad, field notes 2015","139","","","","Central Kurdish 100%","Masoud Mohammadirad, field notes 2015",35.5642579813402,46.47958750359322,""
"","2c896fbee6fcbe3f5d786d4cc72a0e24","12-19acb6173f94d29b0fcd28968793d2f9","1121191","کردستان","Kordestān","مریوان","Marivān","سرشیو","Sar Shiv","","","گلچیدر","Golchidar","بیدرشان","Bidarshān","Bēṛashān","Masoud Mohammadirad, field notes 2015","108","","","","Central Kurdish 100%","Masoud Mohammadirad, field notes 2015",35.537102224333694,46.492803548242875,""
"","2c896fbee6fcbe3f5d786d4cc72a0bfa","12-c203a707c1ce1d3d578abe3de7c0e192","1121192","کردستان","Kordestān","مریوان","Marivān","سرشیو","Sar Shiv","","","گلچیدر","Golchidar","جلیله","Jalileh","JaỊēỊa","Masoud Mohammadirad, field notes 2015","99","","","","Central Kurdish 100%","Masoud Mohammadirad, field notes 2015",35.51727286401748,46.508489106559374,""
"","2c896fbee6fcbe3f5d786d4cc729fcb3","12-c7dd267c197e1e563dabb6265f69146c","1121193","کردستان","Kordestān","مریوان","Marivān","سرشیو","Sar Shiv","","","گلچیدر","Golchidar","بابا","Bābā","Bāwā","Masoud Mohammadirad, field notes 2015","35","","","","Central Kurdish 100%","Masoud Mohammadirad, field notes 2015",35.48900908927852,46.51640709757082,""
"","2c896fbee6fcbe3f5d786d4cc729efa6","12-bd6036c194270a8a8e18bf3964175eed","1121194","کردستان","Kordestān","مریوان","Marivān","سرشیو","Sar Shiv","","","گلچیدر","Golchidar","پلیاندر","Pelyāndar","Pelyāndar","Masoud Mohammadirad, field notes 2015","40","","","","Central Kurdish 100%","Masoud Mohammadirad, field notes 2015",35.484413976075906,46.48632333126417,""
"","2c896fbee6fcbe3f5d786d4cc729ea7b","12-0259ea4ff21b08796cce2e330006f16c","1121195","کردستان","Kordestān","مریوان","Marivān","سرشیو","Sar Shiv","","","گلچیدر","Golchidar","حسن قره","Hasan Qareh","Hasan Qara","Masoud Mohammadirad, field notes 2015","75","","","","Central Kurdish 100%","Masoud Mohammadirad, field notes 2015",35.52741954254113,46.448085759552626,""
"","2c896fbee6fcbe3f5d786d4cc729e49e","12-3b14037d83c0c3edf756155531583150","1121196","کردستان","Kordestān","مریوان","Marivān","سرشیو","Sar Shiv","","","گلچیدر","Golchidar","سیور","Sivar","Sēwaṛ","Masoud Mohammadirad, field notes 2015","79","","","","Central Kurdish 100%","Masoud Mohammadirad, field notes 2015",35.49119236619825,46.53245743631354,""
"","2c896fbee6fcbe3f5d786d4cc729da4d","12-33c40dc91ca7af10df49e825c739b0f0","1121197","کردستان","Kordestān","مریوان","Marivān","سرشیو","Sar Shiv","","","گلچیدر","Golchidar","شیخ شربتی","Sheykh Sharbati","Shēkh Sharbati","Masoud Mohammadirad, field notes 2015","139","","","","Central Kurdish 100%","Masoud Mohammadirad, field notes 2015",35.53890941243483,46.52308439845499,""
"","2c896fbee6fcbe3f5d786d4cc729cb98","12-1d6a3189874f6585f625f8dd5dbb181f","1121198","کردستان","Kordestān","مریوان","Marivān","سرشیو","Sar Shiv","","","گلچیدر","Golchidar","شیخ عطار","Sheykh Atār","Shēkh Atār","Masoud Mohammadirad, field notes 2015","189","","","","Central Kurdish 100%","Masoud Mohammadirad, field notes 2015",35.51341294730401,46.46694705334348,""
"","2c896fbee6fcbe3f5d786d4cc729c571","12-e0897cc858c34b423210636acd1b2943","1121199","کردستان","Kordestān","مریوان","Marivān","سرشیو","Sar Shiv","","","گلچیدر","Golchidar","قطوند","Qatavand","Qatawen","Masoud Mohammadirad, field notes 2015","97","","","","Central Kurdish 100%","Masoud Mohammadirad, field notes 2015",35.545823149309406,46.54190490331151,""
"","2c896fbee6fcbe3f5d786d4cc72a758a","12-54343841058371d8b0c54126e9619f36","1121200","کردستان","Kordestān","مریوان","Marivān","سرشیو","Sar Shiv","چناره","Chenāreh","","","","","Chenāra","Masoud Mohammadirad, field notes 2015","184","","","","Central Kurdish 100%","Masoud Mohammadirad, field notes 2015",35.63207260791181,46.30697393524532,""
"","2c896fbee6fcbe3f5d786d4cc72a6ff2","10-8eb3c95714af1bffff9644773faa8286","1121201","کردستان","Kordestān","مریوان","Marivān","مرکزی","Markazi","","","","","","","","","148324","","","","","","","",""
"","2c896fbee6fcbe3f5d786d4cc72a674a","10-9013cf20ad39118c13abc3e1a44e384c","1121202","کردستان","Kordestān","مریوان","Marivān","مرکزی","Markazi","","","زریوار","Zerivār","","","","","9773","","","","","","","",""
"","2c896fbee6fcbe3f5d786d4cc72a579f","12-f5eb48b1cf5a747ac62df311052efca0","1121203","کردستان","Kordestān","مریوان","Marivān","مرکزی","Markazi","","","زریوار","Zerivār","دره تفی","Darreh Tefi","Dara Tefē","Masoud Mohammadirad, field notes 2015","924","","","","Central Kurdish 100%","Masoud Mohammadirad, field notes 2015",35.536966730601584,46.09780454745462,""
"","2c896fbee6fcbe3f5d786d4cc72a4951","12-7c540b73afcf0ac77163cca4cd8c65d3","1121204","کردستان","Kordestān","مریوان","Marivān","مرکزی","Markazi","","","زریوار","Zerivār","کولان","Kowlān","KōỊān","Masoud Mohammadirad, field notes 2015","680","","","","Central Kurdish 100%","Masoud Mohammadirad, field notes 2015",35.560273752707424,46.155665160314975,""
"","2c896fbee6fcbe3f5d786d4cc72a418f","12-41faf0a156bd0176c2edce0e66a3e510","1121205","کردستان","Kordestān","مریوان","Marivān","مرکزی","Markazi","","","زریوار","Zerivār","کلکه جان","Kalkeh Jān","KaỊka Jān","Masoud Mohammadirad, field notes 2015","210","","","","Central Kurdish 100%","Masoud Mohammadirad, field notes 2015",35.471754044764296,46.14625597109271,""
"","2c896fbee6fcbe3f5d786d4cc72a3835","12-6670b2fecf1d7f40316a496739aad61e","1121206","کردستان","Kordestān","مریوان","Marivān","مرکزی","Markazi","","","زریوار","Zerivār","کانی سانان","Kāni Sānān","Kāni Sānān","Masoud Mohammadirad, field notes 2015","660","","","","Central Kurdish 100%","Masoud Mohammadirad, field notes 2015",35.51244776783046,46.108812333249084,""
"","2c896fbee6fcbe3f5d786d4cc72a29e0","14-90bcfc3d98fa298c35747f6bcde493bf","1121207","کردستان","Kordestān","مریوان","Marivān","مرکزی","Markazi","","","زریوار","Zerivār","نی","Ni","Nē","Masoud Mohammadirad, field notes 2015","2560","","","","Central Kurdish 100%","Masoud Mohammadirad, field notes 2015",35.48707820420291,46.12691187968019,""
"","2c896fbee6fcbe3f5d786d4cc72a253d","12-f61b467643a386ffe600f9b1619bd7b3","1121208","کردستان","Kordestān","مریوان","Marivān","مرکزی","Markazi","","","زریوار","Zerivār","سد زریوار","Sadd-e Zerivār","Sad Zerēwār","Masoud Mohammadirad, field notes 2015","34","","","","Central Kurdish 100%","Masoud Mohammadirad, field notes 2015",35.508242642056636,46.137533427376596,""
"","2c896fbee6fcbe3f5d786d4cc72a1eca","12-accf2a5f0d31b4bc6e39905529876d64","1121209","کردستان","Kordestān","مریوان","Marivān","مرکزی","Markazi","","","زریوار","Zerivār","اسکل سفلی","Askowl-e Soflā","AskōỊ ","Masoud Mohammadirad, field notes 2015","664","","","","Central Kurdish 100%","Masoud Mohammadirad, field notes 2015",35.46761821426791,46.06262609269802,""
"","2c896fbee6fcbe3f5d786d4cc72ac139","13-1eb22eea9311d49a6f95fcad714429b2","1121210","کردستان","Kordestān","مریوان","Marivān","مرکزی","Markazi","","","زریوار","Zerivār","پیران شاه","Pirān Shāh","Pirānshā","Masoud Mohammadirad, field notes 2015"," ","(less than 3 households; population not specified in 2011 Census for reasons of privacy)","","","Central Kurdish 100%","Masoud Mohammadirad, field notes 2015",35.49286932497368,46.03191169262455,""
"","2c896fbee6fcbe3f5d786d4cc72ab561","12-788711f6e556f1dd7cd46a3642d402fe","1121211","کردستان","Kordestān","مریوان","Marivān","مرکزی","Markazi","","","زریوار","Zerivār","پیران کهنه","Pirān Kohneh","Pirāna Kōn","Masoud Mohammadirad, field notes 2015"," ","(less than 3 households; population not specified in 2011 Census for reasons of privacy)","","","Central Kurdish 100%","Masoud Mohammadirad, field notes 2015",35.48579343076876,46.038804969792196,""
"","2c896fbee6fcbe3f5d786d4cc72ab2a1","12-8de8fedc7b723600f22ed6030644270c","1121212","کردستان","Kordestān","مریوان","Marivān","مرکزی","Markazi","","","زریوار","Zerivār","دره مر","Darreh Marr","Dara Maṛ","Masoud Mohammadirad, field notes 2015"," ","(less than 3 households; population not specified in 2011 Census for reasons of privacy)","","","Central Kurdish 100%","Masoud Mohammadirad, field notes 2015",35.477328247596155,46.04521181834511,""
"","2c896fbee6fcbe3f5d786d4cc72ab241","12-ad31ae2505b59de29b0ed647e01fe117","1121213","کردستان","Kordestān","مریوان","Marivān","مرکزی","Markazi","","","زریوار","Zerivār","کانی کبود","Kāni Kabud","Kāni Kawa","Masoud Mohammadirad, field notes 2015","24","","","","Central Kurdish 100%","Masoud Mohammadirad, field notes 2015",35.48400688736479,46.03981348038096,""
"","2c896fbee6fcbe3f5d786d4cc72aa546","12-95e268a693d9bad8da35026b48ecc30d","1121214","کردستان","Kordestān","مریوان","Marivān","مرکزی","Markazi","","","زریوار","Zerivār","احمد آباد","Ahmad Ābād","Ahmawāwā","Masoud Mohammadirad, field notes 2015","59","","","","Central Kurdish 100%","Masoud Mohammadirad, field notes 2015",35.43762654775536,46.110271454954024,""
"","2c896fbee6fcbe3f5d786d4cc72a9bd5","12-8f4863a5c1b3aa0c04096bc7e12ac64a","1121215","کردستان","Kordestān","مریوان","Marivān","مرکزی","Markazi","","","زریوار","Zerivār","سیاناو","Siānāv","Siyānāw","Masoud Mohammadirad, field notes 2015","845","","","","Central Kurdish 100%","Masoud Mohammadirad, field notes 2015",35.452465040091134,46.07995316293302,""
"","2c896fbee6fcbe3f5d786d4cc72a959a","12-3e02b582d3f71900f66e9642dcc00627","1121216","کردستان","Kordestān","مریوان","Marivān","مرکزی","Markazi","","","زریوار","Zerivār","کال سفلی","Kāl-e Soflā","KāỊ Khwāru","Masoud Mohammadirad, field notes 2015","248","","","","Central Kurdish 100%","Masoud Mohammadirad, field notes 2015",35.443963732962246,46.173829079761525,""
"","2c896fbee6fcbe3f5d786d4cc72a93d7","12-f4351a74f16b0da279cffb2c8cd090ba","1121217","کردستان","Kordestān","مریوان","Marivān","مرکزی","Markazi","","","زریوار","Zerivār","کال علیا","Kāl-e Olyā","KāỊ Zhuru","Masoud Mohammadirad, field notes 2015","236","","","","Central Kurdish 100%","Masoud Mohammadirad, field notes 2015",35.432512731204206,46.163271905080556,""
"","2c896fbee6fcbe3f5d786d4cc72a84a8","12-89137ca732a2a20f6c86eec6c98a8ce3","1121218","کردستان","Kordestān","مریوان","Marivān","مرکزی","Markazi","","","زریوار","Zerivār","ویسه","Veyseh","Weysa","Masoud Mohammadirad, field notes 2015","884","","","","Central Kurdish 100%","Masoud Mohammadirad, field notes 2015",35.42894597972577,46.13606357683708,""
"","2c896fbee6fcbe3f5d786d4cc72a7fc6","12-a7d268b34388519af678008cf5cdd602","1121219","کردستان","Kordestān","مریوان","Marivān","مرکزی","Markazi","","","زریوار","Zerivār","وله ژیر","Veleh Zhir","Wela Zhēr","Masoud Mohammadirad, field notes 2015","1726","","","","Central Kurdish 100%","Masoud Mohammadirad, field notes 2015",35.46315580414383,46.15041875948311,""
"","2c896fbee6fcbe3f5d786d4cc72b0148","10-38d8d1db642dd7e1072482b4d4759b74","1121220","کردستان","Kordestān","مریوان","Marivān","مرکزی","Markazi","","","سرکل","Sar Kal","","","","","13086","","","","","","","",""
"","2c896fbee6fcbe3f5d786d4cc72afa05","12-0a5db58c9584c080fb38f200ee5a0825","1121221","کردستان","Kordestān","مریوان","Marivān","مرکزی","Markazi","","","سرکل","Sar Kal","چور","Chowrr","Chōṛ","Masoud Mohammadirad, field notes 2015","553","","","","Central Kurdish 100%","Masoud Mohammadirad, field notes 2015",35.42067635217276,46.30906049498023,""
"","2c896fbee6fcbe3f5d786d4cc72af9da","13-2b414fb2f1ff20c990f487d50e795b51","1121222","کردستان","Kordestān","مریوان","Marivān","مرکزی","Markazi","","","سرکل","Sar Kal","خیر آباد","Kheyr Ābād","Khayrāwā","Masoud Mohammadirad, field notes 2015","136","","","","Central Kurdish 100%","Masoud Mohammadirad, field notes 2015",35.459101977916816,46.285156648242896,""
"","2c896fbee6fcbe3f5d786d4cc72aed23","12-cb3dd3f5b807270df6982f725bd1df22","1121223","کردستان","Kordestān","مریوان","Marivān","مرکزی","Markazi","","","سرکل","Sar Kal","دری","Dari","Dari","Masoud Mohammadirad, field notes 2015","797","","","","Central Kurdish 100%","Masoud Mohammadirad, field notes 2015",35.45814068691489,46.341397206861025,""
"","2c896fbee6fcbe3f5d786d4cc72ae65b","12-6728922fee740197b18f36384064694b","1121224","کردستان","Kordestān","مریوان","Marivān","مرکزی","Markazi","","","سرکل","Sar Kal","شیخه کوره","Sheykh-e Kureh","Shēkha Köra","Masoud Mohammadirad, field notes 2015","130","","","","Central Kurdish 100%","Masoud Mohammadirad, field notes 2015",35.436464895798984,46.315004270158184,""
"","2c896fbee6fcbe3f5d786d4cc72ad98d","12-1c5c58fcd75f0ed843565109fd19bde4","1121225","کردستان","Kordestān","مریوان","Marivān","مرکزی","Markazi","","","سرکل","Sar Kal","ننه","Naneh","Nana","Masoud Mohammadirad, field notes 2015","477","","","","Central Kurdish 100%","Masoud Mohammadirad, field notes 2015",35.419976898807725,46.301936547838096,""
"","2c896fbee6fcbe3f5d786d4cc72ad23b","12-c91858a3362a8b52c7ce828f40d00e48","1121226","کردستان","Kordestān","مریوان","Marivān","مرکزی","Markazi","","","سرکل","Sar Kal","وسنه","Vasneh","Wasna","Masoud Mohammadirad, field notes 2015","158","","","","Central Kurdish 100%","Masoud Mohammadirad, field notes 2015",35.48365469850625,46.29144374617437,""
"","2c896fbee6fcbe3f5d786d4cc72ad04b","12-d05707880ca0f510141e5f6d83229506","1121227","کردستان","Kordestān","مریوان","Marivān","مرکزی","Markazi","","","سرکل","Sar Kal","عصر آباد تازه","Asr Ābād-e Tāzeh","Asrāwā","Masoud Mohammadirad, field notes 2015","474","","","","Central Kurdish 100%","Masoud Mohammadirad, field notes 2015",35.551733942223535,46.267582814781576,""
"","2c896fbee6fcbe3f5d786d4cc72ace89","12-dbe78222081c940031d5ee722c585c46","1121228","کردستان","Kordestān","مریوان","Marivān","مرکزی","Markazi","","","سرکل","Sar Kal","کانی کوزله","Kāni Kuzeleh","Kāni KuzaỊa","Masoud Mohammadirad, field notes 2015","64","","","","Central Kurdish 100%","Masoud Mohammadirad, field notes 2015",35.52257417302629,46.29526321181126,""
"","2c896fbee6fcbe3f5d786d4cc72ac45f","12-91b7ef289f5d7333c86e608bb20a9897","1121229","کردستان","Kordestān","مریوان","Marivān","مرکزی","Markazi","","","سرکل","Sar Kal","کله یونجه","Kaleh Yunjeh","KaỊa Wēnja","Masoud Mohammadirad, field notes 2015","187","","","","Central Kurdish 100%","Masoud Mohammadirad, field notes 2015",35.516531362419514,46.325733106216354,""
"","2c896fbee6fcbe3f5d786d4cc72b4a1d","12-93b48290abe21d3b50095055a5f61b3c","1121230","کردستان","Kordestān","مریوان","Marivān","مرکزی","Markazi","","","سرکل","Sar Kal","گویزه کوره","Govizeh Kureh","Göza Köra","Masoud Mohammadirad, field notes 2015","572","","","","Central Kurdish 100%","Masoud Mohammadirad, field notes 2015",35.50528283889413,46.256424825280824,""
"","2c896fbee6fcbe3f5d786d4cc72b48df","12-365054e2eeb7088aef34f6ecdbe67e4e","1121231","کردستان","Kordestān","مریوان","Marivān","مرکزی","Markazi","","","سرکل","Sar Kal","نشکاش","Neshkāsh","Neshkāsh","Masoud Mohammadirad, field notes 2015","199","","","","Central Kurdish 100%","Masoud Mohammadirad, field notes 2015",35.49651348699136,46.345688741284114,""
"","2c896fbee6fcbe3f5d786d4cc72b39cd","14-1974fb9170f8c2c0d974f0fb6f8d5d4e","1121232","کردستان","Kordestān","مریوان","Marivān","مرکزی","Markazi","","","سرکل","Sar Kal","توتوندره","Tutun Darreh","Tutmar","Masoud Mohammadirad, field notes 2015","214","","","","Central Kurdish 100%","Masoud Mohammadirad, field notes 2015",35.417336407624234,46.17046539078458,""
"","2c896fbee6fcbe3f5d786d4cc72b2a65","13-e5043cd8f44534434bdc5ec382e9048d","1121233","کردستان","Kordestān","مریوان","Marivān","مرکزی","Markazi","","","سرکل","Sar Kal","درگاه شیخان","Dergāh Sheykhān","Dergā Shēkhān","Masoud Mohammadirad, field notes 2015","469","","","","Central Kurdish 100%","Masoud Mohammadirad, field notes 2015",35.41030633374544,46.19346801529313,""
"","2c896fbee6fcbe3f5d786d4cc72b265b","16-f9a3845adab0affc00c8f002ca7e4d7d","1121234","کردستان","Kordestān","مریوان","Marivān","مرکزی","Markazi","","","سرکل","Sar Kal","سرکل","Sar Kal","Sarkal","Masoud Mohammadirad, field notes 2015","73","","","","Central Kurdish 100%","Masoud Mohammadirad, field notes 2015",35.46166,46.2653,""
"","2c896fbee6fcbe3f5d786d4cc72b1a75","12-aebb6442dba17995b79fbd3166de5287","1121235","کردستان","Kordestān","مریوان","Marivān","مرکزی","Markazi","","","سرکل","Sar Kal","سرنژمار","Sar Nezhmār","Sarnezhmār","Masoud Mohammadirad, field notes 2015","296","","","","Central Kurdish 100%","Masoud Mohammadirad, field notes 2015",35.418735354129474,46.208660047150694,""
"","2c896fbee6fcbe3f5d786d4cc72b1888","13-74cd69c40a4388df7b07174e86581948","1121236","کردستان","Kordestān","مریوان","Marivān","مرکزی","Markazi","","","سرکل","Sar Kal","شارانی","Shārāni","Shārāni","Masoud Mohammadirad, field notes 2015","472","","","","Central Kurdish 100%","Masoud Mohammadirad, field notes 2015",35.441447348332915,46.26515809783061,""
"","2c896fbee6fcbe3f5d786d4cc72b1570","12-6d41b34e507aa85eafc6b511345f7264","1121237","کردستان","Kordestān","مریوان","Marivān","مرکزی","Markazi","","","سرکل","Sar Kal","مرگ","Merg","Meṛg","Masoud Mohammadirad, field notes 2015","365","","","","Central Kurdish 100%","Masoud Mohammadirad, field notes 2015",35.419802034517964,46.27923433073945,""
"","2c896fbee6fcbe3f5d786d4cc72b152f","13-9cae77e0ede3432c4880799b888a4a22","1121238","کردستان","Kordestān","مریوان","Marivān","مرکزی","Markazi","","","سرکل","Sar Kal","نژمار","Nezhmār","Nezhmār","Masoud Mohammadirad, field notes 2015","1104","","","","Central Kurdish 100%","Masoud Mohammadirad, field notes 2015",35.43233884207209,46.22646991500736,""
"","2c896fbee6fcbe3f5d786d4cc72b094c","12-75498c6258041edbe9ab2a7f474400b0","1121239","کردستان","Kordestān","مریوان","Marivān","مرکزی","Markazi","","","سرکل","Sar Kal","بالک","Bālek","Bālek","Masoud Mohammadirad, field notes 2015","529","","","","Central Kurdish 100%","Masoud Mohammadirad, field notes 2015",35.47138801295492,46.23402301559207,""
"","2c896fbee6fcbe3f5d786d4cc72ba778","12-5a643a0c18c019de1313941a9794252f","1121240","کردستان","Kordestān","مریوان","Marivān","مرکزی","Markazi","","","سرکل","Sar Kal","درزیان","Darziān","Darziyān","Masoud Mohammadirad, field notes 2015","451","","","","Central Kurdish 100%","Masoud Mohammadirad, field notes 2015",35.448317382349316,46.21187869796868,""
"","2c896fbee6fcbe3f5d786d4cc72b99ef","12-f2d204cc3443fdd4b627a31b5922fa07","1121241","کردستان","Kordestān","مریوان","Marivān","مرکزی","Markazi","","","سرکل","Sar Kal","لنج آباد","Lanj Ābād","Lanjāwā","Masoud Mohammadirad, field notes 2015","996","","","","Central Kurdish 100%","Masoud Mohammadirad, field notes 2015",35.50957982115258,46.232735555265236,""
"","2c896fbee6fcbe3f5d786d4cc72b92b5","12-5b38bdc05fdca72bce09f4f9e184ffd9","1121242","کردستان","Kordestān","مریوان","Marivān","مرکزی","Markazi","","","سرکل","Sar Kal","برقلعه","Bar Qal'eh","BarqaỊā","Masoud Mohammadirad, field notes 2015","435","","","","Central Kurdish 100%","Masoud Mohammadirad, field notes 2015",35.48867259250781,46.180180550711135,""
"","2c896fbee6fcbe3f5d786d4cc72b923f","12-a422b8ad9d118774ae9ee5a6032579c7","1121243","کردستان","Kordestān","مریوان","Marivān","مرکزی","Markazi","","","سرکل","Sar Kal","بیله","Bayeleh","BayeỊa","Masoud Mohammadirad, field notes 2015","511","","","","Central Kurdish 100%","Masoud Mohammadirad, field notes 2015",35.5036757783258,46.186258237461935,""
"","2c896fbee6fcbe3f5d786d4cc72b8922","12-3cc70e20cee724e7e959289a74e05421","1121244","کردستان","Kordestān","مریوان","Marivān","مرکزی","Markazi","","","سرکل","Sar Kal","ریخلان","Rikhelān","RikhaỊān","Masoud Mohammadirad, field notes 2015","288","","","","Central Kurdish 100%","Masoud Mohammadirad, field notes 2015",35.46506172574373,46.17960635910602,""
"","2c896fbee6fcbe3f5d786d4cc72b7d73","12-c72e6edf649a382bafa636a49038478e","1121245","کردستان","Kordestān","مریوان","Marivān","مرکزی","Markazi","","","سرکل","Sar Kal","تازه آباد","Tāzeh Ābād","Tāzāwā","Masoud Mohammadirad, field notes 2015","1431","","","","Central Kurdish 100%","Masoud Mohammadirad, field notes 2015",35.526975008871155,46.2180585075375,""
"","2c896fbee6fcbe3f5d786d4cc72b7455","12-3fd6e3292a5f07b1085d69a13144c45d","1121246","کردستان","Kordestān","مریوان","Marivān","مرکزی","Markazi","","","سرکل","Sar Kal","چاوک","Chāvek","Chāwek","Masoud Mohammadirad, field notes 2015","102","","","","Central Kurdish 100%","Masoud Mohammadirad, field notes 2015",35.5584025313801,46.17625896225445,""
"","2c896fbee6fcbe3f5d786d4cc72b6876","12-040b65c206426c4db6df84f11ba16bc9","1121247","کردستان","Kordestān","مریوان","Marivān","مرکزی","Markazi","","","سرکل","Sar Kal","حسن اوله","Hasan Āvleh","Hasan ĀwỊa","Masoud Mohammadirad, field notes 2015","398","","","","Central Kurdish 100%","Masoud Mohammadirad, field notes 2015",35.54185223790489,46.235439221951594,""
"","2c896fbee6fcbe3f5d786d4cc72b5d7b","12-dd0c1bd32bc37b62bdec6d403ea9853d","1121248","کردستان","Kordestān","مریوان","Marivān","مرکزی","Markazi","","","سرکل","Sar Kal","رشه ده","Rasheh Deh","Ṛasha Dē","Masoud Mohammadirad, field notes 2015","576","","","","Central Kurdish 100%","Masoud Mohammadirad, field notes 2015",35.56831710418471,46.246125142665235,""
"","2c896fbee6fcbe3f5d786d4cc72b52fa","12-52a00efed651ab3076af973b668f860e","1121249","کردستان","Kordestān","مریوان","Marivān","مرکزی","Markazi","","","سرکل","Sar Kal","سلسی سفلی","Salasi-ye Soflā","SaỊasi Khwāru","Masoud Mohammadirad, field notes 2015","96","","","","Central Kurdish 100%","Masoud Mohammadirad, field notes 2015",35.55218784284833,46.21196452865594,""
"","2c896fbee6fcbe3f5d786d4cc72bdeda","12-2e75ce7ec55371677872b73a730d7db8","1121250","کردستان","Kordestān","مریوان","Marivān","مرکزی","Markazi","","","سرکل","Sar Kal","سلسی علیا","Salasi-ye Olyā","SaỊasi Zhuru","Masoud Mohammadirad, field notes 2015","316","","","","Central Kurdish 100%","Masoud Mohammadirad, field notes 2015",35.5639534468619,46.20179359207303,""
"","2c896fbee6fcbe3f5d786d4cc72bd25e","12-483c95de7c94859fbcac159e76cef4f7","1121251","کردستان","Kordestān","مریوان","Marivān","مرکزی","Markazi","","","سرکل","Sar Kal","پیله","Pileh","Pēla","Masoud Mohammadirad, field notes 2015","217","","","","Central Kurdish 100%","Masoud Mohammadirad, field notes 2015",35.57728803706681,46.210977475739,""
"","2c896fbee6fcbe3f5d786d4cc72bcd30","10-ae12601da72cff3c54663c7d445e91b1","1121252","کردستان","Kordestān","مریوان","Marivān","مرکزی","Markazi","","","کوماسی","Kowmāsi","","","","","3586","","","","","","","",""
"","2c896fbee6fcbe3f5d786d4cc72bc8e6","12-440959c4fd312e20bc4ef1894db3ece9","1121253","کردستان","Kordestān","مریوان","Marivān","مرکزی","Markazi","","","کوماسی","Kowmāsi","پیرخضران","Pir Khezrān","Pir Khayrān, Pir Khezrān","Masoud Mohammadirad, field notes 2015","183","","","","Central Kurdish 100%","Masoud Mohammadirad, field notes 2015",35.41963905706196,46.49893426999553,""
"","2c896fbee6fcbe3f5d786d4cc72bb9bf","12-414bc8cd9f1d3856a540b9653e64e9d4","1121254","کردستان","Kordestān","مریوان","Marivān","مرکزی","Markazi","","","کوماسی","Kowmāsi","چوئین","Chuin","Chuyin","Masoud Mohammadirad, field notes 2015","117","","","","Central Kurdish 100%","Masoud Mohammadirad, field notes 2015",35.41512741803996,46.52163648709507,""
"","2c896fbee6fcbe3f5d786d4cc72bb3ae","12-7582f3197871725f8c0ad9b0bcbec196","1121255","کردستان","Kordestān","مریوان","Marivān","مرکزی","Markazi","","","کوماسی","Kowmāsi","شاهیدر","Shāhidar","Shāhiyar","Masoud Mohammadirad, field notes 2015","355","","","","Central Kurdish 100%","Masoud Mohammadirad, field notes 2015",35.44887115137768,46.525069714633005,""
"","2c896fbee6fcbe3f5d786d4cc72baf6d","12-ef2318f4f12ad884680c96ac23ea3922","1121256","کردستان","Kordestān","مریوان","Marivān","مرکزی","Markazi","","","کوماسی","Kowmāsi","مولینان","Mowlinān","MōỊanān","Masoud Mohammadirad, field notes 2015","139","","","","Central Kurdish 100%","Masoud Mohammadirad, field notes 2015",35.44691335230235,46.48790502652836,""
"","2c896fbee6fcbe3f5d786d4cc72badb8","12-848edcdb7670baec261b3b2d674c70d9","1121257","کردستان","Kordestān","مریوان","Marivān","مرکزی","Markazi","","","کوماسی","Kowmāsi","ورو","Varu","Warō","Masoud Mohammadirad, field notes 2015","31","","","","Central Kurdish 100%","Masoud Mohammadirad, field notes 2015",35.455862902132694,46.48035192594365,""
"","2c896fbee6fcbe3f5d786d4cc72badb2","13-21c4e72b05dac4c8ccc003c7a1bb1820","1121258","کردستان","Kordestān","مریوان","Marivān","مرکزی","Markazi","","","کوماسی","Kowmāsi","ونینه سفلی","Vanineh-ye Soflā","Wanēnay Khwāru","Masoud Mohammadirad, field notes 2015","129","","","","Central Kurdish 100%","Masoud Mohammadirad, field notes 2015",35.47292022416918,46.45507478819044,""
"","2c896fbee6fcbe3f5d786d4cc72bab21","13-30716233dd04fa13bd14294d637e3943","1121259","کردستان","Kordestān","مریوان","Marivān","مرکزی","Markazi","","","کوماسی","Kowmāsi","ونینه علیا","Vanineh-ye Olyā","Wanēnay Zhuru","Masoud Mohammadirad, field notes 2015","188","","","","Central Kurdish 100%","Masoud Mohammadirad, field notes 2015",35.4885412769357,46.465331555461496,""
"","2c896fbee6fcbe3f5d786d4cc72c1f68","12-dcb9fff7f01afd26c400cd5d62eea64e","1121260","کردستان","Kordestān","مریوان","Marivān","مرکزی","Markazi","","","کوماسی","Kowmāsi","هلیز آباد","Haliz Ābād","HaỊizāwā","Masoud Mohammadirad, field notes 2015","205","","","","Central Kurdish 100%","Masoud Mohammadirad, field notes 2015",35.43373192975008,46.479665280435704,""
"","2c896fbee6fcbe3f5d786d4cc72c1d68","12-3dda3a42c84ea88c2e58d4ffffab1fb9","1121261","کردستان","Kordestān","مریوان","Marivān","مرکزی","Markazi","","","کوماسی","Kowmāsi","سورکول","Surkowl ","SurkōỊ, SurkawaỊ","Masoud Mohammadirad, field notes 2015","249","","","","Central Kurdish 100%","Masoud Mohammadirad, field notes 2015",35.379585059982155,46.49309778318024,""
"","2c896fbee6fcbe3f5d786d4cc72c1cda","12-6570c62c8438ef4268a5cba61adaa280","1121262","کردستان","Kordestān","مریوان","Marivān","مرکزی","Markazi","","","کوماسی","Kowmāsi","بیددره","Bid Darreh","Biyara","Masoud Mohammadirad, field notes 2015","159","","","","Central Kurdish 100%","Masoud Mohammadirad, field notes 2015",35.37801047906822,46.46288538084051,""
"","2c896fbee6fcbe3f5d786d4cc72c1323","12-16b4c4bfefb0f4f8110fa0a4235ac9d4","1121263","کردستان","Kordestān","مریوان","Marivān","مرکزی","Markazi","","","کوماسی","Kowmāsi","گلیه","Gelyeh","GeỊya","Masoud Mohammadirad, field notes 2015","598","","","","Central Kurdish 100%","Masoud Mohammadirad, field notes 2015",35.36985715757352,46.444474698164946,""
"","2c896fbee6fcbe3f5d786d4cc72c033d","12-712440663b5699f8390191f1196a4c1a","1121264","کردستان","Kordestān","مریوان","Marivān","مرکزی","Markazi","","","کوماسی","Kowmāsi","نیزل","Nizel","NēzeỊ","Masoud Mohammadirad, field notes 2015","152","","","","Central Kurdish 100%","Masoud Mohammadirad, field notes 2015",35.363487895684734,46.47816324338714,""
"","2c896fbee6fcbe3f5d786d4cc72c020a","12-bdbfb717697dc72695c101439491e089","1121265","کردستان","Kordestān","مریوان","Marivān","مرکزی","Markazi","","","کوماسی","Kowmāsi","برده سفید","Bardeh Sefid","Barda Sepi","Masoud Mohammadirad, field notes 2015","272","","","","Central Kurdish 100%","Masoud Mohammadirad, field notes 2015",35.485710841577045,46.43138551817394,""
"","2c896fbee6fcbe3f5d786d4cc72bfba9","13-b89627799184022e7b8ff358400783b5","1121266","کردستان","Kordestān","مریوان","Marivān","مرکزی","Markazi","","","کوماسی","Kowmāsi","بلچه سور","Belcheh Sur","Belcha Sur","Masoud Mohammadirad, field notes 2015","172","","","","Central Kurdish 100%","Masoud Mohammadirad, field notes 2015",35.40779983809449,46.39110946761128,""
"","2c896fbee6fcbe3f5d786d4cc72bec16","13-6cde9a1823aae7ee089aeff22c4918ba","1121267","کردستان","Kordestān","مریوان","Marivān","مرکزی","Markazi","","","کوماسی","Kowmāsi","کوره دره","Kureh Darreh","Kōriyara","Masoud Mohammadirad, field notes 2015","218","","","","Central Kurdish 100%","Masoud Mohammadirad, field notes 2015",35.46306377026257,46.431085110764045,""
"","2c896fbee6fcbe3f5d786d4cc72bea1b","12-4cd6dbd3fcab8a15c8c54f1de50b3ba7","1121268","کردستان","Kordestān","مریوان","Marivān","مرکزی","Markazi","","","کوماسی","Kowmāsi","گلان","Gelān","Gelān","Masoud Mohammadirad, field notes 2015","131","","","","Central Kurdish 100%","Masoud Mohammadirad, field notes 2015",35.43032258990214,46.43647098646495,""
"","2c896fbee6fcbe3f5d786d4cc72bdf1c","12-805b9a2bd79af6c1accf7826575d67d1","1121269","کردستان","Kordestān","مریوان","Marivān","مرکزی","Markazi","","","کوماسی","Kowmāsi","لاویسان","Lāvisān","Lāwēsān","Masoud Mohammadirad, field notes 2015","178","","","","Central Kurdish 100%","Masoud Mohammadirad, field notes 2015",35.43007781123194,46.454752923107826,""
"","2c896fbee6fcbe3f5d786d4cc72c7e63","13-330c657eaec1be3491955f132c6a16d4","1121270","کردستان","Kordestān","مریوان","Marivān","مرکزی","Markazi","","","کوماسی","Kowmāsi","ماموله","Māmowleh","MāmōỊa","Masoud Mohammadirad, field notes 2015","46","","","","Central Kurdish 100%","Masoud Mohammadirad, field notes 2015",35.41692860654935,46.41436958418519,""
"","2c896fbee6fcbe3f5d786d4cc72c75b7","12-a5bf719fd7663250fc9ef82dba5937bd","1121271","کردستان","Kordestān","مریوان","Marivān","مرکزی","Markazi","","","کوماسی","Kowmāsi","هنگ ژاله","Hang Zhāleh","Hanga ZhāỊa","Masoud Mohammadirad, field notes 2015","64","","","","Central Kurdish 100%","Masoud Mohammadirad, field notes 2015",35.448696349823976,46.44601965055715,""
"","2c896fbee6fcbe3f5d786d4cc72c6fc3","12-dd9a48d2ce63cbda73d1dbf1024c03d1","1121272","کردستان","Kordestān","مریوان","Marivān","مرکزی","Markazi","مریوان","Marivān","","","","","Mariwān","Masoud Mohammadirad, field notes 2015","110464","","","","Central Kurdish 75%; Hōrāmi  24%; Tehrāni type Persian 1%","Masoud Mohammadirad, field notes 2015",35.52075229247597,46.17551589258434,""
"","2c896fbee6fcbe3f5d786d4cc72c6487","12-61e8703a6323044d0d8b537267a0ef77","1121273","کردستان","Kordestān","مریوان","Marivān","مرکزی","Markazi","کانی دینار","Kāni Dinār","","","","","Kāni Dinār","Masoud Mohammadirad, field notes 2015","11415","","","","Central Kurdish 60%; Hōrāmi  40%","Masoud Mohammadirad, field notes 2015",35.462189912866116,46.211307289674,""
"","2c896fbee6fcbe3f5d786d4cc72c56d1","10-dd19b75c8f00d66bfe659fe384397753","1121274","کردستان","Kordestān","دیواندره","Divān Darreh","","","","","","","","","","","81963","","","","","","","",""
"","2c896fbee6fcbe3f5d786d4cc72c5012","10-c90828b7e5ce6ddc899fc1de0db16e11","1121275","کردستان","Kordestān","دیواندره","Divān Darreh","کرفتو","Karaftu","","","","","","","","","17404","","","","","","","",""
"","2c896fbee6fcbe3f5d786d4cc72c46d6","10-28980aaf81a5325cf50560b457023cff","1121276","کردستان","Kordestān","دیواندره","Divān Darreh","کرفتو","Karaftu","","","اوباتو","Ubāto","","","","","4270","","","","","","","",""
"","2c896fbee6fcbe3f5d786d4cc72c4013","12-b5a012cde9d8b08011cd5adc6110cb5b","1121277","کردستان","Kordestān","دیواندره","Divān Darreh","کرفتو","Karaftu","","","اوباتو","Ubāto","بایزید آباد","Bāyzid Ābād","Bāyziyāwā","Masoud Mohammadirad, field notes 2015","163","","","","Central Kurdish 100%","Masoud Mohammadirad, field notes 2015",36.283823692490046,46.88050706962395,""
"","2c896fbee6fcbe3f5d786d4cc72c3208","12-1e9695f2f9821a31771bcb35624b66ee","1121278","کردستان","Kordestān","دیواندره","Divān Darreh","کرفتو","Karaftu","","","اوباتو","Ubāto","علی آباد کرفتو","Ali Ābād Karaftu","Aliyāwāy Karaftu","Masoud Mohammadirad, field notes 2015","328","","","","Central Kurdish 100%","Masoud Mohammadirad, field notes 2015",36.272295471082046,46.8134944388821,""
"","2c896fbee6fcbe3f5d786d4cc72c28f3","12-10dd9e25681a027ce95c0b48d94692fb","1121279","کردستان","Kordestān","دیواندره","Divān Darreh","کرفتو","Karaftu","","","اوباتو","Ubāto","علی آباد مران","Ali Ābād Marrān","Aliyāwāy Maṛān","Masoud Mohammadirad, field notes 2015","130","","","","Central Kurdish 100%","Masoud Mohammadirad, field notes 2015",36.271837033376244,46.931522364357434,""
"","2c896fbee6fcbe3f5d786d4cc72cbd11","12-b8684a71f2602bf1ce817448ed40ade4","1121280","کردستان","Kordestān","دیواندره","Divān Darreh","کرفتو","Karaftu","","","اوباتو","Ubāto","کانی کبود مران","Kāni Kabud Marān","Kāni Kawu Maṛān","Masoud Mohammadirad, field notes 2015","161","","","","Central Kurdish 100%","Masoud Mohammadirad, field notes 2015",36.29036269243977,46.949482435918604,""
"","2c896fbee6fcbe3f5d786d4cc72cbcb0","12-b219fc8c5918b7d253d40424a1f40e0e","1121281","کردستان","Kordestān","دیواندره","Divān Darreh","کرفتو","Karaftu","","","اوباتو","Ubāto","کرفتو","Karaftu","Karaftü","Masoud Mohammadirad, field notes 2015","221","","","","Central Kurdish 100%","Masoud Mohammadirad, field notes 2015",36.270702867909215,46.85237606147987,""
"","2c896fbee6fcbe3f5d786d4cc72cb038","12-133234e27e282418714ed8b5fd71b612","1121282","کردستان","Kordestān","دیواندره","Divān Darreh","کرفتو","Karaftu","","","اوباتو","Ubāto","مسعود آباد","Mas'ud Ābād","Mas'ōdāwā","Masoud Mohammadirad, field notes 2015","177","","","","Central Kurdish 100%","Masoud Mohammadirad, field notes 2015",36.30995601190342,46.86883377527055,""
"","2c896fbee6fcbe3f5d786d4cc72ca58f","12-98eccc44d4ecd25798f55e9e63928d62","1121283","کردستان","Kordestān","دیواندره","Divān Darreh","کرفتو","Karaftu","","","اوباتو","Ubāto","یوزباشی کندی","Yuz Bāshi Kandi","Yuzbāsh Kani","Masoud Mohammadirad, field notes 2015","326","","","","Central Kurdish 100%","Masoud Mohammadirad, field notes 2015",36.30532184943207,46.896406883938475,""
"","2c896fbee6fcbe3f5d786d4cc72ca35b","12-08ea5a33e5f86a02ba4826601bd9aeba","1121284","کردستان","Kordestān","دیواندره","Divān Darreh","کرفتو","Karaftu","","","اوباتو","Ubāto","قلعه کهنه","Qal'eh Kohneh","Qaḷā Kōn","Masoud Mohammadirad, field notes 2015","483","","","","Central Kurdish 100%","Masoud Mohammadirad, field notes 2015",36.20991458218107,46.858512634982254,""
"","2c896fbee6fcbe3f5d786d4cc72c9b03","13-4b694d8c7b1e641c736c814d4e12b32f","1121285","کردستان","Kordestān","دیواندره","Divān Darreh","کرفتو","Karaftu","","","اوباتو","Ubāto","حسین آباد مران","Hoseyn Ābād-e Marrān","Hosaynāwāy Maṛān","Masoud Mohammadirad, field notes 2015","84","","","","Central Kurdish 100%","Masoud Mohammadirad, field notes 2015",36.24434315139294,46.90759705994739,""
"","2c896fbee6fcbe3f5d786d4cc72c997d","12-df05fb956540d551e54da17dfe001501","1121286","کردستان","Kordestān","دیواندره","Divān Darreh","کرفتو","Karaftu","","","اوباتو","Ubāto","رحیم کژیاگ","Rahim Kozhyāg","Rahim Kozhyāw","Masoud Mohammadirad, field notes 2015","88","","","","Central Kurdish 100%","Masoud Mohammadirad, field notes 2015",36.24125402708979,46.82241010164724,""
"","2c896fbee6fcbe3f5d786d4cc72c924e","12-73e62e906ea03c13cf8ee84295d3dfbc","1121287","کردستان","Kordestān","دیواندره","Divān Darreh","کرفتو","Karaftu","","","اوباتو","Ubāto","قلعه جقه","Qal'eh Joqeh","Qaḷā Chokha","Masoud Mohammadirad, field notes 2015","434","","","","Central Kurdish 100%","Masoud Mohammadirad, field notes 2015",36.18017334653806,46.89432548974372,""
"","2c896fbee6fcbe3f5d786d4cc72c868e","12-95944a1e2c7a5cd067b72a88295f0f5f","1121288","کردستان","Kordestān","دیواندره","Divān Darreh","کرفتو","Karaftu","","","اوباتو","Ubāto","گورباباعلی","Gur Bābā Ali","Gōṛ Bāwali","Masoud Mohammadirad, field notes 2015","407","","","","Central Kurdish 100%","Masoud Mohammadirad, field notes 2015",36.23027237009074,46.868683571565164,""
"","2c896fbee6fcbe3f5d786d4cc72c813e","12-dadfa6e609938ccace3f6b7a25acc705","1121289","کردستان","Kordestān","دیواندره","Divān Darreh","کرفتو","Karaftu","","","اوباتو","Ubāto","خاکی بیگ","Khāki Beyg","Khākiwa ","Masoud Mohammadirad, field notes 2015","414","","","","Central Kurdish 100%","Masoud Mohammadirad, field notes 2015",36.17975766845622,46.91565441582737,""
"","2c896fbee6fcbe3f5d786d4cc72cf865","12-861b070b736d9d3818c9968c98b3aa02","1121290","کردستان","Kordestān","دیواندره","Divān Darreh","کرفتو","Karaftu","","","اوباتو","Ubāto","ذکی بیگ سفلی","Zaki Beyg-e Soflā","Zakiway Khwār","Masoud Mohammadirad, field notes 2015","81","","","","Central Kurdish 100%","Masoud Mohammadirad, field notes 2015",36.184892870068516,46.95234703514581,""
"","2c896fbee6fcbe3f5d786d4cc72cf71b","12-b3900c8f53b6eab9a5961f21c1f39a62","1121291","کردستان","Kordestān","دیواندره","Divān Darreh","کرفتو","Karaftu","","","اوباتو","Ubāto","ذکی بیگ علیا","Zaki Beyg-e Olyā","Zakiway Zhür","Masoud Mohammadirad, field notes 2015","227","","","","Central Kurdish 100%","Masoud Mohammadirad, field notes 2015",36.207282916854865,46.927069897393494,""
"","2c896fbee6fcbe3f5d786d4cc72ce788","12-98e386b17f3344736e2438123115823f","1121292","کردستان","Kordestān","دیواندره","Divān Darreh","کرفتو","Karaftu","","","اوباتو","Ubāto","کلکه جار","Kalakeh Jār","KaỊaka Jār ","Masoud Mohammadirad, field notes 2015","172","","","","Central Kurdish 100%","Masoud Mohammadirad, field notes 2015",36.28991300862991,46.98741960022026,""
"","2c896fbee6fcbe3f5d786d4cc72ce0c2","12-f458cacf5bf3a09f005edd135d3ab8b1","1121293","کردستان","Kordestān","دیواندره","Divān Darreh","کرفتو","Karaftu","","","اوباتو","Ubāto","مران علیا","Marrān-e Olyā","Maṛān Gawra","Masoud Mohammadirad, field notes 2015","374","","","","Central Kurdish 100%","Masoud Mohammadirad, field notes 2015",36.221219348151706,46.97013544533067,""
"","2c896fbee6fcbe3f5d786d4cc72cdf2a","10-28ee82432301ad4698ccffa9dd36a000","1121294","کردستان","Kordestān","دیواندره","Divān Darreh","کرفتو","Karaftu","","","زرینه","Zarineh","","","","","6832","","","","","","","",""
"","2c896fbee6fcbe3f5d786d4cc72cda49","13-e7422b8ebaab6daa78e20b87dbe560a0","1121295","کردستان","Kordestān","دیواندره","Divān Darreh","کرفتو","Karaftu","","","زرینه","Zarrineh","ظفر آباد","Zafar Ābād ","Zafarāwā ","Masoud Mohammadirad, field notes 2015","679","","","","Central Kurdish 100%","Masoud Mohammadirad, field notes 2015",36.026421548812564,46.97661566231028,""
"","2c896fbee6fcbe3f5d786d4cc72cd901","13-02adbc303e772c64942ce3c56dd8ebd2","1121296","کردستان","Kordestān","دیواندره","Divān Darreh","کرفتو","Karaftu","","","زرینه","Zarrineh","کانی چای","Kāni Chāy","Kāni Chāy","Masoud Mohammadirad, field notes 2015","381","","","","Central Kurdish 100%","Masoud Mohammadirad, field notes 2015",36.10815022182366,46.9991247603608,""
"","2c896fbee6fcbe3f5d786d4cc72cce2c","14-3a9a85f53b32dff5aed7f428459c9238","1121297","کردستان","Kordestān","دیواندره","Divān Darreh","کرفتو","Karaftu","","","زرینه","Zarrineh","قلعه روتله","Qal'eh Rutaleh","Qaḷā RütaỊa","Masoud Mohammadirad, field notes 2015","1090","","","","Central Kurdish 100%","Masoud Mohammadirad, field notes 2015",36.04403369009822,47.01551842185795,""
"","2c896fbee6fcbe3f5d786d4cc72ccd71","13-8cfc8d7302c1b9af76cff76d5a68b614","1121298","کردستان","Kordestān","دیواندره","Divān Darreh","کرفتو","Karaftu","","","زرینه","Zarrineh","انبار آب","Anbār Āb","Hamārāw","Masoud Mohammadirad, field notes 2015","137","","","","Central Kurdish 100%","Masoud Mohammadirad, field notes 2015",36.13144605888492,46.92809986565586,""
"","2c896fbee6fcbe3f5d786d4cc72ccd05","13-393cd6478f0c5ca3af3a4d540539634b","1121299","کردستان","Kordestān","دیواندره","Divān Darreh","کرفتو","Karaftu","","","زرینه","Zarrineh","شاه ولی","Shāh Vali","ShāwỊi ","Masoud Mohammadirad, field notes 2015","188","","","","Central Kurdish 100%","Masoud Mohammadirad, field notes 2015",36.11654029284697,46.95444988701418,""
"","2c896fbee6fcbe3f5d786d4cc72d4fe8","14-8f40c29d5e21d3352e3490f7a378d874","1121300","کردستان","Kordestān","دیواندره","Divān Darreh","کرفتو","Karaftu","","","زرینه","Zarrineh","کس نزان","Kas Nazān","Kasnazān","Masoud Mohammadirad, field notes 2015","815","","","","Central Kurdish 100%","Masoud Mohammadirad, field notes 2015",36.08085895976754,46.97637962791762,""
"","2c896fbee6fcbe3f5d786d4cc72d40a0","13-206aaaa4aad28147aa8d0f5b4b9e772c","1121301","کردستان","Kordestān","دیواندره","Divān Darreh","کرفتو","Karaftu","","","زرینه","Zarrineh","گومه ای","Gōmei","Gōmai","Masoud Mohammadirad, field notes 2015","426","","","","Central Kurdish 100%","Masoud Mohammadirad, field notes 2015",36.15176360413027,46.85345935319942,""
"","2c896fbee6fcbe3f5d786d4cc72d3f14","13-0592a3aa050c6bb9addc283183a683c2","1121302","کردستان","Kordestān","دیواندره","Divān Darreh","کرفتو","Karaftu","","","زرینه","Zarrineh","جیران منگه","Jeyrān Mangeh","Jērāmina","Masoud Mohammadirad, field notes 2015","209","","","","Central Kurdish 100%","Masoud Mohammadirad, field notes 2015",36.10895633161587,46.857225174656314,""
"","2c896fbee6fcbe3f5d786d4cc72d3225","14-c84ecbc6f6d7302d68531dfa3db70808","1121303","کردستان","Kordestān","دیواندره","Divān Darreh","کرفتو","Karaftu","","","زرینه","Zarrineh","سه تپان","Seh Tapān","Sētapān","Masoud Mohammadirad, field notes 2015","143","","","","Central Kurdish 100%","Masoud Mohammadirad, field notes 2015",36.11537024375197,46.849586243382554,""
"","2c896fbee6fcbe3f5d786d4cc72d23a7","13-ef41c9ad75452e42f5d3109f9be65732","1121304","کردستان","Kordestān","دیواندره","Divān Darreh","کرفتو","Karaftu","","","زرینه","Zarrineh","فتاح آباد","Fattāh Ābād","Fatāhāwā","Masoud Mohammadirad, field notes 2015","179","","","","Central Kurdish 100%","Masoud Mohammadirad, field notes 2015",36.07345366049513,46.85471462701809,""
"","2c896fbee6fcbe3f5d786d4cc72d1dbc","13-0f90734b8aa098a56bfa5a378bb6c019","1121305","کردستان","Kordestān","دیواندره","Divān Darreh","کرفتو","Karaftu","","","زرینه","Zarrineh","قاچیان","Qāchiān ","Qāchiyān ","Masoud Mohammadirad, field notes 2015","148","","","","Central Kurdish 100%","Masoud Mohammadirad, field notes 2015",36.07563023182056,46.80740046000055,""
"","2c896fbee6fcbe3f5d786d4cc72d124b","13-80ef44f4b51b398f185dd7f95cc0dc05","1121306","کردستان","Kordestān","دیواندره","Divān Darreh","کرفتو","Karaftu","","","زرینه","Zarrineh","کانی سفید","Kāni Sefid ","Kāni Charmu KaỊakān","Masoud Mohammadirad, field notes 2015","147","","","","Central Kurdish 100%","Masoud Mohammadirad, field notes 2015",35.98525625681946,46.888574833615685,""
"","2c896fbee6fcbe3f5d786d4cc72d09ac","14-d5a8bdfca6fa7fe6f6d8fac983970315","1121307","کردستان","Kordestān","دیواندره","Divān Darreh","کرفتو","Karaftu","","","زرینه","Zarrineh","احمدکر","Ahmad Karr","Ahmawa Kaṛ","Masoud Mohammadirad, field notes 2015","211","","","","Central Kurdish 100%","Masoud Mohammadirad, field notes 2015",36.09320102037522,46.89845609162506,""
"","2c896fbee6fcbe3f5d786d4cc72d0024","14-977917b3cd6272cf28d36ce03ea0fb29","1121308","کردستان","Kordestān","دیواندره","Divān Darreh","کرفتو","Karaftu","","","زرینه","Zarrineh","گل تپه علیا","Gol Tappeh-ye Olyā","KōỊ Tapa","Masoud Mohammadirad, field notes 2015","193","","","","Central Kurdish 100%","Masoud Mohammadirad, field notes 2015",36.12527610833954,46.88527035211224,""
"","2c896fbee6fcbe3f5d786d4cc72cfa86","13-1f132519c2b14bea45d955cbda03da12","1121309","کردستان","Kordestān","دیواندره","Divān Darreh","کرفتو","Karaftu","","","زرینه","Zarrineh","مودی","Mowdi","Mawi","Masoud Mohammadirad, field notes 2015","181","","","","Central Kurdish 100%","Masoud Mohammadirad, field notes 2015",36.04654071407722,46.813494438883005,""
"","2c896fbee6fcbe3f5d786d4cc72da872","13-98357e1f31d259c7cb092bc2fc176660","1121310","کردستان","Kordestān","دیواندره","Divān Darreh","کرفتو","Karaftu","","","زرینه","Zarrineh","چول بلاغ","Chul Bolāgh","ChōỊākh","Masoud Mohammadirad, field notes 2015","348","","","","Central Kurdish 100%","Masoud Mohammadirad, field notes 2015",35.97423006640472,46.957067723009686,""
"","2c896fbee6fcbe3f5d786d4cc72da4bd","13-502f90c25e4708d0723c307573929e29","1121311","کردستان","Kordestān","دیواندره","Divān Darreh","کرفتو","Karaftu","","","زرینه","Zarrineh","کتک","Kotek","Kotek","Masoud Mohammadirad, field notes 2015","227","","","","Central Kurdish 100%","Masoud Mohammadirad, field notes 2015",35.95668917271941,46.93485903236995,""
"","2c896fbee6fcbe3f5d786d4cc72da2f2","13-50bbe40b975595174cb58ebbb54170b3","1121312","کردستان","Kordestān","دیواندره","Divān Darreh","کرفتو","Karaftu","","","زرینه","Zarrineh","کلکان","Kalakān","KaỊakān ","Masoud Mohammadirad, field notes 2015","1130","","","","Central Kurdish 100%","Masoud Mohammadirad, field notes 2015",36.02109375104208,46.92050384972662,""
"","2c896fbee6fcbe3f5d786d4cc72d9ba1","10-516f54e065bd04e4cc6f874b82e2274c","1121313","کردستان","Kordestān","دیواندره","Divān Darreh","کرفتو","Karaftu","","","کانی شیرین","Kāni Shirin","","","","","4448","","","","","","","",""
"","2c896fbee6fcbe3f5d786d4cc72d8c27","12-49eb0607b557bdb082eb8535b6cca755","1121314","کردستان","Kordestān","دیواندره","Divān Darreh","کرفتو","Karaftu","","","کانی شیرین","Kāni Shirin","تازه آباد مران","Tazeh Ābād-e Marrān","Tazāwāy Maṛān","Masoud Mohammadirad, field notes 2015","75","","","","Central Kurdish 100%","Masoud Mohammadirad, field notes 2015",36.27461356769313,47.03480886908958,""
"","2c896fbee6fcbe3f5d786d4cc72d7dc5","12-9acc0efe115d3b0381ede2747c654d0a","1121315","کردستان","Kordestān","دیواندره","Divān Darreh","کرفتو","Karaftu","","","کانی شیرین","Kāni Shirin","حیدر آباد","Heydar Ābād","Haydarāwā","Masoud Mohammadirad, field notes 2015","195","","","","Central Kurdish 100%","Masoud Mohammadirad, field notes 2015",36.29031945372405,47.023994202342365,""
"","2c896fbee6fcbe3f5d786d4cc72d6df2","12-ee69bb83f70afb1ccfb5e339c6e7475e","1121316","کردستان","Kordestān","دیواندره","Divān Darreh","کرفتو","Karaftu","","","کانی شیرین","Kāni Shirin","قوچاق","Quchāq","Qüchākh","Masoud Mohammadirad, field notes 2015","299","","","","Central Kurdish 100%","Masoud Mohammadirad, field notes 2015",36.193058273067244,47.00888800117294,""
"","2c896fbee6fcbe3f5d786d4cc72d6778","12-796a0e820dc7cb02dc5a3c95fb56053c","1121317","کردستان","Kordestān","دیواندره","Divān Darreh","کرفتو","Karaftu","","","کانی شیرین","Kāni Shirin","کانی شیرین","Kāni Shirin","Kāni Shirin","Masoud Mohammadirad, field notes 2015","148","","","","Central Kurdish 100%","Masoud Mohammadirad, field notes 2015",36.254198112761074,47.02442335578494,""
"","2c896fbee6fcbe3f5d786d4cc72d6486","12-0a902dfb7906880543ca159ffe64aaa6","1121318","کردستان","Kordestān","دیواندره","Divān Darreh","کرفتو","Karaftu","","","کانی شیرین","Kāni Shirin","مران سفلی","Marrān-e Soflā","Maṛān Büchek","Masoud Mohammadirad, field notes 2015","120","","","","Central Kurdish 100%","Masoud Mohammadirad, field notes 2015",36.20691066757584,46.98906111213787,""
"","2c896fbee6fcbe3f5d786d4cc72d5d9d","12-7a05f56a3e94ac93f5ff10f5406d43dd","1121319","کردستان","Kordestān","دیواندره","Divān Darreh","کرفتو","Karaftu","","","کانی شیرین","Kāni Shirin","تگرباری","Teger Bāri","Tir Bāri","Masoud Mohammadirad, field notes 2015","233","","","","Central Kurdish 100%","Masoud Mohammadirad, field notes 2015",36.260271403145225,47.0654504248701,""
"","2c896fbee6fcbe3f5d786d4cc72ded11","12-819095ae55bf0565a326e644c676ef9c","1121320","کردستان","Kordestān","دیواندره","Divān Darreh","کرفتو","Karaftu","","","کانی شیرین","Kāni Shirin","سیرسفلی","Sir-e Soflā","Sir Khwār","Masoud Mohammadirad, field notes 2015","205","","","","Central Kurdish 100%","Masoud Mohammadirad, field notes 2015",36.151763604130984,46.992408508987644,""
"","2c896fbee6fcbe3f5d786d4cc72de1cf","12-dbd11dada8de1b2104cb8ed9bc5a53d4","1121321","کردستان","Kordestān","دیواندره","Divān Darreh","کرفتو","Karaftu","","","کانی شیرین","Kāni Shirin","سیرعلیا","Sir-e Olyā","Sir Zhür","Masoud Mohammadirad, field notes 2015","91","","","","Central Kurdish 100%","Masoud Mohammadirad, field notes 2015",36.156337575091015,46.963397736286595,""
"","2c896fbee6fcbe3f5d786d4cc72dd6fe","12-9309fe4636f80fbaade6ab9a6a710133","1121322","کردستان","Kordestān","دیواندره","Divān Darreh","کرفتو","Karaftu","","","کانی شیرین","Kāni Shirin","حیدردیده بان","Heydar Dideh Bān","Hērdēwān","Masoud Mohammadirad, field notes 2015","119","","","","Central Kurdish 100%","Masoud Mohammadirad, field notes 2015",36.16684456978771,47.07390474768539,""
"","2c896fbee6fcbe3f5d786d4cc72dce14","12-6539ea83267a607e49b6ac121ae54949","1121323","کردستان","Kordestān","دیواندره","Divān Darreh","کرفتو","Karaftu","","","کانی شیرین","Kāni Shirin","شالی شل","Shāli Shal","Shāḷishal ","Masoud Mohammadirad, field notes 2015","524","","","","Central Kurdish 100%","Masoud Mohammadirad, field notes 2015",36.17255223127427,47.04759764167069,""
"","2c896fbee6fcbe3f5d786d4cc72dcbbb","12-995ff786d4e96b0c81044fca8cb27cb2","1121324","کردستان","Kordestān","دیواندره","Divān Darreh","کرفتو","Karaftu","","","کانی شیرین","Kāni Shirin","امین آباد","Amin Ābād","Amināwā","Masoud Mohammadirad, field notes 2015","65","","","","Central Kurdish 100%","Masoud Mohammadirad, field notes 2015",36.225451723067174,47.10295843572916,""
"","2c896fbee6fcbe3f5d786d4cc72dc48c","12-c1b314e2a4754e006b37130da3e1c6c7","1121325","کردستان","Kordestān","دیواندره","Divān Darreh","کرفتو","Karaftu","","","کانی شیرین","Kāni Shirin","پاپاله","Pāpāleh","Pāpāḷa","Masoud Mohammadirad, field notes 2015","1012","","","","Central Kurdish 100%","Masoud Mohammadirad, field notes 2015",36.1610152239703,47.16533588856979,""
"","2c896fbee6fcbe3f5d786d4cc72dc1a0","13-6701a4f091ff591ca9d08b8e93839f0f","1121326","کردستان","Kordestān","دیواندره","Divān Darreh","کرفتو","Karaftu","","","کانی شیرین","Kāni Shirin","نوبهار","Now Bahār","Naw Bahār","Masoud Mohammadirad, field notes 2015","53","","","","Central Kurdish 100%","Masoud Mohammadirad, field notes 2015",36.21523823977841,47.114202255918066,""
"","2c896fbee6fcbe3f5d786d4cc72dc07d","12-95bcc119405e1ae2b0dabbf44fb779c9","1121327","کردستان","Kordestān","دیواندره","Divān Darreh","کرفتو","Karaftu","","","کانی شیرین","Kāni Shirin","باش قشلاق","Bāsh Qeshlāq","BāshỊākh ","Masoud Mohammadirad, field notes 2015","252","","","","Central Kurdish 100%","Masoud Mohammadirad, field notes 2015",36.12749457336686,47.04320954772309,""
"","2c896fbee6fcbe3f5d786d4cc72dbc18","13-90cc1bb4e8f507694f597d3a2fc676f4","1121328","کردستان","Kordestān","دیواندره","Divān Darreh","کرفتو","Karaftu","","","کانی شیرین","Kāni Shirin","قالوجه","Qālujeh","Qālüja ","Masoud Mohammadirad, field notes 2015","121","","","","Central Kurdish 100%","Masoud Mohammadirad, field notes 2015",36.11357613461353,47.080095286090554,""
"","2c896fbee6fcbe3f5d786d4cc72db7f7","12-7952697020cca2eddddd89168762a59a","1121329","کردستان","Kordestān","دیواندره","Divān Darreh","کرفتو","Karaftu","","","کانی شیرین","Kāni Shirin","قره دره","Qareh Darreh","Qarawara","Masoud Mohammadirad, field notes 2015","328","","","","Central Kurdish 100%","Masoud Mohammadirad, field notes 2015",36.09383822906277,47.08036350699228,""
"","2c896fbee6fcbe3f5d786d4cc72e4537","12-b32af80ee90d7650a82546138a6c4658","1121330","کردستان","Kordestān","دیواندره","Divān Darreh","کرفتو","Karaftu","","","کانی شیرین","Kāni Shirin","قلعه کهنه","Qal'eh Kohneh","Qaḷā Kōn","Masoud Mohammadirad, field notes 2015","488","","","","Central Kurdish 100%","Masoud Mohammadirad, field notes 2015",36.14552594105916,47.186106915178186,""
"","2c896fbee6fcbe3f5d786d4cc72e42a8","12-5d26394a374c1e4686cba1a6302d3272","1121331","کردستان","Kordestān","دیواندره","Divān Darreh","کرفتو","Karaftu","","","کانی شیرین","Kāni Shirin","معین آباد","Mo'in Ābād","Mo'ināwā","Masoud Mohammadirad, field notes 2015","120","","","","Central Kurdish 100%","Masoud Mohammadirad, field notes 2015",36.146894804050994,47.10413860769692,""
"","2c896fbee6fcbe3f5d786d4cc72e3c3e","10-62646a76c69976d854816413ff4ded3b","1121332","کردستان","Kordestān","دیواندره","Divān Darreh","کرفتو","Karaftu","زرینه","Zarrineh","","","","","Zaṛina","Masoud Mohammadirad, field notes 2015","1854","","","","Central Kurdish 100%","Masoud Mohammadirad, field notes 2015","","",""
"","2c896fbee6fcbe3f5d786d4cc72e3338","10-1100620fdc7d950623d2e798a01076e3","1121333","کردستان","Kordestān","دیواندره","Divān Darreh","مرکزی","Markazi","","","","","","","","","49282","","","","","","","",""
"","2c896fbee6fcbe3f5d786d4cc72e261a","10-ba4a3ff81b8b30577b1066fffc51e55c","1121334","کردستان","Kordestān","دیواندره","Divān Darreh","مرکزی","Markazi","","","چهل چشمه","Chehel Cheshmeh","","","","","6517","","","","","","","",""
"","2c896fbee6fcbe3f5d786d4cc72e203e","12-e4d5a33bbe2e78119363763cf52cb4df","1121335","کردستان","Kordestān","دیواندره","Divān Darreh","مرکزی","Markazi","","","چهل چشمه","Chehel Cheshmeh","کانی سفید","Kāni Sefid","Kāni Charmu","Masoud Mohammadirad, field notes 2015","433","","","","Central Kurdish 100%","Masoud Mohammadirad, field notes 2015",35.985223905551685,46.88841247657586,""
"","2c896fbee6fcbe3f5d786d4cc72e1b1d","12-e3d27740da343e642b97ab783fdc2b41","1121336","کردستان","Kordestān","دیواندره","Divān Darreh","مرکزی","Markazi","","","چهل چشمه","Chehel Cheshmeh","کیله کبود","Kileh Kabud","Kēḷa Kawu","Masoud Mohammadirad, field notes 2015","293","","","","Central Kurdish 100%","Masoud Mohammadirad, field notes 2015",35.9630301418516,46.89592266181604,""
"","2c896fbee6fcbe3f5d786d4cc72e0f4d","12-04dc4168551dd02a41744e918b1aeafe","1121337","کردستان","Kordestān","دیواندره","Divān Darreh","مرکزی","Markazi","","","چهل چشمه","Chehel Cheshmeh","برده رش تبریزخاتون","Bardeh Rash-e Tabriz Khātun","Barda Ṛash ","Masoud Mohammadirad, field notes 2015","133","","","","Central Kurdish 100%","Masoud Mohammadirad, field notes 2015",35.9059415185462,46.88287600736541,""
"","2c896fbee6fcbe3f5d786d4cc72e0786","12-bf9ef2df58ed8b079b9f05b08a8961e0","1121338","کردستان","Kordestān","دیواندره","Divān Darreh","مرکزی","Markazi","","","چهل چشمه","Chehel Cheshmeh","تبریزخاتون","Tabriz Khātun","Tawrēz Khātun","Masoud Mohammadirad, field notes 2015","217","","","","Central Kurdish 100%","Masoud Mohammadirad, field notes 2015",35.89720599020264,46.84200818162456,""
"","2c896fbee6fcbe3f5d786d4cc72dfce2","12-c5c4ff95ef5e5719d0f010bf1f7c6bc9","1121339","کردستان","Kordestān","دیواندره","Divān Darreh","مرکزی","Markazi","","","چهل چشمه","Chehel Cheshmeh","علی آباد","Ali Ābād","Aliyāwā ","Masoud Mohammadirad, field notes 2015","338","","","","Central Kurdish 100%","Masoud Mohammadirad, field notes 2015",35.94823366832889,46.851076127092206,""
"","2c896fbee6fcbe3f5d786d4cc72e91c6","12-c31bd2c4e601f61977e0fec886abae56","1121340","کردستان","Kordestān","دیواندره","Divān Darreh","مرکزی","Markazi","","","چهل چشمه","Chehel Cheshmeh","خاله بازه","Khāleh Bāzeh","Khāḷa Wāza","Masoud Mohammadirad, field notes 2015","160","","","","Central Kurdish 100%","Masoud Mohammadirad, field notes 2015",35.95715193380102,46.649404116710926,""
"","2c896fbee6fcbe3f5d786d4cc72e855b","10-94fa995ae869d834449f24d7b001b256","1121341","کردستان","Kordestān","دیواندره","Divān Darreh","مرکزی","Markazi","","","چهل چشمه","Chehel Cheshmeh","ابراهیم آباد","Ebrāhim Ābād","Ibrayimāwā ","Masoud Mohammadirad, field notes 2015","1060","","","","Central Kurdish 100%","Masoud Mohammadirad, field notes 2015","","",""
"","2c896fbee6fcbe3f5d786d4cc72e77b5","10-f034f208ebae55f8c64015e9887d0ec8","1121342","کردستان","Kordestān","دیواندره","Divān Darreh","مرکزی","Markazi","","","چهل چشمه","Chehel Cheshmeh","عباس آباد","Abbās Ābād","Abāsāwā","Masoud Mohammadirad, field notes 2015"," ","(less than 3 households; population not specified in 2011 Census for reasons of privacy)","","","Central Kurdish 100%","Masoud Mohammadirad, field notes 2015","","",""
"","2c896fbee6fcbe3f5d786d4cc72e6fe0","12-e67c28059c1bb01260d2d5da39ce68db","1121343","کردستان","Kordestān","دیواندره","Divān Darreh","مرکزی","Markazi","","","چهل چشمه","Chehel Cheshmeh","یاپل","Yāpal","YāpaỊ ","Masoud Mohammadirad, field notes 2015","532","","","","Central Kurdish 100%","Masoud Mohammadirad, field notes 2015",35.93445249275382,46.774901391079915,""
"","2c896fbee6fcbe3f5d786d4cc72e65da","12-8305b3d8f3f40dc54a7de3982ccf0522","1121344","کردستان","Kordestān","دیواندره","Divān Darreh","مرکزی","Markazi","","","چهل چشمه","Chehel Cheshmeh","آب باره","Āb Bāreh","Āwāra","Masoud Mohammadirad, field notes 2015","209","","","","Central Kurdish 100%","Masoud Mohammadirad, field notes 2015",35.922475705152365,46.643868037304635,""
"","2c896fbee6fcbe3f5d786d4cc72e61e6","12-b8d5e232c5c75759552d860fc8f1d51a","1121345","کردستان","Kordestān","دیواندره","Divān Darreh","مرکزی","Markazi","","","چهل چشمه","Chehel Cheshmeh","آلیجان","Ālijān","Āḷijān","Masoud Mohammadirad, field notes 2015","151","","","","Central Kurdish 100%","Masoud Mohammadirad, field notes 2015",35.92146785181758,46.682663508490535,""
"","2c896fbee6fcbe3f5d786d4cc72e58ff","12-5cf05c07157717a40f6880f71f6bb395","1121346","کردستان","Kordestān","دیواندره","Divān Darreh","مرکزی","Markazi","","","چهل چشمه","Chehel Cheshmeh","بناوچان","Benāvechān","Benāwachān ","Masoud Mohammadirad, field notes 2015","151","","","","Central Kurdish 100%","Masoud Mohammadirad, field notes 2015",35.88948790765959,46.65077740772592,""
"","2c896fbee6fcbe3f5d786d4cc72e5585","12-babc3506b090639bb0c40bcacb08fdb6","1121347","کردستان","Kordestān","دیواندره","Divān Darreh","مرکزی","Markazi","","","چهل چشمه","Chehel Cheshmeh","دره وزان","Darreh Vazān","Dara Wazān","Masoud Mohammadirad, field notes 2015","311","","","","Central Kurdish 100%","Masoud Mohammadirad, field notes 2015",35.86289618904498,46.729711143801104,""
"","2c896fbee6fcbe3f5d786d4cc72e52c5","12-b7dc7558bc5df765b9975e199f297e66","1121348","کردستان","Kordestān","دیواندره","Divān Darreh","مرکزی","Markazi","","","چهل چشمه","Chehel Cheshmeh","شریف آباد","Sharif Ābād","Sharifāwā","Masoud Mohammadirad, field notes 2015","921","","","","Central Kurdish 100%","Masoud Mohammadirad, field notes 2015",35.923506090435225,46.763185502104804,""
"","2c896fbee6fcbe3f5d786d4cc72e49cc","12-f36ef2f31cbc74e93ba35dd10e8f0107","1121349","کردستان","Kordestān","دیواندره","Divān Darreh","مرکزی","Markazi","","","چهل چشمه","Chehel Cheshmeh","بست","Best","Bes","Masoud Mohammadirad, field notes 2015","668","","","","Central Kurdish 100%","Masoud Mohammadirad, field notes 2015",35.88635874093633,46.58880765065426,""
"","2c896fbee6fcbe3f5d786d4cc72ed4e0","12-a4f4216d3ac1844fd229ae13221ed1bd","1121350","کردستان","Kordestān","دیواندره","Divān Darreh","مرکزی","Markazi","","","چهل چشمه","Chehel Cheshmeh","توکلان","Tavakalān","TawakaỊān","Masoud Mohammadirad, field notes 2015","323","","","","Central Kurdish 100%","Masoud Mohammadirad, field notes 2015",35.85055100451957,46.64198544959329,""
"","2c896fbee6fcbe3f5d786d4cc72eceaf","12-5dfc3317b6898daa47d9f000ecbd6c7b","1121351","کردستان","Kordestān","دیواندره","Divān Darreh","مرکزی","Markazi","","","چهل چشمه","Chehel Cheshmeh","دره گاوان","Darreh Gāvān","Dara Gāwān","Masoud Mohammadirad, field notes 2015","96","","","","Central Kurdish 100%","Masoud Mohammadirad, field notes 2015",35.764359370127266,46.658228907385045,""
"","2c896fbee6fcbe3f5d786d4cc72ece3a","12-869abd39095d3f946175ff3ab2ebe3ab","1121352","کردستان","Kordestān","دیواندره","Divān Darreh","مرکزی","Markazi","","","چهل چشمه","Chehel Cheshmeh","عزیز آباد","Aziz Ābād","Azizāwā","Masoud Mohammadirad, field notes 2015"," ","(less than 3 households; population not specified in 2011 Census for reasons of privacy)","","","Central Kurdish 100%","Masoud Mohammadirad, field notes 2015",35.94117079269929,46.631336756789786,""
"","2c896fbee6fcbe3f5d786d4cc72ecbcb","12-9bea00cd418fc950cd212f9e1db3d70f","1121353","کردستان","Kordestān","دیواندره","Divān Darreh","مرکزی","Markazi","","","چهل چشمه","Chehel Cheshmeh","کاکوسان","Kākowsān","Kākawsān","Masoud Mohammadirad, field notes 2015","113","","","","Central Kurdish 100%","Masoud Mohammadirad, field notes 2015",35.9293565674621,46.570697375389486,""
"","2c896fbee6fcbe3f5d786d4cc72ebc39","12-354b8141b4f011d1fc538cd72102bae6","1121354","کردستان","Kordestān","دیواندره","Divān Darreh","مرکزی","Markazi","","","چهل چشمه","Chehel Cheshmeh","گل قلعه","Gol Qal'eh","Shā Qaḷā","Masoud Mohammadirad, field notes 2015","312","","","","Central Kurdish 100%","Masoud Mohammadirad, field notes 2015",35.826302208398666,46.65777829627065,""
"","2c896fbee6fcbe3f5d786d4cc72eb33a","12-fd000c4f28d878f33cf91cccad35d5a8","1121355","کردستان","Kordestān","دیواندره","Divān Darreh","مرکزی","Markazi","","","چهل چشمه","Chehel Cheshmeh","نرگسله","Nargesaleh","NaresaỊa ","Masoud Mohammadirad, field notes 2015","15","","","","Central Kurdish 100%","Masoud Mohammadirad, field notes 2015",35.772900936653606,46.61428956020923,""
"","2c896fbee6fcbe3f5d786d4cc72eaf71","12-48fc666b686a78272a4fbaf802207af1","1121356","کردستان","Kordestān","دیواندره","Divān Darreh","مرکزی","Markazi","","","چهل چشمه","Chehel Cheshmeh","وزمان","Vezmān","Wezmān","Masoud Mohammadirad, field notes 2015","72","","","","Central Kurdish 100%","Masoud Mohammadirad, field notes 2015",35.94467997237189,46.605072566119624,""
"","2c896fbee6fcbe3f5d786d4cc72ea9ca","10-854bc03dd781132e6a7455997829cb30","1121357","کردستان","Kordestān","دیواندره","Divān Darreh","مرکزی","Markazi","","","حومه","Humeh","","","","","8401","","","","","","","",""
"","2c896fbee6fcbe3f5d786d4cc72ea15d","12-d75edf818527d3055cf1a1dd7c32be3a","1121358","کردستان","Kordestān","دیواندره","Divān Darreh","مرکزی","Markazi","","","حومه","Humeh","رشید آباد","Rashid Ābād","Ṛashiyāwā","Masoud Mohammadirad, field notes 2015","1675","","","","Central Kurdish 100%","Masoud Mohammadirad, field notes 2015",35.95580384236023,47.040214531576105,""
"","2c896fbee6fcbe3f5d786d4cc72e9f59","13-a8e901f7aff417d5b767950fbdaf39d7","1121359","کردستان","Kordestān","دیواندره","Divān Darreh","مرکزی","Markazi","","","حومه","Humeh","سرقلعه","Sar Qal'eh","Sar Qaḷā","Masoud Mohammadirad, field notes 2015","465","","","","Central Kurdish 100%","Masoud Mohammadirad, field notes 2015",35.93085380199785,47.12043927890706,""
"","2c896fbee6fcbe3f5d786d4cc72f2f3e","12-141ac1b4ed9c4b9c425786fca46d0c98","1121360","کردستان","Kordestān","دیواندره","Divān Darreh","مرکزی","Markazi","","","حومه","Humeh","تازه آباد سردالان","Tāzeh Ābād-e Sar Dālān","Tāzāwāy SardāỊān","Masoud Mohammadirad, field notes 2015","129","","","","Central Kurdish 100%","Masoud Mohammadirad, field notes 2015",35.92066619626163,47.17983914314179,""
"","2c896fbee6fcbe3f5d786d4cc72f1f73","12-16783912d49c0f66cc35bee7e12fa57b","1121361","کردستان","Kordestān","دیواندره","Divān Darreh","مرکزی","Markazi","","","حومه","Humeh","غیاث آباد","Ghiās Ābād","Ghayāsāwā ","Masoud Mohammadirad, field notes 2015","259","","","","Central Kurdish 100%","Masoud Mohammadirad, field notes 2015",35.89671097701155,47.27952639429808,""
"","2c896fbee6fcbe3f5d786d4cc72f12b4","14-5d5545a3f0775e7da8eaa78e935702f5","1121362","کردستان","Kordestān","دیواندره","Divān Darreh","مرکزی","Markazi","","","حومه","Humeh","دربند","Dar Band","Darwan","Masoud Mohammadirad, field notes 2015","973","","","","Central Kurdish 100%","Masoud Mohammadirad, field notes 2015",35.922699349932955,47.22280805401817,""
"","2c896fbee6fcbe3f5d786d4cc72f04c1","12-553cb5d09d94700c3bb657dab83b73a8","1121363","کردستان","Kordestān","دیواندره","Divān Darreh","مرکزی","Markazi","","","حومه","Humeh","قره قایه","Qareh Qāyeh","Qara Qāya","Masoud Mohammadirad, field notes 2015","28","","","","Central Kurdish 100%","Masoud Mohammadirad, field notes 2015",35.931508453395935,47.286166145211716,""
"","2c896fbee6fcbe3f5d786d4cc72f0263","12-bd835746b278b7b960d2776b4fa9d629","1121364","کردستان","Kordestān","دیواندره","Divān Darreh","مرکزی","Markazi","","","حومه","Humeh","قشلاق سرخه","Qeshlāq Sorkheh","QeshỊākh Sürka","Masoud Mohammadirad, field notes 2015","79","","","","Central Kurdish 100%","Masoud Mohammadirad, field notes 2015",35.860017290126,47.17680757894135,""
"","2c896fbee6fcbe3f5d786d4cc72efa65","12-10060e992f357032016eea596d30a205","1121365","کردستان","Kordestān","دیواندره","Divān Darreh","مرکزی","Markazi","","","حومه","Humeh","گل قباغ","Gol Qobāgh","Gōl Qawākh","Masoud Mohammadirad, field notes 2015","124","","","","Central Kurdish 100%","Masoud Mohammadirad, field notes 2015",35.81667078165181,47.14423483266969,""
"","2c896fbee6fcbe3f5d786d4cc72eed5f","12-7446f21bc9ec94f861122d3de43178c2","1121366","کردستان","Kordestān","دیواندره","Divān Darreh","مرکزی","Markazi","","","حومه","Humeh","باغ چله","Bāgh Cheleh","BākhchaỊa ","Masoud Mohammadirad, field notes 2015","510","","","","Central Kurdish 100%","Masoud Mohammadirad, field notes 2015",35.892298346778546,47.1683006165617,""
"","2c896fbee6fcbe3f5d786d4cc72ee93e","12-4fc9519d1be812919fb0be0ddc7e94ca","1121367","کردستان","Kordestān","دیواندره","Divān Darreh","مرکزی","Markazi","","","حومه","Humeh","دالان","Dālān","DāỊān ","Masoud Mohammadirad, field notes 2015","381","","","","Central Kurdish 100%","Masoud Mohammadirad, field notes 2015",35.888801863947734,47.2042197550711,""
"","2c896fbee6fcbe3f5d786d4cc72edd00","13-031ade9e8eaf6272e3259caa8adb1759","1121368","کردستان","Kordestān","دیواندره","Divān Darreh","مرکزی","Markazi","","","حومه","Humeh","نساره سفلی","Nesāreh-ye Soflā","Nesāra BüchkaỊa","Masoud Mohammadirad, field notes 2015","239","","","","Central Kurdish 100%","Masoud Mohammadirad, field notes 2015",35.88534044809719,47.144807025294234,""
"","2c896fbee6fcbe3f5d786d4cc72ed93c","12-acfd4b99aa67ca82130badf8ae7c0f63","1121369","کردستان","Kordestān","دیواندره","Divān Darreh","مرکزی","Markazi","","","حومه","Humeh","دره سفته","Darreh Sefteh","Dara Sefta","Masoud Mohammadirad, field notes 2015","234","","","","Central Kurdish 100%","Masoud Mohammadirad, field notes 2015",35.82567873516005,47.11601671192358,""
"","2c896fbee6fcbe3f5d786d4cc72f82d7","13-a348bb3f02285e26ba788126088a31fb","1121370","کردستان","Kordestān","دیواندره","Divān Darreh","مرکزی","Markazi","","","حومه","Humeh","قلعه جقه سفلی","Qal'eh Joqeh-ye Soflā","Qaḷā Chokhay Khwār","Masoud Mohammadirad, field notes 2015","92","","","","Central Kurdish 100%","Masoud Mohammadirad, field notes 2015",35.84375310945167,47.111886110040444,""
"","2c896fbee6fcbe3f5d786d4cc72f80df","13-43e71771c281485ac498b17e9cf16d84","1121371","کردستان","Kordestān","دیواندره","Divān Darreh","مرکزی","Markazi","","","حومه","Humeh","نساره علیا","Nesāreh-ye Olyā","Nesāra Gawra","Masoud Mohammadirad, field notes 2015","1784","","","","Central Kurdish 100%","Masoud Mohammadirad, field notes 2015",35.87127507550419,47.09351246010165,""
"","2c896fbee6fcbe3f5d786d4cc72f7849","12-e91007b08a9578a8df8daa424e5929fc","1121372","کردستان","Kordestān","دیواندره","Divān Darreh","مرکزی","Markazi","","","حومه","Humeh","کاقلی","Kā Qoli","Kā Qoli ","Masoud Mohammadirad, field notes 2015","42","","","","Central Kurdish 100%","Masoud Mohammadirad, field notes 2015",35.91588057535494,46.97336995506238,""
"","2c896fbee6fcbe3f5d786d4cc72f6b75","12-87759207b06ce95163a7f7ca7b3b76b4","1121373","کردستان","Kordestān","دیواندره","Divān Darreh","مرکزی","Markazi","","","حومه","Humeh","قره غیبی","Qara Gheybi","Qara Khaü","Masoud Mohammadirad, field notes 2015","247","","","","Central Kurdish 100%","Masoud Mohammadirad, field notes 2015",35.860175319386826,47.05675284238925,""
"","2c896fbee6fcbe3f5d786d4cc72f67c6","12-49270e0e1c3dd9f9707a5f2cf7df81d5","1121374","کردستان","Kordestān","دیواندره","Divān Darreh","مرکزی","Markazi","","","حومه","Humeh","دباغ","Dabāgh","Dawākh","Masoud Mohammadirad, field notes 2015","128","","","","Central Kurdish 100%","Masoud Mohammadirad, field notes 2015",35.88945843413532,46.97100964219778,""
"","2c896fbee6fcbe3f5d786d4cc72f5e21","12-44d8adb31d3c0429860a90cd5b7ca935","1121375","کردستان","Kordestān","دیواندره","Divān Darreh","مرکزی","Markazi","","","حومه","Humeh","شیخ حیدر","Sheykh Heydar","Shēkhayar ","Masoud Mohammadirad, field notes 2015","84","","","","Central Kurdish 100%","Masoud Mohammadirad, field notes 2015",35.858552483293685,46.94548574121645,""
"","2c896fbee6fcbe3f5d786d4cc72f53c7","12-201e6b40d0646d2068970a71b45bbc7b","1121376","کردستان","Kordestān","دیواندره","Divān Darreh","مرکزی","Markazi","","","حومه","Humeh","قلعه ریحانه","Qal'eh Reyhāneh","Qaḷā Riyāna","Masoud Mohammadirad, field notes 2015","127","","","","Central Kurdish 100%","Masoud Mohammadirad, field notes 2015",35.90297140616199,46.93948449667212,""
"","2c896fbee6fcbe3f5d786d4cc72f443e","13-613c87e3af1f0deb3f5083e6a53cabd9","1121377","کردستان","Kordestān","دیواندره","Divān Darreh","مرکزی","Markazi","","","حومه","Humeh","آقاجری","Āqājari","Āghajari ","Masoud Mohammadirad, field notes 2015","466","","","","Central Kurdish 100%","Masoud Mohammadirad, field notes 2015",35.890891243039235,47.128325657630526,""
"","2c896fbee6fcbe3f5d786d4cc72f3db0","12-12eb5724bfb26d100b6a327be8c588aa","1121378","کردستان","Kordestān","دیواندره","Divān Darreh","مرکزی","Markazi","","","حومه","Humeh","برکه","Barakeh","Baraka","Masoud Mohammadirad, field notes 2015","124","","","","Central Kurdish 100%","Masoud Mohammadirad, field notes 2015",35.8928971286311,47.107409830689456,""
"","2c896fbee6fcbe3f5d786d4cc72f3be4","14-e295dc675bb2f2fe72ed628c2a7311ff","1121379","کردستان","Kordestān","دیواندره","Divān Darreh","مرکزی","Markazi","","","حومه","Humeh","کهریزه","Kahrizeh","Kārēza","Masoud Mohammadirad, field notes 2015","211","","","","Central Kurdish 100%","Masoud Mohammadirad, field notes 2015",35.91038700860351,47.07387344305511,""
"","2c896fbee6fcbe3f5d786d4cc72ff184","10-475272adaa1985fd58ce73f8bf1a1066","1121380","کردستان","Kordestān","دیواندره","Divān Darreh","مرکزی","Markazi","","","قراتوره","Qarātureh","","","","","7710","","","","","","","",""
"","2c896fbee6fcbe3f5d786d4cc72fe388","12-fa7a7df5e9da117c36d7c1180401cb08","1121381","کردستان","Kordestān","دیواندره","Divān Darreh","مرکزی","Markazi","","","قراتوره","Qarātureh","آب باریک","Āb Bārik","Āwbārik","Masoud Mohammadirad, field notes 2015","179","","","","Central Kurdish 100%","Masoud Mohammadirad, field notes 2015",36.11394345731653,47.25061798189547,""
"","2c896fbee6fcbe3f5d786d4cc72fd5e0","14-5d4c2a504075684e52eefb600e7607c9","1121382","کردستان","Kordestān","دیواندره","Divān Darreh","مرکزی","Markazi","","","قراتوره","Qarātureh","آخکند","Ākh Kand","Ākhkan","Masoud Mohammadirad, field notes 2015","476","","","","Central Kurdish 100%","Masoud Mohammadirad, field notes 2015",36.09999,47.27744,""
"","2c896fbee6fcbe3f5d786d4cc72fd2fe","14-697188ac1ed441fea3dd08b84036ceac","1121383","کردستان","Kordestān","دیواندره","Divān Darreh","مرکزی","Markazi","","","قراتوره","Qarātureh","قراتوره","Qarā Towreh","Qara Tawra","Masoud Mohammadirad, field notes 2015","200","","","","Central Kurdish 100%","Masoud Mohammadirad, field notes 2015",36.11439,47.32106,""
"","2c896fbee6fcbe3f5d786d4cc72fc56a","12-39d8b4a676541fc6ee11bbb15fd732c8","1121384","کردستان","Kordestān","دیواندره","Divān Darreh","مرکزی","Markazi","","","قراتوره","Qarātureh","قراگل","Qarā Gel","Qarawel","Masoud Mohammadirad, field notes 2015","454","","","","Central Kurdish 100%","Masoud Mohammadirad, field notes 2015",36.126696283503335,47.22285175417943,""
"","2c896fbee6fcbe3f5d786d4cc72fba83","15-16e244ac2225a330a4834f370d971ff1","1121385","کردستان","Kordestān","دیواندره","Divān Darreh","مرکزی","Markazi","","","قراتوره","Qarātureh","پنجه سفلی","Panjeh-ye Soflā","Panjay Khwār","Masoud Mohammadirad, field notes 2015","157","","","","Central Kurdish 100%","Masoud Mohammadirad, field notes 2015",36.06131995304576,47.441838026961356,""
"","2c896fbee6fcbe3f5d786d4cc72facdb","16-cdb9eea6f5ea4a471ff745cb7d7d9a98","1121386","کردستان","Kordestān","دیواندره","Divān Darreh","مرکزی","Markazi","","","قراتوره","Qarātureh","پنجه علیا","Panjeh-ye Olyā","Panjay Zhür","Masoud Mohammadirad, field notes 2015","65","","","","Central Kurdish 100%","Masoud Mohammadirad, field notes 2015",36.08511522078952,47.4232985982522,""
"","2c896fbee6fcbe3f5d786d4cc72fa433","12-be2c838afaf54886a4347e319fc7a2c5","1121387","کردستان","Kordestān","دیواندره","Divān Darreh","مرکزی","Markazi","","","قراتوره","Qarātureh","سراب قره خان","Sarāb Qareh Khān","Sarāw Qara Khān","Masoud Mohammadirad, field notes 2015","132","","","","Central Kurdish 100%","Masoud Mohammadirad, field notes 2015",36.106207553603895,47.344624043438046,""
"","2c896fbee6fcbe3f5d786d4cc72f94ba","12-9d0c2e07990a486b2ba442eab383003d","1121388","کردستان","Kordestān","دیواندره","Divān Darreh","مرکزی","Markazi","","","قراتوره","Qarātureh","شکربلاغ","Shekar Bolāgh","ShakawỊākh","Masoud Mohammadirad, field notes 2015","38","","","","Central Kurdish 100%","Masoud Mohammadirad, field notes 2015",36.021491876902004,47.39541435333804,""
"","2c896fbee6fcbe3f5d786d4cc72f8ef1","12-1904bf994e1b770bc08253b6c11756b5","1121389","کردستان","Kordestān","دیواندره","Divān Darreh","مرکزی","Markazi","","","قراتوره","Qarātureh","قزگه","Qezgeh","Qeska","Masoud Mohammadirad, field notes 2015","162","","","","Central Kurdish 100%","Masoud Mohammadirad, field notes 2015",36.00260749532402,47.3858013162295,""
"","2c896fbee6fcbe3f5d786d4cc7305272","13-1457cc1d5d02d805ee1788765b8eba36","1121390","کردستان","Kordestān","دیواندره","Divān Darreh","مرکزی","Markazi","","","قراتوره","Qarātureh","گادمه گتر","Gādmeh Geter","Gāwamater ","Masoud Mohammadirad, field notes 2015","311","","","","Central Kurdish 100%","Masoud Mohammadirad, field notes 2015",36.080745201140566,47.30931544397095,""
"","2c896fbee6fcbe3f5d786d4cc7304880","12-bb958d373839b0d958056f9b470fb9ae","1121391","کردستان","Kordestān","دیواندره","Divān Darreh","مرکزی","Markazi","","","قراتوره","Qarātureh","مرادقلی","Morād Qoli","Merā Qoli","Masoud Mohammadirad, field notes 2015","94","","","","Central Kurdish 100%","Masoud Mohammadirad, field notes 2015",36.05641084990506,47.34980607125536,""
"","2c896fbee6fcbe3f5d786d4cc7303ee6","12-4d41b3396f373a4a406eea8889c7f6cd","1121392","کردستان","Kordestān","دیواندره","Divān Darreh","مرکزی","Markazi","","","قراتوره","Qarātureh","بابارار","Bābārārr","Bāwaṛāṛ ","Masoud Mohammadirad, field notes 2015","224","","","","Central Kurdish 100%","Masoud Mohammadirad, field notes 2015",35.99134066879128,47.275058270438045,""
"","2c896fbee6fcbe3f5d786d4cc7303251","12-7e9768cae1a7bfa91258512f3f0348da","1121393","کردستان","Kordestān","دیواندره","Divān Darreh","مرکزی","Markazi","","","قراتوره","Qarātureh","تازه آباد وزیر","Tāzeh Ābād-e Vazir","Tāzāwāy Wazir","Masoud Mohammadirad, field notes 2015","167","","","","Central Kurdish 100%","Masoud Mohammadirad, field notes 2015",35.99516609960826,47.23604957669039,""
"","2c896fbee6fcbe3f5d786d4cc73024b1","13-4384a45219d618bf46061c8ec27177af","1121394","کردستان","Kordestān","دیواندره","Divān Darreh","مرکزی","Markazi","","","قراتوره","Qarātureh","جقلو","Jaqalu","Jaqalü","Masoud Mohammadirad, field notes 2015","88","","","","Central Kurdish 100%","Masoud Mohammadirad, field notes 2015",36.00628752749442,47.311901093461884,""
"","2c896fbee6fcbe3f5d786d4cc730163a","12-c73c866d49f683af1c7847b18f1ed0ea","1121395","کردستان","Kordestān","دیواندره","Divān Darreh","مرکزی","Markazi","","","قراتوره","Qarātureh","دره اسب","Darreh Asp","Darasp ","Masoud Mohammadirad, field notes 2015","434","","","","Central Kurdish 100%","Masoud Mohammadirad, field notes 2015",36.01335201351008,47.19744587039353,""
"","2c896fbee6fcbe3f5d786d4cc730118e","12-eecd1feb7567f35110d41be9afae5d6a","1121396","کردستان","Kordestān","دیواندره","Divān Darreh","مرکزی","Markazi","","","قراتوره","Qarātureh","قشلاق سفید","Qeshlāq Sefid","QeshỊākh Charmu","Masoud Mohammadirad, field notes 2015","104","","","","Central Kurdish 100%","Masoud Mohammadirad, field notes 2015",36.00260749532402,47.354086876842096,""
"","2c896fbee6fcbe3f5d786d4cc73004bf","16-b10e1d2c7450c59b24c1430c9be2a5ab","1121397","کردستان","Kordestān","دیواندره","Divān Darreh","مرکزی","Markazi","","","قراتوره","Qarātureh","زرینه ورمزیار","Zarrineh Varmazyār","Zaṛinay Warmazyār","Masoud Mohammadirad, field notes 2015","626","","","","Central Kurdish 100%","Masoud Mohammadirad, field notes 2015",36.06031387205395,47.151065112115646,""
"","2c896fbee6fcbe3f5d786d4cc730010e","12-81ffb3c95489d065fe2aa835aef644f5","1121398","کردستان","Kordestān","دیواندره","Divān Darreh","مرکزی","Markazi","","","قراتوره","Qarātureh","قراچی قران","Qarāchi Qerrān","Qarachi Qeṛān ","Masoud Mohammadirad, field notes 2015","171","","","","Central Kurdish 100%","Masoud Mohammadirad, field notes 2015",36.07065160846813,47.24198663328749,""
"","2c896fbee6fcbe3f5d786d4cc72ff6a2","12-5675ebb83bdccaf30ad0b01a6d3a2f80","1121399","کردستان","Kordestān","دیواندره","Divān Darreh","مرکزی","Markazi","","","قراتوره","Qarātureh","وزیر","Vazir","Wazir","Masoud Mohammadirad, field notes 2015","383","","","","Central Kurdish 100%","Masoud Mohammadirad, field notes 2015",36.010835254478195,47.2619047174307,""
"","2c896fbee6fcbe3f5d786d4cc7308824","14-2ec49657cd5a31368e2af7c5786f9033","1121400","کردستان","Kordestān","دیواندره","Divān Darreh","مرکزی","Markazi","","","قراتوره","Qarātureh","ینگی کند","Yangi Kand","Yaynkan","Masoud Mohammadirad, field notes 2015","210","","","","Central Kurdish 100%","Masoud Mohammadirad, field notes 2015",36.03821,47.22134,""
"","2c896fbee6fcbe3f5d786d4cc7308194","12-f81ad944aff5096162f0a449707f8e2a","1121401","کردستان","Kordestān","دیواندره","Divān Darreh","مرکزی","Markazi","","","قراتوره","Qarātureh","گاوشله","Gāv-e Shaleh","Gāwa Shala","Masoud Mohammadirad, field notes 2015","881","","","","Central Kurdish 100%","Masoud Mohammadirad, field notes 2015",36.015495534562945,47.151628376006386,""
"","2c896fbee6fcbe3f5d786d4cc730787b","13-dbee191f1ee7a0432c4a0dc9ae0e8788","1121402","کردستان","Kordestān","دیواندره","Divān Darreh","مرکزی","Markazi","","","قراتوره","Qarātureh","گل تپه سفلی","Gol Tappeh-ye Soflā","KoỊtapa","Masoud Mohammadirad, field notes 2015","515","","","","Central Kurdish 100%","Masoud Mohammadirad, field notes 2015",36.03008207875064,47.123052121167,""
"","2c896fbee6fcbe3f5d786d4cc7306b18","12-cc55fc6129f871a609ba4a4c511c1690","1121403","کردستان","Kordestān","دیواندره","Divān Darreh","مرکزی","Markazi","","","قراتوره","Qarātureh","هیجان","Hijān","Hējān ","Masoud Mohammadirad, field notes 2015","126","","","","Central Kurdish 100%","Masoud Mohammadirad, field notes 2015",36.04882108602653,47.109662533767,""
"","2c896fbee6fcbe3f5d786d4cc7306913","12-fc6bb12726133e5c44c61fa2a7bd5f6d","1121404","کردستان","Kordestān","دیواندره","Divān Darreh","مرکزی","Markazi","","","قراتوره","Qarātureh","تازه آباد هیجان","Tāzeh Ābād-e Hijān","Tāzāwāy Hējān","Masoud Mohammadirad, field notes 2015","156","","","","Central Kurdish 100%","Masoud Mohammadirad, field notes 2015",36.07251607235186,47.09734582997209,""
"","2c896fbee6fcbe3f5d786d4cc73064ee","13-76d8acfb214f22e3659762c2ac9a8610","1121405","کردستان","Kordestān","دیواندره","Divān Darreh","مرکزی","Markazi","","","قراتوره","Qarātureh","جعفر آباد","Ja'far Ābād","Jāferāwā","Masoud Mohammadirad, field notes 2015","384","","","","Central Kurdish 100%","Masoud Mohammadirad, field notes 2015",36.00849199280099,47.10193777180508,""
"","2c896fbee6fcbe3f5d786d4cc7305ccc","12-42b7d4d5ff8a540561ee5809e51afeb9","1121406","کردستان","Kordestān","دیواندره","Divān Darreh","مرکزی","Markazi","","","قراتوره","Qarātureh","وزمان","Vezmān","Wezmān","Masoud Mohammadirad, field notes 2015","973","","","","Central Kurdish 100%","Masoud Mohammadirad, field notes 2015",35.99599342090706,47.05249929524916,""
"","2c896fbee6fcbe3f5d786d4cc730589f","12-14350f26c42dd9646693fb5558a25e27","1121407","کردستان","Kordestān","دیواندره","Divān Darreh","مرکزی","Markazi","دیواندره","Divān Darreh","","","","","Diwāndara","Masoud Mohammadirad, field notes 2015","26654","","","","Central Kurdish 100%","Masoud Mohammadirad, field notes 2015",35.91294050896422,47.02458286348636,""
"","2c896fbee6fcbe3f5d786d4cc73053b5","10-0c77c9ac8e65deb3ab9391ef61bbff38","1121408","کردستان","Kordestān","دیواندره","Divān Darreh","سارال","Sārāl","","","","","","","","","15277","","","","","","","",""
"","2c896fbee6fcbe3f5d786d4cc7305328","10-b9301fd40cc8c8fae51217ef98527d35","1121409","کردستان","Kordestān","دیواندره","Divān Darreh","سارال","Sārāl","","","حسین آبادشمالی","Hosein Ābād-e Shomāli","","","","","3475","","","","","","","",""
"","2c896fbee6fcbe3f5d786d4cc730e760","13-65e41405ad98bf168f8fd55195e5c100","1121410","کردستان","Kordestān","دیواندره","Divān Darreh","سارال","Sārāl","","","حسین آبادشمالی","Hosein Ābād-e Shomāli","تفتیله","Taftileh","TaftēỊa ","Masoud Mohammadirad, field notes 2015","86","","","","Central Kurdish 100%","Masoud Mohammadirad, field notes 2015",35.587352014575686,47.085029126176295,""
"","2c896fbee6fcbe3f5d786d4cc730dd73","13-2df7ab92d95e998f19432cdebe4e2744","1121411","کردستان","Kordestān","دیواندره","Divān Darreh","سارال","Sārāl","","","حسین آبادشمالی","Hosein Ābād-e Shomāli","دلو آمده","Dalow Āmadeh","DaỊōāwa","Masoud Mohammadirad, field notes 2015","181","","","","Central Kurdish 100%","Masoud Mohammadirad, field notes 2015",35.58710771411278,47.06621074773087,""
"","2c896fbee6fcbe3f5d786d4cc730d044","12-beed3c367abaec70b9725d5821e045f2","1121412","کردستان","Kordestān","دیواندره","Divān Darreh","سارال","Sārāl","","","حسین آبادشمالی","Hosein Ābād-e Shomāli","سراب میرزا","Sarāb Mirzā","Sarāw Mirzā","Masoud Mohammadirad, field notes 2015","104","","","","Central Kurdish 100%","Masoud Mohammadirad, field notes 2015",35.61743889507235,47.06789517499032,""
"","2c896fbee6fcbe3f5d786d4cc730cd8e","12-f4cd4036c85f3449350483451a77a159","1121413","کردستان","Kordestān","دیواندره","Divān Darreh","سارال","Sārāl","","","حسین آبادشمالی","Hosein Ābād-e Shomāli","قلاته رشکه","Qalāteh Rashkeh","Qaḷāta Ṛashka ","Masoud Mohammadirad, field notes 2015","84","","","","Central Kurdish 100%","Masoud Mohammadirad, field notes 2015",35.6459974381301,46.98298716642736,""
"","2c896fbee6fcbe3f5d786d4cc730cb77","12-a2139e5486b28aa4fd0eba9b909d252c","1121414","کردستان","Kordestān","دیواندره","Divān Darreh","سارال","Sārāl","","","حسین آبادشمالی","Hosein Ābād-e Shomāli","کلهر آباد","Kalhor Ābād","Kalōrāwā","Masoud Mohammadirad, field notes 2015","347","","","","Central Kurdish 100%","Masoud Mohammadirad, field notes 2015",35.65392225973501,47.086284399994064,""
"","2c896fbee6fcbe3f5d786d4cc730bbd5","13-a4458692443c16817bcc5dc4f4b33bb6","1121415","کردستان","Kordestān","دیواندره","Divān Darreh","سارال","Sārāl","","","حسین آبادشمالی","Hosein Ābād-e Shomāli","افراسیاب","Afrāsiāb","Afrāsiyāw","Masoud Mohammadirad, field notes 2015","287","","","","Central Kurdish 100%","Masoud Mohammadirad, field notes 2015",35.653050480663666,46.94028639891641,""
"","2c896fbee6fcbe3f5d786d4cc730ad1a","12-1e20441aaa0d084b29fd7aaf1551ed72","1121416","کردستان","Kordestān","دیواندره","Divān Darreh","سارال","Sārāl","","","حسین آبادشمالی","Hosein Ābād-e Shomāli","اکبر آباد","Akbar Ābād","Akbarāwā","Masoud Mohammadirad, field notes 2015","233","","","","Central Kurdish 100%","Masoud Mohammadirad, field notes 2015",35.59981907339917,47.10518860912854,""
"","2c896fbee6fcbe3f5d786d4cc730a0d4","12-a58f6fa1ccd7dc0828c2c179915cf391","1121417","کردستان","Kordestān","دیواندره","Divān Darreh","سارال","Sārāl","","","حسین آبادشمالی","Hosein Ābād-e Shomāli","باقر آباد","Bāqer Ābād","Bāqerāwā","Masoud Mohammadirad, field notes 2015","890","","","","Central Kurdish 100%","Masoud Mohammadirad, field notes 2015",35.596092235049746,47.150046611072455,""
"","2c896fbee6fcbe3f5d786d4cc7309535","13-93e4b4d6f71290b133d3e808fd65b19b","1121418","کردستان","Kordestān","دیواندره","Divān Darreh","سارال","Sārāl","","","حسین آبادشمالی","Hosein Ābād-e Shomāli","کیله سفید","Kileh Sefid","Kēla Charmu","Masoud Mohammadirad, field notes 2015","110","","","","Central Kurdish 100%","Masoud Mohammadirad, field notes 2015",35.62874144986395,47.18541884517126,""
"","2c896fbee6fcbe3f5d786d4cc730906b","13-756d81c464d91b584441b75540b433fa","1121419","کردستان","Kordestān","دیواندره","Divān Darreh","سارال","Sārāl","","","حسین آبادشمالی","Hosein Ābād-e Shomāli","اصحاب علیا","Ashāb-e Olyā","Ashāw Zhür","Masoud Mohammadirad, field notes 2015","108","","","","Central Kurdish 100%","Masoud Mohammadirad, field notes 2015",35.70171605219589,47.0957257757254,""
"","2c896fbee6fcbe3f5d786d4cc7314ec5","13-14efd9665ae3b118ff19b5036cdae4ff","1121420","کردستان","Kordestān","دیواندره","Divān Darreh","سارال","Sārāl","","","حسین آبادشمالی","Hosein Ābād-e Shomāli","تازه آباد بزن قران","Tāzeh Ābād-e Bezen Qerrān","Tāzāwāy Bezen Qeṛān","Masoud Mohammadirad, field notes 2015","332","","","","Central Kurdish 100%","Masoud Mohammadirad, field notes 2015",35.63522923167892,47.139499426842335,""
"","2c896fbee6fcbe3f5d786d4cc731478b","12-5eea572c5f6543b293b00353d9961eb2","1121421","کردستان","Kordestān","دیواندره","Divān Darreh","سارال","Sārāl","","","حسین آبادشمالی","Hosein Ābād-e Shomāli","بهارستان","Bahārestān","Kharka","Masoud Mohammadirad, field notes 2015","477","","","","Central Kurdish 100%","Masoud Mohammadirad, field notes 2015",35.639833144478466,47.109802008633345,""
"","2c896fbee6fcbe3f5d786d4cc7313c48","13-5ef821fced125ca590851e7e19bc5010","1121422","کردستان","Kordestān","دیواندره","Divān Darreh","سارال","Sārāl","","","حسین آبادشمالی","Hosein Ābād-e Shomāli","صادق آباد","Sādeq Ābād","Sāqāwā","Masoud Mohammadirad, field notes 2015","190","","","","Central Kurdish 100%","Masoud Mohammadirad, field notes 2015",35.654680699786084,47.168907166477794,""
"","2c896fbee6fcbe3f5d786d4cc7312ecc","13-ab07c6dde532d7eda67ecc61a1ba9f37","1121423","کردستان","Kordestān","دیواندره","Divān Darreh","سارال","Sārāl","","","حسین آبادشمالی","Hosein Ābād-e Shomāli","اصحاب سفلی","Ashāb-e Soflā","Ashāw Khwār","Masoud Mohammadirad, field notes 2015","46","","","","Central Kurdish 100%","Masoud Mohammadirad, field notes 2015",35.71028871439434,47.106712103848935,""
"","2c896fbee6fcbe3f5d786d4cc73120ac","10-06f0885ab5904ffc08b2e1727d598863","1121424","کردستان","Kordestān","دیواندره","Divān Darreh","سارال","Sārāl","","","سارال","Sārāl","","","","","6406","","","","","","","",""
"","2c896fbee6fcbe3f5d786d4cc7311e46","12-14555b1d5e714c6c24903181c7fb15ed","1121425","کردستان","Kordestān","دیواندره","Divān Darreh","سارال","Sārāl","","","سارال","Sārāl","درویان","Darowyān","Darawyān","Masoud Mohammadirad, field notes 2015","49","","","","Central Kurdish 100%","Masoud Mohammadirad, field notes 2015",35.83398418267477,46.88643837074108,""
"","2c896fbee6fcbe3f5d786d4cc7311178","12-76746093e22b21993b20d4ed311038d6","1121426","کردستان","Kordestān","دیواندره","Divān Darreh","سارال","Sārāl","","","سارال","Sārāl","قزلبلاغ","Qezel Bolāgh","QezawỊākh","Masoud Mohammadirad, field notes 2015","386","","","","Central Kurdish 100%","Masoud Mohammadirad, field notes 2015",35.80792925652058,46.76823878389034,""
"","2c896fbee6fcbe3f5d786d4cc7310727","12-06cdc33bb6d35fd8a51d4a549eaaaaed","1121427","کردستان","Kordestān","دیواندره","Divān Darreh","سارال","Sārāl","","","سارال","Sārāl","قلعه گاه","Qal'egāh","QaỊāwa ","Masoud Mohammadirad, field notes 2015","122","","","","Central Kurdish 100%","Masoud Mohammadirad, field notes 2015",35.86168262464771,46.85018563370247,""
"","2c896fbee6fcbe3f5d786d4cc730fdc2","12-861f2d57cec5a774a9fea93c72d66248","1121428","کردستان","Kordestān","دیواندره","Divān Darreh","سارال","Sārāl","","","سارال","Sārāl","کانی سید مراد","Kāni Sayyed Morād","Kāni Sēmerāw","Masoud Mohammadirad, field notes 2015","89","","","","Central Kurdish 100%","Masoud Mohammadirad, field notes 2015",35.84688233740671,46.81355738739948,""
"","2c896fbee6fcbe3f5d786d4cc730f137","12-c9d21cfb861f2149388de0df797e3613","1121429","کردستان","Kordestān","دیواندره","Divān Darreh","سارال","Sārāl","","","سارال","Sārāl","گله سور","Galeh Sur","GeỊa Sür","Masoud Mohammadirad, field notes 2015","126","","","","Central Kurdish 100%","Masoud Mohammadirad, field notes 2015",35.871220475876974,46.90165186027225,""
"","2c896fbee6fcbe3f5d786d4cc73198c2","12-11fe981a0326f769a911ca15475593a3","1121430","کردستان","Kordestān","دیواندره","Divān Darreh","سارال","Sārāl","","","سارال","Sārāl","مره دره","Mareh Darreh","Marawar","Masoud Mohammadirad, field notes 2015","57","","","","Central Kurdish 100%","Masoud Mohammadirad, field notes 2015",35.849908707789815,46.83020854096199,""
"","2c896fbee6fcbe3f5d786d4cc73191ef","12-2645474731729b6877a1a77239a524c7","1121431","کردستان","Kordestān","دیواندره","Divān Darreh","سارال","Sārāl","","","سارال","Sārāl","میشیاب","Mishiāb","Mishiyāw ","Masoud Mohammadirad, field notes 2015","249","","","","Central Kurdish 100%","Masoud Mohammadirad, field notes 2015",35.795509314299,46.86970611042596,""
"","2c896fbee6fcbe3f5d786d4cc7318767","12-d59d4629cb3581993cf51b97bf1f56d5","1121432","کردستان","Kordestān","دیواندره","Divān Darreh","سارال","Sārāl","","","سارال","Sārāl","نعل اشکن","Na'l Eshken","NāỊashkēn ","Masoud Mohammadirad, field notes 2015","162","","","","Central Kurdish 100%","Masoud Mohammadirad, field notes 2015",35.810374172385096,46.836860419317915,""
"","2c896fbee6fcbe3f5d786d4cc7318173","14-4e07b56bb12173a40c1f0b48b2f33ba8","1121433","کردستان","Kordestān","دیواندره","Divān Darreh","سارال","Sārāl","","","سارال","Sārāl","درویان فارس","Darowyān Fāres","Daraywān Fāres","Masoud Mohammadirad, field notes 2015","103","","","","Central Kurdish 100%","Masoud Mohammadirad, field notes 2015",35.67178510355281,46.65858724673618,""
"","2c896fbee6fcbe3f5d786d4cc7317e55","17-52e8eeb5ca3574e257e8416cb4d0759b","1121434","کردستان","Kordestān","دیواندره","Divān Darreh","سارال","Sārāl","","","سارال","Sārāl","درویشان","Darvishān","Dawrēshān","Masoud Mohammadirad, field notes 2015","64","","","","Central Kurdish 100%","Masoud Mohammadirad, field notes 2015",35.71485854921782,46.77200123135049,""
"","2c896fbee6fcbe3f5d786d4cc7317212","12-e71b6f057720488569404a8e75bbb42d","1121435","کردستان","Kordestān","دیواندره","Divān Darreh","سارال","Sārāl","","","سارال","Sārāl","دوزخدره","Dozakh Darreh","Dōzaghara","Masoud Mohammadirad, field notes 2015","246","","","","Central Kurdish 100%","Masoud Mohammadirad, field notes 2015",35.722605945986665,46.70385503870586,""
"","2c896fbee6fcbe3f5d786d4cc731674e","12-70084db30f21bd240256f923f2ae1a5c","1121436","کردستان","Kordestān","دیواندره","Divān Darreh","سارال","Sārāl","","","سارال","Sārāl","قلعه ولیانه","Qal'eh Veliāneh","Qaḷāwelyāna","Masoud Mohammadirad, field notes 2015","192","","","","Central Kurdish 100%","Masoud Mohammadirad, field notes 2015",35.72015736846856,46.757363902250354,""
"","2c896fbee6fcbe3f5d786d4cc7315fd7","15-2ab798196760a6d14c178c49395c4f4b","1121437","کردستان","Kordestān","دیواندره","Divān Darreh","سارال","Sārāl","","","سارال","Sārāl","کول","Kol","KoỊ ","Masoud Mohammadirad, field notes 2015","531","","","","Central Kurdish 100%","Masoud Mohammadirad, field notes 2015",35.71460979877395,46.75658990009416,""
"","2c896fbee6fcbe3f5d786d4cc7315f9d","12-dfdd10800ade636cb02da5ad808d82f9","1121438","کردستان","Kordestān","دیواندره","Divān Darreh","سارال","Sārāl","","","سارال","Sārāl","گرجی","Gorji","Gorji","Masoud Mohammadirad, field notes 2015","78","","","","Central Kurdish 100%","Masoud Mohammadirad, field notes 2015",35.76192297262655,46.74652361970953,""
"","2c896fbee6fcbe3f5d786d4cc73154f4","12-7ea187ece19e39bcb60c853102be1f35","1121439","کردستان","Kordestān","دیواندره","Divān Darreh","سارال","Sārāl","","","سارال","Sārāl","هزارکانیان","Hezār Kāniān","Hazār Kāniyān","Masoud Mohammadirad, field notes 2015","773","","","","Central Kurdish 100%","Masoud Mohammadirad, field notes 2015",35.76835640183593,46.81230211358081,""
"","2c896fbee6fcbe3f5d786d4cc731de03","12-d3a5dd761c185add69a5942d3bbd4ca5","1121440","کردستان","Kordestān","دیواندره","Divān Darreh","سارال","Sārāl","","","سارال","Sārāl","آق بلاغ","Āq Bolāgh","ĀwỊākh ","Masoud Mohammadirad, field notes 2015","67","","","","Central Kurdish 100%","Masoud Mohammadirad, field notes 2015",35.62386226274713,46.76097333488193,""
"","2c896fbee6fcbe3f5d786d4cc731ddb2","12-67c6468f225e40f128d940ef3c600311","1121441","کردستان","Kordestān","دیواندره","Divān Darreh","سارال","Sārāl","","","سارال","Sārāl","تازه آباد دوله رش","Tāzeh Ābād-e Dowleh Rash","Tāzāwāy Dōla Ṛash","Masoud Mohammadirad, field notes 2015","132","","","","Central Kurdish 100%","Masoud Mohammadirad, field notes 2015",35.65885653828941,46.81847039137482,""
"","2c896fbee6fcbe3f5d786d4cc731dc7d","12-abe39d2abadfea59e6ed35f2e0f4de7e","1121442","کردستان","Kordestān","دیواندره","Divān Darreh","سارال","Sārāl","","","سارال","Sārāl","تازه آباد قاضی علی","Tāzeh Ābād-e Qāzi Ali","Tāzāwāy Qāzi Ali","Masoud Mohammadirad, field notes 2015","74","","","","Central Kurdish 100%","Masoud Mohammadirad, field notes 2015",35.62144632751428,46.71948353169933,""
"","2c896fbee6fcbe3f5d786d4cc731d1ec","12-0c27c350d8fddbf6ce5b5b935ba1a3c4","1121443","کردستان","Kordestān","دیواندره","Divān Darreh","سارال","Sārāl","","","سارال","Sārāl","ذلکه","Zalkeh","Zalka ","Masoud Mohammadirad, field notes 2015","39","","","","Central Kurdish 100%","Masoud Mohammadirad, field notes 2015",35.639328484725276,46.898244222967264,""
"","2c896fbee6fcbe3f5d786d4cc731cdb3","12-990c1072c022cc8f1ea0f020acc3bdae","1121444","کردستان","Kordestān","دیواندره","Divān Darreh","سارال","Sārāl","","","سارال","Sārāl","علی آباد دوله رش","Ali Ābād-e Dowleh Rash","Aliyāwāy Dōla Ṛash","Masoud Mohammadirad, field notes 2015","104","","","","Central Kurdish 100%","Masoud Mohammadirad, field notes 2015",35.638778815571,46.82629278744755,""
"","2c896fbee6fcbe3f5d786d4cc731c5f4","12-1efffe8b51a9e49c0bb72a408fe6f417","1121445","کردستان","Kordestān","دیواندره","Divān Darreh","سارال","Sārāl","","","سارال","Sārāl","کوس عنبر","Kows Anbar","Kōsawmar","Masoud Mohammadirad, field notes 2015","265","","","","Central Kurdish 100%","Masoud Mohammadirad, field notes 2015",35.65398030814916,46.760111058379266,""
"","2c896fbee6fcbe3f5d786d4cc731c3a4","12-fe9a0b4d98644ccb4cdc4ac4561fd662","1121446","کردستان","Kordestān","دیواندره","Divān Darreh","سارال","Sārāl","","","سارال","Sārāl","گاو آهن تو","Gāv Āhantu","Gawantu","Masoud Mohammadirad, field notes 2015","327","","","","Central Kurdish 100%","Masoud Mohammadirad, field notes 2015",35.72380795006461,46.85358667473134,""
"","2c896fbee6fcbe3f5d786d4cc731b4fd","12-cbb76cc22c4954c9ba2e37e7ac04a523","1121447","کردستان","Kordestān","دیواندره","Divān Darreh","سارال","Sārāl","","","سارال","Sārāl","گیزمل سفلی","Gizmel-e Soflā","Gizmel Khwār","Masoud Mohammadirad, field notes 2015","477","","","","Central Kurdish 100%","Masoud Mohammadirad, field notes 2015",35.70538394022111,46.788763047268816,""
"","2c896fbee6fcbe3f5d786d4cc731b3c8","12-be5474fb68fde5084e9f4a29992a8200","1121448","کردستان","Kordestān","دیواندره","Divān Darreh","سارال","Sārāl","","","سارال","Sārāl","گیزمل علیا","Gizmel-e Olyā","Gizmel Zhür","Masoud Mohammadirad, field notes 2015","234","","","","Central Kurdish 100%","Masoud Mohammadirad, field notes 2015",35.7014111132917,46.791595459988756,""
"","2c896fbee6fcbe3f5d786d4cc731a890","12-9feea698458f665f563ccd29c2d9a1ae","1121449","کردستان","Kordestān","دیواندره","Divān Darreh","سارال","Sārāl","","","سارال","Sārāl","کپک","Kapak","Kapak","Masoud Mohammadirad, field notes 2015","567","","","","Central Kurdish 100%","Masoud Mohammadirad, field notes 2015",35.739827800906426,46.93926983589412,""
"","2c896fbee6fcbe3f5d786d4cc7322803","12-ba4f899ced1533708edda51abd83be6f","1121450","کردستان","Kordestān","دیواندره","Divān Darreh","سارال","Sārāl","","","سارال","Sārāl","اسلام آباد","Eslām Ābād ","Tāza Dē","Masoud Mohammadirad, field notes 2015","100","","","","Central Kurdish 100%","Masoud Mohammadirad, field notes 2015",35.8106743419854,46.92261060313727,""
"","2c896fbee6fcbe3f5d786d4cc7321b6e","10-da17da73ec59fd01556fc83b1685dba7","1121451","کردستان","Kordestān","دیواندره","Divān Darreh","سارال","Sārāl","","","سارال","Sārāl","برده سفید","Bardeh Sefid","Barda Sepi","Masoud Mohammadirad, field notes 2015","145","","","","Central Kurdish 100%","Masoud Mohammadirad, field notes 2015","","",""
"","2c896fbee6fcbe3f5d786d4cc7321a86","12-3a31453b202b9ff02c6f08d3255cac9b","1121452","کردستان","Kordestān","دیواندره","Divān Darreh","سارال","Sārāl","","","سارال","Sārāl","تازه آباد آصف","Tāzeh Ābād-e Āsef","Tāzāwāy Āsef","Masoud Mohammadirad, field notes 2015","229","","","","Central Kurdish 100%","Masoud Mohammadirad, field notes 2015",35.770349874603816,46.92624488764861,""
"","2c896fbee6fcbe3f5d786d4cc7321595","12-f484c47b4f7eb0ce6a6e2e184cc7d422","1121453","کردستان","Kordestān","دیواندره","Divān Darreh","سارال","Sārāl","","","سارال","Sārāl","تازه آباد امین","Tāzeh Ābād-e Amin","Tāzāwāy Majikhān","Masoud Mohammadirad, field notes 2015","190","","","","Central Kurdish 100%","Masoud Mohammadirad, field notes 2015",35.807328194596714,46.94783237972995,""
"","2c896fbee6fcbe3f5d786d4cc7320dd0","13-63f914485b3fd72522a0baf8e7924348","1121454","کردستان","Kordestān","دیواندره","Divān Darreh","سارال","Sārāl","","","سارال","Sārāl","حاجی موسی","Hāji Musi","Hāji Musi","Masoud Mohammadirad, field notes 2015","122","","","","Central Kurdish 100%","Masoud Mohammadirad, field notes 2015",35.80770616376788,46.947785386065476,""
"","2c896fbee6fcbe3f5d786d4cc732059d","12-dfed946a8c85020b254c94e042c47d85","1121455","کردستان","Kordestān","دیواندره","Divān Darreh","سارال","Sārāl","","","سارال","Sārāl","زردک","Zardek","Zartek","Masoud Mohammadirad, field notes 2015","55","","","","Central Kurdish 100%","Masoud Mohammadirad, field notes 2015",35.705176483241715,46.90037532202557,""
"","2c896fbee6fcbe3f5d786d4cc731f944","14-4bc010e4f8c7c5a03b36b7d4d6a3f9fe","1121456","کردستان","Kordestān","دیواندره","Divān Darreh","سارال","Sārāl","","","سارال","Sārāl","کانی کبود","Kāni Kabud","Kāni Kawu","Masoud Mohammadirad, field notes 2015","52","","","","Central Kurdish 100%","Masoud Mohammadirad, field notes 2015",35.79822302154325,46.949735674197896,""
"","2c896fbee6fcbe3f5d786d4cc731f841","10-bf9511916697ba368d1ec6b9eda16c9b","1121457","کردستان","Kordestān","دیواندره","Divān Darreh","سارال","Sārāl","","","کوله","Kowleh","","","","","5396","","","","","","","",""
"","2c896fbee6fcbe3f5d786d4cc731eeb2","12-192a16a7a443cf3a0f051de16b9a0519","1121458","کردستان","Kordestān","دیواندره","Divān Darreh","سارال","Sārāl","","","کوله","Kowleh","غیبی سور","Gheybi Sur","Khaysür","Masoud Mohammadirad, field notes 2015","395","","","","Central Kurdish 100%","Masoud Mohammadirad, field notes 2015",35.83507143106745,47.079782725343534,""
"","2c896fbee6fcbe3f5d786d4cc731edc6","12-b5ffe78c38d2509857d81ca27202c6ac","1121459","کردستان","Kordestān","دیواندره","Divān Darreh","سارال","Sārāl","","","کوله","Kowleh","گلانه","Golāneh","GōỊāna","Masoud Mohammadirad, field notes 2015","703","","","","Central Kurdish 100%","Masoud Mohammadirad, field notes 2015",35.82510297996496,46.98794388868567,""
"","2c896fbee6fcbe3f5d786d4cc73266ed","12-23149c697eebb6d178e93df3a34fe9f5","1121460","کردستان","Kordestān","دیواندره","Divān Darreh","سارال","Sārāl","","","کوله","Kowleh","ینگی ارخ","Yangi Arkh","Yenyekh ","Masoud Mohammadirad, field notes 2015","309","","","","Central Kurdish 100%","Masoud Mohammadirad, field notes 2015",35.82019658090799,47.04227471448357,""
"","2c896fbee6fcbe3f5d786d4cc732651f","12-1ebed9c0c1ea7a055583e7f5a00b1f19","1121461","کردستان","Kordestān","دیواندره","Divān Darreh","سارال","Sārāl","","","کوله","Kowleh","قجر","Qojer","Qojer ","Masoud Mohammadirad, field notes 2015","702","","","","Central Kurdish 100%","Masoud Mohammadirad, field notes 2015",35.74622461503873,47.02975416280509,""
"","2c896fbee6fcbe3f5d786d4cc7326449","12-199b9e1486c855a0f68ffcf9d1a7899a","1121462","کردستان","Kordestān","دیواندره","Divān Darreh","سارال","Sārāl","","","کوله","Kowleh","کوله","Kowleh","KawỊa ","Masoud Mohammadirad, field notes 2015","373","","","","Central Kurdish 100%","Masoud Mohammadirad, field notes 2015",35.78971618060684,47.05292844868995,""
"","2c896fbee6fcbe3f5d786d4cc7325729","12-c16d1c170e1ca5532687f989927d33b9","1121463","کردستان","Kordestān","دیواندره","Divān Darreh","سارال","Sārāl","","","کوله","Kowleh","تازه آباد گلانه","Tāzeh Ābād-e Golāneh","Tāzāwāy Gōḷāna","Masoud Mohammadirad, field notes 2015","262","","","","Central Kurdish 100%","Masoud Mohammadirad, field notes 2015",35.776068866516106,46.99077630140652,""
"","2c896fbee6fcbe3f5d786d4cc7324b95","12-56b02d7b812d64bd5e0e184c3ea93218","1121464","کردستان","Kordestān","دیواندره","Divān Darreh","سارال","Sārāl","","","کوله","Kowleh","طیطاق","Teytāq","Taytākh","Masoud Mohammadirad, field notes 2015","114","","","","Central Kurdish 100%","Masoud Mohammadirad, field notes 2015",35.74020739649104,46.94101595976799,""
"","2c896fbee6fcbe3f5d786d4cc7324951","15-5a1a994a88cb9d2e9157ef25ede00719","1121465","کردستان","Kordestān","دیواندره","Divān Darreh","سارال","Sārāl","","","کوله","Kowleh","هیئت آباد","Hey'at Ābād ","Barda Ṛash","Masoud Mohammadirad, field notes 2015","111","","","","Central Kurdish 100%","Masoud Mohammadirad, field notes 2015",35.783832804448224,47.02338123418545,""
"","2c896fbee6fcbe3f5d786d4cc7323e01","12-e62f680414619b57dcb1862d4bf4af9e","1121466","کردستان","Kordestān","دیواندره","Divān Darreh","سارال","Sārāl","","","کوله","Kowleh","احمد آباد","Ahmad Ābād","Ahmawāwā","Masoud Mohammadirad, field notes 2015","347","","","","Central Kurdish 100%","Masoud Mohammadirad, field notes 2015",35.70797406935123,47.04359245591101,""
"","2c896fbee6fcbe3f5d786d4cc7323d35","12-8dbf2597bb060c66081927ee0ffdc7b4","1121467","کردستان","Kordestān","دیواندره","Divān Darreh","سارال","Sārāl","","","کوله","Kowleh","آق بلاغ","Āq Bolāgh","ĀwỊākh","Masoud Mohammadirad, field notes 2015","135","","","","Central Kurdish 100%","Masoud Mohammadirad, field notes 2015",35.70856647224331,47.137791636500815,""
"","2c896fbee6fcbe3f5d786d4cc7323572","16-c13d580e66ca2b4b2e143a5b23d4a316","1121468","کردستان","Kordestān","دیواندره","Divān Darreh","سارال","Sārāl","","","کوله","Kowleh","اله دره سفلی","Aleh Darreh-ye Soflā","HāỊawaray Khwār","Masoud Mohammadirad, field notes 2015","428","","","","Central Kurdish 100%","Masoud Mohammadirad, field notes 2015",35.70022015501589,47.01466751389722,""
"","2c896fbee6fcbe3f5d786d4cc7323536","15-3480908d15950118de3df8a7e1fad2e0","1121469","کردستان","Kordestān","دیواندره","Divān Darreh","سارال","Sārāl","","","کوله","Kowleh","اله دره علیا","Aleh Darreh-ye Olyā","HāỊawaray Zhür","Masoud Mohammadirad, field notes 2015","285","","","","Central Kurdish 100%","Masoud Mohammadirad, field notes 2015",35.69718808230364,46.97063637071492,""
"","2c896fbee6fcbe3f5d786d4cc732b1e7","14-8e8c158e5a512d7e79f02c5126dc5bf4","1121470","کردستان","Kordestān","دیواندره","Divān Darreh","سارال","Sārāl","","","کوله","Kowleh","محموده","Mahmudeh","Mahmüya","Masoud Mohammadirad, field notes 2015","148","","","","Central Kurdish 100%","Masoud Mohammadirad, field notes 2015",35.71595371498104,47.08464098266799,""
"","2c896fbee6fcbe3f5d786d4cc732a4dd","12-5e915952090f50e715bdf6790c665e74","1121471","کردستان","Kordestān","دیواندره","Divān Darreh","سارال","Sārāl","","","کوله","Kowleh","برقلعه","Bar Qal'eh","Bar Qaḷā","Masoud Mohammadirad, field notes 2015","75","","","","Central Kurdish 100%","Masoud Mohammadirad, field notes 2015",35.70444569622282,47.155569317849306,""
"","2c896fbee6fcbe3f5d786d4cc7329a27","15-056a69a260cc647c4563cadd7776314c","1121472","کردستان","Kordestān","دیواندره","Divān Darreh","سارال","Sārāl","","","کوله","Kowleh","زاغه سفلی","Zāgheh-ye Soflā","Zākhay Khwār","Masoud Mohammadirad, field notes 2015","472","","","","Central Kurdish 100%","Masoud Mohammadirad, field notes 2015",35.76285450270798,47.084084988602086,""
"","2c896fbee6fcbe3f5d786d4cc732921b","14-8b2d041c8e1ec275757916dc38bc14ae","1121473","کردستان","Kordestān","دیواندره","Divān Darreh","سارال","Sārāl","","","کوله","Kowleh","زاغه علیا","Zāgheh-ye Olyā","Zākhay Zhür","Masoud Mohammadirad, field notes 2015","429","","","","Central Kurdish 100%","Masoud Mohammadirad, field notes 2015",35.75648157429392,47.106873036389786,""
"","2c896fbee6fcbe3f5d786d4cc7328f64","12-76574507d61f3a566ab62ccffb5e23ac","1121474","کردستان","Kordestān","دیواندره","Divān Darreh","سارال","Sārāl","","","کوله","Kowleh","ابراهیم آباد علیا و سفلی","Ebrāhim Ābād-e Olyā va Ebrāhim Ābād-e Soflā","Brāymāwā","Masoud Mohammadirad, field notes 2015","108","","","","Central Kurdish 100%","Masoud Mohammadirad, field notes 2015",35.71558785350873,47.177842381505386,""
"","2c896fbee6fcbe3f5d786d4cc732842c","10-ed8db112e7fc086d16170de4dfe618f6","1121475","کردستان","Kordestān","کامیاران","Kāmyārān","","","","","","","","","","","105996","","","","","","","",""
"","2c896fbee6fcbe3f5d786d4cc7327e40","10-810d1aa5f6cf4cc9c285e9d055e5aa90","1121476","کردستان","Kordestān","کامیاران","Kāmyārān","مرکزی","Markazi","","","","","","","","","77394","","","","","","","",""
"","2c896fbee6fcbe3f5d786d4cc7327b0e","10-ac355ccd7a23590ae98d9d53557f7a0f","1121477","کردستان","Kordestān","کامیاران","Kāmyārān","مرکزی","Markazi","","","بیلوار","Bilevār","","","","","6360","","","","","","","",""
"","2c896fbee6fcbe3f5d786d4cc7327115","12-0443c36391fdd60f701b8bfe9e457235","1121478","کردستان","Kordestān","کامیاران","Kāmyārān","مرکزی","Markazi","","","بیلوار","Bilevār","اعظم آباد","A'zam Ābād","Azamāwā","Masoud Mohammadirad, field notes 2015","223","","","","Southern Kurdish 80%; Central Kurdish 20%","Masoud Mohammadirad, field notes 2015",34.83197524169594,46.982013345222036,""
"","2c896fbee6fcbe3f5d786d4cc7326ae4","12-2769066468223c8c83ab42dff10f889c","1121479","کردستان","Kordestān","کامیاران","Kāmyārān","مرکزی","Markazi","","","بیلوار","Bilevār","باخله","Bākhleh","BākhỊa","Masoud Mohammadirad, field notes 2015","153","","","","Central Kurdish 100%","Masoud Mohammadirad, field notes 2015",34.8433695021181,46.94963890868519,""
"","2c896fbee6fcbe3f5d786d4cc732ff8a","12-c76031fe970208339785ba206eaf5602","1121480","کردستان","Kordestān","کامیاران","Kāmyārān","مرکزی","Markazi","","","بیلوار","Bilevār","یغواسی","Yaghvāsi","Yaghwāsi","Masoud Mohammadirad, field notes 2015","373","","","","Southern Kurdish 100%","Masoud Mohammadirad, field notes 2015",34.82135384933632,46.98153054759947,""
"","2c896fbee6fcbe3f5d786d4cc732fa87","12-515488f2b40ecbe0a907d27936a12a38","1121481","کردستان","Kordestān","کامیاران","Kāmyārān","مرکزی","Markazi","","","بیلوار","Bilevār","بوانه","Bovāneh","Buwāna","Masoud Mohammadirad, field notes 2015","189","","","","Central Kurdish 100%","Masoud Mohammadirad, field notes 2015",34.8652929048651,46.95612966553964,""
"","2c896fbee6fcbe3f5d786d4cc732f548","12-a1a78a32d798680690663941cdc4d00e","1121482","کردستان","Kordestān","کامیاران","Kāmyārān","مرکزی","Markazi","","","بیلوار","Bilevār","دربندعزیز","Darband Aziz","Darwanāziz","Masoud Mohammadirad, field notes 2015","40","","","","Central Kurdish 100%","Masoud Mohammadirad, field notes 2015",34.883461926174014,47.04713797078345,""
"","2c896fbee6fcbe3f5d786d4cc732f2b5","12-42f7c07cf8555dc97cba8060a6c0d3e4","1121483","کردستان","Kordestān","کامیاران","Kāmyārān","مرکزی","Markazi","","","بیلوار","Bilevār","کاظم آباد","Kāzem Ābād","Kāzemāwā","Masoud Mohammadirad, field notes 2015","49","","","","Central Kurdish 100%","Masoud Mohammadirad, field notes 2015",34.88197893646195,47.01428895698235,""
"","2c896fbee6fcbe3f5d786d4cc732ead5","12-c514b0d0d56b4a6f704a27a311bb881d","1121484","کردستان","Kordestān","کامیاران","Kāmyārān","مرکزی","Markazi","","","بیلوار","Bilevār","کانی هنگه","Kāni Hangeh","Kāni Hanga","Masoud Mohammadirad, field notes 2015","27","","","","Central Kurdish 100%","Masoud Mohammadirad, field notes 2015",34.8612935017631,47.01477980123084,""
"","2c896fbee6fcbe3f5d786d4cc732e274","12-224d62b3d182294fc552422c13b05764","1121485","کردستان","Kordestān","کامیاران","Kāmyārān","مرکزی","Markazi","","","بیلوار","Bilevār","مروارید","Morvārid","Morwāri","Masoud Mohammadirad, field notes 2015","283","","","","Central Kurdish 100%","Masoud Mohammadirad, field notes 2015",34.87894559920914,46.96817297297346,""
"","2c896fbee6fcbe3f5d786d4cc732d689","12-9feb6e053027e35aff56390126dd51fd","1121486","کردستان","Kordestān","کامیاران","Kāmyārān","مرکزی","Markazi","","","بیلوار","Bilevār","یخته خان","Yakhteh Khān","Yakhta Khān","Masoud Mohammadirad, field notes 2015","130","","","","Central Kurdish 100%","Masoud Mohammadirad, field notes 2015",34.88470726481309,46.93815713631369,""
"","2c896fbee6fcbe3f5d786d4cc732cfb6","12-318b309eb597c9f350bc5c107fcf425b","1121487","کردستان","Kordestān","کامیاران","Kāmyārān","مرکزی","Markazi","","","بیلوار","Bilevār","دارتوت","Dār Tut","Dārtü","Masoud Mohammadirad, field notes 2015","40","","","","Southern Kurdish 100%","Masoud Mohammadirad, field notes 2015",34.77818145943324,47.01265168823273,""
"","2c896fbee6fcbe3f5d786d4cc732c83d","12-08c913ac57c155fa4390fdd5b7e300b9","1121488","کردستان","Kordestān","کامیاران","Kāmyārān","مرکزی","Markazi","","","بیلوار","Bilevār","ساکنه","Sākneh","Sākna","Masoud Mohammadirad, field notes 2015","82","","","","Southern Kurdish 100%","Masoud Mohammadirad, field notes 2015",34.78563633373147,47.02378285564258,""
"","2c896fbee6fcbe3f5d786d4cc732c00f","12-2514726d90c20622bd0c6d66797c6221","1121489","کردستان","Kordestān","کامیاران","Kāmyārān","مرکزی","Markazi","","","بیلوار","Bilevār","وندرنی سفلی","Vendarni-ye Soflā","Wenarni Khwār, Wenarni Nesār","Masoud Mohammadirad, field notes 2015","390","","","","Southern Kurdish 100%","Masoud Mohammadirad, field notes 2015",34.792304113998334,47.00851434407117,""
"","2c896fbee6fcbe3f5d786d4cc733419f","12-b945563105f8657b39e09430938359d1","1121490","کردستان","Kordestān","کامیاران","Kāmyārān","مرکزی","Markazi","","","بیلوار","Bilevār","وندرنی علیا","Vendarni-ye Olyā ","Wenarni Zhür, Wenarni Khwaratāw","Masoud Mohammadirad, field notes 2015","246","","","","Southern Kurdish 100%","Masoud Mohammadirad, field notes 2015",34.782417806543094,47.03912371334531,""
"","2c896fbee6fcbe3f5d786d4cc7333549","12-8046f40c973f0f20cc3f67a128ea34ca","1121491","کردستان","Kordestān","کامیاران","Kāmyārān","مرکزی","Markazi","","","بیلوار","Bilevār","هشلی","Hashli","HashỊi","Masoud Mohammadirad, field notes 2015","103","","","","Southern Kurdish 100%","Masoud Mohammadirad, field notes 2015",34.76401550032717,47.022241706710105,""
"","2c896fbee6fcbe3f5d786d4cc73329d7","14-16901ffd3bb25190bf9fe46391478ef1","1121492","کردستان","Kordestān","کامیاران","Kāmyārān","مرکزی","Markazi","","","بیلوار","Bilevār","چشمه کبود","Cheshmeh Kabud","Kāni Kaw","Masoud Mohammadirad, field notes 2015","156","","","","Southern Kurdish 100%","Masoud Mohammadirad, field notes 2015",34.80663479979031,47.09418586136019,""
"","2c896fbee6fcbe3f5d786d4cc73321c7","13-01ad419a88437eade2f536c9b6acb2ae","1121493","کردستان","Kordestān","کامیاران","Kāmyārān","مرکزی","Markazi","","","بیلوار","Bilevār","کره پوان","Karreh Puvān","Kaṛa Püyān","Masoud Mohammadirad, field notes 2015","75","","","","Southern Kurdish 100%","Masoud Mohammadirad, field notes 2015",34.81247962109976,47.07743024870235,""
"","2c896fbee6fcbe3f5d786d4cc733179c","12-c6f3e0138765045b7eb7abf167c5ce05","1121494","کردستان","Kordestān","کامیاران","Kāmyārān","مرکزی","Markazi","","","بیلوار","Bilevār","گرم آب","Garm Āb","Garmāw","Masoud Mohammadirad, field notes 2015"," ","(less than 3 households; population not specified in 2011 Census for reasons of privacy)","","","Southern Kurdish 100%","Masoud Mohammadirad, field notes 2015",34.82317702152375,47.037006676645625,""
"","2c896fbee6fcbe3f5d786d4cc73311aa","12-810e01b83627eaa3265c7ee8b271d611","1121495","کردستان","Kordestān","کامیاران","Kāmyārān","مرکزی","Markazi","","","بیلوار","Bilevār","گرگ آبی","Gorg Ābi","Goryāwi","Masoud Mohammadirad, field notes 2015","16","","","","Southern Kurdish 100%","Masoud Mohammadirad, field notes 2015",34.815340027580724,46.99010884271648,""
"","2c896fbee6fcbe3f5d786d4cc7330dfc","12-eb381eddaa94f427bc238f711ed155f3","1121496","کردستان","Kordestān","کامیاران","Kāmyārān","مرکزی","Markazi","","","بیلوار","Bilevār","مامن","Māmen","Māmen","Masoud Mohammadirad, field notes 2015","173","","","","Southern Kurdish 100%","Masoud Mohammadirad, field notes 2015",34.82753661747283,47.00906610534193,""
"","2c896fbee6fcbe3f5d786d4cc7330660","12-23ffdcb759938fc7d8375dd120e1f12f","1121497","کردستان","Kordestān","کامیاران","Kāmyārān","مرکزی","Markazi","","","بیلوار","Bilevār","بلوجه","Balujeh","Balüja","Masoud Mohammadirad, field notes 2015","122","","","","Central Kurdish 100%","Masoud Mohammadirad, field notes 2015",34.84559722245804,47.03074622707535,""
"","2c896fbee6fcbe3f5d786d4cc733012d","12-f263091bbfda411d0ea1e4c826bfd074","1121498","کردستان","Kordestān","کامیاران","Kāmyārān","مرکزی","Markazi","","","بیلوار","Bilevār","پرتاله","Pertāleh","PeṛtāỊa","Masoud Mohammadirad, field notes 2015","81","","","","Central Kurdish 100%","Masoud Mohammadirad, field notes 2015",34.83453555814216,47.053363377905434,""
"","2c896fbee6fcbe3f5d786d4cc732fff2","12-8acd8307466b3ab0e64139161dc388c0","1121499","کردستان","Kordestān","کامیاران","Kāmyārān","مرکزی","Markazi","","","بیلوار","Bilevār","حاجی شوره","Hāji Shureh","Hāji Shura","Masoud Mohammadirad, field notes 2015","258","","","","Southern Kurdish 100%","Masoud Mohammadirad, field notes 2015",34.78086145864849,46.987756134054834,""
"","2c896fbee6fcbe3f5d786d4cc7338bc2","12-c8dffed6495f1b2a22dea136467d28a5","1121500","کردستان","Kordestān","کامیاران","Kāmyārān","مرکزی","Markazi","","","بیلوار","Bilevār","بیار","Biār","Biyār","Masoud Mohammadirad, field notes 2015","449","","","","Central Kurdish 100%","Masoud Mohammadirad, field notes 2015",34.817002734289034,46.94492375896829,""
"","2c896fbee6fcbe3f5d786d4cc73386fb","14-5419622c25af9d22149d7d037f04d1d8","1121501","کردستان","Kordestān","کامیاران","Kāmyārān","مرکزی","Markazi","","","بیلوار","Bilevār","چقابراله","Chaqāberāleh","KiyābeṛāỊa","Masoud Mohammadirad, field notes 2015","260","","","","Southern Kurdish 100%","Masoud Mohammadirad, field notes 2015",34.76353073885447,46.91898738848792,""
"","2c896fbee6fcbe3f5d786d4cc7337f1f","12-b3ccc6e7109badbf4cdfa41c288c5a72","1121502","کردستان","Kordestān","کامیاران","Kāmyārān","مرکزی","Markazi","","","بیلوار","Bilevār","خانم آباد","Khānom Ābād","Khānmāwā","Masoud Mohammadirad, field notes 2015","439","","","","Southern Kurdish 100%","Masoud Mohammadirad, field notes 2015",34.77556960841643,46.94716131197563,""
"","2c896fbee6fcbe3f5d786d4cc7337c48","12-45a4123f1720f03e497b1c8193ae5c1b","1121503","کردستان","Kordestān","کامیاران","Kāmyārān","مرکزی","Markazi","","","بیلوار","Bilevār","زرین جوب","Zarrin Jub","Zaṛinju","Masoud Mohammadirad, field notes 2015","371","","","","Southern Kurdish 100%","Masoud Mohammadirad, field notes 2015",34.7860735413689,46.946871633402985,""
"","2c896fbee6fcbe3f5d786d4cc73375bc","12-81970cf9a9a34737acf8fbf6a53f02ce","1121504","کردستان","Kordestān","کامیاران","Kāmyārān","مرکزی","Markazi","","","بیلوار","Bilevār","شیروانه","Shirvāneh","Shirwāna","Masoud Mohammadirad, field notes 2015","1624","","","","Southern Kurdish 100%","Masoud Mohammadirad, field notes 2015",34.79587577418351,46.964587212587254,""
"","2c896fbee6fcbe3f5d786d4cc7336ca7","12-2d047e2d491ff6173552445543066d03","1121505","کردستان","Kordestān","کامیاران","Kāmyārān","مرکزی","Markazi","","","بیلوار","Bilevār","علی آباد","Ali Ābād","Āliyāwā","Masoud Mohammadirad, field notes 2015"," ","(less than 3 households; population not specified in 2011 Census for reasons of privacy)","","","Southern Kurdish 100%","Masoud Mohammadirad, field notes 2015",34.76621011211036,46.9469199131648,""
"","2c896fbee6fcbe3f5d786d4cc7335f59","10-f948a9e872af82d6f8aa336b73517071","1121506","کردستان","Kordestān","کامیاران","Kāmyārān","مرکزی","Markazi","","","ژاورود","Zhāverud","","","","","12073","","","","","","","",""
"","2c896fbee6fcbe3f5d786d4cc7335d99","12-625ca5efb9445a791e4ad0b1ea41b222","1121507","کردستان","Kordestān","کامیاران","Kāmyārān","مرکزی","Markazi","","","ژاورود","Zhāverud","آفریان سفلی","Aferyān-e Soflā","Afeṛyān Khwāru, Afeṛyān Nesār","Masoud Mohammadirad, field notes 2015"," ","(less than 3 households; population not specified in 2011 Census for reasons of privacy)","","","Central Kurdish 100%","Masoud Mohammadirad, field notes 2015",34.900244900687525,46.84339660239884,""
"","2c896fbee6fcbe3f5d786d4cc7335a3f","12-26703dc8f7bf19fa3db2ed7e6d5971dc","1121508","کردستان","Kordestān","کامیاران","Kāmyārān","مرکزی","Markazi","","","ژاورود","Zhāverud","تخت زنگی","Takht-e Zangi","Takhti Zangi","Masoud Mohammadirad, field notes 2015","405","","","","Central Kurdish 100%","Masoud Mohammadirad, field notes 2015",34.8688249794688,46.75090932290239,""
"","2c896fbee6fcbe3f5d786d4cc7335047","12-5d5ceb90870e8029db18b651c021bed8","1121509","کردستان","Kordestān","کامیاران","Kāmyārān","مرکزی","Markazi","","","ژاورود","Zhāverud","کره گل","Karreh Gel","KaṛaweỊ","Masoud Mohammadirad, field notes 2015","93","","","","Central Kurdish 100%","Masoud Mohammadirad, field notes 2015",34.860596279159374,46.822327147731144,""
"","2c896fbee6fcbe3f5d786d4cc733d9b0","12-900dc31b7ac46814b9fae2746a27cfa7","1121510","کردستان","Kordestān","کامیاران","Kāmyārān","مرکزی","Markazi","","","ژاورود","Zhāverud","کلاتی","Kalāti","KaỊātē","Masoud Mohammadirad, field notes 2015","229","","","","Central Kurdish 100%","Masoud Mohammadirad, field notes 2015",34.875884372582284,46.74369418065302,""
"","2c896fbee6fcbe3f5d786d4cc733cf17","13-676673087c8ef777813c5785c7dac68f","1121511","کردستان","Kordestān","کامیاران","Kāmyārān","مرکزی","Markazi","","","ژاورود","Zhāverud","کوره دره سفلی","Kureh Darreh-ye Soflā","Kōrawaray Nesār, Kōrawaray Khwār","Masoud Mohammadirad, field notes 2015","367","","","","Central Kurdish 100%","Masoud Mohammadirad, field notes 2015",34.86100788698247,46.7835947219531,""
"","2c896fbee6fcbe3f5d786d4cc733cdf1","13-83224103ae01ef3a08b5126f549ffd6a","1121512","کردستان","Kordestān","کامیاران","Kāmyārān","مرکزی","Markazi","","","ژاورود","Zhāverud","کوره دره علیا","Kureh Darreh-ye Olyā","Kōrawaray Khwaratāw, Kōrawaray Zhür","Masoud Mohammadirad, field notes 2015","188","","","","Central Kurdish 100%","Masoud Mohammadirad, field notes 2015",34.877495540240155,46.78796672264707,""
"","2c896fbee6fcbe3f5d786d4cc733cc7e","12-941e9b71b233dcdbbce288a568678c32","1121513","کردستان","Kordestān","کامیاران","Kāmyārān","مرکزی","Markazi","","","ژاورود","Zhāverud","گشکی","Gashki","Gashki","Masoud Mohammadirad, field notes 2015","163","","","","Central Kurdish 100%","Masoud Mohammadirad, field notes 2015",34.89565625259983,46.75610983472628,""
"","2c896fbee6fcbe3f5d786d4cc733c2be","12-24cf5a4557d24ce67be4af258cbcdfbb","1121514","کردستان","Kordestān","کامیاران","Kāmyārān","مرکزی","Markazi","","","ژاورود","Zhāverud","ماویان","Māvyān","Māwyān","Masoud Mohammadirad, field notes 2015","114","","","","Central Kurdish 100%","Masoud Mohammadirad, field notes 2015",34.84895024351349,46.83723592857781,""
"","2c896fbee6fcbe3f5d786d4cc733b45d","12-cbc83ed44b45cd73d95135c2a23b6025","1121515","کردستان","Kordestān","کامیاران","Kāmyārān","مرکزی","Markazi","","","ژاورود","Zhāverud","دژن","Dazhen","Dazhen","Masoud Mohammadirad, field notes 2015","601","","","","Hōrāmi  100%","Masoud Mohammadirad, field notes 2015",35.062715033735586,46.640719635227846,""
"","2c896fbee6fcbe3f5d786d4cc733afec","12-e2de6bba238ed4256d227eb62171cc56","1121516","کردستان","Kordestān","کامیاران","Kāmyārān","مرکزی","Markazi","","","ژاورود","Zhāverud","سرریز","Sar Riz","Sar Ṛēz","Masoud Mohammadirad, field notes 2015","943","","","","Hōrāmi  100%","Masoud Mohammadirad, field notes 2015",35.08870125401,46.691953717023026,""
"","2c896fbee6fcbe3f5d786d4cc733a44c","12-390c928d92cf18e46acbe321fe67f4e2","1121517","کردستان","Kordestān","کامیاران","Kāmyārān","مرکزی","Markazi","","","ژاورود","Zhāverud","تنگی ور","Tangi Var","Tangiwar","Masoud Mohammadirad, field notes 2015","171","","","","Central Kurdish 100%","Masoud Mohammadirad, field notes 2015",35.00468163379814,46.629132564036546,""
"","2c896fbee6fcbe3f5d786d4cc7339c36","12-bc11183dbece59a7afec1b30e3a67aab","1121518","کردستان","Kordestān","کامیاران","Kāmyārān","مرکزی","Markazi","","","ژاورود","Zhāverud","یوزیدر","Yuzidar","Wēziyar","Masoud Mohammadirad, field notes 2015","609","","","","Central Kurdish 100%","Masoud Mohammadirad, field notes 2015",35.027369219393236,46.63737917048758,""
"","2c896fbee6fcbe3f5d786d4cc73393d2","12-b9fe993bf85a99ee1d554fdf5f682f0b","1121519","کردستان","Kordestān","کامیاران","Kāmyārān","مرکزی","Markazi","","","ژاورود","Zhāverud","پلنگان","Palangān","PāỊangān","Masoud Mohammadirad, field notes 2015","850","","","","Hōrāmi  100%","Masoud Mohammadirad, field notes 2015",35.0676546178263,46.604265975553496,""
"","2c896fbee6fcbe3f5d786d4cc73441a0","12-40621a28281728c681ac49d5a1ab9dc8","1121520","کردستان","Kordestān","کامیاران","Kāmyārān","مرکزی","Markazi","","","ژاورود","Zhāverud","بزوش","Bezvash","Bezwash","Masoud Mohammadirad, field notes 2015","427","","","","Central Kurdish 100%","Masoud Mohammadirad, field notes 2015",34.9937222075997,46.69891291375829,""
"","2c896fbee6fcbe3f5d786d4cc734367c","12-102a2f2981fd3114f358f58f22e050c7","1121521","کردستان","Kordestān","کامیاران","Kāmyārān","مرکزی","Markazi","","","ژاورود","Zhāverud","کاشتر","Kāshtar","Kāshtar","Masoud Mohammadirad, field notes 2015","393","","","","Central Kurdish 100%","Masoud Mohammadirad, field notes 2015",35.010156402719005,46.67265558344739,""
"","2c896fbee6fcbe3f5d786d4cc7343656","12-9d2488b145001fb2888340359d505c83","1121522","کردستان","Kordestān","کامیاران","Kāmyārān","مرکزی","Markazi","","","ژاورود","Zhāverud","گازرخانی","Gāzerkhāni","Gāzerkhāni","Masoud Mohammadirad, field notes 2015","392","","","","Central Kurdish 100%","Masoud Mohammadirad, field notes 2015",34.9744012174245,46.668861443959415,""
"","2c896fbee6fcbe3f5d786d4cc73426d0","12-642dcc6ca1ec1c8a072036796262b31e","1121523","کردستان","Kordestān","کامیاران","Kāmyārān","مرکزی","Markazi","","","ژاورود","Zhāverud","شاهینی","Shāhini","Shāyni","Masoud Mohammadirad, field notes 2015","1895","","","","Central Kurdish 100%","Masoud Mohammadirad, field notes 2015",34.92659031219694,46.78913855653231,""
"","2c896fbee6fcbe3f5d786d4cc7341bb0","12-dfec81192a42c018b04842b065cbb9e5","1121524","کردستان","Kordestān","کامیاران","Kāmyārān","مرکزی","Markazi","","","ژاورود","Zhāverud","عصر آباد","Asr Ābād","Asrāwā","Masoud Mohammadirad, field notes 2015","227","","","","Central Kurdish 100%","Masoud Mohammadirad, field notes 2015",34.93918114051019,46.832512198218886,""
"","2c896fbee6fcbe3f5d786d4cc73412d7","12-c0dd3d1f4acaca0ceacc4dfca0b69125","1121525","کردستان","Kordestān","کامیاران","Kāmyārān","مرکزی","Markazi","","","ژاورود","Zhāverud","پشاباد","Pash Ābād","Pashāwā","Masoud Mohammadirad, field notes 2015","482","","","","Central Kurdish 100%","Masoud Mohammadirad, field notes 2015",34.9683087987442,46.74670980664725,""
"","2c896fbee6fcbe3f5d786d4cc7340714","14-54296a92c1ac73fab4d8a8e90c71f8ad","1121526","کردستان","Kordestān","کامیاران","Kāmyārān","مرکزی","Markazi","","","ژاورود","Zhāverud","گلیان","Gelyān","GeỊyān","Masoud Mohammadirad, field notes 2015","201","","","","Central Kurdish 100%","Masoud Mohammadirad, field notes 2015",35.00342459885807,46.71764559777471,""
"","2c896fbee6fcbe3f5d786d4cc733f8f4","12-f4fe166e08fb084176028b4bcfb74e0c","1121527","کردستان","Kordestān","کامیاران","Kāmyārān","مرکزی","Markazi","","","ژاورود","Zhāverud","میرگسار","Mirgesār","Mērgasār","Masoud Mohammadirad, field notes 2015","131","","","","Central Kurdish 100%","Masoud Mohammadirad, field notes 2015",35.022498232024034,46.7219300849701,""
"","2c896fbee6fcbe3f5d786d4cc733ec4d","14-19dd48a67a060d50de64fb2691eab7d2","1121528","کردستان","Kordestān","کامیاران","Kāmyārān","مرکزی","Markazi","","","ژاورود","Zhāverud","تیلکو","Tileku","Tilakō","Masoud Mohammadirad, field notes 2015","856","","","","Central Kurdish 100%","Masoud Mohammadirad, field notes 2015",34.95404815552597,46.66424417598112,""
"","2c896fbee6fcbe3f5d786d4cc733e501","12-b27ed98d8d66dbbbac943b0aa0f4edc1","1121529","کردستان","Kordestān","کامیاران","Kāmyārān","مرکزی","Markazi","","","ژاورود","Zhāverud","چرسانه","Cherosāneh","Cherōsāna","Masoud Mohammadirad, field notes 2015","245","","","","Central Kurdish 100%","Masoud Mohammadirad, field notes 2015",34.90701593180968,46.722308636725046,""
"","2c896fbee6fcbe3f5d786d4cc7348949","12-da4ac3c5ee6bccbb2769fe603b136c73","1121530","کردستان","Kordestān","کامیاران","Kāmyārān","مرکزی","Markazi","","","ژاورود","Zhāverud","زیویه","Zivieh","Ziwiya","Masoud Mohammadirad, field notes 2015","178","","","","Central Kurdish 100%","Masoud Mohammadirad, field notes 2015",34.933591967951415,46.714143992486896,""
"","2c896fbee6fcbe3f5d786d4cc734825a","12-896d4449e744c9c2b9c4e21766916b78","1121531","کردستان","Kordestān","کامیاران","Kāmyārān","مرکزی","Markazi","","","ژاورود","Zhāverud","کاوانه حسین","Kāvāneh Hoseyn","Kāwānay Hosayn","Masoud Mohammadirad, field notes 2015","34","","","","Central Kurdish 100%","Masoud Mohammadirad, field notes 2015",34.90141327928805,46.74147983587707,""
"","2c896fbee6fcbe3f5d786d4cc7347c2c","12-8e618137f96bf7ee0edf297146465126","1121532","کردستان","Kordestān","کامیاران","Kāmyārān","مرکزی","Markazi","","","ژاورود","Zhāverud","کاوانه شریف","Kāvāneh Sharif","Kāwānay Sharif","Masoud Mohammadirad, field notes 2015","146","","","","Central Kurdish 100%","Masoud Mohammadirad, field notes 2015",34.90324347660399,46.73806806601006,""
"","2c896fbee6fcbe3f5d786d4cc7346cc1","12-9ef3163267db653eb2bb24828675567f","1121533","کردستان","Kordestān","کامیاران","Kāmyārān","مرکزی","Markazi","","","ژاورود","Zhāverud","میسوراب","Misur Āb","Mēsurāw","Masoud Mohammadirad, field notes 2015","128","","","","Central Kurdish 100%","Masoud Mohammadirad, field notes 2015",34.93356426271024,46.679200173441544,""
"","2c896fbee6fcbe3f5d786d4cc7346c3a","12-b93be0d8301a113130dae619aa95255f","1121534","کردستان","Kordestān","کامیاران","Kāmyārān","مرکزی","Markazi","","","ژاورود","Zhāverud","لون سادات","Lown Sādāt","Lōn Sādāt","Masoud Mohammadirad, field notes 2015","1410","","","","Central Kurdish 100%","Masoud Mohammadirad, field notes 2015",34.88398696817883,46.700641752307845,""
"","2c896fbee6fcbe3f5d786d4cc7345cf2","12-8576485dadf2fb53c803120e90b8f81b","1121535","کردستان","Kordestān","کامیاران","Kāmyārān","مرکزی","Markazi","","","ژاورود","Zhāverud","لون کهنه","Lown-e Kohneh","Lōna Kōn","Masoud Mohammadirad, field notes 2015","180","","","","Central Kurdish 100%","Masoud Mohammadirad, field notes 2015",34.88291788960292,46.732991337699744,""
"","2c896fbee6fcbe3f5d786d4cc7345549","10-6d2366497b976386fba1ba9655b3d856","1121536","کردستان","Kordestān","کامیاران","Kāmyārān","مرکزی","Markazi","","","شاهو","Shāhu","","","","","6054","","","","","","","",""
"","2c896fbee6fcbe3f5d786d4cc73449ed","12-5ebe6ee2042a70643548bb34d6f5b80d","1121537","کردستان","Kordestān","کامیاران","Kāmyārān","مرکزی","Markazi","","","شاهو","Shāhu","بلان","Belān","Belān","Masoud Mohammadirad, field notes 2015","420","","","","Central Kurdish 100%","Masoud Mohammadirad, field notes 2015",34.77520394779884,46.913544579320515,""
"","2c896fbee6fcbe3f5d786d4cc7344421","12-da9adc299e32f5bd02f999799142104b","1121538","کردستان","Kordestān","کامیاران","Kāmyārān","مرکزی","Markazi","","","شاهو","Shāhu","ورمهنگ","Varmahang","Warmahang","Masoud Mohammadirad, field notes 2015","1134","","","","Central Kurdish 100%","Masoud Mohammadirad, field notes 2015",34.795761238694645,46.8853760202492,""
"","2c896fbee6fcbe3f5d786d4cc7344243","12-1750d2c71c5762d8b72dd5c70e73059a","1121539","کردستان","Kordestān","کامیاران","Kāmyārān","مرکزی","Markazi","","","شاهو","Shāhu","الک","Alk ","AỊew, AỊk","Masoud Mohammadirad, field notes 2015","1340","","","","Central Kurdish 100%","Masoud Mohammadirad, field notes 2015",34.80246570194531,46.844161196532305,""
"","2c896fbee6fcbe3f5d786d4cc734d1b6","12-be78f28ddc3a03ee03f6d0aab4b902a7","1121540","کردستان","Kordestān","کامیاران","Kāmyārān","مرکزی","Markazi","","","شاهو","Shāhu","سرچم","Sar Cham","Sarcham","Masoud Mohammadirad, field notes 2015","118","","","","Central Kurdish 100%","Masoud Mohammadirad, field notes 2015",34.76040791227162,46.86613319544704,""
"","2c896fbee6fcbe3f5d786d4cc734d009","12-54d0ff8f3b168f2048c535eec01669c7","1121541","کردستان","Kordestān","کامیاران","Kāmyārān","مرکزی","Markazi","","","شاهو","Shāhu","ماراب","Mār Āb","Mārāw","Masoud Mohammadirad, field notes 2015","1228","","","","Central Kurdish 100%","Masoud Mohammadirad, field notes 2015",34.76145638002079,46.828565859331874,""
"","2c896fbee6fcbe3f5d786d4cc734c38e","12-e01f589b5df0e078f9a2e116c637da9c","1121542","کردستان","Kordestān","کامیاران","Kāmyārān","مرکزی","Markazi","","","شاهو","Shāhu","الک کهنه","Alk-e Kohneh","AỊka Kōn","Masoud Mohammadirad, field notes 2015","159","","","","Central Kurdish 100%","Masoud Mohammadirad, field notes 2015",34.77946495091763,46.826755277097234,""
"","2c896fbee6fcbe3f5d786d4cc734ba09","12-347906ee654a6459d863f2c3e3666ea8","1121543","کردستان","Kordestān","کامیاران","Kāmyārān","مرکزی","Markazi","","","شاهو","Shāhu","دره ویان سفلی","Darreh Viyān-e Soflā","Darawyān Nesār, Darawyān Khwār","Masoud Mohammadirad, field notes 2015","95","","","","Central Kurdish 100%","Masoud Mohammadirad, field notes 2015",34.787038432831814,46.78430187203292,""
"","2c896fbee6fcbe3f5d786d4cc734b60a","12-f8cd09a117cc5e9006e2c9e27ea41a98","1121544","کردستان","Kordestān","کامیاران","Kāmyārān","مرکزی","Markazi","","","شاهو","Shāhu","آهنگران","Āhangarān","Āsengarān","Masoud Mohammadirad, field notes 2015","324","","","","Central Kurdish 100%","Masoud Mohammadirad, field notes 2015",34.81331435713247,46.881670824462184,""
"","2c896fbee6fcbe3f5d786d4cc734acc2","12-159e58be479398756aa5b386ff94302f","1121545","کردستان","Kordestān","کامیاران","Kāmyārān","مرکزی","Markazi","","","شاهو","Shāhu","پشته","Poshteh","Peshta","Masoud Mohammadirad, field notes 2015","244","","","","Central Kurdish 100%","Masoud Mohammadirad, field notes 2015",34.81633062670773,46.74588457696963,""
"","2c896fbee6fcbe3f5d786d4cc734ac21","12-d84b26dbe371b29c929bb1567312cf20","1121546","کردستان","Kordestān","کامیاران","Kāmyārān","مرکزی","Markazi","","","شاهو","Shāhu","توانکش","Tovānkesh","Tuwānkash","Masoud Mohammadirad, field notes 2015","317","","","","Central Kurdish 100%","Masoud Mohammadirad, field notes 2015",34.851296882572896,46.92616867201341,""
"","2c896fbee6fcbe3f5d786d4cc734a3ac","12-a4dda5d539467ca8bba51f748289208c","1121547","کردستان","Kordestān","کامیاران","Kāmyārān","مرکزی","Markazi","","","شاهو","Shāhu","خان آباد","Khān Ābād","Khānabā","Masoud Mohammadirad, field notes 2015","46","","","","Central Kurdish 100%","Masoud Mohammadirad, field notes 2015",34.87065162000904,46.870894779582244,""
"","2c896fbee6fcbe3f5d786d4cc73493b1","12-1a0ec898c07fb96a872f5fd25b6952b4","1121548","کردستان","Kordestān","کامیاران","Kāmyārān","مرکزی","Markazi","","","شاهو","Shāhu","دره ویان علیا","Darreh Viyān-e Olyā","Darawyān Khwaratāw, Darawyān Zhür","Masoud Mohammadirad, field notes 2015","254","","","","Central Kurdish 100%","Masoud Mohammadirad, field notes 2015",34.790633389441105,46.77660929657917,""
"","2c896fbee6fcbe3f5d786d4cc7348cf9","12-ecdc39cbef0db932f4a43c76bb48cae5","1121549","کردستان","Kordestān","کامیاران","Kāmyārān","مرکزی","Markazi","","","شاهو","Shāhu","سرابکام","Sarāb Kām","Sarāwkām","Masoud Mohammadirad, field notes 2015","153","","","","Central Kurdish 100%","Masoud Mohammadirad, field notes 2015",34.823223382348125,46.808328501168035,""
"","2c896fbee6fcbe3f5d786d4cc7352672","14-5a056ead676383756f226cac342b057f","1121550","کردستان","Kordestān","کامیاران","Kāmyārān","مرکزی","Markazi","","","شاهو","Shāhu","هیئت آباد","Hey'at Ābād","Say Esmāil","Masoud Mohammadirad, field notes 2015","122","","","","Central Kurdish 100%","Masoud Mohammadirad, field notes 2015",34.79475739715284,46.8764898675876,""
"","2c896fbee6fcbe3f5d786d4cc7352356","12-2caffc39aebbe96b2ac6f8fbba17847a","1121551","کردستان","Kordestān","کامیاران","Kāmyārān","مرکزی","Markazi","","","شاهو","Shāhu","طیانه","Tiāneh","Tiyāna","Masoud Mohammadirad, field notes 2015","22","","","","Central Kurdish 100%","Masoud Mohammadirad, field notes 2015",34.828860328797866,46.81918178978344,""
"","2c896fbee6fcbe3f5d786d4cc7351b28","12-5da782c6fc810dd77f056dc598db34a6","1121552","کردستان","Kordestān","کامیاران","Kāmyārān","مرکزی","Markazi","","","شاهو","Shāhu","گنبده علیا","Gonbadeh-ye Olyā","Gomata","Masoud Mohammadirad, field notes 2015","78","","","","Central Kurdish 100%","Masoud Mohammadirad, field notes 2015",34.83127891726347,46.85951350359929,""
"","2c896fbee6fcbe3f5d786d4cc73516f7","12-f09ce97d2e3b775ac0e58af4546cfdbd","1121553","کردستان","Kordestān","کامیاران","Kāmyārān","مرکزی","Markazi","کامیاران","Kāmyārān","","","","","Kāmērān","Masoud Mohammadirad, field notes 2015","52907","","","","Central Kurdish 63%; Southern Kurdish 20%; Hōrāmi  15%; Tehrāni type Persian 2%","Masoud Mohammadirad, field notes 2015",34.795770049124094,46.93677806952668,""
"","2c896fbee6fcbe3f5d786d4cc7350ab8","10-f5e9f248092469395c1049c1da231d63","1121554","کردستان","Kordestān","کامیاران","Kāmyārān","موچش","Muchesh","","","","","","","","","28602","","","","","","","",""
"","2c896fbee6fcbe3f5d786d4cc73500df","10-9c5f83dfe6f003b2683117144c9e344d","1121555","کردستان","Kordestān","کامیاران","Kāmyārān","موچش","Muchesh","","","امیرآباد","Amir Ābād","","","","","6518","","","","","","","",""
"","2c896fbee6fcbe3f5d786d4cc734fffb","12-2da558e7863c173a857a13efda087f19","1121556","کردستان","Kordestān","کامیاران","Kāmyārān","موچش","Muchesh","","","امیرآباد","Amir Ābād","سرپنبه دول","Sar Panbeh Dowl","Sarpamaw DōỊ","Masoud Mohammadirad, field notes 2015","111","","","","Central Kurdish 100%","Masoud Mohammadirad, field notes 2015",34.95338000606085,47.31349765038318,""
"","2c896fbee6fcbe3f5d786d4cc734f6e8","12-c235e3283adbc5c96eb31e096a03b797","1121557","کردستان","Kordestān","کامیاران","Kāmyārān","موچش","Muchesh","","","امیرآباد","Amir Ābād","قلعه گاه","Qal'egāh","QaỊāwā","Masoud Mohammadirad, field notes 2015","249","","","","Central Kurdish 100%","Masoud Mohammadirad, field notes 2015",35.03633050932648,47.31736349081985,""
"","2c896fbee6fcbe3f5d786d4cc734e88a","12-2b38db9c229d00f884e5904d5bb1d911","1121558","کردستان","Kordestān","کامیاران","Kāmyārān","موچش","Muchesh","","","امیرآباد","Amir Ābād","گرگرسفلی","Gerger-e Soflā","Geṛgeṛ Nesār, Geṛgeṛ Khwār","Masoud Mohammadirad, field notes 2015","244","","","","Central Kurdish 100%","Masoud Mohammadirad, field notes 2015",34.979805008708595,47.273378187822985,""
"","2c896fbee6fcbe3f5d786d4cc734dd77","12-eaf6e3984273638ab3095a2af14201ef","1121559","کردستان","Kordestān","کامیاران","Kāmyārān","موچش","Muchesh","","","امیرآباد","Amir Ābād","گرگرعلیا","Gerger-e Olyā","Geṛgeṛ Khwaratāw, Geṛgeṛ Zhür","Masoud Mohammadirad, field notes 2015","470","","","","Central Kurdish 100%","Masoud Mohammadirad, field notes 2015",35.01456804889488,47.29763316131018,""
"","2c896fbee6fcbe3f5d786d4cc7356f7f","12-1aca39085eed3203b7191008dfc1e576","1121560","کردستان","Kordestān","کامیاران","Kāmyārān","موچش","Muchesh","","","امیرآباد","Amir Ābād","نصرت آباد","Nosrat Ābād","Nosratāwā","Masoud Mohammadirad, field notes 2015","63","","","","Central Kurdish 100%","Masoud Mohammadirad, field notes 2015",34.960644345426324,47.26338325715656,""
"","2c896fbee6fcbe3f5d786d4cc7356805","12-e8a714215c13a1eaa7c103c694a4cc8d","1121561","کردستان","Kordestān","کامیاران","Kāmyārān","موچش","Muchesh","","","امیرآباد","Amir Ābād","محمودگزگ","Mahmud Gazeg","Mahmü Gazeg","Masoud Mohammadirad, field notes 2015","231","","","","Central Kurdish 100%","Masoud Mohammadirad, field notes 2015",34.934137455783734,47.27519570565619,""
"","2c896fbee6fcbe3f5d786d4cc73561dc","12-8b26dfc30855cfb4170c3c205157a7cb","1121562","کردستان","Kordestān","کامیاران","Kāmyārān","موچش","Muchesh","","","امیرآباد","Amir Ābād","دگن","Degen","Degen","Masoud Mohammadirad, field notes 2015","198","","","","Central Kurdish 100%","Masoud Mohammadirad, field notes 2015",35.07911469843333,47.26501674876889,""
"","2c896fbee6fcbe3f5d786d4cc7355c49","12-be76a4522322d76d1a600eb02d51e2cc","1121563","کردستان","Kordestān","کامیاران","Kāmyārān","موچش","Muchesh","","","امیرآباد","Amir Ābād","صوفی آباد","Sufi Ābād","Sōfiyāwā","Masoud Mohammadirad, field notes 2015"," ","(less than 3 households; population not specified in 2011 Census for reasons of privacy)","","","Central Kurdish 100%","Masoud Mohammadirad, field notes 2015",35.097629706273764,47.28016586528104,""
"","2c896fbee6fcbe3f5d786d4cc73556cf","12-6c7903924ae72a77b24053c284aa4d5e","1121564","کردستان","Kordestān","کامیاران","Kāmyārān","موچش","Muchesh","","","امیرآباد","Amir Ābād","کیله گلان","Keyleh Gelān","Kaylawlān","Masoud Mohammadirad, field notes 2015","387","","","","Central Kurdish 100%","Masoud Mohammadirad, field notes 2015",35.05815697254309,47.22264790629315,""
"","2c896fbee6fcbe3f5d786d4cc735498b","12-1ae46175b7cbfbf91847653bf75ae8b6","1121565","کردستان","Kordestān","کامیاران","Kāmyārān","موچش","Muchesh","","","امیرآباد","Amir Ābād","هوارپان","Havārpān","Hawārpān","Masoud Mohammadirad, field notes 2015","75","","","","Central Kurdish 100%","Masoud Mohammadirad, field notes 2015",35.086858328265414,47.29933829531634,""
"","2c896fbee6fcbe3f5d786d4cc7353bff","12-40ab56873715d091d1e8bba22284f7d1","1121566","کردستان","Kordestān","کامیاران","Kāmyārān","موچش","Muchesh","","","امیرآباد","Amir Ābād","احمد آباد","Ahmad Ābād","Ahmawāwā","Masoud Mohammadirad, field notes 2015","24","","","","Central Kurdish 100%","Masoud Mohammadirad, field notes 2015",35.05824186864521,47.26963014827369,""
"","2c896fbee6fcbe3f5d786d4cc7353783","12-8456e9fb4a5c5a8690082482e1e69c99","1121567","کردستان","Kordestān","کامیاران","Kāmyārān","موچش","Muchesh","","","امیرآباد","Amir Ābād","خیر آباد","Kheyr Ābād","Khayrāwā","Masoud Mohammadirad, field notes 2015","322","","","","Central Kurdish 100%","Masoud Mohammadirad, field notes 2015",35.04778149366751,47.25783915744678,""
"","2c896fbee6fcbe3f5d786d4cc7353602","12-30cd3326f931fea8d3a6f7d3e7d38a12","1121568","کردستان","Kordestān","کامیاران","Kāmyārān","موچش","Muchesh","","","امیرآباد","Amir Ābād","ورمکان","Varmakān","Warmakān","Masoud Mohammadirad, field notes 2015","176","","","","Central Kurdish 100%","Masoud Mohammadirad, field notes 2015",35.02255496929568,47.25396679855232,""
"","2c896fbee6fcbe3f5d786d4cc73529bb","12-061bb9702c6982d45e12c2049e9dcfba","1121569","کردستان","Kordestān","کامیاران","Kāmyārān","موچش","Muchesh","","","امیرآباد","Amir Ābād","امیر آباد","Amir Ābād","Amirāwā","Masoud Mohammadirad, field notes 2015","409","","","","Central Kurdish 100%","Masoud Mohammadirad, field notes 2015",35.05602093003716,47.19085903393772,""
"","2c896fbee6fcbe3f5d786d4cc735adea","12-66737dda11f006009e1a7259f2f28b2a","1121570","کردستان","Kordestān","کامیاران","Kāmyārān","موچش","Muchesh","","","امیرآباد","Amir Ābād","رمشت","Ramesht","Ṛamesht","Masoud Mohammadirad, field notes 2015","359","","","","Central Kurdish 100%","Masoud Mohammadirad, field notes 2015",35.07213719249494,47.198068142883336,""
"","2c896fbee6fcbe3f5d786d4cc7359e1b","14-87942f8207afa01dd3b6adaa8f5f5314","1121571","کردستان","Kordestān","کامیاران","Kāmyārān","موچش","Muchesh","","","امیرآباد","Amir Ābād","قوری در","Quri Dar","Qōriyar","Masoud Mohammadirad, field notes 2015","167","","","","Central Kurdish 100%","Masoud Mohammadirad, field notes 2015",35.112755807297475,47.22984695528798,""
"","2c896fbee6fcbe3f5d786d4cc7359561","12-1ace3a48e986348ec10644b818f5ac25","1121572","کردستان","Kordestān","کامیاران","Kāmyārān","موچش","Muchesh","","","امیرآباد","Amir Ābād","محمد آباد کریان","Mohammad Ābād-e Karyān","Kaṛyān","Masoud Mohammadirad, field notes 2015","271","","","","Central Kurdish 100%","Masoud Mohammadirad, field notes 2015",35.07970396935233,47.17803807484933,""
"","2c896fbee6fcbe3f5d786d4cc7359319","12-269d67b1bd6bd7d079745b3da1b32259","1121573","کردستان","Kordestān","کامیاران","Kāmyārān","موچش","Muchesh","","","امیرآباد","Amir Ābād","آسمان دره","Āsemān Darreh","Āsmāndara","Masoud Mohammadirad, field notes 2015","159","","","","Central Kurdish 100%","Masoud Mohammadirad, field notes 2015",35.033182156870566,47.221758081783584,""
"","2c896fbee6fcbe3f5d786d4cc7358e72","14-bdb37344ecf427cdc633437e14a92798","1121574","کردستان","Kordestān","کامیاران","Kāmyārān","موچش","Muchesh","","","امیرآباد","Amir Ābād","پنیران","Panirān","Panērān","Masoud Mohammadirad, field notes 2015","625","","","","Central Kurdish 100%","Masoud Mohammadirad, field notes 2015",35.035161681704565,47.110531569485815,""
"","2c896fbee6fcbe3f5d786d4cc735801f","12-ede939dd43aa7a4df552895404996ac9","1121575","کردستان","Kordestān","کامیاران","Kāmyārān","موچش","Muchesh","","","امیرآباد","Amir Ābād","قورق","Qowreq","Qōrekh","Masoud Mohammadirad, field notes 2015","644","","","","Central Kurdish 100%","Masoud Mohammadirad, field notes 2015",35.02651701103056,47.06298136807742,""
"","2c896fbee6fcbe3f5d786d4cc7357806","12-ab46447c744e30f62fb1b15ef08a727d","1121576","کردستان","Kordestān","کامیاران","Kāmyārān","موچش","Muchesh","","","امیرآباد","Amir Ābād","اشکفتان","Ashkaftān","Ashkaftān","Masoud Mohammadirad, field notes 2015","174","","","","Central Kurdish 100%","Masoud Mohammadirad, field notes 2015",35.12640008356051,47.19199629055825,""
"","2c896fbee6fcbe3f5d786d4cc735769a","12-7b1d4a5ee2a1bb35d54b15f7d59efb30","1121577","کردستان","Kordestān","کامیاران","Kāmyārān","موچش","Muchesh","","","امیرآباد","Amir Ābād","گائیدر","Gāidar","Gāydar","Masoud Mohammadirad, field notes 2015","99","","","","Central Kurdish 100%","Masoud Mohammadirad, field notes 2015",35.08571803324577,47.16259927976095,""
"","2c896fbee6fcbe3f5d786d4cc73574df","12-44d54ee6897872fdb9aba5eb0be80e71","1121578","کردستان","Kordestān","کامیاران","Kāmyārān","موچش","Muchesh","","","امیرآباد","Amir Ābād","مارنج","Mārenj","Mārenj","Masoud Mohammadirad, field notes 2015","1002","","","","Central Kurdish 100%","Masoud Mohammadirad, field notes 2015",35.07200548049157,47.13622713184346,""
"","2c896fbee6fcbe3f5d786d4cc735748f","12-1288dfa8ba883b3a23dea23084bfc51b","1121579","کردستان","Kordestān","کامیاران","Kāmyārān","موچش","Muchesh","","","امیرآباد","Amir Ābād","کانی سوران","Kāni Surān","Kāni Sōrān","Masoud Mohammadirad, field notes 2015","51","","","","Central Kurdish 100%","Masoud Mohammadirad, field notes 2015",35.070266862112604,47.08016896344069,""
"","2c896fbee6fcbe3f5d786d4cc735f9ff","10-a1529fcb7052d1196d0ab5ffaa3f1d3d","1121580","کردستان","Kordestān","کامیاران","Kāmyārān","موچش","Muchesh","","","سورسور","Sursur","","","","","4658","","","","","","","",""
"","2c896fbee6fcbe3f5d786d4cc735efdc","12-ea79732caa578e32ed52d85a3a618bfd","1121581","کردستان","Kordestān","کامیاران","Kāmyārān","موچش","Muchesh","","","سورسور","Sursur","باخرم علیا","Bākhoram-e Olyā","Bākhoram Khwaratāw, Bākhoram Zhür","Masoud Mohammadirad, field notes 2015","182","","","","Central Kurdish 100%","Masoud Mohammadirad, field notes 2015",34.94920408240591,47.15673647290701,""
"","2c896fbee6fcbe3f5d786d4cc735ea20","12-c834cb16bbdfb8a084e29f357eb06307","1121582","کردستان","Kordestān","کامیاران","Kāmyārān","موچش","Muchesh","","","سورسور","Sursur","بان سعیدسفلی","Bān Sa'id-e Soflā","Bān Sai Nesār, Bān Sai Khwār ","Masoud Mohammadirad, field notes 2015","27","","","","Central Kurdish 100%","Masoud Mohammadirad, field notes 2015",34.94785427950966,47.127509952548216,""
"","2c896fbee6fcbe3f5d786d4cc735e6e6","14-6a1febf2be316b72a9b4c6fbaaab93c3","1121583","کردستان","Kordestān","کامیاران","Kāmyārān","موچش","Muchesh","","","سورسور","Sursur","بان سعیدعلیا","Bān Sa'id-e Olyā","Bān Sai Khwaratāw, Bān Sai Zhür","Masoud Mohammadirad, field notes 2015","130","","","","Central Kurdish 100%","Masoud Mohammadirad, field notes 2015",34.9296789682469,47.12640656135029,""
"","2c896fbee6fcbe3f5d786d4cc735dc59","12-e22fa69fe3144d32792e10a0c8a13574","1121584","کردستان","Kordestān","کامیاران","Kāmyārān","موچش","Muchesh","","","سورسور","Sursur","دارامرود","Dār Amrud","Dārhamrō","Masoud Mohammadirad, field notes 2015","54","","","","Central Kurdish 100%","Masoud Mohammadirad, field notes 2015",34.94861936655629,47.135030866622955,""
"","2c896fbee6fcbe3f5d786d4cc735cd11","12-65357a079e39053d657be9c5a6884897","1121585","کردستان","Kordestān","کامیاران","Kāmyārān","موچش","Muchesh","","","سورسور","Sursur","سرکاریز","Sar Kāriz","Sarkārēz","Masoud Mohammadirad, field notes 2015","120","","","","Central Kurdish 100%","Masoud Mohammadirad, field notes 2015",34.99835648168643,47.24026096959885,""
"","2c896fbee6fcbe3f5d786d4cc735c0b7","12-101a5d558a3b9a1c5a661e7945c0cfe8","1121586","کردستان","Kordestān","کامیاران","Kāmyārān","موچش","Muchesh","","","سورسور","Sursur","شیخ رش","Sheykh Rash","Shēkh Ṛash","Masoud Mohammadirad, field notes 2015","123","","","","Central Kurdish 100%","Masoud Mohammadirad, field notes 2015",34.92535997234456,47.164182793111074,""
"","2c896fbee6fcbe3f5d786d4cc735bf34","14-fba3efea63614bd4afada853fb81402b","1121587","کردستان","Kordestān","کامیاران","Kāmyārān","موچش","Muchesh","","","سورسور","Sursur","قلعه کومائین","Qal'eh Kowmāin","QaỊāy Kōmāyin","Masoud Mohammadirad, field notes 2015","109","","","","Central Kurdish 100%","Masoud Mohammadirad, field notes 2015",34.94538728816642,47.21201194425575,""
"","2c896fbee6fcbe3f5d786d4cc735be53","14-6bae1cc6bdc1ced682c394942f00c79a","1121588","کردستان","Kordestān","کامیاران","Kāmyārān","موچش","Muchesh","","","سورسور","Sursur","کومائین","Kowmāin","Kōmāyin","Masoud Mohammadirad, field notes 2015","258","","","","Central Kurdish 100%","Masoud Mohammadirad, field notes 2015",34.95514850173113,47.19833267828132,""
"","2c896fbee6fcbe3f5d786d4cc735bd5b","12-31d64c15c42ab3b339f9d7352c493699","1121589","کردستان","Kordestān","کامیاران","Kāmyārān","موچش","Muchesh","","","سورسور","Sursur","نیدر","Nidar","Niyar","Masoud Mohammadirad, field notes 2015","188","","","","Central Kurdish 100%","Masoud Mohammadirad, field notes 2015",34.98195507854828,47.240947615105895,""
"","2c896fbee6fcbe3f5d786d4cc7364815","12-f4c84a0bae77508a7c4bb41b11b993b6","1121590","کردستان","Kordestān","کامیاران","Kāmyārān","موچش","Muchesh","","","سورسور","Sursur","کچله","Kachaleh","KachaỊa","Masoud Mohammadirad, field notes 2015","150","","","","Central Kurdish 100%","Masoud Mohammadirad, field notes 2015",34.943466247213614,46.97080362195697,""
"","2c896fbee6fcbe3f5d786d4cc7364658","12-aac453079062b7861a7ad8734fa7e2b1","1121591","کردستان","Kordestān","کامیاران","Kāmyārān","موچش","Muchesh","","","سورسور","Sursur","یوسف آباد","Yusef Ābād","Yōsōāwā ","Masoud Mohammadirad, field notes 2015","207","","","","Central Kurdish 100%","Masoud Mohammadirad, field notes 2015",34.972342678160246,46.98397863263613,""
"","2c896fbee6fcbe3f5d786d4cc7363754","12-e6f98221e4243c2fefb07ec58470d709","1121592","کردستان","Kordestān","کامیاران","Kāmyārān","موچش","Muchesh","","","سورسور","Sursur","لاین","Lāyen","Lāyan","Masoud Mohammadirad, field notes 2015","371","","","","Central Kurdish 100%","Masoud Mohammadirad, field notes 2015",34.90442645537652,46.94791901464476,""
"","2c896fbee6fcbe3f5d786d4cc7363497","12-18511509a07af5f8395c0be980b4ce51","1121593","کردستان","Kordestān","کامیاران","Kāmyārān","موچش","Muchesh","","","سورسور","Sursur","وامسانه","Vāmasāneh","Wāmasāna","Masoud Mohammadirad, field notes 2015"," ","(less than 3 households; population not specified in 2011 Census for reasons of privacy)","","","Central Kurdish 100%","Masoud Mohammadirad, field notes 2015",34.953898489992014,46.98255511432976,""
"","2c896fbee6fcbe3f5d786d4cc7362b32","12-0d770d642b1be154e9eff59e0ef1c70c","1121594","کردستان","Kordestān","کامیاران","Kāmyārān","موچش","Muchesh","","","سورسور","Sursur","هلتوشان","Haltushān","HaỊtushān","Masoud Mohammadirad, field notes 2015","86","","","","Central Kurdish 100%","Masoud Mohammadirad, field notes 2015",34.91880243715444,46.94180357809138,""
"","2c896fbee6fcbe3f5d786d4cc7362b31","12-a102f668d8240e259510c9d22f8f79ee","1121595","کردستان","Kordestān","کامیاران","Kāmyārān","موچش","Muchesh","","","سورسور","Sursur","گاوشان","Gāvshān","Gāwshān","Masoud Mohammadirad, field notes 2015","293","","","","Central Kurdish 100%","Masoud Mohammadirad, field notes 2015",34.984336536479006,46.98635254892892,""
"","2c896fbee6fcbe3f5d786d4cc73626ad","14-267048faa038bdd1efed8ef74aef6c2a","1121596","کردستان","Kordestān","کامیاران","Kāmyārān","موچش","Muchesh","","","سورسور","Sursur","آساوله","Āsāvleh","ĀsāwỊa","Masoud Mohammadirad, field notes 2015","179","","","","Central Kurdish 100%","Masoud Mohammadirad, field notes 2015",34.918749653576754,46.92140806074468,""
"","2c896fbee6fcbe3f5d786d4cc7362168","12-f7394d71a2ce390c20750797a0412aa6","1121597","کردستان","Kordestān","کامیاران","Kāmyārān","موچش","Muchesh","","","سورسور","Sursur","کانی لیلی","Kāni Leyli","Kāni Layli","Masoud Mohammadirad, field notes 2015"," ","(less than 3 households; population not specified in 2011 Census for reasons of privacy)","","","Central Kurdish 100%","Masoud Mohammadirad, field notes 2015",34.913194112588876,46.92574031438026,""
"","2c896fbee6fcbe3f5d786d4cc7361538","12-e3a2c743562e6efba633a38679a1f90c","1121598","کردستان","Kordestān","کامیاران","Kāmyārān","موچش","Muchesh","","","سورسور","Sursur","سد گاوشان","Sadd-e Gāvshān","Sad Gāwshān","Masoud Mohammadirad, field notes 2015","27","","","","Central Kurdish 100%","Masoud Mohammadirad, field notes 2015",34.9689691574255,46.98697539478554,""
"","2c896fbee6fcbe3f5d786d4cc736057f","12-59584cd07874752f8e47817a7630560f","1121599","کردستان","Kordestān","کامیاران","Kāmyārān","موچش","Muchesh","","","سورسور","Sursur","پشت تنگ","Posht Tang ","Peshtang ","Masoud Mohammadirad, field notes 2015"," ","(less than 3 households; population not specified in 2011 Census for reasons of privacy)","","","Central Kurdish 100%","Masoud Mohammadirad, field notes 2015",34.90217922811806,47.09557337183566,""
"","2c896fbee6fcbe3f5d786d4cc7368648","12-4f4ac21469c53ded75945153e36284c6","1121600","کردستان","Kordestān","کامیاران","Kāmyārān","موچش","Muchesh","","","سورسور","Sursur","سرخه توت","Sorkheh Tut","Süratu","Masoud Mohammadirad, field notes 2015","92","","","","Central Kurdish 100%","Masoud Mohammadirad, field notes 2015",34.91713623637396,47.07402450461209,""
"","2c896fbee6fcbe3f5d786d4cc73683e7","12-e131475b5d4310b63dc480705f6f41b8","1121601","کردستان","Kordestān","کامیاران","Kāmyārān","موچش","Muchesh","","","سورسور","Sursur","کانی گشه","Kāni Gasheh","Kāni Gasha","Masoud Mohammadirad, field notes 2015","70","","","","Central Kurdish 100%","Masoud Mohammadirad, field notes 2015",34.91824395175568,47.00735634707729,""
"","2c896fbee6fcbe3f5d786d4cc73680a8","12-1007f8042754c2685ae0103ccaa53ab5","1121602","کردستان","Kordestān","کامیاران","Kāmyārān","موچش","Muchesh","","","سورسور","Sursur","کنگره","Kangareh ","Qenara","Masoud Mohammadirad, field notes 2015","67","","","","Central Kurdish 100%","Masoud Mohammadirad, field notes 2015",34.932164525300436,47.04774772707785,""
"","2c896fbee6fcbe3f5d786d4cc7367963","12-4a65083b8465451fa2f7b04e677fc4bc","1121603","کردستان","Kordestān","کامیاران","Kāmyārān","موچش","Muchesh","","","سورسور","Sursur","میدانه","Meydāneh","Mayāna","Masoud Mohammadirad, field notes 2015","41","","","","Central Kurdish 100%","Masoud Mohammadirad, field notes 2015",34.91860717921128,47.03487070509918,""
"","2c896fbee6fcbe3f5d786d4cc7367616","13-416adc8e69a51f442067b56f30a7cab4","1121604","کردستان","Kordestān","کامیاران","Kāmyārān","موچش","Muchesh","","","سورسور","Sursur","وزمانه علیا","Vezmāneh-ye Olyā","Wezmāna Khwaratāw, Wezmānay Zhür","Masoud Mohammadirad, field notes 2015","69","","","","Central Kurdish 100%","Masoud Mohammadirad, field notes 2015",34.911650095586815,47.01249545955008,""
"","2c896fbee6fcbe3f5d786d4cc7366cac","14-ee0a5e92a5230a8fb20e63e7e9dd9b73","1121605","کردستان","Kordestān","کامیاران","Kāmyārān","موچش","Muchesh","","","سورسور","Sursur","خامسان","Khāmesān","Khāmsān","Masoud Mohammadirad, field notes 2015","1589","","","","Central Kurdish 100%","Masoud Mohammadirad, field notes 2015",34.98180144137311,47.097619415290204,""
"","2c896fbee6fcbe3f5d786d4cc73664d5","12-2db751f29725eb38e75cfdd57351c389","1121606","کردستان","Kordestān","کامیاران","Kāmyārān","موچش","Muchesh","","","سورسور","Sursur","سنگ سفید","Sang Sefid","Kochek Charmu","Masoud Mohammadirad, field notes 2015","80","","","","Central Kurdish 100%","Masoud Mohammadirad, field notes 2015",34.99834412729353,47.138987530014624,""
"","2c896fbee6fcbe3f5d786d4cc7365d18","12-aefcbf9f2d17fa942830819cd7a58e65","1121607","کردستان","Kordestān","کامیاران","Kāmyārān","موچش","Muchesh","","","سورسور","Sursur","شترمل","Shotor Mel","Weshtermel","Masoud Mohammadirad, field notes 2015","137","","","","Central Kurdish 100%","Masoud Mohammadirad, field notes 2015",34.97621076225542,47.020813664165466,""
"","2c896fbee6fcbe3f5d786d4cc736567b","10-ec7b6286d48e2d3bbec9257524ec3bdc","1121608","کردستان","Kordestān","کامیاران","Kāmyārān","موچش","Muchesh","","","عوالان","Avālān","","","","","3224","","","","","","","",""
"","2c896fbee6fcbe3f5d786d4cc736493a","12-58b138dfce7578f01fb0d9281b9f8039","1121609","کردستان","Kordestān","کامیاران","Kāmyārān","موچش","Muchesh","","","عوالان","Avālān","دانان","Dānān","Dānān","Masoud Mohammadirad, field notes 2015","266","","","","Central Kurdish 100%","Masoud Mohammadirad, field notes 2015",35.03175091304081,47.00464197442748,""
"","2c896fbee6fcbe3f5d786d4cc736da65","12-8fd822ef083bdba724e9dfdf86c59d17","1121610","کردستان","Kordestān","کامیاران","Kāmyārān","موچش","Muchesh","","","عوالان","Avālān","سیاناو","Siānāv","Siyānāw","Masoud Mohammadirad, field notes 2015","119","","","","Central Kurdish 100%","Masoud Mohammadirad, field notes 2015",35.042283281447354,47.01629925958889,""
"","2c896fbee6fcbe3f5d786d4cc736d9bd","12-2aab801826aeb132b0b33f3cde32e73e","1121611","کردستان","Kordestān","کامیاران","Kāmyārān","موچش","Muchesh","","","عوالان","Avālān","کوئیک","Kow'ik","Kuwik","Masoud Mohammadirad, field notes 2015","67","","","","Central Kurdish 100%","Masoud Mohammadirad, field notes 2015",35.02071466479389,47.030872487652,""
"","2c896fbee6fcbe3f5d786d4cc736d1f2","12-f922dd49f70546799a2180f3bf535b38","1121612","کردستان","Kordestān","کامیاران","Kāmyārān","موچش","Muchesh","","","عوالان","Avālān","مجید آباد","Majid Ābād","Majiyāwā","Masoud Mohammadirad, field notes 2015","51","","","","Central Kurdish 100%","Masoud Mohammadirad, field notes 2015",35.00753411879503,47.011595451464466,""
"","2c896fbee6fcbe3f5d786d4cc736c812","12-7d0827b35012b35b1ea9b9233adefd35","1121613","کردستان","Kordestān","کامیاران","Kāmyārān","موچش","Muchesh","","","عوالان","Avālān","عباس آباد","Abbās Ābād","Abāsāwā","Masoud Mohammadirad, field notes 2015","95","","","","Central Kurdish 100%","Masoud Mohammadirad, field notes 2015",35.00412001106357,46.97216429674196,""
"","2c896fbee6fcbe3f5d786d4cc736be4d","12-246c817a9db052e886ace6a0c9f50605","1121614","کردستان","Kordestān","کامیاران","Kāmyārān","موچش","Muchesh","","","عوالان","Avālān","نشورسفلی","Neshur-e Soflā","Neshur Nesār, Neshur Khwār","Masoud Mohammadirad, field notes 2015","605","","","","Central Kurdish 100%","Masoud Mohammadirad, field notes 2015",35.02774781349097,46.94862523043176,""
"","2c896fbee6fcbe3f5d786d4cc736bb4b","14-873ec85df5983868830a92e104ef62e0","1121615","کردستان","Kordestān","کامیاران","Kāmyārān","موچش","Muchesh","","","عوالان","Avālān","طاینه","Tāyaneh","Tāyāna","Masoud Mohammadirad, field notes 2015","201","","","","Central Kurdish 100%","Masoud Mohammadirad, field notes 2015",34.965175443562536,46.94234934581245,""
"","2c896fbee6fcbe3f5d786d4cc736b454","12-5a2f9be868c896d6c2117f1d3275e20a","1121616","کردستان","Kordestān","کامیاران","Kāmyārān","موچش","Muchesh","","","عوالان","Avālān","نشورعلیا","Neshur-e Olyā","Neshur Khwaratāw, Neshur Zhür ","Masoud Mohammadirad, field notes 2015","121","","","","Central Kurdish 100%","Masoud Mohammadirad, field notes 2015",35.02082449375167,46.91318252051292,""
"","2c896fbee6fcbe3f5d786d4cc736a489","12-6b623e96e66d3fdea176b706b378eafa","1121617","کردستان","Kordestān","کامیاران","Kāmyārān","موچش","Muchesh","","","عوالان","Avālān","نشوروسطی","Neshur-e Vestā","Neshur Westā","Masoud Mohammadirad, field notes 2015","353","","","","Central Kurdish 100%","Masoud Mohammadirad, field notes 2015",35.03102476419241,46.92191042864631,""
"","2c896fbee6fcbe3f5d786d4cc736954d","12-ec0a8ddc6e1782580742942fe3fd1b3f","1121618","کردستان","Kordestān","کامیاران","Kāmyārān","موچش","Muchesh","","","عوالان","Avālān","یمینان سفلی","Yamēnān-e Soflā","Yamēnān Nesār, Yamēnān Khwār","Masoud Mohammadirad, field notes 2015","416","","","","Central Kurdish 100%","Masoud Mohammadirad, field notes 2015",34.99674246077438,46.931990654598685,""
"","2c896fbee6fcbe3f5d786d4cc73691a3","12-75037803fff7b22c83b065fb77d77ee6","1121619","کردستان","Kordestān","کامیاران","Kāmyārān","موچش","Muchesh","","","عوالان","Avālān","یمینان علیا","Yamēnān-e Olyā","Yamēnān Khwaratāw, Yamēnān Zhür","Masoud Mohammadirad, field notes 2015","116","","","","Central Kurdish 100%","Masoud Mohammadirad, field notes 2015",34.992538506029,46.92126802330749,""
"","2c896fbee6fcbe3f5d786d4cc7371bc8","12-6ee30e9cdbf80aece1347cc2d954fc39","1121620","کردستان","Kordestān","کامیاران","Kāmyārān","موچش","Muchesh","","","عوالان","Avālān","دولاب","Dowlāb","DōỊāw","Masoud Mohammadirad, field notes 2015","452","","","","Hōrāmi  100%","Masoud Mohammadirad, field notes 2015",35.04501726426973,46.84815813827564,""
"","2c896fbee6fcbe3f5d786d4cc73718e1","12-a991479dc0ecf44c8c4a0ccf3b564e07","1121621","کردستان","Kordestān","کامیاران","Kāmyārān","موچش","Muchesh","","","عوالان","Avālān","دیرمولی","Dir Mowli","Dēr MōỊi","Masoud Mohammadirad, field notes 2015","61","","","","Central Kurdish 100%","Masoud Mohammadirad, field notes 2015",35.04946792661444,46.89696584814013,""
"","2c896fbee6fcbe3f5d786d4cc7370dde","12-2fcbcdad37b60bf24e9a96e0194b1261","1121622","کردستان","Kordestān","کامیاران","Kāmyārān","موچش","Muchesh","","","عوالان","Avālān","سردشت ابراهیم آباد","Sardasht-e Ebrāhim Ābād","Sardasht","Masoud Mohammadirad, field notes 2015"," ","(less than 3 households; population not specified in 2011 Census for reasons of privacy)","","","Central Kurdish 100%","Masoud Mohammadirad, field notes 2015",35.05820151896734,46.91460743977252,""
"","2c896fbee6fcbe3f5d786d4cc7370bc6","12-45ae13c435e109a9589c458d2cff18ed","1121623","کردستان","Kordestān","کامیاران","Kāmyārān","موچش","Muchesh","","","عوالان","Avālān","تازه آباد دول کرو","Tāzeh Ābād-e Dowl Keru","Tāzāwāy DōỊ Keṛu","Masoud Mohammadirad, field notes 2015","72","","","","Central Kurdish 100%","Masoud Mohammadirad, field notes 2015",35.04348015504405,46.941971213968685,""
"","2c896fbee6fcbe3f5d786d4cc7370499","14-ad11eaedea9bd027ccae6f0e017ba46b","1121624","کردستان","Kordestān","کامیاران","Kāmyārān","موچش","Muchesh","","","عوالان","Avālān","دول کرو","Dowl Keru","Dōḷ Keṛu","Masoud Mohammadirad, field notes 2015","176","","","","Central Kurdish 100%","Masoud Mohammadirad, field notes 2015",35.04934531556264,46.93082798713249,""
"","2c896fbee6fcbe3f5d786d4cc736fc6f","12-964d52497906cc05ab5e79325dcfa402","1121625","کردستان","Kordestān","کامیاران","Kāmyārān","موچش","Muchesh","","","عوالان","Avālān","فقیه سلیمان","Faqih Soleymān","Faqi Selaymān","Masoud Mohammadirad, field notes 2015","47","","","","Central Kurdish 100%","Masoud Mohammadirad, field notes 2015",35.03572357026265,46.950602429376275,""
"","2c896fbee6fcbe3f5d786d4cc736f2b4","12-fd5a729529d6ad3c6eaa68b68f828343","1121626","کردستان","Kordestān","کامیاران","Kāmyārān","موچش","Muchesh","","","گاورود","Gāverud","","","","","10754","","","","","","","",""
"","2c896fbee6fcbe3f5d786d4cc736eb5c","12-3bb5098d2f283c347388d0241de52ed5","1121627","کردستان","Kordestān","کامیاران","Kāmyārān","موچش","Muchesh","","","گاورود","Gāverud","سربناو","Sar Benāv","Sarbenāw","Masoud Mohammadirad, field notes 2015","84","","","","Central Kurdish 100%","Masoud Mohammadirad, field notes 2015",34.93701209585096,46.939159871129526,""
"","2c896fbee6fcbe3f5d786d4cc736dd2f","12-600aff9df6be482e8b3f2c0f80b973fa","1121628","کردستان","Kordestān","کامیاران","Kāmyārān","موچش","Muchesh","","","گاورود","Gāverud","کوله ساره","Kowleh Sāreh","KōỊa Sāra","Masoud Mohammadirad, field notes 2015","1521","","","","Central Kurdish 100%","Masoud Mohammadirad, field notes 2015",34.954584379240934,46.87727455258282,""
"","2c896fbee6fcbe3f5d786d4cc736db69","12-7f1b77a4088050ae233c003029fb8091","1121629","کردستان","Kordestān","کامیاران","Kāmyārān","موچش","Muchesh","","","گاورود","Gāverud","ماسان","Māsān","Māsān","Masoud Mohammadirad, field notes 2015","576","","","","Central Kurdish 100%","Masoud Mohammadirad, field notes 2015",34.94313443901764,46.86850410910034,""
"","2c896fbee6fcbe3f5d786d4cc73773dc","12-f61b4af99645bfa91a3eaa2385167a54","1121630","کردستان","Kordestān","کامیاران","Kāmyārān","موچش","Muchesh","","","گاورود","Gāverud","نجف آباد","Najaf Ābād","Najafāwā","Masoud Mohammadirad, field notes 2015","336","","","","Central Kurdish 100%","Masoud Mohammadirad, field notes 2015",34.9356839936147,46.91481077769599,""
"","2c896fbee6fcbe3f5d786d4cc737714f","12-91f133aaaf221102f23076bebac2f458","1121631","کردستان","Kordestān","کامیاران","Kāmyārān","موچش","Muchesh","","","گاورود","Gāverud","سرچی","Sarchi","Sarchi","Masoud Mohammadirad, field notes 2015","978","","","","Central Kurdish 100%","Masoud Mohammadirad, field notes 2015",34.99346002741956,46.837423794523396,""
"","2c896fbee6fcbe3f5d786d4cc7376da0","12-817733d8917472c68048992f3e7820a4","1121632","کردستان","Kordestān","کامیاران","Kāmyārān","موچش","Muchesh","","","گاورود","Gāverud","طای","Tāy","Tā","Masoud Mohammadirad, field notes 2015","1723","","","","Hōrāmi  100%","Masoud Mohammadirad, field notes 2015",35.003740818357805,46.79968155332952,""
"","2c896fbee6fcbe3f5d786d4cc7375e2a","12-46ba8cd78a2db6592af8a4648a0e2ea9","1121633","کردستان","Kordestān","کامیاران","Kāmyārān","موچش","Muchesh","","","گاورود","Gāverud","فارس آباد","Fāres Ābād","Fārsāwā, Fāresāwā","Masoud Mohammadirad, field notes 2015","621","","","","Hōrāmi  100%","Masoud Mohammadirad, field notes 2015",34.995567434192616,46.78906000563131,""
"","2c896fbee6fcbe3f5d786d4cc7375d57","12-aadbf729180be8137db2556752f94d54","1121634","کردستان","Kordestān","کامیاران","Kāmyārān","موچش","Muchesh","","","گاورود","Gāverud","فرج آباد","Faraj Ābād","Farajāwā","Masoud Mohammadirad, field notes 2015","451","","","","Central Kurdish 80%; Hōrāmi  20%","Masoud Mohammadirad, field notes 2015",35.00020790731406,46.780326733080635,""
"","2c896fbee6fcbe3f5d786d4cc7374e44","12-cf87ea2af077d867acd2a350240297f6","1121635","کردستان","Kordestān","کامیاران","Kāmyārān","موچش","Muchesh","","","گاورود","Gāverud","هندیمن","Handimen","Hanimen","Masoud Mohammadirad, field notes 2015","525","","","","Central Kurdish 100%","Masoud Mohammadirad, field notes 2015",35.010296512741434,46.77175439307172,""
"","2c896fbee6fcbe3f5d786d4cc7373f43","12-f5eff68fc3c7c34aa0eaef3e7bd13588","1121636","کردستان","Kordestān","کامیاران","Kāmyārān","موچش","Muchesh","","","گاورود","Gāverud","پیرباغ","Pir Bāgh","Pir Bākh ","Masoud Mohammadirad, field notes 2015","26","","","","Central Kurdish 100%","Masoud Mohammadirad, field notes 2015",35.04896563634124,46.7165391440475,""
"","2c896fbee6fcbe3f5d786d4cc73732cf","12-63eb19b85b7c7bb07a1721a8b9c373b9","1121637","کردستان","Kordestān","کامیاران","Kāmyārān","موچش","Muchesh","","","گاورود","Gāverud","سموریدر","Semowridar ","Semōriyar ","Masoud Mohammadirad, field notes 2015","27","","","","Central Kurdish 100%","Masoud Mohammadirad, field notes 2015",35.05334837829382,46.71567010832688,""
"","2c896fbee6fcbe3f5d786d4cc7373273","12-f01dfe812c5787c7b556b314134517c6","1121638","کردستان","Kordestān","کامیاران","Kāmyārān","موچش","Muchesh","","","گاورود","Gāverud","نزاز","Nezāz","Nezāz","Masoud Mohammadirad, field notes 2015","404","","","","Central Kurdish 100%","Masoud Mohammadirad, field notes 2015",35.05313285512522,46.79880715319072,""
"","2c896fbee6fcbe3f5d786d4cc737272c","12-42951d42fce127774773adce274d69a7","1121639","کردستان","Kordestān","کامیاران","Kāmyārān","موچش","Muchesh","","","گاورود","Gāverud","محراب","Mehrāb","Mēṛāw","Masoud Mohammadirad, field notes 2015","1121","","","","Central Kurdish 100%","Masoud Mohammadirad, field notes 2015",35.0961269615544,46.7410625810687,""
"","2c896fbee6fcbe3f5d786d4cc737bd36","12-d69bb584498b3392f848227ab3d23674","1121640","کردستان","Kordestān","کامیاران","Kāmyārān","موچش","Muchesh","","","گاورود","Gāverud","نیر","Nier","Niyer","Masoud Mohammadirad, field notes 2015","1180","","","","Hōrāmi  100%","Masoud Mohammadirad, field notes 2015",35.10574650145757,46.72319320838809,""
"","2c896fbee6fcbe3f5d786d4cc737b5fc","12-7416101d2c55a3b9deda85b11e9cb0f0","1121641","کردستان","Kordestān","کامیاران","Kāmyārān","موچش","Muchesh","","","گاورود","Gāverud","تنگی سر","Tangi Sar","Tangi Sar","Masoud Mohammadirad, field notes 2015","1181","","","","Central Kurdish 100%","Masoud Mohammadirad, field notes 2015",35.12219326836684,46.72340778510803,""
"","2c896fbee6fcbe3f5d786d4cc737aed0","12-3f373ede49fd4ae1d5643030172921f7","1121642","کردستان","Kordestān","کامیاران","Kāmyārān","موچش","Muchesh","موچش","Muchesh","","","","","Müzhazh","Masoud Mohammadirad, field notes 2015","3448","","","","Central Kurdish 100%","Masoud Mohammadirad, field notes 2015",35.05698891866598,47.152170182226214,""
"","2c896fbee6fcbe3f5d786d4cc737ac54","10-9f3e80ce3fb67f214872d8aee830d64d","1121643","کردستان","Kordestān","سروآباد","Sarv Ābād","","","","","","","","","","","49841","","","","","","","",""
"","2c896fbee6fcbe3f5d786d4cc737a27a","10-ed5e0ab139ecff62624e04f944527927","1121644","کردستان","Kordestān","سروآباد","Sarv Ābād","اورامان","Owrāmān","","","","","","","","","9543","","","","","","","",""
"","2c896fbee6fcbe3f5d786d4cc73798b9","10-c0637d0ba1ef0dc3304913a382dc5db5","1121645","کردستان","Kordestān","سروآباد","Sarv Ābād","اورامان","Owrāmān","","","اورامان تخت","Owrāmān Takht","","","","","4814","","","","","","","",""
"","2c896fbee6fcbe3f5d786d4cc7378a91","12-9eddb1425a3f2aa09790b73526778229","1121646","کردستان","Kordestān","سروآباد","Sarv Ābād","اورامان","Owrāmān","","","اورامان تخت","Owrāmān Takht","اورامان تخت","Owrāmān Takht","Hawrāmān Takht","Masoud Mohammadirad, field notes 2015","2761","","","","Hōrāmi  100%","Masoud Mohammadirad, field notes 2015",35.25293494486305,46.260319622618745,""
"","2c896fbee6fcbe3f5d786d4cc7377efe","14-87beb33aad7c487e9b51e20a0beaeaea","1121647","کردستان","Kordestān","سروآباد","Sarv Ābād","اورامان","Owrāmān","","","اورامان تخت","Owrāmān Takht","سرپیر","Sar Pir","Sar Pir","Masoud Mohammadirad, field notes 2015","745","","","","Hōrāmi  100%","Masoud Mohammadirad, field notes 2015",35.256300328942466,46.26783003612084,""
"","2c896fbee6fcbe3f5d786d4cc7377eaa","13-0d40161669524ed11773559fe22da324","1121648","کردستان","Kordestān","سروآباد","Sarv Ābād","اورامان","Owrāmān","","","اورامان تخت","Owrāmān Takht","ری وری","Ri Vari","Ruwa Warē ","Masoud Mohammadirad, field notes 2015","419","","","","Hōrāmi  100%","Masoud Mohammadirad, field notes 2015",35.2647939610428,46.237526823274095,""
"","2c896fbee6fcbe3f5d786d4cc7377957","12-9f2e6e979ae5d03fb4ba4887c692a004","1121649","کردستان","Kordestān","سروآباد","Sarv Ābād","اورامان","Owrāmān","","","اورامان تخت","Owrāmān Takht","کماله","Kamāleh","KamāỊa","Masoud Mohammadirad, field notes 2015","666","","","","Hōrāmi  100%","Masoud Mohammadirad, field notes 2015",35.26653783702883,46.23112185182822,""
"","2c896fbee6fcbe3f5d786d4cc737f226","14-c5aa9bf9378ac9d744b706707ca50076","1121650","کردستان","Kordestān","سروآباد","Sarv Ābād","اورامان","Owrāmān","","","اورامان تخت","Owrāmān Takht","ویسیان","Veysiān","Waysiyān ","Masoud Mohammadirad, field notes 2015","223","","","","Hōrāmi  100%","Masoud Mohammadirad, field notes 2015",35.260789818508826,46.239425970936324,""
"","2c896fbee6fcbe3f5d786d4cc737ed21","10-d62cfc7b70f524120fa2755dad1c7731","1121651","کردستان","Kordestān","سروآباد","Sarv Ābād","اورامان","Owrāmān","","","شالیار","Shāliār","","","","","4729","","","","","","","",""
"","2c896fbee6fcbe3f5d786d4cc737e38e","13-70a8ba01bf68026b829c6d0b08f108ad","1121652","کردستان","Kordestān","سروآباد","Sarv Ābād","اورامان","Owrāmān","","","شالیار","Shāliār","سلین","Selin","Selēn ","Masoud Mohammadirad, field notes 2015","747","","","","Hōrāmi  100%","Masoud Mohammadirad, field notes 2015",35.225828374938644,46.32312195297509,""
"","2c896fbee6fcbe3f5d786d4cc737e2a5","12-a5b6475292467fd042391ac26dfe8ffe","1121653","کردستان","Kordestān","سروآباد","Sarv Ābād","اورامان","Owrāmān","","","شالیار","Shāliār","عباس اباد","Abbās Ābād","Hawāsāwā","Masoud Mohammadirad, field notes 2015","70","","","","Hōrāmi  100%","Masoud Mohammadirad, field notes 2015",35.19593256792292,46.38507475656551,""
"","2c896fbee6fcbe3f5d786d4cc737d9ae","14-8f498911429316d1d74a61f426916925","1121654","کردستان","Kordestān","سروآباد","Sarv Ābād","اورامان","Owrāmān","","","شالیار","Shāliār","کلجی","Kalji","Kalji","Masoud Mohammadirad, field notes 2015","288","","","","Hōrāmi  100%","Masoud Mohammadirad, field notes 2015",35.19365729564045,46.345158982238516,""
"","2c896fbee6fcbe3f5d786d4cc737d8d4","14-e14aaef3dcbb152b7df9c60f8267928f","1121655","کردستان","Kordestān","سروآباد","Sarv Ābād","اورامان","Owrāmān","","","شالیار","Shāliār","ورگه ویر","Vargeh Vir","Warga Wēṛ","Masoud Mohammadirad, field notes 2015","19","","","","Hōrāmi  100%","Masoud Mohammadirad, field notes 2015",35.2087700068548,46.348292939989435,""
"","2c896fbee6fcbe3f5d786d4cc737d0b7","12-993fce06def4162d5690949ff2bc9dad","1121656","کردستان","Kordestān","سروآباد","Sarv Ābād","اورامان","Owrāmān","","","شالیار","Shāliār","اسپه ریز","Aspeh Riz","Aspa Rēz ","Masoud Mohammadirad, field notes 2015"," ","(less than 3 households; population not specified in 2011 Census for reasons of privacy)","","","Hōrāmi  100%","Masoud Mohammadirad, field notes 2015",35.149758730470325,46.40322880740152,""
"","2c896fbee6fcbe3f5d786d4cc737ce09","14-0c703f690ba122a520c21dbd796bb9a3","1121657","کردستان","Kordestān","سروآباد","Sarv Ābād","اورامان","Owrāmān","","","شالیار","Shāliār","ناو","Nāv ","Nāw ","Masoud Mohammadirad, field notes 2015","626","","","","Hōrāmi  100%","Masoud Mohammadirad, field notes 2015",35.18024599448401,46.34412901397615,""
"","2c896fbee6fcbe3f5d786d4cc737c12c","12-d1654b9b5cd8b3308f4abd9e7603bbef","1121658","کردستان","Kordestān","سروآباد","Sarv Ābād","اورامان","Owrāmān","","","شالیار","Shāliār","نوین","Nevin","Nwēn","Masoud Mohammadirad, field notes 2015","692","","","","Hōrāmi  100%","Masoud Mohammadirad, field notes 2015",35.190780045162704,46.35863553795045,""
"","2c896fbee6fcbe3f5d786d4cc737bd6c","14-babc89ff80891249f4f5aeaa7ea2a500","1121659","کردستان","Kordestān","سروآباد","Sarv Ābād","اورامان","Owrāmān","","","شالیار","Shāliār","بلبر","Belbar","Beḷbar","Masoud Mohammadirad, field notes 2015","721","","","","Hōrāmi  100%","Masoud Mohammadirad, field notes 2015",35.24011280388563,46.29537724565034,""
"","2c896fbee6fcbe3f5d786d4cc7384a1d","12-e42c33f73defb7077583f1a9013d0c3d","1121660","کردستان","Kordestān","سروآباد","Sarv Ābād","اورامان","Owrāmān","","","شالیار","Shāliār","ژیوار","Zhivār","Zhiwār","Masoud Mohammadirad, field notes 2015","1563","","","","Hōrāmi  100%","Masoud Mohammadirad, field notes 2015",35.24107713283865,46.32418363211734,""
"","2c896fbee6fcbe3f5d786d4cc73846b6","10-e2fa1bfe206499b557ae365b27cd711f","1121661","کردستان","Kordestān","سروآباد","Sarv Ābād","مرکزی","Markazi","","","","","","","","","40298","","","","","","","",""
"","2c896fbee6fcbe3f5d786d4cc7383be5","10-1af4e5f469e397da4952e5f856a368a6","1121662","کردستان","Kordestān","سروآباد","Sarv Ābād","مرکزی","Markazi","","","بیساران","Bisārān","","","","","4328","","","","","","","",""
"","2c896fbee6fcbe3f5d786d4cc7383625","12-c441e1c69a13ddfd0787cf49d67311c6","1121663","کردستان","Kordestān","سروآباد","Sarv Ābād","مرکزی","Markazi","","","بیساران","Bisārān","بیساران","Bisārān","Bēsārān","Masoud Mohammadirad, field notes 2015","2819","","","","Hōrāmi  100%","Masoud Mohammadirad, field notes 2015",35.193131891498794,46.64622993635776,""
"","2c896fbee6fcbe3f5d786d4cc738353f","12-8471874123ecef6f138ffa32c7abb6e0","1121664","کردستان","Kordestān","سروآباد","Sarv Ābād","مرکزی","Markazi","","","بیساران","Bisārān","ژان","Zhān","Zhān","Masoud Mohammadirad, field notes 2015","693","","","","Hōrāmi  100%","Masoud Mohammadirad, field notes 2015",35.174389209124286,46.6163057369587,""
"","2c896fbee6fcbe3f5d786d4cc738310f","12-f554fddbb53870a8c9fdb578ec479440","1121665","کردستان","Kordestān","سروآباد","Sarv Ābād","مرکزی","Markazi","","","بیساران","Bisārān","نسنار","Nasanār","Nasanār","Masoud Mohammadirad, field notes 2015","354","","","","Hōrāmi  100%","Masoud Mohammadirad, field notes 2015",35.17400712224871,46.567784439652996,""
"","2c896fbee6fcbe3f5d786d4cc7382597","12-786e9cc7e20c5fcbcefe0dc2ebf8b813","1121666","کردستان","Kordestān","سروآباد","Sarv Ābād","مرکزی","Markazi","","","بیساران","Bisārān","هرسین","Harsin","Harsin","Masoud Mohammadirad, field notes 2015","323","","","","Hōrāmi  100%","Masoud Mohammadirad, field notes 2015",35.20370883973606,46.55860381119506,""
"","2c896fbee6fcbe3f5d786d4cc7381cdc","12-2baf1c948871c48444dfe87cb7a468bc","1121667","کردستان","Kordestān","سروآباد","Sarv Ābād","مرکزی","Markazi","","","بیساران","Bisārān","یوژنان","Yuzhanān","Wēzhanān ","Masoud Mohammadirad, field notes 2015","139","","","","Central Kurdish 100%","Masoud Mohammadirad, field notes 2015",35.16260055925514,46.57289462082474,""
"","2c896fbee6fcbe3f5d786d4cc7380f2c","10-c3a96dfdadb1ec79b6dbe9aa32e588d7","1121668","کردستان","Kordestān","سروآباد","Sarv Ābād","مرکزی","Markazi","","","پایگلان","Pāygalān","","","","","5989","","","","","","","",""
"","2c896fbee6fcbe3f5d786d4cc7380000","12-20d56b77bb0c60dc8ceced10085add27","1121669","کردستان","Kordestān","سروآباد","Sarv Ābād","مرکزی","Markazi","","","پایگلان","Pāygalān","پایگلان","Pāygalān","Pāygalān","Masoud Mohammadirad, field notes 2015","1645","","","","Hōrāmi  100%","Masoud Mohammadirad, field notes 2015",35.138757355612185,46.60287098876912,""
"","2c896fbee6fcbe3f5d786d4cc738a3e5","12-10d070f665c4c54b356a9f758cac600a","1121670","کردستان","Kordestān","سروآباد","Sarv Ābād","مرکزی","Markazi","","","پایگلان","Pāygalān","ژنین","Zhenin","Zhenēn ","Masoud Mohammadirad, field notes 2015","1402","","","","Hōrāmi  100%","Masoud Mohammadirad, field notes 2015",35.138967922198454,46.58156352035818,""
"","2c896fbee6fcbe3f5d786d4cc7389752","12-6f451cbf034f929d1187b2431adc6233","1121671","کردستان","Kordestān","سروآباد","Sarv Ābād","مرکزی","Markazi","","","پایگلان","Pāygalān","گواز","Govāz","Gowāz ","Masoud Mohammadirad, field notes 2015","676","","","","Hōrāmi  100%","Masoud Mohammadirad, field notes 2015",35.10911467597926,46.65552811614303,""
"","2c896fbee6fcbe3f5d786d4cc738907c","12-88234d1f8281f2047fd287393ab75b45","1121672","کردستان","Kordestān","سروآباد","Sarv Ābād","مرکزی","Markazi","","","پایگلان","Pāygalān","آریان","Āryān","Āryān","Masoud Mohammadirad, field notes 2015","429","","","","Hōrāmi  75%; Central Kurdish 25%","Masoud Mohammadirad, field notes 2015",35.14507411626983,46.562401819158325,""
"","2c896fbee6fcbe3f5d786d4cc7388a50","12-b14d7b61a6d11f549eccd2a635561a12","1121673","کردستان","Kordestān","سروآباد","Sarv Ābād","مرکزی","Markazi","","","پایگلان","Pāygalān","چشمیدر","Chashmidar","Chashmiyar","Masoud Mohammadirad, field notes 2015","888","","","","Hōrāmi  100%","Masoud Mohammadirad, field notes 2015",35.166439305579516,46.537100174400265,""
"","2c896fbee6fcbe3f5d786d4cc7388740","14-2d149faebc7d32b84f8a554dfc816d62","1121674","کردستان","Kordestān","سروآباد","Sarv Ābād","مرکزی","Markazi","","","پایگلان","Pāygalān","بوری در","Bowridar","Bōṛiyar ","Masoud Mohammadirad, field notes 2015","949","","","","Central Kurdish 100%","Masoud Mohammadirad, field notes 2015",35.200868407354164,46.514551210340045,""
"","2c896fbee6fcbe3f5d786d4cc738783a","10-87e84a593a7d8ef96d88dc02450de0d4","1121675","کردستان","Kordestān","سروآباد","Sarv Ābād","مرکزی","Markazi","","","رزآب","Raz Āb","","","","","6715","","","","","","","",""
"","2c896fbee6fcbe3f5d786d4cc7386cc7","12-c4425766834cb7e7d3ef7bb0a5734734","1121676","کردستان","Kordestān","سروآباد","Sarv Ābād","مرکزی","Markazi","","","رزآب","Raz Āb","دگاگاه","Degāgāh","Degāgā","Masoud Mohammadirad, field notes 2015","947","","","","Hōrāmi  100%","Masoud Mohammadirad, field notes 2015",35.22690420634306,46.447602887248614,""
"","2c896fbee6fcbe3f5d786d4cc73866de","12-dc8216377e2f155e05ff20b7a96233a0","1121677","کردستان","Kordestān","سروآباد","Sarv Ābād","مرکزی","Markazi","","","رزآب","Raz Āb","ماضی بن","Māzi Ben","Māziben","Masoud Mohammadirad, field notes 2015","474","","","","Central Kurdish 100%","Masoud Mohammadirad, field notes 2015",35.22062886189624,46.46539129743258,""
"","2c896fbee6fcbe3f5d786d4cc73860e4","12-4d6eb08791697a1e99dcc1580850e5ed","1121678","کردستان","Kordestān","سروآباد","Sarv Ābād","مرکزی","Markazi","","","رزآب","Raz Āb","نی آباد","Ni Ābād","Nöyāwā ","Masoud Mohammadirad, field notes 2015","333","","","","Central Kurdish 100%","Masoud Mohammadirad, field notes 2015",35.245188530535614,46.45952332796699,""
"","2c896fbee6fcbe3f5d786d4cc73854a0","12-12c8444f8b12f5c1982e64dc3375df74","1121679","کردستان","Kordestān","سروآباد","Sarv Ābād","مرکزی","Markazi","","","رزآب","Raz Āb","احمد آباد تفلی","Ahmad Ābād-e Tefli","Ahmawāwā ","Masoud Mohammadirad, field notes 2015","278","","","","Central Kurdish 100%","Masoud Mohammadirad, field notes 2015",35.32353001975332,46.339363123203384,""
"","2c896fbee6fcbe3f5d786d4cc739030a","14-0a428f2419404470467bf9caf8ba6313","1121680","کردستان","Kordestān","سروآباد","Sarv Ābād","مرکزی","Markazi","","","رزآب","Raz Āb","ترخان آباد","Tarkhān Ābād","Tarkhānāwā","Masoud Mohammadirad, field notes 2015","606","","","","Central Kurdish 100%","Masoud Mohammadirad, field notes 2015",35.305887789294815,46.384774674932345,""
"","2c896fbee6fcbe3f5d786d4cc738f99e","12-5293ceef966d6f6d79164c8739a501ed","1121681","کردستان","Kordestān","سروآباد","Sarv Ābād","مرکزی","Markazi","","","رزآب","Raz Āb","ابراهیم آباد","Ebrāhim Ābād","Gorgai","Masoud Mohammadirad, field notes 2015","376","","","","Central Kurdish 100%","Masoud Mohammadirad, field notes 2015",35.32132406744675,46.34651925685279,""
"","2c896fbee6fcbe3f5d786d4cc738ea18","12-e301dadaf8301e6b6985191739d7db5d","1121682","کردستان","Kordestān","سروآباد","Sarv Ābād","مرکزی","Markazi","","","رزآب","Raz Āb","خانقاه رزاب","Khāneqāh-e Raz Āb","Khānaqāy Ṛazāw","Masoud Mohammadirad, field notes 2015","81","","","","Hōrāmi  100%","Masoud Mohammadirad, field notes 2015",35.269239118712115,46.39786746622804,""
"","2c896fbee6fcbe3f5d786d4cc738e16c","12-ed51ba6db51a8e9e3984db2b5b322a9c","1121683","کردستان","Kordestān","سروآباد","Sarv Ābād","مرکزی","Markazi","","","رزآب","Raz Āb","دورود","Dorud","Duṛō","Masoud Mohammadirad, field notes 2015","431","","","","Hōrāmi  100%","Masoud Mohammadirad, field notes 2015",35.3013954870598,46.35391889196008,""
"","2c896fbee6fcbe3f5d786d4cc738dc5b","12-4e64a64d6a9ba1257ea696e0bc362ec7","1121684","کردستان","Kordestān","سروآباد","Sarv Ābād","مرکزی","Markazi","","","رزآب","Raz Āb","رزآب","Raz Āb","Ṛazāw","Masoud Mohammadirad, field notes 2015","716","","","","Hōrāmi  100%","Masoud Mohammadirad, field notes 2015",35.259557155804,46.402832158236265,""
"","2c896fbee6fcbe3f5d786d4cc738ce6a","12-72a92c842133eac0390efbb51e3b1172","1121685","کردستان","Kordestān","سروآباد","Sarv Ābād","مرکزی","Markazi","","","رزآب","Raz Āb","محمود آباد","Mahmud Ābād","Mahmuāwā ","Masoud Mohammadirad, field notes 2015"," ","(less than 3 households; population not specified in 2011 Census for reasons of privacy)","","","Hōrāmi  100%","Masoud Mohammadirad, field notes 2015",35.295677580877964,46.36860666852417,""
"","2c896fbee6fcbe3f5d786d4cc738c0e2","12-9e1e96b2cb1df88856249e7c03ac678a","1121686","کردستان","Kordestān","سروآباد","Sarv Ābād","مرکزی","Markazi","","","رزآب","Raz Āb","کر آباد","Karr Ābād","Kaṛāwā ","Masoud Mohammadirad, field notes 2015","646","","","","Hōrāmi  100%","Masoud Mohammadirad, field notes 2015",35.262221254091685,46.42372512922657,""
"","2c896fbee6fcbe3f5d786d4cc738b865","12-6bb408d6cf9c2d87a5e35ea28407f5d5","1121687","کردستان","Kordestān","سروآباد","Sarv Ābād","مرکزی","Markazi","","","رزآب","Raz Āb","گوشخانی","Gowsh Khāni","Gōshkhāni","Masoud Mohammadirad, field notes 2015","1107","","","","Central Kurdish 100%","Masoud Mohammadirad, field notes 2015",35.287604604224185,46.43095636472957,""
"","2c896fbee6fcbe3f5d786d4cc738b82a","12-98df51783ff098aa3abb116877a3c220","1121688","کردستان","Kordestān","سروآباد","Sarv Ābād","مرکزی","Markazi","","","رزآب","Raz Āb","نسل","Nesel","NesēỊ","Masoud Mohammadirad, field notes 2015","712","","","","Central Kurdish 100%","Masoud Mohammadirad, field notes 2015",35.295030663841814,46.434539795972896,""
"","2c896fbee6fcbe3f5d786d4cc738b0b3","10-f01a0c580fa7b33233bd31adc4d290a7","1121689","کردستان","Kordestān","سروآباد","Sarv Ābād","مرکزی","Markazi","","","ژریژه","Zherizheh","","","","","3922","","","","","","","",""
"","2c896fbee6fcbe3f5d786d4cc7395ba2","12-42425d332f99c927b30a1879828a3903","1121690","کردستان","Kordestān","سروآباد","Sarv Ābād","مرکزی","Markazi","","","ژریژه","Zherizheh","تفین","Tefin","Tefēn","Masoud Mohammadirad, field notes 2015","81","","","","Hōrāmi  100%","Masoud Mohammadirad, field notes 2015",35.085408425422536,46.60372953375005,""
"","2c896fbee6fcbe3f5d786d4cc739596d","12-ac64b208fb8ceacba1d934bdcc3d1f80","1121691","کردستان","Kordestān","سروآباد","Sarv Ābād","مرکزی","Markazi","","","ژریژه","Zherizheh","دزوند علیا","Dezavand Olyā","Dezawan Saru","Masoud Mohammadirad, field notes 2015","157","","","","Central Kurdish 100%","Masoud Mohammadirad, field notes 2015",35.10388283360635,46.546439483802345,""
"","2c896fbee6fcbe3f5d786d4cc739526d","12-132e441f8dcc8aaac220c155ad4574da","1121692","کردستان","Kordestān","سروآباد","Sarv Ābād","مرکزی","Markazi","","","ژریژه","Zherizheh","دزوند سفلی","Dezavand Soflā","Dezawan Khwāru","Masoud Mohammadirad, field notes 2015","57","","","","Central Kurdish 100%","Masoud Mohammadirad, field notes 2015",35.09944136030488,46.55731852356501,""
"","2c896fbee6fcbe3f5d786d4cc739459b","16-d41ff76f49e7d4e9832a390fc18c2d50","1121693","کردستان","Kordestān","سروآباد","Sarv Ābād","مرکزی","Markazi","","","ژریژه","Zherizheh","سورتو","Suretu","Sûretifî","Karen Daliri, field notes 2021","526","","","","Hōrāmi  100%","Masoud Mohammadirad, field notes 2015",35.11934,46.55697,"In his 2015 field notes, Masoud Mohammadirad was provided with the Central Kurdish-based pronunciation, Suratu. This new pronunciation has come into use partly because it has been recorded this way on official maps. Karen Daliri, a Hōrāmi speaker, has updated the pronunciation to its original Hōrāmi form. In Hawar-based Kurdish script, it would be written ""Sûretifî"". The Hōrāmi word /tifî/ 'mulberry' corresponds to Central Kurdish /tû/."
"","2c896fbee6fcbe3f5d786d4cc739395b","12-0f236c456837a81b3f5422a841d0de5a","1121694","کردستان","Kordestān","سروآباد","Sarv Ābād","مرکزی","Markazi","","","ژریژه","Zherizheh","دهکانان","Deh Kānān","Dēkānān ","Masoud Mohammadirad, field notes 2015","64","","","","Central Kurdish 100%","Masoud Mohammadirad, field notes 2015",35.09986269622504,46.58169443908944,""
"","2c896fbee6fcbe3f5d786d4cc7392fb4","12-80a9df365a9471a6791cc64b190787a6","1121695","کردستان","Kordestān","سروآباد","Sarv Ābād","مرکزی","Markazi","","","ژریژه","Zherizheh","ژریژه","Zherizheh","Zherizha","Masoud Mohammadirad, field notes 2015","339","","","","Central Kurdish 100%","Masoud Mohammadirad, field notes 2015",35.14996696224576,46.52223115364923,""
"","2c896fbee6fcbe3f5d786d4cc7392798","12-f2bda9de0ae93eabea2ee85415fa0842","1121696","کردستان","Kordestān","سروآباد","Sarv Ābād","مرکزی","Markazi","","","ژریژه","Zherizheh","کانی حسین بگ","Kāni Hoseyn Bag","Kāni Hosayn Bag","Masoud Mohammadirad, field notes 2015","141","","","","Central Kurdish 100%","Masoud Mohammadirad, field notes 2015",35.1246123591573,46.53062517945317,""
"","2c896fbee6fcbe3f5d786d4cc7391cc0","12-57b580af825c0cf77056d61079fe2a3f","1121697","کردستان","Kordestān","سروآباد","Sarv Ābād","مرکزی","Markazi","","","ژریژه","Zherizheh","جولانده","Jowlān Deh","Jōḷāndē","Masoud Mohammadirad, field notes 2015","165","","","","Hōrāmi  100%","Masoud Mohammadirad, field notes 2015",35.10051225150097,46.52326519791748,""
"","2c896fbee6fcbe3f5d786d4cc7391042","12-3b4c37da15bfad6849e4e2d8be4244c2","1121698","کردستان","Kordestān","سروآباد","Sarv Ābād","مرکزی","Markazi","","","ژریژه","Zherizheh","دیوزناو","Divaz Nāv","Dēwaznāw","Masoud Mohammadirad, field notes 2015","449","","","","Hōrāmi  100%","Masoud Mohammadirad, field notes 2015",35.085079525886954,46.52062590424657,""
"","2c896fbee6fcbe3f5d786d4cc7390ec6","12-9e1dc0140b57f525da5162c51a80b4b6","1121699","کردستان","Kordestān","سروآباد","Sarv Ābād","مرکزی","Markazi","","","ژریژه","Zherizheh","دیور","Divar","Dēwar","Masoud Mohammadirad, field notes 2015","76","","","","Hōrāmi  90%; Central Kurdish 10%","Masoud Mohammadirad, field notes 2015",35.136510584279826,46.52879897123526,""
"","2c896fbee6fcbe3f5d786d4cc739a6cf","14-a8aad6fd780a0b8d172589550ce83e14","1121700","کردستان","Kordestān","سروآباد","Sarv Ābād","مرکزی","Markazi","","","ژریژه","Zherizheh","سرومال","Sar o Māl","Sarumāḷ","Masoud Mohammadirad, field notes 2015","89","","","","Hōrāmi  100%","Masoud Mohammadirad, field notes 2015",35.16573984044834,46.50667611128368,""
"","2c896fbee6fcbe3f5d786d4cc7399d97","12-3fe538b55922fc15ac1a0045958d5d3f","1121701","کردستان","Kordestān","سروآباد","Sarv Ābād","مرکزی","Markazi","","","ژریژه","Zherizheh","ککلیک آباد","Kaklik Ābād","Kakḷiyāwā","Masoud Mohammadirad, field notes 2015","90","","","","Central Kurdish 100%","Masoud Mohammadirad, field notes 2015",35.163371714246885,46.49680558210887,""
"","2c896fbee6fcbe3f5d786d4cc73994f3","12-774c75ae45355aba45206862cf8e96ff","1121702","کردستان","Kordestān","سروآباد","Sarv Ābād","مرکزی","Markazi","","","ژریژه","Zherizheh","کولیچ","Kowlich","Kōḷizh ","Masoud Mohammadirad, field notes 2015","45","","","","Central Kurdish 100%","Masoud Mohammadirad, field notes 2015",35.13308709354109,46.506309560938284,""
"","2c896fbee6fcbe3f5d786d4cc73991d6","12-6fed7fd4a8009cdd3d985ec9f9e5a10e","1121703","کردستان","Kordestān","سروآباد","Sarv Ābād","مرکزی","Markazi","","","ژریژه","Zherizheh","دله مرز","Daleh Marz","Daḷamarz","Masoud Mohammadirad, field notes 2015","454","","","","Hōrāmi  100%","Masoud Mohammadirad, field notes 2015",35.11702796712564,46.484637312102,""
"","2c896fbee6fcbe3f5d786d4cc73987a9","12-ab7a24e997540eb62d5606d2aa1ddfae","1121704","کردستان","Kordestān","سروآباد","Sarv Ābād","مرکزی","Markazi","","","ژریژه","Zherizheh","دل","Dal","Dal","Masoud Mohammadirad, field notes 2015","869","","","","Hōrāmi  100%","Masoud Mohammadirad, field notes 2015",35.138473652367466,46.46570709287639,""
"","2c896fbee6fcbe3f5d786d4cc7397fd5","14-1dc119e4712280e968d1c133ccd0ff81","1121705","کردستان","Kordestān","سروآباد","Sarv Ābād","مرکزی","Markazi","","","ژریژه","Zherizheh","روار","Ruvār","Ruwār","Masoud Mohammadirad, field notes 2015","231","","","","Hōrāmi  100%","Masoud Mohammadirad, field notes 2015",35.15898453136237,46.43549441711015,""
"","2c896fbee6fcbe3f5d786d4cc739781d","12-79bbf937eff81814b445996d2d8b4fcf","1121706","کردستان","Kordestān","سروآباد","Sarv Ābād","مرکزی","Markazi","","","ژریژه","Zherizheh","زوم","Zowm","Zōm ","Masoud Mohammadirad, field notes 2015","89","","","","Hōrāmi  100%","Masoud Mohammadirad, field notes 2015",35.14159768250718,46.447424882807006,""
"","2c896fbee6fcbe3f5d786d4cc7397440","10-b947f1a8f069a43ca62f1bf6cc48e0fb","1121707","کردستان","Kordestān","سروآباد","Sarv Ābād","مرکزی","Markazi","","","کوسالان","Ku Sālān","","","","","9183","","","","","","","",""
"","2c896fbee6fcbe3f5d786d4cc73968c5","12-9bdc9cc223e03cfb1f4c30b0ccee955e","1121708","کردستان","Kordestān","سروآباد","Sarv Ābād","مرکزی","Markazi","","","کوسالان","Ku Sālān","تازه آباد تفلی","Tāzeh Ābād-e Tefli","Tāzāwā","Masoud Mohammadirad, field notes 2015","175","","","","Central Kurdish 100%","Masoud Mohammadirad, field notes 2015",35.343449476872095,46.30781063490983,""
"","2c896fbee6fcbe3f5d786d4cc739667d","12-021c38e303db4e0e2a1bc49f6a0273e2","1121709","کردستان","Kordestān","سروآباد","Sarv Ābād","مرکزی","Markazi","","","کوسالان","Ku Sālān","تخان","Tekhān","Tekhān","Masoud Mohammadirad, field notes 2015","199","","","","Central Kurdish 100%","Masoud Mohammadirad, field notes 2015",35.348001281266384,46.33229402177926,""
"","2c896fbee6fcbe3f5d786d4cc739f471","12-42685717e78933f5b93d173fd120e63b","1121710","کردستان","Kordestān","سروآباد","Sarv Ābād","مرکزی","Markazi","","","کوسالان","Ku Sālān","تفلی","Tefli","Tefḷi","Masoud Mohammadirad, field notes 2015","579","","","","Central Kurdish 100%","Masoud Mohammadirad, field notes 2015",35.33225458467544,46.310407013235306,""
"","2c896fbee6fcbe3f5d786d4cc739efe1","12-da4462301a63c28d75159a331e75df3a","1121711","کردستان","Kordestān","سروآباد","Sarv Ābād","مرکزی","Markazi","","","کوسالان","Ku Sālān","مبارک آباد سپیدار","Mobārak Ābād-e Sepidār","Sepyār ","Masoud Mohammadirad, field notes 2015","254","","","","Central Kurdish 100%","Masoud Mohammadirad, field notes 2015",35.34833381893551,46.348548372967045,""
"","2c896fbee6fcbe3f5d786d4cc739ed26","12-27865a8d083f9328e36bc67b0717b15e","1121712","کردستان","Kordestān","سروآباد","Sarv Ābād","مرکزی","Markazi","","","کوسالان","Ku Sālān","هزارخانی","Hezār Khāni","Hazārkhāni","Masoud Mohammadirad, field notes 2015","809","","","","Central Kurdish 100%","Masoud Mohammadirad, field notes 2015",35.354712119263006,46.366765738595916,""
"","2c896fbee6fcbe3f5d786d4cc739e604","12-64f361480dd18cabfc52a8d9ca1d4ffd","1121713","کردستان","Kordestān","سروآباد","Sarv Ābād","مرکزی","Markazi","","","کوسالان","Ku Sālān","انجمنه","Anjemneh","Hajemna","Masoud Mohammadirad, field notes 2015","1241","","","","Central Kurdish 100%","Masoud Mohammadirad, field notes 2015",35.36628791287749,46.352614403835275,""
"","2c896fbee6fcbe3f5d786d4cc739d98b","12-7b8dbd35d6aca4d5ca2b0e8ec4997861","1121714","کردستان","Kordestān","سروآباد","Sarv Ābād","مرکزی","Markazi","","","کوسالان","Ku Sālān","آلمانه","Ālmāneh","Āḷmāna","Masoud Mohammadirad, field notes 2015","855","","","","Central Kurdish 100%","Masoud Mohammadirad, field notes 2015",35.38508869494128,46.31566432589035,""
"","2c896fbee6fcbe3f5d786d4cc739ca78","12-32fdfcb7547a8d2a6780b9a7108ce9da","1121715","کردستان","Kordestān","سروآباد","Sarv Ābād","مرکزی","Markazi","","","کوسالان","Ku Sālān","گلانه","Golāneh","Woḷāna","Masoud Mohammadirad, field notes 2015","261","","","","Central Kurdish 100%","Masoud Mohammadirad, field notes 2015",35.37774088902425,46.29898098581966,""
"","2c896fbee6fcbe3f5d786d4cc739be47","12-21580bf80e192d9647378b5bc141010c","1121716","کردستان","Kordestān","سروآباد","Sarv Ābād","مرکزی","Markazi","","","کوسالان","Ku Sālān","هالوژان","Hāluzhān","Haḷuzhān","Masoud Mohammadirad, field notes 2015","58","","","","Central Kurdish 100%","Masoud Mohammadirad, field notes 2015",35.38967158320158,46.2963524209851,""
"","2c896fbee6fcbe3f5d786d4cc739bcfe","14-ff4078e974309e3dd473045a6d36f7dc","1121717","کردستان","Kordestān","سروآباد","Sarv Ābād","مرکزی","Markazi","","","کوسالان","Ku Sālān","بهرام آباد","Bahrām Ābād","Bārāmāwā","Masoud Mohammadirad, field notes 2015","635","","","","Hōrāmi  100%","Masoud Mohammadirad, field notes 2015",35.358903395687925,46.25692391503415,""
"","2c896fbee6fcbe3f5d786d4cc739b8d8","12-c198361ff5550c34c3d4a1172490699a","1121718","کردستان","Kordestān","سروآباد","Sarv Ābād","مرکزی","Markazi","","","کوسالان","Ku Sālān","قلعه جی","Qal'eh Ji","Qaḷājē","Masoud Mohammadirad, field notes 2015","1491","","","","Central Kurdish 60%; Hōrāmi  40%","Masoud Mohammadirad, field notes 2015",35.35993713086852,46.282779302600055,""
"","2c896fbee6fcbe3f5d786d4cc739b2f5","12-3b851a8bec2ab07d7fc687ea18ca596b","1121719","کردستان","Kordestān","سروآباد","Sarv Ābād","مرکزی","Markazi","","","کوسالان","Ku Sālān","قلعه گاه","Qal'egāh","Qaḷāgā","Masoud Mohammadirad, field notes 2015","832","","","","Central Kurdish 100%","Masoud Mohammadirad, field notes 2015",35.3586859117763,46.2873819732685,""
"","2c896fbee6fcbe3f5d786d4cc73a5f24","12-1b5002c49b45df498fb9d6406fd6f3d9","1121720","کردستان","Kordestān","سروآباد","Sarv Ābād","مرکزی","Markazi","","","کوسالان","Ku Sālān","درکی","Daraki","Deroki","Masoud Mohammadirad, field notes 2015","1794","","","","Hōrāmi  100%","Masoud Mohammadirad, field notes 2015",35.319677529315435,46.19851502073212,""
"","2c896fbee6fcbe3f5d786d4cc73a5033","10-284751c871947bd0b9e3e4b26f536651","1121721","کردستان","Kordestān","سروآباد","Sarv Ābād","مرکزی","Markazi","","","دزلی","Dezli","","","","","5185","","","","","","","",""
"","2c896fbee6fcbe3f5d786d4cc73a4423","12-99c86474484fe6be9bceff16d9ec2044","1121722","کردستان","Kordestān","سروآباد","Sarv Ābād","مرکزی","Markazi","","","دزلی","Dezli","دمیو","Demayow","Daymayō","Masoud Mohammadirad, field notes 2015","443","","","","Hōrāmi  100%","Masoud Mohammadirad, field notes 2015",35.33565406619416,46.19350701436031,""
"","2c896fbee6fcbe3f5d786d4cc73a34ed","12-b6f2384ab5310c59d557b84606c61916","1121723","کردستان","Kordestān","سروآباد","Sarv Ābād","مرکزی","Markazi","","","دزلی","Dezli","بندول","Bendowl","Benōḷ","Masoud Mohammadirad, field notes 2015","351","","","","Hōrāmi  100%","Masoud Mohammadirad, field notes 2015",35.31977574976859,46.260336934166666,""
"","2c896fbee6fcbe3f5d786d4cc73a3383","12-f476e1a9361828cbf14daf32e6439674","1121724","کردستان","Kordestān","سروآباد","Sarv Ābād","مرکزی","Markazi","","","دزلی","Dezli","ذلکه","Zalkeh","Zalka","Masoud Mohammadirad, field notes 2015","129","","","","Central Kurdish 100%","Masoud Mohammadirad, field notes 2015",35.40181552859058,46.217907395374844,""
"","2c896fbee6fcbe3f5d786d4cc73a291c","12-94848dd26b925fdf77d92eae444d15de","1121725","کردستان","Kordestān","سروآباد","Sarv Ābād","مرکزی","Markazi","","","دزلی","Dezli","دره ناخی","Darreh Nākhi","Dara Nākhē","Masoud Mohammadirad, field notes 2015","523","","","","Central Kurdish 100%","Masoud Mohammadirad, field notes 2015",35.3923658126668,46.2341240310766,""
"","2c896fbee6fcbe3f5d786d4cc73a1a40","12-1f1dbc1657f6c0ed86d67fd82fd97673","1121726","کردستان","Kordestān","سروآباد","Sarv Ābād","مرکزی","Markazi","","","دزلی","Dezli","ذکریان","Zakeryān","Zakeryān","Masoud Mohammadirad, field notes 2015","258","","","","Central Kurdish 100%","Masoud Mohammadirad, field notes 2015",35.38993433227134,46.25369342804722,""
"","2c896fbee6fcbe3f5d786d4cc73a10cb","12-7bcf1c62d6ef62fe9ff1c09af7518bbf","1121727","کردستان","Kordestān","سروآباد","Sarv Ābād","مرکزی","Markazi","","","دزلی","Dezli","خشکین","Khoshkin","Weshkēn","Masoud Mohammadirad, field notes 2015","69","","","","Central Kurdish 100%","Masoud Mohammadirad, field notes 2015",35.40487490795081,46.25131988662857,""
"","2c896fbee6fcbe3f5d786d4cc73a010a","14-16e829d19111cf4cf30571388c41ddbc","1121728","کردستان","Kordestān","سروآباد","Sarv Ābād","مرکزی","Markazi","","","دزلی","Dezli","حسین آباد","Hoseyn Ābād","Biyakaṛa ","Masoud Mohammadirad, field notes 2015","681","","","","Central Kurdish 100%","Masoud Mohammadirad, field notes 2015",35.407336598276856,46.27055085415047,""
"","2c896fbee6fcbe3f5d786d4cc73a001e","12-89dd0a86875ee8e59ce79821521358fd","1121729","کردستان","Kordestān","سروآباد","Sarv Ābād","مرکزی","Markazi","","","دزلی","Dezli","دزلی","Dezli","Dezḷi","Masoud Mohammadirad, field notes 2015","2731","","","","Hōrāmi  100%","Masoud Mohammadirad, field notes 2015",35.37445597900256,46.146968331358956,""
"","2c896fbee6fcbe3f5d786d4cc73aab18","12-2a08a4714c97c394c021f476c0cd7e30","1121730","کردستان","Kordestān","سروآباد","Sarv Ābād","مرکزی","Markazi","سروآباد","Sarv Ābād","","","","","Sawlāwā","Masoud Mohammadirad, field notes 2015","4976","","","","Central Kurdish 70%; Hōrāmi  30%","Masoud Mohammadirad, field notes 2015",35.313067546278035,46.36720562087215,""
"","2c896fbee6fcbe3f5d786d4cc73a9ef6","10-50d75c7515703109c44581fb9361e332","1121731","کردستان","Kordestān","دهگلان","Deh Golān","","","","","","","","","","","62844","","","","","","","",""
"","2c896fbee6fcbe3f5d786d4cc73a96d6","10-5b039c89496004300aa1bfcecc114ca5","1121732","کردستان","Kordestān","دهگلان","Deh Golān","مرکزی","Markazi","","","","","","","","","43270","","","","","","","",""
"","2c896fbee6fcbe3f5d786d4cc73a8afb","10-e688728cadeb974e5d0e8eeac942a9bb","1121733","کردستان","Kordestān","دهگلان","Deh Golān","مرکزی","Markazi","","","ایلاق شمالی","Ilāq-e Shomāli","","","","","5357","","","","","","","",""
"","2c896fbee6fcbe3f5d786d4cc73a88a7","12-48f75c105d7925f0053769854ad67dbf","1121734","کردستان","Kordestān","دهگلان","Deh Golān","مرکزی","Markazi","","","ایلاق شمالی","Ilāq-e Shomāli","بگه جان","Bageh Jān","Bawajān","Masoud Mohammadirad, field notes 2015","622","","","","Central Kurdish 100%","Masoud Mohammadirad, field notes 2015",35.36879759373153,47.44799451728228,""
"","2c896fbee6fcbe3f5d786d4cc73a8475","12-7d08c6a1b5f3f4376e63170d1381fddb","1121735","کردستان","Kordestān","دهگلان","Deh Golān","مرکزی","Markazi","","","ایلاق شمالی","Ilāq-e Shomāli","تازه آباد گاومیشان","Tāzeh Ābād-e Gāvmishān","Tāzāwāy Gāmēshān","Masoud Mohammadirad, field notes 2015","138","","","","Central Kurdish 100%","Masoud Mohammadirad, field notes 2015",35.394411085455495,47.47447000861267,""
"","2c896fbee6fcbe3f5d786d4cc73a8073","12-403013994bd3b33a7db1ed6dc25eb4e5","1121736","کردستان","Kordestān","دهگلان","Deh Golān","مرکزی","Markazi","","","ایلاق شمالی","Ilāq-e Shomāli","علی آباد لوچ","Ali Ābād-e Luch","Āliyāwāy Luch","Masoud Mohammadirad, field notes 2015","300","","","","Central Kurdish 100%","Masoud Mohammadirad, field notes 2015",35.38646934578959,47.50369535803546,""
"","2c896fbee6fcbe3f5d786d4cc73a78e0","12-fea952846745470a40c9ba7aec8084c5","1121737","کردستان","Kordestān","دهگلان","Deh Golān","مرکزی","Markazi","","","ایلاق شمالی","Ilāq-e Shomāli","کاکه جوب","Kākeh Jub","Kākaju","Masoud Mohammadirad, field notes 2015","298","","","","Central Kurdish 100%","Masoud Mohammadirad, field notes 2015",35.39689468149618,47.411847578222236,""
"","2c896fbee6fcbe3f5d786d4cc73a7288","12-a9015d9f05b0ac81db2b359b6dc781f4","1121738","کردستان","Kordestān","دهگلان","Deh Golān","مرکزی","Markazi","","","ایلاق شمالی","Ilāq-e Shomāli","نیاز","Niāz","Niyāz","Masoud Mohammadirad, field notes 2015","295","","","","Central Kurdish 100%","Masoud Mohammadirad, field notes 2015",35.414366938779416,47.516977657074584,""
"","2c896fbee6fcbe3f5d786d4cc73a6e7c","12-6d8cd80fa8c5766bd9a8dbae977d495c","1121739","کردستان","Kordestān","دهگلان","Deh Golān","مرکزی","Markazi","","","ایلاق شمالی","Ilāq-e Shomāli","آخی کمال","Ākhi Kamāl","Yakhi Kamāḷ","Masoud Mohammadirad, field notes 2015","39","","","","Central Kurdish 100%","Masoud Mohammadirad, field notes 2015",35.43180112972774,47.45535084847338,""
"","2c896fbee6fcbe3f5d786d4cc73b101a","12-a4cde62ec1bb63d22c16da83096da3ae","1121740","کردستان","Kordestān","دهگلان","Deh Golān","مرکزی","Markazi","","","ایلاق شمالی","Ilāq-e Shomāli","بله دستی","Baleh Dasti","Balawasi","Masoud Mohammadirad, field notes 2015","1314","","","","Central Kurdish 100%","Masoud Mohammadirad, field notes 2015",35.43523112474453,47.398608194525835,""
"","2c896fbee6fcbe3f5d786d4cc73b04ea","12-c80ac24ed7ddf150c91280adddf3e8f9","1121741","کردستان","Kordestān","دهگلان","Deh Golān","مرکزی","Markazi","","","ایلاق شمالی","Ilāq-e Shomāli","خان آباد","Khān Ābād","Khānāwā","Masoud Mohammadirad, field notes 2015","58","","","","Central Kurdish 100%","Masoud Mohammadirad, field notes 2015",35.44349605884314,47.49342786192714,""
"","2c896fbee6fcbe3f5d786d4cc73afbcb","13-218d910027cbbaad552d0050b6e7b4b5","1121742","کردستان","Kordestān","دهگلان","Deh Golān","مرکزی","Markazi","","","ایلاق شمالی","Ilāq-e Shomāli","ظفر آباد","Zafar Ābād","Khöḷena ","Masoud Mohammadirad, field notes 2015","70","","","","Central Kurdish 100%","Masoud Mohammadirad, field notes 2015",35.454577243179116,47.50804381269914,""
"","2c896fbee6fcbe3f5d786d4cc73aefb9","12-3855887f1e7c4b8818467c6d39dad499","1121743","کردستان","Kordestān","دهگلان","Deh Golān","مرکزی","Markazi","","","ایلاق شمالی","Ilāq-e Shomāli","چشمه دراز","Cheshmeh Derāz","Kāni Derēzh","Masoud Mohammadirad, field notes 2015","93","","","","Central Kurdish 100%","Masoud Mohammadirad, field notes 2015",35.54591600684414,47.423535688482424,""
"","2c896fbee6fcbe3f5d786d4cc73ae855","12-104be2da9f69d01725c19d87c5bef768","1121744","کردستان","Kordestān","دهگلان","Deh Golān","مرکزی","Markazi","","","ایلاق شمالی","Ilāq-e Shomāli","امیر آباد","Amir Ābād","Qaḷācha","Masoud Mohammadirad, field notes 2015","164","","","","Central Kurdish 100%","Masoud Mohammadirad, field notes 2015",35.477280375642174,47.54713082403466,""
"","2c896fbee6fcbe3f5d786d4cc73adaa1","12-8282c0ed75eb6508db5fa5784dfafc94","1121745","کردستان","Kordestān","دهگلان","Deh Golān","مرکزی","Markazi","","","ایلاق شمالی","Ilāq-e Shomāli","بریاخان","Beryā Khān","Beryākhān","Masoud Mohammadirad, field notes 2015","118","","","","Central Kurdish 100%","Masoud Mohammadirad, field notes 2015",35.466554741187835,47.432446943452526,""
"","2c896fbee6fcbe3f5d786d4cc73acac8","12-07efe42a7521e4d3aff5ff6ba6729590","1121746","کردستان","Kordestān","دهگلان","Deh Golān","مرکزی","Markazi","","","ایلاق شمالی","Ilāq-e Shomāli","تیلکوه","Tilekuh","Tilaku","Masoud Mohammadirad, field notes 2015","161","","","","Central Kurdish 100%","Masoud Mohammadirad, field notes 2015",35.501460703231565,47.509472609471096,""
"","2c896fbee6fcbe3f5d786d4cc73ac310","12-a7c40f457f61d03d6273ff22af4ad270","1121747","کردستان","Kordestān","دهگلان","Deh Golān","مرکزی","Markazi","","","ایلاق شمالی","Ilāq-e Shomāli","سالار آباد","Sālār Ābād","Kāni Maṛ","Masoud Mohammadirad, field notes 2015","67","","","","Central Kurdish 100%","Masoud Mohammadirad, field notes 2015",35.5172395351491,47.459595558008374,""
"","2c896fbee6fcbe3f5d786d4cc73abb55","12-59caf39a87141731ba16948e453ea14b","1121748","کردستان","Kordestān","دهگلان","Deh Golān","مرکزی","Markazi","","","ایلاق شمالی","Ilāq-e Shomāli","سراب شهرک علیا","Sarāb Shahrak-e Olyā","Sārāw Shārak Zhür","Masoud Mohammadirad, field notes 2015","200","","","","Central Kurdish 100%","Masoud Mohammadirad, field notes 2015",35.623878359416906,47.360754093052044,""
"","2c896fbee6fcbe3f5d786d4cc73ab6db","14-59d9c59657a64861f1daa18a930b33e4","1121749","کردستان","Kordestān","دهگلان","Deh Golān","مرکزی","Markazi","","","ایلاق شمالی","Ilāq-e Shomāli","سی وسه مرده","Si o Seh Mardeh","Siosemarda","Masoud Mohammadirad, field notes 2015"," ","(less than 3 households; population not specified in 2011 Census for reasons of privacy)","","","Central Kurdish 100%","Masoud Mohammadirad, field notes 2015",35.506619946330005,47.41286074813971,""
"","2c896fbee6fcbe3f5d786d4cc73b55c7","12-9e935b2c0451f760f2e3031aa1603a36","1121750","کردستان","Kordestān","دهگلان","Deh Golān","مرکزی","Markazi","","","ایلاق شمالی","Ilāq-e Shomāli","شادبلاغی","Shād Bolāghi","Shāwḷākhi","Masoud Mohammadirad, field notes 2015","190","","","","Central Kurdish 100%","Masoud Mohammadirad, field notes 2015",35.54121133118612,47.47474222683505,""
"","2c896fbee6fcbe3f5d786d4cc73b4f6b","12-6248dc26f3ca1297b6dbdf2c44ff5f03","1121751","کردستان","Kordestān","دهگلان","Deh Golān","مرکزی","Markazi","","","ایلاق شمالی","Ilāq-e Shomāli","قشلاق خداکرم","Qeshlāq Khodākaram","Qeshḷā Khwākaram","Masoud Mohammadirad, field notes 2015","58","","","","Central Kurdish 100%","Masoud Mohammadirad, field notes 2015",35.453740525447174,47.462152824956604,""
"","2c896fbee6fcbe3f5d786d4cc73b4b63","12-cb8438ebc387376513aee3a0de5e685c","1121752","کردستان","Kordestān","دهگلان","Deh Golān","مرکزی","Markazi","","","ایلاق شمالی","Ilāq-e Shomāli","قلعه گاه","Qal'egāh","Qaḷāwā","Masoud Mohammadirad, field notes 2015","119","","","","Central Kurdish 100%","Masoud Mohammadirad, field notes 2015",35.50674221932503,47.4290183752433,""
"","2c896fbee6fcbe3f5d786d4cc73b4174","12-7b388853e6e5e1e23894f08bedb52866","1121753","کردستان","Kordestān","دهگلان","Deh Golān","مرکزی","Markazi","","","ایلاق شمالی","Ilāq-e Shomāli","قلقله","Qolqoleh","Qoḷqoḷa","Masoud Mohammadirad, field notes 2015","73","","","","Central Kurdish 100%","Masoud Mohammadirad, field notes 2015",35.469055860531306,47.394557353825014,""
"","2c896fbee6fcbe3f5d786d4cc73b36e9","12-61ccc137c9fe1f6dba4f6c0c6666b3db","1121754","کردستان","Kordestān","دهگلان","Deh Golān","مرکزی","Markazi","","","ایلاق شمالی","Ilāq-e Shomāli","اسله مرز","Asleh Marz","Asḷamarz","Masoud Mohammadirad, field notes 2015","171","","","","Central Kurdish 100%","Masoud Mohammadirad, field notes 2015",35.50273900479821,47.30073698414155,""
"","2c896fbee6fcbe3f5d786d4cc73b2f81","12-8d59c4593981f2075ce4ddaf93a274cb","1121755","کردستان","Kordestān","دهگلان","Deh Golān","مرکزی","Markazi","","","ایلاق شمالی","Ilāq-e Shomāli","بایه","Bāyeh","Bāya","Masoud Mohammadirad, field notes 2015","24","","","","Central Kurdish 100%","Masoud Mohammadirad, field notes 2015",35.465820733470835,47.36190913313427,""
"","2c896fbee6fcbe3f5d786d4cc73b27eb","12-3b6c4438a20bfd8e9cfe25ca02da8b9d","1121756","کردستان","Kordestān","دهگلان","Deh Golān","مرکزی","Markazi","","","ایلاق شمالی","Ilāq-e Shomāli","حقه","Haqqeh","Haqa","Masoud Mohammadirad, field notes 2015","64","","","","Central Kurdish 100%","Masoud Mohammadirad, field notes 2015",35.569807204224574,47.32811697376224,""
"","2c896fbee6fcbe3f5d786d4cc73b1db8","13-d1a333976eb9df79430cbc0402d4ff80","1121757","کردستان","Kordestān","دهگلان","Deh Golān","مرکزی","Markazi","","","ایلاق شمالی","Ilāq-e Shomāli","خضرلک","Khazar Lak","Khaylak","Masoud Mohammadirad, field notes 2015","70","","","","Central Kurdish 100%","Masoud Mohammadirad, field notes 2015",35.54168415151091,47.33663566959297,""
"","2c896fbee6fcbe3f5d786d4cc73b1c51","13-961128bdc6de020aaf31ab5317933341","1121758","کردستان","Kordestān","دهگلان","Deh Golān","مرکزی","Markazi","","","ایلاق شمالی","Ilāq-e Shomāli","سراب سوره","Sarāb Sureh","Sarāw Süra","Masoud Mohammadirad, field notes 2015","172","","","","Central Kurdish 100%","Masoud Mohammadirad, field notes 2015",35.54304601635115,47.29887016666763,""
"","2c896fbee6fcbe3f5d786d4cc73b15d8","12-f2de8a34d4e1cb01445516a888f30967","1121759","کردستان","Kordestān","دهگلان","Deh Golān","مرکزی","Markazi","","","ایلاق شمالی","Ilāq-e Shomāli","قلعه فولاد","Qal'eh Fulād","Qaḷā Pōḷa","Masoud Mohammadirad, field notes 2015","144","","","","Central Kurdish 100%","Masoud Mohammadirad, field notes 2015",35.4928512659239,47.34030493152625,""
"","2c896fbee6fcbe3f5d786d4cc73b90b2","12-fa393496d24d4927974c6b52b0b9f1d9","1121760","کردستان","Kordestān","دهگلان","Deh Golān","مرکزی","Markazi","","","ایلاق شمالی","Ilāq-e Shomāli","قوچم","Quchem","Quchem","Masoud Mohammadirad, field notes 2015","57","","","","Central Kurdish 100%","Masoud Mohammadirad, field notes 2015",35.441919427877444,47.35038326544698,""
"","2c896fbee6fcbe3f5d786d4cc73b8421","12-88a31e16880e02bbcf1f3eea215fce5c","1121761","کردستان","Kordestān","دهگلان","Deh Golān","مرکزی","Markazi","","","ایلاق شمالی","Ilāq-e Shomāli","گمه دره","Gomeh Darreh","Gomawara","Masoud Mohammadirad, field notes 2015","87","","","","Central Kurdish 100%","Masoud Mohammadirad, field notes 2015",35.47782206668428,47.261282444939106,""
"","2c896fbee6fcbe3f5d786d4cc73b8178","12-5bdc9c1a97002c847d0da632eb847163","1121762","کردستان","Kordestān","دهگلان","Deh Golān","مرکزی","Markazi","","","ایلاق شمالی","Ilāq-e Shomāli","گنداب","Gandāb","Ganāw","Masoud Mohammadirad, field notes 2015","145","","","","Central Kurdish 100%","Masoud Mohammadirad, field notes 2015",35.473115824612734,47.298247894176036,""
"","2c896fbee6fcbe3f5d786d4cc73b7e3b","12-4e08fc0744a050589b5ee9026b635b47","1121763","کردستان","Kordestān","دهگلان","Deh Golān","مرکزی","Markazi","","","ایلاق شمالی","Ilāq-e Shomāli","محمد آباد خرزه","Mohamad Ābād-e Kharzeh","Kharza","Masoud Mohammadirad, field notes 2015","32","","","","Central Kurdish 100%","Masoud Mohammadirad, field notes 2015",35.454168748263704,47.32341993142514,""
"","2c896fbee6fcbe3f5d786d4cc73b6e9f","10-fa1fe957e161f77c5a132c0869f454f1","1121764","کردستان","Kordestān","دهگلان","Deh Golān","مرکزی","Markazi","","","حومه دهگلان","Humeh Deh Golān","","","","","7080","","","","","","","",""
"","2c896fbee6fcbe3f5d786d4cc73b68f3","12-696191cd704a718e9c0911adb11b554b","1121765","کردستان","Kordestān","دهگلان","Deh Golān","مرکزی","Markazi","","","حومه دهگلان","Humeh Deh Golān","حاجی پموق","Hāji Pamowq","Hāji Pamōkh","Masoud Mohammadirad, field notes 2015","481","","","","Central Kurdish 100%","Masoud Mohammadirad, field notes 2015",35.335595732246006,47.367207782521696,""
"","2c896fbee6fcbe3f5d786d4cc73b65d8","12-f91a2608500c3d2c32bc90d7d999a056","1121766","کردستان","Kordestān","دهگلان","Deh Golān","مرکزی","Markazi","","","حومه دهگلان","Humeh Deh Golān","ده رشید","Deh Rashid","Dayaṛashi","Masoud Mohammadirad, field notes 2015","270","","","","Central Kurdish 100%","Masoud Mohammadirad, field notes 2015",35.32888465685941,47.41506771942075,""
"","2c896fbee6fcbe3f5d786d4cc73b61ae","12-e4339a5d6fecc7d9187e21295efebf3c","1121767","کردستان","Kordestān","دهگلان","Deh Golān","مرکزی","Markazi","","","حومه دهگلان","Humeh Deh Golān","کروندان","Karavandān","Kaṛawnān","Masoud Mohammadirad, field notes 2015","1599","","","","Central Kurdish 100%","Masoud Mohammadirad, field notes 2015",35.31576046685288,47.36117817665648,""
"","2c896fbee6fcbe3f5d786d4cc73b5f50","14-1fd3272e72d0508e07730f8414934b05","1121768","کردستان","Kordestān","دهگلان","Deh Golān","مرکزی","Markazi","","","حومه دهگلان","Humeh Deh Golān","آب باریک","Āb Bārik ","Āw Bārik ","Masoud Mohammadirad, field notes 2015","288","","","","Central Kurdish 100%","Masoud Mohammadirad, field notes 2015",35.2895194863872,47.47131790507178,""
"","2c896fbee6fcbe3f5d786d4cc73b5e0c","12-1749641660bc15230c7a8fc70d5ebfe6","1121769","کردستان","Kordestān","دهگلان","Deh Golān","مرکزی","Markazi","","","حومه دهگلان","Humeh Deh Golān","تازه آباد طهماسبقلی","Tāzeh Ābād-e Tahmāsb Qoli","Tāzāway Taymasqoli","Masoud Mohammadirad, field notes 2015","117","","","","Central Kurdish 100%","Masoud Mohammadirad, field notes 2015",35.244286951597935,47.49262833685865,""
"","2c896fbee6fcbe3f5d786d4cc73bda03","12-bbe83a0e6f4ab9ef185124db44eb6dff","1121770","کردستان","Kordestān","دهگلان","Deh Golān","مرکزی","Markazi","","","حومه دهگلان","Humeh Deh Golān","تلوار","Talvār","Tarwāḷ","Masoud Mohammadirad, field notes 2015","345","","","","Central Kurdish 100%","Masoud Mohammadirad, field notes 2015",35.3500555835815,47.444625662760686,""
"","2c896fbee6fcbe3f5d786d4cc73bcffb","12-54b6b867f7f49b13cc91135b99ac3e88","1121771","کردستان","Kordestān","دهگلان","Deh Golān","مرکزی","Markazi","","","حومه دهگلان","Humeh Deh Golān","توبره ریز","Tubreh Riz","Terwaṛēz","Masoud Mohammadirad, field notes 2015","385","","","","Central Kurdish 100%","Masoud Mohammadirad, field notes 2015",35.22862733358068,47.47737193198384,""
"","2c896fbee6fcbe3f5d786d4cc73bc5d5","12-499e18cbf2b967a63c5afa6a6cff714e","1121772","کردستان","Kordestān","دهگلان","Deh Golān","مرکزی","Markazi","","","حومه دهگلان","Humeh Deh Golān","حسن آباد","Hasan Ābād","Hasanāwā","Masoud Mohammadirad, field notes 2015","184","","","","Central Kurdish 100%","Masoud Mohammadirad, field notes 2015",35.26169213292994,47.4500109926021,""
"","2c896fbee6fcbe3f5d786d4cc73bb9d4","12-f0871c4b5aa0451e02c1ff5da2ba1efa","1121773","کردستان","Kordestān","دهگلان","Deh Golān","مرکزی","Markazi","","","حومه دهگلان","Humeh Deh Golān","حسینی","Hoseyni","Wesayni","Masoud Mohammadirad, field notes 2015","411","","","","Central Kurdish 100%","Masoud Mohammadirad, field notes 2015",35.31129780695619,47.43211583991676,""
"","2c896fbee6fcbe3f5d786d4cc73baffb","12-71c2f587456badb79df2b992821aa54d","1121774","کردستان","Kordestān","دهگلان","Deh Golān","مرکزی","Markazi","","","حومه دهگلان","Humeh Deh Golān","سعید آباد","Sa'id Ābād","Sa'yāwā","Masoud Mohammadirad, field notes 2015","194","","","","Central Kurdish 100%","Masoud Mohammadirad, field notes 2015",35.25546408801111,47.431674978333135,""
"","2c896fbee6fcbe3f5d786d4cc73ba49f","12-d54f6d8072fe78cddcac2dcfe84f15ec","1121775","کردستان","Kordestān","دهگلان","Deh Golān","مرکزی","Markazi","","","حومه دهگلان","Humeh Deh Golān","طهماسب قلی","Tahmāsb Qoli","Taymasqoli","Masoud Mohammadirad, field notes 2015","324","","","","Central Kurdish 100%","Masoud Mohammadirad, field notes 2015",35.247169674268804,47.48851919264823,""
"","2c896fbee6fcbe3f5d786d4cc73ba44d","14-087badeaa31ca11ff907a131a0fe7b15","1121776","کردستان","Kordestān","دهگلان","Deh Golān","مرکزی","Markazi","","","حومه دهگلان","Humeh Deh Golān","عباس جوب","Abbās Jub","Hawāju","Masoud Mohammadirad, field notes 2015","401","","","","Central Kurdish 100%","Masoud Mohammadirad, field notes 2015",35.274375022075674,47.50853599355094,""
"","2c896fbee6fcbe3f5d786d4cc73ba1e9","12-57d98e9c59a4a9ccfd933f5d26bc309d","1121777","کردستان","Kordestān","دهگلان","Deh Golān","مرکزی","Markazi","","","حومه دهگلان","Humeh Deh Golān","علی آباد مشیر","Ali Ābād-e Moshir","Āliyāwāy Moshir, Āliyāwāy Terwarēz","Masoud Mohammadirad, field notes 2015","689","","","","Central Kurdish 100%","Masoud Mohammadirad, field notes 2015",35.21399902846314,47.46696496100827,""
"","2c896fbee6fcbe3f5d786d4cc73b9f80","12-abab44ce5958b493cf928bb8f45447ad","1121778","کردستان","Kordestān","دهگلان","Deh Golān","مرکزی","Markazi","","","حومه دهگلان","Humeh Deh Golān","اردوگاه کریم آباد","Ordugāh-e Karim Ābād","Ordugā","Masoud Mohammadirad, field notes 2015"," ","(less than 3 households; population not specified in 2011 Census for reasons of privacy)","","","Central Kurdish 100%","Masoud Mohammadirad, field notes 2015",35.2545524997669,47.37373080981481,""
"","2c896fbee6fcbe3f5d786d4cc73b9303","12-817e0369650f118f8840ec1b30228f66","1121779","کردستان","Kordestān","دهگلان","Deh Golān","مرکزی","Markazi","","","حومه دهگلان","Humeh Deh Golān","ارزند","Ārazand","Ārazan","Masoud Mohammadirad, field notes 2015","384","","","","Central Kurdish 100%","Masoud Mohammadirad, field notes 2015",35.299820410421056,47.501887549157004,""
"","2c896fbee6fcbe3f5d786d4cc73c3962","14-f87ae436710a7dbda7305f6b6e53214a","1121780","کردستان","Kordestān","دهگلان","Deh Golān","مرکزی","Markazi","","","حومه دهگلان","Humeh Deh Golān","آسیاب جوب","Āsiāb Jub","Āsyāwju","Masoud Mohammadirad, field notes 2015","51","","","","Central Kurdish 100%","Masoud Mohammadirad, field notes 2015",35.31776,47.51119,""
"","2c896fbee6fcbe3f5d786d4cc73c3360","12-8cb6b8ad825ca03b0c1dd464a5f57965","1121781","کردستان","Kordestān","دهگلان","Deh Golān","مرکزی","Markazi","","","حومه دهگلان","Humeh Deh Golān","بای تمر","Bāy Tamar","Bāytamar","Masoud Mohammadirad, field notes 2015","14","","","","Central Kurdish 100%","Masoud Mohammadirad, field notes 2015",35.38826242804857,47.567338813532,""
"","2c896fbee6fcbe3f5d786d4cc73c25ea","14-6b3eebad6b6a879c5ba2953311ca86e1","1121782","کردستان","Kordestān","دهگلان","Deh Golān","مرکزی","Markazi","","","حومه دهگلان","Humeh Deh Golān","دلک","Dalok","Dalo","Masoud Mohammadirad, field notes 2015","67","","","","Central Kurdish 100%","Masoud Mohammadirad, field notes 2015",35.37564877914446,47.53189073919677,""
"","2c896fbee6fcbe3f5d786d4cc73c16ce","12-83f9c1295c8bccd03dd097dd5344c8a3","1121783","کردستان","Kordestān","دهگلان","Deh Golān","مرکزی","Markazi","","","حومه دهگلان","Humeh Deh Golān","سرخه جوب","Sorkheh Jub","Süraju","Masoud Mohammadirad, field notes 2015","221","","","","Central Kurdish 100%","Masoud Mohammadirad, field notes 2015",35.34414978734025,47.51878010153305,""
"","2c896fbee6fcbe3f5d786d4cc73c14ed","12-3431d2266e999e3d7633719c96b5654c","1121784","کردستان","Kordestān","دهگلان","Deh Golān","مرکزی","Markazi","","","حومه دهگلان","Humeh Deh Golān","قاضی جوب","Qāzi Jub","Qāziju","Masoud Mohammadirad, field notes 2015","293","","","","Central Kurdish 100%","Masoud Mohammadirad, field notes 2015",35.338846248793566,47.52676235555945,""
"","2c896fbee6fcbe3f5d786d4cc73c0639","12-c6bb4429d0663cdc36b5285eaaa50d1e","1121785","کردستان","Kordestān","دهگلان","Deh Golān","مرکزی","Markazi","","","حومه دهگلان","Humeh Deh Golān","ناصر آباد","Nāser Ābād ","Tāzāwāy Ārazan","Masoud Mohammadirad, field notes 2015","208","","","","Central Kurdish 100%","Masoud Mohammadirad, field notes 2015",35.29653675911421,47.50629710077553,""
"","2c896fbee6fcbe3f5d786d4cc73bfd48","14-60b159c2395e25629a07216fda9f4c6f","1121786","کردستان","Kordestān","دهگلان","Deh Golān","مرکزی","Markazi","","","حومه دهگلان","Humeh Deh Golān","کچی گرد","Kachi Gerd","Kachiwerd","Masoud Mohammadirad, field notes 2015","142","","","","Central Kurdish 100%","Masoud Mohammadirad, field notes 2015",35.396352669350044,47.59230481503897,""
"","2c896fbee6fcbe3f5d786d4cc73bf2c3","10-248652945a9d0b58adaf69edecccd640","1121787","کردستان","Kordestān","دهگلان","Deh Golān","مرکزی","Markazi","","","قروچای","Qoru Chāy","","","","","7759","","","","","","","",""
"","2c896fbee6fcbe3f5d786d4cc73bf1ce","12-2bfcf6ef7ca5d9876e2a2067f5abc75e","1121788","کردستان","Kordestān","دهگلان","Deh Golān","مرکزی","Markazi","","","قروچای","Qoru Chāy","چقماق دره","Chaqmāq Darreh","Chaghmāghara","Masoud Mohammadirad, field notes 2015","215","","","","Central Kurdish 100%","Masoud Mohammadirad, field notes 2015",35.26679214834615,47.251545475754504,""
"","2c896fbee6fcbe3f5d786d4cc73be848","12-f2fe8a0156753ce7989c040f1a742614","1121789","کردستان","Kordestān","دهگلان","Deh Golān","مرکزی","Markazi","","","قروچای","Qoru Chāy","چیلک","Chilak","Chilak","Masoud Mohammadirad, field notes 2015","164","","","","Central Kurdish 100%","Masoud Mohammadirad, field notes 2015",35.2670975911964,47.22953285566489,""
"","2c896fbee6fcbe3f5d786d4cc73c81b3","12-55c9a5edc4b2a7fd46f5616fcacd6e1d","1121790","کردستان","Kordestān","دهگلان","Deh Golān","مرکزی","Markazi","","","قروچای","Qoru Chāy","سراب حاجی پمق","Sarāb-e Hāji Pamoq","Sarāw, Sarāw Hāji Pamokh","Masoud Mohammadirad, field notes 2015","543","","","","Central Kurdish 100%","Masoud Mohammadirad, field notes 2015",35.32845405087027,47.3166991808318,""
"","2c896fbee6fcbe3f5d786d4cc73c8126","12-7c64cc499357eb30fddb9d9223c8390c","1121791","کردستان","Kordestān","دهگلان","Deh Golān","مرکزی","Markazi","","","قروچای","Qoru Chāy","شعبانی","Sha'bāni","Shāwāni","Masoud Mohammadirad, field notes 2015","198","","","","Central Kurdish 100%","Masoud Mohammadirad, field notes 2015",35.36916278355653,47.36770130898062,""
"","2c896fbee6fcbe3f5d786d4cc73c77bb","12-ddc6a20a1cbedc71f6105007405c2be7","1121792","کردستان","Kordestān","دهگلان","Deh Golān","مرکزی","Markazi","","","قروچای","Qoru Chāy","کرگ آباد","Karg Ābād","Kareāwā","Masoud Mohammadirad, field notes 2015","420","","","","Central Kurdish 100%","Masoud Mohammadirad, field notes 2015",35.28248945726706,47.199389693671534,""
"","2c896fbee6fcbe3f5d786d4cc73c705f","12-c487c5154328e62cc9cc20c0e9547efc","1121793","کردستان","Kordestān","دهگلان","Deh Golān","مرکزی","Markazi","","","قروچای","Qoru Chāy","ابراهیم آباد","Ebrāhim Ābād","Ebrāymāwā","Masoud Mohammadirad, field notes 2015","154","","","","Central Kurdish 100%","Masoud Mohammadirad, field notes 2015",35.31530365724769,47.16371170133616,""
"","2c896fbee6fcbe3f5d786d4cc73c6a4f","12-26b7780db4fa991e4546986f203d399c","1121794","کردستان","Kordestān","دهگلان","Deh Golān","مرکزی","Markazi","","","قروچای","Qoru Chāy","آقبلاغ","Āq Bolāgh","Ārawḷākh","Masoud Mohammadirad, field notes 2015","53","","","","Central Kurdish 100%","Masoud Mohammadirad, field notes 2015",35.363153751594744,47.177303549358626,""
"","2c896fbee6fcbe3f5d786d4cc73c63da","12-40b23a033c2aa3f74b4601343db0de57","1121795","کردستان","Kordestān","دهگلان","Deh Golān","مرکزی","Markazi","","","قروچای","Qoru Chāy","باغچه مریم","Bāghcheh Maryam","Bākhcha Meryam","Masoud Mohammadirad, field notes 2015","125","","","","Central Kurdish 100%","Masoud Mohammadirad, field notes 2015",35.39240554789174,47.18170947974067,""
"","2c896fbee6fcbe3f5d786d4cc73c5750","12-fcdec5826b75951c76ceb90872d37a53","1121796","کردستان","Kordestān","دهگلان","Deh Golān","مرکزی","Markazi","","","قروچای","Qoru Chāy","چرخه بیان","Charkheh Bayān","Charkhawyān","Masoud Mohammadirad, field notes 2015","126","","","","Central Kurdish 100%","Masoud Mohammadirad, field notes 2015",35.381041427495774,47.22501943382277,""
"","2c896fbee6fcbe3f5d786d4cc73c4ef2","12-da3159eac16db7a196dbe9450ec8a32a","1121797","کردستان","Kordestān","دهگلان","Deh Golān","مرکزی","Markazi","","","قروچای","Qoru Chāy","کانی پهن","Kāni Pahn","Kāni Pān","Masoud Mohammadirad, field notes 2015","252","","","","Central Kurdish 100%","Masoud Mohammadirad, field notes 2015",35.31229654340889,47.207264659338854,""
"","2c896fbee6fcbe3f5d786d4cc73c4c13","12-e2e8a2783763d336fdd228c6dab4ba45","1121798","کردستان","Kordestān","دهگلان","Deh Golān","مرکزی","Markazi","","","قروچای","Qoru Chāy","هلیز آباد","Haliz Ābād","Haḷizāwā","Masoud Mohammadirad, field notes 2015","388","","","","Central Kurdish 100%","Masoud Mohammadirad, field notes 2015",35.32755024696401,47.18233768527415,""
"","2c896fbee6fcbe3f5d786d4cc73c473b","14-862676c7376bfd3b44b41668f0e64997","1121799","کردستان","Kordestān","دهگلان","Deh Golān","مرکزی","Markazi","","","قروچای","Qoru Chāy","تازه آباد قروچای","Tāzeh Ābād-e Qoru Chāy","Tāzāwāy Qorichiyā","Masoud Mohammadirad, field notes 2015","266","","","","Central Kurdish 100%","Masoud Mohammadirad, field notes 2015",35.375549093712536,47.26575590875798,""
"","2c896fbee6fcbe3f5d786d4cc73ce0ad","12-55c76fb8e7363b6acdac1b69ce5ee046","1121800","کردستان","Kordestān","دهگلان","Deh Golān","مرکزی","Markazi","","","قروچای","Qoru Chāy","کانی عینعلی","Kāni Eynali","Kāni Aynāli","Masoud Mohammadirad, field notes 2015","58","","","","Central Kurdish 100%","Masoud Mohammadirad, field notes 2015",35.364192121285356,47.22844193252526,""
"","2c896fbee6fcbe3f5d786d4cc73cdc68","12-3a4d0e57a1423238262396a8a17968a4","1121801","کردستان","Kordestān","دهگلان","Deh Golān","مرکزی","Markazi","","","قروچای","Qoru Chāy","تازه آباد","Tāzeh Ābād","Tāzāwāy Kāni Gōlzār, Tāzāwāy Sar Kal","Masoud Mohammadirad, field notes 2015","176","","","","Central Kurdish 100%","Masoud Mohammadirad, field notes 2015",35.36780667648659,47.14093405323042,""
"","2c896fbee6fcbe3f5d786d4cc73cceb1","12-91c52a6c6708da653ad2cb9d415e7477","1121802","کردستان","Kordestān","دهگلان","Deh Golān","مرکزی","Markazi","","","قروچای","Qoru Chāy","شهرک صنعتی دهگلان","Sharak San'ati-e Deh Golān","Shārak San'ati","Masoud Mohammadirad, field notes 2015","22","","","","Central Kurdish 100%","Masoud Mohammadirad, field notes 2015",35.337119400790726,47.22414202634989,""
"","2c896fbee6fcbe3f5d786d4cc73cc8dc","12-ba18ecc3544a6f92b77369656ffd484a","1121803","کردستان","Kordestān","دهگلان","Deh Golān","مرکزی","Markazi","","","قروچای","Qoru Chāy","عالی پنیک","Āli Pinak","Āḷi Pinak","Masoud Mohammadirad, field notes 2015","603","","","","Central Kurdish 100%","Masoud Mohammadirad, field notes 2015",35.43613881307001,47.19163875099248,""
"","2c896fbee6fcbe3f5d786d4cc73cc18a","12-15598ac7073e70b567f3be79e07490a0","1121804","کردستان","Kordestān","دهگلان","Deh Golān","مرکزی","Markazi","","","قروچای","Qoru Chāy","کوله بیان","Koleh Bayān","Koḷawyān","Masoud Mohammadirad, field notes 2015","11","","","","Central Kurdish 100%","Masoud Mohammadirad, field notes 2015",35.4247326126109,47.222187051343724,""
"","2c896fbee6fcbe3f5d786d4cc73cb3ca","12-9d254ce2c6d41b02f98fea01de3f138c","1121805","کردستان","Kordestān","دهگلان","Deh Golān","مرکزی","Markazi","","","قروچای","Qoru Chāy","ناوگران","Nāvgarān","Nāwaṛān","Masoud Mohammadirad, field notes 2015","150","","","","Central Kurdish 100%","Masoud Mohammadirad, field notes 2015",35.459877092388446,47.21082190986415,""
"","2c896fbee6fcbe3f5d786d4cc73ca80a","12-ef772d590ea25c784dbeee6a33190a42","1121806","کردستان","Kordestān","دهگلان","Deh Golān","مرکزی","Markazi","","","قروچای","Qoru Chāy","تاته رشید","Tāteh Rashid","Tāta Ṛashi","Masoud Mohammadirad, field notes 2015","246","","","","Central Kurdish 100%","Masoud Mohammadirad, field notes 2015",35.388528878804365,47.28353450568379,""
"","2c896fbee6fcbe3f5d786d4cc73ca2ef","12-3ca86b1d247c671ae05e659e631e9269","1121807","کردستان","Kordestān","دهگلان","Deh Golān","مرکزی","Markazi","","","قروچای","Qoru Chāy","میرکی","Miraki","Miraki","Masoud Mohammadirad, field notes 2015","683","","","","Central Kurdish 100%","Masoud Mohammadirad, field notes 2015",35.43604809261422,47.29114471471693,""
"","2c896fbee6fcbe3f5d786d4cc73c9543","12-9fd65dd6cf9b1882d6dfbe387900271e","1121808","کردستان","Kordestān","دهگلان","Deh Golān","مرکزی","Markazi","","","قروچای","Qoru Chāy","قرو چای","Qoru Chāy","Qorichiyā","Masoud Mohammadirad, field notes 2015","2906","","","","Central Kurdish 100%","Masoud Mohammadirad, field notes 2015",35.37301212689284,47.297942416930695,""
"","2c896fbee6fcbe3f5d786d4cc73c88c1","12-40ed4a0ea36091f48aa6b166139f057b","1121809","کردستان","Kordestān","دهگلان","Deh Golān","مرکزی","Markazi","دهگلان","Deh Golān","","","","","Dewlān","Masoud Mohammadirad, field notes 2015","23074","","","","Central Kurdish 99%; Tehrāni type Persian 1%","Masoud Mohammadirad, field notes 2015",35.280163016881204,47.41848956591667,""
"","2c896fbee6fcbe3f5d786d4cc73d3740","10-a1bd76deae60d8c3c4e6a6579c4bf3f6","1121810","کردستان","Kordestān","دهگلان","Deh Golān","بلبان آباد","Bolbān Ābād","","","","","","","","","19574","","","","","","","",""
"","2c896fbee6fcbe3f5d786d4cc73d2947","10-e5f1b3c3e280889ac95bc671948fe6f9","1121811","کردستان","Kordestān","دهگلان","Deh Golān","بلبان آباد","Bolbān Ābād","","","ایلاق جنوبی","Ilāq-e Jonubi","","","","","9724","","","","","","","",""
"","2c896fbee6fcbe3f5d786d4cc73d2848","18-22114dceeb3d953360d5b6e65186de7f","1121812","کردستان","Kordestān","دهگلان","Deh Golān","بلبان آباد","Bolbān Ābād","","","ایلاق جنوبی","Ilāq-e Jonubi","احمد آباد پنجه","Ahmad Ābād-e Panjeh","Ahmawāwāy Panja","Masoud Mohammadirad, field notes 2015","173","","","","Central Kurdish 100%","Masoud Mohammadirad, field notes 2015",35.11555229601883,47.47550454866203,""
"","2c896fbee6fcbe3f5d786d4cc73d2381","12-3a645adab1d07ca44c792066967087fd","1121813","کردستان","Kordestān","دهگلان","Deh Golān","بلبان آباد","Bolbān Ābād","","","ایلاق جنوبی","Ilāq-e Jonubi","سراب شیخ حسن","Sarāb Sheykh Hasan","Sarāw Chāwḷākh","Masoud Mohammadirad, field notes 2015","221","","","","Southern Kurdish 60%; Central Kurdish 40%","Masoud Mohammadirad, field notes 2015",35.06871653477963,47.48881825342692,""
"","2c896fbee6fcbe3f5d786d4cc73d2303","12-6996b5c91409247d5d41d38c7ba1f0c0","1121814","کردستان","Kordestān","دهگلان","Deh Golān","بلبان آباد","Bolbān Ābād","","","ایلاق جنوبی","Ilāq-e Jonubi","سلسله","Selseleh","Seḷseḷa","Masoud Mohammadirad, field notes 2015","578","","","","Central Kurdish 100%","Masoud Mohammadirad, field notes 2015",35.12887335594508,47.452115686054526,""
"","2c896fbee6fcbe3f5d786d4cc73d1983","12-9fc3969eb7124e243541e06f3a7b8358","1121815","کردستان","Kordestān","دهگلان","Deh Golān","بلبان آباد","Bolbān Ābād","","","ایلاق جنوبی","Ilāq-e Jonubi","قره بلاغ پنجه","Qareh Bolāgh-e Panjeh","Qarawḷākh Panja","Masoud Mohammadirad, field notes 2015","544","","","","Central Kurdish 100%","Masoud Mohammadirad, field notes 2015",35.115710266012755,47.503163488019,""
"","2c896fbee6fcbe3f5d786d4cc73d0d0c","15-7f1ca1fee1278994dda2400a49d17327","1121816","کردستان","Kordestān","دهگلان","Deh Golān","بلبان آباد","Bolbān Ābād","","","ایلاق جنوبی","Ilāq-e Jonubi","کاکوی سفلی","Kāku-ye Soflā","Kāku Khwār","Masoud Mohammadirad, field notes 2015","256","","","","Central Kurdish 70%; Southern Kurdish 30%","Masoud Mohammadirad, field notes 2015",35.079728532275816,47.43960966684281,""
"","2c896fbee6fcbe3f5d786d4cc73cfd30","12-77f64513b7b70ca375321587dd1d4fbf","1121817","کردستان","Kordestān","دهگلان","Deh Golān","بلبان آباد","Bolbān Ābād","","","ایلاق جنوبی","Ilāq-e Jonubi","کاکوی علیا","Kāku-ye Olyā","Kāku Zhür","Masoud Mohammadirad, field notes 2015","168","","","","Central Kurdish 70%; Southern Kurdish 30%","Masoud Mohammadirad, field notes 2015",35.06857603607885,47.440424788274406,""
"","2c896fbee6fcbe3f5d786d4cc73cf624","12-29c8ec2ad819bec9614f6aef312c0712","1121818","کردستان","Kordestān","دهگلان","Deh Golān","بلبان آباد","Bolbān Ābād","","","ایلاق جنوبی","Ilāq-e Jonubi","چاغربلاغ","Chāghar Bolāgh","Chāwḷākh","Masoud Mohammadirad, field notes 2015","522","","","","Central Kurdish 100%","Masoud Mohammadirad, field notes 2015",35.06725884899932,47.472338761241616,""
"","2c896fbee6fcbe3f5d786d4cc73cede6","16-fbd3f2c91a39ee25134de716d4aa2e4f","1121819","کردستان","Kordestān","دهگلان","Deh Golān","بلبان آباد","Bolbān Ābād","","","ایلاق جنوبی","Ilāq-e Jonubi","لاله ای","Lālei","Lālai","Masoud Mohammadirad, field notes 2015","614","","","","Central Kurdish 100%","Masoud Mohammadirad, field notes 2015",35.11708169378135,47.44178264417478,""
"","2c896fbee6fcbe3f5d786d4cc73d7e0b","12-e319609f00468a82188cdf9a56bc48a3","1121820","کردستان","Kordestān","دهگلان","Deh Golān","بلبان آباد","Bolbān Ābād","","","ایلاق جنوبی","Ilāq-e Jonubi","بکر آباد","Bakr Ābād","Bakrāwā","Masoud Mohammadirad, field notes 2015","271","","","","Central Kurdish 100%","Masoud Mohammadirad, field notes 2015",35.10733977427633,47.331469689331996,""
"","2c896fbee6fcbe3f5d786d4cc73d7a20","12-65d53254a9188b70de7557aa5f6a8657","1121821","کردستان","Kordestān","دهگلان","Deh Golān","بلبان آباد","Bolbān Ābād","","","ایلاق جنوبی","Ilāq-e Jonubi","حاجی آباد بزرگ","Hāji Ābād-e Bozorg","Hājiyāwāy Gawra","Masoud Mohammadirad, field notes 2015","349","","","","Southern Kurdish 60%; Central Kurdish 40%","Masoud Mohammadirad, field notes 2015",35.02992501638171,47.35611288825117,""
"","2c896fbee6fcbe3f5d786d4cc73d761c","12-061af92bc44494b3fe26e2152a93b7f1","1121822","کردستان","Kordestān","دهگلان","Deh Golān","بلبان آباد","Bolbān Ābād","","","ایلاق جنوبی","Ilāq-e Jonubi","کانی شاه قلی","Kāni Shāh Qoli","Kāni Shāqoli","Masoud Mohammadirad, field notes 2015","96","","","","Central Kurdish 100%","Masoud Mohammadirad, field notes 2015",35.07537431617513,47.356457410730805,""
"","2c896fbee6fcbe3f5d786d4cc73d7324","12-78751fb1f734ab734cb6cbb643d4b33d","1121823","کردستان","Kordestān","دهگلان","Deh Golān","بلبان آباد","Bolbān Ābād","","","ایلاق جنوبی","Ilāq-e Jonubi","گردمیران سفلی","Gerdmirān-e Soflā","Gedmirān Büchek","Masoud Mohammadirad, field notes 2015","904","","","","Central Kurdish 100%","Masoud Mohammadirad, field notes 2015",35.0919434832577,47.392118862061665,""
"","2c896fbee6fcbe3f5d786d4cc73d711b","12-8ca7b7c74a49e93b8c0be97368582857","1121824","کردستان","Kordestān","دهگلان","Deh Golān","بلبان آباد","Bolbān Ābād","","","ایلاق جنوبی","Ilāq-e Jonubi","گردمیران علیا","Gerdmirān-e Olyā","Gedmirān Gawra","Masoud Mohammadirad, field notes 2015","1663","","","","Central Kurdish 100%","Masoud Mohammadirad, field notes 2015",35.09633283319701,47.36180942718592,""
"","2c896fbee6fcbe3f5d786d4cc73d63e8","12-e9ad1ce539fc77decf1347ee1698c1e0","1121825","کردستان","Kordestān","دهگلان","Deh Golān","بلبان آباد","Bolbān Ābād","","","ایلاق جنوبی","Ilāq-e Jonubi","مراد آباد","Morād Ābād","Merāwā","Masoud Mohammadirad, field notes 2015","352","","","","Central Kurdish 100%","Masoud Mohammadirad, field notes 2015",35.079287115324924,47.32353103644738,""
"","2c896fbee6fcbe3f5d786d4cc73d5863","12-6f078c3fd1eebd1c0d8016388933c927","1121826","کردستان","Kordestān","دهگلان","Deh Golān","بلبان آباد","Bolbān Ābād","","","ایلاق جنوبی","Ilāq-e Jonubi","شاه جوب","Shāh Jub","Shāju","Masoud Mohammadirad, field notes 2015","304","","","","Central Kurdish 100%","Masoud Mohammadirad, field notes 2015",35.12384834451099,47.38654788295297,""
"","2c896fbee6fcbe3f5d786d4cc73d5466","12-213390f76da2bd0250b71a0d882f9298","1121827","کردستان","Kordestān","دهگلان","Deh Golān","بلبان آباد","Bolbān Ābād","","","ایلاق جنوبی","Ilāq-e Jonubi","صادق آباد","Sādeq Ābād","Sāqāwā","Masoud Mohammadirad, field notes 2015","450","","","","Central Kurdish 100%","Masoud Mohammadirad, field notes 2015",35.1525515385204,47.41482818218418,""
"","2c896fbee6fcbe3f5d786d4cc73d4541","14-1de4de4d0d53c0d62e4ddbc2a9a38509","1121828","کردستان","Kordestān","دهگلان","Deh Golān","بلبان آباد","Bolbān Ābād","","","ایلاق جنوبی","Ilāq-e Jonubi","قادرمرز","Qāder Marz","Qāwermarz","Masoud Mohammadirad, field notes 2015","439","","","","Central Kurdish 100%","Masoud Mohammadirad, field notes 2015",35.14659504276028,47.3719879398024,""
"","2c896fbee6fcbe3f5d786d4cc73d4077","12-c64002867df15524901854837a2008f3","1121829","کردستان","Kordestān","دهگلان","Deh Golān","بلبان آباد","Bolbān Ābād","","","ایلاق جنوبی","Ilāq-e Jonubi","کلکه","Kalkeh","Kalka","Masoud Mohammadirad, field notes 2015","90","","","","Central Kurdish 100%","Masoud Mohammadirad, field notes 2015",35.166029747237374,47.32967887157421,""
"","2c896fbee6fcbe3f5d786d4cc73dbd4e","12-babe330f491b49b3ec0c5dd4938806aa","1121830","کردستان","Kordestān","دهگلان","Deh Golān","بلبان آباد","Bolbān Ābād","","","ایلاق جنوبی","Ilāq-e Jonubi","گرگانه","Gorgāneh","Goryāna ","Masoud Mohammadirad, field notes 2015","189","","","","Central Kurdish 100%","Masoud Mohammadirad, field notes 2015",35.13108764964012,47.365851886763245,""
"","2c896fbee6fcbe3f5d786d4cc73dbc74","12-1ece52bc6277cd9ee6c8452eee49249a","1121831","کردستان","Kordestān","دهگلان","Deh Golān","بلبان آباد","Bolbān Ābād","","","ایلاق جنوبی","Ilāq-e Jonubi","باشماق","Bāshmāq","Bāshmākh","Masoud Mohammadirad, field notes 2015","1541","","","","Central Kurdish 100%","Masoud Mohammadirad, field notes 2015",35.186859862482144,47.40668033456076,""
"","2c896fbee6fcbe3f5d786d4cc73db4af","10-3b6d735b8e6013447fd2e067c2f204df","1121832","کردستان","Kordestān","دهگلان","Deh Golān","بلبان آباد","Bolbān Ābād","","","سیس","Sis","","","","","6643","","","","","","","",""
"","2c896fbee6fcbe3f5d786d4cc73daab4","15-b938162cb24d7a9ed71589448b884229","1121833","کردستان","Kordestān","دهگلان","Deh Golān","بلبان آباد","Bolbān Ābād","","","سیس","Sis","میمون آباد","Meymun Ābād","Maymünāwā","Masoud Mohammadirad, field notes 2015","98","","","","Central Kurdish 100%","Masoud Mohammadirad, field notes 2015",35.111790395318266,47.27497243974989,""
"","2c896fbee6fcbe3f5d786d4cc73da6a3","12-a5fa3bff7ed528f5f11d867bce9a8756","1121834","کردستان","Kordestān","دهگلان","Deh Golān","بلبان آباد","Bolbān Ābād","","","سیس","Sis","تازه آباد","Tāzeh Ābād","Tāzāwā","Masoud Mohammadirad, field notes 2015","365","","","","Central Kurdish 100%","Masoud Mohammadirad, field notes 2015",35.245865877731546,47.360309766661864,""
"","2c896fbee6fcbe3f5d786d4cc73da3c5","12-0ef3851bd3d3686310354da867dd9538","1121835","کردستان","Kordestān","دهگلان","Deh Golān","بلبان آباد","Bolbān Ābād","","","سیس","Sis","جوانمرد آباد","Javānmard Ābād","Juwānmirāwā","Masoud Mohammadirad, field notes 2015","247","","","","Central Kurdish 100%","Masoud Mohammadirad, field notes 2015",35.20989841897798,47.41966166157459,""
"","2c896fbee6fcbe3f5d786d4cc73d9793","12-6ed3124bdf1f4d9f1d22411a694b8b8a","1121836","کردستان","Kordestān","دهگلان","Deh Golān","بلبان آباد","Bolbān Ābād","","","سیس","Sis","چراغ آباد","Cherāgh Ābād","Cherāghāwā","Masoud Mohammadirad, field notes 2015","449","","","","Central Kurdish 100%","Masoud Mohammadirad, field notes 2015",35.2168448128425,47.32286799732751,""
"","2c896fbee6fcbe3f5d786d4cc73d8a60","12-525ff3ffb615ccb664982f2f3db982b5","1121837","کردستان","Kordestān","دهگلان","Deh Golān","بلبان آباد","Bolbān Ābād","","","سیس","Sis","زاغه","Zāgheh","Zākha","Masoud Mohammadirad, field notes 2015","158","","","","Central Kurdish 100%","Masoud Mohammadirad, field notes 2015",35.26617896015106,47.2840323913389,""
"","2c896fbee6fcbe3f5d786d4cc73d83dd","12-b79102bc0be8f903865903c7b72ffdeb","1121838","کردستان","Kordestān","دهگلان","Deh Golān","بلبان آباد","Bolbān Ābād","","","سیس","Sis","سرنجیانه","Serenjiāneh","Serenjyāna","Masoud Mohammadirad, field notes 2015","1300","","","","Central Kurdish 100%","Masoud Mohammadirad, field notes 2015",35.19449048841664,47.3498412501281,""
"","2c896fbee6fcbe3f5d786d4cc73d839f","12-28c97c978d847141ec1dd28b064fc736","1121839","کردستان","Kordestān","دهگلان","Deh Golān","بلبان آباد","Bolbān Ābād","","","سیس","Sis","مبارک آباد کله رش","Mobārak Ābād-e Koleh Rash","Koḷa Ṛash","Masoud Mohammadirad, field notes 2015","696","","","","Central Kurdish 100%","Masoud Mohammadirad, field notes 2015",35.21321187860741,47.39262499470653,""
"","2c896fbee6fcbe3f5d786d4cc73dfe17","12-1ddc134d4bbd611107a5b64c952b18d8","1121840","کردستان","Kordestān","دهگلان","Deh Golān","بلبان آباد","Bolbān Ābād","","","سیس","Sis","سراب دوکل","Sarāb Dukal","Sarāw Dükaḷ","Masoud Mohammadirad, field notes 2015","115","","","","Central Kurdish 100%","Masoud Mohammadirad, field notes 2015",35.1638357916854,47.25645985141416,""
"","2c896fbee6fcbe3f5d786d4cc73df4d4","12-3c787f0c846335a07608d6a79712ef4d","1121841","کردستان","Kordestān","دهگلان","Deh Golān","بلبان آباد","Bolbān Ābād","","","سیس","Sis","سیس","Sis","Sis","Masoud Mohammadirad, field notes 2015","1644","","","","Central Kurdish 100%","Masoud Mohammadirad, field notes 2015",35.204659999551716,47.27883958496168,""
"","2c896fbee6fcbe3f5d786d4cc73de88e","12-da6eec85e46470c3b317958dbc9a5937","1121842","کردستان","Kordestān","دهگلان","Deh Golān","بلبان آباد","Bolbān Ābād","","","سیس","Sis","رامول","Rāmowl","Rāmōḷ","Masoud Mohammadirad, field notes 2015","183","","","","Central Kurdish 100%","Masoud Mohammadirad, field notes 2015",35.145317430885946,47.21722890426393,""
"","2c896fbee6fcbe3f5d786d4cc73dd941","12-c1dcd07d65d9e96672a61192d517ca23","1121843","کردستان","Kordestān","دهگلان","Deh Golān","بلبان آباد","Bolbān Ābād","","","سیس","Sis","گزگزاره سفلی","Gazgazāreh-ye Soflā","Gazgazāray Khwār","Masoud Mohammadirad, field notes 2015","210","","","","Central Kurdish 100%","Masoud Mohammadirad, field notes 2015",35.16759891548288,47.19378986714738,""
"","2c896fbee6fcbe3f5d786d4cc73dd69f","14-d0c18a1f7638a2f02ba1df7d2012beb3","1121844","کردستان","Kordestān","دهگلان","Deh Golān","بلبان آباد","Bolbān Ābād","","","سیس","Sis","گزگزاره علیا","Gazgazāreh-ye Olyā","Gazgazāray Zhür","Masoud Mohammadirad, field notes 2015","289","","","","Central Kurdish 100%","Masoud Mohammadirad, field notes 2015",35.183620596860194,47.18339362500728,""
"","2c896fbee6fcbe3f5d786d4cc73dce2f","12-6755800f29fed1d028a23493169e9750","1121845","کردستان","Kordestān","دهگلان","Deh Golān","بلبان آباد","Bolbān Ābād","","","سیس","Sis","بهمن آباد","Bahman Ābād","Bāmenāwā","Masoud Mohammadirad, field notes 2015","234","","","","Central Kurdish 100%","Masoud Mohammadirad, field notes 2015",35.24264654800295,47.2618666160428,""
"","2c896fbee6fcbe3f5d786d4cc73dcd12","12-90b8003d4f68198b78f1624151f8d949","1121846","کردستان","Kordestān","دهگلان","Deh Golān","بلبان آباد","Bolbān Ābād","","","سیس","Sis","سرواله","Saravāleh","Sarawāḷa","Masoud Mohammadirad, field notes 2015","423","","","","Central Kurdish 100%","Masoud Mohammadirad, field notes 2015",35.21592710406641,47.23137583270996,""
"","2c896fbee6fcbe3f5d786d4cc73dc65f","12-b45aa7b7de31c4355e72fc05ccb7e79d","1121847","کردستان","Kordestān","دهگلان","Deh Golān","بلبان آباد","Bolbān Ābād","","","سیس","Sis","سورال","Surāl","Sürāḷ","Masoud Mohammadirad, field notes 2015","232","","","","Central Kurdish 100%","Masoud Mohammadirad, field notes 2015",35.18335750579933,47.23762001529601,""
"","2c896fbee6fcbe3f5d786d4cc73dc426","12-6b1b3b5a52318fb4a4d0ff5f14b47e41","1121848","کردستان","Kordestān","دهگلان","Deh Golān","بلبان آباد","Bolbān Ābād","بلبان آباد","Bolbān Ābād","","","","","Boḷwānāwā","Masoud Mohammadirad, field notes 2015","3207","","","","Central Kurdish 100%","Masoud Mohammadirad, field notes 2015",35.1407178727895,47.32042674960472,""
