"Attribution","Nunaliit_ID","Nunaliit_revision_code","ALI_unique_ID_place","province_Persian","province_roman","shahrestan_Persian","shahrestan_roman","bakhsh_Persian","bakhsh_roman","city_Persian","city_roman","dehestan_Persian","dehestan_roman","settlement_Persian","settlement_roman","local_name","local_name_source","population_2011_census","population_2011_comment","population_2016_census","population_2016_comment","language_distribution_estimate","language_distribution_source","latitude","longitude","notes"
"(c) Atlas of the Languages of Iran (ALI) and Contributors, 2015-present. Data are available under a CC BY (Attribution Only) licence.","","","","","","","","","","","","","","","","","","","","","","","","","",""
"","365a4a632d1fb65f22fb9b48237226af","2-74721303c8d09e28911af788399ffa32","1170001","","Kohgiluyeh va Boyer Ahmad","","","","","","","","","","","","",299885,"","","","",,,,
"","365a4a632d1fb65f22fb9b4823722621","2-d4014f8593bb7b1c8a41b1d7ff2d5fb5","1170002","","Kohgiluyeh va Boyer Ahmad","","","","","","","","","","","","",19876,"","","","",,,,
"","365a4a632d1fb65f22fb9b4823721628","2-2338b629b8bbc733d7274cc68935e42a","1170003","","Kohgiluyeh va Boyer Ahmad","","","","","","","","","","","","",9343,"","","","",,,,
"","365a4a632d1fb65f22fb9b48232c0b54","5-7a8af3333fd77632eebbdff531192182","1170004","","Kohgiluyeh va Boyer Ahmad","","","","","","","","","","","Gashur Ziley, Gashur-e Ziley","Nurollah Zabolinezhad Sisakht and Mansour Bozorgmehr, field notes 2024",,"","","","Boyerahmadi 95%; Standard type Persian 5%","Nurollah Zabolinezhad Sisakht and Mansour Bozorgmehr, field notes 2024",31.43316,50.53544,
"","365a4a632d1fb65f22fb9b48232c0773","5-e502da7425aa041a58d1e281ca70b635","1170005","","Kohgiluyeh va Boyer Ahmad","","","","","","","","","","","Ow Gol","Nurollah Zabolinezhad Sisakht and Mansour Bozorgmehr, field notes 2024",73,"","","","Boyerahmadi 95%; Standard type Persian 5%","Nurollah Zabolinezhad Sisakht and Mansour Bozorgmehr, field notes 2024",31.396,50.53,
"","365a4a632d1fb65f22fb9b48232bfdcc","5-67363f991b54d7bcef8ffe406c61c425","1170006","","Kohgiluyeh va Boyer Ahmad","","","","","","","","","","","Burak-e Soflā, Burak Soflā","Nurollah Zabolinezhad Sisakht and Mansour Bozorgmehr, field notes 2024",418,"","","","Boyerahmadi 95%; Standard type Persian 5%","Nurollah Zabolinezhad Sisakht and Mansour Bozorgmehr, field notes 2024",31.434,50.516,
"","365a4a632d1fb65f22fb9b48232bf8fe","5-01e4f60981bbf174605332540763e882","1170007","","Kohgiluyeh va Boyer Ahmad","","","","","","","","","","","Burak-e Olyā","Nurollah Zabolinezhad Sisakht and Mansour Bozorgmehr, field notes 2024",295,"","","","Boyerahmadi 95%; Standard type Persian 5%","Nurollah Zabolinezhad Sisakht and Mansour Bozorgmehr, field notes 2024",31.434,50.521,
"","365a4a632d1fb65f22fb9b48232bf6c9","5-9d778add73cee1863f34bde93d354d15","1170008","","Kohgiluyeh va Boyer Ahmad","","","","","","","","","","","Silow","Nurollah Zabolinezhad Sisakht and Mansour Bozorgmehr, field notes 2024",71,"","","","Boyerahmadi 95%; Standard type Persian 5%","Nurollah Zabolinezhad Sisakht and Mansour Bozorgmehr, field notes 2024",31.379,50.578,
"","365a4a632d1fb65f22fb9b48232bf41d","5-5f537c96a7cb3eae3530c0aedf0639e7","1170009","","Kohgiluyeh va Boyer Ahmad","","","","","","","","","","","Shā Ghāleb","Nurollah Zabolinezhad Sisakht and Mansour Bozorgmehr, field notes 2024",85,"","","","Boyerahmadi 95%; Standard type Persian 5%","Nurollah Zabolinezhad Sisakht and Mansour Bozorgmehr, field notes 2024",31.406,50.542,
"","365a4a632d1fb65f22fb9b48232bef0d","5-41e74bf69f87da2cc77cef40b2f5ff97","1170010","","Kohgiluyeh va Boyer Ahmad","","","","","","","","","","","Adur","Nurollah Zabolinezhad Sisakht and Mansour Bozorgmehr, field notes 2024",97,"","","","Boyerahmadi 95%; Standard type Persian 5%","Nurollah Zabolinezhad Sisakht and Mansour Bozorgmehr, field notes 2024",31.44,50.507,
"","365a4a632d1fb65f22fb9b48232be704","5-b4b654259f5676a68b933a993f76d0a5","1170011","","Kohgiluyeh va Boyer Ahmad","","","","","","","","","","","Kalvār","Nurollah Zabolinezhad Sisakht and Mansour Bozorgmehr, field notes 2024",216,"","","","Boyerahmadi 95%; Standard type Persian 5%","Nurollah Zabolinezhad Sisakht and Mansour Bozorgmehr, field notes 2024",31.414,50.533,
"","365a4a632d1fb65f22fb9b48232bdd1d","3-8cbcf42cd83cefaddb8c0db0d6a41605","1170012","","Kohgiluyeh va Boyer Ahmad","","","","","","","","","","","","",,"","","","",,31.38371,50.54677,
"","365a4a632d1fb65f22fb9b48232bcf7f","5-099e8baf00d14b239b33cbea8a58c78e","1170013","","Kohgiluyeh va Boyer Ahmad","","","","","","","","","","","Gahur Morde-y Silow","Nurollah Zabolinezhad Sisakht and Mansour Bozorgmehr, field notes 2024",175,"","","","Boyerahmadi 95%; Standard type Persian 5%","Nurollah Zabolinezhad Sisakht and Mansour Bozorgmehr, field notes 2024",31.373,50.582,
"","365a4a632d1fb65f22fb9b48232c4add","5-eeb83be7c49334f447eefd02e6f0e6ce","1170014","","Kohgiluyeh va Boyer Ahmad","","","","","","","","","","","Lir Burak","Nurollah Zabolinezhad Sisakht and Mansour Bozorgmehr, field notes 2024",55,"","","","Boyerahmadi 95%; Standard type Persian 5%","Nurollah Zabolinezhad Sisakht and Mansour Bozorgmehr, field notes 2024",31.419,50.514,
"","365a4a632d1fb65f22fb9b48232c4575","5-1f3e7bde3ee0d740395258a62d0fa7a7","1170015","","Kohgiluyeh va Boyer Ahmad","","","","","","","","","","","Bar Aftow Silow","Nurollah Zabolinezhad Sisakht and Mansour Bozorgmehr, field notes 2024",42,"","","","Boyerahmadi 95%; Standard type Persian 5%","Nurollah Zabolinezhad Sisakht and Mansour Bozorgmehr, field notes 2024",31.383,50.573,
"","365a4a632d1fb65f22fb9b48232c4097","3-71719ddc59a2b0183264c271c5f334b3","1170016","","Kohgiluyeh va Boyer Ahmad","","","","","","","","","","","","",,"","","","",,31.3407,50.55398,
"","365a4a632d1fb65f22fb9b48232c3c4e","3-d963c365c24bde8a1f16888a012b357e","1170017","","Kohgiluyeh va Boyer Ahmad","","","","","","","","","","","","",,"","","","",,31.38143,50.52085,
"","365a4a632d1fb65f22fb9b48232c3bcd","3-d8a260d6b44f8dbf1fb5b9dcbe75f82b","1170018","","Kohgiluyeh va Boyer Ahmad","","","","","","","","","","","","",,"","","","",,31.3705,50.55575,
"","365a4a632d1fb65f22fb9b48232c38d0","3-f8af9a14e8b7b89d391154bd36d08bd3","1170019","","Kohgiluyeh va Boyer Ahmad","","","","","","","","","","","","",,"","","","",,31.36784,50.56932,
"","365a4a632d1fb65f22fb9b48232c3578","3-ca5cb533fd9ee1c8c202bb66228b9510","1170020","","Kohgiluyeh va Boyer Ahmad","","","","","","","","","","","","",,"","","","",,31.39178,50.56992,
"","365a4a632d1fb65f22fb9b48232c2bd5","5-3ce6354abaa09a3140367225c59c77e6","1170021","","Kohgiluyeh va Boyer Ahmad","","","","","","","","","","","Chāl Khersi-ye Silow","Nurollah Zabolinezhad Sisakht and Mansour Bozorgmehr, field notes 2024",30,"","","","Boyerahmadi 95%; Standard type Persian 5%","Nurollah Zabolinezhad Sisakht and Mansour Bozorgmehr, field notes 2024",31.365,50.588,
"","365a4a632d1fb65f22fb9b48232c1cc8","3-545434d4b45dcbb3a84a31e3c89695c7","1170022","","Kohgiluyeh va Boyer Ahmad","","","","","","","","","","","","",,"","","","",,31.37504,50.5664,
"","365a4a632d1fb65f22fb9b48232c1a42","5-d45e8982c3480969c51a79539c781e71","1170023","","Kohgiluyeh va Boyer Ahmad","","","","","","","","","","","Kamutarun","Nurollah Zabolinezhad Sisakht and Mansour Bozorgmehr, field notes 2024",91,"","","","Boyerahmadi 95%; Standard type Persian 5%","Nurollah Zabolinezhad Sisakht and Mansour Bozorgmehr, field notes 2024",31.1680792502583,50.4644864110089,
"","365a4a632d1fb65f22fb9b48232ca0b9","5-45e3ffac1436330c501b699804157271","1170024","","Kohgiluyeh va Boyer Ahmad","","","","","","","","","","","Bāgh-e Anjirak, Bāgh Anjirak","Nurollah Zabolinezhad Sisakht and Mansour Bozorgmehr, field notes 2024",31,"","","","Boyerahmadi 95%; Standard type Persian 5%","Nurollah Zabolinezhad Sisakht and Mansour Bozorgmehr, field notes 2024",31.352,50.651,
"","365a4a632d1fb65f22fb9b48232c9d30","3-6bef26f61b46613dc37bc8e84e788737","1170025","","Kohgiluyeh va Boyer Ahmad","","","","","","","","","","","","",,"","","","",,31.31241,50.66663,
"","365a4a632d1fb65f22fb9b48232c9bf6","5-a727eb60d55c5e6b0fc648d8117ce9fb","1170026","","Kohgiluyeh va Boyer Ahmad","","","","","","","","","","","Zētin-e Soflā","Nurollah Zabolinezhad Sisakht and Mansour Bozorgmehr, field notes 2024",115,"","","","Boyerahmadi 95%; Standard type Persian 5%","Nurollah Zabolinezhad Sisakht and Mansour Bozorgmehr, field notes 2024",31.4,50.642,
"","365a4a632d1fb65f22fb9b48232c9ac7","5-2028d69c8e6a4cc1c39dea3143c25d68","1170027","","Kohgiluyeh va Boyer Ahmad","","","","","","","","","","","Zētin-e Olyā","Nurollah Zabolinezhad Sisakht and Mansour Bozorgmehr, field notes 2024",110,"","","","Boyerahmadi 95%; Standard type Persian 5%","Nurollah Zabolinezhad Sisakht and Mansour Bozorgmehr, field notes 2024",31.396,50.645,
"","365a4a632d1fb65f22fb9b48232c8f7e","5-94a4e1ddc2d8e0d32c5355c2bbf432f3","1170028","","Kohgiluyeh va Boyer Ahmad","","","","","","","","","","","Zarrin De Tu","Nurollah Zabolinezhad Sisakht and Mansour Bozorgmehr, field notes 2024",10,"","","","Boyerahmadi 95%; Standard type Persian 5%","Nurollah Zabolinezhad Sisakht and Mansour Bozorgmehr, field notes 2024",31.387,50.597,
"","365a4a632d1fb65f22fb9b48232c84d0","3-27af9eec8643482a3dd03db0115db393","1170029","","Kohgiluyeh va Boyer Ahmad","","","","","","","","","","","","",,"","","","",,31.36288,50.63471,
"","365a4a632d1fb65f22fb9b48232c75c5","5-f37750568ab7785c11774ae5dc420a87","1170030","","Kohgiluyeh va Boyer Ahmad","","","","","","","","","","","Qabā Sokhta","Nurollah Zabolinezhad Sisakht and Mansour Bozorgmehr, field notes 2024",,"","","","Boyerahmadi 95%; Standard type Persian 5%","Nurollah Zabolinezhad Sisakht and Mansour Bozorgmehr, field notes 2024",31.39074,50.57784,
"","365a4a632d1fb65f22fb9b48232c6df3","5-06e49f47a10764a1a59a48acc877776f","1170031","","Kohgiluyeh va Boyer Ahmad","","","","","","","","","","","Qala Bani-ye Mushamir","Nurollah Zabolinezhad Sisakht and Mansour Bozorgmehr, field notes 2024",218,"","","","Boyerahmadi 95%; Standard type Persian 5%","Nurollah Zabolinezhad Sisakht and Mansour Bozorgmehr, field notes 2024",31.363,50.684,
"","365a4a632d1fb65f22fb9b48232c5e1c","5-a64c01ce2e4832f130019cafa1329ca4","1170032","","Kohgiluyeh va Boyer Ahmad","","","","","","","","","","","Kel Arzen","Farrokhleqa Hatami and Mansour Bozorgmehr, field notes 2024",37,"","","","Boyerahmadi 95%; Standard type Persian 5%","Nurollah Zabolinezhad Sisakht and Mansour Bozorgmehr, field notes 2024",31.377,50.607,
"","365a4a632d1fb65f22fb9b48232c4ffe","5-96f432137bfbe1a2b81d638af5d59db1","1170033","","Kohgiluyeh va Boyer Ahmad","","","","","","","","","","","Kuland Ziley","Nurollah Zabolinezhad Sisakht and Mansour Bozorgmehr, field notes 2024",44,"","","","Boyerahmadi 95%; Standard type Persian 5%","Nurollah Zabolinezhad Sisakht and Mansour Bozorgmehr, field notes 2024",31.338,50.661,
"","365a4a632d1fb65f22fb9b48232cd27e","5-cadd78cca99b4ea63abdb84e8a573451","1170034","","Kohgiluyeh va Boyer Ahmad","","","","","","","","","","","Kime-y Soflā","Nurollah Zabolinezhad Sisakht and Mansour Bozorgmehr, field notes 2024",,"","","","Boyerahmadi 95%; Standard type Persian 5%","Nurollah Zabolinezhad Sisakht and Mansour Bozorgmehr, field notes 2024",31.40237,50.61624,
"","365a4a632d1fb65f22fb9b48232cd27b","5-f37a8b4c23b154e426674287f9d7dfbd","1170035","","Kohgiluyeh va Boyer Ahmad","","","","","","","","","","","Kime-ye Olyā","Nurollah Zabolinezhad Sisakht and Mansour Bozorgmehr, field notes 2024",,"","","","Boyerahmadi 95%; Standard type Persian 5%","Nurollah Zabolinezhad Sisakht and Mansour Bozorgmehr, field notes 2024",31.39986,50.61089,
"","365a4a632d1fb65f22fb9b48232ccadf","5-a6ca3c3dcdfe5d18ab020e9813da0a70","1170036","","Kohgiluyeh va Boyer Ahmad","","","","","","","","","","","Lahl-e Minow","Nurollah Zabolinezhad Sisakht and Mansour Bozorgmehr, field notes 2024",251,"","","","Boyerahmadi 95%; Standard type Persian 5%","Nurollah Zabolinezhad Sisakht and Mansour Bozorgmehr, field notes 2024",31.417,50.643,
"","365a4a632d1fb65f22fb9b48232cc7d8","3-45505f1e3d9e65eb36387dd5db37be01","1170037","","Kohgiluyeh va Boyer Ahmad","","","","","","","","","","","","",,"","","","",,31.38056,50.61848,
"","365a4a632d1fb65f22fb9b48232cc628","3-07eecb21e7e26c6155322b13f0bbd5dc","1170038","","Kohgiluyeh va Boyer Ahmad","","","","","","","","","","","","",,"","","","",,31.39282,50.60278,
"","365a4a632d1fb65f22fb9b48232cc05b","5-b8e722809ebf1a177532d077b0d39abd","1170039","","Kohgiluyeh va Boyer Ahmad","","","","","","","","","","","Mōrgham-e Ali Shā","Nurollah Zabolinezhad Sisakht and Mansour Bozorgmehr, field notes 2024",,"","","","Boyerahmadi 95%; Standard type Persian 5%","Nurollah Zabolinezhad Sisakht and Mansour Bozorgmehr, field notes 2024",31.41327,50.63716,
"","365a4a632d1fb65f22fb9b48232cb31b","5-f416df5148f6c34e8006860008d0d20d","1170040","","Kohgiluyeh va Boyer Ahmad","","","","","","","","","","","Mōrgham-e Vostā","Nurollah Zabolinezhad Sisakht and Mansour Bozorgmehr, field notes 2024",52,"","","","Boyerahmadi 95%; Standard type Persian 5%","Nurollah Zabolinezhad Sisakht and Mansour Bozorgmehr, field notes 2024",31.416,50.625,
"","365a4a632d1fb65f22fb9b48232cabdc","5-aa53ab03c2fbb9bbabff7a373560d2d2","1170041","","Kohgiluyeh va Boyer Ahmad","","","","","","","","","","","Nesah Mōrgham","Nurollah Zabolinezhad Sisakht and Mansour Bozorgmehr, field notes 2024",111,"","","","Boyerahmadi 95%; Standard type Persian 5%","Nurollah Zabolinezhad Sisakht and Mansour Bozorgmehr, field notes 2024",31.413,50.621,
"","365a4a632d1fb65f22fb9b48232ca3d1","3-23aa602012fb94e670f909af4a20f98b","1170042","","Kohgiluyeh va Boyer Ahmad","","","","","","","","","","","","",,"","","","",,31.38066,50.60236,
"","365a4a632d1fb65f22fb9b48232ca16f","3-8a9c858245d96b49ab5672a293cbc639","1170043","","Kohgiluyeh va Boyer Ahmad","","","","","","","","","","","","",,"","","","",,31.30829,50.69536,
"","365a4a632d1fb65f22fb9b48232d2c47","5-641cd0f1312474228971adc2a402ea85","1170044","","Kohgiluyeh va Boyer Ahmad","","","","","","","","","","","Bard-e Pahn-e Ziley","Nurollah Zabolinezhad Sisakht and Mansour Bozorgmehr, field notes 2024",1059,"","","","Boyerahmadi 95%; Standard type Persian 5%","Nurollah Zabolinezhad Sisakht and Mansour Bozorgmehr, field notes 2024",31.393,50.661,
"","365a4a632d1fb65f22fb9b48232d1d29","5-9e24680463f2b0b6cd8d2edc1db2c291","1170045","","Kohgiluyeh va Boyer Ahmad","","","","","","","","","","","Chāl Bāghche-y Ziley","Nurollah Zabolinezhad Sisakht and Mansour Bozorgmehr, field notes 2024",218,"","","","Boyerahmadi 95%; Standard type Persian 5%","Nurollah Zabolinezhad Sisakht and Mansour Bozorgmehr, field notes 2024",31.402,50.651,
"","365a4a632d1fb65f22fb9b48232d1530","5-1033c48236daad98a9a2ba7b5d16814b","1170046","","Kohgiluyeh va Boyer Ahmad","","","","","","","","","","","Bon Derāz-e Mushami","Nurollah Zabolinezhad Sisakht and Mansour Bozorgmehr, field notes 2024",140,"","","","Boyerahmadi 95%; Standard type Persian 5%","Nurollah Zabolinezhad Sisakht and Mansour Bozorgmehr, field notes 2024",31.36,50.691,
"","365a4a632d1fb65f22fb9b48232d0c52","5-cced21c34cf78bfcc3710cadd7b7d779","1170047","","Kohgiluyeh va Boyer Ahmad","","","","","","","","","","","Mushami-y Soflā","Nurollah Zabolinezhad Sisakht and Mansour Bozorgmehr, field notes 2024",751,"","","","Boyerahmadi 95%; Standard type Persian 5%","Nurollah Zabolinezhad Sisakht and Mansour Bozorgmehr, field notes 2024",31.367,50.687,
"","365a4a632d1fb65f22fb9b48232d038c","5-3f7569c26a2ca3576fbf4ca00014325c","1170048","","Kohgiluyeh va Boyer Ahmad","","","","","","","","","","","Mushami-ye Olyā","Nurollah Zabolinezhad Sisakht and Mansour Bozorgmehr, field notes 2024",481,"","","","Boyerahmadi 95%; Standard type Persian 5%","Nurollah Zabolinezhad Sisakht and Mansour Bozorgmehr, field notes 2024",31.352,50.701,
"","365a4a632d1fb65f22fb9b48232d005e","5-4b8a4105cb824aad5dc562b3ca6aa8e9","1170049","","Kohgiluyeh va Boyer Ahmad","","","","","","","","","","","Ow Bidak-e Zilōy, Ow Bidak-e Zilāy","Nurollah Zabolinezhad Sisakht and Mansour Bozorgmehr, field notes 2024",239,"","","","Boyerahmadi 95%; Standard type Persian 5%","Nurollah Zabolinezhad Sisakht and Mansour Bozorgmehr, field notes 2024",31.339,50.699,
"","365a4a632d1fb65f22fb9b48232cf372","5-4af9d7ab0df872f55688c7a897ef001f","1170050","","Kohgiluyeh va Boyer Ahmad","","","","","","","","","","","Behesun-e Mushami","Nurollah Zabolinezhad Sisakht and Mansour Bozorgmehr, field notes 2024",48,"","","","Boyerahmadi 95%; Standard type Persian 5%","Nurollah Zabolinezhad Sisakht and Mansour Bozorgmehr, field notes 2024",31.331,50.728,
"","365a4a632d1fb65f22fb9b48232ce9b9","5-9a2d515d375eee243a646358e76ca1c3","1170051","","Kohgiluyeh va Boyer Ahmad","","","","","","","","","","","Dare-y Seh","Nurollah Zabolinezhad Sisakht and Mansour Bozorgmehr, field notes 2024",189,"","","","Boyerahmadi 95%; Standard type Persian 5%","Nurollah Zabolinezhad Sisakht and Mansour Bozorgmehr, field notes 2024",31.298,50.769,
"","365a4a632d1fb65f22fb9b48232ce681","5-6e2476136be6c206023e773c60c86461","1170052","","Kohgiluyeh va Boyer Ahmad","","","","","","","","","","","Kādunaki Mushami","Nurollah Zabolinezhad Sisakht and Mansour Bozorgmehr, field notes 2024",227,"","","","Boyerahmadi 95%; Standard type Persian 5%","Nurollah Zabolinezhad Sisakht and Mansour Bozorgmehr, field notes 2024",31.34,50.723,
"","365a4a632d1fb65f22fb9b48232cdb1e","5-656b884df5513799da354d76e5cc2863","1170053","","Kohgiluyeh va Boyer Ahmad","","","","","","","","","","","Galakher-e Mushami","Nurollah Zabolinezhad Sisakht and Mansour Bozorgmehr, field notes 2024",61,"","","","Boyerahmadi 95%; Standard type Persian 5%","Nurollah Zabolinezhad Sisakht and Mansour Bozorgmehr, field notes 2024",31.321,50.737,
"","365a4a632d1fb65f22fb9b48232d8465","5-510ea2f18d5834570e6d97a25a8f1a8c","1170054","","Kohgiluyeh va Boyer Ahmad","","","","","","","","","","","Gowd-e Tahledun-e Zilāy","Nurollah Zabolinezhad Sisakht and Mansour Bozorgmehr, field notes 2024",313,"","","","Boyerahmadi 95%; Standard type Persian 5%","Nurollah Zabolinezhad Sisakht and Mansour Bozorgmehr, field notes 2024",31.343,50.702,
"","365a4a632d1fb65f22fb9b48232d76d7","5-7dcb382c244714356d6de16f6f969418","1170055","","Kohgiluyeh va Boyer Ahmad","","","","","","","","","","","Lah Ferāgh-e Mushami","Nurollah Zabolinezhad Sisakht and Mansour Bozorgmehr, field notes 2024",344,"","","","Boyerahmadi 95%; Standard type Persian 5%","Nurollah Zabolinezhad Sisakht and Mansour Bozorgmehr, field notes 2024",31.337,50.717,
"","365a4a632d1fb65f22fb9b48232d7397","5-e2e96bfd68d7f7e79eb2ed4f7f40c3aa","1170056","","Kohgiluyeh va Boyer Ahmad","","","","","","","","","","","Mele-y Khish-e Soflā, Male-y Khish-e Soflā","Nurollah Zabolinezhad Sisakht and Mansour Bozorgmehr, field notes 2024",43,"","","","Boyerahmadi 95%; Standard type Persian 5%","Nurollah Zabolinezhad Sisakht and Mansour Bozorgmehr, field notes 2024",31.316,50.759,
"","365a4a632d1fb65f22fb9b48232d6846","5-841003bf53be13659bd60818a6e7b58b","1170057","","Kohgiluyeh va Boyer Ahmad","","","","","","","","","","","Mushami-e Olyā","Nurollah Zabolinezhad Sisakht and Mansour Bozorgmehr, field notes 2024",60,"","","","Boyerahmadi 95%; Standard type Persian 5%","Nurollah Zabolinezhad Sisakht and Mansour Bozorgmehr, field notes 2024",31.335,50.716,
"","365a4a632d1fb65f22fb9b48232d5f92","5-77d9e2e5c58e2adea436d0060e13a700","1170058","","Kohgiluyeh va Boyer Ahmad","","","","","","","","","","","Mela Khish-e Olyā","Nurollah Zabolinezhad Sisakht and Mansour Bozorgmehr, field notes 2024",,"","","","Boyerahmadi 95%; Standard type Persian 5%","Nurollah Zabolinezhad Sisakht and Mansour Bozorgmehr, field notes 2024",31.31704,50.75443,
"","365a4a632d1fb65f22fb9b48232d5c54","5-2b7bd21d80bcd799d3558dba93fb3e5d","1170059","","Kohgiluyeh va Boyer Ahmad","","","","","","","","","","","Bāl Ru","Nurollah Zabolinezhad Sisakht and Mansour Bozorgmehr, field notes 2024",450,"","","","Boyerahmadi 95%; Standard type Persian 5%","Nurollah Zabolinezhad Sisakht and Mansour Bozorgmehr, field notes 2024",31.297,50.828,
"","365a4a632d1fb65f22fb9b48232d4c96","5-1afe81706fd76e6839d7d8f7434fd2f5","1170060","","Kohgiluyeh va Boyer Ahmad","","","","","","","","","","","Pula","Nurollah Zabolinezhad Sisakht and Mansour Bozorgmehr, field notes 2024",266,"","","","Boyerahmadi 95%; Standard type Persian 5%","Nurollah Zabolinezhad Sisakht and Mansour Bozorgmehr, field notes 2024",31.28,50.812,
"","365a4a632d1fb65f22fb9b48232d4350","5-75f71072a01221c8eb20b0104f8b3237","1170061","","Kohgiluyeh va Boyer Ahmad","","","","","","","","","","","Ziranā","Nurollah Zabolinezhad Sisakht and Mansour Bozorgmehr, field notes 2024",320,"","","","Boyerahmadi 95%; Standard type Persian 5%","Nurollah Zabolinezhad Sisakht and Mansour Bozorgmehr, field notes 2024",31.309,50.788,
"","365a4a632d1fb65f22fb9b48232d3dd4","5-a1e87dada12c4014362abb9888a68e90","1170062","","Kohgiluyeh va Boyer Ahmad","","","","","","","","","","","Sādāt-e Chāhen","Nurollah Zabolinezhad Sisakht and Mansour Bozorgmehr, field notes 2024",850,"","","","Boyerahmadi 95%; Standard type Persian 5%","Nurollah Zabolinezhad Sisakht and Mansour Bozorgmehr, field notes 2024",31.265,50.871,
"","365a4a632d1fb65f22fb9b48232d30fd","3-f092ad42c6e04d739716dfda117b000a","1170063","","Kohgiluyeh va Boyer Ahmad","","","","","","","","","","","","",,"","","","",,31.17814,50.93717,
"","365a4a632d1fb65f22fb9b48232dc7f4","5-3ca67882152caa79d38d50d73438a873","1170064","","Kohgiluyeh va Boyer Ahmad","","","","","","","","","","","Anjema","Nurollah Zabolinezhad Sisakht and Mansour Bozorgmehr, field notes 2024",,"","","","Boyerahmadi 95%; Standard type Persian 5%","Nurollah Zabolinezhad Sisakht and Mansour Bozorgmehr, field notes 2024",31.26597,50.72421,
"","365a4a632d1fb65f22fb9b48232dc444","5-a0ca1bf65df26b77248e4dd006c9b6cd","1170065","","Kohgiluyeh va Boyer Ahmad","","","","","","","","","","","Bard Jofta Mir Feyzelā","Nurollah Zabolinezhad Sisakht and Mansour Bozorgmehr, field notes 2024",,"","","","Boyerahmadi 95%; Standard type Persian 5%","Nurollah Zabolinezhad Sisakht and Mansour Bozorgmehr, field notes 2024",31.30264,50.70192,
"","365a4a632d1fb65f22fb9b48232dc122","5-8ba5de945970638c59456162e97ffebc","1170066","","Kohgiluyeh va Boyer Ahmad","","","","","","","","","","","Tang Khoshk-e Tahlezōr, Tang Khoshk Tahlezōr","Nurollah Zabolinezhad Sisakht and Mansour Bozorgmehr, field notes 2024",,"","","","Boyerahmadi 95%; Standard type Persian 5%","Nurollah Zabolinezhad Sisakht and Mansour Bozorgmehr, field notes 2024",31.28385,50.70293,
"","365a4a632d1fb65f22fb9b48232db9b9","5-9792e96a07469d9d1ecbc717dc5ea354","1170067","","Kohgiluyeh va Boyer Ahmad","","","","","","","","","","","Chār Tal-e Mir Mahmah Fasi","Nurollah Zabolinezhad Sisakht and Mansour Bozorgmehr, field notes 2024",33,"","","","Boyerahmadi 95%; Standard type Persian 5%","Nurollah Zabolinezhad Sisakht and Mansour Bozorgmehr, field notes 2024",31.28,50.735,
"","365a4a632d1fb65f22fb9b48232db0ff","5-ab05dccd94e4a48d22ce9d9192610264","1170068","","Kohgiluyeh va Boyer Ahmad","","","","","","","","","","","Dara Jujaq-e Tahlezōr","Nurollah Zabolinezhad Sisakht and Mansour Bozorgmehr, field notes 2024",,"","","","Boyerahmadi 95%; Standard type Persian 5%","Nurollah Zabolinezhad Sisakht and Mansour Bozorgmehr, field notes 2024",31.2941,50.68605,
"","365a4a632d1fb65f22fb9b48232dad19","5-d29fcd753f1728ab196af1839b5a06ca","1170069","","Kohgiluyeh va Boyer Ahmad","","","","","","","","","","","Tahlezōr-e Soflā","Nurollah Zabolinezhad Sisakht and Mansour Bozorgmehr, field notes 2024",85,"","","","Boyerahmadi 95%; Standard type Persian 5%","Nurollah Zabolinezhad Sisakht and Mansour Bozorgmehr, field notes 2024",31.263,50.715,
"","365a4a632d1fb65f22fb9b48232da66d","5-3a1cc6149a82065dfd223f57d5d9bb97","1170070","","Kohgiluyeh va Boyer Ahmad","","","","","","","","","","","Tahlezōr-e Olyā","Nurollah Zabolinezhad Sisakht and Mansour Bozorgmehr, field notes 2024",,"","","","Boyerahmadi 95%; Standard type Persian 5%","Nurollah Zabolinezhad Sisakht and Mansour Bozorgmehr, field notes 2024",31.25182,50.72023,
"","365a4a632d1fb65f22fb9b48232d9709","5-90240b0187fa89bcfaa4b8f1ab343a02","1170071","","Kohgiluyeh va Boyer Ahmad","","","","","","","","","","","Kherram Rā","Nurollah Zabolinezhad Sisakht and Mansour Bozorgmehr, field notes 2024",253,"","","","Boyerahmadi 95%; Standard type Persian 5%","Nurollah Zabolinezhad Sisakht and Mansour Bozorgmehr, field notes 2024",31.357,50.609,
"","365a4a632d1fb65f22fb9b48232d92e1","5-deac92f1e96b01eecff97ce7ce38e337","1170072","","Kohgiluyeh va Boyer Ahmad","","","","","","","","","","","Kalakhorde-y Soflā","Nurollah Zabolinezhad Sisakht and Mansour Bozorgmehr, field notes 2024",27,"","","","Boyerahmadi 95%; Standard type Persian 5%","Nurollah Zabolinezhad Sisakht and Mansour Bozorgmehr, field notes 2024",31.316,50.639,
"","365a4a632d1fb65f22fb9b48232d891a","5-937c45a08e54e0728b0a05c45194e2b3","1170073","","Kohgiluyeh va Boyer Ahmad","","","","","","","","","","","Deh Banyow Charbiyun","Nurollah Zabolinezhad Sisakht and Mansour Bozorgmehr, field notes 2024",20,"","","","Boyerahmadi 95%; Standard type Persian 5%","Nurollah Zabolinezhad Sisakht and Mansour Bozorgmehr, field notes 2024",31.217,50.744,
"","365a4a632d1fb65f22fb9b48232e0bf5","3-863b48de6853f1369f31b5e9d22fe198","1170074","","Kohgiluyeh va Boyer Ahmad","","","","","","","","","","","","",,"","","","",,31.23102,50.71602,
"","365a4a632d1fb65f22fb9b48232e0b99","5-88b06b18ac5a09073045b66aea1a6721","1170075","","Kohgiluyeh va Boyer Ahmad","","","","","","","","","","","Deh Qanōt-e Charbiyun","Nurollah Zabolinezhad Sisakht and Mansour Bozorgmehr, field notes 2024",35,"","","","Boyerahmadi 95%; Standard type Persian 5%","Nurollah Zabolinezhad Sisakht and Mansour Bozorgmehr, field notes 2024",31.253,50.701,
"","365a4a632d1fb65f22fb9b48232e0626","5-1966b1774acdf19d3459212c38bab3b8","1170076","","Kohgiluyeh va Boyer Ahmad","","","","","","","","","","","Deh Bi-ye Charbiyun","Nurollah Zabolinezhad Sisakht and Mansour Bozorgmehr, field notes 2024",,"","","","Boyerahmadi 95%; Standard type Persian 5%","Nurollah Zabolinezhad Sisakht and Mansour Bozorgmehr, field notes 2024",31.24947,50.70458,
"","365a4a632d1fb65f22fb9b48232df719","5-1252bebe81529ba7b843cf68b46b5104","1170077","","Kohgiluyeh va Boyer Ahmad","","","","","","","","","","","Bar Kolong-e Olyā","Nurollah Zabolinezhad Sisakht and Mansour Bozorgmehr, field notes 2024",38,"","","","Boyerahmadi 95%; Standard type Persian 5%","Nurollah Zabolinezhad Sisakht and Mansour Bozorgmehr, field notes 2024",31.288,50.727,
"","365a4a632d1fb65f22fb9b48232df2cd","3-3019656306844fbe16e1ae2999f6b446","1170078","","Kohgiluyeh va Boyer Ahmad","","","","","","","","","","","","",,"","","","",,31.32307,50.64172,
"","365a4a632d1fb65f22fb9b48232de99d","3-9fc76ebd950a557448ada61497ecd602","1170079","","Kohgiluyeh va Boyer Ahmad","","","","","","","","","","","","",,"","","","",,31.31407,50.63917,
"","365a4a632d1fb65f22fb9b48232ddf07","3-f51727d21352e56554dbbf849309f823","1170080","","Kohgiluyeh va Boyer Ahmad","","","","","","","","","","","","",,"","","","",,31.30662,50.64999,
"","365a4a632d1fb65f22fb9b48232ddd57","5-083fd5e6daae3d03f90847a218bbaea1","1170081","","Kohgiluyeh va Boyer Ahmad","","","","","","","","","","","Sargarr-e Kalākhorda","Nurollah Zabolinezhad Sisakht and Mansour Bozorgmehr, field notes 2024",17,"","","","Boyerahmadi 95%; Standard type Persian 5%","Nurollah Zabolinezhad Sisakht and Mansour Bozorgmehr, field notes 2024",31.296,50.665,
"","365a4a632d1fb65f22fb9b48232dd9dc","3-abfe39f15ccb40a3928d0a8293529141","1170082","","Kohgiluyeh va Boyer Ahmad","","","","","","","","","","","","",,"","","","",,31.24646,50.7072,
"","365a4a632d1fb65f22fb9b48232dd516","3-3a9d28eee4bb854958de90e0a6ede2ee","1170083","","Kohgiluyeh va Boyer Ahmad","","","","","","","","","","","","",,"","","","",,31.24207,50.71086,
"","365a4a632d1fb65f22fb9b48232e5245","3-aae6c5d92a3301f52d70b34281757488","1170084","","Kohgiluyeh va Boyer Ahmad","","","","","","","","","","","","",,"","","","",,31.23995,50.71589,
"","365a4a632d1fb65f22fb9b48232e48a5","5-886c051cb65eab34324993a0c2b11df6","1170085","","Kohgiluyeh va Boyer Ahmad","","","","","","","","","","","Bar Gap-e Charbiyun","Nurollah Zabolinezhad Sisakht and Mansour Bozorgmehr, field notes 2024",,"","","","Boyerahmadi 95%; Standard type Persian 5%","Nurollah Zabolinezhad Sisakht and Mansour Bozorgmehr, field notes 2024",31.20588,50.75193,
"","365a4a632d1fb65f22fb9b48232e3936","5-ca6686fb8e9958a622516ee8339f6bb1","1170086","","Kohgiluyeh va Boyer Ahmad","","","","","","","","","","","Cheshma Panō Charbiyun","Nurollah Zabolinezhad Sisakht and Mansour Bozorgmehr, field notes 2024",,"","","","Boyerahmadi 95%; Standard type Persian 5%","Nurollah Zabolinezhad Sisakht and Mansour Bozorgmehr, field notes 2024",31.19684,50.76109,
"","365a4a632d1fb65f22fb9b48237206b1","2-76b8e9788c7f9eb72285edc622f285a0","1170087","","Kohgiluyeh va Boyer Ahmad","","","","","","","","","","","","",7398,"","","","",,,,
"","365a4a632d1fb65f22fb9b48232e36c9","5-4fd063c13dabe34be2cb582045a989ec","1170088","","Kohgiluyeh va Boyer Ahmad","","","","","","","","","","","Borj-e Jowkāl","Nurollah Zabolinezhad Sisakht and Mansour Bozorgmehr, field notes 2024",76,"","","","Boyerahmadi 95%; Standard type Persian 5%","Nurollah Zabolinezhad Sisakht and Mansour Bozorgmehr, field notes 2024",31.104,50.897,
"","365a4a632d1fb65f22fb9b48232e2e66","5-8f1c2cee96100994690a0a01f9b3fe66","1170089","","Kohgiluyeh va Boyer Ahmad","","","","","","","","","","","Pā Chāt-e Jowkāl","Nurollah Zabolinezhad Sisakht and Mansour Bozorgmehr, field notes 2024",18,"","","","Boyerahmadi 95%; Standard type Persian 5%","Nurollah Zabolinezhad Sisakht and Mansour Bozorgmehr, field notes 2024",31.095,50.891,
"","365a4a632d1fb65f22fb9b48232e2d28","5-589f0eec4ce60508433e19d200e3e040","1170090","","Kohgiluyeh va Boyer Ahmad","","","","","","","","","","","Tahledun Jowkāl","Nurollah Zabolinezhad Sisakht and Mansour Bozorgmehr, field notes 2024",12,"","","","Boyerahmadi 95%; Standard type Persian 5%","Nurollah Zabolinezhad Sisakht and Mansour Bozorgmehr, field notes 2024",31.084,50.906,
"","365a4a632d1fb65f22fb9b48232e1f48","5-827d265e3c4e6766da6a8832c6a10bbf","1170091","","Kohgiluyeh va Boyer Ahmad","","","","","","","","","","","Ganj-e Besyār","Nurollah Zabolinezhad Sisakht and Mansour Bozorgmehr, field notes 2024",32,"","","","Boyerahmadi 95%; Standard type Persian 5%","Nurollah Zabolinezhad Sisakht and Mansour Bozorgmehr, field notes 2024",31.106,50.866,
"","365a4a632d1fb65f22fb9b48232e18de","5-c548e4cd1ea25b4ca9b42e66eceaae91","1170092","","Kohgiluyeh va Boyer Ahmad","","","","","","","","","","","Tang-e Ris","Nurollah Zabolinezhad Sisakht and Mansour Bozorgmehr, field notes 2024",40,"","","","Boyerahmadi 95%; Standard type Persian 5%","Nurollah Zabolinezhad Sisakht and Mansour Bozorgmehr, field notes 2024",31.101,50.876,
"","365a4a632d1fb65f22fb9b48232e1897","5-4c3c99dce8a65897db3a9b0c66fa7e83","1170093","","Kohgiluyeh va Boyer Ahmad","","","","","","","","","","","Jowkāl","Nurollah Zabolinezhad Sisakht and Mansour Bozorgmehr, field notes 2024",332,"","","","Boyerahmadi 95%; Standard type Persian 5%","Nurollah Zabolinezhad Sisakht and Mansour Bozorgmehr, field notes 2024",31.109,50.886,
"","365a4a632d1fb65f22fb9b48232e0c42","5-775b6611d981a77934ec63fc5802b441","1170094","","Kohgiluyeh va Boyer Ahmad","","","","","","","","","","","Chār Angej","Nurollah Zabolinezhad Sisakht and Mansour Bozorgmehr, field notes 2024",129,"","","","Boyerahmadi 95%; Standard type Persian 5%","Nurollah Zabolinezhad Sisakht and Mansour Bozorgmehr, field notes 2024",31.117,50.882,
"","365a4a632d1fb65f22fb9b48232eafc5","5-3898914506a33d59f60e096e75a43936","1170095","","Kohgiluyeh va Boyer Ahmad","","","","","","","","","","","Chār Mowrun-e Jowkāl","Nurollah Zabolinezhad Sisakht and Mansour Bozorgmehr, field notes 2024",96,"","","","Boyerahmadi 95%; Standard type Persian 5%","Nurollah Zabolinezhad Sisakht and Mansour Bozorgmehr, field notes 2024",31.099,51.006,
"","365a4a632d1fb65f22fb9b48232ea923","5-0588a03cbe912ac1b51c230720e99bfc","1170096","","Kohgiluyeh va Boyer Ahmad","","","","","","","","","","","Dārberri-ye Jowkāl","Nurollah Zabolinezhad Sisakht and Mansour Bozorgmehr, field notes 2024",54,"","","","Boyerahmadi 95%; Standard type Persian 5%","Nurollah Zabolinezhad Sisakht and Mansour Bozorgmehr, field notes 2024",31.108,50.896,
"","365a4a632d1fb65f22fb9b48232e9960","5-1936f4cc0436d0add905d75d2b53ef54","1170097","","Kohgiluyeh va Boyer Ahmad","","","","","","","","","","","Dara Bi Jowkāl","Nurollah Zabolinezhad Sisakht and Mansour Bozorgmehr, field notes 2024",19,"","","","Boyerahmadi 95%; Standard type Persian 5%","Nurollah Zabolinezhad Sisakht and Mansour Bozorgmehr, field notes 2024",31.119,50.874,
"","365a4a632d1fb65f22fb9b48232e8cbd","5-5a750629a11b0d4a8066f4d8d7550b89","1170098","","Kohgiluyeh va Boyer Ahmad","","","","","","","","","","","Dara Chapi-ye Jowkāl","Nurollah Zabolinezhad Sisakht and Mansour Bozorgmehr, field notes 2024",16,"","","","Boyerahmadi 95%; Standard type Persian 5%","Nurollah Zabolinezhad Sisakht and Mansour Bozorgmehr, field notes 2024",31.093,50.912,
"","365a4a632d1fb65f22fb9b48232e8af9","5-121db479c70de9423b9c50e36a66b960","1170099","","Kohgiluyeh va Boyer Ahmad","","","","","","","","","","","Lah Mele-y Vasati-ye Jovakāl, Lah Mele-y Vasati-ye Javakāl","Nurollah Zabolinezhad Sisakht and Mansour Bozorgmehr, field notes 2024",23,"","","","Boyerahmadi 95%; Standard type Persian 5%","Nurollah Zabolinezhad Sisakht and Mansour Bozorgmehr, field notes 2024",31.083,50.924,
"","365a4a632d1fb65f22fb9b48232e7caa","5-50a9142d0556e0f6296c6b91c1799fff","1170100","","Kohgiluyeh va Boyer Ahmad","","","","","","","","","","","Zarangoli Run","Nurollah Zabolinezhad Sisakht and Mansour Bozorgmehr, field notes 2024",92,"","","","Boyerahmadi 95%; Standard type Persian 5%","Nurollah Zabolinezhad Sisakht and Mansour Bozorgmehr, field notes 2024",31.21,50.774,
"","365a4a632d1fb65f22fb9b48232e72c8","5-c2e04958fc350dcbc7146f49fe294958","1170101","","Kohgiluyeh va Boyer Ahmad","","","","","","","","","","","Sar Dam De Run","Nurollah Zabolinezhad Sisakht and Mansour Bozorgmehr, field notes 2024",,"","","","Boyerahmadi 95%; Standard type Persian 5%","Nurollah Zabolinezhad Sisakht and Mansour Bozorgmehr, field notes 2024",31.21516,50.76195,
"","365a4a632d1fb65f22fb9b48232e69d1","5-4eb1ae4c93f2c9752df9fb977eee6e0a","1170102","","Kohgiluyeh va Boyer Ahmad","","","","","","","","","","","Sar De Run","Nurollah Zabolinezhad Sisakht and Mansour Bozorgmehr, field notes 2024",,"","","","Boyerahmadi 95%; Standard type Persian 5%","Nurollah Zabolinezhad Sisakht and Mansour Bozorgmehr, field notes 2024",31.18464,50.80613,
"","365a4a632d1fb65f22fb9b48232e6952","5-4731ae70dfd4c7171088a0ace6f5df38","1170103","","Kohgiluyeh va Boyer Ahmad","","","","","","","","","","","Kala-ye Run, Kale-y Run","Nurollah Zabolinezhad Sisakht and Mansour Bozorgmehr, field notes 2024",,"","","","Boyerahmadi 95%; Standard type Persian 5%","Nurollah Zabolinezhad Sisakht and Mansour Bozorgmehr, field notes 2024",31.19217,50.80839,
"","365a4a632d1fb65f22fb9b48232e5b73","5-4400d0aea7e39bb627eeee4e5b7c6e6b","1170104","","Kohgiluyeh va Boyer Ahmad","","","","","","","","","","","Lame-y Gol Espi","Nurollah Zabolinezhad Sisakht and Mansour Bozorgmehr, field notes 2024",27,"","","","Boyerahmadi 95%; Standard type Persian 5%","Nurollah Zabolinezhad Sisakht and Mansour Bozorgmehr, field notes 2024",31.112,50.856,
"","365a4a632d1fb65f22fb9b48232eec55","3-4835f3dac96d75df461f0c0e25d5c386","1170105","","Kohgiluyeh va Boyer Ahmad","","","","","","","","","","","","",,"","","","",,31.19843,50.80236,
"","365a4a632d1fb65f22fb9b48232edf8f","3-edee1beae5d2ec1f4b56811b938f568d","1170106","","Kohgiluyeh va Boyer Ahmad","","","","","","","","","","","","",,"","","","",,31.0829,50.92211,
"","365a4a632d1fb65f22fb9b48232ed827","5-cf278ae9a13b3a6f7d2e8ad1cfb17b5d","1170107","","Kohgiluyeh va Boyer Ahmad","","","","","","","","","","","Lah Mele-y Soflā-y Jowkāl","Nurollah Zabolinezhad Sisakht and Mansour Bozorgmehr, field notes 2024",26,"","","","Boyerahmadi 95%; Standard type Persian 5%","Nurollah Zabolinezhad Sisakht and Mansour Bozorgmehr, field notes 2024",31.084,50.912,
"","365a4a632d1fb65f22fb9b48232ed48d","5-610fdd294766eeff52256ff3d76ce581","1170108","","Kohgiluyeh va Boyer Ahmad","","","","","","","","","","","Lah Mele-y Olyā-y Javakāl","Nurollah Zabolinezhad Sisakht and Mansour Bozorgmehr, field notes 2024",68,"","","","Boyerahmadi 95%; Standard type Persian 5%","Nurollah Zabolinezhad Sisakht and Mansour Bozorgmehr, field notes 2024",31.089,50.914,
"","365a4a632d1fb65f22fb9b48232ec59a","5-d27316b727a5bceb8a96426017550fa1","1170109","","Kohgiluyeh va Boyer Ahmad","","","","","","","","","","","Mowr-e Javakāl","Nurollah Zabolinezhad Sisakht and Mansour Bozorgmehr, field notes 2024",70,"","","","Boyerahmadi 95%; Standard type Persian 5%","Nurollah Zabolinezhad Sisakht and Mansour Bozorgmehr, field notes 2024",31.098,50.903,
"","365a4a632d1fb65f22fb9b48232ec323","5-30c78dedac7c97b596db73de377acb54","1170110","","Kohgiluyeh va Boyer Ahmad","","","","","","","","","","","Nesah Vali Khān-e Jowkāl","Nurollah Zabolinezhad Sisakht and Mansour Bozorgmehr, field notes 2024",25,"","","","Boyerahmadi 95%; Standard type Persian 5%","Nurollah Zabolinezhad Sisakht and Mansour Bozorgmehr, field notes 2024",31.077,50.911,
"","365a4a632d1fb65f22fb9b48232ebf35","5-57ebf4a3044f604b52c73f185c0ac6a8","1170111","","Kohgiluyeh va Boyer Ahmad","","","","","","","","","","","Nesah Harmun-e Javakāl","Nurollah Zabolinezhad Sisakht and Mansour Bozorgmehr, field notes 2024",22,"","","","Boyerahmadi 95%; Standard type Persian 5%","Nurollah Zabolinezhad Sisakht and Mansour Bozorgmehr, field notes 2024",31.082,50.905,
"","365a4a632d1fb65f22fb9b48232eb800","3-dca95881bfb81f70d59fb8ad30e1cbd6","1170112","","Kohgiluyeh va Boyer Ahmad","","","","","","","","","","","","",,"","","","",,31.19162,50.79666,
"","365a4a632d1fb65f22fb9b48232eb74f","3-defd405f11a02767e5f13cec36e5a7ab","1170113","","Kohgiluyeh va Boyer Ahmad","","","","","","","","","","","","",,"","","","",,31.1896,50.81261,
"","365a4a632d1fb65f22fb9b48232eb595","3-4a8b841e0ebc310203fab030e0db7e27","1170114","","Kohgiluyeh va Boyer Ahmad","","","","","","","","","","","","",,"","","","",,31.19996,50.7941,
"","365a4a632d1fb65f22fb9b48232f444c","3-209ee345c66140938091f547c90b700c","1170115","","Kohgiluyeh va Boyer Ahmad","","","","","","","","","","","","",,"","","","",,31.19847,50.79863,
"","365a4a632d1fb65f22fb9b48232f3eec","3-a6c24268e7728305b5c0f843187d0488","1170116","","Kohgiluyeh va Boyer Ahmad","","","","","","","","","","","","",,"","","","",,31.20589,50.7913,
"","365a4a632d1fb65f22fb9b48232f3b69","3-c3abeca410dccc7d7ccba6c3604ec2ce","1170117","","Kohgiluyeh va Boyer Ahmad","","","","","","","","","","","","",,"","","","",,31.20308,50.77633,
"","365a4a632d1fb65f22fb9b48232f2fd1","5-04592f6a30fb5593fc93f14f15c15bde","1170118","","Kohgiluyeh va Boyer Ahmad","","","","","","","","","","","Chashme-ye Mahmad Beygi-e Dam Ru, Chashme-y Mahmad Beygi-e Dam Run","Nurollah Zabolinezhad Sisakht and Mansour Bozorgmehr, field notes 2024",,"","","","Boyerahmadi 95%; Standard type Persian 5%","Nurollah Zabolinezhad Sisakht and Mansour Bozorgmehr, field notes 2024",31.21737,50.76918,
"","365a4a632d1fb65f22fb9b48232f2389","3-1018a1fe49a307672eda8d5bc6c22271","1170119","","Kohgiluyeh va Boyer Ahmad","","","","","","","","","","","","",,"","","","",,31.16,50.81744,
"","365a4a632d1fb65f22fb9b48232f22dc","5-c372697d73eb622510045f6f3a500264","1170120","","Kohgiluyeh va Boyer Ahmad","","","","","","","","","","","Chashme-y Ti Talun, Chashme-y Ti Talu","Nurollah Zabolinezhad Sisakht and Mansour Bozorgmehr, field notes 2024",18,"","","","Boyerahmadi 95%; Standard type Persian 5%","Nurollah Zabolinezhad Sisakht and Mansour Bozorgmehr, field notes 2024",31.159,50.828,
"","365a4a632d1fb65f22fb9b48232f159b","3-5d0820067e9544eb2f81a8f4b3176f95","1170121","","Kohgiluyeh va Boyer Ahmad","","","","","","","","","","","","",,"","","","",,31.14599,50.82796,
"","365a4a632d1fb65f22fb9b48232f05ab","3-969c2e5e36e72ecf93f238b537d332f9","1170122","","Kohgiluyeh va Boyer Ahmad","","","","","","","","","","","","",,"","","","",,31.11481,50.82608,
"","365a4a632d1fb65f22fb9b48232efa7b","3-f9266296c8598bee33b63e9fc7141326","1170123","","Kohgiluyeh va Boyer Ahmad","","","","","","","","","","","","",,"","","","",,31.11109,50.84617,
"","365a4a632d1fb65f22fb9b48232eef8d","3-4d4c7b0d9aeeb346accc8ddded37ee58","1170124","","Kohgiluyeh va Boyer Ahmad","","","","","","","","","","","","",,"","","","",,31.10403,50.84312,
"","365a4a632d1fb65f22fb9b48232fa37c","5-4d1bdcc1a4f28645b4c00df65e434368","1170125","","Kohgiluyeh va Boyer Ahmad","","","","","","","","","","","Tang Sahl-e Baluti","Nurollah Zabolinezhad Sisakht and Mansour Bozorgmehr, field notes 2024",,"","","","Boyerahmadi 95%; Standard type Persian 5%","Nurollah Zabolinezhad Sisakht and Mansour Bozorgmehr, field notes 2024",31.10016,50.86009,
"","365a4a632d1fb65f22fb9b48232f9ccf","3-16d4e05a4d6b738da917ca977cab4329","1170126","","Kohgiluyeh va Boyer Ahmad","","","","","","","","","","","","",,"","","","",,31.09008,50.86103,
"","365a4a632d1fb65f22fb9b48232f8d9e","3-e1e8f3c853f52e4c757e62651b4fcdbb","1170127","","Kohgiluyeh va Boyer Ahmad","","","","","","","","","","","","",,"","","","",,31.09003,50.86502,
"","365a4a632d1fb65f22fb9b48232f884a","5-af10b4b925ae69f749a9982592d9c1ea","1170128","","Kohgiluyeh va Boyer Ahmad","","","","","","","","","","","Mēn Dare-ye Javakāl","Nurollah Zabolinezhad Sisakht and Mansour Bozorgmehr, field notes 2024",29,"","","","Boyerahmadi 95%; Standard type Persian 5%","Nurollah Zabolinezhad Sisakht and Mansour Bozorgmehr, field notes 2024",31.102,50.887,
"","365a4a632d1fb65f22fb9b48232f8669","5-e00690f37caeee971f45f6cff4042bcb","1170129","","Kohgiluyeh va Boyer Ahmad","","","","","","","","","","","Bi Baji Pirun Dālun, Bi Baji Pirun Dālu","Nurollah Zabolinezhad Sisakht and Mansour Bozorgmehr, field notes 2024",,"","","","Boyerahmadi 95%; Standard type Persian 5%","Nurollah Zabolinezhad Sisakht and Mansour Bozorgmehr, field notes 2024",31.1189,50.86767,
"","365a4a632d1fb65f22fb9b48232f783e","3-51f3045a5a4074e12aac3dd93281b19e","1170130","","Kohgiluyeh va Boyer Ahmad","","","","","","","","","","","","",,"","","","",,31.13726,50.84803,
"","365a4a632d1fb65f22fb9b48232f6e2a","5-4994c6eef40b3b9cb38d3e2fbc729bb0","1170131","","Kohgiluyeh va Boyer Ahmad","","","","","","","","","","","Kal Mele-y Jowkāl","Nurollah Zabolinezhad Sisakht and Mansour Bozorgmehr, field notes 2024",,"","","","Boyerahmadi 95%; Standard type Persian 5%","Nurollah Zabolinezhad Sisakht and Mansour Bozorgmehr, field notes 2024",31.08756,50.91608,
"","365a4a632d1fb65f22fb9b48232f6101","3-7ccea91bd5bd08f470ac71df5e960a6b","1170132","","Kohgiluyeh va Boyer Ahmad","","","","","","","","","","","","",,"","","","",,31.14932,50.82969,
"","365a4a632d1fb65f22fb9b48232f5a11","5-07baf6a664dded873f6bdaf4ca272be4","1170133","","Kohgiluyeh va Boyer Ahmad","","","","","","","","","","","Deh Now-e Javakāl, Deh Now Javakāl","Nurollah Zabolinezhad Sisakht and Mansour Bozorgmehr, field notes 2024",87,"","","","Boyerahmadi 95%; Standard type Persian 5%","Nurollah Zabolinezhad Sisakht and Mansour Bozorgmehr, field notes 2024",30.793,50.895,
"","365a4a632d1fb65f22fb9b48232f4be1","5-f379826fa24098ceb4e59cb538ecdcde","1170134","","Kohgiluyeh va Boyer Ahmad","","","","","","","","","","","Ā Bole-y Zilāyi, Ow Bole-y Zilāyi","Nurollah Zabolinezhad Sisakht and Mansour Bozorgmehr, field notes 2024",98,"","","","Boyerahmadi 95%; Standard type Persian 5%","Nurollah Zabolinezhad Sisakht and Mansour Bozorgmehr, field notes 2024",31.274,50.74,
"","365a4a632d1fb65f22fb9b48232ff6e6","5-bc0febfdb2de0d0210a085f49e3f344d","1170135","","Kohgiluyeh va Boyer Ahmad","","","","","","","","","","","Eshkaf Qāteri-ye Mowr Zard","Nurollah Zabolinezhad Sisakht and Mansour Bozorgmehr, field notes 2024",97,"","","","Boyerahmadi 95%; Standard type Persian 5%","Nurollah Zabolinezhad Sisakht and Mansour Bozorgmehr, field notes 2024",31.23,50.791,
"","365a4a632d1fb65f22fb9b48232ff189","5-691410a2dd40587cf705e40e3cce69af","1170136","","Kohgiluyeh va Boyer Ahmad","","","","","","","","","","","Tāk Sise-y Soflow","Nurollah Zabolinezhad Sisakht and Mansour Bozorgmehr, field notes 2024",162,"","","","Boyerahmadi 95%; Standard type Persian 5%","Nurollah Zabolinezhad Sisakht and Mansour Bozorgmehr, field notes 2024",31.081,50.988,
"","365a4a632d1fb65f22fb9b48232fe4b0","5-c66d345013338920830607287596d833","1170137","","Kohgiluyeh va Boyer Ahmad","","","","","","","","","","","Tāk Sise-y Olyow","Nurollah Zabolinezhad Sisakht and Mansour Bozorgmehr, field notes 2024",44,"","","","Boyerahmadi 95%; Standard type Persian 5%","Nurollah Zabolinezhad Sisakht and Mansour Bozorgmehr, field notes 2024",31.095,50.975,
"","365a4a632d1fb65f22fb9b48232fd716","5-7112e1858c808b0ae8f0bb6522acd9a1","1170138","","Kohgiluyeh va Boyer Ahmad","","","","","","","","","","","Tang Siv-e Dārberri","Nurollah Zabolinezhad Sisakht and Mansour Bozorgmehr, field notes 2024",,"","","","Boyerahmadi 95%; Standard type Persian 5%","Nurollah Zabolinezhad Sisakht and Mansour Bozorgmehr, field notes 2024",31.17744,50.87229,
"","365a4a632d1fb65f22fb9b48232fce17","5-b42f196ca4bf4658db1e7f0f0700e79a","1170139","","Kohgiluyeh va Boyer Ahmad","","","","","","","","","","","Chashma Goli Shehniz","Nurollah Zabolinezhad Sisakht and Mansour Bozorgmehr, field notes 2024",67,"","","","Boyerahmadi 95%; Standard type Persian 5%","Nurollah Zabolinezhad Sisakht and Mansour Bozorgmehr, field notes 2024",31.071,51,
"","365a4a632d1fb65f22fb9b48232fca3a","5-48d9ba3a8e0db119f3e0e5375b785933","1170140","","Kohgiluyeh va Boyer Ahmad","","","","","","","","","","","Dārberri Tā Morāyi-y Olyā","Nurollah Zabolinezhad Sisakht and Mansour Bozorgmehr, field notes 2024",15,"","","","Boyerahmadi 95%; Standard type Persian 5%","Nurollah Zabolinezhad Sisakht and Mansour Bozorgmehr, field notes 2024",31.178,50.862,
"","365a4a632d1fb65f22fb9b48232fbedc","5-34ca1b99605809cc0c1590513a178de6","1170141","","Kohgiluyeh va Boyer Ahmad","","","","","","","","","","","Dārberri Mahmahseyn-e Ziley","Nurollah Zabolinezhad Sisakht and Mansour Bozorgmehr, field notes 2024",86,"","","","Boyerahmadi 95%; Standard type Persian 5%","Nurollah Zabolinezhad Sisakht and Mansour Bozorgmehr, field notes 2024",31.189,50.841,
"","365a4a632d1fb65f22fb9b48232fbc47","5-672a88e1e13902ad49aa4c78f6ef257d","1170142","","Kohgiluyeh va Boyer Ahmad","","","","","","","","","","","Dara Bi-ye Mowr Zard","Nurollah Zabolinezhad Sisakht and Mansour Bozorgmehr, field notes 2024",161,"","","","Boyerahmadi 95%; Standard type Persian 5%","Nurollah Zabolinezhad Sisakht and Mansour Bozorgmehr, field notes 2024",31.208,50.815,
"","365a4a632d1fb65f22fb9b48232fba78","5-03949c05863d51c11080912023aae3aa","1170143","","Kohgiluyeh va Boyer Ahmad","","","","","","","","","","","Deli Tangu Soflā","Nurollah Zabolinezhad Sisakht and Mansour Bozorgmehr, field notes 2024",124,"","","","Boyerahmadi 95%; Standard type Persian 5%","Nurollah Zabolinezhad Sisakht and Mansour Bozorgmehr, field notes 2024",31.072,50.964,
"","365a4a632d1fb65f22fb9b48232faf4b","5-3ab0790e2e6c00c53a9b0ab803995680","1170144","","Kohgiluyeh va Boyer Ahmad","","","","","","","","","","","De Band-e Chashma Puti","Nurollah Zabolinezhad Sisakht and Mansour Bozorgmehr, field notes 2024",40,"","","","Boyerahmadi 95%; Standard type Persian 5%","Nurollah Zabolinezhad Sisakht and Mansour Bozorgmehr, field notes 2024",31.057,50.988,
"","365a4a632d1fb65f22fb9b482330561c","5-18a9339aa13ab375b57c71aeb1bba154","1170145","","Kohgiluyeh va Boyer Ahmad","","","","","","","","","","","De Band-e Shehniz","Nurollah Zabolinezhad Sisakht and Mansour Bozorgmehr, field notes 2024",89,"","","","Boyerahmadi 95%; Standard type Persian 5%","Nurollah Zabolinezhad Sisakht and Mansour Bozorgmehr, field notes 2024",31.048,50.996,
"","365a4a632d1fb65f22fb9b4823304677","3-e815709a0a0b0a529237cac2b54c7926","1170146","","Kohgiluyeh va Boyer Ahmad","","","","","","","","","","","","",,"","","","",,31.1394,50.92216,
"","365a4a632d1fb65f22fb9b4823303c88","5-a5d77666af9dfe84e5bf77341988decc","1170147","","Kohgiluyeh va Boyer Ahmad","","","","","","","","","","","Sharun Rang-e Mowr Zard","Nurollah Zabolinezhad Sisakht and Mansour Bozorgmehr, field notes 2024",47,"","","","Boyerahmadi 95%; Standard type Persian 5%","Nurollah Zabolinezhad Sisakht and Mansour Bozorgmehr, field notes 2024",31.253,50.754,
"","365a4a632d1fb65f22fb9b4823302f6e","5-3ccc7057da6ebc270404e4fff0db04bb","1170148","","Kohgiluyeh va Boyer Ahmad","","","","","","","","","","","Shikh Serka","Nurollah Zabolinezhad Sisakht and Mansour Bozorgmehr, field notes 2024",25,"","","","Boyerahmadi 95%; Standard type Persian 5%","Nurollah Zabolinezhad Sisakht and Mansour Bozorgmehr, field notes 2024",31.133,50.932,
"","365a4a632d1fb65f22fb9b48233029b5","5-766f8121cc8c4fb56a52a7263107638e","1170149","","Kohgiluyeh va Boyer Ahmad","","","","","","","","","","","Katōzār-e Mowr Zard","Nurollah Zabolinezhad Sisakht and Mansour Bozorgmehr, field notes 2024",82,"","","","Boyerahmadi 95%; Standard type Persian 5%","Nurollah Zabolinezhad Sisakht and Mansour Bozorgmehr, field notes 2024",31.207,50.835,
"","365a4a632d1fb65f22fb9b482330248d","5-dbdec13aa20c11ef93f49cd57c1eceda","1170150","","Kohgiluyeh va Boyer Ahmad","","","","","","","","","","","Mowr Zard-e Nasrelā","Nurollah Zabolinezhad Sisakht and Mansour Bozorgmehr, field notes 2024",19,"","","","Boyerahmadi 95%; Standard type Persian 5%","Nurollah Zabolinezhad Sisakht and Mansour Bozorgmehr, field notes 2024",31.227,50.801,
"","365a4a632d1fb65f22fb9b4823301d3e","3-be275786f8aeeb489979594e3cbfba3c","1170151","","Kohgiluyeh va Boyer Ahmad","","","","","","","","","","","","",,"","","","",,31.17973,50.87897,
"","365a4a632d1fb65f22fb9b482330135b","5-22111589aea02222f4b803daa5fabacf","1170152","","Kohgiluyeh va Boyer Ahmad","","","","","","","","","","","Vār Ow Mēn Deli Katōzār","Nurollah Zabolinezhad Sisakht and Mansour Bozorgmehr, field notes 2024",37,"","","","Boyerahmadi 95%; Standard type Persian 5%","Nurollah Zabolinezhad Sisakht and Mansour Bozorgmehr, field notes 2024",31.2,50.841,
"","365a4a632d1fb65f22fb9b4823300620","3-e47c5353bdf7369bc561029d98dc7bc1","1170153","","Kohgiluyeh va Boyer Ahmad","","","","","","","","","","","","",,"","","","",,31.20358,50.84628,
"","365a4a632d1fb65f22fb9b48232ffc87","5-ec4d745c1bc69d96ba035657a25fbf18","1170154","","Kohgiluyeh va Boyer Ahmad","","","","","","","","","","","Deh-e Dam Barm-e Mowr Zard","Nurollah Zabolinezhad Sisakht and Mansour Bozorgmehr, field notes 2024",69,"","","","Boyerahmadi 95%; Standard type Persian 5%","Nurollah Zabolinezhad Sisakht and Mansour Bozorgmehr, field notes 2024",31.233,50.782,
"","365a4a632d1fb65f22fb9b4823309744","5-2aba14675e01db68e655c727973168f4","1170155","","Kohgiluyeh va Boyer Ahmad","","","","","","","","","","","Pas Chāt-e Sharōn Rang","Nurollah Zabolinezhad Sisakht and Mansour Bozorgmehr, field notes 2024",93,"","","","Boyerahmadi 95%; Standard type Persian 5%","Nurollah Zabolinezhad Sisakht and Mansour Bozorgmehr, field notes 2024",31.248,50.749,
"","365a4a632d1fb65f22fb9b48233093ae","3-4e523740b5364878523d787be58b37f7","1170156","","Kohgiluyeh va Boyer Ahmad","","","","","","","","","","","","",,"","","","",,31.15735,50.89044,
"","365a4a632d1fb65f22fb9b4823308532","3-d548392ebceda5d3b61c0418b2a0e29a","1170157","","Kohgiluyeh va Boyer Ahmad","","","","","","","","","","","","",,"","","","",,31.14926,50.90966,
"","365a4a632d1fb65f22fb9b4823308284","5-9b1b152df100f2d2c24bbe38b089f72f","1170158","","Kohgiluyeh va Boyer Ahmad","","","","","","","","","","","Dam Tang-e Shikh Serka","Nurollah Zabolinezhad Sisakht and Mansour Bozorgmehr, field notes 2024",12,"","","","Boyerahmadi 95%; Standard type Persian 5%","Nurollah Zabolinezhad Sisakht and Mansour Bozorgmehr, field notes 2024",31.12,50.952,
"","365a4a632d1fb65f22fb9b482330807b","3-d63bdb2e1bafefb3f76c0ce4234fd739","1170159","","Kohgiluyeh va Boyer Ahmad","","","","","","","","","","","","",,"","","","",,31.26706,50.57848,
"","365a4a632d1fb65f22fb9b4823308027","5-5cb63053f1622ccbb219a8c23ef7a08a","1170160","","Kohgiluyeh va Boyer Ahmad","","","","","","","","","","","Deli Tangu Olyā","Nurollah Zabolinezhad Sisakht and Mansour Bozorgmehr, field notes 2024",16,"","","","Boyerahmadi 95%; Standard type Persian 5%","Nurollah Zabolinezhad Sisakht and Mansour Bozorgmehr, field notes 2024",31.112,50.921,
"","365a4a632d1fb65f22fb9b4823307616","5-d79bd99dd134a0464841d8a3c341782c","1170161","","Kohgiluyeh va Boyer Ahmad","","","","","","","","","","","Ow Sardun-e Soflā-y Javakāl","Nurollah Zabolinezhad Sisakht and Mansour Bozorgmehr, field notes 2024",167,"","","","Boyerahmadi 95%; Standard type Persian 5%","Nurollah Zabolinezhad Sisakht and Mansour Bozorgmehr, field notes 2024",31.045,50.981,
"","365a4a632d1fb65f22fb9b48233066ab","5-650e9b74825738ec4775e1722b2174bf","1170162","","Kohgiluyeh va Boyer Ahmad","","","","","","","","","","","Ow Sardun-e Olyā-y Javakāl","Nurollah Zabolinezhad Sisakht and Mansour Bozorgmehr, field notes 2024",145,"","","","Boyerahmadi 95%; Standard type Persian 5%","Nurollah Zabolinezhad Sisakht and Mansour Bozorgmehr, field notes 2024",31.052,50.972,
"","365a4a632d1fb65f22fb9b4823305c27","5-2aa6113a550d75289826e8685c303cae","1170163","","Kohgiluyeh va Boyer Ahmad","","","","","","","","","","","Bilukhar","Nurollah Zabolinezhad Sisakht and Mansour Bozorgmehr, field notes 2024",443,"","","","Boyerahmadi 95%; Standard type Persian 5%","Nurollah Zabolinezhad Sisakht and Mansour Bozorgmehr, field notes 2024",31.031,51.007,
"","365a4a632d1fb65f22fb9b48233057ee","5-89b8f38c49db8da04effa04f9c0a753b","1170164","","Kohgiluyeh va Boyer Ahmad","","","","","","","","","","","Chāl Seh Mēn Chātun-e Javakāl","Nurollah Zabolinezhad Sisakht and Mansour Bozorgmehr, field notes 2024",42,"","","","Boyerahmadi 95%; Standard type Persian 5%","Nurollah Zabolinezhad Sisakht and Mansour Bozorgmehr, field notes 2024",31.058,50.953,
"","365a4a632d1fb65f22fb9b482330e691","5-8aa5f7de9d137d9611e43a0da3703c4f","1170165","","Kohgiluyeh va Boyer Ahmad","","","","","","","","","","","Cheshma Dare-y Amir Ābād","Nurollah Zabolinezhad Sisakht and Mansour Bozorgmehr, field notes 2024",103,"","","","Boyerahmadi 95%; Standard type Persian 5%","Nurollah Zabolinezhad Sisakht and Mansour Bozorgmehr, field notes 2024",31.065,50.947,
"","365a4a632d1fb65f22fb9b482330e3f1","5-db1de0dec95384fe3d6b26e19c00c64d","1170166","","Kohgiluyeh va Boyer Ahmad","","","","","","","","","","","Chashma Lashe-y Javakāl","Nurollah Zabolinezhad Sisakht and Mansour Bozorgmehr, field notes 2024",48,"","","","Boyerahmadi 95%; Standard type Persian 5%","Nurollah Zabolinezhad Sisakht and Mansour Bozorgmehr, field notes 2024",31.058,50.958,
"","365a4a632d1fb65f22fb9b482330d59a","5-c4c6275dcbc0aab7c7d715e2de4a42bb","1170167","","Kohgiluyeh va Boyer Ahmad","","","","","","","","","","","Deli Rēch-e Soflā","Nurollah Zabolinezhad Sisakht and Mansour Bozorgmehr, field notes 2024",165,"","","","Boyerahmadi 95%; Standard type Persian 5%","Nurollah Zabolinezhad Sisakht and Mansour Bozorgmehr, field notes 2024",31.047,50.914,
"","365a4a632d1fb65f22fb9b482330d031","3-4539bbbfb054b37754820d6e09f8fb0b","1170168","","Kohgiluyeh va Boyer Ahmad","","","","","","","","","","","","",,"","","","",,31.06788,50.93272,
"","365a4a632d1fb65f22fb9b482330ce63","5-6f633d237c632e8e52eb258baaf1316e","1170169","","Kohgiluyeh va Boyer Ahmad","","","","","","","","","","","Sar Chāl","Nurollah Zabolinezhad Sisakht and Mansour Bozorgmehr, field notes 2024",55,"","","","Boyerahmadi 95%; Standard type Persian 5%","Nurollah Zabolinezhad Sisakht and Mansour Bozorgmehr, field notes 2024",31.021,51.025,
"","365a4a632d1fb65f22fb9b482330c02e","3-39a6a5b48cd139f66d7e2abe60859290","1170170","","Kohgiluyeh va Boyer Ahmad","","","","","","","","","","","","",,"","","","",,31.05144,50.96433,
"","365a4a632d1fb65f22fb9b482330bec7","5-ec2e726ea5ba448346e982156075789a","1170171","","Kohgiluyeh va Boyer Ahmad","","","","","","","","","","","Nakhjir","Nurollah Zabolinezhad Sisakht and Mansour Bozorgmehr, field notes 2024",32,"","","","Boyerahmadi 95%; Standard type Persian 5%","Nurollah Zabolinezhad Sisakht and Mansour Bozorgmehr, field notes 2024",31.053,50.974,
"","365a4a632d1fb65f22fb9b482330bb76","5-3b0e8b4806037c0a656a5e7c7d263c81","1170172","","Kohgiluyeh va Boyer Ahmad","","","","","","","","","","","Ow Bid-e Deli-ye Rēch-e Olyā","Nurollah Zabolinezhad Sisakht and Mansour Bozorgmehr, field notes 2024",97,"","","","Boyerahmadi 95%; Standard type Persian 5%","Nurollah Zabolinezhad Sisakht and Mansour Bozorgmehr, field notes 2024",30.994,51.002,
"","365a4a632d1fb65f22fb9b482330abb5","5-749c90bb2c2f49a87a80b79c6509aca2","1170173","","Kohgiluyeh va Boyer Ahmad","","","","","","","","","","","Ow Sapi Saqāva","Nurollah Zabolinezhad Sisakht and Mansour Bozorgmehr, field notes 2024",,"","","","Boyerahmadi 95%; Standard type Persian 5%","Nurollah Zabolinezhad Sisakht and Mansour Bozorgmehr, field notes 2024",30.95736,51.11547,
"","365a4a632d1fb65f22fb9b4823309bf8","5-9b8c7d202acd60045700012d5974c6cc","1170174","","Kohgiluyeh va Boyer Ahmad","","","","","","","","","","","Bibi Khātinun","Nurollah Zabolinezhad Sisakht and Mansour Bozorgmehr, field notes 2024",379,"","","","Boyerahmadi 95%; Standard type Persian 5%","Nurollah Zabolinezhad Sisakht and Mansour Bozorgmehr, field notes 2024",30.945,51.13,
"","365a4a632d1fb65f22fb9b4823313e64","3-1b432e50b22584fb872cf0a9ec19344b","1170175","","Kohgiluyeh va Boyer Ahmad","","","","","","","","","","","","",,"","","","",,30.94848,51.0585,
"","365a4a632d1fb65f22fb9b482331319b","3-d599d64fbbf734d2d719bc4d692c7b48","1170176","","Kohgiluyeh va Boyer Ahmad","","","","","","","","","","","","",,"","","","",,30.91541,51.09162,
"","365a4a632d1fb65f22fb9b4823312247","5-8957b6d61748a61d4975e978527f378c","1170177","","Kohgiluyeh va Boyer Ahmad","","","","","","","","","","","Cheshma Jivari Sar Saqāva","Nurollah Zabolinezhad Sisakht and Mansour Bozorgmehr, field notes 2024",,"","","","Boyerahmadi 95%; Standard type Persian 5%","Nurollah Zabolinezhad Sisakht and Mansour Bozorgmehr, field notes 2024",30.91267,51.15173,
"","365a4a632d1fb65f22fb9b48233121ac","5-9510a7b38f827fb4454680db5c92dcc7","1170178","","Kohgiluyeh va Boyer Ahmad","","","","","","","","","","","Chashma Sefi Mārgun","Nurollah Zabolinezhad Sisakht and Mansour Bozorgmehr, field notes 2024",,"","","","Boyerahmadi 95%; Standard type Persian 5%","Nurollah Zabolinezhad Sisakht and Mansour Bozorgmehr, field notes 2024",30.98137,51.05769,
"","365a4a632d1fb65f22fb9b4823311f0a","5-63703d785ed8945d2fbea53d95850a3b","1170179","","Kohgiluyeh va Boyer Ahmad","","","","","","","","","","","Dam Bildun Deli-ye Rēch-e Olyā","Nurollah Zabolinezhad Sisakht and Mansour Bozorgmehr, field notes 2024",43,"","","","Boyerahmadi 95%; Standard type Persian 5%","Nurollah Zabolinezhad Sisakht and Mansour Bozorgmehr, field notes 2024",30.997,50.998,
"","365a4a632d1fb65f22fb9b4823310f96","5-afbcadaa9e3f8381afb3e7bc08c9f0ae","1170180","","Kohgiluyeh va Boyer Ahmad","","","","","","","","","","","Dam Saqāve-y Aziz","Nurollah Zabolinezhad Sisakht and Mansour Bozorgmehr, field notes 2024",62,"","","","Boyerahmadi 95%; Standard type Persian 5%","Nurollah Zabolinezhad Sisakht and Mansour Bozorgmehr, field notes 2024",30.973,51.089,
"","365a4a632d1fb65f22fb9b48233107e5","5-53e7a6b96fe61ded3e4408e6214975a4","1170181","","Kohgiluyeh va Boyer Ahmad","","","","","","","","","","","Dara Khumbāzi Dam Saqāva","Nurollah Zabolinezhad Sisakht and Mansour Bozorgmehr, field notes 2024",,"","","","Boyerahmadi 95%; Standard type Persian 5%","Nurollah Zabolinezhad Sisakht and Mansour Bozorgmehr, field notes 2024",30.97488,51.06592,
"","365a4a632d1fb65f22fb9b4823310252","5-f716932ad0e7ab8ea88e0369bc5fc331","1170182","","Kohgiluyeh va Boyer Ahmad","","","","","","","","","","","De Āb-e Bilukhar","Nurollah Zabolinezhad Sisakht and Mansour Bozorgmehr, field notes 2024",21,"","","","Boyerahmadi 95%; Standard type Persian 5%","Nurollah Zabolinezhad Sisakht and Mansour Bozorgmehr, field notes 2024",31,51.035,
"","365a4a632d1fb65f22fb9b482330f42d","5-e42c8c47faed4b2af8aa30595c551c21","1170183","","Kohgiluyeh va Boyer Ahmad","","","","","","","","","","","Deh Bardel Dam Saqāva","Nurollah Zabolinezhad Sisakht and Mansour Bozorgmehr, field notes 2024",22,"","","","Boyerahmadi 95%; Standard type Persian 5%","Nurollah Zabolinezhad Sisakht and Mansour Bozorgmehr, field notes 2024",30.986,51.074,
"","365a4a632d1fb65f22fb9b482330ea44","5-89a341efc51bb0867a3fbed770b04a17","1170184","","Kohgiluyeh va Boyer Ahmad","","","","","","","","","","","Deh Chel-e Deli Rēch-e Olyā","Nurollah Zabolinezhad Sisakht and Mansour Bozorgmehr, field notes 2024",91,"","","","Boyerahmadi 95%; Standard type Persian 5%","Nurollah Zabolinezhad Sisakht and Mansour Bozorgmehr, field notes 2024",31.019,50.955,
"","365a4a632d1fb65f22fb9b4823318417","5-f2f58cf19de08fd891db47693c2a563d","1170185","","Kohgiluyeh va Boyer Ahmad","","","","","","","","","","","Deh Mir Qamser-e Deli Rēch-e Olyā","Nurollah Zabolinezhad Sisakht and Mansour Bozorgmehr, field notes 2024",134,"","","","Boyerahmadi 95%; Standard type Persian 5%","Nurollah Zabolinezhad Sisakht and Mansour Bozorgmehr, field notes 2024",31.003,50.982,
"","365a4a632d1fb65f22fb9b4823318313","5-b4d88c581597f1683a05c9c5f89e9e2c","1170186","","Kohgiluyeh va Boyer Ahmad","","","","","","","","","","","Sar Saqāve-y Qabressun","Nurollah Zabolinezhad Sisakht and Mansour Bozorgmehr, field notes 2024",19,"","","","Boyerahmadi 95%; Standard type Persian 5%","Nurollah Zabolinezhad Sisakht and Mansour Bozorgmehr, field notes 2024",30.908,51.147,
"","365a4a632d1fb65f22fb9b48233181ce","5-58d0749123a8be96160dab9b04a13d9c","1170187","","Kohgiluyeh va Boyer Ahmad","","","","","","","","","","","Sar Kuraki-ye Deli Rēch-e Olyā","Nurollah Zabolinezhad Sisakht and Mansour Bozorgmehr, field notes 2024",201,"","","","Boyerahmadi 95%; Standard type Persian 5%","Nurollah Zabolinezhad Sisakht and Mansour Bozorgmehr, field notes 2024",30.996,50.983,
"","365a4a632d1fb65f22fb9b48233172f5","5-15cc124dbac10871880a91ffb21e08cd","1170188","","Kohgiluyeh va Boyer Ahmad","","","","","","","","","","","Shehnak-e Saqāva","Nurollah Zabolinezhad Sisakht and Mansour Bozorgmehr, field notes 2024",26,"","","","Boyerahmadi 95%; Standard type Persian 5%","Nurollah Zabolinezhad Sisakht and Mansour Bozorgmehr, field notes 2024",30.902,51.161,
"","365a4a632d1fb65f22fb9b482331674a","5-cc632fcbc78e15aad9a4f82ba3331788","1170189","","Kohgiluyeh va Boyer Ahmad","","","","","","","","","","","Sheyjuni-ye Saqāva, Sheyjuni Saqāva","Nurollah Zabolinezhad Sisakht and Mansour Bozorgmehr, field notes 2024",16,"","","","Boyerahmadi 95%; Standard type Persian 5%","Nurollah Zabolinezhad Sisakht and Mansour Bozorgmehr, field notes 2024",30.957,51.097,
"","365a4a632d1fb65f22fb9b48233159f3","5-a7d80b19b54466fcbc4273e24ebb88f7","1170190","","Kohgiluyeh va Boyer Ahmad","","","","","","","","","","","Qale-y Saqāva","Nurollah Zabolinezhad Sisakht and Mansour Bozorgmehr, field notes 2024",103,"","","","Boyerahmadi 95%; Standard type Persian 5%","Nurollah Zabolinezhad Sisakht and Mansour Bozorgmehr, field notes 2024",30.96,51.109,
"","365a4a632d1fb65f22fb9b4823314fcb","5-caa7a687f4ac9d70ae6c22ab1be69ac0","1170191","","Kohgiluyeh va Boyer Ahmad","","","","","","","","","","","Kalgah Deli Rēch-e Olyā","Nurollah Zabolinezhad Sisakht and Mansour Bozorgmehr, field notes 2024",25,"","","","Boyerahmadi 95%; Standard type Persian 5%","Nurollah Zabolinezhad Sisakht and Mansour Bozorgmehr, field notes 2024",31.015,50.965,
"","365a4a632d1fb65f22fb9b4823314e22","5-816cf84b4dc692a737daac2ffc9c9f11","1170192","","Kohgiluyeh va Boyer Ahmad","","","","","","","","","","","Gerd Ow Saqāva","Nurollah Zabolinezhad Sisakht and Mansour Bozorgmehr, field notes 2024",10,"","","","Boyerahmadi 95%; Standard type Persian 5%","Nurollah Zabolinezhad Sisakht and Mansour Bozorgmehr, field notes 2024",30.97,51.1,
"","365a4a632d1fb65f22fb9b482331439f","3-43386a2bfbb32cf90a76102e57227a11","1170193","","Kohgiluyeh va Boyer Ahmad","","","","","","","","","","","","",,"","","","",,30.99432,50.98086,
"","365a4a632d1fb65f22fb9b48233141b9","5-728cf1c6cff59002b8cafc40499a877a","1170194","","Kohgiluyeh va Boyer Ahmad","","","","","","","","","","","Shērini-ye Saqāva","Nurollah Zabolinezhad Sisakht and Mansour Bozorgmehr, field notes 2024",31,"","","","Boyerahmadi 95%; Standard type Persian 5%","Nurollah Zabolinezhad Sisakht and Mansour Bozorgmehr, field notes 2024",30.966,51.091,
"","365a4a632d1fb65f22fb9b482372014b","4-5e5fed716ff99fe0e031d82363928fb3","1170195","","Kohgiluyeh va Boyer Ahmad","","","","","","","","","","","Bard Gapu Hoseyn Ābād","Nurollah Zabolinezhad Sisakht and Mansour Bozorgmehr, field notes 2024",21,"","","","Boyerahmadi 95%; Standard type Persian 5%","Nurollah Zabolinezhad Sisakht and Mansour Bozorgmehr, field notes 2024",,,
"","365a4a632d1fb65f22fb9b482331e6e4","5-eb7bcada141ce46aac06a7b93115d54b","1170196","","Kohgiluyeh va Boyer Ahmad","","","","","","","","","","","Tal Khāri Bandar-e Deli Gerdu","Nurollah Zabolinezhad Sisakht and Mansour Bozorgmehr, field notes 2024",13,"","","","Boyerahmadi 95%; Standard type Persian 5%","Nurollah Zabolinezhad Sisakht and Mansour Bozorgmehr, field notes 2024",31.091,51.006,
"","365a4a632d1fb65f22fb9b482331dc3e","5-6ee2dd84988a4a130f52c44d7d180bc6","1170197","","Kohgiluyeh va Boyer Ahmad","","","","","","","","","","","Tal Khāri Dam Deli Gerdu","Nurollah Zabolinezhad Sisakht and Mansour Bozorgmehr, field notes 2024",21,"","","","Boyerahmadi 95%; Standard type Persian 5%","Nurollah Zabolinezhad Sisakht and Mansour Bozorgmehr, field notes 2024",31.081,51.016,
"","365a4a632d1fb65f22fb9b482331d98e","5-1eeb39235e1087408001a10b9dc492fd","1170198","","Kohgiluyeh va Boyer Ahmad","","","","","","","","","","","Tal Khāri Abās-e Deli Gerdu","Nurollah Zabolinezhad Sisakht and Mansour Bozorgmehr, field notes 2024",18,"","","","Boyerahmadi 95%; Standard type Persian 5%","Nurollah Zabolinezhad Sisakht and Mansour Bozorgmehr, field notes 2024",31.095,51.01,
"","365a4a632d1fb65f22fb9b482331cfbc","5-a4c3826efce47285c244519bfde3173f","1170199","","Kohgiluyeh va Boyer Ahmad","","","","","","","","","","","Tomdāri","Nurollah Zabolinezhad Sisakht and Mansour Bozorgmehr, field notes 2024",148,"","","","Boyerahmadi 95%; Standard type Persian 5%","Nurollah Zabolinezhad Sisakht and Mansour Bozorgmehr, field notes 2024",31.01,51.05,
"","365a4a632d1fb65f22fb9b482331cf90","5-ad442df6a5740b176e50ed2418e071d9","1170200","","Kohgiluyeh va Boyer Ahmad","","","","","","","","","","","Jowberriz","Nurollah Zabolinezhad Sisakht and Mansour Bozorgmehr, field notes 2024",541,"","","","Boyerahmadi 95%; Standard type Persian 5%","Nurollah Zabolinezhad Sisakht and Mansour Bozorgmehr, field notes 2024",31.031,51.037,
"","365a4a632d1fb65f22fb9b482331c633","5-a2f25465cb3764d1d0b8d2e2bba89c6a","1170201","","Kohgiluyeh va Boyer Ahmad","","","","","","","","","","","Chashma Sib Deli Gerdu Soflā","Nurollah Zabolinezhad Sisakht and Mansour Bozorgmehr, field notes 2024",,"","","","Boyerahmadi 95%; Standard type Persian 5%","Nurollah Zabolinezhad Sisakht and Mansour Bozorgmehr, field notes 2024",31.11272,50.99026,
"","365a4a632d1fb65f22fb9b482331ba85","5-484a1eb8710237e8be45eecbbc62b32c","1170202","","Kohgiluyeh va Boyer Ahmad","","","","","","","","","","","Cheshma Garri Deli Gerdu","Nurollah Zabolinezhad Sisakht and Mansour Bozorgmehr, field notes 2024",15,"","","","Boyerahmadi 95%; Standard type Persian 5%","Nurollah Zabolinezhad Sisakht and Mansour Bozorgmehr, field notes 2024",31.103,51.002,
"","365a4a632d1fb65f22fb9b482331ad03","5-819ea253e039f7c9e2a2f95b429923ca","1170203","","Kohgiluyeh va Boyer Ahmad","","","","","","","","","","","Chār Mowrun-e Tomdāri","Nurollah Zabolinezhad Sisakht and Mansour Bozorgmehr, field notes 2024",95,"","","","Boyerahmadi 95%; Standard type Persian 5%","Nurollah Zabolinezhad Sisakht and Mansour Bozorgmehr, field notes 2024",31.003,51.051,
"","365a4a632d1fb65f22fb9b4823319f3d","5-2eeffc87ed7cec9716110874f4ecbefd","1170204","","Kohgiluyeh va Boyer Ahmad","","","","","","","","","","","Dara Bi Deli Gerdu","Nurollah Zabolinezhad Sisakht and Mansour Bozorgmehr, field notes 2024",48,"","","","Boyerahmadi 95%; Standard type Persian 5%","Nurollah Zabolinezhad Sisakht and Mansour Bozorgmehr, field notes 2024",31.072,51.024,
"","365a4a632d1fb65f22fb9b482331927e","5-98f204a2d1511d28cdda5f920e4bf3c4","1170205","","Kohgiluyeh va Boyer Ahmad","","","","","","","","","","","Deli Gerdu Olyā","Nurollah Zabolinezhad Sisakht and Mansour Bozorgmehr, field notes 2024",84,"","","","Boyerahmadi 95%; Standard type Persian 5%","Nurollah Zabolinezhad Sisakht and Mansour Bozorgmehr, field notes 2024",31.123,50.984,
"","365a4a632d1fb65f22fb9b482332308c","5-15f373e2257e0e085122c64ecc5e16a6","1170206","","Kohgiluyeh va Boyer Ahmad","","","","","","","","","","","De Band-e Bi Gerra","Nurollah Zabolinezhad Sisakht and Mansour Bozorgmehr, field notes 2024",,"","","","Boyerahmadi 95%; Standard type Persian 5%","Nurollah Zabolinezhad Sisakht and Mansour Bozorgmehr, field notes 2024",30.96128,51.15211,
"","365a4a632d1fb65f22fb9b4823322b99","5-7fcae8e45537ab78d8884cdae68e4d21","1170207","","Kohgiluyeh va Boyer Ahmad","","","","","","","","","","","Deh Nesah Deli Gerdu Soflā","Nurollah Zabolinezhad Sisakht and Mansour Bozorgmehr, field notes 2024",23,"","","","Boyerahmadi 95%; Standard type Persian 5%","Nurollah Zabolinezhad Sisakht and Mansour Bozorgmehr, field notes 2024",31.108,50.988,
"","365a4a632d1fb65f22fb9b4823321c4e","5-b8afad87579de0d3061e2b7895763ce2","1170208","","Kohgiluyeh va Boyer Ahmad","","","","","","","","","","","Sar Tang-e Abeli Jowberriz","Nurollah Zabolinezhad Sisakht and Mansour Bozorgmehr, field notes 2024",,"","","","Boyerahmadi 95%; Standard type Persian 5%","Nurollah Zabolinezhad Sisakht and Mansour Bozorgmehr, field notes 2024",31.02192,51.06811,
"","365a4a632d1fb65f22fb9b48233214e0","5-fa99d87258628d75e2ce95f09b6b1c8d","1170209","","Kohgiluyeh va Boyer Ahmad","","","","","","","","","","","Gardane-y Chār Mowrun-e Mārgun","Nurollah Zabolinezhad Sisakht and Mansour Bozorgmehr, field notes 2024",16,"","","","Boyerahmadi 95%; Standard type Persian 5%","Nurollah Zabolinezhad Sisakht and Mansour Bozorgmehr, field notes 2024",31.004,51.044,
"","365a4a632d1fb65f22fb9b4823321413","5-be9e3a7c0ad22afd19a7b277a71c3cf8","1170210","","Kohgiluyeh va Boyer Ahmad","","","","","","","","","","","Haf Cheshma","Nurollah Zabolinezhad Sisakht and Mansour Bozorgmehr, field notes 2024",263,"","","","Boyerahmadi 95%; Standard type Persian 5%","Nurollah Zabolinezhad Sisakht and Mansour Bozorgmehr, field notes 2024",31.046,51.049,
"","365a4a632d1fb65f22fb9b4823320e0b","3-a2c6a38f1a2fba01536fe19ea7cc76ac","1170211","","Kohgiluyeh va Boyer Ahmad","","","","","","","","","","","","",,"","","","",,31.00989,51.08476,
"","365a4a632d1fb65f22fb9b4823320967","5-2c69f52389159bd2ea3f6a36be6be44a","1170212","","Kohgiluyeh va Boyer Ahmad","","","","","","","","","","","Vord Sisa Mārgun","Nurollah Zabolinezhad Sisakht and Mansour Bozorgmehr, field notes 2024",10,"","","","Boyerahmadi 95%; Standard type Persian 5%","Nurollah Zabolinezhad Sisakht and Mansour Bozorgmehr, field notes 2024",30.981,51.122,
"","365a4a632d1fb65f22fb9b482331fec1","3-23dd5263b562f64ab53fcb28154dcc73","1170213","","Kohgiluyeh va Boyer Ahmad","","","","","","","","","","","","",,"","","","",,30.98399,51.12794,
"","365a4a632d1fb65f22fb9b482331f2d6","5-6674a410c6bf30720fd66ece2c4cbff5","1170214","","Kohgiluyeh va Boyer Ahmad","","","","","","","","","","","Shehniz","Nurollah Zabolinezhad Sisakht and Mansour Bozorgmehr, field notes 2024",781,"","","","Boyerahmadi 95%; Standard type Persian 5%","Nurollah Zabolinezhad Sisakht and Mansour Bozorgmehr, field notes 2024",31.055,51.013,
"","365a4a632d1fb65f22fb9b482331e849","5-a7a8b32340cb6f55008ebb32182217f8","1170215","","Kohgiluyeh va Boyer Ahmad","","","","","","","","","","","Mārgun","Nurollah Zabolinezhad Sisakht and Mansour Bozorgmehr, field notes 2024",3135,"","","","Boyerahmadi 95%; Standard type Persian 5%","Nurollah Zabolinezhad Sisakht and Mansour Bozorgmehr, field notes 2024",30.995,51.083,
"","365a4a632d1fb65f22fb9b482371f6e1","2-9eba45c82a9885daf8326e0b238cdc68","1170216","","Kohgiluyeh va Boyer Ahmad","","","","","","","","","","","","",260840,"","","","",,,,
"","365a4a632d1fb65f22fb9b482371f40c","2-25c8896a600cad3f68e340d311b82803","1170217","","Kohgiluyeh va Boyer Ahmad","","","","","","","","","","","","",10853,"","","","",,,,
"","365a4a632d1fb65f22fb9b4823328bce","5-3809ebc0ff5984ae7c11b9c83b0aab86","1170218","","Kohgiluyeh va Boyer Ahmad","","","","","","","","","","","Sādāt Ābāy","Sediqeh Bahonar, Shahin Taheri and Mansour Bozorgmehr, field notes 2024",23,"","","","Boyerahmadi 95%; Standard type Persian 5%","Sediqeh Bahonar, Shahin Taheri and Mansour Bozorgmehr, field notes 2024",30.451,51.492,
"","365a4a632d1fb65f22fb9b4823327c45","5-721993c117911cf66b90237e81aa6eaa","1170219","","Kohgiluyeh va Boyer Ahmad","","","","","","","","","","","Keveshk-e Bāley","Sediqeh Bahonar, Shahin Taheri and Mansour Bozorgmehr, field notes 2024",638,"","","","Boyerahmadi 95%; Standard type Persian 5%","Sediqeh Bahonar, Shahin Taheri and Mansour Bozorgmehr, field notes 2024",30.464,51.486,
"","365a4a632d1fb65f22fb9b48233275c2","5-9a2792de249181e8375d4669e56a33ca","1170220","","Kohgiluyeh va Boyer Ahmad","","","","","","","","","","","Gābarak","Sediqeh Bahonar, Shahin Taheri and Mansour Bozorgmehr, field notes 2024",56,"","","","Boyerahmadi 95%; Standard type Persian 5%","Sediqeh Bahonar, Shahin Taheri and Mansour Bozorgmehr, field notes 2024",30.446,51.496,
"","365a4a632d1fb65f22fb9b4823326f11","5-5c4812a4b6e08da0051d935a3cf3cbb8","1170221","","Kohgiluyeh va Boyer Ahmad","","","","","","","","","","","Bāyāmdun-e Keveshk-e Bāley, Bāyāmdun-e Keveshk Bāley","Sediqeh Bahonar, Shahin Taheri and Mansour Bozorgmehr, field notes 2024",,"","","","Boyerahmadi 95%; Standard type Persian 5%","Sediqeh Bahonar, Shahin Taheri and Mansour Bozorgmehr, field notes 2024",30.45596,51.49275,
"","365a4a632d1fb65f22fb9b4823326436","5-be5fd409bb2ca28e0af25aecdfda2e62","1170222","","Kohgiluyeh va Boyer Ahmad","","","","","","","","","","","Gowy Baley","Sediqeh Bahonar, Shahin Taheri and Mansour Bozorgmehr, field notes 2024",,"","","","Boyerahmadi 95%; Standard type Persian 5%","Sediqeh Bahonar, Shahin Taheri and Mansour Bozorgmehr, field notes 2024",30.45985,51.49726,
"","365a4a632d1fb65f22fb9b48233257f5","3-67665233923609767c497051b0aee8ee","1170223","","Kohgiluyeh va Boyer Ahmad","","","","","","","","","","","","",,"","","","",,30.44283,51.51118,
"","365a4a632d1fb65f22fb9b4823325044","5-13d9620c36ec2eca47cde6eaef1ffdfa","1170224","","Kohgiluyeh va Boyer Ahmad","","","","","","","","","","","Tsāl Banyow Dasht-e Rüm, Tsāl Banyow Dasht-e Rim","Sediqeh Bahonar, Shahin Taheri and Mansour Bozorgmehr, field notes 2024",374,"","","","Boyerahmadi 95%; Standard type Persian 5%","Sediqeh Bahonar, Shahin Taheri and Mansour Bozorgmehr, field notes 2024",30.522,51.558,
"","365a4a632d1fb65f22fb9b4823324f9b","5-25477c7042b6f4000741d0c689ba9ef9","1170225","","Kohgiluyeh va Boyer Ahmad","","","","","","","","","","","Tseshma Pahn Dasht-e Rüm, Tseshme Pahn-e Dasht-e Rim","Sediqeh Bahonar, Shahin Taheri and Mansour Bozorgmehr, field notes 2024",161,"","","","Boyerahmadi 95%; Standard type Persian 5%","Sediqeh Bahonar, Shahin Taheri and Mansour Bozorgmehr, field notes 2024",30.527,51.548,
"","365a4a632d1fb65f22fb9b4823324d0f","5-6aacea07e2ee9e70d154c867a1484950","1170226","","Kohgiluyeh va Boyer Ahmad","","","","","","","","","","","De Rah Safiyār","Sediqeh Bahonar, Shahin Taheri and Mansour Bozorgmehr, field notes 2024",42,"","","","Boyerahmadi 95%; Standard type Persian 5%","Sediqeh Bahonar, Shahin Taheri and Mansour Bozorgmehr, field notes 2024",30.515,51.519,
"","365a4a632d1fb65f22fb9b482332404e","3-be7771c06b870d22cd22ea45ea792501","1170227","","Kohgiluyeh va Boyer Ahmad","","","","","","","","","","","","",,"","","","",,30.49121,51.52645,
"","365a4a632d1fb65f22fb9b482332c9d6","5-7d4555b7611f6d4435171af2f62d6a79","1170228","","Kohgiluyeh va Boyer Ahmad","","","","","","","","","","","Vord-e Bardehari","Sediqeh Bahonar, Shahin Taheri and Mansour Bozorgmehr, field notes 2024",41,"","","","Boyerahmadi 95%; Standard type Persian 5%","Sediqeh Bahonar, Shahin Taheri and Mansour Bozorgmehr, field notes 2024",30.523,51.516,
"","365a4a632d1fb65f22fb9b482332c3bd","3-63a401a6f5da63bf41028ee525f2a686","1170229","","Kohgiluyeh va Boyer Ahmad","","","","","","","","","","","","",,"","","","",,30.50056,51.53462,
"","365a4a632d1fb65f22fb9b482332bd96","3-2e118da07a53311362aa57e26fbef6ec","1170230","","Kohgiluyeh va Boyer Ahmad","","","","","","","","","","","","",,"","","","",,30.48229,51.5459,
"","365a4a632d1fb65f22fb9b482332bd01","3-8be9185a99bfc6d55dce01c3c47a3beb","1170231","","Kohgiluyeh va Boyer Ahmad","","","","","","","","","","","","",,"","","","",,30.47413,51.54164,
"","365a4a632d1fb65f22fb9b482332ae8f","3-19a166d921a9bbc698e6c67aefaced72","1170232","","Kohgiluyeh va Boyer Ahmad","","","","","","","","","","","","",,"","","","",,30.48259,51.51369,
"","365a4a632d1fb65f22fb9b482332ae01","5-5c7f95a4aaee7625d06bb7af89ef3a42","1170233","","Kohgiluyeh va Boyer Ahmad","","","","","","","","","","","Tel Bani Per Eshkaft","Sediqeh Bahonar, Shahin Taheri and Mansour Bozorgmehr, field notes 2024",22,"","","","Boyerahmadi 95%; Standard type Persian 5%","Sediqeh Bahonar, Shahin Taheri and Mansour Bozorgmehr, field notes 2024",30.697,51.286,
"","365a4a632d1fb65f22fb9b482332a9bc","5-ae0cfa99b4c59ebb7656b5ad7acba609","1170234","","Kohgiluyeh va Boyer Ahmad","","","","","","","","","","","Tsāl Ku Per Eshkaft","Sediqeh Bahonar, Shahin Taheri and Mansour Bozorgmehr, field notes 2024",31,"","","","Boyerahmadi 95%; Standard type Persian 5%","Sediqeh Bahonar, Shahin Taheri and Mansour Bozorgmehr, field notes 2024",30.709,51.269,
"","365a4a632d1fb65f22fb9b482332a7bd","5-ee5ee19b18c2b316b8da57b2e6eb605a","1170235","","Kohgiluyeh va Boyer Ahmad","","","","","","","","","","","Tsel Mah Bāqeri","Sediqeh Bahonar, Shahin Taheri and Mansour Bozorgmehr, field notes 2024",23,"","","","Boyerahmadi 95%; Standard type Persian 5%","Sediqeh Bahonar, Shahin Taheri and Mansour Bozorgmehr, field notes 2024",30.695,51.303,
"","365a4a632d1fb65f22fb9b4823329f7e","5-30e1bc8ba71cf3b87830df54b123fafe","1170236","","Kohgiluyeh va Boyer Ahmad","","","","","","","","","","","Tsitāve-y Per Eshkaft","Sediqeh Bahonar, Shahin Taheri and Mansour Bozorgmehr, field notes 2024",30,"","","","Boyerahmadi 95%; Standard type Persian 5%","Sediqeh Bahonar, Shahin Taheri and Mansour Bozorgmehr, field notes 2024",30.719,51.289,
"","365a4a632d1fb65f22fb9b482332909b","5-e4bbdfc8a917c772ae4535faacd141c0","1170237","","Kohgiluyeh va Boyer Ahmad","","","","","","","","","","","Dare Khāni Per Eshkaft","Sediqeh Bahonar, Shahin Taheri and Mansour Bozorgmehr, field notes 2024",41,"","","","Boyerahmadi 95%; Standard type Persian 5%","Sediqeh Bahonar, Shahin Taheri and Mansour Bozorgmehr, field notes 2024",30.713,51.289,
"","365a4a632d1fb65f22fb9b4823330f95","5-30d55cd00de4d6b28ed735a6ecd37c3b","1170238","","Kohgiluyeh va Boyer Ahmad","","","","","","","","","","","Dare Kalge-y Par Eshkaft","Sediqeh Bahonar, Shahin Taheri and Mansour Bozorgmehr, field notes 2024",23,"","","","Boyerahmadi 95%; Standard type Persian 5%","Sediqeh Bahonar, Shahin Taheri and Mansour Bozorgmehr, field notes 2024",30.701,51.304,
"","365a4a632d1fb65f22fb9b482333056d","5-9f9f3f9ff686fec04c2e0766e6f61a9e","1170239","","Kohgiluyeh va Boyer Ahmad","","","","","","","","","","","Deh Gapu Per Eshkaft","Sediqeh Bahonar, Shahin Taheri and Mansour Bozorgmehr, field notes 2024",103,"","","","Boyerahmadi 95%; Standard type Persian 5%","Sediqeh Bahonar, Shahin Taheri and Mansour Bozorgmehr, field notes 2024",30.718,51.28,
"","365a4a632d1fb65f22fb9b482332f5a0","3-446e75421e78770b5780fbe34342c072","1170240","","Kohgiluyeh va Boyer Ahmad","","","","","","","","","","","","",,"","","","",,30.73114,51.28045,
"","365a4a632d1fb65f22fb9b482332f335","3-150a5a6d40ee037aa6a7a0c3d83dbb7d","1170241","","Kohgiluyeh va Boyer Ahmad","","","","","","","","","","","","",,"","","","",,30.73842,51.27613,
"","365a4a632d1fb65f22fb9b482332e40f","5-0c4e02f1820f25c57b3ffa3598431e39","1170242","","Kohgiluyeh va Boyer Ahmad","","","","","","","","","","","Deh Merāyi Per Eshkaft","Sediqeh Bahonar, Shahin Taheri and Mansour Bozorgmehr, field notes 2024",111,"","","","Boyerahmadi 95%; Standard type Persian 5%","Sediqeh Bahonar, Shahin Taheri and Mansour Bozorgmehr, field notes 2024",30.712,51.278,
"","365a4a632d1fb65f22fb9b482332e155","5-c72f32f8a7bec48be5eaf3a040361ffe","1170243","","Kohgiluyeh va Boyer Ahmad","","","","","","","","","","","Dam Kere-y Dumeni","Sediqeh Bahonar, Shahin Taheri and Mansour Bozorgmehr, field notes 2024",102,"","","","Boyerahmadi 95%; Standard type Persian 5%","Sediqeh Bahonar, Shahin Taheri and Mansour Bozorgmehr, field notes 2024",30.629,51.424,
"","365a4a632d1fb65f22fb9b482332d6b6","5-220bb340fcea096a23816ff6e144125a","1170244","","Kohgiluyeh va Boyer Ahmad","","","","","","","","","","","Dam Kere-y Key Mah Khān","Sediqeh Bahonar, Shahin Taheri and Mansour Bozorgmehr, field notes 2024",216,"","","","Boyerahmadi 95%; Standard type Persian 5%","Sediqeh Bahonar, Shahin Taheri and Mansour Bozorgmehr, field notes 2024",30.614,51.446,
"","365a4a632d1fb65f22fb9b482332d65c","5-47b7505cc97aaf58c6f81cd03345a4d0","1170245","","Kohgiluyeh va Boyer Ahmad","","","","","","","","","","","Bard Khiyāri","Sediqeh Bahonar, Shahin Taheri and Mansour Bozorgmehr, field notes 2024",50,"","","","Boyerahmadi 95%; Standard type Persian 5%","Sediqeh Bahonar, Shahin Taheri and Mansour Bozorgmehr, field notes 2024",30.645,51.407,
"","365a4a632d1fb65f22fb9b482332d187","5-ac1f9d8e082008f6b5edd03f2569f797","1170246","","Kohgiluyeh va Boyer Ahmad","","","","","","","","","","","Bahāre-y Bard Khiyāri","Sediqeh Bahonar, Shahin Taheri and Mansour Bozorgmehr, field notes 2024",40,"","","","Boyerahmadi 95%; Standard type Persian 5%","Sediqeh Bahonar, Shahin Taheri and Mansour Bozorgmehr, field notes 2024",30.664,51.39,
"","365a4a632d1fb65f22fb9b482332ce5c","5-16ac193eab81d7eac6bdcfb07f605109","1170247","","Kohgiluyeh va Boyer Ahmad","","","","","","","","","","","Dzahād Ābāy-e Tseshme Tāgi","Sediqeh Bahonar, Shahin Taheri and Mansour Bozorgmehr, field notes 2024",,"","","","Boyerahmadi 95%; Standard type Persian 5%","Sediqeh Bahonar, Shahin Taheri and Mansour Bozorgmehr, field notes 2024",30.63781,51.39851,
"","365a4a632d1fb65f22fb9b4823336d4f","5-2cfe4d5c6e5bdd29398eebc8c6293ba1","1170248","","Kohgiluyeh va Boyer Ahmad","","","","","","","","","","","Tseshma Balitak","Sediqeh Bahonar, Shahin Taheri and Mansour Bozorgmehr, field notes 2024",28,"","","","Boyerahmadi 95%; Standard type Persian 5%","Sediqeh Bahonar, Shahin Taheri and Mansour Bozorgmehr, field notes 2024",30.625,51.407,
"","365a4a632d1fb65f22fb9b4823336ad1","5-b9cef7474d044e01e718bfe5e28b9e94","1170249","","Kohgiluyeh va Boyer Ahmad","","","","","","","","","","","Tseshma Tāgi","Sediqeh Bahonar, Shahin Taheri and Mansour Bozorgmehr, field notes 2024",26,"","","","Boyerahmadi 95%; Standard type Persian 5%","Sediqeh Bahonar, Shahin Taheri and Mansour Bozorgmehr, field notes 2024",30.638,51.395,
"","365a4a632d1fb65f22fb9b48233367d1","5-248522bb7fe48c6a358795efd6d1b8a0","1170250","","Kohgiluyeh va Boyer Ahmad","","","","","","","","","","","Tseshma Reqāt","Sediqeh Bahonar, Shahin Taheri and Mansour Bozorgmehr, field notes 2024",39,"","","","Boyerahmadi 95%; Standard type Persian 5%","Sediqeh Bahonar, Shahin Taheri and Mansour Bozorgmehr, field notes 2024",30.67,51.372,
"","365a4a632d1fb65f22fb9b4823335dad","5-5ff7082609d98fdc8cf7034a512849cf","1170251","","Kohgiluyeh va Boyer Ahmad","","","","","","","","","","","Tseshma Sorkh","Sediqeh Bahonar, Shahin Taheri and Mansour Bozorgmehr, field notes 2024",,"","","","Boyerahmadi 95%; Standard type Persian 5%","Sediqeh Bahonar, Shahin Taheri and Mansour Bozorgmehr, field notes 2024",30.61258,51.42008,
"","365a4a632d1fb65f22fb9b48233352cd","5-6b3dec221ba34ca2f3cd365fdd253de7","1170252","","Kohgiluyeh va Boyer Ahmad","","","","","","","","","","","Dam Tang-e Tikow","Sediqeh Bahonar, Shahin Taheri and Mansour Bozorgmehr, field notes 2024",11,"","","","Boyerahmadi 95%; Standard type Persian 5%","Sediqeh Bahonar, Shahin Taheri and Mansour Bozorgmehr, field notes 2024",30.652,51.358,
"","365a4a632d1fb65f22fb9b48233345ec","3-20425864cef56897523a7f3764b614d4","1170253","","Kohgiluyeh va Boyer Ahmad","","","","","","","","","","","","",,"","","","",,30.70277,51.28325,
"","365a4a632d1fb65f22fb9b4823333658","5-c498f2ce680c1beb003aa75a27c9c74d","1170254","","Kohgiluyeh va Boyer Ahmad","","","","","","","","","","","Bar Aftow Dam Kera","Sediqeh Bahonar, Shahin Taheri and Mansour Bozorgmehr, field notes 2024",715,"","","","Boyerahmadi 95%; Standard type Persian 5%","Sediqeh Bahonar, Shahin Taheri and Mansour Bozorgmehr, field notes 2024",30.563,51.538,
"","365a4a632d1fb65f22fb9b4823332d56","5-212ebff6e7c6db05d21ce65cf88732c2","1170255","","Kohgiluyeh va Boyer Ahmad","","","","","","","","","","","Kel Qanāt-e Dam Kera","Sediqeh Bahonar, Shahin Taheri and Mansour Bozorgmehr, field notes 2024",24,"","","","Boyerahmadi 95%; Standard type Persian 5%","Sediqeh Bahonar, Shahin Taheri and Mansour Bozorgmehr, field notes 2024",30.556,51.547,
"","365a4a632d1fb65f22fb9b4823332039","5-8cc1da48b08ad9424c84c87f4169d04a","1170256","","Kohgiluyeh va Boyer Ahmad","","","","","","","","","","","Mansur Ābāy Sarow Khomzun","Sediqeh Bahonar, Shahin Taheri and Mansour Bozorgmehr, field notes 2024",1189,"","","","Boyerahmadi 95%; Standard type Persian 5%","Sediqeh Bahonar, Shahin Taheri and Mansour Bozorgmehr, field notes 2024",30.561,51.494,
"","365a4a632d1fb65f22fb9b4823331a57","5-244b1ac2420721151990764808cc1561","1170257","","Kohgiluyeh va Boyer Ahmad","","","","","","","","","","","Deh Hādz Esmeyl","Sediqeh Bahonar, Shahin Taheri and Mansour Bozorgmehr, field notes 2024",16,"","","","Boyerahmadi 95%; Standard type Persian 5%","Sediqeh Bahonar, Shahin Taheri and Mansour Bozorgmehr, field notes 2024",30.541,51.509,
"","365a4a632d1fb65f22fb9b482333c3dd","5-4594d5500bea9df3db8f717606c75a04","1170258","","Kohgiluyeh va Boyer Ahmad","","","","","","","","","","","Dam Kere-y Mēn Deli","Sediqeh Bahonar, Shahin Taheri and Mansour Bozorgmehr, field notes 2024",82,"","","","Boyerahmadi 95%; Standard type Persian 5%","Sediqeh Bahonar, Shahin Taheri and Mansour Bozorgmehr, field notes 2024",30.541,51.542,
"","365a4a632d1fb65f22fb9b482333b561","5-113440fc5070c5acdaf1c4e40ae099e1","1170259","","Kohgiluyeh va Boyer Ahmad","","","","","","","","","","","Dam Kere-y Bāley","Sediqeh Bahonar, Shahin Taheri and Mansour Bozorgmehr, field notes 2024",314,"","","","Boyerahmadi 95%; Standard type Persian 5%","Sediqeh Bahonar, Shahin Taheri and Mansour Bozorgmehr, field notes 2024",30.577,51.503,
"","365a4a632d1fb65f22fb9b482333b481","3-44e96c019d7f6c1ec53ae4761286c68e","1170260","","Kohgiluyeh va Boyer Ahmad","","","","","","","","","","","","",,"","","","",,30.59979,51.43778,
"","365a4a632d1fb65f22fb9b482333a8ba","5-738ff58991fc817e32de861153c7b7de","1170261","","Kohgiluyeh va Boyer Ahmad","","","","","","","","","","","Tsah Pāzanun","Sediqeh Bahonar, Shahin Taheri and Mansour Bozorgmehr, field notes 2024",78,"","","","Boyerahmadi 95%; Standard type Persian 5%","Sediqeh Bahonar, Shahin Taheri and Mansour Bozorgmehr, field notes 2024",30.595,51.435,
"","365a4a632d1fb65f22fb9b482333a03e","5-01bdd5c273f2fa6edb5b26b6020de43a","1170262","","Kohgiluyeh va Boyer Ahmad","","","","","","","","","","","Heseyn Ābāy Dumeni","Sediqeh Bahonar, Shahin Taheri and Mansour Bozorgmehr, field notes 2024",73,"","","","Boyerahmadi 95%; Standard type Persian 5%","Sediqeh Bahonar, Shahin Taheri and Mansour Bozorgmehr, field notes 2024",30.567,51.514,
"","365a4a632d1fb65f22fb9b482333969d","5-d08eb1b333742a186a0c52288582cab8","1170263","","Kohgiluyeh va Boyer Ahmad","","","","","","","","","","","Dowlat Ābāy","Sediqeh Bahonar, Shahin Taheri and Mansour Bozorgmehr, field notes 2024",296,"","","","Boyerahmadi 95%; Standard type Persian 5%","Sediqeh Bahonar, Shahin Taheri and Mansour Bozorgmehr, field notes 2024",30.598,51.466,
"","365a4a632d1fb65f22fb9b482333876c","5-53bfa9f2609e493ae99c3711a3beca46","1170264","","Kohgiluyeh va Boyer Ahmad","","","","","","","","","","","Tahledun Dam Kera","Sediqeh Bahonar, Shahin Taheri and Mansour Bozorgmehr, field notes 2024",394,"","","","Boyerahmadi 95%; Standard type Persian 5%","Sediqeh Bahonar, Shahin Taheri and Mansour Bozorgmehr, field notes 2024",30.571,51.497,
"","365a4a632d1fb65f22fb9b482333819c","5-1f1e73b9cb332d1f60125daa1ffdf2b8","1170265","","Kohgiluyeh va Boyer Ahmad","","","","","","","","","","","Gar Kalāneshin Dasht-e Rum","Sediqeh Bahonar, Shahin Taheri and Mansour Bozorgmehr, field notes 2024",441,"","","","Boyerahmadi 95%; Standard type Persian 5%","Sediqeh Bahonar, Shahin Taheri and Mansour Bozorgmehr, field notes 2024",30.558,51.514,
"","365a4a632d1fb65f22fb9b48233380ca","5-db092211a11c394aeca4528fafbe4b75","1170266","","Kohgiluyeh va Boyer Ahmad","","","","","","","","","","","Tahledun Vasati, Tahledun-e Vasati","Sediqeh Bahonar, Shahin Taheri and Mansour Bozorgmehr, field notes 2024",47,"","","","Boyerahmadi 95%; Standard type Persian 5%","Sediqeh Bahonar, Shahin Taheri and Mansour Bozorgmehr, field notes 2024",30.995,50.254,
"","365a4a632d1fb65f22fb9b482333727e","5-2602e0c9bc22edf9c88da4a522f71036","1170267","","Kohgiluyeh va Boyer Ahmad","","","","","","","","","","","Tangāri","Sediqeh Bahonar, Shahin Taheri and Mansour Bozorgmehr, field notes 2024",1885,"","","","Boyerahmadi 95%; Standard type Persian 5%","Sediqeh Bahonar, Shahin Taheri and Mansour Bozorgmehr, field notes 2024",30.529,51.537,
"","365a4a632d1fb65f22fb9b4823341630","5-12eb58124a7ac0b14843940c4a52c175","1170268","","Kohgiluyeh va Boyer Ahmad","","","","","","","","","","","Dzahān Ābāy Dumeni","Sediqeh Bahonar, Shahin Taheri and Mansour Bozorgmehr, field notes 2024",191,"","","","Boyerahmadi 95%; Standard type Persian 5%","Sediqeh Bahonar, Shahin Taheri and Mansour Bozorgmehr, field notes 2024",30.548,51.555,
"","365a4a632d1fb65f22fb9b4823340b9e","5-57dc779a8b6415ae03b203628bbe95c7","1170269","","Kohgiluyeh va Boyer Ahmad","","","","","","","","","","","Heseyn Ābāy Bāley","Sediqeh Bahonar, Shahin Taheri and Mansour Bozorgmehr, field notes 2024",799,"","","","Boyerahmadi 95%; Standard type Persian 5%","Sediqeh Bahonar, Shahin Taheri and Mansour Bozorgmehr, field notes 2024",30.573,51.524,
"","365a4a632d1fb65f22fb9b482334081a","5-1e06b4d71a7bb56cb0067cbd7d7a04de","1170270","","Kohgiluyeh va Boyer Ahmad","","","","","","","","","","","Tsāt Bārik-e Dzahān Ābāy","Sediqeh Bahonar, Shahin Taheri and Mansour Bozorgmehr, field notes 2024",478,"","","","Boyerahmadi 95%; Standard type Persian 5%","Sediqeh Bahonar, Shahin Taheri and Mansour Bozorgmehr, field notes 2024",30.533,51.567,
"","365a4a632d1fb65f22fb9b482333ff3f","5-9aebfb24bae1f4b029916b41aea0332d","1170271","","Kohgiluyeh va Boyer Ahmad","","","","","","","","","","","Hasan Ābāy Tabarqu","Sediqeh Bahonar, Shahin Taheri and Mansour Bozorgmehr, field notes 2024",229,"","","","Boyerahmadi 95%; Standard type Persian 5%","Sediqeh Bahonar, Shahin Taheri and Mansour Bozorgmehr, field notes 2024",30.604,51.513,
"","365a4a632d1fb65f22fb9b482333ff29","5-101cceea46aaacfead648a37e05580f3","1170272","","Kohgiluyeh va Boyer Ahmad","","","","","","","","","","","Ow Tsenāru","Sediqeh Bahonar, Shahin Taheri and Mansour Bozorgmehr, field notes 2024",50,"","","","Boyerahmadi 95%; Standard type Persian 5%","Sediqeh Bahonar, Shahin Taheri and Mansour Bozorgmehr, field notes 2024",30.653,51.451,
"","365a4a632d1fb65f22fb9b482333f8ef","5-9d5ab1aaed30f84f0ddada4e3f605a99","1170273","","Kohgiluyeh va Boyer Ahmad","","","","","","","","","","","Ow Dara Dzevenak","Sediqeh Bahonar, Shahin Taheri and Mansour Bozorgmehr, field notes 2024",82,"","","","Boyerahmadi 95%; Standard type Persian 5%","Sediqeh Bahonar, Shahin Taheri and Mansour Bozorgmehr, field notes 2024",30.663,51.434,
"","365a4a632d1fb65f22fb9b482333efc8","5-c4bcf6ad97d440539ced14bf44528599","1170274","","Kohgiluyeh va Boyer Ahmad","","","","","","","","","","","Ow Gerdu","Sediqeh Bahonar, Shahin Taheri and Mansour Bozorgmehr, field notes 2024",254,"","","","Boyerahmadi 95%; Standard type Persian 5%","Sediqeh Bahonar, Shahin Taheri and Mansour Bozorgmehr, field notes 2024",30.656,51.448,
"","365a4a632d1fb65f22fb9b482333e823","5-0592555b5d416ead4240a2fc7258a78c","1170275","","Kohgiluyeh va Boyer Ahmad","","","","","","","","","","","Pir Vezg","Sediqeh Bahonar, Shahin Taheri and Mansour Bozorgmehr, field notes 2024",82,"","","","Boyerahmadi 95%; Standard type Persian 5%","Sediqeh Bahonar, Shahin Taheri and Mansour Bozorgmehr, field notes 2024",30.688,51.404,
"","365a4a632d1fb65f22fb9b482333dc21","5-6785afbd8b24304ffa7f697cb61bd6b3","1170276","","Kohgiluyeh va Boyer Ahmad","","","","","","","","","","","Tel-e Seh","Sediqeh Bahonar, Shahin Taheri and Mansour Bozorgmehr, field notes 2024",25,"","","","Boyerahmadi 95%; Standard type Persian 5%","Sediqeh Bahonar, Shahin Taheri and Mansour Bozorgmehr, field notes 2024",30.647,51.463,
"","365a4a632d1fb65f22fb9b482333d136","5-b78c4681b3fb6f28e3fd0924dc871249","1170277","","Kohgiluyeh va Boyer Ahmad","","","","","","","","","","","Deh Key Ghelumali","Sediqeh Bahonar, Shahin Taheri and Mansour Bozorgmehr, field notes 2024",15,"","","","Boyerahmadi 95%; Standard type Persian 5%","Sediqeh Bahonar, Shahin Taheri and Mansour Bozorgmehr, field notes 2024",30.68,51.414,
"","365a4a632d1fb65f22fb9b4823347f4b","5-b45125de477acf492f9ccf961e506aab","1170278","","Kohgiluyeh va Boyer Ahmad","","","","","","","","","","","Dzevenak","Sediqeh Bahonar, Shahin Taheri and Mansour Bozorgmehr, field notes 2024",111,"","","","Boyerahmadi 95%; Standard type Persian 5%","Sediqeh Bahonar, Shahin Taheri and Mansour Bozorgmehr, field notes 2024",30.621,51.492,
"","365a4a632d1fb65f22fb9b482334724b","5-d867763d410378a160e79f2dc0079eb5","1170279","","Kohgiluyeh va Boyer Ahmad","","","","","","","","","","","Tseshme-y Tabarqu","Sediqeh Bahonar, Shahin Taheri and Mansour Bozorgmehr, field notes 2024",362,"","","","Boyerahmadi 95%; Standard type Persian 5%","Sediqeh Bahonar, Shahin Taheri and Mansour Bozorgmehr, field notes 2024",30.614,51.505,
"","365a4a632d1fb65f22fb9b4823346aea","5-d9079e33df20b0e59aac6575e1f7b464","1170280","","Kohgiluyeh va Boyer Ahmad","","","","","","","","","","","Tseshma Khersi Pirvezg","Sediqeh Bahonar, Shahin Taheri and Mansour Bozorgmehr, field notes 2024",24,"","","","Boyerahmadi 95%; Standard type Persian 5%","Sediqeh Bahonar, Shahin Taheri and Mansour Bozorgmehr, field notes 2024",30.692,51.4,
"","365a4a632d1fb65f22fb9b48233461c3","5-074a4787aac1c5e35303200fa6ee92ef","1170281","","Kohgiluyeh va Boyer Ahmad","","","","","","","","","","","Tseshma Qanāt-e Dzevenak","Sediqeh Bahonar, Shahin Taheri and Mansour Bozorgmehr, field notes 2024",104,"","","","Boyerahmadi 95%; Standard type Persian 5%","Sediqeh Bahonar, Shahin Taheri and Mansour Bozorgmehr, field notes 2024",30.639,51.481,
"","365a4a632d1fb65f22fb9b4823345814","5-dbdab3700079b77943b376c48768dad7","1170282","","Kohgiluyeh va Boyer Ahmad","","","","","","","","","","","Dōput","Sediqeh Bahonar, Shahin Taheri and Mansour Bozorgmehr, field notes 2024",43,"","","","Boyerahmadi 95%; Standard type Persian 5%","Sediqeh Bahonar, Shahin Taheri and Mansour Bozorgmehr, field notes 2024",30.651,51.455,
"","365a4a632d1fb65f22fb9b4823344ac1","5-3aa593dd226b750ed31573af4d5cafb4","1170283","","Kohgiluyeh va Boyer Ahmad","","","","","","","","","","","Tāva Bāyom","Sediqeh Bahonar, Shahin Taheri and Mansour Bozorgmehr, field notes 2024",185,"","","","Boyerahmadi 95%; Standard type Persian 5%","Sediqeh Bahonar, Shahin Taheri and Mansour Bozorgmehr, field notes 2024",30.644,51.472,
"","365a4a632d1fb65f22fb9b482371eeaa","2-1f8e98a5d2a21b2edd1d8c09b40d495c","1170284","","Kohgiluyeh va Boyer Ahmad","","","","","","","","","","","","",7803,"","","","",,,,
"","365a4a632d1fb65f22fb9b4823343e80","3-f94ba409013da28669239e1898967098","1170285","","Kohgiluyeh va Boyer Ahmad","","","","","","","","","","","","",,"","","","",,30.69857,51.20435,
"","365a4a632d1fb65f22fb9b4823343278","5-b52678e3e78eb192ffca8cfd3fdbb160","1170286","","Kohgiluyeh va Boyer Ahmad","","","","","","","","","","","Eslām Ābāy Dzalil","Sediqeh Bahonar, Shahin Taheri and Mansour Bozorgmehr, field notes 2024",283,"","","","Boyerahmadi 95%; Standard type Persian 5%","Sediqeh Bahonar, Shahin Taheri and Mansour Bozorgmehr, field notes 2024",30.659,51.257,
"","365a4a632d1fb65f22fb9b482334270f","5-bd779b7771fb27b057a72710b3144149","1170287","","Kohgiluyeh va Boyer Ahmad","","","","","","","","","","","Amir Ābāy Bāvakun","Sediqeh Bahonar, Shahin Taheri and Mansour Bozorgmehr, field notes 2024",347,"","","","Boyerahmadi 95%; Standard type Persian 5%","Sediqeh Bahonar, Shahin Taheri and Mansour Bozorgmehr, field notes 2024",30.677,51.247,
"","365a4a632d1fb65f22fb9b4823342395","5-9d52d535d0cc9aed97829892e7b362de","1170288","","Kohgiluyeh va Boyer Ahmad","","","","","","","","","","","Bākhtse-y Dzalil","Sediqeh Bahonar, Shahin Taheri and Mansour Bozorgmehr, field notes 2024",243,"","","","Boyerahmadi 95%; Standard type Persian 5%","Sediqeh Bahonar, Shahin Taheri and Mansour Bozorgmehr, field notes 2024",30.65,51.265,
"","365a4a632d1fb65f22fb9b482334d7fe","3-7452c4eb002c0945903f1d1b86b97aff","1170289","","Kohgiluyeh va Boyer Ahmad","","","","","","","","","","","","",,"","","","",,30.74195,51.28052,
"","365a4a632d1fb65f22fb9b482334cc2f","3-9fdf5ceba45609b2dc664a71cce43778","1170290","","Kohgiluyeh va Boyer Ahmad","","","","","","","","","","","","",,"","","","",,30.72773,51.2463,
"","365a4a632d1fb65f22fb9b482334c815","3-c2791901d7fe209c9b1f0d19fabfac46","1170291","","Kohgiluyeh va Boyer Ahmad","","","","","","","","","","","","",,"","","","",,30.76522,51.10419,
"","365a4a632d1fb65f22fb9b482334c45b","5-5ab21398c4127365490099b7dcca0004","1170292","","Kohgiluyeh va Boyer Ahmad","","","","","","","","","","","Bahman Gazali","Sediqeh Bahonar, Shahin Taheri and Mansour Bozorgmehr, field notes 2024",57,"","","","Boyerahmadi 95%; Standard type Persian 5%","Sediqeh Bahonar, Shahin Taheri and Mansour Bozorgmehr, field notes 2024",30.68,51.262,
"","365a4a632d1fb65f22fb9b482334b9af","5-970ca9c6ac8d9ab08f856bce2aece16e","1170293","","Kohgiluyeh va Boyer Ahmad","","","","","","","","","","","Tang-e Owshur","Sediqeh Bahonar, Shahin Taheri and Mansour Bozorgmehr, field notes 2024",87,"","","","Boyerahmadi 95%; Standard type Persian 5%","Sediqeh Bahonar, Shahin Taheri and Mansour Bozorgmehr, field notes 2024",30.66,51.195,
"","365a4a632d1fb65f22fb9b482334b5a1","3-756537dfe8d4f4d8f5a6bfa0e1a334a0","1170294","","Kohgiluyeh va Boyer Ahmad","","","","","","","","","","","","",,"","","","",,30.75207,51.13895,
"","365a4a632d1fb65f22fb9b482334ab9c","5-849621bfe0a42ed8bde7365b709e414b","1170295","","Kohgiluyeh va Boyer Ahmad","","","","","","","","","","","Khoshkdun Bāvakun","Sediqeh Bahonar, Shahin Taheri and Mansour Bozorgmehr, field notes 2024",168,"","","","Boyerahmadi 95%; Standard type Persian 5%","Sediqeh Bahonar, Shahin Taheri and Mansour Bozorgmehr, field notes 2024",30.673,51.259,
"","365a4a632d1fb65f22fb9b482334a525","3-dcbcdb5b4bfaa1dfb1524d64f86581da","1170296","","Kohgiluyeh va Boyer Ahmad","","","","","","","","","","","","",,"","","","",,30.74309,51.22092,
"","365a4a632d1fb65f22fb9b4823349593","5-3f8d672e663119e574fdf16961bf752c","1170297","","Kohgiluyeh va Boyer Ahmad","","","","","","","","","","","Dam Dilgun","Sediqeh Bahonar, Shahin Taheri and Mansour Bozorgmehr, field notes 2024",,"","","","Boyerahmadi 95%; Standard type Persian 5%","Sediqeh Bahonar, Shahin Taheri and Mansour Bozorgmehr, field notes 2024",30.70234,51.18739,
"","365a4a632d1fb65f22fb9b4823348e5b","5-97786281da5ba20f63060af79552b45e","1170298","","Kohgiluyeh va Boyer Ahmad","","","","","","","","","","","De Rehun Dzalil","Sediqeh Bahonar, Shahin Taheri and Mansour Bozorgmehr, field notes 2024",96,"","","","Boyerahmadi 95%; Standard type Persian 5%","Sediqeh Bahonar, Shahin Taheri and Mansour Bozorgmehr, field notes 2024",30.669,51.27,
"","365a4a632d1fb65f22fb9b4823352d19","3-f00aba06628b87ca19f74f8c71756cd3","1170299","","Kohgiluyeh va Boyer Ahmad","","","","","","","","","","","","",,"","","","",,30.6852,51.20561,
"","365a4a632d1fb65f22fb9b4823351d1c","5-d612384a22b7574f2b57d98a1d7860a9","1170300","","Kohgiluyeh va Boyer Ahmad","","","","","","","","","","","Dara Māri Bāvakun","Sediqeh Bahonar, Shahin Taheri and Mansour Bozorgmehr, field notes 2024",182,"","","","Boyerahmadi 95%; Standard type Persian 5%","Sediqeh Bahonar, Shahin Taheri and Mansour Bozorgmehr, field notes 2024",30.676,51.237,
"","365a4a632d1fb65f22fb9b48233512ee","3-2bb885307244853a0abdbb51ed01eaca","1170301","","Kohgiluyeh va Boyer Ahmad","","","","","","","","","","","","",,"","","","",,30.72026,51.24777,
"","365a4a632d1fb65f22fb9b482335093d","3-e00996a3a86b9bde91fd09f10c6863a6","1170302","","Kohgiluyeh va Boyer Ahmad","","","","","","","","","","","","",,"","","","",,30.73957,51.11374,
"","365a4a632d1fb65f22fb9b482334fcf4","3-e0254a3e4871f4114ceff0f67f9c0f6d","1170303","","Kohgiluyeh va Boyer Ahmad","","","","","","","","","","","","",,"","","","",,30.70891,51.20794,
"","365a4a632d1fb65f22fb9b482334f366","3-2bda585fb2e7302cd132e135bcdf7c9e","1170304","","Kohgiluyeh va Boyer Ahmad","","","","","","","","","","","","",,"","","","",,30.75599,51.21187,
"","365a4a632d1fb65f22fb9b482334ef5c","5-f4f93a3e88caf52b320910c34abd4d2e","1170305","","Kohgiluyeh va Boyer Ahmad","","","","","","","","","","","Deh Shikh-e Dilgun","Sediqeh Bahonar, Shahin Taheri and Mansour Bozorgmehr, field notes 2024",39,"","","","Boyerahmadi 95%; Standard type Persian 5%","Sediqeh Bahonar, Shahin Taheri and Mansour Bozorgmehr, field notes 2024",30.735,51.157,
"","365a4a632d1fb65f22fb9b482334e884","5-21b02aabce9ed1c8d3f783a8b801c000","1170306","","Kohgiluyeh va Boyer Ahmad","","","","","","","","","","","Sowāre-y Bāvakun","Sediqeh Bahonar, Shahin Taheri and Mansour Bozorgmehr, field notes 2024",14,"","","","Boyerahmadi 95%; Standard type Persian 5%","Sediqeh Bahonar, Shahin Taheri and Mansour Bozorgmehr, field notes 2024",30.679,51.252,
"","365a4a632d1fb65f22fb9b482334e780","3-081db7cc63220ad1f4570e0596782ff8","1170307","","Kohgiluyeh va Boyer Ahmad","","","","","","","","","","","","",,"","","","",,30.71948,51.15106,
"","365a4a632d1fb65f22fb9b482334e2e7","5-85c0694a532b06265244282687a38d58","1170308","","Kohgiluyeh va Boyer Ahmad","","","","","","","","","","","Mela Bārik Bāvakun","Sediqeh Bahonar, Shahin Taheri and Mansour Bozorgmehr, field notes 2024",146,"","","","Boyerahmadi 95%; Standard type Persian 5%","Sediqeh Bahonar, Shahin Taheri and Mansour Bozorgmehr, field notes 2024",30.688,51.258,
"","365a4a632d1fb65f22fb9b48233569c9","3-bc06e5365d336aee38dda093175cc09d","1170309","","Kohgiluyeh va Boyer Ahmad","","","","","","","","","","","","",,"","","","",,30.73452,51.22367,
"","365a4a632d1fb65f22fb9b482335669d","5-01072ca02b4dcb5fb108ddfa8aab958b","1170310","","Kohgiluyeh va Boyer Ahmad","","","","","","","","","","","Narm Ow Key Mostafā","Sediqeh Bahonar, Shahin Taheri and Mansour Bozorgmehr, field notes 2024",,"","","","Boyerahmadi 95%; Standard type Persian 5%","Sediqeh Bahonar, Shahin Taheri and Mansour Bozorgmehr, field notes 2024",30.78492,51.18335,
"","365a4a632d1fb65f22fb9b4823355c28","3-dbc8c3e999d48faee64ff0a033782d87","1170311","","Kohgiluyeh va Boyer Ahmad","","","","","","","","","","","","",,"","","","",,30.77732,51.21257,
"","365a4a632d1fb65f22fb9b48233553c5","3-8d675170a820f3e9a1ce40e77a5896a0","1170312","","Kohgiluyeh va Boyer Ahmad","","","","","","","","","","","","",,"","","","",,30.80166,51.16436,
"","365a4a632d1fb65f22fb9b4823354f31","3-933ce07e302f7b8e5a0174b2a4b46e56","1170313","","Kohgiluyeh va Boyer Ahmad","","","","","","","","","","","","",,"","","","",,30.6977,51.19714,
"","365a4a632d1fb65f22fb9b4823354424","3-5e5d6961aac4bcd0482eb2bf83f76a5a","1170314","","Kohgiluyeh va Boyer Ahmad","","","","","","","","","","","","",,"","","","",,30.68827,51.19232,
"","365a4a632d1fb65f22fb9b4823353a18","3-5bfcf66b9848a79d335d1ad1d8610dd5","1170315","","Kohgiluyeh va Boyer Ahmad","","","","","","","","","","","","",,"","","","",,30.69359,51.18917,
"","365a4a632d1fb65f22fb9b48233539b0","3-9967c24b3272d371dde2f0e8c91c183c","1170316","","Kohgiluyeh va Boyer Ahmad","","","","","","","","","","","","",,"","","","",,30.69983,51.18363,
"","365a4a632d1fb65f22fb9b4823353775","3-782cb615c07cb50dfa31fba76bf1b2c8","1170317","","Kohgiluyeh va Boyer Ahmad","","","","","","","","","","","","",,"","","","",,30.71596,51.16035,
"","365a4a632d1fb65f22fb9b4823353285","3-0d5342ec83972b29184565abb375fcd5","1170318","","Kohgiluyeh va Boyer Ahmad","","","","","","","","","","","","",,"","","","",,30.72927,51.13653,
"","365a4a632d1fb65f22fb9b482335c208","3-4d951768c2296f5743293b8ea1d59e06","1170319","","Kohgiluyeh va Boyer Ahmad","","","","","","","","","","","","",,"","","","",,30.75697,51.09716,
"","365a4a632d1fb65f22fb9b482371e997","2-a5bf5e5960f2dbf2691d2ee298b83e3e","1170320","","Kohgiluyeh va Boyer Ahmad","","","","","","","","","","","","",,"","","","",,,,
"","365a4a632d1fb65f22fb9b482335b22d","5-fa477549a3c5b550dc0941ad886d99ad","1170321","","Kohgiluyeh va Boyer Ahmad","","","","","","","","","","","Amir Shir Khun","Sediqeh Bahonar, Shahin Taheri and Mansour Bozorgmehr, field notes 2024",84,"","","","Boyerahmadi 95%; Standard type Persian 5%","Sediqeh Bahonar, Shahin Taheri and Mansour Bozorgmehr, field notes 2024",30.633,51.287,
"","365a4a632d1fb65f22fb9b482335ab26","5-017f8ac55a5150b9f42925e577908e11","1170322","","Kohgiluyeh va Boyer Ahmad","","","","","","","","","","","Bard Pahn-e Abdelatif","Sediqeh Bahonar, Shahin Taheri and Mansour Bozorgmehr, field notes 2024",22,"","","","Boyerahmadi 95%; Standard type Persian 5%","Sediqeh Bahonar, Shahin Taheri and Mansour Bozorgmehr, field notes 2024",30.634,51.327,
"","365a4a632d1fb65f22fb9b4823359e09","5-df23b853e56a66d8274490f77086d215","1170323","","Kohgiluyeh va Boyer Ahmad","","","","","","","","","","","Benessun-e Dzalil","Sediqeh Bahonar, Shahin Taheri and Mansour Bozorgmehr, field notes 2024",49,"","","","Boyerahmadi 95%; Standard type Persian 5%","Sediqeh Bahonar, Shahin Taheri and Mansour Bozorgmehr, field notes 2024",30.628,51.318,
"","365a4a632d1fb65f22fb9b48233599fa","5-834625321cc34e845a3db50fab88343f","1170324","","Kohgiluyeh va Boyer Ahmad","","","","","","","","","","","Sivaki Dzalil","Sediqeh Bahonar, Shahin Taheri and Mansour Bozorgmehr, field notes 2024",676,"","","","Boyerahmadi 95%; Standard type Persian 5%","Sediqeh Bahonar, Shahin Taheri and Mansour Bozorgmehr, field notes 2024",30.637,51.306,
"","365a4a632d1fb65f22fb9b482335947b","5-3d064f55c937e2e53a6af63b3bbc8f06","1170325","","Kohgiluyeh va Boyer Ahmad","","","","","","","","","","","Qāsem Ābāy Dzalil","Sediqeh Bahonar, Shahin Taheri and Mansour Bozorgmehr, field notes 2024",245,"","","","Boyerahmadi 95%; Standard type Persian 5%","Sediqeh Bahonar, Shahin Taheri and Mansour Bozorgmehr, field notes 2024",30.626,51.318,
"","365a4a632d1fb65f22fb9b48233590f3","5-0f0fe26866e1a858078f8ddd1591926a","1170326","","Kohgiluyeh va Boyer Ahmad","","","","","","","","","","","Bune-y Dam Safiyār","Sediqeh Bahonar, Shahin Taheri and Mansour Bozorgmehr, field notes 2024",129,"","","","Boyerahmadi 95%; Standard type Persian 5%","Sediqeh Bahonar, Shahin Taheri and Mansour Bozorgmehr, field notes 2024",30.612,51.338,
"","365a4a632d1fb65f22fb9b482335841e","5-181eb70e11ff5c2660b239de839971c9","1170327","","Kohgiluyeh va Boyer Ahmad","","","","","","","","","","","Dam Safiyār","Sediqeh Bahonar, Shahin Taheri and Mansour Bozorgmehr, field notes 2024",61,"","","","Boyerahmadi 95%; Standard type Persian 5%","Sediqeh Bahonar, Shahin Taheri and Mansour Bozorgmehr, field notes 2024",30.622,51.325,
"","365a4a632d1fb65f22fb9b4823357a88","5-532ce3ac7c8786d2e9433cf9755f5926","1170328","","Kohgiluyeh va Boyer Ahmad","","","","","","","","","","","Dara Biyi Safiyār","Sediqeh Bahonar, Shahin Taheri and Mansour Bozorgmehr, field notes 2024",29,"","","","Boyerahmadi 95%; Standard type Persian 5%","Sediqeh Bahonar, Shahin Taheri and Mansour Bozorgmehr, field notes 2024",30.609,51.338,
"","365a4a632d1fb65f22fb9b482335789a","5-fa48feb5886554e0cc9e814f309adfc6","1170329","","Kohgiluyeh va Boyer Ahmad","","","","","","","","","","","Dare-y Key Ali Khāni","Sediqeh Bahonar, Shahin Taheri and Mansour Bozorgmehr, field notes 2024",42,"","","","Boyerahmadi 95%; Standard type Persian 5%","Sediqeh Bahonar, Shahin Taheri and Mansour Bozorgmehr, field notes 2024",30.608,51.342,
"","365a4a632d1fb65f22fb9b4823361f0e","5-f555b971a3c561ae5ee6ca934bb1f8e6","1170330","","Kohgiluyeh va Boyer Ahmad","","","","","","","","","","","Vezgessun","Sediqeh Bahonar, Shahin Taheri and Mansour Bozorgmehr, field notes 2024",64,"","","","Boyerahmadi 95%; Standard type Persian 5%","Sediqeh Bahonar, Shahin Taheri and Mansour Bozorgmehr, field notes 2024",30.615,51.351,
"","365a4a632d1fb65f22fb9b4823360fdf","3-4989abc036ef4c4e5c1e481570cca8de","1170331","","Kohgiluyeh va Boyer Ahmad","","","","","","","","","","","","",,"","","","",,30.57818,51.35203,
"","365a4a632d1fb65f22fb9b4823360321","5-bfa0d9113e109fb987ccfb2a636a3300","1170332","","Kohgiluyeh va Boyer Ahmad","","","","","","","","","","","Bādzuli","Sediqeh Bahonar, Shahin Taheri and Mansour Bozorgmehr, field notes 2024",235,"","","","Boyerahmadi 95%; Standard type Persian 5%","Sediqeh Bahonar, Shahin Taheri and Mansour Bozorgmehr, field notes 2024",30.567,51.39,
"","365a4a632d1fb65f22fb9b482335ff52","5-7a77f3cee18a5292e541d48ee92f68d1","1170333","","Kohgiluyeh va Boyer Ahmad","","","","","","","","","","","Bar Qelong-e Bādzuli","Sediqeh Bahonar, Shahin Taheri and Mansour Bozorgmehr, field notes 2024",37,"","","","Boyerahmadi 95%; Standard type Persian 5%","Sediqeh Bahonar, Shahin Taheri and Mansour Bozorgmehr, field notes 2024",30.577,51.38,
"","365a4a632d1fb65f22fb9b482335f7d8","5-8b3b3ba100f3724674f5a5fc9285df8f","1170334","","Kohgiluyeh va Boyer Ahmad","","","","","","","","","","","Pā Tāva","Sediqeh Bahonar, Shahin Taheri and Mansour Bozorgmehr, field notes 2024",38,"","","","Boyerahmadi 95%; Standard type Persian 5%","Sediqeh Bahonar, Shahin Taheri and Mansour Bozorgmehr, field notes 2024",30.607,51.36,
"","365a4a632d1fb65f22fb9b482335eb29","5-dbf8f8f21bdab58563527698a8ca5f63","1170335","","Kohgiluyeh va Boyer Ahmad","","","","","","","","","","","Pāzanun","Sediqeh Bahonar, Shahin Taheri and Mansour Bozorgmehr, field notes 2024",186,"","","","Boyerahmadi 95%; Standard type Persian 5%","Sediqeh Bahonar, Shahin Taheri and Mansour Bozorgmehr, field notes 2024",30.589,51.379,
"","365a4a632d1fb65f22fb9b482335e0b6","5-d24fdaca0ec73167f5c1ed4b1796a7c4","1170336","","Kohgiluyeh va Boyer Ahmad","","","","","","","","","","","Tel-e Sey Farkh Ahma","Sediqeh Bahonar, Shahin Taheri and Mansour Bozorgmehr, field notes 2024",117,"","","","Boyerahmadi 95%; Standard type Persian 5%","Sediqeh Bahonar, Shahin Taheri and Mansour Bozorgmehr, field notes 2024",30.594,51.377,
"","365a4a632d1fb65f22fb9b482335dbbc","5-1ebdb734267a5cbe5eba26134b739889","1170337","","Kohgiluyeh va Boyer Ahmad","","","","","","","","","","","Dare-y Key Sālehi","Sediqeh Bahonar, Shahin Taheri and Mansour Bozorgmehr, field notes 2024",200,"","","","Boyerahmadi 95%; Standard type Persian 5%","Sediqeh Bahonar, Shahin Taheri and Mansour Bozorgmehr, field notes 2024",30.604,51.351,
"","365a4a632d1fb65f22fb9b482335d944","5-e00d7629d9eee91e6e61342658883fd9","1170338","","Kohgiluyeh va Boyer Ahmad","","","","","","","","","","","Sar Kuraki Safiyār","Sediqeh Bahonar, Shahin Taheri and Mansour Bozorgmehr, field notes 2024",235,"","","","Boyerahmadi 95%; Standard type Persian 5%","Sediqeh Bahonar, Shahin Taheri and Mansour Bozorgmehr, field notes 2024",30.585,51.377,
"","365a4a632d1fb65f22fb9b482335ce0f","5-dc29117cc92c994d8605cf17dd14e616","1170339","","Kohgiluyeh va Boyer Ahmad","","","","","","","","","","","Sisa Garu Dumeni","Sediqeh Bahonar, Shahin Taheri and Mansour Bozorgmehr, field notes 2024",218,"","","","Boyerahmadi 95%; Standard type Persian 5%","Sediqeh Bahonar, Shahin Taheri and Mansour Bozorgmehr, field notes 2024",30.577,51.389,
"","365a4a632d1fb65f22fb9b4823367603","5-b60bd16f8a82bb12367357aca113a16c","1170340","","Kohgiluyeh va Boyer Ahmad","","","","","","","","","","","Sisa Garu Bāley","Sediqeh Bahonar, Shahin Taheri and Mansour Bozorgmehr, field notes 2024",233,"","","","Boyerahmadi 95%; Standard type Persian 5%","Sediqeh Bahonar, Shahin Taheri and Mansour Bozorgmehr, field notes 2024",30.57,51.396,
"","365a4a632d1fb65f22fb9b482336685c","5-e83027c3a208bfde229102d7d42927db","1170341","","Kohgiluyeh va Boyer Ahmad","","","","","","","","","","","Safiyār Markazi","Sediqeh Bahonar, Shahin Taheri and Mansour Bozorgmehr, field notes 2024",1503,"","","","Boyerahmadi 95%; Standard type Persian 5%","Sediqeh Bahonar, Shahin Taheri and Mansour Bozorgmehr, field notes 2024",30.595,51.363,
"","365a4a632d1fb65f22fb9b4823365ec7","3-44d71a89c4dde89d8371c15fcc34afeb","1170342","","Kohgiluyeh va Boyer Ahmad","","","","","","","","","","","","",,"","","","",,30.468,51.436,
"","365a4a632d1fb65f22fb9b48233654da","3-8e79a9973b457c847ec5ffeb865688e7","1170343","","Kohgiluyeh va Boyer Ahmad","","","","","","","","","","","","",,"","","","",,30.51043,51.44863,
"","365a4a632d1fb65f22fb9b4823364ba6","3-633eba6291685d29b78b110e9e8f9ee6","1170344","","Kohgiluyeh va Boyer Ahmad","","","","","","","","","","","","",,"","","","",,30.48846,51.40151,
"","365a4a632d1fb65f22fb9b4823363e79","5-19ca281215f8e5716703de90a50ae80e","1170345","","Kohgiluyeh va Boyer Ahmad","","","","","","","","","","","Bar Qelong Bāley","Sediqeh Bahonar, Shahin Taheri and Mansour Bozorgmehr, field notes 2024",,"","","","Boyerahmadi 95%; Standard type Persian 5%","Sediqeh Bahonar, Shahin Taheri and Mansour Bozorgmehr, field notes 2024",30.49488,51.4034,
"","365a4a632d1fb65f22fb9b4823363cc2","5-fb479b3090b0532320093e4c3cb63f4a","1170346","","Kohgiluyeh va Boyer Ahmad","","","","","","","","","","","Balitak Khorshid","Sediqeh Bahonar, Shahin Taheri and Mansour Bozorgmehr, field notes 2024",21,"","","","Boyerahmadi 95%; Standard type Persian 5%","Sediqeh Bahonar, Shahin Taheri and Mansour Bozorgmehr, field notes 2024",30.54,51.418,
"","365a4a632d1fb65f22fb9b4823363573","5-0e6b3aa6094ffc88e9536574afedbefd","1170347","","Kohgiluyeh va Boyer Ahmad","","","","","","","","","","","Bi Mēyun","Sediqeh Bahonar, Shahin Taheri and Mansour Bozorgmehr, field notes 2024",,"","","","Boyerahmadi 95%; Standard type Persian 5%","Sediqeh Bahonar, Shahin Taheri and Mansour Bozorgmehr, field notes 2024",30.55117,51.40525,
"","365a4a632d1fb65f22fb9b48233627f1","3-66e42c65ef694cba004c46c3f3be4448","1170348","","Kohgiluyeh va Boyer Ahmad","","","","","","","","","","","","",,"","","","",,30.49529,51.42859,
"","365a4a632d1fb65f22fb9b4823362232","5-9aa18fbfc8a43bf4a15ae3f02fe08b9c","1170349","","Kohgiluyeh va Boyer Ahmad","","","","","","","","","","","Tālishe-y Bālā","Sediqeh Bahonar, Shahin Taheri and Mansour Bozorgmehr, field notes 2024",,"","","","Boyerahmadi 95%; Standard type Persian 5%","Sediqeh Bahonar, Shahin Taheri and Mansour Bozorgmehr, field notes 2024",30.50226,51.43577,
"","365a4a632d1fb65f22fb9b482336ac5b","5-512b20889f91f40d0c5494ced74cf044","1170350","","Kohgiluyeh va Boyer Ahmad","","","","","","","","","","","Temenak Dumeni","Sediqeh Bahonar, Shahin Taheri and Mansour Bozorgmehr, field notes 2024",47,"","","","Boyerahmadi 95%; Standard type Persian 5%","Sediqeh Bahonar, Shahin Taheri and Mansour Bozorgmehr, field notes 2024",30.991,51.218,
"","365a4a632d1fb65f22fb9b482336a76f","5-fe07eadd03e596a9b2381a37f7005b8f","1170351","","Kohgiluyeh va Boyer Ahmad","","","","","","","","","","","Temenak Bālā","Sediqeh Bahonar, Shahin Taheri and Mansour Bozorgmehr, field notes 2024",30,"","","","Boyerahmadi 95%; Standard type Persian 5%","Sediqeh Bahonar, Shahin Taheri and Mansour Bozorgmehr, field notes 2024",30.995,51.217,
"","365a4a632d1fb65f22fb9b482336a214","5-e3ccd7d7ab9c7816bef967dd055286a9","1170352","","Kohgiluyeh va Boyer Ahmad","","","","","","","","","","","Tang Ow Sardār","Sediqeh Bahonar, Shahin Taheri and Mansour Bozorgmehr, field notes 2024",16,"","","","Boyerahmadi 95%; Standard type Persian 5%","Sediqeh Bahonar, Shahin Taheri and Mansour Bozorgmehr, field notes 2024",30.559,51.425,
"","365a4a632d1fb65f22fb9b4823369ac5","3-59b116f2745a9c0be859024878872450","1170353","","Kohgiluyeh va Boyer Ahmad","","","","","","","","","","","","",,"","","","",,30.49343,51.44185,
"","365a4a632d1fb65f22fb9b4823369668","5-2b3ad22e69fe8e7476d8512d746b846c","1170354","","Kohgiluyeh va Boyer Ahmad","","","","","","","","","","","Tsāl Andzir","Sediqeh Bahonar, Shahin Taheri and Mansour Bozorgmehr, field notes 2024",,"","","","Boyerahmadi 95%; Standard type Persian 5%","Sediqeh Bahonar, Shahin Taheri and Mansour Bozorgmehr, field notes 2024",30.49605,51.45862,
"","365a4a632d1fb65f22fb9b482336941f","5-909112f52daebbdc87ceb88c9f6a81eb","1170355","","Kohgiluyeh va Boyer Ahmad","","","","","","","","","","","Kharun Rah","Sediqeh Bahonar, Shahin Taheri and Mansour Bozorgmehr, field notes 2024",18,"","","","Boyerahmadi 95%; Standard type Persian 5%","Sediqeh Bahonar, Shahin Taheri and Mansour Bozorgmehr, field notes 2024",30.472,51.423,
"","365a4a632d1fb65f22fb9b482336877e","3-82d17864798ee0e8141b6991d0e0200f","1170356","","Kohgiluyeh va Boyer Ahmad","","","","","","","","","","","","",,"","","","",,30.50113,51.37593,
"","365a4a632d1fb65f22fb9b4823368757","5-7495c0284a35aec04632d92fc062e1f8","1170357","","Kohgiluyeh va Boyer Ahmad","","","","","","","","","","","Khashkdun-e Bāley","Sediqeh Bahonar, Shahin Taheri and Mansour Bozorgmehr, field notes 2024",14,"","","","Boyerahmadi 95%; Standard type Persian 5%","Sediqeh Bahonar, Shahin Taheri and Mansour Bozorgmehr, field notes 2024",30.51,51.393,
"","365a4a632d1fb65f22fb9b4823367f6f","5-1d78c2dc2d5f4495efbbfbd4536f0d99","1170358","","Kohgiluyeh va Boyer Ahmad","","","","","","","","","","","Deli","Sediqeh Bahonar, Shahin Taheri and Mansour Bozorgmehr, field notes 2024",11,"","","","Boyerahmadi 95%; Standard type Persian 5%","Sediqeh Bahonar, Shahin Taheri and Mansour Bozorgmehr, field notes 2024",30.505,51.402,
"","365a4a632d1fb65f22fb9b482336794a","5-6ffd8acdf83d09d5d597a6247fc28ed3","1170359","","Kohgiluyeh va Boyer Ahmad","","","","","","","","","","","Deli Badzak Safiyār","Sediqeh Bahonar, Shahin Taheri and Mansour Bozorgmehr, field notes 2024",60,"","","","Boyerahmadi 95%; Standard type Persian 5%","Sediqeh Bahonar, Shahin Taheri and Mansour Bozorgmehr, field notes 2024",30.529,51.469,
"","365a4a632d1fb65f22fb9b482336ead0","5-da5bd2e927e33dcdded1a5d4edfcf8cc","1170360","","Kohgiluyeh va Boyer Ahmad","","","","","","","","","","","Deru","Sediqeh Bahonar, Shahin Taheri and Mansour Bozorgmehr, field notes 2024",19,"","","","Boyerahmadi 95%; Standard type Persian 5%","Sediqeh Bahonar, Shahin Taheri and Mansour Bozorgmehr, field notes 2024",30.502,51.417,
"","365a4a632d1fb65f22fb9b482336ea83","3-a0bcd2932a4e09a71a6afd8e617bc317","1170361","","Kohgiluyeh va Boyer Ahmad","","","","","","","","","","","","",,"","","","",,30.4943,51.41886,
"","365a4a632d1fb65f22fb9b482336da8c","5-a61455850866e199f1a46f8c55ae1183","1170362","","Kohgiluyeh va Boyer Ahmad","","","","","","","","","","","Deh Tāve-y Morāyi","Sediqeh Bahonar, Shahin Taheri and Mansour Bozorgmehr, field notes 2024",,"","","","Boyerahmadi 95%; Standard type Persian 5%","Sediqeh Bahonar, Shahin Taheri and Mansour Bozorgmehr, field notes 2024",30.49528,51.38752,
"","365a4a632d1fb65f22fb9b482336d84b","3-165cc47edea3ff455bd59783e5e8d51a","1170363","","Kohgiluyeh va Boyer Ahmad","","","","","","","","","","","","",,"","","","",,30.51802,51.36308,
"","365a4a632d1fb65f22fb9b482336d0d2","5-ac07ef2ad4e5309a50eea4cc4b0991cb","1170364","","Kohgiluyeh va Boyer Ahmad","","","","","","","","","","","Rādzunekāli","Sediqeh Bahonar, Shahin Taheri and Mansour Bozorgmehr, field notes 2024",135,"","","","Boyerahmadi 95%; Standard type Persian 5%","Sediqeh Bahonar, Shahin Taheri and Mansour Bozorgmehr, field notes 2024",30.509,51.411,
"","365a4a632d1fb65f22fb9b482336c179","3-2af79d0e792e1715ca557df1b033afda","1170365","","Kohgiluyeh va Boyer Ahmad","","","","","","","","","","","","",,"","","","",,30.48872,51.38958,
"","365a4a632d1fb65f22fb9b482336ba25","5-443ff0e01eee94f4f67351ff27ec2dc4","1170366","","Kohgiluyeh va Boyer Ahmad","","","","","","","","","","","Sar Tangi","Sediqeh Bahonar, Shahin Taheri and Mansour Bozorgmehr, field notes 2024",23,"","","","Boyerahmadi 95%; Standard type Persian 5%","Sediqeh Bahonar, Shahin Taheri and Mansour Bozorgmehr, field notes 2024",30.479,51.397,
"","365a4a632d1fb65f22fb9b482336b88a","5-ed2c7892652f1c21f10f219d96477cb7","1170367","","Kohgiluyeh va Boyer Ahmad","","","","","","","","","","","Sar Tsāt Bāy Havey","Sediqeh Bahonar, Shahin Taheri and Mansour Bozorgmehr, field notes 2024",,"","","","Boyerahmadi 95%; Standard type Persian 5%","Sediqeh Bahonar, Shahin Taheri and Mansour Bozorgmehr, field notes 2024",30.53344,51.36219,
"","365a4a632d1fb65f22fb9b482336b870","5-726c9702f19f71a36bb447896a74ee84","1170368","","Kohgiluyeh va Boyer Ahmad","","","","","","","","","","","Sar Tsāti Ali Mirzā","Sediqeh Bahonar, Shahin Taheri and Mansour Bozorgmehr, field notes 2024",,"","","","Boyerahmadi 95%; Standard type Persian 5%","Sediqeh Bahonar, Shahin Taheri and Mansour Bozorgmehr, field notes 2024",30.49079,51.38561,
"","365a4a632d1fb65f22fb9b482336b4b6","5-c52d38147051c78acc45bc3daa1ef688","1170369","","Kohgiluyeh va Boyer Ahmad","","","","","","","","","","","Sādeqi","Sediqeh Bahonar, Shahin Taheri and Mansour Bozorgmehr, field notes 2024",11,"","","","Boyerahmadi 95%; Standard type Persian 5%","Sediqeh Bahonar, Shahin Taheri and Mansour Bozorgmehr, field notes 2024",30.518,51.384,
"","365a4a632d1fb65f22fb9b4823372b68","5-6660bedd18bcbe82883b7368f290c90a","1170370","","Kohgiluyeh va Boyer Ahmad","","","","","","","","","","","Askar Ābāy Deli Badzak","Sediqeh Bahonar, Shahin Taheri and Mansour Bozorgmehr, field notes 2024",85,"","","","Boyerahmadi 95%; Standard type Persian 5%","Sediqeh Bahonar, Shahin Taheri and Mansour Bozorgmehr, field notes 2024",30.522,51.478,
"","365a4a632d1fb65f22fb9b4823371d80","5-be1c173f09ee104d9ec824de9b6b0b97","1170371","","Kohgiluyeh va Boyer Ahmad","","","","","","","","","","","Kōn Sorkhu","Sediqeh Bahonar, Shahin Taheri and Mansour Bozorgmehr, field notes 2024",,"","","","Boyerahmadi 95%; Standard type Persian 5%","Sediqeh Bahonar, Shahin Taheri and Mansour Bozorgmehr, field notes 2024",30.51318,51.44049,
"","365a4a632d1fb65f22fb9b4823371c7c","5-77db43de6ff88dccf58e40979d351796","1170372","","Kohgiluyeh va Boyer Ahmad","","","","","","","","","","","Koh Pahn Dumeni","Sediqeh Bahonar, Shahin Taheri and Mansour Bozorgmehr, field notes 2024",,"","","","Boyerahmadi 95%; Standard type Persian 5%","Sediqeh Bahonar, Shahin Taheri and Mansour Bozorgmehr, field notes 2024",30.52997,51.41246,
"","365a4a632d1fb65f22fb9b4823371847","5-baabaf4fff2d94c11e9b95c21da79256","1170373","","Kohgiluyeh va Boyer Ahmad","","","","","","","","","","","Gurow","Sediqeh Bahonar, Shahin Taheri and Mansour Bozorgmehr, field notes 2024",,"","","","Boyerahmadi 95%; Standard type Persian 5%","Sediqeh Bahonar, Shahin Taheri and Mansour Bozorgmehr, field notes 2024",30.50265,51.44375,
"","365a4a632d1fb65f22fb9b48233713db","3-a8738430ebc4f8e1cb03521de870389c","1170374","","Kohgiluyeh va Boyer Ahmad","","","","","","","","","","","","",,"","","","",,30.48168,51.46008,
"","365a4a632d1fb65f22fb9b4823371015","3-51c129ab858f81f7c13ce5b44d830ee9","1170375","","Kohgiluyeh va Boyer Ahmad","","","","","","","","","","","","",,"","","","",,30.48658,51.46028,
"","365a4a632d1fb65f22fb9b48233708b0","5-c3ecc2af3531caae2643448df729f42e","1170376","","Kohgiluyeh va Boyer Ahmad","","","","","","","","","","","Nargesi","Sediqeh Bahonar, Shahin Taheri and Mansour Bozorgmehr, field notes 2024",45,"","","","Boyerahmadi 95%; Standard type Persian 5%","Sediqeh Bahonar, Shahin Taheri and Mansour Bozorgmehr, field notes 2024",30.515,51.385,
"","365a4a632d1fb65f22fb9b482337079f","5-02d127bdc258605e547550f7d0cccc2b","1170377","","Kohgiluyeh va Boyer Ahmad","","","","","","","","","","","Nesah Ālādā","Sediqeh Bahonar, Shahin Taheri and Mansour Bozorgmehr, field notes 2024",86,"","","","Boyerahmadi 95%; Standard type Persian 5%","Sediqeh Bahonar, Shahin Taheri and Mansour Bozorgmehr, field notes 2024",30.479,51.423,
"","365a4a632d1fb65f22fb9b482337025f","5-2b7421d61097a652b79b28e544d238a9","1170378","","Kohgiluyeh va Boyer Ahmad","","","","","","","","","","","Nesah Dumeni","Sediqeh Bahonar, Shahin Taheri and Mansour Bozorgmehr, field notes 2024",110,"","","","Boyerahmadi 95%; Standard type Persian 5%","Sediqeh Bahonar, Shahin Taheri and Mansour Bozorgmehr, field notes 2024",30.483,51.41,
"","365a4a632d1fb65f22fb9b482336f970","5-95b3b273a0c0bec6d92b807b23dacec2","1170379","","Kohgiluyeh va Boyer Ahmad","","","","","","","","","","","Nesah Bālāyi","Sediqeh Bahonar, Shahin Taheri and Mansour Bozorgmehr, field notes 2024",18,"","","","Boyerahmadi 95%; Standard type Persian 5%","Sediqeh Bahonar, Shahin Taheri and Mansour Bozorgmehr, field notes 2024",30.481,51.424,
"","365a4a632d1fb65f22fb9b4823378053","5-88450ea1a9d969e379c4ede46f8489d9","1170380","","Kohgiluyeh va Boyer Ahmad","","","","","","","","","","","Nesah Mah Tāher","Sediqeh Bahonar, Shahin Taheri and Mansour Bozorgmehr, field notes 2024",107,"","","","Boyerahmadi 95%; Standard type Persian 5%","Sediqeh Bahonar, Shahin Taheri and Mansour Bozorgmehr, field notes 2024",30.485,51.413,
"","365a4a632d1fb65f22fb9b48233773f9","5-a4c428e7551e2ed0d55824e5912d9450","1170381","","Kohgiluyeh va Boyer Ahmad","","","","","","","","","","","Nesah Maskur-e Naselā","Sediqeh Bahonar, Shahin Taheri and Mansour Bozorgmehr, field notes 2024",12,"","","","Boyerahmadi 95%; Standard type Persian 5%","Sediqeh Bahonar, Shahin Taheri and Mansour Bozorgmehr, field notes 2024",30.486,51.416,
"","365a4a632d1fb65f22fb9b48233767a8","3-f734e04ada8260858cfc105ada80e7ad","1170382","","Kohgiluyeh va Boyer Ahmad","","","","","","","","","","","","",,"","","","",,30.53375,51.49339,
"","365a4a632d1fb65f22fb9b4823376394","5-1a6008fa14b92b1cb6591ef7b416dd10","1170383","","Kohgiluyeh va Boyer Ahmad","","","","","","","","","","","Beneshin-e Deli Badzak","Sediqeh Bahonar, Shahin Taheri and Mansour Bozorgmehr, field notes 2024",286,"","","","Boyerahmadi 95%; Standard type Persian 5%","Sediqeh Bahonar, Shahin Taheri and Mansour Bozorgmehr, field notes 2024",30.515,51.499,
"","365a4a632d1fb65f22fb9b4823375d5e","5-2fd914070a7d033fd160b76552e1d4a6","1170384","","Kohgiluyeh va Boyer Ahmad","","","","","","","","","","","Bi Barze-y Safiyār","Sediqeh Bahonar, Shahin Taheri and Mansour Bozorgmehr, field notes 2024",127,"","","","Boyerahmadi 95%; Standard type Persian 5%","Sediqeh Bahonar, Shahin Taheri and Mansour Bozorgmehr, field notes 2024",30.564,51.414,
"","365a4a632d1fb65f22fb9b482337526e","5-743477595633f9e64701c077a1a0baa9","1170385","","Kohgiluyeh va Boyer Ahmad","","","","","","","","","","","Gar Kalāneshin","Sediqeh Bahonar, Shahin Taheri and Mansour Bozorgmehr, field notes 2024",324,"","","","Boyerahmadi 95%; Standard type Persian 5%","Sediqeh Bahonar, Shahin Taheri and Mansour Bozorgmehr, field notes 2024",30.564,51.404,
"","365a4a632d1fb65f22fb9b4823375071","5-40025ce4c9ccf3bb092bb2fbd4ceea96","1170386","","Kohgiluyeh va Boyer Ahmad","","","","","","","","","","","Gowy Tāgi","Sediqeh Bahonar, Shahin Taheri and Mansour Bozorgmehr, field notes 2024",46,"","","","Boyerahmadi 95%; Standard type Persian 5%","Sediqeh Bahonar, Shahin Taheri and Mansour Bozorgmehr, field notes 2024",30.569,51.41,
"","365a4a632d1fb65f22fb9b482371df56","2-7bac3164108434e64811cfb52aedab0f","1170387","","Kohgiluyeh va Boyer Ahmad","","","","","","","","","","","","",53726,"","","","",,,,
"","365a4a632d1fb65f22fb9b4823374227","5-498c457a9a75a3a34dff2790a3621307","1170388","","Kohgiluyeh va Boyer Ahmad","","","","","","","","","","","Tel Gey","Farrokhlaqa Hatami and Mansour Bozorgmehr, field notes 2024",104,"","","","Boyerahmadi 90%; Standard type Persian 10%","Farrokhlaqa Hatami and Mansour Bozorgmehr, field notes 2024",30.726,51.415,
"","365a4a632d1fb65f22fb9b4823373f66","5-1fc8736b4c661f21a19a5026f43c7b01","1170389","","Kohgiluyeh va Boyer Ahmad","","","","","","","","","","","Vord-e Gowy Khāni","Farrokhlaqa Hatami and Mansour Bozorgmehr, field notes 2024",13,"","","","Boyerahmadi 90%; Standard type Persian 10%","Farrokhlaqa Hatami and Mansour Bozorgmehr, field notes 2024",30.711,51.51,
"","365a4a632d1fb65f22fb9b482337357b","5-40a12135ecd68d2a28038d9b4abbf022","1170390","","Kohgiluyeh va Boyer Ahmad","","","","","","","","","","","Dāvud Ābāy Mokhtār","Farrokhlaqa Hatami and Mansour Bozorgmehr, field notes 2024",111,"","","","Boyerahmadi 90%; Standard type Persian 10%","Farrokhlaqa Hatami and Mansour Bozorgmehr, field notes 2024",30.683,51.503,
"","365a4a632d1fb65f22fb9b482337c4b4","5-291ca3f17002ec2e41eee3a61c9bdde1","1170391","","Kohgiluyeh va Boyer Ahmad","","","","","","","","","","","De Ow Kālus","Farrokhlaqa Hatami and Mansour Bozorgmehr, field notes 2024",,"","","","Boyerahmadi 90%; Standard type Persian 10%","Farrokhlaqa Hatami and Mansour Bozorgmehr, field notes 2024",30.71415,51.42574,
"","365a4a632d1fb65f22fb9b482337c3cc","5-e0ed4c534b446c04cd11447b80ab3244","1170392","","Kohgiluyeh va Boyer Ahmad","","","","","","","","","","","Sar Dasht-e Kālus","Farrokhlaqa Hatami and Mansour Bozorgmehr, field notes 2024",49,"","","","Boyerahmadi 90%; Standard type Persian 10%","Farrokhlaqa Hatami and Mansour Bozorgmehr, field notes 2024",30.678,51.472,
"","365a4a632d1fb65f22fb9b482337c2cc","5-494355c947cb1214b80fc7e7db6f8e49","1170393","","Kohgiluyeh va Boyer Ahmad","","","","","","","","","","","Qahvekhune-y Kuraki Kālus","Farrokhlaqa Hatami and Mansour Bozorgmehr, field notes 2024",17,"","","","Boyerahmadi 90%; Standard type Persian 10%","Farrokhlaqa Hatami and Mansour Bozorgmehr, field notes 2024",30.682,51.497,
"","365a4a632d1fb65f22fb9b482337bf6e","5-ada321c9de83a04ef36bac65e566c130","1170394","","Kohgiluyeh va Boyer Ahmad","","","","","","","","","","","Kālus Dumeni","Farrokhlaqa Hatami and Mansour Bozorgmehr, field notes 2024",193,"","","","Boyerahmadi 90%; Standard type Persian 10%","Farrokhlaqa Hatami and Mansour Bozorgmehr, field notes 2024",30.703,51.438,
"","365a4a632d1fb65f22fb9b482337b14e","5-ac2189ae9ad70c00a900688708a8455c","1170395","","Kohgiluyeh va Boyer Ahmad","","","","","","","","","","","Kālus Bāley","Farrokhlaqa Hatami and Mansour Bozorgmehr, field notes 2024",64,"","","","Boyerahmadi 90%; Standard type Persian 10%","Farrokhlaqa Hatami and Mansour Bozorgmehr, field notes 2024",30.685,51.455,
"","365a4a632d1fb65f22fb9b482337a74a","5-c79f1cd18bd760ecc6d7c44f65c28dd9","1170396","","Kohgiluyeh va Boyer Ahmad","","","","","","","","","","","Kālus Markazi","Farrokhlaqa Hatami and Mansour Bozorgmehr, field notes 2024",295,"","","","Boyerahmadi 90%; Standard type Persian 10%","Farrokhlaqa Hatami and Mansour Bozorgmehr, field notes 2024",30.691,51.449,
"","365a4a632d1fb65f22fb9b4823379999","5-57ae9246747a6ecf80b7498326e9157b","1170397","","Kohgiluyeh va Boyer Ahmad","","","","","","","","","","","Kālus Vasati","Farrokhlaqa Hatami and Mansour Bozorgmehr, field notes 2024",45,"","","","Boyerahmadi 90%; Standard type Persian 10%","Farrokhlaqa Hatami and Mansour Bozorgmehr, field notes 2024",30.698,51.439,
"","365a4a632d1fb65f22fb9b4823378bb2","3-567188b37ea455b475c0c0e6872138f1","1170398","","Kohgiluyeh va Boyer Ahmad","","","","","","","","","","","","",,"","","","",,30.72224,51.49748,
"","365a4a632d1fb65f22fb9b4823378484","5-f6f3932c9de176a7efe8f862c7c8f27f","1170399","","Kohgiluyeh va Boyer Ahmad","","","","","","","","","","","Golshan Gapu Mokhtār","Farrokhlaqa Hatami and Mansour Bozorgmehr, field notes 2024",35,"","","","Boyerahmadi 90%; Standard type Persian 10%","Farrokhlaqa Hatami and Mansour Bozorgmehr, field notes 2024",30.678,51.51,
"","365a4a632d1fb65f22fb9b482337833b","3-61b04b1c44c052bd51609fc9baad82de","1170400","","Kohgiluyeh va Boyer Ahmad","","","","","","","","","","","","",,"","","","",,30.73084,51.48909,
"","365a4a632d1fb65f22fb9b482338230e","5-b050350f98b7f08a6f67f2c77cf390a7","1170401","","Kohgiluyeh va Boyer Ahmad","","","","","","","","","","","Yusef Ābāy Mokhtār","Farrokhlaqa Hatami and Mansour Bozorgmehr, field notes 2024",186,"","","","Boyerahmadi 90%; Standard type Persian 10%","Farrokhlaqa Hatami and Mansour Bozorgmehr, field notes 2024",30.678,51.504,
"","365a4a632d1fb65f22fb9b4823381a43","3-8888e79d517509b3e23a1c1b984c58c8","1170402","","Kohgiluyeh va Boyer Ahmad","","","","","","","","","","","","",,"","","","",,30.69769,51.51488,
"","365a4a632d1fb65f22fb9b4823380e57","5-3dabec1997ab4be0bebe8ef948325355","1170403","","Kohgiluyeh va Boyer Ahmad","","","","","","","","","","","Cheshma Anjir-e Firuz Ābāy","Farrokhlaqa Hatami and Mansour Bozorgmehr, field notes 2024",195,"","","","Boyerahmadi 90%; Standard type Persian 10%","Farrokhlaqa Hatami and Mansour Bozorgmehr, field notes 2024",30.744,51.439,
"","365a4a632d1fb65f22fb9b48233807a5","5-5bb224b4a872ce3781d477a8d55f6de1","1170404","","Kohgiluyeh va Boyer Ahmad","","","","","","","","","","","Cheshma Khāni Firuz Ābāy","Farrokhlaqa Hatami and Mansour Bozorgmehr, field notes 2024",180,"","","","Boyerahmadi 90%; Standard type Persian 10%","Farrokhlaqa Hatami and Mansour Bozorgmehr, field notes 2024",30.731,51.444,
"","365a4a632d1fb65f22fb9b482337fe52","5-9adfbfda00d8471f914f15111962af89","1170405","","Kohgiluyeh va Boyer Ahmad","","","","","","","","","","","Dare Gerow Firuz Ābāy","Farrokhlaqa Hatami and Mansour Bozorgmehr, field notes 2024",265,"","","","Boyerahmadi 90%; Standard type Persian 10%","Farrokhlaqa Hatami and Mansour Bozorgmehr, field notes 2024",30.728,51.435,
"","365a4a632d1fb65f22fb9b482337f9d2","5-5c61c06916fa81cf057ed5badd3495f7","1170406","","Kohgiluyeh va Boyer Ahmad","","","","","","","","","","","Deh Gapu Firuz Ābāy","Farrokhlaqa Hatami and Mansour Bozorgmehr, field notes 2024",427,"","","","Boyerahmadi 90%; Standard type Persian 10%","Farrokhlaqa Hatami and Mansour Bozorgmehr, field notes 2024",30.733,51.451,
"","365a4a632d1fb65f22fb9b482337efeb","5-3ab12ffa3712aa4188ffb291addca009","1170407","","Kohgiluyeh va Boyer Ahmad","","","","","","","","","","","Sar Tang-e Firuz Ābāy","Farrokhlaqa Hatami and Mansour Bozorgmehr, field notes 2024",93,"","","","Boyerahmadi 90%; Standard type Persian 10%","Farrokhlaqa Hatami and Mansour Bozorgmehr, field notes 2024",30.723,51.436,
"","365a4a632d1fb65f22fb9b482337e47d","5-536eb85781aa6f68f2173e0e15dda2f0","1170408","","Kohgiluyeh va Boyer Ahmad","","","","","","","","","","","Jadval-e Dārte-y Mokhtār, Jadval Dārte-y Mokhtār","Farrokhlaqa Hatami and Mansour Bozorgmehr, field notes 2024",31,"","","","Boyerahmadi 90%; Standard type Persian 10%","Farrokhlaqa Hatami and Mansour Bozorgmehr, field notes 2024",30.681,51.512,
"","365a4a632d1fb65f22fb9b482337db39","5-034603e7218665548a632fc144b4d416","1170409","","Kohgiluyeh va Boyer Ahmad","","","","","","","","","","","Chenāressun-e Olyā","Farrokhlaqa Hatami and Mansour Bozorgmehr, field notes 2024",310,"","","","Boyerahmadi 90%; Standard type Persian 10%","Farrokhlaqa Hatami and Mansour Bozorgmehr, field notes 2024",30.627,51.547,
"","365a4a632d1fb65f22fb9b482337ce06","5-1f82b6fa108a81a7cfcf0bdb88f39437","1170410","","Kohgiluyeh va Boyer Ahmad","","","","","","","","","","","Khāyem Ābāy Mokhtār","Farrokhlaqa Hatami and Mansour Bozorgmehr, field notes 2024",32,"","","","Boyerahmadi 90%; Standard type Persian 10%","Farrokhlaqa Hatami and Mansour Bozorgmehr, field notes 2024",30.675,51.512,
"","365a4a632d1fb65f22fb9b48233889ef","5-02f128f64020d30d8675b4594ce94ec1","1170411","","Kohgiluyeh va Boyer Ahmad","","","","","","","","","","","Zardak","Farrokhlaqa Hatami and Mansour Bozorgmehr, field notes 2024",43,"","","","Boyerahmadi 90%; Standard type Persian 10%","Farrokhlaqa Hatami and Mansour Bozorgmehr, field notes 2024",30.653,51.537,
"","365a4a632d1fb65f22fb9b4823387d9c","5-744c1e421e5e6ff8d021252475ced798","1170412","","Kohgiluyeh va Boyer Ahmad","","","","","","","","","","","Shāh Mokhtār","Farrokhlaqa Hatami and Mansour Bozorgmehr, field notes 2024",62,"","","","Boyerahmadi 90%; Standard type Persian 10%","Farrokhlaqa Hatami and Mansour Bozorgmehr, field notes 2024",30.676,51.521,
"","365a4a632d1fb65f22fb9b4823387623","5-e022fba3a035ef4ba33689cfeb59aa18","1170413","","Kohgiluyeh va Boyer Ahmad","","","","","","","","","","","Ali Ābāy Mokhtār","Farrokhlaqa Hatami and Mansour Bozorgmehr, field notes 2024",60,"","","","Boyerahmadi 90%; Standard type Persian 10%","Farrokhlaqa Hatami and Mansour Bozorgmehr, field notes 2024",30.675,51.524,
"","365a4a632d1fb65f22fb9b4823386eb2","5-13ba9f45f79d15430c189f09106b82a7","1170414","","Kohgiluyeh va Boyer Ahmad","","","","","","","","","","","Kord-e Lāghari","Farrokhlaqa Hatami and Mansour Bozorgmehr, field notes 2024",772,"","","","Boyerahmadi 90%; Standard type Persian 10%","Farrokhlaqa Hatami and Mansour Bozorgmehr, field notes 2024",30.648,51.557,
"","365a4a632d1fb65f22fb9b482338639d","5-0e5e08275cd0aa86ad5e254ea8aa2e8a","1170415","","Kohgiluyeh va Boyer Ahmad","","","","","","","","","","","Hoseyn Ābāy Mokhtār","Farrokhlaqa Hatami and Mansour Bozorgmehr, field notes 2024",84,"","","","Boyerahmadi 90%; Standard type Persian 10%","Farrokhlaqa Hatami and Mansour Bozorgmehr, field notes 2024",30.676,51.517,
"","365a4a632d1fb65f22fb9b48233855f5","5-ca2c92a189ca8b9898c56c06322ee945","1170416","","Kohgiluyeh va Boyer Ahmad","","","","","","","","","","","Māze-y Kheriya","Farrokhlaqa Hatami and Mansour Bozorgmehr, field notes 2024",291,"","","","Boyerahmadi 90%; Standard type Persian 10%","Farrokhlaqa Hatami and Mansour Bozorgmehr, field notes 2024",30.64,51.553,
"","365a4a632d1fb65f22fb9b4823384f72","3-0040e64b0b8e0cc571317b4afe9ede56","1170417","","Kohgiluyeh va Boyer Ahmad","","","","","","","","","","","","",,"","","","",,30.62981,51.53396,
"","365a4a632d1fb65f22fb9b48233840fc","5-63a3d24f086c09d095f524ac539e4f8f","1170418","","Kohgiluyeh va Boyer Ahmad","","","","","","","","","","","Chenāressun Soflā","Farrokhlaqa Hatami and Mansour Bozorgmehr, field notes 2024",1325,"","","","Boyerahmadi 90%; Standard type Persian 10%","Farrokhlaqa Hatami and Mansour Bozorgmehr, field notes 2024",30.634,51.541,
"","365a4a632d1fb65f22fb9b482338310e","5-1ac105fd2f3be99dd0f6ead7ac871439","1170419","","Kohgiluyeh va Boyer Ahmad","","","","","","","","","","","Bāzereng","Farrokhlaqa Hatami and Mansour Bozorgmehr, field notes 2024",437,"","","","Boyerahmadi 90%; Standard type Persian 10%","Farrokhlaqa Hatami and Mansour Bozorgmehr, field notes 2024",30.633,51.575,
"","365a4a632d1fb65f22fb9b4823382acd","5-8ae98679dcba0f6650ec008155babe89","1170420","","Kohgiluyeh va Boyer Ahmad","","","","","","","","","","","Chenāressun Vasati","Farrokhlaqa Hatami and Mansour Bozorgmehr, field notes 2024",184,"","","","Boyerahmadi 90%; Standard type Persian 10%","Farrokhlaqa Hatami and Mansour Bozorgmehr, field notes 2024",30.63,51.555,
"","365a4a632d1fb65f22fb9b482338cccd","5-8cabcc7fdbebe64427db186f2ba3c1a4","1170421","","Kohgiluyeh va Boyer Ahmad","","","","","","","","","","","Ali Ābāy Sar Tol","Farrokhlaqa Hatami and Mansour Bozorgmehr, field notes 2024",1148,"","","","Boyerahmadi 90%; Standard type Persian 10%","Farrokhlaqa Hatami and Mansour Bozorgmehr, field notes 2024",30.639,51.567,
"","365a4a632d1fb65f22fb9b482338cab3","5-aa735f44a81103da6ad24db382fc00ce","1170422","","Kohgiluyeh va Boyer Ahmad","","","","","","","","","","","Karim Ābāy","Farrokhlaqa Hatami and Mansour Bozorgmehr, field notes 2024",473,"","","","Boyerahmadi 90%; Standard type Persian 10%","Farrokhlaqa Hatami and Mansour Bozorgmehr, field notes 2024",30.635,51.57,
"","365a4a632d1fb65f22fb9b482338c43a","5-6d5393131b680851017905406f42b32d","1170423","","Kohgiluyeh va Boyer Ahmad","","","","","","","","","","","Mahmey Ābāy Āshur Pāshur","Farrokhlaqa Hatami and Mansour Bozorgmehr, field notes 2024",63,"","","","Boyerahmadi 90%; Standard type Persian 10%","Farrokhlaqa Hatami and Mansour Bozorgmehr, field notes 2024",30.629,51.564,
"","365a4a632d1fb65f22fb9b482338c30f","5-962706a12556589bb39eda2bc8dec2ba","1170424","","Kohgiluyeh va Boyer Ahmad","","","","","","","","","","","Jadval Ghure-y Naregah","Farrokhlaqa Hatami and Mansour Bozorgmehr, field notes 2024",76,"","","","Boyerahmadi 90%; Standard type Persian 10%","Farrokhlaqa Hatami and Mansour Bozorgmehr, field notes 2024",30.626,51.572,
"","365a4a632d1fb65f22fb9b482338b352","5-f80c9f1936bf9871824624638582b4ef","1170425","","Kohgiluyeh va Boyer Ahmad","","","","","","","","","","","Mur Derāz Soflā, Mowr Derāz Soflā","Farrokhlaqa Hatami and Mansour Bozorgmehr, field notes 2024",361,"","","","Boyerahmadi 90%; Standard type Persian 10%","Farrokhlaqa Hatami and Mansour Bozorgmehr, field notes 2024",30.62,51.56,
"","365a4a632d1fb65f22fb9b482338a902","5-271eeabcdce6675b1b1d1bae6b7361b7","1170426","","Kohgiluyeh va Boyer Ahmad","","","","","","","","","","","Narege-y Markazi","Farrokhlaqa Hatami and Mansour Bozorgmehr, field notes 2024",1270,"","","","Boyerahmadi 90%; Standard type Persian 10%","Farrokhlaqa Hatami and Mansour Bozorgmehr, field notes 2024",30.621,51.567,
"","365a4a632d1fb65f22fb9b482338a378","5-34ed26f42726a53eb945bc96886b4ddb","1170427","","Kohgiluyeh va Boyer Ahmad","","","","","","","","","","","Khalaf Ābāy","Farrokhlaqa Hatami and Mansour Bozorgmehr, field notes 2024",1759,"","","","Boyerahmadi 90%; Standard type Persian 10%","Farrokhlaqa Hatami and Mansour Bozorgmehr, field notes 2024",30.63,51.581,
"","365a4a632d1fb65f22fb9b482338a2a4","5-cc4ab4bea0fd975e87a9a1b14b6a5b8c","1170428","","Kohgiluyeh va Boyer Ahmad","","","","","","","","","","","Narege-y Mashāyekh","Farrokhlaqa Hatami and Mansour Bozorgmehr, field notes 2024",354,"","","","Boyerahmadi 90%; Standard type Persian 10%","Farrokhlaqa Hatami and Mansour Bozorgmehr, field notes 2024",30.617,51.57,
"","365a4a632d1fb65f22fb9b482338945f","5-e9092dceb67b25b6200c57929595bb21","1170429","","Kohgiluyeh va Boyer Ahmad","","","","","","","","","","","Qavām Ābāy Olyā","Farrokhlaqa Hatami and Mansour Bozorgmehr, field notes 2024",334,"","","","Boyerahmadi 90%; Standard type Persian 10%","Farrokhlaqa Hatami and Mansour Bozorgmehr, field notes 2024",30.612,51.575,
"","365a4a632d1fb65f22fb9b4823388eed","5-dbeca85ef2cae063e0313613a7ace724","1170430","","Kohgiluyeh va Boyer Ahmad","","","","","","","","","","","Mowr Derāz Rahbar","Farrokhlaqa Hatami and Mansour Bozorgmehr, field notes 2024",645,"","","","Boyerahmadi 90%; Standard type Persian 10%","Farrokhlaqa Hatami and Mansour Bozorgmehr, field notes 2024",30.616,51.562,
"","365a4a632d1fb65f22fb9b4823390bf5","5-cfbc6b428e9483ec54ec8b5e4abfab96","1170431","","Kohgiluyeh va Boyer Ahmad","","","","","","","","","","","Mowr Derāz Olyā","Farrokhlaqa Hatami and Mansour Bozorgmehr, field notes 2024",580,"","","","Boyerahmadi 90%; Standard type Persian 10%","Farrokhlaqa Hatami and Mansour Bozorgmehr, field notes 2024",30.607,51.552,
"","365a4a632d1fb65f22fb9b48233905e3","5-7ff20cbe95fd53ff6bde37b115b9ea39","1170432","","Kohgiluyeh va Boyer Ahmad","","","","","","","","","","","Mowr Derāz Vasati","Farrokhlaqa Hatami and Mansour Bozorgmehr, field notes 2024",343,"","","","Boyerahmadi 90%; Standard type Persian 10%","Farrokhlaqa Hatami and Mansour Bozorgmehr, field notes 2024",30.612,51.557,
"","365a4a632d1fb65f22fb9b4823390121","5-5817e5f9e4b956e3d753c1f2155578a7","1170433","","Kohgiluyeh va Boyer Ahmad","","","","","","","","","","","Pāsge-y Zhāndārmari Tang Sorkh","Farrokhlaqa Hatami and Mansour Bozorgmehr, field notes 2024",105,"","","","Boyerahmadi 90%; Standard type Persian 10%","Farrokhlaqa Hatami and Mansour Bozorgmehr, field notes 2024",30.437,51.762,
"","365a4a632d1fb65f22fb9b482338f7e1","5-fc2c409dd06773df66314255aa07aec6","1170434","","Kohgiluyeh va Boyer Ahmad","","","","","","","","","","","Tang Khoshk","Farrokhlaqa Hatami and Mansour Bozorgmehr, field notes 2024",213,"","","","Boyerahmadi 90%; Standard type Persian 10%","Farrokhlaqa Hatami and Mansour Bozorgmehr, field notes 2024",30.436,51.778,
"","365a4a632d1fb65f22fb9b482338ef00","5-e24d9c97d98811cd7c45d412eb042ae6","1170435","","Kohgiluyeh va Boyer Ahmad","","","","","","","","","","","Tang Moshku","Farrokhlaqa Hatami and Mansour Bozorgmehr, field notes 2024",46,"","","","Boyerahmadi 90%; Standard type Persian 10%","Farrokhlaqa Hatami and Mansour Bozorgmehr, field notes 2024",30.424,51.785,
"","365a4a632d1fb65f22fb9b482338e79b","5-adbb369031da9b5fa03c65e38e069da6","1170436","","Kohgiluyeh va Boyer Ahmad","","","","","","","","","","","Dara Māyini","Farrokhlaqa Hatami and Mansour Bozorgmehr, field notes 2024",27,"","","","Boyerahmadi 90%; Standard type Persian 10%","Farrokhlaqa Hatami and Mansour Bozorgmehr, field notes 2024",30.412,51.751,
"","365a4a632d1fb65f22fb9b482338dcee","5-4a686d5e7db57ca78c9b4fa4e58ed52c","1170437","","Kohgiluyeh va Boyer Ahmad","","","","","","","","","","","Se Tangun","Farrokhlaqa Hatami and Mansour Bozorgmehr, field notes 2024",12,"","","","Boyerahmadi 90%; Standard type Persian 10%","Farrokhlaqa Hatami and Mansour Bozorgmehr, field notes 2024",30.46,51.673,
"","365a4a632d1fb65f22fb9b482338d954","5-2823ebbc6345d05ea22f892fb6e9fb7f","1170438","","Kohgiluyeh va Boyer Ahmad","","","","","","","","","","","Gorgu","Farrokhlaqa Hatami and Mansour Bozorgmehr, field notes 2024",19,"","","","Boyerahmadi 90%; Standard type Persian 10%","Farrokhlaqa Hatami and Mansour Bozorgmehr, field notes 2024",30.411,51.715,
"","365a4a632d1fb65f22fb9b482338d740","5-d92a006b3a1d4d7ae7042ea57a71bf2a","1170439","","Kohgiluyeh va Boyer Ahmad","","","","","","","","","","","Ganjegun Soflā","Farrokhlaqa Hatami and Mansour Bozorgmehr, field notes 2024",227,"","","","Boyerahmadi 90%; Standard type Persian 10%","Farrokhlaqa Hatami and Mansour Bozorgmehr, field notes 2024",30.464,51.714,
"","365a4a632d1fb65f22fb9b482338d5b0","5-477cc97d299d3ee8bced20ace1d56274","1170440","","Kohgiluyeh va Boyer Ahmad","","","","","","","","","","","Ganjegun Olyā","Farrokhlaqa Hatami and Mansour Bozorgmehr, field notes 2024",44,"","","","Boyerahmadi 90%; Standard type Persian 10%","Farrokhlaqa Hatami and Mansour Bozorgmehr, field notes 2024",30.469,51.701,
"","365a4a632d1fb65f22fb9b4823396016","5-605900735babe9ad5d64ff84f0653491","1170441","","Kohgiluyeh va Boyer Ahmad","","","","","","","","","","","Parkadun","Farrokhlaqa Hatami and Mansour Bozorgmehr, field notes 2024",408,"","","","Boyerahmadi 90%; Standard type Persian 10%","Farrokhlaqa Hatami and Mansour Bozorgmehr, field notes 2024",30.527,51.616,
"","365a4a632d1fb65f22fb9b48233959ca","5-2b990d7884fedce77e84b4fe7a2d225f","1170442","","Kohgiluyeh va Boyer Ahmad","","","","","","","","","","","Sey Mortezā","Farrokhlaqa Hatami and Mansour Bozorgmehr, field notes 2024",,"","","","Boyerahmadi 90%; Standard type Persian 10%","Farrokhlaqa Hatami and Mansour Bozorgmehr, field notes 2024",30.43694,51.80109,
"","365a4a632d1fb65f22fb9b4823394b8b","5-eb1cf7caf0abbc5493218d9475bd7f0d","1170443","","Kohgiluyeh va Boyer Ahmad","","","","","","","","","","","Cheshma Pahn Ganjegun","Farrokhlaqa Hatami and Mansour Bozorgmehr, field notes 2024",82,"","","","Boyerahmadi 90%; Standard type Persian 10%","Farrokhlaqa Hatami and Mansour Bozorgmehr, field notes 2024",30.435,51.744,
"","365a4a632d1fb65f22fb9b4823394779","3-74883a68ac73406d4c45efd3d183b409","1170444","","Kohgiluyeh va Boyer Ahmad","","","","","","","","","","","","",,"","","","",,30.46563,51.64062,
"","365a4a632d1fb65f22fb9b4823393d4f","3-0d28df13b69e380fd45a8dd2173ccaa0","1170445","","Kohgiluyeh va Boyer Ahmad","","","","","","","","","","","","",,"","","","",,30.47959,51.6652,
"","365a4a632d1fb65f22fb9b48233935d9","5-ba49980e5b24984e726af6acb1bd9d10","1170446","","Kohgiluyeh va Boyer Ahmad","","","","","","","","","","","Owriz Parkadun","Farrokhlaqa Hatami and Mansour Bozorgmehr, field notes 2024",16,"","","","Boyerahmadi 90%; Standard type Persian 10%","Farrokhlaqa Hatami and Mansour Bozorgmehr, field notes 2024",30.506,51.64,
"","365a4a632d1fb65f22fb9b48233931cf","5-f9b8cb7f9056257c18169b6d39cc851f","1170447","","Kohgiluyeh va Boyer Ahmad","","","","","","","","","","","Allā Ābāy","Farrokhlaqa Hatami and Mansour Bozorgmehr, field notes 2024",50,"","","","Boyerahmadi 90%; Standard type Persian 10%","Farrokhlaqa Hatami and Mansour Bozorgmehr, field notes 2024",30.448,51.751,
"","365a4a632d1fb65f22fb9b48233926f6","5-847ec113deed17fad6a21ab85ac02431","1170448","","Kohgiluyeh va Boyer Ahmad","","","","","","","","","","","Cheshma Chenār Tang Sorkh","Farrokhlaqa Hatami and Mansour Bozorgmehr, field notes 2024",35,"","","","Boyerahmadi 90%; Standard type Persian 10%","Farrokhlaqa Hatami and Mansour Bozorgmehr, field notes 2024",30.463,51.743,
"","365a4a632d1fb65f22fb9b4823391c85","5-8ff93507463f85df986438ecfcfe7c18","1170449","","Kohgiluyeh va Boyer Ahmad","","","","","","","","","","","Eslām Ābāy Tang Sohr","Farrokhlaqa Hatami and Mansour Bozorgmehr, field notes 2024",21,"","","","Boyerahmadi 90%; Standard type Persian 10%","Farrokhlaqa Hatami and Mansour Bozorgmehr, field notes 2024",30.492,51.736,
"","365a4a632d1fb65f22fb9b4823390fcd","5-f2d1338616f2a67b38e3d1ea286cde04","1170450","","Kohgiluyeh va Boyer Ahmad","","","","","","","","","","","Hasan Ābāy Tang Sorkh","Farrokhlaqa Hatami and Mansour Bozorgmehr, field notes 2024",29,"","","","Boyerahmadi 90%; Standard type Persian 10%","Farrokhlaqa Hatami and Mansour Bozorgmehr, field notes 2024",30.486,51.747,
"","365a4a632d1fb65f22fb9b482339b0a7","5-9a25e600b5bf7a6a4633888b39954081","1170451","","Kohgiluyeh va Boyer Ahmad","","","","","","","","","","","Gerdu Kangak","Farrokhlaqa Hatami and Mansour Bozorgmehr, field notes 2024",42,"","","","Boyerahmadi 90%; Standard type Persian 10%","Farrokhlaqa Hatami and Mansour Bozorgmehr, field notes 2024",30.506,51.744,
"","365a4a632d1fb65f22fb9b482339a36c","5-8c0ef6b7d450752106676669506c3381","1170452","","Kohgiluyeh va Boyer Ahmad","","","","","","","","","","","Mehrāb Ābāy","Farrokhlaqa Hatami and Mansour Bozorgmehr, field notes 2024",17,"","","","Boyerahmadi 90%; Standard type Persian 10%","Farrokhlaqa Hatami and Mansour Bozorgmehr, field notes 2024",30.491,51.744,
"","365a4a632d1fb65f22fb9b48233997a0","3-44c4c0c96dcf2e9aef0e4325d93c27d9","1170453","","Kohgiluyeh va Boyer Ahmad","","","","","","","","","","","","",,"","","","",,30.55253,51.64466,
"","365a4a632d1fb65f22fb9b4823398b90","5-3973fb7b1cb219f312560e560fa12c61","1170454","","Kohgiluyeh va Boyer Ahmad","","","","","","","","","","","Ali Ābāy Vezg","Farrokhlaqa Hatami and Mansour Bozorgmehr, field notes 2024",,"","","","Boyerahmadi 90%; Standard type Persian 10%","Farrokhlaqa Hatami and Mansour Bozorgmehr, field notes 2024",30.55447,51.63695,
"","365a4a632d1fb65f22fb9b482339895f","5-c7ea1e2b355d85d26978d6420df6800e","1170455","","Kohgiluyeh va Boyer Ahmad","","","","","","","","","","","Vezg-e Mansur Ābāy","Farrokhlaqa Hatami and Mansour Bozorgmehr, field notes 2024",603,"","","","Boyerahmadi 90%; Standard type Persian 10%","Farrokhlaqa Hatami and Mansour Bozorgmehr, field notes 2024",30.543,51.657,
"","365a4a632d1fb65f22fb9b4823397f94","3-6dc5fa1e70f70cec90a98477b31a9231","1170456","","Kohgiluyeh va Boyer Ahmad","","","","","","","","","","","","",,"","","","",,30.55443,51.62046,
"","365a4a632d1fb65f22fb9b4823397f15","3-cb19ca57866dd465042771f69f7cd71d","1170457","","Kohgiluyeh va Boyer Ahmad","","","","","","","","","","","","",,"","","","",,30.55889,51.61093,
"","365a4a632d1fb65f22fb9b4823397cad","5-2223caadfedfcb9f8f7bc9ab65fbfb79","1170458","","Kohgiluyeh va Boyer Ahmad","","","","","","","","","","","Pāzanun Deli Ali Panā Beygi","Farrokhlaqa Hatami and Mansour Bozorgmehr, field notes 2024",,"","","","Boyerahmadi 90%; Standard type Persian 10%","Farrokhlaqa Hatami and Mansour Bozorgmehr, field notes 2024",30.54008,51.68721,
"","365a4a632d1fb65f22fb9b4823396f40","3-eec75159389b200aeefa334e7a86e114","1170459","","Kohgiluyeh va Boyer Ahmad","","","","","","","","","","","","",,"","","","",,30.57317,51.61281,
"","365a4a632d1fb65f22fb9b48233964ad","3-c4fa6e67b7defb2807da217a8f6f6de0","1170460","","Kohgiluyeh va Boyer Ahmad","","","","","","","","","","","","",,"","","","",,30.586,51.547,
"","365a4a632d1fb65f22fb9b48233a0fbd","3-b051c838029bfa663972b0f33de740c5","1170461","","Kohgiluyeh va Boyer Ahmad","","","","","","","","","","","","",,"","","","",,30.56756,51.607,
"","365a4a632d1fb65f22fb9b48233a0c5b","5-858cbca04a61cd9f056419d2e6c98ce4","1170462","","Kohgiluyeh va Boyer Ahmad","","","","","","","","","","","Sar Tang Tang Sorkh","Farrokhlaqa Hatami and Mansour Bozorgmehr, field notes 2024",12,"","","","Boyerahmadi 90%; Standard type Persian 10%","Farrokhlaqa Hatami and Mansour Bozorgmehr, field notes 2024",30.462,51.788,
"","365a4a632d1fb65f22fb9b482339fcd6","5-a151e6c66c628658f42637bce0b12503","1170463","","Kohgiluyeh va Boyer Ahmad","","","","","","","","","","","Qalāt","Farrokhlaqa Hatami and Mansour Bozorgmehr, field notes 2024",192,"","","","Boyerahmadi 90%; Standard type Persian 10%","Farrokhlaqa Hatami and Mansour Bozorgmehr, field notes 2024",30.562,51.687,
"","365a4a632d1fb65f22fb9b482339f116","5-150c81793dc63be8da6130528bdb6fe3","1170464","","Kohgiluyeh va Boyer Ahmad","","","","","","","","","","","Tang Sorkh","Farrokhlaqa Hatami and Mansour Bozorgmehr, field notes 2024",289,"","","","Boyerahmadi 90%; Standard type Persian 10%","Farrokhlaqa Hatami and Mansour Bozorgmehr, field notes 2024",30.461,51.767,
"","365a4a632d1fb65f22fb9b482339eda4","5-d6d44d827d464c7a1f7b7f74e1f27ed1","1170465","","Kohgiluyeh va Boyer Ahmad","","","","","","","","","","","Akbar Ābāy","Farrokhlaqa Hatami and Mansour Bozorgmehr, field notes 2024",3318,"","","","Boyerahmadi 90%; Standard type Persian 10%","Farrokhlaqa Hatami and Mansour Bozorgmehr, field notes 2024",30.637,51.592,
"","365a4a632d1fb65f22fb9b482339e80f","5-c56bc1daaa89381bfbcf01eef910afff","1170466","","Kohgiluyeh va Boyer Ahmad","","","","","","","","","","","Tol Khosrow","Farrokhlaqa Hatami and Mansour Bozorgmehr, field notes 2024",4534,"","","","Boyerahmadi 90%; Standard type Persian 10%","Farrokhlaqa Hatami and Mansour Bozorgmehr, field notes 2024",30.605,51.579,
"","365a4a632d1fb65f22fb9b482339d81c","5-04a89d40a4840cce93114fa8481f7ca3","1170467","","Kohgiluyeh va Boyer Ahmad","","","","","","","","","","","Servak","Farrokhlaqa Hatami and Mansour Bozorgmehr, field notes 2024",5130,"","","","Boyerahmadi 90%; Standard type Persian 10%","Farrokhlaqa Hatami and Mansour Bozorgmehr, field notes 2024",30.614,51.618,
"","365a4a632d1fb65f22fb9b482339ce4c","3-45b7b2a1dc944ee008ce144b06b6dc56","1170468","","Kohgiluyeh va Boyer Ahmad","","","","","","","","","","","","",,"","","","",,30.62497,51.63259,
"","365a4a632d1fb65f22fb9b482339c522","5-8fe4e9f9e1ed159a6e1f08a3f01aeb2a","1170469","","Kohgiluyeh va Boyer Ahmad","","","","","","","","","","","Pāyegān Qods","Farrokhlaqa Hatami and Mansour Bozorgmehr, field notes 2024",2981,"","","","Boyerahmadi 90%; Standard type Persian 10%","Farrokhlaqa Hatami and Mansour Bozorgmehr, field notes 2024",30.594,51.607,
"","365a4a632d1fb65f22fb9b482339c03b","5-4c2f5f6e9dfca2cc70bc5316bcdaef7c","1170470","","Kohgiluyeh va Boyer Ahmad","","","","","","","","","","","Najaf Ābāy","Farrokhlaqa Hatami and Mansour Bozorgmehr, field notes 2024",10742,"","","","Boyerahmadi 90%; Standard type Persian 10%","Farrokhlaqa Hatami and Mansour Bozorgmehr, field notes 2024",30.635,51.602,
"","365a4a632d1fb65f22fb9b48233a60ed","5-53622f5ebca24a13fdc6f4ba08db82e8","1170471","","Kohgiluyeh va Boyer Ahmad","","","","","","","","","","","Sarow Tāva","Farrokhlaqa Hatami and Mansour Bozorgmehr, field notes 2024",11195,"","","","Boyerahmadi 90%; Standard type Persian 10%","Farrokhlaqa Hatami and Mansour Bozorgmehr, field notes 2024",30.597,51.574,
"","365a4a632d1fb65f22fb9b4823727c22","2-ee77f662e63e96d7b29543c7c74e9a0d","1170472","","Kohgiluyeh va Boyer Ahmad","","","","","","","","","","","","",34140,"","","","",,,,
"","365a4a632d1fb65f22fb9b48233a5a14","3-36e53561b0bd388a902ab6f289796303","1170473","","Kohgiluyeh va Boyer Ahmad","","","","","","","","","","","","",,"","","","",,30.60568,51.70812,
"","365a4a632d1fb65f22fb9b48233a56f0","5-33e45470e77595bee0bdf38a58a18dff","1170474","","Kohgiluyeh va Boyer Ahmad","","","","","","","","","","","Jadval Ghure-y Mokhtār","Farrokhlaqa Hatami and Mansour Bozorgmehr, field notes 2024",341,"","","","Boyerahmadi 90%; Standard type Persian 10%","Farrokhlaqa Hatami and Mansour Bozorgmehr, field notes 2024",30.685,51.535,
"","365a4a632d1fb65f22fb9b48233a4b75","5-39b67283165a64774ad292df23ee8b8e","1170475","","Kohgiluyeh va Boyer Ahmad","","","","","","","","","","","Jadval Ghure-y Mehriyun","Farrokhlaqa Hatami and Mansour Bozorgmehr, field notes 2024",435,"","","","Boyerahmadi 90%; Standard type Persian 10%","Farrokhlaqa Hatami and Mansour Bozorgmehr, field notes 2024",30.685,51.549,
"","365a4a632d1fb65f22fb9b48233a401f","5-cdb8a9ddfa35b5474716176e46a14c04","1170476","","Kohgiluyeh va Boyer Ahmad","","","","","","","","","","","Deh Nu Yāsij","Farrokhlaqa Hatami and Mansour Bozorgmehr, field notes 2024",164,"","","","Boyerahmadi 90%; Standard type Persian 10%","Farrokhlaqa Hatami and Mansour Bozorgmehr, field notes 2024",30.983,50.874,
"","365a4a632d1fb65f22fb9b48233a387b","3-523809c86f4d7fbaadbe9d288e77da4f","1170477","","Kohgiluyeh va Boyer Ahmad","","","","","","","","","","","","",,"","","","",,30.64303,51.65586,
"","365a4a632d1fb65f22fb9b48233a35a5","3-9ca52e64f0d1a2ee9cbbac71ec48205c","1170478","","Kohgiluyeh va Boyer Ahmad","","","","","","","","","","","","",,"","","","",,30.70583,51.5203,
"","365a4a632d1fb65f22fb9b48233a2a16","5-2a5af58cd9b11cc0200ef5097e5a0f74","1170479","","Kohgiluyeh va Boyer Ahmad","","","","","","","","","","","Mahmud Ābāy Olyā","Farrokhlaqa Hatami and Mansour Bozorgmehr, field notes 2024",278,"","","","Boyerahmadi 90%; Standard type Persian 10%","Farrokhlaqa Hatami and Mansour Bozorgmehr, field notes 2024",30.657,51.636,
"","365a4a632d1fb65f22fb9b48233a207b","5-5ce3a0b50eabe166f4422bbe01e4ea6c","1170480","","Kohgiluyeh va Boyer Ahmad","","","","","","","","","","","Pelis Rah Esfahān","Farrokhlaqa Hatami and Mansour Bozorgmehr, field notes 2024",24,"","","","Boyerahmadi 90%; Standard type Persian 10%","Farrokhlaqa Hatami and Mansour Bozorgmehr, field notes 2024",30.726,51.511,
"","365a4a632d1fb65f22fb9b48233a11b6","5-8f49468a6f6c4ab3fb30a725d89cc719","1170481","","Kohgiluyeh va Boyer Ahmad","","","","","","","","","","","Shahrak San'ati Forudgā","Farrokhlaqa Hatami and Mansour Bozorgmehr, field notes 2024",123,"","","","Boyerahmadi 90%; Standard type Persian 10%","Farrokhlaqa Hatami and Mansour Bozorgmehr, field notes 2024",30.7,51.537,
"","365a4a632d1fb65f22fb9b482372723e","4-277a89f664c4411304c871fffe664cd0","1170482","","Kohgiluyeh va Boyer Ahmad","","","","","","","","","","","Qāder Ābāy","Farrokhlaqa Hatami and Mansour Bozorgmehr, field notes 2024",,"","","","Boyerahmadi 90%; Standard type Persian 10%","Farrokhlaqa Hatami and Mansour Bozorgmehr, field notes 2024",,,
"","365a4a632d1fb65f22fb9b48233ac387","5-87dbf99bf163496aa480c27d09213fbe","1170483","","Kohgiluyeh va Boyer Ahmad","","","","","","","","","","","Mehriyun","Farrokhlaqa Hatami and Mansour Bozorgmehr, field notes 2024",9421,"","","","Boyerahmadi 90%; Standard type Persian 10%","Farrokhlaqa Hatami and Mansour Bozorgmehr, field notes 2024",30.702,51.565,
"","365a4a632d1fb65f22fb9b48233ac2a6","5-d24fa631d5502a99cfba37fd3da15c6f","1170484","","Kohgiluyeh va Boyer Ahmad","","","","","","","","","","","Balahzār","Farrokhlaqa Hatami and Mansour Bozorgmehr, field notes 2024",3478,"","","","Boyerahmadi 90%; Standard type Persian 10%","Farrokhlaqa Hatami and Mansour Bozorgmehr, field notes 2024",30.71,51.556,
"","365a4a632d1fb65f22fb9b48233ab472","5-52937ee3c3008adf1fc4dab7221ea628","1170485","","Kohgiluyeh va Boyer Ahmad","","","","","","","","","","","Māyun Dumeni","Farrokhlaqa Hatami and Mansour Bozorgmehr, field notes 2024",7722,"","","","Boyerahmadi 90%; Standard type Persian 10%","Farrokhlaqa Hatami and Mansour Bozorgmehr, field notes 2024",30.715,51.543,
"","365a4a632d1fb65f22fb9b48233aa68c","5-d6753856f5276fbff252903d7d5872b0","1170486","","Kohgiluyeh va Boyer Ahmad","","","","","","","","","","","Deh Bar Aftow Olyā","Farrokhlaqa Hatami and Mansour Bozorgmehr, field notes 2024",1100,"","","","Boyerahmadi 90%; Standard type Persian 10%","Farrokhlaqa Hatami and Mansour Bozorgmehr, field notes 2024",30.775,51.513,
"","365a4a632d1fb65f22fb9b48233a9984","5-2095641027bf89e3fb54f399c10274e6","1170487","","Kohgiluyeh va Boyer Ahmad","","","","","","","","","","","Ganje-y Se Riz","Farrokhlaqa Hatami and Mansour Bozorgmehr, field notes 2024",1848,"","","","Boyerahmadi 90%; Standard type Persian 10%","Farrokhlaqa Hatami and Mansour Bozorgmehr, field notes 2024",30.763,51.531,
"","365a4a632d1fb65f22fb9b48233a921c","5-1133008a48f23d86e41129c7d575efce","1170488","","Kohgiluyeh va Boyer Ahmad","","","","","","","","","","","Ganja Kohna","Farrokhlaqa Hatami and Mansour Bozorgmehr, field notes 2024",1111,"","","","Boyerahmadi 90%; Standard type Persian 10%","Farrokhlaqa Hatami and Mansour Bozorgmehr, field notes 2024",30.744,51.546,
"","365a4a632d1fb65f22fb9b48233a839b","5-3edb12781ac4ba01e584ca80b0f3d102","1170489","","Kohgiluyeh va Boyer Ahmad","","","","","","","","","","","Eslām Ābāy Tang Se Riz","Farrokhlaqa Hatami and Mansour Bozorgmehr, field notes 2024",234,"","","","Boyerahmadi 90%; Standard type Persian 10%","Farrokhlaqa Hatami and Mansour Bozorgmehr, field notes 2024",30.747,51.492,
"","365a4a632d1fb65f22fb9b48233a78a6","5-df42c28c954292bf9307d0303dfc4658","1170490","","Kohgiluyeh va Boyer Ahmad","","","","","","","","","","","Heydar Ābāy Tang Se Riz","Farrokhlaqa Hatami and Mansour Bozorgmehr, field notes 2024",42,"","","","Boyerahmadi 90%; Standard type Persian 10%","Farrokhlaqa Hatami and Mansour Bozorgmehr, field notes 2024",30.759,51.504,
"","365a4a632d1fb65f22fb9b48233a6d82","5-d7b48c484b296fe64bd5703ed8257472","1170491","","Kohgiluyeh va Boyer Ahmad","","","","","","","","","","","Deh Bar Aftow Soflā","Farrokhlaqa Hatami and Mansour Bozorgmehr, field notes 2024",10,"","","","Boyerahmadi 90%; Standard type Persian 10%","Farrokhlaqa Hatami and Mansour Bozorgmehr, field notes 2024",30.773,51.481,
"","365a4a632d1fb65f22fb9b48233a6a98","5-94e89c37ab917831c505dc3e5175bdc2","1170492","","Kohgiluyeh va Boyer Ahmad","","","","","","","","","","","Se Riz","Farrokhlaqa Hatami and Mansour Bozorgmehr, field notes 2024",234,"","","","Boyerahmadi 90%; Standard type Persian 10%","Farrokhlaqa Hatami and Mansour Bozorgmehr, field notes 2024",30.751,51.484,
"","365a4a632d1fb65f22fb9b48233b18c4","5-0488338d6bbcc2d7147f280fbfce6a94","1170493","","Kohgiluyeh va Boyer Ahmad","","","","","","","","","","","Mahmey Ābāy Tang Se Riz","Farrokhlaqa Hatami and Mansour Bozorgmehr, field notes 2024",42,"","","","Boyerahmadi 90%; Standard type Persian 10%","Farrokhlaqa Hatami and Mansour Bozorgmehr, field notes 2024",30.755,51.494,
"","365a4a632d1fb65f22fb9b48233b15a3","5-3a2cc3817e769a5ab7ed83479bf46df1","1170494","","Kohgiluyeh va Boyer Ahmad","","","","","","","","","","","Shehid Ābāy Tang Se Riz","Farrokhlaqa Hatami and Mansour Bozorgmehr, field notes 2024",28,"","","","Boyerahmadi 90%; Standard type Persian 10%","Farrokhlaqa Hatami and Mansour Bozorgmehr, field notes 2024",30.756,51.501,
"","365a4a632d1fb65f22fb9b48233b0f0d","5-c38c10cd76d15a32655a7319a04e6dbe","1170495","","Kohgiluyeh va Boyer Ahmad","","","","","","","","","","","Gushe-y Shā Qāsom","Farrokhlaqa Hatami and Mansour Bozorgmehr, field notes 2024",2881,"","","","Boyerahmadi 90%; Standard type Persian 10%","Farrokhlaqa Hatami and Mansour Bozorgmehr, field notes 2024",30.737,51.54,
"","365a4a632d1fb65f22fb9b48233b0aef","5-de3050eaaf671a84e3ba7e869a94be9a","1170496","","Kohgiluyeh va Boyer Ahmad","","","","","","","","","","","Deh Āghā Shafi","Farrokhlaqa Hatami and Mansour Bozorgmehr, field notes 2024",1199,"","","","Boyerahmadi 90%; Standard type Persian 10%","Farrokhlaqa Hatami and Mansour Bozorgmehr, field notes 2024",30.735,51.52,
"","365a4a632d1fb65f22fb9b48233b0285","5-72c37e23ffbb842bfdf952fbe218449f","1170497","","Kohgiluyeh va Boyer Ahmad","","","","","","","","","","","Deh Kohne-y Mezzak","Farrokhlaqa Hatami and Mansour Bozorgmehr, field notes 2024",1197,"","","","Boyerahmadi 90%; Standard type Persian 10%","Farrokhlaqa Hatami and Mansour Bozorgmehr, field notes 2024",30.737,51.52,
"","365a4a632d1fb65f22fb9b48233afbe1","5-77f6e2c58d33806d9bbe957b0fc7f76f","1170498","","Kohgiluyeh va Boyer Ahmad","","","","","","","","","","","Din Tel Habib Ābāy","Farrokhlaqa Hatami and Mansour Bozorgmehr, field notes 2024",465,"","","","Boyerahmadi 90%; Standard type Persian 10%","Farrokhlaqa Hatami and Mansour Bozorgmehr, field notes 2024",30.737,51.527,
"","365a4a632d1fb65f22fb9b48233af6f4","5-cab0e4970b60ce0f9dc26533dcf003db","1170499","","Kohgiluyeh va Boyer Ahmad","","","","","","","","","","","Habib Ābāy Mezzak","Farrokhlaqa Hatami and Mansour Bozorgmehr, field notes 2024",1755,"","","","Boyerahmadi 90%; Standard type Persian 10%","Farrokhlaqa Hatami and Mansour Bozorgmehr, field notes 2024",30.732,51.53,
"","365a4a632d1fb65f22fb9b4823726869","2-5fcb3d90725c3174bf2be7eeaad018ef","1170500","","Kohgiluyeh va Boyer Ahmad","","","","","","","","","","","","",1708,"","","","",,,,
"","365a4a632d1fb65f22fb9b48233aeb2e","5-4dc518a697a28e9121f7ce2a1863f391","1170501","","Kohgiluyeh va Boyer Ahmad","","","","","","","","","","","Ahmey Qalandari","Farrokhlaqa Hatami and Mansour Bozorgmehr, field notes 2024",33,"","","","Boyerahmadi 90%; Standard type Persian 10%","Farrokhlaqa Hatami and Mansour Bozorgmehr, field notes 2024",30.567,51.839,
"","365a4a632d1fb65f22fb9b48233add6a","5-26f66983142e3111229bdf60a2f3a6b8","1170502","","Kohgiluyeh va Boyer Ahmad","","","","","","","","","","","Shāzāya Mahmay","Farrokhlaqa Hatami and Mansour Bozorgmehr, field notes 2024",10,"","","","Boyerahmadi 90%; Standard type Persian 10%","Farrokhlaqa Hatami and Mansour Bozorgmehr, field notes 2024",30.624,51.801,
"","365a4a632d1fb65f22fb9b48233ace1b","5-c67cf9440c4e12f9ac587c33236c6edb","1170503","","Kohgiluyeh va Boyer Ahmad","","","","","","","","","","","Puza Safi","Farrokhlaqa Hatami and Mansour Bozorgmehr, field notes 2024",47,"","","","Boyerahmadi 90%; Standard type Persian 10%","Farrokhlaqa Hatami and Mansour Bozorgmehr, field notes 2024",30.579,51.835,
"","365a4a632d1fb65f22fb9b48233b6b63","5-57780351458b64ee245f2d5dacffd691","1170504","","Kohgiluyeh va Boyer Ahmad","","","","","","","","","","","Tal Khāli Kākun","Farrokhlaqa Hatami and Mansour Bozorgmehr, field notes 2024",18,"","","","Boyerahmadi 90%; Standard type Persian 10%","Farrokhlaqa Hatami and Mansour Bozorgmehr, field notes 2024",30.601,51.858,
"","365a4a632d1fb65f22fb9b48233b5f66","5-cddf05d46fdda54e6ebd306d5a8bd82e","1170505","","Kohgiluyeh va Boyer Ahmad","","","","","","","","","","","Hoseyn Khāni","Farrokhlaqa Hatami and Mansour Bozorgmehr, field notes 2024",133,"","","","Boyerahmadi 90%; Standard type Persian 10%","Farrokhlaqa Hatami and Mansour Bozorgmehr, field notes 2024",30.61,51.796,
"","365a4a632d1fb65f22fb9b48233b53bc","5-734bf70fa469ca388333c7575f370d7a","1170506","","Kohgiluyeh va Boyer Ahmad","","","","","","","","","","","Khong","Farrokhlaqa Hatami and Mansour Bozorgmehr, field notes 2024",129,"","","","Boyerahmadi 90%; Standard type Persian 10%","Farrokhlaqa Hatami and Mansour Bozorgmehr, field notes 2024",30.577,51.815,
"","365a4a632d1fb65f22fb9b48233b5054","5-45c9c58be2fd119a9022d04f4462ee0f","1170507","","Kohgiluyeh va Boyer Ahmad","","","","","","","","","","","Deh Nu Kākun","Farrokhlaqa Hatami and Mansour Bozorgmehr, field notes 2024",32,"","","","Boyerahmadi 90%; Standard type Persian 10%","Farrokhlaqa Hatami and Mansour Bozorgmehr, field notes 2024",30.584,51.808,
"","365a4a632d1fb65f22fb9b48233b444d","5-a5fd673aea2e05f6a6de7ec3218507ff","1170508","","Kohgiluyeh va Boyer Ahmad","","","","","","","","","","","Zard Khuni","Farrokhlaqa Hatami and Mansour Bozorgmehr, field notes 2024",100,"","","","Boyerahmadi 90%; Standard type Persian 10%","Farrokhlaqa Hatami and Mansour Bozorgmehr, field notes 2024",30.592,51.804,
"","365a4a632d1fb65f22fb9b48233b3dbf","5-609c84f2c7e701da7f5303dccebcf2fa","1170509","","Kohgiluyeh va Boyer Ahmad","","","","","","","","","","","Abās Ali Khāni","Farrokhlaqa Hatami and Mansour Bozorgmehr, field notes 2024",321,"","","","Boyerahmadi 90%; Standard type Persian 10%","Farrokhlaqa Hatami and Mansour Bozorgmehr, field notes 2024",30.626,51.796,
"","365a4a632d1fb65f22fb9b48233b3d34","3-ae1182491f247d0069f0d11a7950afc2","1170510","","Kohgiluyeh va Boyer Ahmad","","","","","","","","","","","","",,"","","","",,30.652,51.846,
"","365a4a632d1fb65f22fb9b48233b2db5","3-954d2e4a3cac747b2fce23b08b3308ad","1170511","","Kohgiluyeh va Boyer Ahmad","","","","","","","","","","","","",,"","","","",,30.63289,51.84954,
"","365a4a632d1fb65f22fb9b48233b2849","3-407fc09a6bb47bb01f9796b3d5fe097e","1170512","","Kohgiluyeh va Boyer Ahmad","","","","","","","","","","","","",,"","","","",,30.55008,51.81859,
"","365a4a632d1fb65f22fb9b48233b2648","5-3dc5f7af8620962482cb9db04972f92f","1170513","","Kohgiluyeh va Boyer Ahmad","","","","","","","","","","","Murgā Kākun, Mowrgāh Kākun","Farrokhlaqa Hatami and Mansour Bozorgmehr, field notes 2024",37,"","","","Boyerahmadi 90%; Standard type Persian 10%","Farrokhlaqa Hatami and Mansour Bozorgmehr, field notes 2024",30.634,51.787,
"","365a4a632d1fb65f22fb9b48233bbf59","5-f18a3c6373f5526ffff59ed76cc593a7","1170514","","Kohgiluyeh va Boyer Ahmad","","","","","","","","","","","Rādārkhune-y Ow Nahr","Farrokhlaqa Hatami and Mansour Bozorgmehr, field notes 2024",,"","","","Boyerahmadi 90%; Standard type Persian 10%","Farrokhlaqa Hatami and Mansour Bozorgmehr, field notes 2024",30.68316,51.71549,
"","365a4a632d1fb65f22fb9b48233bb627","5-e64166dd101a460cd8a01cdc7780e5a3","1170515","","Kohgiluyeh va Boyer Ahmad","","","","","","","","","","","Cheshma Chenār-e Yāsij","Farrokhlaqa Hatami and Mansour Bozorgmehr, field notes 2024",78,"","","","Boyerahmadi 90%; Standard type Persian 10%","Farrokhlaqa Hatami and Mansour Bozorgmehr, field notes 2024",30.705,51.639,
"","365a4a632d1fb65f22fb9b48233bad84","5-62d489bc44ea9f831a602dbfaaef08eb","1170516","","Kohgiluyeh va Boyer Ahmad","","","","","","","","","","","Ghazanfar Khāni","Farrokhlaqa Hatami and Mansour Bozorgmehr, field notes 2024",120,"","","","Boyerahmadi 90%; Standard type Persian 10%","Farrokhlaqa Hatami and Mansour Bozorgmehr, field notes 2024",30.652,51.803,
"","365a4a632d1fb65f22fb9b48233ba52f","3-5c2edffc4149912c5895374c8a917552","1170517","","Kohgiluyeh va Boyer Ahmad","","","","","","","","","","","","",,"","","","",,30.68313,51.77486,
"","365a4a632d1fb65f22fb9b48233b9638","3-6726d8d0d7b63cd7ffbb36418d959367","1170518","","Kohgiluyeh va Boyer Ahmad","","","","","","","","","","","","",,"","","","",,30.66801,51.81166,
"","365a4a632d1fb65f22fb9b48233b93aa","3-b3f71d18aacba98e2fbe19a5692b6bbc","1170519","","Kohgiluyeh va Boyer Ahmad","","","","","","","","","","","","",,"","","","",,30.66031,51.82781,
"","365a4a632d1fb65f22fb9b48233b8a1c","3-de37c6a21abd86c076a8589fb7d41108","1170520","","Kohgiluyeh va Boyer Ahmad","","","","","","","","","","","","",,"","","","",,30.6461,51.84033,
"","365a4a632d1fb65f22fb9b48233b8029","3-6d4d40852e0550527d7a924e8e2d2a58","1170521","","Kohgiluyeh va Boyer Ahmad","","","","","","","","","","","","",,"","","","",,30.67476,51.81685,
"","365a4a632d1fb65f22fb9b48233b71e4","3-b509260bd4b7cf96cb118f99b487bb66","1170522","","Kohgiluyeh va Boyer Ahmad","","","","","","","","","","","","",,"","","","",,30.66912,51.72523,
"","365a4a632d1fb65f22fb9b48233b6dbb","5-f021c80c7480c7464af3ca0906d9cbe5","1170523","","Kohgiluyeh va Boyer Ahmad","","","","","","","","","","","Hamza Khāni","Farrokhlaqa Hatami and Mansour Bozorgmehr, field notes 2024",258,"","","","Boyerahmadi 90%; Standard type Persian 10%","Farrokhlaqa Hatami and Mansour Bozorgmehr, field notes 2024",30.636,51.812,
"","365a4a632d1fb65f22fb9b48233c028d","5-e916de7966f01e46790aa820ac9d7402","1170524","","Kohgiluyeh va Boyer Ahmad","","","","","","","","","","","Mansur Khāni","Farrokhlaqa Hatami and Mansour Bozorgmehr, field notes 2024",390,"","","","Boyerahmadi 90%; Standard type Persian 10%","Farrokhlaqa Hatami and Mansour Bozorgmehr, field notes 2024",30.634,51.802,
"","365a4a632d1fb65f22fb9b48233bfc7e","5-5b7948e3160c959cbfb09fffd1bbacb8","1170525","","Kohgiluyeh va Boyer Ahmad","","","","","","","","","","","Yāsuj (Persian), Yāsij (Boyerahmadi), Yāsits (Southern Lori)","Farrokhlaqa Hatami and Mansour Bozorgmehr, field notes 2024",134532,"","","","Standard type Persian 55%; Boyerahmadi 35%; mixed 10%","Farrokhlaqa Hatami and Mansour Bozorgmehr, field notes 2024",30.674,51.577,
"","365a4a632d1fb65f22fb9b48233bfc05","5-460ebfc72d94eb9108a85ffed0c2ed06","1170526","","Kohgiluyeh va Boyer Ahmad","","","","","","","","","","","Māyown","Farrokhlaqa Hatami and Mansour Bozorgmehr, field notes 2024",18078,"","","","Boyerahmadi 55%; Standard type Persian 40%; mixed 5%","Farrokhlaqa Hatami and Mansour Bozorgmehr, field notes 2024",30.72,51.549,
"","365a4a632d1fb65f22fb9b4823726262","2-14e4080ecc92325400af517c9f734bf6","1170527","","Kohgiluyeh va Boyer Ahmad","","","","","","","","","","","","",11295,"","","","",,,,
"","365a4a632d1fb65f22fb9b4823725c12","2-257f7e695aa0b4c9c9057fc9170b0137","1170528","","Kohgiluyeh va Boyer Ahmad","","","","","","","","","","","","",7083,"","","","",,,,
"","365a4a632d1fb65f22fb9b48233bf430","3-ff60c1767ce8fc9459a069fe10c6523c","1170529","","Kohgiluyeh va Boyer Ahmad","","","","","","","","","","","","",,"","","","",,31.14196,50.62248,
"","365a4a632d1fb65f22fb9b48233be702","5-aaf3b439a8e366fc8b1ffdf9c68e6cf8","1170530","","Kohgiluyeh va Boyer Ahmad","","","","","","","","","","","Owlun, Owlami","Ali Danesh and Mansour Bozorgmehr, field notes 2024",31,"","","","Boyerahmadi 95%; Standard type Persian 5%","Ali Danesh and Mansour Bozorgmehr, field notes 2024",31.115,50.64,
"","365a4a632d1fb65f22fb9b48233bde5a","5-18a14c90d9645ae9a2bbfdc0a238a2da","1170531","","Kohgiluyeh va Boyer Ahmad","","","","","","","","","","","Ow Murd-e Tangyār","Ali Danesh and Mansour Bozorgmehr, field notes 2024",,"","","","Boyerahmadi 95%; Standard type Persian 5%","Ali Danesh and Mansour Bozorgmehr, field notes 2024",31.11871,50.61338,
"","365a4a632d1fb65f22fb9b48233bd3ce","5-085e6a8691d22645682fcb04d0acc8df","1170532","","Kohgiluyeh va Boyer Ahmad","","","","","","","","","","","Āzādi-ye Dam Luwā, Āzādi Dam Luwā","Ali Danesh and Mansour Bozorgmehr, field notes 2024",41,"","","","Boyerahmadi 95%; Standard type Persian 5%","Ali Danesh and Mansour Bozorgmehr, field notes 2024",31.016,50.752,
"","365a4a632d1fb65f22fb9b48233bd2e6","5-7c91b399d18e6b95cd8f083bcb14e248","1170533","","Kohgiluyeh va Boyer Ahmad","","","","","","","","","","","Eskandari Barmun","Ali Danesh and Mansour Bozorgmehr, field notes 2024",,"","","","Boyerahmadi 95%; Standard type Persian 5%","Ali Danesh and Mansour Bozorgmehr, field notes 2024",30.74482,51.497,
"","365a4a632d1fb65f22fb9b48233bd02c","5-a9b75aff01e722a81d2b38b1dda65f10","1170534","","Kohgiluyeh va Boyer Ahmad","","","","","","","","","","","Anārak-e Barmiyun","Ali Danesh and Mansour Bozorgmehr, field notes 2024",131,"","","","Boyerahmadi 95%; Standard type Persian 5%","Ali Danesh and Mansour Bozorgmehr, field notes 2024",31.102,50.653,
"","365a4a632d1fb65f22fb9b48233bcbf3","5-631cce8d7ad0ea4ce67dc195f68b9ae3","1170535","","Kohgiluyeh va Boyer Ahmad","","","","","","","","","","","Barmiyun","Ali Danesh and Mansour Bozorgmehr, field notes 2024",15,"","","","Boyerahmadi 95%; Standard type Persian 5%","Ali Danesh and Mansour Bozorgmehr, field notes 2024",31.072,50.695,
"","365a4a632d1fb65f22fb9b48233c6573","3-103ec507d35eca4b1296ef1a2308a89e","1170536","","Kohgiluyeh va Boyer Ahmad","","","","","","","","","","","","",,"","","","",,31.14304,50.60677,
"","365a4a632d1fb65f22fb9b48233c5cfb","5-685daa2971bd19fa6988dd86cc4fcbae","1170537","","Kohgiluyeh va Boyer Ahmad","","","","","","","","","","","Pey Tsāt-e Deli Tā","Ali Danesh and Mansour Bozorgmehr, field notes 2024",,"","","","Boyerahmadi 95%; Standard type Persian 5%","Ali Danesh and Mansour Bozorgmehr, field notes 2024",31.14226,50.61609,
"","365a4a632d1fb65f22fb9b48233c4e27","3-f107b75e54d22009ae49b77125caf9ce","1170538","","Kohgiluyeh va Boyer Ahmad","","","","","","","","","","","","",,"","","","",,31.13957,50.60939,
"","365a4a632d1fb65f22fb9b482372532a","4-8cb1206fce8257c400924c5a76261635","1170539","","Kohgiluyeh va Boyer Ahmad","","","","","","","","","","","Pi Rā Dul Shirin","Ali Danesh and Mansour Bozorgmehr, field notes 2024",,"","","","Boyerahmadi 95%; Standard type Persian 5%","Ali Danesh and Mansour Bozorgmehr, field notes 2024",,,
"","365a4a632d1fb65f22fb9b48233c4dfb","5-0c54b31d9097a4b6f0c7b7475d4038b2","1170540","","Kohgiluyeh va Boyer Ahmad","","","","","","","","","","","Tsaft Ow Barmiyun","Ali Danesh and Mansour Bozorgmehr, field notes 2024",16,"","","","Boyerahmadi 95%; Standard type Persian 5%","Ali Danesh and Mansour Bozorgmehr, field notes 2024",31.112,50.658,
"","365a4a632d1fb65f22fb9b48233c434e","5-f13afde98844e4bec0d8a45552e2da64","1170541","","Kohgiluyeh va Boyer Ahmad","","","","","","","","","","","Tsong-e Dam Luwā","Ali Danesh and Mansour Bozorgmehr, field notes 2024",52,"","","","Boyerahmadi 95%; Standard type Persian 5%","Ali Danesh and Mansour Bozorgmehr, field notes 2024",31.056,50.711,
"","365a4a632d1fb65f22fb9b48233c3807","5-81f20ef747087042a598e8773e507f28","1170542","","Kohgiluyeh va Boyer Ahmad","","","","","","","","","","","Tsel Duwarun","Ali Danesh and Mansour Bozorgmehr, field notes 2024",23,"","","","Boyerahmadi 95%; Standard type Persian 5%","Ali Danesh and Mansour Bozorgmehr, field notes 2024",31.152,50.626,
"","365a4a632d1fb65f22fb9b48233c2abe","3-8f464f77c3865b1d7bcff9c7543a6483","1170543","","Kohgiluyeh va Boyer Ahmad","","","","","","","","","","","","",,"","","","",,31.10292,50.61127,
"","365a4a632d1fb65f22fb9b48233c1f69","5-5e2b928f65d8fc5e3f2f52d86c3af576","1170544","","Kohgiluyeh va Boyer Ahmad","","","","","","","","","","","Dam Garow Tsong","Ali Danesh and Mansour Bozorgmehr, field notes 2024",46,"","","","Boyerahmadi 95%; Standard type Persian 5%","Ali Danesh and Mansour Bozorgmehr, field notes 2024",31.055,50.726,
"","365a4a632d1fb65f22fb9b48233c16a6","3-5eca24c4384f4a0cd2eda61320619b11","1170545","","Kohgiluyeh va Boyer Ahmad","","","","","","","","","","","","",,"","","","",,31.05907,50.68621,
"","365a4a632d1fb65f22fb9b48233c0d59","3-346f13b93509d828302717f2b3e446dd","1170546","","Kohgiluyeh va Boyer Ahmad","","","","","","","","","","","","",,"","","","",,31.08966,50.69625,
"","365a4a632d1fb65f22fb9b48233cb3ff","3-03c62e45bbb3a7610651991daa1dcdbe","1170547","","Kohgiluyeh va Boyer Ahmad","","","","","","","","","","","","",,"","","","",,31.1477,50.62012,
"","365a4a632d1fb65f22fb9b48233ca612","3-a32d7a04191b5cde3079141c9837a1eb","1170548","","Kohgiluyeh va Boyer Ahmad","","","","","","","","","","","","",,"","","","",,31.13848,50.62616,
"","365a4a632d1fb65f22fb9b48233c9bb6","5-f4b3ccd76a848fdc89f19e4542247b6c","1170549","","Kohgiluyeh va Boyer Ahmad","","","","","","","","","","","Deh Tsel Deli Tā","Ali Danesh and Mansour Bozorgmehr, field notes 2024",22,"","","","Boyerahmadi 95%; Standard type Persian 5%","Ali Danesh and Mansour Bozorgmehr, field notes 2024",31.139,50.621,
"","365a4a632d1fb65f22fb9b48233c960d","3-05cab72ff4abc7ef5f54a9382fb1fd8d","1170550","","Kohgiluyeh va Boyer Ahmad","","","","","","","","","","","","",,"","","","",,31.07354,50.68323,
"","365a4a632d1fb65f22fb9b48233c951c","5-56615336b5404c87f59916bb6a14b126","1170551","","Kohgiluyeh va Boyer Ahmad","","","","","","","","","","","Sar Tang-e Piyāra","Ali Danesh and Mansour Bozorgmehr, field notes 2024",30,"","","","Boyerahmadi 95%; Standard type Persian 5%","Ali Danesh and Mansour Bozorgmehr, field notes 2024",31.034,50.721,
"","365a4a632d1fb65f22fb9b48233c91cc","5-90fdb439989d4e516b44799c39de495c","1170552","","Kohgiluyeh va Boyer Ahmad","","","","","","","","","","","Sar Gardangah","Ali Danesh and Mansour Bozorgmehr, field notes 2024",19,"","","","Boyerahmadi 95%; Standard type Persian 5%","Ali Danesh and Mansour Bozorgmehr, field notes 2024",31.047,50.692,
"","365a4a632d1fb65f22fb9b48233c8ef3","3-97d15974336dc12986e11bb99368acf7","1170553","","Kohgiluyeh va Boyer Ahmad","","","","","","","","","","","","",,"","","","",,31.01471,50.74217,
"","365a4a632d1fb65f22fb9b48233c8a8c","3-74769901996a2aa75ac6a6b49f0d634d","1170554","","Kohgiluyeh va Boyer Ahmad","","","","","","","","","","","","",,"","","","",,31.11745,50.62481,
"","365a4a632d1fb65f22fb9b48233c81cb","5-acdbd1e1c472536108c5bce3d3596789","1170555","","Kohgiluyeh va Boyer Ahmad","","","","","","","","","","","Gardane-y Par Terādz-a Tang-e Piyāra","Ali Danesh and Mansour Bozorgmehr, field notes 2024",18,"","","","Boyerahmadi 95%; Standard type Persian 5%","Ali Danesh and Mansour Bozorgmehr, field notes 2024",31.026,50.727,
"","365a4a632d1fb65f22fb9b48233c7410","5-b1c5a735c59affd76986cb99d7342008","1170556","","Kohgiluyeh va Boyer Ahmad","","","","","","","","","","","Gardane-y Tel Barmiyun","Ali Danesh and Mansour Bozorgmehr, field notes 2024",,"","","","Boyerahmadi 95%; Standard type Persian 5%","Ali Danesh and Mansour Bozorgmehr, field notes 2024",31.08233,50.67539,
"","365a4a632d1fb65f22fb9b48233d0672","5-89959addc1eb4e12144d750bc191828d","1170557","","Kohgiluyeh va Boyer Ahmad","","","","","","","","","","","Gardangah","Ali Danesh and Mansour Bozorgmehr, field notes 2024",262,"","","","Boyerahmadi 95%; Standard type Persian 5%","Ali Danesh and Mansour Bozorgmehr, field notes 2024",31.05,50.702,
"","365a4a632d1fb65f22fb9b48233cfa1a","3-77e54ddbb3c5388e80925d2a6114f4a7","1170558","","Kohgiluyeh va Boyer Ahmad","","","","","","","","","","","","",,"","","","",,31.02418,50.69285,
"","365a4a632d1fb65f22fb9b48233cf684","5-133edaae2090d70510d9c85db5b4124d","1170559","","Kohgiluyeh va Boyer Ahmad","","","","","","","","","","","Lame-y Barmiyun","Ali Danesh and Mansour Bozorgmehr, field notes 2024",,"","","","Boyerahmadi 95%; Standard type Persian 5%","Ali Danesh and Mansour Bozorgmehr, field notes 2024",31.09571,50.6881,
"","365a4a632d1fb65f22fb9b48233ceade","5-3827d9d39b6e062465070aa9dfeea231","1170560","","Kohgiluyeh va Boyer Ahmad","","","","","","","","","","","Lirowak","Ali Danesh and Mansour Bozorgmehr, field notes 2024",29,"","","","Boyerahmadi 95%; Standard type Persian 5%","Ali Danesh and Mansour Bozorgmehr, field notes 2024",31.166,50.622,
"","365a4a632d1fb65f22fb9b48233ce021","5-0b94638365b81d2f961ea4ccf6c5dba8","1170561","","Kohgiluyeh va Boyer Ahmad","","","","","","","","","","","Mela Owgir","Ali Danesh and Mansour Bozorgmehr, field notes 2024",53,"","","","Boyerahmadi 95%; Standard type Persian 5%","Ali Danesh and Mansour Bozorgmehr, field notes 2024",31.043,50.673,
"","365a4a632d1fb65f22fb9b48233cd024","5-8ef0fa0b3fddbf71c013e201086b29aa","1170562","","Kohgiluyeh va Boyer Ahmad","","","","","","","","","","","Mela Sole-y Olyā","Ali Danesh and Mansour Bozorgmehr, field notes 2024",,"","","","Boyerahmadi 95%; Standard type Persian 5%","Ali Danesh and Mansour Bozorgmehr, field notes 2024",31.15328,50.61596,
"","365a4a632d1fb65f22fb9b48233cc11c","5-c791bca2e27f99a535019b6ecfaecff4","1170563","","Kohgiluyeh va Boyer Ahmad","","","","","","","","","","","Nade-y Barmiyun","Ali Danesh and Mansour Bozorgmehr, field notes 2024",,"","","","Boyerahmadi 95%; Standard type Persian 5%","Ali Danesh and Mansour Bozorgmehr, field notes 2024",31.07944,50.70967,
"","365a4a632d1fb65f22fb9b48233cbc9c","5-c75de57e54ae01f9c96a0d6b185d9241","1170564","","Kohgiluyeh va Boyer Ahmad","","","","","","","","","","","Hud","Ali Danesh and Mansour Bozorgmehr, field notes 2024",105,"","","","Boyerahmadi 95%; Standard type Persian 5%","Ali Danesh and Mansour Bozorgmehr, field notes 2024",31.047,50.73,
"","365a4a632d1fb65f22fb9b48233cb8f6","5-3990cb41714aabcd3af3b38f1e2b923b","1170565","","Kohgiluyeh va Boyer Ahmad","","","","","","","","","","","Dare-y Bē Ru Gardangah","Ali Danesh and Mansour Bozorgmehr, field notes 2024",38,"","","","Boyerahmadi 95%; Standard type Persian 5%","Ali Danesh and Mansour Bozorgmehr, field notes 2024",31.053,50.696,
"","365a4a632d1fb65f22fb9b48233cb844","3-0ed47ac8f38de594dc45125f3e66fe5a","1170566","","Kohgiluyeh va Boyer Ahmad","","","","","","","","","","","","",,"","","","",,31.0708,50.64471,
"","365a4a632d1fb65f22fb9b48233d65d6","3-a1ad0ab9f85e5161895c29bdc64665b2","1170567","","Kohgiluyeh va Boyer Ahmad","","","","","","","","","","","","",,"","","","",,31.12976,50.63005,
"","365a4a632d1fb65f22fb9b48233d5d01","5-0c5ed84a37c96777df48e77c295347d5","1170568","","Kohgiluyeh va Boyer Ahmad","","","","","","","","","","","Ow Murd-e Dam Luwā, Ā Murd-e Dam Luwā","Ali Danesh and Mansour Bozorgmehr, field notes 2024",572,"","","","Boyerahmadi 95%; Standard type Persian 5%","Ali Danesh and Mansour Bozorgmehr, field notes 2024",31.004,50.789,
"","365a4a632d1fb65f22fb9b48233d57a8","5-8008c92922f6effb000850947b2265b0","1170569","","Kohgiluyeh va Boyer Ahmad","","","","","","","","","","","Tel-e Seh Luwā","Ali Danesh and Mansour Bozorgmehr, field notes 2024",78,"","","","Boyerahmadi 95%; Standard type Persian 5%","Ali Danesh and Mansour Bozorgmehr, field notes 2024",30.983,50.811,
"","365a4a632d1fb65f22fb9b48233d511b","3-64dda06b942bfca6134145dd724affa7","1170570","","Kohgiluyeh va Boyer Ahmad","","","","","","","","","","","","",,"","","","",,30.99225,50.81132,
"","365a4a632d1fb65f22fb9b48233d48c5","5-323ab3dc14b2782469824019367c603a","1170571","","Kohgiluyeh va Boyer Ahmad","","","","","","","","","","","Tsār Tang-e Qalandari","Ali Danesh and Mansour Bozorgmehr, field notes 2024",47,"","","","Boyerahmadi 95%; Standard type Persian 5%","Ali Danesh and Mansour Bozorgmehr, field notes 2024",30.984,50.802,
"","365a4a632d1fb65f22fb9b48233d3a9e","5-ea786baf68ccb965167caa7c29782838","1170572","","Kohgiluyeh va Boyer Ahmad","","","","","","","","","","","Dara Dezzun","Ali Danesh and Mansour Bozorgmehr, field notes 2024",,"","","","Boyerahmadi 95%; Standard type Persian 5%","Ali Danesh and Mansour Bozorgmehr, field notes 2024",30.99899,50.8121,
"","365a4a632d1fb65f22fb9b48233d2e14","5-83add07726ef3c3e696834c84ec1480f","1170573","","Kohgiluyeh va Boyer Ahmad","","","","","","","","","","","Deh Tsel-e Dam Luwā","Ali Danesh and Mansour Bozorgmehr, field notes 2024",21,"","","","Boyerahmadi 95%; Standard type Persian 5%","Ali Danesh and Mansour Bozorgmehr, field notes 2024",31.025,50.768,
"","365a4a632d1fb65f22fb9b48233d2520","5-c8ecf0d2f2039f4bda9af023229ac75e","1170574","","Kohgiluyeh va Boyer Ahmad","","","","","","","","","","","Deh Sohte-y Dam Luwā","Ali Danesh and Mansour Bozorgmehr, field notes 2024",279,"","","","Boyerahmadi 95%; Standard type Persian 5%","Ali Danesh and Mansour Bozorgmehr, field notes 2024",31.037,50.752,
"","365a4a632d1fb65f22fb9b48233d157b","5-336926087567868728efe2c96046ce20","1170575","","Kohgiluyeh va Boyer Ahmad","","","","","","","","","","","Kamak-e Khowādāy","Ali Danesh and Mansour Bozorgmehr, field notes 2024",85,"","","","Boyerahmadi 95%; Standard type Persian 5%","Ali Danesh and Mansour Bozorgmehr, field notes 2024",31.015,50.806,
"","365a4a632d1fb65f22fb9b48233d0e39","5-45d3f832034cf536414c3710317d4d7f","1170576","","Kohgiluyeh va Boyer Ahmad","","","","","","","","","","","Kamak-e Khowā Rahm","Ali Danesh and Mansour Bozorgmehr, field notes 2024",24,"","","","Boyerahmadi 95%; Standard type Persian 5%","Ali Danesh and Mansour Bozorgmehr, field notes 2024",31.022,50.798,
"","365a4a632d1fb65f22fb9b48233dae92","5-41e765297d043bf893a44731c18803ae","1170577","","Kohgiluyeh va Boyer Ahmad","","","","","","","","","","","Kamak-e Rā Khodā","Ali Danesh and Mansour Bozorgmehr, field notes 2024",40,"","","","Boyerahmadi 95%; Standard type Persian 5%","Ali Danesh and Mansour Bozorgmehr, field notes 2024",31.02,50.808,
"","365a4a632d1fb65f22fb9b48233dae8a","5-2f7d6955799411f3565f10426ad04134","1170578","","Kohgiluyeh va Boyer Ahmad","","","","","","","","","","","Kamak-e Safar","Ali Danesh and Mansour Bozorgmehr, field notes 2024",26,"","","","Boyerahmadi 95%; Standard type Persian 5%","Ali Danesh and Mansour Bozorgmehr, field notes 2024",31.025,50.803,
"","365a4a632d1fb65f22fb9b48233dac2f","5-0aa5aa25ca63b4f73cc100b1f6197bbd","1170579","","Kohgiluyeh va Boyer Ahmad","","","","","","","","","","","Kamak-e Azizelā","Ali Danesh and Mansour Bozorgmehr, field notes 2024",45,"","","","Boyerahmadi 95%; Standard type Persian 5%","Ali Danesh and Mansour Bozorgmehr, field notes 2024",31.015,50.806,
"","365a4a632d1fb65f22fb9b48233d9ea6","5-42309907c1e8def25163d5ff4d562e94","1170580","","Kohgiluyeh va Boyer Ahmad","","","","","","","","","","","Kamak-e Gorg Ali","Ali Danesh and Mansour Bozorgmehr, field notes 2024",31,"","","","Boyerahmadi 95%; Standard type Persian 5%","Ali Danesh and Mansour Bozorgmehr, field notes 2024",31.021,50.805,
"","365a4a632d1fb65f22fb9b48233d9257","5-a821d4193bc5b82b25368fba41244276","1170581","","Kohgiluyeh va Boyer Ahmad","","","","","","","","","","","Kamak-e Nāy Ali","Ali Danesh and Mansour Bozorgmehr, field notes 2024",23,"","","","Boyerahmadi 95%; Standard type Persian 5%","Ali Danesh and Mansour Bozorgmehr, field notes 2024",31.019,50.797,
"","365a4a632d1fb65f22fb9b48233d8b13","5-3fe4b137e7239fbc5657b6363a763fbf","1170582","","Kohgiluyeh va Boyer Ahmad","","","","","","","","","","","Owessun Gu Zanun","Ali Danesh and Mansour Bozorgmehr, field notes 2024",36,"","","","Boyerahmadi 95%; Standard type Persian 5%","Ali Danesh and Mansour Bozorgmehr, field notes 2024",30.956,50.863,
"","365a4a632d1fb65f22fb9b48233d88b8","5-352c0baa7d30462a5e46535d25cde99d","1170583","","Kohgiluyeh va Boyer Ahmad","","","","","","","","","","","Ow Tsenār-e Gu Zanun","Ali Danesh and Mansour Bozorgmehr, field notes 2024",57,"","","","Boyerahmadi 95%; Standard type Persian 5%","Ali Danesh and Mansour Bozorgmehr, field notes 2024",30.959,50.859,
"","365a4a632d1fb65f22fb9b48233d8217","5-ea48b266eeb9e24fcc863d8fde50681e","1170584","","Kohgiluyeh va Boyer Ahmad","","","","","","","","","","","Ow Garmak-e Gu Zanun","Ali Danesh and Mansour Bozorgmehr, field notes 2024",98,"","","","Boyerahmadi 95%; Standard type Persian 5%","Ali Danesh and Mansour Bozorgmehr, field notes 2024",30.99,50.831,
"","365a4a632d1fb65f22fb9b48233d7a65","5-69c2a9b9922708d98680b4c8c5acf301","1170585","","Kohgiluyeh va Boyer Ahmad","","","","","","","","","","","Ow Lami-ye Gu Zanun","Ali Danesh and Mansour Bozorgmehr, field notes 2024",169,"","","","Boyerahmadi 95%; Standard type Persian 5%","Ali Danesh and Mansour Bozorgmehr, field notes 2024",30.976,50.828,
"","365a4a632d1fb65f22fb9b48233d74c5","5-413ea622b1c54896e9951f2a62d4777e","1170586","","Kohgiluyeh va Boyer Ahmad","","","","","","","","","","","Eslām Ābāy Gorgiyun","Ali Danesh and Mansour Bozorgmehr, field notes 2024",,"","","","Boyerahmadi 95%; Standard type Persian 5%","Ali Danesh and Mansour Bozorgmehr, field notes 2024",30.98708,50.84883,
"","365a4a632d1fb65f22fb9b48233ddc67","5-7fefa8edce7e32b6b1a5d82368904d2d","1170587","","Kohgiluyeh va Boyer Ahmad","","","","","","","","","","","Eshkaft Seh","Ali Danesh and Mansour Bozorgmehr, field notes 2024",205,"","","","Boyerahmadi 95%; Standard type Persian 5%","Ali Danesh and Mansour Bozorgmehr, field notes 2024",30.995,50.822,
"","365a4a632d1fb65f22fb9b48233dd6df","5-a77ba1f5058f2d2df7341c488b9a74a2","1170588","","Kohgiluyeh va Boyer Ahmad","","","","","","","","","","","Pastuwak","Ali Danesh and Mansour Bozorgmehr, field notes 2024",42,"","","","Boyerahmadi 95%; Standard type Persian 5%","Ali Danesh and Mansour Bozorgmehr, field notes 2024",30.97,50.866,
"","365a4a632d1fb65f22fb9b48233dd5f5","5-9496747e08b95e759544aafd8999b739","1170589","","Kohgiluyeh va Boyer Ahmad","","","","","","","","","","","Delāru-y Gorgiyun","Ali Danesh and Mansour Bozorgmehr, field notes 2024",30,"","","","Boyerahmadi 95%; Standard type Persian 5%","Ali Danesh and Mansour Bozorgmehr, field notes 2024",30.991,50.859,
"","365a4a632d1fb65f22fb9b48233dd558","5-967b01392643e773169674eb5f3a07d8","1170590","","Kohgiluyeh va Boyer Ahmad","","","","","","","","","","","Deh Sam Luwā","Ali Danesh and Mansour Bozorgmehr, field notes 2024",38,"","","","Boyerahmadi 95%; Standard type Persian 5%","Ali Danesh and Mansour Bozorgmehr, field notes 2024",30.951,50.873,
"","365a4a632d1fb65f22fb9b48233dd132","5-03609f6266bc2505410417d05ae1539f","1170591","","Kohgiluyeh va Boyer Ahmad","","","","","","","","","","","Si Lāressun-e Sofle-y Dam Luwā","Ali Danesh and Mansour Bozorgmehr, field notes 2024",40,"","","","Boyerahmadi 95%; Standard type Persian 5%","Ali Danesh and Mansour Bozorgmehr, field notes 2024",30.981,50.826,
"","365a4a632d1fb65f22fb9b48233dc95b","5-d43067b6844548cc5951c77f8ceecd19","1170592","","Kohgiluyeh va Boyer Ahmad","","","","","","","","","","","Si Lāressun-e Dam Luwā","Ali Danesh and Mansour Bozorgmehr, field notes 2024",24,"","","","Boyerahmadi 95%; Standard type Persian 5%","Ali Danesh and Mansour Bozorgmehr, field notes 2024",30.976,50.823,
"","365a4a632d1fb65f22fb9b48233dc686","5-c8e195471617d5d1e9159476772056c4","1170593","","Kohgiluyeh va Boyer Ahmad","","","","","","","","","","","Gādune-y Luwā","Ali Danesh and Mansour Bozorgmehr, field notes 2024",33,"","","","Boyerahmadi 95%; Standard type Persian 5%","Ali Danesh and Mansour Bozorgmehr, field notes 2024",30.999,50.836,
"","365a4a632d1fb65f22fb9b48233dc316","5-9120470f06cadef157ecde92f65e8ace","1170594","","Kohgiluyeh va Boyer Ahmad","","","","","","","","","","","Gorgiyun","Ali Danesh and Mansour Bozorgmehr, field notes 2024",87,"","","","Boyerahmadi 95%; Standard type Persian 5%","Ali Danesh and Mansour Bozorgmehr, field notes 2024",30.988,50.862,
"","365a4a632d1fb65f22fb9b48233dc2d2","5-1fe8d7a64cf90d13c527f3fe331e88d1","1170595","","Kohgiluyeh va Boyer Ahmad","","","","","","","","","","","Gu Zanun","Ali Danesh and Mansour Bozorgmehr, field notes 2024",357,"","","","Boyerahmadi 95%; Standard type Persian 5%","Ali Danesh and Mansour Bozorgmehr, field notes 2024",30.973,50.851,
"","365a4a632d1fb65f22fb9b48233db3bc","5-3a3a467e2a35aee0b978718bb3f4879f","1170596","","Kohgiluyeh va Boyer Ahmad","","","","","","","","","","","Lir Sohte-y Luwā","Ali Danesh and Mansour Bozorgmehr, field notes 2024",30,"","","","Boyerahmadi 95%; Standard type Persian 5%","Ali Danesh and Mansour Bozorgmehr, field notes 2024",30.997,50.85,
"","365a4a632d1fb65f22fb9b48233e232a","5-52b24744462d951c0407946defda4188","1170597","","Kohgiluyeh va Boyer Ahmad","","","","","","","","","","","Nargesi Gu Zanun","Ali Danesh and Mansour Bozorgmehr, field notes 2024",24,"","","","Boyerahmadi 95%; Standard type Persian 5%","Ali Danesh and Mansour Bozorgmehr, field notes 2024",30.963,50.829,
"","365a4a632d1fb65f22fb9b48233e19b6","5-c9ce7d0dc86db578c30ef61bc423182e","1170598","","Kohgiluyeh va Boyer Ahmad","","","","","","","","","","","Āvāya","Ali Danesh and Mansour Bozorgmehr, field notes 2024",284,"","","","Boyerahmadi 95%; Standard type Persian 5%","Ali Danesh and Mansour Bozorgmehr, field notes 2024",30.948,50.909,
"","365a4a632d1fb65f22fb9b48233e0ac3","5-8103ce53760c497984b32c8e8024e5ac","1170599","","Kohgiluyeh va Boyer Ahmad","","","","","","","","","","","Tel Derāz","Ali Danesh and Mansour Bozorgmehr, field notes 2024",438,"","","","Boyerahmadi 95%; Standard type Persian 5%","Ali Danesh and Mansour Bozorgmehr, field notes 2024",30.958,50.906,
"","365a4a632d1fb65f22fb9b48233e06ea","5-5e63dfed0b56e8e82df9639586861662","1170600","","Kohgiluyeh va Boyer Ahmad","","","","","","","","","","","Deh Now Luwā","Ali Danesh and Mansour Bozorgmehr, field notes 2024",258,"","","","Boyerahmadi 95%; Standard type Persian 5%","Ali Danesh and Mansour Bozorgmehr, field notes 2024",30.838,51.495,
"","365a4a632d1fb65f22fb9b48233dfe54","5-3308d4c240e5e0878e3179c018a6a417","1170601","","Kohgiluyeh va Boyer Ahmad","","","","","","","","","","","Sal Gorse-y Sar Kun","Ali Danesh and Mansour Bozorgmehr, field notes 2024",,"","","","Boyerahmadi 95%; Standard type Persian 5%","Ali Danesh and Mansour Bozorgmehr, field notes 2024",30.96335,50.88209,
"","365a4a632d1fb65f22fb9b48233df932","5-86820776b0e0030769372e2e57e80808","1170602","","Kohgiluyeh va Boyer Ahmad","","","","","","","","","","","Kayuna","Ali Danesh and Mansour Bozorgmehr, field notes 2024",67,"","","","Boyerahmadi 95%; Standard type Persian 5%","Ali Danesh and Mansour Bozorgmehr, field notes 2024",30.968,50.907,
"","365a4a632d1fb65f22fb9b48233df145","5-59bf5dbc361f00c869f865568981b9c6","1170603","","Kohgiluyeh va Boyer Ahmad","","","","","","","","","","","Melā Dāre-y Sal Teli","Ali Danesh and Mansour Bozorgmehr, field notes 2024",37,"","","","Boyerahmadi 95%; Standard type Persian 5%","Ali Danesh and Mansour Bozorgmehr, field notes 2024",30.955,50.89,
"","365a4a632d1fb65f22fb9b48233df034","5-48d01eda4e9bb4999c43bd71c21ab37c","1170604","","Kohgiluyeh va Boyer Ahmad","","","","","","","","","","","Mēn Lowā","Ali Danesh and Mansour Bozorgmehr, field notes 2024",137,"","","","Boyerahmadi 95%; Standard type Persian 5%","Ali Danesh and Mansour Bozorgmehr, field notes 2024",30.976,50.881,
"","365a4a632d1fb65f22fb9b48233de7b1","5-5459d64efe3ba709992068d7798cf965","1170605","","Kohgiluyeh va Boyer Ahmad","","","","","","","","","","","Murdi","Ali Danesh and Mansour Bozorgmehr, field notes 2024",50,"","","","Boyerahmadi 95%; Standard type Persian 5%","Ali Danesh and Mansour Bozorgmehr, field notes 2024",30.935,50.886,
"","365a4a632d1fb65f22fb9b48233de76a","5-16d91485b804f71b67e63788ea4a2a80","1170606","","Kohgiluyeh va Boyer Ahmad","","","","","","","","","","","Garow Olyā","Ali Danesh and Mansour Bozorgmehr, field notes 2024",34,"","","","Boyerahmadi 95%; Standard type Persian 5%","Ali Danesh and Mansour Bozorgmehr, field notes 2024",30.942,50.897,
"","365a4a632d1fb65f22fb9b48233e6942","5-ec2664d7b6e24c2c6bcbfd552444881b","1170607","","Kohgiluyeh va Boyer Ahmad","","","","","","","","","","","Eslām Ābāy Hehr Ābāy","Ali Danesh and Mansour Bozorgmehr, field notes 2024",33,"","","","Boyerahmadi 95%; Standard type Persian 5%","Ali Danesh and Mansour Bozorgmehr, field notes 2024",30.897,50.909,
"","365a4a632d1fb65f22fb9b48233e68dd","3-6a9d57b305362ea0d740600a96f8c428","1170608","","Kohgiluyeh va Boyer Ahmad","","","","","","","","","","","","",,"","","","",,30.8841,50.94081,
"","365a4a632d1fb65f22fb9b48233e5e47","3-ca6ef7ac24f2370168b11cff8f01c412","1170609","","Kohgiluyeh va Boyer Ahmad","","","","","","","","","","","","",,"","","","",,30.87759,50.93523,
"","365a4a632d1fb65f22fb9b48233e5bb3","5-ef990679c912e1b67974d684f34bb343","1170610","","Kohgiluyeh va Boyer Ahmad","","","","","","","","","","","Hehr Ābāy Soflā","Ali Danesh and Mansour Bozorgmehr, field notes 2024",305,"","","","Boyerahmadi 95%; Standard type Persian 5%","Ali Danesh and Mansour Bozorgmehr, field notes 2024",30.927,50.908,
"","365a4a632d1fb65f22fb9b48233e5705","5-5c7c5c289eecc39a484a6cb2d370ac2f","1170611","","Kohgiluyeh va Boyer Ahmad","","","","","","","","","","","Gordakun","Ali Danesh and Mansour Bozorgmehr, field notes 2024",166,"","","","Boyerahmadi 95%; Standard type Persian 5%","Ali Danesh and Mansour Bozorgmehr, field notes 2024",30.921,50.892,
"","365a4a632d1fb65f22fb9b48233e4a0c","5-0dbd0dd8921f892dae631f2e2b1bad69","1170612","","Kohgiluyeh va Boyer Ahmad","","","","","","","","","","","Hehr Ābāy Olyā","Ali Danesh and Mansour Bozorgmehr, field notes 2024",291,"","","","Boyerahmadi 95%; Standard type Persian 5%","Ali Danesh and Mansour Bozorgmehr, field notes 2024",30.918,50.896,
"","365a4a632d1fb65f22fb9b48233e483d","5-678918c3c3c87318b72ba878827b13bc","1170613","","Kohgiluyeh va Boyer Ahmad","","","","","","","","","","","Tsenāros","Ali Danesh and Mansour Bozorgmehr, field notes 2024",221,"","","","Boyerahmadi 95%; Standard type Persian 5%","Ali Danesh and Mansour Bozorgmehr, field notes 2024",30.91,50.906,
"","365a4a632d1fb65f22fb9b48233e40d2","5-62bc3a93329d49ec38b841faa2e4a718","1170614","","Kohgiluyeh va Boyer Ahmad","","","","","","","","","","","Nasr Ābāy","Ali Danesh and Mansour Bozorgmehr, field notes 2024",16,"","","","Boyerahmadi 95%; Standard type Persian 5%","Ali Danesh and Mansour Bozorgmehr, field notes 2024",30.942,50.909,
"","365a4a632d1fb65f22fb9b48233e3b79","3-eefcaee4ade349cab7a2c478822fae9b","1170615","","Kohgiluyeh va Boyer Ahmad","","","","","","","","","","","","",,"","","","",,30.87681,50.91691,
"","365a4a632d1fb65f22fb9b48233e2c54","5-748bfb823531965338584f418a8b5bf3","1170616","","Kohgiluyeh va Boyer Ahmad","","","","","","","","","","","De Dara","Ali Danesh and Mansour Bozorgmehr, field notes 2024",131,"","","","Boyerahmadi 95%; Standard type Persian 5%","Ali Danesh and Mansour Bozorgmehr, field notes 2024",30.91,50.9,
"","365a4a632d1fb65f22fb9b48233eb5e3","5-4c52110093f0c9b4c48fafd521224486","1170617","","Kohgiluyeh va Boyer Ahmad","","","","","","","","","","","Ow Tsenārun-e Tel Derāz","Ali Danesh and Mansour Bozorgmehr, field notes 2024",276,"","","","Boyerahmadi 95%; Standard type Persian 5%","Ali Danesh and Mansour Bozorgmehr, field notes 2024",30.955,50.921,
"","365a4a632d1fb65f22fb9b48233eaa79","5-a81c590bfff94fd12bdef4b544b6371b","1170618","","Kohgiluyeh va Boyer Ahmad","","","","","","","","","","","Ow Sardun-e Tel Derāz","Ali Danesh and Mansour Bozorgmehr, field notes 2024",144,"","","","Boyerahmadi 95%; Standard type Persian 5%","Ali Danesh and Mansour Bozorgmehr, field notes 2024",30.963,50.952,
"","365a4a632d1fb65f22fb9b48233ea7fa","5-98166db5ad0e66ea7b046f521f4990d7","1170619","","Kohgiluyeh va Boyer Ahmad","","","","","","","","","","","Ow Kāse-y Tel Derāz","Ali Danesh and Mansour Bozorgmehr, field notes 2024",23,"","","","Boyerahmadi 95%; Standard type Persian 5%","Ali Danesh and Mansour Bozorgmehr, field notes 2024",30.972,50.951,
"","365a4a632d1fb65f22fb9b48233e99b2","5-c936eada55c3e5a81971fd80d83e84e2","1170620","","Kohgiluyeh va Boyer Ahmad","","","","","","","","","","","Tang Bōssun-e Zizi","Ali Danesh and Mansour Bozorgmehr, field notes 2024",37,"","","","Boyerahmadi 95%; Standard type Persian 5%","Ali Danesh and Mansour Bozorgmehr, field notes 2024",30.924,50.987,
"","365a4a632d1fb65f22fb9b48233e9068","3-999526c3511e8062d294b13951f979b3","1170621","","Kohgiluyeh va Boyer Ahmad","","","","","","","","","","","","",,"","","","",,30.93123,51.01536,
"","365a4a632d1fb65f22fb9b48233e8886","5-64c78f185e9abbc03a21f1a132acb6b3","1170622","","Kohgiluyeh va Boyer Ahmad","","","","","","","","","","","Tang Ru Zizi","Ali Danesh and Mansour Bozorgmehr, field notes 2024",25,"","","","Boyerahmadi 95%; Standard type Persian 5%","Ali Danesh and Mansour Bozorgmehr, field notes 2024",30.929,50.947,
"","365a4a632d1fb65f22fb9b48233e8762","5-a3594026c59ac2df2b7b872919a98404","1170623","","Kohgiluyeh va Boyer Ahmad","","","","","","","","","","","Tseshma Dzivri Mē Tangun","Ali Danesh and Mansour Bozorgmehr, field notes 2024",134,"","","","Boyerahmadi 95%; Standard type Persian 5%","Ali Danesh and Mansour Bozorgmehr, field notes 2024",30.896,51.021,
"","365a4a632d1fb65f22fb9b48233e7a80","5-6dc5531a3e0a47aef2dba62539c48d7e","1170624","","Kohgiluyeh va Boyer Ahmad","","","","","","","","","","","Zizi","Ali Danesh and Mansour Bozorgmehr, field notes 2024",362,"","","","Boyerahmadi 95%; Standard type Persian 5%","Ali Danesh and Mansour Bozorgmehr, field notes 2024",30.923,50.978,
"","365a4a632d1fb65f22fb9b48233e70d7","5-c4e4ae1ae62208f5206643de5b7e29f6","1170625","","Kohgiluyeh va Boyer Ahmad","","","","","","","","","","","Karradun-e Zizi","Ali Danesh and Mansour Bozorgmehr, field notes 2024",20,"","","","Boyerahmadi 95%; Standard type Persian 5%","Ali Danesh and Mansour Bozorgmehr, field notes 2024",30.917,50.984,
"","365a4a632d1fb65f22fb9b48233e6e87","3-66e0451a2c4f40111446ab866dfe1515","1170626","","Kohgiluyeh va Boyer Ahmad","","","","","","","","","","","","",,"","","","",,30.88985,51.01158,
"","365a4a632d1fb65f22fb9b48233f1085","5-6e65397145101d408ea161fced55ab4a","1170627","","Kohgiluyeh va Boyer Ahmad","","","","","","","","","","","Bar Aftow Zizi","Ali Danesh and Mansour Bozorgmehr, field notes 2024",,"","","","Boyerahmadi 95%; Standard type Persian 5%","Ali Danesh and Mansour Bozorgmehr, field notes 2024",30.91266,51.00826,
"","365a4a632d1fb65f22fb9b48233f09bb","5-bb0c1b7329527f827383ba9bb368779c","1170628","","Kohgiluyeh va Boyer Ahmad","","","","","","","","","","","Zir Nesah Zizi","Ali Danesh and Mansour Bozorgmehr, field notes 2024",,"","","","Boyerahmadi 95%; Standard type Persian 5%","Ali Danesh and Mansour Bozorgmehr, field notes 2024",30.90494,50.99628,
"","365a4a632d1fb65f22fb9b4823724b8c","2-089835c48a92a4d3ce8184792494a017","1170629","","Kohgiluyeh va Boyer Ahmad","","","","","","","","","","","","",3667,"","","","",,,,
"","365a4a632d1fb65f22fb9b48233effda","5-2b0bf6f36846943f17fe3ef630b709e0","1170630","","Kohgiluyeh va Boyer Ahmad","","","","","","","","","","","Ow Puti Gelāl","Ali Danesh and Mansour Bozorgmehr, field notes 2024",23,"","","","Boyerahmadi 95%; Standard type Persian 5%","Ali Danesh and Mansour Bozorgmehr, field notes 2024",31.111,50.689,
"","365a4a632d1fb65f22fb9b48233efaaa","5-23be9417b78cff838f231735c57d532b","1170631","","Kohgiluyeh va Boyer Ahmad","","","","","","","","","","","Ow Tsenārun-e Sofle-y Gelāl","Ali Danesh and Mansour Bozorgmehr, field notes 2024",317,"","","","Boyerahmadi 95%; Standard type Persian 5%","Ali Danesh and Mansour Bozorgmehr, field notes 2024",31.069,50.792,
"","365a4a632d1fb65f22fb9b48233ef47a","5-3cd2ffca9af3fa142edca4d40396c914","1170632","","Kohgiluyeh va Boyer Ahmad","","","","","","","","","","","Ow Tsenārun Olye-y Gelāl","Ali Danesh and Mansour Bozorgmehr, field notes 2024",109,"","","","Boyerahmadi 95%; Standard type Persian 5%","Ali Danesh and Mansour Bozorgmehr, field notes 2024",31.065,50.803,
"","365a4a632d1fb65f22fb9b48233ee9ed","5-c57088d1edf5dcc064f6d1325a6102ab","1170633","","Kohgiluyeh va Boyer Ahmad","","","","","","","","","","","Eshkaf Se-y Gelāl","Ali Danesh and Mansour Bozorgmehr, field notes 2024",,"","","","Boyerahmadi 95%; Standard type Persian 5%","Ali Danesh and Mansour Bozorgmehr, field notes 2024",31.11777,50.68151,
"","365a4a632d1fb65f22fb9b48233edf4d","5-6b848b66cdf59a22f53003de481d3ad6","1170634","","Kohgiluyeh va Boyer Ahmad","","","","","","","","","","","Eshkaft Olye-y Gelāl","Ali Danesh and Mansour Bozorgmehr, field notes 2024",,"","","","Boyerahmadi 95%; Standard type Persian 5%","Ali Danesh and Mansour Bozorgmehr, field notes 2024",31.11166,50.69526,
"","365a4a632d1fb65f22fb9b48233edab5","3-f48ab125a9e9426325eef58ef7ad687d","1170635","","Kohgiluyeh va Boyer Ahmad","","","","","","","","","","","","",,"","","","",,31.10815,50.70239,
"","365a4a632d1fb65f22fb9b48233ecac6","5-e8c772b7967de73546930c59b4b598ee","1170636","","Kohgiluyeh va Boyer Ahmad","","","","","","","","","","","Bar Aftow Olye-y Gelāl","Ali Danesh and Mansour Bozorgmehr, field notes 2024",82,"","","","Boyerahmadi 95%; Standard type Persian 5%","Ali Danesh and Mansour Bozorgmehr, field notes 2024",31.086,50.751,
"","365a4a632d1fb65f22fb9b48233ebd98","5-308d36a770f0031dfff6821373291d62","1170637","","Kohgiluyeh va Boyer Ahmad","","","","","","","","","","","Benāl-e Shahd Āli","Ali Danesh and Mansour Bozorgmehr, field notes 2024",,"","","","Boyerahmadi 95%; Standard type Persian 5%","Ali Danesh and Mansour Bozorgmehr, field notes 2024",31.11847,50.76316,
"","365a4a632d1fb65f22fb9b48233f667b","5-64831b5d867c84628add473ac801c488","1170638","","Kohgiluyeh va Boyer Ahmad","","","","","","","","","","","Pey Tāve-y Gelāl","Ali Danesh and Mansour Bozorgmehr, field notes 2024",32,"","","","Boyerahmadi 95%; Standard type Persian 5%","Ali Danesh and Mansour Bozorgmehr, field notes 2024",31.133,50.669,
"","365a4a632d1fb65f22fb9b48233f5ff1","5-35578346df0b3d78d7683930cd179510","1170639","","Kohgiluyeh va Boyer Ahmad","","","","","","","","","","","Tang Zard-e Gelāl","Ali Danesh and Mansour Bozorgmehr, field notes 2024",23,"","","","Boyerahmadi 95%; Standard type Persian 5%","Ali Danesh and Mansour Bozorgmehr, field notes 2024",31.093,50.733,
"","365a4a632d1fb65f22fb9b48233f5b50","5-780982ed09c59fcc8273da917efd503f","1170640","","Kohgiluyeh va Boyer Ahmad","","","","","","","","","","","Tang Nākemi","Ali Danesh and Mansour Bozorgmehr, field notes 2024",,"","","","Boyerahmadi 95%; Standard type Persian 5%","Ali Danesh and Mansour Bozorgmehr, field notes 2024",31.08066,50.76462,
"","365a4a632d1fb65f22fb9b48233f4e86","3-f0ae9c73c69a38bb6b7e6e8d21f24ad1","1170641","","Kohgiluyeh va Boyer Ahmad","","","","","","","","","","","","",,"","","","",,31.11339,50.7046,
"","365a4a632d1fb65f22fb9b48233f4c5c","5-fd8b900ee3cdfbfd04a72af7f7cd3390","1170642","","Kohgiluyeh va Boyer Ahmad","","","","","","","","","","","De Rahun-e Gelāl","Ali Danesh and Mansour Bozorgmehr, field notes 2024",29,"","","","Boyerahmadi 95%; Standard type Persian 5%","Ali Danesh and Mansour Bozorgmehr, field notes 2024",31.079,50.756,
"","365a4a632d1fb65f22fb9b48233f43b1","5-4873f43ae3935d1e6db868ffad25fba6","1170643","","Kohgiluyeh va Boyer Ahmad","","","","","","","","","","","Dasht-e Kō Kalamak-e Gelāl","Ali Danesh and Mansour Bozorgmehr, field notes 2024",,"","","","Boyerahmadi 95%; Standard type Persian 5%","Ali Danesh and Mansour Bozorgmehr, field notes 2024",31.14686,50.63829,
"","365a4a632d1fb65f22fb9b48233f421a","5-ddcf408e0912fa3f9e46f39d087b1c7b","1170644","","Kohgiluyeh va Boyer Ahmad","","","","","","","","","","","De Rahun-e Sofle-y Gelāl","Ali Danesh and Mansour Bozorgmehr, field notes 2024",,"","","","Boyerahmadi 95%; Standard type Persian 5%","Ali Danesh and Mansour Bozorgmehr, field notes 2024",31.08386,50.74447,
"","365a4a632d1fb65f22fb9b48233f3501","5-5f191e82a2e091351cb94775d191438a","1170645","","Kohgiluyeh va Boyer Ahmad","","","","","","","","","","","Deh Nu Gelāl","Ali Danesh and Mansour Bozorgmehr, field notes 2024",25,"","","","Boyerahmadi 95%; Standard type Persian 5%","Ali Danesh and Mansour Bozorgmehr, field notes 2024",31.097,50.721,
"","365a4a632d1fb65f22fb9b48233f2939","5-c11117d91b3be097449895b9482e4284","1170646","","Kohgiluyeh va Boyer Ahmad","","","","","","","","","","","Zēr Tut","Ali Danesh and Mansour Bozorgmehr, field notes 2024",121,"","","","Boyerahmadi 95%; Standard type Persian 5%","Ali Danesh and Mansour Bozorgmehr, field notes 2024",31.092,50.778,
"","365a4a632d1fb65f22fb9b48233f1faa","3-fdc2a93509b4e4b0ca9ebbc6fc560f7d","1170647","","Kohgiluyeh va Boyer Ahmad","","","","","","","","","","","","",,"","","","",,31.04101,50.76327,
"","365a4a632d1fb65f22fb9b48233fbf2b","5-5d981b87a66e9374665229763fa6db78","1170648","","Kohgiluyeh va Boyer Ahmad","","","","","","","","","","","Seh Tsah Gelāl","Ali Danesh and Mansour Bozorgmehr, field notes 2024",,"","","","Boyerahmadi 95%; Standard type Persian 5%","Ali Danesh and Mansour Bozorgmehr, field notes 2024",31.10649,50.70796,
"","365a4a632d1fb65f22fb9b48233fb2b8","5-d077a4e40ec52617b900207fb1c52a48","1170649","","Kohgiluyeh va Boyer Ahmad","","","","","","","","","","","Shahd Āli Edlis","Ali Danesh and Mansour Bozorgmehr, field notes 2024",,"","","","Boyerahmadi 95%; Standard type Persian 5%","Ali Danesh and Mansour Bozorgmehr, field notes 2024",31.13963,50.69356,
"","365a4a632d1fb65f22fb9b48233fad2f","5-e28ea73d1fd61600619ac17fba4d3a74","1170650","","Kohgiluyeh va Boyer Ahmad","","","","","","","","","","","Shahd Āli Siv Ali","Ali Danesh and Mansour Bozorgmehr, field notes 2024",,"","","","Boyerahmadi 95%; Standard type Persian 5%","Ali Danesh and Mansour Bozorgmehr, field notes 2024",31.13624,50.71082,
"","365a4a632d1fb65f22fb9b48233fa10a","5-d84ae628a1fb9adf346918010036c528","1170651","","Kohgiluyeh va Boyer Ahmad","","","","","","","","","","","Shahd Āli Avdi","Ali Danesh and Mansour Bozorgmehr, field notes 2024",21,"","","","Boyerahmadi 95%; Standard type Persian 5%","Ali Danesh and Mansour Bozorgmehr, field notes 2024",31.128,50.72,
"","365a4a632d1fb65f22fb9b48233f9c2a","5-3f8191cb7f3cd0c039be724c979309d0","1170652","","Kohgiluyeh va Boyer Ahmad","","","","","","","","","","","Pāryow Kalmak","Ali Danesh and Mansour Bozorgmehr, field notes 2024",,"","","","Boyerahmadi 95%; Standard type Persian 5%","Ali Danesh and Mansour Bozorgmehr, field notes 2024",31.1438,50.64599,
"","365a4a632d1fb65f22fb9b48233f8f38","5-e9788b841276ec0349376910d16dffe0","1170653","","Kohgiluyeh va Boyer Ahmad","","","","","","","","","","","Kalmak-e Gelāl","Ali Danesh and Mansour Bozorgmehr, field notes 2024",,"","","","Boyerahmadi 95%; Standard type Persian 5%","Ali Danesh and Mansour Bozorgmehr, field notes 2024",31.14109,50.64195,
"","365a4a632d1fb65f22fb9b48233f844f","3-aefd0d413ab549647eb61490b01a4084","1170654","","Kohgiluyeh va Boyer Ahmad","","","","","","","","","","","","",,"","","","",,31.07574,50.77384,
"","365a4a632d1fb65f22fb9b48233f7b31","5-6be50c92401bc17707a099b4d18cd873","1170655","","Kohgiluyeh va Boyer Ahmad","","","","","","","","","","","Vali Heseyn","Ali Danesh and Mansour Bozorgmehr, field notes 2024",163,"","","","Boyerahmadi 95%; Standard type Persian 5%","Ali Danesh and Mansour Bozorgmehr, field notes 2024",31.04,50.774,
"","365a4a632d1fb65f22fb9b48233f72ab","3-2af8dc0b8b2c1e6437779fb65ee40617","1170656","","Kohgiluyeh va Boyer Ahmad","","","","","","","","","","","","",,"","","","",,31.09416,50.82625,
"","365a4a632d1fb65f22fb9b48233f66e6","3-44899e68e64e50239ff39bd8896e2106","1170657","","Kohgiluyeh va Boyer Ahmad","","","","","","","","","","","","",,"","","","",,31.10184,50.81707,
"","365a4a632d1fb65f22fb9b4823400028","5-6de3fe65228ffd6a7c12ea07c9bf8827","1170658","","Kohgiluyeh va Boyer Ahmad","","","","","","","","","","","Tseshma Rizi Zir Tu","Ali Danesh and Mansour Bozorgmehr, field notes 2024",24,"","","","Boyerahmadi 95%; Standard type Persian 5%","Ali Danesh and Mansour Bozorgmehr, field notes 2024",31.111,50.784,
"","365a4a632d1fb65f22fb9b48233ff2af","3-bc744123f7e0d9b7944d6dc549aeff30","1170659","","Kohgiluyeh va Boyer Ahmad","","","","","","","","","","","","",,"","","","",,31.12331,50.67707,
"","365a4a632d1fb65f22fb9b48233ff22e","5-4f6ab4f84f8bd1c509e0432d41745c50","1170660","","Kohgiluyeh va Boyer Ahmad","","","","","","","","","","","Deh Nese-y Maskur Gelāl","Ali Danesh and Mansour Bozorgmehr, field notes 2024",19,"","","","Boyerahmadi 95%; Standard type Persian 5%","Ali Danesh and Mansour Bozorgmehr, field notes 2024",31.067,50.77,
"","365a4a632d1fb65f22fb9b48233fe6c1","5-afce64f7e26690d9405e952ac8fc2e34","1170661","","Kohgiluyeh va Boyer Ahmad","","","","","","","","","","","Bar Aftow Tahliyun","Ali Danesh and Mansour Bozorgmehr, field notes 2024",50,"","","","Boyerahmadi 95%; Standard type Persian 5%","Ali Danesh and Mansour Bozorgmehr, field notes 2024",31.034,50.891,
"","365a4a632d1fb65f22fb9b48233fdd9e","3-41ec4f790f37dd4233e77ff4836202a1","1170662","","Kohgiluyeh va Boyer Ahmad","","","","","","","","","","","","",,"","","","",,31.04221,50.8211,
"","365a4a632d1fb65f22fb9b48233fdbcf","5-0ecac33cbe91f9c1bbbe498acad3ef40","1170663","","Kohgiluyeh va Boyer Ahmad","","","","","","","","","","","Puze-y Bal Beland","Ali Danesh and Mansour Bozorgmehr, field notes 2024",91,"","","","Boyerahmadi 95%; Standard type Persian 5%","Ali Danesh and Mansour Bozorgmehr, field notes 2024",31.066,50.882,
"","365a4a632d1fb65f22fb9b48233fd958","5-13b3fc24478b9d3224fddcccb020008e","1170664","","Kohgiluyeh va Boyer Ahmad","","","","","","","","","","","Tang-e Ālek","Ali Danesh and Mansour Bozorgmehr, field notes 2024",87,"","","","Boyerahmadi 95%; Standard type Persian 5%","Ali Danesh and Mansour Bozorgmehr, field notes 2024",31.068,50.866,
"","365a4a632d1fb65f22fb9b48233fd66c","5-e51239689a834668bcd6817a2d6ac22c","1170665","","Kohgiluyeh va Boyer Ahmad","","","","","","","","","","","Tang-e Kalādziki Tahliyun","Ali Danesh and Mansour Bozorgmehr, field notes 2024",42,"","","","Boyerahmadi 95%; Standard type Persian 5%","Ali Danesh and Mansour Bozorgmehr, field notes 2024",31.074,50.86,
"","365a4a632d1fb65f22fb9b48233fcbf3","5-5cb69ef3588a52a2004b59726b7ce954","1170666","","Kohgiluyeh va Boyer Ahmad","","","","","","","","","","","Tahliyun","Ali Danesh and Mansour Bozorgmehr, field notes 2024",142,"","","","Boyerahmadi 95%; Standard type Persian 5%","Ali Danesh and Mansour Bozorgmehr, field notes 2024",31.052,50.87,
"","365a4a632d1fb65f22fb9b48233fc792","5-391eb04b1d713b819f66ec72df1a008e","1170667","","Kohgiluyeh va Boyer Ahmad","","","","","","","","","","","Tsār Shahin-e Khodābahsh","Ali Danesh and Mansour Bozorgmehr, field notes 2024",141,"","","","Boyerahmadi 95%; Standard type Persian 5%","Ali Danesh and Mansour Bozorgmehr, field notes 2024",31.008,50.873,
"","365a4a632d1fb65f22fb9b4823405e24","5-f14620e3237acb4609d6762b326a4b42","1170668","","Kohgiluyeh va Boyer Ahmad","","","","","","","","","","","Tsashma Puti Lah Ferākh","Ali Danesh and Mansour Bozorgmehr, field notes 2024",71,"","","","Boyerahmadi 95%; Standard type Persian 5%","Ali Danesh and Mansour Bozorgmehr, field notes 2024",31.04,50.84,
"","365a4a632d1fb65f22fb9b4823405374","5-0cf55418ff028970cdea4d9454ce09f4","1170669","","Kohgiluyeh va Boyer Ahmad","","","","","","","","","","","Tseshma Dzofti Tang-e Ālek","Ali Danesh and Mansour Bozorgmehr, field notes 2024",55,"","","","Boyerahmadi 95%; Standard type Persian 5%","Ali Danesh and Mansour Bozorgmehr, field notes 2024",31.079,50.85,
"","365a4a632d1fb65f22fb9b4823404b88","5-671be9c2b1cd118ad769680c792fa40c","1170670","","Kohgiluyeh va Boyer Ahmad","","","","","","","","","","","Khiyārkāl","Ali Danesh and Mansour Bozorgmehr, field notes 2024",28,"","","","Boyerahmadi 95%; Standard type Persian 5%","Ali Danesh and Mansour Bozorgmehr, field notes 2024",31.022,50.868,
"","365a4a632d1fb65f22fb9b48234042c3","5-9a75f59aa6d07b78cd0059159e00fe70","1170671","","Kohgiluyeh va Boyer Ahmad","","","","","","","","","","","Dara Ti","Ali Danesh and Mansour Bozorgmehr, field notes 2024",78,"","","","Boyerahmadi 95%; Standard type Persian 5%","Ali Danesh and Mansour Bozorgmehr, field notes 2024",31.045,50.881,
"","365a4a632d1fb65f22fb9b482340409f","5-b2f535e76a77d35fa1173073f9fcb362","1170672","","Kohgiluyeh va Boyer Ahmad","","","","","","","","","","","Desiri","Ali Danesh and Mansour Bozorgmehr, field notes 2024",86,"","","","Boyerahmadi 95%; Standard type Persian 5%","Ali Danesh and Mansour Bozorgmehr, field notes 2024",31.026,50.891,
"","365a4a632d1fb65f22fb9b48234030e6","5-f107eb89dd5c9fde6efff79c78e0f471","1170673","","Kohgiluyeh va Boyer Ahmad","","","","","","","","","","","Deh Sereshk","Ali Danesh and Mansour Bozorgmehr, field notes 2024",99,"","","","Boyerahmadi 95%; Standard type Persian 5%","Ali Danesh and Mansour Bozorgmehr, field notes 2024",31.027,50.869,
"","365a4a632d1fb65f22fb9b4823402a35","5-2b89a15989eda8c0bad8e369793e3e9c","1170674","","Kohgiluyeh va Boyer Ahmad","","","","","","","","","","","Shish Bard","Ali Danesh and Mansour Bozorgmehr, field notes 2024",,"","","","Boyerahmadi 95%; Standard type Persian 5%","Ali Danesh and Mansour Bozorgmehr, field notes 2024",31.01355,50.88037,
"","365a4a632d1fb65f22fb9b4823401a86","5-8dd4fbd337816ead18a11170a4b6aa66","1170675","","Kohgiluyeh va Boyer Ahmad","","","","","","","","","","","Pey Tuf-e Tahliyun","Ali Danesh and Mansour Bozorgmehr, field notes 2024",45,"","","","Boyerahmadi 95%; Standard type Persian 5%","Ali Danesh and Mansour Bozorgmehr, field notes 2024",31.059,50.861,
"","365a4a632d1fb65f22fb9b482340193c","5-ec1cb621708a1ea7691e5093aefd0b97","1170676","","Kohgiluyeh va Boyer Ahmad","","","","","","","","","","","Zafar-e Tahlōwi","Ali Danesh and Mansour Bozorgmehr, field notes 2024",362,"","","","Boyerahmadi 95%; Standard type Persian 5%","Ali Danesh and Mansour Bozorgmehr, field notes 2024",31.006,50.914,
"","365a4a632d1fb65f22fb9b4823400c4e","5-40b29eb283ee9d44e0317357ee9229ce","1170677","","Kohgiluyeh va Boyer Ahmad","","","","","","","","","","","Lah Ferākh-e Mele Nāmdārun","Ali Danesh and Mansour Bozorgmehr, field notes 2024",72,"","","","Boyerahmadi 95%; Standard type Persian 5%","Ali Danesh and Mansour Bozorgmehr, field notes 2024",31.035,50.84,
"","365a4a632d1fb65f22fb9b482340b727","5-c35293f3b01a2f310f5574496e971c03","1170678","","Kohgiluyeh va Boyer Ahmad","","","","","","","","","","","Ow Bahāre-y Tsin","Ali Danesh and Mansour Bozorgmehr, field notes 2024",151,"","","","Boyerahmadi 95%; Standard type Persian 5%","Ali Danesh and Mansour Bozorgmehr, field notes 2024",30.985,50.939,
"","365a4a632d1fb65f22fb9b482340af4d","5-843d6058e01db497beffe0fbb73d1b53","1170679","","Kohgiluyeh va Boyer Ahmad","","","","","","","","","","","Ow Dushe-y Tsin","Ali Danesh and Mansour Bozorgmehr, field notes 2024",59,"","","","Boyerahmadi 95%; Standard type Persian 5%","Ali Danesh and Mansour Bozorgmehr, field notes 2024",31.008,50.923,
"","365a4a632d1fb65f22fb9b482340a803","5-d87f5284c9380c4aeb66d37e56a95828","1170680","","Kohgiluyeh va Boyer Ahmad","","","","","","","","","","","Puza Tiz Ow Safar","Ali Danesh and Mansour Bozorgmehr, field notes 2024",21,"","","","Boyerahmadi 95%; Standard type Persian 5%","Ali Danesh and Mansour Bozorgmehr, field notes 2024",30.983,51.003,
"","365a4a632d1fb65f22fb9b482340a6e1","5-768d7ef57db8210de8df8c4eba958001","1170681","","Kohgiluyeh va Boyer Ahmad","","","","","","","","","","","Dam-e Ow Bahāre-y Tsin","Ali Danesh and Mansour Bozorgmehr, field notes 2024",157,"","","","Boyerahmadi 95%; Standard type Persian 5%","Ali Danesh and Mansour Bozorgmehr, field notes 2024",30.992,50.928,
"","365a4a632d1fb65f22fb9b4823409749","5-d22dfae265959442dc2e146bbdb49dec","1170682","","Kohgiluyeh va Boyer Ahmad","","","","","","","","","","","Dara Derāz-e Tsin","Ali Danesh and Mansour Bozorgmehr, field notes 2024",152,"","","","Boyerahmadi 95%; Standard type Persian 5%","Ali Danesh and Mansour Bozorgmehr, field notes 2024",31.001,50.929,
"","365a4a632d1fb65f22fb9b4823408d27","5-df9d259430dbcdf7b9befdbd67f7de98","1170683","","Kohgiluyeh va Boyer Ahmad","","","","","","","","","","","Hune-y Key Dzamshi","Ali Danesh and Mansour Bozorgmehr, field notes 2024",16,"","","","Boyerahmadi 95%; Standard type Persian 5%","Ali Danesh and Mansour Bozorgmehr, field notes 2024",31.001,50.917,
"","365a4a632d1fb65f22fb9b4823407ee0","5-5a2a4f92a35864b895e0655347caae7c","1170684","","Kohgiluyeh va Boyer Ahmad","","","","","","","","","","","Hune-y Kohyār-e Dare Bi","Ali Danesh and Mansour Bozorgmehr, field notes 2024",48,"","","","Boyerahmadi 95%; Standard type Persian 5%","Ali Danesh and Mansour Bozorgmehr, field notes 2024",30.985,50.968,
"","365a4a632d1fb65f22fb9b4823406f9c","3-107a6f6b003b59dd7c6b8b62e7283e93","1170685","","Kohgiluyeh va Boyer Ahmad","","","","","","","","","","","","",,"","","","",,30.98869,50.96115,
"","365a4a632d1fb65f22fb9b4823406f51","5-86655521dd00792f17025f8b25af62fe","1170686","","Kohgiluyeh va Boyer Ahmad","","","","","","","","","","","Safar Ābāy Tsin","Ali Danesh and Mansour Bozorgmehr, field notes 2024",208,"","","","Boyerahmadi 95%; Standard type Persian 5%","Ali Danesh and Mansour Bozorgmehr, field notes 2024",31.003,50.929,
"","365a4a632d1fb65f22fb9b48234067d8","5-29f587cd708652350d1fd18ab6f2c62e","1170687","","Kohgiluyeh va Boyer Ahmad","","","","","","","","","","","Tuf-e Dara Bi","Ali Danesh and Mansour Bozorgmehr, field notes 2024",66,"","","","Boyerahmadi 95%; Standard type Persian 5%","Ali Danesh and Mansour Bozorgmehr, field notes 2024",30.979,50.966,
"","365a4a632d1fb65f22fb9b4823410e40","5-98522b02d9b9a5d29c647645a23d3db0","1170688","","Kohgiluyeh va Boyer Ahmad","","","","","","","","","","","Nesah Koh Ali Tsin","Ali Danesh and Mansour Bozorgmehr, field notes 2024",39,"","","","Boyerahmadi 95%; Standard type Persian 5%","Ali Danesh and Mansour Bozorgmehr, field notes 2024",30.999,50.921,
"","365a4a632d1fb65f22fb9b4823410d5d","5-d9555502f3ba97b52fa0a68ae7a4077b","1170689","","Kohgiluyeh va Boyer Ahmad","","","","","","","","","","","Nesah Koh Eysi Tsin","Ali Danesh and Mansour Bozorgmehr, field notes 2024",199,"","","","Boyerahmadi 95%; Standard type Persian 5%","Ali Danesh and Mansour Bozorgmehr, field notes 2024",30.999,50.925,
"","365a4a632d1fb65f22fb9b4823410704","5-9e64b688801fe5be580385b61137ad3c","1170690","","Kohgiluyeh va Boyer Ahmad","","","","","","","","","","","Garow Soflā","Ali Danesh and Mansour Bozorgmehr, field notes 2024",545,"","","","Boyerahmadi 90%; Standard type Persian 10%","Ali Danesh and Mansour Bozorgmehr, field notes 2024",30.945,50.897,
"","365a4a632d1fb65f22fb9b48237240f4","2-6f5bf7c7991f8503ea4b878a56ac4040","1170691","","Kohgiluyeh va Boyer Ahmad","","","","","","","","","","","","",7741,"","","","",,,,
"","365a4a632d1fb65f22fb9b4823723fe8","2-a2607bee904dc2cdfd35d14a6a22283f","1170692","","Kohgiluyeh va Boyer Ahmad","","","","","","","","","","","","",1761,"","","","",,,,
"","365a4a632d1fb65f22fb9b482340f9a4","4-c003a5c699fb4e225a020a663cbd6af9","1170693","","Kohgiluyeh va Boyer Ahmad","","","","","","","","","","","Chashma Rizak-e Muger-e Balahdun","",,"","","","Boyerahmadi 95%; Standard type Persian 5%","Nurollah Zabolinezhad Sisakht and Mansour Bozorgmehr, field notes 2024",30.9107,51.1853,
"","365a4a632d1fb65f22fb9b482340ef7b","5-d957445af44f0b57dfefec2505185c3e","1170694","","Kohgiluyeh va Boyer Ahmad","","","","","","","","","","","Dam Tang-e Shahid Deli Bajak","Nurollah Zabolinezhad Sisakht and Mansour Bozorgmehr, field notes 2024",33,"","","","Boyerahmadi 95%; Standard type Persian 5%","Nurollah Zabolinezhad Sisakht and Mansour Bozorgmehr, field notes 2024",30.921,51.216,
"","365a4a632d1fb65f22fb9b482340e772","3-5391385f69efb49c98bd0a23335ebd6b","1170695","","Kohgiluyeh va Boyer Ahmad","","","","","","","","","","","","",,"","","","",,30.91034,51.21669,
"","365a4a632d1fb65f22fb9b482340e2c6","5-d3145c956e199ad6c88919d9630965ac","1170696","","Kohgiluyeh va Boyer Ahmad","","","","","","","","","","","Shahid Deli Bajak","Nurollah Zabolinezhad Sisakht and Mansour Bozorgmehr, field notes 2024",,"","","","Boyerahmadi 95%; Standard type Persian 5%","Nurollah Zabolinezhad Sisakht and Mansour Bozorgmehr, field notes 2024",30.93581,51.21465,
"","365a4a632d1fb65f22fb9b482340d986","3-3136fe6a49fe0cdc4171fe3373d79f19","1170697","","Kohgiluyeh va Boyer Ahmad","","","","","","","","","","","","",,"","","","",,30.92205,51.21235,
"","365a4a632d1fb65f22fb9b482340cd24","5-82412d87ed46e4940dc255873c512c9b","1170698","","Kohgiluyeh va Boyer Ahmad","","","","","","","","","","","Muger","Nurollah Zabolinezhad Sisakht and Mansour Bozorgmehr, field notes 2024",587,"","","","Boyerahmadi 95%; Standard type Persian 5%","Nurollah Zabolinezhad Sisakht and Mansour Bozorgmehr, field notes 2024",30.907,51.198,
"","365a4a632d1fb65f22fb9b482340c277","5-83675b42700a813de8b7c40467e74fee","1170699","","Kohgiluyeh va Boyer Ahmad","","","","","","","","","","","Sar Koh Shahid Deli Bajak","Nurollah Zabolinezhad Sisakht and Mansour Bozorgmehr, field notes 2024",20,"","","","Boyerahmadi 95%; Standard type Persian 5%","Nurollah Zabolinezhad Sisakht and Mansour Bozorgmehr, field notes 2024",30.924,51.232,
"","365a4a632d1fb65f22fb9b4823416327","5-7a76f27c59118810118faeada6796181","1170700","","Kohgiluyeh va Boyer Ahmad","","","","","","","","","","","Bāy Have-y Chenār","Nurollah Zabolinezhad Sisakht and Mansour Bozorgmehr, field notes 2024",,"","","","Boyerahmadi 95%; Standard type Persian 5%","Nurollah Zabolinezhad Sisakht and Mansour Bozorgmehr, field notes 2024",30.85226,51.18957,
"","365a4a632d1fb65f22fb9b48234159f3","5-1abd159bc7abc212febecbe7777510b9","1170701","","Kohgiluyeh va Boyer Ahmad","","","","","","","","","","","Bāgh Tilaku Chenār","Nurollah Zabolinezhad Sisakht and Mansour Bozorgmehr, field notes 2024",64,"","","","Boyerahmadi 95%; Standard type Persian 5%","Nurollah Zabolinezhad Sisakht and Mansour Bozorgmehr, field notes 2024",30.849,51.201,
"","365a4a632d1fb65f22fb9b48234155ea","5-9f9656ec966e486c73fb296fe404442c","1170702","","Kohgiluyeh va Boyer Ahmad","","","","","","","","","","","Bon Dara","Nurollah Zabolinezhad Sisakht and Mansour Bozorgmehr, field notes 2024",26,"","","","Boyerahmadi 95%; Standard type Persian 5%","Nurollah Zabolinezhad Sisakht and Mansour Bozorgmehr, field notes 2024",30.873,51.126,
"","365a4a632d1fb65f22fb9b4823414ddd","5-d97e28ab486dbf83087f7c5271eadc69","1170703","","Kohgiluyeh va Boyer Ahmad","","","","","","","","","","","Bana Rizak-e Chenār","Nurollah Zabolinezhad Sisakht and Mansour Bozorgmehr, field notes 2024",38,"","","","Boyerahmadi 95%; Standard type Persian 5%","Nurollah Zabolinezhad Sisakht and Mansour Bozorgmehr, field notes 2024",30.878,51.145,
"","365a4a632d1fb65f22fb9b4823414236","5-f3f5067f0cc94076cdc1d018544f2146","1170704","","Kohgiluyeh va Boyer Ahmad","","","","","","","","","","","Pas Gach-e Chenār","Nurollah Zabolinezhad Sisakht and Mansour Bozorgmehr, field notes 2024",,"","","","Boyerahmadi 95%; Standard type Persian 5%","Nurollah Zabolinezhad Sisakht and Mansour Bozorgmehr, field notes 2024",30.84465,51.22899,
"","365a4a632d1fb65f22fb9b48234134f9","5-0be3656663cff28daf92ac6ed37914c1","1170705","","Kohgiluyeh va Boyer Ahmad","","","","","","","","","","","Jevenak-e Mahmahseyn","Nurollah Zabolinezhad Sisakht and Mansour Bozorgmehr, field notes 2024",38,"","","","Boyerahmadi 95%; Standard type Persian 5%","Nurollah Zabolinezhad Sisakht and Mansour Bozorgmehr, field notes 2024",30.835,51.219,
"","365a4a632d1fb65f22fb9b482341292f","5-5cdcba76e4aae30a16d02ef57f68dddc","1170706","","Kohgiluyeh va Boyer Ahmad","","","","","","","","","","","Cheshma Dezak Soflā, Cheshma Dezō Chenār","Nurollah Zabolinezhad Sisakht and Mansour Bozorgmehr, field notes 2024",104,"","","","Boyerahmadi 95%; Standard type Persian 5%","Nurollah Zabolinezhad Sisakht and Mansour Bozorgmehr, field notes 2024",30.855,51.228,
"","365a4a632d1fb65f22fb9b48234127f6","5-3ddd1317c965e8ee1d42a689656e86fe","1170707","","Kohgiluyeh va Boyer Ahmad","","","","","","","","","","","Cheshma Dezō Olyā","Nurollah Zabolinezhad Sisakht and Mansour Bozorgmehr, field notes 2024",33,"","","","Boyerahmadi 95%; Standard type Persian 5%","Nurollah Zabolinezhad Sisakht and Mansour Bozorgmehr, field notes 2024",30.858,51.224,
"","365a4a632d1fb65f22fb9b4823412303","5-8cd8fa4fb1db3546eb41162263a9d078","1170708","","Kohgiluyeh va Boyer Ahmad","","","","","","","","","","","Dam Chenār-e Azizi","Nurollah Zabolinezhad Sisakht and Mansour Bozorgmehr, field notes 2024",33,"","","","Boyerahmadi 95%; Standard type Persian 5%","Nurollah Zabolinezhad Sisakht and Mansour Bozorgmehr, field notes 2024",30.862,51.197,
"","365a4a632d1fb65f22fb9b4823411d69","5-96b7cd62eef5fe87cbdab800c7ce03f6","1170709","","Kohgiluyeh va Boyer Ahmad","","","","","","","","","","","Dam Chenār-e Hādi Ābāy","Nurollah Zabolinezhad Sisakht and Mansour Bozorgmehr, field notes 2024",224,"","","","Boyerahmadi 95%; Standard type Persian 5%","Nurollah Zabolinezhad Sisakht and Mansour Bozorgmehr, field notes 2024",30.848,51.222,
"","365a4a632d1fb65f22fb9b482341a6a9","5-81360a6f8b67b72e4eeed314b03f850c","1170710","","Kohgiluyeh va Boyer Ahmad","","","","","","","","","","","Dara Garm-e Chenār","Nurollah Zabolinezhad Sisakht and Mansour Bozorgmehr, field notes 2024",73,"","","","Boyerahmadi 95%; Standard type Persian 5%","Nurollah Zabolinezhad Sisakht and Mansour Bozorgmehr, field notes 2024",30.881,51.138,
"","365a4a632d1fb65f22fb9b482341a353","3-00adf14419436b1e621b3dff94b27ff4","1170711","","Kohgiluyeh va Boyer Ahmad","","","","","","","","","","","","",,"","","","",,30.89976,51.05117,
"","365a4a632d1fb65f22fb9b482341a0ac","5-23a42c036b3629d830096a498e2eabe7","1170712","","Kohgiluyeh va Boyer Ahmad","","","","","","","","","","","Zangave-y Olyā","Nurollah Zabolinezhad Sisakht and Mansour Bozorgmehr, field notes 2024",25,"","","","Boyerahmadi 95%; Standard type Persian 5%","Nurollah Zabolinezhad Sisakht and Mansour Bozorgmehr, field notes 2024",30.897,51.079,
"","365a4a632d1fb65f22fb9b48234192d3","5-4d3cb9ffee216db3e166f4b653e31d10","1170713","","Kohgiluyeh va Boyer Ahmad","","","","","","","","","","","Sālār Ābāy Chenār","Nurollah Zabolinezhad Sisakht and Mansour Bozorgmehr, field notes 2024",14,"","","","Boyerahmadi 95%; Standard type Persian 5%","Nurollah Zabolinezhad Sisakht and Mansour Bozorgmehr, field notes 2024",30.867,51.185,
"","365a4a632d1fb65f22fb9b4823419250","5-5273302de984b44ecb1af50bdf1328d3","1170714","","Kohgiluyeh va Boyer Ahmad","","","","","","","","","","","Sar Chenār","Nurollah Zabolinezhad Sisakht and Mansour Bozorgmehr, field notes 2024",32,"","","","Boyerahmadi 95%; Standard type Persian 5%","Nurollah Zabolinezhad Sisakht and Mansour Bozorgmehr, field notes 2024",30.878,51.122,
"","365a4a632d1fb65f22fb9b4823418af9","3-504776c819a3947dea806045258bcdf8","1170715","","Kohgiluyeh va Boyer Ahmad","","","","","","","","","","","","",,"","","","",,30.81421,51.24097,
"","365a4a632d1fb65f22fb9b4823417f0b","5-8c920b803270986897fe7a54fcd82de9","1170716","","Kohgiluyeh va Boyer Ahmad","","","","","","","","","","","Sar Qanāt-e Qobād-e Chenār","Nurollah Zabolinezhad Sisakht and Mansour Bozorgmehr, field notes 2024",20,"","","","Boyerahmadi 95%; Standard type Persian 5%","Nurollah Zabolinezhad Sisakht and Mansour Bozorgmehr, field notes 2024",30.879,51.112,
"","365a4a632d1fb65f22fb9b4823417cbe","5-bbec9dbb3061a61a287c786c56e65469","1170717","","Kohgiluyeh va Boyer Ahmad","","","","","","","","","","","Sar Mas","Nurollah Zabolinezhad Sisakht and Mansour Bozorgmehr, field notes 2024",24,"","","","Boyerahmadi 95%; Standard type Persian 5%","Nurollah Zabolinezhad Sisakht and Mansour Bozorgmehr, field notes 2024",30.883,51.091,
"","365a4a632d1fb65f22fb9b4823417939","3-20be52fb6b532ea2390a39aa2893cdad","1170718","","Kohgiluyeh va Boyer Ahmad","","","","","","","","","","","","",,"","","","",,30.87091,51.02826,
"","365a4a632d1fb65f22fb9b4823416cc3","5-4f433198a65ae80826280bc073139acd","1170719","","Kohgiluyeh va Boyer Ahmad","","","","","","","","","","","Ali Karami-ye Olyā","Nurollah Zabolinezhad Sisakht and Mansour Bozorgmehr, field notes 2024",14,"","","","Boyerahmadi 95%; Standard type Persian 5%","Nurollah Zabolinezhad Sisakht and Mansour Bozorgmehr, field notes 2024",30.846,51.242,
"","365a4a632d1fb65f22fb9b482341eab1","5-922ce0dca029c345c8beba4579ecc69f","1170720","","Kohgiluyeh va Boyer Ahmad","","","","","","","","","","","Bar Aftow Ali Karami","Nurollah Zabolinezhad Sisakht and Mansour Bozorgmehr, field notes 2024",10,"","","","Boyerahmadi 95%; Standard type Persian 5%","Nurollah Zabolinezhad Sisakht and Mansour Bozorgmehr, field notes 2024",30.842,51.236,
"","365a4a632d1fb65f22fb9b482341dcc2","5-b602c2ea976985d097ad1cb18bc4b310","1170721","","Kohgiluyeh va Boyer Ahmad","","","","","","","","","","","Kabgiyun","Nurollah Zabolinezhad Sisakht and Mansour Bozorgmehr, field notes 2024",220,"","","","Boyerahmadi 95%; Standard type Persian 5%","Nurollah Zabolinezhad Sisakht and Mansour Bozorgmehr, field notes 2024",30.882,51.037,
"","365a4a632d1fb65f22fb9b482341da90","5-59ea6eed5a738609bb069d2eded1e281","1170722","","Kohgiluyeh va Boyer Ahmad","","","","","","","","","","","Gandomkesh-e Chit Ow","Nurollah Zabolinezhad Sisakht and Mansour Bozorgmehr, field notes 2024",22,"","","","Boyerahmadi 95%; Standard type Persian 5%","Nurollah Zabolinezhad Sisakht and Mansour Bozorgmehr, field notes 2024",30.82,51.235,
"","365a4a632d1fb65f22fb9b482341d837","5-313c9a92537715f4566a0993eb1cdc81","1170723","","Kohgiluyeh va Boyer Ahmad","","","","","","","","","","","Mēn Chenōr-e Maskur","Nurollah Zabolinezhad Sisakht and Mansour Bozorgmehr, field notes 2024",22,"","","","Boyerahmadi 95%; Standard type Persian 5%","Nurollah Zabolinezhad Sisakht and Mansour Bozorgmehr, field notes 2024",30.872,51.165,
"","365a4a632d1fb65f22fb9b482341d0fd","3-878c8518e77e267475205f4d25ad9517","1170724","","Kohgiluyeh va Boyer Ahmad","","","","","","","","","","","","",,"","","","",,30.84163,51.11898,
"","365a4a632d1fb65f22fb9b482341cac5","5-8eb397d3b44a6ba496616bcc47ecb8ed","1170725","","Kohgiluyeh va Boyer Ahmad","","","","","","","","","","","Chashma Sefid Chenār","Nurollah Zabolinezhad Sisakht and Mansour Bozorgmehr, field notes 2024",,"","","","Boyerahmadi 95%; Standard type Persian 5%","Nurollah Zabolinezhad Sisakht and Mansour Bozorgmehr, field notes 2024",30.86671,51.1868,
"","365a4a632d1fb65f22fb9b482372336f","4-d7533989b61a3711ae2683d527bbd443","1170726","","Kohgiluyeh va Boyer Ahmad","","","","","","","","","","","Ruste-y Ārun","Farrokhleqa Hatami and Mansour Bozorgmehr, field notes 2024",70,"","","","Boyerahmadi 95%; Standard type Persian 5%","Nurollah Zabolinezhad Sisakht and Mansour Bozorgmehr, field notes 2024",,,
"","365a4a632d1fb65f22fb9b482372c73f","2-7d52ec32cf237691e347865f171c2e9b","1170727","","Kohgiluyeh va Boyer Ahmad","","","","","","","","","","","","",4816,"","","","",,,,
"","365a4a632d1fb65f22fb9b482341c1ca","5-13991705fd619da539206b439c871b50","1170728","","Kohgiluyeh va Boyer Ahmad","","","","","","","","","","","Sārun","Sediqeh Bahonar and Mansour Bozorgmehr, field notes 2024",588,"","","","Boyerahmadi 95%; Standard type Persian 5%","Sediqeh Bahonar and Shahin Taheri and Mansour Bozorgmehr, field notes 2024",30.882,51.305,
"","365a4a632d1fb65f22fb9b482341bb86","5-8cb6cc43f6fec78e8e41645b7d2a7f62","1170729","","Kohgiluyeh va Boyer Ahmad","","","","","","","","","","","Betāri","Sediqeh Bahonar and Mansour Bozorgmehr, field notes 2024",200,"","","","Boyerahmadi 95%; Standard type Persian 5%","Sediqeh Bahonar and Shahin Taheri and Mansour Bozorgmehr, field notes 2024",30.861,51.33,
"","365a4a632d1fb65f22fb9b482341b7f5","5-e844b8a8fed7756a2c9801dcb1105b1b","1170730","","Kohgiluyeh va Boyer Ahmad","","","","","","","","","","","De Rehun-e Neghārakhuna","Sediqeh Bahonar and Mansour Bozorgmehr, field notes 2024",538,"","","","Boyerahmadi 95%; Standard type Persian 5%","Sediqeh Bahonar and Shahin Taheri and Mansour Bozorgmehr, field notes 2024",30.85,51.334,
"","365a4a632d1fb65f22fb9b482341a9d8","5-195f6a8cbee6c2f603db70573e2f7793","1170731","","Kohgiluyeh va Boyer Ahmad","","","","","","","","","","","Gerdava","Sediqeh Bahonar and Mansour Bozorgmehr, field notes 2024",502,"","","","Boyerahmadi 95%; Standard type Persian 5%","Sediqeh Bahonar and Shahin Taheri and Mansour Bozorgmehr, field notes 2024",30.847,51.31,
"","365a4a632d1fb65f22fb9b4823424256","5-5b1cc9c96de77466007204f956ccfd65","1170732","","Kohgiluyeh va Boyer Ahmad","","","","","","","","","","","Liru","Sediqeh Bahonar and Mansour Bozorgmehr, field notes 2024",24,"","","","Boyerahmadi 95%; Standard type Persian 5%","Sediqeh Bahonar and Shahin Taheri and Mansour Bozorgmehr, field notes 2024",30.853,51.329,
"","365a4a632d1fb65f22fb9b4823423978","5-07f6c77fc35a820df974bb6a434e88d3","1170733","","Kohgiluyeh va Boyer Ahmad","","","","","","","","","","","Lishkun","Sediqeh Bahonar and Mansour Bozorgmehr, field notes 2024",82,"","","","Boyerahmadi 95%; Standard type Persian 5%","Sediqeh Bahonar and Shahin Taheri and Mansour Bozorgmehr, field notes 2024",30.97732,50.1903,
"","365a4a632d1fb65f22fb9b4823422d97","5-e9899ca2d51737b3da4e972a46b16dec","1170734","","Kohgiluyeh va Boyer Ahmad","","","","","","","","","","","Mahmay Ābāy Sālun","Sediqeh Bahonar and Mansour Bozorgmehr, field notes 2024",60,"","","","Boyerahmadi 95%; Standard type Persian 5%","Sediqeh Bahonar and Shahin Taheri and Mansour Bozorgmehr, field notes 2024",30.818,51.332,
"","365a4a632d1fb65f22fb9b48234226c7","5-60834e76e26be761f78282fcc0736835","1170735","","Kohgiluyeh va Boyer Ahmad","","","","","","","","","","","Balikārun","Sediqeh Bahonar and Mansour Bozorgmehr, field notes 2024",86,"","","","Boyerahmadi 95%; Standard type Persian 5%","Sediqeh Bahonar and Shahin Taheri and Mansour Bozorgmehr, field notes 2024",30.784,51.344,
"","365a4a632d1fb65f22fb9b4823422355","5-a6f1797397807fa852e78e88aef838af","1170736","","Kohgiluyeh va Boyer Ahmad","","","","","","","","","","","Behzādi Neghārakhuna, Behzāyi Neghārakhuna","Sediqeh Bahonar and Mansour Bozorgmehr, field notes 2024",88,"","","","Boyerahmadi 95%; Standard type Persian 5%","Sediqeh Bahonar and Shahin Taheri and Mansour Bozorgmehr, field notes 2024",30.779,51.354,
"","365a4a632d1fb65f22fb9b4823421839","3-1a2f901126aa719824d36e9672b3d7a7","1170737","","Kohgiluyeh va Boyer Ahmad","","","","","","","","","","","","",,"","","","",,30.77846,51.27178,
"","365a4a632d1fb65f22fb9b48234216c1","5-c132625787f734d48ee5d5b876340bae","1170738","","Kohgiluyeh va Boyer Ahmad","","","","","","","","","","","Tang Sohta","Sediqeh Bahonar and Mansour Bozorgmehr, field notes 2024",118,"","","","Boyerahmadi 95%; Standard type Persian 5%","Sediqeh Bahonar and Shahin Taheri and Mansour Bozorgmehr, field notes 2024",30.758,51.319,
"","365a4a632d1fb65f22fb9b4823420aee","5-abdbbb8c22b6803e2e8364ef48237f3e","1170739","","Kohgiluyeh va Boyer Ahmad","","","","","","","","","","","Chāl Dāl","Sediqeh Bahonar and Mansour Bozorgmehr, field notes 2024",25,"","","","Boyerahmadi 95%; Standard type Persian 5%","Sediqeh Bahonar and Shahin Taheri and Mansour Bozorgmehr, field notes 2024",30.771,51.334,
"","365a4a632d1fb65f22fb9b482341ff53","5-fb1bf7a49316eabd64d8c84a1d4caf42","1170740","","Kohgiluyeh va Boyer Ahmad","","","","","","","","","","","Nazar Ābāy","Sediqeh Bahonar and Mansour Bozorgmehr, field notes 2024",23,"","","","Boyerahmadi 95%; Standard type Persian 5%","Sediqeh Bahonar and Shahin Taheri and Mansour Bozorgmehr, field notes 2024",30.788,51.335,
"","365a4a632d1fb65f22fb9b482341f0f7","5-96171df7fd2c6cab3bbd686924f4d8c4","1170741","","Kohgiluyeh va Boyer Ahmad","","","","","","","","","","","Sālehun","Sediqeh Bahonar and Mansour Bozorgmehr, field notes 2024",447,"","","","Boyerahmadi 95%; Standard type Persian 5%","Sediqeh Bahonar and Shahin Taheri and Mansour Bozorgmehr, field notes 2024",30.812,51.331,
"","365a4a632d1fb65f22fb9b4823429a21","5-f77d6a0a2097c96007279374a370ac30","1170742","","Kohgiluyeh va Boyer Ahmad","","","","","","","","","","","Gākhows-e Chit Ow","Sediqeh Bahonar and Mansour Bozorgmehr, field notes 2024",,"","","","Boyerahmadi 95%; Standard type Persian 5%","Sediqeh Bahonar and Shahin Taheri and Mansour Bozorgmehr, field notes 2024",30.80874,51.26019,
"","365a4a632d1fb65f22fb9b48234290f6","3-1f297c6c125f1f48e94a94935bdc7e19","1170743","","Kohgiluyeh va Boyer Ahmad","","","","","","","","","","","","",,"","","","",,30.8264,51.27688,
"","365a4a632d1fb65f22fb9b48234285ba","5-10e9915516fca389a50c1bfbd776d6e4","1170744","","Kohgiluyeh va Boyer Ahmad","","","","","","","","","","","Nāder Ābāy Neghārakhuna","Sediqeh Bahonar and Mansour Bozorgmehr, field notes 2024",21,"","","","Boyerahmadi 95%; Standard type Persian 5%","Sediqeh Bahonar and Shahin Taheri and Mansour Bozorgmehr, field notes 2024",30.754,51.325,
"","365a4a632d1fb65f22fb9b4823428585","5-fbf912072040ad928d3e0ce6419d2d71","1170745","","Kohgiluyeh va Boyer Ahmad","","","","","","","","","","","Vaghmi","Sediqeh Bahonar and Mansour Bozorgmehr, field notes 2024",237,"","","","Boyerahmadi 95%; Standard type Persian 5%","Sediqeh Bahonar and Shahin Taheri and Mansour Bozorgmehr, field notes 2024",30.773,51.325,
"","365a4a632d1fb65f22fb9b48234275cd","3-9831752d0fcb58b618a282aae5c2192d","1170746","","Kohgiluyeh va Boyer Ahmad","","","","","","","","","","","","",,"","","","",,30.82396,51.2588,
"","365a4a632d1fb65f22fb9b4823426e5c","5-95aa071e2a2c454311d627ca405d8b71","1170747","","Kohgiluyeh va Boyer Ahmad","","","","","","","","","","","Khahki Chit Ow","Sediqeh Bahonar and Mansour Bozorgmehr, field notes 2024",,"","","","Boyerahmadi 95%; Standard type Persian 5%","Sediqeh Bahonar and Shahin Taheri and Mansour Bozorgmehr, field notes 2024",30.80185,51.26566,
"","365a4a632d1fb65f22fb9b4823426601","5-1cb5e40155feb150c9779dace8c9a07e","1170748","","Kohgiluyeh va Boyer Ahmad","","","","","","","","","","","Ow Zahli Dumeni Neghārakhuna","Sediqeh Bahonar and Mansour Bozorgmehr, field notes 2024",29,"","","","Boyerahmadi 95%; Standard type Persian 5%","Sediqeh Bahonar and Shahin Taheri and Mansour Bozorgmehr, field notes 2024",30.764,51.369,
"","365a4a632d1fb65f22fb9b4823425fa6","5-567bb1eccbab19fd687aad4faff3e69f","1170749","","Kohgiluyeh va Boyer Ahmad","","","","","","","","","","","Ow Zahli Mēn Deli","Sediqeh Bahonar and Mansour Bozorgmehr, field notes 2024",25,"","","","Boyerahmadi 95%; Standard type Persian 5%","Sediqeh Bahonar and Shahin Taheri and Mansour Bozorgmehr, field notes 2024",30.763,51.371,
"","365a4a632d1fb65f22fb9b4823425b8b","5-a8c1a9e7448c01ee3f315346f61b459c","1170750","","Kohgiluyeh va Boyer Ahmad","","","","","","","","","","","Ow Zahli Bāley","Sediqeh Bahonar and Mansour Bozorgmehr, field notes 2024",49,"","","","Boyerahmadi 95%; Standard type Persian 5%","Sediqeh Bahonar and Shahin Taheri and Mansour Bozorgmehr, field notes 2024",30.756,51.371,
"","365a4a632d1fb65f22fb9b4823424f65","5-a504c744effcd5e57a76be807f3ce01d","1170751","","Kohgiluyeh va Boyer Ahmad","","","","","","","","","","","Ow Garmak-e Dumeni","Sediqeh Bahonar and Mansour Bozorgmehr, field notes 2024",20,"","","","Boyerahmadi 95%; Standard type Persian 5%","Sediqeh Bahonar and Shahin Taheri and Mansour Bozorgmehr, field notes 2024",30.78,51.381,
"","365a4a632d1fb65f22fb9b482343041f","5-e54cae8eb0bdd6f687c70faec4312041","1170752","","Kohgiluyeh va Boyer Ahmad","","","","","","","","","","","Ow Garmak-e Bāley","Sediqeh Bahonar and Mansour Bozorgmehr, field notes 2024",30,"","","","Boyerahmadi 95%; Standard type Persian 5%","Sediqeh Bahonar and Shahin Taheri and Mansour Bozorgmehr, field notes 2024",30.77,51.387,
"","365a4a632d1fb65f22fb9b482342f972","5-4f92917d465ca03cc8c949c8607bfa4e","1170753","","Kohgiluyeh va Boyer Ahmad","","","","","","","","","","","Ow Garmak-e Mēn Deli","Sediqeh Bahonar and Mansour Bozorgmehr, field notes 2024",10,"","","","Boyerahmadi 95%; Standard type Persian 5%","Sediqeh Bahonar and Shahin Taheri and Mansour Bozorgmehr, field notes 2024",30.777,51.37,
"","365a4a632d1fb65f22fb9b482342f4b6","5-5707857eaf6c01e731fe34336e0425ac","1170754","","Kohgiluyeh va Boyer Ahmad","","","","","","","","","","","Rah Māli","Sediqeh Bahonar and Mansour Bozorgmehr, field notes 2024",177,"","","","Boyerahmadi 95%; Standard type Persian 5%","Sediqeh Bahonar and Shahin Taheri and Mansour Bozorgmehr, field notes 2024",30.788,51.393,
"","365a4a632d1fb65f22fb9b482342ef4f","5-23b43ab033320e18854eb33fa9bcc9df","1170755","","Kohgiluyeh va Boyer Ahmad","","","","","","","","","","","Mōhur Sabz","Sediqeh Bahonar and Mansour Bozorgmehr, field notes 2024",39,"","","","Boyerahmadi 95%; Standard type Persian 5%","Sediqeh Bahonar and Shahin Taheri and Mansour Bozorgmehr, field notes 2024",30.769,51.365,
"","365a4a632d1fb65f22fb9b482342e55b","5-dace0a6daa6b27009a4c463a782a221b","1170756","","Kohgiluyeh va Boyer Ahmad","","","","","","","","","","","Neghārakhuna","Sediqeh Bahonar and Mansour Bozorgmehr, field notes 2024",613,"","","","Boyerahmadi 95%; Standard type Persian 5%","Sediqeh Bahonar and Shahin Taheri and Mansour Bozorgmehr, field notes 2024",30.795,51.341,
"","365a4a632d1fb65f22fb9b482342d6ff","3-904f03e4adb93b134ed01c2a0a4dd9c9","1170757","","Kohgiluyeh va Boyer Ahmad","","","","","","","","","","","","",,"","","","",,30.787,51.40675,
"","365a4a632d1fb65f22fb9b482342c944","5-c1a46bc2a33edd70e50d6d55d6882db5","1170758","","Kohgiluyeh va Boyer Ahmad","","","","","","","","","","","Bāvari","Sediqeh Bahonar and Mansour Bozorgmehr, field notes 2024",17,"","","","Boyerahmadi 95%; Standard type Persian 5%","Sediqeh Bahonar and Shahin Taheri and Mansour Bozorgmehr, field notes 2024",30.738,51.309,
"","365a4a632d1fb65f22fb9b482342bead","5-b4d6906d1091937c850a45892884128a","1170759","","Kohgiluyeh va Boyer Ahmad","","","","","","","","","","","Jowzār","Sediqeh Bahonar and Mansour Bozorgmehr, field notes 2024",172,"","","","Boyerahmadi 95%; Standard type Persian 5%","Sediqeh Bahonar and Shahin Taheri and Mansour Bozorgmehr, field notes 2024",30.743,51.313,
"","365a4a632d1fb65f22fb9b482342b2c2","5-11e1af00d5e5f084bc23e9d8558980ee","1170760","","Kohgiluyeh va Boyer Ahmad","","","","","","","","","","","Cheshme-y Bah Mele-y Khomsir","Sediqeh Bahonar and Mansour Bozorgmehr, field notes 2024",44,"","","","Boyerahmadi 95%; Standard type Persian 5%","Sediqeh Bahonar and Shahin Taheri and Mansour Bozorgmehr, field notes 2024",30.685,51.366,
"","365a4a632d1fb65f22fb9b482342a366","5-49423a491766a023421e3602537a3815","1170761","","Kohgiluyeh va Boyer Ahmad","","","","","","","","","","","Cheshma Chenār-e Mard-e Khodā","Sediqeh Bahonar and Mansour Bozorgmehr, field notes 2024",20,"","","","Boyerahmadi 95%; Standard type Persian 5%","Sediqeh Bahonar and Shahin Taheri and Mansour Bozorgmehr, field notes 2024",30.732,51.347,
"","365a4a632d1fb65f22fb9b48234357f3","5-0ea53bf7b048f61ac02db644e07a516a","1170762","","Kohgiluyeh va Boyer Ahmad","","","","","","","","","","","Cheshma Sibi Deli Khomsir","Sediqeh Bahonar and Mansour Bozorgmehr, field notes 2024",32,"","","","Boyerahmadi 95%; Standard type Persian 5%","Sediqeh Bahonar and Shahin Taheri and Mansour Bozorgmehr, field notes 2024",30.7,51.348,
"","365a4a632d1fb65f22fb9b48234352c3","5-2255cfd0ab77f7c11394fbdb33e8575e","1170763","","Kohgiluyeh va Boyer Ahmad","","","","","","","","","","","Cheshma Qanāt-e Deli Khomsir","Sediqeh Bahonar and Mansour Bozorgmehr, field notes 2024",46,"","","","Boyerahmadi 95%; Standard type Persian 5%","Sediqeh Bahonar and Shahin Taheri and Mansour Bozorgmehr, field notes 2024",30.707,51.339,
"","365a4a632d1fb65f22fb9b4823434808","5-4733a2821018dc1c63f0125d8c29020d","1170764","","Kohgiluyeh va Boyer Ahmad","","","","","","","","","","","Cheshma Vezg-e Deli Khomsir","Sediqeh Bahonar and Mansour Bozorgmehr, field notes 2024",17,"","","","Boyerahmadi 95%; Standard type Persian 5%","Sediqeh Bahonar and Shahin Taheri and Mansour Bozorgmehr, field notes 2024",30.717,51.325,
"","365a4a632d1fb65f22fb9b482343463f","5-aeb01375acfb093cd1988e9773edf023","1170765","","Kohgiluyeh va Boyer Ahmad","","","","","","","","","","","Kharter","Sediqeh Bahonar and Mansour Bozorgmehr, field notes 2024",34,"","","","Boyerahmadi 95%; Standard type Persian 5%","Sediqeh Bahonar and Shahin Taheri and Mansour Bozorgmehr, field notes 2024",30.74,51.31,
"","365a4a632d1fb65f22fb9b48234343ec","5-44191ebcc9aa85225412c4762c96f129","1170766","","Kohgiluyeh va Boyer Ahmad","","","","","","","","","","","Dam Tang-e Bāvari","Sediqeh Bahonar and Mansour Bozorgmehr, field notes 2024",41,"","","","Boyerahmadi 95%; Standard type Persian 5%","Sediqeh Bahonar and Shahin Taheri and Mansour Bozorgmehr, field notes 2024",30.731,51.308,
"","365a4a632d1fb65f22fb9b4823433c3b","5-51db9d72463ed26a7879085a7541f169","1170767","","Kohgiluyeh va Boyer Ahmad","","","","","","","","","","","Dare-y Guwarzi","Sediqeh Bahonar and Mansour Bozorgmehr, field notes 2024",15,"","","","Boyerahmadi 95%; Standard type Persian 5%","Sediqeh Bahonar and Shahin Taheri and Mansour Bozorgmehr, field notes 2024",30.733,51.343,
"","365a4a632d1fb65f22fb9b4823432cd3","5-d3dabdf01df7d5d9e0a6b011b5df9a61","1170768","","Kohgiluyeh va Boyer Ahmad","","","","","","","","","","","Si Lāressun-e Jowzār","Sediqeh Bahonar and Mansour Bozorgmehr, field notes 2024",28,"","","","Boyerahmadi 95%; Standard type Persian 5%","Sediqeh Bahonar and Shahin Taheri and Mansour Bozorgmehr, field notes 2024",30.748,51.317,
"","365a4a632d1fb65f22fb9b48234322a7","5-73f0f2a8e024c28aae930af6c3386e30","1170769","","Kohgiluyeh va Boyer Ahmad","","","","","","","","","","","Deh Avali Khomsir","Sediqeh Bahonar and Mansour Bozorgmehr, field notes 2024",24,"","","","Boyerahmadi 95%; Standard type Persian 5%","Sediqeh Bahonar and Shahin Taheri and Mansour Bozorgmehr, field notes 2024",30.723,51.325,
"","365a4a632d1fb65f22fb9b4823431ce9","5-d1db73df72d150bc67b43f18c02f978e","1170770","","Kohgiluyeh va Boyer Ahmad","","","","","","","","","","","Korkohzāy","Sediqeh Bahonar and Mansour Bozorgmehr, field notes 2024",53,"","","","Boyerahmadi 95%; Standard type Persian 5%","Sediqeh Bahonar and Shahin Taheri and Mansour Bozorgmehr, field notes 2024",30.751,51.327,
"","365a4a632d1fb65f22fb9b4823430dbf","5-c78205ef87d5e125cfed1f88864bb757","1170771","","Kohgiluyeh va Boyer Ahmad","","","","","","","","","","","Kalge-y Jalil","Sediqeh Bahonar and Mansour Bozorgmehr, field notes 2024",66,"","","","Boyerahmadi 95%; Standard type Persian 5%","Sediqeh Bahonar and Shahin Taheri and Mansour Bozorgmehr, field notes 2024",30.724,51.356,
"","365a4a632d1fb65f22fb9b482343a5c7","3-837392326b14eccca3d2cd5ea298d48c","1170772","","Kohgiluyeh va Boyer Ahmad","","","","","","","","","","","","",,"","","","",,30.72121,51.31842,
"","365a4a632d1fb65f22fb9b4823439887","5-db1c4d4275f483185738cab962ef9cfc","1170773","","Kohgiluyeh va Boyer Ahmad","","","","","","","","","","","Merd Khowā","Sediqeh Bahonar and Mansour Bozorgmehr, field notes 2024",80,"","","","Boyerahmadi 95%; Standard type Persian 5%","Sediqeh Bahonar and Shahin Taheri and Mansour Bozorgmehr, field notes 2024",30.748,51.33,
"","365a4a632d1fb65f22fb9b482343910d","5-367b458641e5dc9aaa35e2949b085426","1170774","","Kohgiluyeh va Boyer Ahmad","","","","","","","","","","","Mir Ghazab","Sediqeh Bahonar and Mansour Bozorgmehr, field notes 2024",18,"","","","Boyerahmadi 95%; Standard type Persian 5%","Sediqeh Bahonar and Shahin Taheri and Mansour Bozorgmehr, field notes 2024",30.719,51.363,
"","365a4a632d1fb65f22fb9b4823438da0","5-1776e5fffa75e20d6b950cd703770f21","1170775","","Kohgiluyeh va Boyer Ahmad","","","","","","","","","","","Vali Ābāy Deli Khomsir","Sediqeh Bahonar and Mansour Bozorgmehr, field notes 2024",72,"","","","Boyerahmadi 95%; Standard type Persian 5%","Sediqeh Bahonar and Shahin Taheri and Mansour Bozorgmehr, field notes 2024",30.722,51.329,
"","365a4a632d1fb65f22fb9b4823438436","5-5e15260ce23ceca5bd251a054abecbda","1170776","","Kohgiluyeh va Boyer Ahmad","","","","","","","","","","","Chit Ow","Sediqeh Bahonar and Mansour Bozorgmehr, field notes 2024",1164,"","","","Boyerahmadi 95%; Standard type Persian 5%","Sediqeh Bahonar and Shahin Taheri and Mansour Bozorgmehr, field notes 2024",30.795,51.325,
"","365a4a632d1fb65f22fb9b482372c2a3","2-714c2ba25720eb496cd47525839e9917","1170777","","Kohgiluyeh va Boyer Ahmad","","","","","","","","","","","","",131351,"","","","",,,,
"","365a4a632d1fb65f22fb9b482372bf92","2-85f8002191ac8b2e1fce56579d7639db","1170778","","Kohgiluyeh va Boyer Ahmad","","","","","","","","","","","","",16553,"","","","",,,,
"","365a4a632d1fb65f22fb9b482372b23e","2-0858aab332605386daaec084c6cb2112","1170779","","Kohgiluyeh va Boyer Ahmad","","","","","","","","","","","","",5835,"","","","",,,,
"","365a4a632d1fb65f22fb9b4823438403","5-2d6fc63eed666d81aadcf1844d0924af","1170780","","Kohgiluyeh va Boyer Ahmad","","","","","","","","","","","Ow Andzir-e Deliyak, Ow Andzir-e Deli","Fatemeh Purvatan and Mansour Bozorgmehr, field notes 2024",19,"","","","Tayyebi 95%; Standard type Persian 5%","Fatemeh Vatanpur, Sirus Faramarzi and Mansour Bozorgmehr, field notes 2024",31.158,50.567,
"","365a4a632d1fb65f22fb9b4823437694","5-b1f1ec436513a1fdbb6f4816d2a9655f","1170781","","Kohgiluyeh va Boyer Ahmad","","","","","","","","","","","Ahmad Nāseri","Fatemeh Purvatan and Mansour Bozorgmehr, field notes 2024",29,"","","","Tayyebi 95%; Standard type Persian 5%","Fatemeh Vatanpur, Sirus Faramarzi and Mansour Bozorgmehr, field notes 2024",31.152,50.563,
"","365a4a632d1fb65f22fb9b4823437692","3-b71623fc73444d3b4fc3baae882129ce","1170782","","Kohgiluyeh va Boyer Ahmad","","","","","","","","","","","","",,"","","","",,31.10999,50.55154,
"","365a4a632d1fb65f22fb9b4823436fde","3-83b2b5def29c2645af039348d3a59ffa","1170783","","Kohgiluyeh va Boyer Ahmad","","","","","","","","","","","","",,"","","","",,31.12318,50.52795,
"","365a4a632d1fb65f22fb9b4823436359","5-8bc7b0b51eab25e3ef5689555e99304d","1170784","","Kohgiluyeh va Boyer Ahmad","","","","","","","","","","","Tarakak","Fatemeh Purvatan and Mansour Bozorgmehr, field notes 2024",53,"","","","Tayyebi 95%; Standard type Persian 5%","Fatemeh Vatanpur, Sirus Faramarzi and Mansour Bozorgmehr, field notes 2024",31.144,50.529,
"","365a4a632d1fb65f22fb9b482343cdb6","5-6ba81a53b94bf7c8a228d31a48b1193e","1170785","","Kohgiluyeh va Boyer Ahmad","","","","","","","","","","","Kam Lapa","Fatemeh Purvatan and Mansour Bozorgmehr, field notes 2024",162,"","","","Tayyebi 95%; Standard type Persian 5%","Fatemeh Vatanpur, Sirus Faramarzi and Mansour Bozorgmehr, field notes 2024",31.098,50.579,
"","365a4a632d1fb65f22fb9b482343cc33","3-f98e2cf76d458f8bdecf615f30e6706c","1170786","","Kohgiluyeh va Boyer Ahmad","","","","","","","","","","","","",,"","","","",,31.11617,50.54011,
"","365a4a632d1fb65f22fb9b482343ca4d","3-6a2db4ecba8655e7aeee0e5691ee0d60","1170787","","Kohgiluyeh va Boyer Ahmad","","","","","","","","","","","","",,"","","","",,31.13104,50.57123,
"","365a4a632d1fb65f22fb9b482343c465","5-2aa49409f56e358000b8e33da4e338bb","1170788","","Kohgiluyeh va Boyer Ahmad","","","","","","","","","","","Deh Nār","Fatemeh Purvatan and Mansour Bozorgmehr, field notes 2024",24,"","","","Tayyebi 95%; Standard type Persian 5%","Fatemeh Vatanpur, Sirus Faramarzi and Mansour Bozorgmehr, field notes 2024",31.135,50.545,
"","365a4a632d1fb65f22fb9b482343b6d6","5-1d9d426b8ab4f76452856fc6bc3cbafc","1170789","","Kohgiluyeh va Boyer Ahmad","","","","","","","","","","","Sar Dara","Fatemeh Purvatan and Mansour Bozorgmehr, field notes 2024",181,"","","","Tayyebi 95%; Standard type Persian 5%","Fatemeh Vatanpur, Sirus Faramarzi and Mansour Bozorgmehr, field notes 2024",31.148,50.548,
"","365a4a632d1fb65f22fb9b482343b649","5-d8a1f330568501c07126491daf4d3f41","1170790","","Kohgiluyeh va Boyer Ahmad","","","","","","","","","","","Fāriyow Tit","Fatemeh Purvatan and Mansour Bozorgmehr, field notes 2024",179,"","","","Tayyebi 95%; Standard type Persian 5%","Fatemeh Vatanpur, Sirus Faramarzi and Mansour Bozorgmehr, field notes 2024",31.139,50.517,
"","365a4a632d1fb65f22fb9b482343b614","5-56905e4076bc500ecb7034d6658a4734","1170791","","Kohgiluyeh va Boyer Ahmad","","","","","","","","","","","Qala Bani","Fatemeh Purvatan and Mansour Bozorgmehr, field notes 2024",197,"","","","Tayyebi 95%; Standard type Persian 5%","Fatemeh Vatanpur, Sirus Faramarzi and Mansour Bozorgmehr, field notes 2024",31.114,50.57,
"","365a4a632d1fb65f22fb9b482343b4b0","5-7cdb043c87b33a4ec1842046e90d9efe","1170792","","Kohgiluyeh va Boyer Ahmad","","","","","","","","","","","Kushk-e Ghandi","Fatemeh Purvatan and Mansour Bozorgmehr, field notes 2024",16,"","","","Tayyebi 95%; Standard type Persian 5%","Fatemeh Vatanpur, Sirus Faramarzi and Mansour Bozorgmehr, field notes 2024",31.096,50.587,
"","365a4a632d1fb65f22fb9b482343b0eb","5-942e555967b9a94d69ee3f551f1acee2","1170793","","Kohgiluyeh va Boyer Ahmad","","","","","","","","","","","Kōn Mish","Fatemeh Purvatan and Mansour Bozorgmehr, field notes 2024",28,"","","","Tayyebi 95%; Standard type Persian 5%","Fatemeh Vatanpur, Sirus Faramarzi and Mansour Bozorgmehr, field notes 2024",31.155,50.545,
"","365a4a632d1fb65f22fb9b482343a789","5-1c8051e979cff76f33399c275017d3a9","1170794","","Kohgiluyeh va Boyer Ahmad","","","","","","","","","","","Gashtiyāri","Fatemeh Purvatan and Mansour Bozorgmehr, field notes 2024",85,"","","","Tayyebi 95%; Standard type Persian 5%","Fatemeh Vatanpur, Sirus Faramarzi and Mansour Bozorgmehr, field notes 2024",31.106,50.578,
"","365a4a632d1fb65f22fb9b4823441f2b","5-a555575a74aeb05f329cb065988b5050","1170795","","Kohgiluyeh va Boyer Ahmad","","","","","","","","","","","Gowd Khāni","Fatemeh Purvatan and Mansour Bozorgmehr, field notes 2024",,"","","","Tayyebi 95%; Standard type Persian 5%","Fatemeh Vatanpur, Sirus Faramarzi and Mansour Bozorgmehr, field notes 2024",31.10097,50.56789,
"","365a4a632d1fb65f22fb9b4823441df2","3-ac00f4acae02895377cccae3dfbe871d","1170796","","Kohgiluyeh va Boyer Ahmad","","","","","","","","","","","","",,"","","","",,31.14527,50.56844,
"","365a4a632d1fb65f22fb9b4823441af2","3-6145e5f029ad3f9a0ea9cf69f22ee14e","1170797","","Kohgiluyeh va Boyer Ahmad","","","","","","","","","","","","",,"","","","",,31.12065,50.53227,
"","365a4a632d1fb65f22fb9b4823441263","5-d31349c1c7b795f64e8c77f76f49592c","1170798","","Kohgiluyeh va Boyer Ahmad","","","","","","","","","","","Owzā Kalāt Tayyebi","Fatemeh Purvatan and Mansour Bozorgmehr, field notes 2024",,"","","","Tayyebi 95%; Standard type Persian 5%","Fatemeh Vatanpur, Sirus Faramarzi and Mansour Bozorgmehr, field notes 2024",31.07157,50.56268,
"","365a4a632d1fb65f22fb9b4823440534","5-f07af8f010bf60492c46e53c4a26808e","1170799","","Kohgiluyeh va Boyer Ahmad","","","","","","","","","","","Ahmad Sālār Kalāt Tayyebi","Fatemeh Purvatan and Mansour Bozorgmehr, field notes 2024",94,"","","","Tayyebi 95%; Standard type Persian 5%","Fatemeh Vatanpur, Sirus Faramarzi and Mansour Bozorgmehr, field notes 2024",31.081,50.555,
"","365a4a632d1fb65f22fb9b482343f7c1","5-8273d8ac8832c0b726ad3b73edc282a7","1170800","","Kohgiluyeh va Boyer Ahmad","","","","","","","","","","","Gurow","Fatemeh Purvatan and Mansour Bozorgmehr, field notes 2024",110,"","","","Tayyebi 95%; Standard type Persian 5%","Fatemeh Vatanpur, Sirus Faramarzi and Mansour Bozorgmehr, field notes 2024",31.069,50.547,
"","365a4a632d1fb65f22fb9b482343eb77","5-92681dd8ae13638b8fa137f4e16a93aa","1170801","","Kohgiluyeh va Boyer Ahmad","","","","","","","","","","","Ow Gāvun-e Gapu","Fatemeh Purvatan and Mansour Bozorgmehr, field notes 2024",20,"","","","Tayyebi 95%; Standard type Persian 5%","Fatemeh Vatanpur, Sirus Faramarzi and Mansour Bozorgmehr, field notes 2024",31.073,50.507,
"","365a4a632d1fb65f22fb9b482343e8ec","5-94cc38c7bd846da21edb32f10bba11f9","1170802","","Kohgiluyeh va Boyer Ahmad","","","","","","","","","","","Belviri","Fatemeh Purvatan and Mansour Bozorgmehr, field notes 2024",288,"","","","Tayyebi 95%; Standard type Persian 5%","Fatemeh Vatanpur, Sirus Faramarzi and Mansour Bozorgmehr, field notes 2024",31.112,50.515,
"","365a4a632d1fb65f22fb9b482343dceb","3-479ff4ddf90702c937c6fe86982d357e","1170803","","Kohgiluyeh va Boyer Ahmad","","","","","","","","","","","","",,"","","","",,31.09384,50.52015,
"","365a4a632d1fb65f22fb9b482343d4b5","5-9f75a772e3fc4b1095c099249becdcf8","1170804","","Kohgiluyeh va Boyer Ahmad","","","","","","","","","","","Pā Tāve Poy Rah","Fatemeh Purvatan and Mansour Bozorgmehr, field notes 2024",221,"","","","Tayyebi 95%; Standard type Persian 5%","Fatemeh Vatanpur, Sirus Faramarzi and Mansour Bozorgmehr, field notes 2024",31.105,50.51,
"","365a4a632d1fb65f22fb9b4823445fc5","5-4fe43c112f078f589243a6fe4badfbad","1170805","","Kohgiluyeh va Boyer Ahmad","","","","","","","","","","","Parvizak","Fatemeh Purvatan and Mansour Bozorgmehr, field notes 2024",55,"","","","Tayyebi 95%; Standard type Persian 5%","Fatemeh Vatanpur, Sirus Faramarzi and Mansour Bozorgmehr, field notes 2024",31.116,50.518,
"","365a4a632d1fb65f22fb9b4823445685","5-795996e982428ce1378be988fd35cb64","1170806","","Kohgiluyeh va Boyer Ahmad","","","","","","","","","","","Tahlezār","Fatemeh Purvatan and Mansour Bozorgmehr, field notes 2024",17,"","","","Tayyebi 95%; Standard type Persian 5%","Fatemeh Vatanpur, Sirus Faramarzi and Mansour Bozorgmehr, field notes 2024",31.06,50.531,
"","365a4a632d1fb65f22fb9b48234446f3","5-4db5dffa2e4dc935f247234d351c9d8a","1170807","","Kohgiluyeh va Boyer Ahmad","","","","","","","","","","","Tsah Gorgi","Fatemeh Purvatan and Mansour Bozorgmehr, field notes 2024",169,"","","","Tayyebi 95%; Standard type Persian 5%","Fatemeh Vatanpur, Sirus Faramarzi and Mansour Bozorgmehr, field notes 2024",31.098,50.536,
"","365a4a632d1fb65f22fb9b4823443d19","3-34c844655e4580c73446f56e16c4dbf5","1170808","","Kohgiluyeh va Boyer Ahmad","","","","","","","","","","","","",,"","","","",,31.10115,50.51096,
"","365a4a632d1fb65f22fb9b482344373e","3-453bffabbe390fe9b4f8769034a2dd9d","1170809","","Kohgiluyeh va Boyer Ahmad","","","","","","","","","","","","",,"","","","",,30.2752,51.12507,
"","365a4a632d1fb65f22fb9b4823443536","5-088fd111d271ea0542b5ebbb02b49b3d","1170810","","Kohgiluyeh va Boyer Ahmad","","","","","","","","","","","Zēr Kal","Fatemeh Purvatan and Mansour Bozorgmehr, field notes 2024",130,"","","","Tayyebi 95%; Standard type Persian 5%","Fatemeh Vatanpur, Sirus Faramarzi and Mansour Bozorgmehr, field notes 2024",31.086,50.543,
"","365a4a632d1fb65f22fb9b4823443185","5-ea9f526b7b9e2eb0f813fbc30af17b8d","1170811","","Kohgiluyeh va Boyer Ahmad","","","","","","","","","","","Sar Dasht-e Abdorrezā","Fatemeh Purvatan and Mansour Bozorgmehr, field notes 2024",,"","","","Tayyebi 95%; Standard type Persian 5%","Fatemeh Vatanpur, Sirus Faramarzi and Mansour Bozorgmehr, field notes 2024",31.07551,50.50926,
"","365a4a632d1fb65f22fb9b4823442ca3","3-2f497e8eeea2785bacdde1d715d9314e","1170812","","Kohgiluyeh va Boyer Ahmad","","","","","","","","","","","","",,"","","","",,31.09102,50.53214,
"","365a4a632d1fb65f22fb9b4823442875","5-79a6e74a546552cb7e5af22ff24dbc3a","1170813","","Kohgiluyeh va Boyer Ahmad","","","","","","","","","","","Qāshkamari","Fatemeh Purvatan and Mansour Bozorgmehr, field notes 2024",21,"","","","Tayyebi 95%; Standard type Persian 5%","Fatemeh Vatanpur, Sirus Faramarzi and Mansour Bozorgmehr, field notes 2024",31.059,50.524,
"","365a4a632d1fb65f22fb9b4823442074","3-40ba984df2ff54aa207033bb3c97d344","1170814","","Kohgiluyeh va Boyer Ahmad","","","","","","","","","","","","",,"","","","",,31.07703,50.54201,
"","365a4a632d1fb65f22fb9b4823449e90","3-6544170acf726fd294f1f951adbba1c5","1170815","","Kohgiluyeh va Boyer Ahmad","","","","","","","","","","","","",,"","","","",,31.04855,50.52665,
"","365a4a632d1fb65f22fb9b4823449c33","3-0763fde05a6ee4d7b0d566fb074ab369","1170816","","Kohgiluyeh va Boyer Ahmad","","","","","","","","","","","","",,"","","","",,31.06325,50.52936,
"","365a4a632d1fb65f22fb9b48234490d6","3-b7943ae5c3931aa53db60262f47c24d1","1170817","","Kohgiluyeh va Boyer Ahmad","","","","","","","","","","","","",,"","","","",,31.10467,50.52668,
"","365a4a632d1fb65f22fb9b4823448a34","5-e23196c9669101f3aab4b88ec7412179","1170818","","Kohgiluyeh va Boyer Ahmad","","","","","","","","","","","Nokhokāl","Fatemeh Purvatan and Mansour Bozorgmehr, field notes 2024",8,"","","","Tayyebi 95%; Standard type Persian 5%","Fatemeh Vatanpur, Sirus Faramarzi and Mansour Bozorgmehr, field notes 2024",31.076,50.531,
"","365a4a632d1fb65f22fb9b4823447aae","3-ef14ce2a35219ddfb87d0ebbf277f260","1170819","","Kohgiluyeh va Boyer Ahmad","","","","","","","","","","","","",,"","","","",,31.07619,50.53454,
"","365a4a632d1fb65f22fb9b482344780f","5-5c62f0f224df18cec849ecd87d092659","1170820","","Kohgiluyeh va Boyer Ahmad","","","","","","","","","","","Pā Tāve Nādzak","Fatemeh Purvatan and Mansour Bozorgmehr, field notes 2024",65,"","","","Tayyebi 95%; Standard type Persian 5%","Fatemeh Vatanpur, Sirus Faramarzi and Mansour Bozorgmehr, field notes 2024",31.098,50.515,
"","365a4a632d1fb65f22fb9b482344762f","5-f3f29b18d9546d8d21bd6fb136a16818","1170821","","Kohgiluyeh va Boyer Ahmad","","","","","","","","","","","Dzāverda","Fatemeh Purvatan and Mansour Bozorgmehr, field notes 2024",1276,"","","","Tayyebi 95%; Standard type Persian 5%","Fatemeh Vatanpur, Sirus Faramarzi and Mansour Bozorgmehr, field notes 2024",31.123,50.505,
"","365a4a632d1fb65f22fb9b4823446cdf","5-4bee7fc5b078beeadc2b7ef8875a94e6","1170822","","Kohgiluyeh va Boyer Ahmad","","","","","","","","","","","Algen","Fatemeh Purvatan and Mansour Bozorgmehr, field notes 2024",310,"","","","Tayyebi 95%; Standard type Persian 5%","Fatemeh Vatanpur, Sirus Faramarzi and Mansour Bozorgmehr, field notes 2024",31.13,50.472,
"","365a4a632d1fb65f22fb9b4823446612","3-bb96292e123677d5047348923dbe5b24","1170823","","Kohgiluyeh va Boyer Ahmad","","","","","","","","","","","","",,"","","","",,31.08686,50.48991,
"","365a4a632d1fb65f22fb9b482344614c","5-d0b241ebd61d05ccef9caa2f10d31c2c","1170824","","Kohgiluyeh va Boyer Ahmad","","","","","","","","","","","Pā Tāve Tsārusā","Fatemeh Purvatan and Mansour Bozorgmehr, field notes 2024",209,"","","","Tayyebi 95%; Standard type Persian 5%","Fatemeh Vatanpur, Sirus Faramarzi and Mansour Bozorgmehr, field notes 2024",31.149,50.486,
"","365a4a632d1fb65f22fb9b482344f300","5-cd8f2600a86e00a632145e6d8f8ab918","1170825","","Kohgiluyeh va Boyer Ahmad","","","","","","","","","","","Put Ow","Fatemeh Purvatan and Mansour Bozorgmehr, field notes 2024",,"","","","Tayyebi 95%; Standard type Persian 5%","Fatemeh Vatanpur, Sirus Faramarzi and Mansour Bozorgmehr, field notes 2024",31.15719,50.47925,
"","365a4a632d1fb65f22fb9b482344f02b","5-0b15680a6f771ccb19c4b912695388f3","1170826","","Kohgiluyeh va Boyer Ahmad","","","","","","","","","","","Pir Safid","Fatemeh Purvatan and Mansour Bozorgmehr, field notes 2024",27,"","","","Tayyebi 95%; Standard type Persian 5%","Fatemeh Vatanpur, Sirus Faramarzi and Mansour Bozorgmehr, field notes 2024",31.151,50.469,
"","365a4a632d1fb65f22fb9b482344e516","5-124526186f011461ceb4e5c58b02d1db","1170827","","Kohgiluyeh va Boyer Ahmad","","","","","","","","","","","Dārberi","Fatemeh Purvatan and Mansour Bozorgmehr, field notes 2024",,"","","","Tayyebi 95%; Standard type Persian 5%","Fatemeh Vatanpur, Sirus Faramarzi and Mansour Bozorgmehr, field notes 2024",31.14312,50.46606,
"","365a4a632d1fb65f22fb9b482344df35","5-370659499f9c176a0129efd1bbeb984a","1170828","","Kohgiluyeh va Boyer Ahmad","","","","","","","","","","","Dasht Āzādi Dzāverda","Fatemeh Purvatan and Mansour Bozorgmehr, field notes 2024",841,"","","","Tayyebi 95%; Standard type Persian 5%","Fatemeh Vatanpur, Sirus Faramarzi and Mansour Bozorgmehr, field notes 2024",31.134,50.501,
"","365a4a632d1fb65f22fb9b482344d139","5-f3fae2a15c31bd3eb46d137a892fbd46","1170829","","Kohgiluyeh va Boyer Ahmad","","","","","","","","","","","Sabur Gapu","Fatemeh Purvatan and Mansour Bozorgmehr, field notes 2024",68,"","","","Tayyebi 95%; Standard type Persian 5%","Fatemeh Vatanpur, Sirus Faramarzi and Mansour Bozorgmehr, field notes 2024",31.137,50.481,
"","365a4a632d1fb65f22fb9b482344cbca","3-8fac0de429c04c6e342f88834a1b00a0","1170830","","Kohgiluyeh va Boyer Ahmad","","","","","","","","","","","","",,"","","","",,31.14652,50.47563,
"","365a4a632d1fb65f22fb9b482344bf35","5-34d2aaa6de81f86ed7c70c9119b412a2","1170831","","Kohgiluyeh va Boyer Ahmad","","","","","","","","","","","Mēn Dare Algen","Fatemeh Purvatan and Mansour Bozorgmehr, field notes 2024",27,"","","","Tayyebi 95%; Standard type Persian 5%","Fatemeh Vatanpur, Sirus Faramarzi and Mansour Bozorgmehr, field notes 2024",31.131,50.482,
"","365a4a632d1fb65f22fb9b482344b1a3","5-37306f7fdf662a0185966ce669f262dc","1170832","","Kohgiluyeh va Boyer Ahmad","","","","","","","","","","","Murd-e Say Gombeli","Fatemeh Purvatan and Mansour Bozorgmehr, field notes 2024",20,"","","","Tayyebi 95%; Standard type Persian 5%","Fatemeh Vatanpur, Sirus Faramarzi and Mansour Bozorgmehr, field notes 2024",31.138,50.492,
"","365a4a632d1fb65f22fb9b482344a336","5-3212357107a5d8e0365ec7d77dcdf451","1170833","","Kohgiluyeh va Boyer Ahmad","","","","","","","","","","","Sar Tsāt","Fatemeh Purvatan and Mansour Bozorgmehr, field notes 2024",16,"","","","Tayyebi 95%; Standard type Persian 5%","Fatemeh Vatanpur, Sirus Faramarzi and Mansour Bozorgmehr, field notes 2024",31.129,50.49,
"","365a4a632d1fb65f22fb9b482344a1fa","5-6ffe59467e09fe3dc1bd60334edbda92","1170834","","Kohgiluyeh va Boyer Ahmad","","","","","","","","","","","Ow Ti-ye Mahtow","Fatemeh Purvatan and Mansour Bozorgmehr, field notes 2024",,"","","","Tayyebi 95%; Standard type Persian 5%","Fatemeh Vatanpur, Sirus Faramarzi and Mansour Bozorgmehr, field notes 2024",31.19486,50.63463,
"","365a4a632d1fb65f22fb9b48234541b8","3-d6813eb169ff69795159365fd1e2f660","1170835","","Kohgiluyeh va Boyer Ahmad","","","","","","","","","","","","",,"","","","",,31.20339,50.61428,
"","365a4a632d1fb65f22fb9b4823453832","5-20d3495f596ecd5c0b4187100be48aaf","1170836","","Kohgiluyeh va Boyer Ahmad","","","","","","","","","","","Owvela","Fatemeh Purvatan and Mansour Bozorgmehr, field notes 2024",236,"","","","Tayyebi 95%; Standard type Persian 5%","Fatemeh Vatanpur, Sirus Faramarzi and Mansour Bozorgmehr, field notes 2024",31.192,50.545,
"","365a4a632d1fb65f22fb9b4823452ff2","5-d68b30b25f66fcb9fd61f298118e7c67","1170837","","Kohgiluyeh va Boyer Ahmad","","","","","","","","","","","Āyna Bāzār-e Mahtow","Fatemeh Purvatan and Mansour Bozorgmehr, field notes 2024",31,"","","","Tayyebi 95%; Standard type Persian 5%","Fatemeh Vatanpur, Sirus Faramarzi and Mansour Bozorgmehr, field notes 2024",31.21,50.622,
"","365a4a632d1fb65f22fb9b4823452d62","3-478bd72e0a0af1d70340b5dd3bdaf081","1170838","","Kohgiluyeh va Boyer Ahmad","","","","","","","","","","","","",,"","","","",,31.16304,50.58172,
"","365a4a632d1fb65f22fb9b4823452418","5-e2f5ec99f4e9342df4de4cf9f0645ef8","1170839","","Kohgiluyeh va Boyer Ahmad","","","","","","","","","","","Bā Dara","Fatemeh Purvatan and Mansour Bozorgmehr, field notes 2024",85,"","","","Tayyebi 95%; Standard type Persian 5%","Fatemeh Vatanpur, Sirus Faramarzi and Mansour Bozorgmehr, field notes 2024",31.18,50.589,
"","365a4a632d1fb65f22fb9b4823451893","5-438999913d7d7e78a849d1d6bfad445e","1170840","","Kohgiluyeh va Boyer Ahmad","","","","","","","","","","","Bemuni Dam Tang-e Divan-e Mahtow","Fatemeh Purvatan and Mansour Bozorgmehr, field notes 2024",36,"","","","Tayyebi 95%; Standard type Persian 5%","Fatemeh Vatanpur, Sirus Faramarzi and Mansour Bozorgmehr, field notes 2024",31.208,50.636,
"","365a4a632d1fb65f22fb9b48234510ba","5-f0507292189172ff57a11614cd64c3fd","1170841","","Kohgiluyeh va Boyer Ahmad","","","","","","","","","","","Tang-e Mehlow-e Mahtow","Fatemeh Purvatan and Mansour Bozorgmehr, field notes 2024",23,"","","","Tayyebi 95%; Standard type Persian 5%","Fatemeh Vatanpur, Sirus Faramarzi and Mansour Bozorgmehr, field notes 2024",31.17,50.671,
"","365a4a632d1fb65f22fb9b4823450ae7","3-644532330f2b5b720ae5fc559f71400a","1170842","","Kohgiluyeh va Boyer Ahmad","","","","","","","","","","","","",,"","","","",,31.21547,50.62625,
"","365a4a632d1fb65f22fb9b4823450301","3-06e19366b72ebf9e50209810a5ad922f","1170843","","Kohgiluyeh va Boyer Ahmad","","","","","","","","","","","","",,"","","","",,31.18854,50.63917,
"","365a4a632d1fb65f22fb9b482344fd97","5-d9757cdbae6b1419755d53e76ec7d675","1170844","","Kohgiluyeh va Boyer Ahmad","","","","","","","","","","","Dam-e Tang-e Nahleshkanun-e Mahtow","Fatemeh Purvatan and Mansour Bozorgmehr, field notes 2024",14,"","","","Tayyebi 95%; Standard type Persian 5%","Fatemeh Vatanpur, Sirus Faramarzi and Mansour Bozorgmehr, field notes 2024",31.222,50.622,
"","365a4a632d1fb65f22fb9b48234584a9","3-8caf8e426e3449f639581c3ba062e1fc","1170845","","Kohgiluyeh va Boyer Ahmad","","","","","","","","","","","","",,"","","","",,31.1693,50.5762,
"","365a4a632d1fb65f22fb9b4823457cb5","3-b837fa92380f9988ecfda306098cc707","1170846","","Kohgiluyeh va Boyer Ahmad","","","","","","","","","","","","",,"","","","",,31.17789,50.67124,
"","365a4a632d1fb65f22fb9b48234572cd","3-71032e38e694e79a6d64711e2484dc5d","1170847","","Kohgiluyeh va Boyer Ahmad","","","","","","","","","","","","",,"","","","",,31.17225,50.5789,
"","365a4a632d1fb65f22fb9b4823456720","3-b4bc7dd1d363d8c97d070aac8ba9711c","1170848","","Kohgiluyeh va Boyer Ahmad","","","","","","","","","","","","",,"","","","",,31.17869,50.60004,
"","365a4a632d1fb65f22fb9b482345661d","5-27cd39b40dc2bd18c0d88c32a02de7d9","1170849","","Kohgiluyeh va Boyer Ahmad","","","","","","","","","","","Sar Gar-e Koh Pamba","Fatemeh Purvatan and Mansour Bozorgmehr, field notes 2024",,"","","","Tayyebi 95%; Standard type Persian 5%","Fatemeh Vatanpur, Sirus Faramarzi and Mansour Bozorgmehr, field notes 2024",31.16019,50.56889,
"","365a4a632d1fb65f22fb9b48234564e3","5-42154d24229afbc152a4a4a0f738dfd8","1170850","","Kohgiluyeh va Boyer Ahmad","","","","","","","","","","","Sohr Murd","Fatemeh Purvatan and Mansour Bozorgmehr, field notes 2024",32,"","","","Tayyebi 95%; Standard type Persian 5%","Fatemeh Vatanpur, Sirus Faramarzi and Mansour Bozorgmehr, field notes 2024",31.17,50.567,
"","365a4a632d1fb65f22fb9b4823455860","3-5ffde1ced635babca7882298471cf10a","1170851","","Kohgiluyeh va Boyer Ahmad","","","","","","","","","","","","",,"","","","",,31.19108,50.57861,
"","365a4a632d1fb65f22fb9b48234557bc","3-d99ce100fc6f870dbfd70dcc09886e91","1170852","","Kohgiluyeh va Boyer Ahmad","","","","","","","","","","","","",,"","","","",,31.19495,50.58212,
"","365a4a632d1fb65f22fb9b48234552b8","3-e508893b0d099f21a02f333bca6d11a9","1170853","","Kohgiluyeh va Boyer Ahmad","","","","","","","","","","","","",,"","","","",,31.18963,50.58579,
"","365a4a632d1fb65f22fb9b4823454ec6","3-11e79534f5763f067b335398bfd89ee2","1170854","","Kohgiluyeh va Boyer Ahmad","","","","","","","","","","","","",,"","","","",,31.17181,50.59995,
"","365a4a632d1fb65f22fb9b482345ca4b","5-a3c64b5580b8bed0a69863e78787b2f3","1170855","","Kohgiluyeh va Boyer Ahmad","","","","","","","","","","","Kamar Du","Fatemeh Purvatan and Mansour Bozorgmehr, field notes 2024",207,"","","","Tayyebi 95%; Standard type Persian 5%","Fatemeh Vatanpur, Sirus Faramarzi and Mansour Bozorgmehr, field notes 2024",31.175,50.551,
"","365a4a632d1fb65f22fb9b482345c817","5-a879a49ef4be603857c092ec701d847f","1170856","","Kohgiluyeh va Boyer Ahmad","","","","","","","","","","","Kōn Mesi","Fatemeh Purvatan and Mansour Bozorgmehr, field notes 2024",24,"","","","Tayyebi 95%; Standard type Persian 5%","Fatemeh Vatanpur, Sirus Faramarzi and Mansour Bozorgmehr, field notes 2024",31.164,50.543,
"","365a4a632d1fb65f22fb9b482345c3bc","5-8c32c5f66c68780784edf9b52c5f2f2c","1170857","","Kohgiluyeh va Boyer Ahmad","","","","","","","","","","","Lirkōri","Fatemeh Purvatan and Mansour Bozorgmehr, field notes 2024",,"","","","Tayyebi 95%; Standard type Persian 5%","Fatemeh Vatanpur, Sirus Faramarzi and Mansour Bozorgmehr, field notes 2024",31.18277,50.58303,
"","365a4a632d1fb65f22fb9b482345be0c","3-e2be912f1840b0bf3b4a18e4a2f747fc","1170858","","Kohgiluyeh va Boyer Ahmad","","","","","","","","","","","","",,"","","","",,31.18379,50.59531,
"","365a4a632d1fb65f22fb9b482345bc4b","3-835eddc186dc662aaaebfafcd9845016","1170859","","Kohgiluyeh va Boyer Ahmad","","","","","","","","","","","","",,"","","","",,31.185,50.58946,
"","365a4a632d1fb65f22fb9b482345b347","5-08b7e0c39ad56bf27e9dfe708541e31f","1170860","","Kohgiluyeh va Boyer Ahmad","","","","","","","","","","","Mah Talā Dam Tang-e Divan-e Mahtow","Fatemeh Purvatan and Mansour Bozorgmehr, field notes 2024",39,"","","","Tayyebi 95%; Standard type Persian 5%","Fatemeh Vatanpur, Sirus Faramarzi and Mansour Bozorgmehr, field notes 2024",31.213,50.631,
"","365a4a632d1fb65f22fb9b482345a881","3-afe88c65460742de992010b073cf3133","1170861","","Kohgiluyeh va Boyer Ahmad","","","","","","","","","","","","",,"","","","",,31.16076,50.55744,
"","365a4a632d1fb65f22fb9b482345a659","5-6eaa178315572445fd8988796a2547fb","1170862","","Kohgiluyeh va Boyer Ahmad","","","","","","","","","","","Tahledun-e Mahtow","Fatemeh Purvatan and Mansour Bozorgmehr, field notes 2024",,"","","","Tayyebi 95%; Standard type Persian 5%","Fatemeh Vatanpur, Sirus Faramarzi and Mansour Bozorgmehr, field notes 2024",31.17262,50.6717,
"","365a4a632d1fb65f22fb9b4823459ae7","5-71d310cd601709c981a5885c0c32d59a","1170863","","Kohgiluyeh va Boyer Ahmad","","","","","","","","","","","Owriz-e Haf Tseshme-y Mahtow","Fatemeh Purvatan and Mansour Bozorgmehr, field notes 2024",18,"","","","Tayyebi 95%; Standard type Persian 5%","Fatemeh Vatanpur, Sirus Faramarzi and Mansour Bozorgmehr, field notes 2024",31.201,50.643,
"","365a4a632d1fb65f22fb9b48234593d2","3-66e493eaf01d2b4b073cfebbac87e8bf","1170864","","Kohgiluyeh va Boyer Ahmad","","","","","","","","","","","","",,"","","","",,31.25821,50.56795,
"","365a4a632d1fb65f22fb9b4823462936","5-38762d0c60c053b649dfa75135346f99","1170865","","Kohgiluyeh va Boyer Ahmad","","","","","","","","","","","Ow Zahli Tā Rezāyi","Fatemeh Purvatan and Mansour Bozorgmehr, field notes 2024",,"","","","Tayyebi 95%; Standard type Persian 5%","Fatemeh Vatanpur, Sirus Faramarzi and Mansour Bozorgmehr, field notes 2024",31.17867,50.66273,
"","365a4a632d1fb65f22fb9b48234621ef","3-b5d87571c989d6701f2898b0b1de4e65","1170866","","Kohgiluyeh va Boyer Ahmad","","","","","","","","","","","","",,"","","","",,31.15984,50.69828,
"","365a4a632d1fb65f22fb9b4823461685","3-9272305dfc34f1826561c1b3601540f9","1170867","","Kohgiluyeh va Boyer Ahmad","","","","","","","","","","","","",,"","","","",,31.16505,50.70449,
"","365a4a632d1fb65f22fb9b4823460a76","3-d88ea074b049e7f7ecd6aaae14aa8ba6","1170868","","Kohgiluyeh va Boyer Ahmad","","","","","","","","","","","","",,"","","","",,31.19301,50.66419,
"","365a4a632d1fb65f22fb9b4823460279","3-6ffe0ec16d286fcfc1d1d884841f10d1","1170869","","Kohgiluyeh va Boyer Ahmad","","","","","","","","","","","","",,"","","","",,31.19514,50.65837,
"","365a4a632d1fb65f22fb9b482345fba6","3-3d1083063632d787341420631b1ea643","1170870","","Kohgiluyeh va Boyer Ahmad","","","","","","","","","","","","",,"","","","",,31.2002,50.65712,
"","365a4a632d1fb65f22fb9b482345ec7c","3-8eca02141836a65722ca3d0ccdeba535","1170871","","Kohgiluyeh va Boyer Ahmad","","","","","","","","","","","","",,"","","","",,31.19937,50.64188,
"","365a4a632d1fb65f22fb9b482345e161","3-9520b1cf73e076b3426a3719aad6dab8","1170872","","Kohgiluyeh va Boyer Ahmad","","","","","","","","","","","","",,"","","","",,31.20233,50.65076,
"","365a4a632d1fb65f22fb9b482345d623","3-6762dc05853dc08bd528f3e42296c510","1170873","","Kohgiluyeh va Boyer Ahmad","","","","","","","","","","","","",,"","","","",,31.23485,50.63342,
"","365a4a632d1fb65f22fb9b482345cf98","3-b75e26f918a6b3dcffd5af85ad5d969a","1170874","","Kohgiluyeh va Boyer Ahmad","","","","","","","","","","","","",,"","","","",,31.24902,50.61578,
"","365a4a632d1fb65f22fb9b48234675cc","3-61c71fae312bbfdebd84b75e271b6713","1170875","","Kohgiluyeh va Boyer Ahmad","","","","","","","","","","","","",,"","","","",,31.24593,50.60374,
"","365a4a632d1fb65f22fb9b4823466a78","3-7065665d33de42f3d675a71ffe7441d4","1170876","","Kohgiluyeh va Boyer Ahmad","","","","","","","","","","","","",,"","","","",,31.25732,50.61191,
"","365a4a632d1fb65f22fb9b4823465c57","3-d10b2092312b5b12b0804d275bde33d3","1170877","","Kohgiluyeh va Boyer Ahmad","","","","","","","","","","","","",,"","","","",,31.26201,50.60186,
"","365a4a632d1fb65f22fb9b482372ad9d","2-f2d37cca5e44aabf25ac603ec8c9edd4","1170878","","Kohgiluyeh va Boyer Ahmad","","","","","","","","","","","","",7449,"","","","",,,,
"","365a4a632d1fb65f22fb9b4823465aeb","5-d596404d2026c0f19dc2aea6a7580726","1170879","","Kohgiluyeh va Boyer Ahmad","","","","","","","","","","","Ow Bāgh-e Benāri","Fatemeh Purvatan and Mansour Bozorgmehr, field notes 2024",,"","","","Tayyebi 95%; Standard type Persian 5%","Fatemeh Vatanpur, Sirus Faramarzi and Mansour Bozorgmehr, field notes 2024",31.31377,50.49861,
"","365a4a632d1fb65f22fb9b4823464f3a","5-0b6775b4d2a9568d17500b0d4b4614a6","1170880","","Kohgiluyeh va Boyer Ahmad","","","","","","","","","","","Ow Bali Benāri","Fatemeh Purvatan and Mansour Bozorgmehr, field notes 2024",,"","","","Tayyebi 95%; Standard type Persian 5%","Fatemeh Vatanpur, Sirus Faramarzi and Mansour Bozorgmehr, field notes 2024",31.31184,50.51627,
"","365a4a632d1fb65f22fb9b4823464e30","5-ae887a0b33209fcfed81981dcd77f549","1170881","","Kohgiluyeh va Boyer Ahmad","","","","","","","","","","","Benāri","Fatemeh Purvatan and Mansour Bozorgmehr, field notes 2024",183,"","","","Tayyebi 95%; Standard type Persian 5%","Fatemeh Vatanpur, Sirus Faramarzi and Mansour Bozorgmehr, field notes 2024",31.338,50.467,
"","365a4a632d1fb65f22fb9b4823464b30","5-d05e0e5977d9ec10e93d68ba59792fef","1170882","","Kohgiluyeh va Boyer Ahmad","","","","","","","","","","","Benāri Fathi","Fatemeh Purvatan and Mansour Bozorgmehr, field notes 2024",35,"","","","Tayyebi 95%; Standard type Persian 5%","Fatemeh Vatanpur, Sirus Faramarzi and Mansour Bozorgmehr, field notes 2024",31.335,50.473,
"","365a4a632d1fb65f22fb9b48234644af","5-7c501938064b22255f3f53394f85f2ee","1170883","","Kohgiluyeh va Boyer Ahmad","","","","","","","","","","","Shahrekhi Benāri Fathi","Fatemeh Purvatan and Mansour Bozorgmehr, field notes 2024",21,"","","","Tayyebi 95%; Standard type Persian 5%","Fatemeh Vatanpur, Sirus Faramarzi and Mansour Bozorgmehr, field notes 2024",31.331,50.492,
"","365a4a632d1fb65f22fb9b4823463596","3-c28abdb65918345c982ecefcaf035a52","1170884","","Kohgiluyeh va Boyer Ahmad","","","","","","","","","","","","",,"","","","",,31.32847,50.51299,
"","365a4a632d1fb65f22fb9b4823462deb","3-143a8f5444b2b23a9fb66ac956a3587f","1170885","","Kohgiluyeh va Boyer Ahmad","","","","","","","","","","","","",,"","","","",,31.22766,50.79355,
"","365a4a632d1fb65f22fb9b482346d13f","3-d20fb6e55c7586d71b896eb85dfd9234","1170886","","Kohgiluyeh va Boyer Ahmad","","","","","","","","","","","","",,"","","","",,31.33863,50.5062,
"","365a4a632d1fb65f22fb9b482346cca7","3-024d8ceb82907e7589642af2ae9388a5","1170887","","Kohgiluyeh va Boyer Ahmad","","","","","","","","","","","","",,"","","","",,31.34152,50.51531,
"","365a4a632d1fb65f22fb9b482346c23a","3-a952911b0711ffc075bdb27770ede009","1170888","","Kohgiluyeh va Boyer Ahmad","","","","","","","","","","","","",,"","","","",,31.30538,50.52946,
"","365a4a632d1fb65f22fb9b482346bad5","5-6661dd366304428e7802f3503973f2d8","1170889","","Kohgiluyeh va Boyer Ahmad","","","","","","","","","","","Murd-e Sey Gombeli","Fatemeh Purvatan and Mansour Bozorgmehr, field notes 2024",,"","","","Tayyebi 95%; Standard type Persian 5%","Fatemeh Vatanpur, Sirus Faramarzi and Mansour Bozorgmehr, field notes 2024",31.23975,50.45694,
"","365a4a632d1fb65f22fb9b482346ab51","5-9115889a677dc3df7ffb6c4fb9f92ed8","1170890","","Kohgiluyeh va Boyer Ahmad","","","","","","","","","","","Andzira","Fatemeh Purvatan and Mansour Bozorgmehr, field notes 2024",218,"","","","Tayyebi 95%; Standard type Persian 5%","Fatemeh Vatanpur, Sirus Faramarzi and Mansour Bozorgmehr, field notes 2024",31.255,50.465,
"","365a4a632d1fb65f22fb9b4823469fa9","5-34ebb333648fa3426869b7136f744ec7","1170891","","Kohgiluyeh va Boyer Ahmad","","","","","","","","","","","Bardrāsun-e Soflā","Fatemeh Purvatan and Mansour Bozorgmehr, field notes 2024",26,"","","","Tayyebi 95%; Standard type Persian 5%","Fatemeh Vatanpur, Sirus Faramarzi and Mansour Bozorgmehr, field notes 2024",31.241,50.467,
"","365a4a632d1fb65f22fb9b4823469b3a","5-cbc6b974349860dc9e6442a0081e1e70","1170892","","Kohgiluyeh va Boyer Ahmad","","","","","","","","","","","Bardrāsun-e Olyā","Fatemeh Purvatan and Mansour Bozorgmehr, field notes 2024",,"","","","Tayyebi 95%; Standard type Persian 5%","Fatemeh Vatanpur, Sirus Faramarzi and Mansour Bozorgmehr, field notes 2024",31.24171,50.4636,
"","365a4a632d1fb65f22fb9b4823469336","5-50891ed7e71177b69a0613dbabb792b8","1170893","","Kohgiluyeh va Boyer Ahmad","","","","","","","","","","","Bon Tuf Mahmid Bi Seytun, Bon Tuf Mahmid-e Bi Seytun","Fatemeh Purvatan and Mansour Bozorgmehr, field notes 2024",37,"","","","Tayyebi 95%; Standard type Persian 5%","Fatemeh Vatanpur, Sirus Faramarzi and Mansour Bozorgmehr, field notes 2024",31.169,50.535,
"","365a4a632d1fb65f22fb9b4823468e8a","5-0cb2e16c77560dfcf3be4d71c60d4ae0","1170894","","Kohgiluyeh va Boyer Ahmad","","","","","","","","","","","Bi Seytun","Fatemeh Purvatan and Mansour Bozorgmehr, field notes 2024",112,"","","","Tayyebi 95%; Standard type Persian 5%","Fatemeh Vatanpur, Sirus Faramarzi and Mansour Bozorgmehr, field notes 2024",31.176,50.533,
"","365a4a632d1fb65f22fb9b4823468519","5-0bdc68c6998006bd1dd6c92bc9f9a23e","1170895","","Kohgiluyeh va Boyer Ahmad","","","","","","","","","","","Pas Resh","Fatemeh Purvatan and Mansour Bozorgmehr, field notes 2024",708,"","","","Bahmei 95%; Standard type Persian 5%","Fatemeh Vatanpur, Sirus Faramarzi and Mansour Bozorgmehr, field notes 2024",31.24,50.478,
"","365a4a632d1fb65f22fb9b4823470ed9","5-d6e4e405142966c2c76c97775497f6b4","1170896","","Kohgiluyeh va Boyer Ahmad","","","","","","","","","","","Dār Gondzi","Fatemeh Purvatan and Mansour Bozorgmehr, field notes 2024",159,"","","","Tayyebi 95%; Standard type Persian 5%","Fatemeh Vatanpur, Sirus Faramarzi and Mansour Bozorgmehr, field notes 2024",31.239,50.506,
"","365a4a632d1fb65f22fb9b4823470eb3","5-b125c317b5a95ea15c02a54258e4d38d","1170897","","Kohgiluyeh va Boyer Ahmad","","","","","","","","","","","Dara Tang Ti","Fatemeh Purvatan and Mansour Bozorgmehr, field notes 2024",103,"","","","Tayyebi 95%; Standard type Persian 5%","Fatemeh Vatanpur, Sirus Faramarzi and Mansour Bozorgmehr, field notes 2024",31.212,50.524,
"","365a4a632d1fb65f22fb9b4823470791","5-e71fa2ef24f105c57b96d3924a884f67","1170898","","Kohgiluyeh va Boyer Ahmad","","","","","","","","","","","Dara Sura","Fatemeh Purvatan and Mansour Bozorgmehr, field notes 2024",76,"","","","Tayyebi 95%; Standard type Persian 5%","Fatemeh Vatanpur, Sirus Faramarzi and Mansour Bozorgmehr, field notes 2024",31.221,50.491,
"","365a4a632d1fb65f22fb9b482346ff3a","5-b48fe78886b35691b27ebaaabf5071ad","1170899","","Kohgiluyeh va Boyer Ahmad","","","","","","","","","","","Dulow-e Shiri","Fatemeh Purvatan and Mansour Bozorgmehr, field notes 2024",49,"","","","Tayyebi 95%; Standard type Persian 5%","Fatemeh Vatanpur, Sirus Faramarzi and Mansour Bozorgmehr, field notes 2024",31.219,50.484,
"","365a4a632d1fb65f22fb9b482346f523","5-56d1085907c0aa8d05918a6af41f074c","1170900","","Kohgiluyeh va Boyer Ahmad","","","","","","","","","","","Deh Emāmzāda Bi Seytun","Fatemeh Purvatan and Mansour Bozorgmehr, field notes 2024",287,"","","","Tayyebi 95%; Standard type Persian 5%","Fatemeh Vatanpur, Sirus Faramarzi and Mansour Bozorgmehr, field notes 2024",31.189,50.52,
"","365a4a632d1fb65f22fb9b482346eecf","5-874f43c695ade63d870276e4ac437f27","1170901","","Kohgiluyeh va Boyer Ahmad","","","","","","","","","","","Rutsek","Fatemeh Purvatan and Mansour Bozorgmehr, field notes 2024",34,"","","","Tayyebi 95%; Standard type Persian 5%","Fatemeh Vatanpur, Sirus Faramarzi and Mansour Bozorgmehr, field notes 2024",31.258,50.482,
"","365a4a632d1fb65f22fb9b482346e27a","3-a2f983bef38bbf17626c9c8d57dba7b0","1170902","","Kohgiluyeh va Boyer Ahmad","","","","","","","","","","","","",,"","","","",,31.24488,50.52405,
"","365a4a632d1fb65f22fb9b482346dba3","3-20244d111970d258d8545f5860e60ff5","1170903","","Kohgiluyeh va Boyer Ahmad","","","","","","","","","","","","",,"","","","",,31.26766,50.49752,
"","365a4a632d1fb65f22fb9b482346d8e7","5-b99f24db8c35ca2f6e9fb7bf26f14cdd","1170904","","Kohgiluyeh va Boyer Ahmad","","","","","","","","","","","Sar Resh","Fatemeh Purvatan and Mansour Bozorgmehr, field notes 2024",29,"","","","Tayyebi 95%; Standard type Persian 5%","Fatemeh Vatanpur, Sirus Faramarzi and Mansour Bozorgmehr, field notes 2024",31.225,50.48,
"","365a4a632d1fb65f22fb9b482346d597","5-3b4407faad7470f5399aa583fda69dd6","1170905","","Kohgiluyeh va Boyer Ahmad","","","","","","","","","","","Sar Kōn-e Bi Seytun","Fatemeh Purvatan and Mansour Bozorgmehr, field notes 2024",34,"","","","Tayyebi 95%; Standard type Persian 5%","Fatemeh Vatanpur, Sirus Faramarzi and Mansour Bozorgmehr, field notes 2024",31.179,50.518,
"","365a4a632d1fb65f22fb9b4823475155","5-a0f408f2e2a440f47771f576598fa7ed","1170906","","Kohgiluyeh va Boyer Ahmad","","","","","","","","","","","Gā Pāy Eshkasa","Fatemeh Purvatan and Mansour Bozorgmehr, field notes 2024",23,"","","","Tayyebi 95%; Standard type Persian 5%","Fatemeh Vatanpur, Sirus Faramarzi and Mansour Bozorgmehr, field notes 2024",31.231,50.499,
"","365a4a632d1fb65f22fb9b482347449d","5-75a62c9829d79d79aeb89108c22f5f0b","1170907","","Kohgiluyeh va Boyer Ahmad","","","","","","","","","","","Gandomkāl","Fatemeh Purvatan and Mansour Bozorgmehr, field notes 2024",162,"","","","Tayyebi 95%; Standard type Persian 5%","Fatemeh Vatanpur, Sirus Faramarzi and Mansour Bozorgmehr, field notes 2024",31.223,50.501,
"","365a4a632d1fb65f22fb9b48234741c3","5-52f7a491e9fffd9a2c24307ce49b1b0f","1170908","","Kohgiluyeh va Boyer Ahmad","","","","","","","","","","","Low Kira","Fatemeh Purvatan and Mansour Bozorgmehr, field notes 2024",68,"","","","Tayyebi 95%; Standard type Persian 5%","Fatemeh Vatanpur, Sirus Faramarzi and Mansour Bozorgmehr, field notes 2024",31.232,50.516,
"","365a4a632d1fb65f22fb9b4823473b2b","5-5d756d72a632219d14788c9548297c98","1170909","","Kohgiluyeh va Boyer Ahmad","","","","","","","","","","","Leh Howzi","Fatemeh Purvatan and Mansour Bozorgmehr, field notes 2024",183,"","","","Tayyebi 95%; Standard type Persian 5%","Fatemeh Vatanpur, Sirus Faramarzi and Mansour Bozorgmehr, field notes 2024",31.241,50.484,
"","365a4a632d1fb65f22fb9b482347396b","5-1355bf8a6e89c56b3f2cbb31e3b5dc2c","1170910","","Kohgiluyeh va Boyer Ahmad","","","","","","","","","","","Lisa Dār Gondzi","Fatemeh Purvatan and Mansour Bozorgmehr, field notes 2024",17,"","","","Tayyebi 95%; Standard type Persian 5%","Fatemeh Vatanpur, Sirus Faramarzi and Mansour Bozorgmehr, field notes 2024",31.236,50.504,
"","365a4a632d1fb65f22fb9b4823472a50","5-6d96ca223ff0d6ddc73ebb08a55f211f","1170911","","Kohgiluyeh va Boyer Ahmad","","","","","","","","","","","Ow Tsendār","Fatemeh Purvatan and Mansour Bozorgmehr, field notes 2024",302,"","","","Tayyebi 95%; Standard type Persian 5%","Fatemeh Vatanpur, Sirus Faramarzi and Mansour Bozorgmehr, field notes 2024",31.196,50.495,
"","365a4a632d1fb65f22fb9b48234723ca","5-e2aeb1b60d212e4f9a1380ad0b704c83","1170912","","Kohgiluyeh va Boyer Ahmad","","","","","","","","","","","Ow Dara Mushmi","Fatemeh Purvatan and Mansour Bozorgmehr, field notes 2024",17,"","","","Tayyebi 95%; Standard type Persian 5%","Fatemeh Vatanpur, Sirus Faramarzi and Mansour Bozorgmehr, field notes 2024",31.193,50.484,
"","365a4a632d1fb65f22fb9b4823472266","5-0ebc726bc66554f286e3fdd7d96f5b29","1170913","","Kohgiluyeh va Boyer Ahmad","","","","","","","","","","","Ow Nok","Fatemeh Purvatan and Mansour Bozorgmehr, field notes 2024",104,"","","","Tayyebi 95%; Standard type Persian 5%","Fatemeh Vatanpur, Sirus Faramarzi and Mansour Bozorgmehr, field notes 2024",31.198,50.481,
"","365a4a632d1fb65f22fb9b4823471385","3-50b1f79c122a56242c5888ffcb469c6c","1170914","","Kohgiluyeh va Boyer Ahmad","","","","","","","","","","","","",,"","","","",,31.21083,50.51587,
"","365a4a632d1fb65f22fb9b48234710ee","5-aac9af34836d33fec007f577122faf25","1170915","","Kohgiluyeh va Boyer Ahmad","","","","","","","","","","","Tsal Kela","Fatemeh Purvatan and Mansour Bozorgmehr, field notes 2024",198,"","","","Tayyebi 95%; Standard type Persian 5%","Fatemeh Vatanpur, Sirus Faramarzi and Mansour Bozorgmehr, field notes 2024",31.214,50.496,
"","365a4a632d1fb65f22fb9b482347a0f9","3-4df14ec8fc26274e0d104b6aab4e10f5","1170916","","Kohgiluyeh va Boyer Ahmad","","","","","","","","","","","","",,"","","","",,31.21627,50.47137,
"","365a4a632d1fb65f22fb9b4823479605","5-1736da5a2e90069c8e7bda43b7d6c380","1170917","","Kohgiluyeh va Boyer Ahmad","","","","","","","","","","","Tsal Nesah","Fatemeh Purvatan and Mansour Bozorgmehr, field notes 2024",75,"","","","Tayyebi 95%; Standard type Persian 5%","Fatemeh Vatanpur, Sirus Faramarzi and Mansour Bozorgmehr, field notes 2024",31.203,50.492,
"","365a4a632d1fb65f22fb9b4823478f9f","5-383f5cd1625bbb7a614ca298233058a4","1170918","","Kohgiluyeh va Boyer Ahmad","","","","","","","","","","","Dār Espid-e Mushmi","Fatemeh Purvatan and Mansour Bozorgmehr, field notes 2024",35,"","","","Tayyebi 95%; Standard type Persian 5%","Fatemeh Vatanpur, Sirus Faramarzi and Mansour Bozorgmehr, field notes 2024",31.188,50.487,
"","365a4a632d1fb65f22fb9b48234780e8","5-2fa206422eded1c3710d86dd40f141f1","1170919","","Kohgiluyeh va Boyer Ahmad","","","","","","","","","","","Dālun","Fatemeh Purvatan and Mansour Bozorgmehr, field notes 2024",499,"","","","Tayyebi 95%; Standard type Persian 5%","Fatemeh Vatanpur, Sirus Faramarzi and Mansour Bozorgmehr, field notes 2024",31.203,50.476,
"","365a4a632d1fb65f22fb9b4823477aad","5-4245f25b0990d780fd6853b31f366d7b","1170920","","Kohgiluyeh va Boyer Ahmad","","","","","","","","","","","Dulow Tahl","Fatemeh Purvatan and Mansour Bozorgmehr, field notes 2024",69,"","","","Tayyebi 95%; Standard type Persian 5%","Fatemeh Vatanpur, Sirus Faramarzi and Mansour Bozorgmehr, field notes 2024",31.215,50.478,
"","365a4a632d1fb65f22fb9b4823477971","3-0560b7fbaecd569ae2ef905cb0ff0adc","1170921","","Kohgiluyeh va Boyer Ahmad","","","","","","","","","","","","",,"","","","",,31.18768,50.4968,
"","365a4a632d1fb65f22fb9b48234771ab","5-b38c72f79437d47b91b3d31bdd7fa42e","1170922","","Kohgiluyeh va Boyer Ahmad","","","","","","","","","","","Sartseshme-y Mushmi","Fatemeh Purvatan and Mansour Bozorgmehr, field notes 2024",168,"","","","Tayyebi 95%; Standard type Persian 5%","Fatemeh Vatanpur, Sirus Faramarzi and Mansour Bozorgmehr, field notes 2024",31.18,50.484,
"","365a4a632d1fb65f22fb9b48234763c8","5-bdb70021d90627ce3cdac4154ad93a7b","1170923","","Kohgiluyeh va Boyer Ahmad","","","","","","","","","","","Kal Kelow","Fatemeh Purvatan and Mansour Bozorgmehr, field notes 2024",63,"","","","Tayyebi 95%; Standard type Persian 5%","Fatemeh Vatanpur, Sirus Faramarzi and Mansour Bozorgmehr, field notes 2024",31.168,50.508,
"","365a4a632d1fb65f22fb9b4823475441","5-8b5cf803e2825f517d09c976b46d85d7","1170924","","Kohgiluyeh va Boyer Ahmad","","","","","","","","","","","Kelow-e Soflā","Fatemeh Purvatan and Mansour Bozorgmehr, field notes 2024",61,"","","","Tayyebi 95%; Standard type Persian 5%","Fatemeh Vatanpur, Sirus Faramarzi and Mansour Bozorgmehr, field notes 2024",31.157,50.52,
"","365a4a632d1fb65f22fb9b48234752f7","5-323f236a0b424f1385ff898586ef9d94","1170925","","Kohgiluyeh va Boyer Ahmad","","","","","","","","","","","Kelow-e Ahmad","Fatemeh Purvatan and Mansour Bozorgmehr, field notes 2024",99,"","","","Tayyebi 95%; Standard type Persian 5%","Fatemeh Vatanpur, Sirus Faramarzi and Mansour Bozorgmehr, field notes 2024",31.17,50.501,
"","365a4a632d1fb65f22fb9b48234800c3","5-009267a70f21e66ad71077eac90fcc5a","1170926","","Kohgiluyeh va Boyer Ahmad","","","","","","","","","","","Kelow-e Olyā","Fatemeh Purvatan and Mansour Bozorgmehr, field notes 2024",149,"","","","Tayyebi 95%; Standard type Persian 5%","Fatemeh Vatanpur, Sirus Faramarzi and Mansour Bozorgmehr, field notes 2024",31.162,50.513,
"","365a4a632d1fb65f22fb9b482347f83a","5-8c7907bb5be9a35fdf2754e8709cd8cc","1170927","","Kohgiluyeh va Boyer Ahmad","","","","","","","","","","","Kelow-e Vostā","Fatemeh Purvatan and Mansour Bozorgmehr, field notes 2024",94,"","","","Tayyebi 95%; Standard type Persian 5%","Fatemeh Vatanpur, Sirus Faramarzi and Mansour Bozorgmehr, field notes 2024",31.163,50.517,
"","365a4a632d1fb65f22fb9b482347f1d4","5-1c56d780095426a104b464e855df9fe3","1170928","","Kohgiluyeh va Boyer Ahmad","","","","","","","","","","","Adarag","Fatemeh Purvatan and Mansour Bozorgmehr, field notes 2024",60,"","","","Tayyebi 95%; Standard type Persian 5%","Fatemeh Vatanpur, Sirus Faramarzi and Mansour Bozorgmehr, field notes 2024",31.169,50.406,
"","365a4a632d1fb65f22fb9b482347f0f4","5-ff36ea625826cd09c97774c49d8740c7","1170929","","Kohgiluyeh va Boyer Ahmad","","","","","","","","","","","Almowr","Fatemeh Purvatan and Mansour Bozorgmehr, field notes 2024",246,"","","","Tayyebi 95%; Standard type Persian 5%","Fatemeh Vatanpur, Sirus Faramarzi and Mansour Bozorgmehr, field notes 2024",31.151,50.441,
"","365a4a632d1fb65f22fb9b482347e8ab","3-7354acfbfc702af686ecaf58b9c68526","1170930","","Kohgiluyeh va Boyer Ahmad","","","","","","","","","","","","",,"","","","",,31.19895,50.44351,
"","365a4a632d1fb65f22fb9b482347d970","5-324455c2e539346abdb70fb58b7ad7a5","1170931","","Kohgiluyeh va Boyer Ahmad","","","","","","","","","","","Dzalow","Fatemeh Purvatan and Mansour Bozorgmehr, field notes 2024",268,"","","","Tayyebi 95%; Standard type Persian 5%","Fatemeh Vatanpur, Sirus Faramarzi and Mansour Bozorgmehr, field notes 2024",31.173,50.449,
"","365a4a632d1fb65f22fb9b482347cb96","3-8bfb075e3d9790afdd4187bc4a2f8d27","1170932","","Kohgiluyeh va Boyer Ahmad","","","","","","","","","","","","",,"","","","",,31.15855,50.46508,
"","365a4a632d1fb65f22fb9b482347c229","5-af8fb7c3339164b99b8dfa79bb40d713","1170933","","Kohgiluyeh va Boyer Ahmad","","","","","","","","","","","Heydar Ābād","Fatemeh Purvatan and Mansour Bozorgmehr, field notes 2024",60,"","","","Tayyebi 95%; Standard type Persian 5%","Fatemeh Vatanpur, Sirus Faramarzi and Mansour Bozorgmehr, field notes 2024",31.153,50.43,
"","365a4a632d1fb65f22fb9b482347bbe8","5-c9485cdaea25931b6c65335ac2ad00e6","1170934","","Kohgiluyeh va Boyer Ahmad","","","","","","","","","","","Dara Khādza","Fatemeh Purvatan and Mansour Bozorgmehr, field notes 2024",237,"","","","Tayyebi 95%; Standard type Persian 5%","Fatemeh Vatanpur, Sirus Faramarzi and Mansour Bozorgmehr, field notes 2024",31.229,50.46,
"","365a4a632d1fb65f22fb9b482347ae96","5-7466b1efdd42bf3ebcfa48cdb4cae3cc","1170935","","Kohgiluyeh va Boyer Ahmad","","","","","","","","","","","Dastgerd","Fatemeh Purvatan and Mansour Bozorgmehr, field notes 2024",133,"","","","Tayyebi 95%; Standard type Persian 5%","Fatemeh Vatanpur, Sirus Faramarzi and Mansour Bozorgmehr, field notes 2024",30.832,50.622,
"","365a4a632d1fb65f22fb9b48234873bb","5-02b572d5bbfd8f03b166f665ada2d68d","1170936","","Kohgiluyeh va Boyer Ahmad","","","","","","","","","","","Karakara","Fatemeh Purvatan and Mansour Bozorgmehr, field notes 2024",,"","","","Tayyebi 95%; Standard type Persian 5%","Fatemeh Vatanpur, Sirus Faramarzi and Mansour Bozorgmehr, field notes 2024",31.05259,50.67294,
"","365a4a632d1fb65f22fb9b4823486679","5-26b0afd45277dff3aa78761316a9d652","1170937","","Kohgiluyeh va Boyer Ahmad","","","","","","","","","","","Kal Bāzār","Fatemeh Purvatan and Mansour Bozorgmehr, field notes 2024",89,"","","","Tayyebi 95%; Standard type Persian 5%","Fatemeh Vatanpur, Sirus Faramarzi and Mansour Bozorgmehr, field notes 2024",31.203,50.448,
"","365a4a632d1fb65f22fb9b48234856fd","5-4fc717a703b6e8333265774aecdd00b8","1170938","","Kohgiluyeh va Boyer Ahmad","","","","","","","","","","","Kalāt","Fatemeh Purvatan and Mansour Bozorgmehr, field notes 2024",42,"","","","Tayyebi 95%; Standard type Persian 5%","Fatemeh Vatanpur, Sirus Faramarzi and Mansour Bozorgmehr, field notes 2024",31.215,50.455,
"","365a4a632d1fb65f22fb9b4823484805","5-a5204d3c75cd93b4ff1b82f5056b69dc","1170939","","Kohgiluyeh va Boyer Ahmad","","","","","","","","","","","Kushk","Fatemeh Purvatan and Mansour Bozorgmehr, field notes 2024",60,"","","","Tayyebi 95%; Standard type Persian 5%","Fatemeh Vatanpur, Sirus Faramarzi and Mansour Bozorgmehr, field notes 2024",30.836,50.629,
"","365a4a632d1fb65f22fb9b4823483de4","5-d96dc06157b6331de061c666261e52ba","1170940","","Kohgiluyeh va Boyer Ahmad","","","","","","","","","","","Garow","Fatemeh Purvatan and Mansour Bozorgmehr, field notes 2024",295,"","","","Tayyebi 95%; Standard type Persian 5%","Fatemeh Vatanpur, Sirus Faramarzi and Mansour Bozorgmehr, field notes 2024",31.163,50.443,
"","365a4a632d1fb65f22fb9b4823482f9a","3-e44352dfb61fe76e1f200e7fb5206057","1170941","","Kohgiluyeh va Boyer Ahmad","","","","","","","","","","","","",,"","","","",,31.1952,50.44009,
"","365a4a632d1fb65f22fb9b48234824cb","5-54e78166a147a01363cd7e1882d932a3","1170942","","Kohgiluyeh va Boyer Ahmad","","","","","","","","","","","Gowri","Fatemeh Purvatan and Mansour Bozorgmehr, field notes 2024",14,"","","","Tayyebi 95%; Standard type Persian 5%","Fatemeh Vatanpur, Sirus Faramarzi and Mansour Bozorgmehr, field notes 2024",31.157,50.426,
"","365a4a632d1fb65f22fb9b4823481d42","3-f4b0a94c3b8b911a166d6a7efc01a690","1170943","","Kohgiluyeh va Boyer Ahmad","","","","","","","","","","","","",,"","","","",,31.25362,50.42123,
"","365a4a632d1fb65f22fb9b482348123b","5-5c56c92008c28d263cc846380f2fc048","1170944","","Kohgiluyeh va Boyer Ahmad","","","","","","","","","","","Mehr Ābād","Fatemeh Purvatan and Mansour Bozorgmehr, field notes 2024",13,"","","","Tayyebi 95%; Standard type Persian 5%","Fatemeh Vatanpur, Sirus Faramarzi and Mansour Bozorgmehr, field notes 2024",31.167,50.465,
"","365a4a632d1fb65f22fb9b4823480f6f","5-52c5f4481529536eb8fc2baa7e1b155f","1170945","","Kohgiluyeh va Boyer Ahmad","","","","","","","","","","","Deh Derb-e Mushmi","Fatemeh Purvatan and Mansour Bozorgmehr, field notes 2024",50,"","","","Tayyebi 95%; Standard type Persian 5%","Fatemeh Vatanpur, Sirus Faramarzi and Mansour Bozorgmehr, field notes 2024",31.183,50.478,
"","365a4a632d1fb65f22fb9b482348ddd2","5-7870ee57af7b8ddba144b1f23e114d50","1170946","","Kohgiluyeh va Boyer Ahmad","","","","","","","","","","","Mushmi","Fatemeh Purvatan and Mansour Bozorgmehr, field notes 2024",148,"","","","Tayyebi 95%; Standard type Persian 5%","Fatemeh Vatanpur, Sirus Faramarzi and Mansour Bozorgmehr, field notes 2024",31.185,50.479,
"","365a4a632d1fb65f22fb9b482348d77c","3-f1d69f9eda5a1427b255dafeee961720","1170947","","Kohgiluyeh va Boyer Ahmad","","","","","","","","","","","","",,"","","","",,31.23675,50.39336,
"","365a4a632d1fb65f22fb9b482348d4f8","3-bc40617117a3f532822d6d544a67b5f3","1170948","","Kohgiluyeh va Boyer Ahmad","","","","","","","","","","","","",,"","","","",,31.23708,50.38668,
"","365a4a632d1fb65f22fb9b482348c784","5-c41a264d2ffb9c3bff4f956c10527173","1170949","","Kohgiluyeh va Boyer Ahmad","","","","","","","","","","","Leylun","Fatemeh Purvatan and Mansour Bozorgmehr, field notes 2024",38,"","","","Tayyebi 95%; Standard type Persian 5%","Fatemeh Vatanpur, Sirus Faramarzi and Mansour Bozorgmehr, field notes 2024",31.216,50.407,
"","365a4a632d1fb65f22fb9b482348b9f9","5-476baa729bbecaaece643b3d4b34d405","1170950","","Kohgiluyeh va Boyer Ahmad","","","","","","","","","","","Bar Aftow-e Sefid","Fatemeh Purvatan and Mansour Bozorgmehr, field notes 2024",31,"","","","Tayyebi 95%; Standard type Persian 5%","Fatemeh Vatanpur, Sirus Faramarzi and Mansour Bozorgmehr, field notes 2024",31.21,50.415,
"","365a4a632d1fb65f22fb9b482348ab24","5-fe0653aa515c2a609eeab7c861d3a489","1170951","","Kohgiluyeh va Boyer Ahmad","","","","","","","","","","","Balutsestān-e Shut Āver","Fatemeh Purvatan and Mansour Bozorgmehr, field notes 2024",21,"","","","Tayyebi 95%; Standard type Persian 5%","Fatemeh Vatanpur, Sirus Faramarzi and Mansour Bozorgmehr, field notes 2024",31.184,50.395,
"","365a4a632d1fb65f22fb9b482348a32a","3-e54bc86161b832cf0ce0d3784ccbc353","1170952","","Kohgiluyeh va Boyer Ahmad","","","","","","","","","","","","",,"","","","",,31.21349,50.39418,
"","365a4a632d1fb65f22fb9b4823489eb9","5-053053530925c477283ebbb33b914213","1170953","","Kohgiluyeh va Boyer Ahmad","","","","","","","","","","","Tsār Rah","Fatemeh Purvatan and Mansour Bozorgmehr, field notes 2024",155,"","","","Tayyebi 95%; Standard type Persian 5%","Fatemeh Vatanpur, Sirus Faramarzi and Mansour Bozorgmehr, field notes 2024",31.198,50.409,
"","365a4a632d1fb65f22fb9b48234890e6","5-e0d52ce9b8031eb2b7c321d6bfe27cef","1170954","","Kohgiluyeh va Boyer Ahmad","","","","","","","","","","","Deli Mohra","Fatemeh Purvatan and Mansour Bozorgmehr, field notes 2024",34,"","","","Tayyebi 95%; Standard type Persian 5%","Fatemeh Vatanpur, Sirus Faramarzi and Mansour Bozorgmehr, field notes 2024",31.13,50.322,
"","365a4a632d1fb65f22fb9b4823488104","3-006738e99830914b15bbf335c2ded6b7","1170955","","Kohgiluyeh va Boyer Ahmad","","","","","","","","","","","","",,"","","","",,31.13212,50.44349,
"","365a4a632d1fb65f22fb9b4823492107","5-a85815787499e4086460724c9376f1f3","1170956","","Kohgiluyeh va Boyer Ahmad","","","","","","","","","","","Shut Āver","Fatemeh Purvatan and Mansour Bozorgmehr, field notes 2024",899,"","","","Tayyebi 95%; Standard type Persian 5%","Fatemeh Vatanpur, Sirus Faramarzi and Mansour Bozorgmehr, field notes 2024",31.195,50.385,
"","365a4a632d1fb65f22fb9b4823491e6b","3-439c40690610c9ac75cfc8028937c1a7","1170957","","Kohgiluyeh va Boyer Ahmad","","","","","","","","","","","","",,"","","","",,31.22326,50.41197,
"","365a4a632d1fb65f22fb9b4823491022","3-a6a21675476e17fc245d756aee4802f9","1170958","","Kohgiluyeh va Boyer Ahmad","","","","","","","","","","","","",,"","","","",,31.18405,50.22786,
"","365a4a632d1fb65f22fb9b4823490a32","5-ed10ae99b1e897c1e52e0a79109f5ce7","1170959","","Kohgiluyeh va Boyer Ahmad","","","","","","","","","","","Qala Rayisi","Fatemeh Purvatan and Mansour Bozorgmehr, field notes 2024",3269,"","","","Tayyebi 75%; Standard type Persian 15%; Bahmei 10%","Fatemeh Vatanpur, Sirus Faramarzi and Mansour Bozorgmehr, field notes 2024",31.188,50.449,
"","365a4a632d1fb65f22fb9b482372aabf","2-2beeb3b8ff47bcb95c84fe54afe51454","1170960","","Kohgiluyeh va Boyer Ahmad","","","","","","","","","","","","",82168,"","","","",,,,
"","365a4a632d1fb65f22fb9b4823729ad1","2-b4c3408b29282aa04de5255de4a6cd77","1170961","","Kohgiluyeh va Boyer Ahmad","","","","","","","","","","","","",4029,"","","","",,,,
"","365a4a632d1fb65f22fb9b4823490947","3-c6f6392a0d666d58cd76325ab5f69ab1","1170962","","Kohgiluyeh va Boyer Ahmad","","","","","","","","","","","","",,"","","","",,30.99469,50.5283,
"","365a4a632d1fb65f22fb9b482348f9e1","5-e60c26ed754750e40bc10ce36a7f15f2","1170963","","Kohgiluyeh va Boyer Ahmad","","","","","","","","","","","Pizak Khalifai","Sirus Faramarzi and Mansour Bozorgmehr, field notes 2024",18,"","","","Doshmanziyāri 95%; Standard type Persian 5%","Fatemeh Vatanpur, Sirus Faramarzi and Mansour Bozorgmehr, field notes 2024",30.974,50.543,
"","365a4a632d1fb65f22fb9b482348f169","3-517d1fe4de83c4e193957d7b40ed5c10","1170964","","Kohgiluyeh va Boyer Ahmad","","","","","","","","","","","","",,"","","","",,30.99577,50.51352,
"","365a4a632d1fb65f22fb9b482348e898","3-8bce210fcf225003c05fa4a9825c5480","1170965","","Kohgiluyeh va Boyer Ahmad","","","","","","","","","","","","",,"","","","",,30.99055,50.55449,
"","365a4a632d1fb65f22fb9b482348e50e","5-e1b1acecbf795ca67c2dce46009cf05d","1170966","","Kohgiluyeh va Boyer Ahmad","","","","","","","","","","","Dam Eshkaft-e Kalāt","Sirus Faramarzi and Mansour Bozorgmehr, field notes 2024",84,"","","","Doshmanziyāri 95%; Standard type Persian 5%","Fatemeh Vatanpur, Sirus Faramarzi and Mansour Bozorgmehr, field notes 2024",30.978,50.557,
"","365a4a632d1fb65f22fb9b482348e2bf","5-26d6748fd7e06f4d8df81c9fc4bfa43b","1170967","","Kohgiluyeh va Boyer Ahmad","","","","","","","","","","","Kalāt","Sirus Faramarzi and Mansour Bozorgmehr, field notes 2024",440,"","","","Doshmanziyāri 95%; Standard type Persian 5%","Fatemeh Vatanpur, Sirus Faramarzi and Mansour Bozorgmehr, field notes 2024",30.978,50.545,
"","365a4a632d1fb65f22fb9b48234964ae","5-28d3910e9cd221d8cc5979e1a68bf335","1170968","","Kohgiluyeh va Boyer Ahmad","","","","","","","","","","","Lirkak","Sirus Faramarzi and Mansour Bozorgmehr, field notes 2024",309,"","","","Doshmanziyāri 95%; Standard type Persian 5%","Fatemeh Vatanpur, Sirus Faramarzi and Mansour Bozorgmehr, field notes 2024",30.983,50.522,
"","365a4a632d1fb65f22fb9b4823495de0","5-3bce6a29e2df0d001c8f34eb132f6940","1170969","","Kohgiluyeh va Boyer Ahmad","","","","","","","","","","","Bon Dara","Sirus Faramarzi and Mansour Bozorgmehr, field notes 2024",36,"","","","Doshmanziyāri 95%; Standard type Persian 5%","Fatemeh Vatanpur, Sirus Faramarzi and Mansour Bozorgmehr, field notes 2024",30.967,50.562,
"","365a4a632d1fb65f22fb9b4823495497","5-14adbafc2bb34f798d1b701ec5522588","1170970","","Kohgiluyeh va Boyer Ahmad","","","","","","","","","","","Tsam Murd","Sirus Faramarzi and Mansour Bozorgmehr, field notes 2024",26,"","","","Doshmanziyāri 95%; Standard type Persian 5%","Fatemeh Vatanpur, Sirus Faramarzi and Mansour Bozorgmehr, field notes 2024",30.966,50.598,
"","365a4a632d1fb65f22fb9b482349534d","5-be3a55630533def5f58f417d5bbc76d0","1170971","","Kohgiluyeh va Boyer Ahmad","","","","","","","","","","","Dasht-e Qōzi","Sirus Faramarzi and Mansour Bozorgmehr, field notes 2024",162,"","","","Doshmanziyāri 95%; Standard type Persian 5%","Fatemeh Vatanpur, Sirus Faramarzi and Mansour Bozorgmehr, field notes 2024",30.966,50.585,
"","365a4a632d1fb65f22fb9b4823494e6b","3-e8478467a3f2663f97e5be3af7132313","1170972","","Kohgiluyeh va Boyer Ahmad","","","","","","","","","","","","",,"","","","",,30.96245,50.60521,
"","365a4a632d1fb65f22fb9b48234945c4","5-0e1864b90fa9769fadcf1d5781038b6d","1170973","","Kohgiluyeh va Boyer Ahmad","","","","","","","","","","","Emārat","Sirus Faramarzi and Mansour Bozorgmehr, field notes 2024",70,"","","","Doshmanziyāri 95%; Standard type Persian 5%","Fatemeh Vatanpur, Sirus Faramarzi and Mansour Bozorgmehr, field notes 2024",30.958,50.637,
"","365a4a632d1fb65f22fb9b48234938d1","5-2787f3a01e56860200086a30a74b44e9","1170974","","Kohgiluyeh va Boyer Ahmad","","","","","","","","","","","Qala-y Gol","Sirus Faramarzi and Mansour Bozorgmehr, field notes 2024",286,"","","","Doshmanziyāri 95%; Standard type Persian 5%","Fatemeh Vatanpur, Sirus Faramarzi and Mansour Bozorgmehr, field notes 2024",30.959,50.619,
"","365a4a632d1fb65f22fb9b4823493555","5-2cf6f44039ce86df117b0e18ecba6a0f","1170975","","Kohgiluyeh va Boyer Ahmad","","","","","","","","","","","Owrizak","Sirus Faramarzi and Mansour Bozorgmehr, field notes 2024",75,"","","","Doshmanziyāri 95%; Standard type Persian 5%","Fatemeh Vatanpur, Sirus Faramarzi and Mansour Bozorgmehr, field notes 2024",31.027,50.666,
"","365a4a632d1fb65f22fb9b48234931d3","5-41b8641e572cd9fb177b5669404c9ef0","1170976","","Kohgiluyeh va Boyer Ahmad","","","","","","","","","","","Bā Shahsavār","Sirus Faramarzi and Mansour Bozorgmehr, field notes 2024",,"","","","Doshmanziyāri 95%; Standard type Persian 5%","Fatemeh Vatanpur, Sirus Faramarzi and Mansour Bozorgmehr, field notes 2024",31.05032,50.6274,
"","365a4a632d1fb65f22fb9b48234930c0","5-e4f109f592d1c2896156e60158c5396b","1170977","","Kohgiluyeh va Boyer Ahmad","","","","","","","","","","","Bāl Tang","Sirus Faramarzi and Mansour Bozorgmehr, field notes 2024",,"","","","Doshmanziyāri 95%; Standard type Persian 5%","Fatemeh Vatanpur, Sirus Faramarzi and Mansour Bozorgmehr, field notes 2024",31.07096,50.67213,
"","365a4a632d1fb65f22fb9b482349aa44","5-c05fbab4cd4381dbbae5b5e6b628d93a","1170978","","Kohgiluyeh va Boyer Ahmad","","","","","","","","","","","Pā Tsown, Pā Tsun","Sirus Faramarzi and Mansour Bozorgmehr, field notes 2024",74,"","","","Doshmanziyāri 95%; Standard type Persian 5%","Fatemeh Vatanpur, Sirus Faramarzi and Mansour Bozorgmehr, field notes 2024",31.017,50.59,
"","365a4a632d1fb65f22fb9b482349a911","5-4d922c7aff05cb1d902c0c455c6461d5","1170979","","Kohgiluyeh va Boyer Ahmad","","","","","","","","","","","Pas Tsāt-e Dalilak","Sirus Faramarzi and Mansour Bozorgmehr, field notes 2024",25,"","","","Doshmanziyāri 95%; Standard type Persian 5%","Fatemeh Vatanpur, Sirus Faramarzi and Mansour Bozorgmehr, field notes 2024",31.053,50.642,
"","365a4a632d1fb65f22fb9b4823499c2a","3-76115161dc2a0d70aeae7de77bf47b09","1170980","","Kohgiluyeh va Boyer Ahmad","","","","","","","","","","","","",,"","","","",,31.06719,50.61644,
"","365a4a632d1fb65f22fb9b482349914d","5-712e2811e00c283f828b888cae6b241a","1170981","","Kohgiluyeh va Boyer Ahmad","","","","","","","","","","","Dam Abās","Sirus Faramarzi and Mansour Bozorgmehr, field notes 2024",64,"","","","Doshmanziyāri 95%; Standard type Persian 5%","Fatemeh Vatanpur, Sirus Faramarzi and Mansour Bozorgmehr, field notes 2024",31.078,50.596,
"","365a4a632d1fb65f22fb9b4823498550","3-40252e7915f1e275f2d090f7c6062c85","1170982","","Kohgiluyeh va Boyer Ahmad","","","","","","","","","","","","",,"","","","",,31.04526,50.67098,
"","365a4a632d1fb65f22fb9b4823497dd7","5-ed036436476bb2b4e75b095e53a63712","1170983","","Kohgiluyeh va Boyer Ahmad","","","","","","","","","","","Dara Kal","Sirus Faramarzi and Mansour Bozorgmehr, field notes 2024",126,"","","","Doshmanziyāri 95%; Standard type Persian 5%","Fatemeh Vatanpur, Sirus Faramarzi and Mansour Bozorgmehr, field notes 2024",31.029,50.59,
"","365a4a632d1fb65f22fb9b482349753a","3-cad53f6d95759ccda5698357f6eefaf5","1170984","","Kohgiluyeh va Boyer Ahmad","","","","","","","","","","","","",,"","","","",,31.04716,50.64466,
"","365a4a632d1fb65f22fb9b4823496f39","3-e2f51be95e1af81bad38be7c5e9ed442","1170985","","Kohgiluyeh va Boyer Ahmad","","","","","","","","","","","","",,"","","","",,31.0708,50.64471,
"","365a4a632d1fb65f22fb9b4823496ea0","3-d3a2122aee616ffed0dab7c96dd1bfc9","1170986","","Kohgiluyeh va Boyer Ahmad","","","","","","","","","","","","",,"","","","",,31.06657,50.6537,
"","365a4a632d1fb65f22fb9b4823496964","3-a0dbf72930936a6b7a795b4fcbd81912","1170987","","Kohgiluyeh va Boyer Ahmad","","","","","","","","","","","","",,"","","","",,31.03478,50.62055,
"","365a4a632d1fb65f22fb9b482349f806","5-48db39ed6fd1c85d39c223372a397520","1170988","","Kohgiluyeh va Boyer Ahmad","","","","","","","","","","","Ziranā Olyā","Sirus Faramarzi and Mansour Bozorgmehr, field notes 2024",34,"","","","Doshmanziyāri 95%; Standard type Persian 5%","Fatemeh Vatanpur, Sirus Faramarzi and Mansour Bozorgmehr, field notes 2024",31.041,50.629,
"","365a4a632d1fb65f22fb9b482349f24c","3-f428d2ab2115308b7b73bb11aa52d43b","1170989","","Kohgiluyeh va Boyer Ahmad","","","","","","","","","","","","",,"","","","",,31.065,50.60063,
"","365a4a632d1fb65f22fb9b482349e5d8","5-6d6de16037db4e9a04847b25b319ba7c","1170990","","Kohgiluyeh va Boyer Ahmad","","","","","","","","","","","Sar Dara","Sirus Faramarzi and Mansour Bozorgmehr, field notes 2024",,"","","","Doshmanziyāri 95%; Standard type Persian 5%","Fatemeh Vatanpur, Sirus Faramarzi and Mansour Bozorgmehr, field notes 2024",31.01831,50.61937,
"","365a4a632d1fb65f22fb9b482349e2dc","5-1e7d72bf89c26c48c2774fbbd067a4c6","1170991","","Kohgiluyeh va Boyer Ahmad","","","","","","","","","","","Sar Tuf-e Deliyak","Sirus Faramarzi and Mansour Bozorgmehr, field notes 2024",25,"","","","Doshmanziyāri 95%; Standard type Persian 5%","Fatemeh Vatanpur, Sirus Faramarzi and Mansour Bozorgmehr, field notes 2024",31.059,50.64,
"","365a4a632d1fb65f22fb9b482349d6dd","5-bd555d94195958b5cfa3b8ab9c3a7a2f","1170992","","Kohgiluyeh va Boyer Ahmad","","","","","","","","","","","Sar Kur","Sirus Faramarzi and Mansour Bozorgmehr, field notes 2024",,"","","","Doshmanziyāri 95%; Standard type Persian 5%","Fatemeh Vatanpur, Sirus Faramarzi and Mansour Bozorgmehr, field notes 2024",30.73287,50.38661,
"","365a4a632d1fb65f22fb9b482349d000","3-a5ad70a5ba1d5486b3d61483beb6d9f7","1170993","","Kohgiluyeh va Boyer Ahmad","","","","","","","","","","","","",,"","","","",,31.07794,50.66317,
"","365a4a632d1fb65f22fb9b482349c649","3-d6f27760a60367483f2e2daab948d92d","1170994","","Kohgiluyeh va Boyer Ahmad","","","","","","","","","","","","",,"","","","",,31.051,50.678,
"","365a4a632d1fb65f22fb9b482349be61","3-a7818e9b0f37ee4e982a00441daa8fc1","1170995","","Kohgiluyeh va Boyer Ahmad","","","","","","","","","","","","",,"","","","",,31.06876,50.62046,
"","365a4a632d1fb65f22fb9b482349b6c1","3-a75d9b38eb537f2c5afa45478ff9d351","1170996","","Kohgiluyeh va Boyer Ahmad","","","","","","","","","","","","",,"","","","",,31.06354,50.63663,
"","365a4a632d1fb65f22fb9b482349accd","5-88e26710466aa8824c9c1a05bb2051db","1170997","","Kohgiluyeh va Boyer Ahmad","","","","","","","","","","","Lāru","Sirus Faramarzi and Mansour Bozorgmehr, field notes 2024",,"","","","Doshmanziyāri 95%; Standard type Persian 5%","Fatemeh Vatanpur, Sirus Faramarzi and Mansour Bozorgmehr, field notes 2024",31.04957,50.61169,
"","365a4a632d1fb65f22fb9b48234a6793","5-98ce5159224bee0552dbea570cb0f7c2","1170998","","Kohgiluyeh va Boyer Ahmad","","","","","","","","","","","Morghkesh-e Dam-e Abās","Sirus Faramarzi and Mansour Bozorgmehr, field notes 2024",,"","","","Doshmanziyāri 95%; Standard type Persian 5%","Fatemeh Vatanpur, Sirus Faramarzi and Mansour Bozorgmehr, field notes 2024",31.06261,50.61044,
"","365a4a632d1fb65f22fb9b48234a5a2d","3-9e0a0696ab84edf68a35d66808c61892","1170999","","Kohgiluyeh va Boyer Ahmad","","","","","","","","","","","","",,"","","","",,31.06055,50.67917,
"","365a4a632d1fb65f22fb9b48234a4cc4","5-d1277c20926ab6c566796bda813a6aa2","1171000","","Kohgiluyeh va Boyer Ahmad","","","","","","","","","","","Bar Aftow-e Soflā","Sirus Faramarzi and Mansour Bozorgmehr, field notes 2024",239,"","","","Doshmanziyāri 95%; Standard type Persian 5%","Fatemeh Vatanpur, Sirus Faramarzi and Mansour Bozorgmehr, field notes 2024",30.977,50.588,
"","365a4a632d1fb65f22fb9b48234a3d0b","5-923290e6fdf6621ba15d6fde95995f07","1171001","","Kohgiluyeh va Boyer Ahmad","","","","","","","","","","","Dāryow","Sirus Faramarzi and Mansour Bozorgmehr, field notes 2024",50,"","","","Doshmanziyāri 95%; Standard type Persian 5%","Fatemeh Vatanpur, Sirus Faramarzi and Mansour Bozorgmehr, field notes 2024",31.015,50.589,
"","365a4a632d1fb65f22fb9b48234a3224","5-ee4b7f37e2cf4691a1f33d5cdf413c52","1171002","","Kohgiluyeh va Boyer Ahmad","","","","","","","","","","","Dara Ney","Sirus Faramarzi and Mansour Bozorgmehr, field notes 2024",,"","","","Doshmanziyāri 95%; Standard type Persian 5%","Fatemeh Vatanpur, Sirus Faramarzi and Mansour Bozorgmehr, field notes 2024",30.96882,50.6315,
"","365a4a632d1fb65f22fb9b48234a2886","5-3a27bb4285d9d98db4be71f8350a1787","1171003","","Kohgiluyeh va Boyer Ahmad","","","","","","","","","","","Dasht-e Ban","Sirus Faramarzi and Mansour Bozorgmehr, field notes 2024",142,"","","","Doshmanziyāri 95%; Standard type Persian 5%","Fatemeh Vatanpur, Sirus Faramarzi and Mansour Bozorgmehr, field notes 2024",31.003,50.58,
"","365a4a632d1fb65f22fb9b48234a1eda","5-6bb830e5077e0610569c78938e7a8483","1171004","","Kohgiluyeh va Boyer Ahmad","","","","","","","","","","","Deh-e Shikhun","Sirus Faramarzi and Mansour Bozorgmehr, field notes 2024",79,"","","","Doshmanziyāri 95%; Standard type Persian 5%","Fatemeh Vatanpur, Sirus Faramarzi and Mansour Bozorgmehr, field notes 2024",30.997,50.573,
"","365a4a632d1fb65f22fb9b48234a112b","5-eb344ede7f4ab49a084b31514809fc74","1171005","","Kohgiluyeh va Boyer Ahmad","","","","","","","","","","","Qala-y Duwar","Sirus Faramarzi and Mansour Bozorgmehr, field notes 2024",430,"","","","Doshmanziyāri 95%; Standard type Persian 5%","Fatemeh Vatanpur, Sirus Faramarzi and Mansour Bozorgmehr, field notes 2024",30.978,50.567,
"","365a4a632d1fb65f22fb9b48234a0131","5-9014df164e2183bb252ed721d1e1c1ba","1171006","","Kohgiluyeh va Boyer Ahmad","","","","","","","","","","","Gādōne Ali Rezā","Sirus Faramarzi and Mansour Bozorgmehr, field notes 2024",106,"","","","Doshmanziyāri 95%; Standard type Persian 5%","Fatemeh Vatanpur, Sirus Faramarzi and Mansour Bozorgmehr, field notes 2024",30.968,50.618,
"","365a4a632d1fb65f22fb9b482349fc86","5-2bcfc7906ef3bb682991b7896cdf4cb6","1171007","","Kohgiluyeh va Boyer Ahmad","","","","","","","","","","","Pāzanun-e Deh-e Tsol","Sirus Faramarzi and Mansour Bozorgmehr, field notes 2024",122,"","","","Doshmanziyāri 95%; Standard type Persian 5%","Fatemeh Vatanpur, Sirus Faramarzi and Mansour Bozorgmehr, field notes 2024",31.057,50.572,
"","365a4a632d1fb65f22fb9b48234ad03e","3-7dc41a94d747c51c8372bb3599742594","1171008","","Kohgiluyeh va Boyer Ahmad","","","","","","","","","","","","",,"","","","",,31.04839,50.56608,
"","365a4a632d1fb65f22fb9b48234ac0b1","5-a83af640fc976ea6e401ca306517ba08","1171009","","Kohgiluyeh va Boyer Ahmad","","","","","","","","","","","Sohrun","Sirus Faramarzi and Mansour Bozorgmehr, field notes 2024",170,"","","","Doshmanziyāri 95%; Standard type Persian 5%","Fatemeh Vatanpur, Sirus Faramarzi and Mansour Bozorgmehr, field notes 2024",31.034,50.583,
"","365a4a632d1fb65f22fb9b48234ac00c","5-0402ac738ee5544a44b9289190522bea","1171010","","Kohgiluyeh va Boyer Ahmad","","","","","","","","","","","Kondzizār","Sirus Faramarzi and Mansour Bozorgmehr, field notes 2024",117,"","","","Doshmanziyāri 95%; Standard type Persian 5%","Fatemeh Vatanpur, Sirus Faramarzi and Mansour Bozorgmehr, field notes 2024",31.044,50.571,
"","365a4a632d1fb65f22fb9b48234ab85d","5-054aa826b183d35f7373c8a237c7b52e","1171011","","Kohgiluyeh va Boyer Ahmad","","","","","","","","","","","Gatsi","Sirus Faramarzi and Mansour Bozorgmehr, field notes 2024",234,"","","","Doshmanziyāri 95%; Standard type Persian 5%","Fatemeh Vatanpur, Sirus Faramarzi and Mansour Bozorgmehr, field notes 2024",31.042,50.585,
"","365a4a632d1fb65f22fb9b48234aab60","5-c6be6dcb783abf9c2b4d43379bc8a0b9","1171012","","Kohgiluyeh va Boyer Ahmad","","","","","","","","","","","Gondok","Sirus Faramarzi and Mansour Bozorgmehr, field notes 2024",423,"","","","Doshmanziyāri 95%; Standard type Persian 5%","Fatemeh Vatanpur, Sirus Faramarzi and Mansour Bozorgmehr, field notes 2024",31.069,50.564,
"","365a4a632d1fb65f22fb9b48234a9e32","5-cd3329c482262af0d7df1133a84379e3","1171013","","Kohgiluyeh va Boyer Ahmad","","","","","","","","","","","Vār Dza'fari-ye Gatsi","Sirus Faramarzi and Mansour Bozorgmehr, field notes 2024",,"","","","Doshmanziyāri 95%; Standard type Persian 5%","Fatemeh Vatanpur, Sirus Faramarzi and Mansour Bozorgmehr, field notes 2024",31.05065,50.57365,
"","365a4a632d1fb65f22fb9b4823728eb0","2-a5aaefa618b148b19ca764aa43ba8eba","1171014","","Kohgiluyeh va Boyer Ahmad","","","","","","","","","","","","",12277,"","","","",,,,
"","365a4a632d1fb65f22fb9b48234a9141","5-bb052f8eee2cb7ad0db2696a2d564e1c","1171015","","Kohgiluyeh va Boyer Ahmad","","","","","","","","","","","Ādrakun","Sirus Faramarzi and Mansour Bozorgmehr, field notes 2024",330,"","","","Boyerahmadi 40%; Doshmanziyāri 30%; Tayyebi 15%; Bahmei 10%; Standard type Persian 5%","Fatemeh Vatanpur, Sirus Faramarzi and Mansour Bozorgmehr, field notes 2024",30.749,50.631,
"","365a4a632d1fb65f22fb9b48234a8159","5-f8c90a354c160d593d678ced5e8fa1fc","1171016","","Kohgiluyeh va Boyer Ahmad","","","","","","","","","","","Emāmzāda Pahlawun","Sirus Faramarzi and Mansour Bozorgmehr, field notes 2024",154,"","","","Boyerahmadi 40%; Doshmanziyāri 30%; Tayyebi 15%; Bahmei 10%; Standard type Persian 5%","Fatemeh Vatanpur, Sirus Faramarzi and Mansour Bozorgmehr, field notes 2024",30.731,50.646,
"","365a4a632d1fb65f22fb9b48234a7fae","5-dd43c5b93c2d75ffb6ecd12fb3452719","1171017","","Kohgiluyeh va Boyer Ahmad","","","","","","","","","","","Tel Zeri","Sirus Faramarzi and Mansour Bozorgmehr, field notes 2024",506,"","","","Boyerahmadi 40%; Doshmanziyāri 30%; Tayyebi 15%; Bahmei 10%; Standard type Persian 5%","Fatemeh Vatanpur, Sirus Faramarzi and Mansour Bozorgmehr, field notes 2024",30.768,50.625,
"","365a4a632d1fb65f22fb9b48234a7016","5-48e88d83099f0c845c930173d0c8e201","1171018","","Kohgiluyeh va Boyer Ahmad","","","","","","","","","","","Dam Mahd","Sirus Faramarzi and Mansour Bozorgmehr, field notes 2024",437,"","","","Boyerahmadi 40%; Doshmanziyāri 30%; Tayyebi 15%; Bahmei 10%; Standard type Persian 5%","Fatemeh Vatanpur, Sirus Faramarzi and Mansour Bozorgmehr, field notes 2024",30.756,50.628,
"","365a4a632d1fb65f22fb9b48234b2e32","5-898491d63d35d25a6bc71188032a39d1","1171019","","Kohgiluyeh va Boyer Ahmad","","","","","","","","","","","Deh Nu-y Tel Morgh","Sirus Faramarzi and Mansour Bozorgmehr, field notes 2024",617,"","","","Boyerahmadi 40%; Doshmanziyāri 30%; Tayyebi 15%; Bahmei 10%; Standard type Persian 5%","Fatemeh Vatanpur, Sirus Faramarzi and Mansour Bozorgmehr, field notes 2024",30.839,50.767,
"","365a4a632d1fb65f22fb9b48234b2614","3-53846332883e232a6f3b5746bfbe26d6","1171020","","Kohgiluyeh va Boyer Ahmad","","","","","","","","","","","","",,"","","","",,30.73263,50.62168,
"","365a4a632d1fb65f22fb9b48234b1da6","5-6d4c29d911d2c63f89b2a9038e13b990","1171021","","Kohgiluyeh va Boyer Ahmad","","","","","","","","","","","De Band-e Sar Mast-e Dam-e Mahd","Sirus Faramarzi and Mansour Bozorgmehr, field notes 2024",104,"","","","Boyerahmadi 40%; Doshmanziyāri 30%; Tayyebi 15%; Bahmei 10%; Standard type Persian 5%","Fatemeh Vatanpur, Sirus Faramarzi and Mansour Bozorgmehr, field notes 2024",30.71,50.642,
"","365a4a632d1fb65f22fb9b48234b12ec","5-fa6da70187616bcfec4c0d3719a64341","1171022","","Kohgiluyeh va Boyer Ahmad","","","","","","","","","","","Puza-y Kherefkhuna","Sirus Faramarzi and Mansour Bozorgmehr, field notes 2024",34,"","","","Boyerahmadi 40%; Doshmanziyāri 30%; Tayyebi 15%; Bahmei 10%; Standard type Persian 5%","Fatemeh Vatanpur, Sirus Faramarzi and Mansour Bozorgmehr, field notes 2024",30.809,50.598,
"","365a4a632d1fb65f22fb9b48234b04b0","5-6ee6a034064918b50438609e5c50b62b","1171023","","Kohgiluyeh va Boyer Ahmad","","","","","","","","","","","Tel-e Morgh","Sirus Faramarzi and Mansour Bozorgmehr, field notes 2024",185,"","","","Boyerahmadi 40%; Doshmanziyāri 30%; Tayyebi 15%; Bahmei 10%; Standard type Persian 5%","Fatemeh Vatanpur, Sirus Faramarzi and Mansour Bozorgmehr, field notes 2024",30.762,50.617,
"","365a4a632d1fb65f22fb9b48234af710","5-edd136813419d091f3f7932d60f13fad","1171024","","Kohgiluyeh va Boyer Ahmad","","","","","","","","","","","Tuliyōn","Sirus Faramarzi and Mansour Bozorgmehr, field notes 2024",1347,"","","","Boyerahmadi 40%; Doshmanziyāri 30%; Tayyebi 15%; Bahmei 10%; Standard type Persian 5%","Fatemeh Vatanpur, Sirus Faramarzi and Mansour Bozorgmehr, field notes 2024",30.847,50.58,
"","365a4a632d1fb65f22fb9b48234ae84d","5-56e6759c471636ef8cf15819cadd335d","1171025","","Kohgiluyeh va Boyer Ahmad","","","","","","","","","","","Mahd","Sirus Faramarzi and Mansour Bozorgmehr, field notes 2024",161,"","","","Boyerahmadi 40%; Doshmanziyāri 30%; Tayyebi 15%; Bahmei 10%; Standard type Persian 5%","Fatemeh Vatanpur, Sirus Faramarzi and Mansour Bozorgmehr, field notes 2024",30.777,50.604,
"","365a4a632d1fb65f22fb9b48234adfe6","5-e31151c50e65632b9679c9c1476155f4","1171026","","Kohgiluyeh va Boyer Ahmad","","","","","","","","","","","Dār Genda","Sirus Faramarzi and Mansour Bozorgmehr, field notes 2024",306,"","","","Boyerahmadi 40%; Doshmanziyāri 30%; Tayyebi 15%; Bahmei 10%; Standard type Persian 5%","Fatemeh Vatanpur, Sirus Faramarzi and Mansour Bozorgmehr, field notes 2024",30.783,50.632,
"","365a4a632d1fb65f22fb9b48234adfd2","5-56eea8f4ad68202a633a763e4b110b4e","1171027","","Kohgiluyeh va Boyer Ahmad","","","","","","","","","","","Sar Gar-e Lir-e Tah-e Rok","Sirus Faramarzi and Mansour Bozorgmehr, field notes 2024",127,"","","","Boyerahmadi 40%; Doshmanziyāri 30%; Tayyebi 15%; Bahmei 10%; Standard type Persian 5%","Fatemeh Vatanpur, Sirus Faramarzi and Mansour Bozorgmehr, field notes 2024",30.813,50.663,
"","365a4a632d1fb65f22fb9b48234add22","5-3c6ca7d77755b6a4d8e13e9ff4f2b4ac","1171028","","Kohgiluyeh va Boyer Ahmad","","","","","","","","","","","Tal Tsegā","Sirus Faramarzi and Mansour Bozorgmehr, field notes 2024",75,"","","","Boyerahmadi 40%; Doshmanziyāri 30%; Tayyebi 15%; Bahmei 10%; Standard type Persian 5%","Fatemeh Vatanpur, Sirus Faramarzi and Mansour Bozorgmehr, field notes 2024",30.809,50.64,
"","365a4a632d1fb65f22fb9b48234b7fcf","5-842b70ae7f9003fde445ccd6a6bd760f","1171029","","Kohgiluyeh va Boyer Ahmad","","","","","","","","","","","Lir-e Tah-e Rok","Sirus Faramarzi and Mansour Bozorgmehr, field notes 2024",590,"","","","Boyerahmadi 40%; Doshmanziyāri 30%; Tayyebi 15%; Bahmei 10%; Standard type Persian 5%","Fatemeh Vatanpur, Sirus Faramarzi and Mansour Bozorgmehr, field notes 2024",30.817,50.653,
"","365a4a632d1fb65f22fb9b48234b74f5","5-a6d02e90b6f873f55d8c4e9fdb484b2a","1171030","","Kohgiluyeh va Boyer Ahmad","","","","","","","","","","","Daskherd","Sirus Faramarzi and Mansour Bozorgmehr, field notes 2024",587,"","","","Boyerahmadi 40%; Doshmanziyāri 30%; Tayyebi 15%; Bahmei 10%; Standard type Persian 5%","Fatemeh Vatanpur, Sirus Faramarzi and Mansour Bozorgmehr, field notes 2024",31.162,50.47,
"","365a4a632d1fb65f22fb9b48234b693a","5-533eba6aade63c420fe88bea533000c9","1171031","","Kohgiluyeh va Boyer Ahmad","","","","","","","","","","","Kelāya-y Olyā","Sirus Faramarzi and Mansour Bozorgmehr, field notes 2024",349,"","","","Boyerahmadi 40%; Doshmanziyāri 30%; Tayyebi 15%; Bahmei 10%; Standard type Persian 5%","Fatemeh Vatanpur, Sirus Faramarzi and Mansour Bozorgmehr, field notes 2024",30.829,50.669,
"","365a4a632d1fb65f22fb9b48234b62f9","5-2f8dc17d8e41d70a11bc19c76d09401d","1171032","","Kohgiluyeh va Boyer Ahmad","","","","","","","","","","","Kelāya-y Vostā","Sirus Faramarzi and Mansour Bozorgmehr, field notes 2024",40,"","","","Boyerahmadi 40%; Doshmanziyāri 30%; Tayyebi 15%; Bahmei 10%; Standard type Persian 5%","Fatemeh Vatanpur, Sirus Faramarzi and Mansour Bozorgmehr, field notes 2024",30.824,50.674,
"","365a4a632d1fb65f22fb9b48234b5c57","5-622f66800ab8e6c511b17a182ead6757","1171033","","Kohgiluyeh va Boyer Ahmad","","","","","","","","","","","Kelāya-y Soflā","Sirus Faramarzi and Mansour Bozorgmehr, field notes 2024",1401,"","","","Boyerahmadi 40%; Doshmanziyāri 30%; Tayyebi 15%; Bahmei 10%; Standard type Persian 5%","Fatemeh Vatanpur, Sirus Faramarzi and Mansour Bozorgmehr, field notes 2024",30.822,50.686,
"","365a4a632d1fb65f22fb9b48234b576a","5-7e57ad135652b25196a0ff9ff3e3575c","1171034","","Kohgiluyeh va Boyer Ahmad","","","","","","","","","","","Tol Kotselu-y Khiyārkāl","Sirus Faramarzi and Mansour Bozorgmehr, field notes 2024",279,"","","","Boyerahmadi 40%; Doshmanziyāri 30%; Tayyebi 15%; Bahmei 10%; Standard type Persian 5%","Fatemeh Vatanpur, Sirus Faramarzi and Mansour Bozorgmehr, field notes 2024",30.847,50.62,
"","365a4a632d1fb65f22fb9b48234b4ec2","5-d34a5d6e9760bcd64a8843f4a48119d1","1171035","","Kohgiluyeh va Boyer Ahmad","","","","","","","","","","","Tsār Rāh Beheshti Sapu","Sirus Faramarzi and Mansour Bozorgmehr, field notes 2024",168,"","","","Boyerahmadi 40%; Doshmanziyāri 30%; Tayyebi 15%; Bahmei 10%; Standard type Persian 5%","Fatemeh Vatanpur, Sirus Faramarzi and Mansour Bozorgmehr, field notes 2024",30.861,50.631,
"","365a4a632d1fb65f22fb9b48234b42cf","5-d077f691ad2373b435072d16c2f7e500","1171036","","Kohgiluyeh va Boyer Ahmad","","","","","","","","","","","Khiyārkālōn","Sirus Faramarzi and Mansour Bozorgmehr, field notes 2024",287,"","","","Boyerahmadi 40%; Doshmanziyāri 30%; Tayyebi 15%; Bahmei 10%; Standard type Persian 5%","Fatemeh Vatanpur, Sirus Faramarzi and Mansour Bozorgmehr, field notes 2024",30.857,50.619,
"","365a4a632d1fb65f22fb9b48234b3b57","5-d5c7c3e70fb9a98cbe9cae7617241622","1171037","","Kohgiluyeh va Boyer Ahmad","","","","","","","","","","","Shir Khān Tang Sapu","Sirus Faramarzi and Mansour Bozorgmehr, field notes 2024",26,"","","","Boyerahmadi 40%; Doshmanziyāri 30%; Tayyebi 15%; Bahmei 10%; Standard type Persian 5%","Fatemeh Vatanpur, Sirus Faramarzi and Mansour Bozorgmehr, field notes 2024",30.866,50.629,
"","365a4a632d1fb65f22fb9b48234b3613","5-a211e1e49bf66308549ff8d52915a8bb","1171038","","Kohgiluyeh va Boyer Ahmad","","","","","","","","","","","Zarghām Ābād","Sirus Faramarzi and Mansour Bozorgmehr, field notes 2024",821,"","","","Boyerahmadi 40%; Doshmanziyāri 30%; Tayyebi 15%; Bahmei 10%; Standard type Persian 5%","Fatemeh Vatanpur, Sirus Faramarzi and Mansour Bozorgmehr, field notes 2024",30.844,50.651,
"","365a4a632d1fb65f22fb9b48234bcc50","5-6aff38a5e21e49c9b77492c563b4e971","1171039","","Kohgiluyeh va Boyer Ahmad","","","","","","","","","","","Kushk","Sirus Faramarzi and Mansour Bozorgmehr, field notes 2024",243,"","","","Boyerahmadi 40%; Doshmanziyāri 30%; Tayyebi 15%; Bahmei 10%; Standard type Persian 5%","Fatemeh Vatanpur, Sirus Faramarzi and Mansour Bozorgmehr, field notes 2024",31.157,50.474,
"","365a4a632d1fb65f22fb9b48234bc084","5-564f983d7dc858f6d2651a349cd1f84c","1171040","","Kohgiluyeh va Boyer Ahmad","","","","","","","","","","","Mah Khōn-e Tang Sapu","Sirus Faramarzi and Mansour Bozorgmehr, field notes 2024",56,"","","","Boyerahmadi 40%; Doshmanziyāri 30%; Tayyebi 15%; Bahmei 10%; Standard type Persian 5%","Fatemeh Vatanpur, Sirus Faramarzi and Mansour Bozorgmehr, field notes 2024",30.874,50.64,
"","365a4a632d1fb65f22fb9b48234bb8d8","5-25b5f4323dff1f3ae16b179a2a2721f9","1171041","","Kohgiluyeh va Boyer Ahmad","","","","","","","","","","","Kursā-ye Pira Zāl","Sirus Faramarzi and Mansour Bozorgmehr, field notes 2024",209,"","","","Boyerahmadi 40%; Doshmanziyāri 30%; Tayyebi 15%; Bahmei 10%; Standard type Persian 5%","Fatemeh Vatanpur, Sirus Faramarzi and Mansour Bozorgmehr, field notes 2024",30.83,50.705,
"","365a4a632d1fb65f22fb9b48234bb3df","5-e1a3ebc2e9f7d252965dabaac1c8f192","1171042","","Kohgiluyeh va Boyer Ahmad","","","","","","","","","","","Ow Balitak","Sirus Faramarzi and Mansour Bozorgmehr, field notes 2024",83,"","","","Boyerahmadi 40%; Doshmanziyāri 30%; Tayyebi 15%; Bahmei 10%; Standard type Persian 5%","Fatemeh Vatanpur, Sirus Faramarzi and Mansour Bozorgmehr, field notes 2024",30.927,50.574,
"","365a4a632d1fb65f22fb9b48234ba81c","5-e562645a81f69943013edfb0d9f19f72","1171043","","Kohgiluyeh va Boyer Ahmad","","","","","","","","","","","Ow Bid-e Heygun","Sirus Faramarzi and Mansour Bozorgmehr, field notes 2024",46,"","","","Boyerahmadi 40%; Doshmanziyāri 30%; Tayyebi 15%; Bahmei 10%; Standard type Persian 5%","Fatemeh Vatanpur, Sirus Faramarzi and Mansour Bozorgmehr, field notes 2024",30.92,50.575,
"","365a4a632d1fb65f22fb9b48234ba4af","5-8a5ea438c2c0dc0ec6d48c17d885e59f","1171044","","Kohgiluyeh va Boyer Ahmad","","","","","","","","","","","Andzir Safid","Sirus Faramarzi and Mansour Bozorgmehr, field notes 2024",46,"","","","Boyerahmadi 40%; Doshmanziyāri 30%; Tayyebi 15%; Bahmei 10%; Standard type Persian 5%","Fatemeh Vatanpur, Sirus Faramarzi and Mansour Bozorgmehr, field notes 2024",30.931,50.574,
"","365a4a632d1fb65f22fb9b48234ba259","3-7c034b80d76078078ffc2799500e6bc0","1171045","","Kohgiluyeh va Boyer Ahmad","","","","","","","","","","","","",,"","","","",,30.91169,50.57833,
"","365a4a632d1fb65f22fb9b48234b955c","3-a4be03bf94ac907cb70fcf5e1507bf4f","1171046","","Kohgiluyeh va Boyer Ahmad","","","","","","","","","","","","",,"","","","",,30.89995,50.60508,
"","365a4a632d1fb65f22fb9b48234b9164","5-a718a6c7b25f24beea53bb2d515b7492","1171047","","Kohgiluyeh va Boyer Ahmad","","","","","","","","","","","Deh Bardal","Sirus Faramarzi and Mansour Bozorgmehr, field notes 2024",263,"","","","Boyerahmadi 40%; Doshmanziyāri 30%; Tayyebi 15%; Bahmei 10%; Standard type Persian 5%","Fatemeh Vatanpur, Sirus Faramarzi and Mansour Bozorgmehr, field notes 2024",30.88,50.621,
"","365a4a632d1fb65f22fb9b48234b8a2d","5-7b1cda30dcf9ad6fc066e48ea9c3ba2d","1171048","","Kohgiluyeh va Boyer Ahmad","","","","","","","","","","","Deh Pā Kal-e Allā Rezā","Sirus Faramarzi and Mansour Bozorgmehr, field notes 2024",129,"","","","Boyerahmadi 40%; Doshmanziyāri 30%; Tayyebi 15%; Bahmei 10%; Standard type Persian 5%","Fatemeh Vatanpur, Sirus Faramarzi and Mansour Bozorgmehr, field notes 2024",30.885,50.615,
"","365a4a632d1fb65f22fb9b48234c14c7","5-cd3060f7f30794b950cba889ecc11837","1171049","","Kohgiluyeh va Boyer Ahmad","","","","","","","","","","","Sadrelā","Sirus Faramarzi and Mansour Bozorgmehr, field notes 2024",120,"","","","Boyerahmadi 40%; Doshmanziyāri 30%; Tayyebi 15%; Bahmei 10%; Standard type Persian 5%","Fatemeh Vatanpur, Sirus Faramarzi and Mansour Bozorgmehr, field notes 2024",30.908,50.603,
"","365a4a632d1fb65f22fb9b48234c10b1","5-c290c7db83321efe453c753b9a61a87f","1171050","","Kohgiluyeh va Boyer Ahmad","","","","","","","","","","","Mashey Muri","Sirus Faramarzi and Mansour Bozorgmehr, field notes 2024",123,"","","","Boyerahmadi 40%; Doshmanziyāri 30%; Tayyebi 15%; Bahmei 10%; Standard type Persian 5%","Fatemeh Vatanpur, Sirus Faramarzi and Mansour Bozorgmehr, field notes 2024",30.905,50.619,
"","365a4a632d1fb65f22fb9b48234c08a9","5-280026715d10fbdbd177e70316b0fa9b","1171051","","Kohgiluyeh va Boyer Ahmad","","","","","","","","","","","Mir Ayāz","Sirus Faramarzi and Mansour Bozorgmehr, field notes 2024",63,"","","","Boyerahmadi 40%; Doshmanziyāri 30%; Tayyebi 15%; Bahmei 10%; Standard type Persian 5%","Fatemeh Vatanpur, Sirus Faramarzi and Mansour Bozorgmehr, field notes 2024",30.932,50.581,
"","365a4a632d1fb65f22fb9b48234c0579","5-00480b11e0599715d2c39dcaf893800b","1171052","","Kohgiluyeh va Boyer Ahmad","","","","","","","","","","","Āghā Ali Panā","Sirus Faramarzi and Mansour Bozorgmehr, field notes 2024",,"","","","Boyerahmadi 40%; Doshmanziyāri 30%; Tayyebi 15%; Bahmei 10%; Standard type Persian 5%","Fatemeh Vatanpur, Sirus Faramarzi and Mansour Bozorgmehr, field notes 2024",30.86149,50.68371,
"","365a4a632d1fb65f22fb9b48234bfeca","3-fcbf7d386193ad687f3b89a27f92afd6","1171053","","Kohgiluyeh va Boyer Ahmad","","","","","","","","","","","","",,"","","","",,30.83128,50.70715,
"","365a4a632d1fb65f22fb9b48234bfdc4","3-f2f6a0368a11b78e964a88d581156a16","1171054","","Kohgiluyeh va Boyer Ahmad","","","","","","","","","","","","",,"","","","",,30.86941,50.66713,
"","365a4a632d1fb65f22fb9b48234bf596","3-a764f66c0d468671bedb9f85577fab0f","1171055","","Kohgiluyeh va Boyer Ahmad","","","","","","","","","","","","",,"","","","",,30.85557,50.69255,
"","365a4a632d1fb65f22fb9b48234be9ae","5-a497b8cabfe78f4729d525a3ac6b4fcc","1171056","","Kohgiluyeh va Boyer Ahmad","","","","","","","","","","","Deh-e Kōy Bahār","Sirus Faramarzi and Mansour Bozorgmehr, field notes 2024",56,"","","","Boyerahmadi 40%; Doshmanziyāri 30%; Tayyebi 15%; Bahmei 10%; Standard type Persian 5%","Fatemeh Vatanpur, Sirus Faramarzi and Mansour Bozorgmehr, field notes 2024",30.889,50.641,
"","365a4a632d1fb65f22fb9b48234be49e","5-686490c05f563a89116e1bfdce3c484d","1171057","","Kohgiluyeh va Boyer Ahmad","","","","","","","","","","","Deh Kamutar-e Pira Zāl","Sirus Faramarzi and Mansour Bozorgmehr, field notes 2024",35,"","","","Boyerahmadi 40%; Doshmanziyāri 30%; Tayyebi 15%; Bahmei 10%; Standard type Persian 5%","Fatemeh Vatanpur, Sirus Faramarzi and Mansour Bozorgmehr, field notes 2024",30.851,50.698,
"","365a4a632d1fb65f22fb9b48234bda8a","5-c6736ea46b95124089e6734a89eef06c","1171058","","Kohgiluyeh va Boyer Ahmad","","","","","","","","","","","Sapu-y Sardār","Sirus Faramarzi and Mansour Bozorgmehr, field notes 2024",36,"","","","Boyerahmadi 40%; Doshmanziyāri 30%; Tayyebi 15%; Bahmei 10%; Standard type Persian 5%","Fatemeh Vatanpur, Sirus Faramarzi and Mansour Bozorgmehr, field notes 2024",30.884,50.66,
"","365a4a632d1fb65f22fb9b48234c5b1e","5-8207d749f4579da0748475d766f191c2","1171059","","Kohgiluyeh va Boyer Ahmad","","","","","","","","","","","Shiri","Sirus Faramarzi and Mansour Bozorgmehr, field notes 2024",90,"","","","Boyerahmadi 40%; Doshmanziyāri 30%; Tayyebi 15%; Bahmei 10%; Standard type Persian 5%","Fatemeh Vatanpur, Sirus Faramarzi and Mansour Bozorgmehr, field notes 2024",30.894,50.637,
"","365a4a632d1fb65f22fb9b48234c5280","3-ef6f3e6c2685d5dbd5a484c626ade641","1171060","","Kohgiluyeh va Boyer Ahmad","","","","","","","","","","","","",,"","","","",,30.84253,50.70225,
"","365a4a632d1fb65f22fb9b48234c4a05","3-00c1077f96e22db9ea1342fdded89c9c","1171061","","Kohgiluyeh va Boyer Ahmad","","","","","","","","","","","","",,"","","","",,30.877,50.655,
"","365a4a632d1fb65f22fb9b48234c4924","5-3a147753b68657a5d00c6f79257d5be8","1171062","","Kohgiluyeh va Boyer Ahmad","","","","","","","","","","","Kandal","Sirus Faramarzi and Mansour Bozorgmehr, field notes 2024",76,"","","","Boyerahmadi 40%; Doshmanziyāri 30%; Tayyebi 15%; Bahmei 10%; Standard type Persian 5%","Fatemeh Vatanpur, Sirus Faramarzi and Mansour Bozorgmehr, field notes 2024",30.839,50.703,
"","365a4a632d1fb65f22fb9b48234c47c7","3-4b98b34a98230df85a9cf3c057903c21","1171063","","Kohgiluyeh va Boyer Ahmad","","","","","","","","","","","","",,"","","","",,30.87091,50.65408,
"","365a4a632d1fb65f22fb9b48234c463f","5-083b1a8f16a1f05384826b8463001c29","1171064","","Kohgiluyeh va Boyer Ahmad","","","","","","","","","","","Deh Ebrāhim","Sirus Faramarzi and Mansour Bozorgmehr, field notes 2024",140,"","","","Boyerahmadi 40%; Doshmanziyāri 30%; Tayyebi 15%; Bahmei 10%; Standard type Persian 5%","Fatemeh Vatanpur, Sirus Faramarzi and Mansour Bozorgmehr, field notes 2024",30.895,50.603,
"","365a4a632d1fb65f22fb9b48234c380d","5-fd75ea480c013b0b42fd9f261fc1d6b3","1171065","","Kohgiluyeh va Boyer Ahmad","","","","","","","","","","","Deh Omidvār","Sirus Faramarzi and Mansour Bozorgmehr, field notes 2024",164,"","","","Boyerahmadi 40%; Doshmanziyāri 30%; Tayyebi 15%; Bahmei 10%; Standard type Persian 5%","Fatemeh Vatanpur, Sirus Faramarzi and Mansour Bozorgmehr, field notes 2024",30.892,50.591,
"","365a4a632d1fb65f22fb9b48234c2aee","5-c348153faa5841d795fcbfd0db306ded","1171066","","Kohgiluyeh va Boyer Ahmad","","","","","","","","","","","Deh-e Ramazun","Sirus Faramarzi and Mansour Bozorgmehr, field notes 2024",49,"","","","Boyerahmadi 40%; Doshmanziyāri 30%; Tayyebi 15%; Bahmei 10%; Standard type Persian 5%","Fatemeh Vatanpur, Sirus Faramarzi and Mansour Bozorgmehr, field notes 2024",30.898,50.593,
"","365a4a632d1fb65f22fb9b48234c27cc","5-323c2ee65d20af1e1cce5aa6173000e1","1171067","","Kohgiluyeh va Boyer Ahmad","","","","","","","","","","","Deh-e Mansur","Sirus Faramarzi and Mansour Bozorgmehr, field notes 2024",59,"","","","Boyerahmadi 40%; Doshmanziyāri 30%; Tayyebi 15%; Bahmei 10%; Standard type Persian 5%","Fatemeh Vatanpur, Sirus Faramarzi and Mansour Bozorgmehr, field notes 2024",30.892,50.605,
"","365a4a632d1fb65f22fb9b48234c1d21","5-399fdbd54f64780b66833791865e564a","1171068","","Kohgiluyeh va Boyer Ahmad","","","","","","","","","","","Sar Tang-e Heygun","Sirus Faramarzi and Mansour Bozorgmehr, field notes 2024",27,"","","","Boyerahmadi 40%; Doshmanziyāri 30%; Tayyebi 15%; Bahmei 10%; Standard type Persian 5%","Fatemeh Vatanpur, Sirus Faramarzi and Mansour Bozorgmehr, field notes 2024",30.9,50.597,
"","365a4a632d1fb65f22fb9b48234cab8b","5-c9e992053b949826133be4087a1e4ff4","1171069","","Kohgiluyeh va Boyer Ahmad","","","","","","","","","","","Kābemun-e Ali","Sirus Faramarzi and Mansour Bozorgmehr, field notes 2024",48,"","","","Boyerahmadi 40%; Doshmanziyāri 30%; Tayyebi 15%; Bahmei 10%; Standard type Persian 5%","Fatemeh Vatanpur, Sirus Faramarzi and Mansour Bozorgmehr, field notes 2024",30.883,50.584,
"","365a4a632d1fb65f22fb9b48234ca23a","5-39683b8a4d8b2e6c2b72c90a9706b34a","1171070","","Kohgiluyeh va Boyer Ahmad","","","","","","","","","","","Shahrak-e Akbar Ābād","Sirus Faramarzi and Mansour Bozorgmehr, field notes 2024",1175,"","","","Boyerahmadi 40%; Doshmanziyāri 30%; Tayyebi 15%; Bahmei 10%; Standard type Persian 5%","Fatemeh Vatanpur, Sirus Faramarzi and Mansour Bozorgmehr, field notes 2024",30.892,50.584,
"","365a4a632d1fb65f22fb9b4823728a1a","2-9ba4a87d100b93969d01b277494ad501","1171071","","Kohgiluyeh va Boyer Ahmad","","","","","","","","","","","","",8826,"","","","",,,,
"","365a4a632d1fb65f22fb9b48234c9787","5-09dba64ca0bdeda35f25402ed40cf8c6","1171072","","Kohgiluyeh va Boyer Ahmad","","","","","","","","","","","Ow Piyāzi","Sirus Faramarzi and Mansour Bozorgmehr, field notes 2024",,"","","","Boyerahmadi 60%; Doshmanziyāri 15%; Bahmei 10%; Tayyebi 10%; Standard type Persian 5%","Fatemeh Vatanpur, Sirus Faramarzi and Mansour Bozorgmehr, field notes 2024",30.71746,50.44835,
"","365a4a632d1fb65f22fb9b48234c9136","5-e1ee73551460f3b3d0dc93e2133f97c5","1171073","","Kohgiluyeh va Boyer Ahmad","","","","","","","","","","","Ow Tahl-e Filgah","Sirus Faramarzi and Mansour Bozorgmehr, field notes 2024",7,"","","","Boyerahmadi 60%; Doshmanziyāri 15%; Bahmei 10%; Tayyebi 10%; Standard type Persian 5%","Fatemeh Vatanpur, Sirus Faramarzi and Mansour Bozorgmehr, field notes 2024",30.654,50.495,
"","365a4a632d1fb65f22fb9b48234c8970","5-7dbfa25767abe6662f92129642a52f8c","1171074","","Kohgiluyeh va Boyer Ahmad","","","","","","","","","","","Ow Kāsa","Sirus Faramarzi and Mansour Bozorgmehr, field notes 2024",157,"","","","Boyerahmadi 60%; Doshmanziyāri 15%; Bahmei 10%; Tayyebi 10%; Standard type Persian 5%","Fatemeh Vatanpur, Sirus Faramarzi and Mansour Bozorgmehr, field notes 2024",30.637,50.518,
"","365a4a632d1fb65f22fb9b48234c80ba","3-c2f82eb6145a428b1634f43c01fe806a","1171075","","Kohgiluyeh va Boyer Ahmad","","","","","","","","","","","","",,"","","","",,30.72702,50.40203,
"","365a4a632d1fb65f22fb9b48234c76d3","5-a346fba3bfa550d7b5bebe1eb120f96f","1171076","","Kohgiluyeh va Boyer Ahmad","","","","","","","","","","","Amir Olmo'menin","Sirus Faramarzi and Mansour Bozorgmehr, field notes 2024",59,"","","","Boyerahmadi 60%; Doshmanziyāri 15%; Bahmei 10%; Tayyebi 10%; Standard type Persian 5%","Fatemeh Vatanpur, Sirus Faramarzi and Mansour Bozorgmehr, field notes 2024",30.658,50.489,
"","365a4a632d1fb65f22fb9b48234c6b22","3-9ee80e26614a7c407eb3cb750e136ffb","1171077","","Kohgiluyeh va Boyer Ahmad","","","","","","","","","","","","",,"","","","",,30.63967,50.47727,
"","365a4a632d1fb65f22fb9b48234c6261","5-9d989003fee73a3cd1e56779d3f25068","1171078","","Kohgiluyeh va Boyer Ahmad","","","","","","","","","","","Boveyri","Sirus Faramarzi and Mansour Bozorgmehr, field notes 2024",127,"","","","Boyerahmadi 60%; Doshmanziyāri 15%; Bahmei 10%; Tayyebi 10%; Standard type Persian 5%","Fatemeh Vatanpur, Sirus Faramarzi and Mansour Bozorgmehr, field notes 2024",30.652,50.503,
"","365a4a632d1fb65f22fb9b48234c60c5","5-349e4af752aef16221f567e33c2888de","1171079","","Kohgiluyeh va Boyer Ahmad","","","","","","","","","","","Pā Par","Sirus Faramarzi and Mansour Bozorgmehr, field notes 2024",33,"","","","Boyerahmadi 60%; Doshmanziyāri 15%; Bahmei 10%; Tayyebi 10%; Standard type Persian 5%","Fatemeh Vatanpur, Sirus Faramarzi and Mansour Bozorgmehr, field notes 2024",30.679,50.506,
"","365a4a632d1fb65f22fb9b48234d043d","3-6e4834276f5df94d25f752894ee65e0d","1171080","","Kohgiluyeh va Boyer Ahmad","","","","","","","","","","","","",,"","","","",,30.73151,50.41531,
"","365a4a632d1fb65f22fb9b48234cfb9f","5-f2403673ed8bd2794ff7c53508a94721","1171081","","Kohgiluyeh va Boyer Ahmad","","","","","","","","","","","Pir Bāyemi","Sirus Faramarzi and Mansour Bozorgmehr, field notes 2024",71,"","","","Boyerahmadi 60%; Doshmanziyāri 15%; Bahmei 10%; Tayyebi 10%; Standard type Persian 5%","Fatemeh Vatanpur, Sirus Faramarzi and Mansour Bozorgmehr, field notes 2024",30.671,50.453,
"","365a4a632d1fb65f22fb9b48234cecd9","5-33480a434ceda64877164b96a7c8db00","1171082","","Kohgiluyeh va Boyer Ahmad","","","","","","","","","","","Tsahow","Sirus Faramarzi and Mansour Bozorgmehr, field notes 2024",175,"","","","Boyerahmadi 60%; Doshmanziyāri 15%; Bahmei 10%; Tayyebi 10%; Standard type Persian 5%","Fatemeh Vatanpur, Sirus Faramarzi and Mansour Bozorgmehr, field notes 2024",30.677,50.488,
"","365a4a632d1fb65f22fb9b48234ce91c","5-c4c037b8e0afef5d447d61ad9b61c511","1171083","","Kohgiluyeh va Boyer Ahmad","","","","","","","","","","","Dam Lā Espi","Sirus Faramarzi and Mansour Bozorgmehr, field notes 2024",,"","","","Boyerahmadi 60%; Doshmanziyāri 15%; Bahmei 10%; Tayyebi 10%; Standard type Persian 5%","Fatemeh Vatanpur, Sirus Faramarzi and Mansour Bozorgmehr, field notes 2024",30.71684,50.43567,
"","365a4a632d1fb65f22fb9b48234ce8e6","3-01fb2f75ff1d41285dcf630675cc7c29","1171084","","Kohgiluyeh va Boyer Ahmad","","","","","","","","","","","","",,"","","","",,30.68426,50.42715,
"","365a4a632d1fb65f22fb9b48234cdb18","3-40e98482225ad437960ac8aa2c2374ff","1171085","","Kohgiluyeh va Boyer Ahmad","","","","","","","","","","","","",,"","","","",,30.62803,50.53608,
"","365a4a632d1fb65f22fb9b48234cd1b9","5-cb26fefeec9b4e99f220edf8e67dd195","1171086","","Kohgiluyeh va Boyer Ahmad","","","","","","","","","","","Senagun","Sirus Faramarzi and Mansour Bozorgmehr, field notes 2024",357,"","","","Boyerahmadi 60%; Doshmanziyāri 15%; Bahmei 10%; Tayyebi 10%; Standard type Persian 5%","Fatemeh Vatanpur, Sirus Faramarzi and Mansour Bozorgmehr, field notes 2024",30.674,50.473,
"","365a4a632d1fb65f22fb9b48234cd16b","5-3218de1b6182a8a88bd9c78dddaab2a9","1171087","","Kohgiluyeh va Boyer Ahmad","","","","","","","","","","","Ali Ābād-e Ow Kāsa","Sirus Faramarzi and Mansour Bozorgmehr, field notes 2024",198,"","","","Boyerahmadi 60%; Doshmanziyāri 15%; Bahmei 10%; Tayyebi 10%; Standard type Persian 5%","Fatemeh Vatanpur, Sirus Faramarzi and Mansour Bozorgmehr, field notes 2024",30.645,50.509,
"","365a4a632d1fb65f22fb9b48234cc19d","5-c096816e49eb4dcba07ffc50971dbb5a","1171088","","Kohgiluyeh va Boyer Ahmad","","","","","","","","","","","Filgah","Sirus Faramarzi and Mansour Bozorgmehr, field notes 2024",206,"","","","Boyerahmadi 60%; Doshmanziyāri 15%; Bahmei 10%; Tayyebi 10%; Standard type Persian 5%","Fatemeh Vatanpur, Sirus Faramarzi and Mansour Bozorgmehr, field notes 2024",30.668,50.51,
"","365a4a632d1fb65f22fb9b48234cb2e6","5-22c004228ade8e9593c16668c2068bb5","1171089","","Kohgiluyeh va Boyer Ahmad","","","","","","","","","","","Kalgaberōn","Sirus Faramarzi and Mansour Bozorgmehr, field notes 2024",208,"","","","Boyerahmadi 60%; Doshmanziyāri 15%; Bahmei 10%; Tayyebi 10%; Standard type Persian 5%","Fatemeh Vatanpur, Sirus Faramarzi and Mansour Bozorgmehr, field notes 2024",30.66,50.517,
"","365a4a632d1fb65f22fb9b48234d46b8","5-e7d0e39f8208e68d0064e0bf9b0cda7a","1171090","","Kohgiluyeh va Boyer Ahmad","","","","","","","","","","","Kushk-e Amir Olmo'menin","Sirus Faramarzi and Mansour Bozorgmehr, field notes 2024",58,"","","","Boyerahmadi 60%; Doshmanziyāri 15%; Bahmei 10%; Tayyebi 10%; Standard type Persian 5%","Fatemeh Vatanpur, Sirus Faramarzi and Mansour Bozorgmehr, field notes 2024",30.657,50.447,
"","365a4a632d1fb65f22fb9b48234d458f","5-e66b0e0ddb2c65a5ebb204712db91228","1171091","","Kohgiluyeh va Boyer Ahmad","","","","","","","","","","","Lā Espi Say Fākher","Sirus Faramarzi and Mansour Bozorgmehr, field notes 2024",,"","","","Boyerahmadi 60%; Doshmanziyāri 15%; Bahmei 10%; Tayyebi 10%; Standard type Persian 5%","Fatemeh Vatanpur, Sirus Faramarzi and Mansour Bozorgmehr, field notes 2024",30.69765,50.46166,
"","365a4a632d1fb65f22fb9b48234d35d0","5-dfb6192e1cb2f9b1aa400992d1d8480c","1171092","","Kohgiluyeh va Boyer Ahmad","","","","","","","","","","","Naqārakhuna-y Filgah","Sirus Faramarzi and Mansour Bozorgmehr, field notes 2024",28,"","","","Boyerahmadi 60%; Doshmanziyāri 15%; Bahmei 10%; Tayyebi 10%; Standard type Persian 5%","Fatemeh Vatanpur, Sirus Faramarzi and Mansour Bozorgmehr, field notes 2024",30.673,50.505,
"","365a4a632d1fb65f22fb9b48234d2e60","3-f9b6ad79a83a7b2275e1964a9acd3d03","1171093","","Kohgiluyeh va Boyer Ahmad","","","","","","","","","","","","",,"","","","",,30.69055,50.43828,
"","365a4a632d1fb65f22fb9b48234d269b","3-b4bebe65e4305b155bef5229d8423482","1171094","","Kohgiluyeh va Boyer Ahmad","","","","","","","","","","","","",,"","","","",,30.598,50.564,
"","365a4a632d1fb65f22fb9b48234d1bbe","5-5f267511a15ca4222f314fd3979f2051","1171095","","Kohgiluyeh va Boyer Ahmad","","","","","","","","","","","Bāgh-e Zilu","Sirus Faramarzi and Mansour Bozorgmehr, field notes 2024",,"","","","Boyerahmadi 60%; Doshmanziyāri 15%; Bahmei 10%; Tayyebi 10%; Standard type Persian 5%","Fatemeh Vatanpur, Sirus Faramarzi and Mansour Bozorgmehr, field notes 2024",30.71138,50.48498,
"","365a4a632d1fb65f22fb9b48234d19b9","5-c6c1bfb0e9aac6e69ed663f2ad5d42a4","1171096","","Kohgiluyeh va Boyer Ahmad","","","","","","","","","","","Bovā-y Soflā","Sirus Faramarzi and Mansour Bozorgmehr, field notes 2024",219,"","","","Boyerahmadi 60%; Doshmanziyāri 15%; Bahmei 10%; Tayyebi 10%; Standard type Persian 5%","Fatemeh Vatanpur, Sirus Faramarzi and Mansour Bozorgmehr, field notes 2024",30.76,50.484,
"","365a4a632d1fb65f22fb9b48234d162d","5-2add127ac8c8025c4d61e8f470083a0d","1171097","","Kohgiluyeh va Boyer Ahmad","","","","","","","","","","","Bovā-y Olyā","Sirus Faramarzi and Mansour Bozorgmehr, field notes 2024",143,"","","","Boyerahmadi 60%; Doshmanziyāri 15%; Bahmei 10%; Tayyebi 10%; Standard type Persian 5%","Fatemeh Vatanpur, Sirus Faramarzi and Mansour Bozorgmehr, field notes 2024",30.777,50.476,
"","365a4a632d1fb65f22fb9b48234d067d","5-915793e051a678bdc38ebf0373d1143b","1171098","","Kohgiluyeh va Boyer Ahmad","","","","","","","","","","","Hoseyn Ābād Rowshan Ābād","Sirus Faramarzi and Mansour Bozorgmehr, field notes 2024",117,"","","","Boyerahmadi 60%; Doshmanziyāri 15%; Bahmei 10%; Tayyebi 10%; Standard type Persian 5%","Fatemeh Vatanpur, Sirus Faramarzi and Mansour Bozorgmehr, field notes 2024",30.723,50.509,
"","365a4a632d1fb65f22fb9b48234d04d2","5-eaa1efca5f64e7acab1ddd8ad2855635","1171099","","Kohgiluyeh va Boyer Ahmad","","","","","","","","","","","Nehzat Ābād","Sirus Faramarzi and Mansour Bozorgmehr, field notes 2024",223,"","","","Boyerahmadi 60%; Doshmanziyāri 15%; Bahmei 10%; Tayyebi 10%; Standard type Persian 5%","Fatemeh Vatanpur, Sirus Faramarzi and Mansour Bozorgmehr, field notes 2024",30.691,50.54,
"","365a4a632d1fb65f22fb9b48234d8d0b","5-a86c2b56dd4d7c445a89f3f7678ea522","1171100","","Kohgiluyeh va Boyer Ahmad","","","","","","","","","","","Khash Ow","Sirus Faramarzi and Mansour Bozorgmehr, field notes 2024",,"","","","Boyerahmadi 60%; Doshmanziyāri 15%; Bahmei 10%; Tayyebi 10%; Standard type Persian 5%","Fatemeh Vatanpur, Sirus Faramarzi and Mansour Bozorgmehr, field notes 2024",30.73414,50.44805,
"","365a4a632d1fb65f22fb9b48234d8c44","5-e875e3759a9caec393fa9826c5dd4a51","1171101","","Kohgiluyeh va Boyer Ahmad","","","","","","","","","","","Dam Tang-e Sowlak","Sirus Faramarzi and Mansour Bozorgmehr, field notes 2024",28,"","","","Boyerahmadi 60%; Doshmanziyāri 15%; Bahmei 10%; Tayyebi 10%; Standard type Persian 5%","Fatemeh Vatanpur, Sirus Faramarzi and Mansour Bozorgmehr, field notes 2024",30.678,50.549,
"","365a4a632d1fb65f22fb9b48234d82bc","3-7255110447b755add432c1c9f07a24ae","1171102","","Kohgiluyeh va Boyer Ahmad","","","","","","","","","","","","",,"","","","",,30.7348,50.46909,
"","365a4a632d1fb65f22fb9b48234d7ffe","5-48a5b8a2c35b3da6c957d7ed64e77363","1171103","","Kohgiluyeh va Boyer Ahmad","","","","","","","","","","","Darvāza-y Karamelā","Sirus Faramarzi and Mansour Bozorgmehr, field notes 2024",,"","","","Boyerahmadi 60%; Doshmanziyāri 15%; Bahmei 10%; Tayyebi 10%; Standard type Persian 5%","Fatemeh Vatanpur, Sirus Faramarzi and Mansour Bozorgmehr, field notes 2024",30.72811,50.46328,
"","365a4a632d1fb65f22fb9b48234d7668","5-bac7461a9c71a756af1190d4d1583b82","1171104","","Kohgiluyeh va Boyer Ahmad","","","","","","","","","","","De Par Qabr-e Kiyāmarz","Sirus Faramarzi and Mansour Bozorgmehr, field notes 2024",31,"","","","Boyerahmadi 60%; Doshmanziyāri 15%; Bahmei 10%; Tayyebi 10%; Standard type Persian 5%","Fatemeh Vatanpur, Sirus Faramarzi and Mansour Bozorgmehr, field notes 2024",30.743,50.507,
"","365a4a632d1fb65f22fb9b48234d68d0","5-08b4fd8331ad1741792b681105b16c46","1171105","","Kohgiluyeh va Boyer Ahmad","","","","","","","","","","","Deh-e Melā Malek","Sirus Faramarzi and Mansour Bozorgmehr, field notes 2024",171,"","","","Boyerahmadi 60%; Doshmanziyāri 15%; Bahmei 10%; Tayyebi 10%; Standard type Persian 5%","Fatemeh Vatanpur, Sirus Faramarzi and Mansour Bozorgmehr, field notes 2024",30.675,50.521,
"","365a4a632d1fb65f22fb9b48234d68bb","3-82b35d49ac0760685bd128e2dd43e1ef","1171106","","Kohgiluyeh va Boyer Ahmad","","","","","","","","","","","","",,"","","","",,30.74823,50.42155,
"","365a4a632d1fb65f22fb9b48234d62a9","5-93155a93d6fc6a930010f08f6e8cd25c","1171107","","Kohgiluyeh va Boyer Ahmad","","","","","","","","","","","Rowshan Ābād","Sirus Faramarzi and Mansour Bozorgmehr, field notes 2024",345,"","","","Boyerahmadi 60%; Doshmanziyāri 15%; Bahmei 10%; Tayyebi 10%; Standard type Persian 5%","Fatemeh Vatanpur, Sirus Faramarzi and Mansour Bozorgmehr, field notes 2024",30.711,50.524,
"","365a4a632d1fb65f22fb9b48234d5a06","5-1a4e4c4b19b867d62e524bc335575fb7","1171108","","Kohgiluyeh va Boyer Ahmad","","","","","","","","","","","Sar Māhur","Sirus Faramarzi and Mansour Bozorgmehr, field notes 2024",65,"","","","Boyerahmadi 60%; Doshmanziyāri 15%; Bahmei 10%; Tayyebi 10%; Standard type Persian 5%","Fatemeh Vatanpur, Sirus Faramarzi and Mansour Bozorgmehr, field notes 2024",30.689,50.525,
"","365a4a632d1fb65f22fb9b48234d4f45","5-cdbb128e9a1a273d5b10309c87de045f","1171109","","Kohgiluyeh va Boyer Ahmad","","","","","","","","","","","Sowlak","Sirus Faramarzi and Mansour Bozorgmehr, field notes 2024",36,"","","","Boyerahmadi 60%; Doshmanziyāri 15%; Bahmei 10%; Tayyebi 10%; Standard type Persian 5%","Fatemeh Vatanpur, Sirus Faramarzi and Mansour Bozorgmehr, field notes 2024",30.671,50.525,
"","365a4a632d1fb65f22fb9b48234de71b","3-8e028753f0e99545382f55a826edb7de","1171110","","Kohgiluyeh va Boyer Ahmad","","","","","","","","","","","","",,"","","","",,30.75185,50.43459,
"","365a4a632d1fb65f22fb9b48234dde70","3-18f1f8cb6736b03615a729863a986b6c","1171111","","Kohgiluyeh va Boyer Ahmad","","","","","","","","","","","","",,"","","","",,30.69357,50.50187,
"","365a4a632d1fb65f22fb9b48234ddb8e","5-ceec1d8aa7324a35508e3742de143919","1171112","","Kohgiluyeh va Boyer Ahmad","","","","","","","","","","","Kalā Ghārun","Sirus Faramarzi and Mansour Bozorgmehr, field notes 2024",,"","","","Boyerahmadi 60%; Doshmanziyāri 15%; Bahmei 10%; Tayyebi 10%; Standard type Persian 5%","Fatemeh Vatanpur, Sirus Faramarzi and Mansour Bozorgmehr, field notes 2024",30.71172,50.49643,
"","365a4a632d1fb65f22fb9b48234dd2f7","3-41e1e383a06b64ee73007697723bbec4","1171113","","Kohgiluyeh va Boyer Ahmad","","","","","","","","","","","","",,"","","","",,30.74106,50.49995,
"","365a4a632d1fb65f22fb9b48234dccc8","5-1c49bea8a224ae0097820f5eaa4ae4fc","1171114","","Kohgiluyeh va Boyer Ahmad","","","","","","","","","","","Mohammad Ābād","Sirus Faramarzi and Mansour Bozorgmehr, field notes 2024",54,"","","","Boyerahmadi 60%; Doshmanziyāri 15%; Bahmei 10%; Tayyebi 10%; Standard type Persian 5%","Fatemeh Vatanpur, Sirus Faramarzi and Mansour Bozorgmehr, field notes 2024",30.72,50.48,
"","365a4a632d1fb65f22fb9b48234dc4da","3-abe88c9ec8ed51955011962702279028","1171115","","Kohgiluyeh va Boyer Ahmad","","","","","","","","","","","","",,"","","","",,30.75889,50.42947,
"","365a4a632d1fb65f22fb9b48234dc269","5-f7cd791a0ddabea9cce3f90cd18fa4f7","1171116","","Kohgiluyeh va Boyer Ahmad","","","","","","","","","","","Tsār Meh-e Soflā","Sirus Faramarzi and Mansour Bozorgmehr, field notes 2024",371,"","","","Boyerahmadi 60%; Doshmanziyāri 15%; Bahmei 10%; Tayyebi 10%; Standard type Persian 5%","Fatemeh Vatanpur, Sirus Faramarzi and Mansour Bozorgmehr, field notes 2024",30.765,50.519,
"","365a4a632d1fb65f22fb9b48234db607","5-98d66abc5a57045e0a42ca84093a0c4d","1171117","","Kohgiluyeh va Boyer Ahmad","","","","","","","","","","","Tsengelvā","Sirus Faramarzi and Mansour Bozorgmehr, field notes 2024",1567,"","","","Boyerahmadi 60%; Doshmanziyāri 15%; Bahmei 10%; Tayyebi 10%; Standard type Persian 5%","Fatemeh Vatanpur, Sirus Faramarzi and Mansour Bozorgmehr, field notes 2024",30.807,50.479,
"","365a4a632d1fb65f22fb9b48234da62b","5-b8401480604e3094e104b16faebb0ce1","1171118","","Kohgiluyeh va Boyer Ahmad","","","","","","","","","","","Sar Tsār Meh","Sirus Faramarzi and Mansour Bozorgmehr, field notes 2024",39,"","","","Boyerahmadi 60%; Doshmanziyāri 15%; Bahmei 10%; Tayyebi 10%; Standard type Persian 5%","Fatemeh Vatanpur, Sirus Faramarzi and Mansour Bozorgmehr, field notes 2024",30.797,50.498,
"","365a4a632d1fb65f22fb9b48234d9638","3-ee1d8114fb00076229229d32ac0c3f22","1171119","","Kohgiluyeh va Boyer Ahmad","","","","","","","","","","","","",,"","","","",,30.80143,50.51367,
"","365a4a632d1fb65f22fb9b48234e2999","5-918c733928317967b6eee57eed3f4e3d","1171120","","Kohgiluyeh va Boyer Ahmad","","","","","","","","","","","Tsār Meh-e Olyā","Sirus Faramarzi and Mansour Bozorgmehr, field notes 2024",442,"","","","Boyerahmadi 60%; Doshmanziyāri 15%; Bahmei 10%; Tayyebi 10%; Standard type Persian 5%","Fatemeh Vatanpur, Sirus Faramarzi and Mansour Bozorgmehr, field notes 2024",30.767,50.519,
"","365a4a632d1fb65f22fb9b48234e1ce9","5-8dc62c5b03619353457b009374643154","1171121","","Kohgiluyeh va Boyer Ahmad","","","","","","","","","","","Bordz-e Bahmani","Sirus Faramarzi and Mansour Bozorgmehr, field notes 2024",95,"","","","Boyerahmadi 60%; Doshmanziyāri 15%; Bahmei 10%; Tayyebi 10%; Standard type Persian 5%","Fatemeh Vatanpur, Sirus Faramarzi and Mansour Bozorgmehr, field notes 2024",30.731,50.544,
"","365a4a632d1fb65f22fb9b48234e1497","5-ca5b38e689fd4e3381fd63d1cd4bbc57","1171122","","Kohgiluyeh va Boyer Ahmad","","","","","","","","","","","Bordz Ali Shir","Sirus Faramarzi and Mansour Bozorgmehr, field notes 2024",348,"","","","Boyerahmadi 60%; Doshmanziyāri 15%; Bahmei 10%; Tayyebi 10%; Standard type Persian 5%","Fatemeh Vatanpur, Sirus Faramarzi and Mansour Bozorgmehr, field notes 2024",30.747,50.599,
"","365a4a632d1fb65f22fb9b48234e1402","5-ba66839e903745feaaf36cda5306d964","1171123","","Kohgiluyeh va Boyer Ahmad","","","","","","","","","","","Bordz Ali Shir-e Olyā","Sirus Faramarzi and Mansour Bozorgmehr, field notes 2024",259,"","","","Boyerahmadi 60%; Doshmanziyāri 15%; Bahmei 10%; Tayyebi 10%; Standard type Persian 5%","Fatemeh Vatanpur, Sirus Faramarzi and Mansour Bozorgmehr, field notes 2024",30.759,50.588,
"","365a4a632d1fb65f22fb9b48234e0c81","5-82e1caa92f84325e72baa18b641ee7de","1171124","","Kohgiluyeh va Boyer Ahmad","","","","","","","","","","","Puza-y Koh Bard","Sirus Faramarzi and Mansour Bozorgmehr, field notes 2024",89,"","","","Boyerahmadi 60%; Doshmanziyāri 15%; Bahmei 10%; Tayyebi 10%; Standard type Persian 5%","Fatemeh Vatanpur, Sirus Faramarzi and Mansour Bozorgmehr, field notes 2024",30.728,50.55,
"","365a4a632d1fb65f22fb9b48234e0873","5-e145ac9bda30cd9dd8747e401f4fee46","1171125","","Kohgiluyeh va Boyer Ahmad","","","","","","","","","","","Tsā Bardi, Tsah Bardi","Sirus Faramarzi and Mansour Bozorgmehr, field notes 2024",506,"","","","Boyerahmadi 60%; Doshmanziyāri 15%; Bahmei 10%; Tayyebi 10%; Standard type Persian 5%","Fatemeh Vatanpur, Sirus Faramarzi and Mansour Bozorgmehr, field notes 2024",30.755,50.547,
"","365a4a632d1fb65f22fb9b48234e00ae","5-acd22c5023157ce9fe5a0033e096e7d1","1171126","","Kohgiluyeh va Boyer Ahmad","","","","","","","","","","","Deh Zolfaqār Sar Parri","Sirus Faramarzi and Mansour Bozorgmehr, field notes 2024",38,"","","","Boyerahmadi 60%; Doshmanziyāri 15%; Bahmei 10%; Tayyebi 10%; Standard type Persian 5%","Fatemeh Vatanpur, Sirus Faramarzi and Mansour Bozorgmehr, field notes 2024",30.742,50.519,
"","365a4a632d1fb65f22fb9b48234dfced","5-7b6939b02b72da74019d7f05081e0411","1171127","","Kohgiluyeh va Boyer Ahmad","","","","","","","","","","","Sar Parri","Sirus Faramarzi and Mansour Bozorgmehr, field notes 2024",624,"","","","Boyerahmadi 60%; Doshmanziyāri 15%; Bahmei 10%; Tayyebi 10%; Standard type Persian 5%","Fatemeh Vatanpur, Sirus Faramarzi and Mansour Bozorgmehr, field notes 2024",30.762,50.543,
"","365a4a632d1fb65f22fb9b48234df337","5-9d47f398d1378790f620b1aadb1cdf8f","1171128","","Kohgiluyeh va Boyer Ahmad","","","","","","","","","","","Nesa-y Koh Bard","Sirus Faramarzi and Mansour Bozorgmehr, field notes 2024",46,"","","","Boyerahmadi 60%; Doshmanziyāri 15%; Bahmei 10%; Tayyebi 10%; Standard type Persian 5%","Fatemeh Vatanpur, Sirus Faramarzi and Mansour Bozorgmehr, field notes 2024",30.715,50.596,
"","365a4a632d1fb65f22fb9b48234dec49","5-fa247363f8695bd56c453876619448ac","1171129","","Kohgiluyeh va Boyer Ahmad","","","","","","","","","","","Emāmzāda Mahmad","Sirus Faramarzi and Mansour Bozorgmehr, field notes 2024",,"","","","Boyerahmadi 60%; Doshmanziyāri 15%; Bahmei 10%; Tayyebi 10%; Standard type Persian 5%","Fatemeh Vatanpur, Sirus Faramarzi and Mansour Bozorgmehr, field notes 2024",30.67998,50.61248,
"","365a4a632d1fb65f22fb9b48234e84b3","5-00b1ad7b97d0843f26ad09e1a6bcccff","1171130","","Kohgiluyeh va Boyer Ahmad","","","","","","","","","","","Belar Bisha","Sirus Faramarzi and Mansour Bozorgmehr, field notes 2024",19,"","","","Boyerahmadi 60%; Doshmanziyāri 15%; Bahmei 10%; Tayyebi 10%; Standard type Persian 5%","Fatemeh Vatanpur, Sirus Faramarzi and Mansour Bozorgmehr, field notes 2024",30.667,50.596,
"","365a4a632d1fb65f22fb9b48234e7923","3-c21f42d9960dd9fc429a33457a9ffa73","1171131","","Kohgiluyeh va Boyer Ahmad","","","","","","","","","","","","",,"","","","",,30.63504,50.67903,
"","365a4a632d1fb65f22fb9b48234e6db2","5-128222bd111e4ae53e56a5cd3d109983","1171132","","Kohgiluyeh va Boyer Ahmad","","","","","","","","","","","Bi Mendzegun","Sirus Faramarzi and Mansour Bozorgmehr, field notes 2024",445,"","","","Boyerahmadi 60%; Doshmanziyāri 15%; Bahmei 10%; Tayyebi 10%; Standard type Persian 5%","Fatemeh Vatanpur, Sirus Faramarzi and Mansour Bozorgmehr, field notes 2024",30.703,50.555,
"","365a4a632d1fb65f22fb9b48234e6cca","3-14162db1c80b4353742a912778b7192e","1171133","","Kohgiluyeh va Boyer Ahmad","","","","","","","","","","","","",,"","","","",,30.71759,50.58512,
"","365a4a632d1fb65f22fb9b48234e61bc","3-16081d1820f184e37e9c63440436ebdd","1171134","","Kohgiluyeh va Boyer Ahmad","","","","","","","","","","","","",,"","","","",,30.73436,50.60783,
"","365a4a632d1fb65f22fb9b48234e5970","5-a21d16606b609da849f1255379ec590a","1171135","","Kohgiluyeh va Boyer Ahmad","","","","","","","","","","","Tsir","Sirus Faramarzi and Mansour Bozorgmehr, field notes 2024",542,"","","","Boyerahmadi 60%; Doshmanziyāri 15%; Bahmei 10%; Tayyebi 10%; Standard type Persian 5%","Fatemeh Vatanpur, Sirus Faramarzi and Mansour Bozorgmehr, field notes 2024",30.694,50.66,
"","365a4a632d1fb65f22fb9b48234e4e3b","3-16cd9ae434338e4284587329c55c3c15","1171136","","Kohgiluyeh va Boyer Ahmad","","","","","","","","","","","","",,"","","","",,30.67457,51.06167,
"","365a4a632d1fb65f22fb9b48234e4634","5-5288904a960ac08a8ecd1c30d7d65592","1171137","","Kohgiluyeh va Boyer Ahmad","","","","","","","","","","","Deh Bali","Sirus Faramarzi and Mansour Bozorgmehr, field notes 2024",16,"","","","Boyerahmadi 60%; Doshmanziyāri 15%; Bahmei 10%; Tayyebi 10%; Standard type Persian 5%","Fatemeh Vatanpur, Sirus Faramarzi and Mansour Bozorgmehr, field notes 2024",30.675,50.585,
"","365a4a632d1fb65f22fb9b48234e41be","5-085b5b8547af28df79acd0e94f314897","1171138","","Kohgiluyeh va Boyer Ahmad","","","","","","","","","","","Deh Balitak Koh Bard","Sirus Faramarzi and Mansour Bozorgmehr, field notes 2024",21,"","","","Boyerahmadi 60%; Doshmanziyāri 15%; Bahmei 10%; Tayyebi 10%; Standard type Persian 5%","Fatemeh Vatanpur, Sirus Faramarzi and Mansour Bozorgmehr, field notes 2024",30.698,50.591,
"","365a4a632d1fb65f22fb9b48234e3929","3-9ee3395786ee325593249ae102efbf66","1171139","","Kohgiluyeh va Boyer Ahmad","","","","","","","","","","","","",,"","","","",,30.69724,50.67818,
"","365a4a632d1fb65f22fb9b48234ed89b","3-6e42d13ac8e1e4df25f4e24c485e40ad","1171140","","Kohgiluyeh va Boyer Ahmad","","","","","","","","","","","","",,"","","","",,30.61218,50.61386,
"","365a4a632d1fb65f22fb9b48234ed114","5-461394e172d1a58b262205ac4fa4a147","1171141","","Kohgiluyeh va Boyer Ahmad","","","","","","","","","","","Qala Dezh Nargesi","Sirus Faramarzi and Mansour Bozorgmehr, field notes 2024",,"","","","Boyerahmadi 60%; Doshmanziyāri 15%; Bahmei 10%; Tayyebi 10%; Standard type Persian 5%","Fatemeh Vatanpur, Sirus Faramarzi and Mansour Bozorgmehr, field notes 2024",30.63574,50.69054,
"","365a4a632d1fb65f22fb9b48234ec817","5-3960a99e8287de14afb9b31d1acbe927","1171142","","Kohgiluyeh va Boyer Ahmad","","","","","","","","","","","Kalge Pahn","Sirus Faramarzi and Mansour Bozorgmehr, field notes 2024",205,"","","","Boyerahmadi 60%; Doshmanziyāri 15%; Bahmei 10%; Tayyebi 10%; Standard type Persian 5%","Fatemeh Vatanpur, Sirus Faramarzi and Mansour Bozorgmehr, field notes 2024",30.679,50.626,
"","365a4a632d1fb65f22fb9b48234ec089","3-59e4e07b07bdd6835020ab5f30e78416","1171143","","Kohgiluyeh va Boyer Ahmad","","","","","","","","","","","","",,"","","","",,30.64494,50.6231,
"","365a4a632d1fb65f22fb9b48234ebe98","3-413b1171d98da9817a83737273c8599f","1171144","","Kohgiluyeh va Boyer Ahmad","","","","","","","","","","","","",,"","","","",,30.63655,50.66678,
"","365a4a632d1fb65f22fb9b48234eb38c","5-974986a0668e55381536d8db5944cf78","1171145","","Kohgiluyeh va Boyer Ahmad","","","","","","","","","","","Dehyasht, Deh Dasht","Sirus Faramarzi and Mansour Bozorgmehr, field notes 2024",57036,"","","","Dehyashti 25%; Doshmanziyāri 20%; Boyerahmadi 15%; Bahmei 10%; Tayyebi 10%; Standard type Persian 10%; Tsorumi 5%; mixed 5%","Fatemeh Vatanpur, Sirus Faramarzi and Mansour Bozorgmehr, field notes 2024",30.795,50.574,
"","365a4a632d1fb65f22fb9b4823727dbf","2-434230f7f2bb6c60cd9deac5fb3c520a","1171146","","Kohgiluyeh va Boyer Ahmad","","","","","","","","","","","","",20746,"","","","",,,,
"","365a4a632d1fb65f22fb9b482373277c","2-948073ad6b2571ea692a0e20d3986e44","1171147","","Kohgiluyeh va Boyer Ahmad","","","","","","","","","","","","",7904,"","","","",,,,
"","365a4a632d1fb65f22fb9b48234eaed6","5-f6ee5c6e38bec3df5b805e8eb8ca4ea8","1171148","","Kohgiluyeh va Boyer Ahmad","","","","","","","","","","","Amir Ābād-e Tahl Āw","Sirus Faramarzi and Mansour Bozorgmehr, field notes 2024",378,"","","","Bahmei 95%; Standard type Persian 5%","Fatemeh Vatanpur, Sirus Faramarzi and Mansour Bozorgmehr, field notes 2024",31.256,50.393,
"","365a4a632d1fb65f22fb9b48234eaa84","5-53695a85c9098616fcb516b60e1ddf19","1171149","","Kohgiluyeh va Boyer Ahmad","","","","","","","","","","","Bāqelādun","Sirus Faramarzi and Mansour Bozorgmehr, field notes 2024",325,"","","","Bahmei 95%; Standard type Persian 5%","Fatemeh Vatanpur, Sirus Faramarzi and Mansour Bozorgmehr, field notes 2024",31.26,50.361,
"","365a4a632d1fb65f22fb9b48234e9c1a","3-c4b6638b0aed16e47bc019ea655dc4f3","1171150","","Kohgiluyeh va Boyer Ahmad","","","","","","","","","","","","",,"","","","",,31.25087,50.40923,
"","365a4a632d1fb65f22fb9b48234e9038","3-0aa3a3ea87f74764d2a1096112dae445","1171151","","Kohgiluyeh va Boyer Ahmad","","","","","","","","","","","","",,"","","","",,31.23519,50.42144,
"","365a4a632d1fb65f22fb9b48234f2a92","5-fa50023036fa78d0dfbbfc4230e231f5","1171152","","Kohgiluyeh va Boyer Ahmad","","","","","","","","","","","Dara Gerru-y Soflā, Deh Gerru-y Soflā","Sirus Faramarzi and Mansour Bozorgmehr, field notes 2024",503,"","","","Bahmei 95%; Standard type Persian 5%","Fatemeh Vatanpur, Sirus Faramarzi and Mansour Bozorgmehr, field notes 2024",31.246,50.376,
"","365a4a632d1fb65f22fb9b48234f1bbc","5-ffa3761726f213cab4d1bca8d3605bd4","1171153","","Kohgiluyeh va Boyer Ahmad","","","","","","","","","","","Dara Gerru-y Olyā, Deh Gerru-y Olyā","Sirus Faramarzi and Mansour Bozorgmehr, field notes 2024",195,"","","","Bahmei 95%; Standard type Persian 5%","Fatemeh Vatanpur, Sirus Faramarzi and Mansour Bozorgmehr, field notes 2024",31.242,50.401,
"","365a4a632d1fb65f22fb9b48234f0cc8","5-08040c503fc19d0b2b22e529c10e8a1e","1171154","","Kohgiluyeh va Boyer Ahmad","","","","","","","","","","","Deh Ghāzi","Sirus Faramarzi and Mansour Bozorgmehr, field notes 2024",273,"","","","Bahmei 95%; Standard type Persian 5%","Fatemeh Vatanpur, Sirus Faramarzi and Mansour Bozorgmehr, field notes 2024",31.259,50.385,
"","365a4a632d1fb65f22fb9b48234efef3","5-c7be684e413aa6d6df7276ced2601360","1171155","","Kohgiluyeh va Boyer Ahmad","","","","","","","","","","","Sar Bisha-y Olyā","Sirus Faramarzi and Mansour Bozorgmehr, field notes 2024",369,"","","","Bahmei 95%; Standard type Persian 5%","Fatemeh Vatanpur, Sirus Faramarzi and Mansour Bozorgmehr, field notes 2024",31.266,50.352,
"","365a4a632d1fb65f22fb9b48234efae2","3-4a99cb1132001f02103dd0bf2cc2f0dd","1171156","","Kohgiluyeh va Boyer Ahmad","","","","","","","","","","","","",,"","","","",,31.26337,50.39999,
"","365a4a632d1fb65f22fb9b48234ef8e4","5-a7b5da2b17a1b4a6dca28bad83fb3e66","1171157","","Kohgiluyeh va Boyer Ahmad","","","","","","","","","","","Sar Ghol","Sirus Faramarzi and Mansour Bozorgmehr, field notes 2024",217,"","","","Bahmei 95%; Standard type Persian 5%","Fatemeh Vatanpur, Sirus Faramarzi and Mansour Bozorgmehr, field notes 2024",31.225,50.395,
"","365a4a632d1fb65f22fb9b48234eef21","5-44770af3f175366aad8b40e45e5cb5a1","1171158","","Kohgiluyeh va Boyer Ahmad","","","","","","","","","","","Sar Tuf","Sirus Faramarzi and Mansour Bozorgmehr, field notes 2024",36,"","","","Bahmei 95%; Standard type Persian 5%","Fatemeh Vatanpur, Sirus Faramarzi and Mansour Bozorgmehr, field notes 2024",31.248,50.385,
"","365a4a632d1fb65f22fb9b48234eee40","5-26c1fd709aa639e5242526b7ee56f56b","1171159","","Kohgiluyeh va Boyer Ahmad","","","","","","","","","","","Lāva-y Pā Tol","Sirus Faramarzi and Mansour Bozorgmehr, field notes 2024",406,"","","","Bahmei 95%; Standard type Persian 5%","Fatemeh Vatanpur, Sirus Faramarzi and Mansour Bozorgmehr, field notes 2024",31.25,50.367,
"","365a4a632d1fb65f22fb9b48234ee5e6","3-2cca2d8f8ad1c3e2dfe50f492b620e7c","1171160","","Kohgiluyeh va Boyer Ahmad","","","","","","","","","","","","",,"","","","",,31.24288,50.38821,
"","365a4a632d1fb65f22fb9b48234ede34","5-158b07636bff515099002e887921d7fc","1171161","","Kohgiluyeh va Boyer Ahmad","","","","","","","","","","","Emāmzāya Mir Sālār-e Fārteq","Sirus Faramarzi and Mansour Bozorgmehr, field notes 2024",289,"","","","Bahmei 95%; Standard type Persian 5%","Fatemeh Vatanpur, Sirus Faramarzi and Mansour Bozorgmehr, field notes 2024",31.283,50.445,
"","365a4a632d1fb65f22fb9b48234f6c07","5-d98777e3dc84b97d02d8f73f2a50dfb2","1171162","","Kohgiluyeh va Boyer Ahmad","","","","","","","","","","","Yāsini Fārteq","Sirus Faramarzi and Mansour Bozorgmehr, field notes 2024",,"","","","Bahmei 95%; Standard type Persian 5%","Fatemeh Vatanpur, Sirus Faramarzi and Mansour Bozorgmehr, field notes 2024",31.2696,50.43841,
"","365a4a632d1fb65f22fb9b48234f6bff","5-0d2d41447956c326abedf4a094c009e2","1171163","","Kohgiluyeh va Boyer Ahmad","","","","","","","","","","","Bongir","Sirus Faramarzi and Mansour Bozorgmehr, field notes 2024",47,"","","","Bahmei 95%; Standard type Persian 5%","Fatemeh Vatanpur, Sirus Faramarzi and Mansour Bozorgmehr, field notes 2024",31.256,50.455,
"","365a4a632d1fb65f22fb9b48234f6a36","5-fd899511458a1b351349a561e407431d","1171164","","Kohgiluyeh va Boyer Ahmad","","","","","","","","","","","Pas Āsyow-e Fārtek","Sirus Faramarzi and Mansour Bozorgmehr, field notes 2024",64,"","","","Bahmei 95%; Standard type Persian 5%","Fatemeh Vatanpur, Sirus Faramarzi and Mansour Bozorgmehr, field notes 2024",31.28,50.449,
"","365a4a632d1fb65f22fb9b48234f61f7","5-2ea05cb4ac0feb4106b67c5309ae3816","1171165","","Kohgiluyeh va Boyer Ahmad","","","","","","","","","","","Tahlazār-e Soflā","Sirus Faramarzi and Mansour Bozorgmehr, field notes 2024",,"","","","Bahmei 95%; Standard type Persian 5%","Fatemeh Vatanpur, Sirus Faramarzi and Mansour Bozorgmehr, field notes 2024",31.26639,50.43925,
"","365a4a632d1fb65f22fb9b48234f5703","5-e7047c5c9c1977b5a093198ec32142da","1171166","","Kohgiluyeh va Boyer Ahmad","","","","","","","","","","","Tahlazār-e Olyā","Sirus Faramarzi and Mansour Bozorgmehr, field notes 2024",,"","","","Bahmei 95%; Standard type Persian 5%","Fatemeh Vatanpur, Sirus Faramarzi and Mansour Bozorgmehr, field notes 2024",31.26195,50.43583,
"","365a4a632d1fb65f22fb9b48234f4df8","5-40e18c79bf15178416882b477873ff96","1171167","","Kohgiluyeh va Boyer Ahmad","","","","","","","","","","","Tang Andzir-e Dishmōk","Sirus Faramarzi and Mansour Bozorgmehr, field notes 2024",51,"","","","Bahmei 95%; Standard type Persian 5%","Fatemeh Vatanpur, Sirus Faramarzi and Mansour Bozorgmehr, field notes 2024",31.3,50.411,
"","365a4a632d1fb65f22fb9b48234f458f","5-328d3111ee8dd4c53c85d53ea6db472f","1171168","","Kohgiluyeh va Boyer Ahmad","","","","","","","","","","","Tang-e Gur Dālu-y Dishmōk","Sirus Faramarzi and Mansour Bozorgmehr, field notes 2024",139,"","","","Bahmei 95%; Standard type Persian 5%","Fatemeh Vatanpur, Sirus Faramarzi and Mansour Bozorgmehr, field notes 2024",31.285,50.426,
"","365a4a632d1fb65f22fb9b48234f4511","5-96046de2dc3c049aa2e5528e57079816","1171169","","Kohgiluyeh va Boyer Ahmad","","","","","","","","","","","Daravār-e Fārtek","Sirus Faramarzi and Mansour Bozorgmehr, field notes 2024",288,"","","","Bahmei 95%; Standard type Persian 5%","Fatemeh Vatanpur, Sirus Faramarzi and Mansour Bozorgmehr, field notes 2024",31.273,50.433,
"","365a4a632d1fb65f22fb9b48234f3aa8","5-9b910385ae8b7e9b4d5d548018edfab1","1171170","","Kohgiluyeh va Boyer Ahmad","","","","","","","","","","","Di Ahmad","Sirus Faramarzi and Mansour Bozorgmehr, field notes 2024",259,"","","","Bahmei 95%; Standard type Persian 5%","Fatemeh Vatanpur, Sirus Faramarzi and Mansour Bozorgmehr, field notes 2024",31.307,50.364,
"","365a4a632d1fb65f22fb9b48234f2c44","5-182696db7771a0ff7fddf9fe468cd780","1171171","","Kohgiluyeh va Boyer Ahmad","","","","","","","","","","","Sar Put-e Fārtek","Sirus Faramarzi and Mansour Bozorgmehr, field notes 2024",26,"","","","Bahmei 95%; Standard type Persian 5%","Fatemeh Vatanpur, Sirus Faramarzi and Mansour Bozorgmehr, field notes 2024",31.284,50.454,
"","365a4a632d1fb65f22fb9b48234fb5f3","5-41d794dcfc6c3cd557433fcd44dfae63","1171172","","Kohgiluyeh va Boyer Ahmad","","","","","","","","","","","Kalāt-e Bena-y Ra-ye Dezal, Kalāt-e Bona-y Ra-ye Dezal","Sirus Faramarzi and Mansour Bozorgmehr, field notes 2024",141,"","","","Bahmei 95%; Standard type Persian 5%","Fatemeh Vatanpur, Sirus Faramarzi and Mansour Bozorgmehr, field notes 2024",31.267,50.445,
"","365a4a632d1fb65f22fb9b48234fb42a","5-bca3a72eb71bb574a2183e6a1dda4f1c","1171173","","Kohgiluyeh va Boyer Ahmad","","","","","","","","","","","Garrāw-e Dishmōk","Sirus Faramarzi and Mansour Bozorgmehr, field notes 2024",443,"","","","Bahmei 95%; Standard type Persian 5%","Fatemeh Vatanpur, Sirus Faramarzi and Mansour Bozorgmehr, field notes 2024",31.293,50.411,
"","365a4a632d1fb65f22fb9b48234fb226","5-061048d430a4ad35e8a61f8a8f01bc58","1171174","","Kohgiluyeh va Boyer Ahmad","","","","","","","","","","","Nesa-y Tahlazār Guruk-e Olyā","Sirus Faramarzi and Mansour Bozorgmehr, field notes 2024",,"","","","Bahmei 95%; Standard type Persian 5%","Fatemeh Vatanpur, Sirus Faramarzi and Mansour Bozorgmehr, field notes 2024",31.25586,50.44339,
"","365a4a632d1fb65f22fb9b48234faa31","3-c85347471b11c9a4a17db3799b144fe5","1171175","","Kohgiluyeh va Boyer Ahmad","","","","","","","","","","","","",,"","","","",,31.26161,50.44278,
"","365a4a632d1fb65f22fb9b48234fa074","5-a3056617cb9ecedf6c53c17e28f7c7e3","1171176","","Kohgiluyeh va Boyer Ahmad","","","","","","","","","","","Sharāng-e Rong","Sirus Faramarzi and Mansour Bozorgmehr, field notes 2024",101,"","","","Bahmei 95%; Standard type Persian 5%","Fatemeh Vatanpur, Sirus Faramarzi and Mansour Bozorgmehr, field notes 2024",31.314,50.453,
"","365a4a632d1fb65f22fb9b48234f9907","5-9f6a7e969d2b6a1b0bcac5e8dd86d28d","1171177","","Kohgiluyeh va Boyer Ahmad","","","","","","","","","","","Kul Ow Fārtek","Sirus Faramarzi and Mansour Bozorgmehr, field notes 2024",82,"","","","Bahmei 95%; Standard type Persian 5%","Fatemeh Vatanpur, Sirus Faramarzi and Mansour Bozorgmehr, field notes 2024",31.28,50.441,
"","365a4a632d1fb65f22fb9b48234f94d9","5-edea62cc5d600cf079d5132a77c4c7e7","1171178","","Kohgiluyeh va Boyer Ahmad","","","","","","","","","","","Bāgh Kalak","Sirus Faramarzi and Mansour Bozorgmehr, field notes 2024",310,"","","","Bahmei 95%; Standard type Persian 5%","Fatemeh Vatanpur, Sirus Faramarzi and Mansour Bozorgmehr, field notes 2024",31.351,50.398,
"","365a4a632d1fb65f22fb9b48234f8cb2","5-a0ca03d283bba33473c8f443b56857f1","1171179","","Kohgiluyeh va Boyer Ahmad","","","","","","","","","","","Bard Espid-e Mowr Derāz","Sirus Faramarzi and Mansour Bozorgmehr, field notes 2024",94,"","","","Bahmei 95%; Standard type Persian 5%","Fatemeh Vatanpur, Sirus Faramarzi and Mansour Bozorgmehr, field notes 2024",31.356,50.426,
"","365a4a632d1fb65f22fb9b48234f7ce4","5-232f1e9d0514e2a445d338dc97b52781","1171180","","Kohgiluyeh va Boyer Ahmad","","","","","","","","","","","Bidesun-e Mowr Derāz","Sirus Faramarzi and Mansour Bozorgmehr, field notes 2024",28,"","","","Bahmei 95%; Standard type Persian 5%","Fatemeh Vatanpur, Sirus Faramarzi and Mansour Bozorgmehr, field notes 2024",31.356,50.444,
"","365a4a632d1fb65f22fb9b48234f7b8f","5-ef2b40eedeafce61e3eb2f20474691aa","1171181","","Kohgiluyeh va Boyer Ahmad","","","","","","","","","","","Tang-e Ti","Sirus Faramarzi and Mansour Bozorgmehr, field notes 2024",278,"","","","Bahmei 95%; Standard type Persian 5%","Fatemeh Vatanpur, Sirus Faramarzi and Mansour Bozorgmehr, field notes 2024",31.36,50.371,
"","365a4a632d1fb65f22fb9b4823502759","5-02756c2fea4db0e87c0d487d26e5474b","1171182","","Kohgiluyeh va Boyer Ahmad","","","","","","","","","","","Tang Sohta-y Lirāw","Sirus Faramarzi and Mansour Bozorgmehr, field notes 2024",89,"","","","Bahmei 95%; Standard type Persian 5%","Fatemeh Vatanpur, Sirus Faramarzi and Mansour Bozorgmehr, field notes 2024",31.358,50.379,
"","365a4a632d1fb65f22fb9b4823501bae","3-2d67c22d227a31d7bbf5b6eff7976b62","1171183","","Kohgiluyeh va Boyer Ahmad","","","","","","","","","","","","",,"","","","",,31.3608,50.33565,
"","365a4a632d1fb65f22fb9b4823500d74","5-806ed6d907aabb569107a22a0b80b0fd","1171184","","Kohgiluyeh va Boyer Ahmad","","","","","","","","","","","Tsendār","Sirus Faramarzi and Mansour Bozorgmehr, field notes 2024",494,"","","","Bahmei 95%; Standard type Persian 5%","Fatemeh Vatanpur, Sirus Faramarzi and Mansour Bozorgmehr, field notes 2024",31.338,50.356,
"","365a4a632d1fb65f22fb9b4823500aa0","5-2dfec3dbab2a0760dae754bb67a66019","1171185","","Kohgiluyeh va Boyer Ahmad","","","","","","","","","","","Tsengel","Sirus Faramarzi and Mansour Bozorgmehr, field notes 2024",56,"","","","Bahmei 95%; Standard type Persian 5%","Fatemeh Vatanpur, Sirus Faramarzi and Mansour Bozorgmehr, field notes 2024",31.366,50.41,
"","365a4a632d1fb65f22fb9b48234ffbda","5-ae278c6fd45e6ed5891515b272ee8c48","1171186","","Kohgiluyeh va Boyer Ahmad","","","","","","","","","","","Dashtak-e Dishmōk","Sirus Faramarzi and Mansour Bozorgmehr, field notes 2024",404,"","","","Bahmei 95%; Standard type Persian 5%","Fatemeh Vatanpur, Sirus Faramarzi and Mansour Bozorgmehr, field notes 2024",31.342,50.39,
"","365a4a632d1fb65f22fb9b48234feedd","5-4af8b0695a0508c2acacea7f76771294","1171187","","Kohgiluyeh va Boyer Ahmad","","","","","","","","","","","Rizak","Sirus Faramarzi and Mansour Bozorgmehr, field notes 2024",60,"","","","Bahmei 95%; Standard type Persian 5%","Fatemeh Vatanpur, Sirus Faramarzi and Mansour Bozorgmehr, field notes 2024",31.326,50.376,
"","365a4a632d1fb65f22fb9b48234fecc6","5-28b7d2fdfe677cca4ff8dc01ea23d96e","1171188","","Kohgiluyeh va Boyer Ahmad","","","","","","","","","","","Sar Bas-e Soflā","Sirus Faramarzi and Mansour Bozorgmehr, field notes 2024",20,"","","","Bahmei 95%; Standard type Persian 5%","Fatemeh Vatanpur, Sirus Faramarzi and Mansour Bozorgmehr, field notes 2024",31.365,50.339,
"","365a4a632d1fb65f22fb9b48234fe017","3-c68f3b27707ca6f44ca6f3ceb3946a5c","1171189","","Kohgiluyeh va Boyer Ahmad","","","","","","","","","","","","",,"","","","",,31.35871,50.34718,
"","365a4a632d1fb65f22fb9b48234fd2b3","5-a9bb5b51fcb02ab5a347f0b254ed9f27","1171190","","Kohgiluyeh va Boyer Ahmad","","","","","","","","","","","Sar Tang Lirāw","Sirus Faramarzi and Mansour Bozorgmehr, field notes 2024",91,"","","","Bahmei 95%; Standard type Persian 5%","Fatemeh Vatanpur, Sirus Faramarzi and Mansour Bozorgmehr, field notes 2024",31.3874,50.36556,
"","365a4a632d1fb65f22fb9b48234fc3ca","5-d516d3bf58ee0ddfad3387956015863e","1171191","","Kohgiluyeh va Boyer Ahmad","","","","","","","","","","","Sar Gats","Sirus Faramarzi and Mansour Bozorgmehr, field notes 2024",259,"","","","Bahmei 95%; Standard type Persian 5%","Fatemeh Vatanpur, Sirus Faramarzi and Mansour Bozorgmehr, field notes 2024",31.365,50.309,
"","365a4a632d1fb65f22fb9b48235092e9","3-d8f41b6fadcac7d2e9edd3ef63a3a67d","1171192","","Kohgiluyeh va Boyer Ahmad","","","","","","","","","","","","",,"","","","",,31.3559,50.43205,
"","365a4a632d1fb65f22fb9b48235083dd","3-7b01bb719dbf0ffee20cd3fc58f8b8ef","1171193","","Kohgiluyeh va Boyer Ahmad","","","","","","","","","","","","",,"","","","",,31.37561,50.35098,
"","365a4a632d1fb65f22fb9b482350781e","5-35ec272beffacb0c270e17e1cb275a17","1171194","","Kohgiluyeh va Boyer Ahmad","","","","","","","","","","","Lirāw","Sirus Faramarzi and Mansour Bozorgmehr, field notes 2024",555,"","","","Bahmei 95%; Standard type Persian 5%","Fatemeh Vatanpur, Sirus Faramarzi and Mansour Bozorgmehr, field notes 2024",31.408,50.382,
"","365a4a632d1fb65f22fb9b482350699d","5-f5109b182bf4f86694d45b4043ef4d49","1171195","","Kohgiluyeh va Boyer Ahmad","","","","","","","","","","","La-y Lā Shōn","Sirus Faramarzi and Mansour Bozorgmehr, field notes 2024",25,"","","","Bahmei 95%; Standard type Persian 5%","Fatemeh Vatanpur, Sirus Faramarzi and Mansour Bozorgmehr, field notes 2024",31.358,50.332,
"","365a4a632d1fb65f22fb9b4823506671","5-d564a814aaea9e78e4bb995d42b58340","1171196","","Kohgiluyeh va Boyer Ahmad","","","","","","","","","","","Mowr Khāni","Sirus Faramarzi and Mansour Bozorgmehr, field notes 2024",327,"","","","Bahmei 95%; Standard type Persian 5%","Fatemeh Vatanpur, Sirus Faramarzi and Mansour Bozorgmehr, field notes 2024",31.352,50.457,
"","365a4a632d1fb65f22fb9b4823505c3d","5-73a2340435d08dbea9c07fb95a8e40b3","1171197","","Kohgiluyeh va Boyer Ahmad","","","","","","","","","","","Mowr Derāz","Sirus Faramarzi and Mansour Bozorgmehr, field notes 2024",69,"","","","Bahmei 95%; Standard type Persian 5%","Fatemeh Vatanpur, Sirus Faramarzi and Mansour Bozorgmehr, field notes 2024",31.363,50.418,
"","365a4a632d1fb65f22fb9b48235051f6","5-3f207b7bad53295f385a8291fda50e19","1171198","","Kohgiluyeh va Boyer Ahmad","","","","","","","","","","","Nesa-y Tōvis","Sirus Faramarzi and Mansour Bozorgmehr, field notes 2024",80,"","","","Bahmei 95%; Standard type Persian 5%","Fatemeh Vatanpur, Sirus Faramarzi and Mansour Bozorgmehr, field notes 2024",31.336,50.433,
"","365a4a632d1fb65f22fb9b4823504397","3-181d2d3a27df42b3afeb92543bbdd19a","1171199","","Kohgiluyeh va Boyer Ahmad","","","","","","","","","","","","",,"","","","",,31.37394,50.39758,
"","365a4a632d1fb65f22fb9b482350420d","3-eb866d2f9e6427c84c6c204626882222","1171200","","Kohgiluyeh va Boyer Ahmad","","","","","","","","","","","","",,"","","","",,31.34982,50.44015,
"","365a4a632d1fb65f22fb9b4823731969","2-194d7f290a5e40e4cd213d6c45015994","1171201","","Kohgiluyeh va Boyer Ahmad","","","","","","","","","","","","",6650,"","","","",,,,
"","365a4a632d1fb65f22fb9b4823503502","5-3246c8d7421ae6285545bfeb86fb8490","1171202","","Kohgiluyeh va Boyer Ahmad","","","","","","","","","","","Tang-e Kushk","Sirus Faramarzi and Mansour Bozorgmehr, field notes 2024",219,"","","","Bahmei 95%; Standard type Persian 5%","Fatemeh Vatanpur, Sirus Faramarzi and Mansour Bozorgmehr, field notes 2024",31.222,50.326,
"","365a4a632d1fb65f22fb9b482350ecf9","5-e8cc1d5cc4a6eb7902d69f992322d9cd","1171203","","Kohgiluyeh va Boyer Ahmad","","","","","","","","","","","Darghak","Sirus Faramarzi and Mansour Bozorgmehr, field notes 2024",1222,"","","","Bahmei 95%; Standard type Persian 5%","Fatemeh Vatanpur, Sirus Faramarzi and Mansour Bozorgmehr, field notes 2024",31.22,50.347,
"","365a4a632d1fb65f22fb9b482350e026","5-30dfa0e4e4cd697f794c9ec838b36cd0","1171204","","Kohgiluyeh va Boyer Ahmad","","","","","","","","","","","Deh Nu-ye Darghak","Sirus Faramarzi and Mansour Bozorgmehr, field notes 2024",192,"","","","Bahmei 95%; Standard type Persian 5%","Fatemeh Vatanpur, Sirus Faramarzi and Mansour Bozorgmehr, field notes 2024",31.081,50.923,
"","365a4a632d1fb65f22fb9b482350d44c","5-c144646f56ff3535ad3c483f73f70fbf","1171205","","Kohgiluyeh va Boyer Ahmad","","","","","","","","","","","Rostam Zamōni","Sirus Faramarzi and Mansour Bozorgmehr, field notes 2024",79,"","","","Bahmei 95%; Standard type Persian 5%","Fatemeh Vatanpur, Sirus Faramarzi and Mansour Bozorgmehr, field notes 2024",31.241,50.317,
"","365a4a632d1fb65f22fb9b482350c60b","5-f1c3664ff820f91014151136346ebe10","1171206","","Kohgiluyeh va Boyer Ahmad","","","","","","","","","","","Shah Vali","Sirus Faramarzi and Mansour Bozorgmehr, field notes 2024",80,"","","","Bahmei 95%; Standard type Persian 5%","Fatemeh Vatanpur, Sirus Faramarzi and Mansour Bozorgmehr, field notes 2024",31.269,50.311,
"","365a4a632d1fb65f22fb9b482350bd81","5-bde2c9792b4558b7336c5ee29ea89076","1171207","","Kohgiluyeh va Boyer Ahmad","","","","","","","","","","","Kushk Tahl-e Darghak","Sirus Faramarzi and Mansour Bozorgmehr, field notes 2024",60,"","","","Bahmei 95%; Standard type Persian 5%","Fatemeh Vatanpur, Sirus Faramarzi and Mansour Bozorgmehr, field notes 2024",31.229,50.339,
"","365a4a632d1fb65f22fb9b482350b604","5-a7cb80868b6563706631866325fcc2fa","1171208","","Kohgiluyeh va Boyer Ahmad","","","","","","","","","","","Pā Tāva-y Ruy Sema","Sirus Faramarzi and Mansour Bozorgmehr, field notes 2024",505,"","","","Bahmei 95%; Standard type Persian 5%","Fatemeh Vatanpur, Sirus Faramarzi and Mansour Bozorgmehr, field notes 2024",31.314,50.297,
"","365a4a632d1fb65f22fb9b482350ab8b","5-141d32f99ae7e8302013ee76ba96d08c","1171209","","Kohgiluyeh va Boyer Ahmad","","","","","","","","","","","Pā-ye Par Ruy Sema","Sirus Faramarzi and Mansour Bozorgmehr, field notes 2024",110,"","","","Bahmei 95%; Standard type Persian 5%","Fatemeh Vatanpur, Sirus Faramarzi and Mansour Bozorgmehr, field notes 2024",31.328,50.282,
"","365a4a632d1fb65f22fb9b482350a0c5","3-284ab188aa4edfbde7ebe3608a02a401","1171210","","Kohgiluyeh va Boyer Ahmad","","","","","","","","","","","","",,"","","","",,31.32831,50.27534,
"","365a4a632d1fb65f22fb9b4823509d91","5-1044dc536d6345ca404c3d64b5b1d137","1171211","","Kohgiluyeh va Boyer Ahmad","","","","","","","","","","","Hayōti","Sirus Faramarzi and Mansour Bozorgmehr, field notes 2024",26,"","","","Bahmei 95%; Standard type Persian 5%","Fatemeh Vatanpur, Sirus Faramarzi and Mansour Bozorgmehr, field notes 2024",31.301,50.271,
"","365a4a632d1fb65f22fb9b4823509ac3","3-a8bfd8ba0508cb9f574ff89d0b46c87c","1171212","","Kohgiluyeh va Boyer Ahmad","","","","","","","","","","","","",,"","","","",,31.27766,50.31399,
"","365a4a632d1fb65f22fb9b4823514468","5-eecd677993b904da72039f25f7edf3f3","1171213","","Kohgiluyeh va Boyer Ahmad","","","","","","","","","","","Deli","Sirus Faramarzi and Mansour Bozorgmehr, field notes 2024",506,"","","","Bahmei 95%; Standard type Persian 5%","Fatemeh Vatanpur, Sirus Faramarzi and Mansour Bozorgmehr, field notes 2024",31.308,50.33,
"","365a4a632d1fb65f22fb9b4823513728","5-e3aca3f7f6e64a1e636abe6df78f25c5","1171214","","Kohgiluyeh va Boyer Ahmad","","","","","","","","","","","Deh Tol","Sirus Faramarzi and Mansour Bozorgmehr, field notes 2024",430,"","","","Bahmei 95%; Standard type Persian 5%","Fatemeh Vatanpur, Sirus Faramarzi and Mansour Bozorgmehr, field notes 2024",31.278,50.324,
"","365a4a632d1fb65f22fb9b4823513397","3-9a1ad38fc8c223854e79355bbec10a49","1171215","","Kohgiluyeh va Boyer Ahmad","","","","","","","","","","","","",,"","","","",,31.28693,50.32857,
"","365a4a632d1fb65f22fb9b4823513021","5-b0c156d2ed7c2fd4f810016327792edc","1171216","","Kohgiluyeh va Boyer Ahmad","","","","","","","","","","","Ruy Sema","Sirus Faramarzi and Mansour Bozorgmehr, field notes 2024",105,"","","","Bahmei 95%; Standard type Persian 5%","Fatemeh Vatanpur, Sirus Faramarzi and Mansour Bozorgmehr, field notes 2024",31.313,50.272,
"","365a4a632d1fb65f22fb9b4823512a71","5-e380db025834290de49885f7c7e8bc24","1171217","","Kohgiluyeh va Boyer Ahmad","","","","","","","","","","","Sar Bisha-y Soflā","Sirus Faramarzi and Mansour Bozorgmehr, field notes 2024",142,"","","","Bahmei 95%; Standard type Persian 5%","Fatemeh Vatanpur, Sirus Faramarzi and Mansour Bozorgmehr, field notes 2024",31.272,50.344,
"","365a4a632d1fb65f22fb9b48235120e5","5-623b16c765add1bc9ccd279e8b99cf68","1171218","","Kohgiluyeh va Boyer Ahmad","","","","","","","","","","","Sar Par","Sirus Faramarzi and Mansour Bozorgmehr, field notes 2024",211,"","","","Bahmei 95%; Standard type Persian 5%","Fatemeh Vatanpur, Sirus Faramarzi and Mansour Bozorgmehr, field notes 2024",31.309,50.291,
"","365a4a632d1fb65f22fb9b4823511d9a","5-bca3b715b13392c9eba93005f76bf9e4","1171219","","Kohgiluyeh va Boyer Ahmad","","","","","","","","","","","Sar Tel Mela-y Gahar","Sirus Faramarzi and Mansour Bozorgmehr, field notes 2024",41,"","","","Bahmei 95%; Standard type Persian 5%","Fatemeh Vatanpur, Sirus Faramarzi and Mansour Bozorgmehr, field notes 2024",31.318,50.365,
"","365a4a632d1fb65f22fb9b4823510e13","5-d83c55eb28ba3216df7e460236c743b2","1171220","","Kohgiluyeh va Boyer Ahmad","","","","","","","","","","","Sar Sar Ruy Sema","Sirus Faramarzi and Mansour Bozorgmehr, field notes 2024",60,"","","","Bahmei 95%; Standard type Persian 5%","Fatemeh Vatanpur, Sirus Faramarzi and Mansour Bozorgmehr, field notes 2024",31.31,50.287,
"","365a4a632d1fb65f22fb9b48235103d6","5-1461c445f59fe749c271e66e0c2335c4","1171221","","Kohgiluyeh va Boyer Ahmad","","","","","","","","","","","Sarhang","Sirus Faramarzi and Mansour Bozorgmehr, field notes 2024",161,"","","","Bahmei 95%; Standard type Persian 5%","Fatemeh Vatanpur, Sirus Faramarzi and Mansour Bozorgmehr, field notes 2024",31.303,50.252,
"","365a4a632d1fb65f22fb9b482350f3e9","5-d4d028ce01f8a0f50c2cb2ecc12a3528","1171222","","Kohgiluyeh va Boyer Ahmad","","","","","","","","","","","Shahsavāri","Sirus Faramarzi and Mansour Bozorgmehr, field notes 2024",87,"","","","Bahmei 95%; Standard type Persian 5%","Fatemeh Vatanpur, Sirus Faramarzi and Mansour Bozorgmehr, field notes 2024",31.29,50.319,
"","365a4a632d1fb65f22fb9b4823519700","5-3f8a5f9dd031f303392cbd5e4ba447a0","1171223","","Kohgiluyeh va Boyer Ahmad","","","","","","","","","","","Gowdeban","Sirus Faramarzi and Mansour Bozorgmehr, field notes 2024",118,"","","","Bahmei 95%; Standard type Persian 5%","Fatemeh Vatanpur, Sirus Faramarzi and Mansour Bozorgmehr, field notes 2024",31.297,50.309,
"","365a4a632d1fb65f22fb9b4823518855","3-4e7780bb930925bd8082a959a5b4e2ce","1171224","","Kohgiluyeh va Boyer Ahmad","","","","","","","","","","","","",,"","","","",,31.30736,50.27642,
"","365a4a632d1fb65f22fb9b482351860c","5-039c0132297d9c2965e6633197918a33","1171225","","Kohgiluyeh va Boyer Ahmad","","","","","","","","","","","Esfandun","Sirus Faramarzi and Mansour Bozorgmehr, field notes 2024",952,"","","","Bahmei 95%; Standard type Persian 5%","Fatemeh Vatanpur, Sirus Faramarzi and Mansour Bozorgmehr, field notes 2024",31.283,50.289,
"","365a4a632d1fb65f22fb9b4823517d0a","5-c6dacb81043e421ac970e4ef203616d6","1171226","","Kohgiluyeh va Boyer Ahmad","","","","","","","","","","","Dam Ruy Ayōk Dār Khiyāri","Sirus Faramarzi and Mansour Bozorgmehr, field notes 2024",34,"","","","Bahmei 95%; Standard type Persian 5%","Fatemeh Vatanpur, Sirus Faramarzi and Mansour Bozorgmehr, field notes 2024",31.284,50.265,
"","365a4a632d1fb65f22fb9b4823517551","3-83bc6f554f60b124114ab455e6d163ea","1171227","","Kohgiluyeh va Boyer Ahmad","","","","","","","","","","","","",,"","","","",,31.26701,50.26333,
"","365a4a632d1fb65f22fb9b4823516bf4","5-094c76669a19c23d6ac6a008ecbe8004","1171228","","Kohgiluyeh va Boyer Ahmad","","","","","","","","","","","Ruy Ayōk Dār Khiyāri","Sirus Faramarzi and Mansour Bozorgmehr, field notes 2024",419,"","","","Bahmei 95%; Standard type Persian 5%","Fatemeh Vatanpur, Sirus Faramarzi and Mansour Bozorgmehr, field notes 2024",31.269,50.281,
"","365a4a632d1fb65f22fb9b48235162cb","5-c322639516aab5069057dde5cba0bb5a","1171229","","Kohgiluyeh va Boyer Ahmad","","","","","","","","","","","Sardu-y Soflā","Sirus Faramarzi and Mansour Bozorgmehr, field notes 2024",422,"","","","Bahmei 95%; Standard type Persian 5%","Fatemeh Vatanpur, Sirus Faramarzi and Mansour Bozorgmehr, field notes 2024",31.288,50.219,
"","365a4a632d1fb65f22fb9b48235158b5","5-acd3db95e95bedfef139546e74dc76ff","1171230","","Kohgiluyeh va Boyer Ahmad","","","","","","","","","","","Sardu-y Olyā","Sirus Faramarzi and Mansour Bozorgmehr, field notes 2024",321,"","","","Bahmei 95%; Standard type Persian 5%","Fatemeh Vatanpur, Sirus Faramarzi and Mansour Bozorgmehr, field notes 2024",31.284,50.228,
"","365a4a632d1fb65f22fb9b4823514cb9","3-c5c79f0a6eaf3ea193da0f2d6ffc9aa2","1171231","","Kohgiluyeh va Boyer Ahmad","","","","","","","","","","","","",,"","","","",,31.27615,50.2477,
"","365a4a632d1fb65f22fb9b4823514c53","5-0c5e06661ff5cb174717dfe31c72f369","1171232","","Kohgiluyeh va Boyer Ahmad","","","","","","","","","","","Māza-y Faradz Esfandun","Sirus Faramarzi and Mansour Bozorgmehr, field notes 2024",148,"","","","Bahmei 95%; Standard type Persian 5%","Fatemeh Vatanpur, Sirus Faramarzi and Mansour Bozorgmehr, field notes 2024",31.272,50.285,
"","365a4a632d1fb65f22fb9b4823731223","2-191a95921b828a3268ccb204293895a4","1171233","","Kohgiluyeh va Boyer Ahmad","","","","","","","","","","","","",401,"","","","",,,,
"","365a4a632d1fb65f22fb9b482351ec57","3-6b26478249279b280d4ca6573cc0c13f","1171234","","Kohgiluyeh va Boyer Ahmad","","","","","","","","","","","","",,"","","","",,31.21926,50.70118,
"","365a4a632d1fb65f22fb9b482351e01c","3-bce31e3a28d5cfe3bb601326bf57dfb4","1171235","","Kohgiluyeh va Boyer Ahmad","","","","","","","","","","","","",,"","","","",,31.31679,50.54958,
"","365a4a632d1fb65f22fb9b482351db7e","5-89c863c86b271b0da9a42d5576a3dfdc","1171236","","Kohgiluyeh va Boyer Ahmad","","","","","","","","","","","Pā Tāva-y Ā Dzam","Sirus Faramarzi and Mansour Bozorgmehr, field notes 2024",23,"","","","Bahmei 95%; Standard type Persian 5%","Fatemeh Vatanpur, Sirus Faramarzi and Mansour Bozorgmehr, field notes 2024",31.282,50.64,
"","365a4a632d1fb65f22fb9b482351d5b0","5-c329ba248b96a4e4f2ae07b03c7827ab","1171237","","Kohgiluyeh va Boyer Ahmad","","","","","","","","","","","Tang-e Āsyāw-e Ā Dzam","Sirus Faramarzi and Mansour Bozorgmehr, field notes 2024",,"","","","Bahmei 95%; Standard type Persian 5%","Fatemeh Vatanpur, Sirus Faramarzi and Mansour Bozorgmehr, field notes 2024",31.1837,50.74834,
"","365a4a632d1fb65f22fb9b482351cd06","5-ef4de5c03472637062f04cbf574b4ff6","1171238","","Kohgiluyeh va Boyer Ahmad","","","","","","","","","","","Heydari Ā Dzam","Sirus Faramarzi and Mansour Bozorgmehr, field notes 2024",,"","","","Bahmei 95%; Standard type Persian 5%","Fatemeh Vatanpur, Sirus Faramarzi and Mansour Bozorgmehr, field notes 2024",31.20464,50.72699,
"","365a4a632d1fb65f22fb9b482351c080","3-9ecb7b06fe32d104c844234cab9ffd90","1171239","","Kohgiluyeh va Boyer Ahmad","","","","","","","","","","","","",,"","","","",,31.26133,50.66611,
"","365a4a632d1fb65f22fb9b482351b311","5-2174b004231fde7355d79bebfd36cb82","1171240","","Kohgiluyeh va Boyer Ahmad","","","","","","","","","","","Dara Zeri Ā Dzam","Sirus Faramarzi and Mansour Bozorgmehr, field notes 2024",19,"","","","Bahmei 95%; Standard type Persian 5%","Fatemeh Vatanpur, Sirus Faramarzi and Mansour Bozorgmehr, field notes 2024",31.24,50.686,
"","365a4a632d1fb65f22fb9b482351ad2e","5-698fc73fc4ed987b8895a44526e79c55","1171241","","Kohgiluyeh va Boyer Ahmad","","","","","","","","","","","Ruy-e Rish","Sirus Faramarzi and Mansour Bozorgmehr, field notes 2024",256,"","","","Bahmei 95%; Standard type Persian 5%","Fatemeh Vatanpur, Sirus Faramarzi and Mansour Bozorgmehr, field notes 2024",31.315,50.597,
"","365a4a632d1fb65f22fb9b482351aa3c","5-2ddce43170296d1c6eacfcc71bf47e3e","1171242","","Kohgiluyeh va Boyer Ahmad","","","","","","","","","","","Kiza-y Ā Dzam","Sirus Faramarzi and Mansour Bozorgmehr, field notes 2024",,"","","","Bahmei 95%; Standard type Persian 5%","Fatemeh Vatanpur, Sirus Faramarzi and Mansour Bozorgmehr, field notes 2024",31.23212,50.69872,
"","365a4a632d1fb65f22fb9b482351a267","3-9e84a7ce0cb27a75806a973bda965a01","1171243","","Kohgiluyeh va Boyer Ahmad","","","","","","","","","","","","",,"","","","",,31.27105,50.65661,
"","365a4a632d1fb65f22fb9b482352458e","5-ee55169da850ded6c41ea65b64b19614","1171244","","Kohgiluyeh va Boyer Ahmad","","","","","","","","","","","Leytun-e Ā Dzam","Sirus Faramarzi and Mansour Bozorgmehr, field notes 2024",,"","","","Bahmei 95%; Standard type Persian 5%","Fatemeh Vatanpur, Sirus Faramarzi and Mansour Bozorgmehr, field notes 2024",31.25316,50.68038,
"","365a4a632d1fb65f22fb9b4823524239","5-1b985f2e71552937fd44494a61c0370a","1171245","","Kohgiluyeh va Boyer Ahmad","","","","","","","","","","","Mowri-ye Ā Dzam","Sirus Faramarzi and Mansour Bozorgmehr, field notes 2024",,"","","","Bahmei 95%; Standard type Persian 5%","Fatemeh Vatanpur, Sirus Faramarzi and Mansour Bozorgmehr, field notes 2024",31.25566,50.66096,
"","365a4a632d1fb65f22fb9b48235234a4","5-ea3adc13c431e66a75b948c610e7bd4b","1171246","","Kohgiluyeh va Boyer Ahmad","","","","","","","","","","","Sar Āsyāw-e Ā Dzam","Sirus Faramarzi and Mansour Bozorgmehr, field notes 2024",27,"","","","Bahmei 95%; Standard type Persian 5%","Fatemeh Vatanpur, Sirus Faramarzi and Mansour Bozorgmehr, field notes 2024",31.256,50.664,
"","365a4a632d1fb65f22fb9b48235225ef","5-6cac06d3f59ea271132c913889600bb7","1171247","","Kohgiluyeh va Boyer Ahmad","","","","","","","","","","","Meydun","Sirus Faramarzi and Mansour Bozorgmehr, field notes 2024",27,"","","","Bahmei 95%; Standard type Persian 5%","Fatemeh Vatanpur, Sirus Faramarzi and Mansour Bozorgmehr, field notes 2024",31.292,50.602,
"","365a4a632d1fb65f22fb9b4823521f6e","3-9359c0f664fceba635a35a4ebc7b39f9","1171248","","Kohgiluyeh va Boyer Ahmad","","","","","","","","","","","","",,"","","","",,31.17174,50.72217,
"","365a4a632d1fb65f22fb9b4823521c40","3-a9e358cee165bbeed4f0ed32c7a7bd71","1171249","","Kohgiluyeh va Boyer Ahmad","","","","","","","","","","","","",,"","","","",,31.23731,50.66335,
"","365a4a632d1fb65f22fb9b48235217fa","3-dd567a191438846cb7a56fb5fa17cb23","1171250","","Kohgiluyeh va Boyer Ahmad","","","","","","","","","","","","",,"","","","",,31.24229,50.66875,
"","365a4a632d1fb65f22fb9b4823520a17","3-46f0f3eff04cf4d89fe86d22c0204fed","1171251","","Kohgiluyeh va Boyer Ahmad","","","","","","","","","","","","",,"","","","",,31.14966,50.76892,
"","365a4a632d1fb65f22fb9b48235204be","5-6ddf4ec3cb14ee21d060308a16847bc4","1171252","","Kohgiluyeh va Boyer Ahmad","","","","","","","","","","","Dishmōk","Sirus Faramarzi and Mansour Bozorgmehr, field notes 2024",5791,"","","","Bahmei 85%; Standard type Persian 10%; Tayyebi 5%","Fatemeh Vatanpur, Sirus Faramarzi and Mansour Bozorgmehr, field notes 2024",31.299,50.401,
"","365a4a632d1fb65f22fb9b48237304c3","2-d707499a00cc94d775d3d7f9a9b0cd78","1171253","","Kohgiluyeh va Boyer Ahmad","","","","","","","","","","","","",11655,"","","","",,,,
"","365a4a632d1fb65f22fb9b482373020d","2-908a3fa1390eb731fef01770c95ca845","1171254","","Kohgiluyeh va Boyer Ahmad","","","","","","","","","","","","",4366,"","","","",,,,
"","365a4a632d1fb65f22fb9b482351f99d","5-cda31c3f4a51dbb64b940d73e6f27d7e","1171255","","Kohgiluyeh va Boyer Ahmad","","","","","","","","","","","Rāk","Sirus Faramarzi and Mansour Bozorgmehr, field notes 2024",1848,"","","","Doshmanziyāri 60%; Tayyebi 35%; Standard type Persian 5%","Fatemeh Vatanpur, Sirus Faramarzi and Mansour Bozorgmehr, field notes 2024",30.896,50.511,
"","365a4a632d1fb65f22fb9b4823529f3d","5-842b0598606e59652e25b41e3c43e0f2","1171256","","Kohgiluyeh va Boyer Ahmad","","","","","","","","","","","Dasht-e Māza","Sirus Faramarzi and Mansour Bozorgmehr, field notes 2024",238,"","","","Doshmanziyāri 60%; Tayyebi 35%; Standard type Persian 5%","Fatemeh Vatanpur, Sirus Faramarzi and Mansour Bozorgmehr, field notes 2024",30.863,50.558,
"","365a4a632d1fb65f22fb9b4823529299","5-4a75fce36fe57648698e177dba8ad632","1171257","","Kohgiluyeh va Boyer Ahmad","","","","","","","","","","","De Rizegun","Sirus Faramarzi and Mansour Bozorgmehr, field notes 2024",192,"","","","Doshmanziyāri 60%; Tayyebi 35%; Standard type Persian 5%","Fatemeh Vatanpur, Sirus Faramarzi and Mansour Bozorgmehr, field notes 2024",30.902,50.568,
"","365a4a632d1fb65f22fb9b4823528a64","3-cec029b618802c94585ec48c506c2a6f","1171258","","Kohgiluyeh va Boyer Ahmad","","","","","","","","","","","","",,"","","","",,30.90486,50.57328,
"","365a4a632d1fb65f22fb9b4823528610","5-d5a3c608cd33ad02e235d2b734c074aa","1171259","","Kohgiluyeh va Boyer Ahmad","","","","","","","","","","","Deh-e Mir Yadellāh-e Rāk","Sirus Faramarzi and Mansour Bozorgmehr, field notes 2024",26,"","","","Doshmanziyāri 60%; Tayyebi 35%; Standard type Persian 5%","Fatemeh Vatanpur, Sirus Faramarzi and Mansour Bozorgmehr, field notes 2024",30.886,50.533,
"","365a4a632d1fb65f22fb9b482352825b","5-bfc897658d156ad3b1d96f18dcf6164f","1171260","","Kohgiluyeh va Boyer Ahmad","","","","","","","","","","","Mir Aslān","Sirus Faramarzi and Mansour Bozorgmehr, field notes 2024",24,"","","","Doshmanziyāri 60%; Tayyebi 35%; Standard type Persian 5%","Fatemeh Vatanpur, Sirus Faramarzi and Mansour Bozorgmehr, field notes 2024",30.868,50.544,
"","365a4a632d1fb65f22fb9b4823527283","3-778eb5c8bb95ff1325471c735688c3b4","1171261","","Kohgiluyeh va Boyer Ahmad","","","","","","","","","","","","",,"","","","",,30.894,50.547,
"","365a4a632d1fb65f22fb9b482352657d","5-124e81928a4dcd9306f2bd57ac4b1164","1171262","","Kohgiluyeh va Boyer Ahmad","","","","","","","","","","","Dara Lavak","Sirus Faramarzi and Mansour Bozorgmehr, field notes 2024",435,"","","","Doshmanziyāri 60%; Tayyebi 35%; Standard type Persian 5%","Fatemeh Vatanpur, Sirus Faramarzi and Mansour Bozorgmehr, field notes 2024",30.802,50.532,
"","365a4a632d1fb65f22fb9b4823525e2b","5-97911069b9d2502e9be500d5f2a6bdde","1171263","","Kohgiluyeh va Boyer Ahmad","","","","","","","","","","","Khalifai","Sirus Faramarzi and Mansour Bozorgmehr, field notes 2024",236,"","","","Doshmanziyāri 60%; Tayyebi 35%; Standard type Persian 5%","Fatemeh Vatanpur, Sirus Faramarzi and Mansour Bozorgmehr, field notes 2024",30.863,50.495,
"","365a4a632d1fb65f22fb9b4823525200","5-a7e23c6e875f63cacb041d7ffe40d2e5","1171264","","Kohgiluyeh va Boyer Ahmad","","","","","","","","","","","Dezak","Sirus Faramarzi and Mansour Bozorgmehr, field notes 2024",143,"","","","Doshmanziyāri 60%; Tayyebi 35%; Standard type Persian 5%","Fatemeh Vatanpur, Sirus Faramarzi and Mansour Bozorgmehr, field notes 2024",30.835,50.505,
"","365a4a632d1fb65f22fb9b4823524b02","5-cca1819881252f470bbf0dc9e5d0bae3","1171265","","Kohgiluyeh va Boyer Ahmad","","","","","","","","","","","Sheykh Dzānbāz-e Karbāsi","Sirus Faramarzi and Mansour Bozorgmehr, field notes 2024",29,"","","","Doshmanziyāri 60%; Tayyebi 35%; Standard type Persian 5%","Fatemeh Vatanpur, Sirus Faramarzi and Mansour Bozorgmehr, field notes 2024",30.824,50.523,
"","365a4a632d1fb65f22fb9b482352fb51","5-1a95030f81b492c9ad93e9d069fcc417","1171266","","Kohgiluyeh va Boyer Ahmad","","","","","","","","","","","Kal Khādza-y Qeysari","Sirus Faramarzi and Mansour Bozorgmehr, field notes 2024",76,"","","","Doshmanziyāri 60%; Tayyebi 35%; Standard type Persian 5%","Fatemeh Vatanpur, Sirus Faramarzi and Mansour Bozorgmehr, field notes 2024",30.83,50.535,
"","365a4a632d1fb65f22fb9b482352f5e7","5-75a908d61aefefaa3dfb5b687c0941fc","1171267","","Kohgiluyeh va Boyer Ahmad","","","","","","","","","","","Kal Qeysari-ye Olyā","Sirus Faramarzi and Mansour Bozorgmehr, field notes 2024",14,"","","","Doshmanziyāri 60%; Tayyebi 35%; Standard type Persian 5%","Fatemeh Vatanpur, Sirus Faramarzi and Mansour Bozorgmehr, field notes 2024",30.833,50.517,
"","365a4a632d1fb65f22fb9b482352ecfc","3-044ff553e6a3cc63b1feb7d7c84175eb","1171268","","Kohgiluyeh va Boyer Ahmad","","","","","","","","","","","","",,"","","","",,30.85065,50.55187,
"","365a4a632d1fb65f22fb9b482352e313","3-3700b07402f9c13e459ab260b026d91d","1171269","","Kohgiluyeh va Boyer Ahmad","","","","","","","","","","","","",,"","","","",,30.95192,50.52143,
"","365a4a632d1fb65f22fb9b482352d642","5-952fdccc653dd844cc0fe2c1f53b061a","1171270","","Kohgiluyeh va Boyer Ahmad","","","","","","","","","","","Barm-e Shir","Sirus Faramarzi and Mansour Bozorgmehr, field notes 2024",14,"","","","Doshmanziyāri 60%; Tayyebi 35%; Standard type Persian 5%","Fatemeh Vatanpur, Sirus Faramarzi and Mansour Bozorgmehr, field notes 2024",30.925,50.465,
"","365a4a632d1fb65f22fb9b482352c9e1","3-ab0adc197585640f0a2798ed50f86e1a","1171271","","Kohgiluyeh va Boyer Ahmad","","","","","","","","","","","","",,"","","","",,30.94529,50.48402,
"","365a4a632d1fb65f22fb9b482352be74","5-dfb7c818549f056d100711eab8851fa9","1171272","","Kohgiluyeh va Boyer Ahmad","","","","","","","","","","","Terow-e Vostā","Sirus Faramarzi and Mansour Bozorgmehr, field notes 2024",162,"","","","Doshmanziyāri 60%; Tayyebi 35%; Standard type Persian 5%","Fatemeh Vatanpur, Sirus Faramarzi and Mansour Bozorgmehr, field notes 2024",30.948,50.494,
"","365a4a632d1fb65f22fb9b482352bd5b","5-f22affa2aaa39b987767cc2a899d789b","1171273","","Kohgiluyeh va Boyer Ahmad","","","","","","","","","","","Kalātak","Sirus Faramarzi and Mansour Bozorgmehr, field notes 2024",21,"","","","Doshmanziyāri 60%; Tayyebi 35%; Standard type Persian 5%","Fatemeh Vatanpur, Sirus Faramarzi and Mansour Bozorgmehr, field notes 2024",30.917,50.479,
"","365a4a632d1fb65f22fb9b482352b477","3-2ca31577058ec4287162c80c108e7f09","1171274","","Kohgiluyeh va Boyer Ahmad","","","","","","","","","","","","",,"","","","",,30.94147,50.53646,
"","365a4a632d1fb65f22fb9b482352a6cb","5-ad3bd6453506b9bc52b34285c5568ab0","1171275","","Kohgiluyeh va Boyer Ahmad","","","","","","","","","","","Tang Zard-e Āshurā","Sirus Faramarzi and Mansour Bozorgmehr, field notes 2024",43,"","","","Doshmanziyāri 60%; Tayyebi 35%; Standard type Persian 5%","Fatemeh Vatanpur, Sirus Faramarzi and Mansour Bozorgmehr, field notes 2024",30.929,50.537,
"","365a4a632d1fb65f22fb9b48235350d1","5-dcde61f1a2b864e5b064bb0240e7f7a7","1171276","","Kohgiluyeh va Boyer Ahmad","","","","","","","","","","","Tsaghal","Sirus Faramarzi and Mansour Bozorgmehr, field notes 2024",235,"","","","Doshmanziyāri 60%; Tayyebi 35%; Standard type Persian 5%","Fatemeh Vatanpur, Sirus Faramarzi and Mansour Bozorgmehr, field notes 2024",30.92,50.533,
"","365a4a632d1fb65f22fb9b4823534114","5-ac0467b94e90231b962fda24054bd017","1171277","","Kohgiluyeh va Boyer Ahmad","","","","","","","","","","","Derb-e Miyān Ow","Sirus Faramarzi and Mansour Bozorgmehr, field notes 2024",13,"","","","Doshmanziyāri 60%; Tayyebi 35%; Standard type Persian 5%","Fatemeh Vatanpur, Sirus Faramarzi and Mansour Bozorgmehr, field notes 2024",30.914,50.511,
"","365a4a632d1fb65f22fb9b4823533958","5-88604295b92b5c49f00813af3a99c9c7","1171278","","Kohgiluyeh va Boyer Ahmad","","","","","","","","","","","Kushk-e Abul","Sirus Faramarzi and Mansour Bozorgmehr, field notes 2024",513,"","","","Doshmanziyāri 60%; Tayyebi 35%; Standard type Persian 5%","Fatemeh Vatanpur, Sirus Faramarzi and Mansour Bozorgmehr, field notes 2024",30.911,50.545,
"","365a4a632d1fb65f22fb9b4823532ee1","5-cf5a8295c8f67240d9e6e4c6e305ea3f","1171279","","Kohgiluyeh va Boyer Ahmad","","","","","","","","","","","Koh-e Rāk","Sirus Faramarzi and Mansour Bozorgmehr, field notes 2024",104,"","","","Doshmanziyāri 60%; Tayyebi 35%; Standard type Persian 5%","Fatemeh Vatanpur, Sirus Faramarzi and Mansour Bozorgmehr, field notes 2024",30.903,50.485,
"","365a4a632d1fb65f22fb9b482372fcdc","2-0ef39776a6dd7532bb7a4668e82e6753","1171280","","Kohgiluyeh va Boyer Ahmad","","","","","","","","","","","","",851,"","","","",,,,
"","365a4a632d1fb65f22fb9b4823532d98","5-0bbec832cbe4a5b021da38d00e47c1ce","1171281","","Kohgiluyeh va Boyer Ahmad","","","","","","","","","","","Ow Bid","Sirus Faramarzi and Mansour Bozorgmehr, field notes 2024",28,"","","","Tayyebi 90%; Bahmei 5%; Standard type Persian 5%","Fatemeh Vatanpur, Sirus Faramarzi and Mansour Bozorgmehr, field notes 2024",30.897,50.348,
"","365a4a632d1fb65f22fb9b48235326c3","5-348df05611ef7dca0e76e59e5439e761","1171282","","Kohgiluyeh va Boyer Ahmad","","","","","","","","","","","Ow Kerri","Sirus Faramarzi and Mansour Bozorgmehr, field notes 2024",19,"","","","Tayyebi 90%; Bahmei 5%; Standard type Persian 5%","Fatemeh Vatanpur, Sirus Faramarzi and Mansour Bozorgmehr, field notes 2024",30.927,50.442,
"","365a4a632d1fb65f22fb9b4823531b07","5-70270ef801b015a1d82c9f8002fa8b73","1171283","","Kohgiluyeh va Boyer Ahmad","","","","","","","","","","","Ow Mi-ye Soflā","Sirus Faramarzi and Mansour Bozorgmehr, field notes 2024",13,"","","","Tayyebi 90%; Bahmei 5%; Standard type Persian 5%","Fatemeh Vatanpur, Sirus Faramarzi and Mansour Bozorgmehr, field notes 2024",30.87,50.377,
"","365a4a632d1fb65f22fb9b4823531793","5-3443a263af629d72a70155118feaac53","1171284","","Kohgiluyeh va Boyer Ahmad","","","","","","","","","","","Ow Mi-ye Olyā","Sirus Faramarzi and Mansour Bozorgmehr, field notes 2024",,"","","","Tayyebi 90%; Bahmei 5%; Standard type Persian 5%","Fatemeh Vatanpur, Sirus Faramarzi and Mansour Bozorgmehr, field notes 2024",30.91777,50.34572,
"","365a4a632d1fb65f22fb9b48235314b7","5-92023729d942541c3a107d7d5236597f","1171285","","Kohgiluyeh va Boyer Ahmad","","","","","","","","","","","Barm-e Sowz","Sirus Faramarzi and Mansour Bozorgmehr, field notes 2024",103,"","","","Tayyebi 90%; Bahmei 5%; Standard type Persian 5%","Fatemeh Vatanpur, Sirus Faramarzi and Mansour Bozorgmehr, field notes 2024",30.882,50.404,
"","365a4a632d1fb65f22fb9b4823530aa1","5-472c892f00c7dcde3b2469f4329c67c3","1171286","","Kohgiluyeh va Boyer Ahmad","","","","","","","","","","","Bard Kashki","Sirus Faramarzi and Mansour Bozorgmehr, field notes 2024",22,"","","","Tayyebi 90%; Bahmei 5%; Standard type Persian 5%","Fatemeh Vatanpur, Sirus Faramarzi and Mansour Bozorgmehr, field notes 2024",30.92,50.366,
"","365a4a632d1fb65f22fb9b48235393a8","5-fe8e255dc1b634ced77593c9a44870af","1171287","","Kohgiluyeh va Boyer Ahmad","","","","","","","","","","","Bon-e Kamutari","Sirus Faramarzi and Mansour Bozorgmehr, field notes 2024",,"","","","Tayyebi 90%; Bahmei 5%; Standard type Persian 5%","Fatemeh Vatanpur, Sirus Faramarzi and Mansour Bozorgmehr, field notes 2024",30.92224,50.35689,
"","365a4a632d1fb65f22fb9b4823539359","5-d21a511ea3b6ece16f642c3b83ecf8b2","1171288","","Kohgiluyeh va Boyer Ahmad","","","","","","","","","","","Bi Zeleykhāyi","Sirus Faramarzi and Mansour Bozorgmehr, field notes 2024",124,"","","","Tayyebi 90%; Bahmei 5%; Standard type Persian 5%","Fatemeh Vatanpur, Sirus Faramarzi and Mansour Bozorgmehr, field notes 2024",30.922,50.395,
"","365a4a632d1fb65f22fb9b4823538537","5-6b42d017b3a643fd4d147f94226d05ad","1171289","","Kohgiluyeh va Boyer Ahmad","","","","","","","","","","","Posht Par-e Sardār-e Bard Kashki","Sirus Faramarzi and Mansour Bozorgmehr, field notes 2024",,"","","","Tayyebi 90%; Bahmei 5%; Standard type Persian 5%","Fatemeh Vatanpur, Sirus Faramarzi and Mansour Bozorgmehr, field notes 2024",30.91568,50.36389,
"","365a4a632d1fb65f22fb9b4823537b9c","3-7e0637cef4d3f42a9e113e2b6749f314","1171290","","Kohgiluyeh va Boyer Ahmad","","","","","","","","","","","","",,"","","","",,30.92636,50.35739,
"","365a4a632d1fb65f22fb9b4823537103","5-331327f987d6527a101e6e7ddba2b28a","1171291","","Kohgiluyeh va Boyer Ahmad","","","","","","","","","","","Tuf-e Kheyma","Sirus Faramarzi and Mansour Bozorgmehr, field notes 2024",38,"","","","Tayyebi 90%; Bahmei 5%; Standard type Persian 5%","Fatemeh Vatanpur, Sirus Faramarzi and Mansour Bozorgmehr, field notes 2024",30.906,50.385,
"","365a4a632d1fb65f22fb9b4823536f58","5-f01d92d503009321a9b510b76517700f","1171292","","Kohgiluyeh va Boyer Ahmad","","","","","","","","","","","Qala-y Dezh Koh","Sirus Faramarzi and Mansour Bozorgmehr, field notes 2024",17,"","","","Tayyebi 90%; Bahmei 5%; Standard type Persian 5%","Fatemeh Vatanpur, Sirus Faramarzi and Mansour Bozorgmehr, field notes 2024",30.896,50.384,
"","365a4a632d1fb65f22fb9b4823536dc6","5-baec5927662ae86af3ceaa9a835150a9","1171293","","Kohgiluyeh va Boyer Ahmad","","","","","","","","","","","Kalge Zeri","Sirus Faramarzi and Mansour Bozorgmehr, field notes 2024",,"","","","Tayyebi 90%; Bahmei 5%; Standard type Persian 5%","Fatemeh Vatanpur, Sirus Faramarzi and Mansour Bozorgmehr, field notes 2024",30.87303,50.35653,
"","365a4a632d1fb65f22fb9b4823536ac0","3-14e315f05ca1b4c47abbc13769ec08d6","1171294","","Kohgiluyeh va Boyer Ahmad","","","","","","","","","","","","",,"","","","",,30.92442,50.45642,
"","365a4a632d1fb65f22fb9b4823535b71","5-f54f0b548a5c7d95a8a67e22841a280b","1171295","","Kohgiluyeh va Boyer Ahmad","","","","","","","","","","","Lir Gapu","Sirus Faramarzi and Mansour Bozorgmehr, field notes 2024",196,"","","","Tayyebi 90%; Bahmei 5%; Standard type Persian 5%","Fatemeh Vatanpur, Sirus Faramarzi and Mansour Bozorgmehr, field notes 2024",30.895,50.442,
"","365a4a632d1fb65f22fb9b4823535a1d","5-574296fe5e6973d33aa8438931b64ec4","1171296","","Kohgiluyeh va Boyer Ahmad","","","","","","","","","","","Lir Kotselu","Sirus Faramarzi and Mansour Bozorgmehr, field notes 2024",88,"","","","Tayyebi 90%; Bahmei 5%; Standard type Persian 5%","Fatemeh Vatanpur, Sirus Faramarzi and Mansour Bozorgmehr, field notes 2024",30.908,50.436,
"","365a4a632d1fb65f22fb9b482353e575","5-ca1ea0c790c0ca210a43c11fe996cbdb","1171297","","Kohgiluyeh va Boyer Ahmad","","","","","","","","","","","Mirzā Khōni","Sirus Faramarzi and Mansour Bozorgmehr, field notes 2024",21,"","","","Tayyebi 90%; Bahmei 5%; Standard type Persian 5%","Fatemeh Vatanpur, Sirus Faramarzi and Mansour Bozorgmehr, field notes 2024",30.908,50.329,
"","365a4a632d1fb65f22fb9b482353d821","5-50806ceb7b9093c0c4a335dfbf690839","1171298","","Kohgiluyeh va Boyer Ahmad","","","","","","","","","","","Vār Garrow, Vār Garru","Sirus Faramarzi and Mansour Bozorgmehr, field notes 2024",,"","","","Tayyebi 90%; Bahmei 5%; Standard type Persian 5%","Fatemeh Vatanpur, Sirus Faramarzi and Mansour Bozorgmehr, field notes 2024",30.91476,50.45196,
"","365a4a632d1fb65f22fb9b482353cc08","5-8203a92b12974d76cd6517a972d7d14c","1171299","","Kohgiluyeh va Boyer Ahmad","","","","","","","","","","","Bali Bengōn","Sirus Faramarzi and Mansour Bozorgmehr, field notes 2024",144,"","","","Tayyebi 90%; Bahmei 5%; Standard type Persian 5%","Fatemeh Vatanpur, Sirus Faramarzi and Mansour Bozorgmehr, field notes 2024",30.833,50.404,
"","365a4a632d1fb65f22fb9b482353bcfc","5-f38907a5f5ac7e418bea803378194e69","1171300","","Kohgiluyeh va Boyer Ahmad","","","","","","","","","","","Mowr Derāz","Sirus Faramarzi and Mansour Bozorgmehr, field notes 2024",,"","","","Tayyebi 90%; Bahmei 5%; Standard type Persian 5%","Fatemeh Vatanpur, Sirus Faramarzi and Mansour Bozorgmehr, field notes 2024",30.87508,50.44374,
"","365a4a632d1fb65f22fb9b482353aeef","5-8d9262029b85d4ae124426f9941e72e9","1171301","","Kohgiluyeh va Boyer Ahmad","","","","","","","","","","","Suq","Sirus Faramarzi and Mansour Bozorgmehr, field notes 2024",6438,"","","","Tayyebi 75%; Standard type Persian 20%; Bahmei 5%","Fatemeh Vatanpur, Sirus Faramarzi and Mansour Bozorgmehr, field notes 2024",30.84,50.464,
"","365a4a632d1fb65f22fb9b482372edde","2-be450d92428fc12a442325b8333e4639","1171302","","Kohgiluyeh va Boyer Ahmad","","","","","","","","","","","","",124096,"","","","",,,,
"","365a4a632d1fb65f22fb9b482372de6c","2-cf98e3b3c9e0f172859cd03182883fd4","1171303","","Kohgiluyeh va Boyer Ahmad","","","","","","","","","","","","",123370,"","","","",,,,
"","365a4a632d1fb65f22fb9b482372d862","2-f15328bf6dd711f89a6c97d8e609621e","1171304","","Kohgiluyeh va Boyer Ahmad","","","","","","","","","","","","",13339,"","","","",,,,
"","365a4a632d1fb65f22fb9b482353a772","5-b0572d2588fca73d50cc0634a2912457","1171305","","Kohgiluyeh va Boyer Ahmad","","","","","","","","","","","Ow Garmu","Keykhosrow Taheri and Mansour Bozorgmehr, field notes 2024",1816,"","","","Bāuyi 80%; Standard type Persian 15%; mixed 5%","Keykhosrow Taheri and Mansour Bozorgmehr, field notes 2024",30.38,50.772,
"","365a4a632d1fb65f22fb9b4823539f48","5-0c1ddd30bc072f7074bb218c7b02d22d","1171306","","Kohgiluyeh va Boyer Ahmad","","","","","","","","","","","Ow Rigun","Keykhosrow Taheri and Mansour Bozorgmehr, field notes 2024",311,"","","","Bāuyi 80%; Standard type Persian 15%; mixed 5%","Keykhosrow Taheri and Mansour Bozorgmehr, field notes 2024",30.437,50.796,
"","365a4a632d1fb65f22fb9b4823539e54","5-03ad597deece47460538dc4a49ae4158","1171307","","Kohgiluyeh va Boyer Ahmad","","","","","","","","","","","Eslām Ābād-e Bāgh Nār","Keykhosrow Taheri and Mansour Bozorgmehr, field notes 2024",325,"","","","Bāuyi 80%; Standard type Persian 15%; mixed 5%","Keykhosrow Taheri and Mansour Bozorgmehr, field notes 2024",30.388,50.811,
"","365a4a632d1fb65f22fb9b4823539da0","5-6453ddd6d6911f5662602c258852f164","1171308","","Kohgiluyeh va Boyer Ahmad","","","","","","","","","","","Anvār Shāhi","Keykhosrow Taheri and Mansour Bozorgmehr, field notes 2024",,"","","","Bāuyi 80%; Standard type Persian 15%; mixed 5%","Keykhosrow Taheri and Mansour Bozorgmehr, field notes 2024",30.34291,50.86049,
"","365a4a632d1fb65f22fb9b4823539ae8","5-cead78e017e52612ea829c629d2ba3c7","1171309","","Kohgiluyeh va Boyer Ahmad","","","","","","","","","","","Bāgh Anār","Keykhosrow Taheri and Mansour Bozorgmehr, field notes 2024",,"","","","Bāuyi 80%; Standard type Persian 15%; mixed 5%","Keykhosrow Taheri and Mansour Bozorgmehr, field notes 2024",30.4019,50.82238,
"","365a4a632d1fb65f22fb9b4823543337","5-4c358ae5d45db33ca70ef54fbb98f083","1171310","","Kohgiluyeh va Boyer Ahmad","","","","","","","","","","","Tang-e Bivi Dzun","Keykhosrow Taheri and Mansour Bozorgmehr, field notes 2024",,"","","","Bāuyi 80%; Standard type Persian 15%; mixed 5%","Keykhosrow Taheri and Mansour Bozorgmehr, field notes 2024",30.36989,50.87599,
"","365a4a632d1fb65f22fb9b4823542634","3-c7c77026443862e8d4dec82169601e4c","1171311","","Kohgiluyeh va Boyer Ahmad","","","","","","","","","","","","",,"","","","",,30.30174,50.83434,
"","365a4a632d1fb65f22fb9b4823542281","3-92507ee4c776d3843bb0b5cafffe2d31","1171312","","Kohgiluyeh va Boyer Ahmad","","","","","","","","","","","","",,"","","","",,30.3323,50.85937,
"","365a4a632d1fb65f22fb9b4823541ecf","3-1f1e1f62c0b201594ee0de0552857ceb","1171313","","Kohgiluyeh va Boyer Ahmad","","","","","","","","","","","","",,"","","","",,30.50095,50.81532,
"","365a4a632d1fb65f22fb9b4823541319","5-b0c69ff7d8da4f33c619dae1107de7c6","1171314","","Kohgiluyeh va Boyer Ahmad","","","","","","","","","","","Genāva","Keykhosrow Taheri and Mansour Bozorgmehr, field notes 2024",114,"","","","Bāuyi 80%; Standard type Persian 15%; mixed 5%","Keykhosrow Taheri and Mansour Bozorgmehr, field notes 2024",30.454,50.836,
"","365a4a632d1fb65f22fb9b4823540f6d","3-29b27396ec2aa76e6b415edecf574aaa","1171315","","Kohgiluyeh va Boyer Ahmad","","","","","","","","","","","","",,"","","","",,30.45241,50.77305,
"","365a4a632d1fb65f22fb9b4823540b0a","3-c9f640a512ee24e0f3e91e2bc3b026d3","1171316","","Kohgiluyeh va Boyer Ahmad","","","","","","","","","","","","",,"","","","",,30.33148,50.8922,
"","365a4a632d1fb65f22fb9b482353fbdd","5-d4d4754c1d4ea0dbf1ba70590ff9b876","1171317","","Kohgiluyeh va Boyer Ahmad","","","","","","","","","","","Pār-e Howz-e Talkh Āb Sherin","Keykhosrow Taheri and Mansour Bozorgmehr, field notes 2024",,"","","","Bāuyi 80%; Standard type Persian 15%; mixed 5%","Keykhosrow Taheri and Mansour Bozorgmehr, field notes 2024",30.32769,50.89508,
"","365a4a632d1fb65f22fb9b482353fa2c","3-dc3e082e3a7f656142e871d9aa71750b","1171318","","Kohgiluyeh va Boyer Ahmad","","","","","","","","","","","","",,"","","","",,30.31867,50.84289,
"","365a4a632d1fb65f22fb9b482353f3ea","5-2c7c85a98c111417e5c2081611ffe7cd","1171319","","Kohgiluyeh va Boyer Ahmad","","","","","","","","","","","Morghdāri-ye Shari'ati-ye Sarow Naniz","Keykhosrow Taheri and Mansour Bozorgmehr, field notes 2024",,"","","","Bāuyi 80%; Standard type Persian 15%; mixed 5%","Keykhosrow Taheri and Mansour Bozorgmehr, field notes 2024",30.3237,50.84689,
"","365a4a632d1fb65f22fb9b4823547896","5-30c6200e08dd369279e2a13ec36186b1","1171320","","Kohgiluyeh va Boyer Ahmad","","","","","","","","","","","Pelis Rā De Gombezun","Keykhosrow Taheri and Mansour Bozorgmehr, field notes 2024",26,"","","","Bāuyi 80%; Standard type Persian 15%; mixed 5%","Keykhosrow Taheri and Mansour Bozorgmehr, field notes 2024",30.337,50.872,
"","365a4a632d1fb65f22fb9b4823546fb2","5-39e1bac479533e556f73dd53684a18d9","1171321","","Kohgiluyeh va Boyer Ahmad","","","","","","","","","","","Qāsem Āvād (Ghashghāi), Qāsem Ābād (Bāuyi)","Keykhosrow Taheri and Mansour Bozorgmehr, field notes 2024",23,"","","","Ghashghāi 70%; Standard type Persian 15%; Bāuyi 10%; mixed 5%","Keykhosrow Taheri, Eydi Abbasi and Mansour Bozorgmehr, field notes 2024",30.336,50.88,
"","365a4a632d1fb65f22fb9b4823546ec6","5-81dd77a175372b1f10c0af87ad0ced22","1171322","","Kohgiluyeh va Boyer Ahmad","","","","","","","","","","","Pādegun","Mansour Bozorgmehr, field notes 2024",,"","","","mixed 100%","Mansour Bozorgmehr, field notes 2024",30.373,50.846,
"","365a4a632d1fb65f22fb9b48235468c4","3-d56e44504e6ba0731a77b1c6e6717177","1171323","","Kohgiluyeh va Boyer Ahmad","","","","","","","","","","","","",,"","","","",,30.386,50.853,
"","365a4a632d1fb65f22fb9b4823546725","7-a559736aa1662eb4ebd2a924a471a3d0","1171324","","Kohgiluyeh va Boyer Ahmad","","","","","","","","","","","Imāmzāda Jaʕfar (Arabic), Emāmzāda Jahfar (Bāuyi)","Faramarz Asadinezhad, Keykhosrow Taheri and Mansour Bozorgmehr, field notes 2024",502,"","","","Khuzestāni Arabic 75%; Standard type Persian 15%; Bāuyi 5%; mixed 5%","Faramarz Asadinezhad, Keykhosrow Taheri and Mansour Bozorgmehr, field notes 2024",30.311,50.973,
"","365a4a632d1fb65f22fb9b4823545a7f","5-96ac23b81eb3c9ad3a92e7c38f5fdba5","1171325","","Kohgiluyeh va Boyer Ahmad","","","","","","","","","","","Bizgah","Keykhosrow Taheri and Mansour Bozorgmehr, field notes 2024",,"","","","Bāuyi 80%; Standard type Persian 15%; mixed 5%","Keykhosrow Taheri and Mansour Bozorgmehr, field notes 2024",30.40625,50.88546,
"","365a4a632d1fb65f22fb9b4823545644","5-5430c9a68ae8d0cfd39750d04494cf72","1171326","","Kohgiluyeh va Boyer Ahmad","","","","","","","","","","","Pir Sowz","Keykhosrow Taheri and Mansour Bozorgmehr, field notes 2024",13,"","","","Bāuyi 80%; Standard type Persian 15%; mixed 5%","Keykhosrow Taheri and Mansour Bozorgmehr, field notes 2024",30.382,50.934,
"","365a4a632d1fb65f22fb9b4823544e12","3-fc72262d08156a45c2b5af6c6375397c","1171327","","Kohgiluyeh va Boyer Ahmad","","","","","","","","","","","","",,"","","","",,30.30596,50.94968,
"","365a4a632d1fb65f22fb9b48235440a8","5-0bdd3eb82e86f520438d44e2013e79b0","1171328","","Kohgiluyeh va Boyer Ahmad","","","","","","","","","","","Dzamō","Keykhosrow Taheri and Mansour Bozorgmehr, field notes 2024",,"","","","Bāuyi 80%; Standard type Persian 15%; mixed 5%","Keykhosrow Taheri and Mansour Bozorgmehr, field notes 2024",30.39046,50.92352,
"","365a4a632d1fb65f22fb9b4823543b43","5-94a5d19be589f5b82bf31b398099a97b","1171329","","Kohgiluyeh va Boyer Ahmad","","","","","","","","","","","Dzehād Ābād-e Nārak","Keykhosrow Taheri and Mansour Bozorgmehr, field notes 2024",122,"","","","Bāuyi 80%; Standard type Persian 15%; mixed 5%","Keykhosrow Taheri and Mansour Bozorgmehr, field notes 2024",30.365,50.992,
"","365a4a632d1fb65f22fb9b482354bfaf","3-207dc6a5e64c4b5e31d3cd1de1d8d623","1171330","","Kohgiluyeh va Boyer Ahmad","","","","","","","","","","","","",,"","","","",,30.36209,50.95858,
"","365a4a632d1fb65f22fb9b482354b533","5-53cb0ece30bc37cc7708ea817c4d4920","1171331","","Kohgiluyeh va Boyer Ahmad","","","","","","","","","","","Sheykh Khādza","Keykhosrow Taheri and Mansour Bozorgmehr, field notes 2024",13,"","","","Bāuyi 80%; Standard type Persian 15%; mixed 5%","Keykhosrow Taheri and Mansour Bozorgmehr, field notes 2024",30.405,50.901,
"","365a4a632d1fb65f22fb9b482354ad7f","3-6d5f6ce354a1fc0e6ecc50ff56414256","1171332","","Kohgiluyeh va Boyer Ahmad","","","","","","","","","","","","",,"","","","",,30.39321,50.91533,
"","365a4a632d1fb65f22fb9b482354ac7a","5-8f825ec010da4558fe568085ee8ca510","1171333","","Kohgiluyeh va Boyer Ahmad","","","","","","","","","","","Nārak","Keykhosrow Taheri and Mansour Bozorgmehr, field notes 2024",,"","","","Bāuyi 80%; Standard type Persian 15%; mixed 5%","Keykhosrow Taheri and Mansour Bozorgmehr, field notes 2024",30.38908,50.94497,
"","365a4a632d1fb65f22fb9b4823549e1b","5-dcf2487842167122fe7a1c7406ed5118","1171334","","Kohgiluyeh va Boyer Ahmad","","","","","","","","","","","Hassa Ku","Keykhosrow Taheri and Mansour Bozorgmehr, field notes 2024",23,"","","","Bāuyi 80%; Standard type Persian 15%; mixed 5%","Keykhosrow Taheri and Mansour Bozorgmehr, field notes 2024",30.348,51.011,
"","365a4a632d1fb65f22fb9b482372d054","2-503ab346657e4c140ef50ac468ad40ae","1171335","","Kohgiluyeh va Boyer Ahmad","","","","","","","","","","","","",,"","","","",,,,
"","365a4a632d1fb65f22fb9b48235499a5","5-5d9388611fbd302138b48925c205cd98","1171336","","Kohgiluyeh va Boyer Ahmad","","","","","","","","","","","Golessun-e Emāmzāda Dzahfar","Keykhosrow Taheri and Mansour Bozorgmehr, field notes 2024",16,"","","","Bāuyi 80%; Standard type Persian 15%; mixed 5%","Keykhosrow Taheri and Mansour Bozorgmehr, field notes 2024",30.331,50.957,
"","365a4a632d1fb65f22fb9b482354993e","5-75e4609c7d5587929128bf09bb467bef","1171337","","Kohgiluyeh va Boyer Ahmad","","","","","","","","","","","Nāser Ābād","Keykhosrow Taheri and Mansour Bozorgmehr, field notes 2024",399,"","","","Bāuyi 80%; Standard type Persian 15%; mixed 5%","Keykhosrow Taheri and Mansour Bozorgmehr, field notes 2024",30.327,50.975,
"","365a4a632d1fb65f22fb9b4823548cea","5-71b478c523b3e280a82b43fc74c4c62e","1171338","","Kohgiluyeh va Boyer Ahmad","","","","","","","","","","","Talkh Āb Shirin (Ghashghāi), Talkh Āb Sherin (Bāuyi)","Keykhosrow Taheri, Eydi Abbasi and Mansour Bozorgmehr, field notes 2024",1291,"","","","Ghashghāi 70%; Standard type Persian 15%; Bāuyi 10%; mixed 5%","Keykhosrow Taheri, Eydi Abbasi and Mansour Bozorgmehr, field notes 2024",30.326,50.909,
"","365a4a632d1fb65f22fb9b4823547dfc","5-055633f97d0c05edb59fd998315baa71","1171339","","Kohgiluyeh va Boyer Ahmad","","","","","","","","","","","Dzangzadeyal","Keykhosrow Taheri and Mansour Bozorgmehr, field notes 2024",1235,"","","","Bāuyi 80%; Standard type Persian 15%; mixed 5%","Keykhosrow Taheri and Mansour Bozorgmehr, field notes 2024",30.319,50.975,
"","365a4a632d1fb65f22fb9b4823547ba3","5-61eb72a859a0472cfbe850949048ea21","1171340","","Kohgiluyeh va Boyer Ahmad","","","","","","","","","","","Sar Bishe (Ghashghāi), Sar Bisha (Bāuyi)","Keykhosrow Taheri, Eydi Abbasi and Mansour Bozorgmehr, field notes 2024",1275,"","","","Ghashghāi 90%; Standard type Persian 10%","Keykhosrow Taheri, Eydi Abbasi and Mansour Bozorgmehr, field notes 2024",30.283,50.994,
"","365a4a632d1fb65f22fb9b482355117b","5-91f5d4bb8dbd94f6d0198879a1b0348e","1171341","","Kohgiluyeh va Boyer Ahmad","","","","","","","","","","","Pā Ku (Ghashghāi), Pā Kō (Bāuyi)","Keykhosrow Taheri, Eydi Abbasi and Mansour Bozorgmehr, field notes 2024",298,"","","","Ghashghāi 90%; Standard type Persian 10%","Keykhosrow Taheri, Eydi Abbasi and Mansour Bozorgmehr, field notes 2024",30.246,51.081,
"","365a4a632d1fb65f22fb9b4823551056","3-91fd4a1339471459d8ac76df3a3bc37b","1171342","","Kohgiluyeh va Boyer Ahmad","","","","","","","","","","","","",,"","","","",,30.19973,51.01991,
"","365a4a632d1fb65f22fb9b4823550ccd","5-69152d80cf8e5d5c27c68c3d840a7968","1171343","","Kohgiluyeh va Boyer Ahmad","","","","","","","","","","","Māhur Bāsht","Keykhosrow Taheri and Mansour Bozorgmehr, field notes 2024",268,"","","","Bāuyi 80%; Standard type Persian 15%; mixed 5%","Keykhosrow Taheri and Mansour Bozorgmehr, field notes 2024",30.25,51.045,
"","365a4a632d1fb65f22fb9b482355038b","5-d91457cc2811d37bd3ab44c2c47efb26","1171344","","Kohgiluyeh va Boyer Ahmad","","","","","","","","","","","Bid-e Zard (Ghashghāi), Bid Zard (Bāuyi)","Keykhosrow Taheri, Eydi Abbasi and Mansour Bozorgmehr, field notes 2024",397,"","","","Ghashghāi 90%; Standard type Persian 10%","Keykhosrow Taheri, Eydi Abbasi and Mansour Bozorgmehr, field notes 2024",30.277,51.008,
"","365a4a632d1fb65f22fb9b482354f4d6","3-352aa315b4983cd4b43c74fd4f63905b","1171345","","Kohgiluyeh va Boyer Ahmad","","","","","","","","","","","","",,"","","","",,30.24263,51.00185,
"","365a4a632d1fb65f22fb9b482354e788","5-9fb482fd2a4ef93d2a3caf60ff5baf51","1171346","","Kohgiluyeh va Boyer Ahmad","","","","","","","","","","","Kelk-e Sar Bisha","Keykhosrow Taheri and Mansour Bozorgmehr, field notes 2024",,"","","","Bāuyi 80%; Standard type Persian 15%; mixed 5%","Keykhosrow Taheri and Mansour Bozorgmehr, field notes 2024",30.31123,51.01593,
"","365a4a632d1fb65f22fb9b482354dd9d","3-d80f206ea6fb349a6b514a072ec00ab1","1171347","","Kohgiluyeh va Boyer Ahmad","","","","","","","","","","","","",,"","","","",,30.22841,51.06101,
"","365a4a632d1fb65f22fb9b482354d1bc","3-d5eb3ca088c3aa3dd45316453ab90744","1171348","","Kohgiluyeh va Boyer Ahmad","","","","","","","","","","","","",,"","","","",,30.21258,51.05049,
"","365a4a632d1fb65f22fb9b482354cf68","3-bd6838a188585a30034b7582857eb888","1171349","","Kohgiluyeh va Boyer Ahmad","","","","","","","","","","","","",,"","","","",,30.18872,51.0458,
"","365a4a632d1fb65f22fb9b482354cc5c","3-dfc967786b19c54f779435dfad61acdd","1171350","","Kohgiluyeh va Boyer Ahmad","","","","","","","","","","","","",,"","","","",,30.22219,51.14019,
"","365a4a632d1fb65f22fb9b4823557f12","3-efd1124a3af5d9b5a47444444976ff52","1171351","","Kohgiluyeh va Boyer Ahmad","","","","","","","","","","","","",,"","","","",,30.21667,51.16474,
"","365a4a632d1fb65f22fb9b48235571b4","3-6c11d97a868483279b8d7c75fe677627","1171352","","Kohgiluyeh va Boyer Ahmad","","","","","","","","","","","","",,"","","","",,30.26833,51.08363,
"","365a4a632d1fb65f22fb9b48235565f0","5-3102c050aa939fd180cdba825b330205","1171353","","Kohgiluyeh va Boyer Ahmad","","","","","","","","","","","Kelāghneshin (Ghashghāi), Ashāyer-e Kalāghneshin (Bāuyi)","Keykhosrow Taheri, Eydi Abbasi and Mansour Bozorgmehr, field notes 2024",180,"","","","Ghashghāi 95%; Standard type Persian 5%","Keykhosrow Taheri, Eydi Abbasi and Mansour Bozorgmehr, field notes 2024",30.276,51.056,
"","365a4a632d1fb65f22fb9b48235562fa","5-f8ce3656472d16b147e8e7b1c67bf35f","1171354","","Kohgiluyeh va Boyer Ahmad","","","","","","","","","","","Tsam-e Shir","Keykhosrow Taheri and Mansour Bozorgmehr, field notes 2024",,"","","","Bāuyi 80%; Standard type Persian 15%; mixed 5%","Keykhosrow Taheri and Mansour Bozorgmehr, field notes 2024",30.15721,50.92164,
"","365a4a632d1fb65f22fb9b48235553cd","5-25b26cb76386d6d5a26ab029ec6ec7c2","1171355","","Kohgiluyeh va Boyer Ahmad","","","","","","","","","","","Tsam Gol-e Mahma Zamōn, Tsam Gol-e Mah Zamōn","Keykhosrow Taheri and Mansour Bozorgmehr, field notes 2024",,"","","","Bāuyi 80%; Standard type Persian 15%; mixed 5%","Keykhosrow Taheri and Mansour Bozorgmehr, field notes 2024",30.18094,50.99659,
"","365a4a632d1fb65f22fb9b48235545a1","5-f08b7ec16f058154a87b026e58d74875","1171356","","Kohgiluyeh va Boyer Ahmad","","","","","","","","","","","Tsam-e Bengeshti Mah Zamōn","Keykhosrow Taheri and Mansour Bozorgmehr, field notes 2024",,"","","","Bāuyi 80%; Standard type Persian 15%; mixed 5%","Keykhosrow Taheri and Mansour Bozorgmehr, field notes 2024",30.17023,50.95714,
"","365a4a632d1fb65f22fb9b48235537df","3-c145121e8c5bf557ee844ad2d103d06b","1171357","","Kohgiluyeh va Boyer Ahmad","","","","","","","","","","","","",,"","","","",,30.18553,50.97785,
"","365a4a632d1fb65f22fb9b4823552ddd","5-8ca33b36bc11e76cb724963a11373267","1171358","","Kohgiluyeh va Boyer Ahmad","","","","","","","","","","","Tsam Merād-e Zōra","Keykhosrow Taheri and Mansour Bozorgmehr, field notes 2024",,"","","","Bāuyi 80%; Standard type Persian 15%; mixed 5%","Keykhosrow Taheri and Mansour Bozorgmehr, field notes 2024",30.17844,50.98098,
"","365a4a632d1fb65f22fb9b4823552144","5-73c094ef32fafed8b1a737a816c70e03","1171359","","Kohgiluyeh va Boyer Ahmad","","","","","","","","","","","Kharval","Keykhosrow Taheri and Mansour Bozorgmehr, field notes 2024",54,"","","","Bāuyi 80%; Standard type Persian 15%; mixed 5%","Keykhosrow Taheri and Mansour Bozorgmehr, field notes 2024",30.261,50.949,
"","365a4a632d1fb65f22fb9b48235511e6","3-05c8369d6583980c81c46f24e60a6a83","1171360","","Kohgiluyeh va Boyer Ahmad","","","","","","","","","","","","",,"","","","",,30.21119,50.90053,
"","365a4a632d1fb65f22fb9b482355da93","5-e3f9500915d00958d32d35a9e5a94180","1171361","","Kohgiluyeh va Boyer Ahmad","","","","","","","","","","","Sarow Naniz (Bāuyi), Sarāb Naniz (Ghashghāi)","Keykhosrow Taheri, Eydi Abbasi and Mansour Bozorgmehr, field notes 2024",1087,"","","","Bāuyi 60%; Ghashghāi 20%; Standard type Persian 15%; mixed 5%","Keykhosrow Taheri, Eydi Abbasi and Mansour Bozorgmehr, field notes 2024",30.289,50.889,
"","365a4a632d1fb65f22fb9b482355d114","5-6e8d8497839d14940b1175e752c9d23a","1171362","","Kohgiluyeh va Boyer Ahmad","","","","","","","","","","","Bar Aftow Kharbal","Keykhosrow Taheri and Mansour Bozorgmehr, field notes 2024",,"","","","Bāuyi 80%; Standard type Persian 15%; mixed 5%","Keykhosrow Taheri and Mansour Bozorgmehr, field notes 2024",30.25073,50.94044,
"","365a4a632d1fb65f22fb9b482355c72d","5-56897272909764b3efd870838756e9b2","1171363","","Kohgiluyeh va Boyer Ahmad","","","","","","","","","","","Konār Seh Dasht-e Gol","Keykhosrow Taheri and Mansour Bozorgmehr, field notes 2024",,"","","","Bāuyi 80%; Standard type Persian 15%; mixed 5%","Keykhosrow Taheri and Mansour Bozorgmehr, field notes 2024",30.19925,50.97503,
"","365a4a632d1fb65f22fb9b482355b81b","5-e91a85c5d458d483c2e91baa1fa95129","1171364","","Kohgiluyeh va Boyer Ahmad","","","","","","","","","","","Meydun Dasht-e Gol","Keykhosrow Taheri and Mansour Bozorgmehr, field notes 2024",,"","","","Bāuyi 80%; Standard type Persian 15%; mixed 5%","Keykhosrow Taheri and Mansour Bozorgmehr, field notes 2024",30.20201,50.9568,
"","365a4a632d1fb65f22fb9b482355a82e","3-aaea9584b9a086f2f2072e03dd6eaf88","1171365","","Kohgiluyeh va Boyer Ahmad","","","","","","","","","","","","",,"","","","",,30.21185,50.77572,
"","365a4a632d1fb65f22fb9b482355a046","5-f7c4c7a0441d5eeb0c743242a8a30719","1171366","","Kohgiluyeh va Boyer Ahmad","","","","","","","","","","","Bivi Jān Āvād (Ghashghāi), Bivi Dzān Ābād (Bāuyi)","Keykhosrow Taheri, Eydi Abbasi and Mansour Bozorgmehr, field notes 2024",525,"","","","Ghashghāi 90%; Standard type Persian 10%","Keykhosrow Taheri, Eydi Abbasi and Mansour Bozorgmehr, field notes 2024",30.265,50.763,
"","365a4a632d1fb65f22fb9b482355977c","3-73c29ce42037c4e161f526b27bbe0dfc","1171367","","Kohgiluyeh va Boyer Ahmad","","","","","","","","","","","","",,"","","","",,30.23,50.819,
"","365a4a632d1fb65f22fb9b4823558798","3-e00950e8bf0e66d48853eda596d3e794","1171368","","Kohgiluyeh va Boyer Ahmad","","","","","","","","","","","","",,"","","","",,30.24675,50.7823,
"","365a4a632d1fb65f22fb9b4823558294","3-a5d92d71a10d854cd29bfd90175aab85","1171369","","Kohgiluyeh va Boyer Ahmad","","","","","","","","","","","","",,"","","","",,30.19426,50.8079,
"","365a4a632d1fb65f22fb9b48235581a7","3-d036af8aa24313f39cdd3222b88f36d2","1171370","","Kohgiluyeh va Boyer Ahmad","","","","","","","","","","","","",,"","","","",,30.2022,50.72491,
"","365a4a632d1fb65f22fb9b482356259a","3-c572598b3b98eb67cd2c1103f47ed728","1171371","","Kohgiluyeh va Boyer Ahmad","","","","","","","","","","","","",,"","","","",,30.19833,50.74499,
"","365a4a632d1fb65f22fb9b4823562389","5-2c65545659bf6e9057709d89d4b10fdb","1171372","","Kohgiluyeh va Boyer Ahmad","","","","","","","","","","","Āb Shirin (Ghashghāi), Ow Shirin (Bāuyi)","Keykhosrow Taheri, Eydi Abbasi and Mansour Bozorgmehr, field notes 2024",1349,"","","","Ghashghāi 60%; Bāuyi 25%; Standard type Persian 15%","Keykhosrow Taheri, Eydi Abbasi and Mansour Bozorgmehr, field notes 2024",30.268,50.771,
"","365a4a632d1fb65f22fb9b4823561b7e","5-a7d737f6cb7842256ace1c3aaa91d45b","1171373","","Kohgiluyeh va Boyer Ahmad","","","","","","","","","","","Pashakun (Bāuyi), Peshekun (Ghashghāi)","Keykhosrow Taheri, Eydi Abbasi and Mansour Bozorgmehr, field notes 2024",789,"","","","Bāuyi 45%; Ghashghāi 35%; Standard type Persian 15%; mixed 5%","Keykhosrow Taheri, Eydi Abbasi and Mansour Bozorgmehr, field notes 2024",30.321,50.814,
"","365a4a632d1fb65f22fb9b482356170e","3-3889f6ec219688b3e25de6845cfdda4a","1171374","","Kohgiluyeh va Boyer Ahmad","","","","","","","","","","","","",,"","","","",,30.26757,50.77994,
"","365a4a632d1fb65f22fb9b4823560b07","5-008c0b27fa4b6b8936c8447844f0fcc8","1171375","","Kohgiluyeh va Boyer Ahmad","","","","","","","","","","","Kombol","Keykhosrow Taheri and Mansour Bozorgmehr, field notes 2024",260,"","","","Bāuyi 80%; Standard type Persian 15%; mixed 5%","Keykhosrow Taheri and Mansour Bozorgmehr, field notes 2024",30.311,50.779,
"","365a4a632d1fb65f22fb9b48235608b9","5-4a5e087af82a45a87bad9a600bb1521a","1171376","","Kohgiluyeh va Boyer Ahmad","","","","","","","","","","","Hash Peymun","Keykhosrow Taheri and Mansour Bozorgmehr, field notes 2024",36,"","","","Bāuyi 80%; Standard type Persian 15%; mixed 5%","Keykhosrow Taheri and Mansour Bozorgmehr, field notes 2024",30.317,50.79,
"","365a4a632d1fb65f22fb9b4823738337","2-00ed43d6dbe5fe365b78aa8a958778f7","1171377","","Kohgiluyeh va Boyer Ahmad","","","","","","","","","","","","Keykhosrow Taheri and Mansour Bozorgmehr, field notes 2024",3390,"","","","",,,,
"","365a4a632d1fb65f22fb9b482355fe70","5-5f8a8566b03c68a75045642b2f4b96ef","1171378","","Kohgiluyeh va Boyer Ahmad","","","","","","","","","","","Āru","Keykhosrow Taheri and Mansour Bozorgmehr, field notes 2024",693,"","","","Boyerahmadi 75%; Standard type Persian 20%; mixed 5%","Keykhosrow Taheri and Mansour Bozorgmehr, field notes 2024",30.591,50.689,
"","365a4a632d1fb65f22fb9b482355f773","5-6ca35be4f1975ec971d295315ca83916","1171379","","Kohgiluyeh va Boyer Ahmad","","","","","","","","","","","Purazh","Keykhosrow Taheri and Mansour Bozorgmehr, field notes 2024",50,"","","","Boyerahmadi 75%; Standard type Persian 20%; mixed 5%","Keykhosrow Taheri and Mansour Bozorgmehr, field notes 2024",30.62,50.725,
"","365a4a632d1fb65f22fb9b482355f1ce","5-f8122499b2e98a5d27c2565156f3f813","1171380","","Kohgiluyeh va Boyer Ahmad","","","","","","","","","","","Shumbarākun","Keykhosrow Taheri and Mansour Bozorgmehr, field notes 2024",91,"","","","Boyerahmadi 75%; Standard type Persian 20%; mixed 5%","Keykhosrow Taheri and Mansour Bozorgmehr, field notes 2024",30.626,50.725,
"","365a4a632d1fb65f22fb9b482355ea60","5-849dfa9ae645dc951a1c105e2d91522d","1171381","","Kohgiluyeh va Boyer Ahmad","","","","","","","","","","","Dil","Keykhosrow Taheri and Mansour Bozorgmehr, field notes 2024",1768,"","","","Boyerahmadi 75%; Standard type Persian 20%; mixed 5%","Keykhosrow Taheri and Mansour Bozorgmehr, field notes 2024",30.553,50.762,
"","365a4a632d1fb65f22fb9b48235667ff","5-8081095943fb16fc400138c0f9ecc5d5","1171382","","Kohgiluyeh va Boyer Ahmad","","","","","","","","","","","Mowzh","Keykhosrow Taheri and Mansour Bozorgmehr, field notes 2024",,"","","","Boyerahmadi 75%; Standard type Persian 20%; mixed 5%","Keykhosrow Taheri and Mansour Bozorgmehr, field notes 2024",30.61725,50.79636,
"","365a4a632d1fb65f22fb9b4823565ea1","5-37ed62c8e261113ce247db0dd65fc352","1171383","","Kohgiluyeh va Boyer Ahmad","","","","","","","","","","","Nimdur","Keykhosrow Taheri and Mansour Bozorgmehr, field notes 2024",16,"","","","Boyerahmadi 75%; Standard type Persian 20%; mixed 5%","Keykhosrow Taheri and Mansour Bozorgmehr, field notes 2024",30.611,50.83,
"","365a4a632d1fb65f22fb9b4823565b39","5-206a930241526351d04fcc5792129bbe","1171384","","Kohgiluyeh va Boyer Ahmad","","","","","","","","","","","Dasht-e Nimdur","Keykhosrow Taheri and Mansour Bozorgmehr, field notes 2024",,"","","","Boyerahmadi 75%; Standard type Persian 20%; mixed 5%","Keykhosrow Taheri and Mansour Bozorgmehr, field notes 2024",30.61017,50.83902,
"","365a4a632d1fb65f22fb9b4823564cf4","3-8ed2ee917e82037ecd8407250b0e79b0","1171385","","Kohgiluyeh va Boyer Ahmad","","","","","","","","","","","","",,"","","","",,30.6329,50.76039,
"","365a4a632d1fb65f22fb9b4823564bde","5-b4ec32faae2da05aa96afe5b9f54d544","1171386","","Kohgiluyeh va Boyer Ahmad","","","","","","","","","","","Espar","Keykhosrow Taheri and Mansour Bozorgmehr, field notes 2024",172,"","","","Boyerahmadi 75%; Standard type Persian 20%; mixed 5%","Keykhosrow Taheri and Mansour Bozorgmehr, field notes 2024",30.6,50.745,
"","365a4a632d1fb65f22fb9b4823564ac3","5-cef942ccebc612bf500a1e33d05a8435","1171387","","Kohgiluyeh va Boyer Ahmad","","","","","","","","","","","Eslām Ābād-e Nāzmakun","Keykhosrow Taheri and Mansour Bozorgmehr, field notes 2024",30,"","","","Boyerahmadi 75%; Standard type Persian 20%; mixed 5%","Keykhosrow Taheri and Mansour Bozorgmehr, field notes 2024",30.642,50.771,
"","365a4a632d1fb65f22fb9b482356496b","5-2c0905895e65c57779db35124616a149","1171388","","Kohgiluyeh va Boyer Ahmad","","","","","","","","","","","Rubāl","Keykhosrow Taheri and Mansour Bozorgmehr, field notes 2024",21,"","","","Boyerahmadi 75%; Standard type Persian 20%; mixed 5%","Keykhosrow Taheri and Mansour Bozorgmehr, field notes 2024",30.635,50.79,
"","365a4a632d1fb65f22fb9b4823563d20","5-3cf2b4c32322a1661fcfd78ab8f85d3f","1171389","","Kohgiluyeh va Boyer Ahmad","","","","","","","","","","","Sar Tira","Keykhosrow Taheri and Mansour Bozorgmehr, field notes 2024",96,"","","","Boyerahmadi 75%; Standard type Persian 20%; mixed 5%","Keykhosrow Taheri and Mansour Bozorgmehr, field notes 2024",30.633,50.742,
"","365a4a632d1fb65f22fb9b4823563572","5-7ea5b3f963bd968e6f48499e8446e1ec","1171390","","Kohgiluyeh va Boyer Ahmad","","","","","","","","","","","Gowresun","Keykhosrow Taheri and Mansour Bozorgmehr, field notes 2024",56,"","","","Boyerahmadi 75%; Standard type Persian 20%; mixed 5%","Keykhosrow Taheri and Mansour Bozorgmehr, field notes 2024",30.632,50.736,
"","365a4a632d1fb65f22fb9b4823562cab","5-535a749de993a0b4a8e3101ca052d8ec","1171391","","Kohgiluyeh va Boyer Ahmad","","","","","","","","","","","Godār-e Shahri","Keykhosrow Taheri and Mansour Bozorgmehr, field notes 2024",,"","","","Boyerahmadi 75%; Standard type Persian 20%; mixed 5%","Keykhosrow Taheri and Mansour Bozorgmehr, field notes 2024",30.64514,50.77229,
"","365a4a632d1fb65f22fb9b482356cc7d","5-ce6945d254264402bc30a6b32f7096cb","1171392","","Kohgiluyeh va Boyer Ahmad","","","","","","","","","","","Mārin","Keykhosrow Taheri and Mansour Bozorgmehr, field notes 2024",250,"","","","Boyerahmadi 75%; Standard type Persian 20%; mixed 5%","Keykhosrow Taheri and Mansour Bozorgmehr, field notes 2024",30.551,50.803,
"","365a4a632d1fb65f22fb9b482356bd89","5-a40afff6f59a0fbccad2ce0f2122e684","1171393","","Kohgiluyeh va Boyer Ahmad","","","","","","","","","","","Nāzmakun Dōmeni","Keykhosrow Taheri and Mansour Bozorgmehr, field notes 2024",50,"","","","Boyerahmadi 75%; Standard type Persian 20%; mixed 5%","Keykhosrow Taheri and Mansour Bozorgmehr, field notes 2024",30.639,50.744,
"","365a4a632d1fb65f22fb9b482356b213","5-59d97fd1d52237f235a8de7691197c24","1171394","","Kohgiluyeh va Boyer Ahmad","","","","","","","","","","","Nāzmakun Bāley","Keykhosrow Taheri and Mansour Bozorgmehr, field notes 2024",70,"","","","Boyerahmadi 75%; Standard type Persian 20%; mixed 5%","Keykhosrow Taheri and Mansour Bozorgmehr, field notes 2024",30.64,50.762,
"","365a4a632d1fb65f22fb9b48237376db","2-bf3e3480e5566dcfc485c86a85eb20bf","1171395","","Kohgiluyeh va Boyer Ahmad","","","","","","","","","","","","",1370,"","","","",,,,
"","365a4a632d1fb65f22fb9b482356ab9f","5-15f6eb4b4691979de58fe55e22333343","1171396","","Kohgiluyeh va Boyer Ahmad","","","","","","","","","","","Bōwu Kalu (Ghashghāi), Bāwe-y Kalu (Bāuyi)","Keykhosrow Taheri, Eydi Abbasi and Mansour Bozorgmehr, field notes 2024",1100,"","","","Ghashghāi 70%; Standard type Persian 20%; Bāuyi 10%","Keykhosrow Taheri, Eydi Abbasi and Mansour Bozorgmehr, field notes 2024",30.113,50.82,
"","365a4a632d1fb65f22fb9b482356a230","5-7eaccba9439e6d83fd8ed2f52548685e","1171397","","Kohgiluyeh va Boyer Ahmad","","","","","","","","","","","Ow Zahli Bāwe-y Kalu","Keykhosrow Taheri and Mansour Bozorgmehr, field notes 2024",,"","","","Bāuyi 75%; Standard type Persian 20%; mixed 5%","Keykhosrow Taheri and Mansour Bozorgmehr, field notes 2024",30.1128,50.74465,
"","365a4a632d1fb65f22fb9b4823569d1e","5-abcd89168772522e5f6ab8ef013372a6","1171398","","Kohgiluyeh va Boyer Ahmad","","","","","","","","","","","Ow Garm, Ow Garm-e Bāwe-y Kalu","Keykhosrow Taheri and Mansour Bozorgmehr, field notes 2024",,"","","","Bāuyi 75%; Standard type Persian 20%; mixed 5%","Keykhosrow Taheri and Mansour Bozorgmehr, field notes 2024",30.08495,50.8309,
"","365a4a632d1fb65f22fb9b4823569364","3-79f33905ce2cc8009dbb7f6730998bb3","1171399","","Kohgiluyeh va Boyer Ahmad","","","","","","","","","","","","",,"","","","",,30.05132,50.7022,
"","365a4a632d1fb65f22fb9b4823568942","5-c37b9d9bcdf0c97a2d67ce9126f5a0ea","1171400","","Kohgiluyeh va Boyer Ahmad","","","","","","","","","","","Tsam-e Tserrow","Keykhosrow Taheri and Mansour Bozorgmehr, field notes 2024",,"","","","Bāuyi 75%; Standard type Persian 20%; mixed 5%","Keykhosrow Taheri and Mansour Bozorgmehr, field notes 2024",30.1524,50.93086,
"","365a4a632d1fb65f22fb9b4823567be8","3-02a6ed6e1d02d822f6a0b20fe0c1b838","1171401","","Kohgiluyeh va Boyer Ahmad","","","","","","","","","","","","",,"","","","",,30.16887,50.93413,
"","365a4a632d1fb65f22fb9b4823567408","5-acabf8c5316f994553c677ef9aaa9cc6","1171402","","Kohgiluyeh va Boyer Ahmad","","","","","","","","","","","Tsār Tang","Keykhosrow Taheri and Mansour Bozorgmehr, field notes 2024",,"","","","Bāuyi 75%; Standard type Persian 20%; mixed 5%","Keykhosrow Taheri and Mansour Bozorgmehr, field notes 2024",30.08168,50.75262,
"","365a4a632d1fb65f22fb9b4823570953","3-b16ff3eb34936f5b6076a10b198de4ec","1171403","","Kohgiluyeh va Boyer Ahmad","","","","","","","","","","","","",,"","","","",,30.02954,50.72267,
"","365a4a632d1fb65f22fb9b482357087c","5-586619ab0820ea6e3bf490c99c91bb73","1171404","","Kohgiluyeh va Boyer Ahmad","","","","","","","","","","","Dara Derāz-e Bāwe-y Kalu","Keykhosrow Taheri and Mansour Bozorgmehr, field notes 2024",,"","","","Bāuyi 75%; Standard type Persian 20%; mixed 5%","Keykhosrow Taheri and Mansour Bozorgmehr, field notes 2024",29.99987,50.80066,
"","365a4a632d1fb65f22fb9b482356fc6b","3-7e4cc5aec953cc530cbc8258986a7858","1171405","","Kohgiluyeh va Boyer Ahmad","","","","","","","","","","","","",,"","","","",,30.10805,50.83207,
"","365a4a632d1fb65f22fb9b482356f0e7","3-75418b5476d652fda4c1563481a48922","1171406","","Kohgiluyeh va Boyer Ahmad","","","","","","","","","","","","",,"","","","",,29.99569,50.70973,
"","365a4a632d1fb65f22fb9b482373768c","2-9b9ac9aed39cce19de57ee65c79150a2","1171407","","Kohgiluyeh va Boyer Ahmad","","","","","","","","","","","","",,"","","","",,,,
"","365a4a632d1fb65f22fb9b482356e495","3-346418f4ad5b533b45cb207e8c95843e","1171408","","Kohgiluyeh va Boyer Ahmad","","","","","","","","","","","","",,"","","","",,30.04608,50.85183,
"","365a4a632d1fb65f22fb9b482356e176","5-cc8d4857ed06d62fc76d9f991dd14ec5","1171409","","Kohgiluyeh va Boyer Ahmad","","","","","","","","","","","Shā Taslim","Keykhosrow Taheri and Mansour Bozorgmehr, field notes 2024",,"","","","Bāuyi 75%; Standard type Persian 20%; mixed 5%","Keykhosrow Taheri and Mansour Bozorgmehr, field notes 2024",30.09982,50.90387,
"","365a4a632d1fb65f22fb9b482356d938","5-e5c943674d07f899e03379e09effa00d","1171410","","Kohgiluyeh va Boyer Ahmad","","","","","","","","","","","Bone Pir (Ghashghāi), Bene Pir (Bāuyi)","Keykhosrow Taheri, Eydi Abbasi and Mansour Bozorgmehr, field notes 2024",91,"","","","Ghashghāi 85%; Standard type Persian 10%; Bāuyi 5%","Keykhosrow Taheri, Eydi Abbasi and Mansour Bozorgmehr, field notes 2024",30.108,50.702,
"","365a4a632d1fb65f22fb9b482356d677","5-7a001163e5f49eafcf842468ea2fc73a","1171411","","Kohgiluyeh va Boyer Ahmad","","","","","","","","","","","Bibi Hakima, Bi Hakima","Keykhosrow Taheri and Mansour Bozorgmehr, field notes 2024",89,"","","","Bāuyi 75%; Standard type Persian 20%; mixed 5%","Keykhosrow Taheri and Mansour Bozorgmehr, field notes 2024",30.043,50.609,
"","365a4a632d1fb65f22fb9b482356cfaf","3-eb59adb0116a2ae21e25b1a8a3883c50","1171412","","Kohgiluyeh va Boyer Ahmad","","","","","","","","","","","","",,"","","","",,30.08339,50.63704,
"","365a4a632d1fb65f22fb9b482356cf4a","5-6d3db57102cef6cf0ecdedbadf2911d5","1171413","","Kohgiluyeh va Boyer Ahmad","","","","","","","","","","","Kake-y Mobārak","Keykhosrow Taheri and Mansour Bozorgmehr, field notes 2024",,"","","","Bāuyi 75%; Standard type Persian 20%; mixed 5%","Keykhosrow Taheri and Mansour Bozorgmehr, field notes 2024",30.05431,50.61768,
"","365a4a632d1fb65f22fb9b48235757b4","5-592d3c4bd560cc3d74803289eba2c028","1171414","","Kohgiluyeh va Boyer Ahmad","","","","","","","","","","","Darre Palangi (Ghashghāi), Gow-e Gol (Bāuyi)","Keykhosrow Taheri, Eydi Abbasi and Mansour Bozorgmehr, field notes 2024",23,"","","","Ghashghāi 85%; Standard type Persian 15%","Keykhosrow Taheri, Eydi Abbasi and Mansour Bozorgmehr, field notes 2024",30.117,50.681,
"","365a4a632d1fb65f22fb9b4823574ee8","3-f0d5250cebe7dc3311c073ce486657ab","1171415","","Kohgiluyeh va Boyer Ahmad","","","","","","","","","","","","",,"","","","",,30.04736,50.62252,
"","365a4a632d1fb65f22fb9b4823574bf7","5-a07f73db046804d5e06e23eae7a438a9","1171416","","Kohgiluyeh va Boyer Ahmad","","","","","","","","","","","Negahbun Sar Pōli","Keykhosrow Taheri and Mansour Bozorgmehr, field notes 2024",16,"","","","Ghashghāi 75%; Standard type Persian 20%; mixed 5%","Keykhosrow Taheri and Mansour Bozorgmehr, field notes 2024",30.185,50.76,
"","365a4a632d1fb65f22fb9b4823573f6c","3-d53cb4c5f203083b302ccef6e00e06ce","1171417","","Kohgiluyeh va Boyer Ahmad","","","","","","","","","","","","",,"","","","",,29.974,50.83775,
"","365a4a632d1fb65f22fb9b4823572f9f","3-abf10266fccf2fa920aa9d06b88bdbc6","1171418","","Kohgiluyeh va Boyer Ahmad","","","","","","","","","","","","",,"","","","",,30.00232,50.72151,
"","365a4a632d1fb65f22fb9b4823571fad","5-1321bbe6baab6cbd6300df6813578c93","1171419","","Kohgiluyeh va Boyer Ahmad","","","","","","","","","","","Now Ruz Tsam-e Ali Zōra","Keykhosrow Taheri and Mansour Bozorgmehr, field notes 2024",,"","","","Ghashghāi 75%; Standard type Persian 20%; mixed 5%","Keykhosrow Taheri and Mansour Bozorgmehr, field notes 2024",30.15304,50.73424,
"","365a4a632d1fb65f22fb9b48235718f9","3-b1ccf8ed60e3883f469491fe05c910b0","1171420","","Kohgiluyeh va Boyer Ahmad","","","","","","","","","","","","",,"","","","",,30.15965,50.71233,
"","365a4a632d1fb65f22fb9b4823736a5b","2-5bf0db68b6b68bbf89ad554b5f81e884","1171421","","Kohgiluyeh va Boyer Ahmad","","","","","","","","","","","","",8543,"","","","",,,,
"","365a4a632d1fb65f22fb9b48235715f7","5-b098699b79615e0bab5012ca2a4b51d2","1171422","","Kohgiluyeh va Boyer Ahmad","","","","","","","","","","","Emāmzāda Esmeyl","Keykhosrow Taheri and Mansour Bozorgmehr, field notes 2024",,"","","","Boyerahmadi 85%; Standard type Persian 15%","Keykhosrow Taheri and Mansour Bozorgmehr, field notes 2024",30.39225,50.75001,
"","365a4a632d1fb65f22fb9b4823570d92","5-37f5203e11923e49bcdc8a192664d336","1171423","","Kohgiluyeh va Boyer Ahmad","","","","","","","","","","","Tang Bāsht Tsār Bisha","Keykhosrow Taheri and Mansour Bozorgmehr, field notes 2024",18,"","","","Boyerahmadi 85%; Standard type Persian 15%","Keykhosrow Taheri and Mansour Bozorgmehr, field notes 2024",30.413,50.745,
"","365a4a632d1fb65f22fb9b4823570a00","5-6eec581db1a22d8807d60b9af3b02053","1171424","","Kohgiluyeh va Boyer Ahmad","","","","","","","","","","","Tsār Bishe-y Bāley","Keykhosrow Taheri and Mansour Bozorgmehr, field notes 2024",1816,"","","","Boyerahmadi 85%; Standard type Persian 15%","Keykhosrow Taheri and Mansour Bozorgmehr, field notes 2024",30.389,50.729,
"","365a4a632d1fb65f22fb9b4823579c6e","3-ba8940d3812231b920883bc006f51fdc","1171425","","Kohgiluyeh va Boyer Ahmad","","","","","","","","","","","","",,"","","","",,30.37394,50.72742,
"","365a4a632d1fb65f22fb9b4823578daa","5-44d2573f064135a32c7793b306d6e8bf","1171426","","Kohgiluyeh va Boyer Ahmad","","","","","","","","","","","Shahrak San'ati Tsār Bisha","Keykhosrow Taheri and Mansour Bozorgmehr, field notes 2024",99,"","","","Boyerahmadi 85%; Standard type Persian 15%","Keykhosrow Taheri and Mansour Bozorgmehr, field notes 2024",30.394,50.727,
"","365a4a632d1fb65f22fb9b4823578b46","5-a39583d5ab11007a0b69d0245174cf22","1171427","","Kohgiluyeh va Boyer Ahmad","","","","","","","","","","","Morghdāri-ye Se Rā Tsār Bisha","Keykhosrow Taheri and Mansour Bozorgmehr, field notes 2024",,"","","","Boyerahmadi 85%; Standard type Persian 15%","Keykhosrow Taheri and Mansour Bozorgmehr, field notes 2024",30.37394,50.72742,
"","365a4a632d1fb65f22fb9b4823577fd7","5-4adebcfc053ba67c5da23b1ae0cf8eb6","1171428","","Kohgiluyeh va Boyer Ahmad","","","","","","","","","","","Deh Seleymun (Boyerahmadi), Dezh-e Seleymān (Ghashghāi)","Keykhosrow Taheri, Eydi Abbasi and Mansour Bozorgmehr, field notes 2024",318,"","","","Boyerahmadi 55%; Ghashghāi 30%; Standard type Persian 15%","Keykhosrow Taheri, Eydi Abbasi and Mansour Bozorgmehr, field notes 2024",30.324,50.681,
"","365a4a632d1fb65f22fb9b4823577ae1","5-c1b8446e4b520051cba36f43a876b367","1171429","","Kohgiluyeh va Boyer Ahmad","","","","","","","","","","","Tsam Ali-ye Rudkhune-y Zōra","Keykhosrow Taheri and Mansour Bozorgmehr, field notes 2024",,"","","","Boyerahmadi 85%; Standard type Persian 15%","Keykhosrow Taheri and Mansour Bozorgmehr, field notes 2024",30.16196,50.73348,
"","365a4a632d1fb65f22fb9b48235778b5","5-c59fb1ba3f05b1c71c0494deb9132560","1171430","","Kohgiluyeh va Boyer Ahmad","","","","","","","","","","","Marzae-y Gats Havas","Keykhosrow Taheri and Mansour Bozorgmehr, field notes 2024",,"","","","Boyerahmadi 85%; Standard type Persian 15%","Keykhosrow Taheri and Mansour Bozorgmehr, field notes 2024",30.35744,50.70246,
"","365a4a632d1fb65f22fb9b48235769ee","3-cb82c372ccb91e2b32eca58ef4421477","1171431","","Kohgiluyeh va Boyer Ahmad","","","","","","","","","","","","",,"","","","",,30.29639,50.73341,
"","365a4a632d1fb65f22fb9b48235766dc","3-83b911143870b6bd1c3a48ca840752b1","1171432","","Kohgiluyeh va Boyer Ahmad","","","","","","","","","","","","",,"","","","",,30.28662,50.6027,
"","365a4a632d1fb65f22fb9b4823576598","5-7c464fbd3d5098df24ae2f88f8fc3eb1","1171433","","Kohgiluyeh va Boyer Ahmad","","","","","","","","","","","Vord-e Ayāz Khān-e Dara Owgandu","Keykhosrow Taheri and Mansour Bozorgmehr, field notes 2024",24,"","","","Boyerahmadi 85%; Standard type Persian 15%","Keykhosrow Taheri and Mansour Bozorgmehr, field notes 2024",30.264,50.641,
"","365a4a632d1fb65f22fb9b48235764b9","3-b9f13d2e0c65d769ef78c3e8ae86ec0c","1171434","","Kohgiluyeh va Boyer Ahmad","","","","","","","","","","","","",,"","","","",,30.24952,50.5457,
"","365a4a632d1fb65f22fb9b482357fe13","3-d75ef6f5254b1f371fd6d8678667a3a1","1171435","","Kohgiluyeh va Boyer Ahmad","","","","","","","","","","","","",,"","","","",,30.22758,50.58272,
"","365a4a632d1fb65f22fb9b482357f3d5","3-e7aa761cfc621ade87f79afdac4a3dff","1171436","","Kohgiluyeh va Boyer Ahmad","","","","","","","","","","","","",,"","","","",,30.21253,50.60357,
"","365a4a632d1fb65f22fb9b482357e9d5","3-687f280d900d4560631fc6e1929d2c90","1171437","","Kohgiluyeh va Boyer Ahmad","","","","","","","","","","","","",,"","","","",,30.16221,50.75859,
"","365a4a632d1fb65f22fb9b482357e792","3-b28949a0148419fc82eadc2f09d6477e","1171438","","Kohgiluyeh va Boyer Ahmad","","","","","","","","","","","","",,"","","","",,30.17805,50.65359,
"","365a4a632d1fb65f22fb9b482357e12b","3-35a909f21e018ff5f164b2c62f130ec8","1171439","","Kohgiluyeh va Boyer Ahmad","","","","","","","","","","","","",,"","","","",,30.31742,50.68368,
"","365a4a632d1fb65f22fb9b482357d177","3-e5dbefe5a5d15596dea4c0c21d241216","1171440","","Kohgiluyeh va Boyer Ahmad","","","","","","","","","","","","",,"","","","",,30.27604,50.70958,
"","365a4a632d1fb65f22fb9b482357c887","5-fe29949631322c750e6a33a3f4464fe9","1171441","","Kohgiluyeh va Boyer Ahmad","","","","","","","","","","","Pol-e Zandziri-ye Dasht-e Bali","Keykhosrow Taheri and Mansour Bozorgmehr, field notes 2024",,"","","","Boyerahmadi 85%; Standard type Persian 15%","Keykhosrow Taheri and Mansour Bozorgmehr, field notes 2024",30.29961,50.72422,
"","365a4a632d1fb65f22fb9b482357bdef","3-485504940682319c55582dcc55915d24","1171442","","Kohgiluyeh va Boyer Ahmad","","","","","","","","","","","","",,"","","","",,30.78725,50.35919,
"","365a4a632d1fb65f22fb9b482357b3b6","5-b57b323d3d570631740e568b3930bd4b","1171443","","Kohgiluyeh va Boyer Ahmad","","","","","","","","","","","Ow Kel-e Tāva Shisha","Keykhosrow Taheri and Mansour Bozorgmehr, field notes 2024",203,"","","","Boyerahmadi 85%; Standard type Persian 15%","Keykhosrow Taheri and Mansour Bozorgmehr, field notes 2024",30.39,50.584,
"","365a4a632d1fb65f22fb9b482357a410","5-61c574393a1406e9139313bcb8c0229f","1171444","","Kohgiluyeh va Boyer Ahmad","","","","","","","","","","","Ow Kel-e Shisha","Keykhosrow Taheri and Mansour Bozorgmehr, field notes 2024",19,"","","","Boyerahmadi 85%; Standard type Persian 15%","Keykhosrow Taheri and Mansour Bozorgmehr, field notes 2024",30.396,50.578,
"","365a4a632d1fb65f22fb9b4823584ad1","3-5a6f602d4b83c12926754964e6c38ddc","1171445","","Kohgiluyeh va Boyer Ahmad","","","","","","","","","","","","",,"","","","",,30.35899,50.61592,
"","365a4a632d1fb65f22fb9b4823583bbd","5-d20ccd84f350dbdd9d1dd1d387d5a44d","1171446","","Kohgiluyeh va Boyer Ahmad","","","","","","","","","","","Mahmad Ābād-e Lishter","Keykhosrow Taheri and Mansour Bozorgmehr, field notes 2024",239,"","","","Boyerahmadi 85%; Standard type Persian 15%","Keykhosrow Taheri and Mansour Bozorgmehr, field notes 2024",30.418,50.536,
"","365a4a632d1fb65f22fb9b4823583434","3-65386e98cabc13cbd7c234c2c964cb99","1171447","","Kohgiluyeh va Boyer Ahmad","","","","","","","","","","","","",,"","","","",,30.3775,50.59658,
"","365a4a632d1fb65f22fb9b4823582d22","5-dd797ae666362b856911691bcfc9c03a","1171448","","Kohgiluyeh va Boyer Ahmad","","","","","","","","","","","Mozafar Ābād (Boyerahmadi), Mudhaffar Ābād (Arabic)","Keykhosrow Taheri, Faramarz Asadinezhad and Mansour Bozorgmehr, field notes 2024",459,"","","","Boyerahmadi 60%; Standard type Persian 30%; Khuzestāni Arabic 10%","Keykhosrow Taheri, Faramarz Asadinezhad and Mansour Bozorgmehr, field notes 2024",30.423,50.527,
"","365a4a632d1fb65f22fb9b4823582211","5-3a62ada6f5d5a43148ead2f528ed2e34","1171449","","Kohgiluyeh va Boyer Ahmad","","","","","","","","","","","Haf Tseshme-ye Lishter","Keykhosrow Taheri and Mansour Bozorgmehr, field notes 2024",136,"","","","Boyerahmadi 85%; Standard type Persian 15%","Keykhosrow Taheri and Mansour Bozorgmehr, field notes 2024",30.412,50.555,
"","365a4a632d1fb65f22fb9b482358181f","3-8798639bc9e95a0e8e1bb7449c85952b","1171450","","Kohgiluyeh va Boyer Ahmad","","","","","","","","","","","","",,"","","","",,30.36995,50.53962,
"","365a4a632d1fb65f22fb9b48237361cc","4-8a46df3203ca63d0427c43252f2ccf3d","1171451","","Kohgiluyeh va Boyer Ahmad","","","","","","","","","","","Khash Ow Lishter","Keykhosrow Taheri and Mansour Bozorgmehr, field notes 2024",,"","","","Boyerahmadi 85%; Standard type Persian 15%","Keykhosrow Taheri and Mansour Bozorgmehr, field notes 2024",,,
"","365a4a632d1fb65f22fb9b48235814cc","5-47293151384d7bc17d6f4f9cad531f62","1171452","","Kohgiluyeh va Boyer Ahmad","","","","","","","","","","","Andzire-y Lishter","Keykhosrow Taheri and Mansour Bozorgmehr, field notes 2024",98,"","","","Boyerahmadi 85%; Standard type Persian 15%","Keykhosrow Taheri and Mansour Bozorgmehr, field notes 2024",30.454,50.46,
"","365a4a632d1fb65f22fb9b482358113a","5-2c53ba14a6443764a4661fe26af28528","1171453","","Kohgiluyeh va Boyer Ahmad","","","","","","","","","","","Ow Andzir-e Bāley","Keykhosrow Taheri and Mansour Bozorgmehr, field notes 2024",114,"","","","Boyerahmadi 85%; Standard type Persian 15%","Keykhosrow Taheri and Mansour Bozorgmehr, field notes 2024",30.464,50.467,
"","365a4a632d1fb65f22fb9b4823735224","2-70fc81c79ea7382190ef599f1b6bf0d4","1171454","","Kohgiluyeh va Boyer Ahmad","","","","","","","","","","","","",,"","","","",,,,
"","365a4a632d1fb65f22fb9b4823580aff","7-1ba30cd76bf7ea0c3b910b0565ef1fa6","1171455","","Kohgiluyeh va Boyer Ahmad","","","","","","","","","","","Islām Ābād (Arabic), Eslām Ābād (Boyerahmadi)","Faramarz Asadinezhad, Keykhosrow Taheri and Mansour Bozorgmehr, field notes 2024",746,"","","","Khuzestāni Arabic 75%; Standard type Persian 15%; Boyerahmadi 10%","Faramarz Asadinezhad, Keykhosrow Taheri and Mansour Bozorgmehr, field notes 2024",30.436,50.523,
"","365a4a632d1fb65f22fb9b4823580673","5-2df5a4f554307a205d93090801e08181","1171456","","Kohgiluyeh va Boyer Ahmad","","","","","","","","","","","Eshkaft Shir","Keykhosrow Taheri and Mansour Bozorgmehr, field notes 2024",87,"","","","Boyerahmadi 85%; Standard type Persian 15%","Keykhosrow Taheri and Mansour Bozorgmehr, field notes 2024",30.519,50.412,
"","365a4a632d1fb65f22fb9b482358946b","5-ab701ed0e5c72adef509ab689d5c4569","1171457","","Kohgiluyeh va Boyer Ahmad","","","","","","","","","","","Kheyr Ābād Dumeni","Keykhosrow Taheri and Mansour Bozorgmehr, field notes 2024",881,"","","","Boyerahmadi 85%; Standard type Persian 15%","Keykhosrow Taheri and Mansour Bozorgmehr, field notes 2024",30.526,50.437,
"","365a4a632d1fb65f22fb9b4823588e04","5-dc5cea1ff3ad82d120fb7dcd6ba9619d","1171458","","Kohgiluyeh va Boyer Ahmad","","","","","","","","","","","Kheyr Ābād Seyfelā","Keykhosrow Taheri and Mansour Bozorgmehr, field notes 2024",43,"","","","Boyerahmadi 85%; Standard type Persian 15%","Keykhosrow Taheri and Mansour Bozorgmehr, field notes 2024",30.527,50.418,
"","365a4a632d1fb65f22fb9b4823588350","5-f03f78f5d36a87a34fc62267027421c5","1171459","","Kohgiluyeh va Boyer Ahmad","","","","","","","","","","","Owrizu","Keykhosrow Taheri and Mansour Bozorgmehr, field notes 2024",16,"","","","Boyerahmadi 85%; Standard type Persian 15%","Keykhosrow Taheri and Mansour Bozorgmehr, field notes 2024",30.478,50.45,
"","365a4a632d1fb65f22fb9b4823587d4d","3-9afc0a8dbcf330acfaf58ff4bcb40c33","1171460","","Kohgiluyeh va Boyer Ahmad","","","","","","","","","","","","",,"","","","",,30.52482,50.46041,
"","365a4a632d1fb65f22fb9b4823586fe4","5-9ffb6b136a8a8d577e46369435b90475","1171461","","Kohgiluyeh va Boyer Ahmad","","","","","","","","","","","Kheyr Ābād Nāser","Keykhosrow Taheri and Mansour Bozorgmehr, field notes 2024",283,"","","","Boyerahmadi 85%; Standard type Persian 15%","Keykhosrow Taheri and Mansour Bozorgmehr, field notes 2024",30.537,50.515,
"","365a4a632d1fb65f22fb9b4823586bd5","5-0e530effe217819500da826e065a3b88","1171462","","Kohgiluyeh va Boyer Ahmad","","","","","","","","","","","Pir Mahsum","Keykhosrow Taheri and Mansour Bozorgmehr, field notes 2024",333,"","","","Boyerahmadi 85%; Standard type Persian 15%","Keykhosrow Taheri and Mansour Bozorgmehr, field notes 2024",30.525,50.495,
"","365a4a632d1fb65f22fb9b4823586b6f","5-5e49ab5cf69fbe19851df7015093c989","1171463","","Kohgiluyeh va Boyer Ahmad","","","","","","","","","","","Yunit Tsār-e Lishter","Keykhosrow Taheri and Mansour Bozorgmehr, field notes 2024",,"","","","Boyerahmadi 85%; Standard type Persian 15%","Keykhosrow Taheri and Mansour Bozorgmehr, field notes 2024",30.48307,50.47522,
"","365a4a632d1fb65f22fb9b4823586638","5-c11812bfc23a412f08b107db8b973fa4","1171464","","Kohgiluyeh va Boyer Ahmad","","","","","","","","","","","Ow Ambār","Keykhosrow Taheri and Mansour Bozorgmehr, field notes 2024",88,"","","","Boyerahmadi 85%; Standard type Persian 15%","Keykhosrow Taheri and Mansour Bozorgmehr, field notes 2024",30.472,50.532,
"","365a4a632d1fb65f22fb9b482358636c","5-3102ba7a710e1c18b008fc5b77dce56f","1171465","","Kohgiluyeh va Boyer Ahmad","","","","","","","","","","","Khalf Ābād-e Lishter","Keykhosrow Taheri and Mansour Bozorgmehr, field notes 2024",26,"","","","Boyerahmadi 85%; Standard type Persian 15%","Keykhosrow Taheri and Mansour Bozorgmehr, field notes 2024",30.402,50.632,
"","365a4a632d1fb65f22fb9b48235857f7","5-f3a3e97257e78b4b3c5d49c23615c450","1171466","","Kohgiluyeh va Boyer Ahmad","","","","","","","","","","","Sādāt-e Lishter","Keykhosrow Taheri and Mansour Bozorgmehr, field notes 2024",149,"","","","Boyerahmadi 85%; Standard type Persian 15%","Keykhosrow Taheri and Mansour Bozorgmehr, field notes 2024",30.407,50.624,
"","365a4a632d1fb65f22fb9b482358c188","9-0432783b54a09df763ef5e28eca1baf3","1171467","","Kohgiluyeh va Boyer Ahmad","","","","","","","","","","","Shams ul-ʕarab (Arabic), Shams Arab-e Abdeley (Bāuyi)","Faramarz Asadinezhad, Keykhosrow Taheri and Mansour Bozorgmehr, field notes 2024",71,"","","","Standard type Persian 45%; Khuzestāni Arabic 30%; Boyerahmadi 25%","Faramarz Asadinezhad, Keykhosrow Taheri and Mansour Bozorgmehr, field notes 2024",30.407,50.613,
"","365a4a632d1fb65f22fb9b482358bc0f","5-ab1d83e0637518249dd93114610bf427","1171468","","Kohgiluyeh va Boyer Ahmad","","","","","","","","","","","Mir Aziz","Keykhosrow Taheri and Mansour Bozorgmehr, field notes 2024",33,"","","","Boyerahmadi 80%; Standard type Persian 20%","Keykhosrow Taheri and Mansour Bozorgmehr, field notes 2024",30.455,50.565,
"","365a4a632d1fb65f22fb9b482358b3ec","3-d0a3637b8c056877e7e49ecbed67f204","1171469","","Kohgiluyeh va Boyer Ahmad","","","","","","","","","","","","",,"","","","",,30.39766,50.6151,
"","365a4a632d1fb65f22fb9b482358b3c6","3-464753c48ee28f029eea4dce81e54488","1171470","","Kohgiluyeh va Boyer Ahmad","","","","","","","","","","","","",,"","","","",,30.40302,50.65305,
"","365a4a632d1fb65f22fb9b482358b0a2","5-0ec0da547bcca17214c6e3d17769f746","1171471","","Kohgiluyeh va Boyer Ahmad","","","","","","","","","","","Dare-y Neyna Kō Sōr","Keykhosrow Taheri and Mansour Bozorgmehr, field notes 2024",,"","","","Boyerahmadi 80%; Standard type Persian 20%","Keykhosrow Taheri and Mansour Bozorgmehr, field notes 2024",30.446,50.569,
"","365a4a632d1fb65f22fb9b482358a7f3","5-b94430f98f2bcde84083645ac899ef87","1171472","","Kohgiluyeh va Boyer Ahmad","","","","","","","","","","","Eshkaft-e Gāvmish-e Kō Sōr","Keykhosrow Taheri and Mansour Bozorgmehr, field notes 2024",,"","","","Boyerahmadi 80%; Standard type Persian 20%","Keykhosrow Taheri and Mansour Bozorgmehr, field notes 2024",30.424,50.619,
"","365a4a632d1fb65f22fb9b482358a43b","5-7e10f111d77f861e30f85d5def5f1ad2","1171473","","Kohgiluyeh va Boyer Ahmad","","","","","","","","","","","Dara Bandi Kō Sōr","Keykhosrow Taheri and Mansour Bozorgmehr, field notes 2024",10,"","","","Boyerahmadi 80%; Standard type Persian 20%","Keykhosrow Taheri and Mansour Bozorgmehr, field notes 2024",30.434,50.579,
"","365a4a632d1fb65f22fb9b482358a19a","5-01b7378637f50ede0f420bcbb907b875","1171474","","Kohgiluyeh va Boyer Ahmad","","","","","","","","","","","Dara Barm Shir-e Lishter","Keykhosrow Taheri and Mansour Bozorgmehr, field notes 2024",,"","","","Boyerahmadi 80%; Standard type Persian 20%","Keykhosrow Taheri and Mansour Bozorgmehr, field notes 2024",30.481,50.492,
"","365a4a632d1fb65f22fb9b482358a0ee","5-bd4cb51b067781e36a63dab6f3c2a637","1171475","","Kohgiluyeh va Boyer Ahmad","","","","","","","","","","","Pādōk","Keykhosrow Taheri and Mansour Bozorgmehr, field notes 2024",595,"","","","Boyerahmadi 80%; Standard type Persian 20%","Keykhosrow Taheri and Mansour Bozorgmehr, field notes 2024",30.574,50.584,
"","365a4a632d1fb65f22fb9b4823589ca9","5-ef5fafc8860d50df9c14587f3e0ca7f9","1171476","","Kohgiluyeh va Boyer Ahmad","","","","","","","","","","","Kheyr Ābād Khalifa","Keykhosrow Taheri and Mansour Bozorgmehr, field notes 2024",396,"","","","Boyerahmadi 80%; Standard type Persian 20%","Keykhosrow Taheri and Mansour Bozorgmehr, field notes 2024",30.544,50.528,
"","365a4a632d1fb65f22fb9b4823591dfd","5-2c134117713451af0457a4e3768b63f5","1171477","","Kohgiluyeh va Boyer Ahmad","","","","","","","","","","","Ow Tit","Keykhosrow Taheri and Mansour Bozorgmehr, field notes 2024",184,"","","","Boyerahmadi 80%; Standard type Persian 20%","Keykhosrow Taheri and Mansour Bozorgmehr, field notes 2024",30.527,50.659,
"","365a4a632d1fb65f22fb9b4823591753","5-2a08c020599622d925b7dffd415ed8d9","1171478","","Kohgiluyeh va Boyer Ahmad","","","","","","","","","","","Ow Dzirak","Keykhosrow Taheri and Mansour Bozorgmehr, field notes 2024",219,"","","","Boyerahmadi 80%; Standard type Persian 20%","Keykhosrow Taheri and Mansour Bozorgmehr, field notes 2024",30.485,50.678,
"","365a4a632d1fb65f22fb9b4823590918","5-df27610dd05401e74f8925d37fb090cf","1171479","","Kohgiluyeh va Boyer Ahmad","","","","","","","","","","","Andzir Seh","Keykhosrow Taheri and Mansour Bozorgmehr, field notes 2024",141,"","","","Boyerahmadi 80%; Standard type Persian 20%","Keykhosrow Taheri and Mansour Bozorgmehr, field notes 2024",30.5,50.615,
"","365a4a632d1fb65f22fb9b482358fe99","5-d8a7c765720a9142c72e3b05ef099b43","1171480","","Kohgiluyeh va Boyer Ahmad","","","","","","","","","","","Tsār Bishe-y Dumeni","Keykhosrow Taheri and Mansour Bozorgmehr, field notes 2024",337,"","","","Boyerahmadi 80%; Standard type Persian 20%","Keykhosrow Taheri and Mansour Bozorgmehr, field notes 2024",30.424,50.703,
"","365a4a632d1fb65f22fb9b482358f016","5-6dbe6c4789ef610dc90b947d2a2c50e6","1171481","","Kohgiluyeh va Boyer Ahmad","","","","","","","","","","","Gardan Qalāt Tsār Bisha","Keykhosrow Taheri and Mansour Bozorgmehr, field notes 2024",,"","","","Boyerahmadi 80%; Standard type Persian 20%","Keykhosrow Taheri and Mansour Bozorgmehr, field notes 2024",30.46493,50.70921,
"","365a4a632d1fb65f22fb9b482358ed20","5-b04a5910f01da467e22e1bed931ba5a0","1171482","","Kohgiluyeh va Boyer Ahmad","","","","","","","","","","","Sāādat Ābād-e Lishter","Keykhosrow Taheri and Mansour Bozorgmehr, field notes 2024",294,"","","","Boyerahmadi 80%; Standard type Persian 20%","Keykhosrow Taheri and Mansour Bozorgmehr, field notes 2024",30.418,50.646,
"","365a4a632d1fb65f22fb9b482358eb2f","3-6b8b7bd7fe52b8afcfa93aec1677a7d4","1171483","","Kohgiluyeh va Boyer Ahmad","","","","","","","","","","","","",,"","","","",,30.422,50.672,
"","365a4a632d1fb65f22fb9b4823734aa2","2-5925def4e801745250b0b71896ee40f1","1171484","","Kohgiluyeh va Boyer Ahmad","","","","","","","","","","","","",,"","","","",,,,
"","365a4a632d1fb65f22fb9b4823733d1a","2-4bc70ee2b81301f2eb0fc7492996c834","1171485","","Kohgiluyeh va Boyer Ahmad","","","","","","","","","","","","",,"","","","",,,,
"","365a4a632d1fb65f22fb9b482358e0fa","3-20e164951f6df9fba4b14ecf355b42ee","1171486","","Kohgiluyeh va Boyer Ahmad","","","","","","","","","","","","",,"","","","",,30.48947,50.60959,
"","365a4a632d1fb65f22fb9b482358d122","7-1dbafbb7ded4bb55dbc7b3fe0ba6f2f5","1171487","","Kohgiluyeh va Boyer Ahmad","","","","","","","","","","","De Gombezun (Bāuyi, Boyerahmadi), Gatssārān (Bāuyi, Boyerahmadi), Gachsārān (Boyerahmadi), Du Gumbadān (Arabic), Gachṣārān (Arabic)","Keykhosrow Taheri, Faramarz Asadinezhad and Mansour Bozorgmehr, field notes 2024",96728,"","","","Standard type Persian 30%; Bāuyi 25%; Boyerahmadi 20%; Bakhtiāri 10%; Khuzestāni Arabic 5%; Ghashghāi 5%; mixed 5%","Keykhosrow Taheri, Faramarz Asadinezhad and Mansour Bozorgmehr, field notes 2024",30.362,50.787,
"","365a4a632d1fb65f22fb9b4823733297","2-fef2aa84cb2b0946ce27bcff6410ecc2","1171488","","Kohgiluyeh va Boyer Ahmad","","","","","","","","","","","","",42539,"","","","",,,,
"","365a4a632d1fb65f22fb9b48237328ca","2-63f8aea399699ed519a5deb73b7a17b4","1171489","","Kohgiluyeh va Boyer Ahmad","","","","","","","","","","","","",25064,"","","","",,,,
"","365a4a632d1fb65f22fb9b482373dc64","2-2db218e36a865ec627ab5dcc9b4bb820","1171490","","Kohgiluyeh va Boyer Ahmad","","","","","","","","","","","","",12624,"","","","",,,,
"","365a4a632d1fb65f22fb9b482358c834","3-e313571d4ead86435cf970586abbcbd9","1171491","","Kohgiluyeh va Boyer Ahmad","","","","","","","","","","","","",,"","","","",,31.03955,51.12415,
"","365a4a632d1fb65f22fb9b4823596f88","5-7971131b481372596e511727b6f72fe4","1171492","","Kohgiluyeh va Boyer Ahmad","","","","","","","","","","","Beyrom Beygi Bālā","Mohammad Daneshamuz and Mansour Bozorgmehr, field notes 2024",657,"","","","Boyerahmadi 95%; Standard type Persian 5%","Mohammad Daneshamuz and Mansour Bozorgmehr, field notes 2024",30.995,51.151,
"","365a4a632d1fb65f22fb9b48235960c8","5-8e71e73f9e1d3349bb47f6420588eb44","1171493","","Kohgiluyeh va Boyer Ahmad","","","","","","","","","","","Bi Zard Beyrom Beygi Bālā","Mohammad Daneshamuz and Mansour Bozorgmehr, field notes 2024",108,"","","","Boyerahmadi 95%; Standard type Persian 5%","Mohammad Daneshamuz and Mansour Bozorgmehr, field notes 2024",30.994,51.142,
"","365a4a632d1fb65f22fb9b4823595ec1","5-56ab87ee454c4cbcefd2a58abf7134e0","1171494","","Kohgiluyeh va Boyer Ahmad","","","","","","","","","","","Tang Arzen-e Shawliz","Mohammad Daneshamuz and Mansour Bozorgmehr, field notes 2024",,"","","","Boyerahmadi 95%; Standard type Persian 5%","Mohammad Daneshamuz and Mansour Bozorgmehr, field notes 2024",31.0637,51.09918,
"","365a4a632d1fb65f22fb9b4823595382","3-c6c7802cd564fc402242c66340c9e1c9","1171495","","Kohgiluyeh va Boyer Ahmad","","","","","","","","","","","","",,"","","","",,31.05928,51.10737,
"","365a4a632d1fb65f22fb9b48235950dc","5-dcb96054be8577f8a6c0cd7a17796719","1171496","","Kohgiluyeh va Boyer Ahmad","","","","","","","","","","","Tseshma Rizek Shawliz, Tseshma Rizek-e Shawliz","Mohammad Daneshamuz and Mansour Bozorgmehr, field notes 2024",30,"","","","Boyerahmadi 95%; Standard type Persian 5%","Mohammad Daneshamuz and Mansour Bozorgmehr, field notes 2024",31.143,50.997,
"","365a4a632d1fb65f22fb9b48235947b6","5-0bfd40ee79ce02fdcaf882c0358023bb","1171497","","Kohgiluyeh va Boyer Ahmad","","","","","","","","","","","Dara Māri Shawliz, Dara Māri-ye Shawliz","Mohammad Daneshamuz and Mansour Bozorgmehr, field notes 2024",30,"","","","Boyerahmadi 95%; Standard type Persian 5%","Mohammad Daneshamuz and Mansour Bozorgmehr, field notes 2024",31.093,51.045,
"","365a4a632d1fb65f22fb9b4823593e65","5-d6d0d98063e18001cfe160bbbfd2a637","1171498","","Kohgiluyeh va Boyer Ahmad","","","","","","","","","","","Deh Key Amir, Deh Key Amir-e Bāhādor","Mohammad Daneshamuz and Mansour Bozorgmehr, field notes 2024",,"","","","Boyerahmadi 95%; Standard type Persian 5%","Mohammad Daneshamuz and Mansour Bozorgmehr, field notes 2024",31.08059,51.07021,
"","365a4a632d1fb65f22fb9b482359301a","5-2ed8d1bb303b0ba8de37da22129da4d9","1171499","","Kohgiluyeh va Boyer Ahmad","","","","","","","","","","","Deh Mir Khodāyār","Mohammad Daneshamuz and Mansour Bozorgmehr, field notes 2024",,"","","","Boyerahmadi 95%; Standard type Persian 5%","Mohammad Daneshamuz and Mansour Bozorgmehr, field notes 2024",31.09538,50.9935,
"","365a4a632d1fb65f22fb9b4823592cec","5-ff5a7714faf0bfa789b9b0d4dcaf8726","1171500","","Kohgiluyeh va Boyer Ahmad","","","","","","","","","","","Sirun-e Shawliz","Mohammad Daneshamuz and Mansour Bozorgmehr, field notes 2024",16,"","","","Boyerahmadi 95%; Standard type Persian 5%","Mohammad Daneshamuz and Mansour Bozorgmehr, field notes 2024",31.119,51.011,
"","365a4a632d1fb65f22fb9b482359239f","5-d03bc9e5172d5a35a5abc1ca059ed293","1171501","","Kohgiluyeh va Boyer Ahmad","","","","","","","","","","","Kōle-y Sur-e Shawliz","Mohammad Daneshamuz and Mansour Bozorgmehr, field notes 2024",40,"","","","Boyerahmadi 95%; Standard type Persian 5%","Mohammad Daneshamuz and Mansour Bozorgmehr, field notes 2024",31.11,51.036,
"","365a4a632d1fb65f22fb9b482359c15f","5-cf3b2e1fe618c64bd59d33c3a7081b2e","1171502","","Kohgiluyeh va Boyer Ahmad","","","","","","","","","","","Gol-e Sōr-e Shawliz","Mohammad Daneshamuz and Mansour Bozorgmehr, field notes 2024",21,"","","","Boyerahmadi 95%; Standard type Persian 5%","Mohammad Daneshamuz and Mansour Bozorgmehr, field notes 2024",31.123,51.038,
"","365a4a632d1fb65f22fb9b482359b312","5-bea4c5f8d2bc57d51b9f2f6d9afa817f","1171503","","Kohgiluyeh va Boyer Ahmad","","","","","","","","","","","Leli Sōrak-e Shawliz","Mohammad Daneshamuz and Mansour Bozorgmehr, field notes 2024",,"","","","Boyerahmadi 95%; Standard type Persian 5%","Mohammad Daneshamuz and Mansour Bozorgmehr, field notes 2024",31.11123,51.0202,
"","365a4a632d1fb65f22fb9b482359ac5b","5-5b8e8daf745cd64aa8f94624d2c987e6","1171504","","Kohgiluyeh va Boyer Ahmad","","","","","","","","","","","Mirzā Ali Beyrom Beygi, Sar Tol","Mohammad Daneshamuz and Mansour Bozorgmehr, field notes 2024",233,"","","","Boyerahmadi 95%; Standard type Persian 5%","Mohammad Daneshamuz and Mansour Bozorgmehr, field notes 2024",30.989,51.161,
"","365a4a632d1fb65f22fb9b482359aa52","5-e90cc56a222a91117273347c35ed02c9","1171505","","Kohgiluyeh va Boyer Ahmad","","","","","","","","","","","Bakaludun-e Shawliz","Mohammad Daneshamuz and Mansour Bozorgmehr, field notes 2024",34,"","","","Boyerahmadi 95%; Standard type Persian 5%","Mohammad Daneshamuz and Mansour Bozorgmehr, field notes 2024",31.084,51.055,
"","365a4a632d1fb65f22fb9b482359a36b","3-926319ee75579e7968f517a7c554f4b9","1171506","","Kohgiluyeh va Boyer Ahmad","","","","","","","","","","","","",,"","","","",,30.996,51.12354,
"","365a4a632d1fb65f22fb9b4823599758","5-a06c39815def9a404238be3b5107baf5","1171507","","Kohgiluyeh va Boyer Ahmad","","","","","","","","","","","Berey","Mohammad Daneshamuz and Mansour Bozorgmehr, field notes 2024",330,"","","","Boyerahmadi 95%; Standard type Persian 5%","Mohammad Daneshamuz and Mansour Bozorgmehr, field notes 2024",31.009,51.218,
"","365a4a632d1fb65f22fb9b4823598821","5-e08f52cf30ee6678b8cc58cc44bc70dd","1171508","","Kohgiluyeh va Boyer Ahmad","","","","","","","","","","","Pas Bāyār","Mohammad Daneshamuz and Mansour Bozorgmehr, field notes 2024",48,"","","","Boyerahmadi 95%; Standard type Persian 5%","Mohammad Daneshamuz and Mansour Bozorgmehr, field notes 2024",30.98,51.177,
"","365a4a632d1fb65f22fb9b4823597cc0","5-150e6b0a5753ce09a91d2495dd7242b7","1171509","","Kohgiluyeh va Boyer Ahmad","","","","","","","","","","","Temenak-e Dumen","Mohammad Daneshamuz and Mansour Bozorgmehr, field notes 2024",46,"","","","Boyerahmadi 95%; Standard type Persian 5%","Mohammad Daneshamuz and Mansour Bozorgmehr, field notes 2024",30.484,51.389,
"","365a4a632d1fb65f22fb9b48235976e4","5-a3f2d7c69e8d90ba703fbb0377cf2976","1171510","","Kohgiluyeh va Boyer Ahmad","","","","","","","","","","","Tsāt Ku Beyrom Beygi","Mohammad Daneshamuz and Mansour Bozorgmehr, field notes 2024",50,"","","","Boyerahmadi 95%; Standard type Persian 5%","Mohammad Daneshamuz and Mansour Bozorgmehr, field notes 2024",30.985,51.191,
"","365a4a632d1fb65f22fb9b48235972a5","5-fb06bac05b72df40c5434aab7d2c1f2b","1171511","","Kohgiluyeh va Boyer Ahmad","","","","","","","","","","","Tseqa Sōr-e Beyrom Beygi","Mohammad Daneshamuz and Mansour Bozorgmehr, field notes 2024",19,"","","","Boyerahmadi 95%; Standard type Persian 5%","Mohammad Daneshamuz and Mansour Bozorgmehr, field notes 2024",30.981,51.203,
"","365a4a632d1fb65f22fb9b48235a231b","5-644cbe3936ce568788c4692239658ff3","1171512","","Kohgiluyeh va Boyer Ahmad","","","","","","","","","","","Dara Banyaw Beyrom Beygi","Mohammad Daneshamuz and Mansour Bozorgmehr, field notes 2024",82,"","","","Boyerahmadi 95%; Standard type Persian 5%","Mohammad Daneshamuz and Mansour Bozorgmehr, field notes 2024",30.98,51.172,
"","365a4a632d1fb65f22fb9b48235a16f9","5-b056a89449bc584a065c827c1dd1b09d","1171513","","Kohgiluyeh va Boyer Ahmad","","","","","","","","","","","De Rah Beyrom Beygi","Mohammad Daneshamuz and Mansour Bozorgmehr, field notes 2024",37,"","","","Boyerahmadi 95%; Standard type Persian 5%","Mohammad Daneshamuz and Mansour Bozorgmehr, field notes 2024",30.976,51.217,
"","365a4a632d1fb65f22fb9b48235a0cef","5-7d78da042b034987a73dd988a05f8ebd","1171514","","Kohgiluyeh va Boyer Ahmad","","","","","","","","","","","Deh Kōne-y Hamid Ābād","Mohammad Daneshamuz and Mansour Bozorgmehr, field notes 2024",333,"","","","Boyerahmadi 95%; Standard type Persian 5%","Mohammad Daneshamuz and Mansour Bozorgmehr, field notes 2024",30.967,51.255,
"","365a4a632d1fb65f22fb9b482359fe90","5-9c4f9c1f34c5b0d690d76217d067b863","1171515","","Kohgiluyeh va Boyer Ahmad","","","","","","","","","","","Zir Deh Qanāt Beyrom Beygi","Mohammad Daneshamuz and Mansour Bozorgmehr, field notes 2024",56,"","","","Boyerahmadi 95%; Standard type Persian 5%","Mohammad Daneshamuz and Mansour Bozorgmehr, field notes 2024",30.987,51.172,
"","365a4a632d1fb65f22fb9b482359f368","5-861253ba0a0f802d642b10ea7b0dac04","1171516","","Kohgiluyeh va Boyer Ahmad","","","","","","","","","","","Sar-e Tang-e Deh Kōne-y Hamid Ābād","Mohammad Daneshamuz and Mansour Bozorgmehr, field notes 2024",36,"","","","Boyerahmadi 95%; Standard type Persian 5%","Mohammad Daneshamuz and Mansour Bozorgmehr, field notes 2024",30.965,51.233,
"","365a4a632d1fb65f22fb9b482359f059","5-c359ba18c673a2c255f99bbf336617c2","1171517","","Kohgiluyeh va Boyer Ahmad","","","","","","","","","","","Qanāt-e Beyrom Beygi","Mohammad Daneshamuz and Mansour Bozorgmehr, field notes 2024",57,"","","","Boyerahmadi 95%; Standard type Persian 5%","Mohammad Daneshamuz and Mansour Bozorgmehr, field notes 2024",30.989,51.182,
"","365a4a632d1fb65f22fb9b482359e822","5-d0104f9d1a338e404097d140b2e5468f","1171518","","Kohgiluyeh va Boyer Ahmad","","","","","","","","","","","Mirze-y Beyrom Beygi","Mohammad Daneshamuz and Mansour Bozorgmehr, field notes 2024",86,"","","","Boyerahmadi 95%; Standard type Persian 5%","Mohammad Daneshamuz and Mansour Bozorgmehr, field notes 2024",30.965,51.188,
"","365a4a632d1fb65f22fb9b482359dafe","5-c9aaf62cf8ce033ff91767c087cd7168","1171519","","Kohgiluyeh va Boyer Ahmad","","","","","","","","","","","Mirzā Qeli Beyrom Beygi","Farrokhleqa Hatami and Mansour Bozorgmehr, field notes 2024",101,"","","","Boyerahmadi 95%; Standard type Persian 5%","Mohammad Daneshamuz and Mansour Bozorgmehr, field notes 2024",30.988,51.167,
"","365a4a632d1fb65f22fb9b482359ce40","5-6728badb921cb968a11d988ef8556ab3","1171520","","Kohgiluyeh va Boyer Ahmad","","","","","","","","","","","Sar Tang-e Temenak","Mohammad Daneshamuz and Mansour Bozorgmehr, field notes 2024",78,"","","","Boyerahmadi 95%; Standard type Persian 5%","Mohammad Daneshamuz and Mansour Bozorgmehr, field notes 2024",31.004,51.218,
"","365a4a632d1fb65f22fb9b482359ca46","5-c6aea012e9d26c1228fee3a4273ddbc8","1171521","","Kohgiluyeh va Boyer Ahmad","","","","","","","","","","","Temenak-e Bālā","Mohammad Daneshamuz and Mansour Bozorgmehr, field notes 2024",1707,"","","","Boyerahmadi 95%; Standard type Persian 5%","Mohammad Daneshamuz and Mansour Bozorgmehr, field notes 2024",30.49,51.388,
"","365a4a632d1fb65f22fb9b48235a62b9","5-107e15d5611f1b1eda15c2d1b27a6364","1171522","","Kohgiluyeh va Boyer Ahmad","","","","","","","","","","","Tsam Arabi-ye Pā Tāva","Mohammad Daneshamuz and Mansour Bozorgmehr, field notes 2024",112,"","","","Boyerahmadi 95%; Standard type Persian 5%","Mohammad Daneshamuz and Mansour Bozorgmehr, field notes 2024",30.94,51.264,
"","365a4a632d1fb65f22fb9b48235a57aa","5-49c9f09d16e33b05171e47178e0825e4","1171523","","Kohgiluyeh va Boyer Ahmad","","","","","","","","","","","Deh Shikh-e Pā Tāva","Mohammad Daneshamuz and Mansour Bozorgmehr, field notes 2024",1174,"","","","Boyerahmadi 95%; Standard type Persian 5%","Mohammad Daneshamuz and Mansour Bozorgmehr, field notes 2024",30.931,51.259,
"","365a4a632d1fb65f22fb9b48235a482a","5-ae683ba0a5549ed81c690ce564c248c1","1171524","","Kohgiluyeh va Boyer Ahmad","","","","","","","","","","","Ahmah Gharib","Mohammad Daneshamuz and Mansour Bozorgmehr, field notes 2024",159,"","","","Boyerahmadi 95%; Standard type Persian 5%","Mohammad Daneshamuz and Mansour Bozorgmehr, field notes 2024",30.952,51.286,
"","365a4a632d1fb65f22fb9b48235a46a3","5-6f6e5cbfd8a72c687e864ce7be0a720b","1171525","","Kohgiluyeh va Boyer Ahmad","","","","","","","","","","","Bādengān-e Dumen","Mohammad Daneshamuz and Mansour Bozorgmehr, field notes 2024",229,"","","","Boyerahmadi 95%; Standard type Persian 5%","Mohammad Daneshamuz and Mansour Bozorgmehr, field notes 2024",30.973,51.272,
"","365a4a632d1fb65f22fb9b48235a41fe","5-52183be47040665b199e62a4a6a5b691","1171526","","Kohgiluyeh va Boyer Ahmad","","","","","","","","","","","Bādengun-e Bālā","Mohammad Daneshamuz and Mansour Bozorgmehr, field notes 2024",498,"","","","Boyerahmadi 95%; Standard type Persian 5%","Mohammad Daneshamuz and Mansour Bozorgmehr, field notes 2024",30.975,51.3,
"","365a4a632d1fb65f22fb9b48235a4154","5-96bc97e15156e234e26ae55e0f797cb6","1171527","","Kohgiluyeh va Boyer Ahmad","","","","","","","","","","","Tsam-e Gerdel","Mohammad Daneshamuz and Mansour Bozorgmehr, field notes 2024",,"","","","Boyerahmadi 95%; Standard type Persian 5%","Mohammad Daneshamuz and Mansour Bozorgmehr, field notes 2024",30.97507,51.25858,
"","365a4a632d1fb65f22fb9b48235a3e77","5-e6df505091bed0b9bcd6995e868768f8","1171528","","Kohgiluyeh va Boyer Ahmad","","","","","","","","","","","Deh Shirin-e Bādengun","Mohammad Daneshamuz and Mansour Bozorgmehr, field notes 2024",123,"","","","Boyerahmadi 95%; Standard type Persian 5%","Mohammad Daneshamuz and Mansour Bozorgmehr, field notes 2024",30.967,51.308,
"","365a4a632d1fb65f22fb9b48235a3885","5-3b54c299deb9b8c4d33da924df8cfd5b","1171529","","Kohgiluyeh va Boyer Ahmad","","","","","","","","","","","Tsenār Barm-e Bāley","Mohammad Daneshamuz and Mansour Bozorgmehr, field notes 2024",1005,"","","","Boyerahmadi 95%; Standard type Persian 5%","Mohammad Daneshamuz and Mansour Bozorgmehr, field notes 2024",30.99,51.254,
"","365a4a632d1fb65f22fb9b48235a2b9f","5-58f3ef532e29f912f1740c092e80a639","1171530","","Kohgiluyeh va Boyer Ahmad","","","","","","","","","","","Shetor Khun","Mohammad Daneshamuz and Mansour Bozorgmehr, field notes 2024",270,"","","","Boyerahmadi 95%; Standard type Persian 5%","Mohammad Daneshamuz and Mansour Bozorgmehr, field notes 2024",31.005,51.233,
"","365a4a632d1fb65f22fb9b48235a2694","5-378ef72748031d00b2738bf19f512de0","1171531","","Kohgiluyeh va Boyer Ahmad","","","","","","","","","","","Bāg","Mohammad Daneshamuz and Mansour Bozorgmehr, field notes 2024",771,"","","","Boyerahmadi 95%; Standard type Persian 5%","Mohammad Daneshamuz and Mansour Bozorgmehr, field notes 2024",31.019,51.239,
"","365a4a632d1fb65f22fb9b48235ab7f8","5-072700556c2b696390e2fac8fb8076e5","1171532","","Kohgiluyeh va Boyer Ahmad","","","","","","","","","","","Tang-e Ravāq","Mohammad Daneshamuz and Mansour Bozorgmehr, field notes 2024",555,"","","","Boyerahmadi 95%; Standard type Persian 5%","Mohammad Daneshamuz and Mansour Bozorgmehr, field notes 2024",31.04,51.24,
"","365a4a632d1fb65f22fb9b48235aaae7","5-af8d539cdd43db538a75b0b5da4bbb7d","1171533","","Kohgiluyeh va Boyer Ahmad","","","","","","","","","","","Gazdun","Mohammad Daneshamuz and Mansour Bozorgmehr, field notes 2024",254,"","","","Boyerahmadi 95%; Standard type Persian 5%","Mohammad Daneshamuz and Mansour Bozorgmehr, field notes 2024",31.023,51.241,
"","365a4a632d1fb65f22fb9b48235aa882","5-772a947539e0b6eeb72b0610b9b1966b","1171534","","Kohgiluyeh va Boyer Ahmad","","","","","","","","","","","Ben-e Zard-e Bāley","Mohammad Daneshamuz and Mansour Bozorgmehr, field notes 2024",771,"","","","Boyerahmadi 95%; Standard type Persian 5%","Mohammad Daneshamuz and Mansour Bozorgmehr, field notes 2024",31.023,51.269,
"","365a4a632d1fb65f22fb9b48235aa0c8","5-59ea3314764139484c52ed1b70d309e3","1171535","","Kohgiluyeh va Boyer Ahmad","","","","","","","","","","","Sar-e Tang-e Ravāq","Mohammad Daneshamuz and Mansour Bozorgmehr, field notes 2024",127,"","","","Boyerahmadi 95%; Standard type Persian 5%","Mohammad Daneshamuz and Mansour Bozorgmehr, field notes 2024",31.046,51.256,
"","365a4a632d1fb65f22fb9b48235a911a","5-62424b05eebdb422f80fd963e3fe9c6f","1171536","","Kohgiluyeh va Boyer Ahmad","","","","","","","","","","","Mezaffari","Mohammad Daneshamuz and Mansour Bozorgmehr, field notes 2024",84,"","","","Boyerahmadi 95%; Standard type Persian 5%","Mohammad Daneshamuz and Mansour Bozorgmehr, field notes 2024",31.024,51.255,
"","365a4a632d1fb65f22fb9b48235a89d0","5-c0424ded65abbaae0091c067ce6bfe10","1171537","","Kohgiluyeh va Boyer Ahmad","","","","","","","","","","","Ben-e Zard-e Dumeni","Mohammad Daneshamuz and Mansour Bozorgmehr, field notes 2024",1000,"","","","Boyerahmadi 95%; Standard type Persian 5%","Mohammad Daneshamuz and Mansour Bozorgmehr, field notes 2024",31.01,51.283,
"","365a4a632d1fb65f22fb9b48235a7a7f","5-5e98dc8e99c82063b1f41499ce50d1fb","1171538","","Kohgiluyeh va Boyer Ahmad","","","","","","","","","","","Ow Sepā","Mohammad Daneshamuz and Mansour Bozorgmehr, field notes 2024",86,"","","","Boyerahmadi 95%; Standard type Persian 5%","Mohammad Daneshamuz and Mansour Bozorgmehr, field notes 2024",30.994,51.344,
"","365a4a632d1fb65f22fb9b48235a739b","5-217037c699688234e43aa9a59f9ec189","1171539","","Kohgiluyeh va Boyer Ahmad","","","","","","","","","","","Khunegah","Mohammad Daneshamuz and Mansour Bozorgmehr, field notes 2024",442,"","","","Boyerahmadi 95%; Standard type Persian 5%","Mohammad Daneshamuz and Mansour Bozorgmehr, field notes 2024",31.038,51.298,
"","365a4a632d1fb65f22fb9b48235a6b6c","5-d75350d0be0a83e9105248e7299b5559","1171540","","Kohgiluyeh va Boyer Ahmad","","","","","","","","","","","Dasht-e Raz","Mohammad Daneshamuz and Mansour Bozorgmehr, field notes 2024",688,"","","","Boyerahmadi 95%; Standard type Persian 5%","Mohammad Daneshamuz and Mansour Bozorgmehr, field notes 2024",31.03,51.298,
"","365a4a632d1fb65f22fb9b482373da9d","2-50c79af275f336a7aba54c533acd9a84","1171541","","Kohgiluyeh va Boyer Ahmad","","","","","","","","","","","","",10156,"","","","",,,,
"","365a4a632d1fb65f22fb9b48235a68b4","3-5a73054cd2edd627e79ddb1c975da0d8","1171542","","Kohgiluyeh va Boyer Ahmad","","","","","","","","","","","","",,"","","","",,31.06006,51.2442,
"","365a4a632d1fb65f22fb9b48235aff36","5-2fe2667be4b567b78e4899a66879af9c","1171543","","Kohgiluyeh va Boyer Ahmad","","","","","","","","","","","Lame-y Dumeni","Mohammad Daneshamuz and Mansour Bozorgmehr, field notes 2024",368,"","","","Boyerahmadi 95%; Standard type Persian 5%","Mohammad Daneshamuz and Mansour Bozorgmehr, field notes 2024",31.048,51.212,
"","365a4a632d1fb65f22fb9b48235af4d0","5-a7219037c4a1917d7baf1a507a4d09bb","1171544","","Kohgiluyeh va Boyer Ahmad","","","","","","","","","","","Lame-y Bālā","Mohammad Daneshamuz and Mansour Bozorgmehr, field notes 2024",364,"","","","Boyerahmadi 95%; Standard type Persian 5%","Mohammad Daneshamuz and Mansour Bozorgmehr, field notes 2024",31.048,51.216,
"","365a4a632d1fb65f22fb9b48235ae8e1","5-baf7eb53d517edfa7bcdf32cdb0b237c","1171545","","Kohgiluyeh va Boyer Ahmad","","","","","","","","","","","Lamā Kun","Mohammad Daneshamuz and Mansour Bozorgmehr, field notes 2024",18,"","","","Boyerahmadi 95%; Standard type Persian 5%","Mohammad Daneshamuz and Mansour Bozorgmehr, field notes 2024",31.033,51.224,
"","365a4a632d1fb65f22fb9b48235adfcb","3-df96d7c2927b3a172c42eb79e4aecff9","1171546","","Kohgiluyeh va Boyer Ahmad","","","","","","","","","","","","",,"","","","",,31.09809,51.27043,
"","365a4a632d1fb65f22fb9b48235ad23a","3-957e934e4afc0d5b355f8a2e33f5e18b","1171547","","Kohgiluyeh va Boyer Ahmad","","","","","","","","","","","","",,"","","","",,31.08626,51.27551,
"","365a4a632d1fb65f22fb9b48235aced2","5-34e6f23075fd904fe8122cdf3f8fdc1b","1171548","","Kohgiluyeh va Boyer Ahmad","","","","","","","","","","","Benavā","Mohammad Daneshamuz and Mansour Bozorgmehr, field notes 2024",35,"","","","Boyerahmadi 95%; Standard type Persian 5%","Mohammad Daneshamuz and Mansour Bozorgmehr, field notes 2024",31.06,51.194,
"","365a4a632d1fb65f22fb9b48235ac72d","3-499de5645be4dffc53f18c91f208e8f9","1171549","","Kohgiluyeh va Boyer Ahmad","","","","","","","","","","","","",,"","","","",,31.06688,51.19248,
"","365a4a632d1fb65f22fb9b48235ac18e","5-a4531381dd74de3d6ac98f631e32334d","1171550","","Kohgiluyeh va Boyer Ahmad","","","","","","","","","","","Pas Tsah","Mohammad Daneshamuz and Mansour Bozorgmehr, field notes 2024",174,"","","","Boyerahmadi 95%; Standard type Persian 5%","Mohammad Daneshamuz and Mansour Bozorgmehr, field notes 2024",31.073,51.18,
"","365a4a632d1fb65f22fb9b48235ac103","5-ef1f6bea2a47d27c29072e39f1239034","1171551","","Kohgiluyeh va Boyer Ahmad","","","","","","","","","","","Dezak","Mohammad Daneshamuz and Mansour Bozorgmehr, field notes 2024",447,"","","","Boyerahmadi 95%; Standard type Persian 5%","Mohammad Daneshamuz and Mansour Bozorgmehr, field notes 2024",31.09,51.166,
"","365a4a632d1fb65f22fb9b48235ab82a","5-32a905bd06d3cf3ff3b56396c87f0f88","1171552","","Kohgiluyeh va Boyer Ahmad","","","","","","","","","","","Sar Tal Dehngu","Mohammad Daneshamuz and Mansour Bozorgmehr, field notes 2024",121,"","","","Boyerahmadi 95%; Standard type Persian 5%","Mohammad Daneshamuz and Mansour Bozorgmehr, field notes 2024",31.09,51.159,
"","365a4a632d1fb65f22fb9b48235b53a6","5-88f20ac11b11d03523c0431faa90ba08","1171553","","Kohgiluyeh va Boyer Ahmad","","","","","","","","","","","Sar-e Sur","Mohammad Daneshamuz and Mansour Bozorgmehr, field notes 2024",47,"","","","Boyerahmadi 95%; Standard type Persian 5%","Mohammad Daneshamuz and Mansour Bozorgmehr, field notes 2024",31.104,51.158,
"","365a4a632d1fb65f22fb9b48235b4c48","5-d21bf0b4d3da2c761aaccf074a092d7d","1171554","","Kohgiluyeh va Boyer Ahmad","","","","","","","","","","","Kolagah","Mohammad Daneshamuz and Mansour Bozorgmehr, field notes 2024",95,"","","","Boyerahmadi 95%; Standard type Persian 5%","Mohammad Daneshamuz and Mansour Bozorgmehr, field notes 2024",31.108,51.158,
"","365a4a632d1fb65f22fb9b48235b4243","5-44977c848561e5a8ed0e06de48881eb3","1171555","","Kohgiluyeh va Boyer Ahmad","","","","","","","","","","","Kōle-y Hamum","Mohammad Daneshamuz and Mansour Bozorgmehr, field notes 2024",67,"","","","Boyerahmadi 95%; Standard type Persian 5%","Mohammad Daneshamuz and Mansour Bozorgmehr, field notes 2024",31.084,51.183,
"","365a4a632d1fb65f22fb9b48235b32d5","5-0ffeb90c45d72017d880950e83bd1e9c","1171556","","Kohgiluyeh va Boyer Ahmad","","","","","","","","","","","Gol Tsar Āvā","Mohammad Daneshamuz and Mansour Bozorgmehr, field notes 2024",153,"","","","Boyerahmadi 95%; Standard type Persian 5%","Mohammad Daneshamuz and Mansour Bozorgmehr, field notes 2024",31.081,51.177,
"","365a4a632d1fb65f22fb9b48235b2e0d","5-34702dde6934f284905778e384196775","1171557","","Kohgiluyeh va Boyer Ahmad","","","","","","","","","","","Lah Sowāra","Mohammad Daneshamuz and Mansour Bozorgmehr, field notes 2024",74,"","","","Boyerahmadi 95%; Standard type Persian 5%","Mohammad Daneshamuz and Mansour Bozorgmehr, field notes 2024",31.076,51.187,
"","365a4a632d1fb65f22fb9b48235b2ac5","5-1432c63b8db2648b821d7cede7701d5a","1171558","","Kohgiluyeh va Boyer Ahmad","","","","","","","","","","","Shahid Delruz Bizhgen","Mohammad Daneshamuz and Mansour Bozorgmehr, field notes 2024",366,"","","","Boyerahmadi 95%; Standard type Persian 5%","Mohammad Daneshamuz and Mansour Bozorgmehr, field notes 2024",31.069,51.21,
"","365a4a632d1fb65f22fb9b48235b2374","5-1b21dee9021f4a627be546e8d1b34e4d","1171559","","Kohgiluyeh va Boyer Ahmad","","","","","","","","","","","Ruwashti","Mohammad Daneshamuz and Mansour Bozorgmehr, field notes 2024",569,"","","","Boyerahmadi 95%; Standard type Persian 5%","Mohammad Daneshamuz and Mansour Bozorgmehr, field notes 2024",31.092,51.192,
"","365a4a632d1fb65f22fb9b48235b15c0","5-8f481a158c945849c261af847d5d7184","1171560","","Kohgiluyeh va Boyer Ahmad","","","","","","","","","","","Banestun","Mohammad Daneshamuz and Mansour Bozorgmehr, field notes 2024",1304,"","","","Boyerahmadi 95%; Standard type Persian 5%","Mohammad Daneshamuz and Mansour Bozorgmehr, field notes 2024",31.081,51.226,
"","365a4a632d1fb65f22fb9b48235b0be3","5-7f6976ffeaaed9cb8164a1cf4fa17874","1171561","","Kohgiluyeh va Boyer Ahmad","","","","","","","","","","","Tseshme-y Mir Hasani","Mohammad Daneshamuz and Mansour Bozorgmehr, field notes 2024",42,"","","","Boyerahmadi 95%; Standard type Persian 5%","Mohammad Daneshamuz and Mansour Bozorgmehr, field notes 2024",31.098,51.2,
"","365a4a632d1fb65f22fb9b48235aff77","5-57d12ce6d9d91013b453cfcda676b218","1171562","","Kohgiluyeh va Boyer Ahmad","","","","","","","","","","","Dara Sur","Mohammad Daneshamuz and Mansour Bozorgmehr, field notes 2024",135,"","","","Boyerahmadi 95%; Standard type Persian 5%","Mohammad Daneshamuz and Mansour Bozorgmehr, field notes 2024",31.13,51.184,
"","365a4a632d1fb65f22fb9b48235b9488","5-5cdac2920f1ab8a4c84deba9718cf29f","1171563","","Kohgiluyeh va Boyer Ahmad","","","","","","","","","","","Kotok","Mohammad Daneshamuz and Mansour Bozorgmehr, field notes 2024",81,"","","","Boyerahmadi 95%; Standard type Persian 5%","Mohammad Daneshamuz and Mansour Bozorgmehr, field notes 2024",31.148,51.18,
"","365a4a632d1fb65f22fb9b48235b9454","5-5926d3ff9f2cd60a40db3428f46470bb","1171564","","Kohgiluyeh va Boyer Ahmad","","","","","","","","","","","Garruza","Mohammad Daneshamuz and Mansour Bozorgmehr, field notes 2024",,"","","","Boyerahmadi 95%; Standard type Persian 5%","Mohammad Daneshamuz and Mansour Bozorgmehr, field notes 2024",31.11485,51.19231,
"","365a4a632d1fb65f22fb9b48235b90e2","5-6b88a9485085f93be9ee61f8de16b1ac","1171565","","Kohgiluyeh va Boyer Ahmad","","","","","","","","","","","Margh-e Tsenār","Mohammad Daneshamuz and Mansour Bozorgmehr, field notes 2024",68,"","","","Boyerahmadi 95%; Standard type Persian 5%","Mohammad Daneshamuz and Mansour Bozorgmehr, field notes 2024",31.163,51.194,
"","365a4a632d1fb65f22fb9b48235b8196","5-b9dbf1b04a2d65c414f7e06f7dc50cd4","1171566","","Kohgiluyeh va Boyer Ahmad","","","","","","","","","","","Meymen","Mohammad Daneshamuz and Mansour Bozorgmehr, field notes 2024",1463,"","","","Boyerahmadi 95%; Standard type Persian 5%","Mohammad Daneshamuz and Mansour Bozorgmehr, field notes 2024",31.145,51.267,
"","365a4a632d1fb65f22fb9b48235b7a1f","5-c1b47d642b5304bc9a4c53a3ac2b092f","1171567","","Kohgiluyeh va Boyer Ahmad","","","","","","","","","","","Tsāl Bādem-e Katā","Mohammad Daneshamuz and Mansour Bozorgmehr, field notes 2024",27,"","","","Boyerahmadi 95%; Standard type Persian 5%","Mohammad Daneshamuz and Mansour Bozorgmehr, field notes 2024",31.189,51.253,
"","365a4a632d1fb65f22fb9b48235b7136","5-8f821c1175a5a23dee25384325b818d9","1171568","","Kohgiluyeh va Boyer Ahmad","","","","","","","","","","","Khersun","Mohammad Daneshamuz and Mansour Bozorgmehr, field notes 2024",322,"","","","Boyerahmadi 95%; Standard type Persian 5%","Mohammad Daneshamuz and Mansour Bozorgmehr, field notes 2024",31.163,51.283,
"","365a4a632d1fb65f22fb9b48235b6fe9","5-538e9c003c982d89d3c4a7a84f668d6e","1171569","","Kohgiluyeh va Boyer Ahmad","","","","","","","","","","","Dashtahak","Mohammad Daneshamuz and Mansour Bozorgmehr, field notes 2024",373,"","","","Boyerahmadi 95%; Standard type Persian 5%","Mohammad Daneshamuz and Mansour Bozorgmehr, field notes 2024",31.159,51.271,
"","365a4a632d1fb65f22fb9b48235b65a0","5-b0e630b6c180779608aae2cc1e83418e","1171570","","Kohgiluyeh va Boyer Ahmad","","","","","","","","","","","Sine-y Nemek","Mohammad Daneshamuz and Mansour Bozorgmehr, field notes 2024",,"","","","Boyerahmadi 95%; Standard type Persian 5%","Mohammad Daneshamuz and Mansour Bozorgmehr, field notes 2024",31.198,51.23129,
"","365a4a632d1fb65f22fb9b48235b6474","5-577f91f0f2c5323efe385fcda00c1945","1171571","","Kohgiluyeh va Boyer Ahmad","","","","","","","","","","","Katā","Mohammad Daneshamuz and Mansour Bozorgmehr, field notes 2024",374,"","","","Boyerahmadi 95%; Standard type Persian 5%","Mohammad Daneshamuz and Mansour Bozorgmehr, field notes 2024",31.182,51.265,
"","365a4a632d1fb65f22fb9b48235b5e4c","5-15e8368330488d41a66dee40d8e0f02c","1171572","","Kohgiluyeh va Boyer Ahmad","","","","","","","","","","","Kot-e Seh","Mohammad Daneshamuz and Mansour Bozorgmehr, field notes 2024",105,"","","","Boyerahmadi 95%; Standard type Persian 5%","Mohammad Daneshamuz and Mansour Bozorgmehr, field notes 2024",31.189,51.315,
"","365a4a632d1fb65f22fb9b48235be37d","5-285a2ae7bf451b7473064522c98d4698","1171573","","Kohgiluyeh va Boyer Ahmad","","","","","","","","","","","Gōdalun","Mohammad Daneshamuz and Mansour Bozorgmehr, field notes 2024",25,"","","","Boyerahmadi 95%; Standard type Persian 5%","Mohammad Daneshamuz and Mansour Bozorgmehr, field notes 2024",31.201,51.203,
"","365a4a632d1fb65f22fb9b48235bdca5","3-8c23fd8b59847f11013c2c502f230024","1171574","","Kohgiluyeh va Boyer Ahmad","","","","","","","","","","","","",,"","","","",,31.20294,51.25572,
"","365a4a632d1fb65f22fb9b48235bcda3","5-b6c93c5b1c6fd39d06beb0044e412dca","1171575","","Kohgiluyeh va Boyer Ahmad","","","","","","","","","","","Per Eshkaft","Mohammad Daneshamuz and Mansour Bozorgmehr, field notes 2024",91,"","","","Boyerahmadi 95%; Standard type Persian 5%","Mohammad Daneshamuz and Mansour Bozorgmehr, field notes 2024",31.124,51.108,
"","365a4a632d1fb65f22fb9b48235bc6dc","5-503f6ad54755a1733ea2af4206acc0b8","1171576","","Kohgiluyeh va Boyer Ahmad","","","","","","","","","","","Dasht-a Boz","Mohammad Daneshamuz and Mansour Bozorgmehr, field notes 2024",250,"","","","Boyerahmadi 95%; Standard type Persian 5%","Mohammad Daneshamuz and Mansour Bozorgmehr, field notes 2024",31.163,51.099,
"","365a4a632d1fb65f22fb9b48235bc5bd","5-eb42c7d6324f2fbf93ce410a97fad1a9","1171577","","Kohgiluyeh va Boyer Ahmad","","","","","","","","","","","De Rah","Mohammad Daneshamuz and Mansour Bozorgmehr, field notes 2024",547,"","","","Boyerahmadi 95%; Standard type Persian 5%","Mohammad Daneshamuz and Mansour Bozorgmehr, field notes 2024",31.118,51.141,
"","365a4a632d1fb65f22fb9b48235bc4f1","5-0ecdb8d988535e26e8cb7d1270cd9e80","1171578","","Kohgiluyeh va Boyer Ahmad","","","","","","","","","","","Deh-e Dumen","Mohammad Daneshamuz and Mansour Bozorgmehr, field notes 2024",235,"","","","Boyerahmadi 95%; Standard type Persian 5%","Mohammad Daneshamuz and Mansour Bozorgmehr, field notes 2024",31.156,51.101,
"","365a4a632d1fb65f22fb9b48235bbb5e","5-81bf45fd5bbe5704c15d731ce087ecc9","1171579","","Kohgiluyeh va Boyer Ahmad","","","","","","","","","","","Mondz","Mohammad Daneshamuz and Mansour Bozorgmehr, field notes 2024",258,"","","","Boyerahmadi 95%; Standard type Persian 5%","Mohammad Daneshamuz and Mansour Bozorgmehr, field notes 2024",31.151,51.116,
"","365a4a632d1fb65f22fb9b48235bb2ff","5-656a2e1d5c5e9d8536702810264f159b","1171580","","Kohgiluyeh va Boyer Ahmad","","","","","","","","","","","Bar Aftaw Dzelāla","Mohammad Daneshamuz and Mansour Bozorgmehr, field notes 2024",99,"","","","Boyerahmadi 95%; Standard type Persian 5%","Mohammad Daneshamuz and Mansour Bozorgmehr, field notes 2024",31.269,50.92,
"","365a4a632d1fb65f22fb9b48235ba5cd","5-71268b54fe151f71086706b7f2b91d09","1171581","","Kohgiluyeh va Boyer Ahmad","","","","","","","","","","","Pel Owzā","Mohammad Daneshamuz and Mansour Bozorgmehr, field notes 2024",90,"","","","Boyerahmadi 95%; Standard type Persian 5%","Mohammad Daneshamuz and Mansour Bozorgmehr, field notes 2024",31.247,50.944,
"","365a4a632d1fb65f22fb9b48235b962a","5-9c145e92e1cff79cf6cfd80a06d030c3","1171582","","Kohgiluyeh va Boyer Ahmad","","","","","","","","","","","Darb-e Kalāt-e Emomzāda Mahmud","Mohammad Daneshamuz and Mansour Bozorgmehr, field notes 2024",811,"","","","Boyerahmadi 95%; Standard type Persian 5%","Mohammad Daneshamuz and Mansour Bozorgmehr, field notes 2024",31.158,51.075,
"","365a4a632d1fb65f22fb9b48235c1f01","5-2f275c6a6f45ca3fa2689e8d52b4ec3c","1171583","","Kohgiluyeh va Boyer Ahmad","","","","","","","","","","","Dehgah Dzelāla","Mohammad Daneshamuz and Mansour Bozorgmehr, field notes 2024",217,"","","","Boyerahmadi 95%; Standard type Persian 5%","Mohammad Daneshamuz and Mansour Bozorgmehr, field notes 2024",31.251,50.919,
"","365a4a632d1fb65f22fb9b48235c1696","3-4771da2373a646884096056a4665be1d","1171584","","Kohgiluyeh va Boyer Ahmad","","","","","","","","","","","","",,"","","","",,31.25361,50.93012,
"","365a4a632d1fb65f22fb9b48235c1636","5-06f85b95632ec8153478ae33c3be359f","1171585","","Kohgiluyeh va Boyer Ahmad","","","","","","","","","","","Māze-y Kaz","Mohammad Daneshamuz and Mansour Bozorgmehr, field notes 2024",202,"","","","Boyerahmadi 95%; Standard type Persian 5%","Mohammad Daneshamuz and Mansour Bozorgmehr, field notes 2024",31.188,51.071,
"","365a4a632d1fb65f22fb9b48235c102a","5-c37e2f8bbcbd75ca136c135d0b4b5d0e","1171586","","Kohgiluyeh va Boyer Ahmad","","","","","","","","","","","Māshakkāl","Mohammad Daneshamuz and Mansour Bozorgmehr, field notes 2024",43,"","","","Boyerahmadi 95%; Standard type Persian 5%","Mohammad Daneshamuz and Mansour Bozorgmehr, field notes 2024",31.258,50.937,
"","365a4a632d1fb65f22fb9b48235c0e94","5-91724c7f7a171da311c3dfb39d32a65e","1171587","","Kohgiluyeh va Boyer Ahmad","","","","","","","","","","","Mehdi Ābād Dzelāla","Mohammad Daneshamuz and Mansour Bozorgmehr, field notes 2024",74,"","","","Boyerahmadi 95%; Standard type Persian 5%","Mohammad Daneshamuz and Mansour Bozorgmehr, field notes 2024",31.26,50.935,
"","365a4a632d1fb65f22fb9b48235c09a1","5-aab090a5b954c397ff886fbcadbb322c","1171588","","Kohgiluyeh va Boyer Ahmad","","","","","","","","","","","Pā Tāva","Mohammad Daneshamuz and Mansour Bozorgmehr, field notes 2024",2284,"","","","Boyerahmadi 85%; Standard type Persian 15%","Mohammad Daneshamuz and Mansour Bozorgmehr, field notes 2024",30.955,51.266,
"","365a4a632d1fb65f22fb9b482373d0dd","2-ec2d72be56bb491133682100b028d274","1171589","","Kohgiluyeh va Boyer Ahmad","","","","","","","","","","","","",17473,"","","","",,,,
"","365a4a632d1fb65f22fb9b482373cc2f","2-3ed4ca67785970f8fdde7753260bbc32","1171590","","Kohgiluyeh va Boyer Ahmad","","","","","","","","","","","","",4842,"","","","",,,,
"","365a4a632d1fb65f22fb9b48235c08d6","5-c3b58a8baea79e88853c6826b50a8aed","1171591","","Kohgiluyeh va Boyer Ahmad","","","","","","","","","","","Semerun","Mohammad Daneshamuz and Mansour Bozorgmehr, field notes 2024",478,"","","","Boyerahmadi 95%; Standard type Persian 5%","Mohammad Daneshamuz and Mansour Bozorgmehr, field notes 2024",30.929,51.289,
"","365a4a632d1fb65f22fb9b48235c07b4","5-23e43fb27e2a4b68286d49b70b234348","1171592","","Kohgiluyeh va Boyer Ahmad","","","","","","","","","","","Karre-y Dumeni","Mohammad Daneshamuz and Mansour Bozorgmehr, field notes 2024",414,"","","","Boyerahmadi 95%; Standard type Persian 5%","Mohammad Daneshamuz and Mansour Bozorgmehr, field notes 2024",30.918,51.306,
"","365a4a632d1fb65f22fb9b48235bffc3","5-211afa306704def35d6e3bf1ab581958","1171593","","Kohgiluyeh va Boyer Ahmad","","","","","","","","","","","Gur Gandzu","Mohammad Daneshamuz and Mansour Bozorgmehr, field notes 2024",364,"","","","Boyerahmadi 95%; Standard type Persian 5%","Mohammad Daneshamuz and Mansour Bozorgmehr, field notes 2024",30.923,51.296,
"","365a4a632d1fb65f22fb9b48235bf09b","5-67e28489d4456acd7551fda3bf7a26a6","1171594","","Kohgiluyeh va Boyer Ahmad","","","","","","","","","","","Ahmad Ābād","Mohammad Daneshamuz and Mansour Bozorgmehr, field notes 2024",66,"","","","Boyerahmadi 95%; Standard type Persian 5%","Mohammad Daneshamuz and Mansour Bozorgmehr, field notes 2024",30.921,51.293,
"","365a4a632d1fb65f22fb9b482373c47c","4-a7be260426565a9ae2d2ca6985b164c9","1171595","","Kohgiluyeh va Boyer Ahmad","","","","","","","","","","","Karre-y Dzey Tu","Mohammad Daneshamuz and Mansour Bozorgmehr, field notes 2024",65,"","","","Boyerahmadi 95%; Standard type Persian 5%","Mohammad Daneshamuz and Mansour Bozorgmehr, field notes 2024",,,
"","365a4a632d1fb65f22fb9b48235c602b","5-88ec70b19b72686127d3f7298978b626","1171596","","Kohgiluyeh va Boyer Ahmad","","","","","","","","","","","Pey Owzā","Mohammad Daneshamuz and Mansour Bozorgmehr, field notes 2024",174,"","","","Boyerahmadi 95%; Standard type Persian 5%","Mohammad Daneshamuz and Mansour Bozorgmehr, field notes 2024",30.96,51.314,
"","365a4a632d1fb65f22fb9b48235c542a","5-dff95f8a1082f80e791a702873e03325","1171597","","Kohgiluyeh va Boyer Ahmad","","","","","","","","","","","Tang-e Putak","Mohammad Daneshamuz and Mansour Bozorgmehr, field notes 2024",52,"","","","Boyerahmadi 95%; Standard type Persian 5%","Mohammad Daneshamuz and Mansour Bozorgmehr, field notes 2024",30.963,51.312,
"","365a4a632d1fb65f22fb9b48235c4877","3-c45c6659afa954e2cdcb1f7137a2a8ec","1171598","","Kohgiluyeh va Boyer Ahmad","","","","","","","","","","","","",,"","","","",,30.92494,51.3812,
"","365a4a632d1fb65f22fb9b48235c47c7","5-8107f649d0d9c34d0409ee311aeec68a","1171599","","Kohgiluyeh va Boyer Ahmad","","","","","","","","","","","Sar Āsiyaw, Sar Āsiyaw Karra","Mohammad Daneshamuz and Mansour Bozorgmehr, field notes 2024",106,"","","","Boyerahmadi 95%; Standard type Persian 5%","Mohammad Daneshamuz and Mansour Bozorgmehr, field notes 2024",30.917,51.314,
"","365a4a632d1fb65f22fb9b48235c4476","5-efeec47c05e159a821bacec4a7887396","1171600","","Kohgiluyeh va Boyer Ahmad","","","","","","","","","","","Karre-y Bāley","Mohammad Daneshamuz and Mansour Bozorgmehr, field notes 2024",196,"","","","Boyerahmadi 95%; Standard type Persian 5%","Mohammad Daneshamuz and Mansour Bozorgmehr, field notes 2024",30.918,51.339,
"","365a4a632d1fb65f22fb9b48235c3940","5-38d085c79f72915d3a2714c443aac08e","1171601","","Kohgiluyeh va Boyer Ahmad","","","","","","","","","","","Karre-y Karami","Mohammad Daneshamuz and Mansour Bozorgmehr, field notes 2024",343,"","","","Boyerahmadi 95%; Standard type Persian 5%","Mohammad Daneshamuz and Mansour Bozorgmehr, field notes 2024",30.914,51.322,
"","365a4a632d1fb65f22fb9b48235c3867","5-a381ec32980f143711efecd12d7cdf6e","1171602","","Kohgiluyeh va Boyer Ahmad","","","","","","","","","","","Dara Khoshk","Mohammad Daneshamuz and Mansour Bozorgmehr, field notes 2024",11,"","","","Boyerahmadi 95%; Standard type Persian 5%","Mohammad Daneshamuz and Mansour Bozorgmehr, field notes 2024",30.863,51.344,
"","365a4a632d1fb65f22fb9b48235c2e8f","5-ed66fd31bd5195c54cff9abf869a37ff","1171603","","Kohgiluyeh va Boyer Ahmad","","","","","","","","","","","Sar Tang-e Ti Nada","Mohammad Daneshamuz and Mansour Bozorgmehr, field notes 2024",350,"","","","Boyerahmadi 95%; Standard type Persian 5%","Mohammad Daneshamuz and Mansour Bozorgmehr, field notes 2024",30.895,51.314,
"","365a4a632d1fb65f22fb9b48235c2b95","5-99e688536c14b30140ed6e34b813d390","1171604","","Kohgiluyeh va Boyer Ahmad","","","","","","","","","","","Gendikhari Dumeni","Mohammad Daneshamuz and Mansour Bozorgmehr, field notes 2024",473,"","","","Boyerahmadi 95%; Standard type Persian 5%","Mohammad Daneshamuz and Mansour Bozorgmehr, field notes 2024",30.877,51.342,
"","365a4a632d1fb65f22fb9b48235c27d6","5-556f6e908212231ee77e9a33586a99f1","1171605","","Kohgiluyeh va Boyer Ahmad","","","","","","","","","","","Gendikhari Bāley","Mohammad Daneshamuz and Mansour Bozorgmehr, field notes 2024",29,"","","","Boyerahmadi 95%; Standard type Persian 5%","Mohammad Daneshamuz and Mansour Bozorgmehr, field notes 2024",30.868,51.34,
"","365a4a632d1fb65f22fb9b48235cb2f2","5-96420f3db77849c3d36a45d935592c07","1171606","","Kohgiluyeh va Boyer Ahmad","","","","","","","","","","","Gendikhari Vasati","Mohammad Daneshamuz and Mansour Bozorgmehr, field notes 2024",105,"","","","Boyerahmadi 95%; Standard type Persian 5%","Mohammad Daneshamuz and Mansour Bozorgmehr, field notes 2024",30.874,51.339,
"","365a4a632d1fb65f22fb9b48235cad01","5-de8c3fb75137d83a84e686976c5b2bcd","1171607","","Kohgiluyeh va Boyer Ahmad","","","","","","","","","","","Nada","Mohammad Daneshamuz and Mansour Bozorgmehr, field notes 2024",106,"","","","Boyerahmadi 95%; Standard type Persian 5%","Mohammad Daneshamuz and Mansour Bozorgmehr, field notes 2024",30.858,51.347,
"","365a4a632d1fb65f22fb9b48235ca279","5-3613b98b3906d18fa44a57a395d9e1cc","1171608","","Kohgiluyeh va Boyer Ahmad","","","","","","","","","","","Ti Nada","Mohammad Daneshamuz and Mansour Bozorgmehr, field notes 2024",1510,"","","","Boyerahmadi 95%; Standard type Persian 5%","Mohammad Daneshamuz and Mansour Bozorgmehr, field notes 2024",30.891,51.341,
"","365a4a632d1fb65f22fb9b482373b9e6","2-ef945a6401a0025429db9ab1c175b9b6","1171609","","Kohgiluyeh va Boyer Ahmad","","","","","","","","","","","","",4776,"","","","",,,,
"","365a4a632d1fb65f22fb9b48235c972c","5-7bbebd20b6354bce75ebc008170400d9","1171610","","Kohgiluyeh va Boyer Ahmad","","","","","","","","","","","Eghbāl Ābād","Mohammad Daneshamuz and Mansour Bozorgmehr, field notes 2024",49,"","","","Boyerahmadi 95%; Standard type Persian 5%","Mohammad Daneshamuz and Mansour Bozorgmehr, field notes 2024",30.842,51.476,
"","365a4a632d1fb65f22fb9b48235c9378","5-6f983149cb0dad4e6732d381c0795d1f","1171611","","Kohgiluyeh va Boyer Ahmad","","","","","","","","","","","Amir Ābād","Mohammad Daneshamuz and Mansour Bozorgmehr, field notes 2024",287,"","","","Boyerahmadi 95%; Standard type Persian 5%","Mohammad Daneshamuz and Mansour Bozorgmehr, field notes 2024",30.808,51.458,
"","365a4a632d1fb65f22fb9b48235c8b1b","3-992d2768a920a5d579d763cc4a3bfbd3","1171612","","Kohgiluyeh va Boyer Ahmad","","","","","","","","","","","","",,"","","","",,31.08686,50.48991,
"","365a4a632d1fb65f22fb9b48235c86d4","5-0c451882bafc86c72f23ccf8738b9e9e","1171613","","Kohgiluyeh va Boyer Ahmad","","","","","","","","","","","Biyāra","Mohammad Daneshamuz and Mansour Bozorgmehr, field notes 2024",385,"","","","Boyerahmadi 95%; Standard type Persian 5%","Mohammad Daneshamuz and Mansour Bozorgmehr, field notes 2024",30.836,51.454,
"","365a4a632d1fb65f22fb9b48235c7d9f","5-1c5939b2f91bf0a4a6ef0f80c8d1b1ac","1171614","","Kohgiluyeh va Boyer Ahmad","","","","","","","","","","","Hasan Ābād Karyak","Mohammad Daneshamuz and Mansour Bozorgmehr, field notes 2024",71,"","","","Boyerahmadi 95%; Standard type Persian 5%","Mohammad Daneshamuz and Mansour Bozorgmehr, field notes 2024",30.812,51.426,
"","365a4a632d1fb65f22fb9b48235c798b","3-e6ec01354ca8ed5fba6e1c3887eb817b","1171615","","Kohgiluyeh va Boyer Ahmad","","","","","","","","","","","","",,"","","","",,30.90433,51.39886,
"","365a4a632d1fb65f22fb9b48235c6f4c","5-f6ff5b677c4bf5eedabbd231574aa105","1171616","","Kohgiluyeh va Boyer Ahmad","","","","","","","","","","","Deh Naw Kokhedun","Mohammad Daneshamuz and Mansour Bozorgmehr, field notes 2024",102,"","","","Boyerahmadi 95%; Standard type Persian 5%","Mohammad Daneshamuz and Mansour Bozorgmehr, field notes 2024",30.781,50.855,
"","365a4a632d1fb65f22fb9b48235cf7dd","5-ceff07829a0ff06c8e84baefc4ed28a3","1171617","","Kohgiluyeh va Boyer Ahmad","","","","","","","","","","","Sar Mawr-e Kokhedun","Mohammad Daneshamuz and Mansour Bozorgmehr, field notes 2024",78,"","","","Boyerahmadi 95%; Standard type Persian 5%","Mohammad Daneshamuz and Mansour Bozorgmehr, field notes 2024",30.833,51.491,
"","365a4a632d1fb65f22fb9b48235cf462","5-c71ae9476252cd0d2a37cbb92e134a99","1171618","","Kohgiluyeh va Boyer Ahmad","","","","","","","","","","","Ali Ābād-e Kokhedun","Mohammad Daneshamuz and Mansour Bozorgmehr, field notes 2024",91,"","","","Boyerahmadi 95%; Standard type Persian 5%","Mohammad Daneshamuz and Mansour Bozorgmehr, field notes 2024",30.838,51.474,
"","365a4a632d1fb65f22fb9b48235ce7cb","3-52775247b81cf0fc8e96d285eca22d9a","1171619","","Kohgiluyeh va Boyer Ahmad","","","","","","","","","","","","",,"","","","",,30.81235,51.4736,
"","365a4a632d1fb65f22fb9b48235cdc9e","5-b38983dc02577a6f9a7ea07630e51e6e","1171620","","Kohgiluyeh va Boyer Ahmad","","","","","","","","","","","Kokhedun","Mohammad Daneshamuz and Mansour Bozorgmehr, field notes 2024",331,"","","","Boyerahmadi 95%; Standard type Persian 5%","Mohammad Daneshamuz and Mansour Bozorgmehr, field notes 2024",30.831,51.483,
"","365a4a632d1fb65f22fb9b48235cd4bd","3-69e564be61dcb5fd240ece7e4e2a0196","1171621","","Kohgiluyeh va Boyer Ahmad","","","","","","","","","","","","",,"","","","",,30.83907,51.54786,
"","365a4a632d1fb65f22fb9b48235cc6e4","3-c9e59837032f7e7198a949f4f9879d94","1171622","","Kohgiluyeh va Boyer Ahmad","","","","","","","","","","","","",,"","","","",,30.83424,51.45558,
"","365a4a632d1fb65f22fb9b48235cc663","3-e8753ac98582e89fe398208b0c5d8e7b","1171623","","Kohgiluyeh va Boyer Ahmad","","","","","","","","","","","","",,"","","","",,30.8205,51.45773,
"","365a4a632d1fb65f22fb9b48235cc5ac","3-e5b83adcabc18356286a953eb8ba7095","1171624","","Kohgiluyeh va Boyer Ahmad","","","","","","","","","","","","",,"","","","",,30.8846,51.4052,
"","365a4a632d1fb65f22fb9b48235cbbca","3-7e7bd606df33535366e118df42e6db0d","1171625","","Kohgiluyeh va Boyer Ahmad","","","","","","","","","","","","",,"","","","",,30.827,51.472,
"","365a4a632d1fb65f22fb9b48235cbb31","5-bf1fb35310bc461f53dbddde73d00a55","1171626","","Kohgiluyeh va Boyer Ahmad","","","","","","","","","","","Eslām Ābād-e Dār Shey","Mohammad Daneshamuz and Mansour Bozorgmehr, field notes 2024",88,"","","","Boyerahmadi 95%; Standard type Persian 5%","Mohammad Daneshamuz and Mansour Bozorgmehr, field notes 2024",30.842,51.354,
"","365a4a632d1fb65f22fb9b48235d4e9c","5-8c0959413eb681ebcd195b521033be4a","1171627","","Kohgiluyeh va Boyer Ahmad","","","","","","","","","","","Khomeyni Ābād-e Dār Shey","Mohammad Daneshamuz and Mansour Bozorgmehr, field notes 2024",30,"","","","Boyerahmadi 95%; Standard type Persian 5%","Mohammad Daneshamuz and Mansour Bozorgmehr, field notes 2024",30.843,51.349,
"","365a4a632d1fb65f22fb9b48235d40de","5-070428c53406f43b0b62564712d11706","1171628","","Kohgiluyeh va Boyer Ahmad","","","","","","","","","","","Dār Shey","Mohammad Daneshamuz and Mansour Bozorgmehr, field notes 2024",816,"","","","Boyerahmadi 95%; Standard type Persian 5%","Mohammad Daneshamuz and Mansour Bozorgmehr, field notes 2024",30.827,51.376,
"","365a4a632d1fb65f22fb9b48235d33b7","3-d9468eb593092738bb1a0ecb3786ff2f","1171629","","Kohgiluyeh va Boyer Ahmad","","","","","","","","","","","","",,"","","","",,30.84225,51.36826,
"","365a4a632d1fb65f22fb9b48235d2f5d","5-69d07f813d299655ba2349bb911d5916","1171630","","Kohgiluyeh va Boyer Ahmad","","","","","","","","","","","Dara Tsenāri Karyak","Mohammad Daneshamuz and Mansour Bozorgmehr, field notes 2024",33,"","","","Boyerahmadi 95%; Standard type Persian 5%","Mohammad Daneshamuz and Mansour Bozorgmehr, field notes 2024",30.824,51.393,
"","365a4a632d1fb65f22fb9b48235d267c","5-5f9efbe7214a74802a50bdd8b1309ec6","1171631","","Kohgiluyeh va Boyer Ahmad","","","","","","","","","","","Mahsum Ābād o Ali Ābād-e Karyak","Mohammad Daneshamuz and Mansour Bozorgmehr, field notes 2024",1004,"","","","Boyerahmadi 95%; Standard type Persian 5%","Mohammad Daneshamuz and Mansour Bozorgmehr, field notes 2024",30.813,51.415,
"","365a4a632d1fb65f22fb9b48235d25a7","5-5c15c9ad95eb1dbe9e4a8b0765eb5c80","1171632","","Kohgiluyeh va Boyer Ahmad","","","","","","","","","","","Tel-e Gā","Mohammad Daneshamuz and Mansour Bozorgmehr, field notes 2024",122,"","","","Boyerahmadi 95%; Standard type Persian 5%","Mohammad Daneshamuz and Mansour Bozorgmehr, field notes 2024",30.786,51.42,
"","365a4a632d1fb65f22fb9b48235d1b23","5-68eebdd8750a7aab9011f384f987ee25","1171633","","Kohgiluyeh va Boyer Ahmad","","","","","","","","","","","Karyak","Mohammad Daneshamuz and Mansour Bozorgmehr, field notes 2024",635,"","","","Boyerahmadi 95%; Standard type Persian 5%","Mohammad Daneshamuz and Mansour Bozorgmehr, field notes 2024",30.811,51.417,
"","365a4a632d1fb65f22fb9b48235d12a5","5-de6fd1f1f830e979085e86736047374c","1171634","","Kohgiluyeh va Boyer Ahmad","","","","","","","","","","","Kelkel Abās Abād","Mohammad Daneshamuz and Mansour Bozorgmehr, field notes 2024",654,"","","","Boyerahmadi 95%; Standard type Persian 5%","Mohammad Daneshamuz and Mansour Bozorgmehr, field notes 2024",30.805,51.425,
"","365a4a632d1fb65f22fb9b48235d0ade","4-1560baba4f54c2a626e5b5a4e0fce1a8","1171635","","Kohgiluyeh va Boyer Ahmad","","","","","","","","","","","Si Sakht","",7855,"","","","Boyerahmadi 85%; Standard type Persian 15%","Mohammad Daneshamuz and Mansour Bozorgmehr, field notes 2024",30.857,51.461,
"","365a4a632d1fb65f22fb9b482373abb0","2-0f440114b9f31c630d972f188060d5d9","1171636","","Kohgiluyeh va Boyer Ahmad","","","","","","","","","","","","",38136,"","","","",,,,
"","365a4a632d1fb65f22fb9b4823739c45","2-e56bd1a6e6997e11005dabd7152e4910","1171637","","Kohgiluyeh va Boyer Ahmad","","","","","","","","","","","","",9402,"","","","",,,,
"","365a4a632d1fb65f22fb9b4823739862","2-bffec28e6699023c86fc3d32512fc30d","1171638","","Kohgiluyeh va Boyer Ahmad","","","","","","","","","","","","",6150,"","","","",,,,
"","365a4a632d1fb65f22fb9b48235cfffd","5-981f0740a1e7fc5add6f7615bdddfc9d","1171639","","Kohgiluyeh va Boyer Ahmad","","","","","","","","","","","Bona Kolu-yi Mir Hasan","Mohammad Nikbin and Mansour Bozorgmehr, field notes 2024",,"","","","Bahmei 90%; Standard type Persian 5%; mixed 5%","Mohammad Nikbin and Mansour Bozorgmehr, field notes 2024",31.1789,50.05668,
"","365a4a632d1fb65f22fb9b48235da510","5-68160af5f533a02dbd299a092f1812cb","1171640","","Kohgiluyeh va Boyer Ahmad","","","","","","","","","","","Burbādi","Mohammad Nikbin and Mansour Bozorgmehr, field notes 2024",213,"","","","Bahmei 90%; Standard type Persian 5%; mixed 5%","Mohammad Nikbin and Mansour Bozorgmehr, field notes 2024",31.167,50.021,
"","365a4a632d1fb65f22fb9b48235d96bc","5-49b37fb1f35ed6b88b2c455f178d68fb","1171641","","Kohgiluyeh va Boyer Ahmad","","","","","","","","","","","Bahnōk","Mohammad Nikbin and Mansour Bozorgmehr, field notes 2024",317,"","","","Bahmei 90%; Standard type Persian 5%; mixed 5%","Mohammad Nikbin and Mansour Bozorgmehr, field notes 2024",31.223,50.06,
"","365a4a632d1fb65f22fb9b482373902f","4-932f0dd87a2088aa34c9443ad6a293a8","1171642","","Kohgiluyeh va Boyer Ahmad","","","","","","","","","","","Pir Murd","Mohammad Nikbin and Mansour Bozorgmehr, field notes 2024",,"","","","Bahmei 90%; Standard type Persian 5%; mixed 5%","Mohammad Nikbin and Mansour Bozorgmehr, field notes 2024",,,
"","365a4a632d1fb65f22fb9b48235d8e09","3-d17392412f1dbfa0b40110ef904cb88a","1171643","","Kohgiluyeh va Boyer Ahmad","","","","","","","","","","","","",,"","","","",,31.22101,50.07781,
"","365a4a632d1fb65f22fb9b48235d8d1a","5-ec228c60fa06d8fd46859b0ff16f9b51","1171644","","Kohgiluyeh va Boyer Ahmad","","","","","","","","","","","Tu Bardi","Mohammad Nikbin and Mansour Bozorgmehr, field notes 2024",14,"","","","Bahmei 90%; Standard type Persian 5%; mixed 5%","Mohammad Nikbin and Mansour Bozorgmehr, field notes 2024",31.211,50.034,
"","365a4a632d1fb65f22fb9b48235d7e75","3-1e109b0ccc08b8fccfee9f9109816487","1171645","","Kohgiluyeh va Boyer Ahmad","","","","","","","","","","","","",,"","","","",,31.17684,50.01298,
"","365a4a632d1fb65f22fb9b48235d78a9","5-3b5712beadb4627bb4ccdfa1acefb0e6","1171646","","Kohgiluyeh va Boyer Ahmad","","","","","","","","","","","Tsahtōn","Mohammad Nikbin and Mansour Bozorgmehr, field notes 2024",,"","","","Bahmei 90%; Standard type Persian 5%; mixed 5%","Mohammad Nikbin and Mansour Bozorgmehr, field notes 2024",31.2475042508977,50.0343513158466,
"","365a4a632d1fb65f22fb9b48235d6eb6","5-775c1943868fe88378b5f8f9b2d692e2","1171647","","Kohgiluyeh va Boyer Ahmad","","","","","","","","","","","Khurdaki","Mohammad Nikbin and Mansour Bozorgmehr, field notes 2024",112,"","","","Bahmei 90%; Standard type Persian 5%; mixed 5%","Mohammad Nikbin and Mansour Bozorgmehr, field notes 2024",31.164,50.032,
"","365a4a632d1fb65f22fb9b48235d6943","3-c016a6581a145796d02b297a54fad256","1171648","","Kohgiluyeh va Boyer Ahmad","","","","","","","","","","","","",,"","","","",,31.22809,50.0195,
"","365a4a632d1fb65f22fb9b48235d5ae9","3-5d78dccfe2aef6a5cd227f721d67750b","1171649","","Kohgiluyeh va Boyer Ahmad","","","","","","","","","","","","",,"","","","",,31.19474,50.00998,
"","365a4a632d1fb65f22fb9b48235d5ad7","5-303b50a0217c5a15a85a4afff9dac7dc","1171650","","Kohgiluyeh va Boyer Ahmad","","","","","","","","","","","Dara Gapi","Mohammad Nikbin and Mansour Bozorgmehr, field notes 2024",166,"","","","Bahmei 90%; Standard type Persian 5%; mixed 5%","Mohammad Nikbin and Mansour Bozorgmehr, field notes 2024",31.189,50.004,
"","365a4a632d1fb65f22fb9b48235def9c","3-2449159dee42e06d2a895acceafabee2","1171651","","Kohgiluyeh va Boyer Ahmad","","","","","","","","","","","","",,"","","","",,31.15276,50.02889,
"","365a4a632d1fb65f22fb9b48235de6fe","5-82b18de48128b06014e01dfb9a641357","1171652","","Kohgiluyeh va Boyer Ahmad","","","","","","","","","","","Reki","Mohammad Nikbin and Mansour Bozorgmehr, field notes 2024",69,"","","","Bahmei 90%; Standard type Persian 5%; mixed 5%","Mohammad Nikbin and Mansour Bozorgmehr, field notes 2024",31.183,50,
"","365a4a632d1fb65f22fb9b48235de5ae","5-0dad9185a8867b5e2aeb7f7434132538","1171653","","Kohgiluyeh va Boyer Ahmad","","","","","","","","","","","Ruy Zir","Mohammad Nikbin and Mansour Bozorgmehr, field notes 2024",,"","","","Bahmei 90%; Standard type Persian 5%; mixed 5%","Mohammad Nikbin and Mansour Bozorgmehr, field notes 2024",31.23587,50.05032,
"","365a4a632d1fb65f22fb9b48235ddfcf","3-5e94b52191c223f670dd8af7f162f7d4","1171654","","Kohgiluyeh va Boyer Ahmad","","","","","","","","","","","","",,"","","","",,31.20895,49.98978,
"","365a4a632d1fb65f22fb9b48235ddc46","3-86460e9354dff50b97981177ae6809b2","1171655","","Kohgiluyeh va Boyer Ahmad","","","","","","","","","","","","",,"","","","",,31.20425,49.96161,
"","365a4a632d1fb65f22fb9b48235dd3f4","3-597b8f553c19f9bb9b66cdbcdbaa0abd","1171656","","Kohgiluyeh va Boyer Ahmad","","","","","","","","","","","","",,"","","","",,31.19331,49.97126,
"","365a4a632d1fb65f22fb9b48235dc7c6","5-92ddb0ac4afff42256aed888e689dab7","1171657","","Kohgiluyeh va Boyer Ahmad","","","","","","","","","","","Kārōn","Mohammad Nikbin and Mansour Bozorgmehr, field notes 2024",25,"","","","Bahmei 90%; Standard type Persian 5%; mixed 5%","Mohammad Nikbin and Mansour Bozorgmehr, field notes 2024",31.176,50.011,
"","365a4a632d1fb65f22fb9b48235db979","3-cfcf764f7b69bca24f2c3b2f1f3bd796","1171658","","Kohgiluyeh va Boyer Ahmad","","","","","","","","","","","","",,"","","","",,31.2112,49.99485,
"","365a4a632d1fb65f22fb9b48235db46e","5-97360552182cb438c4be391ca81b8b8d","1171659","","Kohgiluyeh va Boyer Ahmad","","","","","","","","","","","Kalāvon-e Ruy Tahl","Mohammad Nikbin and Mansour Bozorgmehr, field notes 2024",,"","","","Bahmei 90%; Standard type Persian 5%; mixed 5%","Mohammad Nikbin and Mansour Bozorgmehr, field notes 2024",31.1707,50.02803,
"","365a4a632d1fb65f22fb9b48235daf9b","3-b752a6f87f696e182ad45f5f8e6a9731","1171660","","Kohgiluyeh va Boyer Ahmad","","","","","","","","","","","","",,"","","","",,31.1562,50.02803,
"","365a4a632d1fb65f22fb9b48235e3dfb","5-3ccc3c953d1a9c3768be742f8b9df9b9","1171661","","Kohgiluyeh va Boyer Ahmad","","","","","","","","","","","Gardangah-e Sar Tāva","Mohammad Nikbin and Mansour Bozorgmehr, field notes 2024",34,"","","","Bahmei 90%; Standard type Persian 5%; mixed 5%","Mohammad Nikbin and Mansour Bozorgmehr, field notes 2024",31.231,50.046,
"","365a4a632d1fb65f22fb9b48235e2e7e","5-5ca1b2e674c8422b76e50289f05c067e","1171662","","Kohgiluyeh va Boyer Ahmad","","","","","","","","","","","Garr-e Mawlā","Mohammad Nikbin and Mansour Bozorgmehr, field notes 2024",109,"","","","Bahmei 90%; Standard type Persian 5%; mixed 5%","Mohammad Nikbin and Mansour Bozorgmehr, field notes 2024",31.158,50.037,
"","365a4a632d1fb65f22fb9b48235e2292","5-6dcf42bd7adb77cd1be5a49e7ca8394a","1171663","","Kohgiluyeh va Boyer Ahmad","","","","","","","","","","","Mākherra","Mohammad Nikbin and Mansour Bozorgmehr, field notes 2024",32,"","","","Bahmei 90%; Standard type Persian 5%; mixed 5%","Mohammad Nikbin and Mansour Bozorgmehr, field notes 2024",31.219,50.031,
"","365a4a632d1fb65f22fb9b48235e1ef0","3-56d40faebbc096fd893006870f224d61","1171664","","Kohgiluyeh va Boyer Ahmad","","","","","","","","","","","","",,"","","","",,31.19483,50.00357,
"","365a4a632d1fb65f22fb9b4823742e67","2-0932154384b99b47fa5974ee4b9b58bf","1171665","","Kohgiluyeh va Boyer Ahmad","","","","","","","","","","","","",,"","","","",,,,
"","365a4a632d1fb65f22fb9b4823742b51","2-14093a93794a51f2b7287778d9ba45c9","1171666","","Kohgiluyeh va Boyer Ahmad","","","","","","","","","","","","",,"","","","",,,,
"","365a4a632d1fb65f22fb9b48235e1999","3-35feac08c9ffc006b41437eeba600898","1171667","","Kohgiluyeh va Boyer Ahmad","","","","","","","","","","","","",,"","","","",,31.19372,50.76727,
"","365a4a632d1fb65f22fb9b48235e0e6f","3-418917590da205663b3a3642520e25e1","1171668","","Kohgiluyeh va Boyer Ahmad","","","","","","","","","","","","",,"","","","",,31.185,49.992,
"","365a4a632d1fb65f22fb9b48235e0be1","3-50a90b879a8b7d6e1f4c1e1235b619a1","1171669","","Kohgiluyeh va Boyer Ahmad","","","","","","","","","","","","",,"","","","",,31.191,49.986,
"","365a4a632d1fb65f22fb9b48235e052a","5-5b51f93c6ecce205f24f119a79c694d7","1171670","","Kohgiluyeh va Boyer Ahmad","","","","","","","","","","","Barm-e Seh-e Ruy Tahl","Mohammad Nikbin and Mansour Bozorgmehr, field notes 2024",,"","","","Bahmei 90%; Standard type Persian 5%; mixed 5%","Mohammad Nikbin and Mansour Bozorgmehr, field notes 2024",31.18329,50.02406,
"","365a4a632d1fb65f22fb9b48235df98a","5-63240b50b6ca0e61af992b8ca91df9e5","1171671","","Kohgiluyeh va Boyer Ahmad","","","","","","","","","","","Pay-e Kharāva-y Dara Nā","Mohammad Nikbin and Mansour Bozorgmehr, field notes 2024",,"","","","Bahmei 90%; Standard type Persian 5%; mixed 5%","Mohammad Nikbin and Mansour Bozorgmehr, field notes 2024",31.14009,50.06192,
"","365a4a632d1fb65f22fb9b48235df63f","5-22621a010f165c9e00a831a26b9dbbea","1171672","","Kohgiluyeh va Boyer Ahmad","","","","","","","","","","","Timadz","Mohammad Nikbin and Mansour Bozorgmehr, field notes 2024",18,"","","","Bahmei 90%; Standard type Persian 5%; mixed 5%","Mohammad Nikbin and Mansour Bozorgmehr, field notes 2024",31.153,50.094,
"","365a4a632d1fb65f22fb9b48235e8e3f","3-59d77bc27872794b47c5da397fbda7d4","1171673","","Kohgiluyeh va Boyer Ahmad","","","","","","","","","","","","",,"","","","",,31.13937,50.01634,
"","365a4a632d1fb65f22fb9b48235e85ac","3-c3371a0de9bc9918000be6b76dca8f92","1171674","","Kohgiluyeh va Boyer Ahmad","","","","","","","","","","","","",,"","","","",,31.11578,50.0337,
"","365a4a632d1fb65f22fb9b48235e77b3","5-727c015ee2780f674cb230b401022ed9","1171675","","Kohgiluyeh va Boyer Ahmad","","","","","","","","","","","Khali","Mohammad Nikbin and Mansour Bozorgmehr, field notes 2024",,"","","","Bahmei 90%; Standard type Persian 5%; mixed 5%","Mohammad Nikbin and Mansour Bozorgmehr, field notes 2024",31.15359,50.06887,
"","365a4a632d1fb65f22fb9b48235e695d","5-a57822edf2e3e5f9edb60906c334b097","1171676","","Kohgiluyeh va Boyer Ahmad","","","","","","","","","","","Khong-e Nār-e Bena-e Pir","Mohammad Nikbin and Mansour Bozorgmehr, field notes 2024",88,"","","","Bahmei 90%; Standard type Persian 5%; mixed 5%","Mohammad Nikbin and Mansour Bozorgmehr, field notes 2024",31.184,50.055,
"","365a4a632d1fb65f22fb9b48235e5cd9","5-b09338b6b3f5be41757e040d83616b19","1171677","","Kohgiluyeh va Boyer Ahmad","","","","","","","","","","","Dam Tang-e Dara Nā","Mohammad Nikbin and Mansour Bozorgmehr, field notes 2024",,"","","","Bahmei 90%; Standard type Persian 5%; mixed 5%","Mohammad Nikbin and Mansour Bozorgmehr, field notes 2024",31.13035,50.05863,
"","365a4a632d1fb65f22fb9b48235e53dc","3-fe5b255f6f0be1b4b9ddef350320ec44","1171678","","Kohgiluyeh va Boyer Ahmad","","","","","","","","","","","","",,"","","","",,31.15959,50.03623,
"","365a4a632d1fb65f22fb9b48235e4e15","5-6511d3adb2df9f713d21e05ef7dd4a0f","1171679","","Kohgiluyeh va Boyer Ahmad","","","","","","","","","","","Shāneshin","Mohammad Nikbin and Mansour Bozorgmehr, field notes 2024",25,"","","","Bahmei 90%; Standard type Persian 5%; mixed 5%","Mohammad Nikbin and Mansour Bozorgmehr, field notes 2024",31.155,50.091,
"","365a4a632d1fb65f22fb9b48235e4c55","5-c5d22b6e04d0b4086ae57262965b8534","1171680","","Kohgiluyeh va Boyer Ahmad","","","","","","","","","","","Shomshāl","Mohammad Nikbin and Mansour Bozorgmehr, field notes 2024",10,"","","","Bahmei 90%; Standard type Persian 5%; mixed 5%","Mohammad Nikbin and Mansour Bozorgmehr, field notes 2024",31.162,50.053,
"","365a4a632d1fb65f22fb9b48235e4b96","5-a65ca5c738c13806eb378e9e68972be8","1171681","","Kohgiluyeh va Boyer Ahmad","","","","","","","","","","","Qāsh Kamari Bena-y Pir","Mohammad Nikbin and Mansour Bozorgmehr, field notes 2024",99,"","","","Bahmei 90%; Standard type Persian 5%; mixed 5%","Mohammad Nikbin and Mansour Bozorgmehr, field notes 2024",31.175,50.055,
"","365a4a632d1fb65f22fb9b48235e4ac4","3-63b17a3bacdc718e4795de07487c6581","1171682","","Kohgiluyeh va Boyer Ahmad","","","","","","","","","","","","",,"","","","",,31.19325,50.04635,
"","365a4a632d1fb65f22fb9b48235f0319","5-3294037084e285934b320143a9557e08","1171683","","Kohgiluyeh va Boyer Ahmad","","","","","","","","","","","Kal-e Māza-y Bena-y Pir","Mohammad Nikbin and Mansour Bozorgmehr, field notes 2024",79,"","","","Bahmei 90%; Standard type Persian 5%; mixed 5%","Mohammad Nikbin and Mansour Bozorgmehr, field notes 2024",31.178,50.054,
"","365a4a632d1fb65f22fb9b48235ef720","3-dc3a58a3461a8be4520e819d439ebd52","1171684","","Kohgiluyeh va Boyer Ahmad","","","","","","","","","","","","",,"","","","",,31.11111,50.03045,
"","365a4a632d1fb65f22fb9b48235eeb92","5-c08fce02a1248673f1265e06936a642e","1171685","","Kohgiluyeh va Boyer Ahmad","","","","","","","","","","","Gatsgerd","Mohammad Nikbin and Mansour Bozorgmehr, field notes 2024",,"","","","Bahmei 90%; Standard type Persian 5%; mixed 5%","Mohammad Nikbin and Mansour Bozorgmehr, field notes 2024",31.14377,50.06158,
"","365a4a632d1fb65f22fb9b48235edf4b","5-ea24ae4cd8d51fdcadd3dff1eae30676","1171686","","Kohgiluyeh va Boyer Ahmad","","","","","","","","","","","Gedek-e Bena-y Pir, Godek-e Bena-y Pir","Mohammad Nikbin and Mansour Bozorgmehr, field notes 2024",61,"","","","Bahmei 90%; Standard type Persian 5%; mixed 5%","Mohammad Nikbin and Mansour Bozorgmehr, field notes 2024",31.183,50.045,
"","365a4a632d1fb65f22fb9b48235ed370","5-e9ef6613e8e1378d4c3b77023fff190e","1171687","","Kohgiluyeh va Boyer Ahmad","","","","","","","","","","","Gerd Kutsek","Mohammad Nikbin and Mansour Bozorgmehr, field notes 2024",593,"","","","Bahmei 90%; Standard type Persian 5%; mixed 5%","Mohammad Nikbin and Mansour Bozorgmehr, field notes 2024",31.114,50.094,
"","365a4a632d1fb65f22fb9b48235ec80b","3-9f619f65e94483ac9a5e2b16a01adfe8","1171688","","Kohgiluyeh va Boyer Ahmad","","","","","","","","","","","","",,"","","","",,31.12457,50.03542,
"","365a4a632d1fb65f22fb9b48235ebc98","5-f2784257f9d94b43e4285da77f79eff9","1171689","","Kohgiluyeh va Boyer Ahmad","","","","","","","","","","","Mela Bādi","Mohammad Nikbin and Mansour Bozorgmehr, field notes 2024",,"","","","Bahmei 90%; Standard type Persian 5%; mixed 5%","Mohammad Nikbin and Mansour Bozorgmehr, field notes 2024",31.1483,50.06924,
"","365a4a632d1fb65f22fb9b48235ead59","5-adc89b68b4fe055ce2f8307c701b5533","1171690","","Kohgiluyeh va Boyer Ahmad","","","","","","","","","","","Mongira","Mohammad Nikbin and Mansour Bozorgmehr, field notes 2024",125,"","","","Bahmei 90%; Standard type Persian 5%; mixed 5%","Mohammad Nikbin and Mansour Bozorgmehr, field notes 2024",31.134,50.066,
"","365a4a632d1fb65f22fb9b48235e9f17","5-f1f490dba0f6d9cbb6857b7bb863a50a","1171691","","Kohgiluyeh va Boyer Ahmad","","","","","","","","","","","Narmōn","Mohammad Nikbin and Mansour Bozorgmehr, field notes 2024",414,"","","","Bahmei 90%; Standard type Persian 5%; mixed 5%","Mohammad Nikbin and Mansour Bozorgmehr, field notes 2024",31.153,50.044,
"","365a4a632d1fb65f22fb9b48235e9ca0","3-d534f2a0b446197647722428b2cb6347","1171692","","Kohgiluyeh va Boyer Ahmad","","","","","","","","","","","","",,"","","","",,31.11538,50.02569,
"","365a4a632d1fb65f22fb9b48235f6b72","5-aa0490151dbe7ae0ac7852278df7649b","1171693","","Kohgiluyeh va Boyer Ahmad","","","","","","","","","","","Māfa-e Ruy Tahl","Mohammad Nikbin and Mansour Bozorgmehr, field notes 2024",20,"","","","Bahmei 90%; Standard type Persian 5%; mixed 5%","Mohammad Nikbin and Mansour Bozorgmehr, field notes 2024",31.184,50.021,
"","365a4a632d1fb65f22fb9b48235f6087","3-e7fa7100d89a6e714a5550adfa6e61f7","1171694","","Kohgiluyeh va Boyer Ahmad","","","","","","","","","","","","",,"","","","",,31.16426,50.08179,
"","365a4a632d1fb65f22fb9b48235f53bb","3-0ab43f39f8619555edd4c47debfd5a44","1171695","","Kohgiluyeh va Boyer Ahmad","","","","","","","","","","","","",,"","","","",,31.155,50.006,
"","365a4a632d1fb65f22fb9b48235f47ab","5-f15a95ffed859d8987842c8df4732c4d","1171696","","Kohgiluyeh va Boyer Ahmad","","","","","","","","","","","Tel-e Rezāqeli Mōmbi","Mohammad Nikbin and Mansour Bozorgmehr, field notes 2024",175,"","","","Bahmei 90%; Standard type Persian 5%; mixed 5%","Mohammad Nikbin and Mansour Bozorgmehr, field notes 2024",31.116,50.111,
"","365a4a632d1fb65f22fb9b48235f40e8","5-b0898c5278bc71db422f636df7e88cce","1171697","","Kohgiluyeh va Boyer Ahmad","","","","","","","","","","","Tang-e Gorr","Mohammad Nikbin and Mansour Bozorgmehr, field notes 2024",104,"","","","Bahmei 90%; Standard type Persian 5%; mixed 5%","Mohammad Nikbin and Mansour Bozorgmehr, field notes 2024",31.137,50.125,
"","365a4a632d1fb65f22fb9b48235f3281","5-511a9caf160ca50f84858927304ca3b6","1171698","","Kohgiluyeh va Boyer Ahmad","","","","","","","","","","","Tang Gula-e Andzir","Mohammad Nikbin and Mansour Bozorgmehr, field notes 2024",170,"","","","Bahmei 90%; Standard type Persian 5%; mixed 5%","Mohammad Nikbin and Mansour Bozorgmehr, field notes 2024",31.134,50.116,
"","365a4a632d1fb65f22fb9b48235f2cf9","3-513cc2076d2d110e854e5bccfba70c25","1171699","","Kohgiluyeh va Boyer Ahmad","","","","","","","","","","","","",,"","","","",,31.13252,50.08578,
"","365a4a632d1fb65f22fb9b48235f1e22","5-4586b736798196d09d7f6ae7a68aedd2","1171700","","Kohgiluyeh va Boyer Ahmad","","","","","","","","","","","Dara Bid","Mohammad Nikbin and Mansour Bozorgmehr, field notes 2024",555,"","","","Bahmei 90%; Standard type Persian 5%; mixed 5%","Mohammad Nikbin and Mansour Bozorgmehr, field notes 2024",31.117,50.095,
"","365a4a632d1fb65f22fb9b48235f1d00","5-5ffe042908dc045a9608192d1a1db38e","1171701","","Kohgiluyeh va Boyer Ahmad","","","","","","","","","","","Dara Kharzahla","Mohammad Nikbin and Mansour Bozorgmehr, field notes 2024",152,"","","","Bahmei 90%; Standard type Persian 5%; mixed 5%","Mohammad Nikbin and Mansour Bozorgmehr, field notes 2024",31.141,50.111,
"","365a4a632d1fb65f22fb9b48235f122a","5-1fecc1c174ae2e91e954579d60d1f00b","1171702","","Kohgiluyeh va Boyer Ahmad","","","","","","","","","","","Qalātak","Mohammad Nikbin and Mansour Bozorgmehr, field notes 2024",59,"","","","Bahmei 90%; Standard type Persian 5%; mixed 5%","Mohammad Nikbin and Mansour Bozorgmehr, field notes 2024",31.138,50.125,
"","365a4a632d1fb65f22fb9b48235fb50f","3-a6109109a8fc526e607679e73deeb94d","1171703","","Kohgiluyeh va Boyer Ahmad","","","","","","","","","","","","",,"","","","",,31.12597,50.0923,
"","365a4a632d1fb65f22fb9b48235fa9d5","5-1fc14d5d8937943b93005f33d0946861","1171704","","Kohgiluyeh va Boyer Ahmad","","","","","","","","","","","Tsār Rah-e Tserri","Mohammad Nikbin and Mansour Bozorgmehr, field notes 2024",288,"","","","Bahmei 90%; Standard type Persian 5%; mixed 5%","Mohammad Nikbin and Mansour Bozorgmehr, field notes 2024",31.135,50.106,
"","365a4a632d1fb65f22fb9b48235f9fbf","5-357548f1dfb0ebfabff95352da25356e","1171705","","Kohgiluyeh va Boyer Ahmad","","","","","","","","","","","Bādzera","Mohammad Nikbin and Mansour Bozorgmehr, field notes 2024",101,"","","","Bahmei 90%; Standard type Persian 5%; mixed 5%","Mohammad Nikbin and Mansour Bozorgmehr, field notes 2024",31.131,50.138,
"","365a4a632d1fb65f22fb9b48235f9e45","5-9416f92be51faf4ccf9a0d3d71521695","1171706","","Kohgiluyeh va Boyer Ahmad","","","","","","","","","","","Pā Rah-e Ardeshir","Mohammad Nikbin and Mansour Bozorgmehr, field notes 2024",201,"","","","Bahmei 90%; Standard type Persian 5%; mixed 5%","Mohammad Nikbin and Mansour Bozorgmehr, field notes 2024",31.105,50.153,
"","365a4a632d1fb65f22fb9b48235f95f0","5-29e76955ec9b7ea7d0e24ce68e732591","1171707","","Kohgiluyeh va Boyer Ahmad","","","","","","","","","","","Pā Rah-e Hayrami","Mohammad Nikbin and Mansour Bozorgmehr, field notes 2024",34,"","","","Bahmei 90%; Standard type Persian 5%; mixed 5%","Mohammad Nikbin and Mansour Bozorgmehr, field notes 2024",31.11,50.16,
"","365a4a632d1fb65f22fb9b48235f88bf","5-155f5231eca1e18640b1c59be9670c91","1171708","","Kohgiluyeh va Boyer Ahmad","","","","","","","","","","","Tāynare","Mohammad Nikbin and Mansour Bozorgmehr, field notes 2024",,"","","","Bahmei 90%; Standard type Persian 5%; mixed 5%","Mohammad Nikbin and Mansour Bozorgmehr, field notes 2024",31.0967,50.12506,
"","365a4a632d1fb65f22fb9b48235f85c5","5-dff422e0083f4d93240272b531c2b56c","1171709","","Kohgiluyeh va Boyer Ahmad","","","","","","","","","","","Tang-e Kōzi","Mohammad Nikbin and Mansour Bozorgmehr, field notes 2024",78,"","","","Bahmei 90%; Standard type Persian 5%; mixed 5%","Mohammad Nikbin and Mansour Bozorgmehr, field notes 2024",31.124,50.152,
"","365a4a632d1fb65f22fb9b48235f7936","5-7b51aba128a24aefc01507f622c7663b","1171710","","Kohgiluyeh va Boyer Ahmad","","","","","","","","","","","Tang-e Madol","Mohammad Nikbin and Mansour Bozorgmehr, field notes 2024",10,"","","","Bahmei 90%; Standard type Persian 5%; mixed 5%","Mohammad Nikbin and Mansour Bozorgmehr, field notes 2024",31.134,50.128,
"","365a4a632d1fb65f22fb9b48235f73e4","5-68350d590c66fec3235f3f80f777a9b4","1171711","","Kohgiluyeh va Boyer Ahmad","","","","","","","","","","","Tsah Rōghani","Mohammad Nikbin and Mansour Bozorgmehr, field notes 2024",265,"","","","Bahmei 90%; Standard type Persian 5%; mixed 5%","Mohammad Nikbin and Mansour Bozorgmehr, field notes 2024",31.086,50.127,
"","365a4a632d1fb65f22fb9b48235f70d9","5-e74ca00f693629c10b40bd240bfb8196","1171712","","Kohgiluyeh va Boyer Ahmad","","","","","","","","","","","Dara Zerri","Mohammad Nikbin and Mansour Bozorgmehr, field notes 2024",50,"","","","Bahmei 90%; Standard type Persian 5%; mixed 5%","Mohammad Nikbin and Mansour Bozorgmehr, field notes 2024",31.073,50.135,
"","365a4a632d1fb65f22fb9b4823601ff5","5-bd15562db5b683dd3b7325e0cbeab0bb","1171713","","Kohgiluyeh va Boyer Ahmad","","","","","","","","","","","Durāv-e Soflā","Mohammad Nikbin and Mansour Bozorgmehr, field notes 2024",135,"","","","Bahmei 90%; Standard type Persian 5%; mixed 5%","Mohammad Nikbin and Mansour Bozorgmehr, field notes 2024",31.097,50.147,
"","365a4a632d1fb65f22fb9b482360162d","5-f47da7172fc11840f223aa77eccfab64","1171714","","Kohgiluyeh va Boyer Ahmad","","","","","","","","","","","Durāv-e Olyā","Mohammad Nikbin and Mansour Bozorgmehr, field notes 2024",33,"","","","Bahmei 90%; Standard type Persian 5%; mixed 5%","Mohammad Nikbin and Mansour Bozorgmehr, field notes 2024",31.102,50.148,
"","365a4a632d1fb65f22fb9b48236009d6","5-385f38d6a9a875036c4cc8cee8a05cc8","1171715","","Kohgiluyeh va Boyer Ahmad","","","","","","","","","","","Durāv-e Qadim","Mohammad Nikbin and Mansour Bozorgmehr, field notes 2024",,"","","","Bahmei 90%; Standard type Persian 5%; mixed 5%","Mohammad Nikbin and Mansour Bozorgmehr, field notes 2024",31.11955,50.14868,
"","365a4a632d1fb65f22fb9b482360003c","5-04a2f77d956bb8320c65453f3c66b47a","1171716","","Kohgiluyeh va Boyer Ahmad","","","","","","","","","","","Sendōn-e Pā Rah","Mohammad Nikbin and Mansour Bozorgmehr, field notes 2024",92,"","","","Bahmei 90%; Standard type Persian 5%; mixed 5%","Mohammad Nikbin and Mansour Bozorgmehr, field notes 2024",31.105,50.133,
"","365a4a632d1fb65f22fb9b48235ff262","5-9e7a47c5d6a3f01e20479709bb187c5a","1171717","","Kohgiluyeh va Boyer Ahmad","","","","","","","","","","","Ali Asgari","Mohammad Nikbin and Mansour Bozorgmehr, field notes 2024",43,"","","","Bahmei 90%; Standard type Persian 5%; mixed 5%","Mohammad Nikbin and Mansour Bozorgmehr, field notes 2024",31.095,50.111,
"","365a4a632d1fb65f22fb9b48235fe926","5-480f655eaceb7bbf4a965ad1ee69f6a3","1171718","","Kohgiluyeh va Boyer Ahmad","","","","","","","","","","","Qala-e Mōmbi","Mohammad Nikbin and Mansour Bozorgmehr, field notes 2024",668,"","","","Bahmei 90%; Standard type Persian 5%; mixed 5%","Mohammad Nikbin and Mansour Bozorgmehr, field notes 2024",31.11,50.117,
"","365a4a632d1fb65f22fb9b48235fdafd","5-997151388b6f1e0c9edc93be3aacbc8a","1171719","","Kohgiluyeh va Boyer Ahmad","","","","","","","","","","","Hedzrat-e Durāv","Mohammad Nikbin and Mansour Bozorgmehr, field notes 2024",,"","","","Bahmei 90%; Standard type Persian 5%; mixed 5%","Mohammad Nikbin and Mansour Bozorgmehr, field notes 2024",31.11268,50.12958,
"","365a4a632d1fb65f22fb9b48235fd404","5-eaedf1677c6d6bb392e1df901903ee34","1171720","","Kohgiluyeh va Boyer Ahmad","","","","","","","","","","","Ili Ābād","Mohammad Nikbin and Mansour Bozorgmehr, field notes 2024",215,"","","","Bahmei 90%; Standard type Persian 5%; mixed 5%","Mohammad Nikbin and Mansour Bozorgmehr, field notes 2024",31.09,50.147,
"","365a4a632d1fb65f22fb9b4823741f6e","2-e0237012cb947e68a8b9cb998d9d0470","1171721","","Kohgiluyeh va Boyer Ahmad","","","","","","","","","","","","",3252,"","","","",,,,
"","365a4a632d1fb65f22fb9b48235fcefe","3-8314832bd1487a1ff5176fb787fdbc78","1171722","","Kohgiluyeh va Boyer Ahmad","","","","","","","","","","","","",,"","","","",,31.07992,50.13814,
"","365a4a632d1fb65f22fb9b48235fc29f","3-e6f1e7505efa2356c46ca92aca289766","1171723","","Kohgiluyeh va Boyer Ahmad","","","","","","","","","","","","",,"","","","",,31.0883,50.1308,
"","365a4a632d1fb65f22fb9b4823607ab7","5-daa12760916411c1c2745af36b06ab65","1171724","","Kohgiluyeh va Boyer Ahmad","","","","","","","","","","","Deh Murd-e Olyā","Mohammad Nikbin and Mansour Bozorgmehr, field notes 2024",107,"","","","Bahmei 90%; Standard type Persian 5%; mixed 5%","Mohammad Nikbin and Mansour Bozorgmehr, field notes 2024",31.042,50.151,
"","365a4a632d1fb65f22fb9b4823606ef2","5-79687bd971114fc5c407572b8be4f3e3","1171725","","Kohgiluyeh va Boyer Ahmad","","","","","","","","","","","Deh-e Shahid Dāresh","Mohammad Nikbin and Mansour Bozorgmehr, field notes 2024",,"","","","Bahmei 90%; Standard type Persian 5%; mixed 5%","Mohammad Nikbin and Mansour Bozorgmehr, field notes 2024",31.062,50.143,
"","365a4a632d1fb65f22fb9b48236060a6","5-75b99819bf0339983309d0a84a51e6fe","1171726","","Kohgiluyeh va Boyer Ahmad","","","","","","","","","","","Gur Tordz","Mohammad Nikbin and Mansour Bozorgmehr, field notes 2024",22,"","","","Bahmei 90%; Standard type Persian 5%; mixed 5%","Mohammad Nikbin and Mansour Bozorgmehr, field notes 2024",31.057,50.15,
"","365a4a632d1fb65f22fb9b482360527d","5-c7ea210d7e1f8adb1da4c3439da2c70b","1171727","","Kohgiluyeh va Boyer Ahmad","","","","","","","","","","","Āv Almōn","Mohammad Nikbin and Mansour Bozorgmehr, field notes 2024",253,"","","","Bahmei 90%; Standard type Persian 5%; mixed 5%","Mohammad Nikbin and Mansour Bozorgmehr, field notes 2024",31.005,50.214,
"","365a4a632d1fb65f22fb9b4823604a00","3-81315b4315ffc65bcde2f6d60b1a4cf9","1171728","","Kohgiluyeh va Boyer Ahmad","","","","","","","","","","","","",,"","","","",,30.97645,50.21274,
"","365a4a632d1fb65f22fb9b4823603fb9","5-b89bf6fbe50e9a2af8453cb8f87c3605","1171729","","Kohgiluyeh va Boyer Ahmad","","","","","","","","","","","Amir-al-Māmenin","Mohammad Nikbin and Mansour Bozorgmehr, field notes 2024",56,"","","","Bahmei 90%; Standard type Persian 5%; mixed 5%","Mohammad Nikbin and Mansour Bozorgmehr, field notes 2024",30.989,50.213,
"","365a4a632d1fb65f22fb9b4823603e64","5-5ededaf97bc443f26acac8793c85bed0","1171730","","Kohgiluyeh va Boyer Ahmad","","","","","","","","","","","Bāyomdōn","Mohammad Nikbin and Mansour Bozorgmehr, field notes 2024",25,"","","","Bahmei 90%; Standard type Persian 5%; mixed 5%","Mohammad Nikbin and Mansour Bozorgmehr, field notes 2024",31.012,50.225,
"","365a4a632d1fb65f22fb9b48236038d8","5-66eb603a48c8ee112f847197b25d376f","1171731","","Kohgiluyeh va Boyer Ahmad","","","","","","","","","","","Barm Almōn","Mohammad Nikbin and Mansour Bozorgmehr, field notes 2024",119,"","","","Bahmei 90%; Standard type Persian 5%; mixed 5%","Mohammad Nikbin and Mansour Bozorgmehr, field notes 2024",31.005,50.238,
"","365a4a632d1fb65f22fb9b48236031e3","3-ece6dbdc6e9e9992e977647c382fe90b","1171732","","Kohgiluyeh va Boyer Ahmad","","","","","","","","","","","","",,"","","","",,31.0393,50.16813,
"","365a4a632d1fb65f22fb9b4823602735","5-ac07eee6f9b6ca2fb96e846b935d33b9","1171733","","Kohgiluyeh va Boyer Ahmad","","","","","","","","","","","Tel-e Gāvdeban","Mohammad Nikbin and Mansour Bozorgmehr, field notes 2024",59,"","","","Bahmei 90%; Standard type Persian 5%; mixed 5%","Mohammad Nikbin and Mansour Bozorgmehr, field notes 2024",31.01,50.237,
"","365a4a632d1fb65f22fb9b482360cc20","5-3b42a76ed8619155ef7fe3649c28deb2","1171734","","Kohgiluyeh va Boyer Ahmad","","","","","","","","","","","Tahladōn","Mohammad Nikbin and Mansour Bozorgmehr, field notes 2024",67,"","","","Bahmei 90%; Standard type Persian 5%; mixed 5%","Mohammad Nikbin and Mansour Bozorgmehr, field notes 2024",30.995,50.254,
"","365a4a632d1fb65f22fb9b482360c5f4","5-a05b98121b2f3c75ca2c37f3efaf6734","1171735","","Kohgiluyeh va Boyer Ahmad","","","","","","","","","","","Ti Tap","Mohammad Nikbin and Mansour Bozorgmehr, field notes 2024",,"","","","Bahmei 90%; Standard type Persian 5%; mixed 5%","Mohammad Nikbin and Mansour Bozorgmehr, field notes 2024",31.0086,50.18809,
"","365a4a632d1fb65f22fb9b482360ba6d","3-f676ef7f2fdbe93bd93036513b29dedf","1171736","","Kohgiluyeh va Boyer Ahmad","","","","","","","","","","","","",,"","","","",,30.99359,50.23019,
"","365a4a632d1fb65f22fb9b482360ad53","3-7566c63ce0792b715c4a1fbf52101de6","1171737","","Kohgiluyeh va Boyer Ahmad","","","","","","","","","","","","",,"","","","",,30.98694,50.19863,
"","365a4a632d1fb65f22fb9b482360aba4","5-ffc0a2bd9355c8f9fdf9f63346d3e6ac","1171738","","Kohgiluyeh va Boyer Ahmad","","","","","","","","","","","Dara Kharzahla-e Deh-e Tsol","Mohammad Nikbin and Mansour Bozorgmehr, field notes 2024",19,"","","","Bahmei 90%; Standard type Persian 5%; mixed 5%","Mohammad Nikbin and Mansour Bozorgmehr, field notes 2024",31.009,50.194,
"","365a4a632d1fb65f22fb9b4823609c6c","3-1f2e4e5c001a366043b815d8a3535062","1171739","","Kohgiluyeh va Boyer Ahmad","","","","","","","","","","","","",,"","","","",,30.98479,50.2025,
"","365a4a632d1fb65f22fb9b4823609ba7","3-2be89890dd8991dd2aad34c75617a2ed","1171740","","Kohgiluyeh va Boyer Ahmad","","","","","","","","","","","","",,"","","","",,30.97155,50.2435,
"","365a4a632d1fb65f22fb9b4823608de9","3-0f4be4322d7dfac41e0a1bd867fd67c5","1171741","","Kohgiluyeh va Boyer Ahmad","","","","","","","","","","","","",,"","","","",,31.00048,50.19674,
"","365a4a632d1fb65f22fb9b4823608438","5-4e440dc40e37bf3187f909003df86ee2","1171742","","Kohgiluyeh va Boyer Ahmad","","","","","","","","","","","Shilāvadōn","Mohammad Nikbin and Mansour Bozorgmehr, field notes 2024",44,"","","","Bahmei 90%; Standard type Persian 5%; mixed 5%","Mohammad Nikbin and Mansour Bozorgmehr, field notes 2024",30.995,50.262,
"","365a4a632d1fb65f22fb9b4823607cd8","5-31c425b31816b89a7caefaaaca16ed13","1171743","","Kohgiluyeh va Boyer Ahmad","","","","","","","","","","","Katsalōn","Mohammad Nikbin and Mansour Bozorgmehr, field notes 2024",111,"","","","Bahmei 90%; Standard type Persian 5%; mixed 5%","Mohammad Nikbin and Mansour Bozorgmehr, field notes 2024",31.037,50.175,
"","365a4a632d1fb65f22fb9b4823610023","3-4e17e1be0fb4ad2798f4b469dde95508","1171744","","Kohgiluyeh va Boyer Ahmad","","","","","","","","","","","","",,"","","","",,30.99588,50.24993,
"","365a4a632d1fb65f22fb9b482360f4f4","3-dd221a73b3ffc7c2fed9ed4ea9f671d7","1171745","","Kohgiluyeh va Boyer Ahmad","","","","","","","","","","","","",,"","","","",,31.00049,50.23242,
"","365a4a632d1fb65f22fb9b482360eeed","5-3f83dc567feef737d4b9723676dcdebf","1171746","","Kohgiluyeh va Boyer Ahmad","","","","","","","","","","","Garmōnshā","Mohammad Nikbin and Mansour Bozorgmehr, field notes 2024",18,"","","","Bahmei 90%; Standard type Persian 5%; mixed 5%","Mohammad Nikbin and Mansour Bozorgmehr, field notes 2024",31.028,50.184,
"","365a4a632d1fb65f22fb9b482360e358","5-4fabb2991b8117df13c1b7080c0f19f2","1171747","","Kohgiluyeh va Boyer Ahmad","","","","","","","","","","","Laplapu","Mohammad Nikbin and Mansour Bozorgmehr, field notes 2024",,"","","","Bahmei 90%; Standard type Persian 5%; mixed 5%","Mohammad Nikbin and Mansour Bozorgmehr, field notes 2024",31.03767,50.19053,
"","365a4a632d1fb65f22fb9b482360d976","3-7a45adf8c071808823d6ad3cd8875296","1171748","","Kohgiluyeh va Boyer Ahmad","","","","","","","","","","","","",,"","","","",,30.97732,50.1903,
"","365a4a632d1fb65f22fb9b482360d7e8","5-b24456d971de6547721c8fc6080e19b6","1171749","","Kohgiluyeh va Boyer Ahmad","","","","","","","","","","","Māma Zaynav","Mohammad Nikbin and Mansour Bozorgmehr, field notes 2024",171,"","","","Bahmei 90%; Standard type Persian 5%; mixed 5%","Mohammad Nikbin and Mansour Bozorgmehr, field notes 2024",31.013,50.175,
"","365a4a632d1fb65f22fb9b482360d6a7","5-14d614d4f89bfc17c0a1f43f86ca8b37","1171750","","Kohgiluyeh va Boyer Ahmad","","","","","","","","","","","Tahladun-e Olyā","Mohammad Nikbin and Mansour Bozorgmehr, field notes 2024",,"","","","Bahmei 90%; Standard type Persian 5%; mixed 5%","Mohammad Nikbin and Mansour Bozorgmehr, field notes 2024",31.00032,50.26011,
"","365a4a632d1fb65f22fb9b482360d459","5-d001ba1e4204c5009e90b46b56b7bec7","1171751","","Kohgiluyeh va Boyer Ahmad","","","","","","","","","","","Bardemen","Mohammad Nikbin and Mansour Bozorgmehr, field notes 2024",,"","","","Bahmei 90%; Standard type Persian 5%; mixed 5%","Mohammad Nikbin and Mansour Bozorgmehr, field notes 2024",31.05088,50.20683,
"","365a4a632d1fb65f22fb9b482360cf9d","5-aa489bfa4d5e391867c922c38bb56760","1171752","","Kohgiluyeh va Boyer Ahmad","","","","","","","","","","","Pātpāt","Mohammad Nikbin and Mansour Bozorgmehr, field notes 2024",92,"","","","Bahmei 90%; Standard type Persian 5%; mixed 5%","Mohammad Nikbin and Mansour Bozorgmehr, field notes 2024",31.074,50.212,
"","365a4a632d1fb65f22fb9b482360cd81","5-cf3cda6a4c8fe3d076fb0cb777bb3ddd","1171753","","Kohgiluyeh va Boyer Ahmad","","","","","","","","","","","Pas Vāgh-e Shomshir","Mohammad Nikbin and Mansour Bozorgmehr, field notes 2024",41,"","","","Bahmei 90%; Standard type Persian 5%; mixed 5%","Mohammad Nikbin and Mansour Bozorgmehr, field notes 2024",31.087,50.172,
"","365a4a632d1fb65f22fb9b482361502f","5-7f370fec9fcdf90ce2fbc4c5a44facf9","1171754","","Kohgiluyeh va Boyer Ahmad","","","","","","","","","","","Dzahōni Ābād","Mohammad Nikbin and Mansour Bozorgmehr, field notes 2024",52,"","","","Bahmei 90%; Standard type Persian 5%; mixed 5%","Mohammad Nikbin and Mansour Bozorgmehr, field notes 2024",31.079,50.182,
"","365a4a632d1fb65f22fb9b4823614d1a","5-2e61ac2f53eb15a5bb067acd03087602","1171755","","Kohgiluyeh va Boyer Ahmad","","","","","","","","","","","Tseshme Amiri","Mohammad Nikbin and Mansour Bozorgmehr, field notes 2024",159,"","","","Bahmei 90%; Standard type Persian 5%; mixed 5%","Mohammad Nikbin and Mansour Bozorgmehr, field notes 2024",31.084,50.177,
"","365a4a632d1fb65f22fb9b4823614236","3-c05f447690a4402e21a2aaee23743402","1171756","","Kohgiluyeh va Boyer Ahmad","","","","","","","","","","","","",,"","","","",,31.06012,50.20717,
"","365a4a632d1fb65f22fb9b4823613e78","3-ee6059f7ea742e4f85a7d31493063cb3","1171757","","Kohgiluyeh va Boyer Ahmad","","","","","","","","","","","","",,"","","","",,31.08706,50.19452,
"","365a4a632d1fb65f22fb9b4823613753","5-09868a1df5bf4ee2d2e44330fe17809f","1171758","","Kohgiluyeh va Boyer Ahmad","","","","","","","","","","","Derrāk","Mohammad Nikbin and Mansour Bozorgmehr, field notes 2024",58,"","","","Bahmei 90%; Standard type Persian 5%; mixed 5%","Mohammad Nikbin and Mansour Bozorgmehr, field notes 2024",31.076,50.186,
"","365a4a632d1fb65f22fb9b4823612a12","3-5c6ea8e37b7f2f805dad35020751e673","1171759","","Kohgiluyeh va Boyer Ahmad","","","","","","","","","","","","",,"","","","",,31.09395,50.16029,
"","365a4a632d1fb65f22fb9b4823612222","5-ff2ede9525878af06314369770c82b35","1171760","","Kohgiluyeh va Boyer Ahmad","","","","","","","","","","","Shah Vali","Mohammad Nikbin and Mansour Bozorgmehr, field notes 2024",35,"","","","Bahmei 90%; Standard type Persian 5%; mixed 5%","Mohammad Nikbin and Mansour Bozorgmehr, field notes 2024",31.065,50.187,
"","365a4a632d1fb65f22fb9b4823611b1b","3-562d115f0b0895eb445c1bc15ebe2e43","1171761","","Kohgiluyeh va Boyer Ahmad","","","","","","","","","","","","",,"","","","",,31.10986,50.21715,
"","365a4a632d1fb65f22fb9b4823610b3e","5-0557e8196e64a32789a6cbda4bf98592","1171762","","Kohgiluyeh va Boyer Ahmad","","","","","","","","","","","Mangazur","Mohammad Nikbin and Mansour Bozorgmehr, field notes 2024",20,"","","","Bahmei 90%; Standard type Persian 5%; mixed 5%","Mohammad Nikbin and Mansour Bozorgmehr, field notes 2024",31.079,50.225,
"","365a4a632d1fb65f22fb9b482361086c","5-32f4a4f6e7c1d932b103cfa8b7bf4407","1171763","","Kohgiluyeh va Boyer Ahmad","","","","","","","","","","","Murōn-e Pas Vāgh","Mohammad Nikbin and Mansour Bozorgmehr, field notes 2024",81,"","","","Bahmei 90%; Standard type Persian 5%; mixed 5%","Mohammad Nikbin and Mansour Bozorgmehr, field notes 2024",31.095,50.166,
"","365a4a632d1fb65f22fb9b4823619950","5-5f224ebfef164a516e69502b98c9cde0","1171764","","Kohgiluyeh va Boyer Ahmad","","","","","","","","","","","Haft Tseshma-e Dālōn","Mohammad Nikbin and Mansour Bozorgmehr, field notes 2024",14,"","","","Bahmei 90%; Standard type Persian 5%; mixed 5%","Mohammad Nikbin and Mansour Bozorgmehr, field notes 2024",31.061,50.193,
"","365a4a632d1fb65f22fb9b4823619872","5-0598abe57b684d39d43e16339afb22ec","1171765","","Kohgiluyeh va Boyer Ahmad","","","","","","","","","","","Bena-e Ākhond","Mohammad Nikbin and Mansour Bozorgmehr, field notes 2024",65,"","","","Bahmei 90%; Standard type Persian 5%; mixed 5%","Mohammad Nikbin and Mansour Bozorgmehr, field notes 2024",31.025,50.251,
"","365a4a632d1fb65f22fb9b482361983f","5-deb1e59781749131cc111086b267a8c0","1171766","","Kohgiluyeh va Boyer Ahmad","","","","","","","","","","","Bena-e Sarhadi","Mohammad Nikbin and Mansour Bozorgmehr, field notes 2024",67,"","","","Bahmei 90%; Standard type Persian 5%; mixed 5%","Mohammad Nikbin and Mansour Bozorgmehr, field notes 2024",31.054,50.203,
"","365a4a632d1fb65f22fb9b4823619605","3-b4fbe385466bc19479334d0e0e21ec63","1171767","","Kohgiluyeh va Boyer Ahmad","","","","","","","","","","","","",,"","","","",,31.05199,50.22812,
"","365a4a632d1fb65f22fb9b4823618c26","3-8fbd6df588aebd78aa2f0a0eea660979","1171768","","Kohgiluyeh va Boyer Ahmad","","","","","","","","","","","","",,"","","","",,31.0446,50.25007,
"","365a4a632d1fb65f22fb9b4823617fbd","5-bff1ef3dfae32c94b6c982d2dfca74ec","1171769","","Kohgiluyeh va Boyer Ahmad","","","","","","","","","","","Deh Benār-e Isevi","Mohammad Nikbin and Mansour Bozorgmehr, field notes 2024",242,"","","","Bahmei 90%; Standard type Persian 5%; mixed 5%","Mohammad Nikbin and Mansour Bozorgmehr, field notes 2024",31.041,50.229,
"","365a4a632d1fb65f22fb9b482361710a","5-b1159a62e79e049abf61e692bae70130","1171770","","Kohgiluyeh va Boyer Ahmad","","","","","","","","","","","Telāgah-e Soflā","Mohammad Nikbin and Mansour Bozorgmehr, field notes 2024",134,"","","","Bahmei 90%; Standard type Persian 5%; mixed 5%","Mohammad Nikbin and Mansour Bozorgmehr, field notes 2024",31.041,50.24,
"","365a4a632d1fb65f22fb9b4823616772","5-96385bcb3885e28084da8ac3f3faa816","1171771","","Kohgiluyeh va Boyer Ahmad","","","","","","","","","","","Telāgah-e Olyā","Mohammad Nikbin and Mansour Bozorgmehr, field notes 2024",91,"","","","Bahmei 90%; Standard type Persian 5%; mixed 5%","Mohammad Nikbin and Mansour Bozorgmehr, field notes 2024",31.045,50.238,
"","365a4a632d1fb65f22fb9b4823615c37","3-3712b9d3c38ab39238df04c86b1e4660","1171772","","Kohgiluyeh va Boyer Ahmad","","","","","","","","","","","","",,"","","","",,31.02143,50.24406,
"","365a4a632d1fb65f22fb9b482361575a","3-010b33a648e409ceee45eccdb499a8e9","1171773","","Kohgiluyeh va Boyer Ahmad","","","","","","","","","","","","",,"","","","",,31.04,50.262,
"","365a4a632d1fb65f22fb9b482361d1aa","5-1369e2d84b0afe672c3c12206153ee3b","1171774","","Kohgiluyeh va Boyer Ahmad","","","","","","","","","","","Sar Āsiyāv-e Yusefi","Mohammad Nikbin and Mansour Bozorgmehr, field notes 2024",984,"","","","Bahmei 90%; Standard type Persian 5%; mixed 5%","Mohammad Nikbin and Mansour Bozorgmehr, field notes 2024",31.039,50.217,
"","365a4a632d1fb65f22fb9b4823741db3","2-6b6c853f6a3c429e8582cc8d8c042248","1171775","","Kohgiluyeh va Boyer Ahmad","","","","","","","","","","","","",28324,"","","","",,,,
"","365a4a632d1fb65f22fb9b48237416ef","2-b7c60e356105026c9224fd8c1e22a18a","1171776","","Kohgiluyeh va Boyer Ahmad","","","","","","","","","","","","",7083,"","","","",,,,
"","365a4a632d1fb65f22fb9b482361c688","5-b9d6ccadca5e54916eafb74e531e5987","1171777","","Kohgiluyeh va Boyer Ahmad","","","","","","","","","","","Shahrak-e Posh Gats","Mohammad Nikbin and Mansour Bozorgmehr, field notes 2024",201,"","","","Bahmei 90%; Standard type Persian 5%; mixed 5%","Mohammad Nikbin and Mansour Bozorgmehr, field notes 2024",30.973,50.08,
"","365a4a632d1fb65f22fb9b482361c1f5","3-66d828fd45a9f335092ed7f7f36422d7","1171778","","Kohgiluyeh va Boyer Ahmad","","","","","","","","","","","","",,"","","","",,31.02341,50.13543,
"","365a4a632d1fb65f22fb9b482361ba3d","3-97b333fe4ab4aca16e76dd439458e3f2","1171779","","Kohgiluyeh va Boyer Ahmad","","","","","","","","","","","","",,"","","","",,30.99471,50.15219,
"","365a4a632d1fb65f22fb9b482361b396","3-44036278d200b01a0ce093cb289fe67c","1171780","","Kohgiluyeh va Boyer Ahmad","","","","","","","","","","","","",,"","","","",,31.01679,50.12726,
"","365a4a632d1fb65f22fb9b482361aa68","3-79b4df9cbf16303f0da0f39d824d1811","1171781","","Kohgiluyeh va Boyer Ahmad","","","","","","","","","","","","",,"","","","",,31.01447,50.13743,
"","365a4a632d1fb65f22fb9b482361aa0d","5-de8f4ae660ab09eb3431e9d8742e59a4","1171782","","Kohgiluyeh va Boyer Ahmad","","","","","","","","","","","Sāyt-e Māghar","Mohammad Nikbin and Mansour Bozorgmehr, field notes 2024",,"","","","Bahmei 90%; Standard type Persian 5%; mixed 5%","Mohammad Nikbin and Mansour Bozorgmehr, field notes 2024",31.03403,50.13634,
"","365a4a632d1fb65f22fb9b482361a88d","5-95950fac8e85f93314bf27a79c4b4abd","1171783","","Kohgiluyeh va Boyer Ahmad","","","","","","","","","","","Tuf Tsendār-e Māghar","Mohammad Nikbin and Mansour Bozorgmehr, field notes 2024",,"","","","Bahmei 90%; Standard type Persian 5%; mixed 5%","Mohammad Nikbin and Mansour Bozorgmehr, field notes 2024",31.01052,50.1077,
"","365a4a632d1fb65f22fb9b4823619e6f","5-25b34dd219fc5750b287363133dd0dd7","1171784","","Kohgiluyeh va Boyer Ahmad","","","","","","","","","","","Shahrak-e Gāvdeban","Mohammad Nikbin and Mansour Bozorgmehr, field notes 2024",85,"","","","Bahmei 90%; Standard type Persian 5%; mixed 5%","Mohammad Nikbin and Mansour Bozorgmehr, field notes 2024",30.977,50.109,
"","365a4a632d1fb65f22fb9b4823619a1e","3-46c2ea622851299c2dcd9a477f51ab3f","1171785","","Kohgiluyeh va Boyer Ahmad","","","","","","","","","","","","",,"","","","",,31.00635,50.11815,
"","365a4a632d1fb65f22fb9b4823621d2f","3-86705c6c3d98f74214a3cf82375404d8","1171786","","Kohgiluyeh va Boyer Ahmad","","","","","","","","","","","","",,"","","","",,31.01686,50.11953,
"","365a4a632d1fb65f22fb9b4823620fd3","5-0616494182dd42e79ea13613b866adb1","1171787","","Kohgiluyeh va Boyer Ahmad","","","","","","","","","","","Shahrak-e Sādāt-e Gats Beland","Mohammad Nikbin and Mansour Bozorgmehr, field notes 2024",747,"","","","Bahmei 90%; Standard type Persian 5%; mixed 5%","Mohammad Nikbin and Mansour Bozorgmehr, field notes 2024",30.965,50.101,
"","365a4a632d1fb65f22fb9b48236205b3","3-5d2231af875216e7b3fef82cf4447942","1171788","","Kohgiluyeh va Boyer Ahmad","","","","","","","","","","","","",,"","","","",,31.00365,50.10426,
"","365a4a632d1fb65f22fb9b48236202a1","3-87410a22f34a53d4175508df91bf4a9f","1171789","","Kohgiluyeh va Boyer Ahmad","","","","","","","","","","","","",,"","","","",,31.00288,50.1232,
"","365a4a632d1fb65f22fb9b482361feae","3-52c2a6dd446faeeb7b6fc4d3f5b3616c","1171790","","Kohgiluyeh va Boyer Ahmad","","","","","","","","","","","","",,"","","","",,30.97754,50.0979,
"","365a4a632d1fb65f22fb9b482361fc10","3-cf655e52514213ff731195d863ebf6e5","1171791","","Kohgiluyeh va Boyer Ahmad","","","","","","","","","","","","",,"","","","",,30.96199,50.04548,
"","365a4a632d1fb65f22fb9b482361f25c","3-2c3e70424fd15f2e0a89fbef0244272b","1171792","","Kohgiluyeh va Boyer Ahmad","","","","","","","","","","","","",,"","","","",,30.9007,50.01474,
"","365a4a632d1fb65f22fb9b482361e650","3-b519ffc6344254d43aa45f5461a6534e","1171793","","Kohgiluyeh va Boyer Ahmad","","","","","","","","","","","","",,"","","","",,30.93379,50.04209,
"","365a4a632d1fb65f22fb9b482361e0a4","3-93a1aa3b7cb1c6b33d1acd80173394a8","1171794","","Kohgiluyeh va Boyer Ahmad","","","","","","","","","","","","",,"","","","",,30.94307,50.0345,
"","365a4a632d1fb65f22fb9b482361d58b","3-4b5a13b37ad49f7daae6653afec751b4","1171795","","Kohgiluyeh va Boyer Ahmad","","","","","","","","","","","","",,"","","","",,30.93697,50.05753,
"","365a4a632d1fb65f22fb9b48236257c7","5-c7bb81a84402ee62a6dd7d9bd11dccb6","1171796","","Kohgiluyeh va Boyer Ahmad","","","","","","","","","","","Gats Beland","Mohammad Nikbin and Mansour Bozorgmehr, field notes 2024",766,"","","","Bahmei 90%; Standard type Persian 5%; mixed 5%","Mohammad Nikbin and Mansour Bozorgmehr, field notes 2024",30.95,50.113,
"","365a4a632d1fb65f22fb9b48236251a7","5-56bdd08958d5d9fc10eca0226ef224d2","1171797","","Kohgiluyeh va Boyer Ahmad","","","","","","","","","","","Derrahi Gats Beland","Mohammad Nikbin and Mansour Bozorgmehr, field notes 2024",85,"","","","Bahmei 90%; Standard type Persian 5%; mixed 5%","Mohammad Nikbin and Mansour Bozorgmehr, field notes 2024",30.951,50.095,
"","365a4a632d1fb65f22fb9b4823625081","5-c388159387e2027951bb5e549652c488","1171798","","Kohgiluyeh va Boyer Ahmad","","","","","","","","","","","Saye Safi","Mohammad Nikbin and Mansour Bozorgmehr, field notes 2024",456,"","","","Bahmei 90%; Standard type Persian 5%; mixed 5%","Mohammad Nikbin and Mansour Bozorgmehr, field notes 2024",30.924,50.082,
"","365a4a632d1fb65f22fb9b4823624a10","5-b41e57c5b8aa41e63981d05ca39cc2a6","1171799","","Kohgiluyeh va Boyer Ahmad","","","","","","","","","","","Sar Lekak, Sar Likak","Mohammad Nikbin and Mansour Bozorgmehr, field notes 2024",163,"","","","Bahmei 90%; Standard type Persian 5%; mixed 5%","Mohammad Nikbin and Mansour Bozorgmehr, field notes 2024",30.90883,50.09389,
"","365a4a632d1fb65f22fb9b4823623e32","5-d13dcd6246d6de5ee24d50412e353b15","1171800","","Kohgiluyeh va Boyer Ahmad","","","","","","","","","","","Eslām Ābād-e Bahāmad","Mohammad Nikbin and Mansour Bozorgmehr, field notes 2024",288,"","","","Bahmei 90%; Standard type Persian 5%; mixed 5%","Mohammad Nikbin and Mansour Bozorgmehr, field notes 2024",30.992,49.992,
"","365a4a632d1fb65f22fb9b4823623a95","5-62e303409080bcc711a907d01197afa5","1171801","","Kohgiluyeh va Boyer Ahmad","","","","","","","","","","","Bahāmad","Mohammad Nikbin and Mansour Bozorgmehr, field notes 2024",266,"","","","Bahmei 90%; Standard type Persian 5%; mixed 5%","Mohammad Nikbin and Mansour Bozorgmehr, field notes 2024",30.99,50.013,
"","365a4a632d1fb65f22fb9b4823622f9b","3-9a995d414d1c4b6c26e3cd923aa38de0","1171802","","Kohgiluyeh va Boyer Ahmad","","","","","","","","","","","","",,"","","","",,30.96566,50.01206,
"","365a4a632d1fb65f22fb9b48236229b4","5-5a777f1acc8966ec175dcfa258c76e96","1171803","","Kohgiluyeh va Boyer Ahmad","","","","","","","","","","","Kārend","Mohammad Nikbin and Mansour Bozorgmehr, field notes 2024",8,"","","","Bahmei 90%; Standard type Persian 5%; mixed 5%","Mohammad Nikbin and Mansour Bozorgmehr, field notes 2024",30.973,49.921,
"","365a4a632d1fb65f22fb9b482362262c","5-c30f388f22e0bac0d521e06961a9ac8b","1171804","","Kohgiluyeh va Boyer Ahmad","","","","","","","","","","","Bid-e Zard","Mohammad Nikbin and Mansour Bozorgmehr, field notes 2024",19,"","","","Bahmei 90%; Standard type Persian 5%; mixed 5%","Mohammad Nikbin and Mansour Bozorgmehr, field notes 2024",31.028,49.984,
"","365a4a632d1fb65f22fb9b48236225a7","5-78889f16abb61fe6f72506bfbeb51041","1171805","","Kohgiluyeh va Boyer Ahmad","","","","","","","","","","","Tirdāri","Mohammad Nikbin and Mansour Bozorgmehr, field notes 2024",151,"","","","Bahmei 90%; Standard type Persian 5%; mixed 5%","Mohammad Nikbin and Mansour Bozorgmehr, field notes 2024",31.002,50.026,
"","365a4a632d1fb65f22fb9b482362a63b","5-1e79be1cfaf0a0ee422c99bd4ff5f236","1171806","","Kohgiluyeh va Boyer Ahmad","","","","","","","","","","","Khālazār","Mohammad Nikbin and Mansour Bozorgmehr, field notes 2024",,"","","","Bahmei 90%; Standard type Persian 5%; mixed 5%","Mohammad Nikbin and Mansour Bozorgmehr, field notes 2024",31.04931,49.97732,
"","365a4a632d1fb65f22fb9b4823629b09","5-a3bc50ce296313da99f2a8aec109273c","1171807","","Kohgiluyeh va Boyer Ahmad","","","","","","","","","","","Khalili","Mohammad Nikbin and Mansour Bozorgmehr, field notes 2024",65,"","","","Bahmei 90%; Standard type Persian 5%; mixed 5%","Mohammad Nikbin and Mansour Bozorgmehr, field notes 2024",31.01,49.994,
"","365a4a632d1fb65f22fb9b4823628dd8","5-e78a2559d414a777241b78fbaa03513a","1171808","","Kohgiluyeh va Boyer Ahmad","","","","","","","","","","","Dasht Āhu","Mohammad Nikbin and Mansour Bozorgmehr, field notes 2024",116,"","","","Bahmei 90%; Standard type Persian 5%; mixed 5%","Mohammad Nikbin and Mansour Bozorgmehr, field notes 2024",30.947,49.97,
"","365a4a632d1fb65f22fb9b4823628883","5-59a87616412cd49c8f3bdafbeba3e59a","1171809","","Kohgiluyeh va Boyer Ahmad","","","","","","","","","","","Zurezmā","Mohammad Nikbin and Mansour Bozorgmehr, field notes 2024",43,"","","","Bahmei 90%; Standard type Persian 5%; mixed 5%","Mohammad Nikbin and Mansour Bozorgmehr, field notes 2024",30.984,50.027,
"","365a4a632d1fb65f22fb9b4823627e3e","5-901c32e229f317aef2481d6709d5256b","1171810","","Kohgiluyeh va Boyer Ahmad","","","","","","","","","","","Godār Tahti","Mohammad Nikbin and Mansour Bozorgmehr, field notes 2024",126,"","","","Bahmei 90%; Standard type Persian 5%; mixed 5%","Mohammad Nikbin and Mansour Bozorgmehr, field notes 2024",30.985,50.036,
"","365a4a632d1fb65f22fb9b4823627929","5-89862f0a4a1ac6e10ad39d6c633091b3","1171811","","Kohgiluyeh va Boyer Ahmad","","","","","","","","","","","Nāresōn","Mohammad Nikbin and Mansour Bozorgmehr, field notes 2024",,"","","","Bahmei 90%; Standard type Persian 5%; mixed 5%","Mohammad Nikbin and Mansour Bozorgmehr, field notes 2024",30.98875,50.01044,
"","365a4a632d1fb65f22fb9b482362702f","5-ea4cf5801482bbc86aa39a93f08de9d9","1171812","","Kohgiluyeh va Boyer Ahmad","","","","","","","","","","","Naykan","Mohammad Nikbin and Mansour Bozorgmehr, field notes 2024",52,"","","","Bahmei 90%; Standard type Persian 5%; mixed 5%","Mohammad Nikbin and Mansour Bozorgmehr, field notes 2024",31.003,49.994,
"","365a4a632d1fb65f22fb9b482362614c","3-599f9cce806659e5d0c5f0e89289892a","1171813","","Kohgiluyeh va Boyer Ahmad","","","","","","","","","","","","",,"","","","",,30.96136,49.96702,
"","365a4a632d1fb65f22fb9b4823740d2a","2-5036c076b83aa84e78cee3b1ac258f35","1171814","","Kohgiluyeh va Boyer Ahmad","","","","","","","","","","","","",,"","","","",,,,
"","365a4a632d1fb65f22fb9b4823740533","2-8ee847a5532a30279d3d63d8f4d4341b","1171815","","Kohgiluyeh va Boyer Ahmad","","","","","","","","","","","","",,"","","","",,,,
"","365a4a632d1fb65f22fb9b482362610e","3-b093fc9cca34d4b6b421d926bfd79482","1171816","","Kohgiluyeh va Boyer Ahmad","","","","","","","","","","","","",,"","","","",,31.0594,49.97016,
"","365a4a632d1fb65f22fb9b482373fb69","4-4d81b70357268bf472f893382ed662c7","1171817","","Kohgiluyeh va Boyer Ahmad","","","","","","","","","","","Sar Kamar-e Qara Khōn","Mohammad Nikbin and Mansour Bozorgmehr, field notes 2024",11,"","","","Bahmei 90%; Standard type Persian 5%; mixed 5%","Mohammad Nikbin and Mansour Bozorgmehr, field notes 2024",,,
"","365a4a632d1fb65f22fb9b4823626027","5-678f68225ac927aace0fb97eb6bd3a4d","1171818","","Kohgiluyeh va Boyer Ahmad","","","","","","","","","","","Barkanda","Mohammad Nikbin and Mansour Bozorgmehr, field notes 2024",106,"","","","Bahmei 90%; Standard type Persian 5%; mixed 5%","Mohammad Nikbin and Mansour Bozorgmehr, field notes 2024",31.061,50.039,
"","365a4a632d1fb65f22fb9b482362f68e","3-1f567da1731f3ad42c74db7f7cc348a2","1171819","","Kohgiluyeh va Boyer Ahmad","","","","","","","","","","","","",,"","","","",,31.01048,50.00835,
"","365a4a632d1fb65f22fb9b482362f2ce","3-8394f7b17ae2f090be0384e1c3edb92c","1171820","","Kohgiluyeh va Boyer Ahmad","","","","","","","","","","","","",,"","","","",,31.04571,50.05481,
"","365a4a632d1fb65f22fb9b482362e51a","3-5a593726ac51a1b1f66d32caae2da59e","1171821","","Kohgiluyeh va Boyer Ahmad","","","","","","","","","","","","",,"","","","",,31.00832,50.00466,
"","365a4a632d1fb65f22fb9b482362de5f","5-7f756c97a5ca328d63d03bbfd0155889","1171822","","Kohgiluyeh va Boyer Ahmad","","","","","","","","","","","Khāresōn","Mohammad Nikbin and Mansour Bozorgmehr, field notes 2024",287,"","","","Bahmei 90%; Standard type Persian 5%; mixed 5%","Mohammad Nikbin and Mansour Bozorgmehr, field notes 2024",31.025,50.017,
"","365a4a632d1fb65f22fb9b482362dc63","5-3d4a2516be53c8ba0edf9c765e1d032c","1171823","","Kohgiluyeh va Boyer Ahmad","","","","","","","","","","","Depar Nazari","Mohammad Nikbin and Mansour Bozorgmehr, field notes 2024",274,"","","","Bahmei 90%; Standard type Persian 5%; mixed 5%","Mohammad Nikbin and Mansour Bozorgmehr, field notes 2024",30.998,50.052,
"","365a4a632d1fb65f22fb9b482362d5f1","5-c9e497c39140da60c84e969c992b05f7","1171824","","Kohgiluyeh va Boyer Ahmad","","","","","","","","","","","Sarkhōni","Mohammad Nikbin and Mansour Bozorgmehr, field notes 2024",14,"","","","Bahmei 90%; Standard type Persian 5%; mixed 5%","Mohammad Nikbin and Mansour Bozorgmehr, field notes 2024",31,50.039,
"","365a4a632d1fb65f22fb9b482362c930","5-abf7237e875c5490599ff95a039d4927","1171825","","Kohgiluyeh va Boyer Ahmad","","","","","","","","","","","Sar Tuf-e Kat","Mohammad Nikbin and Mansour Bozorgmehr, field notes 2024",69,"","","","Bahmei 90%; Standard type Persian 5%; mixed 5%","Mohammad Nikbin and Mansour Bozorgmehr, field notes 2024",31.019,50.01,
"","365a4a632d1fb65f22fb9b482362c09e","5-7c5a2411f5668894f6406c009053541c","1171826","","Kohgiluyeh va Boyer Ahmad","","","","","","","","","","","Sar Garak","Mohammad Nikbin and Mansour Bozorgmehr, field notes 2024",50,"","","","Bahmei 90%; Standard type Persian 5%; mixed 5%","Mohammad Nikbin and Mansour Bozorgmehr, field notes 2024",31.019,50.033,
"","365a4a632d1fb65f22fb9b482362bd52","5-a2792f6d2b90b7f2fec2b5277bbe5bfa","1171827","","Kohgiluyeh va Boyer Ahmad","","","","","","","","","","","Qalāth-e Kat","Mohammad Nikbin and Mansour Bozorgmehr, field notes 2024",,"","","","Bahmei 90%; Standard type Persian 5%; mixed 5%","Mohammad Nikbin and Mansour Bozorgmehr, field notes 2024",31.02133,50.01963,
"","365a4a632d1fb65f22fb9b482362b3b6","5-e3a23d1d53641a2b551fbe1f4bcef379","1171828","","Kohgiluyeh va Boyer Ahmad","","","","","","","","","","","Kat","Mohammad Nikbin and Mansour Bozorgmehr, field notes 2024",275,"","","","Bahmei 90%; Standard type Persian 5%; mixed 5%","Mohammad Nikbin and Mansour Bozorgmehr, field notes 2024",31.13318,51.04707,
"","365a4a632d1fb65f22fb9b4823635a94","3-ed7bc30b38f4f84d1aca83f59e44a127","1171829","","Kohgiluyeh va Boyer Ahmad","","","","","","","","","","","","",,"","","","",,31.02821,50.06655,
"","365a4a632d1fb65f22fb9b4823634dee","5-817aece1e1d41a4adb33e071d40a3d77","1171830","","Kohgiluyeh va Boyer Ahmad","","","","","","","","","","","Gombed-e Bardi-yi Olyā","Mohammad Nikbin and Mansour Bozorgmehr, field notes 2024",217,"","","","Bahmei 90%; Standard type Persian 5%; mixed 5%","Mohammad Nikbin and Mansour Bozorgmehr, field notes 2024",31.083,50.01,
"","365a4a632d1fb65f22fb9b4823633f5c","5-83d7eb9351be9fd2b48f3c01b2cc54ed","1171831","","Kohgiluyeh va Boyer Ahmad","","","","","","","","","","","Gombed-e Bardi-yi Soflā","Mohammad Nikbin and Mansour Bozorgmehr, field notes 2024",56,"","","","Bahmei 90%; Standard type Persian 5%; mixed 5%","Mohammad Nikbin and Mansour Bozorgmehr, field notes 2024",31.093,49.994,
"","365a4a632d1fb65f22fb9b48236336c9","3-070084aa87b31d0f92613abeebfedc9c","1171832","","Kohgiluyeh va Boyer Ahmad","","","","","","","","","","","","",,"","","","",,30.85155,50.05402,
"","365a4a632d1fb65f22fb9b4823632c15","5-69376ced83a0241810575af155c72490","1171833","","Kohgiluyeh va Boyer Ahmad","","","","","","","","","","","Bisha Khoshku","Mohammad Nikbin and Mansour Bozorgmehr, field notes 2024",,"","","","Bahmei 90%; Standard type Persian 5%; mixed 5%","Mohammad Nikbin and Mansour Bozorgmehr, field notes 2024",30.91791,50.10606,
"","365a4a632d1fb65f22fb9b4823632441","5-34788aef3e1f91eb21ea41c298df9a0b","1171834","","Kohgiluyeh va Boyer Ahmad","","","","","","","","","","","Pā Gatsi-ye Kel-e Dzamshid","Mohammad Nikbin and Mansour Bozorgmehr, field notes 2024",75,"","","","Bahmei 90%; Standard type Persian 5%; mixed 5%","Mohammad Nikbin and Mansour Bozorgmehr, field notes 2024",30.871,50.149,
"","365a4a632d1fb65f22fb9b4823631e9e","3-8f9bf0fa84192ae00096bf7db82315f8","1171835","","Kohgiluyeh va Boyer Ahmad","","","","","","","","","","","","",,"","","","",,30.91485,50.1536,
"","365a4a632d1fb65f22fb9b4823630ff2","5-3139dfea5cf261948e176fceb38977e4","1171836","","Kohgiluyeh va Boyer Ahmad","","","","","","","","","","","Poshtāva-e Olyā","Mohammad Nikbin and Mansour Bozorgmehr, field notes 2024",88,"","","","Bahmei 90%; Standard type Persian 5%; mixed 5%","Mohammad Nikbin and Mansour Bozorgmehr, field notes 2024",30.924,50.142,
"","365a4a632d1fb65f22fb9b4823630a7e","5-b13a17058925f1ed5c5f58ed656c6530","1171837","","Kohgiluyeh va Boyer Ahmad","","","","","","","","","","","Tang Avdāl","Mohammad Nikbin and Mansour Bozorgmehr, field notes 2024",288,"","","","Bahmei 90%; Standard type Persian 5%; mixed 5%","Mohammad Nikbin and Mansour Bozorgmehr, field notes 2024",30.902,50.061,
"","365a4a632d1fb65f22fb9b482373f3ce","2-7cb9e729e7d22a7ed3cd113106964487","1171838","","Kohgiluyeh va Boyer Ahmad","","","","","","","","","","","","",,"","","","",,,,
"","365a4a632d1fb65f22fb9b482373e58e","2-a7e46e414e7aa51a7ce89ebe8cb39c4e","1171839","","Kohgiluyeh va Boyer Ahmad","","","","","","","","","","","","",,"","","","",,,,
"","365a4a632d1fb65f22fb9b4823630133","5-b57e1092104077b1c6d37c731b434d14","1171840","","Kohgiluyeh va Boyer Ahmad","","","","","","","","","","","Seh Shir","Mohammad Nikbin and Mansour Bozorgmehr, field notes 2024",591,"","","","Bahmei 90%; Standard type Persian 5%; mixed 5%","Mohammad Nikbin and Mansour Bozorgmehr, field notes 2024",30.86,50.073,
"","365a4a632d1fb65f22fb9b4823639e94","5-669c018263a55bcbe27bc1707fbc667c","1171841","","Kohgiluyeh va Boyer Ahmad","","","","","","","","","","","Qarb-e Qaysar","Mohammad Nikbin and Mansour Bozorgmehr, field notes 2024",432,"","","","Bahmei 90%; Standard type Persian 5%; mixed 5%","Mohammad Nikbin and Mansour Bozorgmehr, field notes 2024",30.867,50.115,
"","365a4a632d1fb65f22fb9b4823639814","5-6540671e10bbfb5509eddb17970e5afc","1171842","","Kohgiluyeh va Boyer Ahmad","","","","","","","","","","","Qalāt","Mohammad Nikbin and Mansour Bozorgmehr, field notes 2024",256,"","","","Bahmei 90%; Standard type Persian 5%; mixed 5%","Mohammad Nikbin and Mansour Bozorgmehr, field notes 2024",30.894,50.122,
"","365a4a632d1fb65f22fb9b4823638c1f","5-db5ead2231a6c131e4c0cd53c601395f","1171843","","Kohgiluyeh va Boyer Ahmad","","","","","","","","","","","Kel-e Dzamshid","Mohammad Nikbin and Mansour Bozorgmehr, field notes 2024",25,"","","","Bahmei 90%; Standard type Persian 5%; mixed 5%","Mohammad Nikbin and Mansour Bozorgmehr, field notes 2024",30.887,50.136,
"","365a4a632d1fb65f22fb9b482363862b","5-3eeb6c7baae2c51372341eb06c4ba7ec","1171844","","Kohgiluyeh va Boyer Ahmad","","","","","","","","","","","Kōndida","Mohammad Nikbin and Mansour Bozorgmehr, field notes 2024",39,"","","","Bahmei 90%; Standard type Persian 5%; mixed 5%","Mohammad Nikbin and Mansour Bozorgmehr, field notes 2024",30.89,50.126,
"","365a4a632d1fb65f22fb9b4823747242","4-f8f91d3ba7c2a33a8231782307b95053","1171845","","Kohgiluyeh va Boyer Ahmad","","","","","","","","","","","Shahrak-e Seh Shir","Mohammad Nikbin and Mansour Bozorgmehr, field notes 2024",222,"","","","Bahmei 90%; Standard type Persian 5%; mixed 5%","Mohammad Nikbin and Mansour Bozorgmehr, field notes 2024",,,
"","365a4a632d1fb65f22fb9b48237468c7","2-1af3ed565028702fde98a2abf363e876","1171846","","Kohgiluyeh va Boyer Ahmad","","","","","","","","","","","","",1384,"","","","",,,,
"","365a4a632d1fb65f22fb9b4823638578","5-28fda296dcb4a969c1d763114f9e91dd","1171847","","Kohgiluyeh va Boyer Ahmad","","","","","","","","","","","Emōmzāda Askar","Mohammad Nikbin and Mansour Bozorgmehr, field notes 2024",,"","","","Bahmei 90%; Standard type Persian 5%; mixed 5%","Mohammad Nikbin and Mansour Bozorgmehr, field notes 2024",30.73592,50.35641,
"","365a4a632d1fb65f22fb9b48236375ad","5-8701daa64072ed1c261d2980c82f0a61","1171848","","Kohgiluyeh va Boyer Ahmad","","","","","","","","","","","Bāgh Malek","Mohammad Nikbin and Mansour Bozorgmehr, field notes 2024",,"","","","Bahmei 90%; Standard type Persian 5%; mixed 5%","Mohammad Nikbin and Mansour Bozorgmehr, field notes 2024",30.76453,50.33484,
"","365a4a632d1fb65f22fb9b4823636e17","5-909907b03d15881c37a0db84d1725738","1171849","","Kohgiluyeh va Boyer Ahmad","","","","","","","","","","","Balit Hesār","Mohammad Nikbin and Mansour Bozorgmehr, field notes 2024",,"","","","Bahmei 90%; Standard type Persian 5%; mixed 5%","Mohammad Nikbin and Mansour Bozorgmehr, field notes 2024",30.7786,50.36616,
"","365a4a632d1fb65f22fb9b4823636640","5-cecad80eace31bacda9f5d5ce80b511b","1171850","","Kohgiluyeh va Boyer Ahmad","","","","","","","","","","","Deh Yōnes-e Poshtkō-e Olyā","Mohammad Nikbin and Mansour Bozorgmehr, field notes 2024",19,"","","","Bahmei 90%; Standard type Persian 5%; mixed 5%","Mohammad Nikbin and Mansour Bozorgmehr, field notes 2024",30.73,50.322,
"","365a4a632d1fb65f22fb9b482363660a","3-9df4bc4abf7d2a2e7fcbe589f6016978","1171851","","Kohgiluyeh va Boyer Ahmad","","","","","","","","","","","","",,"","","","",,30.7993,50.35949,
"","365a4a632d1fb65f22fb9b4823635fee","5-e7d8ebed24e60c60ad61989832974066","1171852","","Kohgiluyeh va Boyer Ahmad","","","","","","","","","","","Khash Aw Sherin","Mohammad Nikbin and Mansour Bozorgmehr, field notes 2024",94,"","","","Bahmei 90%; Standard type Persian 5%; mixed 5%","Mohammad Nikbin and Mansour Bozorgmehr, field notes 2024",31.00249,50.3514,
"","365a4a632d1fb65f22fb9b482363fe3d","3-2fb4e38043b9a6edec878a1d221964e7","1171853","","Kohgiluyeh va Boyer Ahmad","","","","","","","","","","","","",,"","","","",,30.80164,50.31691,
"","365a4a632d1fb65f22fb9b482363f088","3-ae7c00782de442b136b8fbe780aacd3d","1171854","","Kohgiluyeh va Boyer Ahmad","","","","","","","","","","","","",,"","","","",,30.7777,50.39413,
"","365a4a632d1fb65f22fb9b482363e511","5-9f9e42a797619c766aeab5f48b2a22dd","1171855","","Kohgiluyeh va Boyer Ahmad","","","","","","","","","","","Deh Akbar","Mohammad Nikbin and Mansour Bozorgmehr, field notes 2024",,"","","","Bahmei 90%; Standard type Persian 5%; mixed 5%","Mohammad Nikbin and Mansour Bozorgmehr, field notes 2024",30.75179,50.30058,
"","365a4a632d1fb65f22fb9b482363dcfc","3-4c298604c6b8363980c82ad8030bd786","1171856","","Kohgiluyeh va Boyer Ahmad","","","","","","","","","","","","",,"","","","",,30.76067,50.27679,
"","365a4a632d1fb65f22fb9b482363d691","5-cfe756255fe4c08138a9bd0f89944939","1171857","","Kohgiluyeh va Boyer Ahmad","","","","","","","","","","","Deh Amir-e Poshkō","Mohammad Nikbin and Mansour Bozorgmehr, field notes 2024",19,"","","","Bahmei 90%; Standard type Persian 5%; mixed 5%","Mohammad Nikbin and Mansour Bozorgmehr, field notes 2024",30.739,50.307,
"","365a4a632d1fb65f22fb9b482363ca9b","5-11493b24f02919b47a2bcc09efa6f960","1171858","","Kohgiluyeh va Boyer Ahmad","","","","","","","","","","","Depar-e Barziyān","Mohammad Nikbin and Mansour Bozorgmehr, field notes 2024",15,"","","","Bahmei 90%; Standard type Persian 5%; mixed 5%","Mohammad Nikbin and Mansour Bozorgmehr, field notes 2024",31.12105,50.95287,
"","365a4a632d1fb65f22fb9b482363bfe9","3-8278ddca0d91d3a41c2ef2f841f9edb1","1171859","","Kohgiluyeh va Boyer Ahmad","","","","","","","","","","","","",,"","","","",,30.77891,50.25023,
"","365a4a632d1fb65f22fb9b482363bb10","3-c1cc18981fc279b942f6ed91eef4af0d","1171860","","Kohgiluyeh va Boyer Ahmad","","","","","","","","","","","","",,"","","","",,30.73831,50.31218,
"","365a4a632d1fb65f22fb9b482363b960","5-d85a21ef5f0f98ceb7fb6c5fef92d757","1171861","","Kohgiluyeh va Boyer Ahmad","","","","","","","","","","","Deh Ali Khān-e Poshkō","Mohammad Nikbin and Mansour Bozorgmehr, field notes 2024",,"","","","Bahmei 90%; Standard type Persian 5%; mixed 5%","Mohammad Nikbin and Mansour Bozorgmehr, field notes 2024",30.73172,50.32741,
"","365a4a632d1fb65f22fb9b482363aad0","3-d1922bca23ff61f4e4020ff58ae8d5ac","1171862","","Kohgiluyeh va Boyer Ahmad","","","","","","","","","","","","",,"","","","",,30.75494,50.2907,
"","365a4a632d1fb65f22fb9b48236452c8","5-c232afe9a28547e6f17d6a826adbc8a6","1171863","","Kohgiluyeh va Boyer Ahmad","","","","","","","","","","","Deh Mashadi Abās","Mohammad Nikbin and Mansour Bozorgmehr, field notes 2024",,"","","","Bahmei 90%; Standard type Persian 5%; mixed 5%","Mohammad Nikbin and Mansour Bozorgmehr, field notes 2024",30.7672,50.2666,
"","365a4a632d1fb65f22fb9b4823644d0a","3-b859296f08213eac76b2d3efd85239d6","1171864","","Kohgiluyeh va Boyer Ahmad","","","","","","","","","","","","",,"","","","",,30.78934,50.38605,
"","365a4a632d1fb65f22fb9b482364440a","3-b91bf8c5ce61a395b769341ae1be1c93","1171865","","Kohgiluyeh va Boyer Ahmad","","","","","","","","","","","","",,"","","","",,30.76547,50.33669,
"","365a4a632d1fb65f22fb9b4823644205","3-3e59bfa0d52886fb0064bb77baa665ad","1171866","","Kohgiluyeh va Boyer Ahmad","","","","","","","","","","","","",,"","","","",,30.73287,50.38661,
"","365a4a632d1fb65f22fb9b48236434b7","5-cb448bd1bd98a6362f70b788bcc99157","1171867","","Kohgiluyeh va Boyer Ahmad","","","","","","","","","","","Kafshkanōn","Mohammad Nikbin and Mansour Bozorgmehr, field notes 2024",295,"","","","Bahmei 90%; Standard type Persian 5%; mixed 5%","Mohammad Nikbin and Mansour Bozorgmehr, field notes 2024",30.803,50.295,
"","365a4a632d1fb65f22fb9b4823643361","5-1d86935ed658fc3800f618728bf2c1d9","1171868","","Kohgiluyeh va Boyer Ahmad","","","","","","","","","","","Kutsek Ali","Mohammad Nikbin and Mansour Bozorgmehr, field notes 2024",83,"","","","Bahmei 90%; Standard type Persian 5%; mixed 5%","Mohammad Nikbin and Mansour Bozorgmehr, field notes 2024",30.757,50.283,
"","365a4a632d1fb65f22fb9b4823746508","4-6a976d38b50d0c752c1b61dcee5de20b","1171869","","Kohgiluyeh va Boyer Ahmad","","","","","","","","","","","Shahrak-e Vali-yi Asr","Mohammad Nikbin and Mansour Bozorgmehr, field notes 2024",796,"","","","Bahmei 90%; Standard type Persian 5%; mixed 5%","Mohammad Nikbin and Mansour Bozorgmehr, field notes 2024",,,
"","365a4a632d1fb65f22fb9b4823642461","5-ab35d66225bac54bcd10bf9f55109ab8","1171870","","Kohgiluyeh va Boyer Ahmad","","","","","","","","","","","Likak, Lekak","Mohammad Nikbin and Mansour Bozorgmehr, field notes 2024",19857,"","","","Bahmei 85%; Standard type Persian 10%; mixed 5%","Mohammad Nikbin and Mansour Bozorgmehr, field notes 2024",30.907,50.095,
"","365a4a632d1fb65f22fb9b4823745564","2-7696b51e3ee8c9fe172df5ac4a652c86","1171871","","Kohgiluyeh va Boyer Ahmad","","","","","","","","","","","","",33543,"","","","",,,,
"","365a4a632d1fb65f22fb9b4823745090","2-5166d96b4ed499bbcaeea43785b09704","1171872","","Kohgiluyeh va Boyer Ahmad","","","","","","","","","","","","",25967,"","","","",,,,
"","365a4a632d1fb65f22fb9b48237449d2","2-507cc524427677702363f3b504a7bdc1","1171873","","Kohgiluyeh va Boyer Ahmad","","","","","","","","","","","","",5534,"","","","",,,,
"","365a4a632d1fb65f22fb9b4823641897","5-d976f49dbc430b23675d8255e8a3ec9a","1171874","","Kohgiluyeh va Boyer Ahmad","","","","","","","","","","","Sekandari, Eskandari","Keramatollah Arkian and Mansour Bozorgmehr, field notes 2024",19,"","","","Tsorumi 95%; Standard type Persian 5%","Keramatollah Arkian and Mansour Bozorgmehr, field notes 2024",30.718,50.728,
"","365a4a632d1fb65f22fb9b48236410df","3-d7cd4192312162290bbda3e4f38066cb","1171875","","Kohgiluyeh va Boyer Ahmad","","","","","","","","","","","","",,"","","","",,30.65735,50.7062,
"","365a4a632d1fb65f22fb9b4823640506","5-26f1d3aece597ba67e67c1f5880439e9","1171876","","Kohgiluyeh va Boyer Ahmad","","","","","","","","","","","Pir Hādzati","Keramatollah Arkian and Mansour Bozorgmehr, field notes 2024",408,"","","","Tsorumi 95%; Standard type Persian 5%","Keramatollah Arkian and Mansour Bozorgmehr, field notes 2024",30.733,50.746,
"","365a4a632d1fb65f22fb9b4823649bb5","5-e2fcff943f124aaef411b0fcd9d5c29e","1171877","","Kohgiluyeh va Boyer Ahmad","","","","","","","","","","","Tel Bāvina","Keramatollah Arkian and Mansour Bozorgmehr, field notes 2024",117,"","","","Tsorumi 95%; Standard type Persian 5%","Keramatollah Arkian and Mansour Bozorgmehr, field notes 2024",30.696,50.737,
"","365a4a632d1fb65f22fb9b48236494e0","3-73ddd90195e2274b149dc3fca37b311e","1171878","","Kohgiluyeh va Boyer Ahmad","","","","","","","","","","","","",,"","","","",,30.78954,50.75325,
"","365a4a632d1fb65f22fb9b4823649458","3-0291b3393bd29e626027e39f9c98fcd8","1171879","","Kohgiluyeh va Boyer Ahmad","","","","","","","","","","","","",,"","","","",,30.79864,50.74309,
"","365a4a632d1fb65f22fb9b482364874a","5-1a1404056e3bef158d34e8561233b5ba","1171880","","Kohgiluyeh va Boyer Ahmad","","","","","","","","","","","Dara Shiri","Keramatollah Arkian and Mansour Bozorgmehr, field notes 2024",158,"","","","Tsorumi 95%; Standard type Persian 5%","Keramatollah Arkian and Mansour Bozorgmehr, field notes 2024",30.665,50.731,
"","365a4a632d1fb65f22fb9b4823647b7e","5-5bc92e23021cc139777d2146187970d5","1171881","","Kohgiluyeh va Boyer Ahmad","","","","","","","","","","","Dekohak","Keramatollah Arkian and Mansour Bozorgmehr, field notes 2024",243,"","","","Tsorumi 95%; Standard type Persian 5%","Keramatollah Arkian and Mansour Bozorgmehr, field notes 2024",30.812,50.724,
"","365a4a632d1fb65f22fb9b48236476bc","5-9be16ee6ccec5d39ee13d1eb90bbb48a","1171882","","Kohgiluyeh va Boyer Ahmad","","","","","","","","","","","Sey Ābād","Keramatollah Arkian and Mansour Bozorgmehr, field notes 2024",123,"","","","Tsorumi 95%; Standard type Persian 5%","Keramatollah Arkian and Mansour Bozorgmehr, field notes 2024",30.692,50.731,
"","365a4a632d1fb65f22fb9b4823646d39","5-3884a0fb801d5fbc5c82a1489995d660","1171883","","Kohgiluyeh va Boyer Ahmad","","","","","","","","","","","Shams Avā","Keramatollah Arkian and Mansour Bozorgmehr, field notes 2024",16,"","","","Tsorumi 95%; Standard type Persian 5%","Keramatollah Arkian and Mansour Bozorgmehr, field notes 2024",30.673,50.745,
"","365a4a632d1fb65f22fb9b4823646c85","5-58796cefe1e180dc4ff1f0251ec9e56e","1171884","","Kohgiluyeh va Boyer Ahmad","","","","","","","","","","","Shirāzi","Keramatollah Arkian and Mansour Bozorgmehr, field notes 2024",277,"","","","Tsorumi 95%; Standard type Persian 5%","Keramatollah Arkian and Mansour Bozorgmehr, field notes 2024",30.729,50.728,
"","365a4a632d1fb65f22fb9b4823646833","3-bd44b641a44ba0b17684955efc52107b","1171885","","Kohgiluyeh va Boyer Ahmad","","","","","","","","","","","","",,"","","","",,30.7889,50.75185,
"","365a4a632d1fb65f22fb9b4823645fbc","5-abf2e9518b7d61d9bf1ef83e3cfcb3e4","1171886","","Kohgiluyeh va Boyer Ahmad","","","","","","","","","","","Fashiyun","Keramatollah Arkian and Mansour Bozorgmehr, field notes 2024",502,"","","","Tsorumi 95%; Standard type Persian 5%","Keramatollah Arkian and Mansour Bozorgmehr, field notes 2024",30.7,50.744,
"","365a4a632d1fb65f22fb9b482364e521","5-a161aa1342495e2912ff63823d17ea37","1171887","","Kohgiluyeh va Boyer Ahmad","","","","","","","","","","","Qambar Ābād","Keramatollah Arkian and Mansour Bozorgmehr, field notes 2024",27,"","","","Tsorumi 95%; Standard type Persian 5%","Keramatollah Arkian and Mansour Bozorgmehr, field notes 2024",30.713,50.744,
"","365a4a632d1fb65f22fb9b482364db20","3-5d644cb84e30f4bc0efebba3c743b795","1171888","","Kohgiluyeh va Boyer Ahmad","","","","","","","","","","","","",,"","","","",,30.65518,50.75462,
"","365a4a632d1fb65f22fb9b482364d013","3-bbc610de9da1aedf646c8d118a54f6d3","1171889","","Kohgiluyeh va Boyer Ahmad","","","","","","","","","","","","",,"","","","",,30.65032,50.72062,
"","365a4a632d1fb65f22fb9b482364c540","3-1f4a2c18d364d5fb61891ee0762ceedb","1171890","","Kohgiluyeh va Boyer Ahmad","","","","","","","","","","","","",,"","","","",,30.65764,50.71444,
"","365a4a632d1fb65f22fb9b482364be3d","3-ff4ff83b779f10f9075b8b0864ab159c","1171891","","Kohgiluyeh va Boyer Ahmad","","","","","","","","","","","","",,"","","","",,30.79385,50.74952,
"","365a4a632d1fb65f22fb9b482364b75e","3-5aa0d5796117b0d7ce579ee1d9eecdcd","1171892","","Kohgiluyeh va Boyer Ahmad","","","","","","","","","","","","",,"","","","",,30.80393,50.74304,
"","365a4a632d1fb65f22fb9b482364af5a","3-14e6d629ace43ece63997f4b6d616958","1171893","","Kohgiluyeh va Boyer Ahmad","","","","","","","","","","","","",,"","","","",,30.78553,50.76306,
"","365a4a632d1fb65f22fb9b482364ac39","5-71977b3c22a882f7bed89903d5292088","1171894","","Kohgiluyeh va Boyer Ahmad","","","","","","","","","","","Karra Shahbāzi","Keramatollah Arkian and Mansour Bozorgmehr, field notes 2024",2240,"","","","Tsorumi 95%; Standard type Persian 5%","Keramatollah Arkian and Mansour Bozorgmehr, field notes 2024",30.726,50.742,
"","365a4a632d1fb65f22fb9b482364a2ef","5-de768a4956c3d6de49e6a45a2de45fb3","1171895","","Kohgiluyeh va Boyer Ahmad","","","","","","","","","","","Ow Kenāru","Keramatollah Arkian and Mansour Bozorgmehr, field notes 2024",17,"","","","Tsorumi 95%; Standard type Persian 5%","Keramatollah Arkian and Mansour Bozorgmehr, field notes 2024",30.742,50.827,
"","365a4a632d1fb65f22fb9b482364a0b9","5-36e10b051aeb9995f44d9cb9da54edbc","1171896","","Kohgiluyeh va Boyer Ahmad","","","","","","","","","","","Ārend","Keramatollah Arkian and Mansour Bozorgmehr, field notes 2024",175,"","","","Tsorumi 95%; Standard type Persian 5%","Keramatollah Arkian and Mansour Bozorgmehr, field notes 2024",30.729,50.81,
"","365a4a632d1fb65f22fb9b48236534bf","5-a4461d359169e0417eec2d43db87f68c","1171897","","Kohgiluyeh va Boyer Ahmad","","","","","","","","","","","Benāri Soflā","Keramatollah Arkian and Mansour Bozorgmehr, field notes 2024",139,"","","","Tsorumi 95%; Standard type Persian 5%","Keramatollah Arkian and Mansour Bozorgmehr, field notes 2024",30.695,50.781,
"","365a4a632d1fb65f22fb9b48236529c2","5-00c28f44f8c291ab743041a5e2335bb2","1171898","","Kohgiluyeh va Boyer Ahmad","","","","","","","","","","","Benāri Olyā","Keramatollah Arkian and Mansour Bozorgmehr, field notes 2024",120,"","","","Tsorumi 95%; Standard type Persian 5%","Keramatollah Arkian and Mansour Bozorgmehr, field notes 2024",30.689,50.795,
"","365a4a632d1fb65f22fb9b4823652145","3-9edc31c3f9316f76e53f0e56cde8986b","1171899","","Kohgiluyeh va Boyer Ahmad","","","","","","","","","","","","",,"","","","",,30.95749,50.64554,
"","365a4a632d1fb65f22fb9b4823651225","3-f0d6ac29668dcea06e2ad3ddaf9c38b3","1171900","","Kohgiluyeh va Boyer Ahmad","","","","","","","","","","","","",,"","","","",,30.66142,50.858,
"","365a4a632d1fb65f22fb9b4823650aee","3-407020d1012b0d6526355e3b7d374bfa","1171901","","Kohgiluyeh va Boyer Ahmad","","","","","","","","","","","","",,"","","","",,30.64513,50.83127,
"","365a4a632d1fb65f22fb9b48236505a4","3-a8007cac16e57beae58168347dd37b41","1171902","","Kohgiluyeh va Boyer Ahmad","","","","","","","","","","","","",,"","","","",,30.67102,50.81378,
"","365a4a632d1fb65f22fb9b482364f9cb","3-43477d5726c85404808c740f587eef14","1171903","","Kohgiluyeh va Boyer Ahmad","","","","","","","","","","","","",,"","","","",,30.62776,50.84896,
"","365a4a632d1fb65f22fb9b482364f81a","5-3c95f104a952beb217abe5f20b1cd3bd","1171904","","Kohgiluyeh va Boyer Ahmad","","","","","","","","","","","Tang-e Seh","Keramatollah Arkian and Mansour Bozorgmehr, field notes 2024",,"","","","Tsorumi 95%; Standard type Persian 5%","Keramatollah Arkian and Mansour Bozorgmehr, field notes 2024",30.64033,50.83557,
"","365a4a632d1fb65f22fb9b482364f4c7","5-c2159c0cc187209ad7f26e03f5857062","1171905","","Kohgiluyeh va Boyer Ahmad","","","","","","","","","","","Tu Gowri","Keramatollah Arkian and Mansour Bozorgmehr, field notes 2024",288,"","","","Tsorumi 95%; Standard type Persian 5%","Keramatollah Arkian and Mansour Bozorgmehr, field notes 2024",30.672,50.85,
"","365a4a632d1fb65f22fb9b482364e66a","5-3890a1fd7f7762a755a2c40b2417c40c","1171906","","Kohgiluyeh va Boyer Ahmad","","","","","","","","","","","Tserow","Keramatollah Arkian and Mansour Bozorgmehr, field notes 2024",,"","","","Tsorumi 95%; Standard type Persian 5%","Keramatollah Arkian and Mansour Bozorgmehr, field notes 2024",30.74916,50.79478,
"","365a4a632d1fb65f22fb9b4823658a8a","3-b184a0a8b43c6a504c4460a2ab93f891","1171907","","Kohgiluyeh va Boyer Ahmad","","","","","","","","","","","","",,"","","","",,30.74613,50.81063,
"","365a4a632d1fb65f22fb9b4823657ff9","5-06717881748b996f1327621a142df6d3","1171908","","Kohgiluyeh va Boyer Ahmad","","","","","","","","","","","Deh Tsāti","Keramatollah Arkian and Mansour Bozorgmehr, field notes 2024",32,"","","","Tsorumi 95%; Standard type Persian 5%","Keramatollah Arkian and Mansour Bozorgmehr, field notes 2024",30.673,50.832,
"","365a4a632d1fb65f22fb9b4823657042","5-692906a514b1f3abf0f6920f63d1a668","1171909","","Kohgiluyeh va Boyer Ahmad","","","","","","","","","","","Deh Shikh Tasi","Keramatollah Arkian and Mansour Bozorgmehr, field notes 2024",43,"","","","Tsorumi 95%; Standard type Persian 5%","Keramatollah Arkian and Mansour Bozorgmehr, field notes 2024",30.679,51.09,
"","365a4a632d1fb65f22fb9b4823656750","3-cc98d6dff64fff71300b332d38e55e5b","1171910","","Kohgiluyeh va Boyer Ahmad","","","","","","","","","","","","",,"","","","",,30.66124,50.83088,
"","365a4a632d1fb65f22fb9b4823655d95","5-31d4aa32faaf8c13c09a952b47bba844","1171911","","Kohgiluyeh va Boyer Ahmad","","","","","","","","","","","Simaki","Keramatollah Arkian and Mansour Bozorgmehr, field notes 2024",,"","","","Tsorumi 95%; Standard type Persian 5%","Keramatollah Arkian and Mansour Bozorgmehr, field notes 2024",30.73599,50.81574,
"","365a4a632d1fb65f22fb9b4823655479","5-4bed11ee4e353e3af7408da824d4d30b","1171912","","Kohgiluyeh va Boyer Ahmad","","","","","","","","","","","Deh Abās Ali, Abās Ali","Keramatollah Arkian and Mansour Bozorgmehr, field notes 2024",,"","","","Tsorumi 95%; Standard type Persian 5%","Keramatollah Arkian and Mansour Bozorgmehr, field notes 2024",30.66626,50.82446,
"","365a4a632d1fb65f22fb9b48236548d3","5-cd786bacf0136d0959e8a4f7b9cfcffd","1171913","","Kohgiluyeh va Boyer Ahmad","","","","","","","","","","","Qolut, Qalāt","Keramatollah Arkian and Mansour Bozorgmehr, field notes 2024",68,"","","","Tsorumi 95%; Standard type Persian 5%","Keramatollah Arkian and Mansour Bozorgmehr, field notes 2024",30.739,50.784,
"","365a4a632d1fb65f22fb9b48236546a9","5-1b30ec0462060ed84d7c77f0416ad1b9","1171914","","Kohgiluyeh va Boyer Ahmad","","","","","","","","","","","Ketal Veys Ali","Keramatollah Arkian and Mansour Bozorgmehr, field notes 2024",26,"","","","Tsorumi 95%; Standard type Persian 5%","Keramatollah Arkian and Mansour Bozorgmehr, field notes 2024",30.719,50.854,
"","365a4a632d1fb65f22fb9b4823653d2a","3-04bf32ba7e5698464dd9f40df7defbb7","1171915","","Kohgiluyeh va Boyer Ahmad","","","","","","","","","","","","",,"","","","",,30.6355,50.83667,
"","365a4a632d1fb65f22fb9b4823653af3","3-34e13b2a311e35e9de29d97f2783dacb","1171916","","Kohgiluyeh va Boyer Ahmad","","","","","","","","","","","","",,"","","","",,30.72147,50.85302,
"","365a4a632d1fb65f22fb9b482365e9e5","5-b23c15763c6e9b9745cbff0cd612c463","1171917","","Kohgiluyeh va Boyer Ahmad","","","","","","","","","","","Garrey","Keramatollah Arkian and Mansour Bozorgmehr, field notes 2024",59,"","","","Tsorumi 95%; Standard type Persian 5%","Keramatollah Arkian and Mansour Bozorgmehr, field notes 2024",30.726,50.877,
"","365a4a632d1fb65f22fb9b482365e13b","5-43a41d2932883cfe8afe597a85ac6c55","1171918","","Kohgiluyeh va Boyer Ahmad","","","","","","","","","","","Lah Mahmah Khāni","Keramatollah Arkian and Mansour Bozorgmehr, field notes 2024",33,"","","","Tsorumi 95%; Standard type Persian 5%","Keramatollah Arkian and Mansour Bozorgmehr, field notes 2024",30.671,50.834,
"","365a4a632d1fb65f22fb9b482365d1c0","3-e3d8daee11608b4aafa54bebe094c62d","1171919","","Kohgiluyeh va Boyer Ahmad","","","","","","","","","","","","",,"","","","",,30.7777,50.9796,
"","365a4a632d1fb65f22fb9b482365c373","5-131435156a16ae875a51c125183a9353","1171920","","Kohgiluyeh va Boyer Ahmad","","","","","","","","","","","Sowāra","Keramatollah Arkian and Mansour Bozorgmehr, field notes 2024",26,"","","","Tsorumi 95%; Standard type Persian 5%","Keramatollah Arkian and Mansour Bozorgmehr, field notes 2024",30.678,50.817,
"","365a4a632d1fb65f22fb9b482365b9cb","3-cc3bb0707c6be084a1ff31142d42470b","1171921","","Kohgiluyeh va Boyer Ahmad","","","","","","","","","","","","",,"","","","",,30.62991,50.97521,
"","365a4a632d1fb65f22fb9b482365b0db","5-0fce93c48758af9584b537af486a520d","1171922","","Kohgiluyeh va Boyer Ahmad","","","","","","","","","","","Lāver","Keramatollah Arkian and Mansour Bozorgmehr, field notes 2024",42,"","","","Tsorumi 95%; Standard type Persian 5%","Keramatollah Arkian and Mansour Bozorgmehr, field notes 2024",30.675,50.938,
"","365a4a632d1fb65f22fb9b482365a539","3-ba9c7206fd9fc210cd833eaa3b02325b","1171923","","Kohgiluyeh va Boyer Ahmad","","","","","","","","","","","","",,"","","","",,30.59688,51.00808,
"","365a4a632d1fb65f22fb9b482365a4e2","5-abd075a0cfc0c147fc72e20d259dbba2","1171924","","Kohgiluyeh va Boyer Ahmad","","","","","","","","","","","Kheymand","Keramatollah Arkian and Mansour Bozorgmehr, field notes 2024",79,"","","","Tsorumi 95%; Standard type Persian 5%","Keramatollah Arkian and Mansour Bozorgmehr, field notes 2024",30.65,50.795,
"","365a4a632d1fb65f22fb9b482365950e","5-034ac4efce77be5c699438f0848d8550","1171925","","Kohgiluyeh va Boyer Ahmad","","","","","","","","","","","Deli Bārik-e Rubāl","Keramatollah Arkian and Mansour Bozorgmehr, field notes 2024",110,"","","","Tsorumi 95%; Standard type Persian 5%","Keramatollah Arkian and Mansour Bozorgmehr, field notes 2024",30.64,50.793,
"","365a4a632d1fb65f22fb9b48236590c7","3-c46293c175e61e36cdf281f0e2275366","1171926","","Kohgiluyeh va Boyer Ahmad","","","","","","","","","","","","",,"","","","",,30.73175,50.84123,
"","365a4a632d1fb65f22fb9b4823663178","3-aab3cf164cc7a9d919bc07bbc7e47e08","1171927","","Kohgiluyeh va Boyer Ahmad","","","","","","","","","","","","",,"","","","",,30.72649,50.84633,
"","365a4a632d1fb65f22fb9b482366275f","3-6eca62815f97482177209151a64b4b1d","1171928","","Kohgiluyeh va Boyer Ahmad","","","","","","","","","","","","",,"","","","",,30.71662,50.96754,
"","365a4a632d1fb65f22fb9b4823661e0d","3-82cc9a6bf6b4a19004828c16463a4289","1171929","","Kohgiluyeh va Boyer Ahmad","","","","","","","","","","","","",,"","","","",,30.76064,51.00609,
"","365a4a632d1fb65f22fb9b48236619a2","3-93982286b559dc4cc831f04cd90629d2","1171930","","Kohgiluyeh va Boyer Ahmad","","","","","","","","","","","","",,"","","","",,30.72968,51.03278,
"","365a4a632d1fb65f22fb9b4823661609","5-adc90567640a4c035a3f6aab86b119cf","1171931","","Kohgiluyeh va Boyer Ahmad","","","","","","","","","","","Tasi Olyā","Keramatollah Arkian and Mansour Bozorgmehr, field notes 2024",46,"","","","Tsorumi 95%; Standard type Persian 5%","Keramatollah Arkian and Mansour Bozorgmehr, field notes 2024",30.691,51.08,
"","365a4a632d1fb65f22fb9b4823660eaf","3-288400bb60762315fb7c456fb22ccd38","1171932","","Kohgiluyeh va Boyer Ahmad","","","","","","","","","","","","",,"","","","",,30.68986,50.92444,
"","365a4a632d1fb65f22fb9b48236609ca","3-e82c602bdf51efe6995d6d3daea5402d","1171933","","Kohgiluyeh va Boyer Ahmad","","","","","","","","","","","","",,"","","","",,30.59208,51.00326,
"","365a4a632d1fb65f22fb9b4823744893","4-36554044d0dd5632af21db67f4c9000e","1171934","","Kohgiluyeh va Boyer Ahmad","","","","","","","","","","","Shahrak-e Benāri","Keramatollah Arkian and Mansour Bozorgmehr, field notes 2024",62,"","","","Tsorumi 95%; Standard type Persian 5%","Keramatollah Arkian and Mansour Bozorgmehr, field notes 2024",,,
"","365a4a632d1fb65f22fb9b4823744669","2-248e7bfa97d3b0baa77dde970db67d0d","1171935","","Kohgiluyeh va Boyer Ahmad","","","","","","","","","","","","",5215,"","","","",,,,
"","365a4a632d1fb65f22fb9b482365fdf2","3-e6b6a889d9de4a81718d163826935f0e","1171936","","Kohgiluyeh va Boyer Ahmad","","","","","","","","","","","","",,"","","","",,30.72064,50.67528,
"","365a4a632d1fb65f22fb9b482365fae1","3-f64d53c523a49a163fe492c2a13ba71e","1171937","","Kohgiluyeh va Boyer Ahmad","","","","","","","","","","","","",,"","","","",,30.73953,50.65818,
"","365a4a632d1fb65f22fb9b482365f3a5","5-9d2fac79b9547aa21cdcfffcf7c77d41","1171938","","Kohgiluyeh va Boyer Ahmad","","","","","","","","","","","Bordiyun","Keramatollah Arkian and Mansour Bozorgmehr, field notes 2024",1751,"","","","Tsorumi 95%; Standard type Persian 5%","Keramatollah Arkian and Mansour Bozorgmehr, field notes 2024",30.754,50.668,
"","365a4a632d1fb65f22fb9b4823667e6c","5-d874f514287926c8b1476aff227d5f94","1171939","","Kohgiluyeh va Boyer Ahmad","","","","","","","","","","","Heseyniye Sar Bordiyun","Keramatollah Arkian and Mansour Bozorgmehr, field notes 2024",23,"","","","Tsorumi 95%; Standard type Persian 5%","Keramatollah Arkian and Mansour Bozorgmehr, field notes 2024",30.786,50.666,
"","365a4a632d1fb65f22fb9b4823667062","3-cd415e667ac8629b535837b3399a42a3","1171940","","Kohgiluyeh va Boyer Ahmad","","","","","","","","","","","","",,"","","","",,30.79441,50.65967,
"","365a4a632d1fb65f22fb9b48236660bb","5-ee0c347c4fc648cb6a70168db6e4951a","1171941","","Kohgiluyeh va Boyer Ahmad","","","","","","","","","","","Mirzā Mahseyn, Mirzā Mahseyn-e Sar Nahil","Keramatollah Arkian and Mansour Bozorgmehr, field notes 2024",,"","","","Tsorumi 95%; Standard type Persian 5%","Keramatollah Arkian and Mansour Bozorgmehr, field notes 2024",30.8006,50.65721,
"","365a4a632d1fb65f22fb9b482366598c","5-da7d40d67ca832f2f772bc0e66c7d5e0","1171942","","Kohgiluyeh va Boyer Ahmad","","","","","","","","","","","Elghetsin Dumeni","Keramatollah Arkian and Mansour Bozorgmehr, field notes 2024",869,"","","","Tsorumi 95%; Standard type Persian 5%","Keramatollah Arkian and Mansour Bozorgmehr, field notes 2024",30.762,50.726,
"","365a4a632d1fb65f22fb9b482366593e","5-1e7fe9f081da71d598d6c86e9a13b0d3","1171943","","Kohgiluyeh va Boyer Ahmad","","","","","","","","","","","Elghetsin Bāley","Keramatollah Arkian and Mansour Bozorgmehr, field notes 2024",718,"","","","Tsorumi 95%; Standard type Persian 5%","Keramatollah Arkian and Mansour Bozorgmehr, field notes 2024",30.772,50.708,
"","365a4a632d1fb65f22fb9b48236651eb","5-819568c60305fa2af3ba3223d6a3e4a2","1171944","","Kohgiluyeh va Boyer Ahmad","","","","","","","","","","","Tseshme-y Zāferun, Tseshme-y Zohferun","Keramatollah Arkian and Mansour Bozorgmehr, field notes 2024",77,"","","","Tsorumi 95%; Standard type Persian 5%","Keramatollah Arkian and Mansour Bozorgmehr, field notes 2024",30.762,50.687,
"","365a4a632d1fb65f22fb9b4823664f29","5-e7c4a9e04de1af1caaf76e21c1e64dbe","1171945","","Kohgiluyeh va Boyer Ahmad","","","","","","","","","","","Dam Dara Bi Rashta","Keramatollah Arkian and Mansour Bozorgmehr, field notes 2024",156,"","","","Tsorumi 95%; Standard type Persian 5%","Keramatollah Arkian and Mansour Bozorgmehr, field notes 2024",30.746,50.714,
"","365a4a632d1fb65f22fb9b482366456f","5-3eca212e13a5ed2f3429ee93feffd880","1171946","","Kohgiluyeh va Boyer Ahmad","","","","","","","","","","","Sar Dara, Sar Dare-y Bi Rashta","Keramatollah Arkian and Mansour Bozorgmehr, field notes 2024",28,"","","","Tsorumi 95%; Standard type Persian 5%","Keramatollah Arkian and Mansour Bozorgmehr, field notes 2024",30.748,50.707,
"","365a4a632d1fb65f22fb9b4823663ec2","5-b1794fd1eb475df7915d876d52e9065f","1171947","","Kohgiluyeh va Boyer Ahmad","","","","","","","","","","","Amir Shahriyār","Keramatollah Arkian and Mansour Bozorgmehr, field notes 2024",18,"","","","Tsorumi 95%; Standard type Persian 5%","Keramatollah Arkian and Mansour Bozorgmehr, field notes 2024",30.795,50.71,
"","365a4a632d1fb65f22fb9b48236633be","5-f81aac43c8bff4dee2aae507118d8f5b","1171948","","Kohgiluyeh va Boyer Ahmad","","","","","","","","","","","Baladun","Keramatollah Arkian and Mansour Bozorgmehr, field notes 2024",430,"","","","Tsorumi 95%; Standard type Persian 5%","Keramatollah Arkian and Mansour Bozorgmehr, field notes 2024",30.777,50.73,
"","365a4a632d1fb65f22fb9b482366d793","5-232e2c09576f015f8115ef723a1d0211","1171949","","Kohgiluyeh va Boyer Ahmad","","","","","","","","","","","Tembi","Keramatollah Arkian and Mansour Bozorgmehr, field notes 2024",327,"","","","Tsorumi 95%; Standard type Persian 5%","Keramatollah Arkian and Mansour Bozorgmehr, field notes 2024",30.806,50.683,
"","365a4a632d1fb65f22fb9b482366ca7d","5-c2a3b7f12f41803d067bb340ebf62905","1171950","","Kohgiluyeh va Boyer Ahmad","","","","","","","","","","","Towberi","Keramatollah Arkian and Mansour Bozorgmehr, field notes 2024",,"","","","Tsorumi 95%; Standard type Persian 5%","Keramatollah Arkian and Mansour Bozorgmehr, field notes 2024",30.80578,50.70057,
"","365a4a632d1fb65f22fb9b482366be4f","5-3965530357ea91024882a77731daf631","1171951","","Kohgiluyeh va Boyer Ahmad","","","","","","","","","","","Sarow Mugerm","Keramatollah Arkian and Mansour Bozorgmehr, field notes 2024",110,"","","","Tsorumi 95%; Standard type Persian 5%","Keramatollah Arkian and Mansour Bozorgmehr, field notes 2024",30.805,50.729,
"","365a4a632d1fb65f22fb9b482366b26e","5-ee67dc35caae7b16d20d52fc8b1456bf","1171952","","Kohgiluyeh va Boyer Ahmad","","","","","","","","","","","Sheykh Eseyn, Shikh Esin","Keramatollah Arkian and Mansour Bozorgmehr, field notes 2024",590,"","","","Tsorumi 95%; Standard type Persian 5%","Keramatollah Arkian and Mansour Bozorgmehr, field notes 2024",30.785,50.748,
"","365a4a632d1fb65f22fb9b482366a839","5-0f6aaf00ceb03a616ec3240a3aec3af6","1171953","","Kohgiluyeh va Boyer Ahmad","","","","","","","","","","","Muger","Keramatollah Arkian and Mansour Bozorgmehr, field notes 2024",100,"","","","Tsorumi 95%; Standard type Persian 5%","Keramatollah Arkian and Mansour Bozorgmehr, field notes 2024",30.8,50.733,
"","365a4a632d1fb65f22fb9b482366a442","5-1aad39139815be835a2caa96bad26c37","1171954","","Kohgiluyeh va Boyer Ahmad","","","","","","","","","","","Tsorum","Keramatollah Arkian and Mansour Bozorgmehr, field notes 2024",15218,"","","","Tsorumi 80%; Standard type Persian 15%; mixed 5%","Keramatollah Arkian and Mansour Bozorgmehr, field notes 2024",30.757,50.75,
"","365a4a632d1fb65f22fb9b4823743da0","2-8ed2d8feaea5cff9f084e8ea447b0891","1171955","","Kohgiluyeh va Boyer Ahmad","","","","","","","","","","","","",7576,"","","","",,,,
"","365a4a632d1fb65f22fb9b4823743583","2-5f76ec7750565553622392484e2eed51","1171956","","Kohgiluyeh va Boyer Ahmad","","","","","","","","","","","","",3165,"","","","",,,,
"","365a4a632d1fb65f22fb9b4823669ef9","5-c67c2b03e2f2edd8e3ee5d6a908e53d3","1171957","","Kohgiluyeh va Boyer Ahmad","","","","","","","","","","","Bar Aftow Katsalal","Keramatollah Arkian and Mansour Bozorgmehr, field notes 2024",111,"","","","Tsorumi 95%; Standard type Persian 5%","Keramatollah Arkian and Mansour Bozorgmehr, field notes 2024",30.827,50.773,
"","365a4a632d1fb65f22fb9b4823668fda","5-18efba059ec8b02c3eb453644cebaa1c","1171958","","Kohgiluyeh va Boyer Ahmad","","","","","","","","","","","Bahmanyāri","Keramatollah Arkian and Mansour Bozorgmehr, field notes 2024",25,"","","","Tsorumi 95%; Standard type Persian 5%","Keramatollah Arkian and Mansour Bozorgmehr, field notes 2024",30.819,50.857,
"","365a4a632d1fb65f22fb9b48236689ab","5-ca15f2b07baeef7f3da8c17b6e73c733","1171959","","Kohgiluyeh va Boyer Ahmad","","","","","","","","","","","Pā Deh","Keramatollah Arkian and Mansour Bozorgmehr, field notes 2024",158,"","","","Tsorumi 95%; Standard type Persian 5%","Keramatollah Arkian and Mansour Bozorgmehr, field notes 2024",30.837,50.841,
"","365a4a632d1fb65f22fb9b4823667fb3","5-06549b1f5b93683a64b280bc8e48186e","1171960","","Kohgiluyeh va Boyer Ahmad","","","","","","","","","","","Posht-e Bum","Keramatollah Arkian and Mansour Bozorgmehr, field notes 2024",28,"","","","Tsorumi 95%; Standard type Persian 5%","Keramatollah Arkian and Mansour Bozorgmehr, field notes 2024",30.797,50.837,
"","365a4a632d1fb65f22fb9b4823670ab1","5-23b68e97d5898ce7fd8f442c6db0be8b","1171961","","Kohgiluyeh va Boyer Ahmad","","","","","","","","","","","Posht Tsendār","Keramatollah Arkian and Mansour Bozorgmehr, field notes 2024",83,"","","","Tsorumi 95%; Standard type Persian 5%","Keramatollah Arkian and Mansour Bozorgmehr, field notes 2024",30.851,50.841,
"","365a4a632d1fb65f22fb9b482367046b","5-7e11c52b6b7bae9e556a093b1d4cca75","1171962","","Kohgiluyeh va Boyer Ahmad","","","","","","","","","","","Talvandi","Keramatollah Arkian and Mansour Bozorgmehr, field notes 2024",109,"","","","Tsorumi 95%; Standard type Persian 5%","Keramatollah Arkian and Mansour Bozorgmehr, field notes 2024",30.826,50.832,
"","365a4a632d1fb65f22fb9b482366fd79","5-cc6431b287ca66ffe7d5c3a9cd8c9bf4","1171963","","Kohgiluyeh va Boyer Ahmad","","","","","","","","","","","Tir Owgun","Keramatollah Arkian and Mansour Bozorgmehr, field notes 2024",92,"","","","Tsorumi 95%; Standard type Persian 5%","Keramatollah Arkian and Mansour Bozorgmehr, field notes 2024",30.827,50.838,
"","365a4a632d1fb65f22fb9b482366f50c","5-879dc23ff0177c7c0d59e0745fadefab","1171964","","Kohgiluyeh va Boyer Ahmad","","","","","","","","","","","Dara Lir","Keramatollah Arkian and Mansour Bozorgmehr, field notes 2024",180,"","","","Tsorumi 95%; Standard type Persian 5%","Keramatollah Arkian and Mansour Bozorgmehr, field notes 2024",30.829,50.839,
"","365a4a632d1fb65f22fb9b482366ebfd","5-2b00957a955d4041945b9e930ad94ace","1171965","","Kohgiluyeh va Boyer Ahmad","","","","","","","","","","","Deliyā Sir-e Soflā","Keramatollah Arkian and Mansour Bozorgmehr, field notes 2024",29,"","","","Tsorumi 95%; Standard type Persian 5%","Keramatollah Arkian and Mansour Bozorgmehr, field notes 2024",30.813,50.798,
"","365a4a632d1fb65f22fb9b482366e5f7","5-3c0ee82c2d044d63841c29fb40b4d7f8","1171966","","Kohgiluyeh va Boyer Ahmad","","","","","","","","","","","Deliyā Sir-e Olyā","Keramatollah Arkian and Mansour Bozorgmehr, field notes 2024",41,"","","","Tsorumi 95%; Standard type Persian 5%","Keramatollah Arkian and Mansour Bozorgmehr, field notes 2024",30.814,50.791,
"","365a4a632d1fb65f22fb9b482366e361","5-72303866f1f7111d4f8e74721c03f631","1171967","","Kohgiluyeh va Boyer Ahmad","","","","","","","","","","","Deh Khalifey","Keramatollah Arkian and Mansour Bozorgmehr, field notes 2024",104,"","","","Tsorumi 95%; Standard type Persian 5%","Keramatollah Arkian and Mansour Bozorgmehr, field notes 2024",30.808,50.807,
"","365a4a632d1fb65f22fb9b482366e095","5-b75cd72e136d06fa361f3e350f8f412b","1171968","","Kohgiluyeh va Boyer Ahmad","","","","","","","","","","","Deh Nu Tel-e Gap","Keramatollah Arkian and Mansour Bozorgmehr, field notes 2024",35,"","","","Tsorumi 95%; Standard type Persian 5%","Keramatollah Arkian and Mansour Bozorgmehr, field notes 2024",30.848,50.756,
"","365a4a632d1fb65f22fb9b482366dde0","5-f958fdb47ed8c0bc4ce29e4085abf3b2","1171969","","Kohgiluyeh va Boyer Ahmad","","","","","","","","","","","Azizi Dumeni, Deh Mirzāyal","Keramatollah Arkian and Mansour Bozorgmehr, field notes 2024",146,"","","","Tsorumi 95%; Standard type Persian 5%","Keramatollah Arkian and Mansour Bozorgmehr, field notes 2024",30.799,50.829,
"","365a4a632d1fb65f22fb9b482366dc41","5-ca46b6d8fa57c2248ebd0fd9cc64eefc","1171970","","Kohgiluyeh va Boyer Ahmad","","","","","","","","","","","Azizi Bāley, Deh Mirzāyal","Keramatollah Arkian and Mansour Bozorgmehr, field notes 2024",19,"","","","Tsorumi 95%; Standard type Persian 5%","Keramatollah Arkian and Mansour Bozorgmehr, field notes 2024",30.8,50.826,
"","365a4a632d1fb65f22fb9b4823674612","5-827c490aff5558330499cb0db2dd74bd","1171971","","Kohgiluyeh va Boyer Ahmad","","","","","","","","","","","Azizi Beyni, Deh Mirzāyal","Keramatollah Arkian and Mansour Bozorgmehr, field notes 2024",37,"","","","Tsorumi 95%; Standard type Persian 5%","Keramatollah Arkian and Mansour Bozorgmehr, field notes 2024",30.801,50.83,
"","365a4a632d1fb65f22fb9b48236742b3","5-a709dadc15d8ce77822e3dba288cd3ea","1171972","","Kohgiluyeh va Boyer Ahmad","","","","","","","","","","","Kamyun","Keramatollah Arkian and Mansour Bozorgmehr, field notes 2024",11,"","","","Tsorumi 95%; Standard type Persian 5%","Keramatollah Arkian and Mansour Bozorgmehr, field notes 2024",30.82,50.819,
"","365a4a632d1fb65f22fb9b482367402d","5-a2cea0168f922d39d0e29d59f3127080","1171973","","Kohgiluyeh va Boyer Ahmad","","","","","","","","","","","Mir Ali Mahmah","Keramatollah Arkian and Mansour Bozorgmehr, field notes 2024",112,"","","","Tsorumi 95%; Standard type Persian 5%","Keramatollah Arkian and Mansour Bozorgmehr, field notes 2024",30.821,50.795,
"","365a4a632d1fb65f22fb9b48236734ed","5-859c8328b7e08619967b55ab09703d4d","1171974","","Kohgiluyeh va Boyer Ahmad","","","","","","","","","","","Nohom","Keramatollah Arkian and Mansour Bozorgmehr, field notes 2024",104,"","","","Tsorumi 95%; Standard type Persian 5%","Keramatollah Arkian and Mansour Bozorgmehr, field notes 2024",30.818,50.832,
"","365a4a632d1fb65f22fb9b4823673432","5-0e3ed767d16ce3446886f8040ae400fd","1171975","","Kohgiluyeh va Boyer Ahmad","","","","","","","","","","","Ow Bi Māze-y Karra","Keramatollah Arkian and Mansour Bozorgmehr, field notes 2024",29,"","","","Tsorumi 95%; Standard type Persian 5%","Keramatollah Arkian and Mansour Bozorgmehr, field notes 2024",30.754,50.896,
"","365a4a632d1fb65f22fb9b4823673361","3-cad44099bb3b37a8a8d950a5d2503cd5","1171976","","Kohgiluyeh va Boyer Ahmad","","","","","","","","","","","","",,"","","","",,30.75761,50.88841,
"","365a4a632d1fb65f22fb9b4823672bb6","5-03d7dd2c725df4555656ef935bccad3f","1171977","","Kohgiluyeh va Boyer Ahmad","","","","","","","","","","","Eslām Ābād-e Deh Nu, Harār","Keramatollah Arkian and Mansour Bozorgmehr, field notes 2024",514,"","","","Tsorumi 95%; Standard type Persian 5%","Keramatollah Arkian and Mansour Bozorgmehr, field notes 2024",30.793,50.84,
"","365a4a632d1fb65f22fb9b48236720a7","5-14d615657ebce3f672e13726c773e014","1171978","","Kohgiluyeh va Boyer Ahmad","","","","","","","","","","","Emumzāya Ali, Emumzāya Sāyāt","Keramatollah Arkian and Mansour Bozorgmehr, field notes 2024",286,"","","","Tsorumi 95%; Standard type Persian 5%","Keramatollah Arkian and Mansour Bozorgmehr, field notes 2024",30.81,51.02,
"","365a4a632d1fb65f22fb9b4823671832","3-1dc2dd366d93806c5b10168f84cbd893","1171979","","Kohgiluyeh va Boyer Ahmad","","","","","","","","","","","","",,"","","","",,30.78609,50.95476,
"","365a4a632d1fb65f22fb9b48236716b3","3-c64b1e6aa9e99b452b5eacd8cec3429e","1171980","","Kohgiluyeh va Boyer Ahmad","","","","","","","","","","","","",,"","","","",,30.7516,50.96383,
"","365a4a632d1fb65f22fb9b482367a8c3","3-d09d8c3e5387ed6d57f9603be58897d4","1171981","","Kohgiluyeh va Boyer Ahmad","","","","","","","","","","","","",,"","","","",,30.79618,51.04975,
"","365a4a632d1fb65f22fb9b482367a099","3-c84f7d05bdb460fbf7812d7cd1f22a63","1171982","","Kohgiluyeh va Boyer Ahmad","","","","","","","","","","","","",,"","","","",,30.8426,50.97384,
"","365a4a632d1fb65f22fb9b4823679c02","5-ec09761134d261a01602cbc65197d38d","1171983","","Kohgiluyeh va Boyer Ahmad","","","","","","","","","","","Gar-e Giv","Keramatollah Arkian and Mansour Bozorgmehr, field notes 2024",167,"","","","Tsorumi 95%; Standard type Persian 5%","Keramatollah Arkian and Mansour Bozorgmehr, field notes 2024",30.794,50.848,
"","365a4a632d1fb65f22fb9b4823678de0","5-7e27b7bf64470c7b1dd3a2ade019477b","1171984","","Kohgiluyeh va Boyer Ahmad","","","","","","","","","","","Dāvarpanā","Keramatollah Arkian and Mansour Bozorgmehr, field notes 2024",133,"","","","Tsorumi 95%; Standard type Persian 5%","Keramatollah Arkian and Mansour Bozorgmehr, field notes 2024",30.822,50.986,
"","365a4a632d1fb65f22fb9b482367866e","5-c2cddaf30b31f6e47c2e6550dd00371c","1171985","","Kohgiluyeh va Boyer Ahmad","","","","","","","","","","","Dare-y Ākhond","Keramatollah Arkian and Mansour Bozorgmehr, field notes 2024",189,"","","","Tsorumi 95%; Standard type Persian 5%","Keramatollah Arkian and Mansour Bozorgmehr, field notes 2024",30.808,51.028,
"","365a4a632d1fb65f22fb9b482367779d","3-8b4d5b998f877cbf535a4d41a0edd7d7","1171986","","Kohgiluyeh va Boyer Ahmad","","","","","","","","","","","","",,"","","","",,30.81576,51.00103,
"","365a4a632d1fb65f22fb9b4823676daa","5-125d078027e0c2001a362da7eec8ecdd","1171987","","Kohgiluyeh va Boyer Ahmad","","","","","","","","","","","Deli Khalifey","Keramatollah Arkian and Mansour Bozorgmehr, field notes 2024",,"","","","Tsorumi 95%; Standard type Persian 5%","Keramatollah Arkian and Mansour Bozorgmehr, field notes 2024",30.77438,51.04458,
"","365a4a632d1fb65f22fb9b4823675dbc","5-cef22eba4f6aa6e7f26c960ec63395cd","1171988","","Kohgiluyeh va Boyer Ahmad","","","","","","","","","","","Deli Mi","Keramatollah Arkian and Mansour Bozorgmehr, field notes 2024",,"","","","Tsorumi 95%; Standard type Persian 5%","Keramatollah Arkian and Mansour Bozorgmehr, field notes 2024",30.78583,51.06921,
"","365a4a632d1fb65f22fb9b482367569d","3-40be566767454a584aeda342c4659ef8","1171989","","Kohgiluyeh va Boyer Ahmad","","","","","","","","","","","","",,"","","","",,30.80497,50.99645,
"","365a4a632d1fb65f22fb9b4823674b84","5-27333c446806778ac0cf09ed2abc68db","1171990","","Kohgiluyeh va Boyer Ahmad","","","","","","","","","","","Deh Nu Tahl Ow","Keramatollah Arkian and Mansour Bozorgmehr, field notes 2024",75,"","","","Tsorumi 95%; Standard type Persian 5%","Keramatollah Arkian and Mansour Bozorgmehr, field notes 2024",30.758,50.618,
"","365a4a632d1fb65f22fb9b482367f4bb","5-da3b99c49349b098643bcfa7b51d0319","1171991","","Kohgiluyeh va Boyer Ahmad","","","","","","","","","","","Deh Nu-we Sar Pāriyow, Deh Nu Sar Pāriyow","Keramatollah Arkian and Mansour Bozorgmehr, field notes 2024",51,"","","","Tsorumi 95%; Standard type Persian 5%","Keramatollah Arkian and Mansour Bozorgmehr, field notes 2024",31.236,50.327,
"","365a4a632d1fb65f22fb9b482367ed40","3-0b7e74e716d6661e7f6707f932b53155","1171992","","Kohgiluyeh va Boyer Ahmad","","","","","","","","","","","","",,"","","","",,30.79918,50.87426,
"","365a4a632d1fb65f22fb9b482367e8bc","3-5fdf134c2591f665ea45bc90572ff73e","1171993","","Kohgiluyeh va Boyer Ahmad","","","","","","","","","","","","",,"","","","",,30.81763,50.88283,
"","365a4a632d1fb65f22fb9b482367dc65","5-3d024b5f78e7e37dc5442f3afdd53070","1171994","","Kohgiluyeh va Boyer Ahmad","","","","","","","","","","","Shā Hamza","Keramatollah Arkian and Mansour Bozorgmehr, field notes 2024",,"","","","Tsorumi 95%; Standard type Persian 5%","Keramatollah Arkian and Mansour Bozorgmehr, field notes 2024",30.79,50.87859,
"","365a4a632d1fb65f22fb9b482367da26","5-4d64afca84d1a33ed10cbdee5fd8e342","1171995","","Kohgiluyeh va Boyer Ahmad","","","","","","","","","","","Tāva Safid","Keramatollah Arkian and Mansour Bozorgmehr, field notes 2024",55,"","","","Tsorumi 95%; Standard type Persian 5%","Keramatollah Arkian and Mansour Bozorgmehr, field notes 2024",30.842,50.985,
"","365a4a632d1fb65f22fb9b482367d099","3-0d8445c1ab4d7917bd75c64fc5d6133c","1171996","","Kohgiluyeh va Boyer Ahmad","","","","","","","","","","","","",,"","","","",,30.77608,50.90359,
"","365a4a632d1fb65f22fb9b482367cd74","5-8c40904f89c229d59b21069690274530","1171997","","Kohgiluyeh va Boyer Ahmad","","","","","","","","","","","Fāzel Ābād Tahl Ow","Keramatollah Arkian and Mansour Bozorgmehr, field notes 2024",133,"","","","Tsorumi 95%; Standard type Persian 5%","Keramatollah Arkian and Mansour Bozorgmehr, field notes 2024",30.783,50.907,
"","365a4a632d1fb65f22fb9b482367c6c7","5-1c36d94988e3bc39d448d4afc11c8b36","1171998","","Kohgiluyeh va Boyer Ahmad","","","","","","","","","","","Sharow Goru","Keramatollah Arkian and Mansour Bozorgmehr, field notes 2024",35,"","","","Tsorumi 95%; Standard type Persian 5%","Keramatollah Arkian and Mansour Bozorgmehr, field notes 2024",30.779,50.893,
"","365a4a632d1fb65f22fb9b482367c20b","5-20caaadc87407465fe3cf025db9af4ec","1171999","","Kohgiluyeh va Boyer Ahmad","","","","","","","","","","","Kandāl","Keramatollah Arkian and Mansour Bozorgmehr, field notes 2024",69,"","","","Tsorumi 95%; Standard type Persian 5%","Keramatollah Arkian and Mansour Bozorgmehr, field notes 2024",30.793,51.037,
"","365a4a632d1fb65f22fb9b482367b5f6","3-f8ef7065ac9edfdf71f53b32b6c49bac","1172000","","Kohgiluyeh va Boyer Ahmad","","","","","","","","","","","","",,"","","","",,30.8605,51.02049,
"","365a4a632d1fb65f22fb9b4823683cfd","3-00feab8f6a10fdb31bbc83c40549b435","1172001","","Kohgiluyeh va Boyer Ahmad","","","","","","","","","","","","",,"","","","",,30.83253,51.03404,
"","365a4a632d1fb65f22fb9b4823683c3d","3-c8716816a4548c9285a2de25af948d4f","1172002","","Kohgiluyeh va Boyer Ahmad","","","","","","","","","","","","",,"","","","",,30.80537,50.87022,
"","365a4a632d1fb65f22fb9b4823682f4a","3-7833876450028305279559123fd95510","1172003","","Kohgiluyeh va Boyer Ahmad","","","","","","","","","","","","",,"","","","",,30.76248,50.97333,
"","365a4a632d1fb65f22fb9b482368241c","3-131d526a5d63b43475ca15b7ba173b0f","1172004","","Kohgiluyeh va Boyer Ahmad","","","","","","","","","","","","",,"","","","",,30.80544,50.95703,
"","365a4a632d1fb65f22fb9b4823681d80","3-a277f194d69490bb9448a9dd48a5a6a2","1172005","","Kohgiluyeh va Boyer Ahmad","","","","","","","","","","","","",,"","","","",,30.85941,50.93274,
"","365a4a632d1fb65f22fb9b482368177c","3-058cfb5a8f280abfd67d5619cd490fc3","1172006","","Kohgiluyeh va Boyer Ahmad","","","","","","","","","","","","",,"","","","",,30.85251,51.00839,
"","365a4a632d1fb65f22fb9b48236813f3","3-01a31f475b46acaf7585bcf26b42d2ca","1172007","","Kohgiluyeh va Boyer Ahmad","","","","","","","","","","","","",,"","","","",,30.86727,51.00722,
"","365a4a632d1fb65f22fb9b482374d686","2-fb5a3f1bd3ca6c7d4a4d7e30b1e48c3a","1172008","","Kohgiluyeh va Boyer Ahmad","","","","","","","","","","","","",2416,"","","","",,,,
"","365a4a632d1fb65f22fb9b4823680d30","5-891a0f8d781c62a06e61be40ae9581b4","1172009","","Kohgiluyeh va Boyer Ahmad","","","","","","","","","","","Owlak-e Kā Beytelā","Keramatollah Arkian and Mansour Bozorgmehr, field notes 2024",28,"","","","Tsorumi 95%; Standard type Persian 5%","Keramatollah Arkian and Mansour Bozorgmehr, field notes 2024",30.858,50.815,
"","365a4a632d1fb65f22fb9b4823680690","5-a9e9e3f04a622a7647466d494166aca9","1172010","","Kohgiluyeh va Boyer Ahmad","","","","","","","","","","","Sar Tāve-y Kā Beytelā","Keramatollah Arkian and Mansour Bozorgmehr, field notes 2024",25,"","","","Tsorumi 95%; Standard type Persian 5%","Keramatollah Arkian and Mansour Bozorgmehr, field notes 2024",30.854,50.796,
"","365a4a632d1fb65f22fb9b4823680087","5-5870e9004dddee6131f864caccb17809","1172011","","Kohgiluyeh va Boyer Ahmad","","","","","","","","","","","Mondun","Keramatollah Arkian and Mansour Bozorgmehr, field notes 2024",593,"","","","Tsorumi 95%; Standard type Persian 5%","Keramatollah Arkian and Mansour Bozorgmehr, field notes 2024",30.873,50.787,
"","365a4a632d1fb65f22fb9b4823686e9f","5-12fb9262c659faa544892b3d855a331a","1172012","","Kohgiluyeh va Boyer Ahmad","","","","","","","","","","","Nāser Ābād","Keramatollah Arkian and Mansour Bozorgmehr, field notes 2024",21,"","","","Tsorumi 95%; Standard type Persian 5%","Keramatollah Arkian and Mansour Bozorgmehr, field notes 2024",30.847,50.817,
"","365a4a632d1fb65f22fb9b4823686e8e","5-6f6e2d202ffe45d7cd227825a503d570","1172013","","Kohgiluyeh va Boyer Ahmad","","","","","","","","","","","Ow Māhi","Keramatollah Arkian and Mansour Bozorgmehr, field notes 2024",185,"","","","Tsorumi 95%; Standard type Persian 5%","Keramatollah Arkian and Mansour Bozorgmehr, field notes 2024",30.887,50.78,
"","365a4a632d1fb65f22fb9b4823686b4e","3-add6dd435aea5c60da89ea196902a6d0","1172014","","Kohgiluyeh va Boyer Ahmad","","","","","","","","","","","","",,"","","","",,30.84029,50.89698,
"","365a4a632d1fb65f22fb9b4823686722","5-9719444d7c3b3b66dbad25abc177299f","1172015","","Kohgiluyeh va Boyer Ahmad","","","","","","","","","","","Emāmzāya Mamu","Keramatollah Arkian and Mansour Bozorgmehr, field notes 2024",16,"","","","Tsorumi 95%; Standard type Persian 5%","Keramatollah Arkian and Mansour Bozorgmehr, field notes 2024",30.861,50.735,
"","365a4a632d1fb65f22fb9b4823686406","5-14d0bfcc7fae1da39123eb42119da255","1172016","","Kohgiluyeh va Boyer Ahmad","","","","","","","","","","","Deli Dzi-ye Gholum","Keramatollah Arkian and Mansour Bozorgmehr, field notes 2024",14,"","","","Tsorumi 95%; Standard type Persian 5%","Keramatollah Arkian and Mansour Bozorgmehr, field notes 2024",30.85,50.758,
"","365a4a632d1fb65f22fb9b4823685cc1","5-fbbd65f5515f8f336ef6d75364724d6a","1172017","","Kohgiluyeh va Boyer Ahmad","","","","","","","","","","","Deh Nu Emāmzāya Mamu","Keramatollah Arkian and Mansour Bozorgmehr, field notes 2024",18,"","","","Tsorumi 95%; Standard type Persian 5%","Keramatollah Arkian and Mansour Bozorgmehr, field notes 2024",31.251,50.919,
"","365a4a632d1fb65f22fb9b48236853f9","5-17411271af76f09a1da4e4d8e312922e","1172018","","Kohgiluyeh va Boyer Ahmad","","","","","","","","","","","Ow Tsendār-e Pey Andzir","Keramatollah Arkian and Mansour Bozorgmehr, field notes 2024",28,"","","","Tsorumi 95%; Standard type Persian 5%","Keramatollah Arkian and Mansour Bozorgmehr, field notes 2024",30.995,50.687,
"","365a4a632d1fb65f22fb9b48236848b8","3-f6fd3e6a579d2004f93da1b490e7c0ad","1172019","","Kohgiluyeh va Boyer Ahmad","","","","","","","","","","","","",,"","","","",,30.98397,50.68243,
"","365a4a632d1fb65f22fb9b4823684272","5-afe0e7cde8c17137045ddf69e2e41844","1172020","","Kohgiluyeh va Boyer Ahmad","","","","","","","","","","","Andarun-e Pey Andzir","Keramatollah Arkian and Mansour Bozorgmehr, field notes 2024",78,"","","","Tsorumi 95%; Standard type Persian 5%","Keramatollah Arkian and Mansour Bozorgmehr, field notes 2024",31.017,50.673,
"","365a4a632d1fb65f22fb9b4823684168","5-c82d0692a5d8458bec439428fdb1ae2d","1172021","","Kohgiluyeh va Boyer Ahmad","","","","","","","","","","","Tel-e Seh Pey Andzir","Keramatollah Arkian and Mansour Bozorgmehr, field notes 2024",67,"","","","Tsorumi 95%; Standard type Persian 5%","Keramatollah Arkian and Mansour Bozorgmehr, field notes 2024",30.982,50.688,
"","365a4a632d1fb65f22fb9b482368bfd3","5-2a2d839a469c62cb4bb9b028c14a5f8d","1172022","","Kohgiluyeh va Boyer Ahmad","","","","","","","","","","","Tsāl Bāgh","Keramatollah Arkian and Mansour Bozorgmehr, field notes 2024",132,"","","","Tsorumi 95%; Standard type Persian 5%","Keramatollah Arkian and Mansour Bozorgmehr, field notes 2024",30.985,50.68,
"","365a4a632d1fb65f22fb9b482368be06","3-72480e525d5913fcf9b1641e5ed9c65d","1172023","","Kohgiluyeh va Boyer Ahmad","","","","","","","","","","","","",,"","","","",,31.01622,50.64407,
"","365a4a632d1fb65f22fb9b482368b4be","3-c2fb8fb2452185cf74960970a53f7266","1172024","","Kohgiluyeh va Boyer Ahmad","","","","","","","","","","","","",,"","","","",,30.98339,50.66624,
"","365a4a632d1fb65f22fb9b482368aafc","5-6673c41f8c377e516aa0c5a17bb7bfdd","1172025","","Kohgiluyeh va Boyer Ahmad","","","","","","","","","","","Pā Tāva Kerri","Keramatollah Arkian and Mansour Bozorgmehr, field notes 2024",47,"","","","Tsorumi 95%; Standard type Persian 5%","Keramatollah Arkian and Mansour Bozorgmehr, field notes 2024",30.977,50.639,
"","365a4a632d1fb65f22fb9b482368a4c9","5-aca8581c7545b27e2f03d24f677818ec","1172026","","Kohgiluyeh va Boyer Ahmad","","","","","","","","","","","Tahlezār","Keramatollah Arkian and Mansour Bozorgmehr, field notes 2024",,"","","","Tsorumi 95%; Standard type Persian 5%","Keramatollah Arkian and Mansour Bozorgmehr, field notes 2024",30.99029,50.67901,
"","365a4a632d1fb65f22fb9b48236898e2","5-64d9d0e4b7cd4a210a1bd47b49c4ba71","1172027","","Kohgiluyeh va Boyer Ahmad","","","","","","","","","","","Tsam-e Āsiyow","Keramatollah Arkian and Mansour Bozorgmehr, field notes 2024",37,"","","","Tsorumi 95%; Standard type Persian 5%","Keramatollah Arkian and Mansour Bozorgmehr, field notes 2024",30.97,50.64,
"","365a4a632d1fb65f22fb9b4823689654","5-e9b3316af835898f03e1e62d484d946e","1172028","","Kohgiluyeh va Boyer Ahmad","","","","","","","","","","","Se Goyār","Keramatollah Arkian and Mansour Bozorgmehr, field notes 2024",81,"","","","Tsorumi 95%; Standard type Persian 5%","Keramatollah Arkian and Mansour Bozorgmehr, field notes 2024",30.973,50.638,
"","365a4a632d1fb65f22fb9b4823688674","3-4244f06111ea06169cf1c9a198707ab5","1172029","","Kohgiluyeh va Boyer Ahmad","","","","","","","","","","","","",,"","","","",,30.9243,50.72658,
"","365a4a632d1fb65f22fb9b4823687a64","5-a6f4dc9c9b0c8e621d2166a02c1956cd","1172030","","Kohgiluyeh va Boyer Ahmad","","","","","","","","","","","Biyek-e Key Sālār","Keramatollah Arkian and Mansour Bozorgmehr, field notes 2024",23,"","","","Tsorumi 95%; Standard type Persian 5%","Keramatollah Arkian and Mansour Bozorgmehr, field notes 2024",30.926,50.693,
"","365a4a632d1fb65f22fb9b4823687079","5-693f797c3ff26adade1a36c314238f14","1172031","","Kohgiluyeh va Boyer Ahmad","","","","","","","","","","","Biyek-e Key Sohrāb","Keramatollah Arkian and Mansour Bozorgmehr, field notes 2024",53,"","","","Tsorumi 95%; Standard type Persian 5%","Keramatollah Arkian and Mansour Bozorgmehr, field notes 2024",30.915,50.708,
"","365a4a632d1fb65f22fb9b4823690a17","3-3e153bc03d83f2c042ce5f5d9096a62d","1172032","","Kohgiluyeh va Boyer Ahmad","","","","","","","","","","","","",,"","","","",,30.92836,50.69502,
"","365a4a632d1fb65f22fb9b48236908c9","5-4bd36779bce69dadd4c6f322ae80b9a9","1172033","","Kohgiluyeh va Boyer Ahmad","","","","","","","","","","","Pohlaki Kā Abdi","Keramatollah Arkian and Mansour Bozorgmehr, field notes 2024",37,"","","","Tsorumi 95%; Standard type Persian 5%","Keramatollah Arkian and Mansour Bozorgmehr, field notes 2024",30.906,50.741,
"","365a4a632d1fb65f22fb9b4823690685","5-6707c45e7c448a15919680b878004fa8","1172034","","Kohgiluyeh va Boyer Ahmad","","","","","","","","","","","Tang-e Nār-e Dumeni","Keramatollah Arkian and Mansour Bozorgmehr, field notes 2024",42,"","","","Tsorumi 95%; Standard type Persian 5%","Keramatollah Arkian and Mansour Bozorgmehr, field notes 2024",30.926,50.666,
"","365a4a632d1fb65f22fb9b482368fce5","5-f0d673c925aa9e9e8d380cb8ecda135c","1172035","","Kohgiluyeh va Boyer Ahmad","","","","","","","","","","","Tang-e Nār-e Bāley","Keramatollah Arkian and Mansour Bozorgmehr, field notes 2024",45,"","","","Tsorumi 95%; Standard type Persian 5%","Keramatollah Arkian and Mansour Bozorgmehr, field notes 2024",30.912,50.681,
"","365a4a632d1fb65f22fb9b482368eec6","5-1f6fef4d6439f61b1ad5d8c8e29247b4","1172036","","Kohgiluyeh va Boyer Ahmad","","","","","","","","","","","Tang-e Nār-e Vasati","Keramatollah Arkian and Mansour Bozorgmehr, field notes 2024",24,"","","","Tsorumi 95%; Standard type Persian 5%","Keramatollah Arkian and Mansour Bozorgmehr, field notes 2024",30.923,50.669,
"","365a4a632d1fb65f22fb9b482368ed2f","3-cc06782f20eba0794829f3f014fe1e1b","1172037","","Kohgiluyeh va Boyer Ahmad","","","","","","","","","","","","",,"","","","",,30.93894,50.63873,
"","365a4a632d1fb65f22fb9b482368e01d","5-d8e3d5bcda96a8d2893bfc1d14c25603","1172038","","Kohgiluyeh va Boyer Ahmad","","","","","","","","","","","Dzowrak-e Kā Nasibelā","Keramatollah Arkian and Mansour Bozorgmehr, field notes 2024",51,"","","","Tsorumi 95%; Standard type Persian 5%","Keramatollah Arkian and Mansour Bozorgmehr, field notes 2024",30.943,50.718,
"","365a4a632d1fb65f22fb9b482368d199","3-9984e5487fa98f08863d4f0c634696a7","1172039","","Kohgiluyeh va Boyer Ahmad","","","","","","","","","","","","",,"","","","",,30.93194,50.70963,
"","365a4a632d1fb65f22fb9b482368cf76","3-4017c1141c7d62b1137a48f68eccd957","1172040","","Kohgiluyeh va Boyer Ahmad","","","","","","","","","","","","",,"","","","",,30.92879,50.71898,
"","365a4a632d1fb65f22fb9b482368cf2d","3-be2d1ffc63f7276f4da5fa4466b9899b","1172041","","Kohgiluyeh va Boyer Ahmad","","","","","","","","","","","","",,"","","","",,30.94234,50.74281,
"","365a4a632d1fb65f22fb9b48236958dc","5-db7518ebdb08d6a81968dc81d7a88352","1172042","","Kohgiluyeh va Boyer Ahmad","","","","","","","","","","","Dolgarak","Keramatollah Arkian and Mansour Bozorgmehr, field notes 2024",34,"","","","Tsorumi 95%; Standard type Persian 5%","Keramatollah Arkian and Mansour Bozorgmehr, field notes 2024",30.886,50.766,
"","365a4a632d1fb65f22fb9b48236952d5","5-fdb3f90c8642f78ef287ae809be2b006","1172043","","Kohgiluyeh va Boyer Ahmad","","","","","","","","","","","Deli Dzi Emomqeli","Keramatollah Arkian and Mansour Bozorgmehr, field notes 2024",13,"","","","Tsorumi 95%; Standard type Persian 5%","Keramatollah Arkian and Mansour Bozorgmehr, field notes 2024",30.899,50.712,
"","365a4a632d1fb65f22fb9b4823694fb6","5-d240717e650623ba4bc34ac138a22850","1172044","","Kohgiluyeh va Boyer Ahmad","","","","","","","","","","","Deli-ye Sowāri","Keramatollah Arkian and Mansour Bozorgmehr, field notes 2024",36,"","","","Tsorumi 95%; Standard type Persian 5%","Keramatollah Arkian and Mansour Bozorgmehr, field notes 2024",30.883,50.759,
"","365a4a632d1fb65f22fb9b482369457a","5-01a258b58583c0d5cd085da317ed5623","1172045","","Kohgiluyeh va Boyer Ahmad","","","","","","","","","","","Pohlaki Kā Mansur","Keramatollah Arkian and Mansour Bozorgmehr, field notes 2024",,"","","","Tsorumi 95%; Standard type Persian 5%","Keramatollah Arkian and Mansour Bozorgmehr, field notes 2024",30.90741,50.75272,
"","365a4a632d1fb65f22fb9b4823694046","5-e941dddddb5ea2a106792ddd109378e9","1172046","","Kohgiluyeh va Boyer Ahmad","","","","","","","","","","","Sowāri","Keramatollah Arkian and Mansour Bozorgmehr, field notes 2024",370,"","","","Tsorumi 95%; Standard type Persian 5%","Keramatollah Arkian and Mansour Bozorgmehr, field notes 2024",30.903,50.769,
"","365a4a632d1fb65f22fb9b48236930ed","5-aee2a2a7bcd130651b32c29da8bbf749","1172047","","Kohgiluyeh va Boyer Ahmad","","","","","","","","","","","Silāresun","Keramatollah Arkian and Mansour Bozorgmehr, field notes 2024",42,"","","","Tsorumi 95%; Standard type Persian 5%","Keramatollah Arkian and Mansour Bozorgmehr, field notes 2024",30.94,50.735,
"","365a4a632d1fb65f22fb9b4823692909","5-b1744599e932f959a769edbc5bec7444","1172048","","Kohgiluyeh va Boyer Ahmad","","","","","","","","","","","Deh Kā Shāli","Keramatollah Arkian and Mansour Bozorgmehr, field notes 2024",,"","","","Tsorumi 95%; Standard type Persian 5%","Keramatollah Arkian and Mansour Bozorgmehr, field notes 2024",30.94091,50.7375,
"","365a4a632d1fb65f22fb9b4823692148","5-f9d1eb9f9ad5aca7943c0888d139913f","1172049","","Kohgiluyeh va Boyer Ahmad","","","","","","","","","","","Shikh Howil","Keramatollah Arkian and Mansour Bozorgmehr, field notes 2024",90,"","","","Tsorumi 95%; Standard type Persian 5%","Keramatollah Arkian and Mansour Bozorgmehr, field notes 2024",30.942,50.69,
"","365a4a632d1fb65f22fb9b4823691d3d","5-064e4ac2581a4d913a36ab2d85838ace","1172050","","Kohgiluyeh va Boyer Ahmad","","","","","","","","","","","Gushe-y Dumeni","Keramatollah Arkian and Mansour Bozorgmehr, field notes 2024",44,"","","","Tsorumi 95%; Standard type Persian 5%","Keramatollah Arkian and Mansour Bozorgmehr, field notes 2024",30.933,50.748,
"","365a4a632d1fb65f22fb9b48236912d3","5-7665d297f549e928baec9eea0c7d4f24","1172051","","Kohgiluyeh va Boyer Ahmad","","","","","","","","","","","Gushe-y Bāley","Keramatollah Arkian and Mansour Bozorgmehr, field notes 2024",70,"","","","Tsorumi 95%; Standard type Persian 5%","Keramatollah Arkian and Mansour Bozorgmehr, field notes 2024",30.932,50.754,
"","365a4a632d1fb65f22fb9b482369b1c9","5-7df3aba3c73ddd01910c1f163710cfcc","1172052","","Kohgiluyeh va Boyer Ahmad","","","","","","","","","","","Naregun-e Kā Hasan","Keramatollah Arkian and Mansour Bozorgmehr, field notes 2024",26,"","","","Tsorumi 95%; Standard type Persian 5%","Keramatollah Arkian and Mansour Bozorgmehr, field notes 2024",30.931,50.735,
"","365a4a632d1fb65f22fb9b482369a9df","3-63300cdd2d1d06e97619f8da99359daa","1172053","","Kohgiluyeh va Boyer Ahmad","","","","","","","","","","","","",,"","","","",,30.90432,50.71123,
"","365a4a632d1fb65f22fb9b482369a1d3","5-1dba5c7fea84378279fc88c2b9530959","1172054","","Kohgiluyeh va Boyer Ahmad","","","","","","","","","","","Deli Dzi-ye Kā Mondi","Keramatollah Arkian and Mansour Bozorgmehr, field notes 2024",,"","","","Tsorumi 95%; Standard type Persian 5%","Keramatollah Arkian and Mansour Bozorgmehr, field notes 2024",30.87709,50.73384,
"","365a4a632d1fb65f22fb9b4823699d09","3-bd6375523f99292a124d05b0d9c8fe68","1172055","","Kohgiluyeh va Boyer Ahmad","","","","","","","","","","","","",,"","","","",,30.97596,50.69995,
"","365a4a632d1fb65f22fb9b4823699bdc","3-c4a5dd69bdeaec87af139c1a2674d9e3","1172056","","Kohgiluyeh va Boyer Ahmad","","","","","","","","","","","","",,"","","","",,31.01268,50.65465,
"","365a4a632d1fb65f22fb9b48236995ac","3-a8ad327ffb2be6d9ef583962b289ed6f","1172057","","Kohgiluyeh va Boyer Ahmad","","","","","","","","","","","","",,"","","","",,30.91389,50.82945,
"","365a4a632d1fb65f22fb9b482369863e","5-3ef1ffb6eff95c0f6763da834f38e69a","1172058","","Kohgiluyeh va Boyer Ahmad","","","","","","","","","","","Deh Dzāber-e Nāser, Deh-e Dzāber-e Nāser","Keramatollah Arkian and Mansour Bozorgmehr, field notes 2024",,"","","","Tsorumi 95%; Standard type Persian 5%","Keramatollah Arkian and Mansour Bozorgmehr, field notes 2024",30.922,50.717,
"","365a4a632d1fb65f22fb9b48236976cd","5-cff582daa0c07137ec477e19ff930666","1172059","","Kohgiluyeh va Boyer Ahmad","","","","","","","","","","","Sar Pāriyow","Keramatollah Arkian and Mansour Bozorgmehr, field notes 2024",1995,"","","","Tsorumi 85%; Standard type Persian 10%; mixed 5%","Keramatollah Arkian and Mansour Bozorgmehr, field notes 2024",31.138,50.518,
"","365a4a632d1fb65f22fb9b482374d602","2-b5eda3e751105e1de13b06f1e941e978","1172060","","Kohgiluyeh va Boyer Ahmad","","","","","","","","","","","","",21690,"","","","",,,,
"","365a4a632d1fb65f22fb9b482374c782","2-77a72a2b25a0864803f5e1e42023179c","1172061","","Kohgiluyeh va Boyer Ahmad","","","","","","","","","","","","",15667,"","","","",,,,
"","365a4a632d1fb65f22fb9b482374be71","2-bd053cd10bd204d301995089bc5b0abc","1172062","","Kohgiluyeh va Boyer Ahmad","","","","","","","","","","","","",2475,"","","","",,,,
"","365a4a632d1fb65f22fb9b4823696838","5-8b71d82e1d02dd2067d4e110db30bb55","1172063","","Kohgiluyeh va Boyer Ahmad","","","","","","","","","","","Amir Gapu","Keykhosrow Taheri and Mansour Bozorgmehr, field notes 2024",,"","","","Bāuyi 95%; Standard type Persian 5%","Keykhosrow Taheri and Mansour Bozorgmehr, field notes 2024",30.39564,51.14313,
"","365a4a632d1fb65f22fb9b482369648f","13-5562b8b73ae6a5bc991c901c85470564","1172064","","Kohgiluyeh va Boyer Ahmad","","","","","","","","","","","Borghun (Arabic), Borghu (Bāuyi)","Faramarz Asadinezhad, Keykhosrow Taheri and Mansour Bozorgmehr, field notes 2024",319,"","","","Khuzestāni Arabic 75%; Bāuyi 20%; Standard type Persian 5%","Faramarz Asadinezhad, Keykhosrow Taheri and Mansour Bozorgmehr, field notes 2024",30.349,51.143,
"","365a4a632d1fb65f22fb9b48236a08f7","5-b7b27661cc65fd0664cec268c6d6f3e7","1172065","","Kohgiluyeh va Boyer Ahmad","","","","","","","","","","","Bidak-e Bāley","Keykhosrow Taheri and Mansour Bozorgmehr, field notes 2024",120,"","","","Bāuyi 95%; Standard type Persian 5%","Keykhosrow Taheri and Mansour Bozorgmehr, field notes 2024",30.464,51.13,
"","365a4a632d1fb65f22fb9b482369fce1","5-47abe695566abc0629daaae89b45fedc","1172066","","Kohgiluyeh va Boyer Ahmad","","","","","","","","","","","Pey Tāve-y Bidak","Keykhosrow Taheri and Mansour Bozorgmehr, field notes 2024",,"","","","Bāuyi 95%; Standard type Persian 5%","Keykhosrow Taheri and Mansour Bozorgmehr, field notes 2024",30.43971,51.1079,
"","365a4a632d1fb65f22fb9b482369f71b","5-c1b18c39cfe4bcc608f925b9a0d5e8a7","1172067","","Kohgiluyeh va Boyer Ahmad","","","","","","","","","","","Pezin","Keykhosrow Taheri and Mansour Bozorgmehr, field notes 2024",16,"","","","Bāuyi 95%; Standard type Persian 5%","Keykhosrow Taheri and Mansour Bozorgmehr, field notes 2024",30.432,51.153,
"","365a4a632d1fb65f22fb9b482369ec9d","5-5a1932c434ac67e457146c92be135afc","1172068","","Kohgiluyeh va Boyer Ahmad","","","","","","","","","","","Tol Mavizi","Keykhosrow Taheri and Mansour Bozorgmehr, field notes 2024",199,"","","","Bāuyi 95%; Standard type Persian 5%","Keykhosrow Taheri and Mansour Bozorgmehr, field notes 2024",30.343,51.186,
"","365a4a632d1fb65f22fb9b482369dfa0","5-d4b4e5d46229b3a616b09c0382296b79","1172069","","Kohgiluyeh va Boyer Ahmad","","","","","","","","","","","Tahl Ow Bāley","Keykhosrow Taheri and Mansour Bozorgmehr, field notes 2024",52,"","","","Bāuyi 95%; Standard type Persian 5%","Keykhosrow Taheri and Mansour Bozorgmehr, field notes 2024",30.447,51.103,
"","365a4a632d1fb65f22fb9b482369d5d3","5-8babc3f101b37ff3fb0440df90da9b98","1172070","","Kohgiluyeh va Boyer Ahmad","","","","","","","","","","","Tahl Ow Dumeni","Keykhosrow Taheri and Mansour Bozorgmehr, field notes 2024",161,"","","","Bāuyi 95%; Standard type Persian 5%","Keykhosrow Taheri and Mansour Bozorgmehr, field notes 2024",30.436,51.122,
"","365a4a632d1fb65f22fb9b482369d49f","5-f136603430d478267e8d0834534df3ba","1172071","","Kohgiluyeh va Boyer Ahmad","","","","","","","","","","","Tang Ow","Keykhosrow Taheri and Mansour Bozorgmehr, field notes 2024",23,"","","","Bāuyi 95%; Standard type Persian 5%","Keykhosrow Taheri and Mansour Bozorgmehr, field notes 2024",30.402,51.141,
"","365a4a632d1fb65f22fb9b482369c8d9","5-c68eaf212d1a415acd6c4d29e30ab9ea","1172072","","Kohgiluyeh va Boyer Ahmad","","","","","","","","","","","Tayn Khal","Keykhosrow Taheri and Mansour Bozorgmehr, field notes 2024",,"","","","Bāuyi 95%; Standard type Persian 5%","Keykhosrow Taheri and Mansour Bozorgmehr, field notes 2024",30.40987,51.12831,
"","365a4a632d1fb65f22fb9b482369c377","5-0c4b122678889c882d0a65aa36fe193d","1172073","","Kohgiluyeh va Boyer Ahmad","","","","","","","","","","","Tsār Raha","Keykhosrow Taheri and Mansour Bozorgmehr, field notes 2024",43,"","","","Bāuyi 95%; Standard type Persian 5%","Keykhosrow Taheri and Mansour Bozorgmehr, field notes 2024",30.424,51.151,
"","365a4a632d1fb65f22fb9b482369b7bd","5-55a9ecef58f846d2fc3edaea5a79fc7b","1172074","","Kohgiluyeh va Boyer Ahmad","","","","","","","","","","","Dara Tsah","Keykhosrow Taheri and Mansour Bozorgmehr, field notes 2024",,"","","","Bāuyi 95%; Standard type Persian 5%","Keykhosrow Taheri and Mansour Bozorgmehr, field notes 2024",30.4599,51.1076,
"","365a4a632d1fb65f22fb9b48236a48d3","5-9879cb87b9a9d83574b3fd699f35c1a3","1172075","","Kohgiluyeh va Boyer Ahmad","","","","","","","","","","","Deh Kohne-y Zafari","Keykhosrow Taheri and Mansour Bozorgmehr, field notes 2024",52,"","","","Bāuyi 95%; Standard type Persian 5%","Keykhosrow Taheri and Mansour Bozorgmehr, field notes 2024",30.427,51.144,
"","365a4a632d1fb65f22fb9b48236a45e9","3-37d3f95536209bf2ae9987fad2d40957","1172076","","Kohgiluyeh va Boyer Ahmad","","","","","","","","","","","","",,"","","","",,30.35245,51.20264,
"","365a4a632d1fb65f22fb9b48236a40fa","5-8740148e4c9b579eee6f3cbf50582687","1172077","","Kohgiluyeh va Boyer Ahmad","","","","","","","","","","","Sāādat Ābād","Keykhosrow Taheri and Mansour Bozorgmehr, field notes 2024",264,"","","","Bāuyi 95%; Standard type Persian 5%","Keykhosrow Taheri and Mansour Bozorgmehr, field notes 2024",30.346,51.17,
"","365a4a632d1fb65f22fb9b48236a3825","5-549800444767c847590add4cbec26284","1172078","","Kohgiluyeh va Boyer Ahmad","","","","","","","","","","","Soltun Ābād","Keykhosrow Taheri and Mansour Bozorgmehr, field notes 2024",69,"","","","Bāuyi 95%; Standard type Persian 5%","Keykhosrow Taheri and Mansour Bozorgmehr, field notes 2024",30.452,51.1,
"","365a4a632d1fb65f22fb9b48236a2ba9","5-01e2091b07ee22bb8c3012be0a8862ef","1172079","","Kohgiluyeh va Boyer Ahmad","","","","","","","","","","","Kushk-e Zafari","Keykhosrow Taheri and Mansour Bozorgmehr, field notes 2024",58,"","","","Bāuyi 95%; Standard type Persian 5%","Keykhosrow Taheri and Mansour Bozorgmehr, field notes 2024",30.43,51.128,
"","365a4a632d1fb65f22fb9b48236a2652","3-26338a3eaf74391bb3f32bcdba87aed8","1172080","","Kohgiluyeh va Boyer Ahmad","","","","","","","","","","","","",,"","","","",,30.45002,51.13089,
"","365a4a632d1fb65f22fb9b48236a20c6","5-bc7b0fd902db2ae07e9666a5e94d2b16","1172081","","Kohgiluyeh va Boyer Ahmad","","","","","","","","","","","Mele-e Tom","Keykhosrow Taheri and Mansour Bozorgmehr, field notes 2024",20,"","","","Bāuyi 95%; Standard type Persian 5%","Keykhosrow Taheri and Mansour Bozorgmehr, field notes 2024",30.466,51.085,
"","365a4a632d1fb65f22fb9b48236a1c03","5-d6c64704c7c9578b6f733f5f7eb4345f","1172082","","Kohgiluyeh va Boyer Ahmad","","","","","","","","","","","Mansir Ābād","Keykhosrow Taheri and Mansour Bozorgmehr, field notes 2024",224,"","","","Bāuyi 95%; Standard type Persian 5%","Keykhosrow Taheri and Mansour Bozorgmehr, field notes 2024",30.34,51.16,
"","365a4a632d1fb65f22fb9b48236a16e8","5-713de6bd55cda091c57242cde16b04c0","1172083","","Kohgiluyeh va Boyer Ahmad","","","","","","","","","","","Sarow Biz","Keykhosrow Taheri and Mansour Bozorgmehr, field notes 2024",755,"","","","Bāuyi 95%; Standard type Persian 5%","Keykhosrow Taheri and Mansour Bozorgmehr, field notes 2024",30.394,51.087,
"","365a4a632d1fb65f22fb9b48236a0e02","3-495eeb6ea5ca45cff9713fd63f59079d","1172084","","Kohgiluyeh va Boyer Ahmad","","","","","","","","","","","","",,"","","","",,30.37026,51.0792,
"","365a4a632d1fb65f22fb9b48236a8e2f","5-8f6bd8f8f2b858e789669d2140d13873","1172085","","Kohgiluyeh va Boyer Ahmad","","","","","","","","","","","Garros","Keykhosrow Taheri and Mansour Bozorgmehr, field notes 2024",69,"","","","Bāuyi 95%; Standard type Persian 5%","Keykhosrow Taheri and Mansour Bozorgmehr, field notes 2024",30.367,51.12,
"","365a4a632d1fb65f22fb9b48236a8953","3-88f3eb5371bece71d610e6abf641f2dc","1172086","","Kohgiluyeh va Boyer Ahmad","","","","","","","","","","","","",,"","","","",,30.36492,51.04856,
"","365a4a632d1fb65f22fb9b48236a8014","3-2cc147f0aa9cc3850fd70d576957a6a6","1172087","","Kohgiluyeh va Boyer Ahmad","","","","","","","","","","","","",,"","","","",,30.38359,51.12345,
"","365a4a632d1fb65f22fb9b482374b56e","2-71584f9c89bb62094f4c1656af7a901b","1172088","","Kohgiluyeh va Boyer Ahmad","","","","","","","","","","","","",2428,"","","","",,,,
"","365a4a632d1fb65f22fb9b48236a75e9","5-34f85cfa107a142672c98d96fbf595a1","1172089","","Kohgiluyeh va Boyer Ahmad","","","","","","","","","","","Eshkaft Shāh","Keykhosrow Taheri and Mansour Bozorgmehr, field notes 2024",49,"","","","Bāuyi 95%; Standard type Persian 5%","Keykhosrow Taheri and Mansour Bozorgmehr, field notes 2024",30.57,51.098,
"","365a4a632d1fb65f22fb9b48236a684e","3-e6773cc028db4927c985ccee27e440fc","1172090","","Kohgiluyeh va Boyer Ahmad","","","","","","","","","","","","",,"","","","",,30.50133,51.07939,
"","365a4a632d1fb65f22fb9b48236a6188","5-d7c2b96439823f72c6df7f6988a22199","1172091","","Kohgiluyeh va Boyer Ahmad","","","","","","","","","","","Bursengun","Keykhosrow Taheri and Mansour Bozorgmehr, field notes 2024",89,"","","","Bāuyi 95%; Standard type Persian 5%","Keykhosrow Taheri and Mansour Bozorgmehr, field notes 2024",30.471,51.058,
"","365a4a632d1fb65f22fb9b48236a5d02","3-d1626ba500a8307635760db947a54f49","1172092","","Kohgiluyeh va Boyer Ahmad","","","","","","","","","","","","",,"","","","",,30.57124,51.07362,
"","365a4a632d1fb65f22fb9b48236a599f","5-7b4a18c5402ce8b44e9b367dce431805","1172093","","Kohgiluyeh va Boyer Ahmad","","","","","","","","","","","Pitsow","Keykhosrow Taheri and Mansour Bozorgmehr, field notes 2024",,"","","","Bāuyi 95%; Standard type Persian 5%","Keykhosrow Taheri and Mansour Bozorgmehr, field notes 2024",30.56954,51.08851,
"","365a4a632d1fb65f22fb9b48236a5388","5-8c4243b38ad07b2d1992c4e5ffc6faeb","1172094","","Kohgiluyeh va Boyer Ahmad","","","","","","","","","","","Tsobkonom","Keykhosrow Taheri and Mansour Bozorgmehr, field notes 2024",39,"","","","Bāuyi 95%; Standard type Persian 5%","Keykhosrow Taheri and Mansour Bozorgmehr, field notes 2024",30.648,50.975,
"","365a4a632d1fb65f22fb9b48236a4ba4","3-8c18e934d83a876bc33d5b4c3d04a641","1172095","","Kohgiluyeh va Boyer Ahmad","","","","","","","","","","","","",,"","","","",,30.59133,51.05914,
"","365a4a632d1fb65f22fb9b48236afc61","5-bdb363ede5d2ac83f33694df44af25cc","1172096","","Kohgiluyeh va Boyer Ahmad","","","","","","","","","","","Dam Tang-e Men Tangun","Keykhosrow Taheri and Mansour Bozorgmehr, field notes 2024",58,"","","","Bāuyi 95%; Standard type Persian 5%","Keykhosrow Taheri and Mansour Bozorgmehr, field notes 2024",30.477,51.074,
"","365a4a632d1fb65f22fb9b48236af427","5-847a50dcb58ff051a3c53780f3347cfc","1172097","","Kohgiluyeh va Boyer Ahmad","","","","","","","","","","","Deh Tit","Keykhosrow Taheri and Mansour Bozorgmehr, field notes 2024",37,"","","","Bāuyi 95%; Standard type Persian 5%","Keykhosrow Taheri and Mansour Bozorgmehr, field notes 2024",30.607,51.032,
"","365a4a632d1fb65f22fb9b48236ae6e7","5-8296f73bfe0fa649a3441f4a1ad1f0a8","1172098","","Kohgiluyeh va Boyer Ahmad","","","","","","","","","","","Zir Koh","Keykhosrow Taheri and Mansour Bozorgmehr, field notes 2024",33,"","","","Bāuyi 95%; Standard type Persian 5%","Keykhosrow Taheri and Mansour Bozorgmehr, field notes 2024",30.589,51.064,
"","365a4a632d1fb65f22fb9b48236ad7e7","5-49e089078cc0810449488a3749b8d5b0","1172099","","Kohgiluyeh va Boyer Ahmad","","","","","","","","","","","Sarāskhuna","Keykhosrow Taheri and Mansour Bozorgmehr, field notes 2024",32,"","","","Bāuyi 95%; Standard type Persian 5%","Keykhosrow Taheri and Mansour Bozorgmehr, field notes 2024",30.582,51.109,
"","365a4a632d1fb65f22fb9b48236ac880","3-599a16f1959f89d245b739f27a76859f","1172100","","Kohgiluyeh va Boyer Ahmad","","","","","","","","","","","","",,"","","","",,30.6044,51.01388,
"","365a4a632d1fb65f22fb9b48236abbbe","5-b3b00cfd6bfa3984008ad7b222b9a6af","1172101","","Kohgiluyeh va Boyer Ahmad","","","","","","","","","","","Kende-y Gurow","Keykhosrow Taheri and Mansour Bozorgmehr, field notes 2024",44,"","","","Bāuyi 95%; Standard type Persian 5%","Keykhosrow Taheri and Mansour Bozorgmehr, field notes 2024",30.59456,51.13636,
"","365a4a632d1fb65f22fb9b48236ab355","5-a9e1084f355a1a7983fef18bbaed4469","1172102","","Kohgiluyeh va Boyer Ahmad","","","","","","","","","","","Liru","Keykhosrow Taheri and Mansour Bozorgmehr, field notes 2024",27,"","","","Bāuyi 95%; Standard type Persian 5%","Keykhosrow Taheri and Mansour Bozorgmehr, field notes 2024",30.63,50.998,
"","365a4a632d1fb65f22fb9b48236aada7","3-98759b792a7aaf2c1d49e8fa863145d9","1172103","","Kohgiluyeh va Boyer Ahmad","","","","","","","","","","","","",,"","","","",,30.58793,51.049,
"","365a4a632d1fb65f22fb9b48236aa54e","5-8b05c6f06aeea377546cfa839d6b5e38","1172104","","Kohgiluyeh va Boyer Ahmad","","","","","","","","","","","Merzengun","Keykhosrow Taheri and Mansour Bozorgmehr, field notes 2024",24,"","","","Bāuyi 95%; Standard type Persian 5%","Keykhosrow Taheri and Mansour Bozorgmehr, field notes 2024",30.57,51.123,
"","365a4a632d1fb65f22fb9b48236a96ad","5-f7aff25da315b38644cafd1c9d1e1083","1172105","","Kohgiluyeh va Boyer Ahmad","","","","","","","","","","","Mowri Kash","Keykhosrow Taheri and Mansour Bozorgmehr, field notes 2024",,"","","","Bāuyi 95%; Standard type Persian 5%","Keykhosrow Taheri and Mansour Bozorgmehr, field notes 2024",30.46564,51.07002,
"","365a4a632d1fb65f22fb9b48236b58b3","5-3700b28c3ef65825513423827a2f90fe","1172106","","Kohgiluyeh va Boyer Ahmad","","","","","","","","","","","Men Tangun","Keykhosrow Taheri and Mansour Bozorgmehr, field notes 2024",,"","","","Bāuyi 95%; Standard type Persian 5%","Keykhosrow Taheri and Mansour Bozorgmehr, field notes 2024",30.48448,51.08253,
"","365a4a632d1fb65f22fb9b48236b4f32","5-5d167d3912f659a48672eb688979d094","1172107","","Kohgiluyeh va Boyer Ahmad","","","","","","","","","","","Nārg Musā","Keykhosrow Taheri and Mansour Bozorgmehr, field notes 2024",153,"","","","Bāuyi 95%; Standard type Persian 5%","Keykhosrow Taheri and Mansour Bozorgmehr, field notes 2024",30.487,51.039,
"","365a4a632d1fb65f22fb9b48236b4af7","3-407b90707f43496307e477bbfb0c12f4","1172108","","Kohgiluyeh va Boyer Ahmad","","","","","","","","","","","","",,"","","","",,30.66946,50.92762,
"","365a4a632d1fb65f22fb9b48236b455b","3-cc2d63f66ce2b278c309dd4b582a28d3","1172109","","Kohgiluyeh va Boyer Ahmad","","","","","","","","","","","","",,"","","","",,30.65806,50.94604,
"","365a4a632d1fb65f22fb9b48236b3c7c","5-603e97549f81efc5e1492448926896d9","1172110","","Kohgiluyeh va Boyer Ahmad","","","","","","","","","","","Deh Bid-e Pitsow","Keykhosrow Taheri and Mansour Bozorgmehr, field notes 2024",,"","","","Bāuyi 95%; Standard type Persian 5%","Keykhosrow Taheri and Mansour Bozorgmehr, field notes 2024",30.61358,51.02551,
"","365a4a632d1fb65f22fb9b482374b554","4-ec603aea17d2d4dc4f493e524e1cc56a","1172111","","Kohgiluyeh va Boyer Ahmad","","","","","","","","","","","Bar De Rā Pitsow","Keykhosrow Taheri and Mansour Bozorgmehr, field notes 2024",,"","","","Bāuyi 95%; Standard type Persian 5%","Keykhosrow Taheri and Mansour Bozorgmehr, field notes 2024",,,
"","365a4a632d1fb65f22fb9b48236b2d75","3-32d668368a30b046b908bf3d301dd24a","1172112","","Kohgiluyeh va Boyer Ahmad","","","","","","","","","","","","",,"","","","",,30.65248,50.93731,
"","365a4a632d1fb65f22fb9b48236b2695","3-6ed68626e1060831d581db06d68794d0","1172113","","Kohgiluyeh va Boyer Ahmad","","","","","","","","","","","","",,"","","","",,30.57784,51.04254,
"","365a4a632d1fb65f22fb9b48236b1f57","5-62a46dad60f1833a365b8f026071936a","1172114","","Kohgiluyeh va Boyer Ahmad","","","","","","","","","","","Hezim","Keykhosrow Taheri and Mansour Bozorgmehr, field notes 2024",22,"","","","Bāuyi 95%; Standard type Persian 5%","Keykhosrow Taheri and Mansour Bozorgmehr, field notes 2024",30.486,51.121,
"","365a4a632d1fb65f22fb9b48236b172b","5-7c9db9634f7142157d62c989e8b64ca3","1172115","","Kohgiluyeh va Boyer Ahmad","","","","","","","","","","","Miyuna","Keykhosrow Taheri and Mansour Bozorgmehr, field notes 2024",7,"","","","Bāuyi 95%; Standard type Persian 5%","Keykhosrow Taheri and Mansour Bozorgmehr, field notes 2024",30.494,51.109,
"","365a4a632d1fb65f22fb9b48236b0bd6","5-fe7ace3ede345e424e6f35e333cfc729","1172116","","Kohgiluyeh va Boyer Ahmad","","","","","","","","","","","Anāresun","Keykhosrow Taheri and Mansour Bozorgmehr, field notes 2024",,"","","","Bāuyi 95%; Standard type Persian 5%","Keykhosrow Taheri and Mansour Bozorgmehr, field notes 2024",30.50186,51.10019,
"","365a4a632d1fb65f22fb9b48236bab49","5-06c7c27340fdfca2381d5d49e257098f","1172117","","Kohgiluyeh va Boyer Ahmad","","","","","","","","","","","Mir Dzāber-e Pitsow","Keykhosrow Taheri and Mansour Bozorgmehr, field notes 2024",15,"","","","Bāuyi 95%; Standard type Persian 5%","Keykhosrow Taheri and Mansour Bozorgmehr, field notes 2024",30.547,51.079,
"","365a4a632d1fb65f22fb9b482374a59b","2-7c318f561d92d1a6ba4066c014fd0b61","1172118","","Kohgiluyeh va Boyer Ahmad","","","","","","","","","","","","",,"","","","",,,,
"","365a4a632d1fb65f22fb9b48236ba549","5-cebf4fba0f39a43d2d51ec2c00c9fac1","1172119","","Kohgiluyeh va Boyer Ahmad","","","","","","","","","","","Shahrak-e Khezyun","Keykhosrow Taheri and Mansour Bozorgmehr, field notes 2024",121,"","","","Bāuyi 95%; Standard type Persian 5%","Keykhosrow Taheri and Mansour Bozorgmehr, field notes 2024",30.578,51.054,
"","365a4a632d1fb65f22fb9b48236b9fb2","5-5863e7d851642f83053a98949f95dcd2","1172120","","Kohgiluyeh va Boyer Ahmad","","","","","","","","","","","Owdehgah","Keykhosrow Taheri and Mansour Bozorgmehr, field notes 2024",342,"","","","Bāuyi 95%; Standard type Persian 5%","Keykhosrow Taheri and Mansour Bozorgmehr, field notes 2024",30.451,51.045,
"","365a4a632d1fb65f22fb9b48236b94fb","3-98c665b6d9c1c617224d7c3669d57dd6","1172121","","Kohgiluyeh va Boyer Ahmad","","","","","","","","","","","","",,"","","","",,30.51453,50.94854,
"","365a4a632d1fb65f22fb9b48236b8bd3","5-4f89d3810db3bdebcf15c92828c85dbd","1172122","","Kohgiluyeh va Boyer Ahmad","","","","","","","","","","","Pambezār-e Owdehgah","Keykhosrow Taheri and Mansour Bozorgmehr, field notes 2024",60,"","","","Bāuyi 95%; Standard type Persian 5%","Keykhosrow Taheri and Mansour Bozorgmehr, field notes 2024",30.457,51.032,
"","365a4a632d1fb65f22fb9b48236b88fd","5-707a35e3083f0aeffc2fe8985a61be1f","1172123","","Kohgiluyeh va Boyer Ahmad","","","","","","","","","","","Tol Tseghā","Keykhosrow Taheri and Mansour Bozorgmehr, field notes 2024",176,"","","","Bāuyi 95%; Standard type Persian 5%","Keykhosrow Taheri and Mansour Bozorgmehr, field notes 2024",30.54,50.962,
"","365a4a632d1fb65f22fb9b48236b7f4d","5-543f87238039883c4024abc0b50bdac4","1172124","","Kohgiluyeh va Boyer Ahmad","","","","","","","","","","","Tang-e Homgun","Keykhosrow Taheri and Mansour Bozorgmehr, field notes 2024",62,"","","","Bāuyi 95%; Standard type Persian 5%","Keykhosrow Taheri and Mansour Bozorgmehr, field notes 2024",30.464,51.005,
"","365a4a632d1fb65f22fb9b48236b71aa","5-e79e6cfbadd86966fd5243b0f40e09db","1172125","","Kohgiluyeh va Boyer Ahmad","","","","","","","","","","","Tseshma Darra, Tseshma Derra","Keykhosrow Taheri and Mansour Bozorgmehr, field notes 2024",32,"","","","Bāuyi 95%; Standard type Persian 5%","Keykhosrow Taheri and Mansour Bozorgmehr, field notes 2024",30.464,51.022,
"","365a4a632d1fb65f22fb9b48236b6ad5","5-91ded5e9c8e753e0c0c59c284c4c9790","1172126","","Kohgiluyeh va Boyer Ahmad","","","","","","","","","","","Tsashma Reshta","Keykhosrow Taheri and Mansour Bozorgmehr, field notes 2024",27,"","","","Bāuyi 95%; Standard type Persian 5%","Keykhosrow Taheri and Mansour Bozorgmehr, field notes 2024",30.547,50.935,
"","365a4a632d1fb65f22fb9b48236b637e","5-acc9d9d1708dfa5eb5b6d55f7479e7db","1172127","","Kohgiluyeh va Boyer Ahmad","","","","","","","","","","","Tsel Metri-ye Homgun","Keykhosrow Taheri and Mansour Bozorgmehr, field notes 2024",,"","","","Bāuyi 95%; Standard type Persian 5%","Keykhosrow Taheri and Mansour Bozorgmehr, field notes 2024",30.46931,51.00917,
"","365a4a632d1fb65f22fb9b48236bf631","5-61a1d1d77103036d9c38cc909c73c038","1172128","","Kohgiluyeh va Boyer Ahmad","","","","","","","","","","","Derk","Keykhosrow Taheri and Mansour Bozorgmehr, field notes 2024",68,"","","","Bāuyi 95%; Standard type Persian 5%","Keykhosrow Taheri and Mansour Bozorgmehr, field notes 2024",30.545,50.953,
"","365a4a632d1fb65f22fb9b48236be857","3-90eff8ccf413e0533141b4da925b1cbf","1172129","","Kohgiluyeh va Boyer Ahmad","","","","","","","","","","","","",,"","","","",,30.51563,50.95683,
"","365a4a632d1fb65f22fb9b48236be367","3-1ce8370e28e54a04c89a7866c657f9c8","1172130","","Kohgiluyeh va Boyer Ahmad","","","","","","","","","","","","",,"","","","",,30.56584,50.96128,
"","365a4a632d1fb65f22fb9b48236be085","5-9d2785ac18bae4390c767c26430f924d","1172131","","Kohgiluyeh va Boyer Ahmad","","","","","","","","","","","Shādegun","Keykhosrow Taheri and Mansour Bozorgmehr, field notes 2024",20,"","","","Bāuyi 95%; Standard type Persian 5%","Keykhosrow Taheri and Mansour Bozorgmehr, field notes 2024",30.562,50.92,
"","365a4a632d1fb65f22fb9b48236bd5d2","5-78ce5c98b68d546db8ac51be597b6dc4","1172132","","Kohgiluyeh va Boyer Ahmad","","","","","","","","","","","Shā Bahrom","Keykhosrow Taheri and Mansour Bozorgmehr, field notes 2024",138,"","","","Bāuyi 95%; Standard type Persian 5%","Keykhosrow Taheri and Mansour Bozorgmehr, field notes 2024",30.59,50.883,
"","365a4a632d1fb65f22fb9b48236bd270","5-e836c5ea633885da31911f08ce19bd7f","1172133","","Kohgiluyeh va Boyer Ahmad","","","","","","","","","","","Shā Zeyn Ahli","Keykhosrow Taheri and Mansour Bozorgmehr, field notes 2024",213,"","","","Bāuyi 95%; Standard type Persian 5%","Keykhosrow Taheri and Mansour Bozorgmehr, field notes 2024",30.445,51.006,
"","365a4a632d1fb65f22fb9b48236bc812","3-4435d6a83cda9020eb7f08fabbfc674e","1172134","","Kohgiluyeh va Boyer Ahmad","","","","","","","","","","","","",,"","","","",,30.52229,51.00342,
"","365a4a632d1fb65f22fb9b48236bc7fa","5-3dd5f77d42467d815471ceae61958439","1172135","","Kohgiluyeh va Boyer Ahmad","","","","","","","","","","","Faht","Keykhosrow Taheri and Mansour Bozorgmehr, field notes 2024",36,"","","","Bāuyi 95%; Standard type Persian 5%","Keykhosrow Taheri and Mansour Bozorgmehr, field notes 2024",30.576,50.858,
"","365a4a632d1fb65f22fb9b48236bbdd8","5-a323185a73717240276c960df7c70d39","1172136","","Kohgiluyeh va Boyer Ahmad","","","","","","","","","","","Kezengun-e Soflā","Keykhosrow Taheri and Mansour Bozorgmehr, field notes 2024",53,"","","","Bāuyi 95%; Standard type Persian 5%","Keykhosrow Taheri and Mansour Bozorgmehr, field notes 2024",30.486,51.002,
"","365a4a632d1fb65f22fb9b48236baee6","5-63ab27856e210b3806b6d89bfd88eb4e","1172137","","Kohgiluyeh va Boyer Ahmad","","","","","","","","","","","Kezengun-e Olyā","Keykhosrow Taheri and Mansour Bozorgmehr, field notes 2024",44,"","","","Bāuyi 95%; Standard type Persian 5%","Keykhosrow Taheri and Mansour Bozorgmehr, field notes 2024",30.488,50.992,
"","365a4a632d1fb65f22fb9b48236c5e44","5-26c6a92035111bce90946353ab18fc94","1172138","","Kohgiluyeh va Boyer Ahmad","","","","","","","","","","","Kalge-y Amir Sheykhi, Kalge-y Amir Shekhi","Keykhosrow Taheri and Mansour Bozorgmehr, field notes 2024",93,"","","","Bāuyi 95%; Standard type Persian 5%","Keykhosrow Taheri and Mansour Bozorgmehr, field notes 2024",30.394,51.046,
"","365a4a632d1fb65f22fb9b48236c5158","5-ba3f85a484c1025ae26dbda0e0fa218e","1172139","","Kohgiluyeh va Boyer Ahmad","","","","","","","","","","","Kalāgun","Keykhosrow Taheri and Mansour Bozorgmehr, field notes 2024",106,"","","","Bāuyi 95%; Standard type Persian 5%","Keykhosrow Taheri and Mansour Bozorgmehr, field notes 2024",30.427,51.038,
"","365a4a632d1fb65f22fb9b48236c4987","5-5474bf0c63dc455dab463a434cfbc336","1172140","","Kohgiluyeh va Boyer Ahmad","","","","","","","","","","","Kohsarak-e Soflā","Keykhosrow Taheri and Mansour Bozorgmehr, field notes 2024",32,"","","","Bāuyi 95%; Standard type Persian 5%","Keykhosrow Taheri and Mansour Bozorgmehr, field notes 2024",30.558,50.922,
"","365a4a632d1fb65f22fb9b48236c4228","5-3a236ff6223b87ab7c2e422749f1e6c1","1172141","","Kohgiluyeh va Boyer Ahmad","","","","","","","","","","","Kohsarak-e Olyā","Keykhosrow Taheri and Mansour Bozorgmehr, field notes 2024",19,"","","","Bāuyi 95%; Standard type Persian 5%","Keykhosrow Taheri and Mansour Bozorgmehr, field notes 2024",30.547,50.923,
"","365a4a632d1fb65f22fb9b48236c36e7","5-1ad4aebcb3e9964a370c31fd35f4a6d6","1172142","","Kohgiluyeh va Boyer Ahmad","","","","","","","","","","","Kehle-ye Bard Ku Shā Bahrām, Kehle-ye Bard Ku Shāh Bahrām","Keykhosrow Taheri and Mansour Bozorgmehr, field notes 2024",,"","","","Bāuyi 95%; Standard type Persian 5%","Keykhosrow Taheri and Mansour Bozorgmehr, field notes 2024",30.61911,50.90059,
"","365a4a632d1fb65f22fb9b48236c293a","5-460974e965832f0a462431e123400b01","1172143","","Kohgiluyeh va Boyer Ahmad","","","","","","","","","","","Gow-e Murd","Keykhosrow Taheri and Mansour Bozorgmehr, field notes 2024",,"","","","Bāuyi 95%; Standard type Persian 5%","Keykhosrow Taheri and Mansour Bozorgmehr, field notes 2024",30.5437,50.99515,
"","365a4a632d1fb65f22fb9b48236c2030","5-f43f737ed15b42e6991745cac18df54e","1172144","","Kohgiluyeh va Boyer Ahmad","","","","","","","","","","","Lār","Keykhosrow Taheri and Mansour Bozorgmehr, field notes 2024",37,"","","","Bāuyi 95%; Standard type Persian 5%","Keykhosrow Taheri and Mansour Bozorgmehr, field notes 2024",30.547,50.952,
"","365a4a632d1fb65f22fb9b48236c105c","5-6addb8b4a6ccaae5a0eb5d5ed593c8bb","1172145","","Kohgiluyeh va Boyer Ahmad","","","","","","","","","","","Nāzengun-e Olyā","Keykhosrow Taheri and Mansour Bozorgmehr, field notes 2024",52,"","","","Bāuyi 95%; Standard type Persian 5%","Keykhosrow Taheri and Mansour Bozorgmehr, field notes 2024",30.482,51.006,
"","365a4a632d1fb65f22fb9b48236c01a0","3-1e6d53ffabe46b730ce19a00cba31757","1172146","","Kohgiluyeh va Boyer Ahmad","","","","","","","","","","","","",,"","","","",,30.51737,50.92467,
"","365a4a632d1fb65f22fb9b48236bf8ff","3-a3f0c056471bc1fb2502ca30232acb19","1172147","","Kohgiluyeh va Boyer Ahmad","","","","","","","","","","","","",,"","","","",,30.48832,50.95061,
"","365a4a632d1fb65f22fb9b48236cbabe","5-01cfc96a5aa61b32e119fe60e6faee27","1172148","","Kohgiluyeh va Boyer Ahmad","","","","","","","","","","","Pahzir","Keykhosrow Taheri and Mansour Bozorgmehr, field notes 2024",,"","","","Bāuyi 95%; Standard type Persian 5%","Keykhosrow Taheri and Mansour Bozorgmehr, field notes 2024",30.52072,50.94479,
"","365a4a632d1fb65f22fb9b48236cb457","3-855a12941bb1c549843e73830d66c7ab","1172149","","Kohgiluyeh va Boyer Ahmad","","","","","","","","","","","","",,"","","","",,30.482,50.957,
"","365a4a632d1fb65f22fb9b48236cacdb","7-b96e7fb37f737ce2f2da6c61a4fbd6e4","1172150","","Kohgiluyeh va Boyer Ahmad","","","","","","","","","","","Bāsht","Keykhosrow Taheri and Mansour Bozorgmehr, field notes 2024",10764,"","","","Bāuyi 70%; Boyerahmadi 15%; Standard type Persian 10%; mixed 4%; Khuzestāni Arabic 1%","Keykhosrow Taheri, Faramarz Asadinezhad and Mansour Bozorgmehr, field notes 2024",30.36,51.159,
"","365a4a632d1fb65f22fb9b4823749856","2-e2e1fb10e17a3768b672376e630ed9fc","1172151","","Kohgiluyeh va Boyer Ahmad","","","","","","","","","","","","",5941,"","","","",,,,
"","365a4a632d1fb65f22fb9b4823748f21","2-542f853d92022a49cce5a812ab23c8c3","1172152","","Kohgiluyeh va Boyer Ahmad","","","","","","","","","","","","",4341,"","","","",,,,
"","365a4a632d1fb65f22fb9b48236ca526","5-0e1bf40b057d39004aed10a6f32ff51c","1172153","","Kohgiluyeh va Boyer Ahmad","","","","","","","","","","","Ow Konāru","Keykhosrow Taheri and Mansour Bozorgmehr, field notes 2024",98,"","","","Bāuyi 95%; Standard type Persian 5%","Keykhosrow Taheri and Mansour Bozorgmehr, field notes 2024",30.345,51.094,
"","365a4a632d1fb65f22fb9b48236c96b8","5-d7eb8386999c88e15088ece7e44cd2d2","1172154","","Kohgiluyeh va Boyer Ahmad","","","","","","","","","","","Eslām Ābād-e Ghowrak","Keykhosrow Taheri and Mansour Bozorgmehr, field notes 2024",160,"","","","Bāuyi 95%; Standard type Persian 5%","Keykhosrow Taheri and Mansour Bozorgmehr, field notes 2024",30.275,51.186,
"","365a4a632d1fb65f22fb9b48236c900e","5-77f074362b85a038b7e3aedcc49da62a","1172155","","Kohgiluyeh va Boyer Ahmad","","","","","","","","","","","Horovak","Keykhosrow Taheri and Mansour Bozorgmehr, field notes 2024",59,"","","","Bāuyi 95%; Standard type Persian 5%","Keykhosrow Taheri and Mansour Bozorgmehr, field notes 2024",30.345,51.076,
"","365a4a632d1fb65f22fb9b48236c8125","5-da94a9cf274f66459cd339ae280e1b08","1172156","","Kohgiluyeh va Boyer Ahmad","","","","","","","","","","","Bar Aftow Poshtkoh","Keykhosrow Taheri and Mansour Bozorgmehr, field notes 2024",100,"","","","Bāuyi 95%; Standard type Persian 5%","Keykhosrow Taheri and Mansour Bozorgmehr, field notes 2024",30.274,51.209,
"","365a4a632d1fb65f22fb9b48236c79fe","5-998c665c3b46c37be7eb9b5f1698ece8","1172157","","Kohgiluyeh va Boyer Ahmad","","","","","","","","","","","Bormāmiyun, Bormāmiyown","Keykhosrow Taheri and Mansour Bozorgmehr, field notes 2024",132,"","","","Bāuyi 95%; Standard type Persian 5%","Keykhosrow Taheri and Mansour Bozorgmehr, field notes 2024",30.341,51.063,
"","365a4a632d1fb65f22fb9b48236c7040","5-c48a196cf1a37ab17573287f9a6f0957","1172158","","Kohgiluyeh va Boyer Ahmad","","","","","","","","","","","Bidesown, Bidesun","Keykhosrow Taheri and Mansour Bozorgmehr, field notes 2024",173,"","","","Bāuyi 95%; Standard type Persian 5%","Keykhosrow Taheri and Mansour Bozorgmehr, field notes 2024",30.259,51.234,
"","365a4a632d1fb65f22fb9b48236c6534","5-a6faed4b533064ad7c892bf9a44c2e46","1172159","","Kohgiluyeh va Boyer Ahmad","","","","","","","","","","","Ghazanfar-e Khun Ahmad-e Soflā","Keykhosrow Taheri and Mansour Bozorgmehr, field notes 2024",61,"","","","Bāuyi 95%; Standard type Persian 5%","Keykhosrow Taheri and Mansour Bozorgmehr, field notes 2024",30.307,51.094,
"","365a4a632d1fb65f22fb9b48236cf9a1","5-9335617a339a16676c987826093bf50d","1172160","","Kohgiluyeh va Boyer Ahmad","","","","","","","","","","","Ghowrak-e Dumeni","Keykhosrow Taheri and Mansour Bozorgmehr, field notes 2024",70,"","","","Bāuyi 95%; Standard type Persian 5%","Keykhosrow Taheri and Mansour Bozorgmehr, field notes 2024",30.274,51.176,
"","365a4a632d1fb65f22fb9b48236cf2e9","5-77628a6cbd97423ca72d592a193513a6","1172161","","Kohgiluyeh va Boyer Ahmad","","","","","","","","","","","Ghowrak-e Bāley","Keykhosrow Taheri and Mansour Bozorgmehr, field notes 2024",107,"","","","Bāuyi 95%; Standard type Persian 5%","Keykhosrow Taheri and Mansour Bozorgmehr, field notes 2024",30.262,51.168,
"","365a4a632d1fb65f22fb9b48236cf119","5-32387a4336d1d9269c618cb4a978cc2f","1172162","","Kohgiluyeh va Boyer Ahmad","","","","","","","","","","","Ghowrak-e Vasati","Keykhosrow Taheri and Mansour Bozorgmehr, field notes 2024",17,"","","","Bāuyi 95%; Standard type Persian 5%","Keykhosrow Taheri and Mansour Bozorgmehr, field notes 2024",30.266,51.168,
"","365a4a632d1fb65f22fb9b48236cee1b","5-50ea5a98dfa659d5f54328b8bd9a7a05","1172163","","Kohgiluyeh va Boyer Ahmad","","","","","","","","","","","Dzehān Ābād-e Ghowrak","Keykhosrow Taheri and Mansour Bozorgmehr, field notes 2024",,"","","","Bāuyi 95%; Standard type Persian 5%","Keykhosrow Taheri and Mansour Bozorgmehr, field notes 2024",30.27836,51.19478,
"","365a4a632d1fb65f22fb9b48236ce859","5-a2e5e08a474ea4b4d156baf94bd8f39e","1172164","","Kohgiluyeh va Boyer Ahmad","","","","","","","","","","","Tsam-e Khun","Keykhosrow Taheri and Mansour Bozorgmehr, field notes 2024",71,"","","","Bāuyi 95%; Standard type Persian 5%","Keykhosrow Taheri and Mansour Bozorgmehr, field notes 2024",30.255,51.218,
"","365a4a632d1fb65f22fb9b48236cdc27","5-27770fe24ccdc982c1a2c6775b0a0190","1172165","","Kohgiluyeh va Boyer Ahmad","","","","","","","","","","","Hādz Qalandar","Keykhosrow Taheri and Mansour Bozorgmehr, field notes 2024",82,"","","","Bāuyi 95%; Standard type Persian 5%","Keykhosrow Taheri and Mansour Bozorgmehr, field notes 2024",30.246,51.199,
"","365a4a632d1fb65f22fb9b48236cd8a3","5-1dd69bd208432974816ffa5dbe378f1d","1172166","","Kohgiluyeh va Boyer Ahmad","","","","","","","","","","","Dara Dare-y Olyā","Keykhosrow Taheri and Mansour Bozorgmehr, field notes 2024",49,"","","","Bāuyi 95%; Standard type Persian 5%","Keykhosrow Taheri and Mansour Bozorgmehr, field notes 2024",30.26,51.167,
"","365a4a632d1fb65f22fb9b48236cca7a","5-590d16852cefc81bf09db824da163b73","1172167","","Kohgiluyeh va Boyer Ahmad","","","","","","","","","","","Dasht Mowr-e Ghowrak","Keykhosrow Taheri and Mansour Bozorgmehr, field notes 2024",19,"","","","Bāuyi 95%; Standard type Persian 5%","Keykhosrow Taheri and Mansour Bozorgmehr, field notes 2024",30.283,51.17,
"","365a4a632d1fb65f22fb9b48236cc599","5-3fb41d8e5d506e700d05e87ec67fbdb7","1172168","","Kohgiluyeh va Boyer Ahmad","","","","","","","","","","","Deh Kohne-ye Ghowrak","Keykhosrow Taheri and Mansour Bozorgmehr, field notes 2024",27,"","","","Bāuyi 95%; Standard type Persian 5%","Keykhosrow Taheri and Mansour Bozorgmehr, field notes 2024",30.285,51.162,
"","365a4a632d1fb65f22fb9b48236cc2cf","5-775e8124f1ed7288ce5cf7f1ac226d27","1172169","","Kohgiluyeh va Boyer Ahmad","","","","","","","","","","","Dam Koh Shusht, Dam Koh-e Shush","Keykhosrow Taheri and Mansour Bozorgmehr, field notes 2024",23,"","","","Bāuyi 95%; Standard type Persian 5%","Keykhosrow Taheri and Mansour Bozorgmehr, field notes 2024",30.282,51.232,
"","365a4a632d1fb65f22fb9b48236d4830","5-86b2f9488a528911ee24d2429e4adf69","1172170","","Kohgiluyeh va Boyer Ahmad","","","","","","","","","","","Goshtāseb-e Khun Ahmad","Keykhosrow Taheri and Mansour Bozorgmehr, field notes 2024",100,"","","","Bāuyi 95%; Standard type Persian 5%","Keykhosrow Taheri and Mansour Bozorgmehr, field notes 2024",30.319,51.091,
"","365a4a632d1fb65f22fb9b48236d479b","5-04ae496af5925208b33c499eeebdfe55","1172171","","Kohgiluyeh va Boyer Ahmad","","","","","","","","","","","Melā Sartip (Bāuyi), Sartip Āvād (Ghashghāi)","Keykhosrow Taheri, Eydi Abbasi and Mansour Bozorgmehr, field notes 2024",94,"","","","Bāuyi 65%; Ghashghāi 20%; Standard type Persian 15%","Keykhosrow Taheri, Eydi Abbasi and Mansour Bozorgmehr, field notes 2024",30.289,51.145,
"","365a4a632d1fb65f22fb9b48236d3f3b","5-3c02bb5f8e5a80da917a35b948bbe4e0","1172172","","Kohgiluyeh va Boyer Ahmad","","","","","","","","","","","Derk-e Poshtkoh Khun Ahmad","Keykhosrow Taheri and Mansour Bozorgmehr, field notes 2024",16,"","","","Bāuyi 95%; Standard type Persian 5%","Keykhosrow Taheri and Mansour Bozorgmehr, field notes 2024",30.293,51.12,
"","365a4a632d1fb65f22fb9b48236d3bc5","5-2443f7dfa134086656b59772c0cc3345","1172173","","Kohgiluyeh va Boyer Ahmad","","","","","","","","","","","Khubyār-e Bar Aftow Poshtkoh","Keykhosrow Taheri and Mansour Bozorgmehr, field notes 2024",,"","","","Bāuyi 95%; Standard type Persian 5%","Keykhosrow Taheri and Mansour Bozorgmehr, field notes 2024",30.27617,51.20241,
"","365a4a632d1fb65f22fb9b48236d316b","5-16652423abbbb64faa939dfc94a6e54b","1172174","","Kohgiluyeh va Boyer Ahmad","","","","","","","","","","","Dul-e Bezorg-e Khun Ahmad","Keykhosrow Taheri and Mansour Bozorgmehr, field notes 2024",,"","","","Bāuyi 95%; Standard type Persian 5%","Keykhosrow Taheri and Mansour Bozorgmehr, field notes 2024",30.87197,50.31837,
"","365a4a632d1fb65f22fb9b48236d23e9","5-fe7570739631dfccf0673990043c199c","1172175","","Kohgiluyeh va Boyer Ahmad","","","","","","","","","","","Bursun","Keykhosrow Taheri and Mansour Bozorgmehr, field notes 2024",1248,"","","","Bāuyi 95%; Standard type Persian 5%","Keykhosrow Taheri and Mansour Bozorgmehr, field notes 2024",30.324,51.201,
"","365a4a632d1fb65f22fb9b48236d2177","5-3685f43862729dae82abe586da10b2de","1172176","","Kohgiluyeh va Boyer Ahmad","","","","","","","","","","","Ālekun","Keykhosrow Taheri and Mansour Bozorgmehr, field notes 2024",44,"","","","Bāuyi 95%; Standard type Persian 5%","Keykhosrow Taheri and Mansour Bozorgmehr, field notes 2024",30.338,51.196,
"","365a4a632d1fb65f22fb9b48236d1916","5-e204f880561443d340dc038933603f5c","1172177","","Kohgiluyeh va Boyer Ahmad","","","","","","","","","","","Emām Zāmen","Keykhosrow Taheri and Mansour Bozorgmehr, field notes 2024",67,"","","","Bāuyi 95%; Standard type Persian 5%","Keykhosrow Taheri and Mansour Bozorgmehr, field notes 2024",30.285,51.25,
"","365a4a632d1fb65f22fb9b48236d0b09","5-f9c2f0750cd511f2c9f74b704aaf7aa4","1172178","","Kohgiluyeh va Boyer Ahmad","","","","","","","","","","","Bursun-e Kotselu","Keykhosrow Taheri and Mansour Bozorgmehr, field notes 2024",73,"","","","Bāuyi 95%; Standard type Persian 5%","Keykhosrow Taheri and Mansour Bozorgmehr, field notes 2024",30.318,51.205,
"","365a4a632d1fb65f22fb9b48236d0623","5-e3bda1d1bb4c14201af41b4f6ef2400b","1172179","","Kohgiluyeh va Boyer Ahmad","","","","","","","","","","","Tsam Bolbol","Keykhosrow Taheri and Mansour Bozorgmehr, field notes 2024",184,"","","","Bāuyi 95%; Standard type Persian 5%","Keykhosrow Taheri and Mansour Bozorgmehr, field notes 2024",30.319,51.24,
"","365a4a632d1fb65f22fb9b48236da5ce","5-d41f141dc6fd5217443ad112cda07c94","1172180","","Kohgiluyeh va Boyer Ahmad","","","","","","","","","","","Deh Kond","Keykhosrow Taheri and Mansour Bozorgmehr, field notes 2024",131,"","","","Bāuyi 95%; Standard type Persian 5%","Keykhosrow Taheri and Mansour Bozorgmehr, field notes 2024",30.316,51.212,
"","365a4a632d1fb65f22fb9b48236d9b9e","9-9d2b89805040c8a4bd9028f4c7152595","1172181","","Kohgiluyeh va Boyer Ahmad","","","","","","","","","","","Shusht-e Soflā (Bāuyi), Shūsh il-Tālānī (Arabic)","Keykhosrow Taheri, Faramarz Asadinezhad and Mansour Bozorgmehr, field notes 2024",76,"","","","Bāuyi 90%; Khuzestāni Arabic 5%; Standard type Persian 5%","Keykhosrow Taheri, Faramarz Asadinezhad and Mansour Bozorgmehr, field notes 2024",30.313,51.211,
"","365a4a632d1fb65f22fb9b48236d9125","7-258a8dbac54ccf764fe90e7d565cb984","1172182","","Kohgiluyeh va Boyer Ahmad","","","","","","","","","","","Shusht-e Olyā (Bāuyi), Shūsh il-Awlānī (Arabic)","Keykhosrow Taheri, Faramarz Asadinezhad and Mansour Bozorgmehr, field notes 2024",156,"","","","Bāuyi 90%; Khuzestāni Arabic 5%; Standard type Persian 5%","Keykhosrow Taheri, Faramarz Asadinezhad and Mansour Bozorgmehr, field notes 2024",30.319,51.22,
"","365a4a632d1fb65f22fb9b48236d885a","5-b4dafc33d0d5f4f779a57b815141a58c","1172183","","Kohgiluyeh va Boyer Ahmad","","","","","","","","","","","Sheykhal","Keykhosrow Taheri and Mansour Bozorgmehr, field notes 2024",64,"","","","Bāuyi 95%; Standard type Persian 5%","Keykhosrow Taheri and Mansour Bozorgmehr, field notes 2024",30.338,51.101,
"","365a4a632d1fb65f22fb9b48236d7fc3","5-4928eb4fc7ab8756350d5337937182d0","1172184","","Kohgiluyeh va Boyer Ahmad","","","","","","","","","","","Ketah, Kata","Keykhosrow Taheri and Mansour Bozorgmehr, field notes 2024",351,"","","","Bāuyi 95%; Standard type Persian 5%","Keykhosrow Taheri and Mansour Bozorgmehr, field notes 2024",30.332,51.18,
"","365a4a632d1fb65f22fb9b48236d7a3f","5-0f160ed09a57fcb993afee15232ce61a","1172185","","Kohgiluyeh va Boyer Ahmad","","","","","","","","","","","Lirow","Keykhosrow Taheri and Mansour Bozorgmehr, field notes 2024",200,"","","","Bāuyi 95%; Standard type Persian 5%","Keykhosrow Taheri and Mansour Bozorgmehr, field notes 2024",30.342,51.219,
"","365a4a632d1fb65f22fb9b48236d7465","5-1c5072a499b75721abd9dc53aa7bd783","1172186","","Kohgiluyeh va Boyer Ahmad","","","","","","","","","","","Mela Barfi","Keykhosrow Taheri and Mansour Bozorgmehr, field notes 2024",167,"","","","Bāuyi 95%; Standard type Persian 5%","Keykhosrow Taheri and Mansour Bozorgmehr, field notes 2024",30.302,51.258,
"","365a4a632d1fb65f22fb9b48236d67c2","5-87c1f4e4c188c5da5e7bae494c07c7fa","1172187","","Kohgiluyeh va Boyer Ahmad","","","","","","","","","","","Tang Ow-e Shusht","Keykhosrow Taheri and Mansour Bozorgmehr, field notes 2024",52,"","","","Bāuyi 95%; Standard type Persian 5%","Keykhosrow Taheri and Mansour Bozorgmehr, field notes 2024",30.309,51.198,
"","365a4a632d1fb65f22fb9b48236d5ec5","3-d46266a9648d7031b739ab27f24df4c8","1172188","","Kohgiluyeh va Boyer Ahmad","","","","","","","","","","","","",,"","","","",,30.30417,51.20803,
"","365a4a632d1fb65f22fb9b48236d4f80","5-d81d26fa2eb05e600f435be38ae10c32","1172189","","Kohgiluyeh va Boyer Ahmad","","","","","","","","","","","Tahl Ow Ahmadzāda","Keykhosrow Taheri and Mansour Bozorgmehr, field notes 2024",26,"","","","Bāuyi 95%; Standard type Persian 5%","Keykhosrow Taheri and Mansour Bozorgmehr, field notes 2024",30.291,51.265,
"","365a4a632d1fb65f22fb9b48236df795","5-5b5ff8d3c02d4b9ce48a4065604ad69b","1172190","","Kohgiluyeh va Boyer Ahmad","","","","","","","","","","","Mehdi Ābād-e Khun Ahmad","Keykhosrow Taheri and Mansour Bozorgmehr, field notes 2024",11,"","","","Bāuyi 95%; Standard type Persian 5%","Keykhosrow Taheri and Mansour Bozorgmehr, field notes 2024",30.316,51.118,
"","365a4a632d1fb65f22fb9b4823748238","2-802727991c2c88b700429fcdd17f7f61","1172191","","Kohgiluyeh va Boyer Ahmad","","","","","","","","","","","","",,"","","","",,,,
"","365a4a632d1fb65f22fb9b48237533f4","2-e36fb6730b6024ccb0361ad53b04de5f","1172192","","Kohgiluyeh va Boyer Ahmad","","","","","","","","","","","","",1600,"","","","",,,,
"","365a4a632d1fb65f22fb9b48236de877","3-5d6410a9ddc365799347a3aa79e5a066","1172193","","Kohgiluyeh va Boyer Ahmad","","","","","","","","","","","","",,"","","","",,30.55574,51.08303,
"","365a4a632d1fb65f22fb9b48236ddaba","5-7005dafde97452cedf0e25bf04c7dcb2","1172194","","Kohgiluyeh va Boyer Ahmad","","","","","","","","","","","Bahre-ye Anā","Keykhosrow Taheri and Mansour Bozorgmehr, field notes 2024",524,"","","","Bāuyi 95%; Standard type Persian 5%","Keykhosrow Taheri and Mansour Bozorgmehr, field notes 2024",30.384,51.279,
"","365a4a632d1fb65f22fb9b48236dd922","3-8de87548cdea6cb231a7ad3492094bca","1172195","","Kohgiluyeh va Boyer Ahmad","","","","","","","","","","","","",,"","","","",,30.51573,51.1237,
"","365a4a632d1fb65f22fb9b48236dcc42","5-16f2ca287b50db19b3e66eaad91d88e6","1172196","","Kohgiluyeh va Boyer Ahmad","","","","","","","","","","","Takiya","Keykhosrow Taheri and Mansour Bozorgmehr, field notes 2024",36,"","","","Bāuyi 95%; Standard type Persian 5%","Keykhosrow Taheri and Mansour Bozorgmehr, field notes 2024",30.455,51.168,
"","365a4a632d1fb65f22fb9b48236dbcd8","5-92a9f65620b5f47dd2e2bdcd253cfe3a","1172197","","Kohgiluyeh va Boyer Ahmad","","","","","","","","","","","Tsāl Mura","Keykhosrow Taheri and Mansour Bozorgmehr, field notes 2024",352,"","","","Doshmanziyāri 95%; Standard type Persian 5%","Keykhosrow Taheri and Mansour Bozorgmehr, field notes 2024",30.353,51.235,
"","365a4a632d1fb65f22fb9b48236db1ab","5-a5975ec6303b5d4815a219efac0ae140","1172198","","Kohgiluyeh va Boyer Ahmad","","","","","","","","","","","Tsah Tahl Ow Olyā","Keykhosrow Taheri and Mansour Bozorgmehr, field notes 2024",369,"","","","Bāuyi 95%; Standard type Persian 5%","Keykhosrow Taheri and Mansour Bozorgmehr, field notes 2024",30.406,51.196,
"","365a4a632d1fb65f22fb9b48236db0da","5-ae40d967217df700d663de5f13a7e732","1172199","","Kohgiluyeh va Boyer Ahmad","","","","","","","","","","","Dara Bāsht","Keykhosrow Taheri and Mansour Bozorgmehr, field notes 2024",69,"","","","Bāuyi 95%; Standard type Persian 5%","Keykhosrow Taheri and Mansour Bozorgmehr, field notes 2024",30.374,51.221,
"","365a4a632d1fb65f22fb9b48236dac0f","5-f70d22246f0fe4a7da6d97f5363a759d","1172200","","Kohgiluyeh va Boyer Ahmad","","","","","","","","","","","Deli Rebāt","Keykhosrow Taheri and Mansour Bozorgmehr, field notes 2024",66,"","","","Bāuyi 95%; Standard type Persian 5%","Keykhosrow Taheri and Mansour Bozorgmehr, field notes 2024",30.372,51.237,
"","365a4a632d1fb65f22fb9b48236da752","5-dcde75edf5f57a12bcf6d8c86ecc7453","1172201","","Kohgiluyeh va Boyer Ahmad","","","","","","","","","","","Demiya","Keykhosrow Taheri and Mansour Bozorgmehr, field notes 2024",68,"","","","Bāuyi 95%; Standard type Persian 5%","Keykhosrow Taheri and Mansour Bozorgmehr, field notes 2024",30.436,51.176,
"","365a4a632d1fb65f22fb9b48236e42e8","5-64ead751d779f74de762266b0b60c927","1172202","","Kohgiluyeh va Boyer Ahmad","","","","","","","","","","","Deh Bezorg","Keykhosrow Taheri and Mansour Bozorgmehr, field notes 2024",34,"","","","Bāuyi 95%; Standard type Persian 5%","Keykhosrow Taheri and Mansour Bozorgmehr, field notes 2024",30.464,51.179,
"","365a4a632d1fb65f22fb9b48236e3326","5-ae4490eaa5b73d357098b3867868d695","1172203","","Kohgiluyeh va Boyer Ahmad","","","","","","","","","","","Āshiri","Keykhosrow Taheri and Mansour Bozorgmehr, field notes 2024",21,"","","","Bāuyi 95%; Standard type Persian 5%","Keykhosrow Taheri and Mansour Bozorgmehr, field notes 2024",30.433,51.216,
"","365a4a632d1fb65f22fb9b48236e2ca9","3-60ca915db8312a5ae139922dd25d9c8b","1172204","","Kohgiluyeh va Boyer Ahmad","","","","","","","","","","","","",,"","","","",,30.50162,51.13822,
"","365a4a632d1fb65f22fb9b48236e1efc","5-b6a4930f74c9b85a939e1852fb123091","1172205","","Kohgiluyeh va Boyer Ahmad","","","","","","","","","","","Anā","Keykhosrow Taheri and Mansour Bozorgmehr, field notes 2024",16,"","","","Bāuyi 95%; Standard type Persian 5%","Keykhosrow Taheri and Mansour Bozorgmehr, field notes 2024",30.413,51.239,
"","365a4a632d1fb65f22fb9b48236e1b97","5-10e3992d05ece61a0a40c1dc5518aaa2","1172206","","Kohgiluyeh va Boyer Ahmad","","","","","","","","","","","Gowhargun-e Soflā","Keykhosrow Taheri and Mansour Bozorgmehr, field notes 2024",21,"","","","Bāuyi 95%; Standard type Persian 5%","Keykhosrow Taheri and Mansour Bozorgmehr, field notes 2024",30.451,51.189,
"","365a4a632d1fb65f22fb9b48236e0e05","3-6e3d27d58ef527d603317ca2286dd7aa","1172207","","Kohgiluyeh va Boyer Ahmad","","","","","","","","","","","","",,"","","","",,30.45409,51.19649,
"","365a4a632d1fb65f22fb9b482375262b","2-7cb3353f5149cb3cd97b4cbdc4e330ff","1172208","","Kohgiluyeh va Boyer Ahmad","","","","","","","","","","","","",,"","","","",,,,
"","365a4a632d1fb65f22fb9b48236e0cb0","3-ec13a7d7749d6c7abd1bbfec66e81ae8","1172209","","Kohgiluyeh va Boyer Ahmad","","","","","","","","","","","","",,"","","","",,30.48939,51.17771,
"","365a4a632d1fb65f22fb9b48236e0b4e","3-37850f37520cdebacfe8afe814c6ac29","1172210","","Kohgiluyeh va Boyer Ahmad","","","","","","","","","","","","",,"","","","",,30.48663,51.18858,
"","365a4a632d1fb65f22fb9b48236e041b","3-002d4ae8f45a4dd471da96a39b354679","1172211","","Kohgiluyeh va Boyer Ahmad","","","","","","","","","","","","",,"","","","",,30.483,51.194,
"","365a4a632d1fb65f22fb9b48236e0060","5-a43fa14e786d4e850b54e7bd93259af1","1172212","","Kohgiluyeh va Boyer Ahmad","","","","","","","","","","","Deh Pāqalāt","Keykhosrow Taheri and Mansour Bozorgmehr, field notes 2024",24,"","","","Bāuyi 95%; Standard type Persian 5%","Keykhosrow Taheri and Mansour Bozorgmehr, field notes 2024",30.431,51.197,
"","365a4a632d1fb65f22fb9b4823752625","2-73eec98a9ea4e42f6572e4653cd8e22c","1172213","","Kohgiluyeh va Boyer Ahmad","","","","","","","","","","","","",21812,"","","","",,,,
"","365a4a632d1fb65f22fb9b4823751e95","2-4dc66070ec9435aa3f6616c8e936cd90","1172214","","Kohgiluyeh va Boyer Ahmad","","","","","","","","","","","","",18951,"","","","",,,,
"","365a4a632d1fb65f22fb9b482375110c","2-6807576622b1e8cf515ba5486d01e3f4","1172215","","Kohgiluyeh va Boyer Ahmad","","","","","","","","","","","","",3990,"","","","",,,,
"","365a4a632d1fb65f22fb9b48236e914e","5-ea75b5a1ef3607551b67dced0d2ccbed","1172216","","Kohgiluyeh va Boyer Ahmad","","","","","","","","","","","Behesht Ābād","Seyyed Baqer Khorrami and Mansour Bozorgmehr, field notes 2024",35,"","","","Tayyebi 90%; Standard type Persian 5%; mixed 5%","Seyyed Baqer Khorrami, Allahyar Qobadpur Atashgah and Mansour Bozorgmehr, field notes 2024",30.945,50.417,
"","365a4a632d1fb65f22fb9b48236e8748","5-37990f59e97cd979c41a995a28f1d2db","1172217","","Kohgiluyeh va Boyer Ahmad","","","","","","","","","","","Sar Āsiyow-e Lenda","Seyyed Baqer Khorrami and Mansour Bozorgmehr, field notes 2024",1312,"","","","Tayyebi 90%; Standard type Persian 5%; mixed 5%","Seyyed Baqer Khorrami, Allahyar Qobadpur Atashgah and Mansour Bozorgmehr, field notes 2024",30.963,50.407,
"","365a4a632d1fb65f22fb9b48236e80f4","5-a8c933ef0a40763dc4cfff6ec3a4cc75","1172218","","Kohgiluyeh va Boyer Ahmad","","","","","","","","","","","Māl Melā","Seyyed Baqer Khorrami and Mansour Bozorgmehr, field notes 2024",513,"","","","Tayyebi 90%; Standard type Persian 5%; mixed 5%","Seyyed Baqer Khorrami, Allahyar Qobadpur Atashgah and Mansour Bozorgmehr, field notes 2024",30.996,50.398,
"","365a4a632d1fb65f22fb9b48236e7f62","5-d5c794072d95f93a867467208b55906d","1172219","","Kohgiluyeh va Boyer Ahmad","","","","","","","","","","","Ow Derra","Seyyed Baqer Khorrami and Mansour Bozorgmehr, field notes 2024",,"","","","Tayyebi 90%; Standard type Persian 5%; mixed 5%","Seyyed Baqer Khorrami, Allahyar Qobadpur Atashgah and Mansour Bozorgmehr, field notes 2024",30.99175,50.39366,
"","365a4a632d1fb65f22fb9b48236e6fba","5-2888a08be04625634a081e2187edf96e","1172220","","Kohgiluyeh va Boyer Ahmad","","","","","","","","","","","Ow Nu","Seyyed Baqer Khorrami and Mansour Bozorgmehr, field notes 2024",,"","","","Tayyebi 90%; Standard type Persian 5%; mixed 5%","Seyyed Baqer Khorrami, Allahyar Qobadpur Atashgah and Mansour Bozorgmehr, field notes 2024",31.01226,50.38161,
"","365a4a632d1fb65f22fb9b48236e66e1","5-02bd8c95cc5427dcb7b197ff9759d362","1172221","","Kohgiluyeh va Boyer Ahmad","","","","","","","","","","","Tazgah Gapu","Seyyed Baqer Khorrami and Mansour Bozorgmehr, field notes 2024",,"","","","Tayyebi 90%; Standard type Persian 5%; mixed 5%","Seyyed Baqer Khorrami, Allahyar Qobadpur Atashgah and Mansour Bozorgmehr, field notes 2024",30.97737,50.37536,
"","365a4a632d1fb65f22fb9b48236e623a","5-a76f8ebc4a56d0c792f48ba373808f4d","1172222","","Kohgiluyeh va Boyer Ahmad","","","","","","","","","","","Tel-e Gozgah","Seyyed Baqer Khorrami and Mansour Bozorgmehr, field notes 2024",43,"","","","Tayyebi 90%; Standard type Persian 5%; mixed 5%","Seyyed Baqer Khorrami, Allahyar Qobadpur Atashgah and Mansour Bozorgmehr, field notes 2024",30.989,50.391,
"","365a4a632d1fb65f22fb9b48236e57c7","3-233c18017b0ac44b68ceeb529ac0fcf3","1172223","","Kohgiluyeh va Boyer Ahmad","","","","","","","","","","","","",,"","","","",,31.00249,50.3514,
"","365a4a632d1fb65f22fb9b48236e55a3","5-67c414ce68269af93cca7c99a9a1a3ab","1172224","","Kohgiluyeh va Boyer Ahmad","","","","","","","","","","","Dam-e Tang-e Orva","Seyyed Baqer Khorrami and Mansour Bozorgmehr, field notes 2024",35,"","","","Tayyebi 90%; Standard type Persian 5%; mixed 5%","Seyyed Baqer Khorrami, Allahyar Qobadpur Atashgah and Mansour Bozorgmehr, field notes 2024",31.022,50.35,
"","365a4a632d1fb65f22fb9b48236e4c3c","5-39d3f3ad0c917b5a1e436709dfd8067c","1172225","","Kohgiluyeh va Boyer Ahmad","","","","","","","","","","","Dara Zang","Seyyed Baqer Khorrami and Mansour Bozorgmehr, field notes 2024",27,"","","","Tayyebi 90%; Standard type Persian 5%; mixed 5%","Seyyed Baqer Khorrami, Allahyar Qobadpur Atashgah and Mansour Bozorgmehr, field notes 2024",30.961,50.376,
"","365a4a632d1fb65f22fb9b48236ee06c","5-c0608e2ff7d2ce6669158002e6c0f1bd","1172226","","Kohgiluyeh va Boyer Ahmad","","","","","","","","","","","Zolfaqāri","Seyyed Baqer Khorrami and Mansour Bozorgmehr, field notes 2024",17,"","","","Tayyebi 90%; Standard type Persian 5%; mixed 5%","Seyyed Baqer Khorrami, Allahyar Qobadpur Atashgah and Mansour Bozorgmehr, field notes 2024",31,50.346,
"","365a4a632d1fb65f22fb9b48236edcaf","3-5e1ab877bf634af78180d962eb370c83","1172227","","Kohgiluyeh va Boyer Ahmad","","","","","","","","","","","","",,"","","","",,31.00438,50.36655,
"","365a4a632d1fb65f22fb9b48236ecde9","5-552278602aff7049dc8a50115f29fc68","1172228","","Kohgiluyeh va Boyer Ahmad","","","","","","","","","","","Sohralun","Seyyed Baqer Khorrami and Mansour Bozorgmehr, field notes 2024",,"","","","Tayyebi 90%; Standard type Persian 5%; mixed 5%","Seyyed Baqer Khorrami, Allahyar Qobadpur Atashgah and Mansour Bozorgmehr, field notes 2024",31.00744,50.35718,
"","365a4a632d1fb65f22fb9b48236ec09b","5-e3cd22b235754c22f548eab471397b6a","1172229","","Kohgiluyeh va Boyer Ahmad","","","","","","","","","","","Idenak","Seyyed Baqer Khorrami and Mansour Bozorgmehr, field notes 2024",1030,"","","","Tayyebi 90%; Standard type Persian 5%; mixed 5%","Seyyed Baqer Khorrami, Allahyar Qobadpur Atashgah and Mansour Bozorgmehr, field notes 2024",30.947,50.408,
"","365a4a632d1fb65f22fb9b48236eb654","3-a751eb62e5004c64933cdba706cf5efe","1172230","","Kohgiluyeh va Boyer Ahmad","","","","","","","","","","","","",,"","","","",,31.06658,50.33834,
"","365a4a632d1fb65f22fb9b48236eac8d","5-725980d4ae3571cb7358cc5062010512","1172231","","Kohgiluyeh va Boyer Ahmad","","","","","","","","","","","Gaga Ahmad","Seyyed Baqer Khorrami and Mansour Bozorgmehr, field notes 2024",,"","","","Tayyebi 90%; Standard type Persian 5%; mixed 5%","Seyyed Baqer Khorrami, Allahyar Qobadpur Atashgah and Mansour Bozorgmehr, field notes 2024",31.00779,50.3388,
"","365a4a632d1fb65f22fb9b48236ea9b0","5-34cfa84bf25e949602712133126d7aed","1172232","","Kohgiluyeh va Boyer Ahmad","","","","","","","","","","","Māl Ākhond","Seyyed Baqer Khorrami and Mansour Bozorgmehr, field notes 2024",77,"","","","Tayyebi 90%; Standard type Persian 5%; mixed 5%","Seyyed Baqer Khorrami, Allahyar Qobadpur Atashgah and Mansour Bozorgmehr, field notes 2024",31.017,50.373,
"","365a4a632d1fb65f22fb9b48236ea7ba","5-cc7ed75c04fdab97e89c1a8deab2e2f7","1172233","","Kohgiluyeh va Boyer Ahmad","","","","","","","","","","","Māl Shikh","Seyyed Baqer Khorrami and Mansour Bozorgmehr, field notes 2024",849,"","","","Tayyebi 90%; Standard type Persian 5%; mixed 5%","Seyyed Baqer Khorrami, Allahyar Qobadpur Atashgah and Mansour Bozorgmehr, field notes 2024",30.977,50.387,
"","365a4a632d1fb65f22fb9b48236e9cb9","3-878a35ffae14ad43fc101ea44f2954ec","1172234","","Kohgiluyeh va Boyer Ahmad","","","","","","","","","","","","",,"","","","",,31.04853,50.34657,
"","365a4a632d1fb65f22fb9b4823750ec0","2-1e4b63cf3abce7d7d136e714034d3870","1172235","","Kohgiluyeh va Boyer Ahmad","","","","","","","","","","","","",2189,"","","","",,,,
"","365a4a632d1fb65f22fb9b48236e9896","3-aa18c89e7fccb807a72485f232222057","1172236","","Kohgiluyeh va Boyer Ahmad","","","","","","","","","","","","",,"","","","",,30.86599,50.29201,
"","365a4a632d1fb65f22fb9b48236f3196","5-1f61c794b9bf3a451ae1dfbe456acfbb","1172237","","Kohgiluyeh va Boyer Ahmad","","","","","","","","","","","Bāyemesun","Seyyed Baqer Khorrami and Mansour Bozorgmehr, field notes 2024",,"","","","Tayyebi 90%; Standard type Persian 5%; mixed 5%","Seyyed Baqer Khorrami, Allahyar Qobadpur Atashgah and Mansour Bozorgmehr, field notes 2024",30.97413,50.33052,
"","365a4a632d1fb65f22fb9b48236f3195","3-336a30fcc10c7133dbc25f294f21779b","1172238","","Kohgiluyeh va Boyer Ahmad","","","","","","","","","","","","",,"","","","",,30.95832,50.28768,
"","365a4a632d1fb65f22fb9b48236f2d58","3-798f358e21ee0397297778f7a5922999","1172239","","Kohgiluyeh va Boyer Ahmad","","","","","","","","","","","","",,"","","","",,30.96754,50.33459,
"","365a4a632d1fb65f22fb9b48236f2397","3-7a0e0b4627f73d6a4050757886772311","1172240","","Kohgiluyeh va Boyer Ahmad","","","","","","","","","","","","",,"","","","",,30.86318,50.32995,
"","365a4a632d1fb65f22fb9b48236f2199","5-0df8eae475863f93bcc02ef69e608d39","1172241","","Kohgiluyeh va Boyer Ahmad","","","","","","","","","","","Bara Mowl","Seyyed Baqer Khorrami and Mansour Bozorgmehr, field notes 2024",167,"","","","Tayyebi 90%; Standard type Persian 5%; mixed 5%","Seyyed Baqer Khorrami, Allahyar Qobadpur Atashgah and Mansour Bozorgmehr, field notes 2024",30.937,50.248,
"","365a4a632d1fb65f22fb9b48236f1bb5","5-b0b339f0b64ddb9ff474e98d928c7fc1","1172242","","Kohgiluyeh va Boyer Ahmad","","","","","","","","","","","Tang-e Rāsakun","Seyyed Baqer Khorrami and Mansour Bozorgmehr, field notes 2024",,"","","","Tayyebi 90%; Standard type Persian 5%; mixed 5%","Seyyed Baqer Khorrami, Allahyar Qobadpur Atashgah and Mansour Bozorgmehr, field notes 2024",30.92926,50.24846,
"","365a4a632d1fb65f22fb9b48236f1082","5-81f560631d6398006607952ba86ed454","1172243","","Kohgiluyeh va Boyer Ahmad","","","","","","","","","","","Tang-e Zarda","Seyyed Baqer Khorrami and Mansour Bozorgmehr, field notes 2024",,"","","","Tayyebi 90%; Standard type Persian 5%; mixed 5%","Seyyed Baqer Khorrami, Allahyar Qobadpur Atashgah and Mansour Bozorgmehr, field notes 2024",30.91512,50.273,
"","365a4a632d1fb65f22fb9b48236f08c5","5-c0513610994c9135fd57314f4eef7b9b","1172244","","Kohgiluyeh va Boyer Ahmad","","","","","","","","","","","Dzān Khāni","Seyyed Baqer Khorrami and Mansour Bozorgmehr, field notes 2024",898,"","","","Tayyebi 90%; Standard type Persian 5%; mixed 5%","Seyyed Baqer Khorrami, Allahyar Qobadpur Atashgah and Mansour Bozorgmehr, field notes 2024",30.924,50.274,
"","365a4a632d1fb65f22fb9b48236efd2b","5-1d6e5a4173634eb6f135a171518da535","1172245","","Kohgiluyeh va Boyer Ahmad","","","","","","","","","","","Tsāl Konār","Seyyed Baqer Khorrami and Mansour Bozorgmehr, field notes 2024",,"","","","Tayyebi 90%; Standard type Persian 5%; mixed 5%","Seyyed Baqer Khorrami, Allahyar Qobadpur Atashgah and Mansour Bozorgmehr, field notes 2024",30.9055,50.27044,
"","365a4a632d1fb65f22fb9b48236eef97","5-01353ba75354fc297369870b3ed494ca","1172246","","Kohgiluyeh va Boyer Ahmad","","","","","","","","","","","Tsah Kārd","Seyyed Baqer Khorrami and Mansour Bozorgmehr, field notes 2024",13,"","","","Tayyebi 90%; Standard type Persian 5%; mixed 5%","Seyyed Baqer Khorrami, Allahyar Qobadpur Atashgah and Mansour Bozorgmehr, field notes 2024",30.9,50.284,
"","365a4a632d1fb65f22fb9b48236f7c81","3-2360601e37bbe5c37dfde3a9d4425ee4","1172247","","Kohgiluyeh va Boyer Ahmad","","","","","","","","","","","","",,"","","","",,30.97438,50.27124,
"","365a4a632d1fb65f22fb9b48236f7c78","5-885404c5e1552f920d692277d16fceb6","1172248","","Kohgiluyeh va Boyer Ahmad","","","","","","","","","","","Tsali","Seyyed Baqer Khorrami and Mansour Bozorgmehr, field notes 2024",,"","","","Tayyebi 90%; Standard type Persian 5%; mixed 5%","Seyyed Baqer Khorrami, Allahyar Qobadpur Atashgah and Mansour Bozorgmehr, field notes 2024",30.94692,50.232,
"","365a4a632d1fb65f22fb9b48236f7547","5-c5e9e23628dc2c698a75dbd275cb7a88","1172249","","Kohgiluyeh va Boyer Ahmad","","","","","","","","","","","Tsendār Qavi","Seyyed Baqer Khorrami and Mansour Bozorgmehr, field notes 2024",,"","","","Tayyebi 90%; Standard type Persian 5%; mixed 5%","Seyyed Baqer Khorrami, Allahyar Qobadpur Atashgah and Mansour Bozorgmehr, field notes 2024",30.96497,50.35063,
"","365a4a632d1fb65f22fb9b48236f6f52","5-992839d2d2416b8259199b6ac25ccd37","1172250","","Kohgiluyeh va Boyer Ahmad","","","","","","","","","","","Tsār Rah Selshahrowal","Seyyed Baqer Khorrami and Mansour Bozorgmehr, field notes 2024",17,"","","","Tayyebi 90%; Standard type Persian 5%; mixed 5%","Seyyed Baqer Khorrami, Allahyar Qobadpur Atashgah and Mansour Bozorgmehr, field notes 2024",30.97,50.323,
"","365a4a632d1fb65f22fb9b48236f64e9","5-b8cc9d9157aa7238dd53d1ab427eb25d","1172251","","Kohgiluyeh va Boyer Ahmad","","","","","","","","","","","Tsār Rah Āli Teyval","Seyyed Baqer Khorrami and Mansour Bozorgmehr, field notes 2024",292,"","","","Tayyebi 90%; Standard type Persian 5%; mixed 5%","Seyyed Baqer Khorrami, Allahyar Qobadpur Atashgah and Mansour Bozorgmehr, field notes 2024",30.97,50.297,
"","365a4a632d1fb65f22fb9b48236f56f7","5-b57ea1d0495a9345b7ed5df5ed5fce3a","1172252","","Kohgiluyeh va Boyer Ahmad","","","","","","","","","","","Dara Bang","Seyyed Baqer Khorrami and Mansour Bozorgmehr, field notes 2024",40,"","","","Tayyebi 90%; Standard type Persian 5%; mixed 5%","Seyyed Baqer Khorrami, Allahyar Qobadpur Atashgah and Mansour Bozorgmehr, field notes 2024",30.939,50.319,
"","365a4a632d1fb65f22fb9b48236f55d9","5-5b9f4d25f5ce4cba54e465824573a966","1172253","","Kohgiluyeh va Boyer Ahmad","","","","","","","","","","","Deliyak","Seyyed Baqer Khorrami and Mansour Bozorgmehr, field notes 2024",29,"","","","Tayyebi 90%; Standard type Persian 5%; mixed 5%","Seyyed Baqer Khorrami, Allahyar Qobadpur Atashgah and Mansour Bozorgmehr, field notes 2024",30.937,50.233,
"","365a4a632d1fb65f22fb9b48236f4c3f","5-821cbdd70439beac97f5384894c134ab","1172254","","Kohgiluyeh va Boyer Ahmad","","","","","","","","","","","Dowk","Seyyed Baqer Khorrami and Mansour Bozorgmehr, field notes 2024",40,"","","","Tayyebi 90%; Standard type Persian 5%; mixed 5%","Seyyed Baqer Khorrami, Allahyar Qobadpur Atashgah and Mansour Bozorgmehr, field notes 2024",30.951,50.331,
"","365a4a632d1fb65f22fb9b48236f45bc","3-0531e8a382696732e9edea5cfaf5bad6","1172255","","Kohgiluyeh va Boyer Ahmad","","","","","","","","","","","","",,"","","","",,30.97914,50.34891,
"","365a4a632d1fb65f22fb9b48236f3ac1","5-cbe702034ca6d55c50217cc9cf65db41","1172256","","Kohgiluyeh va Boyer Ahmad","","","","","","","","","","","Rots-e Soflā","Seyyed Baqer Khorrami and Mansour Bozorgmehr, field notes 2024",,"","","","Tayyebi 90%; Standard type Persian 5%; mixed 5%","Seyyed Baqer Khorrami, Allahyar Qobadpur Atashgah and Mansour Bozorgmehr, field notes 2024",30.93705,50.32953,
"","365a4a632d1fb65f22fb9b48236fd09e","3-76ea67a793edb84b0447a5eac9114c07","1172257","","Kohgiluyeh va Boyer Ahmad","","","","","","","","","","","","",,"","","","",,30.84492,50.35417,
"","365a4a632d1fb65f22fb9b48236fc73f","3-635cedd69b8987524a2f8cddc80dc600","1172258","","Kohgiluyeh va Boyer Ahmad","","","","","","","","","","","","",,"","","","",,30.94868,50.34704,
"","365a4a632d1fb65f22fb9b48236fb8d2","5-1404507ed7eaa62682224ff690b5e1a0","1172259","","Kohgiluyeh va Boyer Ahmad","","","","","","","","","","","Safi Khāni","Seyyed Baqer Khorrami and Mansour Bozorgmehr, field notes 2024",18,"","","","Tayyebi 90%; Standard type Persian 5%; mixed 5%","Seyyed Baqer Khorrami, Allahyar Qobadpur Atashgah and Mansour Bozorgmehr, field notes 2024",30.956,50.306,
"","365a4a632d1fb65f22fb9b48236fad17","5-afe19cc63cae2046ca3f337903babcad","1172260","","Kohgiluyeh va Boyer Ahmad","","","","","","","","","","","Kal-e Sur","Seyyed Baqer Khorrami and Mansour Bozorgmehr, field notes 2024",,"","","","Tayyebi 90%; Standard type Persian 5%; mixed 5%","Seyyed Baqer Khorrami, Allahyar Qobadpur Atashgah and Mansour Bozorgmehr, field notes 2024",30.92948,50.34962,
"","365a4a632d1fb65f22fb9b48236fac40","3-1170df218d3880fd53a747f7c74875b3","1172261","","Kohgiluyeh va Boyer Ahmad","","","","","","","","","","","","",,"","","","",,30.93716,50.36103,
"","365a4a632d1fb65f22fb9b48236faa44","5-98ae80882edb2ef0c775d285abab7cc1","1172262","","Kohgiluyeh va Boyer Ahmad","","","","","","","","","","","Garda Rots","Seyyed Baqer Khorrami and Mansour Bozorgmehr, field notes 2024",16,"","","","Tayyebi 90%; Standard type Persian 5%; mixed 5%","Seyyed Baqer Khorrami, Allahyar Qobadpur Atashgah and Mansour Bozorgmehr, field notes 2024",30.936,50.275,
"","365a4a632d1fb65f22fb9b48236f9c72","5-cfacca30975d34f4c73506c2af239484","1172263","","Kohgiluyeh va Boyer Ahmad","","","","","","","","","","","Gandomzār","Seyyed Baqer Khorrami and Mansour Bozorgmehr, field notes 2024",,"","","","Tayyebi 90%; Standard type Persian 5%; mixed 5%","Seyyed Baqer Khorrami, Allahyar Qobadpur Atashgah and Mansour Bozorgmehr, field notes 2024",30.94418,50.31211,
"","365a4a632d1fb65f22fb9b48236f8de3","3-59f62babe5e9d5360f42a86e16ff3413","1172264","","Kohgiluyeh va Boyer Ahmad","","","","","","","","","","","","",,"","","","",,30.9273,50.31734,
"","365a4a632d1fb65f22fb9b48236f81fa","5-5cce9270152f5eeafb719f3c5fa8a7d3","1172265","","Kohgiluyeh va Boyer Ahmad","","","","","","","","","","","Lārob","Seyyed Baqer Khorrami and Mansour Bozorgmehr, field notes 2024",27,"","","","Tayyebi 90%; Standard type Persian 5%; mixed 5%","Seyyed Baqer Khorrami, Allahyar Qobadpur Atashgah and Mansour Bozorgmehr, field notes 2024",30.962,50.208,
"","365a4a632d1fb65f22fb9b48236f7fbd","5-22142da5332eba6f844715a711d7234c","1172266","","Kohgiluyeh va Boyer Ahmad","","","","","","","","","","","Muger","Seyyed Baqer Khorrami and Mansour Bozorgmehr, field notes 2024",14,"","","","Tayyebi 90%; Standard type Persian 5%; mixed 5%","Seyyed Baqer Khorrami, Allahyar Qobadpur Atashgah and Mansour Bozorgmehr, field notes 2024",30.865,50.343,
"","365a4a632d1fb65f22fb9b482370234e","5-bd57819b2c9483d3c6fd671a96512079","1172267","","Kohgiluyeh va Boyer Ahmad","","","","","","","","","","","Nargesi Dara Bang","Seyyed Baqer Khorrami and Mansour Bozorgmehr, field notes 2024",,"","","","Tayyebi 90%; Standard type Persian 5%; mixed 5%","Seyyed Baqer Khorrami, Allahyar Qobadpur Atashgah and Mansour Bozorgmehr, field notes 2024",30.93141,50.31677,
"","365a4a632d1fb65f22fb9b48237016a9","5-5c53b07dfae9f39499e0954d7de943b0","1172268","","Kohgiluyeh va Boyer Ahmad","","","","","","","","","","","Tasarom","Seyyed Baqer Khorrami and Mansour Bozorgmehr, field notes 2024",,"","","","Tayyebi 90%; Standard type Persian 5%; mixed 5%","Seyyed Baqer Khorrami, Allahyar Qobadpur Atashgah and Mansour Bozorgmehr, field notes 2024",30.89484,50.32237,
"","365a4a632d1fb65f22fb9b4823700763","3-2934e0fa4681efa928e2ee44f104876b","1172269","","Kohgiluyeh va Boyer Ahmad","","","","","","","","","","","","",,"","","","",,31.21761,50.48204,
"","365a4a632d1fb65f22fb9b48236ffa79","5-f1873db4e2ba4deba30144cbe5b74228","1172270","","Kohgiluyeh va Boyer Ahmad","","","","","","","","","","","Tang-e Owi","Seyyed Baqer Khorrami and Mansour Bozorgmehr, field notes 2024",,"","","","Tayyebi 90%; Standard type Persian 5%; mixed 5%","Seyyed Baqer Khorrami, Allahyar Qobadpur Atashgah and Mansour Bozorgmehr, field notes 2024",30.85688,50.34016,
"","365a4a632d1fb65f22fb9b48236feebf","3-e041b420aa604d9ae4bc1c12a493da6d","1172271","","Kohgiluyeh va Boyer Ahmad","","","","","","","","","","","","",,"","","","",,31.036,50.29392,
"","365a4a632d1fb65f22fb9b48236fecd3","5-4221b91ec5e15afae6673f4948fa4241","1172272","","Kohgiluyeh va Boyer Ahmad","","","","","","","","","","","Bishey","Seyyed Baqer Khorrami and Mansour Bozorgmehr, field notes 2024",44,"","","","Tayyebi 90%; Standard type Persian 5%; mixed 5%","Seyyed Baqer Khorrami, Allahyar Qobadpur Atashgah and Mansour Bozorgmehr, field notes 2024",30.995,50.328,
"","365a4a632d1fb65f22fb9b48236fdd73","5-7410fd59c8e3f0e8eff92daa372b5c4e","1172273","","Kohgiluyeh va Boyer Ahmad","","","","","","","","","","","Pā Towa","Seyyed Baqer Khorrami and Mansour Bozorgmehr, field notes 2024",43,"","","","Tayyebi 90%; Standard type Persian 5%; mixed 5%","Seyyed Baqer Khorrami, Allahyar Qobadpur Atashgah and Mansour Bozorgmehr, field notes 2024",31.003,50.281,
"","365a4a632d1fb65f22fb9b48236fd9fa","3-a5735fdf602b75155fa6fcf777d0dbe9","1172274","","Kohgiluyeh va Boyer Ahmad","","","","","","","","","","","","",,"","","","",,31.038,50.29016,
"","365a4a632d1fb65f22fb9b48236fd8f5","5-5dd7465e63968586776dd9083a86c081","1172275","","Kohgiluyeh va Boyer Ahmad","","","","","","","","","","","Dam Tang-e Tsāhen","Seyyed Baqer Khorrami and Mansour Bozorgmehr, field notes 2024",39,"","","","Tayyebi 90%; Standard type Persian 5%; mixed 5%","Seyyed Baqer Khorrami, Allahyar Qobadpur Atashgah and Mansour Bozorgmehr, field notes 2024",30.999,50.298,
"","365a4a632d1fb65f22fb9b48236fd6e6","5-e66bc1b5dd6a7de31709d8679882cfcd","1172276","","Kohgiluyeh va Boyer Ahmad","","","","","","","","","","","Dul Owzā","Seyyed Baqer Khorrami and Mansour Bozorgmehr, field notes 2024",,"","","","Tayyebi 90%; Standard type Persian 5%; mixed 5%","Seyyed Baqer Khorrami, Allahyar Qobadpur Atashgah and Mansour Bozorgmehr, field notes 2024",31.0051,50.30499,
"","365a4a632d1fb65f22fb9b4823707e82","5-3d7a441b4ce7d4030e98d95f9a7fc9b0","1172277","","Kohgiluyeh va Boyer Ahmad","","","","","","","","","","","Sar Sura","Seyyed Baqer Khorrami and Mansour Bozorgmehr, field notes 2024",,"","","","Tayyebi 90%; Standard type Persian 5%; mixed 5%","Seyyed Baqer Khorrami, Allahyar Qobadpur Atashgah and Mansour Bozorgmehr, field notes 2024",30.97719,50.29685,
"","365a4a632d1fb65f22fb9b4823707d6e","5-78564edbef1d60f6bb1e9baec0c6fb5e","1172278","","Kohgiluyeh va Boyer Ahmad","","","","","","","","","","","Orve-y Dumeni","Seyyed Baqer Khorrami and Mansour Bozorgmehr, field notes 2024",29,"","","","Tayyebi 90%; Standard type Persian 5%; mixed 5%","Seyyed Baqer Khorrami, Allahyar Qobadpur Atashgah and Mansour Bozorgmehr, field notes 2024",31.045,50.32,
"","365a4a632d1fb65f22fb9b48237077bd","5-fda3fbca39bdef985dd281aaa4a68a9a","1172279","","Kohgiluyeh va Boyer Ahmad","","","","","","","","","","","Orve-y Bāloyi","Seyyed Baqer Khorrami and Mansour Bozorgmehr, field notes 2024",,"","","","Tayyebi 90%; Standard type Persian 5%; mixed 5%","Seyyed Baqer Khorrami, Allahyar Qobadpur Atashgah and Mansour Bozorgmehr, field notes 2024",31.05287,50.30811,
"","365a4a632d1fb65f22fb9b4823706bbd","5-93d6fe78033e4b26ea383333379d3d4e","1172280","","Kohgiluyeh va Boyer Ahmad","","","","","","","","","","","Orve-y Vasati","Seyyed Baqer Khorrami and Mansour Bozorgmehr, field notes 2024",84,"","","","Tayyebi 90%; Standard type Persian 5%; mixed 5%","Seyyed Baqer Khorrami, Allahyar Qobadpur Atashgah and Mansour Bozorgmehr, field notes 2024",31.049,50.32,
"","365a4a632d1fb65f22fb9b4823705ea8","5-4c3fd788b9b81e3b75c3052f5d165e00","1172281","","Kohgiluyeh va Boyer Ahmad","","","","","","","","","","","Katak","Seyyed Baqer Khorrami and Mansour Bozorgmehr, field notes 2024",69,"","","","Tayyebi 90%; Standard type Persian 5%; mixed 5%","Seyyed Baqer Khorrami, Allahyar Qobadpur Atashgah and Mansour Bozorgmehr, field notes 2024",30.985,50.307,
"","365a4a632d1fb65f22fb9b4823705334","3-4b13e3b327f652f129f9ec587fcd7da0","1172282","","Kohgiluyeh va Boyer Ahmad","","","","","","","","","","","","",,"","","","",,30.99396,50.28227,
"","365a4a632d1fb65f22fb9b48237043ca","5-47319381f4ff9052f3b6132927fdb679","1172283","","Kohgiluyeh va Boyer Ahmad","","","","","","","","","","","Kohn Esbid","Seyyed Baqer Khorrami and Mansour Bozorgmehr, field notes 2024",114,"","","","Tayyebi 90%; Standard type Persian 5%; mixed 5%","Seyyed Baqer Khorrami, Allahyar Qobadpur Atashgah and Mansour Bozorgmehr, field notes 2024",31.016,50.264,
"","365a4a632d1fb65f22fb9b4823704137","5-02df3493a731339a21599023adc308f4","1172284","","Kohgiluyeh va Boyer Ahmad","","","","","","","","","","","Gerrek","Seyyed Baqer Khorrami and Mansour Bozorgmehr, field notes 2024",,"","","","Tayyebi 90%; Standard type Persian 5%; mixed 5%","Seyyed Baqer Khorrami, Allahyar Qobadpur Atashgah and Mansour Bozorgmehr, field notes 2024",31.00912,50.31001,
"","365a4a632d1fb65f22fb9b48237031d5","5-66ad63ffd16a7c652c971c860efd8821","1172285","","Kohgiluyeh va Boyer Ahmad","","","","","","","","","","","Kamāl Ābād","Seyyed Baqer Khorrami and Mansour Bozorgmehr, field notes 2024",46,"","","","Tayyebi 90%; Standard type Persian 5%; mixed 5%","Seyyed Baqer Khorrami, Allahyar Qobadpur Atashgah and Mansour Bozorgmehr, field notes 2024",31.016,50.281,
"","365a4a632d1fb65f22fb9b4823702924","5-23d6c3d6704d31eec51f245959df358c","1172286","","Kohgiluyeh va Boyer Ahmad","","","","","","","","","","","Lenda","Seyyed Baqer Khorrami and Mansour Bozorgmehr, field notes 2024",12772,"","","","Tayyebi 85%; Standard type Persian 10%; mixed 5%","Seyyed Baqer Khorrami, Allahyar Qobadpur Atashgah and Mansour Bozorgmehr, field notes 2024",30.979,50.422,
"","365a4a632d1fb65f22fb9b4823750938","2-0c4e36ec0f209ffc6c09206e62245972","1172287","","Kohgiluyeh va Boyer Ahmad","","","","","","","","","","","","",2861,"","","","",,,,
"","365a4a632d1fb65f22fb9b482374f9d8","2-5054c053db986531ee1c6bcc076ec35c","1172288","","Kohgiluyeh va Boyer Ahmad","","","","","","","","","","","","",1997,"","","","",,,,
"","365a4a632d1fb65f22fb9b482370b4ac","5-c90aff7a336ba5d946713fe2860ee867","1172289","","Kohgiluyeh va Boyer Ahmad","","","","","","","","","","","Ow Razgah","Seyyed Baqer Khorrami and Mansour Bozorgmehr, field notes 2024",221,"","","","Tayyebi 90%; Standard type Persian 5%; mixed 5%","Seyyed Baqer Khorrami, Allahyar Qobadpur Atashgah and Mansour Bozorgmehr, field notes 2024",30.946,50.451,
"","365a4a632d1fb65f22fb9b482370a9c5","5-b05dcc9da9441364643899b050d6ef41","1172290","","Kohgiluyeh va Boyer Ahmad","","","","","","","","","","","Ow Zahli Kenda","Seyyed Baqer Khorrami and Mansour Bozorgmehr, field notes 2024",49,"","","","Tayyebi 90%; Standard type Persian 5%; mixed 5%","Seyyed Baqer Khorrami, Allahyar Qobadpur Atashgah and Mansour Bozorgmehr, field notes 2024",30.984,50.456,
"","365a4a632d1fb65f22fb9b482370a298","5-2423d0cf5062860acca53f632a28a4de","1172291","","Kohgiluyeh va Boyer Ahmad","","","","","","","","","","","Bene-y Bali","Seyyed Baqer Khorrami and Mansour Bozorgmehr, field notes 2024",302,"","","","Tayyebi 90%; Standard type Persian 5%; mixed 5%","Seyyed Baqer Khorrami, Allahyar Qobadpur Atashgah and Mansour Bozorgmehr, field notes 2024",30.962,50.466,
"","365a4a632d1fb65f22fb9b4823709815","5-877522708a077cf6b3728cdfa1b32c6d","1172292","","Kohgiluyeh va Boyer Ahmad","","","","","","","","","","","Terow Bāloyi","Seyyed Baqer Khorrami and Mansour Bozorgmehr, field notes 2024",182,"","","","Tayyebi 90%; Standard type Persian 5%; mixed 5%","Seyyed Baqer Khorrami, Allahyar Qobadpur Atashgah and Mansour Bozorgmehr, field notes 2024",30.956,50.493,
"","365a4a632d1fb65f22fb9b48237096eb","5-214c2149c46ffd17f418def7d999833d","1172293","","Kohgiluyeh va Boyer Ahmad","","","","","","","","","","","Dam Ehshaft-e Muneh","Seyyed Baqer Khorrami and Mansour Bozorgmehr, field notes 2024",39,"","","","Tayyebi 90%; Standard type Persian 5%; mixed 5%","Seyyed Baqer Khorrami, Allahyar Qobadpur Atashgah and Mansour Bozorgmehr, field notes 2024",31.019,50.405,
"","365a4a632d1fb65f22fb9b48237090a3","5-cfa3cd2ed7b786784dc434b1d8a1c79c","1172294","","Kohgiluyeh va Boyer Ahmad","","","","","","","","","","","Sar Tang","Seyyed Baqer Khorrami and Mansour Bozorgmehr, field notes 2024",,"","","","Tayyebi 90%; Standard type Persian 5%; mixed 5%","Seyyed Baqer Khorrami, Allahyar Qobadpur Atashgah and Mansour Bozorgmehr, field notes 2024",30.98993,50.43908,
"","365a4a632d1fb65f22fb9b4823708b50","5-0e7016739f87977673f7fa0ca4245dae","1172295","","Kohgiluyeh va Boyer Ahmad","","","","","","","","","","","Shitop","Seyyed Baqer Khorrami and Mansour Bozorgmehr, field notes 2024",411,"","","","Tayyebi 90%; Standard type Persian 5%; mixed 5%","Seyyed Baqer Khorrami, Allahyar Qobadpur Atashgah and Mansour Bozorgmehr, field notes 2024",31.002,50.423,
"","365a4a632d1fb65f22fb9b4823708356","5-506716d0fffbba22782dd1774988dbc1","1172296","","Kohgiluyeh va Boyer Ahmad","","","","","","","","","","","Kohnow","Seyyed Baqer Khorrami and Mansour Bozorgmehr, field notes 2024",72,"","","","Tayyebi 90%; Standard type Persian 5%; mixed 5%","Seyyed Baqer Khorrami, Allahyar Qobadpur Atashgah and Mansour Bozorgmehr, field notes 2024",30.958,50.469,
"","365a4a632d1fb65f22fb9b4823708212","5-7780a41df6e0bf7efae0549cd984b27c","1172297","","Kohgiluyeh va Boyer Ahmad","","","","","","","","","","","Gur Dālu","Seyyed Baqer Khorrami and Mansour Bozorgmehr, field notes 2024",21,"","","","Tayyebi 90%; Standard type Persian 5%; mixed 5%","Seyyed Baqer Khorrami, Allahyar Qobadpur Atashgah and Mansour Bozorgmehr, field notes 2024",30.963,50.446,
"","365a4a632d1fb65f22fb9b4823708169","5-30c66bab3021374f1d352c7ee37df2e5","1172298","","Kohgiluyeh va Boyer Ahmad","","","","","","","","","","","Melah-y Shitop","Seyyed Baqer Khorrami and Mansour Bozorgmehr, field notes 2024",54,"","","","Tayyebi 90%; Standard type Persian 5%; mixed 5%","Seyyed Baqer Khorrami, Allahyar Qobadpur Atashgah and Mansour Bozorgmehr, field notes 2024",31.011,50.414,
"","365a4a632d1fb65f22fb9b4823711a29","5-a5d5cfc573441e16a34fac2897cbb395","1172299","","Kohgiluyeh va Boyer Ahmad","","","","","","","","","","","Muneh","Seyyed Baqer Khorrami and Mansour Bozorgmehr, field notes 2024",433,"","","","Tayyebi 90%; Standard type Persian 5%; mixed 5%","Seyyed Baqer Khorrami, Allahyar Qobadpur Atashgah and Mansour Bozorgmehr, field notes 2024",31.031,50.386,
"","365a4a632d1fb65f22fb9b482371111a","5-ba81a009a5117a4812471588d5ce372c","1172300","","Kohgiluyeh va Boyer Ahmad","","","","","","","","","","","Dam Tang","Seyyed Baqer Khorrami and Mansour Bozorgmehr, field notes 2024",208,"","","","Tayyebi 90%; Standard type Persian 5%; mixed 5%","Seyyed Baqer Khorrami, Allahyar Qobadpur Atashgah and Mansour Bozorgmehr, field notes 2024",30.993,50.434,
"","365a4a632d1fb65f22fb9b482374ebda","2-78fca50780895c65070a8175dc854d07","1172301","","Kohgiluyeh va Boyer Ahmad","","","","","","","","","","","","",864,"","","","",,,,
"","365a4a632d1fb65f22fb9b482371054f","3-ae3afbc6efb4e3d6fe9b2bb7c99f1aa1","1172302","","Kohgiluyeh va Boyer Ahmad","","","","","","","","","","","","",,"","","","",,31.07874,50.50664,
"","365a4a632d1fb65f22fb9b482370f9ee","5-a2b7d2e7125df411eec0c19ce6d7b3a5","1172303","","Kohgiluyeh va Boyer Ahmad","","","","","","","","","","","Ow Gāwown","Seyyed Baqer Khorrami and Mansour Bozorgmehr, field notes 2024",28,"","","","Tayyebi 90%; Standard type Persian 5%; mixed 5%","Seyyed Baqer Khorrami, Allahyar Qobadpur Atashgah and Mansour Bozorgmehr, field notes 2024",31.067,50.503,
"","365a4a632d1fb65f22fb9b482370ef2b","5-534a76828ed2aa736bda1c6be8fcb490","1172304","","Kohgiluyeh va Boyer Ahmad","","","","","","","","","","","Bene-y Aliyāri","Seyyed Baqer Khorrami and Mansour Bozorgmehr, field notes 2024",187,"","","","Tayyebi 90%; Standard type Persian 5%; mixed 5%","Seyyed Baqer Khorrami, Allahyar Qobadpur Atashgah and Mansour Bozorgmehr, field notes 2024",31.022,50.491,
"","365a4a632d1fb65f22fb9b482370e787","3-c12469f7461ad23b72c0ce2c255b501a","1172305","","Kohgiluyeh va Boyer Ahmad","","","","","","","","","","","","",,"","","","",,31.07282,50.50364,
"","365a4a632d1fb65f22fb9b482370d830","5-4400c02c77dd1db05d7ca725d08d5303","1172306","","Kohgiluyeh va Boyer Ahmad","","","","","","","","","","","Deh Tol","Seyyed Baqer Khorrami and Mansour Bozorgmehr, field notes 2024",,"","","","Tayyebi 90%; Standard type Persian 5%; mixed 5%","Seyyed Baqer Khorrami, Allahyar Qobadpur Atashgah and Mansour Bozorgmehr, field notes 2024",31.01785,50.47633,
"","365a4a632d1fb65f22fb9b482370d11c","5-7a07e1b888c3f01ad06abe3c73e62110","1172307","","Kohgiluyeh va Boyer Ahmad","","","","","","","","","","","Tsāl Gerru","Seyyed Baqer Khorrami and Mansour Bozorgmehr, field notes 2024",,"","","","Tayyebi 90%; Standard type Persian 5%; mixed 5%","Seyyed Baqer Khorrami, Allahyar Qobadpur Atashgah and Mansour Bozorgmehr, field notes 2024",31.07855,50.50291,
"","365a4a632d1fb65f22fb9b482370c45c","5-7a68cbc6ad853edac5a2fade52f9ed80","1172308","","Kohgiluyeh va Boyer Ahmad","","","","","","","","","","","Dara Dzafti","Seyyed Baqer Khorrami and Mansour Bozorgmehr, field notes 2024",22,"","","","Tayyebi 90%; Standard type Persian 5%; mixed 5%","Seyyed Baqer Khorrami, Allahyar Qobadpur Atashgah and Mansour Bozorgmehr, field notes 2024",31.012,50.496,
"","365a4a632d1fb65f22fb9b482370bae1","5-14b7f0a2468b1b68d8b47355cdff28d6","1172309","","Kohgiluyeh va Boyer Ahmad","","","","","","","","","","","Dasht-e Nāseri","Seyyed Baqer Khorrami and Mansour Bozorgmehr, field notes 2024",66,"","","","Tayyebi 90%; Standard type Persian 5%; mixed 5%","Seyyed Baqer Khorrami, Allahyar Qobadpur Atashgah and Mansour Bozorgmehr, field notes 2024",31.018,50.494,
"","365a4a632d1fb65f22fb9b4823717208","5-8ffed8271d818792f4382138362de0c4","1172310","","Kohgiluyeh va Boyer Ahmad","","","","","","","","","","","Dalakun","Seyyed Baqer Khorrami and Mansour Bozorgmehr, field notes 2024",17,"","","","Tayyebi 90%; Standard type Persian 5%; mixed 5%","Seyyed Baqer Khorrami, Allahyar Qobadpur Atashgah and Mansour Bozorgmehr, field notes 2024",31.051,50.503,
"","365a4a632d1fb65f22fb9b48237166a0","5-8280807988966c2d440f3f5f5fef05e5","1172311","","Kohgiluyeh va Boyer Ahmad","","","","","","","","","","","Nehzat Bāloyi","Seyyed Baqer Khorrami and Mansour Bozorgmehr, field notes 2024",,"","","","Tayyebi 90%; Standard type Persian 5%; mixed 5%","Seyyed Baqer Khorrami, Allahyar Qobadpur Atashgah and Mansour Bozorgmehr, field notes 2024",31.008,50.493,
"","365a4a632d1fb65f22fb9b4823716227","3-ae6622b76f2b34d5a86b1fdd052e171d","1172312","","Kohgiluyeh va Boyer Ahmad","","","","","","","","","","","","",,"","","","",,31.0305,50.50254,
"","365a4a632d1fb65f22fb9b4823715502","5-0badba48f8346022c553a0b0aa0d138e","1172313","","Kohgiluyeh va Boyer Ahmad","","","","","","","","","","","Rāvak","Seyyed Baqer Khorrami and Mansour Bozorgmehr, field notes 2024",21,"","","","Tayyebi 90%; Standard type Persian 5%; mixed 5%","Seyyed Baqer Khorrami, Allahyar Qobadpur Atashgah and Mansour Bozorgmehr, field notes 2024",31.028,50.499,
"","365a4a632d1fb65f22fb9b4823715318","5-fd3f3c9e5eea27285870012ae3a0cb37","1172314","","Kohgiluyeh va Boyer Ahmad","","","","","","","","","","","Nehzat Dumeni","Seyyed Baqer Khorrami and Mansour Bozorgmehr, field notes 2024",15,"","","","Tayyebi 90%; Standard type Persian 5%; mixed 5%","Seyyed Baqer Khorrami, Allahyar Qobadpur Atashgah and Mansour Bozorgmehr, field notes 2024",31.004,50.495,
"","365a4a632d1fb65f22fb9b4823714b75","5-d1c597ba1aeca04fe24e83989c27921c","1172315","","Kohgiluyeh va Boyer Ahmad","","","","","","","","","","","Sar Āsiyow Mugarmun","Seyyed Baqer Khorrami and Mansour Bozorgmehr, field notes 2024",9,"","","","Tayyebi 90%; Standard type Persian 5%; mixed 5%","Seyyed Baqer Khorrami, Allahyar Qobadpur Atashgah and Mansour Bozorgmehr, field notes 2024",31.002,50.489,
"","365a4a632d1fb65f22fb9b48237142ca","5-a7be9444eef3459581597585914b1b94","1172316","","Kohgiluyeh va Boyer Ahmad","","","","","","","","","","","Sar Tang-e Mugarmun","Seyyed Baqer Khorrami and Mansour Bozorgmehr, field notes 2024",,"","","","Tayyebi 90%; Standard type Persian 5%; mixed 5%","Seyyed Baqer Khorrami, Allahyar Qobadpur Atashgah and Mansour Bozorgmehr, field notes 2024",30.99483,50.4946,
"","365a4a632d1fb65f22fb9b482371369d","5-6573a750955aa00583a46c9196d398f9","1172317","","Kohgiluyeh va Boyer Ahmad","","","","","","","","","","","Gerdow Ali Rezā","Seyyed Baqer Khorrami and Mansour Bozorgmehr, field notes 2024",45,"","","","Tayyebi 90%; Standard type Persian 5%; mixed 5%","Seyyed Baqer Khorrami, Allahyar Qobadpur Atashgah and Mansour Bozorgmehr, field notes 2024",31.044,50.463,
"","365a4a632d1fb65f22fb9b4823713081","5-6ab155b176e2514370589ecc65ef77cb","1172318","","Kohgiluyeh va Boyer Ahmad","","","","","","","","","","","Gerdow Bāloyi","Seyyed Baqer Khorrami and Mansour Bozorgmehr, field notes 2024",27,"","","","Tayyebi 90%; Standard type Persian 5%; mixed 5%","Seyyed Baqer Khorrami, Allahyar Qobadpur Atashgah and Mansour Bozorgmehr, field notes 2024",31.046,50.456,
"","365a4a632d1fb65f22fb9b4823712605","5-843c7d4b2fe02128961e2bf079198d2e","1172319","","Kohgiluyeh va Boyer Ahmad","","","","","","","","","","","Gerdow Gapu","Seyyed Baqer Khorrami and Mansour Bozorgmehr, field notes 2024",171,"","","","Tayyebi 90%; Standard type Persian 5%; mixed 5%","Seyyed Baqer Khorrami, Allahyar Qobadpur Atashgah and Mansour Bozorgmehr, field notes 2024",31.04,50.476,
"","365a4a632d1fb65f22fb9b482371bd09","5-d4928cc7b19feb6d238800d3858e3dad","1172320","","Kohgiluyeh va Boyer Ahmad","","","","","","","","","","","Garda Kalāt","Seyyed Baqer Khorrami and Mansour Bozorgmehr, field notes 2024",51,"","","","Tayyebi 90%; Standard type Persian 5%; mixed 5%","Seyyed Baqer Khorrami, Allahyar Qobadpur Atashgah and Mansour Bozorgmehr, field notes 2024",31.042,50.449,
"","365a4a632d1fb65f22fb9b482371b173","3-9558f5db3101dfbd20085314d4c70715","1172321","","Kohgiluyeh va Boyer Ahmad","","","","","","","","","","","","",,"","","","",,31.02641,50.46502,
"","365a4a632d1fb65f22fb9b482371abb0","3-201808691ddb0039e3a2b6bdb2b91cf2","1172322","","Kohgiluyeh va Boyer Ahmad","","","","","","","","","","","","",,"","","","",,31.03161,50.50708,
"","365a4a632d1fb65f22fb9b4823719be9","3-868087087790edcf9fc87a7a2ab3acfb","1172323","","Kohgiluyeh va Boyer Ahmad","","","","","","","","","","","","",,"","","","",,31.02333,50.50457,
"","365a4a632d1fb65f22fb9b4823719477","5-05f41645673b786e347a03cf7db17400","1172324","","Kohgiluyeh va Boyer Ahmad","","","","","","","","","","","Galāl","Seyyed Baqer Khorrami and Mansour Bozorgmehr, field notes 2024",102,"","","","Tayyebi 90%; Standard type Persian 5%; mixed 5%","Seyyed Baqer Khorrami, Allahyar Qobadpur Atashgah and Mansour Bozorgmehr, field notes 2024",31.019,50.472,
"","365a4a632d1fb65f22fb9b48237191e9","3-d591cdb5ea766a4b8c891106c9f3dea5","1172325","","Kohgiluyeh va Boyer Ahmad","","","","","","","","","","","","",,"","","","",,31.04946,50.43485,
"","365a4a632d1fb65f22fb9b4823718f5c","5-3f1d6d65430b8a735fa4186bf2360636","1172326","","Kohgiluyeh va Boyer Ahmad","","","","","","","","","","","Mowr-e Dzen","Seyyed Baqer Khorrami and Mansour Bozorgmehr, field notes 2024",39,"","","","Tayyebi 90%; Standard type Persian 5%; mixed 5%","Seyyed Baqer Khorrami, Allahyar Qobadpur Atashgah and Mansour Bozorgmehr, field notes 2024",31.005,50.477,
"","365a4a632d1fb65f22fb9b4823718008","5-5cecb3483f010213e85b376f480d5e95","1172327","","Kohgiluyeh va Boyer Ahmad","","","","","","","","","","","Tel-e Ghutsun, Mela-y Ghutsun","Seyyed Baqer Khorrami and Mansour Bozorgmehr, field notes 2024",31,"","","","Tayyebi 90%; Standard type Persian 5%; mixed 5%","Seyyed Baqer Khorrami, Allahyar Qobadpur Atashgah and Mansour Bozorgmehr, field notes 2024",30.991,50.491,
