"Attribution","Nunaliit_ID","Nunaliit_revision_code","ALI_unique_ID_place","province_Persian","province_roman","shahrestan_Persian","shahrestan_roman","bakhsh_Persian","bakhsh_roman","city_Persian","city_roman","dehestan_Persian","dehestan_roman","settlement_Persian","settlement_roman","local_name","local_name_source","population_2011_census","population_2011_comment","population_2016_census","population_2016_comment","language_distribution_estimate","language_distribution_source","latitude","longitude","notes"
"(c) Atlas of the Languages of Iran (ALI) and Contributors, 2015-present. Data are available under a CC BY (Attribution Only) licence.","","","","","","","","","","","","","","","","","","","","","","","","","",""
"","d1d085176c394bfa8df78bede135fa07","6-e5a130ce1b8106eb483307bab847f325","50000","کرمانشاه","Kermānshāh","","","","","","","","","","","","","1945227","","","","","","","",""
"","d1d085176c394bfa8df78bede135f491","6-7841d18a70ae7adada71db456d0822fb","50001","کرمانشاه","Kermānshāh","اسلام آباد غرب","Eslām Ābād-e Gharb","","","","","","","","","","","151473","","","","","","","",""
"","d1d085176c394bfa8df78bede135e7b8","6-40126ed7c80d1a334ab15a7aeed07a26","50002","کرمانشاه","Kermānshāh","اسلام آباد غرب","Eslām Ābād-e Gharb","حمیل","Homeyl","","","","","","","","","19003","","","","","","","",""
"","d1d085176c394bfa8df78bede135dad8","6-c3e523e4577a4255eff66af3c15aaf8c","50003","کرمانشاه","Kermānshāh","اسلام آباد غرب","Eslām Ābād-e Gharb","حمیل","Homeyl","","","","Mansuri","","","","","4045","","","","","","","",""
"","d1d085176c394bfa8df78bede135cce4","8-dca9d367e40497fe089bb0915ac79215","50004","کرمانشاه","Kermānshāh","اسلام آباد غرب","Eslām Ābād-e Gharb","حمیل","Homeyl","","","","Mansuri","چشمه کبود","Cheshmeh Kabud","Chīyā Kaw","Mehdi Fattahi, field notes 2017","184","","","","Kalhuri 100%","Mehdi Fattahi, field notes 2017",33.80107469475324,46.797694986319335,""
"","d1d085176c394bfa8df78bede135cc23","8-63e60019debe34213aed2e7af7b1282f","50005","کرمانشاه","Kermānshāh","اسلام آباد غرب","Eslām Ābād-e Gharb","حمیل","Homeyl","","","","Mansuri","دواردرمیان سفلی","Davār Dar Miān-e Soflā","Dawār Dar Mīyān-ı Sufḷā","Mehdi Fattahi, field notes 2017","124","","","","Kalhuri 100%","Mehdi Fattahi, field notes 2017",33.796229738614755,46.752884263149,""
"","d1d085176c394bfa8df78bede135cb6f","8-e3697acda10904fc7f0d3955fb9bf4e2","50006","کرمانشاه","Kermānshāh","اسلام آباد غرب","Eslām Ābād-e Gharb","حمیل","Homeyl","","","","Mansuri","دواردرمیان علیا","Davār Dar Miān-e Olyā ","Dawār Dar Mīyān-ı Ulyā","Mehdi Fattahi, field notes 2017","39","","","","Kalhuri 100%","Mehdi Fattahi, field notes 2017",33.75688824204797,46.81999328483661,""
"","d1d085176c394bfa8df78bede135bf6d","9-a4341a1895dd4ea63b2a3d95e5413e74","50007","کرمانشاه","Kermānshāh","اسلام آباد غرب","Eslām Ābād-e Gharb","حمیل","Homeyl","","","","Mansuri","زعفران سفلی","Za'ferān-e Soflā","Zāfırān-ı Sufḷā","Mehdi Fattahi, field notes 2017","46","","","","Kalhuri 100%","Mehdi Fattahi, field notes 2017",33.878039364645126,46.76392852110095,""
"","d1d085176c394bfa8df78bede135b368","8-0c4a66367ba610758803d231753c8be9","50008","کرمانشاه","Kermānshāh","اسلام آباد غرب","Eslām Ābād-e Gharb","حمیل","Homeyl","","","","Mansuri","میان چقا","Miān Choqā","Nāw Chīyā","Mehdi Fattahi, field notes 2017","57","","","","Kalhuri 100%","Mehdi Fattahi, field notes 2017",33.83348823724766,46.76004974173515,""
"","d1d085176c394bfa8df78bede135ae03","8-c107a3d486eaad5c4facc21035f70f44","50009","کرمانشاه","Kermānshāh","اسلام آباد غرب","Eslām Ābād-e Gharb","حمیل","Homeyl","","","","Mansuri","امامزاده حسن","Emāmzadeh Hasan","Shāzda Hasan","Mehdi Fattahi, field notes 2017","","(3 or fewer households; population not specified in 2011 Census for reasons of privacy)","","","Kalhuri 100%","Mehdi Fattahi, field notes 2017",33.866575051778824,46.771771355095055,""
"","d1d085176c394bfa8df78bede136433b","8-2b00171943071863fcb4bd5b4ea06065","50010","کرمانشاه","Kermānshāh","اسلام آباد غرب","Eslām Ābād-e Gharb","حمیل","Homeyl","","","","Mansuri","چهارمله سفلی","Chahār Meleh-ye Soflā","Chwār Mıla-y Sufḷā","Mehdi Fattahi, field notes 2017","128","","","","Kalhuri 100%","Mehdi Fattahi, field notes 2017",33.75559039254883,46.88506352338498,""
"","d1d085176c394bfa8df78bede1363f51","9-f73b81394242fabc0e3add346cabad52","50011","کرمانشاه","Kermānshāh","اسلام آباد غرب","Eslām Ābād-e Gharb","حمیل","Homeyl","","","","Mansuri","چهارمله علیا","Chahār Meleh-ye Olyā","Chwār Mıla-y Ulyā","Mehdi Fattahi, field notes 2017","137","","","","Kalhuri 100%","Mehdi Fattahi, field notes 2017",33.773687404457924,46.852598065472385,""
"","d1d085176c394bfa8df78bede1363685","8-5ed62bee4432a2a6718b40714aace2b7","50012","کرمانشاه","Kermānshāh","اسلام آباد غرب","Eslām Ābād-e Gharb","حمیل","Homeyl","","","","Mansuri","روتوند","Rutavand","Ṛütawan","Mehdi Fattahi, field notes 2017","110","","","","Kalhuri 100%","Mehdi Fattahi, field notes 2017",33.87191978985763,46.77402433169163,""
"","d1d085176c394bfa8df78bede1363225","10-724f30455a844967b83b4e0ba5ffae6d","50013","کرمانشاه","Kermānshāh","اسلام آباد غرب","Eslām Ābād-e Gharb","حمیل","Homeyl","","","","Mansuri","قلاجی","Qalāji","Qaḷājī","Mehdi Fattahi, field notes 2017","27","","","","Kalhuri 100%","Mehdi Fattahi, field notes 2017",33.87286403235355,46.7629414681831,""
"","d1d085176c394bfa8df78bede1362e9d","8-dabbd956cfdbbe4f91e6b52f1dc6b07c","50014","کرمانشاه","Kermānshāh","اسلام آباد غرب","Eslām Ābād-e Gharb","حمیل","Homeyl","","","","Mansuri","مومنایی","Mumenāi","Mūmınāy","Mehdi Fattahi, field notes 2017","388","","","","Kalhuri 100%","Mehdi Fattahi, field notes 2017",33.839730869615785,46.7713579349404,""
"","d1d085176c394bfa8df78bede1362d6f","8-60cec3add903542db429205618d25524","50015","کرمانشاه","Kermānshāh","اسلام آباد غرب","Eslām Ābād-e Gharb","حمیل","Homeyl","","","","Mansuri","کمانگیر","Kamāngir","Kamāngīr","Mehdi Fattahi, field notes 2017","67","","","","Kalhuri 100%","Mehdi Fattahi, field notes 2017",33.74157573952412,46.867457503414585,""
"","d1d085176c394bfa8df78bede1361fc5","10-09f2e9519576b5c936e1d1c6f33dab60","50016","کرمانشاه","Kermānshāh","اسلام آباد غرب","Eslām Ābād-e Gharb","حمیل","Homeyl","","","","Mansuri","زعفران علیا","Za'ferān-e Olyā","Zāfırān-ı Ulyā","Mehdi Fattahi, field notes 2017","506","","","","Kalhuri 100%","Mehdi Fattahi, field notes 2017",33.89509026914038,46.763649471719035,""
"","d1d085176c394bfa8df78bede13611fe","8-5f5dd70ae7b48a628b2f650e0ea969a7","50017","کرمانشاه","Kermānshāh","اسلام آباد غرب","Eslām Ābād-e Gharb","حمیل","Homeyl","","","","Mansuri","گاورانی","Gāvarāni","Gāwarānī","Mehdi Fattahi, field notes 2017","518","","","","Kalhuri 100%","Mehdi Fattahi, field notes 2017",33.9327569439702,46.76263799802115,""
"","d1d085176c394bfa8df78bede1360fb8","8-f9899ff87380e308ca1febea7b3e74f4","50018","کرمانشاه","Kermānshāh","اسلام آباد غرب","Eslām Ābād-e Gharb","حمیل","Homeyl","","","","Mansuri","چشمه سنگی","Cheshmeh Sangi","Kyanī Kuchıgīn","Mehdi Fattahi, field notes 2017","530","","","","Kalhuri 100%","Mehdi Fattahi, field notes 2017",33.923195050628294,46.70212796038803,""
"","d1d085176c394bfa8df78bede136014f","8-44a96caad40ef9d3beda128275c0139a","50019","کرمانشاه","Kermānshāh","اسلام آباد غرب","Eslām Ābād-e Gharb","حمیل","Homeyl","","","","Mansuri","بان درعلیا","Bānder-e Olyā","Bāndıṛ-ı Ulyā","Mehdi Fattahi, field notes 2017","176","","","","Kalhuri 100%","Mehdi Fattahi, field notes 2017",33.85186841362621,46.681292560763296,""
"","d1d085176c394bfa8df78bede136854f","8-2564b4195cfc95ad8bc30c907d3c2de5","50020","کرمانشاه","Kermānshāh","اسلام آباد غرب","Eslām Ābād-e Gharb","حمیل","Homeyl","","","","Mansuri","داربید منصوری","Dār Bid-e Mansuri","Dārawē Masürī","Mehdi Fattahi, field notes 2017","444","","","","Kalhuri 100%","Mehdi Fattahi, field notes 2017",33.85195653433827,46.742572660338745,""
"","d1d085176c394bfa8df78bede1367eb3","8-570a3893ae14981aa4d7ad529e9e990b","50021","کرمانشاه","Kermānshāh","اسلام آباد غرب","Eslām Ābād-e Gharb","حمیل","Homeyl","","","","Mansuri","سربکوه","Sarbekuh","Sıṛwaküẅa","Mehdi Fattahi, field notes 2017","49","","","","Kalhuri 100%","Mehdi Fattahi, field notes 2017",33.90108692161768,46.708071735563294,""
"","d1d085176c394bfa8df78bede136701d","8-cdbcee5753f70368a67bcc8c4afe1af5","50022","کرمانشاه","Kermānshāh","اسلام آباد غرب","Eslām Ābād-e Gharb","حمیل","Homeyl","","","","Mansuri","سرخه خانی","Sorkheh Khāni","Surkha Khānī","Mehdi Fattahi, field notes 2017","86","","","","Kalhuri 100%","Mehdi Fattahi, field notes 2017",33.82128018191703,46.70144098726181,""
"","d1d085176c394bfa8df78bede1366e51","8-38781962d3d5dac3021a26d5cc534467","50023","کرمانشاه","Kermānshāh","اسلام آباد غرب","Eslām Ābād-e Gharb","حمیل","Homeyl","","","","Mansuri","سیاه پله علیا","Siāh Peleh-ye Olyā","Sīyā Pıla-y Ulyā","Mehdi Fattahi, field notes 2017","29","","","","Kalhuri 100%","Mehdi Fattahi, field notes 2017",33.831908606313405,46.72625678506429,""
"","d1d085176c394bfa8df78bede1366b3b","8-b8b6cec564fe82233426b19421041590","50024","کرمانشاه","Kermānshāh","اسلام آباد غرب","Eslām Ābād-e Gharb","حمیل","Homeyl","","","","Mansuri","شغل بهاراب","Shoghl-e Bahār Āb","Shuql-ı Bahār Āw","Mehdi Fattahi, field notes 2017","35","","","","Kalhuri 100%","Mehdi Fattahi, field notes 2017",33.82409620274033,46.75106361335034,""
"","d1d085176c394bfa8df78bede1366b31","8-31cc07e697c4ed8b625bee0eccc4915a","50025","کرمانشاه","Kermānshāh","اسلام آباد غرب","Eslām Ābād-e Gharb","حمیل","Homeyl","","","","Mansuri","کلک جعفر","Kelk-e Ja'far","Kılk-ı Jāfır","Mehdi Fattahi, field notes 2017","42","","","","Kalhuri 100%","Mehdi Fattahi, field notes 2017",33.826779498104706,46.67861002413048,""
"","d1d085176c394bfa8df78bede13664b8","8-75423ce73f95deafa8dc587f093d9d74","50026","کرمانشاه","Kermānshāh","اسلام آباد غرب","Eslām Ābād-e Gharb","حمیل","Homeyl","","","","Mansuri","کمرسوراخ","Kamar Surākh","Kamar Sūrākh","Mehdi Fattahi, field notes 2017","118","","","","Kalhuri 100%","Mehdi Fattahi, field notes 2017",33.830862097597425,46.734949948858905,""
"","d1d085176c394bfa8df78bede1365898","8-39b6e4907ce091b50ff40fe82d8c11a3","50027","کرمانشاه","Kermānshāh","اسلام آباد غرب","Eslām Ābād-e Gharb","حمیل","Homeyl","","","","Mansuri","میان تنگ منصوری","Miān Tang-e Mansuri","Nāwtang-ı Masürī","Mehdi Fattahi, field notes 2017","119","","","","Kalhuri 100%","Mehdi Fattahi, field notes 2017",33.82465824786168,46.65916400877527,""
"","d1d085176c394bfa8df78bede1364c75","8-49a3af9a10989e98700f80826f3f319e","50028","کرمانشاه","Kermānshāh","اسلام آباد غرب","Eslām Ābād-e Gharb","حمیل","Homeyl","","","","Mansuri","باندر سفلی","Bānder-e Soflā","Bāndıṛ-ı Sufḷā","Mehdi Fattahi, field notes 2017","85","","","","Kalhuri 100%","Mehdi Fattahi, field notes 2017",33.84093948991269,46.7004649907995,""
"","d1d085176c394bfa8df78bede136451b","6-6eccfbf9141f0e26100fe9cef60a8a08","50029","کرمانشاه","Kermānshāh","اسلام آباد غرب","Eslām Ābād-e Gharb","حمیل","Homeyl","","","","Harasam","","","","","7622","","","","","","","",""
"","d1d085176c394bfa8df78bede136baaf","8-96ac7e71fa45091a2b5ace5b68e81be2","50030","کرمانشاه","Kermānshāh","اسلام آباد غرب","Eslām Ābād-e Gharb","حمیل","Homeyl","","","","Harasam","ری بلک سفلی","Ribalak-e Soflā","Ṛēbalak-ı Sufḷā","Mehdi Fattahi, field notes 2017","183","","","","Kermāshāni Kurdish 100%","Mehdi Fattahi, field notes 2017",33.812504405790854,46.91137133811383,""
"","d1d085176c394bfa8df78bede136b411","9-83623bea0bf3745ac36279c2515b5edd","50031","کرمانشاه","Kermānshāh","اسلام آباد غرب","Eslām Ābād-e Gharb","حمیل","Homeyl","","","","Harasam","ری بلک علیا","Ribalak-e Olyā","Ṛēbalak-ı Ulyā","Mehdi Fattahi, field notes 2017","191","","","","Kermāshāni Kurdish 100%","Mehdi Fattahi, field notes 2017",33.80537275386989,46.919707643730995,""
"","d1d085176c394bfa8df78bede136b0e0","8-90049db6647c47be7f407759fb27a494","50032","کرمانشاه","Kermānshāh","اسلام آباد غرب","Eslām Ābād-e Gharb","حمیل","Homeyl","","","","Harasam","شادبلاغ","Shād Belāgh","Shābḷākh","Mehdi Fattahi, field notes 2017","307","","","","Kermāshāni Kurdish 100%","Mehdi Fattahi, field notes 2017",33.750065778176236,46.97572121220374,""
"","d1d085176c394bfa8df78bede136afea","8-0390976405200cf3511052959265c030","50033","کرمانشاه","Kermānshāh","اسلام آباد غرب","Eslām Ābād-e Gharb","حمیل","Homeyl","","","","Harasam","علی آباد دیزگران","Ali Ābād-e Dizgarān","Alī Ābād-ı Dīzgarān","Mehdi Fattahi, field notes 2017","237","","","","Kermāshāni Kurdish 100%","Mehdi Fattahi, field notes 2017",33.81469727340795,46.90835653518122,""
"","d1d085176c394bfa8df78bede136a541","8-a22d5e7546e19df45c86c62090f842b3","50034","کرمانشاه","Kermānshāh","اسلام آباد غرب","Eslām Ābād-e Gharb","حمیل","Homeyl","","","","Harasam","قلعه ترک سفلی","Qal'eh Tork-e Soflā","Qaḷa Turk-ı Sufḷā","Mehdi Fattahi, field notes 2017","146","","","","Kermāshāni Kurdish 100%","Mehdi Fattahi, field notes 2017",33.78698058122486,46.93481216031491,""
"","d1d085176c394bfa8df78bede136a4b8","8-8ab5f566500f432a56a6a01d58dec954","50035","کرمانشاه","Kermānshāh","اسلام آباد غرب","Eslām Ābād-e Gharb","حمیل","Homeyl","","","","Harasam","قلعه ترک علیا","Qal'eh Tork-e Olyā","Qaḷa Turk-ı Ulyā","Mehdi Fattahi, field notes 2017","177","","","","Kermāshāni Kurdish 100%","Mehdi Fattahi, field notes 2017",33.785723295846225,46.938352676214606,""
"","d1d085176c394bfa8df78bede1369f74","8-c97180093475f8b8d5c9d957728f8a2c","50036","کرمانشاه","Kermānshāh","اسلام آباد غرب","Eslām Ābād-e Gharb","حمیل","Homeyl","","","","Harasam","مله هار","Meleh Hār","Mıla Hār","Mehdi Fattahi, field notes 2017","372","","","","Kermāshāni Kurdish 100%","Mehdi Fattahi, field notes 2017",33.777577244435896,46.94587895470932,""
"","d1d085176c394bfa8df78bede1369740","8-d9604abcd83862c2717448febce7e0a6","50037","کرمانشاه","Kermānshāh","اسلام آباد غرب","Eslām Ābād-e Gharb","حمیل","Homeyl","","","","Harasam","هشت جفته","Hasht Jofteh","Haysht Jıfta","Mehdi Fattahi, field notes 2017","102","","","","Kermāshāni Kurdish 100%","Mehdi Fattahi, field notes 2017",33.7969654732763,46.929320680839545,""
"","d1d085176c394bfa8df78bede1369062","10-f407e842740fed68ca55edc1974d360f","50038","کرمانشاه","Kermānshāh","اسلام آباد غرب","Eslām Ābād-e Gharb","حمیل","Homeyl","","","","Harasam","باریکه نظام علیا","Bārikeh Nezām-e Olyā","Bārīka Nızām-ı Ulyā","Mehdi Fattahi, field notes 2017","520","","","","Kermāshāni Kurdish 100%","Mehdi Fattahi, field notes 2017",33.880556420022934,46.788540246886576,""
"","d1d085176c394bfa8df78bede1368887","10-b9261cb84442e116db7746354c3644c3","50039","کرمانشاه","Kermānshāh","اسلام آباد غرب","Eslām Ābād-e Gharb","حمیل","Homeyl","","","","Harasam","تازه آباد","Tāzeh Ābād","Tāza Ābād","Mehdi Fattahi, field notes 2017","295","","","","Kermāshāni Kurdish 100%","Mehdi Fattahi, field notes 2017",33.86557798688195,46.81663656335023,""
"","d1d085176c394bfa8df78bede136f938","12-ee6ecaeda7dedd33bd22de24e5348f19","50040","کرمانشاه","Kermānshāh","اسلام آباد غرب","Eslām Ābād-e Gharb","حمیل","Homeyl","","","","Harasam","تولابی","Tulābi","Tülāwī","Mehdi Fattahi, field notes 2017","572","","","","Kermāshāni Kurdish 100%","Mehdi Fattahi, field notes 2017",33.87987947804896,46.79341113845674,""
"","d1d085176c394bfa8df78bede136f39b","10-a3a7d1c0c9a9829c14839e319ef8abb4","50041","کرمانشاه","Kermānshāh","اسلام آباد غرب","Eslām Ābād-e Gharb","حمیل","Homeyl","","","","Harasam","چهارده جفته","Chahārdah Jofteh","Chwārda Jıfta","Mehdi Fattahi, field notes 2017","151","","","","Kermāshāni Kurdish 100%","Mehdi Fattahi, field notes 2017",33.86662920218942,46.814555169154566,""
"","d1d085176c394bfa8df78bede136f120","8-80deba2acfb4945e8cc8ed5c9bd5c598","50042","کرمانشاه","Kermānshāh","اسلام آباد غرب","Eslām Ābād-e Gharb","حمیل","Homeyl","","","","Harasam","بازگه","Bāzegeh","Bāzıga","Mehdi Fattahi, field notes 2017","121","","","","Kermāshāni Kurdish 100%","Mehdi Fattahi, field notes 2017",33.82948905994196,46.88296619441557,""
"","d1d085176c394bfa8df78bede136e311","8-a748d040d39c4398da878e407062c33c","50043","کرمانشاه","Kermānshāh","اسلام آباد غرب","Eslām Ābād-e Gharb","حمیل","Homeyl","","","","Harasam","باقر آباد","Bāqer Ābād","Bāqır Āwāy","Mehdi Fattahi, field notes 2017","84","","","","Kermāshāni Kurdish 100%","Mehdi Fattahi, field notes 2017",33.82013034529424,46.89711752917531,""
"","d1d085176c394bfa8df78bede136e1d3","8-ee683dafaca3ff75b8596fa9807a9776","50044","کرمانشاه","Kermānshāh","اسلام آباد غرب","Eslām Ābād-e Gharb","حمیل","Homeyl","","","","Harasam","سراب هرسم","Sarāb-e Harasam","Sarāw Harasam","Mehdi Fattahi, field notes 2017","473","","","","Kermāshāni Kurdish 100%","Mehdi Fattahi, field notes 2017",33.85726248455338,46.853156260798805,""
"","d1d085176c394bfa8df78bede136dedb","8-c8d6a1420d055c5ab6670f1c2834edc2","50045","کرمانشاه","Kermānshāh","اسلام آباد غرب","Eslām Ābād-e Gharb","حمیل","Homeyl","","","","Harasam","قلعه هرسم","Qal'eh-ye Harasam","Qaḷā-y Harasam","Mehdi Fattahi, field notes 2017","575","","","","Kermāshāni Kurdish 100%","Mehdi Fattahi, field notes 2017",33.867331958736386,46.83141800218788,""
"","d1d085176c394bfa8df78bede136d973","8-bbf0b0afbfd228fdd4e68ffcd5cc03aa","50046","کرمانشاه","Kermānshāh","اسلام آباد غرب","Eslām Ābād-e Gharb","حمیل","Homeyl","","","","Harasam","کندهر","Kandehar","Kanahar","Mehdi Fattahi, field notes 2017","1388","","","","Kermāshāni Kurdish 100%","Mehdi Fattahi, field notes 2017",33.88760888028851,46.875520382190835,""
"","d1d085176c394bfa8df78bede136cdd8","8-1a98075a7b05719e9d0989332f224417","50047","کرمانشاه","Kermānshāh","اسلام آباد غرب","Eslām Ābād-e Gharb","حمیل","Homeyl","","","","Harasam","گردی","Gordi","Gurdī","Mehdi Fattahi, field notes 2017","101","","","","Kermāshāni Kurdish 100%","Mehdi Fattahi, field notes 2017",33.83600765158801,46.8697911837364,""
"","d1d085176c394bfa8df78bede136c31f","8-ff80e7b7bb89521c83c1fe1afd5c23af","50048","کرمانشاه","Kermānshāh","اسلام آباد غرب","Eslām Ābād-e Gharb","حمیل","Homeyl","","","","Harasam","منوری","Monavari","Mınawarī","Mehdi Fattahi, field notes 2017","106","","","","Kermāshāni Kurdish 100%","Mehdi Fattahi, field notes 2017",33.831979448598574,46.87752667453289,""
"","d1d085176c394bfa8df78bede136c027","8-f442e29e68df88a9b142686dab9d79ab","50049","کرمانشاه","Kermānshāh","اسلام آباد غرب","Eslām Ābād-e Gharb","حمیل","Homeyl","","","","Harasam","ویسگه","Veysegeh","Waysıga","Mehdi Fattahi, field notes 2017","141","","","","Kermāshāni Kurdish 100%","Mehdi Fattahi, field notes 2017",33.82466224923338,46.89176383998259,""
"","d1d085176c394bfa8df78bede1374d2c","8-d87983857bdb829ddc11749a2faf4e4a","50050","کرمانشاه","Kermānshāh","اسلام آباد غرب","Eslām Ābād-e Gharb","حمیل","Homeyl","","","","Harasam","باریکه صادقی","Bārikeh-ye Sādeqi","Bārīka-y Sādıqī","Mehdi Fattahi, field notes 2017","194","","","","Kermāshāni Kurdish 100%","Mehdi Fattahi, field notes 2017",33.882444703459505,46.78362643997188,""
"","d1d085176c394bfa8df78bede1374c0c","8-6d75bf416f42c71a6ece87bd341e3659","50051","کرمانشاه","Kermānshāh","اسلام آباد غرب","Eslām Ābād-e Gharb","حمیل","Homeyl","","","","Harasam","خمارتاج","Khomār Tāj","Khumār Tāzh","Mehdi Fattahi, field notes 2017","208","","","","Kermāshāni Kurdish 100%","Mehdi Fattahi, field notes 2017",33.89133332538015,46.77517211715839,""
"","d1d085176c394bfa8df78bede1373c98","8-a079b9eeabda7114a2e74cda5ce3137f","50052","کرمانشاه","Kermānshāh","اسلام آباد غرب","Eslām Ābād-e Gharb","حمیل","Homeyl","","","","Harasam","گراوند","Garāvand","Gıṛāwan","Mehdi Fattahi, field notes 2017","978","","","","Kermāshāni Kurdish 100%","Mehdi Fattahi, field notes 2017",33.917546805456055,46.77321020154107,""
"","d1d085176c394bfa8df78bede1372d9b","6-23741c4861a6ea77bec288fe8ccb09b1","50053","کرمانشاه","Kermānshāh","اسلام آباد غرب","Eslām Ābād-e Gharb","حمیل","Homeyl","","","","Homeyl","","","","","5973","","","","","","","",""
"","d1d085176c394bfa8df78bede13723c1","8-6f790120dc85303bcba9a91f031ec344","50054","کرمانشاه","Kermānshāh","اسلام آباد غرب","Eslām Ābād-e Gharb","حمیل","Homeyl","","","","Homeyl","پلنگ گرد","Palang Gerd","Palangırd","Mehdi Fattahi, field notes 2017","583","","","","Kalhuri 100%","Mehdi Fattahi, field notes 2017",33.96100757809301,46.79597282510001,""
"","d1d085176c394bfa8df78bede1371714","8-329b4c2b92a81b72991d1e6ef462391e","50055","کرمانشاه","Kermānshāh","اسلام آباد غرب","Eslām Ābād-e Gharb","حمیل","Homeyl","","","","Homeyl","توه سرخک سفلی","Toveh Sorkhak-e Soflā","Tüẅa Sẅarıg-ı Sufḷā","Mehdi Fattahi, field notes 2017","684","","","","Kalhuri 100%","Mehdi Fattahi, field notes 2017",33.974178410374435,46.82217151536904,""
"","d1d085176c394bfa8df78bede137121c","9-96f84ec97c0bff77fbfe3bdbeb88eda1","50056","کرمانشاه","Kermānshāh","اسلام آباد غرب","Eslām Ābād-e Gharb","حمیل","Homeyl","","","","Homeyl","توه سرخک علیا","Toveh Sorkhak-e Olyā","Tüẅa Sẅarıg-ı Ulyā","Mehdi Fattahi, field notes 2017","167","","","","Kalhuri 100%","Mehdi Fattahi, field notes 2017",33.97126449106146,46.84143514051158,""
"","d1d085176c394bfa8df78bede1370c29","8-3c78706c14070f14e052cfa04330e438","50057","کرمانشاه","Kermānshāh","اسلام آباد غرب","Eslām Ābād-e Gharb","حمیل","Homeyl","","","","Homeyl","توه سرخک نسار","Toveh Sorkhak-e Nesār","Tüẅa Sẅarıg-ı Nısār","Mehdi Fattahi, field notes 2017","148","","","","Kalhuri 100%","Mehdi Fattahi, field notes 2017",33.96841275731757,46.84032470597924,""
"","d1d085176c394bfa8df78bede137064a","8-6524e6b7c022689780be29da5716cd4d","50058","کرمانشاه","Kermānshāh","اسلام آباد غرب","Eslām Ābād-e Gharb","حمیل","Homeyl","","","","Homeyl","تازه آباد بدره گرد","Tāzeh Ābād-e Badreh Gerd","Tāza Āwā-y Badra Gırd","Mehdi Fattahi, field notes 2017","241","","","","Kalhuri 100%","Mehdi Fattahi, field notes 2017",33.95371186575194,46.75564736739074,""
"","d1d085176c394bfa8df78bede13700df","8-e45f8aefa76a02a3ca4b30d0672370b3","50059","کرمانشاه","Kermānshāh","اسلام آباد غرب","Eslām Ābād-e Gharb","حمیل","Homeyl","","","","Homeyl","تومیانه","Tomyāneh","Tımyāna","Mehdi Fattahi, field notes 2017","278","","","","Kalhuri 100%","Mehdi Fattahi, field notes 2017",33.98462142020437,46.779815197996406,""
"","d1d085176c394bfa8df78bede1379fe1","8-fe18da33b387e521efcc374a41f4eb89","50060","کرمانشاه","Kermānshāh","اسلام آباد غرب","Eslām Ābād-e Gharb","حمیل","Homeyl","","","","Homeyl","ظهراب","Zohrāb","Zūrāw","Mehdi Fattahi, field notes 2017","","(3 or fewer households; population not specified in 2011 Census for reasons of privacy)","","","Kalhuri 100%","Mehdi Fattahi, field notes 2017",33.9836600162047,46.80124297570184,""
"","d1d085176c394bfa8df78bede13793fb","10-bfa6e7dee56e5789dfed95d1a0dd1509","50061","کرمانشاه","Kermānshāh","اسلام آباد غرب","Eslām Ābād-e Gharb","حمیل","Homeyl","","","","Homeyl","قوچمی","Quchemi ","Qūchımī ","Mehdi Fattahi, field notes 2017","364","","","","Kalhuri 100%","Mehdi Fattahi, field notes 2017",33.947806874371,46.77952439203718,""
"","d1d085176c394bfa8df78bede1378a89","8-9a4eaa40b2cc0fde8d0c9bd247f600b6","50062","کرمانشاه","Kermānshāh","اسلام آباد غرب","Eslām Ābād-e Gharb","حمیل","Homeyl","","","","Homeyl","میله سر","Meyleh Sar","Maylasar","Mehdi Fattahi, field notes 2017","631","","","","Kalhuri 100%","Mehdi Fattahi, field notes 2017",33.963721634962475,46.78087735276604,""
"","d1d085176c394bfa8df78bede1378484","10-276432da01d8c36a7cc10ea3afe7ce9f","50063","کرمانشاه","Kermānshāh","اسلام آباد غرب","Eslām Ābād-e Gharb","حمیل","Homeyl","","","","Homeyl","خپگه","Khapegeh","Khapıga","Mehdi Fattahi, field notes 2017","530","","","","Kalhuri 100%","Mehdi Fattahi, field notes 2017",33.99948518650409,46.798885667154785,""
"","d1d085176c394bfa8df78bede1377bb2","8-96d0e43822d4df36c1b65f9a212cee40","50064","کرمانشاه","Kermānshāh","اسلام آباد غرب","Eslām Ābād-e Gharb","حمیل","Homeyl","","","","Homeyl","سراب شوهان","Sarāb-e Shuhān","Sarāw-ı Shūwān","Mehdi Fattahi, field notes 2017","183","","","","Kalhuri 100%","Mehdi Fattahi, field notes 2017",34.00019230919878,46.80107971412859,""
"","d1d085176c394bfa8df78bede13775ce","8-96f7c6bb08bcf7bdece096a179a77392","50065","کرمانشاه","Kermānshāh","اسلام آباد غرب","Eslām Ābād-e Gharb","حمیل","Homeyl","","","","Homeyl","سراب میله سر","Sarāb-e Meyleh Sar","Sarāw-ı Maylasar","Mehdi Fattahi, field notes 2017","317","","","","Kalhuri 100%","Mehdi Fattahi, field notes 2017",33.99397908639418,46.80053852926267,""
"","d1d085176c394bfa8df78bede1376723","8-3bd4a97d417d5d870b712002eecf74fe","50066","کرمانشاه","Kermānshāh","اسلام آباد غرب","Eslām Ābād-e Gharb","حمیل","Homeyl","","","","Homeyl","شوهان علیا","Shuhān-e Olyā","Shūwān-ı Ulyā","Mehdi Fattahi, field notes 2017","37","","","","Kalhuri 100%","Mehdi Fattahi, field notes 2017",34.032059991918175,46.807969955911354,""
"","d1d085176c394bfa8df78bede13766ce","8-e47ff1ab8f6d0ff82bc042c4e9d67fe3","50067","کرمانشاه","Kermānshāh","اسلام آباد غرب","Eslām Ābād-e Gharb","حمیل","Homeyl","","","","Homeyl","مله سرخ","Meleh Sorkh","Mıla Süẅar","Mehdi Fattahi, field notes 2017","253","","","","Kalhuri 100%","Mehdi Fattahi, field notes 2017",33.95465367683409,46.92600631812218,""
"","d1d085176c394bfa8df78bede13762c9","8-00b4476eeaa11d01826dade76569ceef","50068","کرمانشاه","Kermānshāh","اسلام آباد غرب","Eslām Ābād-e Gharb","حمیل","Homeyl","","","","Homeyl","شوهان سفلی","Shuhān-e Soflā","Shūwān-ı Sufḷā","Mehdi Fattahi, field notes 2017","144","","","","Kalhuri 100%","Mehdi Fattahi, field notes 2017",34.02527569711613,46.79814234208287,""
"","d1d085176c394bfa8df78bede137589b","14-321cdef02c2036b61ef7a86b6501a514","50069","کرمانشاه","Kermānshāh","اسلام آباد غرب","Eslām Ābād-e Gharb","حمیل","Homeyl","","","","Homeyl","چقاجنگه سفلی","Choqā Jangeh-ye Soflā","Chīyā Janga-y Sufḷā","Mehdi Fattahi, field notes 2017","223","","","","Kalhuri 100%","Mehdi Fattahi, field notes 2017",33.98056464790846,46.70227789980369,""
"","d1d085176c394bfa8df78bede13808b8","14-78edd53c351a42a4341b1e5414994865","50070","کرمانشاه","Kermānshāh","اسلام آباد غرب","Eslām Ābād-e Gharb","حمیل","Homeyl","","","","Homeyl","چقاجنگه علیا","Choqā Jangeh-ye Olyā","Chīyā Janga-y Ulyā","Mehdi Fattahi, field notes 2017","340","","","","Kalhuri 100%","Mehdi Fattahi, field notes 2017",33.977103783419246,46.702256442131876,""
"","d1d085176c394bfa8df78bede1380351","8-ba4e1392bb87f11abb12a2f2609568dd","50071","کرمانشاه","Kermānshāh","اسلام آباد غرب","Eslām Ābād-e Gharb","حمیل","Homeyl","","","","Homeyl","گردنگاه قوچمی","Gardangāh-e Quchemi","Gardana-y Qūchımī","Mehdi Fattahi, field notes 2017","782","","","","Kalhuri 100%","Mehdi Fattahi, field notes 2017",33.945839936240425,46.74676925555195,""
"","d1d085176c394bfa8df78bede137f6a2","10-91b3fd3590e2930cb84c97303be0f88d","50072","کرمانشاه","Kermānshāh","اسلام آباد غرب","Eslām Ābād-e Gharb","حمیل","Homeyl","","","","Homeyl","بدره گرد سلیمی","Badreh Gerd-e Salimi","Bayra Gırd-ı Salīmī","Mehdi Fattahi, field notes 2017","58","","","","Kalhuri 100%","Mehdi Fattahi, field notes 2017",33.94839872694729,46.74809426680514,""
"","d1d085176c394bfa8df78bede137e721","10-276470fe71a773da25c5ee900a4c925b","50073","کرمانشاه","Kermānshāh","اسلام آباد غرب","Eslām Ābād-e Gharb","حمیل","Homeyl","حمیل","Homeyl","","","","","Humayl","Mehdi Fattahi, field notes 2017","1363","","","","Kalhuri 100%","Mehdi Fattahi, field notes 2017",33.93719135362101,46.77359247308306,""
"","d1d085176c394bfa8df78bede137d967","6-fe9cec2d5fdfc658037af834425cdf00","50074","کرمانشاه","Kermānshāh","اسلام آباد غرب","Eslām Ābād-e Gharb","مرکزی","Markazi","","","","","","","","","132123","","","","","","","",""
"","d1d085176c394bfa8df78bede137cb02","6-51fbcafa8f7b2133896f47f2e0c59088","50075","کرمانشاه","Kermānshāh","اسلام آباد غرب","Eslām Ābād-e Gharb","مرکزی","Markazi","","","","Hasan Ābād","","","","","9617","","","","","","","",""
"","d1d085176c394bfa8df78bede137c146","9-0cf6a8b4a4de2b5f8a637b5c062ca57f","50076","کرمانشاه","Kermānshāh","اسلام آباد غرب","Eslām Ābād-e Gharb","مرکزی","Markazi","","","","Hasan Ābād","کمرزرد","Kamar Zard","Kamar Zard","Mehdi Fattahi, field notes 2017","618","","","","Kalhuri 100%","Mehdi Fattahi, field notes 2017",34.03358070476715,46.87483407557682,""
"","d1d085176c394bfa8df78bede137bac9","8-94e4ecb7b2eb9fbbc370a258eb3c7e14","50077","کرمانشاه","Kermānshāh","اسلام آباد غرب","Eslām Ābād-e Gharb","مرکزی","Markazi","","","","Hasan Ābād","گرگی مندرک","Gorgei Menderek","Gurga-y Mınıray","Mehdi Fattahi, field notes 2017","478","","","","Kalhuri 100%","Mehdi Fattahi, field notes 2017",34.00244284034557,46.8993762880585,""
"","d1d085176c394bfa8df78bede137af15","8-6df6bc4db0f4355948aeac5cce91dc0b","50078","کرمانشاه","Kermānshāh","اسلام آباد غرب","Eslām Ābād-e Gharb","مرکزی","Markazi","","","","Hasan Ābād","مندرک","Menderek","Mınıray","Mehdi Fattahi, field notes 2017","280","","","","Kalhuri 100%","Mehdi Fattahi, field notes 2017",34.01227942441877,46.91117800772176,""
"","d1d085176c394bfa8df78bede137ab9b","8-5dc35e33402c9d9da5b42b70d821db95","50079","کرمانشاه","Kermānshāh","اسلام آباد غرب","Eslām Ābād-e Gharb","مرکزی","Markazi","","","","Hasan Ābād","سراب شاهینی","Sarāb-e Shāhini","Sarāw-ı Shāhīnī, Sarāw Shāynī","Mehdi Fattahi, field notes 2017","188","","","","Kalhuri 100%","Mehdi Fattahi, field notes 2017",34.0656767059422,46.80426509968572,""
"","d1d085176c394bfa8df78bede1383c74","8-db4cce3d330a40eacf195ad6b19b0486","50080","کرمانشاه","Kermānshāh","اسلام آباد غرب","Eslām Ābād-e Gharb","مرکزی","Markazi","","","","Hasan Ābād","شاهینی","Shāhini","Shāhīnī, Shāynī","Mehdi Fattahi, field notes 2017","390","","","","Kalhuri 100%","Mehdi Fattahi, field notes 2017",34.0466420277545,46.81206305582542,""
"","d1d085176c394bfa8df78bede1383ba9","8-a5fdf6626d39274d0474a80c7e65a353","50081","کرمانشاه","Kermānshāh","اسلام آباد غرب","Eslām Ābād-e Gharb","مرکزی","Markazi","","","","Hasan Ābād","شیت کمرزرد، شیخ","Shit-e Kamar Zard, Sheykh","Shīt-ı Kamar Zard, Shaykh","Mehdi Fattahi, field notes 2017","305","","","","Kalhuri 100%","Mehdi Fattahi, field notes 2017",34.05371530026089,46.836953774477244,""
"","d1d085176c394bfa8df78bede13832c0","8-7f497f5bba20942c81c6b331ea0f357b","50082","کرمانشاه","Kermānshāh","اسلام آباد غرب","Eslām Ābād-e Gharb","مرکزی","Markazi","","","","Hasan Ābād","انجیرک","Anjirak","Anjīrak","Mehdi Fattahi, field notes 2017","764","","","","Kalhuri 100%","Mehdi Fattahi, field notes 2017",34.0838962878437,46.843649775079555,""
"","d1d085176c394bfa8df78bede138254b","8-380f4e8608c827a5236959af762ddd5d","50083","کرمانشاه","Kermānshāh","اسلام آباد غرب","Eslām Ābād-e Gharb","مرکزی","Markazi","","","","Hasan Ābād","باقرآباد سفلی","Bāqer Ābād-e Soflā","Bāqır Āwā-y Sufḷā","Mehdi Fattahi, field notes 2017","660","","","","Kalhuri 100%","Mehdi Fattahi, field notes 2017",34.10685411737567,46.75545874268047,""
"","d1d085176c394bfa8df78bede1381c1d","8-f078e73ed18a17bf1796e8306bc8bf36","50084","کرمانشاه","Kermānshāh","اسلام آباد غرب","Eslām Ābād-e Gharb","مرکزی","Markazi","","","","Hasan Ābād","باقرآباد علیا","Bāqer Ābād-e Olyā","Bāqır Āwā-y Ulyā","Mehdi Fattahi, field notes 2017","596","","","","Kalhuri 100%","Mehdi Fattahi, field notes 2017",34.0909602151506,46.792011887131665,""
"","d1d085176c394bfa8df78bede1381bbc","8-f5f1f72261e7703e10ae32333e727ab7","50085","کرمانشاه","Kermānshāh","اسلام آباد غرب","Eslām Ābād-e Gharb","مرکزی","Markazi","","","","Hasan Ābād","کمره علیا","Kamareh-ye Olyā","Kamara-y Ulyā","Mehdi Fattahi, field notes 2017","351","","","","Kalhuri 100%","Mehdi Fattahi, field notes 2017",34.06883231248495,46.792810159517444,""
"","d1d085176c394bfa8df78bede1381b29","10-1d2885b8a680da42426f1703ae070a64","50086","کرمانشاه","Kermānshāh","اسلام آباد غرب","Eslām Ābād-e Gharb","مرکزی","Markazi","","","","Hasan Ābād","تنگ شوهان سفلی","Tang-e Showhān-e Soflā","Tanga Shūwān-ı Sufḷā","Mehdi Fattahi, field notes 2017","512","","","","Kalhuri 100%","Mehdi Fattahi, field notes 2017",34.17407669460344,46.732612624789724,""
"","d1d085176c394bfa8df78bede1381a33","8-92c33da78280250a17e750fd4431f443","50087","کرمانشاه","Kermānshāh","اسلام آباد غرب","Eslām Ābād-e Gharb","مرکزی","Markazi","","","","Hasan Ābād","تنگ شوهان علیا","Tang-e Showhān-e Olyā","Tanga Shūwān-ı Ulyā","Mehdi Fattahi, field notes 2017","553","","","","Kalhuri 100%","Mehdi Fattahi, field notes 2017",34.174440623736366,46.728911176350074,""
"","d1d085176c394bfa8df78bede1381673","8-301e15f0c83675a4bd8bcd1cecdd77e9","50088","کرمانشاه","Kermānshāh","اسلام آباد غرب","Eslām Ābād-e Gharb","مرکزی","Markazi","","","","Hasan Ābād","زینل خانی","Zeynal Khāni","Zaynal Khānī","Mehdi Fattahi, field notes 2017","16","","","","Kalhuri 100%","Mehdi Fattahi, field notes 2017",34.1237337333673,46.72310741285639,""
"","d1d085176c394bfa8df78bede1380f70","8-c1c5101e75cecbfb82316e25a76b5e40","50089","کرمانشاه","Kermānshāh","اسلام آباد غرب","Eslām Ābād-e Gharb","مرکزی","Markazi","","","","Hasan Ābād","فرخ خانی","Farrokh Khāni","Faṛukh Khānī","Mehdi Fattahi, field notes 2017","197","","","","Kalhuri 100%","Mehdi Fattahi, field notes 2017",34.12691329755257,46.69879050593102,""
"","d1d085176c394bfa8df78bede138757c","8-bbc8f6680fc075b93b5e6da5a949b3ec","50090","کرمانشاه","Kermānshāh","اسلام آباد غرب","Eslām Ābād-e Gharb","مرکزی","Markazi","","","","Hasan Ābād","محمدعلی خانی","Mohammad Ali Khāni","Māmad Alī Khānī","Mehdi Fattahi, field notes 2017","312","","","","Kalhuri 100%","Mehdi Fattahi, field notes 2017",34.12040305606547,46.71322079042885,""
"","d1d085176c394bfa8df78bede1386f7e","8-82216b7eb6840349b679fef764a05752","50091","کرمانشاه","Kermānshāh","اسلام آباد غرب","Eslām Ābād-e Gharb","مرکزی","Markazi","","","","Hasan Ābād","حسن آباد","Hasan Ābād","Hasan Ābād","Mehdi Fattahi, field notes 2017","1169","","","","Kalhuri 100%","Mehdi Fattahi, field notes 2017",34.1644377542124,46.65911276898016,""
"","d1d085176c394bfa8df78bede138676e","8-45102a1b1514126fc23890d732e78f5f","50092","کرمانشاه","Kermānshāh","اسلام آباد غرب","Eslām Ābād-e Gharb","مرکزی","Markazi","","","","Hasan Ābād","دلو حسن آباد","Dalu Hasan Ābād","Dalü Hasan Ābād","Mehdi Fattahi, field notes 2017","570","","","","Kalhuri 100%","Mehdi Fattahi, field notes 2017",34.14456658509844,46.68059922758014,""
"","d1d085176c394bfa8df78bede13866aa","8-1ad8a640f35b356366558f4b563cbf87","50093","کرمانشاه","Kermānshāh","اسلام آباد غرب","Eslām Ābād-e Gharb","مرکزی","Markazi","","","","Hasan Ābād","دارخور حسن آباد","Dār Khor-e Hasan Ābād","Dārkhwar-ı Hasan Ābād","Mehdi Fattahi, field notes 2017","230","","","","Kalhuri 100%","Mehdi Fattahi, field notes 2017",34.20928533968465,46.64637764057903,""
"","d1d085176c394bfa8df78bede138585d","8-f4217098051071b445797c20968f19ac","50094","کرمانشاه","Kermānshāh","اسلام آباد غرب","Eslām Ābād-e Gharb","مرکزی","Markazi","","","","Hasan Ābād","ده کریشه","Deh Korisheh","Dēya Kuṛīsha","Mehdi Fattahi, field notes 2017","544","","","","Kalhuri 100%","Mehdi Fattahi, field notes 2017",34.191667765462995,46.63300611082721,""
"","d1d085176c394bfa8df78bede13857c2","6-d34345cdf255e87611bd3a645cf0450e","50095","کرمانشاه","Kermānshāh","اسلام آباد غرب","Eslām Ābād-e Gharb","مرکزی","Markazi","","","","Hasan Ābād","مزرعه میان رود","Mazra'eh-ye Miān Rud","Mazra'a-y Mīyān Ṛūd","Mehdi Fattahi, field notes 2017","","(3 or fewer households; population not specified in 2011 Census for reasons of privacy)","","","Kalhuri 100%","Mehdi Fattahi, field notes 2017","","",""
"","d1d085176c394bfa8df78bede13851ea","8-5853ba240d648f5fb6c99da8b54e19b4","50096","کرمانشاه","Kermānshāh","اسلام آباد غرب","Eslām Ābād-e Gharb","مرکزی","Markazi","","","","Hasan Ābād","سیاه خور","Siāh Khor","Süẅa Khwar","Mehdi Fattahi, field notes 2017","491","","","","Kalhuri 100%","Mehdi Fattahi, field notes 2017",34.12688221300729,46.5981164727789,""
"","d1d085176c394bfa8df78bede1384a83","8-9b874243b0e209036c1d260ff08196ef","50097","کرمانشاه","Kermānshāh","اسلام آباد غرب","Eslām Ābād-e Gharb","مرکزی","Markazi","","","","Hasan Ābād","کریم حاصله علیا","Karim Hāseleh-ye Olyā","Karīm Hāsıḷa-y Ulyā","Mehdi Fattahi, field notes 2017","13","","","","Kalhuri 100%","Mehdi Fattahi, field notes 2017",34.13891107854146,46.628688291126686,""
"","d1d085176c394bfa8df78bede138475e","8-4f8e0d20700bcc55eaa99e6b59b5de00","50098","کرمانشاه","Kermānshāh","اسلام آباد غرب","Eslām Ābād-e Gharb","مرکزی","Markazi","","","","Hasan Ābād","کریم حاصله سفلی","Karim Hāseleh-ye Soflā","Karīm Hāsıḷa-y Sufḷā","Mehdi Fattahi, field notes 2017","96","","","","Kalhuri 100%","Mehdi Fattahi, field notes 2017",34.136913046690424,46.628988698535686,""
"","d1d085176c394bfa8df78bede1383cbf","8-dd78e094248159f7e402c4ef1d5d7b16","50099","کرمانشاه","Kermānshāh","اسلام آباد غرب","Eslām Ābād-e Gharb","مرکزی","Markazi","","","","Hasan Ābād","لرینی آجودانی","Loreyni-ye Ājudāni","Laṛīnī-yı Ājūdānī","Mehdi Fattahi, field notes 2017","279","","","","Kalhuri 100%","Mehdi Fattahi, field notes 2017",34.15386817610713,46.5833321366912,""
"","d1d085176c394bfa8df78bede138e218","6-496faafdc8ba320b1ddd4cc749c36de0","50100","کرمانشاه","Kermānshāh","اسلام آباد غرب","Eslām Ābād-e Gharb","مرکزی","Markazi","","","","Humeh-ye Jonubi","","","","","15373","","","","","","","",""
"","d1d085176c394bfa8df78bede138d395","8-db82921e52c8a76d150e8773f70d30c0","50101","کرمانشاه","Kermānshāh","اسلام آباد غرب","Eslām Ābād-e Gharb","مرکزی","Markazi","","","","Humeh-ye Jonubi","لر","Lor","Luṛ","Mehdi Fattahi, field notes 2017","373","","","","Kalhuri 100%","Mehdi Fattahi, field notes 2017",34.07588517100803,46.5517376781778,""
"","d1d085176c394bfa8df78bede138c4b2","8-b242e1eb81c41593b323505e92e9c739","50102","کرمانشاه","Kermānshāh","اسلام آباد غرب","Eslām Ābād-e Gharb","مرکزی","Markazi","","","","Humeh-ye Jonubi","ونایی","Vanāi","Wanāy","Mehdi Fattahi, field notes 2017","765","","","","Kalhuri 100%","Mehdi Fattahi, field notes 2017",34.059985454380474,46.57042731059144,""
"","d1d085176c394bfa8df78bede138bad8","6-008e23ddb3a97f693f6376064abd9bf5","50103","کرمانشاه","Kermānshāh","اسلام آباد غرب","Eslām Ābād-e Gharb","مرکزی","Markazi","","","","Humeh-ye Jonubi","پادگان الله اکبر","Pādegān-e Allaho Akbar","Pādıgān-ı Alahu Akbar","Mehdi Fattahi, field notes 2017","931","","","","Kalhuri 100%","Mehdi Fattahi, field notes 2017","","",""
"","d1d085176c394bfa8df78bede138ac16","6-b93c2cc1ff2dd69f14dc8d9b1920eaf9","50104","کرمانشاه","Kermānshāh","اسلام آباد غرب","Eslām Ābād-e Gharb","مرکزی","Markazi","","","","Humeh-ye Jonubi","معدن سنگ بدره ای","Ma'dan-e Sang-e Badrei","Mahdan-ı Sang-ı Badray","Mehdi Fattahi, field notes 2017","17","","","","Kalhuri 100%","Mehdi Fattahi, field notes 2017","","",""
"","d1d085176c394bfa8df78bede138a804","8-02319a610c181229e98132abd9e1ca07","50105","کرمانشاه","Kermānshāh","اسلام آباد غرب","Eslām Ābād-e Gharb","مرکزی","Markazi","","","","Humeh-ye Jonubi","امیرآباد","Amir Ābād","Amīr Ābād","Mehdi Fattahi, field notes 2017","1386","","","","Kalhuri 100%","Mehdi Fattahi, field notes 2017",34.102485260845874,46.50552580205583,""
"","d1d085176c394bfa8df78bede1389a76","8-8bcc0500bc12c36d9689858b5f8267de","50106","کرمانشاه","Kermānshāh","اسلام آباد غرب","Eslām Ābād-e Gharb","مرکزی","Markazi","","","","Humeh-ye Jonubi","علی آباد","Ali Ābād","Alī Ābād","Mehdi Fattahi, field notes 2017","1055","","","","Kalhuri 100%","Mehdi Fattahi, field notes 2017",34.13406149798513,46.43842766134864,""
"","d1d085176c394bfa8df78bede1389486","8-a7e99e7524f4ceeca698562f4a35b688","50107","کرمانشاه","Kermānshāh","اسلام آباد غرب","Eslām Ābād-e Gharb","مرکزی","Markazi","","","","Humeh-ye Jonubi","فیروزآباد","Firuz Ābād","Fīrūz Ābād","Mehdi Fattahi, field notes 2017","160","","","","Kalhuri 100%","Mehdi Fattahi, field notes 2017",34.15514602711362,46.392021081781245,""
"","d1d085176c394bfa8df78bede1388b8c","10-0404871e7632328879d2d143adad3295","50108","کرمانشاه","Kermānshāh","اسلام آباد غرب","Eslām Ābād-e Gharb","مرکزی","Markazi","","","","Humeh-ye Jonubi","چالاب بکر","Chālāb-e Bekr","Chāḷāw Bakr","Mehdi Fattahi, field notes 2017","758","","","","Kalhuri 100%","Mehdi Fattahi, field notes 2017",34.126784070011894,46.33843355279875,""
"","d1d085176c394bfa8df78bede1387da9","6-758901eaf014fd7217ebc2fc24fea419","50109","کرمانشاه","Kermānshāh","اسلام آباد غرب","Eslām Ābād-e Gharb","مرکزی","Markazi","","","","Humeh-ye Jonubi","پادگان سلمان فارسی","Pādegān-e Salmān-e Fārsi","Pādıgān-ı Saḷmān-ı Fārsī","Mehdi Fattahi, field notes 2017","186","","","","Kalhuri 100%","Mehdi Fattahi, field notes 2017","","",""
"","d1d085176c394bfa8df78bede1390a3b","8-bc3d442c2664515e859485cf913aff00","50110","کرمانشاه","Kermānshāh","اسلام آباد غرب","Eslām Ābād-e Gharb","مرکزی","Markazi","","","","Humeh-ye Jonubi","تراب","Torāb","Tırāw","Mehdi Fattahi, field notes 2017","336","","","","Kalhuri 100%","Mehdi Fattahi, field notes 2017",34.06588172698245,46.45760641812686,""
"","d1d085176c394bfa8df78bede1390668","8-3d915e10a4a4c902e26d4997ffa6329d","50111","کرمانشاه","Kermānshāh","اسلام آباد غرب","Eslām Ābād-e Gharb","مرکزی","Markazi","","","","Humeh-ye Jonubi","ترازک عبداله","Tarāzak-e Abdollāh","Tırāzık-ı Abdulā","Mehdi Fattahi, field notes 2017","51","","","","Kalhuri 100%","Mehdi Fattahi, field notes 2017",33.97211804001028,46.512560597087855,""
"","d1d085176c394bfa8df78bede139053f","8-e06e5aab26b0e198b4439b1658105ae0","50112","کرمانشاه","Kermānshāh","اسلام آباد غرب","Eslām Ābād-e Gharb","مرکزی","Markazi","","","","Humeh-ye Jonubi","ترازک کسان","Tarāzak-e Kasān","Tırāzık-ı Kasān","Mehdi Fattahi, field notes 2017","200","","","","Kalhuri 100%","Mehdi Fattahi, field notes 2017",34.00020289171142,46.50284027161844,""
"","d1d085176c394bfa8df78bede139046d","8-e71c8fca5631358c2bb61e393b7be169","50113","کرمانشاه","Kermānshāh","اسلام آباد غرب","Eslām Ābād-e Gharb","مرکزی","Markazi","","","","Humeh-ye Jonubi","جوزه انجیرک","Jowzeh-ye Anjirak","Jawza-y Anjīrak","Mehdi Fattahi, field notes 2017","50","","","","Kalhuri 100%","Mehdi Fattahi, field notes 2017",34.01926972743922,46.45878963569964,""
"","d1d085176c394bfa8df78bede138fc05","8-9fac9dddcc67635f027b36246917662a","50114","کرمانشاه","Kermānshāh","اسلام آباد غرب","Eslām Ābād-e Gharb","مرکزی","Markazi","","","","Humeh-ye Jonubi","چشمه خیر","Cheshmeh-ye Kheyr","Tyanī Khayr","Mehdi Fattahi, field notes 2017","","(3 or fewer households; population not specified in 2011 Census for reasons of privacy)","","","Kalhuri 100%","Mehdi Fattahi, field notes 2017",34.03143365809147,46.52494869171058,""
"","d1d085176c394bfa8df78bede138fb44","8-1b957fe7a76d1e7c938fe7e6a3196c23","50115","کرمانشاه","Kermānshāh","اسلام آباد غرب","Eslām Ābād-e Gharb","مرکزی","Markazi","","","","Humeh-ye Jonubi","چشمه ولگه","Cheshmeh-ye Valageh","Tyanī Waḷıga","Mehdi Fattahi, field notes 2017","","(3 or fewer households; population not specified in 2011 Census for reasons of privacy)","","","Kalhuri 100%","Mehdi Fattahi, field notes 2017",33.92079360658474,46.665542920987676,""
"","d1d085176c394bfa8df78bede138f530","8-a88a3640ff236f0dd29d8b789114dada","50116","کرمانشاه","Kermānshāh","اسلام آباد غرب","Eslām Ābād-e Gharb","مرکزی","Markazi","","","","Humeh-ye Jonubi","زواره کوه","Zavāreh Kuh","Zawāra Küẅa","Mehdi Fattahi, field notes 2017","124","","","","Kalhuri 100%","Mehdi Fattahi, field notes 2017",34.03111801580786,46.49976274906459,""
"","d1d085176c394bfa8df78bede138f394","8-47afb4b2208acd23c266fe482c1b4764","50117","کرمانشاه","Kermānshāh","اسلام آباد غرب","Eslām Ābād-e Gharb","مرکزی","Markazi","","","","Humeh-ye Jonubi","سراب کولسه","Sarāb-e Kulaseh","Sarāw-ı Kūḷasa","Mehdi Fattahi, field notes 2017","25","","","","Kalhuri 100%","Mehdi Fattahi, field notes 2017",33.91297717412166,46.61964444026799,""
"","d1d085176c394bfa8df78bede138e843","8-7716521506165f6aa3c6a1bc909628cb","50118","کرمانشاه","Kermānshāh","اسلام آباد غرب","Eslām Ābād-e Gharb","مرکزی","Markazi","","","","Humeh-ye Jonubi","سرتومیلکه غلام","Sar Tu Meylakeh-ye Gholām","Sartūmaylaka-y Quḷām","Mehdi Fattahi, field notes 2017","","(3 or fewer households; population not specified in 2011 Census for reasons of privacy)","","","Kalhuri 100%","Mehdi Fattahi, field notes 2017",33.945884100786316,46.55184962960438,""
"","d1d085176c394bfa8df78bede138e7c8","8-6d569cabe84e1e9ae4a3110222302650","50119","کرمانشاه","Kermānshāh","اسلام آباد غرب","Eslām Ābād-e Gharb","مرکزی","Markazi","","","","Humeh-ye Jonubi","سکوی کولسه","Saku-ye Kulaseh","Sakū-y Kūḷasa","Mehdi Fattahi, field notes 2017","51","","","","Kalhuri 100%","Mehdi Fattahi, field notes 2017",33.8991791318705,46.65009334891234,""
"","d1d085176c394bfa8df78bede13975a3","8-53b05fe3046e95f37b9d9f011acd1d0a","50120","کرمانشاه","Kermānshāh","اسلام آباد غرب","Eslām Ābād-e Gharb","مرکزی","Markazi","","","","Humeh-ye Jonubi","طایفه باباخان","Tāyefeh-ye Bābā Khān","Tāyıfa-y Bāwa Khān","Mehdi Fattahi, field notes 2017","17","","","","Kalhuri 100%","Mehdi Fattahi, field notes 2017",33.95100603802273,46.55663465561379,""
"","d1d085176c394bfa8df78bede13965a8","6-ac492ee58f076ea5d16a5f939cc50c3b","50121","کرمانشاه","Kermānshāh","اسلام آباد غرب","Eslām Ābād-e Gharb","مرکزی","Markazi","","","","Humeh-ye Jonubi","میلگه سیاه سیاه","Milegeh-ye Siāh Siāh","Mīlaga-y Sīya Sīya","Mehdi Fattahi, field notes 2017","91","","","","Kalhuri 100%","Mehdi Fattahi, field notes 2017","","",""
"","d1d085176c394bfa8df78bede1395674","8-0b62ada1a18d0d12aed47a61d66327f0","50122","کرمانشاه","Kermānshāh","اسلام آباد غرب","Eslām Ābād-e Gharb","مرکزی","Markazi","","","","Humeh-ye Jonubi","منصورآباد","Mansur Ābād","Mansūr Ābād","Mehdi Fattahi, field notes 2017","241","","","","Kalhuri 100%","Mehdi Fattahi, field notes 2017",33.9403109642612,46.67238791839262,""
"","d1d085176c394bfa8df78bede13946b9","8-dc0a3b4f9d1efdc61f7a71535d90548c","50123","کرمانشاه","Kermānshāh","اسلام آباد غرب","Eslām Ābād-e Gharb","مرکزی","Markazi","","","","Humeh-ye Jonubi","نوشکله ترازو","Nushkeleh-ye Tarāzu","Nūshkıla-y Tırāzü","Mehdi Fattahi, field notes 2017","115","","","","Kalhuri 100%","Mehdi Fattahi, field notes 2017",34.020274584156006,46.48181371788,""
"","d1d085176c394bfa8df78bede1394049","8-8d77df1f0034670abc2ed96d89e3568f","50124","کرمانشاه","Kermānshāh","اسلام آباد غرب","Eslām Ābād-e Gharb","مرکزی","Markazi","","","","Humeh-ye Jonubi","مزرعه طایفه علی جان","Mazra'eh-ye Tāyefe-ye Ali Jān","Mazra'a-y Tāyıfa-y Alī Jān","Mehdi Fattahi, field notes 2017","","(3 or fewer households; population not specified in 2011 Census for reasons of privacy)","","","Kalhuri 100%","Mehdi Fattahi, field notes 2017",33.94767747198497,46.546002379081024,""
"","d1d085176c394bfa8df78bede1393397","8-887415af21faf47ad279947d7f734cec","50125","کرمانشاه","Kermānshāh","اسلام آباد غرب","Eslām Ābād-e Gharb","مرکزی","Markazi","","","","Humeh-ye Jonubi","طایفه نامدارپرنا","Tāyefeh-ye Nāmdār-e Parnā","Tāyıfa-y Nāmdār-ı Parnā","Mehdi Fattahi, field notes 2017","28","","","","Kalhuri 100%","Mehdi Fattahi, field notes 2017",33.960354696225124,46.517334929133504,""
"","d1d085176c394bfa8df78bede1392e37","8-8400339e9365e6cbe81faeb9b2e4eaa3","50126","کرمانشاه","Kermānshāh","اسلام آباد غرب","Eslām Ābād-e Gharb","مرکزی","Markazi","","","","Humeh-ye Jonubi","برف آباد علیا","Barf Ābād-e Olyā","Wafr Āwā-y Ulyā","Mehdi Fattahi, field notes 2017","1671","","","","Kalhuri 100%","Mehdi Fattahi, field notes 2017",34.085935380792826,46.53371323360029,""
"","d1d085176c394bfa8df78bede1391fc3","6-ac2bb19ef861889b627d999b33ef70e5","50127","کرمانشاه","Kermānshāh","اسلام آباد غرب","Eslām Ābād-e Gharb","مرکزی","Markazi","","","","Humeh-ye Jonubi","مزرعه پیله صوفی","Mazra'eh-ye Pileh Sufi","Mazra'a-y Puḷı Sūfī","Mehdi Fattahi, field notes 2017","","(3 or fewer households; population not specified in 2011 Census for reasons of privacy)","","","Kalhuri 100%","Mehdi Fattahi, field notes 2017","","",""
"","d1d085176c394bfa8df78bede13914c3","8-d980ee5f7a4a7bc7ad7de1645385d778","50128","کرمانشاه","Kermānshāh","اسلام آباد غرب","Eslām Ābād-e Gharb","مرکزی","Markazi","","","","Humeh-ye Jonubi","برف آباد سفلی","Barf Ābād-e Soflā","Wafr Āwā-y Sufḷā","Mehdi Fattahi, field notes 2017","93","","","","Kalhuri 100%","Mehdi Fattahi, field notes 2017",34.05767445910088,46.554376971847816,""
"","d1d085176c394bfa8df78bede1390cc5","8-291e8846d9ecf5bc01e7b01de8757577","50129","کرمانشاه","Kermānshāh","اسلام آباد غرب","Eslām Ābād-e Gharb","مرکزی","Markazi","","","","Humeh-ye Jonubi","بورک","Burek","Būrıg","Mehdi Fattahi, field notes 2017","270","","","","Kalhuri 100%","Mehdi Fattahi, field notes 2017",34.04082006543904,46.5962194324754,""
"","d1d085176c394bfa8df78bede139bf28","8-1694f6ff67bc7c331e0513ab3d5fa05e","50130","کرمانشاه","Kermānshāh","اسلام آباد غرب","Eslām Ābād-e Gharb","مرکزی","Markazi","","","","Humeh-ye Jonubi","پیرگه برسیمین","Piregeh-ye Baresimin","Pīrıga-y Barasīmīn","Mehdi Fattahi, field notes 2017","219","","","","Kalhuri 100%","Mehdi Fattahi, field notes 2017",34.04918545490883,46.59018982661108,""
"","d1d085176c394bfa8df78bede139b9ad","8-8767c1fd1261d80b59bd0dfe15a49c7e","50131","کرمانشاه","Kermānshāh","اسلام آباد غرب","Eslām Ābād-e Gharb","مرکزی","Markazi","","","","Humeh-ye Jonubi","جاف برسیمین","Jāf-e Barasimin","Jāf-ı Barasīmīn","Mehdi Fattahi, field notes 2017","53","","","","Kalhuri 100%","Mehdi Fattahi, field notes 2017",34.00595843926244,46.57295486865243,""
"","d1d085176c394bfa8df78bede139ace8","8-19a6214d1871804f317ea53f98a0d968","50132","کرمانشاه","Kermānshāh","اسلام آباد غرب","Eslām Ābād-e Gharb","مرکزی","Markazi","","","","Humeh-ye Jonubi","چالاب کریم","Chālāb-e Karim","Chāḷāw-ı Karīm","Mehdi Fattahi, field notes 2017","","(3 or fewer households; population not specified in 2011 Census for reasons of privacy)","","","Kalhuri 100%","Mehdi Fattahi, field notes 2017",33.983904658030895,46.55408833768706,""
"","d1d085176c394bfa8df78bede139a257","8-dcc68e09d746f60c9ff671b2d6ab98e6","50133","کرمانشاه","Kermānshāh","اسلام آباد غرب","Eslām Ābād-e Gharb","مرکزی","Markazi","","","","Humeh-ye Jonubi","چقاگل","Choqā Gol","Chīyākuḷ","Mehdi Fattahi, field notes 2017","480","","","","Kalhuri 100%","Mehdi Fattahi, field notes 2017",34.05403895823623,46.57062042963957,""
"","d1d085176c394bfa8df78bede1399507","8-fedf5a5d15c87ff3f1b04879cbcbb5db","50134","کرمانشاه","Kermānshāh","اسلام آباد غرب","Eslām Ābād-e Gharb","مرکزی","Markazi","","","","Humeh-ye Jonubi","سیاه سیاه شیخه","Siāh Siāh-e Sheykheh","Sīya Sīya-y Shaykha","Mehdi Fattahi, field notes 2017","197","","","","Kalhuri 100%","Mehdi Fattahi, field notes 2017",34.00814998069044,46.61222649395584,""
"","d1d085176c394bfa8df78bede1398f43","8-4fb045d95068abf1e19cd323fa3a9ce5","50135","کرمانشاه","Kermānshāh","اسلام آباد غرب","Eslām Ābād-e Gharb","مرکزی","Markazi","","","","Humeh-ye Jonubi","سیاه سیاه کیخسرو","Siāh Siāh-e Keykhosrow","Sīya Sīya-y Kaykhusraw","Mehdi Fattahi, field notes 2017","618","","","","Kalhuri 100%","Mehdi Fattahi, field notes 2017",33.99518621335346,46.623982847432444,""
"","d1d085176c394bfa8df78bede1398db6","8-466b9548a91e23084e346db8ee32a50d","50136","کرمانشاه","Kermānshāh","اسلام آباد غرب","Eslām Ābād-e Gharb","مرکزی","Markazi","","","","Humeh-ye Jonubi","کوکاب","Kukāb","Kūkāw","Mehdi Fattahi, field notes 2017","38","","","","Kalhuri 100%","Mehdi Fattahi, field notes 2017",33.97183597964179,46.57635159787034,""
"","d1d085176c394bfa8df78bede1398696","8-ab4b93a96ded320800e5cff5c0f629c2","50137","کرمانشاه","Kermānshāh","اسلام آباد غرب","Eslām Ābād-e Gharb","مرکزی","Markazi","","","","Humeh-ye Jonubi","مومه ای","Mumei","Mūmay","Mehdi Fattahi, field notes 2017","1321","","","","Kalhuri 100%","Mehdi Fattahi, field notes 2017",34.02020016318847,46.60905075848238,""
"","d1d085176c394bfa8df78bede13981b3","8-754a563f30078ff9cb500221c9f2351b","50138","کرمانشاه","Kermānshāh","اسلام آباد غرب","Eslām Ābād-e Gharb","مرکزی","Markazi","","","","Humeh-ye Jonubi","بیگ زاده","Beygzādeh","Bayzāda","Mehdi Fattahi, field notes 2017","177","","","","Kalhuri 100%","Mehdi Fattahi, field notes 2017",33.983318506088054,46.64620270960279,""
"","d1d085176c394bfa8df78bede1397b40","8-f9e67181d28ccf0f8eea61213f9f04ef","50139","کرمانشاه","Kermānshāh","اسلام آباد غرب","Eslām Ābād-e Gharb","مرکزی","Markazi","","","","Humeh-ye Jonubi","چقاکبود","Choqā Kabud","Chīyā Kaw","Mehdi Fattahi, field notes 2017","1548","","","","Kalhuri 100%","Mehdi Fattahi, field notes 2017",33.983256954161426,46.66695708206386,""
"","d1d085176c394bfa8df78bede13a223e","8-e4ca9c848270b544a1dc7787de568804","50140","کرمانشاه","Kermānshāh","اسلام آباد غرب","Eslām Ābād-e Gharb","مرکزی","Markazi","","","","Humeh-ye Jonubi","سیاه سیاه حبیب","Siāh Siāh-e Habib","Sīya Sīya-y Habīb","Mehdi Fattahi, field notes 2017","87","","","","Kalhuri 100%","Mehdi Fattahi, field notes 2017",33.99007057098165,46.63592448465991,""
"","d1d085176c394bfa8df78bede13a1b1a","8-1bcfb8c09d03ce5a828863f6ec1c3764","50141","کرمانشاه","Kermānshāh","اسلام آباد غرب","Eslām Ābād-e Gharb","مرکزی","Markazi","","","","Humeh-ye Jonubi","کله جوب","Koleh Jub","Kuḷa Jū","Mehdi Fattahi, field notes 2017","921","","","","Kalhuri 100%","Mehdi Fattahi, field notes 2017",34.020893774768034,46.63475697866905,""
"","d1d085176c394bfa8df78bede13a0d37","8-f03cbaeb6bb30fe7a754f43bf6a97a41","50142","کرمانشاه","Kermānshāh","اسلام آباد غرب","Eslām Ābād-e Gharb","مرکزی","Markazi","","","","Humeh-ye Jonubi","موش کش/ تجر اکبر","Mush Kosh, Tajar-e Akbar","Müsh Kush, Tajar-ı Akbar","Mehdi Fattahi, field notes 2017","608","","","","Kalhuri 100%","Mehdi Fattahi, field notes 2017",34.0393968829551,46.61220503628493,""
"","d1d085176c394bfa8df78bede13a090b","8-6f68966088281b70080425217d1b0d5d","50143","کرمانشاه","Kermānshāh","اسلام آباد غرب","Eslām Ābād-e Gharb","مرکزی","Markazi","","","","Humeh-ye Jonubi","سیاه سیاه خسروی","Siāh Siāh-e Khosravi","Sīya Sīya-y Khusrawī","Mehdi Fattahi, field notes 2017","59","","","","Kalhuri 100%","Mehdi Fattahi, field notes 2017",33.989109835589815,46.63480868570938,""
"","d1d085176c394bfa8df78bede13a011a","6-283cb8976966bce04ae4c2e72fc64d3c","50144","کرمانشاه","Kermānshāh","اسلام آباد غرب","Eslām Ābād-e Gharb","مرکزی","Markazi","","","","Humeh-ye  Shomāli","","","","","5801","","","","","","","",""
"","d1d085176c394bfa8df78bede139f9b8","8-5668f4a766093cd0cd8a720b80c18610","50145","کرمانشاه","Kermānshāh","اسلام آباد غرب","Eslām Ābād-e Gharb","مرکزی","Markazi","","","","Humeh-ye  Shomāli","بره سیله","Bareh Sileh","Barasīla","Mehdi Fattahi, field notes 2017","383","","","","Kalhuri 100%","Mehdi Fattahi, field notes 2017",34.19145392404827,46.56720970418714,""
"","d1d085176c394bfa8df78bede139ea65","8-d83b3d5a37f265fddf453e598ff79583","50146","کرمانشاه","Kermānshāh","اسلام آباد غرب","Eslām Ābād-e Gharb","مرکزی","Markazi","","","","Humeh-ye  Shomāli","برزه","Barzeh","Barza","Mehdi Fattahi, field notes 2017","265","","","","Kalhuri 100%","Mehdi Fattahi, field notes 2017",34.263780018615634,46.52979844709709,""
"","d1d085176c394bfa8df78bede139dd0b","8-02fce7e3af724539d2a0eb630212b1c0","50147","کرمانشاه","Kermānshāh","اسلام آباد غرب","Eslām Ābād-e Gharb","مرکزی","Markazi","","","","Humeh-ye  Shomāli","جلیلوند","Jalilvand","Jalīlawan","Mehdi Fattahi, field notes 2017","30","","","","Kalhuri 100%","Mehdi Fattahi, field notes 2017",34.239290528570805,46.542297541104666,""
"","d1d085176c394bfa8df78bede139d339","8-d6aae606d4cff680047f26a081a5a86e","50148","کرمانشاه","Kermānshāh","اسلام آباد غرب","Eslām Ābād-e Gharb","مرکزی","Markazi","","","","Humeh-ye  Shomāli","چشمه هلنگ","Cheshmeh Halang","Chıshma Haḷang","Mehdi Fattahi, field notes 2017","48","","","","Kalhuri 100%","Mehdi Fattahi, field notes 2017",34.22147680121874,46.56952150586596,""
"","d1d085176c394bfa8df78bede139ce0f","8-d0a952a8561f951c9b837c5d0cb73f27","50149","کرمانشاه","Kermānshāh","اسلام آباد غرب","Eslām Ābād-e Gharb","مرکزی","Markazi","","","","Humeh-ye  Shomāli","چفته","Chafteh","Chafta","Mehdi Fattahi, field notes 2017","236","","","","Kalhuri 100%","Mehdi Fattahi, field notes 2017",34.24533291990669,46.5849173856098,""
"","d1d085176c394bfa8df78bede13a66f3","8-1790405e80141c58ec41c652147ff2a2","50150","کرمانشاه","Kermānshāh","اسلام آباد غرب","Eslām Ābād-e Gharb","مرکزی","Markazi","","","","Humeh-ye  Shomāli","سوران سفلی","Surān-e Soflā","Sūrān-ı Sufḷā","Mehdi Fattahi, field notes 2017","117","","","","Kalhuri 100%","Mehdi Fattahi, field notes 2017",34.21546181066286,46.573727209600875,""
"","d1d085176c394bfa8df78bede13a5795","8-3de06ccc86c786d49608eb2634cd8347","50151","کرمانشاه","Kermānshāh","اسلام آباد غرب","Eslām Ābād-e Gharb","مرکزی","Markazi","","","","Humeh-ye  Shomāli","سوران علیا","Surān-e Olyā","Sūrān-ı Ulyā","Mehdi Fattahi, field notes 2017","171","","","","Kalhuri 100%","Mehdi Fattahi, field notes 2017",34.22475913705982,46.577696878942255,""
"","d1d085176c394bfa8df78bede13a4e14","8-c6b7c4224f43683187088a9607f79d99","50152","کرمانشاه","Kermānshāh","اسلام آباد غرب","Eslām Ābād-e Gharb","مرکزی","Markazi","","","","Humeh-ye  Shomāli","ولکه وند","Valekevand","Waḷıgawan","Mehdi Fattahi, field notes 2017","185","","","","Kalhuri 100%","Mehdi Fattahi, field notes 2017",34.2444169286695,46.54784434934643,""
"","d1d085176c394bfa8df78bede13a4336","8-c7e25e7ca98189c771818837959b5695","50153","کرمانشاه","Kermānshāh","اسلام آباد غرب","Eslām Ābād-e Gharb","مرکزی","Markazi","","","","Humeh-ye  Shomāli","عاشقان عابدین","Āsheqān-e Ābedin","Āshıqān-ı Ābıdīn","Mehdi Fattahi, field notes 2017","67","","","","Kalhuri 100%","Mehdi Fattahi, field notes 2017",34.310996525191825,46.52717033161511,""
"","d1d085176c394bfa8df78bede13a3e78","8-4bd5941ebc8ec16bfe86fbca5f6b76e6","50154","کرمانشاه","Kermānshāh","اسلام آباد غرب","Eslām Ābād-e Gharb","مرکزی","Markazi","","","","Humeh-ye  Shomāli","عاشقان موسی","Āsheqān-e Musā","Āshıqān-ı Mūsā","Mehdi Fattahi, field notes 2017","218","","","","Kalhuri 100%","Mehdi Fattahi, field notes 2017",34.296984672366406,46.51681700481864,""
"","d1d085176c394bfa8df78bede13a3ae1","8-0e0e4ba119999ef86d933e567c56634a","50155","کرمانشاه","Kermānshāh","اسلام آباد غرب","Eslām Ābād-e Gharb","مرکزی","Markazi","","","","Humeh-ye  Shomāli","ملا امیرخان","Mollā Amir Khān","Malā Amīr Khān","Mehdi Fattahi, field notes 2017","59","","","","Kalhuri 100%","Mehdi Fattahi, field notes 2017",34.3256396875547,46.52786074501669,""
"","d1d085176c394bfa8df78bede13a34d2","8-f4b7eca0e895ffb15c3fb6558d3def71","50156","کرمانشاه","Kermānshāh","اسلام آباد غرب","Eslām Ābād-e Gharb","مرکزی","Markazi","","","","Humeh-ye  Shomāli","سرخک","Sorkhak","Sürıg","Mehdi Fattahi, field notes 2017","476","","","","Kalhuri 100%","Mehdi Fattahi, field notes 2017",34.29455137376973,46.54177182813758,""
"","d1d085176c394bfa8df78bede13a2cad","8-71f7edcf47da86766dd30eb50c3b46fb","50157","کرمانشاه","Kermānshāh","اسلام آباد غرب","Eslām Ābād-e Gharb","مرکزی","Markazi","","","","Humeh-ye  Shomāli","تالانی","Tālāni","Tālānī","Mehdi Fattahi, field notes 2017","78","","","","Kalhuri 100%","Mehdi Fattahi, field notes 2017",34.26956466012792,46.53627772392688,""
"","d1d085176c394bfa8df78bede13a2a83","8-00149a49b155384e6b0f900f4d2f2607","50158","کرمانشاه","Kermānshāh","اسلام آباد غرب","Eslām Ābād-e Gharb","مرکزی","Markazi","","","","Humeh-ye  Shomāli","تپه گله سفلی","Tappeh Goleh-ye Soflā","Tapa Guḷa-y Sufḷā","Mehdi Fattahi, field notes 2017","149","","","","Kalhuri 100%","Mehdi Fattahi, field notes 2017",34.295579468820236,46.49901529706488,""
"","d1d085176c394bfa8df78bede13a26dc","8-d9eb9cba5001e7777f82780bdf588b5b","50159","کرمانشاه","Kermānshāh","اسلام آباد غرب","Eslām Ābād-e Gharb","مرکزی","Markazi","","","","Humeh-ye  Shomāli","تپه گله علیا","Tappeh Goleh-ye Olyā","Tapa Guḷa-y Ulyā","Mehdi Fattahi, field notes 2017","292","","","","Kalhuri 100%","Mehdi Fattahi, field notes 2017",34.30219140913395,46.50233050740737,""
"","d1d085176c394bfa8df78bede13ab3ca","8-16eb1ea07408bc4afbab9393a320f4d5","50160","کرمانشاه","Kermānshāh","اسلام آباد غرب","Eslām Ābād-e Gharb","مرکزی","Markazi","","","","Humeh-ye  Shomāli","سیمانی سفلی","Simāni-ye Soflā","Sīmānī Sufḷā","Mehdi Fattahi, field notes 2017","51","","","","Kalhuri 100%","Mehdi Fattahi, field notes 2017",34.28839755769852,46.47952081038841,""
"","d1d085176c394bfa8df78bede13aacb6","8-a23a1f0f53060b98d4d73dcd9ce62072","50161","کرمانشاه","Kermānshāh","اسلام آباد غرب","Eslām Ābād-e Gharb","مرکزی","Markazi","","","","Humeh-ye  Shomāli","سیمانی علیا","Simāni-ye Olyā","Sīmānī Ulyā","Mehdi Fattahi, field notes 2017","34","","","","Kalhuri 100%","Mehdi Fattahi, field notes 2017",34.2731373711283,46.48027454043067,""
"","d1d085176c394bfa8df78bede13aab1c","8-e3c34a99d087e32f7f77dea2f8323fc5","50162","کرمانشاه","Kermānshāh","اسلام آباد غرب","Eslām Ābād-e Gharb","مرکزی","Markazi","","","","Humeh-ye  Shomāli","چقازرد چوپانکاره","Choqā Zard-e Chupān Kāreh","Chīyā Zard-ı Shūwān Kāra","Mehdi Fattahi, field notes 2017","929","","","","Kalhuri 100%","Mehdi Fattahi, field notes 2017",34.172943883099414,46.45365408698912,""
"","d1d085176c394bfa8df78bede13aa264","8-dce4b819d85f26814d26594fac1e45a3","50163","کرمانشاه","Kermānshāh","اسلام آباد غرب","Eslām Ābād-e Gharb","مرکزی","Markazi","","","","Humeh-ye  Shomāli","چنار","Chenār","Chınār","Mehdi Fattahi, field notes 2017","231","","","","Kalhuri 100%","Mehdi Fattahi, field notes 2017",34.25625499009097,46.46559749270293,""
"","d1d085176c394bfa8df78bede13aa239","8-d5c38053181e64e97278fe5eb49f6106","50164","کرمانشاه","Kermānshāh","اسلام آباد غرب","Eslām Ābād-e Gharb","مرکزی","Markazi","","","","Humeh-ye  Shomāli","چنگر جلیلوند","Chongor-e Jalilvand","Chungur-ı Jalīlawan","Mehdi Fattahi, field notes 2017","824","","","","Kalhuri 100%","Mehdi Fattahi, field notes 2017",34.21388451931301,46.485808018770456,""
"","d1d085176c394bfa8df78bede13a95c1","8-c78c51956a86d8ab437f076cc50090f7","50165","کرمانشاه","Kermānshāh","اسلام آباد غرب","Eslām Ābād-e Gharb","مرکزی","Markazi","","","","Humeh-ye  Shomāli","چنگر سیمینوند","Chongor-e Siminavand","Chungur-ı Sīmīnawan","Mehdi Fattahi, field notes 2017","468","","","","Kalhuri 100%","Mehdi Fattahi, field notes 2017",34.21242947410887,46.4809585848721,""
"","d1d085176c394bfa8df78bede13a8cf2","8-c2fc2a5071e6a2c17af7d885bd6ea3c8","50166","کرمانشاه","Kermānshāh","اسلام آباد غرب","Eslām Ābād-e Gharb","مرکزی","Markazi","","","","Humeh-ye  Shomāli","سراب خمان","Sarāb-e Khamān","Sarāw-ı Khamān","Mehdi Fattahi, field notes 2017","463","","","","Kalhuri 100%","Mehdi Fattahi, field notes 2017",34.13361521759135,46.47843299548792,""
"","d1d085176c394bfa8df78bede13a8122","8-d5b7fc04f6679dfc66527d0da8813cc5","50167","کرمانشاه","Kermānshāh","اسلام آباد غرب","Eslām Ābād-e Gharb","مرکزی","Markazi","","","","Humeh-ye  Shomāli","سیلو","Silu","Sīlū","Mehdi Fattahi, field notes 2017","17","","","","Kalhuri 100%","Mehdi Fattahi, field notes 2017",34.12296440029223,46.482245002233334,""
"","d1d085176c394bfa8df78bede13a7268","8-615d61e19a68d182532e6d242f978248","50168","کرمانشاه","Kermānshāh","اسلام آباد غرب","Eslām Ābād-e Gharb","مرکزی","Markazi","","","","Humeh-ye  Shomāli","پست برق","Post-e Barq","Pust-ı Barq","Mehdi Fattahi, field notes 2017","","(3 or fewer households; population not specified in 2011 Census for reasons of privacy)","","","Kalhuri 100%","Mehdi Fattahi, field notes 2017",34.12176536066839,46.48718026681984,""
"","d1d085176c394bfa8df78bede13a7050","8-cd5d7cca4dd6af3f02f7459e6433e25f","50169","کرمانشاه","Kermānshāh","اسلام آباد غرب","Eslām Ābād-e Gharb","مرکزی","Markazi","","","","Humeh-ye  Shomāli","منبع آب اسلام آباد","Manba'-e Āb-e Eslām Ābād","Mamba'-ı Āw-ı Islām Ābād","Mehdi Fattahi, field notes 2017","","(3 or fewer households; population not specified in 2011 Census for reasons of privacy)","","","Kalhuri 100%","Mehdi Fattahi, field notes 2017",34.12608626443281,46.50400308175867,""
"","d1d085176c394bfa8df78bede13af2d5","6-4e5afaa5f737a06bc178be808e7156eb","50170","کرمانشاه","Kermānshāh","اسلام آباد غرب","Eslām Ābād-e Gharb","مرکزی","Markazi","","","","Shiān","","","","","6633","","","","","","","",""
"","d1d085176c394bfa8df78bede13aebc0","8-710f396ab136ae87d42e06d015822a65","50171","کرمانشاه","Kermānshāh","اسلام آباد غرب","Eslām Ābād-e Gharb","مرکزی","Markazi","","","","Shiān","قباد","Qobād","Qawāy","Mehdi Fattahi, field notes 2017","522","","","","Kalhuri 100%","Mehdi Fattahi, field notes 2017",34.03764485070873,46.70901953581147,""
"","d1d085176c394bfa8df78bede13adf13","8-629429cc9131a53952b20de9cab52958","50172","کرمانشاه","Kermānshāh","اسلام آباد غرب","Eslām Ābād-e Gharb","مرکزی","Markazi","","","","Shiān","قوخ","Qukh","Qūkh","Mehdi Fattahi, field notes 2017","99","","","","Kalhuri 100%","Mehdi Fattahi, field notes 2017",34.029905174244064,46.74783646467098,""
"","d1d085176c394bfa8df78bede13ad283","8-ceb23d7f3d26088635ce955b12fab640","50173","کرمانشاه","Kermānshāh","اسلام آباد غرب","Eslām Ābād-e Gharb","مرکزی","Markazi","","","","Shiān","معارفی","Mo'ārefi","Mārıfī","Mehdi Fattahi, field notes 2017","304","","","","Kalhuri 100%","Mehdi Fattahi, field notes 2017",34.02021669951991,46.746519528797,""
"","d1d085176c394bfa8df78bede13acd69","8-0021f9d59231347b66a67f2d417be9d9","50174","کرمانشاه","Kermānshāh","اسلام آباد غرب","Eslām Ābād-e Gharb","مرکزی","Markazi","","","","Shiān","کمره غربی","Kamareh-ye Gharbi","Kamara-y Qarbī","Mehdi Fattahi, field notes 2017","229","","","","Kalhuri 100%","Mehdi Fattahi, field notes 2017",34.040849874692846,46.76325380208576,""
"","d1d085176c394bfa8df78bede13ac7ee","8-be5d73aac28952d2950c6d28d95ce245","50175","کرمانشاه","Kermānshāh","اسلام آباد غرب","Eslām Ābād-e Gharb","مرکزی","Markazi","","","","Shiān","کمره سفلی","Kamareh-ye Soflā","Kamara-y Sufḷā","Mehdi Fattahi, field notes 2017","553","","","","Kalhuri 100%","Mehdi Fattahi, field notes 2017",34.04111138542827,46.78539478773469,""
"","d1d085176c394bfa8df78bede13ac6fb","8-d27b8576fe3ce4d4e7c784b73f9c0dd7","50176","کرمانشاه","Kermānshāh","اسلام آباد غرب","Eslām Ābād-e Gharb","مرکزی","Markazi","","","","Shiān","سراب شیان","Sarāb-e Shiān","Sarāw-ı Shīyān","Mehdi Fattahi, field notes 2017","458","","","","Kalhuri 100%","Mehdi Fattahi, field notes 2017",34.10302748986895,46.722180485679814,""
"","d1d085176c394bfa8df78bede13ac6bb","10-e7465bcc43d3493a50fe5ea75a049274","50177","کرمانشاه","Kermānshāh","اسلام آباد غرب","Eslām Ābād-e Gharb","مرکزی","Markazi","","","","Shiān","قلعه شیان","Qal'eh-ye Shiān","Qaḷā-y Shīyān","Mehdi Fattahi, field notes 2017","2217","","","","Kalhuri 100%","Mehdi Fattahi, field notes 2017",34.06526986726418,46.69939614882896,""
"","d1d085176c394bfa8df78bede13ac3f5","8-4f8793c65dfa65911b94ddfdbdc51bce","50178","کرمانشاه","Kermānshāh","اسلام آباد غرب","Eslām Ābād-e Gharb","مرکزی","Markazi","","","","Shiān","کت کتی","Kot Koti","Kut Kutī","Mehdi Fattahi, field notes 2017","257","","","","Kalhuri 100%","Mehdi Fattahi, field notes 2017",34.066561251072876,46.7164653480362,""
"","d1d085176c394bfa8df78bede13ab97a","8-c0df92ec593581bec5f47abccde9ce24","50179","کرمانشاه","Kermānshāh","اسلام آباد غرب","Eslām Ābād-e Gharb","مرکزی","Markazi","","","","Shiān","ملخطابی","Malkhtābi","Maḷkhatāwī","Mehdi Fattahi, field notes 2017","394","","","","Kalhuri 100%","Mehdi Fattahi, field notes 2017",34.05501276233273,46.714995876457294,""
"","d1d085176c394bfa8df78bede13b4739","8-41756cdc52d29470803ec65470a45fab","50180","کرمانشاه","Kermānshāh","اسلام آباد غرب","Eslām Ābād-e Gharb","مرکزی","Markazi","","","","Shiān","کرم پناه آباد","Karam Panāh Ābād","Karam Panā Āwāy","Mehdi Fattahi, field notes 2017","387","","","","Kalhuri 100%","Mehdi Fattahi, field notes 2017",34.114420710745506,46.61991981775024,""
"","d1d085176c394bfa8df78bede13b3990","8-0377d754cc4eabcab08dd6c99082057e","50181","کرمانشاه","Kermānshāh","اسلام آباد غرب","Eslām Ābād-e Gharb","مرکزی","Markazi","","","","Shiān","بوربور","Bur Bur","Būr Būr","Mehdi Fattahi, field notes 2017","219","","","","Kalhuri 100%","Mehdi Fattahi, field notes 2017",34.104031353961545,46.65707237770742,""
"","d1d085176c394bfa8df78bede13b2e08","8-8345e55d393e5afd79866d19728160db","50182","کرمانشاه","Kermānshāh","اسلام آباد غرب","Eslām Ābād-e Gharb","مرکزی","Markazi","","","","Shiān","تازه آباد طالقان","Tāzeh Ābād-e Tāleqān","Tāza Āwā-y Tāḷıqān","Mehdi Fattahi, field notes 2017","173","","","","Kalhuri 100%","Mehdi Fattahi, field notes 2017",34.090320067128566,46.649578695542196,""
"","d1d085176c394bfa8df78bede13b2bfc","8-c7431fb942616875594002926f34ecd3","50183","کرمانشاه","Kermānshāh","اسلام آباد غرب","Eslām Ābād-e Gharb","مرکزی","Markazi","","","","Shiān","میرعزیزی","Mir Azizi","Mīrāzī","Mehdi Fattahi, field notes 2017","821","","","","Kalhuri 100%","Mehdi Fattahi, field notes 2017",34.07448789513883,46.67677052070982,""
"","d1d085176c394bfa8df78bede13b1f25","8-de44914431daeb435b3bc18abac3ec54","50184","کرمانشاه","Kermānshāh","اسلام آباد غرب","Eslām Ābād-e Gharb","مرکزی","Markazi","اسلام آباد غرب","Eslām Ābād-e Gharb","","","","","Shābād, Isḷām Ābād","Mehdi Fattahi, field notes 2017","94699","","","","Kalhuri 80%; Gōrāni 10%; Kermāshāni Persian 8%; Kermāshāni Laki 2%","Mehdi Fattahi, field notes 2017",34.11078271934957,46.52843856915369,""
"","d1d085176c394bfa8df78bede13b0fc5","6-5f968fa70e8556b3f4392cd9debbbdb6","50185","کرمانشاه","Kermānshāh","اسلام آباد غرب","Eslām Ābād-e Gharb","","","","","","","","","","","347","","","","","","","",""
"","d1d085176c394bfa8df78bede13b0da6","6-ee311159ebfd9962b1d646f6ff37c156","50186","کرمانشاه","Kermānshāh","اسلام آباد غرب","Eslām Ābād-e Gharb","","","","","","","","","","","347","","","","","","","",""
"","d1d085176c394bfa8df78bede13b0764","6-c50b5ac273e48a3f59bebdbf233d8a49","50187","کرمانشاه","Kermānshāh","اسلام آباد غرب","Eslām Ābād-e Gharb","","","","","","","","","","","347","","","","","","","",""
"","d1d085176c394bfa8df78bede13b03e4","8-c6e9e9c904de1cdbf24acd7a5c6047cf","50784","کرمانشاه","Kermānshāh","گیلان غرب","Gilān-e Gharb","مرکزی","Markazi","","","","Humeh","به آباد صالح","Beh Ābād-e Sāleh","Bayāwa-y Sāḷē","Mehdi Fattahi, field notes 2017","180","","","","Kalhuri 100%","Mehdi Fattahi, field notes 2017",34.19499029212204,45.860946377119795,""
"","d1d085176c394bfa8df78bede13afbe3","8-d3f1f2f0a9f5ceb091bb031517f0e14e","50785","کرمانشاه","Kermānshāh","گیلان غرب","Gilān-e Gharb","مرکزی","Markazi","","","","Humeh","به آباد قباسیایی","Beh Ābād-e Qabā Siāi","Bayāwa-y Qawasīya","Mehdi Fattahi, field notes 2017","46","","","","Kalhuri 100%","Mehdi Fattahi, field notes 2017",34.189381649681344,45.863886078199705,""
"","d1d085176c394bfa8df78bede13ba4c0","8-5ead0810ee505ef40379f7f0860a70c3","50786","کرمانشاه","Kermānshāh","گیلان غرب","Gilān-e Gharb","مرکزی","Markazi","","","","Humeh","دندانه","Dandāneh","Dayāna","Mehdi Fattahi, field notes 2017","264","","","","Kalhuri 100%","Mehdi Fattahi, field notes 2017",34.206977890097285,45.85941780557687,""
"","d1d085176c394bfa8df78bede13b9563","8-8c239a33c558149367e0e7dddb55ff8b","50787","کرمانشاه","Kermānshāh","گیلان غرب","Gilān-e Gharb","مرکزی","Markazi","","","","Humeh","سیاه گل","Siāh Gal","Sīya Gaḷ","Mehdi Fattahi, field notes 2017","181","","","","Kalhuri 100%","Mehdi Fattahi, field notes 2017",34.196990318461935,45.871575414271945,""
"","d1d085176c394bfa8df78bede13b87a6","6-612008cdfabbec0b05f6b43c02049e30","50788","کرمانشاه","Kermānshāh","گیلان غرب","Gilān-e Gharb","مرکزی","Markazi","","","","Humeh","کله پای قاسم","Koleh Pāy-e Qāsem","Kuḷa Pā-y Qāsım","Mehdi Fattahi, field notes 2017","","(3 or fewer households; population not specified in 2011 Census for reasons of privacy)","","","Kalhuri 100%","Mehdi Fattahi, field notes 2017","","",""
"","d1d085176c394bfa8df78bede13b8121","8-86a0926ed5e75793ea023fc5d51710b9","50789","کرمانشاه","Kermānshāh","گیلان غرب","Gilān-e Gharb","مرکزی","Markazi","","","","Humeh","کله جوب سفلی","Koleh Jub-e Soflā","Kuḷa Jū Sufḷā","Mehdi Fattahi, field notes 2017","204","","","","Kalhuri 100%","Mehdi Fattahi, field notes 2017",34.19010477773748,45.87956461785761,""
"","d1d085176c394bfa8df78bede13b80b2","8-310e5cea342399882dca4fcf29da34dc","50790","کرمانشاه","Kermānshāh","گیلان غرب","Gilān-e Gharb","مرکزی","Markazi","","","","Humeh","کله جوب علیا","Koleh Jub-e Olyā","Kuḷa Jū Ulyā","Mehdi Fattahi, field notes 2017","207","","","","Kalhuri 100%","Mehdi Fattahi, field notes 2017",34.18734471541737,45.88488612054217,""
"","d1d085176c394bfa8df78bede13b798b","8-838df59ae35006001e3321a0927756ef","50791","کرمانشاه","Kermānshāh","گیلان غرب","Gilān-e Gharb","مرکزی","Markazi","","","","Humeh","میرابه","Mir Ābeh","Mīrāwa","Mehdi Fattahi, field notes 2017","378","","","","Kalhuri 100%","Mehdi Fattahi, field notes 2017",34.202901056769,45.870423649535276,""
"","d1d085176c394bfa8df78bede13b6e9d","8-21d4f3632f8deafc0a9627aecccfa9f5","50792","کرمانشاه","Kermānshāh","گیلان غرب","Gilān-e Gharb","مرکزی","Markazi","","","","Humeh","ترشکیبان","Tershekibān","Tırshıgībān","Mehdi Fattahi, field notes 2017","203","","","","Kalhuri 100%","Mehdi Fattahi, field notes 2017",34.179095211209436,45.87491532166777,""
"","d1d085176c394bfa8df78bede13b6d0c","8-31a125b3a11dbc8cfb7d3c7ba4c52088","50793","کرمانشاه","Kermānshāh","گیلان غرب","Gilān-e Gharb","مرکزی","Markazi","","","","Humeh","داربلوط","Dār Balut","Dār Baṛü","Mehdi Fattahi, field notes 2017","18","","","","Kalhuri 100%","Mehdi Fattahi, field notes 2017",34.17500795711766,45.805321062330144,""
"","d1d085176c394bfa8df78bede13b5e22","8-ed89d5e3011e8eca7eff26d69007c522","50794","کرمانشاه","Kermānshāh","گیلان غرب","Gilān-e Gharb","مرکزی","Markazi","","","","Humeh","کله جوب اسفندیاری","Koleh Jub-e Esfandiāri","Kuḷa Jū Isfandīyārī","Mehdi Fattahi, field notes 2017","153","","","","Kalhuri 100%","Mehdi Fattahi, field notes 2017",34.22898865082337,45.85385141749348,""
"","d1d085176c394bfa8df78bede13b4f90","8-ba2e5a56fe8e9cd849ec6e2dc5e4171a","50795","کرمانشاه","Kermānshāh","گیلان غرب","Gilān-e Gharb","مرکزی","Markazi","","","","Humeh","گورسفید","Gur Sefid","Gūṛ-ı Sıfē","Mehdi Fattahi, field notes 2017","727","","","","Kalhuri 100%","Mehdi Fattahi, field notes 2017",34.21707449673518,45.84494657422088,""
"","d1d085176c394bfa8df78bede13beb12","10-050afc2f3cc241828fd5e24c4eeb6b13","50796","کرمانشاه","Kermānshāh","گیلان غرب","Gilān-e Gharb","مرکزی","Markazi","","","","Humeh","مرجان بابامراد","Marjān-e Bābā Morād","Marjān-ı Bāwamırāy","Mehdi Fattahi, field notes 2017","192","","","","Kalhuri 100%","Mehdi Fattahi, field notes 2017",34.25210538497986,45.81048456416799,""
"","d1d085176c394bfa8df78bede13be607","8-24a5b790d36e2cfd0b9fa9ff0431cd5b","50797","کرمانشاه","Kermānshāh","گیلان غرب","Gilān-e Gharb","مرکزی","Markazi","","","","Humeh","مرجان قیطول","Marjān-e Qeytul","Marjān-ı Qaytül","Mehdi Fattahi, field notes 2017","269","","","","Kalhuri 100%","Mehdi Fattahi, field notes 2017",34.24992943772055,45.82057056804026,""
"","d1d085176c394bfa8df78bede13bdaa7","8-a712b7aca8f6fe12879903963b96fcf2","50798","کرمانشاه","Kermānshāh","گیلان غرب","Gilān-e Gharb","مرکزی","Markazi","","","","Humeh","مرجان گمار","Marjān-e Gomār","Marjān-ı Gumār","Mehdi Fattahi, field notes 2017","235","","","","Kalhuri 100%","Mehdi Fattahi, field notes 2017",34.23344140412697,45.829690169346975,""
"","d1d085176c394bfa8df78bede13bd70b","6-81cea411675804dcf41da5d20bf3a16a","50799","کرمانشاه","Kermānshāh","گیلان غرب","Gilān-e Gharb","مرکزی","Markazi","","","","Humeh","مزرعه بان صفر","Mazra'eh-ye Bān Safar","Mazra-y Bān Safar","Mehdi Fattahi, field notes 2017","","(3 or fewer households; population not specified in 2011 Census for reasons of privacy)","","","Kalhuri 100%","Mehdi Fattahi, field notes 2017","","",""
"","d1d085176c394bfa8df78bede13bd42f","8-7065e3a06ba7ee86012d2a72afd51ebd","50800","کرمانشاه","Kermānshāh","گیلان غرب","Gilān-e Gharb","مرکزی","Markazi","","","","Humeh","تورانشاه","Turān Shāh","Tūrān Shāh","Mehdi Fattahi, field notes 2017","","(3 or fewer households; population not specified in 2011 Census for reasons of privacy)","","","Kalhuri 100%","Mehdi Fattahi, field notes 2017",34.28608617780106,45.7641390584777,""
"","d1d085176c394bfa8df78bede13bcf95","8-42b0e6afe4de07847ec801b93a3fd5ce","50801","کرمانشاه","Kermānshāh","گیلان غرب","Gilān-e Gharb","مرکزی","Markazi","","","","Humeh","جابر سفلی","Jāber-e Soflā","Jābır-ı Sufḷā","Mehdi Fattahi, field notes 2017","14","","","","Kalhuri 100%","Mehdi Fattahi, field notes 2017",34.2631761943755,45.78353409546822,""
"","d1d085176c394bfa8df78bede13bc648","8-18c3b24d5782bfafc0f4d567886beab5","50802","کرمانشاه","Kermānshāh","گیلان غرب","Gilān-e Gharb","مرکزی","Markazi","","","","Humeh","سرتیتان","Sar Titān","Sar Tyatān","Mehdi Fattahi, field notes 2017","123","","","","Kalhuri 100%","Mehdi Fattahi, field notes 2017",34.30471342839793,45.75193908314524,""
"","d1d085176c394bfa8df78bede13bba79","8-b02b2d63dfb2be77cbd918fafc60a293","50803","کرمانشاه","Kermānshāh","گیلان غرب","Gilān-e Gharb","مرکزی","Markazi","","","","Humeh","علیرضاوندی","Alirezāvandi","Alīrızāwanī","Mehdi Fattahi, field notes 2017","166","","","","Kalhuri 100%","Mehdi Fattahi, field notes 2017",34.26447289460928,45.80502089308878,""
"","d1d085176c394bfa8df78bede13baed4","8-675c95d88f586eb1a7b579591b73a289","50804","کرمانشاه","Kermānshāh","گیلان غرب","Gilān-e Gharb","مرکزی","Markazi","","","","Humeh","قاسم آباد","Qāsem Ābād","Qāsım Āwā","Mehdi Fattahi, field notes 2017","236","","","","Kalhuri 100%","Mehdi Fattahi, field notes 2017",34.30260869000435,45.7861524619665,""
"","d1d085176c394bfa8df78bede13bac6e","8-e02398c450de8f7576c68618f2bf1ce6","50805","کرمانشاه","Kermānshāh","گیلان غرب","Gilān-e Gharb","مرکزی","Markazi","","","","Humeh","گاومخل ایوانی","Gāv Makhal-e Eyvāni","Gāw Makhal-ı Aywānī","Mehdi Fattahi, field notes 2017","173","","","","Kalhuri 100%","Mehdi Fattahi, field notes 2017",34.259004502597556,45.82054821239004,""
"","d1d085176c394bfa8df78bede13c23db","8-115d441e508722ab3c7ae8d41a48394b","50806","کرمانشاه","Kermānshāh","گیلان غرب","Gilān-e Gharb","مرکزی","Markazi","","","","Humeh","گاومیش چران عرب","Gāvmish Cherān-e Arab","Gāwmīsh Charān-ı Arab","Mehdi Fattahi, field notes 2017","191","","","","Kalhuri 100%","Mehdi Fattahi, field notes 2017",34.272923114394445,45.79958282686798,""
"","d1d085176c394bfa8df78bede13c1c47","6-33d89076c84a8df49607e619a0433dbe","50807","کرمانشاه","Kermānshāh","گیلان غرب","Gilān-e Gharb","مرکزی","Markazi","","","","Humeh","دارتوت صیادی","Dār Tut-e Sayādi","Dār Tü Sayādī","Mehdi Fattahi, field notes 2017","","(3 or fewer households; population not specified in 2011 Census for reasons of privacy)","","","Kalhuri 100%","Mehdi Fattahi, field notes 2017","","",""
"","d1d085176c394bfa8df78bede13c1348","8-56d79421820035d0a5289e5fec78c63c","50808","کرمانشاه","Kermānshāh","گیلان غرب","Gilān-e Gharb","مرکزی","Markazi","","","","Humeh","میروله علی آباد","Mir Valeh-ye Ali Ābād","Mīrawla-y Alī Ābād","Mehdi Fattahi, field notes 2017","223","","","","Kalhuri 100%","Mehdi Fattahi, field notes 2017",34.28131246135841,45.80616270113061,""
"","d1d085176c394bfa8df78bede13c0c31","8-c590883b419e084077e188aa3c932711","50809","کرمانشاه","Kermānshāh","گیلان غرب","Gilān-e Gharb","مرکزی","Markazi","","","","Humeh","رویبان بزرگ","Ruybān-e Bozorg","Ṛübān-ı Gawrā","Mehdi Fattahi, field notes 2017","168","","","","Kalhuri 100%","Mehdi Fattahi, field notes 2017",34.34646375632581,45.74481505842191,""
"","d1d085176c394bfa8df78bede13c09e2","8-d31e5b4edb26516816dbcc7d7664913b","50810","کرمانشاه","Kermānshāh","گیلان غرب","Gilān-e Gharb","مرکزی","Markazi","","","","Humeh","تازه آباد رویبان","Tāzeh Ābād-e Rubiān","Tāza Āwā-y Ṛūbīyān","Mehdi Fattahi, field notes 2017","101","","","","Kalhuri 100%","Mehdi Fattahi, field notes 2017",34.33183311029912,45.74900923153457,""
"","d1d085176c394bfa8df78bede13c059a","8-6376643bd1afc15f4cd6cb3db51ef44a","50811","کرمانشاه","Kermānshāh","گیلان غرب","Gilān-e Gharb","مرکزی","Markazi","","","","Humeh","مودرازحسین","Mu Derāz-e Hoseyn","Mū Dırīzh-ı Husayn","Mehdi Fattahi, field notes 2017","35","","","","Kalhuri 100%","Mehdi Fattahi, field notes 2017",34.292999550070896,45.84602530672714,""
"","d1d085176c394bfa8df78bede13c026e","6-f1f16400960455018cc4eb100b8f2bc4","50812","کرمانشاه","Kermānshāh","گیلان غرب","Gilān-e Gharb","مرکزی","Markazi","","","","Deyreh","","","","","4180","","","","","","","",""
"","d1d085176c394bfa8df78bede13c002d","10-684e3f99e5d2815a4a5010dc422bbd4c","50813","کرمانشاه","Kermānshāh","گیلان غرب","Gilān-e Gharb","مرکزی","Markazi","","","","Deyreh","امامقلی","Emām Qoli","Imām Qulī","Mehdi Fattahi, field notes 2017","68","","","","Kalhuri 100%","Mehdi Fattahi, field notes 2017",34.29351915601458,45.90588052629039,""
"","d1d085176c394bfa8df78bede13bfe85","8-818e176601852b8d3e25d05254e296f0","50814","کرمانشاه","Kermānshāh","گیلان غرب","Gilān-e Gharb","مرکزی","Markazi","","","","Deyreh","انجاورود","Anjāv Rud","Anjāw Ṛū","Mehdi Fattahi, field notes 2017","262","","","","Kalhuri 100%","Mehdi Fattahi, field notes 2017",34.25822762043176,45.94135226453013,""
"","d1d085176c394bfa8df78bede13bfa8b","8-bcd3c8afb8c81b922ca0ccc4d354d9cc","50815","کرمانشاه","Kermānshāh","گیلان غرب","Gilān-e Gharb","مرکزی","Markazi","","","","Deyreh","تنگ لانه بان صفر","Tang-e Lāneh Bān-e Safar","Tanga Lāna Bān-ı Safar","Mehdi Fattahi, field notes 2017","","(3 or fewer households; population not specified in 2011 Census for reasons of privacy)","","","Kalhuri 100%","Mehdi Fattahi, field notes 2017",34.273828414173664,45.93336594990576,""
"","d1d085176c394bfa8df78bede13c6efb","10-4e7fd3183835f5fed0c714f0b42194bc","50816","کرمانشاه","Kermānshāh","گیلان غرب","Gilān-e Gharb","مرکزی","Markazi","","","","Deyreh","جوب باغان علیا","Jub Bāghān-e Olyā","Jū Bākhān-ı Ulyā","Mehdi Fattahi, field notes 2017","112","","","","Kalhuri 100%","Mehdi Fattahi, field notes 2017",34.29635551036905,45.90699632524092,""
"","d1d085176c394bfa8df78bede13c61c9","8-9650dbe631072461b0371f835056cee9","50817","کرمانشاه","Kermānshāh","گیلان غرب","Gilān-e Gharb","مرکزی","Markazi","","","","Deyreh","چمن","Chaman","Chīman","Mehdi Fattahi, field notes 2017","66","","","","Kalhuri 100%","Mehdi Fattahi, field notes 2017",34.25693220085112,45.96554945688706,""
"","d1d085176c394bfa8df78bede13c58d2","8-99d606d56f1d2a0f2b562b87648ad7a7","50818","کرمانشاه","Kermānshāh","گیلان غرب","Gilān-e Gharb","مرکزی","Markazi","","","","Deyreh","شاهمار","Shāh Mār","Shā Mār","Mehdi Fattahi, field notes 2017","195","","","","Kalhuri 100%","Mehdi Fattahi, field notes 2017",34.29393037894208,45.88454713582502,""
"","d1d085176c394bfa8df78bede13c5285","8-26d3a8353af6d30d44e0143a1165d84c","50819","کرمانشاه","Kermānshāh","گیلان غرب","Gilān-e Gharb","مرکزی","Markazi","","","","Deyreh","شلین","Shelin","Shılīn","Mehdi Fattahi, field notes 2017","229","","","","Kalhuri 100%","Mehdi Fattahi, field notes 2017",34.28868732875652,45.914652249804774,""
"","d1d085176c394bfa8df78bede13c4b9b","8-b648b23a7e9e6886baff296f797dd267","50820","کرمانشاه","Kermānshāh","گیلان غرب","Gilān-e Gharb","مرکزی","Markazi","","","","Deyreh","گلین الله مراد","Goleyn-e Allāh Morād","Guḷayn-ı Iḷāmırāy","Mehdi Fattahi, field notes 2017","94","","","","Kalhuri 100%","Mehdi Fattahi, field notes 2017",34.26774556261211,45.9469458633147,""
"","d1d085176c394bfa8df78bede13c4719","10-3ca5ab5cf18c3914090563d2bbbfc9b0","50821","کرمانشاه","Kermānshāh","گیلان غرب","Gilān-e Gharb","مرکزی","Markazi","","","","Deyreh","جوب باغان سفلی","Jub Bāghān-e Soflā","Jū Bākhān-ı Sıfḷā","Mehdi Fattahi, field notes 2017","148","","","","Kalhuri 100%","Mehdi Fattahi, field notes 2017",34.320048415185425,45.90398640657069,""
"","d1d085176c394bfa8df78bede13c3d04","8-3a0895b6c82694e26372355c25cc068c","50822","کرمانشاه","Kermānshāh","گیلان غرب","Gilān-e Gharb","مرکزی","Markazi","","","","Deyreh","دارابی","Dārābi","Dārābī","Mehdi Fattahi, field notes 2017","98","","","","Kalhuri 100%","Mehdi Fattahi, field notes 2017",34.33113756216497,45.90099168710041,""
"","d1d085176c394bfa8df78bede13c39d8","8-e12551e849cba2c70f2d84271759e712","50823","کرمانشاه","Kermānshāh","گیلان غرب","Gilān-e Gharb","مرکزی","Markazi","","","","Deyreh","سنگ درمیان سفلی","Sang Dar Miān-e Soflā","Nāw Kuchıgīna-y Sıfḷā","Mehdi Fattahi, field notes 2017","101","","","","Kalhuri 100%","Mehdi Fattahi, field notes 2017",34.36524522027755,45.85508516976563,""
"","d1d085176c394bfa8df78bede13c3383","8-509b8bd8d593ba5dd55fe94444fe0966","50824","کرمانشاه","Kermānshāh","گیلان غرب","Gilān-e Gharb","مرکزی","Markazi","","","","Deyreh","سنگ درمیان علیا","Sang Dar Miān-e Olyā","Nāw Kuchıgīna-y Ulyā","Mehdi Fattahi, field notes 2017","124","","","","Kalhuri 100%","Mehdi Fattahi, field notes 2017",34.34744240246252,45.870384489984964,""
"","d1d085176c394bfa8df78bede13c2b54","8-2548af3efccb72466190d3a6cb745437","50825","کرمانشاه","Kermānshāh","گیلان غرب","Gilān-e Gharb","مرکزی","Markazi","","","","Deyreh","جوب باغان","Jub Bāghān","Jū Bākhān","Mehdi Fattahi, field notes 2017","589","","","","Kalhuri 100%","Mehdi Fattahi, field notes 2017",34.31242342211988,45.90688903688095,""
"","d1d085176c394bfa8df78bede13cd63b","10-059746a3d74bb740ab7815afca5de885","50826","کرمانشاه","Kermānshāh","گیلان غرب","Gilān-e Gharb","مرکزی","Markazi","","","","Deyreh","گلوزی","Galuzi","Galūzī","Mehdi Fattahi, field notes 2017","354","","","","Kalhuri 100%","Mehdi Fattahi, field notes 2017",34.33418527324149,45.89863134316757,""
"","d1d085176c394bfa8df78bede13cc7a9","8-2f3033d99553bf2105c8bff164fc82ce","50827","کرمانشاه","Kermānshāh","گیلان غرب","Gilān-e Gharb","مرکزی","Markazi","","","","Deyreh","میان رود","Miān Rud","Nāw Ṛū","Mehdi Fattahi, field notes 2017","125","","","","Kalhuri 100%","Mehdi Fattahi, field notes 2017",34.315448739172304,45.891555982790095,""
"","d1d085176c394bfa8df78bede13cbb25","10-bd3bdf96ac31b771980cb410d145564b","50828","کرمانشاه","Kermānshāh","گیلان غرب","Gilān-e Gharb","مرکزی","Markazi","","","","Deyreh","گلوزی داوود","Galuzi Dāvud","Galūzī Dāwū","Mehdi Fattahi, field notes 2017","31","","","","Kalhuri 100%","Mehdi Fattahi, field notes 2017",34.32512155168445,45.90352369240955,""
"","d1d085176c394bfa8df78bede13cb80d","8-bfc6e3facd49f778d3a82b035ee8446a","50829","کرمانشاه","Kermānshāh","گیلان غرب","Gilān-e Gharb","مرکزی","Markazi","","","","Deyreh","افشارآباد","Afshār Ābād","Afshār Āwā","Mehdi Fattahi, field notes 2017","30","","","","Kalhuri 100%","Mehdi Fattahi, field notes 2017",34.415048180859834,45.82283221427046,""
"","d1d085176c394bfa8df78bede13caa45","8-f52a55d8aa160a3a90d0b984506baddf","50830","کرمانشاه","Kermānshāh","گیلان غرب","Gilān-e Gharb","مرکزی","Markazi","","","","Deyreh","بطیار احمد","Betyār-e Ahmad","Bıtyār Ahmad","Mehdi Fattahi, field notes 2017","","(3 or fewer households; population not specified in 2011 Census for reasons of privacy)","","","Kalhuri 100%","Mehdi Fattahi, field notes 2017",34.41410112757489,45.816051589880956,""
"","d1d085176c394bfa8df78bede13c9c3c","8-c5d99245965546570a2680a0f8a7fa3a","50831","کرمانشاه","Kermānshāh","گیلان غرب","Gilān-e Gharb","مرکزی","Markazi","","","","Deyreh","داروند 1","Dārvand-e Yek","Dārwan-ı Yak","Mehdi Fattahi, field notes 2017","30","","","","Kalhuri 100%","Mehdi Fattahi, field notes 2017",34.350152821873564,45.85917291948633,""
"","d1d085176c394bfa8df78bede13c945f","8-401832adc2cd6c557f0d8098cd750d64","50832","کرمانشاه","Kermānshāh","گیلان غرب","Gilān-e Gharb","مرکزی","Markazi","","","","Deyreh","داروند 2","Dārvand-e Do","Dārwan-ı Du","Mehdi Fattahi, field notes 2017","70","","","","Kalhuri 100%","Mehdi Fattahi, field notes 2017",34.3556976072303,45.85713444063521,""
"","d1d085176c394bfa8df78bede13c8621","8-d87cd93548f5bd01dedab3e97fd6d410","50833","کرمانشاه","Kermānshāh","گیلان غرب","Gilān-e Gharb","مرکزی","Markazi","","","","Deyreh","داروند 3","Dārvand-e Seh","Dārwan-ı Sı","Mehdi Fattahi, field notes 2017","95","","","","Kalhuri 100%","Mehdi Fattahi, field notes 2017",34.36407490947678,45.84994567250128,""
"","d1d085176c394bfa8df78bede13c82c9","8-ef51b1d4fb8cb711cab0e317d3b9c5b6","50834","کرمانشاه","Kermānshāh","گیلان غرب","Gilān-e Gharb","مرکزی","Markazi","","","","Deyreh","شنقال خالدی","Shanqāl-e Khāledi","Shanqāḷ-ı Khāḷıdī","Mehdi Fattahi, field notes 2017","288","","","","Kalhuri 100%","Mehdi Fattahi, field notes 2017",34.41072439703723,45.81358395758816,""
"","d1d085176c394bfa8df78bede13c7447","8-11c972b5fbb7bf114322b96f1ac73370","50835","کرمانشاه","Kermānshāh","گیلان غرب","Gilān-e Gharb","مرکزی","Markazi","","","","Deyreh","شیشه راه","Shisheh Rāh","Shīsha Ṛē","Mehdi Fattahi, field notes 2017","155","","","","Kalhuri 100%","Mehdi Fattahi, field notes 2017",34.37541464222949,45.843626388062525,""
"","d1d085176c394bfa8df78bede13d15a3","8-dbf62296295ab573cdf7121558f4fd1e","50836","کرمانشاه","Kermānshāh","گیلان غرب","Gilān-e Gharb","مرکزی","Markazi","","","","Deyreh","نسار دیره","Nesār-e Deyreh","Nısār-ı Dēra","Mehdi Fattahi, field notes 2017","841","","","","Kalhuri 100%","Mehdi Fattahi, field notes 2017",34.32318442213794,45.86917563077405,""
"","d1d085176c394bfa8df78bede13d101d","8-2a556bae898d3793303a75b7b6db72d7","50837","کرمانشاه","Kermānshāh","گیلان غرب","Gilān-e Gharb","مرکزی","Markazi","","","","Deyreh","نسار دیره سفلی","Nesār-e Deyreh-ye Soflā","Nısār-ı Dēra-y Sıfḷā","Mehdi Fattahi, field notes 2017","37","","","","Kalhuri 100%","Mehdi Fattahi, field notes 2017",34.334350458450444,45.86336999681817,""
"","d1d085176c394bfa8df78bede13d0764","8-ba18c6c8f2bc1a00d8554626cc2c6d36","50838","کرمانشاه","Kermānshāh","گیلان غرب","Gilān-e Gharb","مرکزی","Markazi","","","","Deyreh","علیجان","Ali Jān","Alī Jān","Mehdi Fattahi, field notes 2017","20","","","","Kalhuri 100%","Mehdi Fattahi, field notes 2017",34.423796527247575,45.81133480014397,""
"","d1d085176c394bfa8df78bede13d0094","6-f95403361e636e1f93077b3f193dda00","50839","کرمانشاه","Kermānshāh","گیلان غرب","Gilān-e Gharb","مرکزی","Markazi","","","","Vizhenān","","","","","2466","","","","","","","",""
"","d1d085176c394bfa8df78bede13cf898","8-6eb6942c2c20e34fe6d3f08e8e022b63","50840","کرمانشاه","Kermānshāh","گیلان غرب","Gilān-e Gharb","مرکزی","Markazi","","","","Vizhenān","پاوند مکر","Pāvand Makr","Pāwan Mıkr","Mehdi Fattahi, field notes 2017","115","","","","Kalhuri 100%","Mehdi Fattahi, field notes 2017",33.99681599322522,45.95064247175018,""
"","d1d085176c394bfa8df78bede13cf88b","8-5864438c9042c0c4415b3a5a3b651252","50841","کرمانشاه","Kermānshāh","گیلان غرب","Gilān-e Gharb","مرکزی","Markazi","","","","Vizhenān","مورت شاوله","Murt-e Shāveleh","Mūrt-ı Shāwıḷa","Mehdi Fattahi, field notes 2017","64","","","","Kalhuri 100%","Mehdi Fattahi, field notes 2017",33.99449438175006,45.9488185696199,""
"","d1d085176c394bfa8df78bede13cf328","8-887109f08f9d11da1af36b4e9fe6ee87","50842","کرمانشاه","Kermānshāh","گیلان غرب","Gilān-e Gharb","مرکزی","Markazi","","","","Vizhenān","طایفه سیاه سیاه","Tāyefeh-ye Siāh Siāh","Tāyıfa-y Sīya Sīya","Mehdi Fattahi, field notes 2017","49","","","","Kalhuri 100%","Mehdi Fattahi, field notes 2017",34.03113854674751,46.008765294242394,""
"","d1d085176c394bfa8df78bede13ce770","8-030ae021d20d828ec327c8468b3b35bc","50843","کرمانشاه","Kermānshāh","گیلان غرب","Gilān-e Gharb","مرکزی","Markazi","","","","Vizhenān","میاندار قروتک","Miān Dār-e Qorutek","Nawdār Qūrūtık","Mehdi Fattahi, field notes 2017","81","","","","Kalhuri 100%","Mehdi Fattahi, field notes 2017",34.02380340504453,46.02377021832079,""
"","d1d085176c394bfa8df78bede13ce2d5","8-2997749f382e72b8a618e31cc82ca103","50844","کرمانشاه","Kermānshāh","گیلان غرب","Gilān-e Gharb","مرکزی","Markazi","","","","Vizhenān","قشقه","Qashqeh","Qashqa","Mehdi Fattahi, field notes 2017","199","","","","Kalhuri 100%","Mehdi Fattahi, field notes 2017",34.00391384468599,45.951946034611154,""
"","d1d085176c394bfa8df78bede13cd7b5","8-6a022fd9a6e2e0b72c10a78b86139ca4","50845","کرمانشاه","Kermānshāh","گیلان غرب","Gilān-e Gharb","مرکزی","Markazi","","","","Vizhenān","قیلان","Qeylān","Qaylān","Mehdi Fattahi, field notes 2017","394","","","","Kalhuri 100%","Mehdi Fattahi, field notes 2017",34.032927390856926,45.95170601323116,""
"","d1d085176c394bfa8df78bede13d5c64","8-c67e9a066438e7b9d499dab07892c0bb","50846","کرمانشاه","Kermānshāh","گیلان غرب","Gilān-e Gharb","مرکزی","Markazi","","","","Vizhenān","مورت سبز","Murt-e Sabz","Mūrt-ı Sawz","Mehdi Fattahi, field notes 2017","140","","","","Kalhuri 100%","Mehdi Fattahi, field notes 2017",34.004992274774835,45.91226006075143,""
"","d1d085176c394bfa8df78bede13d4f72","8-6bf550076106b55a3989a3889d73021a","50847","کرمانشاه","Kermānshāh","گیلان غرب","Gilān-e Gharb","مرکزی","Markazi","","","","Vizhenān","نیان","Niān","Nēyān","Mehdi Fattahi, field notes 2017","217","","","","Kalhuri 100%","Mehdi Fattahi, field notes 2017",34.0334430765048,45.955611309556204,""
"","d1d085176c394bfa8df78bede13d4a8e","8-871a93997d566d6da406dade231b38af","50848","کرمانشاه","Kermānshāh","گیلان غرب","Gilān-e Gharb","مرکزی","Markazi","","","","Vizhenān","چم سورک سفلی","Cham Surak-e Soflā","Cham-ı Sūrıg-ı Sıfḷā","Mehdi Fattahi, field notes 2017","91","","","","Kalhuri 100%","Mehdi Fattahi, field notes 2017",33.97317439768702,45.950309877831224,""
"","d1d085176c394bfa8df78bede13d4820","10-5c4ca6911625a9f26eeea368b20a163d","50849","کرمانشاه","Kermānshāh","گیلان غرب","Gilān-e Gharb","مرکزی","Markazi","","","","Vizhenān","چم سورک وسطی","Cham Surak-e Vasati","Cham-ı Sūrıg-ı Mēyāna","Mehdi Fattahi, field notes 2017","106","","","","Kalhuri 100%","Mehdi Fattahi, field notes 2017",33.97878403351802,45.94892585798077,""
"","d1d085176c394bfa8df78bede13d3875","10-bcb89fc977471051606a8ed77183132c","50850","کرمانشاه","Kermānshāh","گیلان غرب","Gilān-e Gharb","مرکزی","Markazi","","","","Vizhenān","گل خیرک علیا","Gol Kheyrak-e Olyā","Gıḷ Khayrıg-ı Ulyā","Mehdi Fattahi, field notes 2017","74","","","","Kalhuri 100%","Mehdi Fattahi, field notes 2017",34.01225619298208,45.9509375240215,""
"","d1d085176c394bfa8df78bede13d375b","8-e88d8d7a423de4300439b337d1702371","50851","کرمانشاه","Kermānshāh","گیلان غرب","Gilān-e Gharb","مرکزی","Markazi","","","","Vizhenān","مورت هادی","Murt-e Hādi","Mūrt Hādī","Mehdi Fattahi, field notes 2017","55","","","","Kalhuri 100%","Mehdi Fattahi, field notes 2017",33.99637791622411,45.947209244210455,""
"","d1d085176c394bfa8df78bede13d3361","8-f316628cfb41ffc6ae00e0159105be5b","50852","کرمانشاه","Kermānshāh","گیلان غرب","Gilān-e Gharb","مرکزی","Markazi","","","","Vizhenān","گل خیرک سفلی","Gol Kheyrak-e Soflā","Gıḷ Khayrıg-ı Sıfḷā","Mehdi Fattahi, field notes 2017","72","","","","Kalhuri 100%","Mehdi Fattahi, field notes 2017",33.99893296294614,45.95017040296397,""
"","d1d085176c394bfa8df78bede13d2996","8-7a79e4f97174643a5eec7098ab023b4e","50853","کرمانشاه","Kermānshāh","گیلان غرب","Gilān-e Gharb","مرکزی","Markazi","","","","Vizhenān","پنجعلی","Panj Ali","Panj Alī","Mehdi Fattahi, field notes 2017","40","","","","Kalhuri 100%","Mehdi Fattahi, field notes 2017",34.091499849987294,45.89316870240299,""
"","d1d085176c394bfa8df78bede13d1d22","8-36b2ccd8ce0777e79a63372814a5e3d2","50854","کرمانشاه","Kermānshāh","گیلان غرب","Gilān-e Gharb","مرکزی","Markazi","","","","Vizhenān","داربید حسین علی","Dār Bid-e Hoseyn Ali","Dārwa-y Husayn Alī","Mehdi Fattahi, field notes 2017","24","","","","Kalhuri 100%","Mehdi Fattahi, field notes 2017",34.07384978646819,45.89235752143678,""
"","d1d085176c394bfa8df78bede13d1ae1","8-0679a864df65820ff9000c8ec27778ba","50855","کرمانشاه","Kermānshāh","گیلان غرب","Gilān-e Gharb","مرکزی","Markazi","","","","Vizhenān","داربید علی اکبر","Dār Bid-e Ali Akbar","Dārwa-y Alī Akbar","Mehdi Fattahi, field notes 2017","23","","","","Kalhuri 100%","Mehdi Fattahi, field notes 2017",34.069281813189676,45.901637964627255,""
"","d1d085176c394bfa8df78bede13da7d8","8-8bd533373202783a1c654f6ce28fbbba","50856","کرمانشاه","Kermānshāh","گیلان غرب","Gilān-e Gharb","مرکزی","Markazi","","","","Vizhenān","داربید نظرعلی","Dār Bid-e Nazar Ali ","Dārwa-y Nazar Alī","Mehdi Fattahi, field notes 2017","47","","","","Kalhuri 100%","Mehdi Fattahi, field notes 2017",34.07562714141033,45.89201419868235,""
"","d1d085176c394bfa8df78bede13d9869","8-dec9ed716c8cc8843ab6e5356ad4a4bf","50857","کرمانشاه","Kermānshāh","گیلان غرب","Gilān-e Gharb","مرکزی","Markazi","","","","Vizhenān","سرپلک یوسفی","Sar Palk-e Yusefi","Sarpaḷk-ı Yūsıfī","Mehdi Fattahi, field notes 2017","","(3 or fewer households; population not specified in 2011 Census for reasons of privacy)","","","Kalhuri 100%","Mehdi Fattahi, field notes 2017",34.12783842437432,45.83572114972979,""
"","d1d085176c394bfa8df78bede13d9145","8-4e6611069507c6ae2946d84a45f85195","50858","کرمانشاه","Kermānshāh","گیلان غرب","Gilān-e Gharb","مرکزی","Markazi","","","","Vizhenān","سرحال شیرزادی","Sar Hāl-e Shirzādi","Sarhāḷ-ı Shērzādī","Mehdi Fattahi, field notes 2017","234","","","","Kalhuri 100%","Mehdi Fattahi, field notes 2017",34.060793971556315,45.90911596336016,""
"","d1d085176c394bfa8df78bede13d8c31","8-59a7db131c8bafce47a383156f2c120f","50859","کرمانشاه","Kermānshāh","گیلان غرب","Gilān-e Gharb","مرکزی","Markazi","","","","Vizhenān","مزرعه آهنگران","Mazra'eh-ye Āhangarān","Mazra-y Āhangarayl","Mehdi Fattahi, field notes 2017","33","","","","Kalhuri 100%","Mehdi Fattahi, field notes 2017",34.06474025708413,45.8900830081921,""
"","d1d085176c394bfa8df78bede13d8b96","8-a16c0ce10db021c65eb937ee374d8869","50860","کرمانشاه","Kermānshāh","گیلان غرب","Gilān-e Gharb","مرکزی","Markazi","","","","Vizhenān","سرویله قاسم","Sirvaleh-ye Qāsem","Sīrawla-y Qāsım","Mehdi Fattahi, field notes 2017","","(3 or fewer households; population not specified in 2011 Census for reasons of privacy)","","","Kalhuri 100%","Mehdi Fattahi, field notes 2017",34.10683843984365,45.86743022469902,""
"","d1d085176c394bfa8df78bede13d80ca","8-4ffe0e8c0be65fe2a13975f2622325c7","50861","کرمانشاه","Kermānshāh","گیلان غرب","Gilān-e Gharb","مرکزی","Markazi","","","","Vizhenān","میان راه","Miān Rāh","Nāw Ṛē","Mehdi Fattahi, field notes 2017","59","","","","Kalhuri 100%","Mehdi Fattahi, field notes 2017",34.09730600870177,45.88174249200052,""
"","d1d085176c394bfa8df78bede13d7d60","8-365abba29ef0409c18f17ca67d8d5b49","50862","کرمانشاه","Kermānshāh","گیلان غرب","Gilān-e Gharb","مرکزی","Markazi","","","","Vizhenān","میرمیراب سفلی","Mir Mirāb-e Soflā","Mīr Mīrāw-ı Sıfḷā","Mehdi Fattahi, field notes 2017","48","","","","Kalhuri 100%","Mehdi Fattahi, field notes 2017",34.064944676778225,45.896488123319,""
"","d1d085176c394bfa8df78bede13d789b","8-b57b3c1c4665b9a3a1104bd89556a9bb","50863","کرمانشاه","Kermānshāh","گیلان غرب","Gilān-e Gharb","مرکزی","Markazi","","","","Vizhenān","میرمیراب علیا","Mir Mirāb-e Olyā","Mīr Mīrāw-ı Ulyā","Mehdi Fattahi, field notes 2017","254","","","","Kalhuri 100%","Mehdi Fattahi, field notes 2017",34.06650891550608,45.899256163021704,""
"","d1d085176c394bfa8df78bede13d7051","8-be2dea4cc0f36a3c77437c3afc4c088a","50864","کرمانشاه","Kermānshāh","گیلان غرب","Gilān-e Gharb","مرکزی","Markazi","","","","Vizhenān","فالوشن","Fālushen","Fāḷūshın","Mehdi Fattahi, field notes 2017","32","","","","Kalhuri 100%","Mehdi Fattahi, field notes 2017",34.09009600584439,45.89574362305666,""
"","d1d085176c394bfa8df78bede13d63b8","8-d95622c8a27e6e048b65effb7203f17e","50865","کرمانشاه","Kermānshāh","گیلان غرب","Gilān-e Gharb","مرکزی","Markazi","گیلان غرب","Gilān-e Gharb","","","","","Gyaḷān ","Mehdi Fattahi, field notes 2017","20922","","","","Kalhuri 100%","Mehdi Fattahi, field notes 2017",34.141562407341965,45.918254134706,""
"","d1d085176c394bfa8df78bede13dfbb6","6-8eb2a04c30a2ee2a5cb0ffd65b846ded","50866","کرمانشاه","Kermānshāh","گیلان غرب","Gilān-e Gharb","گواور","Govāver","","","","","","","","","18170","","","","","","","",""
"","d1d085176c394bfa8df78bede13dedbe","6-beacc0802a42d51fc6f102b7deec1df9","50867","کرمانشاه","Kermānshāh","گیلان غرب","Gilān-e Gharb","گواور","Govāver","","","","Heydarieh","","","","","7395","","","","","","","",""
"","d1d085176c394bfa8df78bede13de6d6","8-bd41d27ef082f1603765a1cb0f36914d","50868","کرمانشاه","Kermānshāh","گیلان غرب","Gilān-e Gharb","گواور","Govāver","","","","Heydarieh","سوخور خورشید","Sow Khor-e Khorshid","Süẅakhwar-ı Khurshīd","Mehdi Fattahi, field notes 2017","188","","","","Kalhuri 100%","Mehdi Fattahi, field notes 2017",34.15774186956973,46.125442092722544,""
"","d1d085176c394bfa8df78bede13de185","8-91d2a6b834cbebcdc8d07351089afbf3","50869","کرمانشاه","Kermānshāh","گیلان غرب","Gilān-e Gharb","گواور","Govāver","","","","Heydarieh","سوخور مروتی","Sow Khor-e Morovvati","Süẅakhwar-ı Mırıwatī","Mehdi Fattahi, field notes 2017","364","","","","Kalhuri 100%","Mehdi Fattahi, field notes 2017",34.154527951693424,46.13147169858686,""
"","d1d085176c394bfa8df78bede13dd2de","8-0cc0f8f9eac3ab63a60fa49c4f1172da","50870","کرمانشاه","Kermānshāh","گیلان غرب","Gilān-e Gharb","گواور","Govāver","","","","Heydarieh","کل کش","Kal Kosh","Kaḷkwısh","Mehdi Fattahi, field notes 2017","1843","","","","Kalhuri 100%","Mehdi Fattahi, field notes 2017",34.127436871279095,46.17641072927907,""
"","d1d085176c394bfa8df78bede13dca18","8-4fd66af49019a9afd13342d6115800eb","50871","کرمانشاه","Kermānshāh","گیلان غرب","Gilān-e Gharb","گواور","Govāver","","","","Heydarieh","سوخور کرمی","Sow Khor-e Karami","Süẅakhwar-ı Karama","Mehdi Fattahi, field notes 2017","114","","","","Kalhuri 100%","Mehdi Fattahi, field notes 2017",34.15417711980042,46.13448331519874,""
"","d1d085176c394bfa8df78bede13dc841","8-927036105ba22f6fe74fdf9a69654940","50872","کرمانشاه","Kermānshāh","گیلان غرب","Gilān-e Gharb","گواور","Govāver","","","","Heydarieh","سوخور خورشید سفلی","Sow Khor-e Khorshid-e Soflā","Süẅakhwar-ı Khurshīd-ı Sıfḷā","Mehdi Fattahi, field notes 2017","174","","","","Kalhuri 100%","Mehdi Fattahi, field notes 2017",34.1488322691753,46.13896042615523,""
"","d1d085176c394bfa8df78bede13dbe33","8-60ea335d64062429d6c6cdb331557b22","50873","کرمانشاه","Kermānshāh","گیلان غرب","Gilān-e Gharb","گواور","Govāver","","","","Heydarieh","سوخور خوش اقبال","Sow Khor-e Khosh Eqbāl","Süẅakhwar-ı Khwash Iqbāḷ","Mehdi Fattahi, field notes 2017","101","","","","Kalhuri 100%","Mehdi Fattahi, field notes 2017",34.16489976618959,46.11371212510056,""
"","d1d085176c394bfa8df78bede13db6d6","8-1098e60bc657af6cc01855bbe6dd74e0","50874","کرمانشاه","Kermānshāh","گیلان غرب","Gilān-e Gharb","گواور","Govāver","","","","Heydarieh","سوخور شهباز شیری","Sow Khor-e Shahbāz-e Shiri","Süẅakhwar-ı Shāwāz-ı Shīrī","Mehdi Fattahi, field notes 2017","368","","","","Kalhuri 100%","Mehdi Fattahi, field notes 2017",34.161241084082626,46.119642257106165,""
"","d1d085176c394bfa8df78bede13dace5","8-5cdaf0c31fc2b3cfb36aedd3c5cbbf9f","50875","کرمانشاه","Kermānshāh","گیلان غرب","Gilān-e Gharb","گواور","Govāver","","","","Heydarieh","سوخور شهباز نجفی","Sow Khor-e Shahbāz-e Najafi","Süẅakhwar-ı Shāwāz-ı Najafī","Mehdi Fattahi, field notes 2017","101","","","","Kalhuri 100%","Mehdi Fattahi, field notes 2017",34.16360251641528,46.117410659206016,""
"","d1d085176c394bfa8df78bede13e4731","8-a4e349e55aa399f5c07402d5a0aa67e4","50876","کرمانشاه","Kermānshāh","گیلان غرب","Gilān-e Gharb","گواور","Govāver","","","","Heydarieh","سوخور علی محمد","Sow Khor-e Ali Mohammad","Süẅakhwar-ı Alī Muhamad","Mehdi Fattahi, field notes 2017","250","","","","Kalhuri 100%","Mehdi Fattahi, field notes 2017",34.167934596472115,46.10899925173615,""
"","d1d085176c394bfa8df78bede13e46b3","10-9c06df52ab3af7683f00e32386291ab0","50877","کرمانشاه","Kermānshāh","گیلان غرب","Gilān-e Gharb","گواور","Govāver","","","","Heydarieh","سوخور کهزاد","Sow Khor-e Kohzād","Süẅakhwar-ı Kuhzād","Mehdi Fattahi, field notes 2017","322","","","","Kalhuri 100%","Mehdi Fattahi, field notes 2017",34.17495459855731,46.102482289787886,""
"","d1d085176c394bfa8df78bede13e39c4","8-1f6b1c2907d4c0208add72f0f396736d","50878","کرمانشاه","Kermānshāh","گیلان غرب","Gilān-e Gharb","گواور","Govāver","","","","Heydarieh","سوخور نامدار میرزاپور","Sow Khor-e Nāmdār-e Mirzāpur","Süẅakhwar-ı Mīrzāpūr","Mehdi Fattahi, field notes 2017","217","","","","Kalhuri 100%","Mehdi Fattahi, field notes 2017",34.1660690766049,46.11188084394533,""
"","d1d085176c394bfa8df78bede13e2fdf","8-0153f32b1503b7c5c8b421e9caa440cd","50879","کرمانشاه","Kermānshāh","گیلان غرب","Gilān-e Gharb","گواور","Govāver","","","","Heydarieh","سوخور نامدار الهی","Sow Khor-e Nāmdār-e Elāhi","Süẅakhwar-ı Nāmdār-ı Ilāhī","Mehdi Fattahi, field notes 2017","171","","","","Kalhuri 100%","Mehdi Fattahi, field notes 2017",34.1777683219839,46.102482289787886,""
"","d1d085176c394bfa8df78bede13e2346","8-9d58d1a5f66360368736f03d94f9f358","50880","کرمانشاه","Kermānshāh","گیلان غرب","Gilān-e Gharb","گواور","Govāver","","","","Heydarieh","سوخور حاجی مراد","Sow Khor-e Hāji Morād","Süẅakhwar-ı Hājī Mırāy","Mehdi Fattahi, field notes 2017","114","","","","Kalhuri 100%","Mehdi Fattahi, field notes 2017",34.17615288341142,46.10072276067394,""
"","d1d085176c394bfa8df78bede13e18d0","8-ba3b2f2073f4e1e32d508f58da24a350","50881","کرمانشاه","Kermānshāh","گیلان غرب","Gilān-e Gharb","گواور","Govāver","","","","Heydarieh","بابارستم","Bābā Rostam","Bābā Ṛustam","Mehdi Fattahi, field notes 2017","104","","","","Kalhuri 100%","Mehdi Fattahi, field notes 2017",34.201296521578925,46.08185529650901,""
"","d1d085176c394bfa8df78bede13e186a","10-19b9f6b4f6b2f8ecb2f6678df1fb7265","50882","کرمانشاه","Kermānshāh","گیلان غرب","Gilān-e Gharb","گواور","Govāver","","","","Heydarieh","قیطول بهرام وندی","Qeytul-e Bahrāmvandi","Qaytül-ı Bahrāmwandī","Mehdi Fattahi, field notes 2017","297","","","","Kalhuri 100%","Mehdi Fattahi, field notes 2017",34.197582638821906,46.088212516476126,""
"","d1d085176c394bfa8df78bede13e109c","8-98c7783845e75eaa74e7a534c7e25852","50883","کرمانشاه","Kermānshāh","گیلان غرب","Gilān-e Gharb","گواور","Govāver","","","","Heydarieh","قیطول","Qeytul","Qaytül","Mehdi Fattahi, field notes 2017","490","","","","Kalhuri 100%","Mehdi Fattahi, field notes 2017",34.196233800353276,46.0918603207358,""
"","d1d085176c394bfa8df78bede13e06a1","8-e091bbaed555a9a2d7d0ea34658be65f","50884","کرمانشاه","Kermānshāh","گیلان غرب","Gilān-e Gharb","گواور","Govāver","","","","Heydarieh","محمدی علیا","Mohammadi-ye Olyā","Muhamadī-yı Ulyā","Mehdi Fattahi, field notes 2017","180","","","","Kalhuri 100%","Mehdi Fattahi, field notes 2017",34.20491682181312,46.07722043933241,""
"","d1d085176c394bfa8df78bede13dfbe1","8-3cdc1447192a4f15aa32dcd05b3c7454","50885","کرمانشاه","Kermānshāh","گیلان غرب","Gilān-e Gharb","گواور","Govāver","","","","Heydarieh","سوخور نامدار عبدی","Sow Khor-e Nāmdār-e Abdi","Süẅakhwar-ı Nāmdār-ı Abdī","Mehdi Fattahi, field notes 2017","288","","","","Kalhuri 100%","Mehdi Fattahi, field notes 2017",34.185849557612414,46.10419903283206,""
"","d1d085176c394bfa8df78bede13eab67","6-e4a949afd94bec1895edb2498ef55dce","50886","کرمانشاه","Kermānshāh","گیلان غرب","Gilān-e Gharb","گواور","Govāver","","","","Heydarieh","گرانمیر","Gerān Mir","Gırānmīr","Mehdi Fattahi, field notes 2017","125","","","","Kalhuri 100%","Mehdi Fattahi, field notes 2017","","",""
"","d1d085176c394bfa8df78bede13e9fa2","8-72c954627afa4ce8d2ba30bfe11374b6","50887","کرمانشاه","Kermānshāh","گیلان غرب","Gilān-e Gharb","گواور","Govāver","","","","Heydarieh","قلی قلی","Qoli Qoli","Qul Qulī","Mehdi Fattahi, field notes 2017","713","","","","Kalhuri 100%","Mehdi Fattahi, field notes 2017",34.21582114933613,46.05657815875669,""
"","d1d085176c394bfa8df78bede13e93f1","8-2955939c2a587249fea52bf1ff15c56b","50888","کرمانشاه","Kermānshāh","گیلان غرب","Gilān-e Gharb","گواور","Govāver","","","","Heydarieh","کاظم خانی سفلی","Kāzem Khāni-ye Soflā","Kāzım Khānī-yı Sıfḷā","Mehdi Fattahi, field notes 2017","249","","","","Kalhuri 100%","Mehdi Fattahi, field notes 2017",34.22076274511553,46.034541129492375,""
"","d1d085176c394bfa8df78bede13e84bc","8-d585d2511df2288e09de70eaa3053671","50889","کرمانشاه","Kermānshāh","گیلان غرب","Gilān-e Gharb","گواور","Govāver","","","","Heydarieh","کاظم خانی علیا","Kāzem Khāni-ye Olyā","Kāzım Khānī-yı Ulyā","Mehdi Fattahi, field notes 2017","311","","","","Kalhuri 100%","Mehdi Fattahi, field notes 2017",34.2102848729521,46.063959597964185,""
"","d1d085176c394bfa8df78bede13e75c7","8-f089135964d7826ba883caf977368b49","50890","کرمانشاه","Kermānshāh","گیلان غرب","Gilān-e Gharb","گواور","Govāver","","","","Heydarieh","محمدی سفلی","Mohammadi-ye Soflā","Muhamadī-yı Sıfḷā","Mehdi Fattahi, field notes 2017","311","","","","Kalhuri 100%","Mehdi Fattahi, field notes 2017",34.208111075253456,46.06820821704365,""
"","d1d085176c394bfa8df78bede13e685e","6-5dee2aecf5b617b9b88e6e30475a8a8c","50891","کرمانشاه","Kermānshāh","گیلان غرب","Gilān-e Gharb","گواور","Govāver","","","","Govāver","","","","","7917","","","","","","","",""
"","d1d085176c394bfa8df78bede13e5ddd","8-87efe13e857bbc85afa9a0aa5208359d","50892","کرمانشاه","Kermānshāh","گیلان غرب","Gilān-e Gharb","گواور","Govāver","","","","Govāver","انجیردرمیان","Anjir Dar Miān","Anjīr Dar Mīyān","Mehdi Fattahi, field notes 2017","","(3 or fewer households; population not specified in 2011 Census for reasons of privacy)","","","Kalhuri 100%","Mehdi Fattahi, field notes 2017",33.85643419253555,46.63429460653428,""
"","d1d085176c394bfa8df78bede13e5ad1","8-2d5eb09af725f8f261273dbcd225cf73","50893","کرمانشاه","Kermānshāh","گیلان غرب","Gilān-e Gharb","گواور","Govāver","","","","Govāver","بره گینه","Bareh Gineh","Baṛagīna","Mehdi Fattahi, field notes 2017","25","","","","Kalhuri 100%","Mehdi Fattahi, field notes 2017",33.909532711205536,46.52134424423565,""
"","d1d085176c394bfa8df78bede13e55e5","8-ce4ea7b91c840b66770c94470254d467","50894","کرمانشاه","Kermānshāh","گیلان غرب","Gilān-e Gharb","گواور","Govāver","","","","Govāver","تولک","Tulak","Tülıg","Mehdi Fattahi, field notes 2017","96","","","","Kalhuri 100%","Mehdi Fattahi, field notes 2017",33.87547154650786,46.60864938803161,""
"","d1d085176c394bfa8df78bede13e53fe","8-4dccba2c77d7adc62200ddd5237b24ae","50895","کرمانشاه","Kermānshāh","گیلان غرب","Gilān-e Gharb","گواور","Govāver","","","","Govāver","مزرعه چال سیاه","Mazra'eh-ye Chāl Siāh","Mazra-y Chāḷ Sīya","Mehdi Fattahi, field notes 2017","38","","","","Kalhuri 100%","Mehdi Fattahi, field notes 2017",33.89799598629893,46.56963487483584,""
"","d1d085176c394bfa8df78bede13ef742","8-e5d7dd04797d1bc003dd757ef6125a20","50896","کرمانشاه","Kermānshāh","گیلان غرب","Gilān-e Gharb","گواور","Govāver","","","","Govāver","چشمه بطال","Cheshmeh Batāl","Chyanī Batāḷ","Mehdi Fattahi, field notes 2017","32","","","","Kalhuri 100%","Mehdi Fattahi, field notes 2017",33.91316955374125,46.51507221841946,""
"","d1d085176c394bfa8df78bede13ef39f","8-c16f53d33236f14e248ba32f6fd158ad","50897","کرمانشاه","Kermānshāh","گیلان غرب","Gilān-e Gharb","گواور","Govāver","","","","Govāver","چشمه خانی","Cheshmeh Khāni","Chyanī Khānī","Mehdi Fattahi, field notes 2017","100","","","","Kalhuri 100%","Mehdi Fattahi, field notes 2017",33.900512339999715,46.53820997451899,""
"","d1d085176c394bfa8df78bede13ef1f6","8-c845072b92ebd4f787f60b7c22db5c5a","50898","کرمانشاه","Kermānshāh","گیلان غرب","Gilān-e Gharb","گواور","Govāver","","","","Govāver","چشمه عیسی","Cheshmeh Isā","Chyanī Īsā","Mehdi Fattahi, field notes 2017","79","","","","Kalhuri 100%","Mehdi Fattahi, field notes 2017",33.8962022051509,46.54769426559396,""
"","d1d085176c394bfa8df78bede13ee525","8-8c00d774217729ad9c77a3a53f77728b","50899","کرمانشاه","Kermānshāh","گیلان غرب","Gilān-e Gharb","گواور","Govāver","","","","Govāver","زرور","Zerver","Zırwır","Mehdi Fattahi, field notes 2017","69","","","","Kalhuri 100%","Mehdi Fattahi, field notes 2017",33.86866808677041,46.61870228025942,""
"","d1d085176c394bfa8df78bede13edbb9","8-cc4807187064faa89c2297726c2cca5b","50900","کرمانشاه","Kermānshāh","گیلان غرب","Gilān-e Gharb","گواور","Govāver","","","","Govāver","پیکوله","Pikuleh","Pēkūḷa","Mehdi Fattahi, field notes 2017","88","","","","Kalhuri 100%","Mehdi Fattahi, field notes 2017",33.88558112934536,46.576655974664185,""
"","d1d085176c394bfa8df78bede13ed0c0","8-e96a3bae35a0540c8ba8b83095cf6457","50901","کرمانشاه","Kermānshāh","گیلان غرب","Gilān-e Gharb","گواور","Govāver","","","","Govāver","شیخ جبرییل","Sheykh Jebre'il","Shaykh Jıbrayl","Mehdi Fattahi, field notes 2017","69","","","","Kalhuri 100%","Mehdi Fattahi, field notes 2017",33.88023289482518,46.59930431031173,""
"","d1d085176c394bfa8df78bede13ec938","8-5f3e0faecbc13334c3b16bc4b76869d2","50902","کرمانشاه","Kermānshāh","گیلان غرب","Gilān-e Gharb","گواور","Govāver","","","","Govāver","میان رود","Miān Rud","Nāw Ṛū","Mehdi Fattahi, field notes 2017","38","","","","Kalhuri 100%","Mehdi Fattahi, field notes 2017",33.906986109139396,46.52752405380536,""
"","d1d085176c394bfa8df78bede13ec7fd","8-e742268128e344772816f60a574d5633","50903","کرمانشاه","Kermānshāh","گیلان غرب","Gilān-e Gharb","گواور","Govāver","","","","Govāver","باسکله بورویم","Bāskeleh-ye Borovim","Bāskıḷa-y Bırwīm","Mehdi Fattahi, field notes 2017","188","","","","Kalhuri 100%","Mehdi Fattahi, field notes 2017",33.93608199462954,46.48059185649049,""
"","d1d085176c394bfa8df78bede13ebd39","8-4487ce5cc24b4555a080d380a8c3c6cf","50904","کرمانشاه","Kermānshāh","گیلان غرب","Gilān-e Gharb","گواور","Govāver","","","","Govāver","باسکله چشمه سفید","Bāskeleh-ye Cheshmeh Sefid","Bāskıḷa-y Chyanī Kaw","Mehdi Fattahi, field notes 2017","178","","","","Kalhuri 100%","Mehdi Fattahi, field notes 2017",33.93355398916085,46.484679543029095,""
"","d1d085176c394bfa8df78bede13eb3dd","8-d3488284e4a18a53d4d5affe39c00f20","50905","کرمانشاه","Kermānshāh","گیلان غرب","Gilān-e Gharb","گواور","Govāver","","","","Govāver","باسکله خان میرزا","Bāskaleh-ye Khān Mirzā","Bāskıḷa-y Khān Mērzā","Mehdi Fattahi, field notes 2017","71","","","","Kalhuri 100%","Mehdi Fattahi, field notes 2017",33.93092353760441,46.48394998217752,""
"","d1d085176c394bfa8df78bede13f4205","8-e497818976c3ae5bbe15e0e1ee14a48a","50906","کرمانشاه","Kermānshāh","گیلان غرب","Gilān-e Gharb","گواور","Govāver","","","","Govāver","باسکله وسط","Bāskeleh-ye Vasat","Bāskıḷa-y Wasat","Mehdi Fattahi, field notes 2017","218","","","","Kalhuri 100%","Mehdi Fattahi, field notes 2017",33.9389570645585,46.473403536331126,""
"","d1d085176c394bfa8df78bede13f398d","8-490b457411f8aa2be653249fab4ea711","50907","کرمانشاه","Kermānshāh","گیلان غرب","Gilān-e Gharb","گواور","Govāver","","","","Govāver","وارگه","Vāregeh","Wāṛıga","Mehdi Fattahi, field notes 2017","233","","","","Kalhuri 100%","Mehdi Fattahi, field notes 2017",33.95837362749269,46.45103992646407,""
"","d1d085176c394bfa8df78bede13f30ee","8-f34e556a5242a45a2e5ca95c6771bdb7","50908","کرمانشاه","Kermānshāh","گیلان غرب","Gilān-e Gharb","گواور","Govāver","","","","Govāver","باسکله درانبار","Bāskeleh-ye Dar Anbār","Bāskıḷa-y Daramār","Mehdi Fattahi, field notes 2017","374","","","","Kalhuri 100%","Mehdi Fattahi, field notes 2017",33.95904591712226,46.47356860253174,""
"","d1d085176c394bfa8df78bede13f2779","8-d6e013b8c0022f51c3616abe76764614","50909","کرمانشاه","Kermānshāh","گیلان غرب","Gilān-e Gharb","گواور","Govāver","","","","Govāver","بهرام بیگ","Bahrām Beyg","Bērāmıg","Mehdi Fattahi, field notes 2017","117","","","","Kalhuri 100%","Mehdi Fattahi, field notes 2017",33.983477428218286,46.40753824961673,""
"","d1d085176c394bfa8df78bede13f19b0","10-6d28b0de88ed3eb500282bf48cf85d19","50910","کرمانشاه","Kermānshāh","گیلان غرب","Gilān-e Gharb","گواور","Govāver","","","","Govāver","قلعه رمن","Qal'eh Ramen","Qıḷā Ṛımın","Mehdi Fattahi, field notes 2017","318","","","","Kalhuri 100%","Mehdi Fattahi, field notes 2017",33.98372549391686,46.41722710726163,""
"","d1d085176c394bfa8df78bede13f0f3e","12-024e5be7f1b3bd71854c30ac50e63f23","50911","کرمانشاه","Kermānshāh","گیلان غرب","Gilān-e Gharb","گواور","Govāver","","","","Govāver","کرکول تعویضی","Karkul-e Ta'avizi","Karkūḷ-ı Tāwēzī","Mehdi Fattahi, field notes 2017","259","","","","Kalhuri 100%","Mehdi Fattahi, field notes 2017",33.98577952538207,46.41963774708839,""
"","d1d085176c394bfa8df78bede13f0e9d","8-9e229563f4c198e30613e8e6e8ae1681","50912","کرمانشاه","Kermānshāh","گیلان غرب","Gilān-e Gharb","گواور","Govāver","","","","Govāver","لته چقا","Lateh Choqā","Lata Chaqā","Mehdi Fattahi, field notes 2017","684","","","","Kalhuri 100%","Mehdi Fattahi, field notes 2017",33.97112043916511,46.437564508375914,""
"","d1d085176c394bfa8df78bede13f0660","10-1816284819ebfdcded8a3f118808a6f0","50913","کرمانشاه","Kermānshāh","گیلان غرب","Gilān-e Gharb","گواور","Govāver","","","","Govāver","چشمه غلامی","Cheshmeh Gholāmi","Chyanī Quḷāmī","Mehdi Fattahi, field notes 2017","394","","","","Kalhuri 100%","Mehdi Fattahi, field notes 2017",34.00679287892984,46.358769644416384,""
"","d1d085176c394bfa8df78bede13f049d","8-dc8bd1ed4ee550cad37f21a0f1797403","50914","کرمانشاه","Kermānshāh","گیلان غرب","Gilān-e Gharb","گواور","Govāver","","","","Govāver","چشمه جادر","Cheshmeh Jāder","Chyanī Jāyır","Mehdi Fattahi, field notes 2017","190","","","","Kalhuri 100%","Mehdi Fattahi, field notes 2017",33.996938823516054,46.38089198599602,""
"","d1d085176c394bfa8df78bede13f00bb","10-8f4b9a20901ff1b5eb90eaeaa225c03a","50915","کرمانشاه","Kermānshāh","گیلان غرب","Gilān-e Gharb","گواور","Govāver","","","","Govāver","چشمه حاجگه","Cheshmeh Hājegeh","Chyanī Hājıga","Mehdi Fattahi, field notes 2017","477","","","","Kalhuri 100%","Mehdi Fattahi, field notes 2017",33.988919789593915,46.3985663130701,""
"","d1d085176c394bfa8df78bede13f9e3a","10-712f9a091439d12586f344bd4233bca5","50916","کرمانشاه","Kermānshāh","گیلان غرب","Gilān-e Gharb","گواور","Govāver","","","","Govāver","چشمه سفید روتوند","Cheshmeh Sefid-e Rutavand","Chyanī Kaw-ı Ṛütawan","Mehdi Fattahi, field notes 2017","24","","","","Kalhuri 100%","Mehdi Fattahi, field notes 2017",34.00168744479027,46.36735870956649,""
"","d1d085176c394bfa8df78bede13f9557","8-61f685f40fe39bd0facac76cee3cc385","50917","کرمانشاه","Kermānshāh","گیلان غرب","Gilān-e Gharb","گواور","Govāver","","","","Govāver","طایفه رجب","Tāyefeh-ye Rajab","Khıḷ-ı Ṛajaw","Mehdi Fattahi, field notes 2017","","(3 or fewer households; population not specified in 2011 Census for reasons of privacy)","","","Kalhuri 100%","Mehdi Fattahi, field notes 2017",34.00287929025096,46.34894802689183,""
"","d1d085176c394bfa8df78bede13f8617","8-1055054328abaf6f0dcc0ded223ebf3d","50918","کرمانشاه","Kermānshāh","گیلان غرب","Gilān-e Gharb","گواور","Govāver","","","","Govāver","کمره","Kamareh","Kamara","Mehdi Fattahi, field notes 2017","133","","","","Kalhuri 100%","Mehdi Fattahi, field notes 2017",34.008943728632225,46.339915397837075,""
"","d1d085176c394bfa8df78bede13f765a","8-8f67b371a077dcd585f4de57a009a36e","50919","کرمانشاه","Kermānshāh","گیلان غرب","Gilān-e Gharb","گواور","Govāver","","","","Govāver","هفت چشمه جهانشاه","Haft Cheshmeh-ye Jahān Shāh","Haftād Chyanī-yı Jahān Shā","Mehdi Fattahi, field notes 2017","149","","","","Kalhuri 100%","Mehdi Fattahi, field notes 2017",33.98540588848826,46.40260035542872,""
"","d1d085176c394bfa8df78bede13f6faa","8-61788cb841524646448bd3e37aaf9316","50920","کرمانشاه","Kermānshāh","گیلان غرب","Gilān-e Gharb","گواور","Govāver","","","","Govāver","چشمه سفید وسین","Cheshmeh Sefid-e Vasin ","Chyanī Kaw-ı Wısayn","Mehdi Fattahi, field notes 2017","198","","","","Kalhuri 100%","Mehdi Fattahi, field notes 2017",34.0016796882358,46.37421864996739,""
"","d1d085176c394bfa8df78bede13f671d","8-277d0b3169967517c165a5aa65d65672","50921","کرمانشاه","Kermānshāh","گیلان غرب","Gilān-e Gharb","گواور","Govāver","","","","Govāver","ایل شیرزادی","Il-e Shirzādi","Khıḷ-ı Shērzā","Mehdi Fattahi, field notes 2017","68","","","","Kalhuri 100%","Mehdi Fattahi, field notes 2017",34.070538330172006,46.37622046294113,""
"","d1d085176c394bfa8df78bede13f588c","10-d403e629cc5d78ad82f87d425b1a97a2","50922","کرمانشاه","Kermānshāh","گیلان غرب","Gilān-e Gharb","گواور","Govāver","","","","Govāver","باقری","Bāqeri","Bāqırī","Mehdi Fattahi, field notes 2017","","(3 or fewer households; population not specified in 2011 Census for reasons of privacy)","","","Kalhuri 100%","Mehdi Fattahi, field notes 2017",34.0626949996174,46.39389085592876,""
"","d1d085176c394bfa8df78bede13f5828","8-4bbc6a813d403918ceb28bcf28e6d5ab","50923","کرمانشاه","Kermānshāh","گیلان غرب","Gilān-e Gharb","گواور","Govāver","","","","Govāver","بیگ رضایی","Beyg Rezāi","Baṛıga","Mehdi Fattahi, field notes 2017","628","","","","Kalhuri 100%","Mehdi Fattahi, field notes 2017",34.04409121011365,46.422212667741164,""
"","d1d085176c394bfa8df78bede13f4e98","8-e744b728e3d22727228373d126aed50f","50924","کرمانشاه","Kermānshāh","گیلان غرب","Gilān-e Gharb","گواور","Govāver","","","","Govāver","درگه","Daregeh","Daṛıga","Mehdi Fattahi, field notes 2017","223","","","","Kalhuri 100%","Mehdi Fattahi, field notes 2017",34.12666791951476,46.26722042534633,""
"","d1d085176c394bfa8df78bede13f48a9","6-98903ab8a8c9dd1e7f5c40b98e459139","50925","کرمانشاه","Kermānshāh","گیلان غرب","Gilān-e Gharb","گواور","Govāver","","","","Govāver","مزرعه شیرزادی","Mazra'eh-ye Shirzādi","Mazra-y Shērzādī, Khıḷ-ı Shērıga","Mehdi Fattahi, field notes 2017","","(3 or fewer households; population not specified in 2011 Census for reasons of privacy)","","","Kalhuri 100%","Mehdi Fattahi, field notes 2017","","",""
"","d1d085176c394bfa8df78bede13fdd76","8-cf619f1051c01cd7abf68d99aadd6f55","50926","کرمانشاه","Kermānshāh","گیلان غرب","Gilān-e Gharb","گواور","Govāver","","","","Govāver","طایفه خیدان","Tāyefeh-ye Kheydān","Tāyıfa-y Khaydān","Mehdi Fattahi, field notes 2017","","(3 or fewer households; population not specified in 2011 Census for reasons of privacy)","","","Kalhuri 100%","Mehdi Fattahi, field notes 2017",34.07378131555623,46.36744258664888,""
"","d1d085176c394bfa8df78bede13fcdbf","8-967bf117fbea92ca5342479cf3268202","50927","کرمانشاه","Kermānshāh","گیلان غرب","Gilān-e Gharb","گواور","Govāver","","","","Govāver","علیرضاوندی","Alirezāvandi","Alīrızāwanī","Mehdi Fattahi, field notes 2017","59","","","","Kalhuri 100%","Mehdi Fattahi, field notes 2017",34.07906778049313,46.357389667261394,""
"","d1d085176c394bfa8df78bede13fc772","8-7301ca538b35408793b0fea5a53d40c3","50928","کرمانشاه","Kermānshāh","گیلان غرب","Gilān-e Gharb","گواور","Govāver","","","","Govāver","ژاومرگ خلیفه","Zhāv Marg-e Khalifeh","Zhāw Marg-ı Khalīfa","Mehdi Fattahi, field notes 2017","199","","","","Kalhuri 100%","Mehdi Fattahi, field notes 2017",34.04782702429852,46.350113749058494,""
"","d1d085176c394bfa8df78bede13fc462","8-e2fc3833add1912de3eb27be0ef52cb7","50929","کرمانشاه","Kermānshāh","گیلان غرب","Gilān-e Gharb","گواور","Govāver","","","","Govāver","داربادام","Dār Bādām","Dār Bāyām","Mehdi Fattahi, field notes 2017","295","","","","Kalhuri 100%","Mehdi Fattahi, field notes 2017",34.0279626964744,46.399999239664204,""
"","d1d085176c394bfa8df78bede13fc0e2","8-7b645cc258204dcf59e5eb86a7a1a03e","50930","کرمانشاه","Kermānshāh","گیلان غرب","Gilān-e Gharb","گواور","Govāver","","","","Govāver","ژاومرگ محمدمراد","Zhāv Marg-e Mohammad Morād","Zhāw Marg-ı Muhamad Murād","Mehdi Fattahi, field notes 2017","48","","","","Kalhuri 100%","Mehdi Fattahi, field notes 2017",34.050653589766966,46.35069297137384,""
"","d1d085176c394bfa8df78bede13fb799","10-96ecde473dc4902a388c943149b6353c","50931","کرمانشاه","Kermānshāh","گیلان غرب","Gilān-e Gharb","گواور","Govāver","","","","Govāver","ژاومرگ ناوخاص","Zhāv Marg-e Nāvkhās","Zhāw Marg-ı Nāwkhās","Mehdi Fattahi, field notes 2017","171","","","","Kalhuri 100%","Mehdi Fattahi, field notes 2017",34.05040496826598,46.357023119479784,""
"","d1d085176c394bfa8df78bede13fb290","8-469cc1f46adce3370c60265dcff5f6d8","50932","کرمانشاه","Kermānshāh","گیلان غرب","Gilān-e Gharb","گواور","Govāver","","","","Govāver","باپیر سفلی","Bāpir-e Soflā","Bāpīr-ı Sıfḷā, Khıḷ-ı Bāpīr","Mehdi Fattahi, field notes 2017","22","","","","Kalhuri 100%","Mehdi Fattahi, field notes 2017",34.080228779486525,46.25359889304956,""
"","d1d085176c394bfa8df78bede13faf53","8-bdf17483557ae5c0b2fe931646e07388","50933","کرمانشاه","Kermānshāh","گیلان غرب","Gilān-e Gharb","گواور","Govāver","","","","Govāver","سراب قنبر","Sarāb Qanbar","Sarāw Qamar","Mehdi Fattahi, field notes 2017","118","","","","Kalhuri 100%","Mehdi Fattahi, field notes 2017",34.04272516526875,46.29297372138166,""
"","d1d085176c394bfa8df78bede13fad76","8-fc12a2d22f18bae743ee1f2118642d54","50934","کرمانشاه","Kermānshāh","گیلان غرب","Gilān-e Gharb","گواور","Govāver","","","","Govāver","صالحکه","Sālehkeh","Sāḷıga","Mehdi Fattahi, field notes 2017","415","","","","Kalhuri 100%","Mehdi Fattahi, field notes 2017",34.057828154298356,46.27132293021719,""
"","d1d085176c394bfa8df78bede13fa74b","8-2747e5d98954768df68ae8ac709cc0f0","50935","کرمانشاه","Kermānshāh","گیلان غرب","Gilān-e Gharb","گواور","Govāver","","","","Govāver","گرماب محمدرضاوندی","Garm Āb-e Mohammadrezāvandi","Garmāw-ı Muhamadrızāwanī","Mehdi Fattahi, field notes 2017","202","","","","Kalhuri 100%","Mehdi Fattahi, field notes 2017",34.08278796603227,46.25185009277198,""
"","d1d085176c394bfa8df78bede1400e23","8-c1758dfd1fc2ec5addae60bc06b9854d","50936","کرمانشاه","Kermānshāh","گیلان غرب","Gilān-e Gharb","گواور","Govāver","","","","Govāver","میرمنگان سفلی","Mir Mangān-e Soflā","Mīr Mangān-ı Sıfḷā","Mehdi Fattahi, field notes 2017","170","","","","Kalhuri 100%","Mehdi Fattahi, field notes 2017",34.093299368862574,46.221707875116394,""
"","d1d085176c394bfa8df78bede1400e09","8-7413c5d30b42d69eba5acd1d70a1f4da","50937","کرمانشاه","Kermānshāh","گیلان غرب","Gilān-e Gharb","گواور","Govāver","","","","Govāver","میرمنگان علیا","Mir Mangān-e Olyā","Mīr Mangān-ı Ulyā","Mehdi Fattahi, field notes 2017","432","","","","Kalhuri 100%","Mehdi Fattahi, field notes 2017",34.093779148157836,46.238503420714714,""
"","d1d085176c394bfa8df78bede1400b3d","8-e9ccd5ebfb39129fb4655b581b8e98c6","50938","کرمانشاه","Kermānshāh","گیلان غرب","Gilān-e Gharb","گواور","Govāver","سرمست","Sar Mast","","","","","Sar Mas","Mehdi Fattahi, field notes 2017","2858","","","","Kalhuri 100%","Mehdi Fattahi, field notes 2017",34.02660482168349,46.32968981518045,""
"","d1d085176c394bfa8df78bede1400358","6-d476a5e7ceabd0b179402f391bc91338","50939","کرمانشاه","Kermānshāh","گیلان غرب","Gilān-e Gharb","","","","","","","","","","","1264","","","","","","","",""
"","d1d085176c394bfa8df78bede13ffa40","6-fbf0ec940d9fbf610b1dbc12094dca77","50940","کرمانشاه","Kermānshāh","گیلان غرب","Gilān-e Gharb","","","","","","","","","","","1264","","","","","","","",""
"","d1d085176c394bfa8df78bede13ff0a7","6-0a8cb519263f72f34c060cc2d238b4c3","50941","کرمانشاه","Kermānshāh","گیلان غرب","Gilān-e Gharb","","","","","","","","","","","1264","","","","","","","",""
"","d1d085176c394bfa8df78bede13fee02","6-b59e787c0d862634821f094fcc5c6f48","51606","کرمانشاه","Kermānshāh","دالاهو","Dālāhu","","","","","","","","","","","39837","","","","","","","",""
"","d1d085176c394bfa8df78bede13fe69f","6-dde4548ef8bfb2cb114f8a40159f1026","51607","کرمانشاه","Kermānshāh","دالاهو","Dālāhu","گهواره","Gahvāreh","","","","","","","","","17762","","","","","","","",""
"","d1d085176c394bfa8df78bede13fe39e","7-b0d1199bb3bf40b51846adcca26c33dd","51608","کرمانشاه","Kermānshāh","دالاهو","Dālāhu","گهواره","Gahvāreh","","","","Qalkhāni","","","","","8050","","","","","","","",""
"","d1d085176c394bfa8df78bede13fde78","12-30cbd7a37beb1b4d453dcfa049fd7146","51609","کرمانشاه","Kermānshāh","دالاهو","Dālāhu","گهواره","Gahvāreh","","","","Qalkhāni","بان یاران تیمور","Bān Yārān-e Teymur","Bān Yārān Taymūr","Mehdi Fattahi, field notes 2017","70","","","","Gōrāni 100%","Mehdi Fattahi, field notes 2017",34.46830153272241,46.34071859730972,""
"","d1d085176c394bfa8df78bede14063bf","10-c578e34e31b06cc6c6b2f51ab321ade0","51610","کرمانشاه","Kermānshāh","دالاهو","Dālāhu","گهواره","Gahvāreh","","","","Qalkhāni","بان یاران میرزاحسین","Bān Yārān-e Mirzā Hoseyn","Bān Yārān Mirzā Hısayn","Mehdi Fattahi, field notes 2017","45","","","","Gōrāni 100%","Mehdi Fattahi, field notes 2017",34.479927550521275,46.32734141017305,""
"","d1d085176c394bfa8df78bede1405b61","10-c5935ad155077277122653c07379c6e9","51611","کرمانشاه","Kermānshāh","دالاهو","Dālāhu","گهواره","Gahvāreh","","","","Qalkhāni","بی نهر سفلی","Binahr-e Soflā","Bīnar Sufḷā","Mehdi Fattahi, field notes 2017","104","","","","Gōrāni 100%","Mehdi Fattahi, field notes 2017",34.484111216333346,46.289771033019,""
"","d1d085176c394bfa8df78bede1404efc","10-26b47372a98206422c438bea735d4462","51612","کرمانشاه","Kermānshāh","دالاهو","Dālāhu","گهواره","Gahvāreh","","","","Qalkhāni","بی نهر علیا","Binahr-e Olyā","Bīnar Ulyā","Mehdi Fattahi, field notes 2017","231","","","","Gōrāni 100%","Mehdi Fattahi, field notes 2017",34.479317847629346,46.28692789146451,""
"","d1d085176c394bfa8df78bede1404a45","10-c19a6a7ae5d8141dd10a15d1791fe656","51613","کرمانشاه","Kermānshāh","دالاهو","Dālāhu","گهواره","Gahvāreh","","","","Qalkhāni","دره نیجه","Darreh Nijeh","Daṛa Nīja","Mehdi Fattahi, field notes 2017","43","","","","Gōrāni 100%","Mehdi Fattahi, field notes 2017",34.44556633116925,46.27081844768407,""
"","d1d085176c394bfa8df78bede1403da0","10-35d719680eab6011f9c86f888e324e0a","51614","کرمانشاه","Kermānshāh","دالاهو","Dālāhu","گهواره","Gahvāreh","","","","Qalkhāni","درویت","Darvit","Darwīt","Mehdi Fattahi, field notes 2017","244","","","","Gōrāni 100%","Mehdi Fattahi, field notes 2017",34.42786023936204,46.289046740146965,""
"","d1d085176c394bfa8df78bede14030bb","10-7f58c38f50843779968ee1b1118c4ead","51615","کرمانشاه","Kermānshāh","دالاهو","Dālāhu","گهواره","Gahvāreh","","","","Qalkhāni","علی بارانی","Ali Bārāni","Alī Wārānī","Mehdi Fattahi, field notes 2017","237","","","","Gōrāni 100%","Mehdi Fattahi, field notes 2017",34.47727483371879,46.27477212020956,""
"","d1d085176c394bfa8df78bede1402bc9","12-734b09c063f5b6b4d7d3bb80f6da3c0b","51616","کرمانشاه","Kermānshāh","دالاهو","Dālāhu","گهواره","Gahvāreh","","","","Qalkhāni","گورگاورز","Gorgāvarz","Gūrgāwarz","Mehdi Fattahi, field notes 2017","139","","","","Gōrāni 100%","Mehdi Fattahi, field notes 2017",34.46374634312667,46.288263631554045,""
"","d1d085176c394bfa8df78bede1402024","10-2ac419258c55506cf032e6ca56a129cd","51617","کرمانشاه","Kermānshāh","دالاهو","Dālāhu","گهواره","Gahvāreh","","","","Qalkhāni","مله یعقوب","Meleh Ya'qub","Mıla Yahqū","Mehdi Fattahi, field notes 2017","60","","","","Gōrāni 100%","Mehdi Fattahi, field notes 2017",34.45312920789701,46.32316819981439,""
"","d1d085176c394bfa8df78bede14017a5","10-ac2748da0bec1fc4c0cffedf97f8b599","51618","کرمانشاه","Kermānshāh","دالاهو","Dālāhu","گهواره","Gahvāreh","","","","Qalkhāni","بروند سفلی","Baravand-e Soflā","Bıṛawan Sufḷā","Mehdi Fattahi, field notes 2017","327","","","","Gōrāni 100%","Mehdi Fattahi, field notes 2017",34.49436434272437,46.22917734052963,""
"","d1d085176c394bfa8df78bede14016f4","10-edf3e4bb3d672c7ee75e5ac1334f28af","51619","کرمانشاه","Kermānshāh","دالاهو","Dālāhu","گهواره","Gahvāreh","","","","Qalkhāni","بروند علیا","Baravand-e Olyā","Bıṛawan Ulyā","Mehdi Fattahi, field notes 2017","71","","","","Gōrāni 100%","Mehdi Fattahi, field notes 2017",34.51376771412371,46.21516458136155,""
"","d1d085176c394bfa8df78bede140a4ae","10-65f63d46b30b57ee44ed803daa6b835c","51620","کرمانشاه","Kermānshāh","دالاهو","Dālāhu","گهواره","Gahvāreh","","","","Qalkhāni","بیامه سفلی","Biāmeh-ye Soflā","Bīyāma-y Sufḷā","Mehdi Fattahi, field notes 2017","346","","","","Gōrāni 100%","Mehdi Fattahi, field notes 2017",34.50459088196173,46.259862783293144,""
"","d1d085176c394bfa8df78bede1409bf4","10-7f7347dcdebcf8a2afd29c72a515c1fd","51621","کرمانشاه","Kermānshāh","دالاهو","Dālāhu","گهواره","Gahvāreh","","","","Qalkhāni","بیامه علیا","Biāmeh-ye Olyā","Bīyāma-y Ulyā","Mehdi Fattahi, field notes 2017","159","","","","Gōrāni 100%","Mehdi Fattahi, field notes 2017",34.514292497187064,46.24340972569157,""
"","d1d085176c394bfa8df78bede140959a","10-6e82ad6a2a804c964bef338409d0ac62","51622","کرمانشاه","Kermānshāh","دالاهو","Dālāhu","گهواره","Gahvāreh","","","","Qalkhāni","بریشاه خوبیار","Bari Shāh-e Khubyār","Baṛa Shā-y Khūbyār","Mehdi Fattahi, field notes 2017","252","","","","Gōrāni 100%","Mehdi Fattahi, field notes 2017",34.526567708564734,46.20289079291118,""
"","d1d085176c394bfa8df78bede14092f8","10-e7c130744cd5c707369108c292fdc6af","51623","کرمانشاه","Kermānshāh","دالاهو","Dālāhu","گهواره","Gahvāreh","","","","Qalkhāni","باباکوسه سفلی","Bābā Kuseh-ye Soflā","Bāwa Kūsa-y Sufḷā","Mehdi Fattahi, field notes 2017","75","","","","Gōrāni 100%","Mehdi Fattahi, field notes 2017",34.57075219102595,46.40022595752394,""
"","d1d085176c394bfa8df78bede1408ea1","10-b16b649bf5b425c05c85394fabe21b90","51624","کرمانشاه","Kermānshāh","دالاهو","Dālāhu","گهواره","Gahvāreh","","","","Qalkhāni","باباکوسه علیا","Bābā Kuseh-ye Olyā","Bāwa Kūsa-y Ulyā","Mehdi Fattahi, field notes 2017","117","","","","Gōrāni 100%","Mehdi Fattahi, field notes 2017",34.5778149969675,46.41508003104617,""
"","d1d085176c394bfa8df78bede1408af1","10-bf7e300a46f987c8a0ce569d389b5d4f","51625","کرمانشاه","Kermānshāh","دالاهو","Dālāhu","گهواره","Gahvāreh","","","","Qalkhāni","بان سوله شیرزاد","Bān Suleh-ye Shirzād","Bān Sūla-y Shīrzād","Mehdi Fattahi, field notes 2017","15","","","","Gōrāni 100%","Mehdi Fattahi, field notes 2017",34.51207974730608,46.38469074483858,""
"","d1d085176c394bfa8df78bede1407d72","12-29ff13bb737436084741ce08b0183e50","51626","کرمانشاه","Kermānshāh","دالاهو","Dālāhu","گهواره","Gahvāreh","","","","Qalkhāni","بان سولاب شیرمحمد","Bān Sulāb-e Shir Mohammad","Bān Sūlāw Shīr Muhamad","Mehdi Fattahi, field notes 2017","","(3 or fewer households; population not specified in 2011 Census for reasons of privacy)","","","Gōrāni 100%","Mehdi Fattahi, field notes 2017",34.5362955922038,46.35050388312658,""
"","d1d085176c394bfa8df78bede140720d","10-678936c14a1d83b475dcd952ebe37fc4","51627","کرمانشاه","Kermānshāh","دالاهو","Dālāhu","گهواره","Gahvāreh","","","","Qalkhāni","بان شیروان تفنگچی","Bān Shirvān-e Tofangchi","Bān Shērwān-ı Tufangchī","Mehdi Fattahi, field notes 2017","62","","","","Gōrāni 100%","Mehdi Fattahi, field notes 2017",34.5362934303962,46.3231569302569,""
"","d1d085176c394bfa8df78bede1406cc7","8-527c9f462938e393b2c2da88f76543b7","51628","کرمانشاه","Kermānshāh","دالاهو","Dālāhu","گهواره","Gahvāreh","","","","Qaḷkhāni","بیراق وند","Beyrāqvand","Bayrāqwan","Mehdi Fattahi, field notes 2017","374","","","","Gōrāni 100%","Mehdi Fattahi, field notes 2017",34.55726847631454,46.358163684741946,""
"","d1d085176c394bfa8df78bede1406a9a","10-d273d044832e8fb2efe5c7e9638804ff","51629","کرمانشاه","Kermānshāh","دالاهو","Dālāhu","گهواره","Gahvāreh","","","","Qalkhāni","تازه آباد شایگان","Tāzeh Ābād-e Shāygān","Tāza Āwā-y Shāygān","Mehdi Fattahi, field notes 2017","","(3 or fewer households; population not specified in 2011 Census for reasons of privacy)","","","Gōrāni 100%","Mehdi Fattahi, field notes 2017",34.525693624324724,46.39090674631926,""
"","d1d085176c394bfa8df78bede14105ae","14-1801f24245c1f99e915ee56ab73a586b","51630","کرمانشاه","Kermānshāh","دالاهو","Dālāhu","گهواره","Gahvāreh","","","","Qalkhāni","کامران مولایی","Kāmrān-e Mowlāi","Kāmrān-ı Mawlāyī","Mehdi Fattahi, field notes 2017","38","","","","Gōrāni 100%","Mehdi Fattahi, field notes 2017",34.5252605029484,46.40534775965255,""
"","d1d085176c394bfa8df78bede140f738","10-3a99dbc5c40997335e5cb82346dc1fbc","51631","کرمانشاه","Kermānshāh","دالاهو","Dālāhu","گهواره","Gahvāreh","","","","Qalkhāni","درمران سفلی","Darmarān-e Soflā","Daṛmaṛān Sufḷā","Mehdi Fattahi, field notes 2017","138","","","","Gōrāni 100%","Mehdi Fattahi, field notes 2017",34.586383801041904,46.336404516005736,""
"","d1d085176c394bfa8df78bede140e796","10-99db77197924a20117008c82264645bb","51632","کرمانشاه","Kermānshāh","دالاهو","Dālāhu","گهواره","Gahvāreh","","","","Qalkhāni","درمران علیا","Darmarān-e Olyā","Daṛmaṛān Ulyā","Mehdi Fattahi, field notes 2017","61","","","","Gōrāni 100%","Mehdi Fattahi, field notes 2017",34.571777556277326,46.354976105363235,""
"","d1d085176c394bfa8df78bede140dbb8","10-d8ad4966f9a111fc971bbdbb7dae5f82","51633","کرمانشاه","Kermānshāh","دالاهو","Dālāhu","گهواره","Gahvāreh","","","","Qalkhāni","کامران بیگ رضا","Kāmrān-e Beyg Rezā","Kāmrān-ı Bayg Ṛazā","Mehdi Fattahi, field notes 2017","177","","","","Gōrāni 100%","Mehdi Fattahi, field notes 2017",34.52694719854608,46.39643344295986,""
"","d1d085176c394bfa8df78bede140db78","10-dba1743744b0e063017c3aa81f86d72c","51634","کرمانشاه","Kermānshāh","دالاهو","Dālāhu","گهواره","Gahvāreh","","","","Qalkhāni","کامران رحمان","Kāmrān-e Rahmān","Kāmrān-ı Ṛahmān","Mehdi Fattahi, field notes 2017","82","","","","Gōrāni 100%","Mehdi Fattahi, field notes 2017",34.53519362921313,46.38434740914123,""
"","d1d085176c394bfa8df78bede140d235","12-3469ec8a7e9ed5a70502ef608217e09e","51635","کرمانشاه","Kermānshāh","دالاهو","Dālāhu","گهواره","Gahvāreh","","","","Qalkhāni","بانی بید","Bāni Bid","Bān Wē","Mehdi Fattahi, field notes 2017","276","","","","Gōrāni 100%","Mehdi Fattahi, field notes 2017",34.55984051308772,46.307629492417554,""
"","d1d085176c394bfa8df78bede140c95b","10-a65ba1bfbb209410c13e1e5af3180dd7","51636","کرمانشاه","Kermānshāh","دالاهو","Dālāhu","گهواره","Gahvāreh","","","","Qalkhāni","بان سولاب کلب علی","Bān Sulāb-e Kalb Ali","Bān Sūḷāw Kalb Alī","Mehdi Fattahi, field notes 2017","58","","","","Gōrāni 100%","Mehdi Fattahi, field notes 2017",34.511925144821184,46.35080992487145,""
"","d1d085176c394bfa8df78bede140bd6f","10-3b18f086b3a81315c745cc516a5d63c2","51637","کرمانشاه","Kermānshāh","دالاهو","Dālāhu","گهواره","Gahvāreh","","","","Qalkhāni","بان سولاب حاتم","Bān Sulāb-e Hātam","Bān Sūḷāw Hātam","Mehdi Fattahi, field notes 2017","156","","","","Gōrāni 100%","Mehdi Fattahi, field notes 2017",34.53744733471224,46.32261363608291,""
"","d1d085176c394bfa8df78bede140b3d0","10-f506e8e6fea0700be534bfeb93ab7fbd","51638","کرمانشاه","Kermānshāh","دالاهو","Dālāhu","گهواره","Gahvāreh","","","","Qalkhāni","بان سولاب ناوخاص","Bān Sulāb-e Nāvkhās","Bān Sūḷāw Nāwkhās","Mehdi Fattahi, field notes 2017","23","","","","Gōrāni 100%","Mehdi Fattahi, field notes 2017",34.53749594337428,46.337424794259704,""
"","d1d085176c394bfa8df78bede140adb5","10-66189afdf32209e555d519dd415c8d3f","51639","کرمانشاه","Kermānshāh","دالاهو","Dālāhu","گهواره","Gahvāreh","","","","Qalkhāni","بریشاه بیگ مراد","Bari Shāh-e Beyg Morād","Baṛē Shē-y Bayg Murād","Mehdi Fattahi, field notes 2017","91","","","","Gōrāni 100%","Mehdi Fattahi, field notes 2017",34.496966608475574,46.31935846724664,""
"","d1d085176c394bfa8df78bede1415e3a","10-690ff12b35ba080a2532e51dbd7b1807","51640","کرمانشاه","Kermānshāh","دالاهو","Dālāhu","گهواره","Gahvāreh","","","","Qalkhāni","بیله هو سفلی","Beylehu-ye Soflā","Baylahū Sufḷā","Mehdi Fattahi, field notes 2017","49","","","","Gōrāni 100%","Mehdi Fattahi, field notes 2017",34.49407735764657,46.30136889138683,""
"","d1d085176c394bfa8df78bede141578d","10-728c7ab60ecc5e3ae8cb2d40f536f203","51641","کرمانشاه","Kermānshāh","دالاهو","Dālāhu","گهواره","Gahvāreh","","","","Qalkhāni","بیله هو علیا","Beylehu-ye Olyā","Baylahū Ulyā","Mehdi Fattahi, field notes 2017","65","","","","Gōrāni 100%","Mehdi Fattahi, field notes 2017",34.494921816215886,46.2965140930703,""
"","d1d085176c394bfa8df78bede1415527","10-efce14b653717b505baaa78c49b09d10","51642","کرمانشاه","Kermānshāh","دالاهو","Dālāhu","گهواره","Gahvāreh","","","","Qalkhāni","زاوله سفلی","Zāvoleh-ye Soflā","Zāwıḷa-y Sufḷā","Mehdi Fattahi, field notes 2017","122","","","","Gōrāni 100%","Mehdi Fattahi, field notes 2017",34.50255584191854,46.28190490998645,""
"","d1d085176c394bfa8df78bede1415057","10-3e0d6c7a2e0b422bd5bdab13d9aabaa6","51643","کرمانشاه","Kermānshāh","دالاهو","Dālāhu","گهواره","Gahvāreh","","","","Qalkhāni","زاوله علیا","Zāvoleh-ye Olyā","Zāwıḷa-y Ulyā","Mehdi Fattahi, field notes 2017","192","","","","Gōrāni 100%","Mehdi Fattahi, field notes 2017",34.50321635556719,46.27655297969596,""
"","d1d085176c394bfa8df78bede1414a97","10-46e36854dc13a95a6a9728551b9e9699","51644","کرمانشاه","Kermānshāh","دالاهو","Dālāhu","گهواره","Gahvāreh","","","","Qalkhāni","دومی زر","Domizar","Dumīzar","Mehdi Fattahi, field notes 2017","66","","","","Gōrāni 100%","Mehdi Fattahi, field notes 2017",34.49808072282914,46.27835822024967,""
"","d1d085176c394bfa8df78bede1413caf","10-49b042ee1a5b1ced395dec1adb135f17","51645","کرمانشاه","Kermānshāh","دالاهو","Dālāhu","گهواره","Gahvāreh","","","","Qalkhāni","داره رش محمدسلطان","Dāreh Rash-e Mohammad Soltān","Dāra Ṛash-ı Muhammad Suḷtān","Mehdi Fattahi, field notes 2017","218","","","","Gōrāni 100%","Mehdi Fattahi, field notes 2017",34.53206128371471,46.29690065636119,""
"","d1d085176c394bfa8df78bede1412f1a","14-8861cbff9971f564994c6f69251c9903","51646","کرمانشاه","Kermānshāh","دالاهو","Dālāhu","گهواره","Gahvāreh","","","","Qalkhāni","دیوگه بی بیان","Divegeh-ye Bibayān","Dēwaga-y Bēbayān","Mehdi Fattahi, field notes 2017","214","","","","Gōrāni 100%","Mehdi Fattahi, field notes 2017",34.56886186617332,46.21877330060234,""
"","d1d085176c394bfa8df78bede1412b4f","10-9522dd5c7f0b1ec61c1283c5892e3022","51647","کرمانشاه","Kermānshāh","دالاهو","Dālāhu","گهواره","Gahvāreh","","","","Qalkhāni","خیل سبزه","Kheyl-e Sabzeh","Khıḷ-ı Sawza","Mehdi Fattahi, field notes 2017","33","","","","Gōrāni 100%","Mehdi Fattahi, field notes 2017",34.55406627215533,46.27485289826231,""
"","d1d085176c394bfa8df78bede1411dbe","12-3e92aad049af9a6c4bddf6f1e15aea29","51648","کرمانشاه","Kermānshāh","دالاهو","Dālāhu","گهواره","Gahvāreh","","","","Qalkhāni","خیل موالی نجف","Kheyl-e Mavāli Najaf","Khıḷ-ı Mawālī Najaf","Mehdi Fattahi, field notes 2017","122","","","","Gōrāni 100%","Mehdi Fattahi, field notes 2017",34.56014975722425,46.28297462715683,""
"","d1d085176c394bfa8df78bede1411529","10-d663cfe2f4f0d2008a71ba426b8dcf2c","51649","کرمانشاه","Kermānshāh","دالاهو","Dālāhu","گهواره","Gahvāreh","","","","Qalkhāni","دنگه خدایار","Dangeh-ye Khodāyār","Danga-y Khūwāyār","Mehdi Fattahi, field notes 2017","59","","","","Gōrāni 100%","Mehdi Fattahi, field notes 2017",34.55895474316469,46.279195394656746,""
"","d1d085176c394bfa8df78bede141b8e6","10-39c7847fae4051f8724a64ccbc666c27","51650","کرمانشاه","Kermānshāh","دالاهو","Dālāhu","گهواره","Gahvāreh","","","","Qalkhāni","دوشمیان","Doshamiān","Dushamīyān","Mehdi Fattahi, field notes 2017","660","","","","Gōrāni 100%","Mehdi Fattahi, field notes 2017",34.562767241895386,46.243913617277855,""
"","d1d085176c394bfa8df78bede141b1ef","10-050758d2db9ac6590077dfe35bb3c5ea","51651","کرمانشاه","Kermānshāh","دالاهو","Dālāhu","گهواره","Gahvāreh","","","","Qalkhāni","شویل صادق خان","Shoveyl-e Sādeq Khān","Shūwayl-ı Sādıq Khān","Mehdi Fattahi, field notes 2017","177","","","","Gōrāni 100%","Mehdi Fattahi, field notes 2017",34.576568323098854,46.235975712031404,""
"","d1d085176c394bfa8df78bede141a50b","16-aa1b5bf2fe0afd213ae7a90c2535dcdb","51652","کرمانشاه","Kermānshāh","دالاهو","Dālāhu","گهواره","Gahvāreh","","","","Qalkhāni","قلعه زنجیر سفلی","Qal'eh Zanjir-e Soflā","Qaḷā Zanjīr-ı Sufḷā","Mehdi Fattahi, field notes 2017","170","","","","Gōrāni 100%","Mehdi Fattahi, field notes 2017",34.5996166591328,46.22516773781659,""
"","d1d085176c394bfa8df78bede141995c","14-cfe89b9b5030957ba108515b6a20adf3","51653","کرمانشاه","Kermānshāh","دالاهو","Dālāhu","گهواره","Gahvāreh","","","","Qalkhāni","گزن","Gazan","Gazan","Mehdi Fattahi, field notes 2017","122","","","","Gōrāni 100%","Mehdi Fattahi, field notes 2017",34.58979563304544,46.23405121407266,""
"","d1d085176c394bfa8df78bede1418b26","14-298d491b1040e4d2683bab171bf84a44","51654","کرمانشاه","Kermānshāh","دالاهو","Dālāhu","گهواره","Gahvāreh","","","","Qalkhāni","کارخانه ایل رستم","Kārkhāneh-ye Il-e Rostam","Kārkhāna-y Īl-ı Ṛustam","Mehdi Fattahi, field notes 2017","633","","","","Gōrāni 100%","Mehdi Fattahi, field notes 2017",34.61350678529938,46.208895771497914,""
"","d1d085176c394bfa8df78bede1418aef","10-95d83f71295e75225a9b52952d130928","51655","کرمانشاه","Kermānshāh","دالاهو","Dālāhu","گهواره","Gahvāreh","","","","Qalkhāni","چالاب قتگه بارس","Chālāb-e Qatgeh-ye Pārs","Chālāw Qatga-y Pārs","Mehdi Fattahi, field notes 2017","","(3 or fewer households; population not specified in 2011 Census for reasons of privacy)","","","Gōrāni 100%","Mehdi Fattahi, field notes 2017",34.59318742958521,46.26946577378549,""
"","d1d085176c394bfa8df78bede14188fe","12-9156e76dd4f84bff674e9e4f6e5ece13","51656","کرمانشاه","Kermānshāh","دالاهو","Dālāhu","گهواره","Gahvāreh","","","","Qalkhāni","دشت مورت سفلی","Dasht-e Murt-e Soflā","Dasht Mūrt-ı Sufḷā","Mehdi Fattahi, field notes 2017","211","","","","Gōrāni 100%","Mehdi Fattahi, field notes 2017",34.640152374481076,46.253167267386736,""
"","d1d085176c394bfa8df78bede1418400","14-40aa9f5c93a1fd3729fa93ecbf18ff33","51657","کرمانشاه","Kermānshāh","دالاهو","Dālāhu","گهواره","Gahvāreh","","","","Qalkhāni","دشت مورت علیا","Dasht-e Murt-e Olyā","Dasht Mūrt-ı Ulyā","Mehdi Fattahi, field notes 2017","94","","","","Gōrāni 100%","Mehdi Fattahi, field notes 2017",34.62346616956808,46.26207933078129,""
"","d1d085176c394bfa8df78bede14175e9","10-92c9c67817cb4746edcf4a57c6e22913","51658","کرمانشاه","Kermānshāh","دالاهو","Dālāhu","گهواره","Gahvāreh","","","","Qalkhāni","زاغه دشت مورت","Zāgheh-ye Dasht-e Murt","Zāqa-y Dasht Mūrt","Mehdi Fattahi, field notes 2017","120","","","","Gōrāni 100%","Mehdi Fattahi, field notes 2017",34.65856350129428,46.239262695856006,""
"","d1d085176c394bfa8df78bede1416a17","9-754813c019c6e0f52b802793870388db","51659","کرمانشاه","Kermānshāh","دالاهو","Dālāhu","گهواره","Gahvāreh","","","","Qalkhāni","قلعه زنجیرعلیا","Qal'eh Zanjir-e Olyā","Qaḷā Zanjīr-ı Ulyā","Mehdi Fattahi, field notes 2017","332","","","","Gōrāni 100%","Mehdi Fattahi, field notes 2017",34.60386846879122,46.21890034964827,""
"","d1d085176c394bfa8df78bede1420cba","10-56760942dd44af7e3d79ccb35ef40086","51660","کرمانشاه","Kermānshāh","دالاهو","Dālāhu","گهواره","Gahvāreh","","","","Qalkhāni","گردکان کوره شهباز","Gerdakān Kureh-ye Shahbāz","Gırdakān Kūra-y Shāwāz","Mehdi Fattahi, field notes 2017","296","","","","Gōrāni 100%","Mehdi Fattahi, field notes 2017",34.62648566279321,46.20978626489124,""
"","d1d085176c394bfa8df78bede14203aa","6-8367d24b88afe395827c8cfea2776479","51661","کرمانشاه","Kermānshāh","دالاهو","Dālāhu","گهواره","Gahvāreh","","","","Gurāni","","","","","5093","","","","","","","",""
"","d1d085176c394bfa8df78bede141fde6","10-1bbbcfa7ed8c560ac052efd81e4d0387","51662","کرمانشاه","Kermānshāh","دالاهو","Dālāhu","گهواره","Gahvāreh","","","","Gurāni","قلعه قاضی پشت بند","Qal'eh Qāzi-ye Posht Band","Qaḷā Qāzī Pusht Ban","Mehdi Fattahi, field notes 2017","93","","","","Gōrāni 100%","Mehdi Fattahi, field notes 2017",34.34465893995356,46.50308141499601,""
"","d1d085176c394bfa8df78bede141f370","8-f81ba3f1b62e47144a943a5f5392f33e","51663","کرمانشاه","Kermānshāh","دالاهو","Dālāhu","گهواره","Gahvāreh","","","","Gurāni","توکان","Tukān","Tükān","Mehdi Fattahi, field notes 2017","64","","","","Gōrāni 100%","Mehdi Fattahi, field notes 2017",34.3760837602056,46.468422557390696,""
"","d1d085176c394bfa8df78bede141e715","8-f491030631814490b607ebad81c23816","51664","کرمانشاه","Kermānshāh","دالاهو","Dālāhu","گهواره","Gahvāreh","","","","Gurāni","چغا بور دارابی","Choghā Bur-e Dārābi","Chīyā Būr-ı Dārābī","Mehdi Fattahi, field notes 2017","84","","","","Gōrāni 100%","Mehdi Fattahi, field notes 2017",34.334064370796945,46.51107301614205,""
"","d1d085176c394bfa8df78bede141d81f","8-2271a5aea6bc9a1a533ba8f0405db4bd","51665","کرمانشاه","Kermānshāh","دالاهو","Dālāhu","گهواره","Gahvāreh","","","","Gurāni","چغاربور رحمان","Choghā Bur-e Rahmān","Chīyā Būr-ı Ṛāmān","Mehdi Fattahi, field notes 2017","104","","","","Gōrāni 100%","Mehdi Fattahi, field notes 2017",34.350022312040934,46.46638675887253,""
"","d1d085176c394bfa8df78bede141d77d","10-d8dfa339f94fc0257c4ec938101460b3","51666","کرمانشاه","Kermānshāh","دالاهو","Dālāhu","گهواره","Gahvāreh","","","","Gurāni","چغابورعیسی","Choghā Bur-e Isā","Chīyā Būr-ı Īsā","Mehdi Fattahi, field notes 2017","","(3 or fewer households; population not specified in 2011 Census for reasons of privacy)","","","Gōrāni 100%","Mehdi Fattahi, field notes 2017",34.33307819286259,46.49676074884056,""
"","d1d085176c394bfa8df78bede141ca33","8-6b276d451ee888509d629a117bc1f044","51667","کرمانشاه","Kermānshāh","دالاهو","Dālāhu","گهواره","Gahvāreh","","","","Gurāni","چغابورکاکی","Choghā Bur-e Kāki","Chīyā Būr-ı Kākī","Mehdi Fattahi, field notes 2017","55","","","","Gōrāni 100%","Mehdi Fattahi, field notes 2017",34.33597799601344,46.47957315347549,""
"","d1d085176c394bfa8df78bede141c184","8-2e0bc47f381dd705f02ea4ef665e46dd","51668","کرمانشاه","Kermānshāh","دالاهو","Dālāhu","گهواره","Gahvāreh","","","","Gurāni","قلعه قاضی سفلی","Qal'eh Qazi-ye Soflā","Qaḷā Qāzī Sufḷā","Mehdi Fattahi, field notes 2017","118","","","","Gōrāni 100%","Mehdi Fattahi, field notes 2017",34.343649777232116,46.49399270913875,""
"","d1d085176c394bfa8df78bede141bb7c","8-249e2957812d8e4b075ed7a384c9815b","51669","کرمانشاه","Kermānshāh","دالاهو","Dālāhu","گهواره","Gahvāreh","","","","Gurāni","قلعه قاضی علیا","Qaḷ'eh Qazi-ye Olyā","Qaḷā Qāzī Ulyā","Mehdi Fattahi, field notes 2017","27","","","","Gōrāni 100%","Mehdi Fattahi, field notes 2017",34.35163474834195,46.50466679109989,""
"","d1d085176c394bfa8df78bede1426805","8-7b2bfb8610310b7a0a379da26c4bbd5d","51670","کرمانشاه","Kermānshāh","دالاهو","Dālāhu","گهواره","Gahvāreh","","","","Gurāni","کچکبل سفلی","Kochekbal-e Soflā","Kuchıkbal-ı Sufḷā","Mehdi Fattahi, field notes 2017","103","","","","Gōrāni 100%","Mehdi Fattahi, field notes 2017",34.38385812167038,46.46672203687493,""
"","d1d085176c394bfa8df78bede142620a","8-88dcfbe18c35d591ccc5c4500cfa4218","51671","کرمانشاه","Kermānshāh","دالاهو","Dālāhu","گهواره","Gahvāreh","","","","Gurāni","کچکبل علیا","Kochekbal-e Olyā","Kuchıkbal-ı Ulyā","Mehdi Fattahi, field notes 2017","166","","","","Gōrāni 100%","Mehdi Fattahi, field notes 2017",34.38317634435665,46.472386862313904,""
"","d1d085176c394bfa8df78bede1425f2c","10-9118291944c019fea448cf183e10bd09","51672","کرمانشاه","Kermānshāh","دالاهو","Dālāhu","گهواره","Gahvāreh","","","","Gurāni","کنه رشید الگه","Kaneh Rashid-e Alegeh","Kana Ṛashī-yı Alıga","Mehdi Fattahi, field notes 2017","56","","","","Gōrāni 100%","Mehdi Fattahi, field notes 2017",34.42273365581657,46.46839031237615,""
"","d1d085176c394bfa8df78bede1425394","8-cee4c791eeb3a7322243bd0e92ce563b","51673","کرمانشاه","Kermānshāh","دالاهو","Dālāhu","گهواره","Gahvāreh","","","","Gurāni","کنه رشید باباخان","Kaneh Rashid-e Bābā Khān","Kana Ṛashī-yı Bāwa Khān","Mehdi Fattahi, field notes 2017","38","","","","Gōrāni 100%","Mehdi Fattahi, field notes 2017",34.41928578882989,46.47067765315705,""
"","d1d085176c394bfa8df78bede1424491","8-cd25252ba508aecdd1d28bda55cf5c25","51674","کرمانشاه","Kermānshāh","دالاهو","Dālāhu","گهواره","Gahvāreh","","","","Gurāni","کنه رشید عرب","Kaneh Rashid-e Arab","Kana Ṛashī-yı Arab","Mehdi Fattahi, field notes 2017","44","","","","Gōrāni 100%","Mehdi Fattahi, field notes 2017",34.405232279678984,46.47066960653023,""
"","d1d085176c394bfa8df78bede1423e28","8-b133f68ac3200eca906e553b3cd1320b","51675","کرمانشاه","Kermānshāh","دالاهو","Dālāhu","گهواره","Gahvāreh","","","","Gurāni","مله کبود","Meleh Kabud","Mıla Kaw","Mehdi Fattahi, field notes 2017","75","","","","Gōrāni 100%","Mehdi Fattahi, field notes 2017",34.415484426994865,46.49109999259374,""
"","d1d085176c394bfa8df78bede142307f","8-2818e9da31527b0f03b4716909f56a29","51676","کرمانشاه","Kermānshāh","دالاهو","Dālāhu","گهواره","Gahvāreh","","","","Gurāni","نیلک","Neylak","Naylık","Mehdi Fattahi, field notes 2017","205","","","","Gōrāni 100%","Mehdi Fattahi, field notes 2017",34.30186006796846,46.42553301775324,""
"","d1d085176c394bfa8df78bede14229af","8-59b23c7f6990c35dc16f38a827ecee0a","51677","کرمانشاه","Kermānshāh","دالاهو","Dālāhu","گهواره","Gahvāreh","","","","Gurāni","هیورود","Hivo Rud","Hüẅarū","Mehdi Fattahi, field notes 2017","44","","","","Gōrāni 100%","Mehdi Fattahi, field notes 2017",34.3105692899503,46.4461521740667,""
"","d1d085176c394bfa8df78bede14224ac","6-3c1c31b0b516b4b835f62cdfa8d4bd5d","51678","کرمانشاه","Kermānshāh","دالاهو","Dālāhu","گهواره","Gahvāreh","","","","Gurāni","مجتمع گاو شیری گهواره","Mojtama'-e Gāv-e Shiri-ye Gahvāreh","Mushtama-y Gāw-ı Shīrī-yı Gāwāra","Mehdi Fattahi, field notes 2017","20","","","","Gōrāni 100%","Mehdi Fattahi, field notes 2017","","",""
"","d1d085176c394bfa8df78bede1421997","8-8d7ed6e7a1b5f90a4361275d4a9af8f4","51679","کرمانشاه","Kermānshāh","دالاهو","Dālāhu","گهواره","Gahvāreh","","","","Gurāni","باباشاه احمد","Bābā Shāh Ahmad","Bāwa Shāma","Mehdi Fattahi, field notes 2017","109","","","","Gōrāni 100%","Mehdi Fattahi, field notes 2017",34.35145993761515,46.387467280369755,""
"","d1d085176c394bfa8df78bede142c317","8-5921d9d8005dbe36fda612496f3ccaa5","51680","کرمانشاه","Kermānshāh","دالاهو","Dālāhu","گهواره","Gahvāreh","","","","Gurāni","بریه خانی","Beryeh Khāni","Bırya Khānī","Mehdi Fattahi, field notes 2017","158","","","","Gōrāni 100%","Mehdi Fattahi, field notes 2017",34.28789101256246,46.39980526888563,""
"","d1d085176c394bfa8df78bede142b747","8-2fc2be0b19bf2f27a7c4afbf0c930b04","51681","کرمانشاه","Kermānshāh","دالاهو","Dālāhu","گهواره","Gahvāreh","","","","Gurāni","توتشامی","Tut Shāmi","Tü Shāmī","Mehdi Fattahi, field notes 2017","296","","","","Gōrāni 100%","Mehdi Fattahi, field notes 2017",34.36344637124145,46.33544451918901,""
"","d1d085176c394bfa8df78bede142ad6d","8-650ba59df08c05ba228b4a59b48ec3b1","51682","کرمانشاه","Kermānshāh","دالاهو","Dālāhu","گهواره","Gahvāreh","","","","Gurāni","صفرشاه","Safar Shāh","Safar Shā","Mehdi Fattahi, field notes 2017","245","","","","Gōrāni 100%","Mehdi Fattahi, field notes 2017",34.30852537179727,46.370496503419226,""
"","d1d085176c394bfa8df78bede142a32a","8-a6266f78506d729aad6cf387f804f493","51683","کرمانشاه","Kermānshāh","دالاهو","Dālāhu","گهواره","Gahvāreh","","","","Gurāni","گوراجوب زیدعلی","Gowrā Jub-e Zeyd Ali","Gawra Jū Zayd Alī","Mehdi Fattahi, field notes 2017","44","","","","Gōrāni 100%","Mehdi Fattahi, field notes 2017",34.34019349290621,46.355957214442356,""
"","d1d085176c394bfa8df78bede142997e","8-31341f5c1587ccf51e473b61027fb721","51684","کرمانشاه","Kermānshāh","دالاهو","Dālāhu","گهواره","Gahvāreh","","","","Gurāni","گوراجوب قشلاق","Gowrā Jub-e Qeshlāq","Gawra Jū Qıshlākh Qıshḷākh","Mehdi Fattahi, field notes 2017","12","","","","Gōrāni 100%","Mehdi Fattahi, field notes 2017",34.3306259348442,46.37063726147146,""
"","d1d085176c394bfa8df78bede142941f","8-905eb1487cb9d914f74d6775129b82fe","51685","کرمانشاه","Kermānshāh","دالاهو","Dālāhu","گهواره","Gahvāreh","","","","Gurāni","گوراجوب باباکرم","Gowrā Jub-e Bābā Karam","Gawra Jū Bāwa Karam","Mehdi Fattahi, field notes 2017","117","","","","Gōrāni 100%","Mehdi Fattahi, field notes 2017",34.3374300161667,46.36123880108465,""
"","d1d085176c394bfa8df78bede1428564","8-68aa43b12cc7facb31f38b38b847a7aa","51686","کرمانشاه","Kermānshāh","دالاهو","Dālāhu","گهواره","Gahvāreh","","","","Gurāni","گوراجوب مرادبیگ","Gowrā Jub-e Morād Beyg","Gawra Jū Mırā-y Bayg","Mehdi Fattahi, field notes 2017","87","","","","Gōrāni 100%","Mehdi Fattahi, field notes 2017",34.32112575194118,46.35869236911052,""
"","d1d085176c394bfa8df78bede1427938","8-9869b91498fe2a974951f1607d88bc51","51687","کرمانشاه","Kermānshāh","دالاهو","Dālāhu","گهواره","Gahvāreh","","","","Gurāni","ویله","Veyleh","Wayla","Mehdi Fattahi, field notes 2017","73","","","","Gōrāni 100%","Mehdi Fattahi, field notes 2017",34.37874050976665,46.35887146781873,""
"","d1d085176c394bfa8df78bede142766c","8-80600561a60c7f7c65a10722431afd4f","51688","کرمانشاه","Kermānshāh","دالاهو","Dālāhu","گهواره","Gahvāreh","","","","Gurāni","بان نخود","Bān Nokhod","Bān Nukha","Mehdi Fattahi, field notes 2017","50","","","","Gōrāni 100%","Mehdi Fattahi, field notes 2017",34.46158133175112,46.373268729221735,""
"","d1d085176c394bfa8df78bede142717c","12-2d3a06e517fd812efb37a365daa6fc8e","51689","کرمانشاه","Kermānshāh","دالاهو","Dālāhu","گهواره","Gahvāreh","","","","Gurāni","بان یاران امیرحق مراد","Bān Yārān-e Amir-e Haqq Morād","Bān Yārān-ı Amīr Haq Mırāy","Mehdi Fattahi, field notes 2017","103","","","","Gōrāni 100%","Mehdi Fattahi, field notes 2017",34.4863438504969,46.35774916766618,""
"","d1d085176c394bfa8df78bede1431c90","10-f3ddb120a824e1fcb0671e357ff10379","51690","کرمانشاه","Kermānshāh","دالاهو","Dālāhu","گهواره","Gahvāreh","","","","Gurāni","بان یاران عزیزمراد","Bān Yārān-e Aziz Morād","Bān Yārān-ı Azīz Mırāy","Mehdi Fattahi, field notes 2017","63","","","","Gōrāni 100%","Mehdi Fattahi, field notes 2017",34.48737409591291,46.356032553897656,""
"","d1d085176c394bfa8df78bede1431017","8-770ed5f8af5451130bc6fc1a33631352","51691","کرمانشاه","Kermānshāh","دالاهو","Dālāhu","گهواره","Gahvāreh","","","","Gurāni","بیموش","Bimush","Bīmüsh","Mehdi Fattahi, field notes 2017","217","","","","Gōrāni 100%","Mehdi Fattahi, field notes 2017",34.40823339546038,46.34135044194715,""
"","d1d085176c394bfa8df78bede14300c8","10-447ef72158e4df80227cc102b191aa09","51692","کرمانشاه","Kermānshāh","دالاهو","Dālāhu","گهواره","Gahvāreh","","","","Gurāni","ترکه سفلی","Torkeh-ye Soflā","Turka-y Sufḷā","Mehdi Fattahi, field notes 2017","","(3 or fewer households; population not specified in 2011 Census for reasons of privacy)","","","Gōrāni 100%","Mehdi Fattahi, field notes 2017",34.44268195236024,46.38861364699335,""
"","d1d085176c394bfa8df78bede142fd93","8-8d3017c90d16cb6ee826ce0efa9db996","51693","کرمانشاه","Kermānshāh","دالاهو","Dālāhu","گهواره","Gahvāreh","","","","Gurāni","جاماسب","Jāmāsb","Jāmāz","Mehdi Fattahi, field notes 2017","33","","","","Gōrāni 100%","Mehdi Fattahi, field notes 2017",34.464979972323874,46.385740700943,""
"","d1d085176c394bfa8df78bede142edf7","8-a09995902b112147bd38ebafef6b9505","51694","کرمانشاه","Kermānshāh","دالاهو","Dālāhu","گهواره","Gahvāreh","","","","Gurāni","سراب سید یعقوب","Sarāb-e Seyyed Ya'qub","Sarāw Say Yahqū","Mehdi Fattahi, field notes 2017","24","","","","Gōrāni 100%","Mehdi Fattahi, field notes 2017",34.382266842067175,46.389934130416805,""
"","d1d085176c394bfa8df78bede142eb6f","8-24602d582993f6bc9447d0f2655c6efb","51695","کرمانشاه","Kermānshāh","دالاهو","Dālāhu","گهواره","Gahvāreh","","","","Gurāni","چقاچوبین","Choqā Chubin","Chīyā Chūwīn","Mehdi Fattahi, field notes 2017","218","","","","Gōrāni 100%","Mehdi Fattahi, field notes 2017",34.38799100503904,46.34336561750538,""
"","d1d085176c394bfa8df78bede142e485","8-2ea549d82c35154cd56021e21f50b2fa","51696","کرمانشاه","Kermānshāh","دالاهو","Dālāhu","گهواره","Gahvāreh","","","","Gurāni","خله کوش علیا","Kholeh Kowsh-e Olyā","Khuḷa Kawsh Ulyā","Mehdi Fattahi, field notes 2017","31","","","","Gōrāni 100%","Mehdi Fattahi, field notes 2017",34.43487700174464,46.34734249688602,""
"","d1d085176c394bfa8df78bede142dc94","8-1738b2e2a252daefcffbd45387de8be4","51697","کرمانشاه","Kermānshāh","دالاهو","Dālāhu","گهواره","Gahvāreh","","","","Gurāni","خلیفه ها","Khalifehā","Khalīfagal","Mehdi Fattahi, field notes 2017","48","","","","Gōrāni 100%","Mehdi Fattahi, field notes 2017",34.451416673399905,46.35811961270869,""
"","d1d085176c394bfa8df78bede142cef7","8-d7e44a5fa5fdef28f08908dd3912bf5b","51698","کرمانشاه","Kermānshāh","دالاهو","Dālāhu","گهواره","Gahvāreh","","","","Gurāni","درگه","Deregeh","Dıṛıga","Mehdi Fattahi, field notes 2017","169","","","","Gōrāni 100%","Mehdi Fattahi, field notes 2017",34.41449501817342,46.305439182040985,""
"","d1d085176c394bfa8df78bede142c842","10-911e2b8b8bc4c185ee04326f10e9e41b","51699","کرمانشاه","Kermānshāh","دالاهو","Dālāhu","گهواره","Gahvāreh","","","","Gurāni","روکوان","Rukovān","Ṛükawān","Mehdi Fattahi, field notes 2017","26","","","","Gōrāni 100%","Mehdi Fattahi, field notes 2017",34.438286410215184,46.4301147606948,""
"","d1d085176c394bfa8df78bede1437e87","8-0007e92dcfecbeaccec90fa04c71998c","51700","کرمانشاه","Kermānshāh","دالاهو","Dālāhu","گهواره","Gahvāreh","","","","Gurāni","زوله","Zuleh","Zūḷa","Mehdi Fattahi, field notes 2017","21","","","","Gōrāni 100%","Mehdi Fattahi, field notes 2017",34.41395289427741,46.36979342292593,""
"","d1d085176c394bfa8df78bede1437ae1","8-40e68302ccb875df90dbf426c1df2c2a","51701","کرمانشاه","Kermānshāh","دالاهو","Dālāhu","گهواره","Gahvāreh","","","","Gurāni","سرآسیاب","Sar Āsiāb","Sar Āsīyāw","Mehdi Fattahi, field notes 2017","","(3 or fewer households; population not specified in 2011 Census for reasons of privacy)","","","Gōrāni 100%","Mehdi Fattahi, field notes 2017",34.42788204396284,46.4112619753295,""
"","d1d085176c394bfa8df78bede1436d43","8-c13bdd9fb948a3b515d9206cf8f71f01","51702","کرمانشاه","Kermānshāh","دالاهو","Dālāhu","گهواره","Gahvāreh","","","","Gurāni","علیکه","Alikeh","Alıga","Mehdi Fattahi, field notes 2017","36","","","","Gōrāni 100%","Mehdi Fattahi, field notes 2017",34.440405440785256,46.401217069817164,""
"","d1d085176c394bfa8df78bede1435fa4","8-0507e981069a149abfbf1b5904746970","51703","کرمانشاه","Kermānshāh","دالاهو","Dālāhu","گهواره","Gahvāreh","","","","Gurāni","کنه رشید گل مراد","Kaneh Rashid-e Gol Morād","Kana Ṛashī Guḷ Mırāy","Mehdi Fattahi, field notes 2017","59","","","","Gōrāni 100%","Mehdi Fattahi, field notes 2017",34.41512664737378,46.4514012004792,""
"","d1d085176c394bfa8df78bede1435f91","8-a61a04e0e594739776af3db91f1531a7","51704","کرمانشاه","Kermānshāh","دالاهو","Dālāhu","گهواره","Gahvāreh","","","","Gurāni","گل انجیر","Gol Anjir","Kuṛ Anjīr","Mehdi Fattahi, field notes 2017","76","","","","Gōrāni 100%","Mehdi Fattahi, field notes 2017",34.48312701520985,46.393537882548976,""
"","d1d085176c394bfa8df78bede143547b","8-dca0b98b66003b9619eb9000293ddd62","51705","کرمانشاه","Kermānshāh","دالاهو","Dālāhu","گهواره","Gahvāreh","","","","Gurāni","نرژی","Nerzhi","Nızhī","Mehdi Fattahi, field notes 2017","56","","","","Gōrāni 100%","Mehdi Fattahi, field notes 2017",34.423883479852975,46.43328043595606,""
"","d1d085176c394bfa8df78bede1434ce4","10-f62f4e4f01de32ef92d61af81dd77510","51706","کرمانشاه","Kermānshāh","دالاهو","Dālāhu","گهواره","Gahvāreh","","","","Gurāni","بان زلانی علیا","Bān Zalāni-ye Olyā","Bānzalānī-yı Ulyā","Mehdi Fattahi, field notes 2017","134","","","","Gōrāni 100%","Mehdi Fattahi, field notes 2017",34.50922954366688,46.39895594475805,""
"","d1d085176c394bfa8df78bede1433def","10-eb9a4d47c1353ab5aadafce9e301df56","51707","کرمانشاه","Kermānshāh","دالاهو","Dālāhu","گهواره","Gahvāreh","","","","Gurāni","تختگاه صورت خانم","Takhtgāh-e Surat Khānom","Takhtgā-y Sūrat Khānım","Mehdi Fattahi, field notes 2017","83","","","","Gōrāni 100%","Mehdi Fattahi, field notes 2017",34.484802906056515,46.45304807681499,""
"","d1d085176c394bfa8df78bede1433840","8-e0b8424cc297c560db3bdd4d32b31bf9","51708","کرمانشاه","Kermānshāh","دالاهو","Dālāhu","گهواره","Gahvāreh","","","","Gurāni","تختگاه جهانبخش","Takhtgāh-e Jahān Bakhsh","Takhtgā-y Jahān Bakhsh","Mehdi Fattahi, field notes 2017","202","","","","Gōrāni 100%","Mehdi Fattahi, field notes 2017",34.46571860371015,46.47901722449074,""
"","d1d085176c394bfa8df78bede1432bcf","8-e4679a073bb05e57f0f54c5780dae066","51709","کرمانشاه","Kermānshāh","دالاهو","Dālāhu","گهواره","Gahvāreh","","","","Gurāni","تختگاه حسین سلطان","Takhtgāh-e Hoseyn Soltān","Takhtgā-y Husayn Sūḷtān","Mehdi Fattahi, field notes 2017","210","","","","Gōrāni 100%","Mehdi Fattahi, field notes 2017",34.49108157339045,46.44701847095066,""
"","d1d085176c394bfa8df78bede143bc05","8-0f44bf5d30a861f9aa4eda30c51fea3c","51710","کرمانشاه","Kermānshāh","دالاهو","Dālāhu","گهواره","Gahvāreh","","","","Gurāni","سرتختگاه","Sar Takhtgāh","Sar Takhtgā","Mehdi Fattahi, field notes 2017","181","","","","Gōrāni 100%","Mehdi Fattahi, field notes 2017",34.4614814781484,46.48923107641817,""
"","d1d085176c394bfa8df78bede143baac","12-851346d43e7c96ac10560b355ec9c592","51711","کرمانشاه","Kermānshāh","دالاهو","Dālāhu","گهواره","Gahvāreh","","","","Gurāni","شاه مار بابامراد","Shāh Mār-e Bābā Morād","Shā Mār-ı Bāwa Mırāy","Mehdi Fattahi, field notes 2017","96","","","","Gōrāni 100%","Mehdi Fattahi, field notes 2017",34.51004290578748,46.42164743302125,""
"","d1d085176c394bfa8df78bede143b9ba","12-737d6b4fd5b9432982749e8b4c86c6f5","51712","کرمانشاه","Kermānshāh","دالاهو","Dālāhu","گهواره","Gahvāreh","","","","Gurāni","شاه مار میرزامراد","Shāh Mār-e Mirzā Morād","Shā Mār-ı Mīrzā Mırāy","Mehdi Fattahi, field notes 2017","231","","","","Gōrāni 100%","Mehdi Fattahi, field notes 2017",34.51108611949417,46.41458785889546,""
"","d1d085176c394bfa8df78bede143b6cc","10-e90e6ad9b33988cb034181bf39ad4b31","51713","کرمانشاه","Kermānshāh","دالاهو","Dālāhu","گهواره","Gahvāreh","","","","Gurāni","کلینه","Kolineh","Kuḷēna","Mehdi Fattahi, field notes 2017","115","","","","Gōrāni 100%","Mehdi Fattahi, field notes 2017",34.507360332673265,46.4258759063429,""
"","d1d085176c394bfa8df78bede143a9ce","8-b474c0dfd5e4fedf729d3bb50b7a90e3","51714","کرمانشاه","Kermānshāh","دالاهو","Dālāhu","گهواره","Gahvāreh","","","","Gurāni","چشمه سفید","Cheshmeh Sefid","Kānī Charmıg","Mehdi Fattahi, field notes 2017","50","","","","Gōrāni 100%","Mehdi Fattahi, field notes 2017",34.499813440989634,46.42688581008841,""
"","d1d085176c394bfa8df78bede143a68d","10-de03961af18a4a0de60fd015e78dd9cf","51715","کرمانشاه","Kermānshāh","دالاهو","Dālāhu","گهواره","Gahvāreh","","","","Gurāni","بان زلانی سفلی","Bān Zalāni-ye Soflā","Bānzalānī-yı Sufḷā","Mehdi Fattahi, field notes 2017","14","","","","Gōrāni 100%","Mehdi Fattahi, field notes 2017",34.5101666775871,46.38939655183039,""
"","d1d085176c394bfa8df78bede143a0fc","8-bb17ca3e2c1fbed33246bcec0e9b8441","51716","کرمانشاه","Kermānshāh","دالاهو","Dālāhu","گهواره","Gahvāreh","","","","Gurāni","تختگاه صفی سلطان","Takhtgāh-e Safi Soltān","Takhtgā-y Safī Sūḷtān","Mehdi Fattahi, field notes 2017","77","","","","Gōrāni 100%","Mehdi Fattahi, field notes 2017",34.49324804608592,46.44353159923185,""
"","d1d085176c394bfa8df78bede1439b77","8-926ef1e64c1d6458d07185d37c493fde","51717","کرمانشاه","Kermānshāh","دالاهو","Dālāhu","گهواره","Gahvāreh","گهواره","Gahvāreh","","","","","Gāwāra","Mehdi Fattahi, field notes 2017","4619","","","","Gōrāni 100%","Mehdi Fattahi, field notes 2017",34.34411663294265,46.41708959672606,""
"","d1d085176c394bfa8df78bede143906f","6-f53ee43e1f1c419fc972ebf9ce721db4","51718","کرمانشاه","Kermānshāh","دالاهو","Dālāhu","مرکزی","Markazi","","","","","","","","","21741","","","","","","","",""
"","d1d085176c394bfa8df78bede1438ac3","6-21ddcfd28e8306545a70f44fb5d025a7","51719","کرمانشاه","Kermānshāh","دالاهو","Dālāhu","مرکزی","Markazi","","","","Bān Zardeh","","","","","7017","","","","","","","",""
"","d1d085176c394bfa8df78bede14411d8","10-09de0ffa145ac10c15ef8e0c8bec4f92","51720","کرمانشاه","Kermānshāh","دالاهو","Dālāhu","مرکزی","Markazi","","","","Bān Zardeh","ژالگه","Zhālageh","Zhāḷaka","Mehdi Fattahi, field notes 2017","197","","","","Central Kurdish 100%","Mehdi Fattahi, field notes 2017",34.49101626773468,45.95853415442353,""
"","d1d085176c394bfa8df78bede1440ab4","8-f51f31fab22885502a487733283450a6","51721","کرمانشاه","Kermānshāh","دالاهو","Dālāhu","مرکزی","Markazi","","","","Bān Zardeh","باباجانی شاهمراد","Bābā Jāni-ye Shāh Morād","Bāwa Jānī-yı Shā Mırāy, Kānī Kaḷwāḷī","Mehdi Fattahi, field notes 2017","186","","","","Central Kurdish 100%","Mehdi Fattahi, field notes 2017",34.4659437149128,45.99737181340483,""
"","d1d085176c394bfa8df78bede1440321","8-24cc828f8ff95a5ef475cd8d107448ba","51722","کرمانشاه","Kermānshāh","دالاهو","Dālāhu","مرکزی","Markazi","","","","Bān Zardeh","باباجانی عبدالمحمد","Bābā Jāni-ye Abd-ol-Mohammad","Bāwa Jānī-yı Abdulmuhamad","Mehdi Fattahi, field notes 2017","645","","","","Central Kurdish 100%","Mehdi Fattahi, field notes 2017",34.476904542173806,45.9747408626778,""
"","d1d085176c394bfa8df78bede143f354","8-9a1d345a5aa92d3b78d8c0761475b083","51723","کرمانشاه","Kermānshāh","دالاهو","Dālāhu","مرکزی","Markazi","","","","Bān Zardeh","داراب","Dārāb","Dārā","Mehdi Fattahi, field notes 2017","661","","","","Central Kurdish 100%","Mehdi Fattahi, field notes 2017",34.5035279864621,45.955186799090306,""
"","d1d085176c394bfa8df78bede143ef00","8-9a9d3c7d685eb3bf050e32de0806e404","51724","کرمانشاه","Kermānshāh","دالاهو","Dālāhu","مرکزی","Markazi","","","","Bān Zardeh","دارابی","Dārābi","Dārābī","Mehdi Fattahi, field notes 2017","83","","","","Central Kurdish 100%","Mehdi Fattahi, field notes 2017",34.46835718985071,45.99612926755402,""
"","d1d085176c394bfa8df78bede143e42b","8-e0796ece36c6e4f8b79c76d081b5ac38","51725","کرمانشاه","Kermānshāh","دالاهو","Dālāhu","مرکزی","Markazi","","","","Bān Zardeh","شالان","Shālān","Shāḷān","Mehdi Fattahi, field notes 2017","285","","","","Hōrāmi  100%","Mehdi Fattahi, field notes 2017",34.4791715389928,45.99984946583599,""
"","d1d085176c394bfa8df78bede143e055","8-99ded6c7f024f4bb9414ba20742aa859","51726","کرمانشاه","Kermānshāh","دالاهو","Dālāhu","مرکزی","Markazi","","","","Bān Zardeh","شهرک ریجاب","Shahrak-e Rijāb","Shārak-ı Ṛēzhāw","Mehdi Fattahi, field notes 2017","881","","","","Central Kurdish 100%","Mehdi Fattahi, field notes 2017",34.46875964864226,45.98548089776672,""
"","d1d085176c394bfa8df78bede143dbbc","8-882f545cb435be8251330ffeb3108b53","51727","کرمانشاه","Kermānshāh","دالاهو","Dālāhu","مرکزی","Markazi","","","","Bān Zardeh","کوشکری","Kowshekari","Kawshıkarī","Mehdi Fattahi, field notes 2017","580","","","","Central Kurdish 100%","Mehdi Fattahi, field notes 2017",34.49845720872182,45.962321475067895,""
"","d1d085176c394bfa8df78bede143d2d5","8-b897db7e9912b181a800708e50417a25","51728","کرمانشاه","Kermānshāh","دالاهو","Dālāhu","مرکزی","Markazi","","","","Bān Zardeh","بان مزاران","Bānmazārān","Bānmızārān","Mehdi Fattahi, field notes 2017","1647","","","","Hōrāmi  100%","Mehdi Fattahi, field notes 2017",34.4733590398682,45.98224078927692,""
"","d1d085176c394bfa8df78bede143c639","12-32c91318d7b4813d3efdab440853050b","51729","کرمانشاه","Kermānshāh","دالاهو","Dālāhu","مرکزی","Markazi","","","","Bān Zardeh","امامزاده داود","Emāmzādeh Dāvud","Imāmzāda Dāwūd","Mehdi Fattahi, field notes 2017","","(3 or fewer households; population not specified in 2011 Census for reasons of privacy)","","","Central Kurdish 100%","Mehdi Fattahi, field notes 2017",34.54479257315638,45.96986056615894,""
"","d1d085176c394bfa8df78bede1446232","8-dc7a5142145c60ea599761e631f795ed","51730","کرمانشاه","Kermānshāh","دالاهو","Dālāhu","مرکزی","Markazi","","","بان زرده","Bān Zardeh","زرده","Zardeh","Zarda","Mehdi Fattahi, field notes 2017","1282","","","","Hōrāmi  100%","Mehdi Fattahi, field notes 2017",34.542972285959536,45.95309007151244,""
"","d1d085176c394bfa8df78bede1445792","8-af582d65bd6377c52785b1bf2763ebf7","51731","کرمانشاه","Kermānshāh","دالاهو","Dālāhu","مرکزی","Markazi","","","","Bān Zardeh","سیدمحمد","Seyyed Mohammad","Say Māmıg","Mehdi Fattahi, field notes 2017","201","","","","Hōrāmi  100%","Mehdi Fattahi, field notes 2017",34.55974389470188,45.93126761896986,""
"","d1d085176c394bfa8df78bede1445387","8-04e254e08073ce95f15e3a2d078c928e","51732","کرمانشاه","Kermānshāh","دالاهو","Dālāhu","مرکزی","Markazi","","","","Bān Zardeh","قلقله","Qolqoleh","Qulqula","Mehdi Fattahi, field notes 2017","164","","","","Central Kurdish 100%","Mehdi Fattahi, field notes 2017",34.52126933326409,45.95253217203717,""
"","d1d085176c394bfa8df78bede14448cd","8-6bdae1ecfbb11b8eb67ae1618b090a22","51733","کرمانشاه","Kermānshāh","دالاهو","Dālāhu","مرکزی","Markazi","","","","Bān Zardeh","یاران","Yārān","Yārān","Mehdi Fattahi, field notes 2017","197","","","","Central Kurdish 100%","Mehdi Fattahi, field notes 2017",34.51771395447016,45.96237851419782,""
"","d1d085176c394bfa8df78bede14445c2","6-3ef0a10534d0094d425d8cd8e928d7e8","51734","کرمانشاه","Kermānshāh","دالاهو","Dālāhu","مرکزی","Markazi","","","","Bivanij","","","","","1208","","","","","","","",""
"","d1d085176c394bfa8df78bede1443c5a","10-133a3785276cbd180c47d8e324441384","51735","کرمانشاه","Kermānshāh","دالاهو","Dālāhu","مرکزی","Markazi","","","","Bivanij","آسیاب تنوره","Āsiāb-e Tanureh","Āsīyāw Tanüra","Mehdi Fattahi, field notes 2017","102","","","","Gōrāni 100%","Mehdi Fattahi, field notes 2017",34.45860976839481,46.16787734495319,""
"","d1d085176c394bfa8df78bede1442d3c","8-a3b08670fc705d03b15118a8bc2b5ad2","51736","کرمانشاه","Kermānshāh","دالاهو","Dālāhu","مرکزی","Markazi","","","","Bivanij","بیامه","Biāmeh","Bayāma","Mehdi Fattahi, field notes 2017","25","","","","Gōrāni 100%","Mehdi Fattahi, field notes 2017",34.39281009190156,46.17816838513076,""
"","d1d085176c394bfa8df78bede1442794","8-7d7e72707389ef303d93e6b7947caf4e","51737","کرمانشاه","Kermānshāh","دالاهو","Dālāhu","مرکزی","Markazi","","","","Bivanij","ده جامی","Deh Jāmi","Dē Jāmī","Mehdi Fattahi, field notes 2017","224","","","","Gōrāni 100%","Mehdi Fattahi, field notes 2017",34.3890278914448,46.23806464667387,""
"","d1d085176c394bfa8df78bede144269c","10-6e38a02f976eb55ee3aa60cd06857d44","51738","کرمانشاه","Kermānshāh","دالاهو","Dālāhu","مرکزی","Markazi","","","","Bivanij","ده کهنه","Deh Kohneh","Dē Kuna","Mehdi Fattahi, field notes 2017","149","","","","Gōrāni 100%","Mehdi Fattahi, field notes 2017",34.446843357316475,46.17765131460169,""
"","d1d085176c394bfa8df78bede14420a6","8-515875837682b7b753c79fa5c55d61da","51739","کرمانشاه","Kermānshāh","دالاهو","Dālāhu","مرکزی","Markazi","","","","Bivanij","ده لطیفه","Deh Latifeh","Dē Latīfa","Mehdi Fattahi, field notes 2017","","(3 or fewer households; population not specified in 2011 Census for reasons of privacy)","","","Gōrāni 100%","Mehdi Fattahi, field notes 2017",34.379080351234805,46.19475837480588,""
"","d1d085176c394bfa8df78bede144b7b0","8-d35be44b8da7944d38e57d38d36f5283","51740","کرمانشاه","Kermānshāh","دالاهو","Dālāhu","مرکزی","Markazi","","","","Bivanij","ریسانی","Risāni","Ṛēsānī","Mehdi Fattahi, field notes 2017","52","","","","Gōrāni 100%","Mehdi Fattahi, field notes 2017",34.37109217351346,46.21241369153519,""
"","d1d085176c394bfa8df78bede144a9e1","8-efcf1f74a003503142e799e95cde3838","51741","کرمانشاه","Kermānshāh","دالاهو","Dālāhu","مرکزی","Markazi","","","","Bivanij","سرتنگ","Sar Tang","Sar Tang","Mehdi Fattahi, field notes 2017","168","","","","Gōrāni 100%","Mehdi Fattahi, field notes 2017",34.37696389961559,46.26981663698852,""
"","d1d085176c394bfa8df78bede144a301","10-db8c384ec833e0aecff7b6ef8bdabfb8","51742","کرمانشاه","Kermānshāh","دالاهو","Dālāhu","مرکزی","Markazi","","","","Bivanij","سیدباقر","Seyyed Bāqer","Say Bāqır","Mehdi Fattahi, field notes 2017","28","","","","Gōrāni 100%","Mehdi Fattahi, field notes 2017",34.422486929603224,46.17971661554281,""
"","d1d085176c394bfa8df78bede1449b43","8-1b160790856537bf3e4029a3b65303fc","51743","کرمانشاه","Kermānshāh","دالاهو","Dālāhu","مرکزی","Markazi","","","","Bivanij","شیخ حسن","Sheykh Hasan","Shaykh Hasan","Mehdi Fattahi, field notes 2017","56","","","","Gōrāni 100%","Mehdi Fattahi, field notes 2017",34.39910069294186,46.198011911023286,""
"","d1d085176c394bfa8df78bede144988b","9-5be7d073c0fd66b67a744ec514197aec","51744","کرمانشاه","Kermānshāh","دالاهو","Dālāhu","مرکزی","Markazi","","","","Bivanij","کنه هر","Kanehar","Kanahaṛ","Mehdi Fattahi, field notes 2017","216","","","","Gōrāni 100%","Mehdi Fattahi, field notes 2017",34.43543315481704,46.209818145244576,""
"","d1d085176c394bfa8df78bede14490ae","8-05ff6300b0e1f00c3367cb6331bb3ae4","51745","کرمانشاه","Kermānshāh","دالاهو","Dālāhu","مرکزی","Markazi","","","","Bivanij","قوشچی باشی","Qushchi Bāshi","Qūchī Bāshī","Mehdi Fattahi, field notes 2017","","(3 or fewer households; population not specified in 2011 Census for reasons of privacy)","","","Gōrāni 100%","Mehdi Fattahi, field notes 2017",34.48436401566719,46.16513947780228,""
"","d1d085176c394bfa8df78bede1448157","8-b8f09abdd6e557e56699045db4299f31","51746","کرمانشاه","Kermānshāh","دالاهو","Dālāhu","مرکزی","Markazi","","","","Bivanij","ویله","Veyleh","Wēḷa","Mehdi Fattahi, field notes 2017","146","","","","Gōrāni 100%","Mehdi Fattahi, field notes 2017",34.36609090581228,46.2618933915603,""
"","d1d085176c394bfa8df78bede1447840","7-4373e27102816f7712a18ee21df839c1","51747","کرمانشاه","Kermānshāh","دالاهو","Dālāhu","مرکزی","Markazi","","","","Humeh-ye Kerend","","","","","5205","","","","","","","",""
"","d1d085176c394bfa8df78bede1447012","12-fcdf2c6576ec598f5964452a3b52361d","51748","کرمانشاه","Kermānshāh","دالاهو","Dālāhu","مرکزی","Markazi","","","","Humeh-ye Kerend","چشمه سفید","Cheshmeh Sefid","Kānī Charmıg","Mehdi Fattahi, field notes 2017","421","","","","Gōrāni 100%","Mehdi Fattahi, field notes 2017",34.211113475704146,46.30629869178737,""
"","d1d085176c394bfa8df78bede1446689","10-5e9dfeae02827aca40026cbb50d2d343","51749","کرمانشاه","Kermānshāh","دالاهو","Dālāhu","مرکزی","Markazi","","","","Humeh-ye Kerend","خسروآباد","Khosrow Ābād","Khusraw Āwā","Mehdi Fattahi, field notes 2017","484","","","","Kalhuri 100%","Mehdi Fattahi, field notes 2017",34.18692887704461,46.35946486640894,""
"","d1d085176c394bfa8df78bede145223d","10-e10a82bb8304d5238fabbb7ca8e7088d","51750","کرمانشاه","Kermānshāh","دالاهو","Dālāhu","مرکزی","Markazi","","","","Humeh-ye Kerend","گاودانه خور","Gāvdāneh Khor","Gāwdāna Khwar","Mehdi Fattahi, field notes 2017","455","","","","Kalhuri 100%","Mehdi Fattahi, field notes 2017",34.22415890388598,46.25803269489669,""
"","d1d085176c394bfa8df78bede14513ce","10-85f3ae29ba27eca6d36953cce26ae6e6","51751","کرمانشاه","Kermānshāh","دالاهو","Dālāhu","مرکزی","Markazi","","","","Humeh-ye Kerend","علی آباد باباجانی","Ali Ābād-e Bābā Jāni","Alī Āwā Bāwa Jānī","Mehdi Fattahi, field notes 2017","32","","","","Kalhuri 100%","Mehdi Fattahi, field notes 2017",34.24122510996317,46.285519972877346,""
"","d1d085176c394bfa8df78bede1450e96","10-91e29c5e0638591a7d0cbb9039832f92","51752","کرمانشاه","Kermānshāh","دالاهو","Dālāhu","مرکزی","Markazi","","","","Humeh-ye Kerend","طلسم","Telesm","Tıḷısm","Mehdi Fattahi, field notes 2017","277","","","","Kalhuri 100%","Mehdi Fattahi, field notes 2017",34.21287290501122,46.27984308558837,""
"","d1d085176c394bfa8df78bede1450593","10-19c9a34e32d463d569291e1dc547a9a6","51753","کرمانشاه","Kermānshāh","دالاهو","Dālāhu","مرکزی","Markazi","","","","Humeh-ye Kerend","گاوسور","Gāvsur","Gāw Sür","Mehdi Fattahi, field notes 2017","783","","","","Kalhuri 100%","Mehdi Fattahi, field notes 2017",34.158011207297356,46.31001793700265,""
"","d1d085176c394bfa8df78bede144fa54","8-edb0168dce4de5a2517205b43aefb2ce","51754","کرمانشاه","Kermānshāh","دالاهو","Dālāhu","مرکزی","Markazi","","","","Humeh-ye Kerend","هوکانی سفلی","Hukāni-ye Soflā","Hūkānī Sufḷā","Mehdi Fattahi, field notes 2017","57","","","","Gōrāni 100%","Mehdi Fattahi, field notes 2017",34.15819937884935,46.22948022561166,""
"","d1d085176c394bfa8df78bede144efcc","10-7fc6355f6d7f999007cd9b31ba25202c","51755","کرمانشاه","Kermānshāh","دالاهو","Dālāhu","مرکزی","Markazi","","","","Humeh-ye Kerend","هوکانی علیا","Hukāni-ye Olyā","Hūkānī Ulyā","Mehdi Fattahi, field notes 2017","139","","","","Gōrāni 100%","Mehdi Fattahi, field notes 2017",34.154444198594845,46.241881682064275,""
"","d1d085176c394bfa8df78bede144e3e2","10-1ff6cf97d95c48e36fb5e0184d37a1ba","51756","کرمانشاه","Kermānshāh","دالاهو","Dālāhu","مرکزی","Markazi","","","","Humeh-ye Kerend","حریر","Harir","Harīr","Mehdi Fattahi, field notes 2017","847","","","","Gōrāni 100%","Mehdi Fattahi, field notes 2017",34.31274770412727,46.199470487055606,""
"","d1d085176c394bfa8df78bede144d4fe","8-926a9c46aba8f83dbe8f4d705cbbf8af","51757","کرمانشاه","Kermānshāh","دالاهو","Dālāhu","مرکزی","Markazi","","","","Humeh-ye Kerend","حصیل قنبره","Hasil-e Qanbareh","Hasīl Qambara","Mehdi Fattahi, field notes 2017","15","","","","Gōrāni 100%","Mehdi Fattahi, field notes 2017",34.29636552553779,46.20435258033798,""
"","d1d085176c394bfa8df78bede144d269","10-5de3f41629015186d24b6abfe776656f","51758","کرمانشاه","Kermānshāh","دالاهو","Dālāhu","مرکزی","Markazi","","","","Humeh-ye Kerend","سرچقا","Sar Choqā","Sī Chaqā","Mehdi Fattahi, field notes 2017","322","","","","Gōrāni 100%","Mehdi Fattahi, field notes 2017",34.232617217513386,46.232365098409865,""
"","d1d085176c394bfa8df78bede144c5f4","10-0daec79dff8205917717057b3de9a625","51759","کرمانشاه","Kermānshāh","دالاهو","Dālāhu","مرکزی","Markazi","","","","Humeh-ye Kerend","سلیمان آباد","Soleymān Ābād","Suḷaymān Āwā","Mehdi Fattahi, field notes 2017","225","","","","Gōrāni 100%","Mehdi Fattahi, field notes 2017",34.24542477948986,46.25386568586985,""
"","d1d085176c394bfa8df78bede145656f","6-e6e875da2a72fe0bdc1173104476667b","51760","کرمانشاه","Kermānshāh","دالاهو","Dālāhu","مرکزی","Markazi","","","","Humeh-ye Kerend","مزرعه میشله","Mazra'eh-ye Misheleh","Mazra'a-y Mīshıḷa","Mehdi Fattahi, field notes 2017","","(3 or fewer households; population not specified in 2011 Census for reasons of privacy)","","","Gōrāni 100%","Mehdi Fattahi, field notes 2017","","",""
"","d1d085176c394bfa8df78bede1456441","6-50246ed5a8f84fa0105c90676e8558b0","51761","کرمانشاه","Kermānshāh","دالاهو","Dālāhu","مرکزی","Markazi","","","","Humeh-ye Kerend","ایستگاه تقویت تلویزیون","Istgāh-e Taqviyate Televizion","Īsgā-y Taqwīyat Tılüzün","Mehdi Fattahi, field notes 2017","","(3 or fewer households; population not specified in 2011 Census for reasons of privacy)","","","Gōrāni 100%","Mehdi Fattahi, field notes 2017","","",""
"","d1d085176c394bfa8df78bede1456414","6-2e0108af0bb9655b30784b78a360f0d6","51762","کرمانشاه","Kermānshāh","دالاهو","Dālāhu","مرکزی","Markazi","","","","Humeh-ye Kerend","ایستگاه مخابرات سرخه دیزه","Istgāh-e Mokhāberāt-e Sorkheh Dizeh","Īsgā-y Mukhābırāt-ı Sürēza","Mehdi Fattahi, field notes 2017","","(3 or fewer households; population not specified in 2011 Census for reasons of privacy)","","","Gōrāni 100%","Mehdi Fattahi, field notes 2017","","",""
"","d1d085176c394bfa8df78bede1456066","7-83f9f95333d01c4fcd529fd2a908a899","51763","کرمانشاه","Kermānshāh","دالاهو","Dālāhu","مرکزی","Markazi","","","","Humeh-ye Kerend","پاسگاه نیروی انتظامی بالاطاق","Pāsgāh-e Niru-ye Entezāmi-ye Bālātāq","Pāsgā-y Nīrū Intızāmī-yı Bāḷātāq","Mehdi Fattahi, field notes 2017","","(3 or fewer households; population not specified in 2011 Census for reasons of privacy)","","","Gōrāni 100%","Mehdi Fattahi, field notes 2017","","",""
"","d1d085176c394bfa8df78bede1455bcc","10-a3d877bd8d95a0e6f705969dafb48c24","51764","کرمانشاه","Kermānshāh","دالاهو","Dālāhu","مرکزی","Markazi","","","","Humeh-ye Kerend","سرخه دیزه","Sorkheh Dizeh","Sürēza","Mehdi Fattahi, field notes 2017","168","","","","Gōrāni 100%","Mehdi Fattahi, field notes 2017",34.39784572150566,46.050995626983756,""
"","d1d085176c394bfa8df78bede145519d","10-62cf7da1196fd73932b27d8d564697b9","51765","کرمانشاه","Kermānshāh","دالاهو","Dālāhu","مرکزی","Markazi","","","","Humeh-ye Kerend","سرمیل","Sarmil","Sarmīl","Mehdi Fattahi, field notes 2017","116","","","","Gōrāni 100%","Mehdi Fattahi, field notes 2017",34.33540567311651,46.13851049339284,""
"","d1d085176c394bfa8df78bede14543a2","10-6192080ef3f4c2aa4b586a4c105a9e7c","51766","کرمانشاه","Kermānshāh","دالاهو","Dālāhu","مرکزی","Markazi","","","","Humeh-ye Kerend","شیره چقا","Shireh Choqā","Shīra Chīyā","Mehdi Fattahi, field notes 2017","95","","","","Gōrāni 100%","Mehdi Fattahi, field notes 2017",34.362205522107494,46.09941073331683,""
"","d1d085176c394bfa8df78bede1453d89","8-6e51304098e2fad34527931de177a7f0","51767","کرمانشاه","Kermānshāh","دالاهو","Dālāhu","مرکزی","Markazi","","","","Humeh-ye Kerend","میان تنگ","Miān Tang","Nāw Tang","Mehdi Fattahi, field notes 2017","53","","","","Gōrāni 100%","Mehdi Fattahi, field notes 2017",34.33146190989964,46.171736918720896,""
"","d1d085176c394bfa8df78bede14534ac","10-26767768123b3b4cb1a66f620823f6f2","51768","کرمانشاه","Kermānshāh","دالاهو","Dālāhu","مرکزی","Markazi","","","","Humeh-ye Kerend","ورگنبد","Vargonbad","Wargumazī","Mehdi Fattahi, field notes 2017","55","","","","Gōrāni 100%","Mehdi Fattahi, field notes 2017",34.318735420454196,46.17312483466893,""
"","d1d085176c394bfa8df78bede145306b","10-a87a436b1734117469ac7f804926139c","51769","کرمانشاه","Kermānshāh","دالاهو","Dālāhu","مرکزی","Markazi","","","","Humeh-ye Kerend","هلته","Halateh","Haḷata","Mehdi Fattahi, field notes 2017","134","","","","Gōrāni 100%","Mehdi Fattahi, field notes 2017",34.33175579045066,46.16028778232602,""
"","d1d085176c394bfa8df78bede145be55","8-1431eb2e6c59c23a929c316a8d1ad6e5","51770","کرمانشاه","Kermānshāh","دالاهو","Dālāhu","مرکزی","Markazi","","","","Humeh-ye Kerend","شهرک هلته","Shahrak-e Halateh","Shahrak-ı Haḷata","Mehdi Fattahi, field notes 2017","346","","","","Gōrāni 100%","Mehdi Fattahi, field notes 2017",34.32833877878664,46.15605743604754,""
"","d1d085176c394bfa8df78bede145ba3b","8-3593d668e3f708736bee1621245e86f3","51771","کرمانشاه","Kermānshāh","دالاهو","Dālāhu","مرکزی","Markazi","کرند","Kerend","","","","","Keren","Mehdi Fattahi, field notes 2017","8311","","","","Gōrāni 90%; Central Kurdish 5%; Kalhuri 5%","Mehdi Fattahi, field notes 2017",34.28010340848017,46.241598353136204,""
"","d1d085176c394bfa8df78bede145b342","6-6d08eb4b46682048d9205e531fbdc72a","51772","کرمانشاه","Kermānshāh","دالاهو","Dālāhu","","","","","","","","","","","334","","","","","","","",""
"","d1d085176c394bfa8df78bede145ac7b","6-2dc68c56c8b84c18ca047615b4e0d1f2","51773","کرمانشاه","Kermānshāh","دالاهو","Dālāhu","","","","","","","","","","","334","","","","","","","",""
"","d1d085176c394bfa8df78bede145a81f","6-8a247ae02d50dc4cdeb707b7a86ff8d7","51774","کرمانشاه","Kermānshāh","دالاهو","Dālāhu","","","","","","","","","","","334","","","","","","","",""
"","d1d085176c394bfa8df78bede1459ad1","6-fcb9fbfdd32bd3d77c62b404701cbf19","52174","کرمانشاه","Kermānshāh","سرپل ذهاب","Sar Pol-e Zahāb","","","","","","","","","","","85616","","","","","","","",""
"","d1d085176c394bfa8df78bede1459761","6-9caf2e666665e66d1c918f180ee5d981","52175","کرمانشاه","Kermānshāh","سرپل ذهاب","Sar Pol-e Zahāb","مرکزی","Markazi","","","","","","","","","85193","","","","","","","",""
"","d1d085176c394bfa8df78bede1458778","6-e061095484f09cb1ee512f05983c030f","52176","کرمانشاه","Kermānshāh","سرپل ذهاب","Sar Pol-e Zahāb","مرکزی","Markazi","","","","Posht Tang","","","","","6474","","","","","","","",""
"","d1d085176c394bfa8df78bede145792a","8-cd067a10f6c54a0d404032d54d5dbf07","52177","کرمانشاه","Kermānshāh","سرپل ذهاب","Sar Pol-e Zahāb","مرکزی","Markazi","","","","Posht Tang","الیاس احمد","Elyās Ahmad","Ilyās Āmad","Mehdi Fattahi, field notes 2017","566","","","","Central Kurdish 100%","Mehdi Fattahi, field notes 2017",34.61706769627398,45.89548136545746,""
"","d1d085176c394bfa8df78bede145736f","10-1d690b2dca8d47095e07ae641e2d113c","52178","کرمانشاه","Kermānshāh","سرپل ذهاب","Sar Pol-e Zahāb","مرکزی","Markazi","","","","Posht Tang","الیاسی صالح مطاعی","Elyāsi-ye Sāleh Matā'i","Ilyāsī Sāḷē Matāyī","Mehdi Fattahi, field notes 2017","135","","","","Central Kurdish 100%","Mehdi Fattahi, field notes 2017",34.61553936082038,45.9192236341596,""
"","d1d085176c394bfa8df78bede145f812","8-7ce3f864b67381920dad63868353b31f","52179","کرمانشاه","Kermānshāh","سرپل ذهاب","Sar Pol-e Zahāb","مرکزی","Markazi","","","","Posht Tang","پیرمیکاییل","Pir Mikāil","Pīr-ı Mīkāyl","Mehdi Fattahi, field notes 2017","53","","","","Central Kurdish 100%","Mehdi Fattahi, field notes 2017",34.62017149509588,45.95496432787682,""
"","d1d085176c394bfa8df78bede145f434","8-9f2de3476a742b0607c0e9fbef12a0d8","52180","کرمانشاه","Kermānshāh","سرپل ذهاب","Sar Pol-e Zahāb","مرکزی","Markazi","","","","Posht Tang","جنان","Jenān","Jınān","Mehdi Fattahi, field notes 2017","66","","","","Central Kurdish 100%","Mehdi Fattahi, field notes 2017",34.61602610576435,45.96162157065093,""
"","d1d085176c394bfa8df78bede145f0bd","8-d9edc273be4a303d9c0310591b62ed2f","52181","کرمانشاه","Kermānshāh","سرپل ذهاب","Sar Pol-e Zahāb","مرکزی","Markazi","","","","Posht Tang","چناره مصطفی","Chenāreh-ye Mostafā","Chınāra-y Mısafā","Mehdi Fattahi, field notes 2017","572","","","","Central Kurdish 100%","Mehdi Fattahi, field notes 2017",34.65273944389446,45.88964544904811,""
"","d1d085176c394bfa8df78bede145e4f0","10-7564f2cebf1fc82fcc1b138c4570d804","52182","کرمانشاه","Kermānshāh","سرپل ذهاب","Sar Pol-e Zahāb","مرکزی","Markazi","","","","Posht Tang","فرج امام","Faraj-e Emām","Faraj-ı Imām","Mehdi Fattahi, field notes 2017","95","","","","Central Kurdish 100%","Mehdi Fattahi, field notes 2017",34.619303495190046,45.974088974288954,""
"","d1d085176c394bfa8df78bede145e27c","6-c507a3b02ea791a625310f4c1ea98df7","52183","کرمانشاه","Kermānshāh","سرپل ذهاب","Sar Pol-e Zahāb","مرکزی","Markazi","","","","Posht Tang","مزرعه کلیله کاچی","Mazra'eh-ye Kolileh-ye Kāchi","Mazra-y Kulīla-y Kāchī","Mehdi Fattahi, field notes 2017","","(3 or fewer households; population not specified in 2011 Census for reasons of privacy)","","","Central Kurdish 100%","Mehdi Fattahi, field notes 2017","","",""
"","d1d085176c394bfa8df78bede145d62f","10-b24c14473a03e9fb7d7b6bbb11dcb5d2","52184","کرمانشاه","Kermānshāh","سرپل ذهاب","Sar Pol-e Zahāb","مرکزی","Markazi","","","","Posht Tang","مجتمع بانی هوان","Mojtama'-e Bāni Havān","Mushtama-y Bānī Hawān","Mehdi Fattahi, field notes 2017","89","","","","Central Kurdish 100%","Mehdi Fattahi, field notes 2017",34.62329344493992,45.91723823659782,""
"","d1d085176c394bfa8df78bede145d279","10-315c5c42401a69329d7d3bb8e915922c","52185","کرمانشاه","Kermānshāh","سرپل ذهاب","Sar Pol-e Zahāb","مرکزی","Markazi","","","","Posht Tang","مله رولان","Meleh Rulān","Mılūrān","Mehdi Fattahi, field notes 2017","221","","","","Central Kurdish 100%","Mehdi Fattahi, field notes 2017",34.628987319413056,45.888951609223206,""
"","d1d085176c394bfa8df78bede145d0ae","8-532f42bc40e50b0fc4c93ccb863d06d2","52186","کرمانشاه","Kermānshāh","سرپل ذهاب","Sar Pol-e Zahāb","مرکزی","Markazi","","","","Posht Tang","میولی دارابخان","Meyvali-ye Dārāb Khān","Mēwılī-yı Dārāb Khān","Mehdi Fattahi, field notes 2017","","(3 or fewer households; population not specified in 2011 Census for reasons of privacy)","","","Central Kurdish 100%","Mehdi Fattahi, field notes 2017",34.60814973629477,45.9439967641025,""
"","d1d085176c394bfa8df78bede145c273","8-30c76592af07adf622bf925951113387","52187","کرمانشاه","Kermānshāh","سرپل ذهاب","Sar Pol-e Zahāb","مرکزی","Markazi","","","","Posht Tang","میولی سفلی","Meyvali-ye Soflā","Mēwılī-yı Sıfḷā","Mehdi Fattahi, field notes 2017","262","","","","Central Kurdish 100%","Mehdi Fattahi, field notes 2017",34.61292244571338,45.93575228301604,""
"","d1d085176c394bfa8df78bede145bf6b","8-b8822bdc2f043df7115c48b2ed4dda81","52188","کرمانشاه","Kermānshāh","سرپل ذهاب","Sar Pol-e Zahāb","مرکزی","Markazi","","","","Posht Tang","میولی شیرخان","Meyvali-ye Shir Khān","Mēwılī-yı Shēr Khān","Mehdi Fattahi, field notes 2017","109","","","","Central Kurdish 100%","Mehdi Fattahi, field notes 2017",34.59975157413287,45.95380891410262,""
"","d1d085176c394bfa8df78bede14645bc","10-5d3119bfd533ab19311c9fb15806c204","52189","کرمانشاه","Kermānshāh","سرپل ذهاب","Sar Pol-e Zahāb","مرکزی","Markazi","","","","Posht Tang","بزمیرآباد","Boz Mir Ābād","Bız Mīr Āwā","Mehdi Fattahi, field notes 2017","1231","","","","Central Kurdish 100%","Mehdi Fattahi, field notes 2017",34.6126018298974,45.99197394399743,""
"","d1d085176c394bfa8df78bede1464339","8-3dc3177319c23dd1feb1ca2815b86fbc","52190","کرمانشاه","Kermānshāh","سرپل ذهاب","Sar Pol-e Zahāb","مرکزی","Markazi","","","","Posht Tang","جوانمیری","Javān Miri","Jawān Mīrī","Mehdi Fattahi, field notes 2017","425","","","","Central Kurdish 100%","Mehdi Fattahi, field notes 2017",34.59843747527887,45.97054443848855,""
"","d1d085176c394bfa8df78bede146340e","8-a6b3038677b075c35d6996e54ede5160","52191","کرمانشاه","Kermānshāh","سرپل ذهاب","Sar Pol-e Zahāb","مرکزی","Markazi","","","","Posht Tang","دنگی رمضان","Dangi-ye Ramazān","Dıngī-yı Ṛamazān","Mehdi Fattahi, field notes 2017","748","","","","Central Kurdish 100%","Mehdi Fattahi, field notes 2017",34.590338529197155,45.95838195829976,""
"","d1d085176c394bfa8df78bede1462efb","8-6a91683ebb1149f46b4e30b24bb9370e","52192","کرمانشاه","Kermānshāh","سرپل ذهاب","Sar Pol-e Zahāb","مرکزی","Markazi","","","","Posht Tang","مرشاعر","Mer Shā'er","Mır Shār","Mehdi Fattahi, field notes 2017","25","","","","Central Kurdish 100%","Mehdi Fattahi, field notes 2017",34.608963808736604,45.99729544668199,""
"","d1d085176c394bfa8df78bede1462c4a","8-0784251dd60b5a06d1c77c6fa40db707","52193","کرمانشاه","Kermānshāh","سرپل ذهاب","Sar Pol-e Zahāb","مرکزی","Markazi","","","","Posht Tang","انجیربان آواره علی","Anjir Bān-e Āvāreh-ye Ali","Anjīr Bān-ı Āwāra-y Alī","Mehdi Fattahi, field notes 2017","34","","","","Central Kurdish 100%","Mehdi Fattahi, field notes 2017",34.64001896082602,45.953815119176824,""
"","d1d085176c394bfa8df78bede1461c78","6-1832db5601c3e82b3fceabf0f05e55b0","52194","کرمانشاه","Kermānshāh","سرپل ذهاب","Sar Pol-e Zahāb","مرکزی","Markazi","","","","Posht Tang","تل خلوتی قادررحمان","Tel Khalvati-ye Ghāder Rahmān","Tıḷkhaḷwatī-yı Qādır Ṛahmān","Mehdi Fattahi, field notes 2017","60","","","","Central Kurdish 100%","Mehdi Fattahi, field notes 2017","","",""
"","d1d085176c394bfa8df78bede146130c","8-065a852a1436aa29480e7a2393bc1c4d","52195","کرمانشاه","Kermānshāh","سرپل ذهاب","Sar Pol-e Zahāb","مرکزی","Markazi","","","","Posht Tang","دنگی عباس داره زرد","Dangi-ye Abbās-e Dāreh Zard","Dıngī-yı Abās-ı Dāra Zard","Mehdi Fattahi, field notes 2017","87","","","","Central Kurdish 100%","Mehdi Fattahi, field notes 2017",34.63194888976074,46.01039673332736,""
"","d1d085176c394bfa8df78bede14610d5","8-087c7218d6dfe5156766265fadba655d","52196","کرمانشاه","Kermānshāh","سرپل ذهاب","Sar Pol-e Zahāb","مرکزی","Markazi","","","","Posht Tang","دنگی علی بیگ","Dangi-ye Ali Beyg","Dıngī-yı Alī Bayg","Mehdi Fattahi, field notes 2017","62","","","","Central Kurdish 100%","Mehdi Fattahi, field notes 2017",34.64039889621054,46.006520526312535,""
"","d1d085176c394bfa8df78bede1460bb1","8-883d3ad1e6b6425698a6674dffb3336e","52197","کرمانشاه","Kermānshāh","سرپل ذهاب","Sar Pol-e Zahāb","مرکزی","Markazi","","","","Posht Tang","دنگی کاک عبدالله","Dangi-ye Kāk Abdollāh","Dıngī-yı Kāk Avdılā","Mehdi Fattahi, field notes 2017","166","","","","Central Kurdish 100%","Mehdi Fattahi, field notes 2017",34.648581119018665,45.97572876682573,""
"","d1d085176c394bfa8df78bede1460674","8-d52866f745552f9dde12546e3a1dbcfd","52198","کرمانشاه","Kermānshāh","سرپل ذهاب","Sar Pol-e Zahāb","مرکزی","Markazi","","","","Posht Tang","دول درازمراد","Dul Derāz Morād","Dūḷ Dırīzh Mırāy","Mehdi Fattahi, field notes 2017","","(3 or fewer households; population not specified in 2011 Census for reasons of privacy)","","","Central Kurdish 100%","Mehdi Fattahi, field notes 2017",34.661786984813574,46.01584696880614,""
"","d1d085176c394bfa8df78bede1467b13","8-e4e0a74ba887d15571c9818906486044","52199","کرمانشاه","Kermānshāh","سرپل ذهاب","Sar Pol-e Zahāb","مرکزی","Markazi","","","","Posht Tang","ده سفید","Deh Sefid","Dē Sıfēd","Mehdi Fattahi, field notes 2017","31","","","","Central Kurdish 100%","Mehdi Fattahi, field notes 2017",34.62837828800931,45.97266817706583,""
"","d1d085176c394bfa8df78bede14674e1","10-02a1f0f852523aa9d83a0342d05df815","52200","کرمانشاه","Kermānshāh","سرپل ذهاب","Sar Pol-e Zahāb","مرکزی","Markazi","","","","Posht Tang","سرآواره والی نجفی","Sar Āvāreh-ye Vāli Najafi","Sarāwḷa-y Walī Najafī","Mehdi Fattahi, field notes 2017","136","","","","Central Kurdish 100%","Mehdi Fattahi, field notes 2017",34.64321521691765,45.99262871844152,""
"","d1d085176c394bfa8df78bede14673e2","10-5cf3924588225f951c0c382770f3249c","52201","کرمانشاه","Kermānshāh","سرپل ذهاب","Sar Pol-e Zahāb","مرکزی","Markazi","","","","Posht Tang","سرآواره والی نظری","Sar Āvāreh-ye Vāli Nazari","Sarāwḷa-y Walī Nazarī","Mehdi Fattahi, field notes 2017","130","","","","Central Kurdish 100%","Mehdi Fattahi, field notes 2017",34.6411320901343,45.99211373431079,""
"","d1d085176c394bfa8df78bede1466e60","8-ab35953e7445b4fb1165ac68a129971e","52202","کرمانشاه","Kermānshāh","سرپل ذهاب","Sar Pol-e Zahāb","مرکزی","Markazi","","","","Posht Tang","طلسم شهباز","Telesm-e Shahbāz","Tıḷısm-ı Shāwāz","Mehdi Fattahi, field notes 2017","230","","","","Central Kurdish 100%","Mehdi Fattahi, field notes 2017",34.669423631298706,45.98867616273393,""
"","d1d085176c394bfa8df78bede1466db3","8-d822d08146cb4319025fcf066bc247d5","52203","کرمانشاه","Kermānshāh","سرپل ذهاب","Sar Pol-e Zahāb","مرکزی","Markazi","","","","Posht Tang","فرمایشه الله نظر","Farmāyesheh-ye Allāh Nazar","Farmāyısha-y Alā Nazar","Mehdi Fattahi, field notes 2017","251","","","","Central Kurdish 100%","Mehdi Fattahi, field notes 2017",34.67420605072879,46.003042074215415,""
"","d1d085176c394bfa8df78bede146634a","8-b663599a4fc69d9f5ccf4baa8764e456","52204","کرمانشاه","Kermānshāh","سرپل ذهاب","Sar Pol-e Zahāb","مرکزی","Markazi","","","","Posht Tang","قلعه کوه خسرو","Qal'eh-ye Kuh Khosrow","Qaḷā-y Küẅa Khasraw","Mehdi Fattahi, field notes 2017","65","","","","Central Kurdish 100%","Mehdi Fattahi, field notes 2017",34.66671023552078,46.00372871972247,""
"","d1d085176c394bfa8df78bede1466078","9-27584fbb92efd4e04c78f05bcba0af2a","52205","کرمانشاه","Kermānshāh","سرپل ذهاب","Sar Pol-e Zahāb","مرکزی","Markazi","","","","Posht Tang","قلعه گل علی آقا","Qal'eh Gol-e Ali Āqā","Qaḷā Guḷ-ı Alī Āqā","Mehdi Fattahi, field notes 2017","28","","","","Central Kurdish 100%","Mehdi Fattahi, field notes 2017",34.669320483901664,46.02965393948528,""
"","d1d085176c394bfa8df78bede146564a","8-b55c388be847bd1af1a2c3c5076f1cf6","52206","کرمانشاه","Kermānshāh","سرپل ذهاب","Sar Pol-e Zahāb","مرکزی","Markazi","","","","Posht Tang","قالودره","Qāludereh","Qāḷūdıra","Mehdi Fattahi, field notes 2017","69","","","","Central Kurdish 100%","Mehdi Fattahi, field notes 2017",34.65294993642226,45.99047018756981,""
"","d1d085176c394bfa8df78bede1465263","8-18b3d5d3d03768d7924cee924651cbbb","52207","کرمانشاه","Kermānshāh","سرپل ذهاب","Sar Pol-e Zahāb","مرکزی","Markazi","","","","Posht Tang","کفرو باوکه","Kefru Bāvakeh","Kıfrū Bāwaka","Mehdi Fattahi, field notes 2017","127","","","","Central Kurdish 100%","Mehdi Fattahi, field notes 2017",34.63353825520224,45.969138390002485,""
"","d1d085176c394bfa8df78bede1464d97","8-f2ce39d51d3845dc945747b707b6bf67","52208","کرمانشاه","Kermānshāh","سرپل ذهاب","Sar Pol-e Zahāb","مرکزی","Markazi","","","","Posht Tang","کفرو سلمان","Kefru Salmān","Kıfrū Saḷmān","Mehdi Fattahi, field notes 2017","164","","","","Central Kurdish 100%","Mehdi Fattahi, field notes 2017",34.624336245798816,45.96675409546333,""
"","d1d085176c394bfa8df78bede146c7a6","6-6627e7671d4e90f0424fe433daa124d0","52209","کرمانشاه","Kermānshāh","سرپل ذهاب","Sar Pol-e Zahāb","مرکزی","Markazi","","","","Posht Tang","کرکوله مرادعلی","Karkuleh-ye Morād Ali","Karkuḷa-y Mırād Alī","Mehdi Fattahi, field notes 2017","15","","","","Central Kurdish 100%","Mehdi Fattahi, field notes 2017","","",""
"","d1d085176c394bfa8df78bede146c78b","8-5f83f64f381a19529856246016184cab","52210","کرمانشاه","Kermānshāh","سرپل ذهاب","Sar Pol-e Zahāb","مرکزی","Markazi","","","","Posht Tang","گوری زردالهی","Guri-ye Zardollāhi","Gūrī Zardılāhī","Mehdi Fattahi, field notes 2017","133","","","","Central Kurdish 100%","Mehdi Fattahi, field notes 2017",34.67314282452385,45.97389182664443,""
"","d1d085176c394bfa8df78bede146c2f0","6-ec4af9e68f438d07cf858d0e80765fcd","52211","کرمانشاه","Kermānshāh","سرپل ذهاب","Sar Pol-e Zahāb","مرکزی","Markazi","","","","Posht Tang","مله کرمینه","Meleh Kermineh","Mıla Kırmīna","Mehdi Fattahi, field notes 2017","","(3 or fewer households; population not specified in 2011 Census for reasons of privacy)","","","Central Kurdish 100%","Mehdi Fattahi, field notes 2017","","",""
"","d1d085176c394bfa8df78bede146c11a","8-ebc8f10f303518c9d6fcfee8f7ca907b","52212","کرمانشاه","Kermānshāh","سرپل ذهاب","Sar Pol-e Zahāb","مرکزی","Markazi","","","","Posht Tang","دار زرد طهماسب","Dār Zard-e Tahmāsb","Dār Zard-ı Tāmās","Mehdi Fattahi, field notes 2017","49","","","","Central Kurdish 100%","Mehdi Fattahi, field notes 2017",34.66241368117286,46.02946194905442,""
"","d1d085176c394bfa8df78bede146b3a7","6-9a00391d9e44e46db570ed927eda1c27","52213","کرمانشاه","Kermānshāh","سرپل ذهاب","Sar Pol-e Zahāb","مرکزی","Markazi","","","","Humeh-ye Sar Pol","","","","","16643","","","","","","","",""
"","d1d085176c394bfa8df78bede146b023","8-80d6b50dd3513f2aba5e7337f4e32e2f","52214","کرمانشاه","Kermānshāh","سرپل ذهاب","Sar Pol-e Zahāb","مرکزی","Markazi","","","","Humeh-ye Sar Pol","سراب گرم سفلی","Sarāb Garm-e Soflā","Sarāw Garm-ı Sıfḷā","Mehdi Fattahi, field notes 2017","55","","","","Kalhuri 100%","Mehdi Fattahi, field notes 2017",34.42967802550267,45.8426844929824,""
"","d1d085176c394bfa8df78bede146a1e0","8-f5ca638dd5330f4f76dc98961b4b128e","52215","کرمانشاه","Kermānshāh","سرپل ذهاب","Sar Pol-e Zahāb","مرکزی","Markazi","","","","Humeh-ye Sar Pol","سراب گرم علیا","Sārāb Garm-e Olyā","Sarāw Garm-ı Ulyā","Mehdi Fattahi, field notes 2017","231","","","","Kalhuri 100%","Mehdi Fattahi, field notes 2017",34.428971893881844,45.84640107224046,""
"","d1d085176c394bfa8df78bede1469ce0","6-d3a2820e885b8fbfa2ee79e557f67cf6","52216","کرمانشاه","Kermānshāh","سرپل ذهاب","Sar Pol-e Zahāb","مرکزی","Markazi","","","","Humeh-ye Sar Pol","شهرک بانگر","Shahrak-e Bāngar","Shārak-ı Bāngaṛ","Mehdi Fattahi, field notes 2017","","(3 or fewer households; population not specified in 2011 Census for reasons of privacy)","","","Kalhuri 100%","Mehdi Fattahi, field notes 2017","","",""
"","d1d085176c394bfa8df78bede1469266","8-4aabf0abaaa085af6eaa9832ee917c74","52217","کرمانشاه","Kermānshāh","سرپل ذهاب","Sar Pol-e Zahāb","مرکزی","Markazi","","","","Humeh-ye Sar Pol","عسگرخانی","Askar Khāni","Askar Khānī","Mehdi Fattahi, field notes 2017","199","","","","Kalhuri 100%","Mehdi Fattahi, field notes 2017",34.436909281924756,45.88433823654211,""
"","d1d085176c394bfa8df78bede14688aa","8-7090527def2d4d624546b4f2f995c535","52218","کرمانشاه","Kermānshāh","سرپل ذهاب","Sar Pol-e Zahāb","مرکزی","Markazi","","","","Humeh-ye Sar Pol","کوییک شکر","Kuik-e Shekar","Kūwīk-ı Shıkır","Mehdi Fattahi, field notes 2017","1443","","","","Kalhuri 100%","Mehdi Fattahi, field notes 2017",34.44658763801046,45.86111663333068,""
"","d1d085176c394bfa8df78bede14703d1","8-a8bcd577cee85e40acac15c3e6e16669","52219","کرمانشاه","Kermānshāh","سرپل ذهاب","Sar Pol-e Zahāb","مرکزی","Markazi","","","","Humeh-ye Sar Pol","احمدآباد","Ahmad Ābād","Āmad Ābād","Mehdi Fattahi, field notes 2017","1105","","","","Kalhuri 100%","Mehdi Fattahi, field notes 2017",34.446298983006216,45.855322601489505,""
"","d1d085176c394bfa8df78bede146fb3d","8-b311990b1fa02b62ec981f239a7996d2","52220","کرمانشاه","Kermānshāh","سرپل ذهاب","Sar Pol-e Zahāb","مرکزی","Markazi","","","","Humeh-ye Sar Pol","پاوه نار","Pāveh Nār","Pāwa Nār","Mehdi Fattahi, field notes 2017","721","","","","Kalhuri 100%","Mehdi Fattahi, field notes 2017",34.4509218214127,45.845140936070244,""
"","d1d085176c394bfa8df78bede146f9fe","8-eb4d6e3c5c836dd3382e774d270c1206","52221","کرمانشاه","Kermānshāh","سرپل ذهاب","Sar Pol-e Zahāb","مرکزی","Markazi","","","","Humeh-ye Sar Pol","زعفران","Za'ferān","Zāfırān","Mehdi Fattahi, field notes 2017","3928","","","","Kalhuri 100%","Mehdi Fattahi, field notes 2017",34.44972784542414,45.84972863161179,""
"","d1d085176c394bfa8df78bede146ee28","8-9e71910c809caf50bd4d96178c4e1128","52222","کرمانشاه","Kermānshāh","سرپل ذهاب","Sar Pol-e Zahāb","مرکزی","Markazi","","","","Humeh-ye Sar Pol","آب باریک","Āb Bārik","Āw Bārīk","Mehdi Fattahi, field notes 2017","224","","","","Kalhuri 100%","Mehdi Fattahi, field notes 2017",34.43667245184862,45.80772291877051,""
"","d1d085176c394bfa8df78bede146e40f","8-a282a0c4ab5e372b2e7bbfa506ffbd27","52223","کرمانشاه","Kermānshāh","سرپل ذهاب","Sar Pol-e Zahāb","مرکزی","Markazi","","","","Humeh-ye Sar Pol","خاتونه","Khātuneh","Khātüna","Mehdi Fattahi, field notes 2017","182","","","","Kalhuri 100%","Mehdi Fattahi, field notes 2017",34.44814995897151,45.799106659299994,""
"","d1d085176c394bfa8df78bede146e37b","8-bb44cd52a6e75cb3dcca7724faface2f","52224","کرمانشاه","Kermānshāh","سرپل ذهاب","Sar Pol-e Zahāb","مرکزی","Markazi","","","","Humeh-ye Sar Pol","ریخک سفلی","Rikhak-e Soflā","Ṛīyakhak-ı Sıfḷā","Mehdi Fattahi, field notes 2017","75","","","","Kalhuri 100%","Mehdi Fattahi, field notes 2017",34.463858892174066,45.81325681275089,""
"","d1d085176c394bfa8df78bede146da66","8-84a66eb84e6dd1080f45882ad96cf4e6","52225","کرمانشاه","Kermānshāh","سرپل ذهاب","Sar Pol-e Zahāb","مرکزی","Markazi","","","","Humeh-ye Sar Pol","ریخک علیا","Rikhak-e Olyā","Ṛīyakhak-ı Ulyā","Mehdi Fattahi, field notes 2017","82","","","","Kalhuri 100%","Mehdi Fattahi, field notes 2017",34.45885694816405,45.828356717420064,""
"","d1d085176c394bfa8df78bede146d35b","8-5d3448f4bc5e54b87d9bf7a0975dd2ef","52226","کرمانشاه","Kermānshāh","سرپل ذهاب","Sar Pol-e Zahāb","مرکزی","Markazi","","","","Humeh-ye Sar Pol","زرین جو","Zarrin Ju","Zaṛīn Jū","Mehdi Fattahi, field notes 2017","82","","","","Kalhuri 100%","Mehdi Fattahi, field notes 2017",34.43431874548837,45.800298564217584,""
"","d1d085176c394bfa8df78bede146d027","8-6701d3268eac3523ba2a290f2d07f8e0","52227","کرمانشاه","Kermānshāh","سرپل ذهاب","Sar Pol-e Zahāb","مرکزی","Markazi","","","","Humeh-ye Sar Pol","زیلو بسطام","Zilu Bastām","Zīlū Bastām","Mehdi Fattahi, field notes 2017","43","","","","Kalhuri 100%","Mehdi Fattahi, field notes 2017",34.4352875384575,45.806553475639994,""
"","d1d085176c394bfa8df78bede146cce7","8-89369a047f8e61a6c7310d4da5f3cf52","52228","کرمانشاه","Kermānshāh","سرپل ذهاب","Sar Pol-e Zahāb","مرکزی","Markazi","","","","Humeh-ye Sar Pol","میان میل","Miān Mil","Nāw Mīl","Mehdi Fattahi, field notes 2017","97","","","","Kalhuri 100%","Mehdi Fattahi, field notes 2017",34.43988705891443,45.83466372559354,""
"","d1d085176c394bfa8df78bede1473e6e","8-d8e03babd38244f1d0579542631a8084","52229","کرمانشاه","Kermānshāh","سرپل ذهاب","Sar Pol-e Zahāb","مرکزی","Markazi","","","","Humeh-ye Sar Pol","هنیدر تعویض","Hanidar-e Ta'viz","Hınīdır-ı Tāwēz","Mehdi Fattahi, field notes 2017","40","","","","Kalhuri 100%","Mehdi Fattahi, field notes 2017",34.465110969896465,45.80633578141028,""
"","d1d085176c394bfa8df78bede1473a94","8-7391d632772a8d1ffb4cb01f1c932dc1","52230","کرمانشاه","Kermānshāh","سرپل ذهاب","Sar Pol-e Zahāb","مرکزی","Markazi","","","","Humeh-ye Sar Pol","هنیدر مفروضه","Hanidar-e Mafruzeh","Hınīdır-ı Mafrūza","Mehdi Fattahi, field notes 2017","102","","","","Kalhuri 100%","Mehdi Fattahi, field notes 2017",34.46848719331717,45.82401247089905,""
"","d1d085176c394bfa8df78bede14735e9","8-63218403c7c694f34ed02331b105ca0c","52231","کرمانشاه","Kermānshāh","سرپل ذهاب","Sar Pol-e Zahāb","مرکزی","Markazi","","","","Humeh-ye Sar Pol","شهرک زراعی قره بلاغ","Shahrak-e Zerā'i-ye Qareh Bolāgh","Shārak-ı Zırā'ī-yı Qara Wıḷākh","Mehdi Fattahi, field notes 2017","680","","","","Kalhuri 100%","Mehdi Fattahi, field notes 2017",34.475617201806635,45.83322435796475,""
"","d1d085176c394bfa8df78bede1472cd9","8-255377dc4ab7365f4d6fd9538b3dc548","52232","کرمانشاه","Kermānshāh","سرپل ذهاب","Sar Pol-e Zahāb","مرکزی","Markazi","","","","Humeh-ye Sar Pol","دستک سفلی","Dastak-e Soflā","Dasak-ı Sıfḷā","Mehdi Fattahi, field notes 2017","62","","","","Kalhuri 100%","Mehdi Fattahi, field notes 2017",34.534724245292374,45.80263649645879,""
"","d1d085176c394bfa8df78bede14728c1","8-ffa012cd3afa3eb97ff27c6345707672","52233","کرمانشاه","Kermānshāh","سرپل ذهاب","Sar Pol-e Zahāb","مرکزی","Markazi","","","","Humeh-ye Sar Pol","قراویز","Qarāviz","Qarāwēz","Mehdi Fattahi, field notes 2017","519","","","","Gōrāni 70%; Central Kurdish 30%","Mehdi Fattahi, field notes 2017",34.48815699927919,45.794771028224424,""
"","d1d085176c394bfa8df78bede1472419","8-1c6a52f5cd59d6836dd4fc1365417729","52234","کرمانشاه","Kermānshāh","سرپل ذهاب","Sar Pol-e Zahāb","مرکزی","Markazi","","","","Humeh-ye Sar Pol","قره بلاغ اعظم","Qareh Bolāgh-e A'zam","Qara Wıḷākh-ı Ahzam","Mehdi Fattahi, field notes 2017","554","","","","Kalhuri 100%","Mehdi Fattahi, field notes 2017",34.47316661641537,45.825567220044654,""
"","d1d085176c394bfa8df78bede147148b","8-83173d103b2af0c6dde5c86f9f06588e","52235","کرمانشاه","Kermānshāh","سرپل ذهاب","Sar Pol-e Zahāb","مرکزی","Markazi","","","","Humeh-ye Sar Pol","قره بلاغ شیخ مراد","Qareh Bolāgh-e Sheykh Morād","Qara Wıḷākh-ı Shaykh Mırāy","Mehdi Fattahi, field notes 2017","175","","","","Kalhuri 100%","Mehdi Fattahi, field notes 2017",34.4857324408347,45.83071775846622,""
"","d1d085176c394bfa8df78bede1471279","8-b3ef6b64088e1dfe511a79c810f91ca6","52236","کرمانشاه","Kermānshāh","سرپل ذهاب","Sar Pol-e Zahāb","مرکزی","Markazi","","","","Humeh-ye Sar Pol","گلم کبودعلیا","Golam Kabud-e Olyā","Guḷam Kaw-ı Ulyā","Mehdi Fattahi, field notes 2017","250","","","","Kalhuri 100%","Mehdi Fattahi, field notes 2017",34.53874607148464,45.79703863318921,""
"","d1d085176c394bfa8df78bede147111f","8-c9a1a2dd98a91a8e169aa60555d78d32","52237","کرمانشاه","Kermānshāh","سرپل ذهاب","Sar Pol-e Zahāb","مرکزی","Markazi","","","","Humeh-ye Sar Pol","بابااسکندر","Bābā Eskandar","Bāwa Iskandar","Mehdi Fattahi, field notes 2017","582","","","","Kalhuri 100%","Mehdi Fattahi, field notes 2017",34.47155665507578,45.80629379814961,""
"","d1d085176c394bfa8df78bede1470e3e","8-63a3b12d79d79391e5eba3975f168a88","52238","کرمانشاه","Kermānshāh","سرپل ذهاب","Sar Pol-e Zahāb","مرکزی","Markazi","","","","Humeh-ye Sar Pol","گلم کبودسفلی","Golam Kabud-e Soflā","Guḷam Kaw-ı Sıfḷā","Mehdi Fattahi, field notes 2017","100","","","","Kalhuri 100%","Mehdi Fattahi, field notes 2017",34.544375500587336,45.78811224158861,""
"","d1d085176c394bfa8df78bede1478ff2","8-085f324be191b2b8dae7fac19c01e258","52239","کرمانشاه","Kermānshāh","سرپل ذهاب","Sar Pol-e Zahāb","مرکزی","Markazi","","","","Humeh-ye Sar Pol","پس پس","Pes Pes","Pıs Pıs","Mehdi Fattahi, field notes 2017","250","","","","Kalhuri 100%","Mehdi Fattahi, field notes 2017",34.478606826943555,45.85283171509014,""
"","d1d085176c394bfa8df78bede1478c7f","8-e326fbd16e82ffa0a251560e9ca8eb11","52240","کرمانشاه","Kermānshāh","سرپل ذهاب","Sar Pol-e Zahāb","مرکزی","Markazi","","","","Humeh-ye Sar Pol","تپه رش کلاشی","Tappeh Rash-e Kalāshi","Tapa Ṛash-ı Kaḷāshī","Mehdi Fattahi, field notes 2017","695","","","","Kalhuri 100%","Mehdi Fattahi, field notes 2017",34.50229684517927,45.85649024818618,""
"","d1d085176c394bfa8df78bede14788b6","8-8c67ad8986988a283ee232c5ee45dffe","52241","کرمانشاه","Kermānshāh","سرپل ذهاب","Sar Pol-e Zahāb","مرکزی","Markazi","","","","Humeh-ye Sar Pol","دماغ سفید","Damāgh Sefid","Damāq Sıfēd","Mehdi Fattahi, field notes 2017","124","","","","Kalhuri 100%","Mehdi Fattahi, field notes 2017",34.48719371324477,45.86452713029931,""
"","d1d085176c394bfa8df78bede1477908","10-493ea8ea83ce309a01903f1620d0971d","52242","کرمانشاه","Kermānshāh","سرپل ذهاب","Sar Pol-e Zahāb","مرکزی","Markazi","","","","Humeh-ye Sar Pol","دول الیاس","Dul-e Elyās","Dūḷ-ı Ilyās","Mehdi Fattahi, field notes 2017","127","","","","Kalhuri 100%","Mehdi Fattahi, field notes 2017",34.484337287219844,45.86519231813544,""
"","d1d085176c394bfa8df78bede1476bbc","8-8929e01cfe80b01ebeda47438336ec24","52243","کرمانشاه","Kermānshāh","سرپل ذهاب","Sar Pol-e Zahāb","مرکزی","Markazi","","","","Humeh-ye Sar Pol","زرین جوب","Zarrin Jub","Zaṛīn Jū","Mehdi Fattahi, field notes 2017","419","","","","Kalhuri 100%","Mehdi Fattahi, field notes 2017",34.500612391950476,45.83145012873327,""
"","d1d085176c394bfa8df78bede1475e98","8-ebae8c4fbdcfad667c2445e4685c7e6f","52244","کرمانشاه","Kermānshāh","سرپل ذهاب","Sar Pol-e Zahāb","مرکزی","Markazi","","","","Humeh-ye Sar Pol","قلعه رشید آقا","Qal'eh-ye Rashid Āqā","Qaḷā-y Ṛashī Āqā","Mehdi Fattahi, field notes 2017","247","","","","Kalhuri 100%","Mehdi Fattahi, field notes 2017",34.491982489640286,45.849741810305744,""
"","d1d085176c394bfa8df78bede14755fc","8-555a8f51573c7f2cd5a1c957211bd051","52245","کرمانشاه","Kermānshāh","سرپل ذهاب","Sar Pol-e Zahāb","مرکزی","Markazi","","","","Humeh-ye Sar Pol","بریموند","Berimavand","Bırīmawan","Mehdi Fattahi, field notes 2017","307","","","","Kalhuri 100%","Mehdi Fattahi, field notes 2017",34.478694063525055,45.88511432324341,""
"","d1d085176c394bfa8df78bede1474f9d","8-3d0b90a590cd110539e91d185cd82ae3","52246","کرمانشاه","Kermānshāh","سرپل ذهاب","Sar Pol-e Zahāb","مرکزی","Markazi","","","","Humeh-ye Sar Pol","پیران","Pirān","Pīrān","Mehdi Fattahi, field notes 2017","522","","","","Kalhuri 100%","Mehdi Fattahi, field notes 2017",34.497756241779314,45.938416624233255,""
"","d1d085176c394bfa8df78bede1474a61","8-17f6df9393e8b7dcf42383c13faaa495","52247","کرمانشاه","Kermānshāh","سرپل ذهاب","Sar Pol-e Zahāb","مرکزی","Markazi","","","","Humeh-ye Sar Pol","رشیدعباس","Rashid Abbās","Ṛashī Awās","Mehdi Fattahi, field notes 2017","194","","","","Kalhuri 100%","Mehdi Fattahi, field notes 2017",34.473773997516574,45.870355978690334,""
"","d1d085176c394bfa8df78bede1474972","8-5d24c5465ae9b21e688ed522ae7d3d41","52248","کرمانشاه","Kermānshāh","سرپل ذهاب","Sar Pol-e Zahāb","مرکزی","Markazi","","","","Humeh-ye Sar Pol","سلمان تپه","Salmān Tappeh","Saḷmān Tapa","Mehdi Fattahi, field notes 2017","101","","","","Kalhuri 100%","Mehdi Fattahi, field notes 2017",34.50256474763518,45.912806933816206,""
"","d1d085176c394bfa8df78bede147d32b","8-788434f79abbaa239a41200ad2f4d7ab","52249","کرمانشاه","Kermānshāh","سرپل ذهاب","Sar Pol-e Zahāb","مرکزی","Markazi","","","","Humeh-ye Sar Pol","ظله رش","Zeleh Rash","Zıla Ṛash","Mehdi Fattahi, field notes 2017","54","","","","Kalhuri 100%","Mehdi Fattahi, field notes 2017",34.49145439137247,45.88759416908022,""
"","d1d085176c394bfa8df78bede147cdb7","8-266b7be391d9d8078691b3e77f1513d5","52250","کرمانشاه","Kermānshāh","سرپل ذهاب","Sar Pol-e Zahāb","مرکزی","Markazi","","","","Humeh-ye Sar Pol","کانی عزیز","Kāni Aziz","Kānī Azīz","Mehdi Fattahi, field notes 2017","116","","","","Kalhuri 100%","Mehdi Fattahi, field notes 2017",34.5137753191497,45.90445989936357,""
"","d1d085176c394bfa8df78bede147c465","8-1d4d34f409dcf6a1ab75f806ebb8afc9","52251","کرمانشاه","Kermānshāh","سرپل ذهاب","Sar Pol-e Zahāb","مرکزی","Markazi","","","","Humeh-ye Sar Pol","مله کبود","Meleh Kabud","Mıla Kaw","Mehdi Fattahi, field notes 2017","66","","","","Kalhuri 100%","Mehdi Fattahi, field notes 2017",34.530718764841495,45.8946054634451,""
"","d1d085176c394bfa8df78bede147c2eb","8-5b4f0cb585cf199aa1e500863df01be2","52252","کرمانشاه","Kermānshāh","سرپل ذهاب","Sar Pol-e Zahāb","مرکزی","Markazi","","","","Humeh-ye Sar Pol","ناوه فره","Nāveh Fereh","Nāwa Fıṛa","Mehdi Fattahi, field notes 2017","222","","","","Kalhuri 100%","Mehdi Fattahi, field notes 2017",34.50257365052735,45.8993958887435,""
"","d1d085176c394bfa8df78bede147c0b9","10-ee6d47edb4569edef27fa1332cf87f35","52253","کرمانشاه","Kermānshāh","سرپل ذهاب","Sar Pol-e Zahāb","مرکزی","Markazi","","","","Humeh-ye Sar Pol","قورچی باشی","Qurchi Bāshi","Qūrchī Bāshī","Mehdi Fattahi, field notes 2017","172","","","","Kalhuri 100%","Mehdi Fattahi, field notes 2017",34.520062726225056,45.90744955371277,""
"","d1d085176c394bfa8df78bede147b3fe","8-b6d148fdf82e6a32989c196cae3d0d61","52254","کرمانشاه","Kermānshāh","سرپل ذهاب","Sar Pol-e Zahāb","مرکزی","Markazi","","","","Humeh-ye Sar Pol","بازگیرقلعه پرور","Bāzgir-e Qal'eh Parvar","Bāzgır-ı Qaḷā Parwar","Mehdi Fattahi, field notes 2017","200","","","","Kalhuri 100%","Mehdi Fattahi, field notes 2017",34.52828673700255,45.86659593800189,""
"","d1d085176c394bfa8df78bede147acdd","10-1313c0c4a0c5d14907754641f788203d","52255","کرمانشاه","Kermānshāh","سرپل ذهاب","Sar Pol-e Zahāb","مرکزی","Markazi","","","","Humeh-ye Sar Pol","تینی","Tini","Tīnī","Mehdi Fattahi, field notes 2017","81","","","","Kalhuri 100%","Mehdi Fattahi, field notes 2017",34.53773327758025,45.86376754727932,""
"","d1d085176c394bfa8df78bede1479d00","8-3f2f5cf1228a7298c0631947eeaa6cb1","52256","کرمانشاه","Kermānshāh","سرپل ذهاب","Sar Pol-e Zahāb","مرکزی","Markazi","","","","Humeh-ye Sar Pol","خزانه دول","Khazāneh Dul","Khazāna Dūḷ","Mehdi Fattahi, field notes 2017","","(3 or fewer households; population not specified in 2011 Census for reasons of privacy)","","","Kalhuri 100%","Mehdi Fattahi, field notes 2017",34.51814708429079,45.85427040428427,""
"","d1d085176c394bfa8df78bede147952e","8-493aa7bfcf83e865704e42ec0eea0000","52257","کرمانشاه","Kermānshāh","سرپل ذهاب","Sar Pol-e Zahāb","مرکزی","Markazi","","","","Humeh-ye Sar Pol","دستک علیا","Dastak-e Olyā","Dasak-ı Ulyā","Mehdi Fattahi, field notes 2017","102","","","","Kalhuri 100%","Mehdi Fattahi, field notes 2017",34.52352978241674,45.829877011210435,""
"","d1d085176c394bfa8df78bede1479249","8-a37e3b643cf77f2e7faac446f6ff9fb7","52258","کرمانشاه","Kermānshāh","سرپل ذهاب","Sar Pol-e Zahāb","مرکزی","Markazi","","","","Humeh-ye Sar Pol","سرابله","Sarābleh","Sarāwḷa","Mehdi Fattahi, field notes 2017","466","","","","Kalhuri 100%","Mehdi Fattahi, field notes 2017",34.510558885498604,45.85209142540132,""
"","d1d085176c394bfa8df78bede14829fc","8-d611e544bbac8464899af51046bc2c88","52259","کرمانشاه","Kermānshāh","سرپل ذهاب","Sar Pol-e Zahāb","مرکزی","Markazi","","","","Humeh-ye Sar Pol","شمشیر داره رشید","Shamshir-e Dāreh Rashid","Shamshīr-ı Dāra Ṛashī","Mehdi Fattahi, field notes 2017","198","","","","Kalhuri 100%","Mehdi Fattahi, field notes 2017",34.54386763520559,45.86415823156822,""
"","d1d085176c394bfa8df78bede14827f5","10-ee138acc1eb2a7f0598bcfb61e55e606","52260","کرمانشاه","Kermānshāh","سرپل ذهاب","Sar Pol-e Zahāb","مرکزی","Markazi","","","","Humeh-ye Sar Pol","کلینه","Kolineh","Kuḷīna","Mehdi Fattahi, field notes 2017","117","","","","Kalhuri 100%","Mehdi Fattahi, field notes 2017",34.52397323548281,45.86494369724881,""
"","d1d085176c394bfa8df78bede1481eec","8-b9122ddbc4cab65854f5b4ec1f0f8233","52261","کرمانشاه","Kermānshāh","سرپل ذهاب","Sar Pol-e Zahāb","مرکزی","Markazi","","","","Humeh-ye Sar Pol","گلخاطر","Gol Khāter","Guḷ Khātün","Mehdi Fattahi, field notes 2017","34","","","","Kalhuri 100%","Mehdi Fattahi, field notes 2017",34.531260971985944,45.836471224008825,""
"","d1d085176c394bfa8df78bede14814a7","8-84eb63d019e8d09103250a4fcc5d0e9a","52262","کرمانشاه","Kermānshāh","سرپل ذهاب","Sar Pol-e Zahāb","مرکزی","Markazi","","","","Humeh-ye Sar Pol","مجید قلعه پرور","Majid-e Qal'eh Parvar","Majīd-ı Quḷa Parwar","Mehdi Fattahi, field notes 2017","233","","","","Kalhuri 100%","Mehdi Fattahi, field notes 2017",34.539562643790845,45.86385337796748,""
"","d1d085176c394bfa8df78bede1481259","6-825a1f5247b68f306446f6041d06da13","52263","کرمانشاه","Kermānshāh","سرپل ذهاب","Sar Pol-e Zahāb","مرکزی","Markazi","","","","Humeh-ye Sar Pol","ورکورک","Varkurak","Warkūrak","Mehdi Fattahi, field notes 2017","51","","","","Kalhuri 100%","Mehdi Fattahi, field notes 2017","","",""
"","d1d085176c394bfa8df78bede1480519","6-3c54c6b1ac595cd837ef71621c21cc08","52264","کرمانشاه","Kermānshāh","سرپل ذهاب","Sar Pol-e Zahāb","مرکزی","Markazi","","","","Dasht-e Zahāb","","","","","6854","","","","","","","",""
"","d1d085176c394bfa8df78bede147fcb4","6-74b62ff22c421485c7e30aaeada5478d","52265","کرمانشاه","Kermānshāh","سرپل ذهاب","Sar Pol-e Zahāb","مرکزی","Markazi","","","","Dasht-e Zahāb","اکبرآباد","Akbar Ābād","Agbar Ābād","Mehdi Fattahi, field notes 2017","","(3 or fewer households; population not specified in 2011 Census for reasons of privacy)","","","Central Kurdish 100%","Mehdi Fattahi, field notes 2017","","",""
"","d1d085176c394bfa8df78bede147ef87","8-98a47d7327b14e9886acc19c6517bbba","52266","کرمانشاه","Kermānshāh","سرپل ذهاب","Sar Pol-e Zahāb","مرکزی","Markazi","","","","Dasht-e Zahāb","تپه داراب خان","Tappeh-ye Dārāb Khān","Tapa Dārā Khān","Mehdi Fattahi, field notes 2017","146","","","","Central Kurdish 100%","Mehdi Fattahi, field notes 2017",34.57721101965072,45.7697880481229,""
"","d1d085176c394bfa8df78bede147e212","8-25de26095540acc465025d4909745e40","52267","کرمانشاه","Kermānshāh","سرپل ذهاب","Sar Pol-e Zahāb","مرکزی","Markazi","","","","Dasht-e Zahāb","تنگ حمام","Tang-e Hamām","Tang Hamām","Mehdi Fattahi, field notes 2017","","(3 or fewer households; population not specified in 2011 Census for reasons of privacy)","","","Central Kurdish 100%","Mehdi Fattahi, field notes 2017",34.55468626513016,45.77965967278512,""
"","d1d085176c394bfa8df78bede147d49f","8-6f57f8471d4f33f3859dd8ca6ac15aaa","52268","کرمانشاه","Kermānshāh","سرپل ذهاب","Sar Pol-e Zahāb","مرکزی","Markazi","","","","Dasht-e Zahāb","جابری","Jāberi","Jāwırī","Mehdi Fattahi, field notes 2017","145","","","","Central Kurdish 100%","Mehdi Fattahi, field notes 2017",34.574677978211874,45.7955285506412,""
"","d1d085176c394bfa8df78bede1488592","8-2d3f0d59a9470be991e1dcd5887a0e20","52269","کرمانشاه","Kermānshāh","سرپل ذهاب","Sar Pol-e Zahāb","مرکزی","Markazi","","","","Dasht-e Zahāb","کلاره ژاله","Kelāreh-ye Zhāleh","Kılāra-y Zhāḷa","Mehdi Fattahi, field notes 2017","62","","","","Central Kurdish 100%","Mehdi Fattahi, field notes 2017",34.57828151212246,45.797608884828406,""
"","d1d085176c394bfa8df78bede1487f0a","8-140e55eedbee11142d3500cc76bee22b","52270","کرمانشاه","Kermānshāh","سرپل ذهاب","Sar Pol-e Zahāb","مرکزی","Markazi","","","","Dasht-e Zahāb","کلاره مهرابی","Kelāreh-ye Mehrābi","Kılāra-y Mērābī","Mehdi Fattahi, field notes 2017","27","","","","Central Kurdish 100%","Mehdi Fattahi, field notes 2017",34.57672236641923,45.792628401774195,""
"","d1d085176c394bfa8df78bede148728b","10-9ada4a5725b10cfce3b1163b91a634f3","52271","کرمانشاه","Kermānshāh","سرپل ذهاب","Sar Pol-e Zahāb","مرکزی","Markazi","","","","Dasht-e Zahāb","کوییک عزیزی","Kuik-e Azizi","Kūwīk-ı Azīzī","Mehdi Fattahi, field notes 2017","654","","","","Central Kurdish 100%","Mehdi Fattahi, field notes 2017",34.56014831059482,45.86153299200938,""
"","d1d085176c394bfa8df78bede1487012","12-573bf6c19690a9a2aab4db146ac3b422","52272","کرمانشاه","Kermānshāh","سرپل ذهاب","Sar Pol-e Zahāb","مرکزی","Markazi","","","","Dasht-e Zahāb","کوییک مجید","Kuik-e Majid","Kūwīk-ı Majīd","Mehdi Fattahi, field notes 2017","260","","","","Central Kurdish 100%","Mehdi Fattahi, field notes 2017",34.55629593010322,45.85943014014191,""
"","d1d085176c394bfa8df78bede1486709","8-2163519f082a8dd8d62e887d75ea6a3d","52273","کرمانشاه","Kermānshāh","سرپل ذهاب","Sar Pol-e Zahāb","مرکزی","Markazi","","","","Dasht-e Zahāb","کوییک محمود","Kuik-e Mahmud","Kūwīk-ı Mahmūd","Mehdi Fattahi, field notes 2017","216","","","","Central Kurdish 100%","Mehdi Fattahi, field notes 2017",34.55269520676829,45.86189240801743,""
"","d1d085176c394bfa8df78bede14859b3","10-bb93b0728e515b2234fca648689c38c4","52274","کرمانشاه","Kermānshāh","سرپل ذهاب","Sar Pol-e Zahāb","مرکزی","Markazi","","","","Dasht-e Zahāb","کوشکری نامدار","Kushekeri-ye Nāmdār","Kūwīshıkır-ı Nāmdār","Mehdi Fattahi, field notes 2017","90","","","","Central Kurdish 100%","Mehdi Fattahi, field notes 2017",34.5546170846266,45.86037427771522,""
"","d1d085176c394bfa8df78bede1485842","8-832974c50ecb9cd3000aa98b9b453543","52275","کرمانشاه","Kermānshāh","سرپل ذهاب","Sar Pol-e Zahāb","مرکزی","Markazi","","","","Dasht-e Zahāb","مجریلان","Mojrilān","Mujrülān","Mehdi Fattahi, field notes 2017","57","","","","Central Kurdish 100%","Mehdi Fattahi, field notes 2017",34.573337450231705,45.75607659564118,""
"","d1d085176c394bfa8df78bede148486c","8-55065b5b5762cb00e563d695ff7a3c48","52276","کرمانشاه","Kermānshāh","سرپل ذهاب","Sar Pol-e Zahāb","مرکزی","Markazi","","","","Dasht-e Zahāb","میرمیرو","Mir Miru","Mīr Mīrū","Mehdi Fattahi, field notes 2017","74","","","","Central Kurdish 100%","Mehdi Fattahi, field notes 2017",34.554225998585075,45.81701071609272,""
"","d1d085176c394bfa8df78bede1483b84","10-220db0d7d5ab4cce38977b05139328f3","52277","کرمانشاه","Kermānshāh","سرپل ذهاب","Sar Pol-e Zahāb","مرکزی","Markazi","","","","Dasht-e Zahāb","برق بارانی سفلی","Barq Bārāni-ye Soflā","Barkh Wārānī-yı Sıfḷā","Mehdi Fattahi, field notes 2017","82","","","","Central Kurdish 100%","Mehdi Fattahi, field notes 2017",34.58784624121107,45.76406421408666,""
"","d1d085176c394bfa8df78bede1482eaa","8-8803879bd2f976185d94a4d9429fec62","52278","کرمانشاه","Kermānshāh","سرپل ذهاب","Sar Pol-e Zahāb","مرکزی","Markazi","","","","Dasht-e Zahāb","برق بارانی علیا","Barq Bārāni-ye Olyā","Barkh Wārānī-yı Ulyā","Mehdi Fattahi, field notes 2017","67","","","","Central Kurdish 100%","Mehdi Fattahi, field notes 2017",34.594529212412844,45.76594896420908,""
"","d1d085176c394bfa8df78bede148d3eb","8-dcc878cebfd14b8d2fa257fbe6e1dafe","52279","کرمانشاه","Kermānshāh","سرپل ذهاب","Sar Pol-e Zahāb","مرکزی","Markazi","","","","Dasht-e Zahāb","تپه ماران","Tappeh Mārān","Tapa Mārān","Mehdi Fattahi, field notes 2017","487","","","","Central Kurdish 100%","Mehdi Fattahi, field notes 2017",34.594136900526166,45.78193576800883,""
"","d1d085176c394bfa8df78bede148c703","8-97746b838d8157f15b7bcbb3bb2b5b6c","52280","کرمانشاه","Kermānshāh","سرپل ذهاب","Sar Pol-e Zahāb","مرکزی","Markazi","","","","Dasht-e Zahāb","صالح کوچری","Sāleh Kuchari","Sāḷē Kūcharī","Mehdi Fattahi, field notes 2017","59","","","","Central Kurdish 100%","Mehdi Fattahi, field notes 2017",34.60400156773287,45.77592761981542,""
"","d1d085176c394bfa8df78bede148c020","8-14c893f63a2cd2f514dd5227eb05d88d","52281","کرمانشاه","Kermānshāh","سرپل ذهاب","Sar Pol-e Zahāb","مرکزی","Markazi","","","","Dasht-e Zahāb","طایشه محمود نظری","Tāyesheh-ye Mahmud Nazari","Tāyısha-y Mahmūd Nazarī","Mehdi Fattahi, field notes 2017","417","","","","Central Kurdish 100%","Mehdi Fattahi, field notes 2017",34.61264213091644,45.78576060280339,""
"","d1d085176c394bfa8df78bede148ba43","8-ccfff67f221db0d22e4f1d0d1b48d945","52282","کرمانشاه","Kermānshāh","سرپل ذهاب","Sar Pol-e Zahāb","مرکزی","Markazi","","","","Dasht-e Zahāb","بیشگان","Bishegān","Bīshıgān","Mehdi Fattahi, field notes 2017","24","","","","Central Kurdish 100%","Mehdi Fattahi, field notes 2017",34.6046903795378,45.7648393724905,""
"","d1d085176c394bfa8df78bede148b725","12-3c0a438fd761a174ae3c2f59c906f3e9","52283","کرمانشاه","Kermānshāh","سرپل ذهاب","Sar Pol-e Zahāb","مرکزی","Markazi","","","","Dasht-e Zahāb","بی بیان","Bibiān","Bībīyān","Mehdi Fattahi, field notes 2017","275","","","","Central Kurdish 100%","Mehdi Fattahi, field notes 2017",34.63634023444141,45.83214581648345,""
"","d1d085176c394bfa8df78bede148b399","8-0807ee1ae6f702f8032a8ade8761bcc6","52284","کرمانشاه","Kermānshāh","سرپل ذهاب","Sar Pol-e Zahāb","مرکزی","Markazi","","","","Dasht-e Zahāb","تپانی","Tapāni","Tapānī","Mehdi Fattahi, field notes 2017","590","","","","Central Kurdish 100%","Mehdi Fattahi, field notes 2017",34.606012472939895,45.84939778486485,""
"","d1d085176c394bfa8df78bede148abc5","12-e5a5e53bfbe9037cc62e1ae312215202","52285","کرمانشاه","Kermānshāh","سرپل ذهاب","Sar Pol-e Zahāb","مرکزی","Markazi","","","","Dasht-e Zahāb","سراب ذهاب","Sarāb-e Zahāb","Sarāw Zahāw","Mehdi Fattahi, field notes 2017","344","","","","Central Kurdish 100%","Mehdi Fattahi, field notes 2017",34.62165701419607,45.82657480187063,""
"","d1d085176c394bfa8df78bede1489e82","10-dd6e187717a714040bae796343970453","52286","کرمانشاه","Kermānshāh","سرپل ذهاب","Sar Pol-e Zahāb","مرکزی","Markazi","","","","Dasht-e Zahāb","قلخانچک شاه طوطیا","Qalkhānchak-e Shāh Tutiā","Qaḷkhānchak-ı Shā Tūtīyā","Mehdi Fattahi, field notes 2017","134","","","","Gōrāni 51%; Central Kurdish 49%","Mehdi Fattahi, field notes 2017",34.634173072238596,45.80913782755761,""
"","d1d085176c394bfa8df78bede148988f","8-0bc82e393e123911ddf29e313212ecea","52287","کرمانشاه","Kermānshāh","سرپل ذهاب","Sar Pol-e Zahāb","مرکزی","Markazi","","","","Dasht-e Zahāb","قلعه ذهاب","Qal'eh-ye Zahāb","Qaḷā Zahāw","Mehdi Fattahi, field notes 2017","284","","","","Central Kurdish 100%","Mehdi Fattahi, field notes 2017",34.641546779131566,45.78816502409109,""
"","d1d085176c394bfa8df78bede14891a1","12-79f9ead209aedb6fca08acbc6f41c223","52288","کرمانشاه","Kermānshāh","سرپل ذهاب","Sar Pol-e Zahāb","مرکزی","Markazi","","","","Dasht-e Zahāb","کلاشی عبدالقادر","Kalāshi-ye Abd-ol-Qāder","Kaḷāshī-yı Abdul Qādır","Mehdi Fattahi, field notes 2017","260","","","","Central Kurdish 100%","Mehdi Fattahi, field notes 2017",34.63460151353572,45.815558969447565,""
"","d1d085176c394bfa8df78bede1491a70","10-f5a79f49f0eee7d81d898bf3f643eddf","52289","کرمانشاه","Kermānshāh","سرپل ذهاب","Sar Pol-e Zahāb","مرکزی","Markazi","","","","Dasht-e Zahāb","مله دیزگه","Meleh Dizegeh","Mıla Dīzıga","Mehdi Fattahi, field notes 2017","130","","","","Central Kurdish 100%","Mehdi Fattahi, field notes 2017",34.65920747513255,45.834481409353536,""
"","d1d085176c394bfa8df78bede1491783","8-d1ca751f4f84ef4b1c88fdaaf0b12841","52290","کرمانشاه","Kermānshāh","سرپل ذهاب","Sar Pol-e Zahāb","مرکزی","Markazi","","","","Dasht-e Zahāb","الیاس محمود","Elyās Mahmud","Ilyās Mahmūd","Mehdi Fattahi, field notes 2017","229","","","","Central Kurdish 100%","Mehdi Fattahi, field notes 2017",34.6068186857084,45.86688697242155,""
"","d1d085176c394bfa8df78bede1490ed5","8-817a1331f8254429616b7f897e1a7959","52291","کرمانشاه","Kermānshāh","سرپل ذهاب","Sar Pol-e Zahāb","مرکزی","Markazi","","","","Dasht-e Zahāb","الیاسی خلیفه حسین","Elyāsi-ye Khalifeh Hoseyn","Ilyāsī-yı Khalīfa Husayn","Mehdi Fattahi, field notes 2017","173","","","","Central Kurdish 100%","Mehdi Fattahi, field notes 2017",34.59896793783963,45.865857004160084,""
"","d1d085176c394bfa8df78bede1490e2a","8-5ad345258bb79c98b007ab848e688adb","52292","کرمانشاه","Kermānshāh","سرپل ذهاب","Sar Pol-e Zahāb","مرکزی","Markazi","","","","Dasht-e Zahāb","قلعه بهادری","Qal'eh Bahādori","Qaḷā Bahādurī","Mehdi Fattahi, field notes 2017","524","","","","Central Kurdish 100%","Mehdi Fattahi, field notes 2017",34.59267412195807,45.86512900694034,""
"","d1d085176c394bfa8df78bede14907e6","8-586a72f36d779062c35ef91b79e798e9","52293","کرمانشاه","Kermānshāh","سرپل ذهاب","Sar Pol-e Zahāb","مرکزی","Markazi","","","","Dasht-e Zahāb","قلعه واری","Qal'eh Vāri","Qaḷā Wārī","Mehdi Fattahi, field notes 2017","244","","","","Central Kurdish 100%","Mehdi Fattahi, field notes 2017",34.58415544263404,45.849867593302946,""
"","d1d085176c394bfa8df78bede14906b8","10-56f1750188333af1af3b428c47692656","52294","کرمانشاه","Kermānshāh","سرپل ذهاب","Sar Pol-e Zahāb","مرکزی","Markazi","","","","Dasht-e Zahāb","کوییک حسن","Kuik-e Hasan","Kūwīk-ı Hasan","Mehdi Fattahi, field notes 2017","603","","","","Central Kurdish 100%","Mehdi Fattahi, field notes 2017",34.571146310508524,45.86051218132123,""
"","d1d085176c394bfa8df78bede148f84e","8-d28ebc21a7ccbfff675b001502e43021","52295","کرمانشاه","Kermānshāh","سرپل ذهاب","Sar Pol-e Zahāb","مرکزی","Markazi","","","","Dasht-e Zahāb","نوشیروان","Nowshirvān","Nawshērwān","Mehdi Fattahi, field notes 2017","165","","","","Central Kurdish 100%","Mehdi Fattahi, field notes 2017",34.58494599054655,45.83795322086063,""
"","d1d085176c394bfa8df78bede148f3ff","6-0bc63959a8163f2234bb8251da9f4131","52296","کرمانشاه","Kermānshāh","سرپل ذهاب","Sar Pol-e Zahāb","مرکزی","Markazi","","","","Qaḷ'eh Shāhin","","","","","13006","","","","","","","",""
"","d1d085176c394bfa8df78bede148edbb","8-223564562820f3068ab5c1ef44c7ecc6","52297","کرمانشاه","Kermānshāh","سرپل ذهاب","Sar Pol-e Zahāb","مرکزی","Markazi","","","","Qaḷ'eh Shāhin","داربلوط","Dār Balut","Dār Baṛü","Mehdi Fattahi, field notes 2017","337","","","","Kalhuri 100%","Mehdi Fattahi, field notes 2017",34.34684764470158,45.98158750744297,""
"","d1d085176c394bfa8df78bede148e1b3","8-750fea45e26639f172b12013362318bb","52298","کرمانشاه","Kermānshāh","سرپل ذهاب","Sar Pol-e Zahāb","مرکزی","Markazi","","","","Qaḷ'eh Shāhin","کلاوه","Kalāveh","Kaḷāwa","Mehdi Fattahi, field notes 2017","460","","","","Kalhuri 100%","Mehdi Fattahi, field notes 2017",34.34096564224644,45.98229561062272,""
"","d1d085176c394bfa8df78bede1496ee6","8-a472f9eb3ae6ac1419e3aee5e3c874a7","52299","کرمانشاه","Kermānshāh","سرپل ذهاب","Sar Pol-e Zahāb","مرکزی","Markazi","","","","Qaḷ'eh Shāhin","نرامان نقاره کوب","Narāmān-e Naqāreh Kub","Nırāmān-ı Nıqāra Kwıt","Mehdi Fattahi, field notes 2017","499","","","","Kalhuri 100%","Mehdi Fattahi, field notes 2017",34.29670297480908,46.013302884416404,""
"","d1d085176c394bfa8df78bede14966f6","8-2acf09eb7866a05f2fab023dd95ca572","52300","کرمانشاه","Kermānshāh","سرپل ذهاب","Sar Pol-e Zahāb","مرکزی","Markazi","","","","Qaḷ'eh Shāhin","امامیه سفلی","Emāmeh-ye Soflā","Imāma-y Sıfḷā, Sēyān-ı Sıfḷā","Mehdi Fattahi, field notes 2017","759","","","","Kalhuri 100%","Mehdi Fattahi, field notes 2017",34.25635373901148,46.05024478192595,""
"","d1d085176c394bfa8df78bede1495f54","8-eeaec068140cdd02672d7c301335e9d9","52301","کرمانشاه","Kermānshāh","سرپل ذهاب","Sar Pol-e Zahāb","مرکزی","Markazi","","","","Qaḷ'eh Shāhin","امامیه علیا","Emāmeh-ye Olyā","Imāma-y Ulyā, Sēyān-ı Ulyā","Mehdi Fattahi, field notes 2017","721","","","","Kalhuri 100%","Mehdi Fattahi, field notes 2017",34.2526580830768,46.063386441381766,""
"","d1d085176c394bfa8df78bede1495bb9","8-908d764524fcd1f7fe3967ef5d0878f7","52302","کرمانشاه","Kermānshāh","سرپل ذهاب","Sar Pol-e Zahāb","مرکزی","Markazi","","","","Qaḷ'eh Shāhin","گنجوره","Ganjureh","Ganjūra","Mehdi Fattahi, field notes 2017","649","","","","Kalhuri 100%","Mehdi Fattahi, field notes 2017",34.28471003286185,46.014999390758234,""
"","d1d085176c394bfa8df78bede1494c84","6-522b574ee125a4c3e9f591e2ea832e15","52303","کرمانشاه","Kermānshāh","سرپل ذهاب","Sar Pol-e Zahāb","مرکزی","Markazi","","","","Qaḷ'eh Shāhin","مزرعه چقاکدو","Mazra'eh-ye Choqā Kadu","Mazra-y Chīyā Kadū","Mehdi Fattahi, field notes 2017","","(3 or fewer households; population not specified in 2011 Census for reasons of privacy)","","","Kalhuri 100%","Mehdi Fattahi, field notes 2017","","",""
"","d1d085176c394bfa8df78bede1494378","8-946b317fbf87784dea4ac54931a85386","52304","کرمانشاه","Kermānshāh","سرپل ذهاب","Sar Pol-e Zahāb","مرکزی","Markazi","","","","Qaḷ'eh Shāhin","سرباغ گلین","Sar Bāgh-e Goleyn","Sar Bākh-ı Guḷayn","Mehdi Fattahi, field notes 2017","1499","","","","Kalhuri 100%","Mehdi Fattahi, field notes 2017",34.24000592010499,46.008347669286785,""
"","d1d085176c394bfa8df78bede14941fb","8-39e74fa6d06596fc055f4d9afa36c870","52305","کرمانشاه","Kermānshāh","سرپل ذهاب","Sar Pol-e Zahāb","مرکزی","Markazi","","","","Qaḷ'eh Shāhin","برآفتاب گلین","Bar Āftāb-e Goleyn","Baraftāw-ı Guḷayn","Mehdi Fattahi, field notes 2017","168","","","","Kalhuri 100%","Mehdi Fattahi, field notes 2017",34.24867833270242,45.98613970149082,""
"","d1d085176c394bfa8df78bede149331c","8-c9f48d823381bea1b55528b7419393ae","52306","کرمانشاه","Kermānshāh","سرپل ذهاب","Sar Pol-e Zahāb","مرکزی","Markazi","","","","Qaḷ'eh Shāhin","پادگان ابوذر","Pādegān-e Abuzar","Pādıgān-ı Abūzar","Mehdi Fattahi, field notes 2017","1660","","","","mixed 100%","Mehdi Fattahi, field notes 2017",34.323115376268916,45.98272824320626,""
"","d1d085176c394bfa8df78bede1493038","8-b853531384304e66488855e9172100b5","52307","کرمانشاه","Kermānshāh","سرپل ذهاب","Sar Pol-e Zahāb","مرکزی","Markazi","","","","Qaḷ'eh Shāhin","دارتوت","Dār Tut","Dār Tü","Mehdi Fattahi, field notes 2017","571","","","","Kalhuri 100%","Mehdi Fattahi, field notes 2017",34.361499716267936,45.944656967086516,""
"","d1d085176c394bfa8df78bede1492418","10-2066046de04b467e694a2be23f366ca7","52308","کرمانشاه","Kermānshāh","سرپل ذهاب","Sar Pol-e Zahāb","مرکزی","Markazi","","","","Qal'eh Shāhin","سراب قلعه شاهین","Sarāb-e Qal'eh Shāhin","Sarāw Qaḷa Shāyn","Mehdi Fattahi, field notes 2017","701","","","","Kalhuri 100%","Mehdi Fattahi, field notes 2017",34.33391378229259,45.96890602322273,""
"","d1d085176c394bfa8df78bede14996d0","8-32f4e6c0083aa62dd5ece66a9b1dec78","52309","کرمانشاه","Kermānshāh","سرپل ذهاب","Sar Pol-e Zahāb","مرکزی","Markazi","","","","Qaḷ'eh Shāhin","عثمان","Osmān","Wısmān","Mehdi Fattahi, field notes 2017","170","","","","Kalhuri 100%","Mehdi Fattahi, field notes 2017",34.36505998518154,45.94008648292625,""
"","d1d085176c394bfa8df78bede14992f9","10-9b899a7693ac87f708ac3c78cbf58db0","52310","کرمانشاه","Kermānshāh","سرپل ذهاب","Sar Pol-e Zahāb","مرکزی","Markazi","","","","Qal'eh Shāhin","قلعه سفید علیا","Qal'eh Sefid-e Olyā","Qaḷā Sıfēd-ı Ulyā","Mehdi Fattahi, field notes 2017","150","","","","Kalhuri 100%","Mehdi Fattahi, field notes 2017",34.37102885282678,45.92758738891868,""
"","d1d085176c394bfa8df78bede1498f6f","8-689bd2005803399cfa5e5c6e9353afd9","52311","کرمانشاه","Kermānshāh","سرپل ذهاب","Sar Pol-e Zahāb","مرکزی","Markazi","","","","Qaḷ'eh Shāhin","تنگ اسماعیل","Tang-e Esmā'il","Tang Ismāyl","Mehdi Fattahi, field notes 2017","380","","","","Kalhuri 100%","Mehdi Fattahi, field notes 2017",34.35826518429382,45.97684988593804,""
"","d1d085176c394bfa8df78bede14989f7","8-1310b95cb4f69742c09a3a8672ad4ae9","52312","کرمانشاه","Kermānshāh","سرپل ذهاب","Sar Pol-e Zahāb","مرکزی","Markazi","","","","Qaḷ'eh Shāhin","دوازده امام","Davāzdah Emām","Dwānza Imām","Mehdi Fattahi, field notes 2017","258","","","","Kalhuri 100%","Mehdi Fattahi, field notes 2017",34.37357921851973,45.963330507612866,""
"","d1d085176c394bfa8df78bede1498737","8-342e84f3a43a0d9018da00cc95259b1e","52313","کرمانشاه","Kermānshāh","سرپل ذهاب","Sar Pol-e Zahāb","مرکزی","Markazi","","","","Qaḷ'eh Shāhin","قلعه گلینه","Qal'eh Golineh","Qaḷā Guḷēna","Mehdi Fattahi, field notes 2017","208","","","","Kalhuri 100%","Mehdi Fattahi, field notes 2017",34.37928002059785,45.956014486314196,""
"","d1d085176c394bfa8df78bede14986cd","8-003d0a959a0d23cf60316426a1d594b8","52314","کرمانشاه","Kermānshāh","سرپل ذهاب","Sar Pol-e Zahāb","مرکزی","Markazi","","","","Qaḷ'eh Shāhin","کاسرا","Kāsarā","Kāsıra","Mehdi Fattahi, field notes 2017","463","","","","Kalhuri 100%","Mehdi Fattahi, field notes 2017",34.36890134047221,45.96863228773954,""
"","d1d085176c394bfa8df78bede1498686","8-7df40a7d867a1a4304ede0669eacd534","52315","کرمانشاه","Kermānshāh","سرپل ذهاب","Sar Pol-e Zahāb","مرکزی","Markazi","","","","Qaḷ'eh Shāhin","لواسانی","Lavāsāni","Lawāsānī","Mehdi Fattahi, field notes 2017","201","","","","Kalhuri 100%","Mehdi Fattahi, field notes 2017",34.34999423113383,45.977835893962485,""
"","d1d085176c394bfa8df78bede1497ccf","8-6d9d7503467634409a3bdc138804e911","52316","کرمانشاه","Kermānshāh","سرپل ذهاب","Sar Pol-e Zahāb","مرکزی","Markazi","","","","Qaḷ'eh Shāhin","آسیاب قرمز","Āsiāb Qermez","Āsīyāw Qırmız","Mehdi Fattahi, field notes 2017","129","","","","Kalhuri 100%","Mehdi Fattahi, field notes 2017",34.431261349218836,45.88769800122514,""
"","d1d085176c394bfa8df78bede14978c6","8-34c74f1ff23c7a139f5e0a561fc55934","52317","کرمانشاه","Kermānshāh","سرپل ذهاب","Sar Pol-e Zahāb","مرکزی","Markazi","","","","Qaḷ'eh Shāhin","انزل","Anzal","Anzaḷ","Mehdi Fattahi, field notes 2017","311","","","","Kalhuri 100%","Mehdi Fattahi, field notes 2017",34.42411974060581,45.91364032681359,""
"","d1d085176c394bfa8df78bede14971b0","8-22b2cd579b150280af033e3f9a7ecadb","52318","کرمانشاه","Kermānshāh","سرپل ذهاب","Sar Pol-e Zahāb","مرکزی","Markazi","","","","Qaḷ'eh Shāhin","ترک ویس","Tark-e Veys","Tarka Ways","Mehdi Fattahi, field notes 2017","301","","","","Kalhuri 100%","Mehdi Fattahi, field notes 2017",34.389198327794944,45.94474745814453,""
"","d1d085176c394bfa8df78bede149dbe6","8-56f77d5142865363eb285dce91b3c7bf","52319","کرمانشاه","Kermānshāh","سرپل ذهاب","Sar Pol-e Zahāb","مرکزی","Markazi","","","","Qaḷ'eh Shāhin","دولنگان سفلی","Dolengān-e Soflā","Dıḷıngān-ı Sıfḷā","Mehdi Fattahi, field notes 2017","343","","","","Kalhuri 100%","Mehdi Fattahi, field notes 2017",34.41040898518369,45.909524689365604,""
"","d1d085176c394bfa8df78bede149daad","8-4f05a7fa6e52cbde53ae54a824528010","52320","کرمانشاه","Kermānshāh","سرپل ذهاب","Sar Pol-e Zahāb","مرکزی","Markazi","","","","Qaḷ'eh Shāhin","دولنگان علیا","Dolengān-e Olyā","Dıḷıngān-ı Ulyā","Mehdi Fattahi, field notes 2017","360","","","","Kalhuri 100%","Mehdi Fattahi, field notes 2017",34.401881104930155,45.91874477857448,""
"","d1d085176c394bfa8df78bede149d650","8-ed6e86cd776c201319a85b336bf41eff","52321","کرمانشاه","Kermānshāh","سرپل ذهاب","Sar Pol-e Zahāb","مرکزی","Markazi","","","","Qaḷ'eh Shāhin","کل داوود","Kal Dāvud","Kal Dāw","Mehdi Fattahi, field notes 2017","96","","","","Kalhuri 100%","Mehdi Fattahi, field notes 2017",34.43552257456025,45.89875301552704,""
"","d1d085176c394bfa8df78bede149d5a0","8-cac641836c4058ef5d3ec32d81259071","52322","کرمانشاه","Kermānshāh","سرپل ذهاب","Sar Pol-e Zahāb","مرکزی","Markazi","","","","Qaḷ'eh Shāhin","تپه عظیمه","Tappeh Azimeh","Tapa Azīma","Mehdi Fattahi, field notes 2017","152","","","","Kalhuri 100%","Mehdi Fattahi, field notes 2017",34.409923223188855,45.87666805462055,""
"","d1d085176c394bfa8df78bede149c8d0","8-0f8b83936e0a7acdc7e15ddbad05958d","52323","کرمانشاه","Kermānshāh","سرپل ذهاب","Sar Pol-e Zahāb","مرکزی","Markazi","","","","Qaḷ'eh Shāhin","قلعه سفید سفلی","Qal'eh Sefid-e Soflā","Qaḷā Sıfēd-ı Sıfḷā","Mehdi Fattahi, field notes 2017","204","","","","Kalhuri 100%","Mehdi Fattahi, field notes 2017",34.37369433736043,45.9226950396767,""
"","d1d085176c394bfa8df78bede149b997","8-d6fc1791cd0aecd9b436cc22896040d2","52324","کرمانشاه","Kermānshāh","سرپل ذهاب","Sar Pol-e Zahāb","مرکزی","Markazi","","","","Qaḷ'eh Shāhin","قلعه شیخ حسن","Qal'eh-ye Sheykh Hasan","Qaḷa-y Shaykh Hasan","Mehdi Fattahi, field notes 2017","251","","","","Kalhuri 100%","Mehdi Fattahi, field notes 2017",34.380078757711495,45.91621482269798,""
"","d1d085176c394bfa8df78bede149b789","8-0d840028ed097e711fa4aeb9b2b25ab7","52325","کرمانشاه","Kermānshāh","سرپل ذهاب","Sar Pol-e Zahāb","مرکزی","Markazi","","","","Qaḷ'eh Shāhin","قیطک","Qeytek","Qaytıg","Mehdi Fattahi, field notes 2017","322","","","","Kalhuri 100%","Mehdi Fattahi, field notes 2017",34.421743938661685,45.86886247826812,""
"","d1d085176c394bfa8df78bede149ad15","8-f77a172449a5fb4904b3b0ddcea2ccba","52326","کرمانشاه","Kermānshāh","سرپل ذهاب","Sar Pol-e Zahāb","مرکزی","Markazi","","","","Qaḷ'eh Shāhin","نوده","Now Deh","Nūda","Mehdi Fattahi, field notes 2017","195","","","","Kalhuri 100%","Mehdi Fattahi, field notes 2017",34.40027936265214,45.89283061187785,""
"","d1d085176c394bfa8df78bede149a3b5","8-c86368e950c784207e135f735dbffb12","52327","کرمانشاه","Kermānshāh","سرپل ذهاب","Sar Pol-e Zahāb","مرکزی","Markazi","","","","Qaḷ'eh Shāhin","مشکنار","Meshkenār","Mıshkınār","Mehdi Fattahi, field notes 2017","389","","","","Kalhuri 100%","Mehdi Fattahi, field notes 2017",34.40810458717347,45.880449535067505,""
"","d1d085176c394bfa8df78bede14998a2","8-2aaea72e73ded02f1885b2196d6143db","52328","کرمانشاه","Kermānshāh","سرپل ذهاب","Sar Pol-e Zahāb","مرکزی","Markazi","","","","Qaḷ'eh Shāhin","کنار","Kenār","Kınār","Mehdi Fattahi, field notes 2017","30","","","","Kalhuri 100%","Mehdi Fattahi, field notes 2017",34.39413958568683,45.89909132198202,""
"","d1d085176c394bfa8df78bede14a26e7","8-789ac483b71a074edb31d83a728b4cf9","52329","کرمانشاه","Kermānshāh","سرپل ذهاب","Sar Pol-e Zahāb","مرکزی","Markazi","","","","Qaḷ'eh Shāhin","طایفه مصطفی","Tāyefeh-ye Mostafā","Tāyıfa-y Mısafā","Mehdi Fattahi, field notes 2017","67","","","","Kalhuri 100%","Mehdi Fattahi, field notes 2017",34.387402084591365,45.910378057515445,""
"","d1d085176c394bfa8df78bede14a1971","6-ba6d48565a6ff0c084201d17c9c0519b","52330","کرمانشاه","Kermānshāh","سرپل ذهاب","Sar Pol-e Zahāb","مرکزی","Markazi","","","","Beshiveh-ye Pātāq","","","","","6407","","","","","","","",""
"","d1d085176c394bfa8df78bede14a125e","10-11bd39172af7a7856a26fa39c95c84d1","52331","کرمانشاه","Kermānshāh","سرپل ذهاب","Sar Pol-e Zahāb","مرکزی","Markazi","","","","Beshiveh-ye Pātāq","پله بید سفلی","Peleh Bid-e Soflā","Pyaḷ Bīd-ı Sıfḷā","Mehdi Fattahi, field notes 2017","62","","","","Kalhuri 100%","Mehdi Fattahi, field notes 2017",34.4138918711467,45.96645568949989,""
"","d1d085176c394bfa8df78bede14a0a9d","8-c2e5e020fb8bd85172b57ad128f26a4a","52332","کرمانشاه","Kermānshāh","سرپل ذهاب","Sar Pol-e Zahāb","مرکزی","Markazi","","","","Beshiveh-ye Pātāq","فولادی","Fulādi","Fūlādī","Mehdi Fattahi, field notes 2017","442","","","","Kalhuri 100%","Mehdi Fattahi, field notes 2017",34.40458297729233,45.98983408263172,""
"","d1d085176c394bfa8df78bede14a08bd","10-52deab16440544d310e89260b8521b7a","52333","کرمانشاه","Kermānshāh","سرپل ذهاب","Sar Pol-e Zahāb","مرکزی","Markazi","","","","Beshiveh-ye Pātāq","کوسه ها","Kusehā","Kūsa","Mehdi Fattahi, field notes 2017","145","","","","Kalhuri 100%","Mehdi Fattahi, field notes 2017",34.40793491075637,45.97630476100108,""
"","d1d085176c394bfa8df78bede149f95f","8-b7e5c2013faa5ffcb862f34c2de56b7b","52334","کرمانشاه","Kermānshāh","سرپل ذهاب","Sar Pol-e Zahāb","مرکزی","Markazi","","","","Beshiveh-ye Pātāq","کوهالی","Kowhāli","Kūwāḷī","Mehdi Fattahi, field notes 2017","227","","","","Kalhuri 100%","Mehdi Fattahi, field notes 2017",34.40435433446025,45.984158268995685,""
"","d1d085176c394bfa8df78bede149f4ba","8-dcf2bd831b6844e74891a414426deada","52335","کرمانشاه","Kermānshāh","سرپل ذهاب","Sar Pol-e Zahāb","مرکزی","Markazi","","","","Beshiveh-ye Pātāq","کوچانی","Kuchāni","Küchānī","Mehdi Fattahi, field notes 2017","272","","","","Kalhuri 100%","Mehdi Fattahi, field notes 2017",34.40367564005848,45.98856807997759,""
"","d1d085176c394bfa8df78bede149e6ac","8-04bc0b4af8f74b974f948fd7f290c9c8","52336","کرمانشاه","Kermānshāh","سرپل ذهاب","Sar Pol-e Zahāb","مرکزی","Markazi","","","","Beshiveh-ye Pātāq","محمد علی قره گه","Mohammad Ali Qaregah","Māmad Alī Qaraga","Mehdi Fattahi, field notes 2017","62","","","","Kalhuri 100%","Mehdi Fattahi, field notes 2017",34.41500709444138,45.96411680323977,""
"","d1d085176c394bfa8df78bede149e5ab","8-c60aca4bc61c0d57de112366103a8a6d","52337","کرمانشاه","Kermānshāh","سرپل ذهاب","Sar Pol-e Zahāb","مرکزی","Markazi","","","","Beshiveh-ye Pātāq","مهکی مهرمات","Mahaki-ye Mehrmāt","Mahakī-yı Mērmāt","Mehdi Fattahi, field notes 2017","162","","","","Kalhuri 100%","Mehdi Fattahi, field notes 2017",34.42614965969181,45.936157456472,""
"","d1d085176c394bfa8df78bede149e12e","8-ace7d51c0c55eb108fc0acf1244b29d7","52338","کرمانشاه","Kermānshāh","سرپل ذهاب","Sar Pol-e Zahāb","مرکزی","Markazi","","","","Beshiveh-ye Pātāq","مهکی امین بیگ","Mahaki-ye Amin Beyg","Mahakī-yı Amīn Bayg","Mehdi Fattahi, field notes 2017","36","","","","Kalhuri 100%","Mehdi Fattahi, field notes 2017",34.42302564306607,45.94913934810303,""
"","d1d085176c394bfa8df78bede14a8393","8-ba8d563c8dd768d722dff57dd6a5a714","52339","کرمانشاه","Kermānshāh","سرپل ذهاب","Sar Pol-e Zahāb","مرکزی","Markazi","","","","Beshiveh-ye Pātāq","پاطاق","Pātāq","Pātāq","Mehdi Fattahi, field notes 2017","262","","","","Kalhuri 100%","Mehdi Fattahi, field notes 2017",34.41564477180649,46.00300665854947,""
"","d1d085176c394bfa8df78bede14a7a07","8-4c936bdffbf76231bf8426b0f5b7870a","52340","کرمانشاه","Kermānshāh","سرپل ذهاب","Sar Pol-e Zahāb","مرکزی","Markazi","","","","Beshiveh-ye Pātāq","حبیب وند","Habibvand","Hayawan","Mehdi Fattahi, field notes 2017","906","","","","Kalhuri 100%","Mehdi Fattahi, field notes 2017",34.4307250585265,45.95315679583939,""
"","d1d085176c394bfa8df78bede14a79e7","8-f30e878eb3a2630fb06654047e4a9551","52341","کرمانشاه","Kermānshāh","سرپل ذهاب","Sar Pol-e Zahāb","مرکزی","Markazi","","","","Beshiveh-ye Pātāq","رفیع","Rafi'","Ṛafī","Mehdi Fattahi, field notes 2017","491","","","","Kalhuri 100%","Mehdi Fattahi, field notes 2017",34.409652530323825,46.0027491664841,""
"","d1d085176c394bfa8df78bede14a6a3a","8-c90777fddf2b12916682af1acddce6c2","52342","کرمانشاه","Kermānshāh","سرپل ذهاب","Sar Pol-e Zahāb","مرکزی","Markazi","","","","Beshiveh-ye Pātāq","آینه","Āyeneh","Āyna","Mehdi Fattahi, field notes 2017","686","","","","Kalhuri 100%","Mehdi Fattahi, field notes 2017",34.46203365789564,45.92407373097061,""
"","d1d085176c394bfa8df78bede14a6320","8-6ac36a1cffbbbae1dddf9816c9b9688c","52343","کرمانشاه","Kermānshāh","سرپل ذهاب","Sar Pol-e Zahāb","مرکزی","Markazi","","","","Beshiveh-ye Pātāq","بلوان","Balavān","Balawān","Mehdi Fattahi, field notes 2017","232","","","","Kalhuri 100%","Mehdi Fattahi, field notes 2017",34.490339117467585,45.91297026635007,""
"","d1d085176c394bfa8df78bede14a58e9","8-3daf358d390fcfe16520f20521eb5bb1","52344","کرمانشاه","Kermānshāh","سرپل ذهاب","Sar Pol-e Zahāb","مرکزی","Markazi","","","","Beshiveh-ye Pātāq","جلالوند سفلی","Jalālvand-e Soflā","Jaḷāḷwan-ı Sıfḷā","Mehdi Fattahi, field notes 2017","233","","","","Kalhuri 100%","Mehdi Fattahi, field notes 2017",34.4702754552328,45.902385388878905,""
"","d1d085176c394bfa8df78bede14a4960","8-645b02076764dacbde6b2b334eb3b132","52345","کرمانشاه","Kermānshāh","سرپل ذهاب","Sar Pol-e Zahāb","مرکزی","Markazi","","","","Beshiveh-ye Pātāq","کلاه مال","Kolāh Māl","Kulā Māḷ","Mehdi Fattahi, field notes 2017","326","","","","Kalhuri 100%","Mehdi Fattahi, field notes 2017",34.49038333215281,45.93584414482593,""
"","d1d085176c394bfa8df78bede14a3af2","8-6e4af203d40d97cb92d8bf0d61ef059b","52346","کرمانشاه","Kermānshāh","سرپل ذهاب","Sar Pol-e Zahāb","مرکزی","Markazi","","","","Beshiveh-ye Pātāq","برزلک","Barzalak","Barzalak","Mehdi Fattahi, field notes 2017","93","","","","Kalhuri 100%","Mehdi Fattahi, field notes 2017",34.44602034237025,45.9417562270481,""
"","d1d085176c394bfa8df78bede14a3192","8-02829afe898f294320b68b0c44ef3d31","52347","کرمانشاه","Kermānshāh","سرپل ذهاب","Sar Pol-e Zahāb","مرکزی","Markazi","","","","Beshiveh-ye Pātāq","داروند","Dārvand","Dārwan","Mehdi Fattahi, field notes 2017","149","","","","Kalhuri 100%","Mehdi Fattahi, field notes 2017",34.45298314169346,45.9378938460667,""
"","d1d085176c394bfa8df78bede14a2720","8-a73c4c8a523219d3077f723720d6aa43","52348","کرمانشاه","Kermānshāh","سرپل ذهاب","Sar Pol-e Zahāb","مرکزی","Markazi","","","","Beshiveh-ye Pātāq","میان کبود قاسم","Miān Kabud-e Qāsem","Mīyān Kaw-ı Qāsım","Mehdi Fattahi, field notes 2017","75","","","","Kalhuri 100%","Mehdi Fattahi, field notes 2017",34.43844567750802,45.94646200213894,""
"","d1d085176c394bfa8df78bede14acdcb","8-56c1be8240ca99ca9b076b157b8c8f1c","52349","کرمانشاه","Kermānshāh","سرپل ذهاب","Sar Pol-e Zahāb","مرکزی","Markazi","","","","Beshiveh-ye Pātāq","پل ماهیت","Pol-e Māhit","Puḷ-ı Māyıt","Mehdi Fattahi, field notes 2017","327","","","","Kalhuri 100%","Mehdi Fattahi, field notes 2017",34.43521801197313,45.92880146215632,""
"","d1d085176c394bfa8df78bede14ac073","8-8075a681a3e7436f408678cfd745d023","52350","کرمانشاه","Kermānshāh","سرپل ذهاب","Sar Pol-e Zahāb","مرکزی","Markazi","","","","Beshiveh-ye Pātāq","جلالوند علیا","Jalālvand-e Olyā","Jaḷāḷwan-ı Ulyā","Mehdi Fattahi, field notes 2017","293","","","","Kalhuri 100%","Mehdi Fattahi, field notes 2017",34.46469798315598,45.89916673806091,""
"","d1d085176c394bfa8df78bede14ab93b","8-1d17a95267b083d74e5cc6446d6e5907","52351","کرمانشاه","Kermānshāh","سرپل ذهاب","Sar Pol-e Zahāb","مرکزی","Markazi","","","","Beshiveh-ye Pātāq","چالکه","Chālekeh","Chāḷıga","Mehdi Fattahi, field notes 2017","347","","","","Kalhuri 100%","Mehdi Fattahi, field notes 2017",34.44559510469381,45.93155265927569,""
"","d1d085176c394bfa8df78bede14ab4ce","8-a6d3769028407a8e951d118267ea9243","52352","کرمانشاه","Kermānshāh","سرپل ذهاب","Sar Pol-e Zahāb","مرکزی","Markazi","","","","Beshiveh-ye Pātāq","رضالک","Rezālak","Ṛızālak","Mehdi Fattahi, field notes 2017","187","","","","Kalhuri 100%","Mehdi Fattahi, field notes 2017",34.45097724135166,45.895540391473055,""
"","d1d085176c394bfa8df78bede14aaf59","8-1701c055b6f42daabebf582cf0f5a13c","52353","کرمانشاه","Kermānshāh","سرپل ذهاب","Sar Pol-e Zahāb","مرکزی","Markazi","","","","Beshiveh-ye Pātāq","ریزوند علی اکبر","Rizavand-e Ali Akbar","Ṛēzawan-ı Alī Akbar","Mehdi Fattahi, field notes 2017","169","","","","Kalhuri 100%","Mehdi Fattahi, field notes 2017",34.44596077879447,45.906462346580255,""
"","d1d085176c394bfa8df78bede14aa690","8-497608082af9f37d65c3cf2e99b08744","52354","کرمانشاه","Kermānshāh","سرپل ذهاب","Sar Pol-e Zahāb","مرکزی","Markazi","","","","Beshiveh-ye Pātāq","ریزوند نجف","Rizavand-e Najaf","Ṛēzawan-ı Najaf","Mehdi Fattahi, field notes 2017","223","","","","Kalhuri 100%","Mehdi Fattahi, field notes 2017",34.44543876626616,45.91465917732838,""
"","d1d085176c394bfa8df78bede14a9838","8-c50f97105ed78e4a8967a76f2c6bebc5","52355","کرمانشاه","Kermānshāh","سرپل ذهاب","Sar Pol-e Zahāb","مرکزی","Markazi","سرپل ذهاب","Sar Pol-e Zahāb","","","","","Sar Pıḷ-e Zahāw, Sar Puḷ-e Zahāw, Sar Pēḷ-e Zahāw","Mehdi Fattahi, field notes 2017","35809","","","","Kalhuri 65%; Central Kurdish 30%; Gōrāni 5%","Mehdi Fattahi, field notes 2017",34.45853654068394,45.86137682378244,""
"","d1d085176c394bfa8df78bede14a96aa","6-cc1a09315016765a7950ffc9cb5fc55e","52356","کرمانشاه","Kermānshāh","سرپل ذهاب","Sar Pol-e Zahāb","","","","","","","","","","","423","","","","","","","",""
"","d1d085176c394bfa8df78bede14a9619","6-0be996a786074642defde579c560015b","52357","کرمانشاه","Kermānshāh","سرپل ذهاب","Sar Pol-e Zahāb","","","","","","","","","","","423","","","","","","","",""
"","d1d085176c394bfa8df78bede14a8adb","6-ce43c33641c8f3d9128a2a32897a1b3e","52358","کرمانشاه","Kermānshāh","سرپل ذهاب","Sar Pol-e Zahāb","","","","","","","","","","","423","","","","","","","",""
"","d1d085176c394bfa8df78bede14b3176","6-8fb60db9d62af7a3d87e6a5214f44480","52583","کرمانشاه","Kermānshāh","قصر شیرین","Qasr-e Shirin","","","","","","","","","","","25517","","","","","","","",""
"","d1d085176c394bfa8df78bede14b226a","6-b2303b81f7515f6e2d6368b809a5420d","52584","کرمانشاه","Kermānshāh","قصر شیرین","Qasr-e Shirin","سومار","Sumār","","","","","","","","","1524","","","","","","","",""
"","d1d085176c394bfa8df78bede14b1421","6-116d8e841c24f5e38c0fd77bd4ee462e","52585","کرمانشاه","Kermānshāh","قصر شیرین","Qasr-e Shirin","سومار","Sumār","","","","Sumār","","","","","1515","","","","","","","",""
"","d1d085176c394bfa8df78bede14b08cc","8-4e966cde893fa4a34c883a4f6cf1af10","52586","کرمانشاه","Kermānshāh","قصر شیرین","Qasr-e Shirin","سومار","Sumār","","","","Sumār","نفت شهر","Naft Shahr","Naf Shā","Mehdi Fattahi, field notes 2017","890","","","","mixed 100%","Mehdi Fattahi, field notes 2017",33.99305956466621,45.497595462804945,""
"","d1d085176c394bfa8df78bede14b01dc","8-ebc52b2a1e540d434fc42964a3dbd12d","52587","کرمانشاه","Kermānshāh","قصر شیرین","Qasr-e Shirin","سومار","Sumār","","","","Sumār","کله جوب","Koleh Jub","Kuḷa Jū","Mehdi Fattahi, field notes 2017","14","","","","Kalhuri 100%","Mehdi Fattahi, field notes 2017",33.90010051630372,45.68475200148055,""
"","d1d085176c394bfa8df78bede14af870","8-aae00ea4ed93be5377f0d8816abb49e8","52588","کرمانشاه","Kermānshāh","قصر شیرین","Qasr-e Shirin","سومار","Sumār","","","","Sumār","نعل شکن","Na'l Shekan","Nāḷ Shıkan","Mehdi Fattahi, field notes 2017","82","","","","Kalhuri 100%","Mehdi Fattahi, field notes 2017",33.9157447297038,45.766694792894675,""
"","d1d085176c394bfa8df78bede14aec5d","6-ae8bc11440c70c8ce81e5298c337403a","52589","کرمانشاه","Kermānshāh","قصر شیرین","Qasr-e Shirin","سومار","Sumār","","","","Sumār","نی پهن","Ney Pahn","Nay Pyan","Mehdi Fattahi, field notes 2017","","(3 or fewer households; population not specified in 2011 Census for reasons of privacy)","","","Kalhuri 100%","Mehdi Fattahi, field notes 2017","","",""
"","d1d085176c394bfa8df78bede14ae3eb","8-f513b27925a2aa0a96384e7caf36f0b7","52590","کرمانشاه","Kermānshāh","قصر شیرین","Qasr-e Shirin","سومار","Sumār","","","","Sumār","ورگچ","Vargach","Wargach","Mehdi Fattahi, field notes 2017","38","","","","Kalhuri 100%","Mehdi Fattahi, field notes 2017",33.90659152137756,45.74813390651461,""
"","d1d085176c394bfa8df78bede14adccb","8-2a2d639942ee07be3cb8311934042bd4","52591","کرمانشاه","Kermānshāh","قصر شیرین","Qasr-e Shirin","سومار","Sumār","","","","Sumār","ممریک","Mamerik","Mamırīk","Mehdi Fattahi, field notes 2017","12","","","","Kalhuri 100%","Mehdi Fattahi, field notes 2017",33.865680695274825,45.63862343437332,""
"","d1d085176c394bfa8df78bede14ad1e9","6-842d597ad3587a42408728eb4b10ee6f","52592","کرمانشاه","Kermānshāh","قصر شیرین","Qasr-e Shirin","سومار","Sumār","","","","Sumār","شتران","Shotorān","Shıtırān","Mehdi Fattahi, field notes 2017","","(3 or fewer households; population not specified in 2011 Census for reasons of privacy)","","","Kalhuri 100%","Mehdi Fattahi, field notes 2017","","",""
"","d1d085176c394bfa8df78bede14b7390","8-d3caba8c8978e7a7d32e84602e331a10","52593","کرمانشاه","Kermānshāh","قصر شیرین","Qasr-e Shirin","سومار","Sumār","","","","Sumār","ممرسه","Mameraseh","Marasa","Mehdi Fattahi, field notes 2017","17","","","","Kalhuri 80%; Central Kurdish 10%; Gōrāni 10%","Mehdi Fattahi, field notes 2017",33.86620853106299,45.641584593125046,""
"","d1d085176c394bfa8df78bede14b6939","6-05d56919b2838db8969583f3ebecb719","52594","کرمانشاه","Kermānshāh","قصر شیرین","Qasr-e Shirin","سومار","Sumār","","","","Sumār","پاسگاه نیروی انتظامی قلعه جوق","Pāsgāh-e Niru-ye Entezāmi-ye Qaḷ'eh Juq","Pāsgā-y Nīrū Intızāmī Qaḷā Jūq","Mehdi Fattahi, field notes 2017","","(3 or fewer households; population not specified in 2011 Census for reasons of privacy)","","","Kalhuri 100%","Mehdi Fattahi, field notes 2017","","",""
"","d1d085176c394bfa8df78bede14b5e5a","6-babdcfdf414c07a34ba1e15f5d638987","52595","کرمانشاه","Kermānshāh","قصر شیرین","Qasr-e Shirin","سومار","Sumār","","","","Sumār","پاسگاه نیروی انتظامی گیسکه","Pāsgāh-e Niru-ye Entezāmi-ye Gisekeh","Pāsgā-y Nīrū Intızāmī-yı Gīsıga","Mehdi Fattahi, field notes 2017","","(3 or fewer households; population not specified in 2011 Census for reasons of privacy)","","","Kalhuri 100%","Mehdi Fattahi, field notes 2017","","",""
"","d1d085176c394bfa8df78bede14b5d8c","6-b99ae50fa89ffa03ce958f685c6e63b3","52596","کرمانشاه","Kermānshāh","قصر شیرین","Qasr-e Shirin","سومار","Sumār","","","","Sumār","پاسگاه انتظامی کانی شیخ","Pāsgāh-e Entezāmi-ye Kāni Sheykh","Pāsgā-y Intızāmī-yı Kyanī Shaykh","Mehdi Fattahi, field notes 2017","","(3 or fewer households; population not specified in 2011 Census for reasons of privacy)","","","Kalhuri 100%","Mehdi Fattahi, field notes 2017","","",""
"","d1d085176c394bfa8df78bede14b4dfd","6-0409bda939210de3adce2d37a80549cf","52597","کرمانشاه","Kermānshāh","قصر شیرین","Qasr-e Shirin","سومار","Sumār","","","","Sumār","پاسگاه مرزی بازرگان","Pāsgāh-e Marzi-ye Bāzargān","Pāsgā-y Marzī-yı Bāzargān","Mehdi Fattahi, field notes 2017","","(3 or fewer households; population not specified in 2011 Census for reasons of privacy)","","","Kalhuri 100%","Mehdi Fattahi, field notes 2017","","",""
"","d1d085176c394bfa8df78bede14b4b27","6-a756aa4484e7a80694af3cbd2a698c2d","52598","کرمانشاه","Kermānshāh","قصر شیرین","Qasr-e Shirin","سومار","Sumār","","","","Sumār","پاسگاه انتظامی تلخاب","Pāsgāh-e Entezāmi-ye Talkh Āb","Pāsgā-y Intızāmī-yı Taḷkh Āw","Mehdi Fattahi, field notes 2017","","(3 or fewer households; population not specified in 2011 Census for reasons of privacy)","","","Kalhuri 100%","Mehdi Fattahi, field notes 2017","","",""
"","d1d085176c394bfa8df78bede14b4b22","6-cf95c4dbf374a5ecd101b7080e6415d4","52599","کرمانشاه","Kermānshāh","قصر شیرین","Qasr-e Shirin","سومار","Sumār","","","","Sumār","پاسگاه انتظامی سان و پا","Pāsgāh-e Entezāmi-ye Sān o Pā","Pāsgā-y Intızāmī-yı Sān-u Pā","Mehdi Fattahi, field notes 2017","","(3 or fewer households; population not specified in 2011 Census for reasons of privacy)","","","Kalhuri 100%","Mehdi Fattahi, field notes 2017","","",""
"","d1d085176c394bfa8df78bede14b4942","6-7f5265c80024fc51591aa100d5d8e9e7","52600","کرمانشاه","Kermānshāh","قصر شیرین","Qasr-e Shirin","سومار","Sumār","","","","Sumār","پاسگاه انتظامی سلمان کشته","Pāsgāh-e Entezāmi-ye Salmān Koshteh","Pāsgā-y Intızāmī-yı Saḷmān Kushyāy","Mehdi Fattahi, field notes 2017","","(3 or fewer households; population not specified in 2011 Census for reasons of privacy)","","","Kalhuri 100%","Mehdi Fattahi, field notes 2017","","",""
"","d1d085176c394bfa8df78bede14b3e85","6-198ed4eab192ed594494a8e0aea2db4c","52601","کرمانشاه","Kermānshāh","قصر شیرین","Qasr-e Shirin","سومار","Sumār","","","","Sumār","پاسگاه انتظامی چقا شیرگه","Pāsgāh-e Entezāmi-ye Choqā Shiregeh","Pāsgā-y Intızāmī-yı Chīyā Shīrıga","Mehdi Fattahi, field notes 2017","","(3 or fewer households; population not specified in 2011 Census for reasons of privacy)","","","Kalhuri 100%","Mehdi Fattahi, field notes 2017","","",""
"","d1d085176c394bfa8df78bede14b3900","6-31814d20376248e69f3cec88d508b3c1","52602","کرمانشاه","Kermānshāh","قصر شیرین","Qasr-e Shirin","سومار","Sumār","","","","Sumār","پاسگاه انتظامی سه تپان","Pāsgāh-e Entezāmi-ye Seh Tapān","Pāsgā-y Intızāmī-yı Sē Tapān","Mehdi Fattahi, field notes 2017","","(3 or fewer households; population not specified in 2011 Census for reasons of privacy)","","","Kalhuri 100%","Mehdi Fattahi, field notes 2017","","",""
"","d1d085176c394bfa8df78bede14bdd98","6-f5ec4db40886469734936ea4c5fb4726","52603","کرمانشاه","Kermānshāh","قصر شیرین","Qasr-e Shirin","سومار","Sumār","","","","Sumār","پاسگاه انتظامی گمرک نو","Pāsgāh-e Entezāmi-ye Gomrok-e Now","Pāsgā-y Intızāmī-yı Gumruk-ı Nū","Mehdi Fattahi, field notes 2017","","(3 or fewer households; population not specified in 2011 Census for reasons of privacy)","","","Kalhuri 100%","Mehdi Fattahi, field notes 2017","","",""
"","d1d085176c394bfa8df78bede14bdd04","6-161ca9d679b6f0312ff78b86bcabbf51","52604","کرمانشاه","Kermānshāh","قصر شیرین","Qasr-e Shirin","سومار","Sumār","","","","Sumār","پاسگاه انتظامی چقا حمام","Pāsgāh-e Entezāmi-ye Choqā Hamām","Pāsgā-y Intızāmī-yı Chīyā Hamām","Mehdi Fattahi, field notes 2017","","(3 or fewer households; population not specified in 2011 Census for reasons of privacy)","","","Kalhuri 100%","Mehdi Fattahi, field notes 2017","","",""
"","d1d085176c394bfa8df78bede14bcf6e","6-65a6ddde14c1e582fefeea5455bf3da5","52605","کرمانشاه","Kermānshāh","قصر شیرین","Qasr-e Shirin","سومار","Sumār","","","","Sumār","پاسگاه انتظامی حیدر اباد","Pāsgāh-e Entezāmi-ye Heydar Ābād","Pāsgā-y Intızāmīyı Haydar Ābād","Mehdi Fattahi, field notes 2017","","(3 or fewer households; population not specified in 2011 Census for reasons of privacy)","","","Kalhuri 100%","Mehdi Fattahi, field notes 2017","","",""
"","d1d085176c394bfa8df78bede14bbfa5","6-c97a42bed92e295ff39216e1847100ad","52606","کرمانشاه","Kermānshāh","قصر شیرین","Qasr-e Shirin","سومار","Sumār","","","","Sumār","پاسگاه نیروی انتظامی تپه گل","Pāsgāh-e Niru-ye Entezāmi-ye Tappeh Gol","Pāsgā-y Nīrū Intızāmī-yı Tapa Guḷ","Mehdi Fattahi, field notes 2017","","(3 or fewer households; population not specified in 2011 Census for reasons of privacy)","","","Kalhuri 100%","Mehdi Fattahi, field notes 2017","","",""
"","d1d085176c394bfa8df78bede14bb07f","6-4951c973388deea63075d2906ca74cad","52607","کرمانشاه","Kermānshāh","قصر شیرین","Qasr-e Shirin","سومار","Sumār","","","","Sumār","پاسگاه انتظامی رضاآباد","Pāsgāh-e Entezāmi-ye Rezā Ābād","Pāsgā-y Intızāmī-yı Ṛızā Ābād","Mehdi Fattahi, field notes 2017","","(3 or fewer households; population not specified in 2011 Census for reasons of privacy)","","","Kalhuri 100%","Mehdi Fattahi, field notes 2017","","",""
"","d1d085176c394bfa8df78bede14ba913","6-cec7aff48b5ddecbfc4dd033e370df49","52608","کرمانشاه","Kermānshāh","قصر شیرین","Qasr-e Shirin","سومار","Sumār","","","","Sumār","پاسگاه انتظامی خسروآباد","Pāsgāh-e Entezāmi-ye Khosrow Ābād","Pāsgā-y Intızāmī-yı Khusraw Ābād","Mehdi Fattahi, field notes 2017","","(3 or fewer households; population not specified in 2011 Census for reasons of privacy)","","","Kalhuri 100%","Mehdi Fattahi, field notes 2017","","",""
"","d1d085176c394bfa8df78bede14b9981","6-99f41dd251b08bcaf7a4c51d83d66ffe","52609","کرمانشاه","Kermānshāh","قصر شیرین","Qasr-e Shirin","سومار","Sumār","","","","Sumār","پاسگاه میان تنگ","Pāsgāh-e Miān Tang","Pāsgā-y Nāw Tang","Mehdi Fattahi, field notes 2017","","(3 or fewer households; population not specified in 2011 Census for reasons of privacy)","","","Kalhuri 100%","Mehdi Fattahi, field notes 2017","","",""
"","d1d085176c394bfa8df78bede14b8e01","6-ba926ef92d31afbe1f169bbbeb15dd9b","52610","کرمانشاه","Kermānshāh","قصر شیرین","Qasr-e Shirin","سومار","Sumār","","","","Sumār","پاسگاه مرزی سومار","Pāsgāh-e Marzi-ye Sumār","Pāsgā-y Marzī-yı Sūmār","Mehdi Fattahi, field notes 2017","","(3 or fewer households; population not specified in 2011 Census for reasons of privacy)","","","Kalhuri 100%","Mehdi Fattahi, field notes 2017","","",""
"","d1d085176c394bfa8df78bede14b8ccf","6-dd5b5af35fadeea04e200deba5e55099","52611","کرمانشاه","Kermānshāh","قصر شیرین","Qasr-e Shirin","سومار","Sumār","","","","Sumār","پاسگاه انتظامی هفت دهنه","Pāsgāh-e Entezāmi-ye Haft Dahaneh","Pāsgā-y Intızāmī-yı Haf Dahana","Mehdi Fattahi, field notes 2017","","(3 or fewer households; population not specified in 2011 Census for reasons of privacy)","","","Kalhuri 100%","Mehdi Fattahi, field notes 2017","","",""
"","d1d085176c394bfa8df78bede14b8293","6-a6ea6186292f475c007e4dcdbd73b7d5","52612","کرمانشاه","Kermānshāh","قصر شیرین","Qasr-e Shirin","سومار","Sumār","","","","Sumār","پاسگاه ژاله پناه","Pāsgāh-e Zhāleh Panāh","Pāsgā-y Zhāḷa Panā","Mehdi Fattahi, field notes 2017","","(3 or fewer households; population not specified in 2011 Census for reasons of privacy)","","","Kalhuri 100%","Mehdi Fattahi, field notes 2017","","",""
"","d1d085176c394bfa8df78bede14c2c28","6-6e6db8f148895fafe463d65c5b6c9725","52613","کرمانشاه","Kermānshāh","قصر شیرین","Qasr-e Shirin","سومار","Sumār","","","","Sumār","پاسگاه تپه شیرو","Pāsgāh-e Tappeh Shiru","Pāsgā-y Tapa Shīrū","Mehdi Fattahi, field notes 2017","","(3 or fewer households; population not specified in 2011 Census for reasons of privacy)","","","Kalhuri 100%","Mehdi Fattahi, field notes 2017","","",""
"","d1d085176c394bfa8df78bede14c2202","6-96ef4a93c613ea5900d69eaa9e03ce21","52614","کرمانشاه","Kermānshāh","قصر شیرین","Qasr-e Shirin","سومار","Sumār","","","","Sumār","پاسگاه چم نفت","Pāsgāh-e Cham Naft","Pāsgā-y Cham Naft","Mehdi Fattahi, field notes 2017","","(3 or fewer households; population not specified in 2011 Census for reasons of privacy)","","","Kalhuri 100%","Mehdi Fattahi, field notes 2017","","",""
"","d1d085176c394bfa8df78bede14c21a6","8-6250c6b9cb833eddee1c9b145c1e97fc","52615","کرمانشاه","Kermānshāh","قصر شیرین","Qasr-e Shirin","سومار","Sumār","سومار","Sumār","","","","","Sūmār","Mehdi Fattahi, field notes 2017","9","","","","Kalhuri 100%","Mehdi Fattahi, field notes 2017",33.879811923132955,45.64148292832295,""
"","d1d085176c394bfa8df78bede14c11c6","6-8277194f5bf5380c88ff9529e47f4b70","52616","کرمانشاه","Kermānshāh","قصر شیرین","Qasr-e Shirin","مرکزی","Markazi","","","","","","","","","23665","","","","","","","",""
"","d1d085176c394bfa8df78bede14c09d9","6-8d1a6570b14eb05c9c49e3a1e3b34ffd","52617","کرمانشاه","Kermānshāh","قصر شیرین","Qasr-e Shirin","مرکزی","Markazi","","","","Alvand","","","","","375","","","","","","","",""
"","d1d085176c394bfa8df78bede14c0423","8-1bdd28dc34cbdcd283205595a21d7453","52618","کرمانشاه","Kermānshāh","قصر شیرین","Qasr-e Shirin","مرکزی","Markazi","","","","Alvand","برج احمدی","Borj-e Ahmadi","Burj-ı Ahmadī","Mehdi Fattahi, field notes 2017","","(3 or fewer households; population not specified in 2011 Census for reasons of privacy)","","","Kalhuri 100%","Mehdi Fattahi, field notes 2017",34.47763323972103,45.53614909646799,""
"","d1d085176c394bfa8df78bede14bf699","8-8870c9e1e09a6bf467eef507655a5821","52619","کرمانشاه","Kermānshāh","قصر شیرین","Qasr-e Shirin","مرکزی","Markazi","","","","Alvand","خراطها","Kharāthā","Khaṛātayl","Mehdi Fattahi, field notes 2017","","(3 or fewer households; population not specified in 2011 Census for reasons of privacy)","","","Kalhuri 100%","Mehdi Fattahi, field notes 2017",34.482071465050986,45.57537093904367,""
"","d1d085176c394bfa8df78bede14bebff","8-3360a79a5b42c335e1460d1fa2230959","52620","کرمانشاه","Kermānshāh","قصر شیرین","Qasr-e Shirin","مرکزی","Markazi","","","","Alvand","خسروی","Khosravi","Khusrawī","Mehdi Fattahi, field notes 2017","32","","","","Kalhuri 100%","Mehdi Fattahi, field notes 2017",34.39191788576431,45.47450004740213,""
"","d1d085176c394bfa8df78bede14be92b","9-935f376bbcfb1996928af1069f837ddb","52621","کرمانشاه","Kermānshāh","قصر شیرین","Qasr-e Shirin","مرکزی","Markazi","","","","Alvand","قلعه سبزی سفلی","Qal'eh Sabzi-ye Soflā","Qaḷā Sawzī Sufḷā","Mehdi Fattahi, field notes 2017","56","","","","Kalhuri 100%","Mehdi Fattahi, field notes 2017",34.41532210828139,45.50550851221995,""
"","d1d085176c394bfa8df78bede14be89d","9-65069b95f1d582370ba3ed1886a8dd47","52622","کرمانشاه","Kermānshāh","قصر شیرین","Qasr-e Shirin","مرکزی","Markazi","","","","Alvand","قلعه شاه ملوک","Qal'eh Shāh Moluk","Qaḷā Shā Mulūk","Mehdi Fattahi, field notes 2017","","(3 or fewer households; population not specified in 2011 Census for reasons of privacy)","","","Kalhuri 100%","Mehdi Fattahi, field notes 2017",34.462560416002525,45.55607958644947,""
"","d1d085176c394bfa8df78bede14c7d94","8-16c6f4095ae50bd1500adb7be7ee21c5","52623","کرمانشاه","Kermānshāh","قصر شیرین","Qasr-e Shirin","مرکزی","Markazi","","","","Alvand","گرصدف عزیزبیگ","Gar Sadaf-e Aziz Beyg","Gar Sadaf-ı Azīz Bayg","Mehdi Fattahi, field notes 2017","","(3 or fewer households; population not specified in 2011 Census for reasons of privacy)","","","Kalhuri 100%","Mehdi Fattahi, field notes 2017",34.36022540992181,45.544943064989795,""
"","d1d085176c394bfa8df78bede14c6f6a","6-e3ff0095ae23fe5783bc219ced08f4c7","52624","کرمانشاه","Kermānshāh","قصر شیرین","Qasr-e Shirin","مرکزی","Markazi","","","","Alvand","ولدکشته","Valad Koshteh","Waḷad Kushyāy","Mehdi Fattahi, field notes 2017","","(3 or fewer households; population not specified in 2011 Census for reasons of privacy)","","","Kalhuri 100%","Mehdi Fattahi, field notes 2017","","",""
"","d1d085176c394bfa8df78bede14c5f9d","8-3242d202cc255d260b259857f9b0f482","52625","کرمانشاه","Kermānshāh","قصر شیرین","Qasr-e Shirin","مرکزی","Markazi","","","","Alvand","تپه سفیدی کیشان","Tappeh Sefidi Kishān","Tapa Sıfēdī Kīshān","Mehdi Fattahi, field notes 2017","","(3 or fewer households; population not specified in 2011 Census for reasons of privacy)","","","Kalhuri 100%","Mehdi Fattahi, field notes 2017",34.496238362428784,45.54617150635101,""
"","d1d085176c394bfa8df78bede14c5abd","8-058c48041484d1438883d5de24643876","52626","کرمانشاه","Kermānshāh","قصر شیرین","Qasr-e Shirin","مرکزی","Markazi","","","","Alvand","تنکاب نو","Tonekāb-e Now","Tanıkāw Nū","Mehdi Fattahi, field notes 2017","","(3 or fewer households; population not specified in 2011 Census for reasons of privacy)","","","Kalhuri 100%","Mehdi Fattahi, field notes 2017",34.34935019867004,45.51792299703434,""
"","d1d085176c394bfa8df78bede14c593a","8-01e1e5d31b53d38b083b7748ddf2801f","52627","کرمانشاه","Kermānshāh","قصر شیرین","Qasr-e Shirin","مرکزی","Markazi","","","","Alvand","دربندجوق","Darband Juq","Darban Jū","Mehdi Fattahi, field notes 2017","84","","","","Kalhuri 100%","Mehdi Fattahi, field notes 2017",34.44952428467797,45.475430936170675,""
"","d1d085176c394bfa8df78bede14c54ba","8-c9a7b538f6d42054369d1bfa1236e551","52628","کرمانشاه","Kermānshāh","قصر شیرین","Qasr-e Shirin","مرکزی","Markazi","","","","Alvand","تازه آباد سفلی","Tāzeh Ābād-e Soflā","Tāza Ābād-ı Sufḷā","Mehdi Fattahi, field notes 2017","","(3 or fewer households; population not specified in 2011 Census for reasons of privacy)","","","Kalhuri 100%","Mehdi Fattahi, field notes 2017",34.502645805231246,45.55401455516374,""
"","d1d085176c394bfa8df78bede14c4b51","8-ee16cf6124e48d3d5c75cb416c19dd67","52629","کرمانشاه","Kermānshāh","قصر شیرین","Qasr-e Shirin","مرکزی","Markazi","","","","Alvand","بیمارستان","Bimārestān","Bīmārıstān","Mehdi Fattahi, field notes 2017","74","","","","Kalhuri 100%","Mehdi Fattahi, field notes 2017",34.49357205469171,45.57323590066714,""
"","d1d085176c394bfa8df78bede14c3f0d","6-ba8ccb783b26f70e078514628a7257bc","52630","کرمانشاه","Kermānshāh","قصر شیرین","Qasr-e Shirin","مرکزی","Markazi","","","","Nasr Ābād","","","","","2249","","","","","","","",""
"","d1d085176c394bfa8df78bede14c3e01","8-e10f0c5907310a8fc8122720ff7577f4","52631","کرمانشاه","Kermānshāh","قصر شیرین","Qasr-e Shirin","مرکزی","Markazi","","","","Nasr Ābād","تازه آباد گراوه","Tāzeh Ābād-e Garāveh","Tāza Ābād-ı Gaṛāwa","Mehdi Fattahi, field notes 2017","114","","","","Kalhuri 100%","Mehdi Fattahi, field notes 2017",34.43929463475073,45.65636983544758,""
"","d1d085176c394bfa8df78bede14c2f98","8-1971482395d8c7a6387f3526b5e36968","52632","کرمانشاه","Kermānshāh","قصر شیرین","Qasr-e Shirin","مرکزی","Markazi","","","","Nasr Ābād","تنگاب کهنه عباس","Tang Āb-e Kohneh Abbās","Tangāw Kūna Abās","Mehdi Fattahi, field notes 2017","60","","","","Kalhuri 100%","Mehdi Fattahi, field notes 2017",34.329659424670986,45.578978645501344,""
"","d1d085176c394bfa8df78bede14cd4f0","8-6bcec559dc61ef5e27f17a7ae3490cdb","52633","کرمانشاه","Kermānshāh","قصر شیرین","Qasr-e Shirin","مرکزی","Markazi","","","","Nasr Ābād","سید سهراب","Seyyed Sohrāb","Say Sōrāb","Mehdi Fattahi, field notes 2017","85","","","","Kalhuri 100%","Mehdi Fattahi, field notes 2017",34.442517247299,45.59124337812607,""
"","d1d085176c394bfa8df78bede14cc9d3","8-608f9aaf7e8ed2df2062a56f4e1b1db9","52634","کرمانشاه","Kermānshāh","قصر شیرین","Qasr-e Shirin","مرکزی","Markazi","","","","Nasr Ābād","نی پهن سیف الله","Ney Pahn-e Seyfollāh","Nay Pyan-ı Sayfılā","Mehdi Fattahi, field notes 2017","","(3 or fewer households; population not specified in 2011 Census for reasons of privacy)","","","Kalhuri 100%","Mehdi Fattahi, field notes 2017",34.40788339712498,45.58850752493154,""
"","d1d085176c394bfa8df78bede14cbbb6","8-620cdf9237c08c2ec4a3a7707969526c","52635","کرمانشاه","Kermānshāh","قصر شیرین","Qasr-e Shirin","مرکزی","Markazi","","","","Nasr Ābād","نی پهن عبدالله","Ney Pahn-e Abdollāh","Nay Pyan-ı Avdılā","Mehdi Fattahi, field notes 2017","554","","","","Kalhuri 100%","Mehdi Fattahi, field notes 2017",34.414180335770375,45.624062887627645,""
"","d1d085176c394bfa8df78bede14cb677","10-04c91220cbd06556df8f54b7748df237","52636","کرمانشاه","Kermānshāh","قصر شیرین","Qasr-e Shirin","مرکزی","Markazi","","","","Nasr Ābād","امام حسن سفلی","Emām Hasan-e Soflā","Imām Hasan-ı Sufḷā","Mehdi Fattahi, field notes 2017","92","","","","Kalhuri 100%","Mehdi Fattahi, field notes 2017",34.36528163126239,45.72180627552641,""
"","d1d085176c394bfa8df78bede14cb54f","8-878805853a91f78f25dbe28f0640f9e6","52637","کرمانشاه","Kermānshāh","قصر شیرین","Qasr-e Shirin","مرکزی","Markazi","","","","Nasr Ābād","امام حسن علیا","Emām Hasan-e Olyā","Imām Hasan-ı Ulyā","Mehdi Fattahi, field notes 2017","67","","","","Kalhuri 100%","Mehdi Fattahi, field notes 2017",34.3648831022707,45.72824894157967,""
"","d1d085176c394bfa8df78bede14cb198","8-42d39370bfe1ad358c5d09d338c0527e","52638","کرمانشاه","Kermānshāh","قصر شیرین","Qasr-e Shirin","مرکزی","Markazi","","","","Nasr Ābād","امام حسن وسطی","Emām Hasan-e Vasati","Imām Hasan-ı Wasatī","Mehdi Fattahi, field notes 2017","104","","","","Kalhuri 100%","Mehdi Fattahi, field notes 2017",34.36511779179514,45.72390912739388,""
"","d1d085176c394bfa8df78bede14ca8b4","8-7622f257e0c8161fde0dd413ef410282","52639","کرمانشاه","Kermānshāh","قصر شیرین","Qasr-e Shirin","مرکزی","Markazi","","","","Nasr Ābād","بره بور انجیربان","Barreh Bur-e Anjirbān","Baṛa Būṛ-ı Anjīrbān","Mehdi Fattahi, field notes 2017","48","","","","Kalhuri 100%","Mehdi Fattahi, field notes 2017",34.40745699704803,45.662013203212055,""
"","d1d085176c394bfa8df78bede14c9f01","8-658f86f3251c2fa319a288603e790338","52640","کرمانشاه","Kermānshāh","قصر شیرین","Qasr-e Shirin","مرکزی","Markazi","","","","Nasr Ābād","کرکهرک","Karkohrak","Küẅakōṛıg","Mehdi Fattahi, field notes 2017","395","","","","Kalhuri 100%","Mehdi Fattahi, field notes 2017",34.39594490432155,45.68205080250041,""
"","d1d085176c394bfa8df78bede14c8f25","6-c15f2a2bb8e30883a185a8a1cbb9d891","52641","کرمانشاه","Kermānshāh","قصر شیرین","Qasr-e Shirin","مرکزی","Markazi","","","","Nasr Ābād","مزرعه بان قبرستان","Mazra'eh-ye Bān Qabrestān","Mazra-y Bān Qawrısān","Mehdi Fattahi, field notes 2017","","(3 or fewer households; population not specified in 2011 Census for reasons of privacy)","","","Kalhuri 100%","Mehdi Fattahi, field notes 2017","","",""
"","d1d085176c394bfa8df78bede14c8229","8-c2266eaf2a08cabf38e69c7423fde4a0","52642","کرمانشاه","Kermānshāh","قصر شیرین","Qasr-e Shirin","مرکزی","Markazi","","","","Nasr Ābād","سید سعید","Seyyed Sa'id","Say Sayıd","Mehdi Fattahi, field notes 2017","499","","","","Kalhuri 80%; Central Kurdish 10%; Gōrāni 10%","Mehdi Fattahi, field notes 2017",34.47397006451562,45.58758401987895,""
"","d1d085176c394bfa8df78bede14d1706","10-c90042b8afa65d770177abadddd407af","52643","کرمانشاه","Kermānshāh","قصر شیرین","Qasr-e Shirin","مرکزی","Markazi","","","","Nasr Ābād","گراوه اسماعیل","Garāveh-ye Esmā'il","Gaṛāwa-y Ismāīl","Mehdi Fattahi, field notes 2017","167","","","","Kalhuri 100%","Mehdi Fattahi, field notes 2017",34.43771968776083,45.629869610382066,""
"","d1d085176c394bfa8df78bede14d165b","6-5567503054d52ed6b2d3dc0ebe4aa8a2","52644","کرمانشاه","Kermānshāh","قصر شیرین","Qasr-e Shirin","مرکزی","Markazi","","","","Nasr Ābād","پاسگاه نیروی انتظامی خان لیلی","Pāsgāh-e Niru-ye Entezāmi","Pāsgā-y Nīrū Intızāmī","Mehdi Fattahi, field notes 2017","","(3 or fewer households; population not specified in 2011 Census for reasons of privacy)","","","Kalhuri 100%","Mehdi Fattahi, field notes 2017","","",""
"","d1d085176c394bfa8df78bede14d163a","8-63cc11173bca42e177156e61e8df80f0","52645","کرمانشاه","Kermānshāh","قصر شیرین","Qasr-e Shirin","مرکزی","Markazi","","","","Nasr Ābād","تازه اباد گراوه نمره 3","Tāzeh Ābād-e Garāveh-ye Nomreh-ye Seh","Tāza Ābād-ı Gaṛāwa","Mehdi Fattahi, field notes 2017","21","","","","Kalhuri 100%","Mehdi Fattahi, field notes 2017",34.444824743275156,45.684286266869016,""
"","d1d085176c394bfa8df78bede14d096a","6-a0fb7db27b87aafff7a4a3770d05c968","52646","کرمانشاه","Kermānshāh","قصر شیرین","Qasr-e Shirin","مرکزی","Markazi","","","","Fath Abād","","","","","3082","","","","","","","",""
"","d1d085176c394bfa8df78bede14cfa23","8-47aeff3d96c73e9ac632279ea23e2dd2","52647","کرمانشاه","Kermānshāh","قصر شیرین","Qasr-e Shirin","مرکزی","Markazi","","","","Fath Abād","امین فتاح بگ","Amin Fattāhbag","Amīn Fatābag","Mehdi Fattahi, field notes 2017","130","","","","Kalhuri 100%","Mehdi Fattahi, field notes 2017",34.46931763597663,45.77488803977984,""
"","d1d085176c394bfa8df78bede14cf5ce","8-c6c9d70c38e0406a89976515984efba6","52648","کرمانشاه","Kermānshāh","قصر شیرین","Qasr-e Shirin","مرکزی","Markazi","","","","Fath Abād","داربلوط","Dār Balut","Dār Baṛü","Mehdi Fattahi, field notes 2017","148","","","","Kalhuri 100%","Mehdi Fattahi, field notes 2017",34.46354101116679,45.77623004119878,""
"","d1d085176c394bfa8df78bede14ceff3","8-61d9bc9fd9a5e9f9ab7befa9c013b8a1","52649","کرمانشاه","Kermānshāh","قصر شیرین","Qasr-e Shirin","مرکزی","Markazi","","","","Fath Abād","شیرین آب","Shirin Āb","Shīrīn Āw","Mehdi Fattahi, field notes 2017","242","","","","Kalhuri 100%","Mehdi Fattahi, field notes 2017",34.47880796128849,45.760114432527594,""
"","d1d085176c394bfa8df78bede14ceccc","8-e475b0b5ceaee7cb0885c03352f4cf25","52650","کرمانشاه","Kermānshāh","قصر شیرین","Qasr-e Shirin","مرکزی","Markazi","","","","Fath Abād","طهماسب","Tahmāsb","Tāmās","Mehdi Fattahi, field notes 2017","106","","","","Kalhuri 100%","Mehdi Fattahi, field notes 2017",34.493428066172314,45.75296957209181,""
"","d1d085176c394bfa8df78bede14ce893","10-837d40b4c43559780255f0aff79657b3","52651","کرمانشاه","Kermānshāh","قصر شیرین","Qasr-e Shirin","مرکزی","Markazi","","","","Fath Abād","آقابرار","Āqā Berār","Āqā Bırār","Mehdi Fattahi, field notes 2017","360","","","","Kalhuri 100%","Mehdi Fattahi, field notes 2017",34.49546395840053,45.69669705572419,""
"","d1d085176c394bfa8df78bede14ce3f0","10-d29961f727029a2a3a04d765f974cf93","52652","کرمانشاه","Kermānshāh","قصر شیرین","Qasr-e Shirin","مرکزی","Markazi","","","","Fath Abād","نصرآباد پاشا","Nasr Ābād-e Pāshā","Nasr Ābād-ı Pāshā","Mehdi Fattahi, field notes 2017","83","","","","Kalhuri 100%","Mehdi Fattahi, field notes 2017",34.48049272759587,45.72883456469774,""
"","d1d085176c394bfa8df78bede14d73c8","8-c7ac0ea58bc5180729d612545b03e424","52653","کرمانشاه","Kermānshāh","قصر شیرین","Qasr-e Shirin","مرکزی","Markazi","","","","Fath Abād","نصرآباد سید حاتم","Nasr Ābād-e Seyyed Hātam","Nasr Ābād-ı Say Hātam","Mehdi Fattahi, field notes 2017","204","","","","Kalhuri 100%","Mehdi Fattahi, field notes 2017",34.480103591425845,45.75404732943461,""
"","d1d085176c394bfa8df78bede14d6af2","8-1d41f7ca66913155fde7ff6de75a978c","52654","کرمانشاه","Kermānshāh","قصر شیرین","Qasr-e Shirin","مرکزی","Markazi","","","","Fath Abād","برفی کوشکری","Barfi Kushkari","Wafrī Kūshkarī","Mehdi Fattahi, field notes 2017","236","","","","Kalhuri 100%","Mehdi Fattahi, field notes 2017",34.48501389664091,45.72123367503349,""
"","d1d085176c394bfa8df78bede14d5f0b","8-de2da05bc9c72f96ce6915164f6e0350","52655","کرمانشاه","Kermānshāh","قصر شیرین","Qasr-e Shirin","مرکزی","Markazi","","","","Fath Abād","تازه آباد شیرعلی","Tāzeh Ābād-e Shir Ali","Tāza Ābād-ı Shīr Alī","Mehdi Fattahi, field notes 2017","50","","","","Kalhuri 100%","Mehdi Fattahi, field notes 2017",34.47670559205729,45.72240577280514,""
"","d1d085176c394bfa8df78bede14d4fc1","8-c9167e0517820d826209d545508ca74a","52656","کرمانشاه","Kermānshāh","قصر شیرین","Qasr-e Shirin","مرکزی","Markazi","","","","Fath Abād","کلانتر","Kalāntar","Kaḷāntar","Mehdi Fattahi, field notes 2017","81","","","","Kalhuri 100%","Mehdi Fattahi, field notes 2017",34.50670662521053,45.68096780892722,""
"","d1d085176c394bfa8df78bede14d4564","8-0bd0767111c19bfc5cc1d770a9f93b55","52657","کرمانشاه","Kermānshāh","قصر شیرین","Qasr-e Shirin","مرکزی","Markazi","","","","Fath Abād","سید ایاز","Seyyed Ayāz","Say Ayāz","Mehdi Fattahi, field notes 2017","413","","","","Kalhuri 100%","Mehdi Fattahi, field notes 2017",34.52210729192081,45.65833532926309,""
"","d1d085176c394bfa8df78bede14d4243","8-76ca7905713471bef80d0e8b19f38408","52658","کرمانشاه","Kermānshāh","قصر شیرین","Qasr-e Shirin","مرکزی","Markazi","","","","Fath Abād","باباهادی","Bābā Hādi","Bāwā Hāy","Mehdi Fattahi, field notes 2017","","(3 or fewer households; population not specified in 2011 Census for reasons of privacy)","","","Kalhuri 100%","Mehdi Fattahi, field notes 2017",34.536173903261805,45.71834171885308,""
"","d1d085176c394bfa8df78bede14d3820","6-ce21adffee90b1650507ddf3cb0ea465","52659","کرمانشاه","Kermānshāh","قصر شیرین","Qasr-e Shirin","مرکزی","Markazi","","","","Fath Abād","حسین آباد","Hoseyn Ābād","Husayn Ābād","Mehdi Fattahi, field notes 2017","","(3 or fewer households; population not specified in 2011 Census for reasons of privacy)","","","Kalhuri 100%","Mehdi Fattahi, field notes 2017","","",""
"","d1d085176c394bfa8df78bede14d3604","8-614c7ee0237dbecb5bb500a84084ec58","52660","کرمانشاه","Kermānshāh","قصر شیرین","Qasr-e Shirin","مرکزی","Markazi","","","","Fath Abād","دارخور","Dār Khor","Dār Khwar","Mehdi Fattahi, field notes 2017","","(3 or fewer households; population not specified in 2011 Census for reasons of privacy)","","","Kalhuri 100%","Mehdi Fattahi, field notes 2017",34.54450337348012,45.703358899298166,""
"","d1d085176c394bfa8df78bede14d2871","6-8614d37dce40bcb1e0d40e760ce87ac8","52661","کرمانشاه","Kermānshāh","قصر شیرین","Qasr-e Shirin","مرکزی","Markazi","","","","Fath Abād","هدایت","Hedāyat","Hıdāyat","Mehdi Fattahi, field notes 2017","","(3 or fewer households; population not specified in 2011 Census for reasons of privacy)","","","Kalhuri 100%","Mehdi Fattahi, field notes 2017","","",""
"","d1d085176c394bfa8df78bede14d2163","8-564e7087935649dbd7024e16593a71bc","52662","کرمانشاه","Kermānshāh","قصر شیرین","Qasr-e Shirin","مرکزی","Markazi","","","","Fath Abād","قلعه سفید","Qal'eh Sefid","Qaḷā Sıfēd","Mehdi Fattahi, field notes 2017","","(3 or fewer households; population not specified in 2011 Census for reasons of privacy)","","","Kalhuri 100%","Mehdi Fattahi, field notes 2017",34.55405141166835,45.636148105813724,""
"","d1d085176c394bfa8df78bede14dbaad","6-4156c465d6fe20e86723b4387a4ef268","52663","کرمانشاه","Kermānshāh","قصر شیرین","Qasr-e Shirin","مرکزی","Markazi","","","","Fath Abād","کوره های گچ پزی قصرشیرین","Kurehā-ye Gach Pazi-ye Qasr-e Shirin","Kūrayl-ı Gach Pazī-yı Qasr-ı Shīrīn","Mehdi Fattahi, field notes 2017","","(3 or fewer households; population not specified in 2011 Census for reasons of privacy)","","","Kalhuri 100%","Mehdi Fattahi, field notes 2017","","",""
"","d1d085176c394bfa8df78bede14db7f9","8-89fd445d45d5e3312c906213d73ac844","52664","کرمانشاه","Kermānshāh","قصر شیرین","Qasr-e Shirin","مرکزی","Markazi","","","","Fath Abād","نصرآباد سید احمد","Nasr Ābād-e Seyyed Ahmad","Nasr Ābād-ı Say Ahmad","Mehdi Fattahi, field notes 2017","328","","","","Kalhuri 100%","Mehdi Fattahi, field notes 2017",34.50391275811212,45.68326377984371,""
"","d1d085176c394bfa8df78bede14daee2","8-7dbae0a411eaec27cb5f39ead19ad718","52665","کرمانشاه","Kermānshāh","قصر شیرین","Qasr-e Shirin","مرکزی","Markazi","","","","Fath Abād","نصرآباد سید خلیل","Nasr Ābād-e Seyyed Khalil","Nasr Ābād-ı Say Khalīl","Mehdi Fattahi, field notes 2017","238","","","","Kalhuri 100%","Mehdi Fattahi, field notes 2017",34.52120019910952,45.64649683180942,""
"","d1d085176c394bfa8df78bede14daeb9","8-fcbacccae6fcd9e6bc86761a7caef347","52666","کرمانشاه","Kermānshāh","قصر شیرین","Qasr-e Shirin","مرکزی","Markazi","","","","Fath Abād","برارعزیز","Berār Aziz","Bırā Azīz","Mehdi Fattahi, field notes 2017","","(3 or fewer households; population not specified in 2011 Census for reasons of privacy)","","","Kalhuri 100%","Mehdi Fattahi, field notes 2017",34.55210965721883,45.66821300567056,""
"","d1d085176c394bfa8df78bede14da90b","12-d159974d421b2b63e00a5705add377ff","52667","کرمانشاه","Kermānshāh","قصر شیرین","Qasr-e Shirin","مرکزی","Markazi","","","","Fath Abād","پاسگاه انتظامی آقابرار","Pāsgāh-e Entezāmi-ye Āqā Berār","Pāsgāh-ı Intızāmī-yı Āqā Bırā","Mehdi Fattahi, field notes 2017","","(3 or fewer households; population not specified in 2011 Census for reasons of privacy)","","","Kalhuri 100%","Mehdi Fattahi, field notes 2017",34.49552,45.69674,""
"","d1d085176c394bfa8df78bede14d9d6f","6-b58b857ab4ed5e8deb77c8a8bc8b04c5","52668","کرمانشاه","Kermānshāh","قصر شیرین","Qasr-e Shirin","مرکزی","Markazi","","","","Fath Abād","پاسگاه نیروی انتظامی پرویزخان","Pāsgāh-e Niru-ye Entezāmi-ye Parviz Khān","Pāsgā-y Nīrū Intızāmī-yı Parwēz Khān","Mehdi Fattahi, field notes 2017","147","","","","Kalhuri 100%","Mehdi Fattahi, field notes 2017","","",""
"","d1d085176c394bfa8df78bede14d9440","6-ec9d0dbf3af693458c837d2ae40afdf7","52669","کرمانشاه","Kermānshāh","قصر شیرین","Qasr-e Shirin","مرکزی","Markazi","","","","Fath Abād","شرکت تعاونی 834 ایثارگران","Sherkat-e Ta'āvoni-ye Hasht Sad o Si o Chāhār-e Isārgarān","Shırkat-ı Tāwunī-yı Haysht Sad-u Sī-yu Chwār-ı Īsārgarān","Mehdi Fattahi, field notes 2017","","(3 or fewer households; population not specified in 2011 Census for reasons of privacy)","","","Kalhuri 100%","Mehdi Fattahi, field notes 2017","","",""
"","d1d085176c394bfa8df78bede14d88d1","8-09815710d6e13107cd2e66044107fe31","52670","کرمانشاه","Kermānshāh","قصر شیرین","Qasr-e Shirin","مرکزی","Markazi","قصر شیرین","Qasr-e Shirin","","","","","Qasr-ı Shīrīn, Qasr, Qasır","Mehdi Fattahi, field notes 2017","17959","","","","Kalhuri 80%; Central Kurdish 10%; Gōrāni 10%","Mehdi Fattahi, field notes 2017",34.514006278781906,45.57777098633096,""
"","d1d085176c394bfa8df78bede14d807b","6-b81925b0d5ae05ab7be524c1690723f9","52671","کرمانشاه","Kermānshāh","قصر شیرین","Qasr-e Shirin","","","","","","","","","","","328","","","","","","","",""
"","d1d085176c394bfa8df78bede14d749c","6-d421dbef5495aa78175ca661eb3686bb","52672","کرمانشاه","Kermānshāh","قصر شیرین","Qasr-e Shirin","","","","","","","","","","","328","","","","","","","",""
"","d1d085176c394bfa8df78bede14dff1a","6-e5afd89ed2de104dfee1de917cfdd5b4","52673","کرمانشاه","Kermānshāh","قصر شیرین","Qasr-e Shirin","","","","","","","","","","","328","","","","","","","",""
"","d1d085176c394bfa8df78bede14dfac6","6-62fbfc01c3614100e204764b404d7670","52773","کرمانشاه","Kermānshāh","گیلان غرب","Gilān-e Gharb","","","","","","","","","","","62858","","","","","","","",""
"","d1d085176c394bfa8df78bede14df97e","6-2ce0e452c3aea90dcb7259a5bd91946b","52774","کرمانشاه","Kermānshāh","گیلان غرب","Gilān-e Gharb","مرکزی","Markazi","","","","","","","","","43424","","","","","","","",""
"","d1d085176c394bfa8df78bede14debad","6-888251d9a0808e43b8f45b39b55c4f3a","52775","کرمانشاه","Kermānshāh","گیلان غرب","Gilān-e Gharb","مرکزی","Markazi","","","","Cheleh","","","","","9745","","","","","","","",""
"","d1d085176c394bfa8df78bede14ddc21","8-f84ecaef2af6625dca9d82c4b48d2273","52776","کرمانشاه","Kermānshāh","گیلان غرب","Gilān-e Gharb","مرکزی","Markazi","","","","Cheleh","چالاب وارگه سفلی","Chālāb-e Varegeh-ye Soflā","Chāḷāw Wārıga-y Sıfḷā ","Mehdi Fattahi, field notes 2017","317","","","","Kalhuri 100%","Mehdi Fattahi, field notes 2017",33.95957523751854,46.268888838507195,""
"","d1d085176c394bfa8df78bede14ddc15","8-3a45c9ccf9e4c97372ca2f7f845f50ee","52777","کرمانشاه","Kermānshāh","گیلان غرب","Gilān-e Gharb","مرکزی","Markazi","","","","Cheleh","چالاب وارگه علیا","Chālāb-e Varegeh-ye Olyā","Chāḷāw Wārıga-y Ulyā","Mehdi Fattahi, field notes 2017","145","","","","Kalhuri 100%","Mehdi Fattahi, field notes 2017",33.96321249888574,46.27401950007356,""
"","d1d085176c394bfa8df78bede14dd7dd","8-3b9c5b9813dc41ff9c0863799c8138c8","52778","کرمانشاه","Kermānshāh","گیلان غرب","Gilān-e Gharb","مرکزی","Markazi","","","","Cheleh","چشمه سنگی روتوند","Cheshmeh Sangi-ye Rutavand","Chyanī Kuchıgīn-ı Ṛütawan","Mehdi Fattahi, field notes 2017","77","","","","Kalhuri 100%","Mehdi Fattahi, field notes 2017",33.99808312827381,46.233372222661885,""
"","d1d085176c394bfa8df78bede14dd183","8-89faf85e9975cf34cc7e9f6339af2fef","52779","کرمانشاه","Kermānshāh","گیلان غرب","Gilān-e Gharb","مرکزی","Markazi","","","","Cheleh","چشمه کبود","Cheshmeh Kabud","Chyanī Kaw","Mehdi Fattahi, field notes 2017","93","","","","Kalhuri 100%","Mehdi Fattahi, field notes 2017",33.987306383832205,46.24308181929405,""
"","d1d085176c394bfa8df78bede14dcc9e","8-278ffac131105b9a869f24dd85a44ed2","52780","کرمانشاه","Kermānshāh","گیلان غرب","Gilān-e Gharb","مرکزی","Markazi","","","","Cheleh","چشمه گلینه","Cheshmeh Golineh","Chyanī Gıḷīna","Mehdi Fattahi, field notes 2017","73","","","","Kalhuri 100%","Mehdi Fattahi, field notes 2017",33.97186608266209,46.24934745955191,""
"","d1d085176c394bfa8df78bede14dc501","8-ec0c010f14d1523b34d6b4a6d4985bc1","52781","کرمانشاه","Kermānshāh","گیلان غرب","Gilān-e Gharb","مرکزی","Markazi","","","","Cheleh","خیر ویس","Kheyr Veys","Khayr Ways","Mehdi Fattahi, field notes 2017","58","","","","Kalhuri 100%","Mehdi Fattahi, field notes 2017",34.01744469549084,46.20889506005916,""
"","d1d085176c394bfa8df78bede14e74d7","8-f9254c9600539d9f133550b0a562e34e","52782","کرمانشاه","Kermānshāh","گیلان غرب","Gilān-e Gharb","مرکزی","Markazi","","","","Cheleh","دربند خیزان","Darband Khizān","Darban Khīzān","Mehdi Fattahi, field notes 2017","56","","","","Kalhuri 100%","Mehdi Fattahi, field notes 2017",34.013391713738294,46.225369187825386,""
"","d1d085176c394bfa8df78bede14e6fa7","8-b5969a04075dd278ed43dbb576a210d3","52783","کرمانشاه","Kermānshāh","گیلان غرب","Gilān-e Gharb","مرکزی","Markazi","","","","Cheleh","سنگچین صالح","Sang Chin-e Sāleh","Kuchıg Chīn-ı Sāḷē","Mehdi Fattahi, field notes 2017","210","","","","Kalhuri 100%","Mehdi Fattahi, field notes 2017",33.975941064313936,46.237535011052294,""
"","d1d085176c394bfa8df78bede14e601a","8-50f249b0601e2c7e7c4170079613108a","52784","کرمانشاه","Kermānshāh","گیلان غرب","Gilān-e Gharb","مرکزی","Markazi","","","","Cheleh","ایل شیرزادی","Il-e Shirzādi","Ēḷ-ı Khıḷ-ı Shērzādī, Ēḷ-ı Shērzādī","Mehdi Fattahi, field notes 2017","499","","","","Kalhuri 100%","Mehdi Fattahi, field notes 2017",34.027145717774694,46.17646404335065,""
"","d1d085176c394bfa8df78bede14e55b1","12-5e615ba1d5b6bac178ebbe93b405d9e4","52785","کرمانشاه","Kermānshāh","گیلان غرب","Gilān-e Gharb","مرکزی","Markazi","","","","Cheleh","اکبرجعفر","Akbar Ja'far","Akbar Jāfır","Mehdi Fattahi, field notes 2017","19","","","","Kalhuri 100%","Mehdi Fattahi, field notes 2017",34.01668435929867,46.20484492444691,""
"","d1d085176c394bfa8df78bede14e46c4","8-8d6874734a70dfe91a128ccd25f0320d","52786","کرمانشاه","Kermānshāh","گیلان غرب","Gilān-e Gharb","مرکزی","Markazi","","","","Cheleh","پشته سماوات","Peshteh-ye Samāvāt","Pıshta-y Samāwāt","Mehdi Fattahi, field notes 2017","83","","","","Kalhuri 100%","Mehdi Fattahi, field notes 2017",34.03806861613818,46.14826860893899,""
"","d1d085176c394bfa8df78bede14e4269","10-83fbc5281f1caf51b37a552ecdba37b0","52787","کرمانشاه","Kermānshāh","گیلان غرب","Gilān-e Gharb","مرکزی","Markazi","","","","Cheleh","تازه آباد بطی","Tāzeh Ābād-e Botā","Tāza Āwā-y Butā","Mehdi Fattahi, field notes 2017","336","","","","Kalhuri 100%","Mehdi Fattahi, field notes 2017",34.04221878932667,46.11945574578678,""
"","d1d085176c394bfa8df78bede14e3383","6-3d881878b0b2b2d842f1051447d24b14","52788","کرمانشاه","Kermānshāh","گیلان غرب","Gilān-e Gharb","مرکزی","Markazi","","","","Cheleh","تازه آباد صید علی","Tāzeh Ābād-e Seyyed Ali","Tāza Āwā-y Sa-y Alī","Mehdi Fattahi, field notes 2017","260","","","","Kalhuri 100%","Mehdi Fattahi, field notes 2017","","",""
"","d1d085176c394bfa8df78bede14e256c","8-2b728ca0331b1e21b8c15aec54964b59","52789","کرمانشاه","Kermānshāh","گیلان غرب","Gilān-e Gharb","مرکزی","Markazi","","","","Cheleh","چشمه نظامی","Cheshmeh Nezāmi","Chyanī Nızāmī","Mehdi Fattahi, field notes 2017","137","","","","Kalhuri 100%","Mehdi Fattahi, field notes 2017",33.999407772148636,46.205131493297266,""
"","d1d085176c394bfa8df78bede14e17f4","8-764d9ef47f614e614d9b5bd6633bf60c","52790","کرمانشاه","Kermānshāh","گیلان غرب","Gilān-e Gharb","مرکزی","Markazi","","","","Cheleh","زینل خان","Zeynal Khan","Zaynaḷ Khān","Mehdi Fattahi, field notes 2017","139","","","","Kalhuri 100%","Mehdi Fattahi, field notes 2017",34.02305175490117,46.17028930299025,""
"","d1d085176c394bfa8df78bede14e0db3","6-663d18ef69f9410af1a1788720beec40","52791","کرمانشاه","Kermānshāh","گیلان غرب","Gilān-e Gharb","مرکزی","Markazi","","","","Cheleh","بشیرآباد بطی","Bashir Ābād-e Botā","Bashīr Āwā-y Butā","Mehdi Fattahi, field notes 2017","55","","","","Kalhuri 100%","Mehdi Fattahi, field notes 2017","","",""
"","d1d085176c394bfa8df78bede14ed858","8-0408518df8b116ad3e648d4079c0f090","52792","کرمانشاه","Kermānshāh","گیلان غرب","Gilān-e Gharb","مرکزی","Markazi","","","","Cheleh","طایفه شاعران","Tāyefeh-ye Shā'erān","Khıḷ-ı Shāırayl","Mehdi Fattahi, field notes 2017","147","","","","Kalhuri 100%","Mehdi Fattahi, field notes 2017",34.032889603389094,46.17481180259757,""
"","d1d085176c394bfa8df78bede14eca6e","10-fbaadbbe98c8b2b0185eedf99a8c14ee","52793","کرمانشاه","Kermānshāh","گیلان غرب","Gilān-e Gharb","مرکزی","Markazi","","","","Cheleh","کولسوند","Kulsavand","Kūlsawan","Mehdi Fattahi, field notes 2017","147","","","","Kalhuri 100%","Mehdi Fattahi, field notes 2017",34.03188112246286,46.15033103157194,""
"","d1d085176c394bfa8df78bede14ec666","8-8515c37225aa62a6cd589097852e261a","52794","کرمانشاه","Kermānshāh","گیلان غرب","Gilān-e Gharb","مرکزی","Markazi","","","","Cheleh","عبدالعزیز","Abd-ol-Aziz","Avdıḷ Azīz","Mehdi Fattahi, field notes 2017","250","","","","Kalhuri 100%","Mehdi Fattahi, field notes 2017",34.03221898999383,46.148378383408975,""
"","d1d085176c394bfa8df78bede14ebf2f","8-8d899d3b6dccc34d013d19175ca51b21","52795","کرمانشاه","Kermānshāh","گیلان غرب","Gilān-e Gharb","مرکزی","Markazi","","","","Cheleh","طایفه حضرت سلیمان","Tāyefeh-ye Hazrat-e Soleymān","Khıḷ-ı Suḷaymān","Mehdi Fattahi, field notes 2017","100","","","","Kalhuri 100%","Mehdi Fattahi, field notes 2017",34.03650385257859,46.1381191300279,""
"","d1d085176c394bfa8df78bede14eb93d","10-f1c0e5300b43cc6968513b01d85926f5","52796","کرمانشاه","Kermānshāh","گیلان غرب","Gilān-e Gharb","مرکزی","Markazi","","","","Cheleh","تازه آباد حیدربیگی","Tāzeh Ābād-e Heydar Beygi","Tāza Āwā-y Haydar Bag","Mehdi Fattahi, field notes 2017","107","","","","Kalhuri 100%","Mehdi Fattahi, field notes 2017",34.04472578444762,46.11557190713356,""
"","d1d085176c394bfa8df78bede14eb130","8-99e16a4059df5ebd3256fff57c2753cc","52797","کرمانشاه","Kermānshāh","گیلان غرب","Gilān-e Gharb","مرکزی","Markazi","","","","Cheleh","چشمه پهن رشید","Cheshmeh Pahn-e Rashid","Chyanī Pyan-ı Ṛashī","Mehdi Fattahi, field notes 2017","144","","","","Kalhuri 100%","Mehdi Fattahi, field notes 2017",34.05412355612585,46.092359080019584,""
"","d1d085176c394bfa8df78bede14ea1f5","8-c80e6694d4a15f282b547a39fe4645d3","52798","کرمانشاه","Kermānshāh","گیلان غرب","Gilān-e Gharb","مرکزی","Markazi","","","","Cheleh","چشمه پهن فریدون","Cheshmeh Pahn-e Fereydun","Chyanī Pyan-ı Fıraydūn","Mehdi Fattahi, field notes 2017","207","","","","Kalhuri 100%","Mehdi Fattahi, field notes 2017",34.05583021483261,46.088282122317345,""
"","d1d085176c394bfa8df78bede14e95ac","8-6b5d773b9efd471c034ec25d55aadc93","52799","کرمانشاه","Kermānshāh","گیلان غرب","Gilān-e Gharb","مرکزی","Markazi","","","","Cheleh","قمرعلی","Qamar Ali","Qamar Alī","Mehdi Fattahi, field notes 2017","620","","","","Kalhuri 100%","Mehdi Fattahi, field notes 2017",34.04948340407332,46.1048474451908,""
"","d1d085176c394bfa8df78bede14e8660","8-eb444cd28e38016dae13976be230193c","52800","کرمانشاه","Kermānshāh","گیلان غرب","Gilān-e Gharb","مرکزی","Markazi","","","","Cheleh","هوشیار چله","Hushyār-e Cheleh","Hūshyār-ı Chıla","Mehdi Fattahi, field notes 2017","426","","","","Kalhuri 100%","Mehdi Fattahi, field notes 2017",34.06364307297286,46.077767862980004,""
"","d1d085176c394bfa8df78bede14e7fc8","6-256fd5e93bc6d70006b1d725d4f0f99a","52801","کرمانشاه","Kermānshāh","گیلان غرب","Gilān-e Gharb","مرکزی","Markazi","","","","Cheleh","چشمه پهن علیشاه","Cheshmeh Pahn-e Ali Shāh","Chyanī Pyan-ı Alī Shā","Mehdi Fattahi, field notes 2017","165","","","","Kalhuri 100%","Mehdi Fattahi, field notes 2017","","",""
"","d1d085176c394bfa8df78bede14f1c7b","8-abb514a7225d002aa6b58719923ab316","52802","کرمانشاه","Kermānshāh","گیلان غرب","Gilān-e Gharb","مرکزی","Markazi","","","","Cheleh","زاغه علی کرم","Zāgheh-ye Ali Karam","Zāqa-y Alī Karam","Mehdi Fattahi, field notes 2017","66","","","","Kalhuri 100%","Mehdi Fattahi, field notes 2017",34.066296081113194,46.07484961957281,""
"","d1d085176c394bfa8df78bede14f12e9","8-fed5c8d3b6e1be175020a60ee8a243da","52803","کرمانشاه","Kermānshāh","گیلان غرب","Gilān-e Gharb","مرکزی","Markazi","","","","Cheleh","کاسه گران","Kāseh Gerān","Kāsa Gırān","Mehdi Fattahi, field notes 2017","209","","","","Kalhuri 100%","Mehdi Fattahi, field notes 2017",34.090418539507425,46.02945752114609,""
"","d1d085176c394bfa8df78bede14f0ff9","8-a27ba3af4366f826d1c68d2084333307","52804","کرمانشاه","Kermānshāh","گیلان غرب","Gilān-e Gharb","مرکزی","Markazi","","","","Cheleh","کلاه دراز سفلی","Kolāh Derāz-e Soflā","Kıḷāw Dırīzh-ı Sıfḷā","Mehdi Fattahi, field notes 2017","601","","","","Kalhuri 100%","Mehdi Fattahi, field notes 2017",34.07475260735231,46.05528182953733,""
"","d1d085176c394bfa8df78bede14f04dd","8-bdd0e2d1e5bc45fdfe6869b9709fd3e0","52805","کرمانشاه","Kermānshāh","گیلان غرب","Gilān-e Gharb","مرکزی","Markazi","","","","Cheleh","کلاه دراز علیا","Kolāh Derāz-e Olyā","Kıḷāw Dırīzh-ı Ulyā","Mehdi Fattahi, field notes 2017","332","","","","Kalhuri 100%","Mehdi Fattahi, field notes 2017",34.070069148396776,46.062888574302924,""
"","d1d085176c394bfa8df78bede14ef962","10-83aa66af1fac621c7b7e4e5bda3eee6a","52806","کرمانشاه","Kermānshāh","گیلان غرب","Gilān-e Gharb","مرکزی","Markazi","","","","Cheleh","کلاه دراز وسطی","Kolāh Derāz-e Vasati","Kıḷāw Dırīzh-ı Mīyāna, Kıḷāw Dırīzh-ı Wasatī","Mehdi Fattahi, field notes 2017","184","","","","Kalhuri 100%","Mehdi Fattahi, field notes 2017",34.07295746013988,46.059079837502395,""
"","d1d085176c394bfa8df78bede14ef8ea","8-e018e41bdf2741f05d1f80bcb7a515d8","52807","کرمانشاه","Kermānshāh","گیلان غرب","Gilān-e Gharb","مرکزی","Markazi","","","","Cheleh","بان میدان عبدالله","Bān Meydān-e Abdollāh","Bān Mayān-ı Avdılā","Mehdi Fattahi, field notes 2017","63","","","","Kalhuri 100%","Mehdi Fattahi, field notes 2017",34.11762657092633,46.01814256214454,""
"","d1d085176c394bfa8df78bede14ef3f1","8-7bf776d057f6ea18c49ffce7b542c910","52808","کرمانشاه","Kermānshāh","گیلان غرب","Gilān-e Gharb","مرکزی","Markazi","","","","Cheleh","پادگان شهید ثابت خواه","Pādegān-e Shahid Sābet Khāh","Pādıgān-ı Shahīd Sābıt Khā","Mehdi Fattahi, field notes 2017","1040","","","","mixed 100%","Mehdi Fattahi, field notes 2017",34.110071400788016,46.03638574346371,""
"","d1d085176c394bfa8df78bede14eebbb","8-499b793306ab6100a9568223a6b04b40","52809","کرمانشاه","Kermānshāh","گیلان غرب","Gilān-e Gharb","مرکزی","Markazi","","","","Cheleh","چشمه مورینه","Cheshmeh Murineh","Chyanī Mūrīna","Mehdi Fattahi, field notes 2017","200","","","","Kalhuri 100%","Mehdi Fattahi, field notes 2017",34.13705648538537,45.96091232261505,""
"","d1d085176c394bfa8df78bede14ee035","8-f633a3b4d433cf557a2552517ceb4ce8","52810","کرمانشاه","Kermānshāh","گیلان غرب","Gilān-e Gharb","مرکزی","Markazi","","","","Cheleh","سنگ کرم شیرزادی","Sang Karam-e Shirzādi","Sang Karam-ı Shērzādī","Mehdi Fattahi, field notes 2017","303","","","","Kalhuri 100%","Mehdi Fattahi, field notes 2017",34.10827018768748,45.93370564168148,""
"","d1d085176c394bfa8df78bede14eda5a","6-00bbeaaa2738b80873c2e0c76e44dcf5","52811","کرمانشاه","Kermānshāh","گیلان غرب","Gilān-e Gharb","مرکزی","Markazi","","","","Cheleh","مزرعه میرزا آباد","Mazra'eh-ye Mirzā Ābād","Mazra-y Mīrzā Āwā","Mehdi Fattahi, field notes 2017","","(3 or fewer households; population not specified in 2011 Census for reasons of privacy)","","","Kalhuri 100%","Mehdi Fattahi, field notes 2017","","",""
"","d1d085176c394bfa8df78bede14f7c17","8-c257b4f9e4ab51031f378fbf34d48b90","52812","کرمانشاه","Kermānshāh","گیلان غرب","Gilān-e Gharb","مرکزی","Markazi","","","","Cheleh","بان میدان دار توت","Bān Meydān-e Dār Tut","Bān Mayān-ı Dār Tü","Mehdi Fattahi, field notes 2017","28","","","","Kalhuri 100%","Mehdi Fattahi, field notes 2017",34.10577012649191,46.022372405759924,""
"","d1d085176c394bfa8df78bede14f6da7","12-10bfdc47ffa917df7891dd25ea9bd770","52813","کرمانشاه","Kermānshāh","گیلان غرب","Gilān-e Gharb","مرکزی","Markazi","","","","Cheleh","سراب","Sarāb","Sarāw","Mehdi Fattahi, field notes 2017","1625","","","","Kalhuri 100%","Mehdi Fattahi, field notes 2017",34.1321864918212,45.93792417164289,""
"","d1d085176c394bfa8df78bede14f6770","6-79d1db3fc71358730fb5ad649cf1d5e1","52814","کرمانشاه","Kermānshāh","گیلان غرب","Gilān-e Gharb","مرکزی","Markazi","","","","Cheleh","طایفه همت حسن پور","Tāyefeh-ye Hemmat-e Hasanpur","Khıḷ-ı Hımat Hasanpūr","Mehdi Fattahi, field notes 2017","","(3 or fewer households; population not specified in 2011 Census for reasons of privacy)","","","Kalhuri 100%","Mehdi Fattahi, field notes 2017","","",""
"","d1d085176c394bfa8df78bede14f6401","8-cbbfe86487f765f4b1f2941041970723","52815","کرمانشاه","Kermānshāh","گیلان غرب","Gilān-e Gharb","مرکزی","Markazi","","","","Cheleh","طایفه شیرزادی","Tāyefeh-ye Shirzādi","Khıḷ-ı Shērzādī","Mehdi Fattahi, field notes 2017","171","","","","Kalhuri 100%","Mehdi Fattahi, field notes 2017",34.103918496142036,45.92978098507475,""
"","d1d085176c394bfa8df78bede14f5b24","6-e0188c1d9275905c7af49ce389f86375","52816","کرمانشاه","Kermānshāh","گیلان غرب","Gilān-e Gharb","مرکزی","Markazi","","","","Cheleh","کشتارگاه شهرداری","Koshtārgāh-e Shahrdāri","Kushtārgāh-ı Shārdārī, Kushtārgāh-ı Shahrdārī","Mehdi Fattahi, field notes 2017","","(3 or fewer households; population not specified in 2011 Census for reasons of privacy)","","","Kalhuri 100%","Mehdi Fattahi, field notes 2017","","",""
"","d1d085176c394bfa8df78bede14f50e6","6-e35c02a079d52b5de3dc34d50af23013","52817","کرمانشاه","Kermānshāh","گیلان غرب","Gilān-e Gharb","مرکزی","Markazi","","","","Humeh","","","","","6111","","","","","","","",""
"","d1d085176c394bfa8df78bede14f4705","8-32b69852e8e8e9a1bda9b1d5473b323b","52818","کرمانشاه","Kermānshāh","گیلان غرب","Gilān-e Gharb","مرکزی","Markazi","","","","Humeh","بینه گرد","Beyneh Gerd","Bayna Gırd","Mehdi Fattahi, field notes 2017","222","","","","Kalhuri 100%","Mehdi Fattahi, field notes 2017",34.15798858658205,45.911547448814964,""
"","d1d085176c394bfa8df78bede14f3a7b","8-a3f9edb396ab5d3ade800fd49eb482eb","52819","کرمانشاه","Kermānshāh","گیلان غرب","Gilān-e Gharb","مرکزی","Markazi","","","","Humeh","شیخ سرخ الدین سفلی","Sheykh Sorkh-ed-Din-e Soflā","Shaykh Surkhıdīn-ı Sıfḷā","Mehdi Fattahi, field notes 2017","141","","","","Kalhuri 100%","Mehdi Fattahi, field notes 2017",34.17202620667244,45.89363029259922,""
"","d1d085176c394bfa8df78bede14f2c38","8-d124c251c2d331d20277a8956b813b18","52820","کرمانشاه","Kermānshāh","گیلان غرب","Gilān-e Gharb","مرکزی","Markazi","","","","Humeh","شیخ سرخ الدین علیا","Sheykh Sorkh-ed-Din-e Olyā","Shaykh Surkhıdīn-ı Ulyā","Mehdi Fattahi, field notes 2017","42","","","","Kalhuri 100%","Mehdi Fattahi, field notes 2017",34.17100558908598,45.88501666941547,""
"","d1d085176c394bfa8df78bede14f1d69","8-2694a64d378ac44bdf0cfb488649d33c","52821","کرمانشاه","Kermānshāh","گیلان غرب","Gilān-e Gharb","مرکزی","Markazi","","","","Humeh","گرازان سفلی","Gerāzān-e Soflā","Gırāzān-ı Sıfḷā","Mehdi Fattahi, field notes 2017","169","","","","Kalhuri 100%","Mehdi Fattahi, field notes 2017",34.17077460311871,45.90469172257546,""
"","d1d085176c394bfa8df78bede14fd2a0","8-cc8d7361b41d032963f92b33141d2862","52822","کرمانشاه","Kermānshāh","گیلان غرب","Gilān-e Gharb","مرکزی","Markazi","","","","Humeh","گرازان علیا","Gerāzān-e Olyā","Gırāzān-ı Ulyā","Mehdi Fattahi, field notes 2017","184","","","","Kalhuri 100%","Mehdi Fattahi, field notes 2017",34.16284291084403,45.90458979863277,""
"","d1d085176c394bfa8df78bede14fc3b4","8-f678e9dfa86651f7710695b3725fea5e","52823","کرمانشاه","Kermānshāh","گیلان غرب","Gilān-e Gharb","مرکزی","Markazi","","","","Humeh","گراویان سفلی","Gerāviān-e Soflā","Gırāwayān-ı Sıfḷā","Mehdi Fattahi, field notes 2017","285","","","","Kalhuri 100%","Mehdi Fattahi, field notes 2017",34.15558985720923,45.89400206961423,""
"","d1d085176c394bfa8df78bede14fb800","8-cd3f6e471eb91bce16ea08bbe8a89b1a","52824","کرمانشاه","Kermānshāh","گیلان غرب","Gilān-e Gharb","مرکزی","Markazi","","","","Humeh","دارتوت رحیم","Dār Tut-e Rahim","Dār Tü Ṛahīm","Mehdi Fattahi, field notes 2017","37","","","","Kalhuri 100%","Mehdi Fattahi, field notes 2017",34.178212938815584,45.89506795663146,""
"","d1d085176c394bfa8df78bede14fb1bf","12-19e17a21c491c326035a6c0cb61aa59d","52825","کرمانشاه","Kermānshāh","گیلان غرب","Gilān-e Gharb","مرکزی","Markazi","","","","Humeh","کله جوب کیانی","Koleh Jub-e Kiāni","Kuḷa Jū Kīyānī","Mehdi Fattahi, field notes 2017","81","","","","Kalhuri 100%","Mehdi Fattahi, field notes 2017",34.178531110414326,45.88772235292923,""
"","d1d085176c394bfa8df78bede14fabd6","6-963db6f9e0f2f4cf05ebaf2216bc6edd","52826","کرمانشاه","Kermānshāh","گیلان غرب","Gilān-e Gharb","مرکزی","Markazi","","","","Humeh","مناف آباد","Monāf Ābād","Mınāf Āwā","Mehdi Fattahi, field notes 2017","45","","","","Kalhuri 100%","Mehdi Fattahi, field notes 2017","","",""
"","d1d085176c394bfa8df78bede14fa8c4","13-03b10a5131e3417102d0f7be7a384657","52827","کرمانشاه","Kermānshāh","گیلان غرب","Gilān-e Gharb","مرکزی","Markazi","","","","Humeh","کله جوب کرمی","Koleh Jub-e Karami","Kuḷa Jū Karama","Mehdi Fattahi, field notes 2017","62","","","","Kalhuri 100%","Mehdi Fattahi, field notes 2017",34.18382096364238,45.886477807946925,""
"","d1d085176c394bfa8df78bede14fa5de","6-bb4dd33c12470159466ee4b80766b4bb","52828","کرمانشاه","Kermānshāh","گیلان غرب","Gilān-e Gharb","مرکزی","Markazi","","","","Humeh","علی آباد","Ali Ābād","Alī Āwā","Mehdi Fattahi, field notes 2017","42","","","","Kalhuri 100%","Mehdi Fattahi, field notes 2017","","",""
"","d1d085176c394bfa8df78bede14f995f","6-31435d3b2cadcc19206ac986fc09d588","52829","کرمانشاه","Kermānshāh","گیلان غرب","Gilān-e Gharb","مرکزی","Markazi","","","","Humeh","مزرعه محمد کسانی نژاد","Mazra'eh-ye Mohammad-e Kasāni Nezhād","Mazra-y Muhamad-ı Kasānī Nızhād","Mehdi Fattahi, field notes 2017","39","","","","Kalhuri 100%","Mehdi Fattahi, field notes 2017","","",""
"","d1d085176c394bfa8df78bede14f962d","10-d6d0f3c42d7a86839caa7c117ee070aa","52830","کرمانشاه","Kermānshāh","گیلان غرب","Gilān-e Gharb","مرکزی","Markazi","","","","Humeh","اوزین فریدون","Owzin-e Fereydun","Awzīn-ı Fıraydūn","Mehdi Fattahi, field notes 2017","45","","","","Kalhuri 100%","Mehdi Fattahi, field notes 2017",34.20091284804683,45.82775540325286,""
