"Attribution","Nunaliit_ID","Nunaliit_revision_code","ALI_unique_ID_place","province_Persian","province_roman","shahrestan_Persian","shahrestan_roman","bakhsh_Persian","bakhsh_roman","city_Persian","city_roman","dehestan_Persian","dehestan_roman","settlement_Persian","settlement_roman","local_name","local_name_source","population_2011_census","population_2011_comment","population_2016_census","population_2016_comment","language_distribution_estimate","language_distribution_source","latitude","longitude","notes"
"(c) Atlas of the Languages of Iran (ALI) and Contributors, 2015-present. Data are available under a CC BY (Attribution Only) licence.","","","","","","","","","","","","","","","","","","","","","","","","","",""
"","912291f437b8879158d946e3a6188bac","8-8dce7b0e7404dc4373f90cd5807715b2","1180000","بوشهر","Bushehr","","","","","","","","","","","","","1032949","","","","","","","",""
"","912291f437b8879158d946e3a6188b2a","8-dcd6d3d2fbaf40e217059711c2441d28","1180001","بوشهر","Bushehr","بوشهر","Bushehr","","","","","","","","","","","258906","","","","","","","",""
"","912291f437b8879158d946e3a6187b56","8-0d5be26fb1776849ac223f71daa0f06d","1180002","بوشهر","Bushehr","بوشهر","Bushehr","خارک","Khārk","","","","","","","","","7722","","","","","","","",""
"","912291f437b8879158d946e3a6187982","10-6517f937e609e94dcfeaf921b7ca8066","1180003","بوشهر","Bushehr","بوشهر","Bushehr","خارک","Khārk","خارک","Khārk","","","","","Khārg","Fatemeh Nemati and Shakiba Ghasemi, field notes 2017","7722","","","","mixed 50%; Arabic 25%; Bushehri 15%; Tehrāni type Persian 10%","Fatemeh Nemati and Shakiba Ghasemi, field notes 2017",29.25931394704862,50.3287943338143,""
"","912291f437b8879158d946e3a6186ee5","8-e808d9eaad088777cacbded2c3192550","1180004","بوشهر","Bushehr","بوشهر","Bushehr","مرکزی","Markazi","","","","","","","","","251120","","","","","","","",""
"","912291f437b8879158d946e3a6186446","8-430930381fd8e969161bbe6e24044110","1180005","بوشهر","Bushehr","بوشهر","Bushehr","مرکزی","Markazi","","","انگالی","Angāli","","","","","2301","","","","","","","",""
"","912291f437b8879158d946e3a6186046","10-59755b903943dc61d38db95214bca3f9","1180006","بوشهر","Bushehr","بوشهر","Bushehr","مرکزی","Markazi","","","انگالی","Angāli","حمود","Hammud","Hamud","Fatemeh Nemati and Shakiba Ghasemi, field notes 2017","70","","","","Dashtesuni 60%; Arabic 40%","Fatemeh Nemati and Shakiba Ghasemi, field notes 2017",29.262440483001836,50.767423153373635,""
"","912291f437b8879158d946e3a61851a9","10-75ad8a1bc681ad04cf25ed355085548c","1180007","بوشهر","Bushehr","بوشهر","Bushehr","مرکزی","Markazi","","","انگالی","Angāli","رستمی","Rostami","Resahmi","Fatemeh Nemati and Shakiba Ghasemi, field notes 2017","104","","","","Dashtesuni 60%; Arabic 40%","Fatemeh Nemati and Shakiba Ghasemi, field notes 2017",29.239544025563294,50.7599773411489,""
"","912291f437b8879158d946e3a618441d","12-92922453839ac2ce387dd261df165ccf","1180008","بوشهر","Bushehr","بوشهر","Bushehr","مرکزی","Markazi","","","انگالی","Angāli","عسکری","Askari","Askeri","Fatemeh Nemati and Shakiba Ghasemi, field notes 2017","59","","","","Dashtesuni 100%","Fatemeh Nemati and Shakiba Ghasemi, field notes 2017",29.274392157253338,50.84636592908862,""
"","912291f437b8879158d946e3a6183758","10-9b987d4f9eed5db65cb295dc3e129d4b","1180009","بوشهر","Bushehr","بوشهر","Bushehr","مرکزی","Markazi","","","انگالی","Angāli","فراکه","Farākeh","Ferāke","Fatemeh Nemati and Shakiba Ghasemi, field notes 2017","","(less than 4 households; population not specified in 2011 Census for reasons of privacy)","","","Dashtesuni 60%; Arabic 40%","Fatemeh Nemati and Shakiba Ghasemi, field notes 2017",29.212049340710408,50.72582745597776,""
"","912291f437b8879158d946e3a618df5c","10-4eb10a6b26d431b47949f8b973bf5c8e","1180010","بوشهر","Bushehr","بوشهر","Bushehr","مرکزی","Markazi","","","انگالی","Angāli","کره بند","Koreh Band","Kore Vand","Fatemeh Nemati and Shakiba Ghasemi, field notes 2017","1250","","","","Dashtesuni 100%","Fatemeh Nemati and Shakiba Ghasemi, field notes 2017",29.267522689078948,50.91747665448172,""
"","912291f437b8879158d946e3a618d8ea","10-20a451686f809628f57675ae55f28c3b","1180011","بوشهر","Bushehr","بوشهر","Bushehr","مرکزی","Markazi","","","انگالی","Angāli","محرزی","Mohrezi","Mohrezi","Fatemeh Nemati and Shakiba Ghasemi, field notes 2017","177","","","","Dashtesuni 100%","Fatemeh Nemati and Shakiba Ghasemi, field notes 2017",29.268252708981535,50.81435108229133,""
"","912291f437b8879158d946e3a618d50b","10-1bd6b9f90e9c6a0b96987f417ce3a850","1180012","بوشهر","Bushehr","بوشهر","Bushehr","مرکزی","Markazi","","","انگالی","Angāli","احشام حسن","Ahshām-e Hasan","Kheshem-e Kal Hesam, Kheshem-e Kalsan","Fatemeh Nemati and Shakiba Ghasemi, field notes 2017","13","","","","Dashtesuni 100%","Fatemeh Nemati and Shakiba Ghasemi, field notes 2017",29.248577786172316,50.998028755605255,""
"","912291f437b8879158d946e3a618cf4e","10-e7c8bed89f8f8c0d759018c760fd835b","1180013","بوشهر","Bushehr","بوشهر","Bushehr","مرکزی","Markazi","","","انگالی","Angāli","حسن نظام","Hasan Nezām","Hesan Nedum","Fatemeh Nemati and Shakiba Ghasemi, field notes 2017","14","","","","Dashtesuni 100%","Fatemeh Nemati and Shakiba Ghasemi, field notes 2017",29.136184209870574,50.98395252269731,""
"","912291f437b8879158d946e3a618c134","10-7c693f9dc5505673720e6633a4c3d0de","1180014","بوشهر","Bushehr","بوشهر","Bushehr","مرکزی","Markazi","","","انگالی","Angāli","حیدری","Heydari","Heyderi","Fatemeh Nemati and Shakiba Ghasemi, field notes 2017","66","","","","Dashtesuni 100%","Fatemeh Nemati and Shakiba Ghasemi, field notes 2017",29.280175629408404,50.97742939037407,""
"","912291f437b8879158d946e3a618bf1b","12-29372bc2faa059025a17b9b0c42c64eb","1180015","بوشهر","Bushehr","بوشهر","Bushehr","مرکزی","Markazi","","","انگالی","Angāli","زردکی سفلی","Zardaki-ye Soflā","Zardeki, Zardeki-ye Dumeni","Fatemeh Nemati and Shakiba Ghasemi, field notes 2017","13","","","","Dashtesuni 100%","Fatemeh Nemati and Shakiba Ghasemi, field notes 2017",29.26464935498566,50.93318367047003,""
"","912291f437b8879158d946e3a618afbf","10-4f71713b996db9b96b2a586e86c4588d","1180016","بوشهر","Bushehr","بوشهر","Bushehr","مرکزی","Markazi","","","انگالی","Angāli","زردکی علیا","Zardaki-ye Olyā","Zardeki, Zardeki-ye Bāley","Fatemeh Nemati and Shakiba Ghasemi, field notes 2017","51","","","","Dashtesuni 100%","Fatemeh Nemati and Shakiba Ghasemi, field notes 2017",29.269871837083656,50.93738937420496,""
"","912291f437b8879158d946e3a618a51a","10-3913308fc80de15bf7c861b799266c40","1180017","بوشهر","Bushehr","بوشهر","Bushehr","مرکزی","Markazi","","","انگالی","Angāli","محمدشاهی","Mohammad Shāhi ","Momshey","Fatemeh Nemati and Shakiba Ghasemi, field notes 2017","55","","","","Dashtesuni 100%","Fatemeh Nemati and Shakiba Ghasemi, field notes 2017",29.278041959336015,50.963009834711706,""
"","912291f437b8879158d946e3a618a227","10-c4173f3d115270f4dd998eb6ee7ccf17","1180018","بوشهر","Bushehr","بوشهر","Bushehr","مرکزی","Markazi","","","انگالی","Angāli","نوکارگزی","Nowkār-e Gazi","Nowkāl, Nowkāl-e Gezi","Fatemeh Nemati and Shakiba Ghasemi, field notes 2017","45","","","","Dashtesuni 100%","Fatemeh Nemati and Shakiba Ghasemi, field notes 2017",29.165137329204534,51.00918674510601,""
"","912291f437b8879158d946e3a618971b","10-bb2d1fd5dbbf3bbe15c836272de6c9e0","1180019","بوشهر","Bushehr","بوشهر","Bushehr","مرکزی","Markazi","","","انگالی","Angāli","نوکارمخی","Nowkār-e Mokhi","Nowkāl, Nowkāl-e Mokhi","Fatemeh Nemati and Shakiba Ghasemi, field notes 2017","90","","","","Dashtesuni 100%","Fatemeh Nemati and Shakiba Ghasemi, field notes 2017",29.185146752978696,51.03236103099176,""
"","912291f437b8879158d946e3a6193e88","10-0d0155e9e58874d656557410b9f80900","1180020","بوشهر","Bushehr","بوشهر","Bushehr","مرکزی","Markazi","","","انگالی","Angāli","هفت جوش","Haft Jush","Haf Jush","Fatemeh Nemati and Shakiba Ghasemi, field notes 2017","25","","","","Dashtesuni 100%","Fatemeh Nemati and Shakiba Ghasemi, field notes 2017",29.281036571384103,50.98905944866103,""
"","912291f437b8879158d946e3a6193872","10-20612f352b02525caceb486e80c3e606","1180021","بوشهر","Bushehr","بوشهر","Bushehr","مرکزی","Markazi","","","انگالی","Angāli","قلعه سوخته","Qal'eh Sukhteh","Qahle Sokhte","Fatemeh Nemati and Shakiba Ghasemi, field notes 2017","265","","","","Dashtesuni 100%","Fatemeh Nemati and Shakiba Ghasemi, field notes 2017",29.279782588269683,50.87220096631711,""
"","912291f437b8879158d946e3a6193569","8-cd7ddd53258502024bf6336b5fd76818","1180022","بوشهر","Bushehr","بوشهر","Bushehr","مرکزی","Markazi","","","حومه","Humeh","","","","","35525","","","","","","","",""
"","912291f437b8879158d946e3a619287e","10-af7c15436f65fb3e50952ea901cbd660","1180023","بوشهر","Bushehr","بوشهر","Bushehr","مرکزی","Markazi","","","حومه","Humeh","حسینکی","Hoseynaki","Hoseyneki","Fatemeh Nemati and Shakiba Ghasemi, field notes 2017","483","","","","Bushehri 70%; mixed 30%","Fatemeh Nemati and Shakiba Ghasemi, field notes 2017",29.107405127056712,51.05395603681841,""
"","912291f437b8879158d946e3a6191d83","10-e42769c3fbfdb70263af4dfb41b01378","1180024","بوشهر","Bushehr","بوشهر","Bushehr","مرکزی","Markazi","","","حومه","Humeh","جزیره شیف","Jazireh-ye Shif","Jezire-y Shif, Jezire, Shif","Fatemeh Nemati and Shakiba Ghasemi, field notes 2017","3363","","","","Arabic 85%; mixed 10%; Bushehri 5%","Fatemeh Nemati and Shakiba Ghasemi, field notes 2017",29.070686383641256,50.87518346697565,""
"","912291f437b8879158d946e3a619188d","10-46911547ab71e512d857d24bdbb92654","1180025","بوشهر","Bushehr","بوشهر","Bushehr","مرکزی","Markazi","","","حومه","Humeh","احمدی","Ahmadi","Ahmedi","Fatemeh Nemati and Shakiba Ghasemi, field notes 2017","1422","","","","Bushehri 90%; mixed 10%","Fatemeh Nemati and Shakiba Ghasemi, field notes 2017",29.076082214562497,51.06117654348505,""
"","912291f437b8879158d946e3a6190c0d","10-f79358b292b42767a718bb8dd6061a3c","1180026","بوشهر","Bushehr","بوشهر","Bushehr","مرکزی","Markazi","","","حومه","Humeh","دویره","Doveyreh","Doveyre, Doheyre","Fatemeh Nemati and Shakiba Ghasemi, field notes 2017","4081","","","","Bushehri 90%; mixed 10%","Fatemeh Nemati and Shakiba Ghasemi, field notes 2017",29.072706534217577,51.068729644069755,""
"","912291f437b8879158d946e3a61900ca","10-6a21d04bf7d8e6308e3d22edeb45318b","1180027","بوشهر","Bushehr","بوشهر","Bushehr","مرکزی","Markazi","","","حومه","Humeh","سرمل","Sar Mal","Sar Mal","Fatemeh Nemati and Shakiba Ghasemi, field notes 2017","275","","","","Bushehri 90%; mixed 10%","Fatemeh Nemati and Shakiba Ghasemi, field notes 2017",29.11374167786319,51.0679464390373,""
"","912291f437b8879158d946e3a618f742","10-a2e15f41979b0b7f819a14bb8068bf62","1180028","بوشهر","Bushehr","بوشهر","Bushehr","مرکزی","Markazi","","","حومه","Humeh","قلعه چاه کوتاه","Qal'eh-ye Chāh Kutāh","Kahle-y Chah Kutā, Qahle","Fatemeh Nemati and Shakiba Ghasemi, field notes 2017","362","","","","Bushehri 90%; mixed 10%","Fatemeh Nemati and Shakiba Ghasemi, field notes 2017",29.055535737640874,51.12223434949156,""
"","912291f437b8879158d946e3a618e8b0","10-ada9a1f857eb15eb479a97e7712bf9b3","1180029","بوشهر","Bushehr","بوشهر","Bushehr","مرکزی","Markazi","","","حومه","Humeh","آبطویل","Āb Tavil","Ow Towi, Ow Tevil","Fatemeh Nemati and Shakiba Ghasemi, field notes 2017","1546","","","","Bushehri 90%; mixed 10%","Fatemeh Nemati and Shakiba Ghasemi, field notes 2017",29.101180679536224,51.12171936536083,""
"","912291f437b8879158d946e3a6198f40","10-e04fccd7f62761aa9dc0dd6c53e3ce42","1180030","بوشهر","Bushehr","بوشهر","Bushehr","مرکزی","Markazi","","","حومه","Humeh","تل اشکی","Tol Ashki","Tolashki, Talashki","Fatemeh Nemati and Shakiba Ghasemi, field notes 2017","711","","","","Bushehri 90%; mixed 10%","Fatemeh Nemati and Shakiba Ghasemi, field notes 2017",29.072603386687714,51.12678337598002,""
"","912291f437b8879158d946e3a6198ba0","10-3d46cbb9b8dcd403657dfaa6713ce271","1180031","بوشهر","Bushehr","بوشهر","Bushehr","مرکزی","Markazi","","","حومه","Humeh","تل سیاه","Tol Siāh","Tol Siyā","Fatemeh Nemati and Shakiba Ghasemi, field notes 2017","532","","","","Bushehri 90%; mixed 10%","Fatemeh Nemati and Shakiba Ghasemi, field notes 2017",28.977138352087554,51.114509587529646,""
"","912291f437b8879158d946e3a6197f12","10-d8f5e183b4b35ed6caf5ff75418b5a7e","1180032","بوشهر","Bushehr","بوشهر","Bushehr","مرکزی","Markazi","","","حومه","Humeh","چاه کوتاه","Chāh Kutāh","Chah Kutā","Fatemeh Nemati and Shakiba Ghasemi, field notes 2017","2136","","","","Bushehri 75%; mixed 20%; Tehrāni type Persian 5%","Fatemeh Nemati and Shakiba Ghasemi, field notes 2017",29.0539226048992,51.140559201478965,""
"","912291f437b8879158d946e3a61970c8","10-99979a46e592fa505127d4e1b0bbd3b4","1180033","بوشهر","Bushehr","بوشهر","Bushehr","مرکزی","Markazi","","","حومه","Humeh","عالی شهر","Āli Shahr","Āli Shahr","Fatemeh Nemati and Shakiba Ghasemi, field notes 2017","12820","","","","mixed 60%; Bushehri 20%; Tangesiri 20%","Fatemeh Nemati and Shakiba Ghasemi, field notes 2017",28.93098783740443,51.0690193226433,""
"","912291f437b8879158d946e3a619704c","10-8924c155cfc34d3f375330474e4d607f","1180034","بوشهر","Bushehr","بوشهر","Bushehr","مرکزی","Markazi","","","حومه","Humeh","شهرک صنعتی 2 بوشهر","Shahrak-e San'ati-ye Do-we Bushehr","Shahrak","Fatemeh Nemati and Shakiba Ghasemi, field notes 2017","73","","","","Tehrāni type Persian 60%; Bushehri 40%","Fatemeh Nemati and Shakiba Ghasemi, field notes 2017",28.943114819241657,50.97075593858134,""
"","912291f437b8879158d946e3a6196222","10-4030ceb3b7aa68581e98f1ccd27df968","1180035","بوشهر","Bushehr","بوشهر","Bushehr","مرکزی","Markazi","","","حومه","Humeh","نیروگاه اتمی","Nirugāh-e Atomi","Nirugāh","Fatemeh Nemati and Shakiba Ghasemi, field notes 2017","2974","","","","mixed 60%; Tehrāni type Persian 20%; Bushehri 20%","Fatemeh Nemati and Shakiba Ghasemi, field notes 2017",28.82993986252979,50.89130619501734,""
"","912291f437b8879158d946e3a6195e3e","10-b8599d6c3efb20d3190b39abfc1563fe","1180036","بوشهر","Bushehr","بوشهر","Bushehr","مرکزی","Markazi","","","حومه","Humeh","هلیله","Heleyleh","Heleyle","Fatemeh Nemati and Shakiba Ghasemi, field notes 2017","2238","","","","Tangesiri 50%; Bushehri 20%; Arabic 20%; Tehrāni type Persian 5%; mixed 5%","Fatemeh Nemati and Shakiba Ghasemi, field notes 2017",28.834150551107495,50.87903240656698,""
"","912291f437b8879158d946e3a6195bf0","10-558ce3e72caa67532c07d706efa1122d","1180037","بوشهر","Bushehr","بوشهر","Bushehr","مرکزی","Markazi","","","حومه","Humeh","بندرگاه","Bandargāh","Bandargah","Fatemeh Nemati and Shakiba Ghasemi, field notes 2017","2509","","","","Tangesiri 50%; Bushehri 30%; Arabic 10%; Tehrāni type Persian 5%; mixed 5%","Fatemeh Nemati and Shakiba Ghasemi, field notes 2017",28.825089840498656,50.907528195137296,""
"","912291f437b8879158d946e3a61953c5","10-4889d0c58300d6c24f8dac61db26b848","1180038","بوشهر","Bushehr","بوشهر","Bushehr","مرکزی","Markazi","چغادک","Choghādak","","","","","Choghādak","Fatemeh Nemati and Shakiba Ghasemi, field notes 2017","18072","","","","Bushehri 45%; mixed 35%; Arabic 20%","Fatemeh Nemati and Shakiba Ghasemi, field notes 2017",28.98572968941576,51.03649953339163,""
"","912291f437b8879158d946e3a6194e79","10-a54c77bab69a142bb81fc97c3d2a1461","1180039","بوشهر","Bushehr","بوشهر","Bushehr","مرکزی","Markazi","بوشهر","Bushehr","","","","","Bushehr","Fatemeh Nemati and Shakiba Ghasemi, field notes 2017","195222","","","","mixed 50%; Bushehri 25%; Tehrāni type Persian 15%; Arabic 9.95%; Koroshi 0.05%","Fatemeh Nemati and Shakiba Ghasemi, field notes 2017; Maryam Nourzaei, field notes 2014",28.97016827748544,50.836857352023124,""
"","912291f437b8879158d946e3a619e3f1","8-76f6e4863d1e4c05517e945e5cc4c434","1180040","بوشهر","Bushehr","بوشهر","Bushehr","","","","","","","","","","","64","","","","","","","",""
"","912291f437b8879158d946e3a619d7ca","8-69e620aec90f8f4c841d6b5b5248ff9c","1180041","بوشهر","Bushehr","بوشهر","Bushehr","","","","","","","","","","","64","","","","","","","",""
"","912291f437b8879158d946e3a619cce8","8-eae52130c2231b0a38d867056ad46cdb","1180042","بوشهر","Bushehr","بوشهر","Bushehr","","","","","","","","","","","64","","","","","","","",""
"","912291f437b8879158d946e3a619c736","8-ed8177c034f36b0437ecb255b7828bd2","1180043","بوشهر","Bushehr","تنگستان","Tangestān","","","","","","","","","","","70282","","","","","","","",""
"","912291f437b8879158d946e3a619bdf8","8-7b68570f6111ba31a023dc6786c5fc2d","1180044","بوشهر","Bushehr","تنگستان","Tangestān","دلوار","Delvār","","","","","","","","","32154","","","","","","","",""
"","912291f437b8879158d946e3a619b055","8-2d11848b02cf8ac631c9cd92db321d1b","1180045","بوشهر","Bushehr","تنگستان","Tangestān","دلوار","Delvār","","","بوالخیر","Bo-l-Kheyr","","","","","10547","","","","","","","",""
"","912291f437b8879158d946e3a619a497","10-8aea3caccb71476d4008272f4d2bf7ce","1180046","بوشهر","Bushehr","تنگستان","Tangestān","دلوار","Delvār","","","بوالخیر","Bo-l-Kheyr","بربو","Barbu","Barbu","Fatemeh Nemati and Shakiba Ghasemi, field notes 2017","48","","","","Tangesiri 100%","Fatemeh Nemati and Shakiba Ghasemi, field notes 2017",28.648047160895775,51.07602432940574,""
"","912291f437b8879158d946e3a619a0da","10-e79f96ead6800fff7dce8c45ce430b83","1180047","بوشهر","Bushehr","تنگستان","Tangestān","دلوار","Delvār","","","بوالخیر","Bo-l-Kheyr","بنجو","Bonju","Bonju","Fatemeh Nemati and Shakiba Ghasemi, field notes 2017","638","","","","Tangesiri 100%","Fatemeh Nemati and Shakiba Ghasemi, field notes 2017",28.472556274753327,51.11537793609117,""
"","912291f437b8879158d946e3a6199fa0","10-d253c09512ab8a268dc5419e10987a36","1180048","بوشهر","Bushehr","تنگستان","Tangestān","دلوار","Delvār","","","بوالخیر","Bo-l-Kheyr","بوجیکدان، بوجیکدو","Bujikdān, Bujikdu","Bujikdu","Fatemeh Nemati and Shakiba Ghasemi, field notes 2017","67","","","","Tangesiri 100%","Fatemeh Nemati and Shakiba Ghasemi, field notes 2017",28.643979618294214,51.0774834511098,""
"","912291f437b8879158d946e3a6199b58","10-e6938cd1f974cbce6d55ae2981332a07","1180049","بوشهر","Bushehr","تنگستان","Tangestān","دلوار","Delvār","","","بوالخیر","Bo-l-Kheyr","کری","Karri","Karri","Fatemeh Nemati and Shakiba Ghasemi, field notes 2017","685","","","","Tangesiri 100%","Fatemeh Nemati and Shakiba Ghasemi, field notes 2017",28.416312886589576,51.14039758177813,""
"","912291f437b8879158d946e3a61a26d7","10-9a7cb1535dd15f9acb0b75786727e59b","1180050","بوشهر","Bushehr","تنگستان","Tangestān","دلوار","Delvār","","","بوالخیر","Bo-l-Kheyr","رستمی","Rostami","Resahmi","Fatemeh Nemati and Shakiba Ghasemi, field notes 2017","1518","","","","Tangesiri 100%","Fatemeh Nemati and Shakiba Ghasemi, field notes 2017",28.573157374709666,51.08396390411277,""
"","912291f437b8879158d946e3a61a214e","10-f578faaccf291507876aa78ab6ef89bd","1180051","بوشهر","Bushehr","تنگستان","Tangestān","دلوار","Delvār","","","بوالخیر","Bo-l-Kheyr","گاهی","Gāhi","Gehi","Fatemeh Nemati and Shakiba Ghasemi, field notes 2017","548","","","","Tangesiri 100%","Fatemeh Nemati and Shakiba Ghasemi, field notes 2017",28.546168904330234,51.0889420840438,""
"","912291f437b8879158d946e3a61a1423","10-aeb33e17696edd6c0453af7d0b9ede79","1180052","بوشهر","Bushehr","تنگستان","Tangestān","دلوار","Delvār","","","بوالخیر","Bo-l-Kheyr","بوالخیر","Bo-l-Kheyr","Bolkheyr","Fatemeh Nemati and Shakiba Ghasemi, field notes 2017","1978","","","","Tangesiri 95%; mixed 5%","Fatemeh Nemati and Shakiba Ghasemi, field notes 2017",28.53003282789128,51.09589436980961,""
"","912291f437b8879158d946e3a61a1300","10-ef3ae5ae2268c22e70955bb5782c3ae7","1180053","بوشهر","Bushehr","تنگستان","Tangestān","دلوار","Delvār","","","بوالخیر","Bo-l-Kheyr","عامری","Āmeri","Umeri","Fatemeh Nemati and Shakiba Ghasemi, field notes 2017","2200","","","","Tangesiri 100%","Fatemeh Nemati and Shakiba Ghasemi, field notes 2017",28.50891647323277,51.09846929046329,""
"","912291f437b8879158d946e3a61a0f62","10-a10c0bf1ace36e2d0cfe61edfa6f2c8f","1180054","بوشهر","Bushehr","تنگستان","Tangestān","دلوار","Delvār","","","بوالخیر","Bo-l-Kheyr","خورشهابی، خورشهاب","Khur Shahābi, Khur Shahāb","Khurshāhi, Khurshāi, Khurshāvi","Fatemeh Nemati and Shakiba Ghasemi, field notes 2017","1295","","","","Tangesiri 100%","Fatemeh Nemati and Shakiba Ghasemi, field notes 2017",28.485457280559103,51.1098847720294,""
"","912291f437b8879158d946e3a61a0193","10-50782ec9c4c1e344733edaadf86925ea","1180055","بوشهر","Bushehr","تنگستان","Tangestān","دلوار","Delvār","","","بوالخیر","Bo-l-Kheyr","هدکان","Hedekān","Hedeku","Fatemeh Nemati and Shakiba Ghasemi, field notes 2017","155","","","","Dashtiyāti 100%","Fatemeh Nemati and Shakiba Ghasemi, field notes 2017",28.36081378258408,51.17666104765488,""
"","912291f437b8879158d946e3a619feff","10-4654f935625f0ed66dae229befa6cc65","1180056","بوشهر","Bushehr","تنگستان","Tangestān","دلوار","Delvār","","","بوالخیر","Bo-l-Kheyr","چاه پهن","Chāh Pahn","Chah Pahn","Fatemeh Nemati and Shakiba Ghasemi, field notes 2017","125","","","","Dashtiyāti 100%","Fatemeh Nemati and Shakiba Ghasemi, field notes 2017",28.348350808098292,51.18189671965039,""
"","912291f437b8879158d946e3a619f2df","10-848a3ae01ecfe14c8df2a0264a5b4e20","1180057","بوشهر","Bushehr","تنگستان","Tangestān","دلوار","Delvār","","","بوالخیر","Bo-l-Kheyr","سالم آباد","Sālem Ābād","Sālmāhe, Sālem Āvā","Fatemeh Nemati and Shakiba Ghasemi, field notes 2017","530","","","","Dashtiyāti 100%","Fatemeh Nemati and Shakiba Ghasemi, field notes 2017",28.44310816683807,51.128338370048596,""
"","912291f437b8879158d946e3a619eeda","10-ec78d3421a219309b512f06c66d1cd9f","1180058","بوشهر","Bushehr","تنگستان","Tangestān","دلوار","Delvār","","","بوالخیر","Bo-l-Kheyr","کلات","Kalāt","Kelāt","Fatemeh Nemati and Shakiba Ghasemi, field notes 2017","390","","","","Dashtiyāti 100%","Fatemeh Nemati and Shakiba Ghasemi, field notes 2017",28.401327217004265,51.14868024321531,""
"","912291f437b8879158d946e3a619ebff","12-688dfdc8e28674dec71052cafb1e4621","1180059","بوشهر","Bushehr","تنگستان","Tangestān","دلوار","Delvār","","","بوالخیر","Bo-l-Kheyr","بریکان","Berikān","Biriku, Boriku","Fatemeh Nemati and Shakiba Ghasemi, field notes 2017","208","","","","Dashtiyāti 100%","Fatemeh Nemati and Shakiba Ghasemi, field notes 2017",28.288999445283668,51.23515466184319,""
"","912291f437b8879158d946e3a61a563b","10-505a70c52544ba7e0981ceb224f57016","1180060","بوشهر","Bushehr","تنگستان","Tangestān","دلوار","Delvār","","","بوالخیر","Bo-l-Kheyr","زیراهک","Zirāhak","Zirahk, Zireahk","Fatemeh Nemati and Shakiba Ghasemi, field notes 2017","162","","","","Dashtiyāti 100%","Fatemeh Nemati and Shakiba Ghasemi, field notes 2017",28.291795860732897,51.23051980466568,""
"","912291f437b8879158d946e3a61a538c","8-dd574647cb59071157997e6f133c5d3b","1180061","بوشهر","Bushehr","تنگستان","Tangestān","دلوار","Delvār","","","دلوار","Delvār","","","","","17903","","","","","","","",""
"","912291f437b8879158d946e3a61a4e99","10-00eb77522929a94aefb9aadcdeefbb62","1180062","بوشهر","Bushehr","تنگستان","Tangestān","دلوار","Delvār","","","دلوار","Delvār","زائرابراهیمی، گورک زائرابراهیمی","Zāer Ebrāhimi, Gurak-e Zāer Ebrāhimi","Gurek-e Zāyer Ebrāhimi, Gurek-e Zār Brehimi, Gurek-e Zār Evreymi","Fatemeh Nemati and Shakiba Ghasemi, field notes 2017","270","","","","Tangesiri 90%; Bushehri 10%","Fatemeh Nemati and Shakiba Ghasemi, field notes 2017",28.952911789387745,51.05472609203775,""
"","912291f437b8879158d946e3a61a4dd2","10-3485ac51866354507cd5aa35021e4837","1180063","بوشهر","Bushehr","تنگستان","Tangestān","دلوار","Delvār","","","دلوار","Delvār","عالی چنگی","Āli Changi","Āl Changi","Fatemeh Nemati and Shakiba Ghasemi, field notes 2017","940","","","","Tangesiri 90%; Bushehri 10%","Fatemeh Nemati and Shakiba Ghasemi, field notes 2017",28.956178735081753,51.061206309016455,""
"","912291f437b8879158d946e3a61a4adf","10-1f9025139d62c9d936d3ee72ea009a42","1180064","بوشهر","Bushehr","تنگستان","Tangestān","دلوار","Delvār","","","دلوار","Delvār","گورک محمدرحیمی","Gurak-e Mohammad Rahimi","Gurek-e Marahmei, Gurek-e Meyāri","Fatemeh Nemati and Shakiba Ghasemi, field notes 2017","300","","","","Tangesiri 90%; Bushehri 10%","Fatemeh Nemati and Shakiba Ghasemi, field notes 2017",28.940434488183012,51.043954340635054,""
"","912291f437b8879158d946e3a61a4640","10-57c2a7dff03e27ceb6c703f1e623b9b8","1180065","بوشهر","Bushehr","تنگستان","Tangestān","دلوار","Delvār","","","دلوار","Delvār","مزارحسینی","Mazār Hoseyni","Mālseyni, Mezāroseyni","Fatemeh Nemati and Shakiba Ghasemi, field notes 2017","409","","","","Tangesiri 90%; Bushehri 10%","Fatemeh Nemati and Shakiba Ghasemi, field notes 2017",28.923664281253224,51.03532835644345,""
"","912291f437b8879158d946e3a61a4120","10-ab4843e42ab606dc9d1e55aada7a19c6","1180066","بوشهر","Bushehr","تنگستان","Tangestān","دلوار","Delvār","","","دلوار","Delvār","گورک سادات","Gurak-e Sādāt","Gurek-e Sādāt","Fatemeh Nemati and Shakiba Ghasemi, field notes 2017","908","","","","Tangesiri 90%; Bushehri 10%","Fatemeh Nemati and Shakiba Ghasemi, field notes 2017",28.944312094873386,51.049704996762195,""
"","912291f437b8879158d946e3a61a3f2a","10-ec5d6a67c42407e7568169ea1beeff0d","1180067","بوشهر","Bushehr","تنگستان","Tangestān","دلوار","Delvār","","","دلوار","Delvār","گورک سلیمانی","Gurak-e Soleymāni","Gurek-e Seleymāni","Fatemeh Nemati and Shakiba Ghasemi, field notes 2017","430","","","","Tangesiri 90%; Bushehri 10%","Fatemeh Nemati and Shakiba Ghasemi, field notes 2017",28.937176435270253,51.047130076108516,""
"","912291f437b8879158d946e3a61a36d0","10-d5cdede7d8acc3e13ac292fa9bf2a6b9","1180068","بوشهر","Bushehr","تنگستان","Tangestān","دلوار","Delvār","","","دلوار","Delvār","گورک خورشیدی","Gurak-e Khorshidi","Gurek-e Khorshidi","Fatemeh Nemati and Shakiba Ghasemi, field notes 2017","867","","","","Tangesiri 90%; Bushehri 10%","Fatemeh Nemati and Shakiba Ghasemi, field notes 2017",28.947767079778444,51.04631468456789,""
"","912291f437b8879158d946e3a61a2a30","10-3bc56e0b7c41c253cf7eba0bed4495e5","1180069","بوشهر","Bushehr","تنگستان","Tangestān","دلوار","Delvār","","","دلوار","Delvār","خیش اشکن","Khish Eshkan","Khish Eshkan","Fatemeh Nemati and Shakiba Ghasemi, field notes 2017","355","","","","Tangesiri 90%; Bushehri 10%","Fatemeh Nemati and Shakiba Ghasemi, field notes 2017",28.92188005702341,51.035650221526055,""
"","912291f437b8879158d946e3a61a9802","12-1ab9636e170a1fa057e13fc22d419b53","1180070","بوشهر","Bushehr","تنگستان","Tangestān","دلوار","Delvār","","","دلوار","Delvār","گورک کله بندی","Gurak-e Kalleh Bandi","Gurek-e Kelebandi","Fatemeh Nemati and Shakiba Ghasemi, field notes 2017","1066","","","","Tangesiri 90%; Bushehri 10%","Fatemeh Nemati and Shakiba Ghasemi, field notes 2017",28.937552008553002,51.039791552244644,""
"","912291f437b8879158d946e3a61a8e44","10-6713adbd48463d015c7d82c8e2e2a882","1180071","بوشهر","Bushehr","تنگستان","Tangestān","دلوار","Delvār","","","دلوار","Delvār","گورک دژگاه","Gurak-e Dozhgah","Gurek-e Dozgah","Fatemeh Nemati and Shakiba Ghasemi, field notes 2017","520","","","","Tangesiri 90%; Bushehri 10%","Fatemeh Nemati and Shakiba Ghasemi, field notes 2017",28.926312389038596,51.03747412365544,""
"","912291f437b8879158d946e3a61a82a4","10-7ac2576eea158eab9f542563914419e5","1180072","بوشهر","Bushehr","تنگستان","Tangestān","دلوار","Delvār","","","دلوار","Delvār","احشام جمال","Ahshām-e Jamāl","Eshum Jomāl","Fatemeh Nemati and Shakiba Ghasemi, field notes 2017","297","","","","Tangesiri 100%","Fatemeh Nemati and Shakiba Ghasemi, field notes 2017",28.919344527674323,51.03455588024735,""
"","912291f437b8879158d946e3a61a7d43","10-2a7f751d9154b5129914c79a2d0c2b45","1180073","بوشهر","Bushehr","تنگستان","Tangestān","دلوار","Delvār","","","دلوار","Delvār","احشام سرتل","Ahshām-e Sar Tol","Eshum Ser Tol","Fatemeh Nemati and Shakiba Ghasemi, field notes 2017","480","","","","Tangesiri 100%","Fatemeh Nemati and Shakiba Ghasemi, field notes 2017",28.914780418629597,51.03460952442733,""
"","912291f437b8879158d946e3a61a7bb1","10-e073005c76a9a473ac4a968c7f06e249","1180074","بوشهر","Bushehr","تنگستان","Tangestān","دلوار","Delvār","","","دلوار","Delvār","پهلوان کشی","Pahlavān Koshi","Pahkushi ","Fatemeh Nemati and Shakiba Ghasemi, field notes 2017","1146","","","","Tangesiri 100%","Fatemeh Nemati and Shakiba Ghasemi, field notes 2017",28.909342668538514,51.03937312763663,""
"","912291f437b8879158d946e3a61a75ee","10-0b071a403fbfc3f89714d8d06bc1e618","1180075","بوشهر","Bushehr","تنگستان","Tangestān","دلوار","Delvār","","","دلوار","Delvār","دهنو","Deh Now","Deh Now","Fatemeh Nemati and Shakiba Ghasemi, field notes 2017","258","","","","Tangesiri 100%","Fatemeh Nemati and Shakiba Ghasemi, field notes 2017",28.89844752763429,51.032721249280705,""
"","912291f437b8879158d946e3a61a74e0","10-22a3d369f5c70ac38ab7f3d365ec9cdb","1180076","بوشهر","Bushehr","تنگستان","Tangestān","دلوار","Delvār","","","دلوار","Delvār","گرگور","Gargur","Gargur","Fatemeh Nemati and Shakiba Ghasemi, field notes 2017","874","","","","Tangesiri 100%","Fatemeh Nemati and Shakiba Ghasemi, field notes 2017",28.87120467215792,51.046711651500495,""
"","912291f437b8879158d946e3a61a6ff4","10-aa05b7c20e07e58f447fdce1addee2ee","1180077","بوشهر","Bushehr","تنگستان","Tangestān","دلوار","Delvār","","","دلوار","Delvār","لیلک","Lilak","Lilak","Fatemeh Nemati and Shakiba Ghasemi, field notes 2017","657","","","","Tangesiri 100%","Fatemeh Nemati and Shakiba Ghasemi, field notes 2017",28.884470017204205,51.037527767834526,""
"","912291f437b8879158d946e3a61a6534","10-5ac840ea5c2f2fef48276d5847e98345","1180078","بوشهر","Bushehr","تنگستان","Tangestān","دلوار","Delvār","","","دلوار","Delvār"," رستمی شمالی","Rostami-ye Shomāli","Resami Shomāli ","Fatemeh Nemati and Shakiba Ghasemi, field notes 2017","191","","","","Tangesiri 100%","Fatemeh Nemati and Shakiba Ghasemi, field notes 2017",28.860493455337878,51.04606792133708,""
"","912291f437b8879158d946e3a61a606f","10-fa11fb890d0b6f1c931f73f0c37dc371","1180079","بوشهر","Bushehr","تنگستان","Tangestān","دلوار","Delvār","","","دلوار","Delvār","چاه تلخ جنوبی","Chāh Talkh-e Jonubi ","Chah Tahl, Chah Tel-e Hiruni, Chah Tel-e Pāsgeyi","Fatemeh Nemati and Shakiba Ghasemi, field notes 2017","601","","","","Tangesiri 100%","Fatemeh Nemati and Shakiba Ghasemi, field notes 2017",28.83763917094754,51.047612873729285,""
"","912291f437b8879158d946e3a61aed5d","10-3f3d7ef021d10f9faa3a432877b7c10b","1180080","بوشهر","Bushehr","تنگستان","Tangestān","دلوار","Delvār","","","دلوار","Delvār","چاه تلخ شمالی","Chāh Talkh-e Shomāli","Chah Tahl, Chah Tel-e Shomāli","Fatemeh Nemati and Shakiba Ghasemi, field notes 2017","752","","","","Tangesiri 100%","Fatemeh Nemati and Shakiba Ghasemi, field notes 2017",28.85229956903284,51.045810429271704,""
"","912291f437b8879158d946e3a61ae75b","12-dea46251e30200d88323fc504b073054","1180081","بوشهر","Bushehr","تنگستان","Tangestān","دلوار","Delvār","","","دلوار","Delvār","مل گپ","Mal Gap","Mal Gap","Fatemeh Nemati and Shakiba Ghasemi, field notes 2017","352","","","","Tangesiri 100%","Fatemeh Nemati and Shakiba Ghasemi, field notes 2017",28.807785720869063,51.07722446125011,""
"","912291f437b8879158d946e3a61ad872","10-b817ec0f29d4db78b85fd1a5b2b164b1","1180082","بوشهر","Bushehr","تنگستان","Tangestān","دلوار","Delvār","","","دلوار","Delvār","حاجی آباد","Hāji Ābād","Hāji Āva","Fatemeh Nemati and Shakiba Ghasemi, field notes 2017","128","","","","Tangesiri 100%","Fatemeh Nemati and Shakiba Ghasemi, field notes 2017",28.799587684288998,51.071902958564664,""
"","912291f437b8879158d946e3a61aca12","10-629532d72234c3ff493f62c7c347d747","1180083","بوشهر","Bushehr","تنگستان","Tangestān","دلوار","Delvār","","","دلوار","Delvār","علی آباد جایینک","Ali Ābād-e Jāinak","Eli Āvā","Fatemeh Nemati and Shakiba Ghasemi, field notes 2017","730","","","","Tangesiri 100%","Fatemeh Nemati and Shakiba Ghasemi, field notes 2017",28.78965892341259,51.055251805003046,""
"","912291f437b8879158d946e3a61ac359","10-01650b5b57b5e58fa25f9d6fafae6c26","1180084","بوشهر","Bushehr","تنگستان","Tangestān","دلوار","Delvār","","","دلوار","Delvār","جایینک","Jāinak","Goynak, Joynak","Fatemeh Nemati and Shakiba Ghasemi, field notes 2017","2309","","","","Tangesiri 100%","Fatemeh Nemati and Shakiba Ghasemi, field notes 2017",28.786386738237862,51.0676543394861,""
"","912291f437b8879158d946e3a61aba1b","10-25803ddb5a913ff55c8f5107556f7003","1180085","بوشهر","Bushehr","تنگستان","Tangestān","دلوار","Delvār","","","دلوار","Delvār","محمدعامری","Mohammad Āmeri","Medmeri, Mehmeri","Fatemeh Nemati and Shakiba Ghasemi, field notes 2017","2293","","","","Tangesiri 100%","Fatemeh Nemati and Shakiba Ghasemi, field notes 2017",28.72521184077649,51.0744349638747,""
"","912291f437b8879158d946e3a61ab2b3","10-241c5a90e9d1c2aad42d5c8922cd16f3","1180086","بوشهر","Bushehr","تنگستان","Tangestān","دلوار","Delvār","","","دلوار","Delvār","باشی","Bāshi","Bāshi","Fatemeh Nemati and Shakiba Ghasemi, field notes 2017","749","","","","Tangesiri 95%; mixed 5%","Fatemeh Nemati and Shakiba Ghasemi, field notes 2017",28.683697817476034,51.07774115848787,""
"","912291f437b8879158d946e3a61aaae5","10-d93735d8d95c7bc9e25c9c637bcab69f","1180087","بوشهر","Bushehr","تنگستان","Tangestān","دلوار","Delvār","","","دلوار","Delvār","دلارام، دلارمدی","Delārām, Delārmedi","Delārmeyi","Fatemeh Nemati and Shakiba Ghasemi, field notes 2017","21","","","","Tangesiri 100%","Fatemeh Nemati and Shakiba Ghasemi, field notes 2017",28.664579848160844,51.075702679636734,""
"","912291f437b8879158d946e3a61aa83e","10-c39f724f3d0645de9eb6d1a4d3bf3306","1180088","بوشهر","Bushehr","تنگستان","Tangestān","دلوار","Delvār","دلوار","Delvār","","","","","Delvār","Fatemeh Nemati and Shakiba Ghasemi, field notes 2017","3704","","","","Tangesiri 85%; mixed 15%","Fatemeh Nemati and Shakiba Ghasemi, field notes 2017",28.761371816379068,51.06928512256647,""
"","912291f437b8879158d946e3a61aa5c7","8-cebbdc723762e8c51c2a7b65643e8d38","1180089","بوشهر","Bushehr","تنگستان","Tangestān","مرکزی","Markazi","","","","","","","","","38047","","","","","","","",""
"","912291f437b8879158d946e3a61b3849","8-c1e241d9a03ec350b90c49c6d0acd306","1180090","بوشهر","Bushehr","تنگستان","Tangestān","مرکزی","Markazi","","","اهرم","Ahram","","","","","11632","","","","","","","",""
"","912291f437b8879158d946e3a61b2a11","10-f6a0cdee05bb941c31ecc4c9c6d703d6","1180091","بوشهر","Bushehr","تنگستان","Tangestān","مرکزی","Markazi","","","اهرم","Ahram","سمل جنوبی","Samal-e Jonubi","Semal, Somal","Fatemeh Nemati and Shakiba Ghasemi, field notes 2017","1114","","","","Dashtesuni 100%","Fatemeh Nemati and Shakiba Ghasemi, field notes 2017",29.10027218448145,51.22591540017957,""
"","912291f437b8879158d946e3a61b1f30","10-95bcbb413d6bf26f27df19cb273dc372","1180092","بوشهر","Bushehr","تنگستان","Tangestān","مرکزی","Markazi","","","اهرم","Ahram","سمل شمالی","Samal-e Shomāli","Semal, Somal","Fatemeh Nemati and Shakiba Ghasemi, field notes 2017","989","","","","Dashtesuni 100%","Fatemeh Nemati and Shakiba Ghasemi, field notes 2017",29.10645919106759,51.22677370706472,""
"","912291f437b8879158d946e3a61b19ee","10-d8ebff21ae82d47068749f2e062c70bc","1180093","بوشهر","Bushehr","تنگستان","Tangestān","مرکزی","Markazi","","","اهرم","Ahram","گلنگون","Golangun","Golangu","Fatemeh Nemati and Shakiba Ghasemi, field notes 2017","664","","","","Dashtesuni 100%","Fatemeh Nemati and Shakiba Ghasemi, field notes 2017",29.09805977064857,51.20917841592889,""
"","912291f437b8879158d946e3a61b1431","10-27a96b7a2fc36dfa2b19bb9710145cc6","1180094","بوشهر","Bushehr","تنگستان","Tangestān","مرکزی","Markazi","","","اهرم","Ahram","اشکالی زائرحسین","Eshkāli-ye Zāer Hoseyn","Oshkāli, Eshkāli","Fatemeh Nemati and Shakiba Ghasemi, field notes 2017","56","","","","Dashtesuni 100%","Fatemeh Nemati and Shakiba Ghasemi, field notes 2017",28.989067753862606,51.260462252286914,""
"","912291f437b8879158d946e3a61b0b7a","10-1c58ac78c40a174b8a2f426c88be5943","1180095","بوشهر","Bushehr","تنگستان","Tangestān","مرکزی","Markazi","","","اهرم","Ahram","اشکالی عوض حسین","Eshkāli-ye Avaz Hoseyn","Oshkāli, Eshkāli","Fatemeh Nemati and Shakiba Ghasemi, field notes 2017","79","","","","Dashtesuni 100%","Fatemeh Nemati and Shakiba Ghasemi, field notes 2017",28.99893992776675,51.265998331692316,""
"","912291f437b8879158d946e3a61afd0e","10-c12c1222677e7e9470adf1ba0249cbc4","1180096","بوشهر","Bushehr","تنگستان","Tangestān","مرکزی","Markazi","","","اهرم","Ahram","آشیر","Āshur","Āshir","Fatemeh Nemati and Shakiba Ghasemi, field notes 2017","65","","","","Dashtesuni 100%","Fatemeh Nemati and Shakiba Ghasemi, field notes 2017",28.983812219835006,51.26282259621974,""
"","912291f437b8879158d946e3a61af4b8","10-fe9ee30948de9fe38a03d0802c90d029","1180097","بوشهر","Bushehr","تنگستان","Tangestān","مرکزی","Markazi","","","اهرم","Ahram","چاه پیر","Chāh Pir","Chah Pir","Fatemeh Nemati and Shakiba Ghasemi, field notes 2017","1018","","","","Dashtesuni 100%","Fatemeh Nemati and Shakiba Ghasemi, field notes 2017",28.999090067620926,51.22046515146233,""
"","912291f437b8879158d946e3a61af0fb","10-db233a725c0a153b1c24af23c7d398db","1180098","بوشهر","Bushehr","تنگستان","Tangestān","مرکزی","Markazi","","","اهرم","Ahram","اشکالی سیدی","Eshkāli-ye Seyyedi","Eshkāli","Fatemeh Nemati and Shakiba Ghasemi, field notes 2017","76","","","","Dashtesuni 100%","Fatemeh Nemati and Shakiba Ghasemi, field notes 2017",28.993947653455848,51.26140638986023,""
"","912291f437b8879158d946e3a61af08c","10-23fc33b36a7d4c420e35372f09c53425","1180099","بوشهر","Bushehr","تنگستان","Tangestān","مرکزی","Markazi","","","اهرم","Ahram","آباد","Ābād","Āvād","Fatemeh Nemati and Shakiba Ghasemi, field notes 2017","3503","","","","Dashtesuni 100%","Fatemeh Nemati and Shakiba Ghasemi, field notes 2017",29.02487335181854,51.25252291360415,""
"","912291f437b8879158d946e3a61b833c","10-1357234aa505c8928e03a869635c4586","1180100","بوشهر","Bushehr","تنگستان","Tangestān","مرکزی","Markazi","","","اهرم","Ahram","اشکالی محمدحاجی","Eshkāli-ye Mohammad Hāji","Eshkāli Mahāji, Oshkāli Mahjomāl","Fatemeh Nemati and Shakiba Ghasemi, field notes 2017","250","","","","Dashtesuni 100%","Fatemeh Nemati and Shakiba Ghasemi, field notes 2017",28.994961142179484,51.26428171792379,""
"","912291f437b8879158d946e3a61b80de","10-b37481452fd5e1507a704b7fca87af28","1180101","بوشهر","Bushehr","تنگستان","Tangestān","مرکزی","Markazi","","","اهرم","Ahram","جمالی زائرحسین","Jamāli-ye Zāer Hoseyn","Jemāli Zār Hoseyn, Jomāli","Fatemeh Nemati and Shakiba Ghasemi, field notes 2017","323","","","","Tangesiri 100%","Fatemeh Nemati and Shakiba Ghasemi, field notes 2017",28.92999795888843,51.272435633328286,""
"","912291f437b8879158d946e3a61b7a00","10-4ac68731e22feabf2a40c38f3fcc378b","1180102","بوشهر","Bushehr","تنگستان","Tangestān","مرکزی","Markazi","","","اهرم","Ahram","کناری","Konāri","Konāri","Fatemeh Nemati and Shakiba Ghasemi, field notes 2017","351","","","","Tangesiri 100%","Fatemeh Nemati and Shakiba Ghasemi, field notes 2017",28.96356705016315,51.27224251427926,""
"","912291f437b8879158d946e3a61b6b8a","10-730cf0d01c09a2470082df5e6de2c84f","1180103","بوشهر","Bushehr","تنگستان","Tangestān","مرکزی","Markazi","","","اهرم","Ahram","منصوری جنوبی","Mansuri-ye Jonubi","Mansiriyā","Fatemeh Nemati and Shakiba Ghasemi, field notes 2017","353","","","","Tangesiri 100%","Fatemeh Nemati and Shakiba Ghasemi, field notes 2017",28.957751080242232,51.2718348185094,""
"","912291f437b8879158d946e3a61b6805","10-423676c95006ae6610b9467e92a3f3eb","1180104","بوشهر","Bushehr","تنگستان","Tangestān","مرکزی","Markazi","","","اهرم","Ahram","منصوری شمالی","Mansuri-ye Shomāli","Mansiriyā","Fatemeh Nemati and Shakiba Ghasemi, field notes 2017","110","","","","Tangesiri 100%","Fatemeh Nemati and Shakiba Ghasemi, field notes 2017",28.971282841249803,51.269367186215696,""
"","912291f437b8879158d946e3a61b6367","10-600bfb5a48049fc1c890a3667f83c507","1180105","بوشهر","Bushehr","تنگستان","Tangestān","مرکزی","Markazi","","","اهرم","Ahram","منصوری وسطی","Mansuri-ye Vasati","Mansiriyā ","Fatemeh Nemati and Shakiba Ghasemi, field notes 2017","66","","","","Tangesiri 100%","Fatemeh Nemati and Shakiba Ghasemi, field notes 2017",28.96880483966077,51.26923844018301,""
"","912291f437b8879158d946e3a61b601f","10-fad155dd9d61ae95de520f9004758f7a","1180106","بوشهر","Bushehr","تنگستان","Tangestān","مرکزی","Markazi","","","اهرم","Ahram","بازوئی","Bāzui","Ehshum Bāzuwi, Bāzuwā, Bāzuwi","Fatemeh Nemati and Shakiba Ghasemi, field notes 2017","1212","","","","Tangesiri 100%","Fatemeh Nemati and Shakiba Ghasemi, field notes 2017",28.94126534570181,51.27501055398196,""
"","912291f437b8879158d946e3a61b53aa","10-862456b33c2e400d273d5af1f4bafdd1","1180107","بوشهر","Bushehr","تنگستان","Tangestān","مرکزی","Markazi","","","اهرم","Ahram","حیدری","Heydari","Heyderi","Fatemeh Nemati and Shakiba Ghasemi, field notes 2017","339","","","","Tangesiri 100%","Fatemeh Nemati and Shakiba Ghasemi, field notes 2017",28.93521866707589,51.272306887295606,""
"","912291f437b8879158d946e3a61b4a3c","10-3b04265704e28ca35e30066438483ed2","1180108","بوشهر","Bushehr","تنگستان","Tangestān","مرکزی","Markazi","","","اهرم","Ahram","آمار","Āmār","Omār","Fatemeh Nemati and Shakiba Ghasemi, field notes 2017","100","","","","Ahrami 100%","Fatemeh Nemati and Shakiba Ghasemi, field notes 2017",28.85986852981428,51.28670498528526,""
"","912291f437b8879158d946e3a61b4485","10-d253f38a45356085ea7570906697cda3","1180109","بوشهر","Bushehr","تنگستان","Tangestān","مرکزی","Markazi","","","اهرم","Ahram","دمروباه دان","Domrubāhdān","Domreyu","Fatemeh Nemati and Shakiba Ghasemi, field notes 2017","194","","","","Ahrami 100%","Fatemeh Nemati and Shakiba Ghasemi, field notes 2017",28.841713206835877,51.284001318598904,""
"","912291f437b8879158d946e3a61bc7e7","10-1cf389f9d59ab35083e27d48281ab55c","1180110","بوشهر","Bushehr","تنگستان","Tangestān","مرکزی","Markazi","","","اهرم","Ahram","کناربنی","Konār Bani","Konār Boni, Konār Buyi","Fatemeh Nemati and Shakiba Ghasemi, field notes 2017","279","","","","Tangesiri 100%","Fatemeh Nemati and Shakiba Ghasemi, field notes 2017",28.922823751129666,51.27483889260564,""
"","912291f437b8879158d946e3a61bc7d1","10-e6df73f419a4c899d5d715d77505bb52","1180111","بوشهر","Bushehr","تنگستان","Tangestān","مرکزی","Markazi","","","اهرم","Ahram","آشی","Āshi","Āshi","Fatemeh Nemati and Shakiba Ghasemi, field notes 2017","","(less than 4 households; population not specified in 2011 Census for reasons of privacy)","","","Khāyizi 100%","Fatemeh Nemati and Shakiba Ghasemi, field notes 2017",28.72362789061209,51.519135044090945,""
"","912291f437b8879158d946e3a61bbc89","10-0d144cd578fa9644da50c36c39a3d3ba","1180112","بوشهر","Bushehr","تنگستان","Tangestān","مرکزی","Markazi","","","اهرم","Ahram","بنیان","Banyān","Banyun, Benyun","Fatemeh Nemati and Shakiba Ghasemi, field notes 2017","195","","","","Khāyizi 100%","Fatemeh Nemati and Shakiba Ghasemi, field notes 2017",28.786457190032113,51.43630787527985,""
"","912291f437b8879158d946e3a61bb8e8","10-a57b6dc11a3726b4b2fb1ea559a2ea96","1180113","بوشهر","Bushehr","تنگستان","Tangestān","مرکزی","Markazi","","","اهرم","Ahram","تلخ آبیه","Talkh Ābieh","Tahlu","Fatemeh Nemati and Shakiba Ghasemi, field notes 2017","24","","","","Khāyizi 100%","Fatemeh Nemati and Shakiba Ghasemi, field notes 2017",28.804786672803413,51.37653752960017,""
"","912291f437b8879158d946e3a61bae4c","10-6a68ef6705d0006c791879d2824785c7","1180114","بوشهر","Bushehr","تنگستان","Tangestān","مرکزی","Markazi","","","اهرم","Ahram","گشی","Geshi","Geshi","Fatemeh Nemati and Shakiba Ghasemi, field notes 2017","199","","","","Khāyizi 100%","Fatemeh Nemati and Shakiba Ghasemi, field notes 2017",28.770245206189387,51.46407410299859,""
"","912291f437b8879158d946e3a61badd9","10-8fa38c765d4ba5a702e8f4ece16fbf64","1180115","بوشهر","Bushehr","تنگستان","Tangestān","مرکزی","Markazi","","","اهرم","Ahram","مخدان","Mokhdān","Moghdu, Mohdu","Fatemeh Nemati and Shakiba Ghasemi, field notes 2017","28","","","","Khāyizi 100%","Fatemeh Nemati and Shakiba Ghasemi, field notes 2017",28.75137820725166,51.5004985014162,""
"","912291f437b8879158d946e3a61b9e8b","10-97a64c59a1a953bc0ed18ae0976af151","1180116","بوشهر","Bushehr","تنگستان","Tangestān","مرکزی","Markazi","","","اهرم","Ahram","یخ","Yakh","Yakh","Fatemeh Nemati and Shakiba Ghasemi, field notes 2017","","(less than 4 households; population not specified in 2011 Census for reasons of privacy)","","","Khāyizi 100%","Fatemeh Nemati and Shakiba Ghasemi, field notes 2017",28.757430878735207,51.48417994177175,""
"","912291f437b8879158d946e3a61b9d89","10-85d597e83517f08958aa19652a3a249c","1180117","بوشهر","Bushehr","تنگستان","Tangestān","مرکزی","Markazi","","","اهرم","Ahram","شیرمرد","Shir Mard","Shir Merd","Fatemeh Nemati and Shakiba Ghasemi, field notes 2017","30","","","","Khāyizi 100%","Fatemeh Nemati and Shakiba Ghasemi, field notes 2017",29.05016834762402,51.319407282758576,""
"","912291f437b8879158d946e3a61b9a6f","10-424e8562a42e0817bb58d0a4c66b01cf","1180118","بوشهر","Bushehr","تنگستان","Tangestān","مرکزی","Markazi","","","اهرم","Ahram","کیدی","Kidi","Kidi","Fatemeh Nemati and Shakiba Ghasemi, field notes 2017","","(less than 4 households; population not specified in 2011 Census for reasons of privacy)","","","Khāyizi 100%","Fatemeh Nemati and Shakiba Ghasemi, field notes 2017",29.061134269649415,51.293620525292795,""
"","912291f437b8879158d946e3a61b90a8","8-e8618d2046891a5e47e849665e48b2a7","1180119","بوشهر","Bushehr","تنگستان","Tangestān","مرکزی","Markazi","","","اهرم","Ahram","مدکان","Madkān","Medkun","Fatemeh Nemati and Shakiba Ghasemi, field notes 2017","","(less than 4 households; population not specified in 2011 Census for reasons of privacy)","","","Khāyizi 100%","Fatemeh Nemati and Shakiba Ghasemi, field notes 2017","","",""
"","912291f437b8879158d946e3a61c2c34","8-c1de30cd3561c3bb58ca743f0c57778d","1180120","بوشهر","Bushehr","تنگستان","Tangestān","مرکزی","Markazi","","","باغک","Bāghak","","","","","12637","","","","","","","",""
"","912291f437b8879158d946e3a61c1e09","10-0230839a1a1e4b411833cb19835ef3ce","1180121","بوشهر","Bushehr","تنگستان","Tangestān","مرکزی","Markazi","","","باغک","Bāghak","عالی حسینی","Āli Hoseyni","Āliseyni","Fatemeh Nemati and Shakiba Ghasemi, field notes 2017","2119","","","","Tangesiri 100%","Fatemeh Nemati and Shakiba Ghasemi, field notes 2017",28.756467940558913,51.243360326732514,""
"","912291f437b8879158d946e3a61c17d8","10-1f8a3cebc9c9c89480d1db9f6563dd1a","1180122","بوشهر","Bushehr","تنگستان","Tangestān","مرکزی","Markazi","","","باغک","Bāghak","آب بوئی","Āb Bui","Ow Buwi, Ow Boy","Fatemeh Nemati and Shakiba Ghasemi, field notes 2017","44","","","","Tangesiri 100%","Fatemeh Nemati and Shakiba Ghasemi, field notes 2017",28.77919427990232,51.303538368182956,""
"","912291f437b8879158d946e3a61c0f05","10-142bddf18c3f5362919de9bc103fd056","1180123","بوشهر","Bushehr","تنگستان","Tangestān","مرکزی","Markazi","","","باغک","Bāghak","باغچه جنوبی","Bāghcheh-ye Jonubi","Bākhche-y Hiruni, Bāghche","Fatemeh Nemati and Shakiba Ghasemi, field notes 2017","53","","","","Tangesiri 100%","Fatemeh Nemati and Shakiba Ghasemi, field notes 2017",28.79722407507794,51.21562020407749,""
"","912291f437b8879158d946e3a61c0b9a","10-01aa07672ddf51846d001f070a09d31c","1180124","بوشهر","Bushehr","تنگستان","Tangestān","مرکزی","Markazi","","","باغک","Bāghak","باغچه شمالی","Bāghcheh-ye Shomāli","Bākhche-y Shomāli, Bāghche","Fatemeh Nemati and Shakiba Ghasemi, field notes 2017","60","","","","Tangesiri 100%","Fatemeh Nemati and Shakiba Ghasemi, field notes 2017",28.806136791020403,51.21102826224541,""
"","912291f437b8879158d946e3a61bfd8e","10-56c33026a4eedc923a502ff7e16b7e58","1180125","بوشهر","Bushehr","تنگستان","Tangestān","مرکزی","Markazi","","","باغک","Bāghak","حسین سادنی","Hoseyn Sādeni","Hoseyn Sāyeni, Hoseyn Sāyni","Fatemeh Nemati and Shakiba Ghasemi, field notes 2017","261","","","","Tangesiri 100%","Fatemeh Nemati and Shakiba Ghasemi, field notes 2017",28.81715921227717,51.22521786495868,""
"","912291f437b8879158d946e3a61bee29","10-df01d389dc7d788ab65812513f5c3bfd","1180126","بوشهر","Bushehr","تنگستان","Tangestān","مرکزی","Markazi","","","باغک","Bāghak","خورموجی","Khormuji","Khormuji","Fatemeh Nemati and Shakiba Ghasemi, field notes 2017","","(less than 4 households; population not specified in 2011 Census for reasons of privacy)","","","Tangesiri 100%","Fatemeh Nemati and Shakiba Ghasemi, field notes 2017",28.79340689358124,51.232159421888134,""
"","912291f437b8879158d946e3a61be350","10-e0b482fae6c7e30ae76bac2ac7eda004","1180127","بوشهر","Bushehr","تنگستان","Tangestān","مرکزی","Markazi","","","باغک","Bāghak","سربستی","Sar Basti","Sar Bas","Fatemeh Nemati and Shakiba Ghasemi, field notes 2017","21","","","","Tangesiri 100%","Fatemeh Nemati and Shakiba Ghasemi, field notes 2017",28.788931281100414,51.236923025098335,""
"","912291f437b8879158d946e3a61bdebb","10-0b165ce40709580c8d0ec9e00e369dcd","1180128","بوشهر","Bushehr","تنگستان","Tangestān","مرکزی","Markazi","","","باغک","Bāghak","علی محمدی","Ali Mohammadi","Eli Mahyi","Fatemeh Nemati and Shakiba Ghasemi, field notes 2017","32","","","","Tangesiri 100%","Fatemeh Nemati and Shakiba Ghasemi, field notes 2017",28.792151672912215,51.225292966811374,""
"","912291f437b8879158d946e3a61bd5ab","10-1761bcd512bf2338d3e95fa21d253a9c","1180129","بوشهر","Bushehr","تنگستان","Tangestān","مرکزی","Markazi","","","باغک","Bāghak","قایدابراهیمی","Qāed Ebrāhimi","Kāvreymi, Kābreymi","Fatemeh Nemati and Shakiba Ghasemi, field notes 2017","22","","","","Tangesiri 100%","Fatemeh Nemati and Shakiba Ghasemi, field notes 2017",28.789138040519635,51.216950579748854,""
"","912291f437b8879158d946e3a61c9b63","14-ba81b046b1071bd0f67ce5623c2e5345","1180130","بوشهر","Bushehr","تنگستان","Tangestān","مرکزی","Markazi","","","باغک","Bāghak","قنبری","Qanbari","Kamberi","Fatemeh Nemati and Shakiba Ghasemi, field notes 2017","30","","","","Tangesiri 100%","Fatemeh Nemati and Shakiba Ghasemi, field notes 2017",28.791582822613915,51.227159784285284,""
"","912291f437b8879158d946e3a61c8c00","12-d194fa2f84942ef0ea9b348e23750605","1180131","بوشهر","Bushehr","تنگستان","Tangestān","مرکزی","Markazi","","","باغک","Bāghak","کنارنرو","Konār Naru","Konār Neru","Fatemeh Nemati and Shakiba Ghasemi, field notes 2017","114","","","","Tangesiri 100%","Fatemeh Nemati and Shakiba Ghasemi, field notes 2017",28.781803753745947,51.226795003859046,""
"","912291f437b8879158d946e3a61c7dca","10-1fe3357e3465f44fce6bb5cbb1ca46c0","1180132","بوشهر","Bushehr","تنگستان","Tangestān","مرکزی","Markazi","","","باغک","Bāghak","گلکی","Golaki ","Goleki","Fatemeh Nemati and Shakiba Ghasemi, field notes 2017","226","","","","Tangesiri 100%","Fatemeh Nemati and Shakiba Ghasemi, field notes 2017",28.774431133236394,51.225662394628614,""
"","912291f437b8879158d946e3a61c6f53","10-930a5a3192d691adea50aa01bcce664e","1180133","بوشهر","Bushehr","تنگستان","Tangestān","مرکزی","Markazi","","","باغک","Bāghak","محمدطاهری","Mohammad Tāheri","Mattāri","Fatemeh Nemati and Shakiba Ghasemi, field notes 2017","237","","","","Tangesiri 100%","Fatemeh Nemati and Shakiba Ghasemi, field notes 2017",28.81698415012864,51.20905439778704,""
"","912291f437b8879158d946e3a61c6791","10-5fdb5d8d14426f5392cea249a61e6fa0","1180134","بوشهر","Bushehr","تنگستان","Tangestān","مرکزی","Markazi","","","باغک","Bāghak","محمدعبدی","Mohammad Abdi","Mahvdi, Mah Avdi","Fatemeh Nemati and Shakiba Ghasemi, field notes 2017","","(less than 4 households; population not specified in 2011 Census for reasons of privacy)","","","Tangesiri 100%","Fatemeh Nemati and Shakiba Ghasemi, field notes 2017",28.80194387361401,51.23140840336385,""
"","912291f437b8879158d946e3a61c5de7","10-b9d3515eef19a299bbc051a5d83a70d0","1180135","بوشهر","Bushehr","تنگستان","Tangestān","مرکزی","Markazi","","","باغک","Bāghak","گادوئی","Gādoi","Gādevi, Gāyevi","Fatemeh Nemati and Shakiba Ghasemi, field notes 2017","197","","","","Tangesiri 100%","Fatemeh Nemati and Shakiba Ghasemi, field notes 2017",28.866737011131544,51.239953445633816,""
"","912291f437b8879158d946e3a61c54cc","10-36990d372448fd0a583a43a993f3e346","1180136","بوشهر","Bushehr","تنگستان","Tangestān","مرکزی","Markazi","","","باغک","Bāghak","سمیل علی","Semeyl Ali","Semeyl Eli, Someyl Eli","Fatemeh Nemati and Shakiba Ghasemi, field notes 2017","","(less than 4 households; population not specified in 2011 Census for reasons of privacy)","","","Tangesiri 100%","Fatemeh Nemati and Shakiba Ghasemi, field notes 2017",28.82744017606181,51.2036689977369,""
"","912291f437b8879158d946e3a61c4784","10-3f4ad73c86b6cd7e42c451ff20c9102d","1180137","بوشهر","Bushehr","تنگستان","Tangestān","مرکزی","Markazi","","","باغک","Bāghak","شورکی","Shuraki","Sureki","Fatemeh Nemati and Shakiba Ghasemi, field notes 2017","1539","","","","Tangesiri 100%","Fatemeh Nemati and Shakiba Ghasemi, field notes 2017",28.83597085954324,51.20188753530038,""
"","912291f437b8879158d946e3a61c415f","10-065a385a0e236e20bdc016317a2b1d69","1180138","بوشهر","Bushehr","تنگستان","Tangestān","مرکزی","Markazi","","","باغک","Bāghak","انبارک","Anbārak","Ambārak","Fatemeh Nemati and Shakiba Ghasemi, field notes 2017","350","","","","Tangesiri 100%","Fatemeh Nemati and Shakiba Ghasemi, field notes 2017",28.851345675913556,51.19098703786591,""
"","912291f437b8879158d946e3a61c3402","10-f2009854f25a35386ee4def9ffbadaca","1180139","بوشهر","Bushehr","تنگستان","Tangestān","مرکزی","Markazi","","","باغک","Bāghak","چاه گاه","Chāhgāh","Chahgah","Fatemeh Nemati and Shakiba Ghasemi, field notes 2017","30","","","","Tangesiri 100%","Fatemeh Nemati and Shakiba Ghasemi, field notes 2017",28.87057039581709,51.17764036580953,""
"","912291f437b8879158d946e3a61ce37e","10-f4cf93de64504c4c9645f92538a9ddf4","1180140","بوشهر","Bushehr","تنگستان","Tangestān","مرکزی","Markazi","","","باغک","Bāghak","چهارتل","Chahār Tol","Chār Tol","Fatemeh Nemati and Shakiba Ghasemi, field notes 2017","23","","","","Tangesiri 100%","Fatemeh Nemati and Shakiba Ghasemi, field notes 2017",28.88293397686309,51.17600958272827,""
"","912291f437b8879158d946e3a61cdc16","10-be1910e2a4f50b3fa0b8c13490717820","1180141","بوشهر","Bushehr","تنگستان","Tangestān","مرکزی","Markazi","","","باغک","Bāghak","زیادمال","Ziād Māl","Ziyāde Māl","Fatemeh Nemati and Shakiba Ghasemi, field notes 2017","","(less than 4 households; population not specified in 2011 Census for reasons of privacy)","","","Tangesiri 100%","Fatemeh Nemati and Shakiba Ghasemi, field notes 2017",28.88206970140458,51.173263000697396,""
"","912291f437b8879158d946e3a61cd9fc","10-f623a85b02be88f219b19526680c0da8","1180142","بوشهر","Bushehr","تنگستان","Tangestān","مرکزی","Markazi","","","باغک","Bāghak","سه چاه","Seh Chāh","So Chah, Se Chah","Fatemeh Nemati and Shakiba Ghasemi, field notes 2017","20","","","","Tangesiri 100%","Fatemeh Nemati and Shakiba Ghasemi, field notes 2017",28.900978781151082,51.15375797674401,""
"","912291f437b8879158d946e3a61cd344","10-5469c0bf567b2bc8df9a547399c194fd","1180143","بوشهر","Bushehr","تنگستان","Tangestān","مرکزی","Markazi","","","باغک","Bāghak","منگلی","Mangali","Mangeli","Fatemeh Nemati and Shakiba Ghasemi, field notes 2017","27","","","","Tangesiri 100%","Fatemeh Nemati and Shakiba Ghasemi, field notes 2017",28.877485163511007,51.173263000697396,""
"","912291f437b8879158d946e3a61ccf7d","10-9524de2377e7cf2b520216cf0ba953c5","1180144","بوشهر","Bushehr","تنگستان","Tangestān","مرکزی","Markazi","","","باغک","Bāghak","باغک جنوبی","Bāghak-e Jonubi","Bāghak","Fatemeh Nemati and Shakiba Ghasemi, field notes 2017","1210","","","","Tangesiri 100%","Fatemeh Nemati and Shakiba Ghasemi, field notes 2017",28.91663510884134,51.15030329153337,""
"","912291f437b8879158d946e3a61cc898","10-0b5566b7596c4fecbc2b1f0c3afa3877","1180145","بوشهر","Bushehr","تنگستان","Tangestān","مرکزی","Markazi","","","باغک","Bāghak","خیاری","Khiāri","Khiyāri","Fatemeh Nemati and Shakiba Ghasemi, field notes 2017","311","","","","Tangesiri 100%","Fatemeh Nemati and Shakiba Ghasemi, field notes 2017",28.86542160145085,51.184549736230814,""
"","912291f437b8879158d946e3a61cba41","10-c38e44d3e4218f6642cd80b61dda038d","1180146","بوشهر","Bushehr","تنگستان","Tangestān","مرکزی","Markazi","","","باغک","Bāghak","قباکلکی","Qabākolaki","Kovākoleki","Fatemeh Nemati and Shakiba Ghasemi, field notes 2017","1011","","","","Tangesiri 100%","Fatemeh Nemati and Shakiba Ghasemi, field notes 2017",28.902105890247622,51.15800659582348,""
"","912291f437b8879158d946e3a61cb78a","10-42fde26fe124e0835b5cd8e6f38f68bc","1180147","بوشهر","Bushehr","تنگستان","Tangestān","مرکزی","Markazi","","","باغک","Bāghak","احشام حاج خورشید","Ahshām-e Hāj Khorshid","Eshum Hāj Khorshi","Fatemeh Nemati and Shakiba Ghasemi, field notes 2017","54","","","","Tangesiri 100%","Fatemeh Nemati and Shakiba Ghasemi, field notes 2017",28.94303982763637,51.132622169709386,""
"","912291f437b8879158d946e3a61cb558","10-456c05cfdff9291a72c5dfb82c097126","1180148","بوشهر","Bushehr","تنگستان","Tangestān","مرکزی","Markazi","","","باغک","Bāghak","احمد آباد","Ahmad Ābād","Ahme Āvād","Fatemeh Nemati and Shakiba Ghasemi, field notes 2017","464","","","","Tangesiri 100%","Fatemeh Nemati and Shakiba Ghasemi, field notes 2017",28.948334985544786,51.140261100983146,""
"","912291f437b8879158d946e3a61ca96b","10-16e97e994f52a2340bb604171f28f523","1180149","بوشهر","Bushehr","تنگستان","Tangestān","مرکزی","Markazi","","","باغک","Bāghak","کاکلی","Kākoli","Kākoli","Fatemeh Nemati and Shakiba Ghasemi, field notes 2017","323","","","","Tangesiri 100%","Fatemeh Nemati and Shakiba Ghasemi, field notes 2017",28.91941486962289,51.15674059316846,""
"","912291f437b8879158d946e3a61d3a70","10-2256111504e28acf40992097be0b7e5d","1180150","بوشهر","Bushehr","تنگستان","Tangestān","مرکزی","Markazi","","","باغک","Bāghak","باغک شمالی","Bāghak-e Shomāli","Bāghak","Fatemeh Nemati and Shakiba Ghasemi, field notes 2017","517","","","","Tangesiri 100%","Fatemeh Nemati and Shakiba Ghasemi, field notes 2017",28.92411024225883,51.13532583639664,""
"","912291f437b8879158d946e3a61d32cc","10-2467c1c03e4022e095d7e344412eb054","1180151","بوشهر","Bushehr","تنگستان","Tangestān","مرکزی","Markazi","","","باغک","Bāghak","بنه گز","Boneh Gaz","Bone-y Gaz, Bone-y Gez","Fatemeh Nemati and Shakiba Ghasemi, field notes 2017","3305","","","","Tangesiri 100%","Fatemeh Nemati and Shakiba Ghasemi, field notes 2017",28.946569962981325,51.11189405844552,""
"","912291f437b8879158d946e3a61d25cd","10-b5dfad65d64acdb7f9b2b4694e7eef8c","1180152","بوشهر","Bushehr","تنگستان","Tangestān","مرکزی","Markazi","اهرم","Ahram","","","","","Ahram","Fatemeh Nemati and Shakiba Ghasemi, field notes 2017","13778","","","","Tangesiri 80%; mixed 20%","Fatemeh Nemati and Shakiba Ghasemi, field notes 2017",28.882088490077724,51.27437155170848,""
"","912291f437b8879158d946e3a61d2576","8-11f24d0882daaf282c72a2ac5b2593c4","1180153","بوشهر","Bushehr","تنگستان","Tangestān","","","","","","","","","","","81","","","","","","","",""
"","912291f437b8879158d946e3a61d1d74","8-f86993484509528447a0f9195e6c50bc","1180154","بوشهر","Bushehr","تنگستان","Tangestān","","","","","","","","","","","81","","","","","","","",""
"","912291f437b8879158d946e3a61d0dbe","8-725bdd21b97af46c78efcebc0ea80b31","1180155","بوشهر","Bushehr","تنگستان","Tangestān","","","","","","","","","","","81","","","","","","","",""
"","912291f437b8879158d946e3a61d01b1","8-b453fb3b248c90bce1a19c1ffa0d9ea8","1180156","بوشهر","Bushehr","دشتستان","Dashtestān","","","","","","","","","","","229425","","","","","","","",""
"","912291f437b8879158d946e3a61cf2bb","8-8182c61046f5e2ed40801292c10972e7","1180157","بوشهر","Bushehr","دشتستان","Dashtestān","سعدآباد","Sa'd Ābād","","","","","","","","","33272","","","","","","","",""
"","912291f437b8879158d946e3a61cf165","8-d3e510727bebe25a83abf701a73b6847","1180158","بوشهر","Bushehr","دشتستان","Dashtestān","سعدآباد","Sa'd Ābād","","","زیرراه","Zir Rāh","","","","","12282","","","","","","","",""
"","912291f437b8879158d946e3a61ce801","10-1f1c44d59e67376b6285753b7187d79b","1180159","بوشهر","Bushehr","دشتستان","Dashtestān","سعدآباد","Sa'd Ābād","","","زیرراه","Zir Rāh","سربست","Sar Bast","Sar Bas","Fatemeh Nemati and Shakiba Ghasemi, field notes 2017","697","","","","Dashtesuni 100%","Fatemeh Nemati and Shakiba Ghasemi, field notes 2017",29.400016292131724,51.21971455268574,""
"","912291f437b8879158d946e3a61d8375","10-91b1fdbf698b52f1f7c1896ca2fa21cd","1180160","بوشهر","Bushehr","دشتستان","Dashtestān","سعدآباد","Sa'd Ābād","","","زیرراه","Zir Rāh","بشیر آباد","Bashir Ābād","Beshir Ābād","Fatemeh Nemati and Shakiba Ghasemi, field notes 2017","1324","","","","Dashtesuni 100%","Fatemeh Nemati and Shakiba Ghasemi, field notes 2017",29.40411024330112,51.188987166214375,""
"","912291f437b8879158d946e3a61d7ef4","10-a3bfa6937a9074d578b5ae193bcfa787","1180161","بوشهر","Bushehr","دشتستان","Dashtestān","سعدآباد","Sa'd Ābād","","","زیرراه","Zir Rāh","اسلام آباد","Eslām Ābād","Khereki, Eslām Ābād","Fatemeh Nemati and Shakiba Ghasemi, field notes 2017","226","","","","Dashtesuni 100%","Fatemeh Nemati and Shakiba Ghasemi, field notes 2017",29.459409151795374,51.205166250990686,""
"","912291f437b8879158d946e3a61d7eed","10-cfecc6fa2666a16c526d4691d462ec46","1180162","بوشهر","Bushehr","دشتستان","Dashtestān","سعدآباد","Sa'd Ābād","","","زیرراه","Zir Rāh","برمک","Barmak","Barmak","Fatemeh Nemati and Shakiba Ghasemi, field notes 2017","579","","","","Dashtesuni 100%","Fatemeh Nemati and Shakiba Ghasemi, field notes 2017",29.422502948219147,51.16340962105216,""
"","912291f437b8879158d946e3a61d7b30","10-f1fccea67cc4f6c61a52bb84bca9bbc5","1180163","بوشهر","Bushehr","دشتستان","Dashtestān","سعدآباد","Sa'd Ābād","","","زیرراه","Zir Rāh","تل سرکوه","Tol Sar Kuh","Tel Sir Ku, Tol Sir Koh","Fatemeh Nemati and Shakiba Ghasemi, field notes 2017","916","","","","Dashtesuni 100%","Fatemeh Nemati and Shakiba Ghasemi, field notes 2017",29.42840884237117,51.16551247291962,""
"","912291f437b8879158d946e3a61d79f9","10-c8e4e392684b37e41497204aad403ac7","1180164","بوشهر","Bushehr","دشتستان","Dashtestān","سعدآباد","Sa'd Ābād","","","زیرراه","Zir Rāh","زیرراه","Zir Rāh","Zirah, Zirā","Fatemeh Nemati and Shakiba Ghasemi, field notes 2017","143","","","","Dashtesuni 100%","Fatemeh Nemati and Shakiba Ghasemi, field notes 2017",29.414540661402253,51.150277525716625,""
"","912291f437b8879158d946e3a61d6a3e","10-c09878cf06bd48c4d9d0524c1c6c0f46","1180165","بوشهر","Bushehr","دشتستان","Dashtestān","سعدآباد","Sa'd Ābād","","","زیرراه","Zir Rāh","هلپه ای","Halpei","Halpeyi","Fatemeh Nemati and Shakiba Ghasemi, field notes 2017","1477","","","","Dashtesuni 100%","Fatemeh Nemati and Shakiba Ghasemi, field notes 2017",29.405979572575202,51.16585579567315,""
"","912291f437b8879158d946e3a61d5f15","10-0c52bd398bdbd2a53f3beb04faeec146","1180166","بوشهر","Bushehr","دشتستان","Dashtestān","سعدآباد","Sa'd Ābād","","","زیرراه","Zir Rāh","آل یوسفی علیا","Āl-e Yusefi Olyā","Ālsefi Bāleyi, Ālsefi","Fatemeh Nemati and Shakiba Ghasemi, field notes 2017","199","","","","Dashtesuni 100%","Fatemeh Nemati and Shakiba Ghasemi, field notes 2017",29.395810006244,51.162551314167004,""
"","912291f437b8879158d946e3a61d580e","10-89c364d858e6e4be161b1a9055955f5f","1180167","بوشهر","Bushehr","دشتستان","Dashtestān","سعدآباد","Sa'd Ābād","","","زیرراه","Zir Rāh","جتوط","Jatut","Jetut, Jetal","Fatemeh Nemati and Shakiba Ghasemi, field notes 2017","1157","","","","Dashtesuni 100%","Fatemeh Nemati and Shakiba Ghasemi, field notes 2017",29.357160121384798,51.147101790244065,""
"","912291f437b8879158d946e3a61d5234","10-7f2f163ca20bf768b54193309afb0709","1180168","بوشهر","Bushehr","دشتستان","Dashtestān","سعدآباد","Sa'd Ābād","","","زیرراه","Zir Rāh","درودگاه","Dorudgāh","Durugah, Dorudgah","Fatemeh Nemati and Shakiba Ghasemi, field notes 2017","3090","","","","Dashtesuni 100%","Fatemeh Nemati and Shakiba Ghasemi, field notes 2017",29.334565490410647,51.112254530727725,""
"","912291f437b8879158d946e3a61d4665","10-26f36809db2e07cc4e18241b5590f175","1180169","بوشهر","Bushehr","دشتستان","Dashtestān","سعدآباد","Sa'd Ābād","","","زیرراه","Zir Rāh","نظر آقا","Nazar Āqā","Nezer Āghā","Fatemeh Nemati and Shakiba Ghasemi, field notes 2017","2474","","","","Dashtesuni 100%","Fatemeh Nemati and Shakiba Ghasemi, field notes 2017",29.375785700679458,51.18237820320298,""
"","912291f437b8879158d946e3a61db890","8-4208d511086a07b5fd522be741007520","1180170","بوشهر","Bushehr","دشتستان","Dashtestān","سعدآباد","Sa'd Ābād","","","وحدتیه","Vahdatieh","","","","","1717","","","","","","","",""
"","912291f437b8879158d946e3a61dad92","10-dd63a841bc877d20410881a11e4854e9","1180171","بوشهر","Bushehr","دشتستان","Dashtestān","سعدآباد","Sa'd Ābād","","","وحدتیه","Vahdatieh","برنگ کوچک","Barang-e Kuchak","Berang","Fatemeh Nemati and Shakiba Ghasemi, field notes 2017","23","","","","Dashtesuni 100%","Fatemeh Nemati and Shakiba Ghasemi, field notes 2017",29.6805129975051,51.1680775376308,""
"","912291f437b8879158d946e3a61da5d9","10-49c84b77576e6585ef7fdc43fd850e07","1180172","بوشهر","Bushehr","دشتستان","Dashtestān","سعدآباد","Sa'd Ābād","","","وحدتیه","Vahdatieh","جره سفلی","Jarreh-ye Soflā","Jarre","Fatemeh Nemati and Shakiba Ghasemi, field notes 2017","","(less than 4 households; population not specified in 2011 Census for reasons of privacy)","","","Dashtesuni 100%","Fatemeh Nemati and Shakiba Ghasemi, field notes 2017",29.542506357849824,51.14302514135836,""
"","912291f437b8879158d946e3a61d9bb6","10-708e1f1f07bf7e9f7c94d4183dbe5f61","1180173","بوشهر","Bushehr","دشتستان","Dashtestān","سعدآباد","Sa'd Ābād","","","وحدتیه","Vahdatieh","جره علیا","Jarreh-ye Olyā","Jarre","Fatemeh Nemati and Shakiba Ghasemi, field notes 2017","18","","","","Dashtesuni 100%","Fatemeh Nemati and Shakiba Ghasemi, field notes 2017",29.608639297144837,51.10837100089104,""
"","912291f437b8879158d946e3a61d9708","10-b49431098f6f87b678241c1afe139c40","1180174","بوشهر","Bushehr","دشتستان","Dashtestān","سعدآباد","Sa'd Ābād","","","وحدتیه","Vahdatieh","جره میان","Jarreh-ye Miān","Jarre","Fatemeh Nemati and Shakiba Ghasemi, field notes 2017","140","","","","Dashtesuni 100%","Fatemeh Nemati and Shakiba Ghasemi, field notes 2017",29.55729963602332,51.14375470221083,""
"","912291f437b8879158d946e3a61d8d5d","10-5562fe1bb008436404f10a97feaac475","1180175","بوشهر","Bushehr","دشتستان","Dashtestān","سعدآباد","Sa'd Ābād","","","وحدتیه","Vahdatieh","سیاه منصورسفلی","Siāh Mansur-e Soflā","Siyā Mansir","Fatemeh Nemati and Shakiba Ghasemi, field notes 2017","61","","","","Dashtesuni 100%","Fatemeh Nemati and Shakiba Ghasemi, field notes 2017",29.500737501636497,51.15197299063166,""
"","912291f437b8879158d946e3a61d8bf3","10-d6263e641b5a853f182f3d27563d8392","1180176","بوشهر","Bushehr","دشتستان","Dashtestān","سعدآباد","Sa'd Ābād","","","وحدتیه","Vahdatieh","سیاه منصورعلیا","Siāh Mansur-e Olyā","Siyā Mansir","Fatemeh Nemati and Shakiba Ghasemi, field notes 2017","40","","","","Dashtesuni 100%","Fatemeh Nemati and Shakiba Ghasemi, field notes 2017",29.51256784813434,51.146179419160006,""
"","912291f437b8879158d946e3a61d8ac9","10-b05d6da0ed55bae87dc4f222b56c6f77","1180177","بوشهر","Bushehr","دشتستان","Dashtestān","سعدآباد","Sa'd Ābād","","","وحدتیه","Vahdatieh","شاه قاسم","Shāh Qāsem","Shā Qāsom","Fatemeh Nemati and Shakiba Ghasemi, field notes 2017","49","","","","Dashtesuni 100%","Fatemeh Nemati and Shakiba Ghasemi, field notes 2017",29.61523019527669,51.21405436079652,""
"","912291f437b8879158d946e3a61d861b","10-4b3a3c675e5949fc6ccb9fda82c2e6e4","1180178","بوشهر","Bushehr","دشتستان","Dashtestān","سعدآباد","Sa'd Ābād","","","وحدتیه","Vahdatieh","شول","Shul","Shul","Fatemeh Nemati and Shakiba Ghasemi, field notes 2017","301","","","","Dashtesuni 100%","Fatemeh Nemati and Shakiba Ghasemi, field notes 2017",29.47467224954749,51.1518657022708,""
"","912291f437b8879158d946e3a61d858a","10-12a397ac188d4de2a5d2c15dd37f0b0a","1180179","بوشهر","Bushehr","دشتستان","Dashtestān","سعدآباد","Sa'd Ābād","","","وحدتیه","Vahdatieh","سبا، دکان سرخ","Sabā, Dokān Sorkh","Sabā, Kun-e Sorkh","Fatemeh Nemati and Shakiba Ghasemi, field notes 2017","85","","","","Dashtesuni 100%","Fatemeh Nemati and Shakiba Ghasemi, field notes 2017",29.54016350132724,51.195982676141256,""
"","912291f437b8879158d946e3a61e0665","10-a86bd8f8864618037e4fb4759c6fc6e9","1180180","بوشهر","Bushehr","دشتستان","Dashtestān","سعدآباد","Sa'd Ābād","","","وحدتیه","Vahdatieh","سرقنات","Sar Qanāt","Sar Qenāt","Fatemeh Nemati and Shakiba Ghasemi, field notes 2017","994","","","","Dashtesuni 100%","Fatemeh Nemati and Shakiba Ghasemi, field notes 2017",29.466144253526714,51.27066610394133,""
"","912291f437b8879158d946e3a61df7a2","10-910475618d073f2f646bce5dc2f895ba","1180181","بوشهر","Bushehr","دشتستان","Dashtestān","سعدآباد","Sa'd Ābād","سعد آباد","Sa'd Ābād","","","","","Sahd Ābād","Fatemeh Nemati and Shakiba Ghasemi, field notes 2017","7859","","","","Dashtesuni 90%; mixed 10%","Fatemeh Nemati and Shakiba Ghasemi, field notes 2017",29.386144236873438,51.11658898049534,""
"","912291f437b8879158d946e3a61df19d","10-e9d428d31ce601abb465455bc74a46fb","1180182","بوشهر","Bushehr","دشتستان","Dashtestān","سعدآباد","Sa'd Ābād","وحدتیه","Vahdatieh","","","","","Vahdetiye","Fatemeh Nemati and Shakiba Ghasemi, field notes 2017","11414","","","","Dashtesuni 90%; mixed 10%","Fatemeh Nemati and Shakiba Ghasemi, field notes 2017",29.48318084931834,51.23221395550984,""
"","912291f437b8879158d946e3a61df193","8-63c6e985b0522619a382920be2c85623","1180183","بوشهر","Bushehr","دشتستان","Dashtestān","شبانکاره","Shabānkāreh","","","","","","","","","20022","","","","","","","",""
"","912291f437b8879158d946e3a61df016","8-9a0d922e036d553fc95617ead7959e14","1180184","بوشهر","Bushehr","دشتستان","Dashtestān","شبانکاره","Shabānkāreh","","","شبانکاره","Shabānkāreh","","","","","12369","","","","","","","",""
"","912291f437b8879158d946e3a61de67a","10-1e65dc8e0d7fcc1c10d4f4b11219410c","1180185","بوشهر","Bushehr","دشتستان","Dashtestān","شبانکاره","Shabānkāreh","","","شبانکاره","Shabānkāreh","بویری","Boveyri","Boweyri, Boveyri","Fatemeh Nemati and Shakiba Ghasemi, field notes 2017","1479","","","","Dashtesuni 100%","Fatemeh Nemati and Shakiba Ghasemi, field notes 2017",29.42480973895674,51.043527069512436,""
"","912291f437b8879158d946e3a61ddb85","10-92368073819c8b235bc6dca209f09de6","1180186","بوشهر","Bushehr","دشتستان","Dashtestān","شبانکاره","Shabānkāreh","","","شبانکاره","Shabānkāreh","عطیبه","Ateybeh","Eteyve, Etibe","Fatemeh Nemati and Shakiba Ghasemi, field notes 2017","533","","","","Dashtesuni 100%","Fatemeh Nemati and Shakiba Ghasemi, field notes 2017",29.482203265401658,50.894378035890526,""
"","912291f437b8879158d946e3a61dd46c","10-37a8df4748cccea7e6f7df82aef81001","1180187","بوشهر","Bushehr","دشتستان","Dashtestān","شبانکاره","Shabānkāreh","","","شبانکاره","Shabānkāreh","چاه دول","Chāh Dul","Chah Dul, Chah Dil","Fatemeh Nemati and Shakiba Ghasemi, field notes 2017","473","","","","Dashtesuni 100%","Fatemeh Nemati and Shakiba Ghasemi, field notes 2017",29.460089681869,50.957524719670765,""
"","912291f437b8879158d946e3a61dc646","10-15c67e295cb155aee63c9be4891e6af6","1180188","بوشهر","Bushehr","دشتستان","Dashtestān","شبانکاره","Shabānkāreh","","","شبانکاره","Shabānkāreh","ذکریایی","Zakariāi","Zekeriyey","Fatemeh Nemati and Shakiba Ghasemi, field notes 2017","490","","","","Dashtesuni 100%","Fatemeh Nemati and Shakiba Ghasemi, field notes 2017",29.488876348882847,50.97344631238081,""
"","912291f437b8879158d946e3a61dc1bb","10-4c9558c5a845ffb70fb3e5f03324be40","1180189","بوشهر","Bushehr","دشتستان","Dashtestān","شبانکاره","Shabānkāreh","","","شبانکاره","Shabānkāreh","سراج آباد، سرخره","Serāj Ābād, Sar Khareh","Sar Kharre, Sar Kherre","Fatemeh Nemati and Shakiba Ghasemi, field notes 2017","689","","","","Dashtesuni 100%","Fatemeh Nemati and Shakiba Ghasemi, field notes 2017",29.495749567526214,50.96529239697631,""
"","912291f437b8879158d946e3a61e51f3","10-732dd212f41376b7993fcd9a0e9f3155","1180190","بوشهر","Bushehr","دشتستان","Dashtestān","شبانکاره","Shabānkāreh","","","شبانکاره","Shabānkāreh","دهداران سفلی","Dehdārān-e Soflā","Dehdārun Dumeni, Dehdārun","Fatemeh Nemati and Shakiba Ghasemi, field notes 2017","1837","","","","Dashtesuni 100%","Fatemeh Nemati and Shakiba Ghasemi, field notes 2017",29.49145386052303,50.927226486641985,""
"","912291f437b8879158d946e3a61e4cac","10-c12a913a69c667ec21d6dc468ef4877f","1180191","بوشهر","Bushehr","دشتستان","Dashtestān","شبانکاره","Shabānkāreh","","","شبانکاره","Shabānkāreh","بنه عباس","Boneh-ye Abbās","Bone-y Obās ","Fatemeh Nemati and Shakiba Ghasemi, field notes 2017","81","","","","Dashtesuni 100%","Fatemeh Nemati and Shakiba Ghasemi, field notes 2017",29.474662909308723,51.144291144014275,""
"","912291f437b8879158d946e3a61e47b9","10-db318aef71f040803e9c751c41ba0e30","1180192","بوشهر","Bushehr","دشتستان","Dashtestān","شبانکاره","Shabānkāreh","","","شبانکاره","Shabānkāreh","گلدشت","Gol Dasht","Dasht-e Gur, Gol Dasht","Fatemeh Nemati and Shakiba Ghasemi, field notes 2017","1065","","","","Dashtesuni 100%","Fatemeh Nemati and Shakiba Ghasemi, field notes 2017",29.553178139164665,51.0861508482217,""
"","912291f437b8879158d946e3a61e3bd5","10-5bb9155a70fbc30689ea46bf4e853cc9","1180193","بوشهر","Bushehr","دشتستان","Dashtestān","شبانکاره","Shabānkāreh","","","شبانکاره","Shabānkāreh","بنه حاج غلام","Boneh-ye Haj Gholām","Bone-y Hāj Ghulum","Fatemeh Nemati and Shakiba Ghasemi, field notes 2017","","(less than 4 households; population not specified in 2011 Census for reasons of privacy)","","","Dashtesuni 100%","Fatemeh Nemati and Shakiba Ghasemi, field notes 2017",29.430523940957926,51.06592887920388,""
"","912291f437b8879158d946e3a61e37a8","10-88c0f581715cb42a054a7e28085b54b3","1180194","بوشهر","Bushehr","دشتستان","Dashtestān","شبانکاره","Shabānkāreh","","","شبانکاره","Shabānkāreh","بنه حاج نعمت","Boneh-ye Hāj Ne'mat","Bone-y Hāj Nahmat ","Fatemeh Nemati and Shakiba Ghasemi, field notes 2017","32","","","","Dashtesuni 100%","Fatemeh Nemati and Shakiba Ghasemi, field notes 2017",29.437396443221626,51.07307428401693,""
"","912291f437b8879158d946e3a61e2eee","10-9347bb6a67a0ab01dc240a80283dbcc2","1180195","بوشهر","Bushehr","دشتستان","Dashtestān","شبانکاره","Shabānkāreh","","","شبانکاره","Shabānkāreh","طاوه سیاه","Tāveh Siāh","Tove Seh","Fatemeh Nemati and Shakiba Ghasemi, field notes 2017","","(less than 4 households; population not specified in 2011 Census for reasons of privacy)","","","Dashtesuni 100%","Fatemeh Nemati and Shakiba Ghasemi, field notes 2017",29.648934627583497,51.011650599091915,""
"","912291f437b8879158d946e3a61e24c5","10-c81d2f7e8909bcc5db976ed57cd4502d","1180196","بوشهر","Bushehr","دشتستان","Dashtestān","شبانکاره","Shabānkāreh","","","شبانکاره","Shabānkāreh","میلک","Milak","Milak","Fatemeh Nemati and Shakiba Ghasemi, field notes 2017","228","","","","Dashtesuni 100%","Fatemeh Nemati and Shakiba Ghasemi, field notes 2017",29.57696013688108,51.12388605158964,""
"","912291f437b8879158d946e3a61e1d49","10-d7a5b3ae4a8b539e8383e4e0e6f624c7","1180197","بوشهر","Bushehr","دشتستان","Dashtestān","شبانکاره","Shabānkāreh","","","شبانکاره","Shabānkāreh","خیارزار","Khiārzār","Khiyārzār","Fatemeh Nemati and Shakiba Ghasemi, field notes 2017","357","","","","Dashtesuni 100%","Fatemeh Nemati and Shakiba Ghasemi, field notes 2017",29.519335354705063,50.94765419049685,""
"","912291f437b8879158d946e3a61e17e9","10-037472798976e56a9cef21c81a415a8f","1180198","بوشهر","Bushehr","دشتستان","Dashtestān","شبانکاره","Shabānkāreh","","","شبانکاره","Shabānkāreh","شاه فیروز","Shāh Firuz","Shah Piru, Shah Firuz","Fatemeh Nemati and Shakiba Ghasemi, field notes 2017","201","","","","Dashtesuni 100%","Fatemeh Nemati and Shakiba Ghasemi, field notes 2017",29.55084918658003,50.90598339124738,""
"","912291f437b8879158d946e3a61e096d","10-1b2f97e9f029b8fe202ae659c8b6f4cb","1180199","بوشهر","Bushehr","دشتستان","Dashtestān","شبانکاره","Shabānkāreh","","","شبانکاره","Shabānkāreh","محمدجمالی","Mohammad Jamāli","Momu Jemāli ","Fatemeh Nemati and Shakiba Ghasemi, field notes 2017","699","","","","Dashtesuni 100%","Fatemeh Nemati and Shakiba Ghasemi, field notes 2017",29.507925972770675,50.95198864026447,""
"","912291f437b8879158d946e3a61ea366","10-9f49fd2cffa587a164f7487cdfdc8955","1180200","بوشهر","Bushehr","دشتستان","Dashtestān","شبانکاره","Shabānkāreh","","","شبانکاره","Shabānkāreh","بهر","Bohr","Bohr","Fatemeh Nemati and Shakiba Ghasemi, field notes 2017","269","","","","Dashtesuni 100%","Fatemeh Nemati and Shakiba Ghasemi, field notes 2017",29.522976376061095,50.89924568220331,""
"","912291f437b8879158d946e3a61e9f7c","10-a0ff004f26e086c64eed9c02dad2d669","1180201","بوشهر","Bushehr","دشتستان","Dashtestān","شبانکاره","Shabānkāreh","","","شبانکاره","Shabānkāreh","چاه زنگی","Chāh Zangi","Chah Zangi","Fatemeh Nemati and Shakiba Ghasemi, field notes 2017","15","","","","Dashtesuni 100%","Fatemeh Nemati and Shakiba Ghasemi, field notes 2017",29.495758905820733,50.886177959884115,""
"","912291f437b8879158d946e3a61e992e","10-a1211f5ee57edeb7c8fcb7b1a70464b9","1180202","بوشهر","Bushehr","دشتستان","Dashtestān","شبانکاره","Shabānkāreh","","","شبانکاره","Shabānkāreh","چهل زرعی عجم","Chehel Zar'i-ye Ajam","Chel Zereyi Ejam, Chel Zere'i","Fatemeh Nemati and Shakiba Ghasemi, field notes 2017","480","","","","Dashtesuni 100%","Fatemeh Nemati and Shakiba Ghasemi, field notes 2017",29.489604782731412,50.85671657606868,""
"","912291f437b8879158d946e3a61e9336","10-8295b10dfa8cd861408f558e659597ed","1180203","بوشهر","Bushehr","دشتستان","Dashtestān","شبانکاره","Shabānkāreh","","","شبانکاره","Shabānkāreh","چهل زرعی عرب","Chehel Zar'i-ye Arab","Chel Zereyi Erab, Chel Zere'i","Fatemeh Nemati and Shakiba Ghasemi, field notes 2017","371","","","","Dashtesuni 100%","Fatemeh Nemati and Shakiba Ghasemi, field notes 2017",29.459716017925334,50.8667587666189,""
"","912291f437b8879158d946e3a61e8413","10-4c45f93ee92e7e2acc7d9b1e00fa1bc7","1180204","بوشهر","Bushehr","دشتستان","Dashtestān","شبانکاره","Shabānkāreh","","","شبانکاره","Shabānkāreh","دهداران علیا","Dehdārān-e Olyā","Dehdārun Bāleyi, Dehdārun","Fatemeh Nemati and Shakiba Ghasemi, field notes 2017","246","","","","Dashtesuni 100%","Fatemeh Nemati and Shakiba Ghasemi, field notes 2017",29.506861529492486,50.92237705274453,""
"","912291f437b8879158d946e3a61e7791","10-dbf9f5ad6ae72b257a2187300fcc3fb9","1180205","بوشهر","Bushehr","دشتستان","Dashtestān","شبانکاره","Shabānkāreh","","","شبانکاره","Shabānkāreh","سمیعی","Sami'ā","Semiye, Semi'ā","Fatemeh Nemati and Shakiba Ghasemi, field notes 2017","266","","","","Arabic 80%; Dashtesuni 20%","Fatemeh Nemati and Shakiba Ghasemi, field notes 2017",29.48452431446299,50.80551857039971,""
"","912291f437b8879158d946e3a61e6f0b","10-ca94b2b71b48735d22faa0c851861fc1","1180206","بوشهر","Bushehr","دشتستان","Dashtestān","شبانکاره","Shabānkāreh","","","شبانکاره","Shabānkāreh","خلیفه ای","Khalifei","Khelife, Khelifeyi","Fatemeh Nemati and Shakiba Ghasemi, field notes 2017","1577","","","","Dashtesuni 100%","Fatemeh Nemati and Shakiba Ghasemi, field notes 2017",29.53591494549351,50.855772438495364,""
"","912291f437b8879158d946e3a61e6895","10-ecf56aeeb83bdd85ddb9a1b5b49d2c3d","1180207","بوشهر","Bushehr","دشتستان","Dashtestān","شبانکاره","Shabānkāreh","","","شبانکاره","Shabānkāreh","شلدان باغی","Sheldān-e Bāghi","Sheldun Bāghi","Fatemeh Nemati and Shakiba Ghasemi, field notes 2017","36","","","","Dashtesuni 100%","Fatemeh Nemati and Shakiba Ghasemi, field notes 2017",29.568646052832683,50.86542839094844,""
"","912291f437b8879158d946e3a61e612b","10-f3a47ec7c2d25e35cb130bfd47eee4ad","1180208","بوشهر","Bushehr","دشتستان","Dashtestān","شبانکاره","Shabānkāreh","","","شبانکاره","Shabānkāreh","لایپه","Lāypah","Leypah, Lahpe","Fatemeh Nemati and Shakiba Ghasemi, field notes 2017","300","","","","Dashtesuni 100%","Fatemeh Nemati and Shakiba Ghasemi, field notes 2017",29.5321623706539,50.9281706242153,""
"","912291f437b8879158d946e3a61e5583","10-b1853f83dcbc0d29e608b8bce6c920db","1180209","بوشهر","Bushehr","دشتستان","Dashtestān","شبانکاره","Shabānkāreh","","","شبانکاره","Shabānkāreh","بنه رضا","Boneh-ye Rezā","Bone-y Rezā","Fatemeh Nemati and Shakiba Ghasemi, field notes 2017","","(less than 4 households; population not specified in 2011 Census for reasons of privacy)","","","Dashtesuni 100%","Fatemeh Nemati and Shakiba Ghasemi, field notes 2017",29.511344727216237,51.14272473394936,""
"","912291f437b8879158d946e3a61eec55","10-def94431897a4c2cf13ec6e3c86c13d1","1180210","بوشهر","Bushehr","دشتستان","Dashtestān","شبانکاره","Shabānkāreh","","","شبانکاره","Shabānkāreh","پلنگی","Palangi ","Pelangi","Fatemeh Nemati and Shakiba Ghasemi, field notes 2017","578","","","","Dashtesuni 100%","Fatemeh Nemati and Shakiba Ghasemi, field notes 2017",29.54272896665824,51.13740438502232,""
"","912291f437b8879158d946e3a61ee843","10-8bb969d03da8bbbde552075aa361a800","1180211","بوشهر","Bushehr","دشتستان","Dashtestān","شبانکاره","Shabānkāreh","","","شبانکاره","Shabānkāreh","بنه محمد","Boneh-ye Mohammad","Bone-y Mahmah, Bone-y Momu, Bone-y Mohu","Fatemeh Nemati and Shakiba Ghasemi, field notes 2017","46","","","","Dashtesuni 100%","Fatemeh Nemati and Shakiba Ghasemi, field notes 2017",29.522976376061884,51.140751781873,""
"","912291f437b8879158d946e3a61ee66f","10-10f478f88442cb716d90766ee866e759","1180212","بوشهر","Bushehr","دشتستان","Dashtestān","شبانکاره","Shabānkāreh","شبانکاره","Shabānkāreh","","","","","Shumkāre, Shomkāre","Fatemeh Nemati and Shakiba Ghasemi, field notes 2017","7653","","","","Dashtesuni 90%; mixed 10%","Fatemeh Nemati and Shakiba Ghasemi, field notes 2017",29.47073852555047,50.99196428341904,""
"","912291f437b8879158d946e3a61ee174","8-22ce337a095474e031193a66dfdbaedd","1180213","بوشهر","Bushehr","دشتستان","Dashtestān","مرکزی","Markazi","","","","","","","","","128334","","","","","","","",""
"","912291f437b8879158d946e3a61edbc4","8-c6517fb0064e6e213b057e12d260bb5b","1180214","بوشهر","Bushehr","دشتستان","Dashtestān","مرکزی","Markazi","","","حومه","Humeh","","","","","8148","","","","","","","",""
"","912291f437b8879158d946e3a61ed13e","10-a59d917f26f3cb656c8382f14bed0346","1180215","بوشهر","Bushehr","دشتستان","Dashtestān","مرکزی","Markazi","","","حومه","Humeh","سرکره","Sar Koreh","Sar Kore","Fatemeh Nemati and Shakiba Ghasemi, field notes 2017","1742","","","","Dashtesuni 100%","Fatemeh Nemati and Shakiba Ghasemi, field notes 2017",29.196182524988497,51.20927530557798,""
"","912291f437b8879158d946e3a61ece0b","10-03a639398d243557775c9a58da62ea91","1180216","بوشهر","Bushehr","دشتستان","Dashtestān","مرکزی","Markazi","","","حومه","Humeh","بنداروز","Bondāruz","Bondāruz","Fatemeh Nemati and Shakiba Ghasemi, field notes 2017","2933","","","","Dashtesuni 90%; mixed 10%","Fatemeh Nemati and Shakiba Ghasemi, field notes 2017",29.226448278064282,51.21215063364245,""
"","912291f437b8879158d946e3a61ec3ab","10-95ba701a51c747928d8945f1c4f15701","1180217","بوشهر","Bushehr","دشتستان","Dashtestān","مرکزی","Markazi","","","حومه","Humeh","ابوالفیروز","Ab-ol-Firuz","Bolfiriz, Bolfiruz","Fatemeh Nemati and Shakiba Ghasemi, field notes 2017","318","","","","Dashtesuni 100%","Fatemeh Nemati and Shakiba Ghasemi, field notes 2017",29.16495223895358,51.19665819437409,""
"","912291f437b8879158d946e3a61eb6ed","10-7b34f0d2b534be0f692e33e91f862888","1180218","بوشهر","Bushehr","دشتستان","Dashtestān","مرکزی","Markazi","","","حومه","Humeh","گندم ریز","Gandom Riz","Gandom Riz","Fatemeh Nemati and Shakiba Ghasemi, field notes 2017","93","","","","Dashtesuni 100%","Fatemeh Nemati and Shakiba Ghasemi, field notes 2017",29.138341860425125,51.15846353800707,""
"","912291f437b8879158d946e3a61eb1dd","10-e3d2a0bcbeee2969294da9f56316260d","1180219","بوشهر","Bushehr","دشتستان","Dashtestān","مرکزی","Markazi","","","حومه","Humeh","باغ حصار","Bāgh Hesār","Bāgh Sār","Fatemeh Nemati and Shakiba Ghasemi, field notes 2017","","(less than 4 households; population not specified in 2011 Census for reasons of privacy)","","","Dashtesuni 100%","Fatemeh Nemati and Shakiba Ghasemi, field notes 2017",29.247775017781343,51.16372066767619,""
"","912291f437b8879158d946e3a61f32a2","10-9504ec034d6d01aac9fdf4f7751342e0","1180220","بوشهر","Bushehr","دشتستان","Dashtestān","مرکزی","Markazi","","","حومه","Humeh","حسن آباد","Hasan Ābād","Hesen Āvād, Hesan Āvād","Fatemeh Nemati and Shakiba Ghasemi, field notes 2017","97","","","","Dashtesuni 100%","Fatemeh Nemati and Shakiba Ghasemi, field notes 2017",29.21296464076006,51.20721536905504,""
"","912291f437b8879158d946e3a61f2f09","10-ec963cc98df1785177273d944d2d0e30","1180221","بوشهر","Bushehr","دشتستان","Dashtestān","مرکزی","Markazi","","","حومه","Humeh","نی نیزک","Ney Nizak","Ney Nizak","Fatemeh Nemati and Shakiba Ghasemi, field notes 2017","618","","","","Dashtesuni 100%","Fatemeh Nemati and Shakiba Ghasemi, field notes 2017",29.17711201061987,51.30763727455909,""
"","912291f437b8879158d946e3a61f2825","10-3fd37e9ba382fa1ad3e25d7ebdd4549f","1180222","بوشهر","Bushehr","دشتستان","Dashtestān","مرکزی","Markazi","","","حومه","Humeh","رجب آباد، رجو آباد","Rajab Ābād, Rajav Ābād","Rejev Āvād","Fatemeh Nemati and Shakiba Ghasemi, field notes 2017","18","","","","Dashtesuni 100%","Fatemeh Nemati and Shakiba Ghasemi, field notes 2017",29.19248297255362,51.27819734841547,""
"","912291f437b8879158d946e3a61f25d1","10-4d282891cbed8a3e8da1429d68cf3c4c","1180223","بوشهر","Bushehr","دشتستان","Dashtestān","مرکزی","Markazi","","","حومه","Humeh","خوش مکان","Khosh Makān","Khosh Mokun, Kheshow ","Fatemeh Nemati and Shakiba Ghasemi, field notes 2017","1135","","","","Dashtesuni 100%","Fatemeh Nemati and Shakiba Ghasemi, field notes 2017",29.228789006492196,51.124989569506624,""
"","912291f437b8879158d946e3a61f1937","10-aff5fd431efc924df823ac7682e96f07","1180224","بوشهر","Bushehr","دشتستان","Dashtestān","مرکزی","Markazi","","","حومه","Humeh","گزبلند","Gez Boland","Gez Boland","Fatemeh Nemati and Shakiba Ghasemi, field notes 2017","466","","","","Dashtesuni 100%","Fatemeh Nemati and Shakiba Ghasemi, field notes 2017",29.219126134126885,51.110226691089835,""
"","912291f437b8879158d946e3a61f11a3","10-145665363cd98139570c923a8ac94fc9","1180225","بوشهر","Bushehr","دشتستان","Dashtestān","مرکزی","Markazi","","","حومه","Humeh","خوشاب","Khoshāb","Kheshow","Fatemeh Nemati and Shakiba Ghasemi, field notes 2017","726","","","","Dashtesuni 100%","Fatemeh Nemati and Shakiba Ghasemi, field notes 2017",29.226766620273402,51.11872392924786,""
"","912291f437b8879158d946e3a61f09e3","8-0517639d3a63fb1591ffb9d1b370f456","1180226","بوشهر","Bushehr","دشتستان","Dashtestān","مرکزی","Markazi","","","دالکی","Dālaki","","","","","11761","","","","","","","",""
"","912291f437b8879158d946e3a61efda3","10-5f38a65210a11bca49a83622b87f27cd","1180227","بوشهر","Bushehr","دشتستان","Dashtestān","مرکزی","Markazi","","","دالکی","Dālaki","دهقاید","Deh Qāed","Dehkoyd, Mahdvād, Mahvāy","Fatemeh Nemati and Shakiba Ghasemi, field notes 2017","7083","","","","Dashtesuni 100%","Fatemeh Nemati and Shakiba Ghasemi, field notes 2017",29.299959026072738,51.19243103296824,""
"","912291f437b8879158d946e3a61ef720","10-6387312d32e7b1827afb826edb90c246","1180228","بوشهر","Bushehr","دشتستان","Dashtestān","مرکزی","Markazi","","","دالکی","Dālaki","راهدار","Rāhdār","Rahdār","Fatemeh Nemati and Shakiba Ghasemi, field notes 2017","1520","","","","Dashtesuni 100%","Fatemeh Nemati and Shakiba Ghasemi, field notes 2017",29.335824746362608,51.26431423455654,""
"","912291f437b8879158d946e3a61ef071","10-4d0944b29186cc5f7a75a0d4914cb0f8","1180229","بوشهر","Bushehr","دشتستان","Dashtestān","مرکزی","Markazi","","","دالکی","Dālaki","بارگاهی","Bārgāhi","Bārgehi","Fatemeh Nemati and Shakiba Ghasemi, field notes 2017","264","","","","Dashtesuni 100%","Fatemeh Nemati and Shakiba Ghasemi, field notes 2017",29.329314848111068,51.217622340032406,""
"","912291f437b8879158d946e3a61f752f","10-bf494475cee81c291c076fb1c1399cb4","1180230","بوشهر","Bushehr","دشتستان","Dashtestān","مرکزی","Markazi","","","دالکی","Dālaki","بنه جابری","Boneh-ye Jāberi","Bone-y Jāveri","Fatemeh Nemati and Shakiba Ghasemi, field notes 2017","131","","","","Dashtesuni 100%","Fatemeh Nemati and Shakiba Ghasemi, field notes 2017",29.36606787164073,51.23629051477334,""
"","912291f437b8879158d946e3a61f6bb1","10-29851a6a3a5b57bb94a8547653542370","1180231","بوشهر","Bushehr","دشتستان","Dashtestān","مرکزی","Markazi","","","دالکی","Dālaki","قراول خانه","Qarāvol Khāneh","Qerol Khune","Fatemeh Nemati and Shakiba Ghasemi, field notes 2017","351","","","","Dashtesuni 100%","Fatemeh Nemati and Shakiba Ghasemi, field notes 2017",29.366890688350566,51.27088028222431,""
"","912291f437b8879158d946e3a61f6178","10-c8a466f8b17562b6600037954b3345a7","1180232","بوشهر","Bushehr","دشتستان","Dashtestān","مرکزی","Markazi","","","دالکی","Dālaki","خیرآباد","Kheyr Ābād","Kheyr Āvād","Fatemeh Nemati and Shakiba Ghasemi, field notes 2017","444","","","","Dashtesuni 100%","Fatemeh Nemati and Shakiba Ghasemi, field notes 2017",29.38968380704875,51.255688250365836,""
"","912291f437b8879158d946e3a61f601d","10-4e7b62f2c65194214fde647675ddb1e1","1180233","بوشهر","Bushehr","دشتستان","Dashtestān","مرکزی","Markazi","","","دالکی","Dālaki","قلعه سفید","Qal'eh-ye Sefid","Qahle Sefi","Fatemeh Nemati and Shakiba Ghasemi, field notes 2017","1968","","","","Dashtesuni 100%","Fatemeh Nemati and Shakiba Ghasemi, field notes 2017",29.446578860137013,51.285814822017414,""
"","912291f437b8879158d946e3a61f5b09","9-46b5d30a66942ebac6ac966353e2f5ca","1180234","بوشهر","Bushehr","دشتستان","Dashtestān","مرکزی","Markazi","","","زیارت","Ziārat","","","","","6932","","","","","","","",""
"","912291f437b8879158d946e3a61f554f","10-9b779cbdf15500e4b943e2a1d1b337a6","1180235","بوشهر","Bushehr","دشتستان","Dashtestān","مرکزی","Markazi","","","زیارت","Ziārat","چاه خانی","Chāh Khāni","Chah Khāni ","Fatemeh Nemati and Shakiba Ghasemi, field notes 2017","1610","","","","Dashtesuni 100%","Fatemeh Nemati and Shakiba Ghasemi, field notes 2017",29.193859783611675,51.10582786830678,""
"","912291f437b8879158d946e3a61f530f","10-440f2ae83ffdccd0595c5e57031aa4ee","1180236","بوشهر","Bushehr","دشتستان","Dashtestān","مرکزی","Markazi","","","زیارت","Ziārat","چاه عربی","Chāh Arabi","Chah Erevi","Fatemeh Nemati and Shakiba Ghasemi, field notes 2017","84","","","","Dashtesuni 100%","Fatemeh Nemati and Shakiba Ghasemi, field notes 2017",29.13247540625582,51.1084886196495,""
"","912291f437b8879158d946e3a61f48ef","10-6003b84ea8ba41e25df2fa5774f60572","1180237","بوشهر","Bushehr","دشتستان","Dashtestān","مرکزی","Markazi","","","زیارت","Ziārat","عیسوند","Isovand","Isvand, Isevand","Fatemeh Nemati and Shakiba Ghasemi, field notes 2017","918","","","","Dashtesuni 100%","Fatemeh Nemati and Shakiba Ghasemi, field notes 2017",29.151516733368336,51.09853225978743,""
"","912291f437b8879158d946e3a61f42ae","10-a23bf1b8d8fa5663659cabdecc4cfa45","1180238","بوشهر","Bushehr","دشتستان","Dashtestān","مرکزی","Markazi","","","زیارت","Ziārat","مزرعه علی پیشاهنگ","Mazre'eh-ye Ali Pishāhang","Mazre-y Eli Peshang","Fatemeh Nemati and Shakiba Ghasemi, field notes 2017","","(less than 4 households; population not specified in 2011 Census for reasons of privacy)","","","Dashtesuni 100%","Fatemeh Nemati and Shakiba Ghasemi, field notes 2017",29.172887168524994,51.108681738698536,""
"","912291f437b8879158d946e3a61f3501","10-742c3b2245da5fe3e19df9e49d628c31","1180239","بوشهر","Bushehr","دشتستان","Dashtestān","مرکزی","Markazi","","","زیارت","Ziārat","ده نو","Deh Now","Deh Now","Fatemeh Nemati and Shakiba Ghasemi, field notes 2017","150","","","","Dashtesuni 100%","Fatemeh Nemati and Shakiba Ghasemi, field notes 2017",29.220905219798585,51.076731264917576,""
"","912291f437b8879158d946e3a61fae74","10-b81d7b583ef5161fe7e8cccf4b301958","1180240","بوشهر","Bushehr","دشتستان","Dashtestān","مرکزی","Markazi","","","زیارت","Ziārat","بنارآب شیرین","Bonār-e Āb Shirin ","Bonār-e Ow Shirin","Fatemeh Nemati and Shakiba Ghasemi, field notes 2017","426","","","","Dashtesuni 100%","Fatemeh Nemati and Shakiba Ghasemi, field notes 2017",29.305291973230155,51.03836494717334,""
"","912291f437b8879158d946e3a61faa04","10-f509354c622c0ff927d096de69eb1455","1180241","بوشهر","Bushehr","دشتستان","Dashtestān","مرکزی","Markazi","","","زیارت","Ziārat","صفی آباد","Safi Ābād","Sefi Āvād","Fatemeh Nemati and Shakiba Ghasemi, field notes 2017","68","","","","Dashtesuni 100%","Fatemeh Nemati and Shakiba Ghasemi, field notes 2017",29.305741050799067,51.00892502103062,""
"","912291f437b8879158d946e3a61fa938","10-44d9378f2aa845ea0c31e3c76586d87e","1180242","بوشهر","Bushehr","دشتستان","Dashtestān","مرکزی","Markazi","","","زیارت","Ziārat","کلل","Kolol","Kolol","Fatemeh Nemati and Shakiba Ghasemi, field notes 2017","644","","","","Dashtesuni 100%","Fatemeh Nemati and Shakiba Ghasemi, field notes 2017",29.31576993502843,51.09209495815235,""
"","912291f437b8879158d946e3a61fa590","10-4470bc66e2502106bba693b599e73fd8","1180243","بوشهر","Bushehr","دشتستان","Dashtestān","مرکزی","Markazi","","","زیارت","Ziārat","زیارت","Ziārat","Ziyārat","Fatemeh Nemati and Shakiba Ghasemi, field notes 2017","3027","","","","Dashtesuni 100%","Fatemeh Nemati and Shakiba Ghasemi, field notes 2017",29.281188579434637,51.07055145534786,""
"","912291f437b8879158d946e3a61f95a5","10-60685d7a6098d99e711f3acd896e5ba8","1180244","بوشهر","Bushehr","دشتستان","Dashtestān","مرکزی","Markazi","برازجان","Borāzjān","","","","","Borāzjun, Borāzgun, Borāzgu","Fatemeh Nemati and Shakiba Ghasemi, field notes 2017","95449","","","","Dashtesuni 99.9%; Koroshi 0.1%","Fatemeh Nemati and Shakiba Ghasemi, field notes 2017; Maryam Nourzaei, field notes 2014",29.267599843211745,51.21886688501472,""
"","912291f437b8879158d946e3a61f8c46","10-b34a817fa61d4466eeb88b8078b27780","1180245","بوشهر","Bushehr","دشتستان","Dashtestān","مرکزی","Markazi","دالکی","Dālaki","","","","","Dāleki","Fatemeh Nemati and Shakiba Ghasemi, field notes 2017","6044","","","","Dashtesuni 80%; mixed 20%","Fatemeh Nemati and Shakiba Ghasemi, field notes 2017",29.43091436260718,51.29418640664701,""
"","912291f437b8879158d946e3a61f89d9","8-c2c9f4b84acb79391bca5c26175cda0f","1180246","بوشهر","Bushehr","دشتستان","Dashtestān","ارم","Eram","","","","","","","","","13375","","","","","","","",""
"","912291f437b8879158d946e3a61f7e33","8-fca1db2df6cdff59add28b057d0e5c5e","1180247","بوشهر","Bushehr","دشتستان","Dashtestān","ارم","Eram","","","ارم","Eram","","","","","5120","","","","","","","",""
"","912291f437b8879158d946e3a61f765f","10-0374d9feb3dfef2e7feaa26e537cd493","1180248","بوشهر","Bushehr","دشتستان","Dashtestān","ارم","Eram","","","ارم","Eram","تنگ درکش","Tang-e Darkesh","Tang-e Darkesh","Fatemeh Nemati and Shakiba Ghasemi, field notes 2017","184","","","","Dashtesuni 70%; Ghashghāi 30%","Fatemeh Nemati and Shakiba Ghasemi, field notes 2017",29.314123388735297,51.42701045340678,""
"","912291f437b8879158d946e3a61f7643","10-0b36cad57adee921bddedb9db9e9b576","1180249","بوشهر","Bushehr","دشتستان","Dashtestān","ارم","Eram","","","ارم","Eram","چراب","Charāb","Cherow, Chorow","Fatemeh Nemati and Shakiba Ghasemi, field notes 2017","","(less than 4 households; population not specified in 2011 Census for reasons of privacy)","","","Dashtesuni 100%","Fatemeh Nemati and Shakiba Ghasemi, field notes 2017",29.416471464939377,51.41323462790873,""
"","912291f437b8879158d946e3a6201447","8-903e371665218ee74e5dcaadf9b36343","1180250","بوشهر","Bushehr","دشتستان","Dashtestān","ارم","Eram","","","ارم","Eram","جمغاری","Jamghāri","Chemeghāri","Fatemeh Nemati and Shakiba Ghasemi, field notes 2017","51","","","","Dashtesuni 100%","Fatemeh Nemati and Shakiba Ghasemi, field notes 2017","","",""
"","912291f437b8879158d946e3a620087f","10-348dca3400a4903a75926cdc063caff4","1180251","بوشهر","Bushehr","دشتستان","Dashtestān","ارم","Eram","","","ارم","Eram","جمیله","Jamileh","Jemile","Fatemeh Nemati and Shakiba Ghasemi, field notes 2017","434","","","","Dashtesuni 100%","Fatemeh Nemati and Shakiba Ghasemi, field notes 2017",29.373841940463496,51.52248636548887,""
"","912291f437b8879158d946e3a61ffba8","8-56d6804f47d38f2893fc53918a80d5b9","1180252","بوشهر","Bushehr","دشتستان","Dashtestān","ارم","Eram","","","ارم","Eram","گشنی","Geshni","Gesheni","Fatemeh Nemati and Shakiba Ghasemi, field notes 2017","35","","","","Dashtesuni 100%","Fatemeh Nemati and Shakiba Ghasemi, field notes 2017","","",""
"","912291f437b8879158d946e3a61ff493","8-d85058e0e8157128fb61ede052a541f5","1180253","بوشهر","Bushehr","دشتستان","Dashtestān","ارم","Eram","","","ارم","Eram","لرده","Lordeh","Lerdeh","Fatemeh Nemati and Shakiba Ghasemi, field notes 2017","","(less than 4 households; population not specified in 2011 Census for reasons of privacy)","","","Dashtesuni 100%","Fatemeh Nemati and Shakiba Ghasemi, field notes 2017","","",""
"","912291f437b8879158d946e3a61fe96d","8-5fa67a7d7f450c632ab3e611266f1296","1180254","بوشهر","Bushehr","دشتستان","Dashtestān","ارم","Eram","","","ارم","Eram","ناخا","Nākhā","Nākhā","Fatemeh Nemati and Shakiba Ghasemi, field notes 2017","5","","","","Dashtesuni 100%","Fatemeh Nemati and Shakiba Ghasemi, field notes 2017","","",""
"","912291f437b8879158d946e3a61fdff9","10-2d3a403ac417f104e8e4b5a500a28042","1180255","بوشهر","Bushehr","دشتستان","Dashtestān","ارم","Eram","","","ارم","Eram","رودفاریاب","Rud Fāryāb","Ru Pāriyow, Ru Pāriyu","Fatemeh Nemati and Shakiba Ghasemi, field notes 2017","1860","","","","Dashtesuni 80%; Ghashghāi 20%","Fatemeh Nemati and Shakiba Ghasemi, field notes 2017",29.25213246083313,51.479451947698564,""
"","912291f437b8879158d946e3a61fd73b","10-206c32834e3be44a00f104d2497004c2","1180256","بوشهر","Bushehr","دشتستان","Dashtestān","ارم","Eram","","","ارم","Eram","آب گرمو","Āb Garmu","Ow Garmu","Fatemeh Nemati and Shakiba Ghasemi, field notes 2017","","(less than 4 households; population not specified in 2011 Census for reasons of privacy)","","","Ghashghāi 55%; Dashtesuni 45%","Fatemeh Nemati and Shakiba Ghasemi, field notes 2017",29.290014594819958,51.58058345253635,""
"","912291f437b8879158d946e3a61fcae6","8-c784824b80f8eecbe4a4e24f9133533e","1180257","بوشهر","Bushehr","دشتستان","Dashtestān","ارم","Eram","","","ارم","Eram","آب مارو","Āb Māru","Ow Māru","Fatemeh Nemati and Shakiba Ghasemi, field notes 2017","","(less than 4 households; population not specified in 2011 Census for reasons of privacy)","","","Ghashghāi 55%; Dashtesuni 45%","Fatemeh Nemati and Shakiba Ghasemi, field notes 2017","","",""
"","912291f437b8879158d946e3a61fc553","10-48198012269eb3c3fd4f38190aa6c6a4","1180258","بوشهر","Bushehr","دشتستان","Dashtestān","ارم","Eram","","","ارم","Eram","انارستان","Anārestān","Nāresun","Fatemeh Nemati and Shakiba Ghasemi, field notes 2017","39","","","","Dashtesuni 100%","Fatemeh Nemati and Shakiba Ghasemi, field notes 2017",29.13367925047219,51.436278984424554,""
"","912291f437b8879158d946e3a61fb9e5","10-9f98a6c62ace4401d1b2cb8a456cb810","1180259","بوشهر","Bushehr","دشتستان","Dashtestān","ارم","Eram","","","ارم","Eram","باغ تاج","Bāgh Tāj","Bāgh Tāj","Fatemeh Nemati and Shakiba Ghasemi, field notes 2017","100","","","","Dashtesuni 100%","Fatemeh Nemati and Shakiba Ghasemi, field notes 2017",29.225109168313516,51.39748351323865,""
"","912291f437b8879158d946e3a62055f2","10-ac22551f9d529c14d079a40685b89feb","1180260","بوشهر","Bushehr","دشتستان","Dashtestān","ارم","Eram","","","ارم","Eram","تلخ آب","Talkh Āb","Tahl Ow","Fatemeh Nemati and Shakiba Ghasemi, field notes 2017","359","","","","Ghashghāi 55%; Dashtesuni 45%","Fatemeh Nemati and Shakiba Ghasemi, field notes 2017",29.196805305553703,51.50318413305869,""
"","912291f437b8879158d946e3a62051ec","10-1d1a3468e103977f41af0dbba1c11bd7","1180261","بوشهر","Bushehr","دشتستان","Dashtestān","ارم","Eram","","","ارم","Eram","تنگ فاریاب","Tang-e Fāryāb","Tang-e Pāriyow, Tang-e Pāriyu","Fatemeh Nemati and Shakiba Ghasemi, field notes 2017","238","","","","Dashtesuni 85%; Ghashghāi 15%","Fatemeh Nemati and Shakiba Ghasemi, field notes 2017",29.25960200395992,51.47713451910936,""
"","912291f437b8879158d946e3a6204cdc","10-90a8bbb59b2f98ea137ae383767ab4da","1180262","بوشهر","Bushehr","دشتستان","Dashtestān","ارم","Eram","","","ارم","Eram","خیرک","Kheyrak","Kheyrak","Fatemeh Nemati and Shakiba Ghasemi, field notes 2017","193","","","","Ghashghāi 80%; Dashtesuni 20%","Fatemeh Nemati and Shakiba Ghasemi, field notes 2017",29.258270031398464,51.60300671989783,""
"","912291f437b8879158d946e3a6204c34","10-17c5128daff9724418ae66f73eb1d384","1180263","بوشهر","Bushehr","دشتستان","Dashtestān","ارم","Eram","","","ارم","Eram","شکرک","Shekarak","Shekerak","Fatemeh Nemati and Shakiba Ghasemi, field notes 2017","233","","","","Ghashghāi 80%; Dashtesuni 20%","Fatemeh Nemati and Shakiba Ghasemi, field notes 2017",29.278083464093893,51.58131301338703,""
"","912291f437b8879158d946e3a62044d0","10-4722d80e8de14e553e67ea6dc82a84ed","1180264","بوشهر","Bushehr","دشتستان","Dashtestān","ارم","Eram","","","ارم","Eram","بزپر","Bozpar","Bozpar","Fatemeh Nemati and Shakiba Ghasemi, field notes 2017","1059","","","","Ghashghāi 80%; Dashtesuni 20%","Fatemeh Nemati and Shakiba Ghasemi, field notes 2017",29.199232345910048,51.66788511514949,""
"","912291f437b8879158d946e3a620369c","10-cacc20081e22455dcc5242ee80b8036e","1180265","بوشهر","Bushehr","دشتستان","Dashtestān","ارم","Eram","","","ارم","Eram","بیدو","Bidu","Bidu","Fatemeh Nemati and Shakiba Ghasemi, field notes 2017","139","","","","Ghashghāi 60%; Dashtesuni 40%","Fatemeh Nemati and Shakiba Ghasemi, field notes 2017",29.177281928977393,51.60545401812798,""
"","912291f437b8879158d946e3a6202e51","10-946a20fc167837a7b1511b75936c79cd","1180266","بوشهر","Bushehr","دشتستان","Dashtestān","ارم","Eram","","","ارم","Eram","سناوین سنا","Sanāvin Sanā","Senā vo Bon Senā","Fatemeh Nemati and Shakiba Ghasemi, field notes 2017","166","","","","Ghashghāi 60%; Dashtesuni 40%","Fatemeh Nemati and Shakiba Ghasemi, field notes 2017",29.211838394059114,51.56072275386405,""
"","912291f437b8879158d946e3a6202868","8-76b7a4ada1e40c5acd636a03041c92e3","1180267","بوشهر","Bushehr","دشتستان","Dashtestān","ارم","Eram","","","دهرود","Dehrud","","","","","5072","","","","","","","",""
"","912291f437b8879158d946e3a6201f95","10-967cd58e280fc24ef46f290c2ea02a36","1180268","بوشهر","Bushehr","دشتستان","Dashtestān","ارم","Eram","","","دهرود","Dehrud","آقا میراحمد","Āqā Mir Ahmad","Āgha-y Mirahmat, Āgha-y Miramay, Āghā Mirahmat","Fatemeh Nemati and Shakiba Ghasemi, field notes 2017","54","","","","Ghashghāi 60%; Dashtesuni 40%","Fatemeh Nemati and Shakiba Ghasemi, field notes 2017",29.141722785944815,51.65554118075841,""
"","912291f437b8879158d946e3a6201c86","10-695f4a7bcf407b25f8a8ddd8bd8dcb31","1180269","بوشهر","Bushehr","دشتستان","Dashtestān","ارم","Eram","","","دهرود","Dehrud","پرگانک","Pargānak","Porjunak, Porgunak","Fatemeh Nemati and Shakiba Ghasemi, field notes 2017","640","","","","Ghashghāi 80%; Dashtesuni 20%","Fatemeh Nemati and Shakiba Ghasemi, field notes 2017",29.112238157242505,51.53755079767274,""
"","912291f437b8879158d946e3a620bf7c","10-65ffac7a092b1f53e5cea449d5b25a5c","1180270","بوشهر","Bushehr","دشتستان","Dashtestān","ارم","Eram","","","دهرود","Dehrud","چاوک","Chāvak","Chahvak","Fatemeh Nemati and Shakiba Ghasemi, field notes 2017","336","","","","Ghashghāi 80%; Dashtesuni 20%","Fatemeh Nemati and Shakiba Ghasemi, field notes 2017",29.096245818874053,51.59419905205985,""
"","912291f437b8879158d946e3a620b7ac","10-669f584b7059e634da4e6c44f0afb866","1180271","بوشهر","Bushehr","دشتستان","Dashtestān","ارم","Eram","","","دهرود","Dehrud","ساختمان طاهر","Sākhtemān-e Tāher","Sākhtemun Tāher","Fatemeh Nemati and Shakiba Ghasemi, field notes 2017","32","","","","Dashtesuni 80%; mixed 20%","Fatemeh Nemati and Shakiba Ghasemi, field notes 2017",29.04074083336034,51.623016705711876,""
"","912291f437b8879158d946e3a620b67b","10-d08cfb7271d85ec8455f55c6e38e0948","1180272","بوشهر","Bushehr","دشتستان","Dashtestān","ارم","Eram","","","دهرود","Dehrud","سوک","Suk","Suk","Fatemeh Nemati and Shakiba Ghasemi, field notes 2017","48","","","","Dashtesuni 100%","Fatemeh Nemati and Shakiba Ghasemi, field notes 2017",29.090053510697878,51.47165428660514,""
"","912291f437b8879158d946e3a620afce","10-e8fa489671f38456b3e529bc14250607","1180273","بوشهر","Bushehr","دشتستان","Dashtestān","ارم","Eram","","","دهرود","Dehrud","کم زرد","Kam Zard","Kem-e Zard","Fatemeh Nemati and Shakiba Ghasemi, field notes 2017","121","","","","Dashtesuni 80%; Ghashghāi 20%","Fatemeh Nemati and Shakiba Ghasemi, field notes 2017",29.11600621281377,51.5733421947624,""
"","912291f437b8879158d946e3a620a8fd","10-b0034b3540ed642834dca24725ec45f3","1180274","بوشهر","Bushehr","دشتستان","Dashtestān","ارم","Eram","","","دهرود","Dehrud","مرده خیر","Mordeh Kheyr","Morde Kheyr, Mord Kheyr","Fatemeh Nemati and Shakiba Ghasemi, field notes 2017","208","","","","Ghashghāi 60%; Dashtesuni 40%","Fatemeh Nemati and Shakiba Ghasemi, field notes 2017",29.15656499267527,51.63268875995347,""
"","912291f437b8879158d946e3a6209adf","10-c38d46a11fbfd746f20ef49924efab1d","1180275","بوشهر","Bushehr","دشتستان","Dashtestān","ارم","Eram","","","دهرود","Dehrud","مزرعه آب شیرین","Mazra'eh-ye Āb Shirin","Ow Shirin","Fatemeh Nemati and Shakiba Ghasemi, field notes 2017","28","","","","Dashtesuni 90%; mixed 10%","Fatemeh Nemati and Shakiba Ghasemi, field notes 2017",29.18194825222891,51.59414005199568,""
"","912291f437b8879158d946e3a6208f8f","10-22b702aeca50ce2049d82aa8ada452d3","1180276","بوشهر","Bushehr","دشتستان","Dashtestān","ارم","Eram","","","دهرود","Dehrud","نصاد","Nesād","Nesād","Fatemeh Nemati and Shakiba Ghasemi, field notes 2017","26","","","","Dashtesuni 90%; mixed 10%","Fatemeh Nemati and Shakiba Ghasemi, field notes 2017",29.115232929082577,51.64174389758765,""
"","912291f437b8879158d946e3a62080fa","10-5bda9a8e005d55cd79d1a0013eec41a8","1180277","بوشهر","Bushehr","دشتستان","Dashtestān","ارم","Eram","","","دهرود","Dehrud","ساختمان جهانگیر","Sākhtemān-e Jahāngir","Sakhtemun Juhngir","Fatemeh Nemati and Shakiba Ghasemi, field notes 2017","18","","","","Dashtesuni 80%; mixed 20%","Fatemeh Nemati and Shakiba Ghasemi, field notes 2017",29.10547030795499,51.589049210751604,""
"","912291f437b8879158d946e3a620716a","10-0fcd2889c71162c1ed3252a50917c784","1180278","بوشهر","Bushehr","دشتستان","Dashtestān","ارم","Eram","","","دهرود","Dehrud","دهرودعلیا","Dehrud-e Olyā","Dehru, Dehru Bālā","Fatemeh Nemati and Shakiba Ghasemi, field notes 2017","915","","","","Dashtesuni 100%","Fatemeh Nemati and Shakiba Ghasemi, field notes 2017",29.029887659955847,51.63089167137918,""
"","912291f437b8879158d946e3a6206522","10-c537992884a8896963649c296d0922bc","1180279","بوشهر","Bushehr","دشتستان","Dashtestān","ارم","Eram","","","دهرود","Dehrud","کفتارو ","Kaftāru","Kaftāru","Fatemeh Nemati and Shakiba Ghasemi, field notes 2017","135","","","","Dashtesuni 100%","Fatemeh Nemati and Shakiba Ghasemi, field notes 2017",29.12476031653959,51.67295408168068,""
"","912291f437b8879158d946e3a62117d3","10-9380663985c1e1b6591510a943aea2da","1180280","بوشهر","Bushehr","دشتستان","Dashtestān","ارم","Eram","","","دهرود","Dehrud","بنگ تر","Banak Tar","Benak Tar","Fatemeh Nemati and Shakiba Ghasemi, field notes 2017","59","","","","Dashtesuni 100%","Fatemeh Nemati and Shakiba Ghasemi, field notes 2017",29.11478770247852,51.67149495997663,""
"","912291f437b8879158d946e3a62108b7","10-330604bdae7bb7377c56fc08db2f1fe2","1180281","بوشهر","Bushehr","دشتستان","Dashtestān","ارم","Eram","","","دهرود","Dehrud","چای","Chāy","Chāyi, Cheyi","Fatemeh Nemati and Shakiba Ghasemi, field notes 2017","17","","","","Dashtesuni 100%","Fatemeh Nemati and Shakiba Ghasemi, field notes 2017",29.11392536336683,51.67756748118547,""
"","912291f437b8879158d946e3a62105e0","10-5ac8fa585452e6bda622fb59b73c7350","1180282","بوشهر","Bushehr","دشتستان","Dashtestān","ارم","Eram","","","دهرود","Dehrud","رونی","Ravani","Reveni","Fatemeh Nemati and Shakiba Ghasemi, field notes 2017","435","","","","Dashtesuni 100%","Fatemeh Nemati and Shakiba Ghasemi, field notes 2017",29.1163858227015,51.70424089136046,""
"","912291f437b8879158d946e3a620fe8b","10-46ae7c3802d3f780f68215292f3085af","1180283","بوشهر","Bushehr","دشتستان","Dashtestān","ارم","Eram","","","دهرود","Dehrud","دهرودسفلی","Dehrud-e Soflā","Dehru, Dehru Duman","Fatemeh Nemati and Shakiba Ghasemi, field notes 2017","2000","","","","Dashtesuni 80%; Ghashghāi 20%","Fatemeh Nemati and Shakiba Ghasemi, field notes 2017",28.999038532691323,51.653722634510515,""
"","912291f437b8879158d946e3a620fa74","10-4b4451c46fb4f371c0531ea60d4767cb","1180284","بوشهر","Bushehr","دشتستان","Dashtestān","ارم","Eram","تنگ ارم","Tang-e Eram","","","","","Tangeram","Fatemeh Nemati and Shakiba Ghasemi, field notes 2017","3183","","","","Dashtesuni 65%; Ghashghāi 30%; mixed 5%","Fatemeh Nemati and Shakiba Ghasemi, field notes 2017",29.153054961333627,51.52837290877189,""
"","912291f437b8879158d946e3a620eef6","8-897e62479b98a3a4117d46ac3bde2b0b","1180285","بوشهر","Bushehr","دشتستان","Dashtestān","بوشکان","Bushkān","","","","","","","","","11915","","","","","","","",""
"","912291f437b8879158d946e3a620e531","8-9ca096229f98225cc3e4b0ce1983d1db","1180286","بوشهر","Bushehr","دشتستان","Dashtestān","بوشکان","Bushkān","","","بوشکان","Bushkān","","","","","4181","","","","","","","",""
"","912291f437b8879158d946e3a620da66","10-cf94d8b5a826cf48da72a93e4bdcc326","1180287","بوشهر","Bushehr","دشتستان","Dashtestān","بوشکان","Bushkān","","","بوشکان","Bushkān","احمدی","Ahmadi","Ahmedi","Fatemeh Nemati and Shakiba Ghasemi, field notes 2017","","(less than 4 households; population not specified in 2011 Census for reasons of privacy)","","","Ghashghāi 100%","Fatemeh Nemati and Shakiba Ghasemi, field notes 2017",28.83635826584449,51.667935664831845,""
"","912291f437b8879158d946e3a620d81c","10-5ca0ff1d4783b9f860235b1853e43eca","1180288","بوشهر","Bushehr","دشتستان","Dashtestān","بوشکان","Bushkān","","","بوشکان","Bushkān","امامزاده بده","Emāmzādeh Bedeh","Emāmzāde","Fatemeh Nemati and Shakiba Ghasemi, field notes 2017","275","","","","Dashtesuni 80%; Ghashghāi 20%","Fatemeh Nemati and Shakiba Ghasemi, field notes 2017",28.794439493107177,51.75197145643075,""
"","912291f437b8879158d946e3a620c88e","12-76b2da5b55006969b9070efaca4d2d3e","1180289","بوشهر","Bushehr","دشتستان","Dashtestān","بوشکان","Bushkān","","","بوشکان","Bushkān","نورآباد، خون","Nur Ābād, Khun","Khin","Fatemeh Nemati and Shakiba Ghasemi, field notes 2017","663","","","","Dashtesuni 100%","Fatemeh Nemati and Shakiba Ghasemi, field notes 2017",28.902323985133133,51.53022032519227,""
"","912291f437b8879158d946e3a62159bf","10-45ea7ae232cac6a9385b98eeace9a6e2","1180290","بوشهر","Bushehr","دشتستان","Dashtestān","بوشکان","Bushkān","","","بوشکان","Bushkān","شلدان","Sholdān","Sholdun, Sheldun","Fatemeh Nemati and Shakiba Ghasemi, field notes 2017","345","","","","Dashtesuni 80%; Ghashghāi 20%","Fatemeh Nemati and Shakiba Ghasemi, field notes 2017",28.781125053796373,51.72270319166434,""
"","912291f437b8879158d946e3a6214f48","10-c343f4529df206e9d2fc607383cc86ae","1180291","بوشهر","Bushehr","دشتستان","Dashtestān","بوشکان","Bushkān","","","بوشکان","Bushkān","حسین آباد","Hoseyn Ābād","Hoseyn Āvād","Fatemeh Nemati and Shakiba Ghasemi, field notes 2017","19","","","","Ghashghāi 100%","Fatemeh Nemati and Shakiba Ghasemi, field notes 2017",28.814661775632008,51.732144567394776,""
"","912291f437b8879158d946e3a6214511","10-a89958e6180fb2874e64161f5df10bbe","1180292","بوشهر","Bushehr","دشتستان","Dashtestān","بوشکان","Bushkān","","","بوشکان","Bushkān","منصور آباد","Mansur Ābād","Mansur Āvād, Mansur Ābād","Fatemeh Nemati and Shakiba Ghasemi, field notes 2017","72","","","","Ghashghāi 100%","Fatemeh Nemati and Shakiba Ghasemi, field notes 2017",28.805223318587608,51.743045064830156,""
"","912291f437b8879158d946e3a6213992","10-bf95a56334be2e7249678c734726bfae","1180293","بوشهر","Bushehr","دشتستان","Dashtestān","بوشکان","Bushkān","","","بوشکان","Bushkān","ایلشهر","Ilshahr","Il Shahr","Fatemeh Nemati and Shakiba Ghasemi, field notes 2017","422","","","","Ghashghāi 100%","Fatemeh Nemati and Shakiba Ghasemi, field notes 2017",28.766417016690518,51.747787210368536,""
"","912291f437b8879158d946e3a621376c","10-db5157a9e253ef01fa1bd3904c5bbc72","1180294","بوشهر","Bushehr","دشتستان","Dashtestān","بوشکان","Bushkān","","","بوشکان","Bushkān","حاجی آباد","Hāji Ābād","Hāji Āvād, Hāji Ābād","Fatemeh Nemati and Shakiba Ghasemi, field notes 2017","99","","","","Ghashghāi 60%; Dashtesuni 40%","Fatemeh Nemati and Shakiba Ghasemi, field notes 2017",28.777927830807737,51.735513421918164,""
"","912291f437b8879158d946e3a6212bec","10-ffeb6088d6d13fd96f7dd9f245e74b6b","1180295","بوشهر","Bushehr","دشتستان","Dashtestān","بوشکان","Bushkān","","","بوشکان","Bushkān","بوشکان","Bushkān","Bushku, Boshkun","Fatemeh Nemati and Shakiba Ghasemi, field notes 2017","2279","","","","Dashtesuni 70%; Ghashghāi 19%; Koroshi 11%","Fatemeh Nemati and Shakiba Ghasemi, field notes 2017; Maryam Nourzaei, field notes 2014",28.82933480958587,51.69738313856749,""
"","912291f437b8879158d946e3a6212bd6","8-e67e493e487c1b4e8965a673d251767a","1180296","بوشهر","Bushehr","دشتستان","Dashtestān","بوشکان","Bushkān","","","پشتکوه","Posht Kuh","","","","","5570","","","","","","","",""
"","912291f437b8879158d946e3a621218a","10-0419e9dfdb531bef180a85fad75f7953","1180297","بوشهر","Bushehr","دشتستان","Dashtestān","بوشکان","Bushkān","","","پشتکوه","Posht Kuh","تنگ زرد","Tang-e Zard","Tang-e Zard","Fatemeh Nemati and Shakiba Ghasemi, field notes 2017","517","","","","Dashtesuni 100%","Fatemeh Nemati and Shakiba Ghasemi, field notes 2017",28.911527122691094,51.47640448352421,""
"","912291f437b8879158d946e3a6211f75","10-396748094253d58402528298a1b434e6","1180298","بوشهر","Bushehr","دشتستان","Dashtestān","بوشکان","Bushkān","","","پشتکوه","Posht Kuh","درنگ","Derang","Derang","Fatemeh Nemati and Shakiba Ghasemi, field notes 2017","326","","","","Dashtesuni 100%","Fatemeh Nemati and Shakiba Ghasemi, field notes 2017",28.750598434547243,51.61287527818328,""
"","912291f437b8879158d946e3a6211d71","10-ef0330655319bcccd90a3c71c128ca2c","1180299","بوشهر","Bushehr","دشتستان","Dashtestān","بوشکان","Bushkān","","","پشتکوه","Posht Kuh","شاه پسرمرد","Shāh Pesar Mard","Shā Pesar Mard","Fatemeh Nemati and Shakiba Ghasemi, field notes 2017","128","","","","Dashtesuni 100%","Fatemeh Nemati and Shakiba Ghasemi, field notes 2017",28.718311355096585,51.665961558998866,""
"","912291f437b8879158d946e3a621af42","10-375fc4cbf90501c89a8512d18e150a1e","1180300","بوشهر","Bushehr","دشتستان","Dashtestān","بوشکان","Bushkān","","","پشتکوه","Posht Kuh","طلحه","Talheh","Tahlak","Fatemeh Nemati and Shakiba Ghasemi, field notes 2017","2218","","","","Dashtesuni 80%; Ghashghāi 20%","Fatemeh Nemati and Shakiba Ghasemi, field notes 2017",28.811326023661856,51.52137976427983,""
"","912291f437b8879158d946e3a621ae5e","10-f0ec2d071926372fa8184b90b395cfa8","1180301","بوشهر","Bushehr","دشتستان","Dashtestān","بوشکان","Bushkān","","","پشتکوه","Posht Kuh","آبپای ارغوان","Ābpā-ye Arghun","Owpā, Owpo-y Arghun, Owpe-y Arghun","Fatemeh Nemati and Shakiba Ghasemi, field notes 2017","69","","","","Dashtesuni 100%","Fatemeh Nemati and Shakiba Ghasemi, field notes 2017",29.108808575967437,51.40673678658243,""
"","912291f437b8879158d946e3a621a7bf","12-6f746904ae4731ee4252b4b531244d40","1180302","بوشهر","Bushehr","دشتستان","Dashtestān","بوشکان","Bushkān","","","پشتکوه","Posht Kuh","زیرمله","Zir Molleh","Shi Mole","Fatemeh Nemati and Shakiba Ghasemi, field notes 2017","45","","","","Dashtesuni 100%","Fatemeh Nemati and Shakiba Ghasemi, field notes 2017",29.072555854177793,51.42239015838985,""
"","912291f437b8879158d946e3a6219fd1","10-f850b00b1f616ba3ddd3558a19a55b6b","1180303","بوشهر","Bushehr","دشتستان","Dashtestān","بوشکان","Bushkān","","","پشتکوه","Posht Kuh","سرمله","Sar Molleh","Sar Mole","Fatemeh Nemati and Shakiba Ghasemi, field notes 2017","60","","","","Dashtesuni 100%","Fatemeh Nemati and Shakiba Ghasemi, field notes 2017",29.08246927095288,51.439363005372314,""
"","912291f437b8879158d946e3a62193b8","10-8c072425e896b80879ebb435589c9bc6","1180304","بوشهر","Bushehr","دشتستان","Dashtestān","بوشکان","Bushkān","","","پشتکوه","Posht Kuh","شاهی جانی","Shāhijāni","Sheyjuni","Fatemeh Nemati and Shakiba Ghasemi, field notes 2017","138","","","","Dashtesuni 80%; Ghashghāi 20%","Fatemeh Nemati and Shakiba Ghasemi, field notes 2017",28.869819720962685,51.49468642016709,""
"","912291f437b8879158d946e3a6218804","10-11a25880686d491e31b2f8bcc10f83f1","1180305","بوشهر","Bushehr","دشتستان","Dashtestān","بوشکان","Bushkān","","","پشتکوه","Posht Kuh","فاریاب","Fāryāb","Pāriyow, Pāriyu","Fatemeh Nemati and Shakiba Ghasemi, field notes 2017","2069","","","","Dashtesuni 90%; Ghashghāi 10%","Fatemeh Nemati and Shakiba Ghasemi, field notes 2017",28.90093277577575,51.464989001959,""
"","912291f437b8879158d946e3a6217c7c","10-7901dcd679673533d50d096087842f48","1180306","بوشهر","Bushehr","دشتستان","Dashtestān","بوشکان","Bushkān","کلمه","Kalameh","","","","","Keleme","Fatemeh Nemati and Shakiba Ghasemi, field notes 2017","2164","","","","Dashtesuni 95%; Ghashghāi 5%","Fatemeh Nemati and Shakiba Ghasemi, field notes 2017",28.942853008493458,51.45932417652002,""
"","912291f437b8879158d946e3a6217108","8-435f23060590da9c69b2dc693ae51893","1180307","بوشهر","Bushehr","دشتستان","Dashtestān","آب پخش","Āb Pakhsh","","","","","","","","","21352","","","","","","","",""
"","912291f437b8879158d946e3a6216361","8-17e77890735c2bcd04569472fe0b0f8b","1180308","بوشهر","Bushehr","دشتستان","Dashtestān","آب پخش","Āb Pakhsh","","","درواهی","Darvāhi","","","","","3056","","","","","","","",""
"","912291f437b8879158d946e3a6216041","10-40115f2add505b98a743005976c99d26","1180309","بوشهر","Bushehr","دشتستان","Dashtestān","آب پخش","Āb Pakhsh","","","درواهی","Darvāhi","بنار آزادگان","Bonār-e Āzādegān","Bonāri","Fatemeh Nemati and Shakiba Ghasemi, field notes 2017","743","","","","Dashtesuni 100%","Fatemeh Nemati and Shakiba Ghasemi, field notes 2017",29.302286984445313,50.99082402826429,""
"","912291f437b8879158d946e3a622095a","10-e6c0f3dddfc35d3d17f30d94425eb918","1180310","بوشهر","Bushehr","دشتستان","Dashtestān","آب پخش","Āb Pakhsh","","","درواهی","Darvāhi","چهاربرج","Chahār Borj","Chār Borj","Fatemeh Nemati and Shakiba Ghasemi, field notes 2017","1088","","","","Dashtesuni 100%","Fatemeh Nemati and Shakiba Ghasemi, field notes 2017",29.341677280018754,51.065448761395054,""
"","912291f437b8879158d946e3a622087e","10-3dc5d59db8cf06b4e171b06afa0d75ec","1180311","بوشهر","Bushehr","دشتستان","Dashtestān","آب پخش","Āb Pakhsh","","","درواهی","Darvāhi","چاه موشی، میان دشت","Chāh Mushi, Miān Dasht","Chah Moshki, Chah Mushi, Miyān Dasht","Fatemeh Nemati and Shakiba Ghasemi, field notes 2017","1094","","","","Dashtesuni 100%","Fatemeh Nemati and Shakiba Ghasemi, field notes 2017",29.396515277981347,51.03794507623101,""
"","912291f437b8879158d946e3a621fc8d","10-42731166e3d4ac492748166038449de2","1180312","بوشهر","Bushehr","دشتستان","Dashtestān","آب پخش","Āb Pakhsh","","","درواهی","Darvāhi","چم درواهی","Cham-e Darvāhi","Chem Darvey, Chem Daroy","Fatemeh Nemati and Shakiba Ghasemi, field notes 2017","90","","","","Dashtesuni 100%","Fatemeh Nemati and Shakiba Ghasemi, field notes 2017",29.335804309164704,51.09384231209382,""
"","912291f437b8879158d946e3a621ed2d","10-ef463766650f79b5435b678687f1f517","1180313","بوشهر","Bushehr","دشتستان","Dashtestān","آب پخش","Āb Pakhsh","","","درواهی","Darvāhi","گناوه کان","Genāvekān","Genāvekun","Fatemeh Nemati and Shakiba Ghasemi, field notes 2017","41","","","","Dashtesuni 100%","Fatemeh Nemati and Shakiba Ghasemi, field notes 2017",29.424531320819234,51.141177936781375,""
"","912291f437b8879158d946e3a621e99f","8-b1a1984044481af48a6f623e7984d54c","1180314","بوشهر","Bushehr","دشتستان","Dashtestān","آب پخش","Āb Pakhsh","","","دشتی اسماعیل خانی","Dashti Esmā'il Khani","","","","","1058","","","","","","","",""
"","912291f437b8879158d946e3a621dca5","10-54de7b86417951e3b18ff535f44447e5","1180315","بوشهر","Bushehr","دشتستان","Dashtestān","آب پخش","Āb Pakhsh","","","دشتی اسماعیل خانی","Dashti Esmā'il Khani","بنارسلیمانی","Bonār-e Soleymāni","Bonār Soleymuni","Fatemeh Nemati and Shakiba Ghasemi, field notes 2017","115","","","","Dashtesuni 100%","Fatemeh Nemati and Shakiba Ghasemi, field notes 2017",29.316470278317052,51.04131581049529,""
"","912291f437b8879158d946e3a621d6c6","10-70f34d7dcb8ce4799d4ece26f7ff2c7c","1180316","بوشهر","Bushehr","دشتستان","Dashtestān","آب پخش","Āb Pakhsh","","","دشتی اسماعیل خانی","Dashti Esmā'il Khani","بصری","Basri","Basri","Fatemeh Nemati and Shakiba Ghasemi, field notes 2017","97","","","","Dashtesuni 100%","Fatemeh Nemati and Shakiba Ghasemi, field notes 2017",29.27883872261703,50.92640311713008,""
"","912291f437b8879158d946e3a621cc72","10-e22bfcdf494d4a2e2d523850a03c6342","1180317","بوشهر","Bushehr","دشتستان","Dashtestān","آب پخش","Āb Pakhsh","","","دشتی اسماعیل خانی","Dashti Esmā'il Khani","بند محمد عبداله","Band-e Mohammad Abdollāh","Band-e Mavdelā","Fatemeh Nemati and Shakiba Ghasemi, field notes 2017","","(less than 4 households; population not specified in 2011 Census for reasons of privacy)","","","Dashtesuni 100%","Fatemeh Nemati and Shakiba Ghasemi, field notes 2017",29.370573314803853,50.933748500177316,""
"","912291f437b8879158d946e3a621bfa2","10-ef8fb418dfe48241fb3d324d4ae21412","1180318","بوشهر","Bushehr","دشتستان","Dashtestān","آب پخش","Āb Pakhsh","","","دشتی اسماعیل خانی","Dashti Esmā'il Khani","چم تنگ","Chem-e Tang ","Chem Tangu","Fatemeh Nemati and Shakiba Ghasemi, field notes 2017","79","","","","Dashtesuni 100%","Fatemeh Nemati and Shakiba Ghasemi, field notes 2017",29.293511069582877,50.8966267274163,""
"","912291f437b8879158d946e3a621be83","10-a20cc25314fded7ab845fc3c95bfd029","1180319","بوشهر","Bushehr","دشتستان","Dashtestān","آب پخش","Āb Pakhsh","","","دشتی اسماعیل خانی","Dashti Esmā'il Khani","دشتی اسماعیل خانی","Dashti-ye Esmā'il Khāni","Dashti Esmāl Khāni, Dashti Semeyl Khāni","Fatemeh Nemati and Shakiba Ghasemi, field notes 2017","671","","","","Dashtesuni 100%","Fatemeh Nemati and Shakiba Ghasemi, field notes 2017",29.286773891748105,50.96044184429005,""
"","912291f437b8879158d946e3a6225a66","10-72a64fc53688f36ccdbf9bdb8cd9293a","1180320","بوشهر","Bushehr","دشتستان","Dashtestān","آب پخش","Āb Pakhsh","","","دشتی اسماعیل خانی","Dashti Esmā'il Khani","مکابری","Makāberi","Mokāveri, Mekāberi","Fatemeh Nemati and Shakiba Ghasemi, field notes 2017","91","","","","Dashtesuni 100%","Fatemeh Nemati and Shakiba Ghasemi, field notes 2017",29.291677104081426,50.863538997013,""
"","912291f437b8879158d946e3a622518b","10-6315e6288f00800be818c9f0ebb6f1f2","1180321","بوشهر","Bushehr","دشتستان","Dashtestān","آب پخش","Āb Pakhsh","آب پخش","Āb Pakhsh","","","","","Āpakhsh","Fatemeh Nemati and Shakiba Ghasemi, field notes 2017","17238","","","","Dashtesuni 90%; mixed 10%","Fatemeh Nemati and Shakiba Ghasemi, field notes 2017",29.360211373598105,51.07005111813375,""
"","912291f437b8879158d946e3a6224c26","8-e3fd3f93c85e1874bc62141cded484c4","1180322","بوشهر","Bushehr","دشتستان","Dashtestān","","","","","","","","","","","1155","","","","","","","",""
"","912291f437b8879158d946e3a6223ef7","8-d6625a2099a08e45ee59b32f3d100b12","1180323","بوشهر","Bushehr","دشتستان","Dashtestān","","","","","","","","","","","1155","","","","","","","",""
"","912291f437b8879158d946e3a6222f9c","8-3d61842f3dff6759930bd727c839e130","1180324","بوشهر","Bushehr","دشتستان","Dashtestān","","","","","","","","","","","1155","","","","","","","",""
"","912291f437b8879158d946e3a622270d","8-ad5b7b8c33fed8fef2a4c11c1cc299c8","1180325","بوشهر","Bushehr","دشتی","Dashti","","","","","","","","","","","77530","","","","","","","",""
"","912291f437b8879158d946e3a6222355","8-fcbb903ce775b2c44c94a2dc13f90eb9","1180326","بوشهر","Bushehr","دشتی","Dashti","کاکی","Kāki","","","","","","","","","23157","","","","","","","",""
"","912291f437b8879158d946e3a6221ccc","8-b829d7ba98cd858a660b00bc09902bd0","1180327","بوشهر","Bushehr","دشتی","Dashti","کاکی","Kāki","","","چغاپور","Choghāpur","","","","","5261","","","","","","","",""
"","912291f437b8879158d946e3a62216df","10-0bed626263dc848c2e46c32419fd9496","1180328","بوشهر","Bushehr","دشتی","Dashti","کاکی","Kāki","","","چغاپور","Choghāpur","امام آباد","Emām Ābād","Emām Āvād, Demnālu","Fatemeh Nemati and Shakiba Ghasemi, field notes 2017","146","","","","Dashtiyāti 100%","Fatemeh Nemati and Shakiba Ghasemi, field notes 2017",28.45868944524948,51.53018617558224,""
"","912291f437b8879158d946e3a62212e0","10-80476f52b23cbd01291e1391a3f0af11","1180329","بوشهر","Bushehr","دشتی","Dashti","کاکی","Kāki","","","چغاپور","Choghāpur","بامنیر","Bāmonir","Bāmnir, Bāmonir","Fatemeh Nemati and Shakiba Ghasemi, field notes 2017","467","","","","Dashtiyāti 100%","Fatemeh Nemati and Shakiba Ghasemi, field notes 2017",28.422132681208158,51.50497341084536,""
"","912291f437b8879158d946e3a6229ff8","10-4c225b4b8102129e854dfe5b0d2bf86b","1180330","بوشهر","Bushehr","دشتی","Dashti","کاکی","Kāki","","","چغاپور","Choghāpur","بیکسان","Bikasān","Bikesu","Fatemeh Nemati and Shakiba Ghasemi, field notes 2017","","(less than 4 households; population not specified in 2011 Census for reasons of privacy)","","","Dashtiyāti 100%","Fatemeh Nemati and Shakiba Ghasemi, field notes 2017",28.42648006004705,51.587086557617425,""
"","912291f437b8879158d946e3a6229cf1","10-d33db8909960be8923e004b994f2983a","1180331","بوشهر","Bushehr","دشتی","Dashti","کاکی","Kāki","","","چغاپور","Choghāpur","اسماعیل محمودی","Esmā'il-e Mahmudi","Someyl Mahmuyi, Someyl Mahmudi","Fatemeh Nemati and Shakiba Ghasemi, field notes 2017","","(less than 4 households; population not specified in 2011 Census for reasons of privacy)","","","Dashtiyāti 100%","Fatemeh Nemati and Shakiba Ghasemi, field notes 2017",28.401183503020597,51.65591168395338,""
"","912291f437b8879158d946e3a6229367","10-d3271c3c08c9c450d2876040cbd18ff3","1180332","بوشهر","Bushehr","دشتی","Dashti","کاکی","Kāki","","","چغاپور","Choghāpur","درگوشمالی","Dargu Shomāli","Dargu","Fatemeh Nemati and Shakiba Ghasemi, field notes 2017","","(less than 4 households; population not specified in 2011 Census for reasons of privacy)","","","Dashtiyāti 100%","Fatemeh Nemati and Shakiba Ghasemi, field notes 2017",28.413420874251216,51.632206677660264,""
"","912291f437b8879158d946e3a6228a1a","10-98ac04006d45dc4c96d20d037165e43b","1180333","بوشهر","Bushehr","دشتی","Dashti","کاکی","Kāki","","","چغاپور","Choghāpur","بادوله","Bāduleh","Bāyley","Fatemeh Nemati and Shakiba Ghasemi, field notes 2017","3680","","","","Dashtiyāti 100%","Fatemeh Nemati and Shakiba Ghasemi, field notes 2017",28.39879586098045,51.50037017597114,""
"","912291f437b8879158d946e3a62284f6","10-6f84c2fcba15c33957c6191027fdd799","1180334","بوشهر","Bushehr","دشتی","Dashti","کاکی","Kāki","","","چغاپور","Choghāpur","چم کور","Cham-e Kowr","Chem Kowr","Fatemeh Nemati and Shakiba Ghasemi, field notes 2017","","(less than 4 households; population not specified in 2011 Census for reasons of privacy)","","","Dashtiyāti 100%","Fatemeh Nemati and Shakiba Ghasemi, field notes 2017",28.36165529010261,51.419038658109514,""
"","912291f437b8879158d946e3a6227985","10-f2010a0c17980fb3b050764d2e787e46","1180335","بوشهر","Bushehr","دشتی","Dashti","کاکی","Kāki","","","چغاپور","Choghāpur","حسین زائری","Hoseyn Zāeri","Hoseyn Zeyri","Fatemeh Nemati and Shakiba Ghasemi, field notes 2017","338","","","","Dashtiyāti 100%","Fatemeh Nemati and Shakiba Ghasemi, field notes 2017",28.472252327840746,51.480618952993645,""
"","912291f437b8879158d946e3a622796e","10-12ace517a49923824c197ef4fc8b6221","1180336","بوشهر","Bushehr","دشتی","Dashti","کاکی","Kāki","","","چغاپور","Choghāpur","دهداری","Dehdāri","Dehdāri, Dehyāri","Fatemeh Nemati and Shakiba Ghasemi, field notes 2017","107","","","","Dashtiyāti 100%","Fatemeh Nemati and Shakiba Ghasemi, field notes 2017",28.43794562158668,51.443475876340706,""
"","912291f437b8879158d946e3a6227455","10-d4c07be3c9166051d8a01c013d0c4caf","1180337","بوشهر","Bushehr","دشتی","Dashti","کاکی","Kāki","","","چغاپور","Choghāpur","طویل دراز","Tavil Derāz","Tey Derāz, Toy Derāz","Fatemeh Nemati and Shakiba Ghasemi, field notes 2017","21","","","","Dashtiyāti 100%","Fatemeh Nemati and Shakiba Ghasemi, field notes 2017",28.352753650142883,51.3680449246245,""
"","912291f437b8879158d946e3a6226cb8","10-24d04c398d3d4034f21cfbb3cd528cc2","1180338","بوشهر","Bushehr","دشتی","Dashti","کاکی","Kāki","","","چغاپور","Choghāpur","فقیه احمدان","Faqih Ahmadān","Feki Ahmeyu","Fatemeh Nemati and Shakiba Ghasemi, field notes 2017","23","","","","Dashtiyāti 100%","Fatemeh Nemati and Shakiba Ghasemi, field notes 2017",28.383018163749053,51.36300194737945,""
"","912291f437b8879158d946e3a6225f46","12-15f02f11a59eaa38d0e19f1c536cc99e","1180339","بوشهر","Bushehr","دشتی","Dashti","کاکی","Kāki","","","چغاپور","Choghāpur","گزدراز","Gaz Derāz","Gez Derāz","Fatemeh Nemati and Shakiba Ghasemi, field notes 2017","122","","","","Dashtiyāti 100%","Fatemeh Nemati and Shakiba Ghasemi, field notes 2017",28.31458147199111,51.414408475938124,""
"","912291f437b8879158d946e3a622eae6","10-fe82064dc60756aabc1c434af144ba88","1180340","بوشهر","Bushehr","دشتی","Dashti","کاکی","Kāki","","","چغاپور","Choghāpur","مرحوای","Marhavāy","Marhovāyi, Marhovoyi","Fatemeh Nemati and Shakiba Ghasemi, field notes 2017","42","","","","Dashtiyāti 100%","Fatemeh Nemati and Shakiba Ghasemi, field notes 2017",28.45469344624268,51.48213494296805,""
"","912291f437b8879158d946e3a622de8c","10-12557241c9715195c8c752d5d5288f3b","1180341","بوشهر","Bushehr","دشتی","Dashti","کاکی","Kāki","","","چغاپور","Choghāpur","مقاتل","Maqātel","Mekātel","Fatemeh Nemati and Shakiba Ghasemi, field notes 2017","18","","","","Dashtiyāti 100%","Fatemeh Nemati and Shakiba Ghasemi, field notes 2017",28.421711480863493,51.33021462438606,""
"","912291f437b8879158d946e3a622d661","10-e503a9a950e3f13e25841e0ae7e1848e","1180342","بوشهر","Bushehr","دشتی","Dashti","کاکی","Kāki","","","چغاپور","Choghāpur","ناصری","Nāseri","Nāseri","Fatemeh Nemati and Shakiba Ghasemi, field notes 2017","166","","","","Dashtiyāti 100%","Fatemeh Nemati and Shakiba Ghasemi, field notes 2017",28.45401088453614,51.49958753514446,""
"","912291f437b8879158d946e3a622cddb","10-60ecd827cf4112d9bbc8eb3a975189cc","1180343","بوشهر","Bushehr","دشتی","Dashti","کاکی","Kāki","","","چغاپور","Choghāpur","دولت آباد","Dowlat Ābād","Dowlat Āvād","Fatemeh Nemati and Shakiba Ghasemi, field notes 2017","83","","","","Dashtiyāti 100%","Fatemeh Nemati and Shakiba Ghasemi, field notes 2017",28.462047316829974,51.48950242924971,""
"","912291f437b8879158d946e3a622bfbc","10-a3584a1da4e498e99b4bde0775259283","1180344","بوشهر","Bushehr","دشتی","Dashti","کاکی","Kāki","","","چغاپور","Choghāpur","مله خرگ","Meleh Kharg","Mele Kharg, Mele Khark","Fatemeh Nemati and Shakiba Ghasemi, field notes 2017","32","","","","Dashtiyāti 100%","Fatemeh Nemati and Shakiba Ghasemi, field notes 2017",28.31024830826027,51.403127794234926,""
"","912291f437b8879158d946e3a622bbbc","8-c9430d57714f28b7b2a7f2d432bedc0b","1180345","بوشهر","Bushehr","دشتی","Dashti","کاکی","Kāki","","","کاکی","Kāki","","","","","2644","","","","","","","",""
"","912291f437b8879158d946e3a622b531","10-7be5e680b91e72c9121f0d5df5724161","1180346","بوشهر","Bushehr","دشتی","Dashti","کاکی","Kāki","","","کاکی","Kāki","باغ شور","Bāgh Shur","Bāgh Sur, Bākh Suru, Bāgh Shur","Fatemeh Nemati and Shakiba Ghasemi, field notes 2017","54","","","","Dashtiyāti 100%","Fatemeh Nemati and Shakiba Ghasemi, field notes 2017",28.272604735146476,51.551932962068136,""
"","912291f437b8879158d946e3a622b20f","10-664ba35e0d4951ac9d731b659b5d308c","1180347","بوشهر","Bushehr","دشتی","Dashti","کاکی","Kāki","","","کاکی","Kāki","گنخک شیخی","Gankhak-e Sheykhi","Gankhak, Gankhek-e Sheykhā","Fatemeh Nemati and Shakiba Ghasemi, field notes 2017","603","","","","Dashtiyāti 100%","Fatemeh Nemati and Shakiba Ghasemi, field notes 2017",28.26598083063888,51.59426894915284,""
"","912291f437b8879158d946e3a622a85c","10-d8f2979d10c7b8a4aafacd2159360b5c","1180348","بوشهر","Bushehr","دشتی","Dashti","کاکی","Kāki","","","کاکی","Kāki","هلالی منصور","Helāli Mansur","Helāli Mansuri","Fatemeh Nemati and Shakiba Ghasemi, field notes 2017","","(less than 4 households; population not specified in 2011 Census for reasons of privacy)","","","Dashtiyāti 100%","Fatemeh Nemati and Shakiba Ghasemi, field notes 2017",28.279910868238883,51.47612837090116,""
"","912291f437b8879158d946e3a622a0c9","10-9c77c9bff0afd4aa97edcb68a77fa890","1180349","بوشهر","Bushehr","دشتی","Dashti","کاکی","Kāki","","","کاکی","Kāki","گنخک رئیسی","Gankhak-e Ra'isi","Gankhek-e Reysā","Fatemeh Nemati and Shakiba Ghasemi, field notes 2017","40","","","","Dashtiyāti 100%","Fatemeh Nemati and Shakiba Ghasemi, field notes 2017",28.2457002410424,51.60049167406709,""
"","912291f437b8879158d946e3a623411d","10-7ea169d37cb3d9fd45e18edf0a224818","1180350","بوشهر","Bushehr","دشتی","Dashti","کاکی","Kāki","","","کاکی","Kāki","بنیاد","Bonyād","Bonyād","Fatemeh Nemati and Shakiba Ghasemi, field notes 2017","788","","","","Dashtiyāti 100%","Fatemeh Nemati and Shakiba Ghasemi, field notes 2017",28.319621666722323,51.54568877948118,""
"","912291f437b8879158d946e3a623378f","10-07e7468ac6f7427c7d82a178f3e7b932","1180351","بوشهر","Bushehr","دشتی","Dashti","کاکی","Kāki","","","کاکی","Kāki","تلخو","Talkhu","Tahlu","Fatemeh Nemati and Shakiba Ghasemi, field notes 2017","693","","","","Dashtiyāti 100%","Fatemeh Nemati and Shakiba Ghasemi, field notes 2017",28.376142930561016,51.50599208606739,""
"","912291f437b8879158d946e3a6232a09","10-0c648c6c9e350a365305574a2e6e2a1e","1180352","بوشهر","Bushehr","دشتی","Dashti","کاکی","Kāki","","","کاکی","Kāki","مسیله عبدی","Masileh-ye Abdi","Mesile-y Avdi","Fatemeh Nemati and Shakiba Ghasemi, field notes 2017","","(less than 4 households; population not specified in 2011 Census for reasons of privacy)","","","Dashtiyāti 100%","Fatemeh Nemati and Shakiba Ghasemi, field notes 2017",28.297254135674844,51.45960059895225,""
"","912291f437b8879158d946e3a6231ac7","10-137dc361de6dca68c7f7526515ee079c","1180353","بوشهر","Bushehr","دشتی","Dashti","کاکی","Kāki","","","کاکی","Kāki","مسیله کلو","Masileh-ye Kolu","Mesile-y Kuluwā","Fatemeh Nemati and Shakiba Ghasemi, field notes 2017","","(less than 4 households; population not specified in 2011 Census for reasons of privacy)","","","Dashtiyāti 100%","Fatemeh Nemati and Shakiba Ghasemi, field notes 2017",28.342749354622214,51.45938602223231,""
"","912291f437b8879158d946e3a6231114","10-4bc6eea7554b41ff556b36e499f7cc79","1180354","بوشهر","Bushehr","دشتی","Dashti","کاکی","Kāki","","","کاکی","Kāki","باغ شالی","Bāgh Shāli","Bāgh Shāli","Fatemeh Nemati and Shakiba Ghasemi, field notes 2017","18","","","","Dashtiyāti 100%","Fatemeh Nemati and Shakiba Ghasemi, field notes 2017",28.29418390058549,51.535968454011766,""
"","912291f437b8879158d946e3a62309fd","10-ce8890519dace57412de7dbf10c57413","1180355","بوشهر","Bushehr","دشتی","Dashti","کاکی","Kāki","","","کاکی","Kāki","علی آباد","Ali Ābād","Eli Āvād, Eli Āvāy","Fatemeh Nemati and Shakiba Ghasemi, field notes 2017","147","","","","Dashtiyāti 100%","Fatemeh Nemati and Shakiba Ghasemi, field notes 2017",28.369648198007898,51.513073117865886,""
"","912291f437b8879158d946e3a623079e","10-0224783d1d0939da67e99451e2b01c89","1180356","بوشهر","Bushehr","دشتی","Dashti","کاکی","Kāki","","","کاکی","Kāki","گنخک کورا","Gankhak-e Kowrā","Gankhek-e Kowrā","Fatemeh Nemati and Shakiba Ghasemi, field notes 2017","281","","","","Dashtiyāti 100%","Fatemeh Nemati and Shakiba Ghasemi, field notes 2017",28.289252445329627,51.575922639492724,""
"","912291f437b8879158d946e3a622f8ef","8-7ce2726c61fe75246fac845c603b7098","1180357","بوشهر","Bushehr","دشتی","Dashti","کاکی","Kāki","","","کبگان","Kabgān","","","","","5096","","","","","","","",""
"","912291f437b8879158d946e3a622f65a","10-633cacce1cd3c91b311346ec461ceba3","1180358","بوشهر","Bushehr","دشتی","Dashti","کاکی","Kāki","","","کبگان","Kabgān","شیخیان ماری","Sheykhiān-e Māri","Shikhiyu Māri, Sheykhiyun Māri, Sheykhun Meru","Fatemeh Nemati and Shakiba Ghasemi, field notes 2017","179","","","","Dashtiyāti 100%","Fatemeh Nemati and Shakiba Ghasemi, field notes 2017",28.299732577397748,51.421489507736624,""
"","912291f437b8879158d946e3a622f556","10-4ee710e2fe401e3b2bde5c7c47be6e44","1180359","بوشهر","Bushehr","دشتی","Dashti","کاکی","Kāki","","","کبگان","Kabgān","بالنگستان، گلستان","Bālengestān, Golestān","Bolangesu, Bālengesu","Fatemeh Nemati and Shakiba Ghasemi, field notes 2017","587","","","","Khenesiri 100%","Fatemeh Nemati and Shakiba Ghasemi, field notes 2017",28.240114368570772,51.28209737079075,""
"","912291f437b8879158d946e3a623859a","10-5fbefe53bd602a845d323a6e394d6136","1180360","بوشهر","Bushehr","دشتی","Dashti","کاکی","Kāki","","","کبگان","Kabgān","کبگان","Kabgān","Kowgu, Koygu","Fatemeh Nemati and Shakiba Ghasemi, field notes 2017","276","","","","Khenesiri 100%","Fatemeh Nemati and Shakiba Ghasemi, field notes 2017",28.204437281566797,51.31698754565163,""
"","912291f437b8879158d946e3a62381b4","10-234964d262846a2b661e51804eed2016","1180361","بوشهر","Bushehr","دشتی","Dashti","کاکی","Kāki","","","کبگان","Kabgān","لاورساحلی","Lāvar-e Sāheli","Lover-e Sāheli","Fatemeh Nemati and Shakiba Ghasemi, field notes 2017","527","","","","Khenesiri 100%","Fatemeh Nemati and Shakiba Ghasemi, field notes 2017",28.24790237432542,51.27342847125552,""
"","912291f437b8879158d946e3a6237739","10-ba0428b80c470df63a9c3eb04032b168","1180362","بوشهر","Bushehr","دشتی","Dashti","کاکی","Kāki","","","کبگان","Kabgān","زیارت","Ziārat","Ziyārat","Fatemeh Nemati and Shakiba Ghasemi, field notes 2017","936","","","","Khenesiri 100%","Fatemeh Nemati and Shakiba Ghasemi, field notes 2017",28.16577927180695,51.3714474949992,""
"","912291f437b8879158d946e3a6237404","10-a0db36aa8ebe5baf052083b2a735486d","1180363","بوشهر","Bushehr","دشتی","Dashti","کاکی","Kāki","","","کبگان","Kabgān","کردوان سفلی","Kordovān-e Soflā","Kordow Dumeni","Fatemeh Nemati and Shakiba Ghasemi, field notes 2017","568","","","","Dashtiyāti 100%","Fatemeh Nemati and Shakiba Ghasemi, field notes 2017",28.167916845838818,51.40483563281149,""
"","912291f437b8879158d946e3a623736e","12-f1ea401a547766d5839b6f7e26c19173","1180364","بوشهر","Bushehr","دشتی","Dashti","کاکی","Kāki","","","کبگان","Kabgān","چاه حسین جمال","Chāh-e Hoseyn Jamāl","Chah Seyn Jemāl","Fatemeh Nemati and Shakiba Ghasemi, field notes 2017","184","","","","Dashtiyāti 100%","Fatemeh Nemati and Shakiba Ghasemi, field notes 2017",28.257554955159915,51.4536331005666,""
"","912291f437b8879158d946e3a62364b1","10-fa06a13c744c28261493e93eeb4b8d61","1180365","بوشهر","Bushehr","دشتی","Dashti","کاکی","Kāki","","","کبگان","Kabgān","شیخیان سلنجی","Sheykhiān-e Solonji","Sheykhiyu Solonji","Fatemeh Nemati and Shakiba Ghasemi, field notes 2017","190","","","","Dashtiyāti 100%","Fatemeh Nemati and Shakiba Ghasemi, field notes 2017",28.276436827720847,51.44122184825082,""
"","912291f437b8879158d946e3a623630b","10-d410a98ba06995830c5dd1ed7489c24e","1180366","بوشهر","Bushehr","دشتی","Dashti","کاکی","Kāki","","","کبگان","Kabgān","کردوان علیا","Kordovān-e Olyā","Kordow, Kordow Bāleyi","Fatemeh Nemati and Shakiba Ghasemi, field notes 2017","760","","","","Dashtiyāti 100%","Fatemeh Nemati and Shakiba Ghasemi, field notes 2017",28.185942651839095,51.42968361712214,""
"","912291f437b8879158d946e3a6235fe3","10-a8277a4788771c769f6159647c77f210","1180367","بوشهر","Bushehr","دشتی","Dashti","کاکی","Kāki","","","کبگان","Kabgān","باغ پیر","Bāgh-e Pir","Bāgh Pir","Fatemeh Nemati and Shakiba Ghasemi, field notes 2017","158","","","","Dashtiyāti 100%","Fatemeh Nemati and Shakiba Ghasemi, field notes 2017",28.27586992848126,51.476637736079674,""
"","912291f437b8879158d946e3a623530e","12-d44c9a529f202bdee3fed959295bd841","1180368","بوشهر","Bushehr","دشتی","Dashti","کاکی","Kāki","","","کبگان","Kabgān","کلات","Kalāt","Kelāt","Fatemeh Nemati and Shakiba Ghasemi, field notes 2017","36","","","","Dashtiyāti 100%","Fatemeh Nemati and Shakiba Ghasemi, field notes 2017",28.251969703638704,51.44633749204726,""
"","912291f437b8879158d946e3a6234855","10-bb4aacea8b21737cf1b2a751f6912487","1180369","بوشهر","Bushehr","دشتی","Dashti","کاکی","Kāki","","","کبگان","Kabgān","شیخیان شهاب","Sheykhiān-e Shahāb","Shikhiyu Shāhāvi","Fatemeh Nemati and Shakiba Ghasemi, field notes 2017","78","","","","Dashtiyāti 100%","Fatemeh Nemati and Shakiba Ghasemi, field notes 2017",28.288961482874953,51.4341602631223,""
"","912291f437b8879158d946e3a623e662","10-029608d30866a6c5061d9ad8152a6ebd","1180370","بوشهر","Bushehr","دشتی","Dashti","کاکی","Kāki","","","کبگان","Kabgān","برمصار","Barmsār","Barmsār","Fatemeh Nemati and Shakiba Ghasemi, field notes 2017","","(less than 4 households; population not specified in 2011 Census for reasons of privacy)","","","Dashtiyāti 100%","Fatemeh Nemati and Shakiba Ghasemi, field notes 2017",28.19548647981202,51.49324396329313,""
"","912291f437b8879158d946e3a623dc45","10-ab661d3f57f1a0f82d0946e22e8ad105","1180371","بوشهر","Bushehr","دشتی","Dashti","کاکی","Kāki","","","کبگان","Kabgān","اسماعیل محمودی","Esmā'il Mahmudi","Someyl Mahmuyi","Fatemeh Nemati and Shakiba Ghasemi, field notes 2017","171","","","","Dashtiyāti 100%","Fatemeh Nemati and Shakiba Ghasemi, field notes 2017",28.172286443951922,51.42174427843938,""
"","912291f437b8879158d946e3a623d6b3","10-c8c7d23a88f648c3beb772e270b9732c","1180372","بوشهر","Bushehr","دشتی","Dashti","کاکی","Kāki","","","کبگان","Kabgān","میته","Meyteh","Meyte","Fatemeh Nemati and Shakiba Ghasemi, field notes 2017","77","","","","Dashtiyāti 100%","Fatemeh Nemati and Shakiba Ghasemi, field notes 2017",28.17739354021201,51.44397442675182,""
"","912291f437b8879158d946e3a623d62c","10-0651c94befb9e36b2c28252530fcd8a8","1180373","بوشهر","Bushehr","دشتی","Dashti","کاکی","Kāki","","","کبگان","Kabgān","کردوان رئیسی","Kordovān-e Ra'isi","Kordow Reysā","Fatemeh Nemati and Shakiba Ghasemi, field notes 2017","335","","","","Dashtiyāti 100%","Fatemeh Nemati and Shakiba Ghasemi, field notes 2017",28.171945962198574,51.41015713549695,""
"","912291f437b8879158d946e3a623caa2","10-d9e6a739b517d85985f8f30b352787d6","1180374","بوشهر","Bushehr","دشتی","Dashti","کاکی","Kāki","","","کبگان","Kabgān","زایرابول","Zāer Abul","Zār Ovol","Fatemeh Nemati and Shakiba Ghasemi, field notes 2017","33","","","","Dashtiyāti 100%","Fatemeh Nemati and Shakiba Ghasemi, field notes 2017",28.174669785883847,51.404277733337125,""
"","912291f437b8879158d946e3a623bcbe","10-5aa2bb732db90dbb20e799ac8b76fa44","1180375","بوشهر","Bushehr","دشتی","Dashti","کاکی","Kāki","کاکی","Kāki","","","","","Kāki","Fatemeh Nemati and Shakiba Ghasemi, field notes 2017","10156","","","","Dashtiyāti 85%; mixed 10%; Tehrāni type Persian 5%","Fatemeh Nemati and Shakiba Ghasemi, field notes 2017",28.339378257412992,51.52182784808748,""
"","912291f437b8879158d946e3a623b6c5","8-39eb2ff867563efd7962d5192b5bb464","1180376","بوشهر","Bushehr","دشتی","Dashti","مرکزی","Markazi","","","","","","","","","45214","","","","","","","",""
"","912291f437b8879158d946e3a623b14e","8-d7d07cf44769439bf638f33c3fec9c74","1180377","بوشهر","Bushehr","دشتی","Dashti","مرکزی","Markazi","","","خورموج","Khormuj","","","","","4486","","","","","","","",""
"","912291f437b8879158d946e3a623a167","10-417b5ee5c2f0cb82d60110d2eeb3ac22","1180378","بوشهر","Bushehr","دشتی","Dashti","مرکزی","Markazi","","","خورموج","Khormuj","چاووشی","Chāvoshi","Chovoshki","Fatemeh Nemati and Shakiba Ghasemi, field notes 2017","792","","","","Khormuji 90%; mixed 10%","Fatemeh Nemati and Shakiba Ghasemi, field notes 2017",28.6795442152819,51.23836701253444,""
"","912291f437b8879158d946e3a623940a","10-2e27c2c5dc8024ceeaf26d6d19d24bd0","1180379","بوشهر","Bushehr","دشتی","Dashti","مرکزی","Markazi","","","خورموج","Khormuj","کلل","Kolol","Kolol","Fatemeh Nemati and Shakiba Ghasemi, field notes 2017","882","","","","Khormuji 100%","Fatemeh Nemati and Shakiba Ghasemi, field notes 2017",28.726050932954788,51.24579136708646,""
"","912291f437b8879158d946e3a6243d59","10-a758d6c7496a83c5c83aeb3d1e4ba9d7","1180380","بوشهر","Bushehr","دشتی","Dashti","مرکزی","Markazi","","","خورموج","Khormuj","چهله","Chahleh","Chahle","Fatemeh Nemati and Shakiba Ghasemi, field notes 2017","82","","","","Khormuji 100%","Fatemeh Nemati and Shakiba Ghasemi, field notes 2017",28.706837186822877,51.24338810781,""
"","912291f437b8879158d946e3a6243b2e","10-0e973be1ca538c57385a242e3c3fd520","1180381","بوشهر","Bushehr","دشتی","Dashti","مرکزی","Markazi","","","خورموج","Khormuj","درازی","Derāzi","Derāzi","Fatemeh Nemati and Shakiba Ghasemi, field notes 2017","1070","","","","Khormuji 100%","Fatemeh Nemati and Shakiba Ghasemi, field notes 2017",28.624542106052537,51.23810952046997,""
"","912291f437b8879158d946e3a6242d27","10-4f55e32e09074590c9d746c30e9c386b","1180382","بوشهر","Bushehr","دشتی","Dashti","مرکزی","Markazi","","","خورموج","Khormuj","میان خره بالا","Miān Khereh-ye Bāla","Meykhere","Fatemeh Nemati and Shakiba Ghasemi, field notes 2017","149","","","","Khormuji 100%","Fatemeh Nemati and Shakiba Ghasemi, field notes 2017",28.55616739888064,51.254116943868176,""
"","912291f437b8879158d946e3a6241e75","10-9c0066686e8130fbf1ce7ed22d8b8083","1180383","بوشهر","Bushehr","دشتی","Dashti","مرکزی","Markazi","","","خورموج","Khormuj","وراوی","Verāvi","Veroyi, Vorovi","Fatemeh Nemati and Shakiba Ghasemi, field notes 2017","187","","","","Khormuji 100%","Fatemeh Nemati and Shakiba Ghasemi, field notes 2017",28.55982371610913,51.27398674824778,""
"","912291f437b8879158d946e3a62419da","10-2fbc3c21aa3347d3b9bc650044b94a4b","1180384","بوشهر","Bushehr","دشتی","Dashti","مرکزی","Markazi","","","خورموج","Khormuj","جبری","Jabri","Javri","Fatemeh Nemati and Shakiba Ghasemi, field notes 2017","20","","","","Khormuji 100%","Fatemeh Nemati and Shakiba Ghasemi, field notes 2017",28.461171795087907,51.301881721998306,""
"","912291f437b8879158d946e3a6240a94","10-4715fd86c8bd30d3ec6cd942aa277d27","1180385","بوشهر","Bushehr","دشتی","Dashti","مرکزی","Markazi","","","خورموج","Khormuj","چارک","Chārak","Chārak","Fatemeh Nemati and Shakiba Ghasemi, field notes 2017","773","","","","Khormuji 100%","Fatemeh Nemati and Shakiba Ghasemi, field notes 2017",28.576690132967524,51.24798004964299,""
"","912291f437b8879158d946e3a6240382","10-d23881b4cd6784245d170a4286460820","1180386","بوشهر","Bushehr","دشتی","Dashti","مرکزی","Markazi","","","خورموج","Khormuj","حیدری","Heydari","Heyderi","Fatemeh Nemati and Shakiba Ghasemi, field notes 2017","","(less than 4 households; population not specified in 2011 Census for reasons of privacy)","","","Khormuji 100%","Fatemeh Nemati and Shakiba Ghasemi, field notes 2017",28.53090895695753,51.269738129168324,""
"","912291f437b8879158d946e3a623f7d8","10-565fa8289ff1963241281fc4cea04690","1180387","بوشهر","Bushehr","دشتی","Dashti","مرکزی","Markazi","","","خورموج","Khormuj","زیزار","Zeyzār","Zeyzār","Fatemeh Nemati and Shakiba Ghasemi, field notes 2017","89","","","","Khormuji 100%","Fatemeh Nemati and Shakiba Ghasemi, field notes 2017",28.437400100322797,51.31269638874553,""
"","912291f437b8879158d946e3a623ee65","10-9c1712267c538ecae5515c2050c94e58","1180388","بوشهر","Bushehr","دشتی","Dashti","مرکزی","Markazi","","","خورموج","Khormuj","فقیه حسنان","Faqih Hasanān","Feki Esenu, Fekesenu","Fatemeh Nemati and Shakiba Ghasemi, field notes 2017","205","","","","Khormuji 100%","Fatemeh Nemati and Shakiba Ghasemi, field notes 2017",28.48780483493221,51.29458611347897,""
"","912291f437b8879158d946e3a623e897","10-4ae26e61b5a6f18c69909956764457b8","1180389","بوشهر","Bushehr","دشتی","Dashti","مرکزی","Markazi","","","خورموج","Khormuj","احشام قائدها","Ahshām-e Qāedhā","Eshum Koyedā","Fatemeh Nemati and Shakiba Ghasemi, field notes 2017","107","","","","Khormuji 100%","Fatemeh Nemati and Shakiba Ghasemi, field notes 2017",28.4695094884227,51.303426674390515,""
"","912291f437b8879158d946e3a6248eea","10-9a7650cc39a008432f3ba95f4563fa2c","1180390","بوشهر","Bushehr","دشتی","Dashti","مرکزی","Markazi","","","خورموج","Khormuj","زایرعباس","Zāer Abbas","Zār Avāsi, Zār Āvāsi","Fatemeh Nemati and Shakiba Ghasemi, field notes 2017","41","","","","Khormuji 100%","Fatemeh Nemati and Shakiba Ghasemi, field notes 2017",28.53286953042397,51.290637901809404,""
"","912291f437b8879158d946e3a62481d6","10-c81f331ae398cb8aafcdd4ca8aec8040","1180391","بوشهر","Bushehr","دشتی","Dashti","مرکزی","Markazi","","","خورموج","Khormuj","باغ وحش، باغ بهشت","Bāgh-e Vahsh, Bāgh-e Behesht","Bāgh-e Vahsh","Fatemeh Nemati and Shakiba Ghasemi, field notes 2017","83","","","","Khormuji 100%","Fatemeh Nemati and Shakiba Ghasemi, field notes 2017",28.518013507374167,51.269652298479265,""
"","912291f437b8879158d946e3a6247a3c","8-26615ad569bae3a4ffe74f56ddd4af09","1180392","بوشهر","Bushehr","دشتی","Dashti","مرکزی","Markazi","","","مرکزی","Markazi","","","","","5784","","","","","","","",""
"","912291f437b8879158d946e3a6246e93","10-247339979df3531b71c39a5e6dcd2c72","1180393","بوشهر","Bushehr","دشتی","Dashti","مرکزی","Markazi","","","مرکزی","Markazi","بادام زار","Bādāmzār","Bendar","Fatemeh Nemati and Shakiba Ghasemi, field notes 2017","103","","","","Khormuji 100%","Fatemeh Nemati and Shakiba Ghasemi, field notes 2017",28.69194528889013,51.34723251201652,""
"","912291f437b8879158d946e3a6246d12","10-99f9714f3e9c7c4067abed5e343ec045","1180394","بوشهر","Bushehr","دشتی","Dashti","مرکزی","Markazi","","","مرکزی","Markazi","عربی","Arabi","Erevi, Erebi","Fatemeh Nemati and Shakiba Ghasemi, field notes 2017","1178","","","","Khormuji 90%; mixed 10%","Fatemeh Nemati and Shakiba Ghasemi, field notes 2017",28.708517595909992,51.32652585842446,""
"","912291f437b8879158d946e3a6246555","10-7b51719e39aafd775cbb75531516d403","1180395","بوشهر","Bushehr","دشتی","Dashti","مرکزی","Markazi","","","مرکزی","Markazi","مزرعه شیربنو","Mazra'eh-ye Shirbonu","Shirine","Fatemeh Nemati and Shakiba Ghasemi, field notes 2017","","(less than 4 households; population not specified in 2011 Census for reasons of privacy)","","","Khormuji 100%","Fatemeh Nemati and Shakiba Ghasemi, field notes 2017",28.72205708000507,51.34746085158597,""
"","912291f437b8879158d946e3a62458d0","10-f31d87c93c9759d433a1aa69b48a7e89","1180396","بوشهر","Bushehr","دشتی","Dashti","مرکزی","Markazi","","","مرکزی","Markazi","بندو","Bondu","Bondu","Fatemeh Nemati and Shakiba Ghasemi, field notes 2017","7","","","","Khormuji 100%","Fatemeh Nemati and Shakiba Ghasemi, field notes 2017",28.7167221694856,51.351017460739314,""
"","912291f437b8879158d946e3a624498f","10-5385d7b8d59d3ea3a6a10ea54fc5ba32","1180397","بوشهر","Bushehr","دشتی","Dashti","مرکزی","Markazi","","","مرکزی","Markazi","محمدآباد","Mohammad Ābād","Mavāy","Fatemeh Nemati and Shakiba Ghasemi, field notes 2017","2132","","","","Khormuji 78%; Koroshi 12%; mixed 10%","Fatemeh Nemati and Shakiba Ghasemi, field notes 2017; Maryam Nourzaei, field notes 2014",28.60790326949863,51.37427990771823,""
"","912291f437b8879158d946e3a62445b2","10-4bddf08cae705ff125c4a1da2a724805","1180398","بوشهر","Bushehr","دشتی","Dashti","مرکزی","Markazi","","","مرکزی","Markazi","لاور رزمی","Lāvar-e Razmi","Lovar, Lover-e Razmi","Fatemeh Nemati and Shakiba Ghasemi, field notes 2017","949","","","","Khormuji 90%; mixed 10%","Fatemeh Nemati and Shakiba Ghasemi, field notes 2017",28.594722358506868,51.56783584609307,""
"","912291f437b8879158d946e3a6244118","10-3abd09557fb88504729e2d718bf27c53","1180399","بوشهر","Bushehr","دشتی","Dashti","مرکزی","Markazi","","","مرکزی","Markazi","بوحیری","Boheyri","Boheyri","Fatemeh Nemati and Shakiba Ghasemi, field notes 2017","920","","","","Khormuji 100%","Fatemeh Nemati and Shakiba Ghasemi, field notes 2017",28.589553403010022,51.3759106907995,""
"","912291f437b8879158d946e3a624dc73","10-2452cd37550804492c91022d7c902c27","1180400","بوشهر","Bushehr","دشتی","Dashti","مرکزی","Markazi","","","مرکزی","Markazi","گوری","Gowri","Gowri","Fatemeh Nemati and Shakiba Ghasemi, field notes 2017","","(less than 4 households; population not specified in 2011 Census for reasons of privacy)","","","Khormuji 100%","Fatemeh Nemati and Shakiba Ghasemi, field notes 2017",28.518909082069488,51.43379276133255,""
"","912291f437b8879158d946e3a624d024","10-f74c7184047817d227e9e76b627ee7e4","1180401","بوشهر","Bushehr","دشتی","Dashti","مرکزی","Markazi","","","مرکزی","Markazi","مل گاودان","Mal-e Gāvdān","Mel-e Gāyu","Fatemeh Nemati and Shakiba Ghasemi, field notes 2017","135","","","","Khormuji 100%","Fatemeh Nemati and Shakiba Ghasemi, field notes 2017",28.552980467900362,51.379129341615695,""
"","912291f437b8879158d946e3a624cd17","10-3ed0482304ad789513d9efbefdcc8afe","1180402","بوشهر","Bushehr","دشتی","Dashti","مرکزی","Markazi","","","مرکزی","Markazi","مل گل","Mal-e Gol","Mel-e Gol","Fatemeh Nemati and Shakiba Ghasemi, field notes 2017","317","","","","Khormuji 100%","Fatemeh Nemati and Shakiba Ghasemi, field notes 2017",28.576985475991957,51.385223320497246,""
"","912291f437b8879158d946e3a624bf55","10-6543698015521d08ca1d22dd4dd305be","1180403","بوشهر","Bushehr","دشتی","Dashti","مرکزی","Markazi","","","مرکزی","Markazi","منقل","Manqal","Mankal","Fatemeh Nemati and Shakiba Ghasemi, field notes 2017","23","","","","Khormuji 100%","Fatemeh Nemati and Shakiba Ghasemi, field notes 2017",28.524485001986747,51.41283934451059,""
"","912291f437b8879158d946e3a624bbc4","10-3b460c5d3e7cd586b471812e36cecbf8","1180404","بوشهر","Bushehr","دشتی","Dashti","مرکزی","Markazi","خورموج","Khormuj","","","","","Khormuj","Fatemeh Nemati and Shakiba Ghasemi, field notes 2017","34944","","","","Khormuji 75%; mixed 19.7%; Tehrāni type Persian 5%; Koroshi 0.3%","Fatemeh Nemati and Shakiba Ghasemi, field notes 2017; Maryam Nourzaei, field notes 2014",28.654761888437182,51.378914764895754,""
"","912291f437b8879158d946e3a624b790","8-dec10c78aaafdec99c2b0a422134d2a3","1180405","بوشهر","Bushehr","دشتی","Dashti","شنبه و طسوج","Shonbeh va Tasuj","","","","","","","","","7903","","","","","","","",""
"","912291f437b8879158d946e3a624a880","8-f9aba5d3692280578aaf39474ed38c4d","1180406","بوشهر","Bushehr","دشتی","Dashti","شنبه و طسوج","Shonbeh va Tasuj","","","شنبه","Shonbeh","","","","","4454","","","","","","","",""
"","912291f437b8879158d946e3a6249f8f","10-2d96a5e29be2024766a461b0a690832b","1180407","بوشهر","Bushehr","دشتی","Dashti","شنبه و طسوج","Shonbeh va Tasuj","","","شنبه","Shonbeh","بشک","Beshak","Beshak","Fatemeh Nemati and Shakiba Ghasemi, field notes 2017","18","","","","Dashtiyāti 100%","Fatemeh Nemati and Shakiba Ghasemi, field notes 2017",28.52214524703268,51.636064086530354,""
"","912291f437b8879158d946e3a6249a72","10-c3dbec6ebc50e8ab4d0827747d93826d","1180408","بوشهر","Bushehr","دشتی","Dashti","شنبه و طسوج","Shonbeh va Tasuj","","","شنبه","Shonbeh","خروک","Khoruk","Kharvak","Fatemeh Nemati and Shakiba Ghasemi, field notes 2017","","(less than 4 households; population not specified in 2011 Census for reasons of privacy)","","","Dashtiyāti 100%","Fatemeh Nemati and Shakiba Ghasemi, field notes 2017",28.46076269017208,51.59302537359825,""
"","912291f437b8879158d946e3a624913f","10-13169f391a922ef8e7427edc994706f3","1180409","بوشهر","Bushehr","دشتی","Dashti","شنبه و طسوج","Shonbeh va Tasuj","","","شنبه","Shonbeh","رزم آباد","Razm Ābād","Razm Āvād","Fatemeh Nemati and Shakiba Ghasemi, field notes 2017","26","","","","Dashtiyāti 100%","Fatemeh Nemati and Shakiba Ghasemi, field notes 2017",28.463743219667098,51.63755004323947,""
"","912291f437b8879158d946e3a6251eac","10-5a1fcfb6bb2dbac1ffa48493980d9f57","1180410","بوشهر","Bushehr","دشتی","Dashti","شنبه و طسوج","Shonbeh va Tasuj","","","شنبه","Shonbeh","سنا","Sanā","Senā","Fatemeh Nemati and Shakiba Ghasemi, field notes 2017","1278","","","","Dashtiyāti 100%","Fatemeh Nemati and Shakiba Ghasemi, field notes 2017",28.452962743210982,51.60470151934539,""
"","912291f437b8879158d946e3a6251dcc","10-330b688b83da6db4ebaa7af0989468c7","1180411","بوشهر","Bushehr","دشتی","Dashti","شنبه و طسوج","Shonbeh va Tasuj","","","شنبه","Shonbeh","کاردانه","Kārdāneh","Kārdene","Fatemeh Nemati and Shakiba Ghasemi, field notes 2017","51","","","","Dashtiyāti 100%","Fatemeh Nemati and Shakiba Ghasemi, field notes 2017",28.56010917652257,51.66144851264445,""
"","912291f437b8879158d946e3a6251970","10-04718f353ecd9b2b6c240e30e7894c8f","1180412","بوشهر","Bushehr","دشتی","Dashti","شنبه و طسوج","Shonbeh va Tasuj","","","شنبه","Shonbeh","کشتو","Keshtu","Keshtu","Fatemeh Nemati and Shakiba Ghasemi, field notes 2017","48","","","","Dashtiyāti 100%","Fatemeh Nemati and Shakiba Ghasemi, field notes 2017",28.527386364922076,51.62915471610906,""
"","912291f437b8879158d946e3a6251250","10-7e3ee9cf2dc4a5b55903f86f0785ac35","1180413","بوشهر","Bushehr","دشتی","Dashti","شنبه و طسوج","Shonbeh va Tasuj","","","شنبه","Shonbeh","اسلام آباد","Eslām Ābād","Ablehun, Eslām Āvād","Fatemeh Nemati and Shakiba Ghasemi, field notes 2017","54","","","","Dashtiyāti 100%","Fatemeh Nemati and Shakiba Ghasemi, field notes 2017",28.34982921196737,51.80920808076308,""
"","912291f437b8879158d946e3a62511ec","10-68864b4343f6c1798ce283f75dcaba6e","1180414","بوشهر","Bushehr","دشتی","Dashti","شنبه و طسوج","Shonbeh va Tasuj","","","شنبه","Shonbeh","بن بید","Bon Bid","Bon Bid","Fatemeh Nemati and Shakiba Ghasemi, field notes 2017","205","","","","Dashtiyāti 100%","Fatemeh Nemati and Shakiba Ghasemi, field notes 2017",28.307583092239284,51.99824829813327,""
"","912291f437b8879158d946e3a6250c3e","10-33b89eb74735af336cdbfcea34c48ece","1180415","بوشهر","Bushehr","دشتی","Dashti","شنبه و طسوج","Shonbeh va Tasuj","","","شنبه","Shonbeh","باغان","Bāghān","Bākhu","Fatemeh Nemati and Shakiba Ghasemi, field notes 2017","1478","","","","Dashtiyāti 100%","Fatemeh Nemati and Shakiba Ghasemi, field notes 2017",28.19865758046213,51.89002104366017,""
"","912291f437b8879158d946e3a624fd3d","12-16db6b22755f0b42a67e8fd5c00281e9","1180416","بوشهر","Bushehr","دشتی","Dashti","شنبه و طسوج","Shonbeh va Tasuj","","","شنبه","Shonbeh","کردلان","Kerdelān","Kerdelu","Fatemeh Nemati and Shakiba Ghasemi, field notes 2017","542","","","","Dashtiyāti 100%","Fatemeh Nemati and Shakiba Ghasemi, field notes 2017",28.249638807393975,51.8078810747999,""
"","912291f437b8879158d946e3a624f100","10-20adefbef871129e56bc86697a062edd","1180417","بوشهر","Bushehr","دشتی","Dashti","شنبه و طسوج","Shonbeh va Tasuj","","","شنبه","Shonbeh","چاه گاه","Chāhgāh","Chahgah","Fatemeh Nemati and Shakiba Ghasemi, field notes 2017","351","","","","Dashtiyāti 100%","Fatemeh Nemati and Shakiba Ghasemi, field notes 2017",28.46766758705258,51.65660762819501,""
"","912291f437b8879158d946e3a624f0b3","10-a4e8f4e159e38a97b03dabbb22198dc1","1180418","بوشهر","Bushehr","دشتی","Dashti","شنبه و طسوج","Shonbeh va Tasuj","","","شنبه","Shonbeh","درویشی","Darvishi","Darvishi","Fatemeh Nemati and Shakiba Ghasemi, field notes 2017","340","","","","Dashtiyāti 100%","Fatemeh Nemati and Shakiba Ghasemi, field notes 2017",28.321603115032314,51.798307583328594,""
"","912291f437b8879158d946e3a624ebf5","10-6d5f1e3c385a3475c93b87809299ec34","1180419","بوشهر","Bushehr","دشتی","Dashti","شنبه و طسوج","Shonbeh va Tasuj","","","شنبه","Shonbeh","مزرعه حاج احمدی","Mazra'eh-ye Hāj Ahmadi","Hāj Ahmeyi","Fatemeh Nemati and Shakiba Ghasemi, field notes 2017","47","","","","Dashtiyāti 100%","Fatemeh Nemati and Shakiba Ghasemi, field notes 2017",28.426250158446372,51.740732431726414,""
"","912291f437b8879158d946e3a62581ec","8-862001daef37e0f590bb1d6874d4cf10","1180420","بوشهر","Bushehr","دشتی","Dashti","شنبه و طسوج","Shonbeh va Tasuj","","","طسوج","Tasuj","","","","","921","","","","","","","",""
"","912291f437b8879158d946e3a62575d3","12-8920e732746cd3d7299f5a96148c7b3c","1180421","بوشهر","Bushehr","دشتی","Dashti","شنبه و طسوج","Shonbeh va Tasuj","","","طسوج","Tasuj","اژدرخوس","Azhdar Khows","Azhdar Khows","Fatemeh Nemati and Shakiba Ghasemi, field notes 2017","52","","","","Ghashghāi 55%; Dashtiyāti 45%","Fatemeh Nemati and Shakiba Ghasemi, field notes 2017",28.50031489920754,51.82698591682842,""
"","912291f437b8879158d946e3a6256e89","10-7bdf9f49789f3de7a5a3b122254661e3","1180422","بوشهر","Bushehr","دشتی","Dashti","شنبه و طسوج","Shonbeh va Tasuj","","","طسوج","Tasuj","بنو","Bonu","Bonu","Fatemeh Nemati and Shakiba Ghasemi, field notes 2017","","(less than 4 households; population not specified in 2011 Census for reasons of privacy)","","","Ghashghāi 55%; Dashtiyāti 45%","Fatemeh Nemati and Shakiba Ghasemi, field notes 2017",28.45998024250332,51.8494162248527,""
"","912291f437b8879158d946e3a62564d5","10-cced0487a52c79f879d7bd8d1e3b1a26","1180423","بوشهر","Bushehr","دشتی","Dashti","شنبه و طسوج","Shonbeh va Tasuj","","","طسوج","Tasuj","حناشور","Hanā Shur","Hene-y Sur, Hene-y Shur","Fatemeh Nemati and Shakiba Ghasemi, field notes 2017","107","","","","Ghashghāi 55%; Dashtiyāti 45%","Fatemeh Nemati and Shakiba Ghasemi, field notes 2017",28.42484396059039,51.91720101106604,""
"","912291f437b8879158d946e3a62556bd","10-ecda8fe33d8370eabe5d5beaf0b9117e","1180424","بوشهر","Bushehr","دشتی","Dashti","شنبه و طسوج","Shonbeh va Tasuj","","","طسوج","Tasuj","دشت پلنگ","Dasht-e Palang","Dasht-e Pelang","Fatemeh Nemati and Shakiba Ghasemi, field notes 2017","120","","","","Ghashghāi 55%; Dashtiyāti 45%","Fatemeh Nemati and Shakiba Ghasemi, field notes 2017",28.496377772454657,51.86411473025226,""
"","912291f437b8879158d946e3a625515e","12-713ba3c88bd4bf66b19bd4e07a6b9d88","1180425","بوشهر","Bushehr","دشتی","Dashti","شنبه و طسوج","Shonbeh va Tasuj","","","طسوج","Tasuj","دهوک","Dehuk","Dohuk","Fatemeh Nemati and Shakiba Ghasemi, field notes 2017","219","","","","Dashtiyāti 60%; Ghashghāi 40%","Fatemeh Nemati and Shakiba Ghasemi, field notes 2017",28.50235146937778,51.79582937691628,""
"","912291f437b8879158d946e3a6254a8c","10-c1d526cae4cb30d213da551b719a8729","1180426","بوشهر","Bushehr","دشتی","Dashti","شنبه و طسوج","Shonbeh va Tasuj","","","طسوج","Tasuj","سرمک","Sarmak","Sarmak","Fatemeh Nemati and Shakiba Ghasemi, field notes 2017","298","","","","Dashtiyāti 60%; Ghashghāi 40%","Fatemeh Nemati and Shakiba Ghasemi, field notes 2017",28.46882791973498,51.86453684303112,""
"","912291f437b8879158d946e3a6253e2e","10-96e9b5a88a9d793f656c02d6934e1024","1180427","بوشهر","Bushehr","دشتی","Dashti","شنبه و طسوج","Shonbeh va Tasuj","","","طسوج","Tasuj","سهو","Sohu","Suhu","Fatemeh Nemati and Shakiba Ghasemi, field notes 2017","27","","","","Dashtiyāti 60%; Ghashghāi 40%","Fatemeh Nemati and Shakiba Ghasemi, field notes 2017",28.581162901698058,51.71405418848135,""
"","912291f437b8879158d946e3a6253618","10-2be28aa3d012a6ca6d96329b8da244a7","1180428","بوشهر","Bushehr","دشتی","Dashti","شنبه و طسوج","Shonbeh va Tasuj","","","طسوج","Tasuj","کناربندک","Konār Bandak","Konār Bandak","Fatemeh Nemati and Shakiba Ghasemi, field notes 2017","59","","","","Ghashghāi 60%; Dashtiyāti 40%","Fatemeh Nemati and Shakiba Ghasemi, field notes 2017",28.526264084516388,51.7868707988084,""
"","912291f437b8879158d946e3a6252c7a","10-ce812259b601da986e1c604256dada1b","1180429","بوشهر","Bushehr","دشتی","Dashti","شنبه و طسوج","Shonbeh va Tasuj","","","طسوج","Tasuj","محمدریز","Mohammad Riz","Mamriz","Fatemeh Nemati and Shakiba Ghasemi, field notes 2017","27","","","","Ghashghāi 55%; Dashtiyāti 45%","Fatemeh Nemati and Shakiba Ghasemi, field notes 2017",28.52421854953006,51.777289948208036,""
"","912291f437b8879158d946e3a625bb1b","10-5d7dc60a252be228a6099a30ab9c6252","1180430","بوشهر","Bushehr","دشتی","Dashti","شنبه و طسوج","Shonbeh va Tasuj","شنبه","Shonbeh","","","","","Shombe","Fatemeh Nemati and Shakiba Ghasemi, field notes 2017","2528","","","","Dashtiyāti 95%; mixed 5%","Fatemeh Nemati and Shakiba Ghasemi, field notes 2017",28.39420321877204,51.76453971893834,""
"","912291f437b8879158d946e3a625b424","8-9709d01fc7ba03ccb006b7dee45aa7ce","1180431","بوشهر","Bushehr","دشتی","Dashti","","","","","","","","","","","1256","","","","","","","",""
"","912291f437b8879158d946e3a625ab4f","8-ecb35cbcded3bdd4dced2f1aff24ce79","1180432","بوشهر","Bushehr","دشتی","Dashti","","","","","","","","","","","1256","","","","","","","",""
"","912291f437b8879158d946e3a625aa00","8-0a9392a00897fcc72974110f8aca88f2","1180433","بوشهر","Bushehr","دشتی","Dashti","","","","","","","","","","","1256","","","","","","","",""
"","912291f437b8879158d946e3a6259eab","8-238a226019e881536bc9d21953dcc70c","1180434","بوشهر","Bushehr","دیر","Dayyer","","","","","","","","","","","52523","","","","","","","",""
"","912291f437b8879158d946e3a6259c46","8-70e902d33bb3fd747b122e06ea93ca9d","1180435","بوشهر","Bushehr","دیر","Dayyer","بردخون","Bordekhun","","","","","","","","","9758","","","","","","","",""
"","912291f437b8879158d946e3a6259234","8-71c7baaffa97673820ac3c4296e77887","1180436","بوشهر","Bushehr","دیر","Dayyer","بردخون","Bordekhun","","","بردخون","Bordekhun","","","","","1160","","","","","","","",""
"","912291f437b8879158d946e3a6259221","10-9529cf9ff98dee7243756fdd745664d7","1180437","بوشهر","Bushehr","دیر","Dayyer","بردخون","Bordekhun","","","بردخون","Bordekhun","دمی گز","Domi Gaz","Demey Gez, Domey Gez","Fatemeh Nemati and Shakiba Ghasemi, field notes 2017","82","","","","Bordekhuni 100%","Fatemeh Nemati and Shakiba Ghasemi, field notes 2017",27.838815973429593,51.68377372495444,""
"","912291f437b8879158d946e3a6258e7c","10-be42d6c276278ba9e591b7e08e875172","1180438","بوشهر","Bushehr","دیر","Dayyer","بردخون","Bordekhun","","","بردخون","Bordekhun","کمال احمدی","Kamāl Ahmadi","Kemāl Ahmedi ","Fatemeh Nemati and Shakiba Ghasemi, field notes 2017","","(less than 4 households; population not specified in 2011 Census for reasons of privacy)","","","Bordekhuni 100%","Fatemeh Nemati and Shakiba Ghasemi, field notes 2017",27.843974478910493,51.71055826417351,""
"","912291f437b8879158d946e3a62587bb","10-b3186cba218ef599ae153e711e0aa965","1180439","بوشهر","Bushehr","دیر","Dayyer","بردخون","Bordekhun","","","بردخون","Bordekhun","کورک","Kowrak","Kowrak","Fatemeh Nemati and Shakiba Ghasemi, field notes 2017","","(less than 4 households; population not specified in 2011 Census for reasons of privacy)","","","Bordekhuni 100%","Fatemeh Nemati and Shakiba Ghasemi, field notes 2017",27.846803844634845,51.74228879681545,""
"","912291f437b8879158d946e3a6260f82","10-6a881beab0b10e38f312a31d88f19d68","1180440","بوشهر","Bushehr","دیر","Dayyer","بردخون","Bordekhun","","","بردخون","Bordekhun","سجادیه","Sajjādieh","Eshum Kuwahne","Fatemeh Nemati and Shakiba Ghasemi, field notes 2017","210","","","","Bordekhuni 100%","Fatemeh Nemati and Shakiba Ghasemi, field notes 2017",28.076105162862977,51.48246857399471,""
"","912291f437b8879158d946e3a6260e01","10-473e26627a818fe318ee8e16ace8c598","1180441","بوشهر","Bushehr","دیر","Dayyer","بردخون","Bordekhun","","","بردخون","Bordekhun","بردخون کهنه","Bordekhun-e Kohneh","Bordekhun Kuwahne, Bordekhun Kuwahnow","Fatemeh Nemati and Shakiba Ghasemi, field notes 2017","644","","","","Bordekhuni 100%","Fatemeh Nemati and Shakiba Ghasemi, field notes 2017",28.03068752095223,51.45714852089786,""
"","912291f437b8879158d946e3a626047e","10-4244c9862f990ed34a4474f6d892f574","1180442","بوشهر","Bushehr","دیر","Dayyer","بردخون","Bordekhun","","","بردخون","Bordekhun","حاجی مهدی","Hāji Mahdi","Hāji Mehdi","Fatemeh Nemati and Shakiba Ghasemi, field notes 2017","","(less than 4 households; population not specified in 2011 Census for reasons of privacy)","","","Bordekhuni 100%","Fatemeh Nemati and Shakiba Ghasemi, field notes 2017",27.857997258553336,51.63748952620016,""
"","912291f437b8879158d946e3a6260002","10-ca23057bf77404228c158bb9df1b39ec","1180443","بوشهر","Bushehr","دیر","Dayyer","بردخون","Bordekhun","","","بردخون","Bordekhun","درود احمد","Dorud Ahmad","Duru Ahmad","Fatemeh Nemati and Shakiba Ghasemi, field notes 2017","","(less than 4 households; population not specified in 2011 Census for reasons of privacy)","","","Bordekhuni 100%","Fatemeh Nemati and Shakiba Ghasemi, field notes 2017",27.892250000226838,51.59391972296771,""
"","912291f437b8879158d946e3a625f23b","10-36883384d4c53a90710aaa1ffa5d5e78","1180444","بوشهر","Bushehr","دیر","Dayyer","بردخون","Bordekhun","","","بردخون","Bordekhun","دوپلنگو","Do Palangu","Dopelengu","Fatemeh Nemati and Shakiba Ghasemi, field notes 2017","51","","","","Bordekhuni 100%","Fatemeh Nemati and Shakiba Ghasemi, field notes 2017",27.83940417403043,51.67735788099118,""
"","912291f437b8879158d946e3a625e6a0","10-99d97702e7abc8340c912a1977cceec1","1180445","بوشهر","Bushehr","دیر","Dayyer","بردخون","Bordekhun","","","بردخون","Bordekhun","زیدون","Zeydun","Zeydu, Zeydun","Fatemeh Nemati and Shakiba Ghasemi, field notes 2017","19","","","","Bordekhuni 100%","Fatemeh Nemati and Shakiba Ghasemi, field notes 2017",27.970714352534756,51.51851746314973,""
"","912291f437b8879158d946e3a625db79","10-cff91ef1321d72702a48ddc099b44b6e","1180446","بوشهر","Bushehr","دیر","Dayyer","بردخون","Bordekhun","","","بردخون","Bordekhun","شیبرم","Shibarm","Shibarm, Shivarm","Fatemeh Nemati and Shakiba Ghasemi, field notes 2017","20","","","","Bordekhuni 100%","Fatemeh Nemati and Shakiba Ghasemi, field notes 2017",27.98363826020596,51.48903462166247,""
"","912291f437b8879158d946e3a625d16a","10-2dc7d8dc3dcd7e82b00d5fa4e0d6155d","1180447","بوشهر","Bushehr","دیر","Dayyer","بردخون","Bordekhun","","","بردخون","Bordekhun","کالی","Kāli","Kālu","Fatemeh Nemati and Shakiba Ghasemi, field notes 2017","29","","","","Bordekhuni 100%","Fatemeh Nemati and Shakiba Ghasemi, field notes 2017",27.8437112231917,51.659290521070034,""
"","912291f437b8879158d946e3a625c235","10-62d2a62df97351c6df95886926243003","1180448","بوشهر","Bushehr","دیر","Dayyer","بردخون","Bordekhun","","","بردخون","Bordekhun","گزخون","Gaz Khun","Gaz Khu","Fatemeh Nemati and Shakiba Ghasemi, field notes 2017","","(less than 4 households; population not specified in 2011 Census for reasons of privacy)","","","Bordekhuni 100%","Fatemeh Nemati and Shakiba Ghasemi, field notes 2017",27.938519228066152,51.54153081649552,""
"","912291f437b8879158d946e3a625bbf9","10-f523ea2f9b6940910507367d1aac7fd8","1180449","بوشهر","Bushehr","دیر","Dayyer","بردخون","Bordekhun","","","بردخون","Bordekhun","ملسوخته","Mal-e Sukhteh","Mel Sokhte","Fatemeh Nemati and Shakiba Ghasemi, field notes 2017","56","","","","Bordekhuni 100%","Fatemeh Nemati and Shakiba Ghasemi, field notes 2017",27.953631478530696,51.526092021408054,""
"","912291f437b8879158d946e3a6266929","10-af737b329f5a029de3c96df36e7d0c4f","1180450","بوشهر","Bushehr","دیر","Dayyer","بردخون","Bordekhun","","","بردخون","Bordekhun","نرکو","Naraku","Nereku","Fatemeh Nemati and Shakiba Ghasemi, field notes 2017","","(less than 4 households; population not specified in 2011 Census for reasons of privacy)","","","Bordekhuni 100%","Fatemeh Nemati and Shakiba Ghasemi, field notes 2017",27.908904651806782,51.57251569503136,""
"","912291f437b8879158d946e3a6265e59","8-c4ed79740ed48535f846666c5c7e65c1","1180451","بوشهر","Bushehr","دیر","Dayyer","بردخون","Bordekhun","","","آبکش","Ābkosh","","","","","4222","","","","","","","",""
"","912291f437b8879158d946e3a626517f","10-e3e86ca342ae554535b787233413d6c6","1180452","بوشهر","Bushehr","دیر","Dayyer","بردخون","Bordekhun","","","آبکش","Ābkosh","کناری","Konāri","Konāri","Fatemeh Nemati and Shakiba Ghasemi, field notes 2017","294","","","","Bordekhuni 100%","Fatemeh Nemati and Shakiba Ghasemi, field notes 2017",28.200298794647093,51.566534135126126,""
"","912291f437b8879158d946e3a6264781","10-a17099ac30abd17d42b42f67bac875d2","1180453","بوشهر","Bushehr","دیر","Dayyer","بردخون","Bordekhun","","","آبکش","Ābkosh","وحدت آباد","Vahdat Ābād","Vahdet Āvād","Fatemeh Nemati and Shakiba Ghasemi, field notes 2017","387","","","","Bordekhuni 100%","Fatemeh Nemati and Shakiba Ghasemi, field notes 2017",28.171702040492676,51.53314599731293,""
"","912291f437b8879158d946e3a6263c75","10-91fcae9ded00f61bc8845bb85ce3459b","1180454","بوشهر","Bushehr","دیر","Dayyer","بردخون","Bordekhun","","","آبکش","Ābkosh","آبکش","Ābkosh","Owkosh","Fatemeh Nemati and Shakiba Ghasemi, field notes 2017","855","","","","Bordekhuni 100%","Fatemeh Nemati and Shakiba Ghasemi, field notes 2017",28.158384540544187,51.52876863220169,""
"","912291f437b8879158d946e3a6262f7a","10-fa4b3d4f2011d21ea2310116b99a9fcb","1180455","بوشهر","Bushehr","دیر","Dayyer","بردخون","Bordekhun","","","آبکش","Ābkosh","شهنیا","Shahniā","Shahniyā","Fatemeh Nemati and Shakiba Ghasemi, field notes 2017","1816","","","","Bordekhuni 100%","Fatemeh Nemati and Shakiba Ghasemi, field notes 2017",28.12147558634603,51.48870202774621,""
"","912291f437b8879158d946e3a62621b6","10-540d67d39556ed41817b5fca1f58a4dd","1180456","بوشهر","Bushehr","دیر","Dayyer","بردخون","Bordekhun","","","آبکش","Ābkosh","مخدان","Mokhdān","Mowadu, Mowahdu, Moghdun","Fatemeh Nemati and Shakiba Ghasemi, field notes 2017","870","","","","Bordekhuni 100%","Fatemeh Nemati and Shakiba Ghasemi, field notes 2017",28.143249006475003,51.51151666382029,""
"","912291f437b8879158d946e3a6261f70","10-e6ef38361b33e8a622a0ec6726e747ca","1180457","بوشهر","Bushehr","دیر","Dayyer","بردخون","Bordekhun","بردخون","Bordekhun","","","","","Bordekhu","Fatemeh Nemati and Shakiba Ghasemi, field notes 2017","4376","","","","Bordekhuni 90%; mixed 10%","Fatemeh Nemati and Shakiba Ghasemi, field notes 2017",28.062338843995267,51.476599900673044,""
"","912291f437b8879158d946e3a626183d","8-a55cf6fa8063ec317b8612dbec4f0e3f","1180458","بوشهر","Bushehr","دیر","Dayyer","مرکزی","Markazi","","","","","","","","","42765","","","","","","","",""
"","912291f437b8879158d946e3a6261517","8-b3c7d153ff799acee2251b16ce873950","1180459","بوشهر","Bushehr","دیر","Dayyer","مرکزی","Markazi","","","آبدان","Ābdān","","","","","1698","","","","","","","",""
"","912291f437b8879158d946e3a626b67c","12-aa17d3073fcdf0e720215c7f16329fbb","1180460","بوشهر","Bushehr","دیر","Dayyer","مرکزی","Markazi","","","آبدان","Ābdān","احشام نو","Ahshām-e Now","Eshum Nowu","Fatemeh Nemati and Shakiba Ghasemi, field notes 2017","","(less than 4 households; population not specified in 2011 Census for reasons of privacy)","","","Bardesuni 100%","Fatemeh Nemati and Shakiba Ghasemi, field notes 2017",28.016690863575636,51.74441421557738,""
"","912291f437b8879158d946e3a626ad69","10-a3fe5891e98174e62c19fd00b072b1e0","1180461","بوشهر","Bushehr","دیر","Dayyer","مرکزی","Markazi","","","آبدان","Ābdān","احمدآباد، خرگونه","Ahmad Ābād, Kharguneh","Khargune","Fatemeh Nemati and Shakiba Ghasemi, field notes 2017","46","","","","Bardesuni 100%","Fatemeh Nemati and Shakiba Ghasemi, field notes 2017",28.002900090015086,51.73296654750309,""
"","912291f437b8879158d946e3a626a3cf","10-a65e059a8f34db7f5a7aeea99f2b2dbc","1180462","بوشهر","Bushehr","دیر","Dayyer","مرکزی","Markazi","","","آبدان","Ābdān","زیبا","Zibā","Zibā","Fatemeh Nemati and Shakiba Ghasemi, field notes 2017","","(less than 4 households; population not specified in 2011 Census for reasons of privacy)","","","Bardesuni 100%","Fatemeh Nemati and Shakiba Ghasemi, field notes 2017",27.965825198728634,51.78234573017478,""
"","912291f437b8879158d946e3a6269d77","10-d8809daa81d99fa81db1c47e0b4b185c","1180463","بوشهر","Bushehr","دیر","Dayyer","مرکزی","Markazi","","","آبدان","Ābdān","سرمستان","Sar Mastān","Sarmesu","Fatemeh Nemati and Shakiba Ghasemi, field notes 2017","576","","","","Bardesuni 100%","Fatemeh Nemati and Shakiba Ghasemi, field notes 2017",28.040948259504503,51.82865627094498,""
"","912291f437b8879158d946e3a626976a","10-d17a0810c6e2c27d1102650f4639ea56","1180464","بوشهر","Bushehr","دیر","Dayyer","مرکزی","Markazi","","","آبدان","Ābdān","سهول","Sehul","Suhul","Fatemeh Nemati and Shakiba Ghasemi, field notes 2017","","(less than 4 households; population not specified in 2011 Census for reasons of privacy)","","","Bardesuni 100%","Fatemeh Nemati and Shakiba Ghasemi, field notes 2017",27.9879006622936,51.73891032268015,""
"","912291f437b8879158d946e3a6269588","10-fb470c8c8dba742825f1e5e8b30a33f1","1180465","بوشهر","Bushehr","دیر","Dayyer","مرکزی","Markazi","","","آبدان","Ābdān","گچوی مظفرآباد","Gachavi-ye Mozaffar Ābād","Gechi","Fatemeh Nemati and Shakiba Ghasemi, field notes 2017","","(less than 4 households; population not specified in 2011 Census for reasons of privacy)","","","Bardesuni 100%","Fatemeh Nemati and Shakiba Ghasemi, field notes 2017",28.04772946840571,51.87500576849865,""
"","912291f437b8879158d946e3a6268a47","10-07cbf6e0f5907c33ec5a7135ef4c5a09","1180466","بوشهر","Bushehr","دیر","Dayyer","مرکزی","Markazi","","","آبدان","Ābdān","گشی","Geshi","Geshi","Fatemeh Nemati and Shakiba Ghasemi, field notes 2017","178","","","","Bardesuni 100%","Fatemeh Nemati and Shakiba Ghasemi, field notes 2017",28.04890955678973,51.79876621376103,""
"","912291f437b8879158d946e3a626810f","10-e3b340218bc10d1edc4d076ba9e8f1c1","1180467","بوشهر","Bushehr","دیر","Dayyer","مرکزی","Markazi","","","آبدان","Ābdān","گله زنی","Galle Zani","Gelezeni","Fatemeh Nemati and Shakiba Ghasemi, field notes 2017","30","","","","Bardesuni 100%","Fatemeh Nemati and Shakiba Ghasemi, field notes 2017",27.96522167713279,51.79894484531474,""
"","912291f437b8879158d946e3a6267990","8-95516b57f0a6d41029bf7633037d0620","1180468","بوشهر","Bushehr","دیر","Dayyer","مرکزی","Markazi","","","آبدان","Ābdān","لوهک","Luhak","Lohak","Fatemeh Nemati and Shakiba Ghasemi, field notes 2017","72","","","","Bardesuni 100%","Fatemeh Nemati and Shakiba Ghasemi, field notes 2017","","",""
"","912291f437b8879158d946e3a6267269","10-8c90ff27663d2060f16af7e19a50d233","1180469","بوشهر","Bushehr","دیر","Dayyer","مرکزی","Markazi","","","آبدان","Ābdān","ملاسالمی","Mollā Sālemi","Molāsālmi","Fatemeh Nemati and Shakiba Ghasemi, field notes 2017","71","","","","Bardesuni 100%","Fatemeh Nemati and Shakiba Ghasemi, field notes 2017",27.961672835963086,51.78619898807727,""
"","912291f437b8879158d946e3a626fb52","10-4a406d92bdfe28664c876d52dbe9dbe3","1180470","بوشهر","Bushehr","دیر","Dayyer","مرکزی","Markazi","","","آبدان","Ābdān","نوکن","Nowkan","Nowkan","Fatemeh Nemati and Shakiba Ghasemi, field notes 2017","24","","","","Bardesuni 100%","Fatemeh Nemati and Shakiba Ghasemi, field notes 2017",28.011320370866954,51.757235174666654,""
"","912291f437b8879158d946e3a626ee88","10-b7e1194946b78b6d49d970e18dd19725","1180471","بوشهر","Bushehr","دیر","Dayyer","مرکزی","Markazi","","","آبدان","Ābdān","تنگ نخل","Tang-e Nakhl","Tang-e Nakhl","Fatemeh Nemati and Shakiba Ghasemi, field notes 2017","","(less than 4 households; population not specified in 2011 Census for reasons of privacy)","","","Bardesuni 100%","Fatemeh Nemati and Shakiba Ghasemi, field notes 2017",28.118529259246163,51.863654214240775,""
"","912291f437b8879158d946e3a626de99","10-cfad750a983192808ab2e76367bb71f3","1180472","بوشهر","Bushehr","دیر","Dayyer","مرکزی","Markazi","","","آبدان","Ābdān","کروا","Karuā","Keruwā, Kerehā","Fatemeh Nemati and Shakiba Ghasemi, field notes 2017","","(less than 4 households; population not specified in 2011 Census for reasons of privacy)","","","Bardesuni 100%","Fatemeh Nemati and Shakiba Ghasemi, field notes 2017",27.98989256572476,51.732145791545186,""
"","912291f437b8879158d946e3a626db06","10-cb74855478e71ed36d9d0491a8755ab6","1180473","بوشهر","Bushehr","دیر","Dayyer","مرکزی","Markazi","","","آبدان","Ābdān","جاشک","Jāshak","Jāshak","Fatemeh Nemati and Shakiba Ghasemi, field notes 2017","156","","","","Bardesuni 100%","Fatemeh Nemati and Shakiba Ghasemi, field notes 2017",28.16833536907637,51.65093608833258,""
"","912291f437b8879158d946e3a626d652","10-87b56b738241abb6bf127f4462a8b6c2","1180474","بوشهر","Bushehr","دیر","Dayyer","مرکزی","Markazi","","","آبدان","Ābdān","چاه قد","Chāh Qad","Chah Ghad","Fatemeh Nemati and Shakiba Ghasemi, field notes 2017","121","","","","Bardesuni 100%","Fatemeh Nemati and Shakiba Ghasemi, field notes 2017",28.138644967450908,51.70986304623056,""
"","912291f437b8879158d946e3a626d4f0","10-9c3cf1f3a230f6c8cf8694b080eadef0","1180475","بوشهر","Bushehr","دیر","Dayyer","مرکزی","Markazi","","","آبدان","Ābdān","کنارترشان","Konār Torshān","Konār Toroshu","Fatemeh Nemati and Shakiba Ghasemi, field notes 2017","251","","","","Bardesuni 100%","Fatemeh Nemati and Shakiba Ghasemi, field notes 2017",28.078042960169704,51.74501426503613,""
"","912291f437b8879158d946e3a626d47f","10-e6c8ee5c07391b3fce6963c92eb5b088","1180476","بوشهر","Bushehr","دیر","Dayyer","مرکزی","Markazi","","","آبدان","Ābdān","مل گاه","Mal-e Gāh","Melgah","Fatemeh Nemati and Shakiba Ghasemi, field notes 2017","113","","","","Bardesuni 100%","Fatemeh Nemati and Shakiba Ghasemi, field notes 2017",28.06865214832645,51.75050742909791,""
"","912291f437b8879158d946e3a626cbca","8-80a6fbd907d459b063ea292f968c955a","1180477","بوشهر","Bushehr","دیر","Dayyer","مرکزی","Markazi","","","حومه","Humeh","","","","","8621","","","","","","","",""
"","912291f437b8879158d946e3a626caed","10-993f404505397f96dae34e62b1bad15a","1180478","بوشهر","Bushehr","دیر","Dayyer","مرکزی","Markazi","","","حومه","Humeh","پشت آسمان","Posht Āsemān","Posht Āsemu","Fatemeh Nemati and Shakiba Ghasemi, field notes 2017","","(less than 4 households; population not specified in 2011 Census for reasons of privacy)","","","Bardesuni 100%","Fatemeh Nemati and Shakiba Ghasemi, field notes 2017",27.941515655876778,52.07861956832364,""
"","912291f437b8879158d946e3a626c266","10-b6e986a87efbcbb4ab2c632a6ef15c1f","1180479","بوشهر","Bushehr","دیر","Dayyer","مرکزی","Markazi","","","حومه","Humeh","لمبدان بالائی، لمبدان مجید","Lombedān-e Bālāi, Lombedān-e Majid","Lombedu","Fatemeh Nemati and Shakiba Ghasemi, field notes 2017","1176","","","","Bardesuni 57%; Koroshi 43%","Fatemeh Nemati and Shakiba Ghasemi, field notes 2017; Maryam Nourzaei, field notes 2014",27.91776880498054,51.977535444579345,""
"","912291f437b8879158d946e3a6273de1","10-391d4f325dfc7d440bdb2c8f9e22993a","1180480","بوشهر","Bushehr","دیر","Dayyer","مرکزی","Markazi","","","حومه","Humeh","مخدان","Mokhdān","Moghdu, Mowahdu, Mahdu","Fatemeh Nemati and Shakiba Ghasemi, field notes 2017","30","","","","Bardesuni 100%","Fatemeh Nemati and Shakiba Ghasemi, field notes 2017",27.986600740516938,52.02298448846416,""
"","912291f437b8879158d946e3a6273197","10-5ce33fb225dcb66bda6c9758d1ff533a","1180481","بوشهر","Bushehr","دیر","Dayyer","مرکزی","Markazi","","","حومه","Humeh","بنای راشد","Bonā-ye Rāshed","Bone-y Rāshed, Band-e Rāshed, Bāgh Rāshed","Fatemeh Nemati and Shakiba Ghasemi, field notes 2017","96","","","","Bardesuni 100%","Fatemeh Nemati and Shakiba Ghasemi, field notes 2017",27.92497353150009,51.953502851809326,""
"","912291f437b8879158d946e3a6272596","10-d64580229ed32e1262d89b13fd01a6f4","1180482","بوشهر","Bushehr","دیر","Dayyer","مرکزی","Markazi","","","حومه","Humeh","لمبه دان حاجی آباد","Lombedān-e Hāji Ābād","Lombedu Hāji Āvād","Fatemeh Nemati and Shakiba Ghasemi, field notes 2017","629","","","","Bardesuni 100%","Fatemeh Nemati and Shakiba Ghasemi, field notes 2017",27.91325612649699,51.982513624510375,""
"","912291f437b8879158d946e3a6272162","10-17e305e21e6b48abc6d8ffcafa108e51","1180483","بوشهر","Bushehr","دیر","Dayyer","مرکزی","Markazi","","","حومه","Humeh","لمبه دان پائین","Lombedān-e Pāin","Lombedu, Lombedu Dumeni","Fatemeh Nemati and Shakiba Ghasemi, field notes 2017","661","","","","Bardesuni 100%","Fatemeh Nemati and Shakiba Ghasemi, field notes 2017",27.90969135659357,51.961699682557445,""
"","912291f437b8879158d946e3a6271e63","10-c52af6ab8e8f2d447452f52dcd8f9724","1180484","بوشهر","Bushehr","دیر","Dayyer","مرکزی","Markazi","","","حومه","Humeh","دوراهک","Do Rāhak","Derhak, Derak","Fatemeh Nemati and Shakiba Ghasemi, field notes 2017","4413","","","","Bardesuni 97%; Koroshi 3%","Fatemeh Nemati and Shakiba Ghasemi, field notes 2017; Maryam Nourzaei, field notes 2014",27.9469639367802,51.96066971429598,""
"","912291f437b8879158d946e3a6271235","10-e172942e11d66b30d3baac590bb868a5","1180485","بوشهر","Bushehr","دیر","Dayyer","مرکزی","Markazi","","","حومه","Humeh","باغ عالی","Bāgh-e Āli","Bāgh-e Āli","Fatemeh Nemati and Shakiba Ghasemi, field notes 2017","16","","","","Bardesuni 100%","Fatemeh Nemati and Shakiba Ghasemi, field notes 2017",27.94136723453726,51.89258988508912,""
"","912291f437b8879158d946e3a6271058","10-80967db5d0435b203f18388a1b3be65f","1180486","بوشهر","Bushehr","دیر","Dayyer","مرکزی","Markazi","","","حومه","Humeh","بطانه","Batāneh","Betune","Fatemeh Nemati and Shakiba Ghasemi, field notes 2017","","(less than 4 households; population not specified in 2011 Census for reasons of privacy)","","","Bardesuni 100%","Fatemeh Nemati and Shakiba Ghasemi, field notes 2017",27.849839210596432,51.76721100982802,""
"","912291f437b8879158d946e3a6270f97","10-cdd55b244c433e602247ac04b7ded093","1180487","بوشهر","Bushehr","دیر","Dayyer","مرکزی","Markazi","","","حومه","Humeh","بی بی خاتون","Bi Bi Khātun","Bi Bi Khāti, Bi Khāti, Biyi Khāti","Fatemeh Nemati and Shakiba Ghasemi, field notes 2017","37","","","","Bardesuni 100%","Fatemeh Nemati and Shakiba Ghasemi, field notes 2017",27.852216942770102,51.802628594741535,""
"","912291f437b8879158d946e3a6270ae9","10-0c43497a8d8ee53f2a08f19857eba547","1180488","بوشهر","Bushehr","دیر","Dayyer","مرکزی","Markazi","","","حومه","Humeh","تنگ خوش","Tang-e Khosh","Tang-e Khosh","Fatemeh Nemati and Shakiba Ghasemi, field notes 2017","119","","","","Bardesuni 100%","Fatemeh Nemati and Shakiba Ghasemi, field notes 2017",27.98583155933473,51.918243825442694,""
"","912291f437b8879158d946e3a626fe49","10-51caf3d451a337b5a7b34374b344127b","1180489","بوشهر","Bushehr","دیر","Dayyer","مرکزی","Markazi","","","حومه","Humeh","جبرانی","Jabrāni","Jobrāni","Fatemeh Nemati and Shakiba Ghasemi, field notes 2017","184","","","","Bardesuni 100%","Fatemeh Nemati and Shakiba Ghasemi, field notes 2017",27.847274644940875,51.76998611103445,""
"","912291f437b8879158d946e3a62795a9","10-40602f8b09fe36fd542a855dc2438fb1","1180490","بوشهر","Bushehr","دیر","Dayyer","مرکزی","Markazi","","","حومه","Humeh","جمرگ شمالی","Jamrag-e Shomāli","Jamrag","Fatemeh Nemati and Shakiba Ghasemi, field notes 2017","16","","","","Bardesuni 100%","Fatemeh Nemati and Shakiba Ghasemi, field notes 2017",27.958420793207402,51.87223882968224,""
"","912291f437b8879158d946e3a6278ed5","10-fece1fc979d8167d4b413a81fb509fcb","1180491","بوشهر","Bushehr","دیر","Dayyer","مرکزی","Markazi","","","حومه","Humeh","گنوی","Genavi","Genevi","Fatemeh Nemati and Shakiba Ghasemi, field notes 2017","48","","","","Bardesuni 100%","Fatemeh Nemati and Shakiba Ghasemi, field notes 2017",28.007956388232078,51.88787049056302,""
"","912291f437b8879158d946e3a62782ca","12-6a948e83755dd9f1bf6869f5dd02a6ac","1180492","بوشهر","Bushehr","دیر","Dayyer","مرکزی","Markazi","","","حومه","Humeh","مل خرگ شمالی","Mal-e Kharg-e Shomāli","Mel Kharg","Fatemeh Nemati and Shakiba Ghasemi, field notes 2017","45","","","","Bardesuni 100%","Fatemeh Nemati and Shakiba Ghasemi, field notes 2017",27.967374150314225,51.93553870916863,""
"","912291f437b8879158d946e3a6277f5d","10-40a8a41812282de98954cd3f80fa3c1f","1180493","بوشهر","Bushehr","دیر","Dayyer","مرکزی","Markazi","","","حومه","Humeh","سورو","Suru ","Suru","Fatemeh Nemati and Shakiba Ghasemi, field notes 2017","67","","","","Bardesuni 100%","Fatemeh Nemati and Shakiba Ghasemi, field notes 2017",28.00474049423479,51.8906921744457,""
"","912291f437b8879158d946e3a6277a35","10-e764fa0f192bb28149e7344ca51190b8","1180494","بوشهر","Bushehr","دیر","Dayyer","مرکزی","Markazi","","","حومه","Humeh","جمرگ جنوبی","Jamrag-e Jonubi","Jamrag Hiruni","Fatemeh Nemati and Shakiba Ghasemi, field notes 2017","","(less than 4 households; population not specified in 2011 Census for reasons of privacy)","","","Bardesuni 100%","Fatemeh Nemati and Shakiba Ghasemi, field notes 2017",27.951861405664964,51.88094909796672,""
"","912291f437b8879158d946e3a6277096","10-83d677a9544bb2e6499f5abc84c12bde","1180495","بوشهر","Bushehr","دیر","Dayyer","مرکزی","Markazi","","","حومه","Humeh","تل رئیس","Tal-e Ra'is ","Tol Reys","Fatemeh Nemati and Shakiba Ghasemi, field notes 2017","51","","","","Bardesuni 100%","Fatemeh Nemati and Shakiba Ghasemi, field notes 2017",27.909653432877647,51.94822426446839,""
"","912291f437b8879158d946e3a62767d8","10-e8cbf4ede5f22e5817bdf8c229febf6f","1180496","بوشهر","Bushehr","دیر","Dayyer","مرکزی","Markazi","","","حومه","Humeh","لمبدان شیخ احمد","Lombedān-e Sheykh Ahmad","Lombedu Shikh Ahmad","Fatemeh Nemati and Shakiba Ghasemi, field notes 2017","","(less than 4 households; population not specified in 2011 Census for reasons of privacy)","","","Bardesuni 100%","Fatemeh Nemati and Shakiba Ghasemi, field notes 2017",27.89917649729856,51.95957537301727,""
"","912291f437b8879158d946e3a627580e","10-cdfb35e37f6fb576a19477ff3467f16d","1180497","بوشهر","Bushehr","دیر","Dayyer","مرکزی","Markazi","","","حومه","Humeh","اولی شمالی","Owli-ye Shomāli","Oli","Fatemeh Nemati and Shakiba Ghasemi, field notes 2017","679","","","","Bardesuni 100%","Fatemeh Nemati and Shakiba Ghasemi, field notes 2017",27.840614993017603,51.890154439304496,""
"","912291f437b8879158d946e3a6274d66","10-04001ba9248e43730e7b9bba6ecd7e19","1180498","بوشهر","Bushehr","دیر","Dayyer","مرکزی","Markazi","","","حومه","Humeh","اولی جنوبی","Owli-ye Jonubi","Oli","Fatemeh Nemati and Shakiba Ghasemi, field notes 2017","324","","","","Bardesuni 100%","Fatemeh Nemati and Shakiba Ghasemi, field notes 2017",27.835909351435014,51.89839418539624,""
"","912291f437b8879158d946e3a6274267","10-e478f985d33e5ac6e24304f63baaca1f","1180499","بوشهر","Bushehr","دیر","Dayyer","مرکزی","Markazi","بندردیر","Bandar-e Dayyer","","","","","Deyyer","Fatemeh Nemati and Shakiba Ghasemi, field notes 2017","20157","","","","Bardesuni 83.8%; mixed 15%; Koroshi 1.2%","Fatemeh Nemati and Shakiba Ghasemi, field notes 2017; Maryam Nourzaei, field notes 2014",27.83822424900888,51.93710382589399,""
"","912291f437b8879158d946e3a627e819","10-a94a5b424d30fe2d172a556c7a88ddb5","1180500","بوشهر","Bushehr","دیر","Dayyer","مرکزی","Markazi","آبدان","Ābdān","","","","","Owdu, Owdun","Fatemeh Nemati and Shakiba Ghasemi, field notes 2017","6211","","","","Bardesuni 80%; mixed 16%; Koroshi 4%","Fatemeh Nemati and Shakiba Ghasemi, field notes 2017; Maryam Nourzaei, field notes 2014",28.080485194048485,51.76848895833089,""
"","912291f437b8879158d946e3a627e354","10-48addfaa147d801329c6ddc8c3d2790e","1180501","بوشهر","Bushehr","دیر","Dayyer","مرکزی","Markazi","بردستان","Bardestān","","","","","Bardesu","Fatemeh Nemati and Shakiba Ghasemi, field notes 2017","6078","","","","Bardesuni 87%; Koroshi 8%; mixed 5%","Fatemeh Nemati and Shakiba Ghasemi, field notes 2017; Maryam Nourzaei, field notes 2014",27.872676227823938,51.9595914662718,""
"","912291f437b8879158d946e3a627da71","8-b17ac1a6cf89988d1b1beaf44647838d","1180502","بوشهر","Bushehr","کنگان","Kangān","","","","","","","","","","","170774","","","","","","","",""
"","912291f437b8879158d946e3a627d7d3","8-b2d5243d3318641203fb1775cacde9f9","1180503","بوشهر","Bushehr","کنگان","Kangān","مرکزی","Markazi","","","","","","","","","105190","","","","","","","",""
"","912291f437b8879158d946e3a627c7f2","8-972d4c6b46ab567f9f0def47b75cbdd6","1180504","بوشهر","Bushehr","کنگان","Kangān","مرکزی","Markazi","","","طاهری","Tāheri","","","","","8320","","","","","","","",""
"","912291f437b8879158d946e3a627c411","10-49e579aeed28011ae9c1553124557bde","1180505","بوشهر","Bushehr","کنگان","Kangān","مرکزی","Markazi","","","طاهری","Tāheri","اختر","Akhtar","Akhtar","Fatemeh Nemati and Shakiba Ghasemi, field notes 2017","1658","","","","Arabic 70%; Kanguni 30%","Fatemeh Nemati and Shakiba Ghasemi, field notes 2017",27.69341672942106,52.236706761303,""
"","912291f437b8879158d946e3a627b4bd","10-c9a7c61ca6eca2296b6fd6eafe489987","1180506","بوشهر","Bushehr","کنگان","Kangān","مرکزی","Markazi","","","طاهری","Tāheri","باغ شیخ","Bāgh-e Sheykh","Bāgh Shikh","Fatemeh Nemati and Shakiba Ghasemi, field notes 2017","59","","","","Arabic 70%; Kanguni 30%","Fatemeh Nemati and Shakiba Ghasemi, field notes 2017",27.6742159131626,52.32142165081783,""
"","912291f437b8879158d946e3a627afaa","10-0e231870be517e3874788021ca1f6a67","1180507","بوشهر","Bushehr","کنگان","Kangān","مرکزی","Markazi","","","طاهری","Tāheri","چاه مجنون","Chāh-e Majnun","Chah-e Majnun, Chah Majnun","Fatemeh Nemati and Shakiba Ghasemi, field notes 2017","155","","","","Arabic 55%; Kanguni 45%","Fatemeh Nemati and Shakiba Ghasemi, field notes 2017",27.654840664857947,52.37382128612547,""
"","912291f437b8879158d946e3a627aaad","12-0b8af445a076e8c7b9f0e135c8c24c58","1180508","بوشهر","Bushehr","کنگان","Kangān","مرکزی","Markazi","","","طاهری","Tāheri","شیرینو","Shirinu","Shirinu, Sherinu","Fatemeh Nemati and Shakiba Ghasemi, field notes 2017","3441","","","","Kanguni 100%","Fatemeh Nemati and Shakiba Ghasemi, field notes 2017",27.6249,52.47579,"Inhabitants of this village speak Arabic as a second language (Abuzar Mājedi, 2018)."
"","912291f437b8879158d946e3a6279b98","10-2f681d3bed23a67afe37eaf4088ec5b6","1180509","بوشهر","Bushehr","کنگان","Kangān","مرکزی","Markazi","","","طاهری","Tāheri","باغ کو","Bāgh Ku","Bāgheku","Fatemeh Nemati and Shakiba Ghasemi, field notes 2017","52","","","","Arabic 100%","Fatemeh Nemati and Shakiba Ghasemi, field notes 2017",27.669122997741237,52.32032730954002,""
"","912291f437b8879158d946e3a6282db5","10-23bbc6c6b9fe26ae90bec076eec22351","1180510","بوشهر","Bushehr","کنگان","Kangān","مرکزی","Markazi","","","طاهری","Tāheri","پرک","Parak","Perak, Eprak","Fatemeh Nemati and Shakiba Ghasemi, field notes 2017","2955","","","","Arabic 100%","Fatemeh Nemati and Shakiba Ghasemi, field notes 2017",27.651096351405968,52.415535000720375,""
"","912291f437b8879158d946e3a6282831","8-1ededfd6e94d300507ee0058d4d871a6","1180511","بوشهر","Bushehr","کنگان","Kangān","مرکزی","Markazi","","","حومه","Humeh","","","","","1889","","","","","","","",""
"","912291f437b8879158d946e3a6281e8e","10-6bf65dfce319fad2bce692234ddf0f7b","1180512","بوشهر","Bushehr","کنگان","Kangān","مرکزی","Markazi","","","حومه","Humeh","برکه چوپان","Berkeh Chupān","Borke Chupun, Borke Chipu","Fatemeh Nemati and Shakiba Ghasemi, field notes 2017","689","","","","Arabic 100%","Fatemeh Nemati and Shakiba Ghasemi, field notes 2017",27.785470475068298,52.116145375476826,""
"","912291f437b8879158d946e3a6281e8c","10-3b23b8acac82c9eb85f0962a54187e78","1180513","بوشهر","Bushehr","کنگان","Kangān","مرکزی","Markazi","","","حومه","Humeh","تنبک","Tonbak","Tombak, Aynat","Fatemeh Nemati and Shakiba Ghasemi, field notes 2017","658","","","","Arabic 100%","Fatemeh Nemati and Shakiba Ghasemi, field notes 2017",27.805230591762676,52.0911471874608,""
"","912291f437b8879158d946e3a628119c","10-0687172d94f53c2b6a59accff612b6a3","1180514","بوشهر","Bushehr","کنگان","Kangān","مرکزی","Markazi","","","حومه","Humeh","قلعه میان","Qal'eh Miān","Qal'e Miyān, Kale Miyun","Fatemeh Nemati and Shakiba Ghasemi, field notes 2017","359","","","","Arabic 90%; Kanguni 10%","Fatemeh Nemati and Shakiba Ghasemi, field notes 2017",27.767795320670558,52.135028126939496,""
"","912291f437b8879158d946e3a6280e50","10-6ac56857a9cdfd85ab9f6ce4fa0fd558","1180515","بوشهر","Bushehr","کنگان","Kangān","مرکزی","Markazi","","","حومه","Humeh","نخل غانم","Nakhl-e Ghānem","Nakhl-e Ghānem, Nokhāl Ghānem","Fatemeh Nemati and Shakiba Ghasemi, field notes 2017","183","","","","Arabic 90%; Kanguni 10%","Fatemeh Nemati and Shakiba Ghasemi, field notes 2017",27.801586344757943,52.09561038326109,""
"","912291f437b8879158d946e3a6280371","10-636b0dc42eefda29a478f7dfb1468326","1180516","بوشهر","Bushehr","کنگان","Kangān","مرکزی","Markazi","بندرکنگان","Bandar-e Kangān","","","","","Kangu","Fatemeh Nemati and Shakiba Ghasemi, field notes 2017","76329","","","","Kanguni 60%; Arabic 25%; mixed 14.7%; Koroshi 0.3%","Fatemeh Nemati and Shakiba Ghasemi, field notes 2017; Maryam Nourzaei, field notes 2014",27.836484973763927,52.05839350601815,""
"","912291f437b8879158d946e3a627fccd","10-6b19bc268017c7e48a0120834f4723b0","1180517","بوشهر","Bushehr","کنگان","Kangān","مرکزی","Markazi","بنک","Banak","","","","","Benak","Fatemeh Nemati and Shakiba Ghasemi, field notes 2017","11515","","","","Arabic 43%; Kanguni 35%; Koroshi 22%","Fatemeh Nemati and Shakiba Ghasemi, field notes 2017; Maryam Nourzaei, field notes 2014",27.872758479662046,52.02766611954769,""
"","912291f437b8879158d946e3a627fb03","10-f8ad5ecb10c132dda31b4fd5fda9ebd8","1180518","بوشهر","Bushehr","کنگان","Kangān","مرکزی","Markazi","سیراف","Sirāf ","","","","","Sirāf","Fatemeh Nemati and Shakiba Ghasemi, field notes 2017","7137","","","","Arabic 90%; Kanguni 10%","Fatemeh Nemati and Shakiba Ghasemi, field notes 2017",27.66673798745686,52.34232142345892,""
"","912291f437b8879158d946e3a627f471","8-fd23fff21ec99d09f0b016d9afb0dbdd","1180519","بوشهر","Bushehr","کنگان","Kangān","عسلویه","Asaluyeh","","","","","","","","","65584","","","","","","","",""
"","912291f437b8879158d946e3a6287511","8-950dec2e4000a3abece2f4db80ad0ec4","1180520","بوشهر","Bushehr","کنگان","Kangān","عسلویه","Asaluyeh","","","عسلویه","Asaluyeh","","","","","32977","","","","","","","",""
"","912291f437b8879158d946e3a6286a39","10-0e718330bea839dcedc527de84c3e320","1180521","بوشهر","Bushehr","کنگان","Kangān","عسلویه","Asaluyeh","","","عسلویه","Asaluyeh","منطقه ویژه پارس جنوبی 1","Mantaqeh-ye Vizheh-ye Pārs-e Jonubi 1","Manteqe Vizhe","Fatemeh Nemati and Shakiba Ghasemi, field notes 2017","6406","","","","mixed 60%; Kanguni 30%; Tehrāni type Persian 10%","Fatemeh Nemati and Shakiba Ghasemi, field notes 2017",27.525489243651688,52.58109228072469,""
"","912291f437b8879158d946e3a6286397","10-964d1c5b90fa7eaf953e952ec58fd147","1180522","بوشهر","Bushehr","کنگان","Kangān","عسلویه","Asaluyeh","","","عسلویه","Asaluyeh","منطقه ویژه پارس جنوبی 2","Manteqeh-ye Vizheh-ye Pārs-e Jonubi 2","Manteqe Vizhe","Fatemeh Nemati and Shakiba Ghasemi, field notes 2017","15163","","","","mixed 60%; Kanguni 30%; Tehrāni type Persian 10%","Fatemeh Nemati and Shakiba Ghasemi, field notes 2017",27.49610488580861,52.63014451918166,""
"","912291f437b8879158d946e3a62853e9","10-e567e606b501b78955d531e252adb73c","1180523","بوشهر","Bushehr","کنگان","Kangān","عسلویه","Asaluyeh","","","عسلویه","Asaluyeh","بیدخون","Bidkhun","Bidekhun, Bidekhan","Fatemeh Nemati and Shakiba Ghasemi, field notes 2017","5269","","","","Arabic 55%; Kanguni 45%","Fatemeh Nemati and Shakiba Ghasemi, field notes 2017",27.479386614189888,52.66464614886781,""
"","912291f437b8879158d946e3a628518a","12-b2c90531f1c49d065ee538ac7a45527e","1180524","بوشهر","Bushehr","کنگان","Kangān","عسلویه","Asaluyeh","","","عسلویه","Asaluyeh","ده نو","Deh Now","Dih Now, Deh Now","Abuzar Mājedi, 2018; Fatemeh Nemati and Shakiba Ghasemi, field notes 2017","968","","","","Arabic 55%; Kanguni 45%","Fatemeh Nemati and Shakiba Ghasemi, field notes 2017",27.45087,52.73726,""
"","912291f437b8879158d946e3a6284e92","10-1aa9c9bf7036b0b99b613cc96bf30f5f","1180525","بوشهر","Bushehr","کنگان","Kangān","عسلویه","Asaluyeh","","","عسلویه","Asaluyeh","عسکری","Askari","Askeri, Bu Askar","Fatemeh Nemati and Shakiba Ghasemi, field notes 2017","847","","","","Arabic 100%","Fatemeh Nemati and Shakiba Ghasemi, field notes 2017",27.418333988311147,52.751843154333145,""
"","912291f437b8879158d946e3a62848b6","12-826b8150a329c3b84c499c506e0cce35","1180526","بوشهر","Bushehr","کنگان","Kangān","عسلویه","Asaluyeh","","","عسلویه","Asaluyeh","کلات","Kalāt","Kelāt ","Fatemeh Nemati and Shakiba Ghasemi, field notes 2017","564","","","","Kanguni 100%","Abuzar Mājedi, 2018",27.45917,52.73219,""
"","912291f437b8879158d946e3a6283dc8","13-570e9537550a2ea5843405a917f5b781","1180527","بوشهر","Bushehr","کنگان","Kangān","عسلویه","Asaluyeh","","","عسلویه","Asaluyeh","گوداخند","Gowd-e Akhand","Gowd-e Ekhand, Gowd","Fatemeh Nemati and Shakiba Ghasemi, field notes 2017","37","","","","Arabic 100%","Fatemeh Nemati and Shakiba Ghasemi, field notes 2017",27.44671,52.78824,""
"","912291f437b8879158d946e3a62839f8","12-33c6b8a742bd50d8b3fda3c19a4394ec","1180528","بوشهر","Bushehr","کنگان","Kangān","عسلویه","Asaluyeh","","","عسلویه","Asaluyeh","بزباز","Bozbāz","Bezbāz, Bazbāz, Bozbāz","Abuzar Mājedi, 2018; Fatemeh Nemati and Shakiba Ghasemi, field notes 2017","805","","","","Arabic 100%","Fatemeh Nemati and Shakiba Ghasemi, field notes 2017",27.46648,52.72087,""
"","912291f437b8879158d946e3a62836ac","10-0b06006229d2760b10d206f865754de4","1180529","بوشهر","Bushehr","کنگان","Kangān","عسلویه","Asaluyeh","","","عسلویه","Asaluyeh","اخند","Akhand","Ekhand, Khand","Fatemeh Nemati and Shakiba Ghasemi, field notes 2017","2918","","","","Arabic 100%","Fatemeh Nemati and Shakiba Ghasemi, field notes 2017",27.43593618576056,52.75124931352837,""
"","912291f437b8879158d946e3a628d5f1","8-ecdc48fe10ca1756a9571ea28b3904e1","1180530","بوشهر","Bushehr","کنگان","Kangān","عسلویه","Asaluyeh","","","نای بند","Nāy Band","","","","","13220","","","","","","","",""
"","912291f437b8879158d946e3a628ca96","10-8e697b73b87a05a1b40a9bc31d572260","1180531","بوشهر","Bushehr","کنگان","Kangān","عسلویه","Asaluyeh","","","نای بند","Nāy Band","بستانو","Bostānu","Bostānu, Bestānu","Fatemeh Nemati and Shakiba Ghasemi, field notes 2017","1330","","","","Arabic 100%","Fatemeh Nemati and Shakiba Ghasemi, field notes 2017",27.39536974948567,52.77897493298105,""
"","912291f437b8879158d946e3a628c842","10-f3cc868dcb0d705d263fe31a67d8cc3e","1180532","بوشهر","Bushehr","کنگان","Kangān","عسلویه","Asaluyeh","","","نای بند","Nāy Band","چاه مبارک","Chāh Mobārak ","Chāh Mobārak, Chāh Movārak, Chāhombārak","Fatemeh Nemati and Shakiba Ghasemi, field notes 2017","3348","","","","Arabic 100%","Fatemeh Nemati and Shakiba Ghasemi, field notes 2017",27.366122214940802,52.79073373729979,""
"","912291f437b8879158d946e3a628bb7d","12-69907e04000d57c4e90617dbcdfd8611","1180533","بوشهر","Bushehr","کنگان","Kangān","عسلویه","Asaluyeh","","","نای بند","Nāy Band","سواحل","Savāhel","Sowāhel","Fatemeh Nemati and Shakiba Ghasemi, field notes 2017","384","","","","Arabic 100%","Fatemeh Nemati and Shakiba Ghasemi, field notes 2017",27.353915990355876,52.81352178508749,""
"","912291f437b8879158d946e3a628b55e","14-4fc4c2f6541367c2c76cea1b60c96245","1180534","بوشهر","Bushehr","کنگان","Kangān","عسلویه","Asaluyeh","","","نای بند","Nāy Band","سهموی شمالی","Sahmu-ye Shomāli","Sahmu, Sahmu Shomāli, Sahmu el-Gharbiye (Arabic)","Fatemeh Nemati and Shakiba Ghasemi, field notes 2017","1168","","","","Arabic 100%","Fatemeh Nemati and Shakiba Ghasemi, field notes 2017",27.355078545907155,52.82006637508344,""
"","912291f437b8879158d946e3a628a93b","12-d2e49292181cdd589c6133065e5bd362","1180535","بوشهر","Bushehr","کنگان","Kangān","عسلویه","Asaluyeh","","","نای بند","Nāy Band","مروع","Moru'","Emrūʕ, Moru'","Abuzar Mājedi, 2018; Fatemeh Nemati and Shakiba Ghasemi, field notes 2017","462","","","","Arabic 100%","Fatemeh Nemati and Shakiba Ghasemi, field notes 2017",27.35519,52.80693,""
"","912291f437b8879158d946e3a6289f31","12-3d6c3bb6613d3f610579c72c63b1f398","1180536","بوشهر","Bushehr","کنگان","Kangān","عسلویه","Asaluyeh","","","نای بند","Nāy Band","بندو","Bandu","Bandu, Bomdu, Bomduh","Abuzar Mājedi, 2018; Fatemeh Nemati and Shakiba Ghasemi, field notes 2017","621","","","","Arabic 100%","Fatemeh Nemati and Shakiba Ghasemi, field notes 2017",27.32421,52.86326,""
"","912291f437b8879158d946e3a6288ffc","10-a279cb2fec99fbd3878aab7bc2c91f22","1180537","بوشهر","Bushehr","کنگان","Kangān","عسلویه","Asaluyeh","","","نای بند","Nāy Band","خیارو","Khiāru","Khiyāruh, Khiyaru","Fatemeh Nemati and Shakiba Ghasemi, field notes 2017","655","","","","Arabic 100%","Fatemeh Nemati and Shakiba Ghasemi, field notes 2017",27.407333286668546,52.75425569470309,""
"","912291f437b8879158d946e3a6288680","10-ca2f914e7ef1c326a82e0d905d8ecb6a","1180538","بوشهر","Bushehr","کنگان","Kangān","عسلویه","Asaluyeh","","","نای بند","Nāy Band","دزدانه","Dozdāneh","Dezdāne","Fatemeh Nemati and Shakiba Ghasemi, field notes 2017","","(less than 4 households; population not specified in 2011 Census for reasons of privacy)","","","Arabic 100%","Fatemeh Nemati and Shakiba Ghasemi, field notes 2017",27.331653556822598,52.868496341048804,""
"","912291f437b8879158d946e3a62884bc","10-1f73621cd29193ca9e646e49ec595f59","1180539","بوشهر","Bushehr","کنگان","Kangān","عسلویه","Asaluyeh","","","نای بند","Nāy Band","سهموی جنوبی","Sahmu-ye Jonubi","Sahmu, Sahmu Sharqiye","Fatemeh Nemati and Shakiba Ghasemi, field notes 2017","1039","","","","Arabic 100%","Fatemeh Nemati and Shakiba Ghasemi, field notes 2017",27.34098411944338,52.83828393870908,""
"","912291f437b8879158d946e3a6292be8","10-76ba247e480fdc087f04920b5a1dcb32","1180540","بوشهر","Bushehr","کنگان","Kangān","عسلویه","Asaluyeh","","","نای بند","Nāy Band","خره","Kherreh","Kherre, Kherra","Fatemeh Nemati and Shakiba Ghasemi, field notes 2017","578","","","","Arabic 100%","Fatemeh Nemati and Shakiba Ghasemi, field notes 2017",27.32066364393681,52.77983323986441,""
"","912291f437b8879158d946e3a629299e","10-d9fb2f7cebd8bc2aaa41f0f1f5ca33f8","1180541","بوشهر","Bushehr","کنگان","Kangān","عسلویه","Asaluyeh","","","نای بند","Nāy Band","بنود","Bonud","Bonud, Ebnud","Fatemeh Nemati and Shakiba Ghasemi, field notes 2017","558","","","","Arabic 100%","Fatemeh Nemati and Shakiba Ghasemi, field notes 2017",27.34700710932587,52.726231974918086,""
"","912291f437b8879158d946e3a6291ad8","12-7dc0e767dd07697e85d60a6dc9f82755","1180542","بوشهر","Bushehr","کنگان","Kangān","عسلویه","Asaluyeh","","","نای بند","Nāy Band","کنارخیمه","Konār Kheymeh","Eknār Khēme, Konār Kheyme","Abuzar Mājedi, 2018; Fatemeh Nemati and Shakiba Ghasemi, field notes 2017","486","","","","Arabic 100%","Fatemeh Nemati and Shakiba Ghasemi, field notes 2017",27.32657,52.76172,""
"","912291f437b8879158d946e3a6291426","10-286214a33203bd791f3fc100e6392c53","1180543","بوشهر","Bushehr","کنگان","Kangān","عسلویه","Asaluyeh","","","نای بند","Nāy Band","بساتین","Basātin","Besātin, Besahtin","Fatemeh Nemati and Shakiba Ghasemi, field notes 2017","922","","","","Arabic 100%","Fatemeh Nemati and Shakiba Ghasemi, field notes 2017",27.384576689971496,52.66218082365167,""
"","912291f437b8879158d946e3a62913c5","10-d260912b862c2590680e4d5552f3ac2c","1180544","بوشهر","Bushehr","کنگان","Kangān","عسلویه","Asaluyeh","","","نای بند","Nāy Band","زبار","Zobbār","Zobbār, Zovār","Fatemeh Nemati and Shakiba Ghasemi, field notes 2017","805","","","","Arabic 100%","Fatemeh Nemati and Shakiba Ghasemi, field notes 2017",27.360119321826286,52.69979612287161,""
"","912291f437b8879158d946e3a629040d","10-159a6527a3bdcc59642c63252677335a","1180545","بوشهر","Bushehr","کنگان","Kangān","عسلویه","Asaluyeh","","","نای بند","Nāy Band","صفیه","Safieh","Sefiyye","Fatemeh Nemati and Shakiba Ghasemi, field notes 2017","130","","","","Arabic 100%","Fatemeh Nemati and Shakiba Ghasemi, field notes 2017",27.366026933465168,52.6903976624839,""
"","912291f437b8879158d946e3a629019d","12-573234efd662cdcd403e738e39cc45a1","1180546","بوشهر","Bushehr","کنگان","Kangān","عسلویه","Asaluyeh","","","نای بند","Nāy Band","هاله","Hāleh","Hāle, Elhālle","Fatemeh Nemati and Shakiba Ghasemi, field notes 2017; Abuzar Mājedi, 2018","726","","","","Arabic 100%","Fatemeh Nemati and Shakiba Ghasemi, field notes 2017",27.39737,52.63868,""
"","912291f437b8879158d946e3a628f62f","12-0722a2130680ac5cedaea4d3e4e6822f","1180547","بوشهر","Bushehr","کنگان","Kangān","عسلویه","Asaluyeh","عسلویه","Asaluyeh","","","","","Eselu, Ehselu","Fatemeh Nemati and Shakiba Ghasemi, field notes 2017; Abuzar Mājedi, 2018","7884","","","","Kanguni 40%; Arabic 30%; mixed 20%; Tehrāni type Persian 10%","Fatemeh Nemati and Shakiba Ghasemi, field notes 2017",27.47368,52.60962,""
"","912291f437b8879158d946e3a628e6d9","10-60397c49426ce6c5deb7e6e040da1262","1180548","بوشهر","Bushehr","کنگان","Kangān","عسلویه","Asaluyeh","نخل تقی","Nakhl-e Taqi","","","","","Nakhal Taqi, Nakhl-e Teqi","Fatemeh Nemati and Shakiba Ghasemi, field notes 2017","11503","","","","Arabic 80%; Kanguni 18%; Koroshi 2%","Fatemeh Nemati and Shakiba Ghasemi, field notes 2017; Maryam Nourzaei, field notes 2014",27.501320040220147,52.58100645003653,""
"","912291f437b8879158d946e3a628dc07","8-176e6c4fa488b2d7c54b6d5997f7234e","1180549","بوشهر","Bushehr","گناوه","Genāveh","","","","","","","","","","","90493","","","","","","","",""
"","912291f437b8879158d946e3a6298077","8-52aef280204961c8b7d3ec0eba77f4e9","1180550","بوشهر","Bushehr","گناوه","Genāveh","ریگ","Rig","","","","","","","","","13463","","","","","","","",""
"","912291f437b8879158d946e3a629800a","8-3d27e7bb88566325d2e2c331d4612b4a","1180551","بوشهر","Bushehr","گناوه","Genāveh","ریگ","Rig","","","رودحله","Rud Halleh","","","","","7844","","","","","","","",""
"","912291f437b8879158d946e3a6297537","10-58ab4834ddb71457a42ab6d26daf149b","1180552","بوشهر","Bushehr","گناوه","Genāveh","ریگ","Rig","","","رودحله","Rud Halleh","چهارمحل","Chahār Mahal","Chār Mahl","Fatemeh Nemati and Shakiba Ghasemi, field notes 2017","494","","","","Genāvei 100%","Fatemeh Nemati and Shakiba Ghasemi, field notes 2017",29.610896028911174,50.75863420298383,""
"","912291f437b8879158d946e3a629721e","10-d0acf4d880c443046bb275a237f507ad","1180553","بوشهر","Bushehr","گناوه","Genāveh","ریگ","Rig","","","رودحله","Rud Halleh","چهاربرج","Chahār Borj","Chār Borj","Fatemeh Nemati and Shakiba Ghasemi, field notes 2017","220","","","","Genāvei 100%","Fatemeh Nemati and Shakiba Ghasemi, field notes 2017",29.60602687250962,50.72005330851877,""
"","912291f437b8879158d946e3a6296ed8","10-656dc7690ed7ecf3f2c79e0f5b36e6df","1180554","بوشهر","Bushehr","گناوه","Genāveh","ریگ","Rig","","","رودحله","Rud Halleh","گاوسفید کوچک","Gāv Sefid-e Kuchak","Gāspid, Gow Sefid","Fatemeh Nemati and Shakiba Ghasemi, field notes 2017","67","","","","Genāvei 100%","Fatemeh Nemati and Shakiba Ghasemi, field notes 2017",29.599832816539923,50.692158334768244,""
"","912291f437b8879158d946e3a629676a","10-8d1b73e9193d77f03d4b05c951c5fc25","1180555","بوشهر","Bushehr","گناوه","Genāveh","ریگ","Rig","","","رودحله","Rud Halleh","گدائی","Gedāi","Kedey","Fatemeh Nemati and Shakiba Ghasemi, field notes 2017","29","","","","Genāvei 100%","Fatemeh Nemati and Shakiba Ghasemi, field notes 2017",29.568901555263448,50.75550988823337,""
"","912291f437b8879158d946e3a6295925","10-979e7866cda67feab0fc04128f579fed","1180556","بوشهر","Bushehr","گناوه","Genāveh","ریگ","Rig","","","رودحله","Rud Halleh","مال محمود","Māl Mahmud","Māl Mahmid, Molā Mahmud","Fatemeh Nemati and Shakiba Ghasemi, field notes 2017","524","","","","Genāvei 100%","Fatemeh Nemati and Shakiba Ghasemi, field notes 2017",29.589925267582917,50.7901340656504,""
"","912291f437b8879158d946e3a6294be8","10-b76fce622f7a0ea8aa3d7f1b3a761327","1180557","بوشهر","Bushehr","گناوه","Genāveh","ریگ","Rig","","","رودحله","Rud Halleh","چهارروستایی","Chahār Rustāi","Chā Rusey, Chār Rustāyi","Fatemeh Nemati and Shakiba Ghasemi, field notes 2017","2505","","","","Genāvei 100%","Fatemeh Nemati and Shakiba Ghasemi, field notes 2017",29.547092310688395,50.780445301620716,""
"","912291f437b8879158d946e3a6294481","10-34d6930dbdf3de352ea753e6db60dcb4","1180558","بوشهر","Bushehr","گناوه","Genāveh","ریگ","Rig","","","رودحله","Rud Halleh","پوزگاه","Puzegāh","Puzegah, Puzegā","Fatemeh Nemati and Shakiba Ghasemi, field notes 2017","764","","","","Genāvei 100%","Fatemeh Nemati and Shakiba Ghasemi, field notes 2017",29.551274665481902,50.67975580028519,""
"","912291f437b8879158d946e3a6293b80","10-b4bbfdcca5c297464ee40d362978ca0d","1180559","بوشهر","Bushehr","گناوه","Genāveh","ریگ","Rig","","","رودحله","Rud Halleh","جزیره شمالی","Jazireh-ye Shomāli","Jezire, Jezire-y Shomāli","Fatemeh Nemati and Shakiba Ghasemi, field notes 2017","876","","","","Genāvei 100%","Fatemeh Nemati and Shakiba Ghasemi, field notes 2017",29.431725581048234,50.65739051784222,""
"","912291f437b8879158d946e3a629da40","10-0c5a9267ef4b927dfd8a525315dce0f3","1180560","بوشهر","Bushehr","گناوه","Genāveh","ریگ","Rig","","","رودحله","Rud Halleh","عرش","Arash","Arash","Fatemeh Nemati and Shakiba Ghasemi, field notes 2017","","(less than 4 households; population not specified in 2011 Census for reasons of privacy)","","","Genāvei 100%","Fatemeh Nemati and Shakiba Ghasemi, field notes 2017",29.513717828758928,50.60746696482202,""
"","912291f437b8879158d946e3a629d3a8","10-b667b7f28097d73ab41e0fbd173f8a7d","1180561","بوشهر","Bushehr","گناوه","Genāveh","ریگ","Rig","","","رودحله","Rud Halleh","کوهک کوچک","Kuhak-e Kuchak","Kohak, Kohak-e Kochku","Fatemeh Nemati and Shakiba Ghasemi, field notes 2017","173","","","","Genāvei 100%","Fatemeh Nemati and Shakiba Ghasemi, field notes 2017",29.472943787195778,50.686487121231416,""
"","912291f437b8879158d946e3a629c9eb","10-1f452511257872dab4122b08ad2d7e65","1180562","بوشهر","Bushehr","گناوه","Genāveh","ریگ","Rig","","","رودحله","Rud Halleh","گاوسفید بزرگ","Gāv Sefid-e Bozorg","Gāspid Gottu","Fatemeh Nemati and Shakiba Ghasemi, field notes 2017","290","","","","Genāvei 100%","Fatemeh Nemati and Shakiba Ghasemi, field notes 2017",29.58542830006076,50.696149461781445,""
"","912291f437b8879158d946e3a629c780","10-8ea8e3c474530ff96dd3a0e8add79337","1180563","بوشهر","Bushehr","گناوه","Genāveh","ریگ","Rig","","","رودحله","Rud Halleh","حاج حجی","Hāj Haji","Hāj Heji","Fatemeh Nemati and Shakiba Ghasemi, field notes 2017","","(less than 4 households; population not specified in 2011 Census for reasons of privacy)","","","Genāvei 100%","Fatemeh Nemati and Shakiba Ghasemi, field notes 2017",29.24866780448091,50.753072193572116,""
"","912291f437b8879158d946e3a629bb9b","10-cf56607717f2b53feafca934312f37fc","1180564","بوشهر","Bushehr","گناوه","Genāveh","ریگ","Rig","","","رودحله","Rud Halleh","قلعه سرهان","Qal'eh-ye Sarhān","Qahle Sarhān","Fatemeh Nemati and Shakiba Ghasemi, field notes 2017","49","","","","Genāvei 100%","Fatemeh Nemati and Shakiba Ghasemi, field notes 2017",29.28053642113397,50.84664718590518,""
"","912291f437b8879158d946e3a629b740","10-a39867f304a9eff15f0cd70fffa84b79","1180565","بوشهر","Bushehr","گناوه","Genāveh","ریگ","Rig","","","رودحله","Rud Halleh","گوابین","Govābin","Govābin, Goābin","Fatemeh Nemati and Shakiba Ghasemi, field notes 2017","292","","","","Genāvei 100%","Fatemeh Nemati and Shakiba Ghasemi, field notes 2017",29.2756326740996,50.76317684137264,""
"","912291f437b8879158d946e3a629a973","10-7a1b7b3c4336951e738e1c7a5d584a8b","1180566","بوشهر","Bushehr","گناوه","Genāveh","ریگ","Rig","","","رودحله","Rud Halleh","مجنون","Majnun","Majnun","Fatemeh Nemati and Shakiba Ghasemi, field notes 2017","117","","","","Genāvei 100%","Fatemeh Nemati and Shakiba Ghasemi, field notes 2017",29.291952630294993,50.82072631798943,""
"","912291f437b8879158d946e3a629a07e","10-6a7496e89f2960e8992a5bb03155d63d","1180567","بوشهر","Bushehr","گناوه","Genāveh","ریگ","Rig","","","رودحله","Rud Halleh","محمدی","Mohammadi","Mahmedi, Mohamedi","Fatemeh Nemati and Shakiba Ghasemi, field notes 2017","423","","","","Genāvei 100%","Fatemeh Nemati and Shakiba Ghasemi, field notes 2017",29.285514793796217,50.78961269342002,""
"","912291f437b8879158d946e3a6299231","10-f4dcb34278bc22c92bfd5b873bc41e2a","1180568","بوشهر","Bushehr","گناوه","Genāveh","ریگ","Rig","","","رودحله","Rud Halleh","رودشور","Rud Shur","Ru Sur","Fatemeh Nemati and Shakiba Ghasemi, field notes 2017","191","","","","Genāvei 100%","Fatemeh Nemati and Shakiba Ghasemi, field notes 2017",29.46253863279621,50.76789944500524,""
"","912291f437b8879158d946e3a6299064","10-31ef86f731f4e9830b1f5591a1a4ca14","1180569","بوشهر","Bushehr","گناوه","Genāveh","ریگ","Rig","","","رودحله","Rud Halleh","سمندکی","Samandeki","Semandeki","Fatemeh Nemati and Shakiba Ghasemi, field notes 2017","","(less than 4 households; population not specified in 2011 Census for reasons of privacy)","","","Genāvei 100%","Fatemeh Nemati and Shakiba Ghasemi, field notes 2017",29.450120029954697,50.703828005878336,""
"","912291f437b8879158d946e3a62a2555","10-6e81549354f24fbbdb44d6cb6f6b9a78","1180570","بوشهر","Bushehr","گناوه","Genāveh","ریگ","Rig","","","رودحله","Rud Halleh","جزیره جنوبی","Jazireh-ye Jonubi","Jezire","Fatemeh Nemati and Shakiba Ghasemi, field notes 2017","770","","","","Genāvei 100%","Fatemeh Nemati and Shakiba Ghasemi, field notes 2017",29.420511931173486,50.66927806819454,""
"","912291f437b8879158d946e3a62a1b90","10-06982473aebfeea22d43c9df1342baf4","1180571","بوشهر","Bushehr","گناوه","Genāveh","ریگ","Rig","","","رودحله","Rud Halleh","احشام احمد","Ahshām-e Ahmad","Khesham Ahmad","Fatemeh Nemati and Shakiba Ghasemi, field notes 2017","39","","","","Genāvei 100%","Fatemeh Nemati and Shakiba Ghasemi, field notes 2017",29.23357677835247,50.73708622784663,""
"","912291f437b8879158d946e3a62a0eb8","10-33c2652434cc65b09f792d0a6e3feadd","1180572","بوشهر","Bushehr","گناوه","Genāveh","ریگ","Rig","بندرریگ","Bandar Rig","","","","","Bandar Rig","Fatemeh Nemati and Shakiba Ghasemi, field notes 2017","5619","","","","Genāvei 95%; mixed 4%; Koroshi 1%","Fatemeh Nemati and Shakiba Ghasemi, field notes 2017; Maryam Nourzaei, field notes 2014",29.48561064627476,50.6285383988403,""
"","912291f437b8879158d946e3a62a0bcf","8-ec1ca14350c2d7e240ea5ecfdcfd7f50","1180573","بوشهر","Bushehr","گناوه","Genāveh","مرکزی","Markazi","","","","","","","","","77030","","","","","","","",""
"","912291f437b8879158d946e3a62a03a0","8-d30a98724b84fea710fec176b69ed548","1180574","بوشهر","Bushehr","گناوه","Genāveh","مرکزی","Markazi","","","حیات داود","Hayāt Dāvud","","","","","12920","","","","","","","",""
"","912291f437b8879158d946e3a62a00cf","10-33abc0eae86a1002e9ef83de24e6c0f3","1180575","بوشهر","Bushehr","گناوه","Genāveh","مرکزی","Markazi","","","حیات داود","Hayāt Dāvud","احمدحسین","Ahmad Hoseyn","Ahmesin","Fatemeh Nemati and Shakiba Ghasemi, field notes 2017","28","","","","Genāvei 100%","Fatemeh Nemati and Shakiba Ghasemi, field notes 2017",29.80062086689145,50.441331329885045,""
"","912291f437b8879158d946e3a62a0094","10-6cc69d000ae25e53e5531c5e6c8cecb5","1180576","بوشهر","Bushehr","گناوه","Genāveh","مرکزی","Markazi","","","حیات داود","Hayāt Dāvud","بقعه","Boq'eh","Boqe","Fatemeh Nemati and Shakiba Ghasemi, field notes 2017","23","","","","Genāvei 100%","Fatemeh Nemati and Shakiba Ghasemi, field notes 2017",29.665910203778683,50.533195427397764,""
"","912291f437b8879158d946e3a629f6e7","10-5c9ab408f45152b22779d29de25f5c02","1180577","بوشهر","Bushehr","گناوه","Genāveh","مرکزی","Markazi","","","حیات داود","Hayāt Dāvud","بهمنیارغربی","Bahmanyār-e Gharbi","Bahmiyāri","Fatemeh Nemati and Shakiba Ghasemi, field notes 2017","90","","","","Genāvei 100%","Fatemeh Nemati and Shakiba Ghasemi, field notes 2017",29.72413267544371,50.53130628080357,""
"","912291f437b8879158d946e3a629e9ad","10-b8e0beff8d115b3e52b0f6a32e3202b9","1180578","بوشهر","Bushehr","گناوه","Genāveh","مرکزی","Markazi","","","حیات داود","Hayāt Dāvud","بینک","Binak","Binak, Bong","Fatemeh Nemati and Shakiba Ghasemi, field notes 2017","53","","","","Genāvei 100%","Fatemeh Nemati and Shakiba Ghasemi, field notes 2017",29.742609319425974,50.32676152886354,""
"","912291f437b8879158d946e3a629dcf6","10-cbebbcf1172418580088ae0f7665a182","1180579","بوشهر","Bushehr","گناوه","Genāveh","مرکزی","Markazi","","","حیات داود","Hayāt Dāvud","تل تل","Tol Tal","Tel Tal","Fatemeh Nemati and Shakiba Ghasemi, field notes 2017","190","","","","Genāvei 100%","Fatemeh Nemati and Shakiba Ghasemi, field notes 2017",29.65482506188835,50.552421501613956,""
"","912291f437b8879158d946e3a62a76be","10-8f92fd9393674a7f8fd0a0fe96b5fdf6","1180580","بوشهر","Bushehr","گناوه","Genāveh","مرکزی","Markazi","","","حیات داود","Hayāt Dāvud","چاه بردی","Chāh Bardi","Chah Bardi, Chah Vardi, Chāh Vardi","Fatemeh Nemati and Shakiba Ghasemi, field notes 2017","755","","","","Genāvei 100%","Fatemeh Nemati and Shakiba Ghasemi, field notes 2017",29.640950598722196,50.529805115203466,""
"","912291f437b8879158d946e3a62a6e23","10-8da74747294d76dfbfa10384472e4c3f","1180581","بوشهر","Bushehr","گناوه","Genāveh","مرکزی","Markazi","","","حیات داود","Hayāt Dāvud","چاه شور","Chāh Shur","Chah Sur, Chah Shur","Fatemeh Nemati and Shakiba Ghasemi, field notes 2017","","(less than 4 households; population not specified in 2011 Census for reasons of privacy)","","","Genāvei 100%","Fatemeh Nemati and Shakiba Ghasemi, field notes 2017",29.698702698738174,50.378618692221586,""
"","912291f437b8879158d946e3a62a6a94","10-3e453c352621e2817a2e81f86d31a9f6","1180582","بوشهر","Bushehr","گناوه","Genāveh","مرکزی","Markazi","","","حیات داود","Hayāt Dāvud","چاهک","Chāhak","Chahak","Fatemeh Nemati and Shakiba Ghasemi, field notes 2017","45","","","","Genāvei 100%","Fatemeh Nemati and Shakiba Ghasemi, field notes 2017",29.669863949431605,50.39638564473372,""
"","912291f437b8879158d946e3a62a601b","10-e5f91d401392ffcf291099b1bbd0245e","1180583","بوشهر","Bushehr","گناوه","Genāveh","مرکزی","Markazi","","","حیات داود","Hayāt Dāvud","چم شهاب","Cham-e Shahāb","Chem Shāhāb","Fatemeh Nemati and Shakiba Ghasemi, field notes 2017","138","","","","Genāvei 100%","Fatemeh Nemati and Shakiba Ghasemi, field notes 2017",29.64132359317368,50.55104821059807,""
"","912291f437b8879158d946e3a62a5e34","10-dabd20710656b666e17236a466784a9b","1180584","بوشهر","Bushehr","گناوه","Genāveh","مرکزی","Markazi","","","حیات داود","Hayāt Dāvud","چشمه","Cheshmeh","Cheshme","Fatemeh Nemati and Shakiba Ghasemi, field notes 2017","26","","","","Genāvei 100%","Fatemeh Nemati and Shakiba Ghasemi, field notes 2017",29.746626237503328,50.474716876793465,""
"","912291f437b8879158d946e3a62a4f8c","10-077cbf49b35ee3d74c0c1f7daec30ccf","1180585","بوشهر","Bushehr","گناوه","Genāveh","مرکزی","Markazi","","","حیات داود","Hayāt Dāvud","قلعه حیدر","Qal'eh-ye Heydar","Qahle-y Heydar","Fatemeh Nemati and Shakiba Ghasemi, field notes 2017","329","","","","Genāvei 100%","Fatemeh Nemati and Shakiba Ghasemi, field notes 2017",29.637016478680295,50.45713231449399,""
"","912291f437b8879158d946e3a62a49b2","10-b239adc7964e0b56656a04c0fc2becb0","1180586","بوشهر","Bushehr","گناوه","Genāveh","مرکزی","Markazi","","","حیات داود","Hayāt Dāvud","گشویی","Gashui","Geshuyi","Fatemeh Nemati and Shakiba Ghasemi, field notes 2017","237","","","","Genāvei 100%","Fatemeh Nemati and Shakiba Ghasemi, field notes 2017",29.55463988407141,50.548644951321606,""
"","912291f437b8879158d946e3a62a3e77","10-d26c7c9e1927c15125f6e260501cf6c9","1180587","بوشهر","Bushehr","گناوه","Genāveh","مرکزی","Markazi","","","حیات داود","Hayāt Dāvud","کنارسیاه","Konār Siāh","Konār Siyā","Fatemeh Nemati and Shakiba Ghasemi, field notes 2017","","(less than 4 households; population not specified in 2011 Census for reasons of privacy)","","","Genāvei 100%","Fatemeh Nemati and Shakiba Ghasemi, field notes 2017",29.727842119527025,50.486975177983815,""
"","912291f437b8879158d946e3a62a3347","10-25abb184684d48bb79955fbbbeac49c5","1180588","بوشهر","Bushehr","گناوه","Genāveh","مرکزی","Markazi","","","حیات داود","Hayāt Dāvud","تل برج","Tal Borj","Tol Borj","Fatemeh Nemati and Shakiba Ghasemi, field notes 2017","","(less than 4 households; population not specified in 2011 Census for reasons of privacy)","","","Genāvei 100%","Fatemeh Nemati and Shakiba Ghasemi, field notes 2017",29.68637637374737,50.52577020139728,""
"","912291f437b8879158d946e3a62a29bf","10-53801d2af38772166b1160faf96d1bfd","1180589","بوشهر","Bushehr","گناوه","Genāveh","مرکزی","Markazi","","","حیات داود","Hayāt Dāvud","مینی فلد","Mini Feld","Mini Feld","Fatemeh Nemati and Shakiba Ghasemi, field notes 2017","","(less than 4 households; population not specified in 2011 Census for reasons of privacy)","","","Genāvei 100%","Fatemeh Nemati and Shakiba Ghasemi, field notes 2017",29.61812126782137,50.51186562986564,""
"","912291f437b8879158d946e3a62ab792","10-4e29f3c0b42913553739aa5b3a62eeea","1180590","بوشهر","Bushehr","گناوه","Genāveh","مرکزی","Markazi","","","حیات داود","Hayāt Dāvud","غولکل، اسلام آباد","Ghulekal, Eslām Ābād","Ghulekal","Fatemeh Nemati and Shakiba Ghasemi, field notes 2017","180","","","","Genāvei 100%","Fatemeh Nemati and Shakiba Ghasemi, field notes 2017",29.72696378730739,50.56810705993045,""
"","912291f437b8879158d946e3a62ab30a","10-131bb20106278d3c83b99160b4884c6c","1180591","بوشهر","Bushehr","گناوه","Genāveh","مرکزی","Markazi","","","حیات داود","Hayāt Dāvud","میلک","Milak","Milak","Fatemeh Nemati and Shakiba Ghasemi, field notes 2017","19","","","","Genāvei 100%","Fatemeh Nemati and Shakiba Ghasemi, field notes 2017",29.629900011364505,50.583213261099864,""
"","912291f437b8879158d946e3a62aae74","10-f958c7fb9fddcec0390801f2d97ff9c3","1180592","بوشهر","Bushehr","گناوه","Genāveh","مرکزی","Markazi","","","حیات داود","Hayāt Dāvud","مرغداری حسین زاده، مرغداری صنعتی","Morghdāri-ye Hoseynzādeh, Morghdāri-ye San'ati","Morghdāri","Fatemeh Nemati and Shakiba Ghasemi, field notes 2017","","(less than 4 households; population not specified in 2011 Census for reasons of privacy)","","","Genāvei 100%","Fatemeh Nemati and Shakiba Ghasemi, field notes 2017",29.679222505872158,50.53237916440957,""
"","912291f437b8879158d946e3a62aa21d","10-f24a35056332e3732fee233f8ebae1d1","1180593","بوشهر","Bushehr","گناوه","Genāveh","مرکزی","Markazi","","","حیات داود","Hayāt Dāvud","بهمنیارشرقی","Bahmanyār-e Sharqi","Bahmiyāri","Fatemeh Nemati and Shakiba Ghasemi, field notes 2017","385","","","","Genāvei 100%","Fatemeh Nemati and Shakiba Ghasemi, field notes 2017",29.73169666213703,50.55051176879462,""
"","912291f437b8879158d946e3a62a97d1","10-6053bf8533c53189531a8fa621367d22","1180594","بوشهر","Bushehr","گناوه","Genāveh","مرکزی","Markazi","","","حیات داود","Hayāt Dāvud","شول","Shul","Shul","Fatemeh Nemati and Shakiba Ghasemi, field notes 2017","1029","","","","Genāvei 100%","Fatemeh Nemati and Shakiba Ghasemi, field notes 2017",29.831873070602835,50.522144726257,""
"","912291f437b8879158d946e3a62a91f5","10-554b93322b0a0dc8c2d9d6bf5929a3da","1180595","بوشهر","Bushehr","گناوه","Genāveh","مرکزی","Markazi","","","حیات داود","Hayāt Dāvud","مال محمدعبدالعلی","Māl-e Mohammad-e Abdolali","Māl Mahmid Abdeli","Fatemeh Nemati and Shakiba Ghasemi, field notes 2017","13","","","","Genāvei 100%","Fatemeh Nemati and Shakiba Ghasemi, field notes 2017",29.76832230476098,50.54690687987948,""
"","912291f437b8879158d946e3a62a8c9b","10-14098d9cf34354a5cdbb610f3c2f9c60","1180596","بوشهر","Bushehr","گناوه","Genāveh","مرکزی","Markazi","","","حیات داود","Hayāt Dāvud","تاج ملکی","Tāj Maleki","Tāj Molki, Tāj Melki","Fatemeh Nemati and Shakiba Ghasemi, field notes 2017","38","","","","Genāvei 100%","Fatemeh Nemati and Shakiba Ghasemi, field notes 2017",29.767279236633495,50.564030102227306,""
"","912291f437b8879158d946e3a62a7d03","10-000795b6f24f26d8a04a003b0013bf87","1180597","بوشهر","Bushehr","گناوه","Genāveh","مرکزی","Markazi","","","حیات داود","Hayāt Dāvud","عباسی","Abbasi","Ovāsi, Avāsi, Abbāsi","Fatemeh Nemati and Shakiba Ghasemi, field notes 2017","707","","","","Genāvei 100%","Fatemeh Nemati and Shakiba Ghasemi, field notes 2017",29.620004743676308,50.623467853989816,""
"","912291f437b8879158d946e3a62a7ba9","10-09bc386c535b00ea7c580d5c4b90a4a2","1180598","بوشهر","Bushehr","گناوه","Genāveh","مرکزی","Markazi","","","حیات داود","Hayāt Dāvud","فخرآوری","Fakhrāvari","Fahrāveri, Fahriyār, Fahriyāri","Fatemeh Nemati and Shakiba Ghasemi, field notes 2017","444","","","","Genāvei 100%","Fatemeh Nemati and Shakiba Ghasemi, field notes 2017",29.691739716973974,50.61295359465339,""
"","912291f437b8879158d946e3a62a77ab","10-3f50cf9e1d1e4168658ed8f4b6eafab8","1180599","بوشهر","Bushehr","گناوه","Genāveh","مرکزی","Markazi","","","حیات داود","Hayāt Dāvud","کلر","Kolar","Kolal, Kolar","Fatemeh Nemati and Shakiba Ghasemi, field notes 2017","184","","","","Genāvei 100%","Fatemeh Nemati and Shakiba Ghasemi, field notes 2017",29.878993336764115,50.52532046173045,""
"","912291f437b8879158d946e3a62b0883","10-7fa59fe8000e95a45aa2b249af7bdcfa","1180600","بوشهر","Bushehr","گناوه","Genāveh","مرکزی","Markazi","","","حیات داود","Hayāt Dāvud","کمالی","Kamāli","Kemāli","Fatemeh Nemati and Shakiba Ghasemi, field notes 2017","36","","","","Genāvei 100%","Fatemeh Nemati and Shakiba Ghasemi, field notes 2017",29.855919840317668,50.53081362579222,""
"","912291f437b8879158d946e3a62b02f9","10-3ebdfc574e9eb0639a03c74835c852a0","1180601","بوشهر","Bushehr","گناوه","Genāveh","مرکزی","Markazi","","","حیات داود","Hayāt Dāvud","گمارون","Gomārun","Gomārun","Fatemeh Nemati and Shakiba Ghasemi, field notes 2017","287","","","","Genāvei 100%","Fatemeh Nemati and Shakiba Ghasemi, field notes 2017",29.686203382673867,50.655826023541536,""
"","912291f437b8879158d946e3a62af44a","10-3149f2eea51586ee8310275aa0e3a24a","1180602","بوشهر","Bushehr","گناوه","Genāveh","مرکزی","Markazi","","","حیات داود","Hayāt Dāvud","بنکی صدرالدین، امامزاده صدرالدین","Banaki Sadr-od-Din, Emāmzādeh Sadr-od-Din","Beneki, Shāh Seyredin","Fatemeh Nemati and Shakiba Ghasemi, field notes 2017","","(less than 4 households; population not specified in 2011 Census for reasons of privacy)","","","Genāvei 100%","Fatemeh Nemati and Shakiba Ghasemi, field notes 2017",29.688058181842493,50.67189781995788,""
"","912291f437b8879158d946e3a62af114","10-86f647a309249611324f4f4ebf4dfabf","1180603","بوشهر","Bushehr","گناوه","Genāveh","مرکزی","Markazi","","","حیات داود","Hayāt Dāvud","گنجشکی","Gonjeshki","Gujiki, Gonjeshki","Fatemeh Nemati and Shakiba Ghasemi, field notes 2017","48","","","","Genāvei 100%","Fatemeh Nemati and Shakiba Ghasemi, field notes 2017",29.642405269269073,50.627888134445584,""
"","912291f437b8879158d946e3a62aece7","10-a39134b665fbd17805bc3e8619b2bf11","1180604","بوشهر","Bushehr","گناوه","Genāveh","مرکزی","Markazi","","","حیات داود","Hayāt Dāvud","محمدصالحی","Mohammad Salehi","Mamad Sālehi, Mamesādi, Mah Sālehi","Fatemeh Nemati and Shakiba Ghasemi, field notes 2017","1561","","","","Genāvei 100%","Fatemeh Nemati and Shakiba Ghasemi, field notes 2017",29.64501616368932,50.61153738829387,""
"","912291f437b8879158d946e3a62ae437","10-47dbd3941e6eea6087eb27e409d575e4","1180605","بوشهر","Bushehr","گناوه","Genāveh","مرکزی","Markazi","","","حیات داود","Hayāt Dāvud","مال قاید","Māl-e Qāyed","Māl Kohid, Māl Koyid","Fatemeh Nemati and Shakiba Ghasemi, field notes 2017","3092","","","","Genāvei 100%","Fatemeh Nemati and Shakiba Ghasemi, field notes 2017",29.607394097302688,50.490280083165985,""
"","912291f437b8879158d946e3a62ad857","10-43bcb61b94760fd063e226be85b629d5","1180606","بوشهر","Bushehr","گناوه","Genāveh","مرکزی","Markazi","","","حیات داود","Hayāt Dāvud","مال خلیفه","Māl-e Khalifeh","Māl Khelifey, Māl Khelife","Fatemeh Nemati and Shakiba Ghasemi, field notes 2017","1526","","","","Genāvei 100%","Fatemeh Nemati and Shakiba Ghasemi, field notes 2017",29.59724473935576,50.49886315201216,""
"","912291f437b8879158d946e3a62ad54f","10-7f43cae681d1341e29f24d9f777a638b","1180607","بوشهر","Bushehr","گناوه","Genāveh","مرکزی","Markazi","","","حیات داود","Hayāt Dāvud","سربست","Sar Bast","Sar Bas","Fatemeh Nemati and Shakiba Ghasemi, field notes 2017","1417","","","","Genāvei 100%","Fatemeh Nemati and Shakiba Ghasemi, field notes 2017",29.599185136756855,50.503047398074386,""
"","912291f437b8879158d946e3a62aca6d","10-09f62c895c70f72cd04bf868c4f5f4c9","1180608","بوشهر","Bushehr","گناوه","Genāveh","مرکزی","Markazi","بندرگناوه","Bandar-e Genāveh","","","","","Genāve","Fatemeh Nemati and Shakiba Ghasemi, field notes 2017","64110","","","","Genāvei 80%; mixed 19.8%; Koroshi 0.2%","Fatemeh Nemati and Shakiba Ghasemi, field notes 2017; Maryam Nourzaei, field notes 2014",29.573994383757608,50.516458443148,""
"","912291f437b8879158d946e3a62ac53d","8-9e4afbf022b0a797cc62aaeea76119cf","1180609","بوشهر","Bushehr","دیلم","Deylam","","","","","","","","","","","31570","","","","","","","",""
"","912291f437b8879158d946e3a62b45d3","8-d86450fe54e06aa6c2d93fa0f1b3df34","1180610","بوشهر","Bushehr","دیلم","Deylam","امام حسن","Emām Hasan","","","","","","","","","4615","","","","","","","",""
"","912291f437b8879158d946e3a62b394e","8-37299c048d3ae1f2297e4f13036e83e0","1180611","بوشهر","Bushehr","دیلم","Deylam","امام حسن","Emām Hasan","","","لیراوی جنوبی","Lirāvi Jonubi","","","","","1804","","","","","","","",""
"","912291f437b8879158d946e3a62b3675","12-8cecdb730ff74d4c7cd10ae1a95a3652","1180612","بوشهر","Bushehr","دیلم","Deylam","امام حسن","Emām Hasan","","","لیراوی جنوبی","Lirāvi Jonubi","بوالفتح","Bo-l-Fath","Bolfath, Bolfat","Fatemeh Nemati and Shakiba Ghasemi, field notes 2017","116","","","","Dilomi 100%","Fatemeh Nemati and Shakiba Ghasemi, field notes 2017",29.846982865014517,50.41972681441375,""
"","912291f437b8879158d946e3a62b2fc4","10-f2e2384342263ab6a312cee24fd77651","1180613","بوشهر","Bushehr","دیلم","Deylam","امام حسن","Emām Hasan","","","لیراوی جنوبی","Lirāvi Jonubi","قنات","Qanāt","Qenāt","Fatemeh Nemati and Shakiba Ghasemi, field notes 2017","","(less than 4 households; population not specified in 2011 Census for reasons of privacy)","","","Dilomi 100%","Fatemeh Nemati and Shakiba Ghasemi, field notes 2017",29.855190188525192,50.37453695693729,""
"","912291f437b8879158d946e3a62b2bf5","10-ec39261fd33e51dcf30ca5c30ce9c1cb","1180614","بوشهر","Bushehr","دیلم","Deylam","امام حسن","Emām Hasan","","","لیراوی جنوبی","Lirāvi Jonubi","مال سنان","Māl Sanān","Māl Senān","Fatemeh Nemati and Shakiba Ghasemi, field notes 2017","","(less than 4 households; population not specified in 2011 Census for reasons of privacy)","","","Dilomi 100%","Fatemeh Nemati and Shakiba Ghasemi, field notes 2017",29.93500247797829,50.338223518245705,""
"","912291f437b8879158d946e3a62b26ae","10-f300b28b0fd854eec977243f91c2f695","1180615","بوشهر","Bushehr","دیلم","Deylam","امام حسن","Emām Hasan","","","لیراوی جنوبی","Lirāvi Jonubi","بنه احمدان","Boneh-ye Ahmadān","Bone-y Ahmad","Fatemeh Nemati and Shakiba Ghasemi, field notes 2017","23","","","","Dilomi 100%","Fatemeh Nemati and Shakiba Ghasemi, field notes 2017",29.857879415322376,50.299814340588405,""
"","912291f437b8879158d946e3a62b226a","10-8d9d5021ac9b0fceaddb5d601bc40211","1180616","بوشهر","Bushehr","دیلم","Deylam","امام حسن","Emām Hasan","","","لیراوی جنوبی","Lirāvi Jonubi","چاه تلخ","Chāh Talkh","Chah Tahl, Chah Talkh","Fatemeh Nemati and Shakiba Ghasemi, field notes 2017","132","","","","Dilomi 100%","Fatemeh Nemati and Shakiba Ghasemi, field notes 2017",29.892252582540113,50.27994448077914,""
"","912291f437b8879158d946e3a62b1f2f","10-3744e8d18f7513928d5003229c2a9c0e","1180617","بوشهر","Bushehr","دیلم","Deylam","امام حسن","Emām Hasan","","","لیراوی جنوبی","Lirāvi Jonubi","حصار","Hesār","Hesār","Fatemeh Nemati and Shakiba Ghasemi, field notes 2017","842","","","","Dilomi 100%","Fatemeh Nemati and Shakiba Ghasemi, field notes 2017",29.862991317560596,50.263451031227625,""
"","912291f437b8879158d946e3a62b1b7e","10-a8613a1ffe06ec9ae7f79b62b4f1cb5a","1180618","بوشهر","Bushehr","دیلم","Deylam","امام حسن","Emām Hasan","","","لیراوی جنوبی","Lirāvi Jonubi","شیرینک","Shirinak","Shirunak","Fatemeh Nemati and Shakiba Ghasemi, field notes 2017","107","","","","Dilomi 100%","Fatemeh Nemati and Shakiba Ghasemi, field notes 2017",29.780648293445378,50.31927644919634,""
"","912291f437b8879158d946e3a62b14ce","12-e6268c20a59cb8c75cb9617a8d6ad238","1180619","بوشهر","Bushehr","دیلم","Deylam","امام حسن","Emām Hasan","","","لیراوی جنوبی","Lirāvi Jonubi","گاودار","Gāvdār","Gāvdār","Fatemeh Nemati and Shakiba Ghasemi, field notes 2017","76","","","","Dilomi 100%","Fatemeh Nemati and Shakiba Ghasemi, field notes 2017",29.865718335967312,50.290158388137115,""
"","912291f437b8879158d946e3a62b87a4","10-505ae3860a8d2e55facaa89090134cc5","1180620","بوشهر","Bushehr","دیلم","Deylam","امام حسن","Emām Hasan","","","لیراوی جنوبی","Lirāvi Jonubi","لیلتین","Lilatin","Lilatin","Fatemeh Nemati and Shakiba Ghasemi, field notes 2017","461","","","","Dilomi 100%","Fatemeh Nemati and Shakiba Ghasemi, field notes 2017",29.914648116504942,50.233166755565954,""
"","912291f437b8879158d946e3a62b8571","10-ccdd9bbee8a46b339576bdc6343055ce","1180621","بوشهر","Bushehr","دیلم","Deylam","امام حسن","Emām Hasan","","","لیراوی جنوبی","Lirāvi Jonubi","مال میر","Māl Mir","Māl Mir","Fatemeh Nemati and Shakiba Ghasemi, field notes 2017","36","","","","Dilomi 100%","Fatemeh Nemati and Shakiba Ghasemi, field notes 2017",29.86726278658753,50.29009401512078,""
"","912291f437b8879158d946e3a62b7bb4","8-34d1b3f9454e686a8b736614495a5203","1180622","بوشهر","Bushehr","دیلم","Deylam","امام حسن","Emām Hasan","","","لیراوی میانی","Lirāvi Miāni","","","","","313","","","","","","","",""
"","912291f437b8879158d946e3a62b7ad3","10-d2556903ca7b453c8a86d8db4cfcdfda","1180623","بوشهر","Bushehr","دیلم","Deylam","امام حسن","Emām Hasan","","","لیراوی میانی","Lirāvi Miāni","اسفندیاری","Esfandiāri","Esfandiyāri","Fatemeh Nemati and Shakiba Ghasemi, field notes 2017","","(less than 4 households; population not specified in 2011 Census for reasons of privacy)","","","Dilomi 100%","Fatemeh Nemati and Shakiba Ghasemi, field notes 2017",29.88029011501107,50.483749450537154,""
"","912291f437b8879158d946e3a62b7057","10-d71b0d845b5755a8dbea6697d972515b","1180624","بوشهر","Bushehr","دیلم","Deylam","امام حسن","Emām Hasan","","","لیراوی میانی","Lirāvi Miāni","بازتین","Bāztin","‌‌‌Bāztin","Fatemeh Nemati and Shakiba Ghasemi, field notes 2017","60","","","","Dilomi 100%","Fatemeh Nemati and Shakiba Ghasemi, field notes 2017",29.920060235055374,50.500314773410615,""
"","912291f437b8879158d946e3a62b6f64","10-d708b5ad6a24fb2e3b00a6d02bdd3438","1180625","بوشهر","Bushehr","دیلم","Deylam","امام حسن","Emām Hasan","","","لیراوی میانی","Lirāvi Miāni","والفجر، گربه ای","Va-l-Fajr, Gorbei","Valfajr, Gorbeyi","Fatemeh Nemati and Shakiba Ghasemi, field notes 2017","173","","","","Dilomi 100%","Fatemeh Nemati and Shakiba Ghasemi, field notes 2017",29.93679688395081,50.444567741253195,""
"","912291f437b8879158d946e3a62b6217","10-a90b113693c3ba94f5bb6026b493268f","1180626","بوشهر","Bushehr","دیلم","Deylam","امام حسن","Emām Hasan","","","لیراوی میانی","Lirāvi Miāni","گره","Gorreh","Gorre, Gorra","Fatemeh Nemati and Shakiba Ghasemi, field notes 2017","","(less than 4 households; population not specified in 2011 Census for reasons of privacy)","","","Dilomi 100%","Fatemeh Nemati and Shakiba Ghasemi, field notes 2017",29.899302882427833,50.45061880478932,""
"","912291f437b8879158d946e3a62b5f6a","10-13a5d8b34dc5c07c178976b6fb59651c","1180627","بوشهر","Bushehr","دیلم","Deylam","امام حسن","Emām Hasan","","","لیراوی میانی","Lirāvi Miāni","حسن ابادبوالفتح","Hasan Ābād-e Bo-l-Fath","Bolfat","Fatemeh Nemati and Shakiba Ghasemi, field notes 2017","53","","","","Dilomi 100%","Fatemeh Nemati and Shakiba Ghasemi, field notes 2017",29.869554299487305,50.43727213273296,""
"","912291f437b8879158d946e3a62b55b3","10-16f4f52ad2b1e4dcb87ffc674684c0f8","1180628","بوشهر","Bushehr","دیلم","Deylam","امام حسن","Emām Hasan","امام حسن","Emām Hasan","","","","","Emāmesan, Emām Hasan","Fatemeh Nemati and Shakiba Ghasemi, field notes 2017","2498","","","","Dilomi 90%; mixed 10%","Fatemeh Nemati and Shakiba Ghasemi, field notes 2017",29.840360826943837,50.2631077084732,""
"","912291f437b8879158d946e3a62b51fc","8-679ec1efa30e2be26dbd282c4d7f668c","1180629","بوشهر","Bushehr","دیلم","Deylam","مرکزی","Markazi","","","","","","","","","26948","","","","","","","",""
"","912291f437b8879158d946e3a62bc421","8-319ca54d939ba1fea02713c997154aa8","1180630","بوشهر","Bushehr","دیلم","Deylam","مرکزی","Markazi","","","لیراوی شمالی","Lirāvi Shomāli","","","","","2048","","","","","","","",""
"","912291f437b8879158d946e3a62bb632","10-a233699f46f086f574c38258af6f30c4","1180631","بوشهر","Bushehr","دیلم","Deylam","مرکزی","Markazi","","","لیراوی شمالی","Lirāvi Shomāli","بنه احمد","Boneh-ye Ahmad","Bone-y Ahmad","Fatemeh Nemati and Shakiba Ghasemi, field notes 2017","26","","","","Dilomi 100%","Fatemeh Nemati and Shakiba Ghasemi, field notes 2017",29.983637086197216,50.26947319221688,""
"","912291f437b8879158d946e3a62bad87","10-31e012d5d3bec400304040771fccc642","1180632","بوشهر","Bushehr","دیلم","Deylam","مرکزی","Markazi","","","لیراوی شمالی","Lirāvi Shomāli","بنه اسماعیل","Boneh-ye Esmā'il","Bone-y Esmā'il","Fatemeh Nemati and Shakiba Ghasemi, field notes 2017","423","","","","Dilomi 100%","Fatemeh Nemati and Shakiba Ghasemi, field notes 2017",30.076235494749273,50.26275861039951,""
"","912291f437b8879158d946e3a62baa97","10-69a88cd1743d659c547f5bf55315e01d","1180633","بوشهر","Bushehr","دیلم","Deylam","مرکزی","Markazi","","","لیراوی شمالی","Lirāvi Shomāli","بویرات","Boveyrāt","Beyrāt","Fatemeh Nemati and Shakiba Ghasemi, field notes 2017","16","","","","Dilomi 100%","Fatemeh Nemati and Shakiba Ghasemi, field notes 2017",29.97741803340324,50.22527033222683,""
"","912291f437b8879158d946e3a62ba90a","10-112c4d56762d46a33f81ad7fe63bb37b","1180634","بوشهر","Bushehr","دیلم","Deylam","مرکزی","Markazi","","","لیراوی شمالی","Lirāvi Shomāli","شیخ زنگی","Sheykh Zangi","Chah Zangi, Shikh Zangi","Fatemeh Nemati and Shakiba Ghasemi, field notes 2017","","(less than 4 households; population not specified in 2011 Census for reasons of privacy)","","","Dilomi 100%","Fatemeh Nemati and Shakiba Ghasemi, field notes 2017",29.988246295420343,50.2402478427941,""
"","912291f437b8879158d946e3a62b9fa6","10-7ac616a54d85e6b12d1109fbea75e94c","1180635","بوشهر","Bushehr","دیلم","Deylam","مرکزی","Markazi","","","لیراوی شمالی","Lirāvi Shomāli","باباحسن جنوبی","Bābā Hasan-e Jonubi","Bābā Hasan-e Jonubi","Fatemeh Nemati and Shakiba Ghasemi, field notes 2017","45","","","","Dilomi 100%","Fatemeh Nemati and Shakiba Ghasemi, field notes 2017",29.97737339118031,50.308527825023944,""
"","912291f437b8879158d946e3a62b9dd1","10-1a3e8db2d08eb258f1a7e9852f1cede2","1180636","بوشهر","Bushehr","دیلم","Deylam","مرکزی","Markazi","","","لیراوی شمالی","Lirāvi Shomāli","باباحسن شمالی","Bābā Hasan-e Shomāli","Bābā Hasan-e Shomāli","Fatemeh Nemati and Shakiba Ghasemi, field notes 2017","39","","","","Dilomi 100%","Fatemeh Nemati and Shakiba Ghasemi, field notes 2017",29.9818713734898,50.30397879853549,""
"","912291f437b8879158d946e3a62b9694","10-a430ed72dd9399d05e867cc7e73cb96e","1180637","بوشهر","Bushehr","دیلم","Deylam","مرکزی","Markazi","","","لیراوی شمالی","Lirāvi Shomāli","خواجه گیر","Khājegir","Khājegir","Fatemeh Nemati and Shakiba Ghasemi, field notes 2017","96","","","","Dilomi 100%","Fatemeh Nemati and Shakiba Ghasemi, field notes 2017",30.015386076377894,50.279581425338336,""
"","912291f437b8879158d946e3a62b9338","10-92de24ea0c85abab2003d6a74d8f2868","1180638","بوشهر","Bushehr","دیلم","Deylam","مرکزی","Markazi","","","لیراوی شمالی","Lirāvi Shomāli","سیاه مکان بزرگ","Siāh Makān-e Bozorg","Siya Mokun, Siya Mekun, Siyā Mekun, Sahkun Geppu","Fatemeh Nemati and Shakiba Ghasemi, field notes 2017","799","","","","Dilomi 100%","Fatemeh Nemati and Shakiba Ghasemi, field notes 2017",30.063329477981718,50.324942944192,""
"","912291f437b8879158d946e3a62b9264","10-c53d546290b1c088506b2efc2c985c51","1180639","بوشهر","Bushehr","دیلم","Deylam","مرکزی","Markazi","","","لیراوی شمالی","Lirāvi Shomāli","سیاه مکان کوچک","Siāh Makān-e Kuchak","Siya Mokun, Siya Mekun, Siyā Mekun, Sahkun Kuchku","Fatemeh Nemati and Shakiba Ghasemi, field notes 2017","","(less than 4 households; population not specified in 2011 Census for reasons of privacy)","","","Dilomi 100%","Fatemeh Nemati and Shakiba Ghasemi, field notes 2017",30.045239652875086,50.30610310807387,""
"","912291f437b8879158d946e3a62c119c","10-769e4f82c3bac45de8f381de48676739","1180640","بوشهر","Bushehr","دیلم","Deylam","مرکزی","Markazi","","","لیراوی شمالی","Lirāvi Shomāli","گاوزرد","Gāv Zard","Gā Zard, Gah Zard, Gow Zard, Gā Zar","Fatemeh Nemati and Shakiba Ghasemi, field notes 2017","134","","","","Dilomi 100%","Fatemeh Nemati and Shakiba Ghasemi, field notes 2017",29.968776474068815,50.383307812348534,""
"","912291f437b8879158d946e3a62c1140","12-406201fd50b45046450f3268f6df8707","1180641","بوشهر","Bushehr","دیلم","Deylam","مرکزی","Markazi","","","لیراوی شمالی","Lirāvi Shomāli","گزلوری","Gaz Luri","Gezaluri, Gazlori","Fatemeh Nemati and Shakiba Ghasemi, field notes 2017","202","","","","Dilomi 100%","Fatemeh Nemati and Shakiba Ghasemi, field notes 2017",30.032626824263446,50.336100933692755,""
"","912291f437b8879158d946e3a62c1009","10-1d3f756d22f7ef6b904c5a20a20ee591","1180642","بوشهر","Bushehr","دیلم","Deylam","مرکزی","Markazi","","","لیراوی شمالی","Lirāvi Shomāli","مال شهاب","Māl Shahāb","Māl Shāhāv","Fatemeh Nemati and Shakiba Ghasemi, field notes 2017","39","","","","Dilomi 100%","Fatemeh Nemati and Shakiba Ghasemi, field notes 2017",30.03366711829666,50.26962506547717,""
"","912291f437b8879158d946e3a62c0bf9","10-00bdcc0207bfde8bb01ad465161dea30","1180643","بوشهر","Bushehr","دیلم","Deylam","مرکزی","Markazi","","","لیراوی شمالی","Lirāvi Shomāli","مظفری جنوبی","Mozaffari-ye Jonubi","Mozafferi","Fatemeh Nemati and Shakiba Ghasemi, field notes 2017","17","","","","Dilomi 100%","Fatemeh Nemati and Shakiba Ghasemi, field notes 2017",29.996655660795472,50.36978947891584,""
"","912291f437b8879158d946e3a62c078a","10-94b79de4a8ee43d9c0b8640bfd7b5f7e","1180644","بوشهر","Bushehr","دیلم","Deylam","مرکزی","Markazi","","","لیراوی شمالی","Lirāvi Shomāli","مظفری شمالی","Mozaffari-ye Shomāli","Mozafferi","Fatemeh Nemati and Shakiba Ghasemi, field notes 2017","195","","","","Dilomi 100%","Fatemeh Nemati and Shakiba Ghasemi, field notes 2017",30.012338908356224,50.36451089157401,""
"","912291f437b8879158d946e3a62bfe87","8-a26de0a3a880a18bd1768130cc94e752","1180645","بوشهر","Bushehr","دیلم","Deylam","مرکزی","Markazi","","","حومه","Humeh","","","","","2507","","","","","","","",""
"","912291f437b8879158d946e3a62bf0fe","10-7fc0ccd86e8b3bc93dc9c3df3e2652dc","1180646","بوشهر","Bushehr","دیلم","Deylam","مرکزی","Markazi","","","حومه","Humeh","عامری","Āmeri","Umeri, Āmeri, Omeri","Fatemeh Nemati and Shakiba Ghasemi, field notes 2017","1694","","","","Dilomi 100%","Fatemeh Nemati and Shakiba Ghasemi, field notes 2017",30.164359889311424,50.183193562192024,""
"","912291f437b8879158d946e3a62beb00","10-75617dfff48903f363671697f9f91fa8","1180647","بوشهر","Bushehr","دیلم","Deylam","مرکزی","Markazi","","","حومه","Humeh","بنه خاطر","Boneh-ye Khāter","Bone Qāter","Fatemeh Nemati and Shakiba Ghasemi, field notes 2017","208","","","","Dilomi 100%","Fatemeh Nemati and Shakiba Ghasemi, field notes 2017",30.10601504081647,50.23117291704389,""
"","912291f437b8879158d946e3a62bdc63","10-095d93805f86b8d6532520ce8b9b48f0","1180648","بوشهر","Bushehr","دیلم","Deylam","مرکزی","Markazi","","","حومه","Humeh","بیدو","Bidu ","Bidu, Bidā","Fatemeh Nemati and Shakiba Ghasemi, field notes 2017","263","","","","Dilomi 100%","Fatemeh Nemati and Shakiba Ghasemi, field notes 2017",30.12776848818807,50.278036472946134,""
"","912291f437b8879158d946e3a62bcf21","10-1b25e449c7e1c07992a82e973e766747","1180649","بوشهر","Bushehr","دیلم","Deylam","مرکزی","Markazi","","","حومه","Humeh","حاج حیدری","Hāj Heydari","Hāj Heyderi","Fatemeh Nemati and Shakiba Ghasemi, field notes 2017","","(less than 4 households; population not specified in 2011 Census for reasons of privacy)","","","Dilomi 100%","Fatemeh Nemati and Shakiba Ghasemi, field notes 2017",30.116513104353555,50.19854681682892,""
"","912291f437b8879158d946e3a62c6a84","10-8d76be0cb3d547fe4ca971078b4bec35","1180650","بوشهر","Bushehr","دیلم","Deylam","مرکزی","Markazi","","","حومه","Humeh","کنارکوه","Konār Kuh","Kenār Ku","Fatemeh Nemati and Shakiba Ghasemi, field notes 2017","337","","","","Dilomi 100%","Fatemeh Nemati and Shakiba Ghasemi, field notes 2017",30.14113000472363,50.24267422929817,""
"","912291f437b8879158d946e3a62c6282","10-4f03fabd989bb3ae72e242802d3a6b4a","1180651","بوشهر","Bushehr","دیلم","Deylam","مرکزی","Markazi","بندردیلم","Bandar-e Deylam","","","","","Dilom","Fatemeh Nemati and Shakiba Ghasemi, field notes 2017","22393","","","","Dilomi 90%; mixed 9.8%; Koroshi 0.2%","Fatemeh Nemati and Shakiba Ghasemi, field notes 2017; Maryam Nourzaei, field notes 2014",30.054433560134214,50.160791752503265,""
"","912291f437b8879158d946e3a62c554d","8-eab233c7c7503ff7246325fca40d337d","1180652","بوشهر","Bushehr","دیلم","Deylam","","","","","","","","","","","","(less than 4 households; population not specified in 2011 Census for reasons of privacy)","","","","","","",""
"","912291f437b8879158d946e3a62c540e","8-2e466093d1d0b00f9815bf9d37c7ff7d","1180653","بوشهر","Bushehr","دیلم","Deylam","","","","","","","","","","","","(less than 4 households; population not specified in 2011 Census for reasons of privacy)","","","","","","",""
"","912291f437b8879158d946e3a62c4984","8-644dce3530a3602baf43cc56bc9ef4cf","1180654","بوشهر","Bushehr","دیلم","Deylam","","","","","","","","","","","","(less than 4 households; population not specified in 2011 Census for reasons of privacy)","","","","","","",""
"","912291f437b8879158d946e3a62c47ed","8-719459f85ae8b6981db40f03acff7a6f","1180655","بوشهر","Bushehr","جم","Jam","","","","","","","","","","","51446","","","","","","","",""
"","912291f437b8879158d946e3a62c3f42","8-2958d9f0252006748d5f58a4e7bd496c","1180656","بوشهر","Bushehr","جم","Jam","ریز","Riz","","","","","","","","","11018","","","","","","","",""
"","912291f437b8879158d946e3a62c3846","8-a3b382a1afb25bb442e4f77efed95c14","1180657","بوشهر","Bushehr","جم","Jam","ریز","Riz","","","انارستان","Anārestān","","","","","616","","","","","","","",""
"","912291f437b8879158d946e3a62c2b3c","10-72a9fa45af431f38e3cf367f8e096ee3","1180658","بوشهر","Bushehr","جم","Jam","ریز","Riz","","","انارستان","Anārestān","اهنجت","Ahenjat","Ahenjat","Fatemeh Nemati and Shakiba Ghasemi, field notes 2017","20","","","","Jami 100%","Fatemeh Nemati and Shakiba Ghasemi, field notes 2017",28.077091958764274,51.95252293195501,""
"","912291f437b8879158d946e3a62c1bc2","10-0801b25e420b3c3c0046451691d98cfb","1180659","بوشهر","Bushehr","جم","Jam","ریز","Riz","","","انارستان","Anārestān","سرچشمه","Sar Cheshmeh","Sar Chashme","Fatemeh Nemati and Shakiba Ghasemi, field notes 2017","306","","","","Jami 100%","Fatemeh Nemati and Shakiba Ghasemi, field notes 2017",28.127922957087154,51.91428536024437,""
"","912291f437b8879158d946e3a62cca29","10-fde44b4b0282ddf5c7b7ef4a096b1e0f","1180660","بوشهر","Bushehr","جم","Jam","ریز","Riz","","","انارستان","Anārestān","قلعه باغ","Qal'eh Bāgh","Kahle Bāgh","Fatemeh Nemati and Shakiba Ghasemi, field notes 2017","88","","","","Jami 100%","Fatemeh Nemati and Shakiba Ghasemi, field notes 2017",28.041302283601112,52.059916390958534,""
"","912291f437b8879158d946e3a62cbd18","14-3f86acbca93cdd9e8901dba7eecf99bb","1180661","بوشهر","Bushehr","جم","Jam","ریز","Riz","","","انارستان","Anārestān","موردی","Murdi","Murdi, Morkor","Fatemeh Nemati and Shakiba Ghasemi, field notes 2017","21","","","","Jami 100%","Fatemeh Nemati and Shakiba Ghasemi, field notes 2017",28.051757752211447,51.9792806490823,""
"","912291f437b8879158d946e3a62cbb03","10-21e24ba97724e0df3d2e4abe41c213ca","1180662","بوشهر","Bushehr","جم","Jam","ریز","Riz","","","انارستان","Anārestān","نورد","Navard","Neverd","Fatemeh Nemati and Shakiba Ghasemi, field notes 2017","17","","","","Jami 100%","Fatemeh Nemati and Shakiba Ghasemi, field notes 2017",28.15946391914377,51.93046696256004,""
"","912291f437b8879158d946e3a62cb83d","10-7c2f297df89020fef04e3a838375c18f","1180663","بوشهر","Bushehr","جم","Jam","ریز","Riz","","","انارستان","Anārestān","بیدو، بیدو موردی","Bidu, Bidu Murdi","Bidu","Fatemeh Nemati and Shakiba Ghasemi, field notes 2017","31","","","","Jami 100%","Fatemeh Nemati and Shakiba Ghasemi, field notes 2017",28.05597075890003,52.00397842968935,""
"","912291f437b8879158d946e3a62cabdf","10-341043f60c7afe532e44418f957418a8","1180664","بوشهر","Bushehr","جم","Jam","ریز","Riz","","","انارستان","Anārestān","تل حاج نوشاد","Tal-e Hāj Nowshād","Tol-e Hoji Nowshād, Hāj Nowshād","Fatemeh Nemati and Shakiba Ghasemi, field notes 2017","133","","","","Jami 100%","Fatemeh Nemati and Shakiba Ghasemi, field notes 2017",28.008485925464573,52.1059001823029,""
"","912291f437b8879158d946e3a62ca3d2","8-65ee586cf1a5b48e7c0ae577e2d5b87e","1180665","بوشهر","Bushehr","جم","Jam","ریز","Riz","","","ریز","Riz","","","","","1562","","","","","","","",""
"","912291f437b8879158d946e3a62ca399","8-8287293fbf475f605a5426784d26c630","1180666","بوشهر","Bushehr","جم","Jam","ریز","Riz","","","ریز","Riz","پس گلی","Pas Geli","Pas Gili, Pes-e Gili","Fatemeh Nemati and Shakiba Ghasemi, field notes 2017","","(less than 4 households; population not specified in 2011 Census for reasons of privacy)","","","Jami 100%","Fatemeh Nemati and Shakiba Ghasemi, field notes 2017","","",""
"","912291f437b8879158d946e3a62c93b7","10-d8946bb8fa97622e93fb294b1b279dcf","1180667","بوشهر","Bushehr","جم","Jam","ریز","Riz","","","ریز","Riz","پشتو","Poshtu","Poshtu, Poshtow","Fatemeh Nemati and Shakiba Ghasemi, field notes 2017","939","","","","Jami 100%","Fatemeh Nemati and Shakiba Ghasemi, field notes 2017",28.053065446212923,52.060340696436064,""
"","912291f437b8879158d946e3a62c848d","10-3c0266897040de088c3cae216d512030","1180668","بوشهر","Bushehr","جم","Jam","ریز","Riz","","","ریز","Riz","قلعه کهنه","Qal'eh Kohneh","Kahle Kohne, Kahl Kone","Fatemeh Nemati and Shakiba Ghasemi, field notes 2017","275","","","","Jami 100%","Fatemeh Nemati and Shakiba Ghasemi, field notes 2017",28.05001660043273,52.06205731020548,""
"","912291f437b8879158d946e3a62c7666","14-3adfaeb6f069c046e46c1bc725a7b08f","1180669","بوشهر","Bushehr","جم","Jam","ریز","Riz","","","ریز","Riz","گلی بردگان","Geli Bardekān","Gili Bardekān, Gil Bardekān","Fatemeh Nemati and Shakiba Ghasemi, field notes 2017","15","","","","Jami 100%","Fatemeh Nemati and Shakiba Ghasemi, field notes 2017",28.042280476485278,52.088793569662755,""
"","912291f437b8879158d946e3a62d1274","10-374094207a4440f2c71ef0e7b9d888dc","1180670","بوشهر","Bushehr","جم","Jam","ریز","Riz","","","ریز","Riz","حسین آباد","Hoseyn Ābād","Hoseyn Āvād","Fatemeh Nemati and Shakiba Ghasemi, field notes 2017","323","","","","Jami 100%","Fatemeh Nemati and Shakiba Ghasemi, field notes 2017",28.051474754852684,52.04875355349364,""
"","912291f437b8879158d946e3a62d03c0","8-0f5ef5f7f6598cc3854adec0728422eb","1180671","بوشهر","Bushehr","جم","Jam","ریز","Riz","","","تشان","Tashān","","","","","3700","","","","","","","",""
"","912291f437b8879158d946e3a62cfe5f","16-6d30fbcdebe11f9b14049114812d0504","1180672","بوشهر","Bushehr","جم","Jam","ریز","Riz","","","تشان","Tashān","اسفندیار","Esfandiār","Esfandiyār","Fatemeh Nemati and Shakiba Ghasemi, field notes 2017","54","","","","Jami 100%","Fatemeh Nemati and Shakiba Ghasemi, field notes 2017",27.980853098716214,52.24479917524848,""
"","912291f437b8879158d946e3a62cfac9","14-6e2227c540d48af34507471867d1914d","1180673","بوشهر","Bushehr","جم","Jam","ریز","Riz","","","تشان","Tashān","بیدو","Bidu","Bidu Bāley, Biyo","Fatemeh Nemati and Shakiba Ghasemi, field notes 2017","60","","","","Jami 100%","Fatemeh Nemati and Shakiba Ghasemi, field notes 2017",27.978427552682152,52.255570926650286,""
"","912291f437b8879158d946e3a62cec4a","10-a5a5b2a42279ad6baa431237a07d6085","1180674","بوشهر","Bushehr","جم","Jam","ریز","Riz","","","تشان","Tashān","تشان","Tashān","Tashān","Fatemeh Nemati and Shakiba Ghasemi, field notes 2017","1318","","","","Jami 100%","Fatemeh Nemati and Shakiba Ghasemi, field notes 2017",28.04003623359355,52.12025051698478,""
"","912291f437b8879158d946e3a62cec41","10-bd37e72cf828334c7f7305672bdc6272","1180675","بوشهر","Bushehr","جم","Jam","ریز","Riz","","","تشان","Tashān","چاله","Chāleh","Chāle","Fatemeh Nemati and Shakiba Ghasemi, field notes 2017","","(less than 4 households; population not specified in 2011 Census for reasons of privacy)","","","Jami 100%","Fatemeh Nemati and Shakiba Ghasemi, field notes 2017",27.977328459176093,52.25999120710605,""
"","912291f437b8879158d946e3a62ce74a","10-e6a5104134f61f644eb9c54b94f61213","1180676","بوشهر","Bushehr","جم","Jam","ریز","Riz","","","تشان","Tashān","چرموک","Charmuk","Charmuk ","Fatemeh Nemati and Shakiba Ghasemi, field notes 2017","111","","","","Jami 100%","Fatemeh Nemati and Shakiba Ghasemi, field notes 2017",27.97812435559188,52.24003557203739,""
"","912291f437b8879158d946e3a62cdad9","10-0bf70e718f4db209d55f880b1a498ab9","1180677","بوشهر","Bushehr","جم","Jam","ریز","Riz","","","تشان","Tashān","حرمیک","Hermiak","Hermiyak","Fatemeh Nemati and Shakiba Ghasemi, field notes 2017","134","","","","Jami 100%","Fatemeh Nemati and Shakiba Ghasemi, field notes 2017",28.002453211223592,52.19338659285688,""
"","912291f437b8879158d946e3a62cd3a7","10-f884bde791b1a722cec422136ebd9f3d","1180678","بوشهر","Bushehr","جم","Jam","ریز","Riz","","","تشان","Tashān","بنگو","Bangu","Bangu ","Fatemeh Nemati and Shakiba Ghasemi, field notes 2017","","(less than 4 households; population not specified in 2011 Census for reasons of privacy)","","","Jami 100%","Fatemeh Nemati and Shakiba Ghasemi, field notes 2017",28.07724358423017,52.130405543710516,""
"","912291f437b8879158d946e3a62ccbfc","10-4fca2deabee60bb3a1a985f3eb680b10","1180679","بوشهر","Bushehr","جم","Jam","ریز","Riz","","","تشان","Tashān","دوتوولی","Dutu Vali","Dutu Vali","Fatemeh Nemati and Shakiba Ghasemi, field notes 2017","","(less than 4 households; population not specified in 2011 Census for reasons of privacy)","","","Jami 100%","Fatemeh Nemati and Shakiba Ghasemi, field notes 2017",27.95125960650077,52.162230052942945,""
"","912291f437b8879158d946e3a62d6e7a","10-a28dc64a44ba87d825913fb39b9d1f4a","1180680","بوشهر","Bushehr","جم","Jam","ریز","Riz","","","تشان","Tashān","تنگمان، جمال آباد","Tangemān, Jamāl Ābād","Tangemān, Jomāl Ābād, Jomāl Āvād","Fatemeh Nemati and Shakiba Ghasemi, field notes 2017","721","","","","Jami 100%","Fatemeh Nemati and Shakiba Ghasemi, field notes 2017",27.98094784550056,52.145299949643245,""
"","912291f437b8879158d946e3a62d642b","10-e9c381829de03ad25f8a0bcf67468cde","1180681","بوشهر","Bushehr","جم","Jam","ریز","Riz","","","تشان","Tashān","دره بان","Darreh Bān","Dervān, Derebān","Fatemeh Nemati and Shakiba Ghasemi, field notes 2017","873","","","","Jami 100%","Fatemeh Nemati and Shakiba Ghasemi, field notes 2017",28.032364110221582,52.118392028809666,""
"","912291f437b8879158d946e3a62d5eb9","10-076d1ed5d59d0c8ed3ea7be278ffb830","1180682","بوشهر","Bushehr","جم","Jam","ریز","Riz","","","تشان","Tashān","گندمزار","Gandomzār","Gandomzār","Fatemeh Nemati and Shakiba Ghasemi, field notes 2017","409","","","","Jami 100%","Fatemeh Nemati and Shakiba Ghasemi, field notes 2017",27.960859665655164,52.174825706475026,""
"","912291f437b8879158d946e3a62d5043","10-8f3490cedbea70ea662a9fe131d1c392","1180683","بوشهر","Bushehr","جم","Jam","ریز","Riz","انارستان","Anārestān","","","","","Nārsān","Fatemeh Nemati and Shakiba Ghasemi, field notes 2017","2735","","","","Jami 90%; mixed 10%","Fatemeh Nemati and Shakiba Ghasemi, field notes 2017",28.031513365765992,52.06332616673001,""
"","912291f437b8879158d946e3a62d4821","10-99234d91bb9f071636f40f3a1c96e55b","1180684","بوشهر","Bushehr","جم","Jam","ریز","Riz","ریز","Riz","","","","","Riz","Fatemeh Nemati and Shakiba Ghasemi, field notes 2017","2405","","","","Jami 90%; mixed 10%","Fatemeh Nemati and Shakiba Ghasemi, field notes 2017",28.053974402138483,52.07304363832902,""
"","912291f437b8879158d946e3a62d3871","8-5bc6fde739e16ab59c7ac608b43241ac","1180685","بوشهر","Bushehr","جم","Jam","مرکزی","Markazi","","","","","","","","","40428","","","","","","","",""
"","912291f437b8879158d946e3a62d3481","8-6bf338ac994d2456d745d77eb2ec3d32","1180686","بوشهر","Bushehr","جم","Jam","مرکزی","Markazi","","","جم","Jam","","","","","20426","","","","","","","",""
"","912291f437b8879158d946e3a62d29a3","12-b8f7cf9b0c621a7a8539abcf2dc59811","1180687","بوشهر","Bushehr","جم","Jam","مرکزی","Markazi","","","جم","Jam","بندانو","Bandānu","Bandenu","Fatemeh Nemati and Shakiba Ghasemi, field notes 2017","140","","","","Jami 100%","Fatemeh Nemati and Shakiba Ghasemi, field notes 2017",27.87699719395107,52.26808911323621,""
"","912291f437b8879158d946e3a62d209e","10-a1b8b629686277839e7201b994483958","1180688","بوشهر","Bushehr","جم","Jam","مرکزی","Markazi","","","جم","Jam","چم دره","Cham-e Darreh","Chem Dere, Chem Dera","Fatemeh Nemati and Shakiba Ghasemi, field notes 2017","135","","","","Jami 100%","Fatemeh Nemati and Shakiba Ghasemi, field notes 2017",27.86084607678632,52.26672337260789,""
"","912291f437b8879158d946e3a62d1abe","10-d9f99fcda6f7ca03141f23aad7e8c297","1180689","بوشهر","Bushehr","جم","Jam","مرکزی","Markazi","","","جم","Jam","کوچو خرزهره","Kuchu Khar Zahreh","Guchu Khal Zahle","Fatemeh Nemati and Shakiba Ghasemi, field notes 2017","119","","","","Jami 100%","Fatemeh Nemati and Shakiba Ghasemi, field notes 2017",27.863136729605777,52.280788876680376,""
"","912291f437b8879158d946e3a62db358","10-5fd72d2dc307853ab067c13fa9c14561","1180690","بوشهر","Bushehr","جم","Jam","مرکزی","Markazi","","","جم","Jam","قصاب","Qassāb","Kassāv","Fatemeh Nemati and Shakiba Ghasemi, field notes 2017","16","","","","Jami 100%","Fatemeh Nemati and Shakiba Ghasemi, field notes 2017",27.86770366309878,52.287623145248965,""
"","912291f437b8879158d946e3a62db311","10-d043a3f1876141a086cbcd0b7f815d7e","1180691","بوشهر","Bushehr","جم","Jam","مرکزی","Markazi","","","جم","Jam","نیلاب","Nilāb","Neylāb, Nilow","Fatemeh Nemati and Shakiba Ghasemi, field notes 2017","101","","","","Jami 100%","Fatemeh Nemati and Shakiba Ghasemi, field notes 2017",27.87486430318105,52.26554320064192,""
"","912291f437b8879158d946e3a62dad24","10-887a0dc6cfb34380ffef03c1c53cbb55","1180692","بوشهر","Bushehr","جم","Jam","مرکزی","Markazi","","","جم","Jam","اکبرآباد","Akbar Ābād","Akbar Āvād ","Fatemeh Nemati and Shakiba Ghasemi, field notes 2017","136","","","","Jami 100%","Fatemeh Nemati and Shakiba Ghasemi, field notes 2017",27.86191833096006,52.29529523873155,""
"","912291f437b8879158d946e3a62da873","10-540720e9b1a5ab18d4f61834d74b281e","1180693","بوشهر","Bushehr","جم","Jam","مرکزی","Markazi","","","جم","Jam","بیدان","Bidān","Bidān","Fatemeh Nemati and Shakiba Ghasemi, field notes 2017","46","","","","Jami 100%","Fatemeh Nemati and Shakiba Ghasemi, field notes 2017",27.858598491187156,52.30115318321955,""
"","912291f437b8879158d946e3a62d9f2a","10-62d232f4715516f4a867961146129dc7","1180694","بوشهر","Bushehr","جم","Jam","مرکزی","Markazi","","","جم","Jam","تل قلعه","Tal-e Qal'eh","Tol Kahle","Fatemeh Nemati and Shakiba Ghasemi, field notes 2017","213","","","","Jami 100%","Fatemeh Nemati and Shakiba Ghasemi, field notes 2017",27.86208863152797,52.286271311905786,""
"","912291f437b8879158d946e3a62d91e7","10-2249b6b5e2a52d82febacfa9ccc02f7c","1180695","بوشهر","Bushehr","جم","Jam","مرکزی","Markazi","","","جم","Jam","ذکی علمداری","Zaki Alamdāri","Zeki Elamdori","Fatemeh Nemati and Shakiba Ghasemi, field notes 2017","22","","","","Jami 100%","Fatemeh Nemati and Shakiba Ghasemi, field notes 2017",27.85771591391835,52.29386732783592,""
"","912291f437b8879158d946e3a62d9102","10-400f281c5da147b5f59f81457c2db629","1180696","بوشهر","Bushehr","جم","Jam","مرکزی","Markazi","","","جم","Jam","فرامرزی","Farāmarzi","Felāmarzi, Ferāmarzi","Fatemeh Nemati and Shakiba Ghasemi, field notes 2017","218","","","","Jami 100%","Fatemeh Nemati and Shakiba Ghasemi, field notes 2017",27.85442483407853,52.29802036309062,""
"","912291f437b8879158d946e3a62d8a37","10-ebc6dd07e22458d102574ea7c170d347","1180697","بوشهر","Bushehr","جم","Jam","مرکزی","Markazi","","","جم","Jam","قایدی","Qāedi","Kāedi","Fatemeh Nemati and Shakiba Ghasemi, field notes 2017","856","","","","Jami 100%","Fatemeh Nemati and Shakiba Ghasemi, field notes 2017",27.856890674106875,52.29019806590354,""
"","912291f437b8879158d946e3a62d7de9","10-a6173e90f849810f32288fe55983327a","1180698","بوشهر","Bushehr","جم","Jam","مرکزی","Markazi","","","جم","Jam","هنگدان","Hangdān","Hongdān","Fatemeh Nemati and Shakiba Ghasemi, field notes 2017","446","","","","Jami 100%","Fatemeh Nemati and Shakiba Ghasemi, field notes 2017",27.85491809283672,52.29602479958402,""
"","912291f437b8879158d946e3a62d746d","10-ba94871fe667afd3960f1a5fc460c427","1180699","بوشهر","Bushehr","جم","Jam","مرکزی","Markazi","","","جم","Jam","نرگسی","Nargesi","Nargesi","Fatemeh Nemati and Shakiba Ghasemi, field notes 2017","","(less than 4 households; population not specified in 2011 Census for reasons of privacy)","","","Jami 100%","Fatemeh Nemati and Shakiba Ghasemi, field notes 2017",27.848145074533264,52.30108881020322,""
"","912291f437b8879158d946e3a62df7c4","10-6add8a17608708cc9ec0bd2342be77da","1180700","بوشهر","Bushehr","جم","Jam","مرکزی","Markazi","","","جم","Jam","احمد آباد","Ahmad Ābad","Ahmad Āvad","Fatemeh Nemati and Shakiba Ghasemi, field notes 2017","76","","","","Jami 100%","Fatemeh Nemati and Shakiba Ghasemi, field notes 2017",27.84763281224429,52.293278217553144,""
"","912291f437b8879158d946e3a62dedb3","10-0e5c283398e57d2f8fbd92072d39362b","1180701","بوشهر","Bushehr","جم","Jam","مرکزی","Markazi","","","جم","Jam","خانیچه","Khānicheh","Khāniche","Fatemeh Nemati and Shakiba Ghasemi, field notes 2017","22","","","","Jami 100%","Fatemeh Nemati and Shakiba Ghasemi, field notes 2017",27.916771339120114,52.36987865679998,""
"","912291f437b8879158d946e3a62de1c8","10-cd9df9cdc0659b6c3550577cd87fda49","1180702","بوشهر","Bushehr","جم","Jam","مرکزی","Markazi","","","جم","Jam","بابامبارکی","Bābā Mobāraki","Bāvā Movāreki, Bovā Movāreki, Tol Bomovārak","Fatemeh Nemati and Shakiba Ghasemi, field notes 2017","698","","","","Jami 100%","Fatemeh Nemati and Shakiba Ghasemi, field notes 2017",27.858750257509097,52.30535888695449,""
"","912291f437b8879158d946e3a62de118","10-5a4079895184e1ddcd327d75a6dd68d8","1180703","بوشهر","Bushehr","جم","Jam","مرکزی","Markazi","","","جم","Jam","بیدبلند","Bid Boland","Bid Boland","Fatemeh Nemati and Shakiba Ghasemi, field notes 2017","85","","","","Jami 100%","Fatemeh Nemati and Shakiba Ghasemi, field notes 2017",27.852850185335598,52.305015564200964,""
"","912291f437b8879158d946e3a62ddbfb","12-3651d398242683d5bb848e0cffe322fa","1180704","بوشهر","Bushehr","جم","Jam","مرکزی","Markazi","","","جم","Jam","چم برکه","Cham-e Berkeh","Chem Berke","Fatemeh Nemati and Shakiba Ghasemi, field notes 2017","10","","","","Jami 100%","Fatemeh Nemati and Shakiba Ghasemi, field notes 2017",27.85137037410619,52.313233852620904,""
"","912291f437b8879158d946e3a62dd417","10-8bee49c329e178643a179b0786c17ec0","1180705","بوشهر","Bushehr","جم","Jam","مرکزی","Markazi","","","جم","Jam","دومیتی","Dumiti","Dimiti","Fatemeh Nemati and Shakiba Ghasemi, field notes 2017","75","","","","Jami 100%","Fatemeh Nemati and Shakiba Ghasemi, field notes 2017",27.844673027198823,52.31675291084789,""
"","912291f437b8879158d946e3a62dd1b7","10-0856eafc0bf0fe4efe0b48777afc8438","1180706","بوشهر","Bushehr","جم","Jam","مرکزی","Markazi","","","جم","Jam","علی آباد","Ali Ābād","Eli Āvād","Fatemeh Nemati and Shakiba Ghasemi, field notes 2017","1336","","","","Jami 100%","Fatemeh Nemati and Shakiba Ghasemi, field notes 2017",27.843544113547217,52.322246074908755,""
"","912291f437b8879158d946e3a62dc7e9","10-ab3f90a78d27a22b0287fe54f6fc8769","1180707","بوشهر","Bushehr","جم","Jam","مرکزی","Markazi","","","جم","Jam","منظر","Manzar","Manzar, Kowri Manzar","Fatemeh Nemati and Shakiba Ghasemi, field notes 2017","102","","","","Jami 100%","Fatemeh Nemati and Shakiba Ghasemi, field notes 2017",27.841751108893668,52.307933807609054,""
"","912291f437b8879158d946e3a62dc3e7","10-47dc6788cd34f4b447a404bf3b8e4581","1180708","بوشهر","Bushehr","جم","Jam","مرکزی","Markazi","","","جم","Jam","پدری","Padari","Padri, Pardi","Fatemeh Nemati and Shakiba Ghasemi, field notes 2017","16","","","","Jami 100%","Fatemeh Nemati and Shakiba Ghasemi, field notes 2017",27.81304433920108,52.288792588377675,""
"","912291f437b8879158d946e3a62db99f","10-de577c1f4eaa22982589fc085b742150","1180709","بوشهر","Bushehr","جم","Jam","مرکزی","Markazi","","","جم","Jam","غربه","Gharbeh","Gharve, Ghorbe","Fatemeh Nemati and Shakiba Ghasemi, field notes 2017","25","","","","Jami 100%","Fatemeh Nemati and Shakiba Ghasemi, field notes 2017",27.812459203725332,52.26670780702644,""
"","912291f437b8879158d946e3a62e4369","10-fb5c1e4f3728a4f163ec7e05654c2adc","1180710","بوشهر","Bushehr","جم","Jam","مرکزی","Markazi","","","جم","Jam","حاجی آباد","Hāji Ābād","Hoji Āvād, Hāji Ābād","Fatemeh Nemati and Shakiba Ghasemi, field notes 2017","450","","","","Jami 100%","Fatemeh Nemati and Shakiba Ghasemi, field notes 2017",27.834103986349028,52.3057656070201,""
"","912291f437b8879158d946e3a62e4260","10-f9b4b5950f3768545a2ae601045492f2","1180711","بوشهر","Bushehr","جم","Jam","مرکزی","Markazi","","","جم","Jam","دایو","Dāyu","Dāyu","Fatemeh Nemati and Shakiba Ghasemi, field notes 2017","78","","","","Jami 100%","Fatemeh Nemati and Shakiba Ghasemi, field notes 2017",27.841181463488084,52.276272036698295,""
"","912291f437b8879158d946e3a62e359f","10-e1380d04c8ff70bc92a76196bcc20eb7","1180712","بوشهر","Bushehr","جم","Jam","مرکزی","Markazi","","","جم","Jam","صیدی","Seydi","Seydi","Fatemeh Nemati and Shakiba Ghasemi, field notes 2017","621","","","","Jami 100%","Fatemeh Nemati and Shakiba Ghasemi, field notes 2017",27.840669168310676,52.30061576571276,""
"","912291f437b8879158d946e3a62e2dfb","10-c17651bde9639b6c2cacafb7c7c4dc5e","1180713","بوشهر","Bushehr","جم","Jam","مرکزی","Markazi","","","جم","Jam","طوف ماهیخوار","Tuf-e Māhikhār","Tuf Moynkhār","Fatemeh Nemati and Shakiba Ghasemi, field notes 2017","","(less than 4 households; population not specified in 2011 Census for reasons of privacy)","","","Jami 100%","Fatemeh Nemati and Shakiba Ghasemi, field notes 2017",27.784031827956767,52.308957963422095,""
"","912291f437b8879158d946e3a62e22d0","10-d8242e61e99f2efb44cfb07ea1a0e540","1180714","بوشهر","Bushehr","جم","Jam","مرکزی","Markazi","","","جم","Jam","کوری","Kowri","Kowri","Fatemeh Nemati and Shakiba Ghasemi, field notes 2017","482","","","","Jami 100%","Fatemeh Nemati and Shakiba Ghasemi, field notes 2017",27.838885603265364,52.30475709643135,""
"","912291f437b8879158d946e3a62e1911","10-f064daa4f1c66d2f93bf13be767d2e94","1180715","بوشهر","Bushehr","جم","Jam","مرکزی","Markazi","","","جم","Jam","گیرقلات","Gir Qalāt","Gir Kelāt","Fatemeh Nemati and Shakiba Ghasemi, field notes 2017","","(less than 4 households; population not specified in 2011 Census for reasons of privacy)","","","Jami 100%","Fatemeh Nemati and Shakiba Ghasemi, field notes 2017",27.832448397257153,52.269459225802414,""
"","912291f437b8879158d946e3a62e145d","8-ba1ec164fc381aa22564fa94dbd87614","1180716","بوشهر","Bushehr","جم","Jam","مرکزی","Markazi","","","جم","Jam","هفت چاه","Haft Chāh","Haf Chah","Fatemeh Nemati and Shakiba Ghasemi, field notes 2017","33","","","","Jami 100%","Fatemeh Nemati and Shakiba Ghasemi, field notes 2017","","",""
"","912291f437b8879158d946e3a62e1159","10-a21e84606aa898cb2b655a43b8129d43","1180717","بوشهر","Bushehr","جم","Jam","مرکزی","Markazi","","","جم","Jam","محمدی آباد","Mohammadi Ābād","Mahmedi Āvād","Fatemeh Nemati and Shakiba Ghasemi, field notes 2017","237","","","","Jami 100%","Fatemeh Nemati and Shakiba Ghasemi, field notes 2017",27.828088716624688,52.30299756731831,""
"","912291f437b8879158d946e3a62e03be","10-84bd9c3601313669ee780e12da81c41a","1180718","بوشهر","Bushehr","جم","Jam","مرکزی","Markazi","","","جم","Jam","کوری بلوچ","Kowri Baluch","Kowri Beluch","Fatemeh Nemati and Shakiba Ghasemi, field notes 2017","","(less than 4 households; population not specified in 2011 Census for reasons of privacy)","","","Jami 100%","Fatemeh Nemati and Shakiba Ghasemi, field notes 2017",27.759081832332555,52.32722380681044,""
"","912291f437b8879158d946e3a62dfb40","10-112b3e26090962f54fe7ae35ad91728b","1180719","بوشهر","Bushehr","جم","Jam","مرکزی","Markazi","","","جم","Jam","چاهه","Chāheh","Cheha, Chāhe","Fatemeh Nemati and Shakiba Ghasemi, field notes 2017","1237","","","","Jami 100%","Fatemeh Nemati and Shakiba Ghasemi, field notes 2017",27.790594880195123,52.38887117112999,""
"","912291f437b8879158d946e3a62ea780","10-9e3db68ba89902b6864f7508574fb64f","1180720","بوشهر","Bushehr","جم","Jam","مرکزی","Markazi","","","جم","Jam","طاقو","Tāqu","Toku","Fatemeh Nemati and Shakiba Ghasemi, field notes 2017","","(less than 4 households; population not specified in 2011 Census for reasons of privacy)","","","Jami 100%","Fatemeh Nemati and Shakiba Ghasemi, field notes 2017",27.76004547874226,52.42963591139931,""
"","912291f437b8879158d946e3a62ea541","10-05ce6976c9417d5cc17e49335dac2de3","1180721","بوشهر","Bushehr","جم","Jam","مرکزی","Markazi","","","جم","Jam","پلنگی","Palangi","Pelangi","Fatemeh Nemati and Shakiba Ghasemi, field notes 2017","202","","","","Jami 100%","Fatemeh Nemati and Shakiba Ghasemi, field notes 2017",27.779926084443666,52.37179086412579,""
"","912291f437b8879158d946e3a62e999a","10-81faabe5548280995f1baec6035eefa5","1180722","بوشهر","Bushehr","جم","Jam","مرکزی","Markazi","","","جم","Jam","لاورگل","Lāvar-e Gol","Lāver-e Gol","Fatemeh Nemati and Shakiba Ghasemi, field notes 2017","179","","","","Jami 100%","Fatemeh Nemati and Shakiba Ghasemi, field notes 2017",27.71998050358342,52.36083725018083,""
"","912291f437b8879158d946e3a62e8caf","10-ccd07c91bf82ac50830c3299fa35b215","1180723","بوشهر","Bushehr","جم","Jam","مرکزی","Markazi","","","جم","Jam","لاورده","Lāvar Deh","Lāvardeh","Fatemeh Nemati and Shakiba Ghasemi, field notes 2017","257","","","","Jami 100%","Fatemeh Nemati and Shakiba Ghasemi, field notes 2017",27.706699810989925,52.43237176459383,""
"","912291f437b8879158d946e3a62e860b","12-bee034a1bcf84361b529146b2b97e277","1180724","بوشهر","Bushehr","جم","Jam","مرکزی","Markazi","","","جم","Jam","بیدخوار","Bidkhār","Bidekhār","Fatemeh Nemati and Shakiba Ghasemi, field notes 2017","161","","","","Jami 100%","Fatemeh Nemati and Shakiba Ghasemi, field notes 2017",27.793204968876367,52.350258090155855,""
"","912291f437b8879158d946e3a62e7a5e","10-9528095767fdc8f457587cf2fe0239cb","1180725","بوشهر","Bushehr","جم","Jam","مرکزی","Markazi","","","جم","Jam","زیبا مکان","Zibā Makān","Zibā Makān, Zibekān","Fatemeh Nemati and Shakiba Ghasemi, field notes 2017","330","","","","Jami 100%","Fatemeh Nemati and Shakiba Ghasemi, field notes 2017",27.835508133805067,52.31087253298383,""
"","912291f437b8879158d946e3a62e6d66","10-6b445622118e80eb613f47167c8100b7","1180726","بوشهر","Bushehr","جم","Jam","مرکزی","Markazi","","","جم","Jam","مکو","Maku","Maku","Fatemeh Nemati and Shakiba Ghasemi, field notes 2017","","(less than 4 households; population not specified in 2011 Census for reasons of privacy)","","","Jami 100%","Fatemeh Nemati and Shakiba Ghasemi, field notes 2017",27.848681478199854,52.42308020002208,""
"","912291f437b8879158d946e3a62e601b","10-8056ea8c05242cd36c250435bca8c23e","1180727","بوشهر","Bushehr","جم","Jam","مرکزی","Markazi","","","جم","Jam","کلاتو","Kalātu","Kelotu, Kelātu","Fatemeh Nemati and Shakiba Ghasemi, field notes 2017","","(less than 4 households; population not specified in 2011 Census for reasons of privacy)","","","Jami 100%","Fatemeh Nemati and Shakiba Ghasemi, field notes 2017",27.789368116867212,52.35481248106339,""
"","912291f437b8879158d946e3a62e5d30","12-9a7c2960406837a123c0cba9297b20a2","1180728","بوشهر","Bushehr","جم","Jam","مرکزی","Markazi","","","جم","Jam","اسلام آباد","Eslām Ābād","Eslām Āvād","Fatemeh Nemati and Shakiba Ghasemi, field notes 2017","1237","","","","Jami 100%","Fatemeh Nemati and Shakiba Ghasemi, field notes 2017",27.810135803810134,52.34566614832377,""
"","912291f437b8879158d946e3a62e5232","14-77c481f43676c2a3cc0b9df88f0ae63b","1180729","بوشهر","Bushehr","جم","Jam","مرکزی","Markazi","","","جم","Jam","بس ملخی","Bass-e Malakhi","Bass-e Meygi","Fatemeh Nemati and Shakiba Ghasemi, field notes 2017","1004","","","","Jami 100%","Fatemeh Nemati and Shakiba Ghasemi, field notes 2017",27.798529355453827,52.37608239854888,""
"","912291f437b8879158d946e3a62ef330","10-b8bd44bf35c3ec43df5d74e8b1ab413b","1180730","بوشهر","Bushehr","جم","Jam","مرکزی","Markazi","","","جم","Jam","بهرباغ","Bohr-e Bāgh","Bohr Bāgh, Bohr-e Bāgh","Fatemeh Nemati and Shakiba Ghasemi, field notes 2017","1611","","","","Jami 100%","Fatemeh Nemati and Shakiba Ghasemi, field notes 2017",27.837851932986073,52.34887504600426,""
"","912291f437b8879158d946e3a62eef15","10-f025fc88ee80bf19bf1ae6939dfc9243","1180731","بوشهر","Bushehr","جم","Jam","مرکزی","Markazi","","","جم","Jam","بهرحاج نوشاد","Bohr-e Hāj Nowshād","Bohr Hoji Nowshād, Bohr Hāji Nowshād","Fatemeh Nemati and Shakiba Ghasemi, field notes 2017","544","","","","Jami 100%","Fatemeh Nemati and Shakiba Ghasemi, field notes 2017",27.838572959043443,52.32636594795554,""
"","912291f437b8879158d946e3a62eed7f","10-3be5227c06d8c8e174c9a41bda2f4fbc","1180732","بوشهر","Bushehr","جم","Jam","مرکزی","Markazi","","","جم","Jam","بهارستان","Bahārestān","Behārestān","Fatemeh Nemati and Shakiba Ghasemi, field notes 2017","3667","","","","Jami 100%","Fatemeh Nemati and Shakiba Ghasemi, field notes 2017",27.829663904117236,52.353004381410166,""
"","912291f437b8879158d946e3a62ee92b","10-eeb22d8239f7a2c02902e9a884e36fcd","1180733","بوشهر","Bushehr","جم","Jam","مرکزی","Markazi","","","جم","Jam","شهرک پردیس","Shahrak-e Pardis","Shahrek-e Pardis","Fatemeh Nemati and Shakiba Ghasemi, field notes 2017","3160","","","","Jami 90%; mixed 10%","Fatemeh Nemati and Shakiba Ghasemi, field notes 2017",27.793100566532633,52.37445161546762,""
"","912291f437b8879158d946e3a62ee8fb","10-d0ad69e3e85996dc0f3a8b4a9c4f0edd","1180734","بوشهر","Bushehr","جم","Jam","مرکزی","Markazi","","","کوری","Kowri","","","","","3689","","","","","","","",""
"","912291f437b8879158d946e3a62ee851","10-8d2d618f6bade3a705046affbf52df39","1180735","بوشهر","Bushehr","جم","Jam","مرکزی","Markazi","","","کوری","Kowri","شهرخاص، پالایشگاه ولی عصر","Shahr-e Khās, Pālāyeshgāh-e Vali-ye Asr","Shahr Khās, Shahr-e Khās","Fatemeh Nemati and Shakiba Ghasemi, field notes 2017","644","","","","Jami 90%; mixed 10%","Fatemeh Nemati and Shakiba Ghasemi, field notes 2017",27.94917894226544,52.182416178866504,""
"","912291f437b8879158d946e3a62ed922","10-791d0e5441635d0787ceb95d4cfefd1b","1180736","بوشهر","Bushehr","جم","Jam","مرکزی","Markazi","","","کوری","Kowri","باغ میان رود","Bāgh-e Miān Rud","Miyān Ru","Fatemeh Nemati and Shakiba Ghasemi, field notes 2017","13","","","","Jami 100%","Fatemeh Nemati and Shakiba Ghasemi, field notes 2017",27.905801361683945,52.22023532597183,""
"","912291f437b8879158d946e3a62ecf62","10-bc2b4aa7c69fdef5168db9fb81c2ae5e","1180737","بوشهر","Bushehr","جم","Jam","مرکزی","Markazi","","","کوری","Kowri","کوه چر، بنای هادی","Kuh Cher, Bonāy Hādi","Koh Cher","Fatemeh Nemati and Shakiba Ghasemi, field notes 2017","208","","","","Jami 100%","Fatemeh Nemati and Shakiba Ghasemi, field notes 2017",27.920330429334147,52.171848275350094,""
"","912291f437b8879158d946e3a62ec09a","10-955b926a98b6aa9a8650e1893fc9e3fb","1180738","بوشهر","Bushehr","جم","Jam","مرکزی","Markazi","","","کوری","Kowri","چم چشمه","Cham-e Cheshmeh","Cham Chashme","Fatemeh Nemati and Shakiba Ghasemi, field notes 2017","260","","","","Jami 100%","Fatemeh Nemati and Shakiba Ghasemi, field notes 2017",27.878709004761067,52.2573173618335,""
"","912291f437b8879158d946e3a62eb4ea","10-dcbb5794aa856ced91f961247a7a730a","1180739","بوشهر","Bushehr","جم","Jam","مرکزی","Markazi","","","کوری","Kowri","حسین آباد","Hoseyn Ābād","Hoseyn Āvād","Fatemeh Nemati and Shakiba Ghasemi, field notes 2017","212","","","","Jami 100%","Fatemeh Nemati and Shakiba Ghasemi, field notes 2017",27.8777284266941,52.26479218211943,""
"","912291f437b8879158d946e3a62f3a35","10-52dcf85e3b6beaea8c516d661e205897","1180740","بوشهر","Bushehr","جم","Jam","مرکزی","Markazi","","","کوری","Kowri","دره چاه","Darreh Chāh","Dere-y Chah","Fatemeh Nemati and Shakiba Ghasemi, field notes 2017","98","","","","Jami 100%","Fatemeh Nemati and Shakiba Ghasemi, field notes 2017",27.87548451867103,52.25285416603321,""
"","912291f437b8879158d946e3a62f3065","12-30bc0dfd89f63649ae33c5a4d28ff56a","1180741","بوشهر","Bushehr","جم","Jam","مرکزی","Markazi","","","کوری","Kowri","دوتوسورو","Dutu Suru","Dutu Suru, Dutu Sur","Fatemeh Nemati and Shakiba Ghasemi, field notes 2017","42","","","","Jami 100%","Fatemeh Nemati and Shakiba Ghasemi, field notes 2017",27.86038090149998,52.2150398741612,""
"","912291f437b8879158d946e3a62f2f02","10-e3feed074c692074e271a622d392303d","1180742","بوشهر","Bushehr","جم","Jam","مرکزی","Markazi","","","کوری","Kowri","کوری حیاتی","Kowri Hayāti","Kowri Heyāti","Fatemeh Nemati and Shakiba Ghasemi, field notes 2017","860","","","","Jami 100%","Fatemeh Nemati and Shakiba Ghasemi, field notes 2017",27.911517432363915,52.22092514992406,""
"","912291f437b8879158d946e3a62f29a3","10-6d02dba8d411782a5dd7ee64e7bba2a3","1180743","بوشهر","Bushehr","جم","Jam","مرکزی","Markazi","","","کوری","Kowri","ابگرمک","Ābgarmak","Owgarmak","Fatemeh Nemati and Shakiba Ghasemi, field notes 2017","864","","","","Jami 100%","Fatemeh Nemati and Shakiba Ghasemi, field notes 2017",27.901126012435785,52.2263753986413,""
"","912291f437b8879158d946e3a62f1f85","12-57aa41cf2ae8d2490852080eaa5d59fc","1180744","بوشهر","Bushehr","جم","Jam","مرکزی","Markazi","","","کوری","Kowri","باریکان","Bārikān","Borikān","Fatemeh Nemati and Shakiba Ghasemi, field notes 2017","443","","","","Jami 100%","Fatemeh Nemati and Shakiba Ghasemi, field notes 2017",27.887509466445856,52.25281125068867,""
"","912291f437b8879158d946e3a62f1b52","10-ea259819f1405cbb5f0d0b03f8a310d7","1180745","بوشهر","Bushehr","جم","Jam","مرکزی","Markazi","","","کوری","Kowri","تاک پوک","Tāk Puk","Tāk Puk","Fatemeh Nemati and Shakiba Ghasemi, field notes 2017","45","","","","Jami 100%","Fatemeh Nemati and Shakiba Ghasemi, field notes 2017",27.898006495444555,52.23719006538763,""
"","912291f437b8879158d946e3a62f11b1","10-91d509045323668d463eae6d7b22cc22","1180746","بوشهر","Bushehr","جم","Jam","مرکزی","Markazi","جم","Jam","","","","","Jam","Fatemeh Nemati and Shakiba Ghasemi, field notes 2017","16313","","","","Jami 60%; mixed 29.5%; Tehrāni type Persian 10%; Koroshi 0.5%","Fatemeh Nemati and Shakiba Ghasemi, field notes 2017; Maryam Nourzaei, field notes 2014",27.825939248111876,52.32685580355774,""
