"Attribution","Nunaliit_ID","Nunaliit_revision_code","ALI_unique_ID_place","province_Persian","province_roman","shahrestan_Persian","shahrestan_roman","bakhsh_Persian","bakhsh_roman","city_Persian","city_roman","dehestan_Persian","dehestan_roman","settlement_Persian","settlement_roman","local_name","local_name_source","population_2011_census","population_2011_comment","population_2016_census","population_2016_comment","language_distribution_estimate","language_distribution_source","latitude","longitude","notes"
"(c) Atlas of the Languages of Iran (ALI) and Contributors, 2015-present. Data are available under a CC BY (Attribution Only) licence.","","","","","","","","","","","","","","","","","","","","","","","","","",""
"","c3c816491ce8fe2d91144d57551ad30f","30-b9c90e0a1ae19da7c1cbd9cfb1492a39","1220573","هرمزگان","Hormozgān","قشم","Qeshm","هرمز","Hormoz","هرمز","Hormoz","","","","","Hormuz","Hassan Mohebbi Bahmani, field notes 2015",5867,"","","","Hormuzi 100%","Hassan Mohebbi Bahmani, field notes 2015",27.09746,56.45244,""
"","a41bc5cb5c3ea433e5d38b94a50001d4","27-23b26d8d7c7878382fc429b1f42d92cb","1220687","هرمزگان","Hormozgān","میناب","Mināb","مرکزی","Markazi","","","حومه","Humeh","قاسم جلالی","Qāsem Jalāli","Kāsom Jalāli","Hassan Mohebbi Bahmani, field notes 2015","956","","","","Minowi 90%; Tehrāni type Persian 5%; mixed 5%","Hassan Mohebbi Bahmani, field notes 2015",27.176139691854686,57.0541957051718,""
"","a41bc5cb5c3ea433e5d38b94a50055b1","27-7c34d0960e9644b3ce1c53fee032bd4c","1220688","هرمزگان","Hormozgān","میناب","Mināb","مرکزی","Markazi","","","حومه","Humeh","جوزان","Jowzān","Jowzon","Hassan Mohebbi Bahmani, field notes 2015","406","","","","Minowi 90%; Tehrāni type Persian 5%; mixed 5%","Hassan Mohebbi Bahmani, field notes 2015",27.202953961101628,56.95075679056983,""
"","a41bc5cb5c3ea433e5d38b94a500a24c","27-1f445ed4df95770e498e20dcafa3e4aa","1220689","هرمزگان","Hormozgān","میناب","Mināb","مرکزی","Markazi","","","حومه","Humeh","حنائی سرریغان","Hanāi Sar Righān","Hanāi Sar Righon","Hassan Mohebbi Bahmani, field notes 2015","95","","","","Minowi 90%; Tehrāni type Persian 5%; mixed 5%","Hassan Mohebbi Bahmani, field notes 2015",27.204430445806604,56.96120166737365,""
"","a41bc5cb5c3ea433e5d38b94a501107f","28-607341f7fd75d574eb2d39bc682b9f95","1220690","هرمزگان","Hormozgān","میناب","Mināb","مرکزی","Markazi","","","حومه","Humeh","سرریغان","Sar Righān","Sar Righon","Hassan Mohebbi Bahmani, field notes 2015","635","","","","Minowi 90%; Tehrāni type Persian 5%; mixed 5%","Hassan Mohebbi Bahmani, field notes 2015",27.19468754827208,56.958068847243815,""
"","a41bc5cb5c3ea433e5d38b94a5016d83","28-6b1cea5f8d895f28c353ff81a4d2d883","1220691","هرمزگان","Hormozgān","میناب","Mināb","مرکزی","Markazi","","","حومه","Humeh","کلو","Kolu","Kolu","Hassan Mohebbi Bahmani, field notes 2015","106","","","","Minowi 90%; Tehrāni type Persian 5%; mixed 5%","Hassan Mohebbi Bahmani, field notes 2015",27.211591504166687,56.965761422696666,""
"","a41bc5cb5c3ea433e5d38b94a501b8dc","28-11cea3f69903af945dccbd2f3ddec86d","1220692","هرمزگان","Hormozgān","میناب","Mināb","مرکزی","Markazi","","","حومه","Humeh","پازیارت","Pāziarāt","Pā Ziarāt","Hassan Mohebbi Bahmani, field notes 2015","411","","","","Minowi 90%; Tehrāni type Persian 5%; mixed 5%","Hassan Mohebbi Bahmani, field notes 2015",27.181600805575602,56.987027908317735,""
"","5c5cc93f56e6eaad0ca4457afa502df2","24-80131cf0d50a285ad0fccceec6b1c9a4","1220752","هرمزگان","Hormozgān","میناب","Mināb","مرکزی","Markazi","","","گوربند","Gur Band","دمشهر","Dom Shahr","Dom Shahr","Hassan Mohebbi Bahmani, field notes 2015","2001","","","","Minowi 90%; Tehrāni type Persian 5%; mixed 5%","Hassan Mohebbi Bahmani, field notes 2015",27.2708004956157,57.01268913659001,""
"","5c5cc93f56e6eaad0ca4457afa04b25c","16-1c613917b55012d319432ef7a6b3b121","","","","","","","","","","","","","unknown settlement","","","","","","","unknown 100%","",27.192397305152454,54.88566541659104,""
"","5c5cc93f56e6eaad0ca4457afa04ab02","16-cb28e84d65cddcc0a908bda2641ab28b","","","","","","","","","","","","","unknown settlement","","","","","","","unknown 100%","",27.12893227798467,55.283780336199335,""
"","10dadf5e430773dcd2de2119a2299e22","21-bd7ea16cddd1d1cf5b22b2fe7bea7878","1220000","هرمزگان","Hormozgān","","","","","","","","","","","","","1578183","","","","","","","",""
"","10dadf5e430773dcd2de2119a229d1b7","22-4b2b5fcdcbbb2ab2a8354f4b749ec2ab","1220001","هرمزگان","Hormozgān","ابوموسی","Abu Musā","","","","","","","","","","","5263","","","","","","","",""
"","10dadf5e430773dcd2de2119a22a2728","22-9a333ee4343e74e7733f7258f9ba1d98","1220002","هرمزگان","Hormozgān","ابوموسی","Abu Musā","تنب","Tonb","","","","","","","","","498","","","","","","","",""
"","10dadf5e430773dcd2de2119a22a8704","22-a473d9b5c1abaf73e06f9ed5be97e11d","1220003","هرمزگان","Hormozgān","ابوموسی","Abu Musā","تنب","Tonb","","","تنب","Tonb","","","","","498","","","","","","","",""
"","10dadf5e430773dcd2de2119a22af6de","26-a3a4e7e5a30bbd62cf951c9ef31bca84","1220004","هرمزگان","Hormozgān","ابوموسی","Abu Musā","تنب","Tonb","","","تنب","Tonb","تنب بزرگ","Tonb-e Bozorg","Tonb-e Bozorg","Hassan Mohebbi Bahmani, field notes 2015","380","","","","mixed 100%","Hassan Mohebbi Bahmani, field notes 2015",26.25331444680035,55.307277215484,""
"","10dadf5e430773dcd2de2119a22b4c71","27-f832485d1b53f35a2cf87240e2bb4b06","1220005","هرمزگان","Hormozgān","ابوموسی","Abu Musā","تنب","Tonb","","","تنب","Tonb","تنب کوچک","Tonb-e Kuchek","Tonb-e Kuchek","Hassan Mohebbi Bahmani, field notes 2015","","(less than 3 households; population not specified in 2011 Census for reasons of privacy)","","","mixed 100%","Hassan Mohebbi Bahmani, field notes 2015",26.24089161791976,55.153447164083566,""
"","10dadf5e430773dcd2de2119a22b7afe","27-c13ae09b0cd6dc780e2ce2d37fed0d9a","1220006","هرمزگان","Hormozgān","ابوموسی","Abu Musā","تنب","Tonb","","","تنب","Tonb","فارور بزرگ","Fārur-e Bozorg","Fārur-e Bozorg","Hassan Mohebbi Bahmani, field notes 2015","","(less than 3 households; population not specified in 2011 Census for reasons of privacy)","","","mixed 100%","Hassan Mohebbi Bahmani, field notes 2015",26.291257911284312,54.53822351800631,""
"","10dadf5e430773dcd2de2119a22bcb39","22-72f3c28ed4941a934659b1326c0bb374","1220007","هرمزگان","Hormozgān","ابوموسی","Abu Musā","مرکزی","Markazi","","","","","","","","","4765","","","","","","","",""
"","10dadf5e430773dcd2de2119a22c32a9","22-f89f220ddde4b384e9ceae56b82f9dde","1220008","هرمزگان","Hormozgān","ابوموسی","Abu Musā","مرکزی","Markazi","","","سیری","Siri","","","","","1304","","","","","","","",""
"","10dadf5e430773dcd2de2119a22c81c2","26-586b4d9a68efaa8324c5882d01d9f212","1220009","هرمزگان","Hormozgān","ابوموسی","Abu Musā","مرکزی","Markazi","","","سیری","Siri","سیری","Siri","Siri","Hassan Mohebbi Bahmani, field notes 2015","1304","","","","mixed 100%","Hassan Mohebbi Bahmani, field notes 2015",25.921753638013836,54.53318737064519,""
"","10dadf5e430773dcd2de2119a22cea32","26-ce6399e7f47690be68a4bd2d25f04301","1220010","هرمزگان","Hormozgān","ابوموسی","Abu Musā","مرکزی","Markazi","ابوموسی","Abu Musā","","","","","Bu Musā, Abu Musā","Hassan Mohebbi Bahmani, field notes 2015","3461","","","","mixed 45%; Tehrāni type Persian 20%; Gulf Arabic 20%; Banderi of Bandar Abbās 5%; Minowi 5%; Keshmi 5%","Hassan Mohebbi Bahmani, field notes 2015",25.87885678926416,55.0169495473336,""
"","10dadf5e430773dcd2de2119a22d310e","22-7911ff772b6204d5cb6d217c1c551e23","1220011","هرمزگان","Hormozgān","بندرعباس","Bandar Abbās","","","","","","","","","","","588288","","","","","","","",""
"","10dadf5e430773dcd2de2119a22d8b4e","22-b49ff1d89de691721989a743f7beed68","1220012","هرمزگان","Hormozgān","بندرعباس","Bandar Abbās","فین","Fin","","","","","","","","","17043","","","","","","","",""
"","10dadf5e430773dcd2de2119a22dfb92","22-9deaef49d0719c41c5394b794e81107c","1220013","هرمزگان","Hormozgān","بندرعباس","Bandar Abbās","فین","Fin","","","فین","Fin","","","","","9865","","","","","","","",""
"","10dadf5e430773dcd2de2119a22e4a74","26-6ad857ba7c5ddeb83f93cfbfbd76ce1c","1220014","هرمزگان","Hormozgān","بندرعباس","Bandar Abbās","فین","Fin","","","فین","Fin","اردان","Ardān","Ardon","Hassan Mohebbi Bahmani, field notes 2015","17","","","","Fini 90%; Tehrāni type Persian 5%; Banderi of Bandar Abbās 5%","Hassan Mohebbi Bahmani, field notes 2015",27.63333702246189,56.084764384625174,""
"","10dadf5e430773dcd2de2119a22e968e","26-8496cce75d616ddfd7d6a4d3650b71b7","1220015","هرمزگان","Hormozgān","بندرعباس","Bandar Abbās","فین","Fin","","","فین","Fin","باغستان","Bāghestān","Bāgheston","Hassan Mohebbi Bahmani, field notes 2015","132","","","","Fini 90%; Tehrāni type Persian 5%; Banderi of Bandar Abbās 5%","Hassan Mohebbi Bahmani, field notes 2015",27.71138354817255,55.90314129409877,""
"","10dadf5e430773dcd2de2119a22ee273","26-98409536e3cc8fa511310ce9ce54f3d3","1220016","هرمزگان","Hormozgān","بندرعباس","Bandar Abbās","فین","Fin","","","فین","Fin","بگود","Begowd","Begowd","Hassan Mohebbi Bahmani, field notes 2015","46","","","","Fini 90%; Tehrāni type Persian 5%; Banderi of Bandar Abbās 5%","Hassan Mohebbi Bahmani, field notes 2015",27.624759786028953,56.04293131799673,""
"","10dadf5e430773dcd2de2119a22f31cb","27-c63a58825a0680b22f3a0dd87b4ad885","1220017","هرمزگان","Hormozgān","بندرعباس","Bandar Abbās","فین","Fin","","","فین","Fin","پرزین","Parzin","Parzin","Hassan Mohebbi Bahmani, field notes 2015","","(less than 3 households; population not specified in 2011 Census for reasons of privacy)","","","Fini 90%; Tehrāni type Persian 5%; Banderi of Bandar Abbās 5%","Hassan Mohebbi Bahmani, field notes 2015",27.748000855037546,55.628728848880826,""
"","10dadf5e430773dcd2de2119a22f6e15","26-9ce804b6d4b8893f8f8a42fe3b6f43e0","1220018","هرمزگان","Hormozgān","بندرعباس","Bandar Abbās","فین","Fin","","","فین","Fin","تربکستان","Terbakestān","Terbakeston","Hassan Mohebbi Bahmani, field notes 2015","37","","","","Fini 90%; Tehrāni type Persian 5%; Banderi of Bandar Abbās 5%","Hassan Mohebbi Bahmani, field notes 2015",27.724248743312863,55.805840474526086,""
"","10dadf5e430773dcd2de2119a22fba0a","26-5e8d8fdb24cb702dc8f91814338cc9c8","1220019","هرمزگان","Hormozgān","بندرعباس","Bandar Abbās","فین","Fin","","","فین","Fin","تربوییه","Tarbuieh","Tarbuia","Hassan Mohebbi Bahmani, field notes 2015","27","","","","Fini 90%; Tehrāni type Persian 5%; Banderi of Bandar Abbās 5%","Hassan Mohebbi Bahmani, field notes 2015",27.722932811080472,55.762550626392944,""
"","10dadf5e430773dcd2de2119a23017b4","26-ac9cab50ebbeccd06a2102e197035c79","1220020","هرمزگان","Hormozgān","بندرعباس","Bandar Abbās","فین","Fin","","","فین","Fin","چاکرتو","Chākerto","Chākerto","Hassan Mohebbi Bahmani, field notes 2015","126","","","","Fini 90%; Tehrāni type Persian 5%; Banderi of Bandar Abbās 5%","Hassan Mohebbi Bahmani, field notes 2015",27.65828646302254,55.80715236477154,""
"","10dadf5e430773dcd2de2119a2305d84","26-e8c2785789a3d88bf953893b58f1df0b","1220021","هرمزگان","Hormozgān","بندرعباس","Bandar Abbās","فین","Fin","","","فین","Fin","خایین","Khāin","Khāin","Hassan Mohebbi Bahmani, field notes 2015","73","","","","Fini 90%; Tehrāni type Persian 5%; Banderi of Bandar Abbās 5%","Hassan Mohebbi Bahmani, field notes 2015",27.75812686738709,55.60262022633423,""
"","10dadf5e430773dcd2de2119a230b594","26-52f7ce16f370eb33c8b26f32bbc5191c","1220022","هرمزگان","Hormozgān","بندرعباس","Bandar Abbās","فین","Fin","","","فین","Fin","خورخورست","Khur-e Khorost","Khur-e Khorost","Hassan Mohebbi Bahmani, field notes 2015","47","","","","Fini 90%; Tehrāni type Persian 5%; Banderi of Bandar Abbās 5%","Hassan Mohebbi Bahmani, field notes 2015",27.61564335965239,56.004103660302654,""
"","10dadf5e430773dcd2de2119a231150f","27-6cb41858b5b4846f824617615e682139","1220023","هرمزگان","Hormozgān","بندرعباس","Bandar Abbās","فین","Fin","","","فین","Fin","دازان","Dāzān","Dāzon","Hassan Mohebbi Bahmani, field notes 2015","","(less than 3 households; population not specified in 2011 Census for reasons of privacy)","","","Fini 90%; Tehrāni type Persian 5%; Banderi of Bandar Abbās 5%","Hassan Mohebbi Bahmani, field notes 2015",27.729808891373093,55.90385404636915,""
"","10dadf5e430773dcd2de2119a2316cdc","26-6091c0bdb0a134fb6e8617aa2fa63db0","1220024","هرمزگان","Hormozgān","بندرعباس","Bandar Abbās","فین","Fin","","","فین","Fin","دمتنگمصری","Dam-e Tang-e Mesri","Dam-e Tang-e Mesri","Hassan Mohebbi Bahmani, field notes 2015","60","","","","Fini 90%; Tehrāni type Persian 5%; Banderi of Bandar Abbās 5%","Hassan Mohebbi Bahmani, field notes 2015",27.72960946160221,55.923369799158884,""
"","10dadf5e430773dcd2de2119a231bf89","28-7e7fb5ad53d75d9528d1faa76eb14523","1220025","هرمزگان","Hormozgān","بندرعباس","Bandar Abbās","فین","Fin","","","فین","Fin","دوستانق","Dustāneq","Dustānek","Hassan Mohebbi Bahmani, field notes 2015","","(less than 3 households; population not specified in 2011 Census for reasons of privacy)","","","Fini 90%; Tehrāni type Persian 5%; Banderi of Bandar Abbās 5%","Hassan Mohebbi Bahmani, field notes 2015",27.621271107712055,56.081072330182856,""
"","10dadf5e430773dcd2de2119a2321787","26-95d85f2271e630cbb6b9d9f0c0734e10","1220026","هرمزگان","Hormozgān","بندرعباس","Bandar Abbās","فین","Fin","","","فین","Fin","رضوان","Rezvān","Rezvon","Hassan Mohebbi Bahmani, field notes 2015","5014","","","","Fini 90%; Tehrāni type Persian 5%; Banderi of Bandar Abbās 5%","Hassan Mohebbi Bahmani, field notes 2015",27.573343798699163,56.077731632590286,""
"","10dadf5e430773dcd2de2119a232718f","26-4e75ec178ae0e9f8f184ff8a190c06cc","1220027","هرمزگان","Hormozgān","بندرعباس","Bandar Abbās","فین","Fin","","","فین","Fin","شیخ عالی","Sheykh Āli","Sheykh Āli","Hassan Mohebbi Bahmani, field notes 2015","23","","","","Fini 90%; Tehrāni type Persian 5%; Banderi of Bandar Abbās 5%","Hassan Mohebbi Bahmani, field notes 2015",27.623562050689962,55.98221683474463,""
"","10dadf5e430773dcd2de2119a232b29a","26-149eae19182de66c98c579e0d646ca96","1220028","هرمزگان","Hormozgān","بندرعباس","Bandar Abbās","فین","Fin","","","فین","Fin","علی آباد","Ali Ābād","Ali Ābād","Hassan Mohebbi Bahmani, field notes 2015","75","","","","Fini 90%; Tehrāni type Persian 5%; Banderi of Bandar Abbās 5%","Hassan Mohebbi Bahmani, field notes 2015",27.709341976529554,55.82640765324999,""
"","10dadf5e430773dcd2de2119a2330ebb","26-ecebeef5c29d5dfdaba1d5f9514d8a46","1220029","هرمزگان","Hormozgān","بندرعباس","Bandar Abbās","فین","Fin","","","فین","Fin","کهتک","Kahtek","Kahtek","Hassan Mohebbi Bahmani, field notes 2015","313","","","","Fini 90%; Tehrāni type Persian 5%; Banderi of Bandar Abbās 5%","Hassan Mohebbi Bahmani, field notes 2015",27.725297599725668,55.8217845195891,""
"","10dadf5e430773dcd2de2119a2336d72","26-ad2d89ec2fe997a87d721314203ec0d3","1220030","هرمزگان","Hormozgān","بندرعباس","Bandar Abbās","فین","Fin","","","فین","Fin","کهن بالا","Kahn Bālā","Kahn Bālā","Hassan Mohebbi Bahmani, field notes 2015","137","","","","Fini 90%; Tehrāni type Persian 5%; Banderi of Bandar Abbās 5%","Hassan Mohebbi Bahmani, field notes 2015",27.709997085535175,55.88419881871038,""
"","10dadf5e430773dcd2de2119a233ba0d","27-e6f454d0f5b376a3b99b2b4446dffac0","1220031","هرمزگان","Hormozgān","بندرعباس","Bandar Abbās","فین","Fin","","","فین","Fin","مزرا","Mazrā","Mazrā","Hassan Mohebbi Bahmani, field notes 2015","","(less than 3 households; population not specified in 2011 Census for reasons of privacy)","","","Fini 90%; Tehrāni type Persian 5%; Banderi of Bandar Abbās 5%","Hassan Mohebbi Bahmani, field notes 2015",27.48836461647829,55.75221267752344,""
"","10dadf5e430773dcd2de2119a233fd63","28-adbe7145637ba64e6b26893440d2ba1e","1220032","هرمزگان","Hormozgān","بندرعباس","Bandar Abbās","فین","Fin","","","فین","Fin","مزراپائین","Mazrā Pāin","Mazrā Pāin","Hassan Mohebbi Bahmani, field notes 2015","43","","","","Fini 90%; Tehrāni type Persian 5%; Banderi of Bandar Abbās 5%","Hassan Mohebbi Bahmani, field notes 2015",27.63577,56.14518,""
"","10dadf5e430773dcd2de2119a2344ab8","27-2e6f8b086b44ff983c6f709392b5f591","1220033","هرمزگان","Hormozgān","بندرعباس","Bandar Abbās","فین","Fin","","","فین","Fin","منگو","Mangu","Mangu","Hassan Mohebbi Bahmani, field notes 2015","","(less than 3 households; population not specified in 2011 Census for reasons of privacy)","","","Fini 90%; Tehrāni type Persian 5%; Banderi of Bandar Abbās 5%","Hassan Mohebbi Bahmani, field notes 2015",27.722156380311805,55.86172662432399,""
"","10dadf5e430773dcd2de2119a234997d","27-b6bbf5ab9c225d4a08a9d503ff4f2bcb","1220034","هرمزگان","Hormozgān","بندرعباس","Bandar Abbās","فین","Fin","","","فین","Fin","بنگرسو","Banger Su","Banger Su","Hassan Mohebbi Bahmani, field notes 2015","","(less than 3 households; population not specified in 2011 Census for reasons of privacy)","","","Fini 90%; Tehrāni type Persian 5%; Banderi of Bandar Abbās 5%","Hassan Mohebbi Bahmani, field notes 2015",27.67978221985672,55.73781457953468,""
"","10dadf5e430773dcd2de2119a234f4b4","27-45f93751fe974ca929e4fc5b2e267153","1220035","هرمزگان","Hormozgān","بندرعباس","Bandar Abbās","فین","Fin","","","فین","Fin","مازغ کوارو","Māzegh Kowaru","Māzegh Kowaru","Hassan Mohebbi Bahmani, field notes 2015","","(less than 3 households; population not specified in 2011 Census for reasons of privacy)","","","Fini 90%; Tehrāni type Persian 5%; Banderi of Bandar Abbās 5%","Hassan Mohebbi Bahmani, field notes 2015",27.66498578208986,55.7909786444116,""
"","10dadf5e430773dcd2de2119a23534a2","26-35290f33d28b959b4d55f10534678259","1220036","هرمزگان","Hormozgān","بندرعباس","Bandar Abbās","فین","Fin","","","فین","Fin","تنگ تربوئیه","Tang-e Tarboieh","Tang-e Tarboia","Hassan Mohebbi Bahmani, field notes 2015","12","","","","Fini 90%; Tehrāni type Persian 5%; Banderi of Bandar Abbās 5%","Hassan Mohebbi Bahmani, field notes 2015",27.731709469699158,55.729215417436656,""
"","10dadf5e430773dcd2de2119a2357776","26-b25d090e940f1dc495c2bd70fabb5576","1220037","هرمزگان","Hormozgān","بندرعباس","Bandar Abbās","فین","Fin","","","فین","Fin","سرزه","Sar Zeh","Sar Zeh","Hassan Mohebbi Bahmani, field notes 2015","799","","","","Fini 90%; Tehrāni type Persian 5%; Banderi of Bandar Abbās 5%","Hassan Mohebbi Bahmani, field notes 2015",27.565079085080967,56.11983158528144,""
"","10dadf5e430773dcd2de2119a235bb2e","27-c8ce583f859480c99e7598ef7e737b4c","1220038","هرمزگان","Hormozgān","بندرعباس","Bandar Abbās","فین","Fin","","","فین","Fin","خورجل بالا","Khur Jal Bālā","Khur Jal Bālā","Hassan Mohebbi Bahmani, field notes 2015","","(less than 3 households; population not specified in 2011 Census for reasons of privacy)","","","Fini 90%; Tehrāni type Persian 5%; Banderi of Bandar Abbās 5%","Hassan Mohebbi Bahmani, field notes 2015",27.51516037555238,56.204625606228134,""
"","10dadf5e430773dcd2de2119a2360217","31-426197c28d28b862b971f234d0657902","1220039","هرمزگان","Hormozgān","بندرعباس","Bandar Abbās","فین","Fin","","","فین","Fin","درمیشان","Dar Mishān","Dar Mishon","Hassan Mohebbi Bahmani, field notes 2015","","(less than 3 households; population not specified in 2011 Census for reasons of privacy)","","","Fini 90%; Tehrāni type Persian 5%; Banderi of Bandar Abbās 5%","Hassan Mohebbi Bahmani, field notes 2015",27.50724,56.19493,""
"","10dadf5e430773dcd2de2119a2366fcc","27-681ed74f4e47c0aad12e4162e9490f34","1220040","هرمزگان","Hormozgān","بندرعباس","Bandar Abbās","فین","Fin","","","فین","Fin","خورجل زیر","Khur Gel Zir","Khur Gel Zir","Hassan Mohebbi Bahmani, field notes 2015","","(less than 3 households; population not specified in 2011 Census for reasons of privacy)","","","Fini 90%; Tehrāni type Persian 5%; Banderi of Bandar Abbās 5%","Hassan Mohebbi Bahmani, field notes 2015",27.512831485470024,56.23291201305375,""
"","10dadf5e430773dcd2de2119a236b72e","26-9ccb09b27428083cd1f1fbec59a16f61","1220041","هرمزگان","Hormozgān","بندرعباس","Bandar Abbās","فین","Fin","","","فین","Fin","تنغت","Tanghet","Tanghet","Hassan Mohebbi Bahmani, field notes 2015","60","","","","Fini 90%; Tehrāni type Persian 5%; Banderi of Bandar Abbās 5%","Hassan Mohebbi Bahmani, field notes 2015",27.43236787151261,55.85974780133773,""
"","10dadf5e430773dcd2de2119a236f9e8","27-8859b5a4eb70349375e590d9b547bf13","1220042","هرمزگان","Hormozgān","بندرعباس","Bandar Abbās","فین","Fin","","","فین","Fin","تیکو","Tiku","Tiku","Hassan Mohebbi Bahmani, field notes 2015","","(less than 3 households; population not specified in 2011 Census for reasons of privacy)","","","Fini 90%; Tehrāni type Persian 5%; Banderi of Bandar Abbās 5%","Hassan Mohebbi Bahmani, field notes 2015",27.436022045426036,55.96300480176856,""
"","10dadf5e430773dcd2de2119a23731ee","26-43a9c81667d7eb4912b276c390dc1437","1220043","هرمزگان","Hormozgān","بندرعباس","Bandar Abbās","فین","Fin","","","فین","Fin","جونگان","Jowngān","Jongon","Hassan Mohebbi Bahmani, field notes 2015","37","","","","Fini 90%; Tehrāni type Persian 5%; Banderi of Bandar Abbās 5%","Hassan Mohebbi Bahmani, field notes 2015",27.4813782482907,56.17078685730324,""
"","10dadf5e430773dcd2de2119a23780a3","27-40f3e85def3e1d35855621dff8bf0b46","1220044","هرمزگان","Hormozgān","بندرعباس","Bandar Abbās","فین","Fin","","","فین","Fin","چهل سواران","Chehel Savārān","Chel Savāron","Hassan Mohebbi Bahmani, field notes 2015","","(less than 3 households; population not specified in 2011 Census for reasons of privacy)","","","Fini 90%; Tehrāni type Persian 5%; Banderi of Bandar Abbās 5%","Hassan Mohebbi Bahmani, field notes 2015",27.470700911175488,55.691958904032354,""
"","10dadf5e430773dcd2de2119a237bd73","26-e8ba9c3d78c848b331441198e98ae149","1220045","هرمزگان","Hormozgān","بندرعباس","Bandar Abbās","فین","Fin","","","فین","Fin","سربند","Sar Band","Sar Band","Hassan Mohebbi Bahmani, field notes 2015","60","","","","Fini 90%; Tehrāni type Persian 5%; Banderi of Bandar Abbās 5%","Hassan Mohebbi Bahmani, field notes 2015",27.52719613451885,56.01437115641277,""
"","10dadf5e430773dcd2de2119a2380e4d","26-454250c7f733db834bf4559808f1e7a7","1220046","هرمزگان","Hormozgān","بندرعباس","Bandar Abbās","فین","Fin","","","فین","Fin","لاور","Lāver","Lāver","Hassan Mohebbi Bahmani, field notes 2015","1090","","","","Fini 90%; Tehrāni type Persian 5%; Banderi of Bandar Abbās 5%","Hassan Mohebbi Bahmani, field notes 2015",27.58217725793269,55.96339845630101,""
"","10dadf5e430773dcd2de2119a2387991","26-b6261f76333f914e6f06bc5ee215c395","1220047","هرمزگان","Hormozgān","بندرعباس","Bandar Abbās","فین","Fin","","","فین","Fin","هورمودرپائین","Hormudar Pāin","Hormudar Pāin","Hassan Mohebbi Bahmani, field notes 2015","41","","","","Fini 90%; Tehrāni type Persian 5%; Banderi of Bandar Abbās 5%","Hassan Mohebbi Bahmani, field notes 2015",27.44492639805942,55.95728301975212,""
"","10dadf5e430773dcd2de2119a238a5a9","26-a07aa8d209cfa5ad2d229b5c58c2f8fe","1220048","هرمزگان","Hormozgān","بندرعباس","Bandar Abbās","فین","Fin","","","فین","Fin","دشتمارم","Dasht-e Mārom","Dasht-e Mārom","Hassan Mohebbi Bahmani, field notes 2015","363","","","","Fini 90%; Tehrāni type Persian 5%; Banderi of Bandar Abbās 5%","Hassan Mohebbi Bahmani, field notes 2015",27.679173168713294,55.55689392705342,""
"","10dadf5e430773dcd2de2119a238e7b5","26-8f208fa9a829c3cb5d242aad805a5ad2","1220049","هرمزگان","Hormozgān","بندرعباس","Bandar Abbās","فین","Fin","","","فین","Fin","کوران","Kurān","Kuron","Hassan Mohebbi Bahmani, field notes 2015","418","","","","Fini 90%; Tehrāni type Persian 5%; Banderi of Bandar Abbās 5%","Hassan Mohebbi Bahmani, field notes 2015",27.673092324098555,55.40119705817908,""
"","10dadf5e430773dcd2de2119a2393f63","26-a6a898b40241fe484738e66240377d4b","1220050","هرمزگان","Hormozgān","بندرعباس","Bandar Abbās","فین","Fin","","","فین","Fin","اوین سفلی","Ovin Soflā","Ovin Soflā","Hassan Mohebbi Bahmani, field notes 2015","146","","","","Fini 90%; Tehrāni type Persian 5%; Banderi of Bandar Abbās 5%","Hassan Mohebbi Bahmani, field notes 2015",27.559094722360616,55.42705623528801,""
"","10dadf5e430773dcd2de2119a2397806","27-6ad920be74da0a9934e24f7912a64052","1220051","هرمزگان","Hormozgān","بندرعباس","Bandar Abbās","فین","Fin","","","فین","Fin","اوین علیا","Ovin Olyā","Ovin Olyā","Hassan Mohebbi Bahmani, field notes 2015","71","","","","Fini 90%; Tehrāni type Persian 5%; Banderi of Bandar Abbās 5%","Hassan Mohebbi Bahmani, field notes 2015",27.562124086682804,55.426924807046696,""
"","10dadf5e430773dcd2de2119a239c745","26-dc7a09af4ba31b434df96151d66072df","1220052","هرمزگان","Hormozgān","بندرعباس","Bandar Abbās","فین","Fin","","","فین","Fin","پروزک","Poruzak","Poruzak","Hassan Mohebbi Bahmani, field notes 2015","67","","","","Fini 90%; Tehrāni type Persian 5%; Banderi of Bandar Abbās 5%","Hassan Mohebbi Bahmani, field notes 2015",27.605977669463716,55.47297050979715,""
"","10dadf5e430773dcd2de2119a23a0f1e","27-8ebe7d0d08b9dd6a9697f7a980ea96e3","1220053","هرمزگان","Hormozgān","بندرعباس","Bandar Abbās","فین","Fin","","","فین","Fin","گردسیاه","Gerd Siāh","Gerd Siāh","Hassan Mohebbi Bahmani, field notes 2015","","(less than 3 households; population not specified in 2011 Census for reasons of privacy)","","","Fini 90%; Tehrāni type Persian 5%; Banderi of Bandar Abbās 5%","Hassan Mohebbi Bahmani, field notes 2015",27.55575475087939,55.48803654726865,""
"","10dadf5e430773dcd2de2119a23a6164","27-667dbb753d7db141ceb568ac14caaa73","1220054","هرمزگان","Hormozgān","بندرعباس","Bandar Abbās","فین","Fin","","","فین","Fin","مهدی آباد، ختنه سورئ","Mehdi Ābād (Khatneh Suri)","Mehdi Ābād (Khatna Suri)","Hassan Mohebbi Bahmani, field notes 2015","357","","","","Fini 90%; Tehrāni type Persian 5%; Banderi of Bandar Abbās 5%","Hassan Mohebbi Bahmani, field notes 2015",27.562259621517985,55.446196699414436,""
"","10dadf5e430773dcd2de2119a23ac025","26-85b04ac091e5061421b755b0ede0b2fd","1220055","هرمزگان","Hormozgān","بندرعباس","Bandar Abbās","فین","Fin","","","فین","Fin","پابند","Pā Band","Pā Band","Hassan Mohebbi Bahmani, field notes 2015","49","","","","Fini 90%; Tehrāni type Persian 5%; Banderi of Bandar Abbās 5%","Hassan Mohebbi Bahmani, field notes 2015",27.665951650297142,55.49385665079395,""
"","10dadf5e430773dcd2de2119a23b1d13","24-fe2b37be8b300b13b7125d5ff1488ab1","1220056","هرمزگان","Hormozgān","بندرعباس","Bandar Abbās","فین","Fin","","","فین","Fin","گل اندام","Gol Andām","Gol Andom","Hassan Mohebbi Bahmani, field notes 2015","51","","","","Fini 90%; Tehrāni type Persian 5%; Banderi of Bandar Abbās 5%","Hassan Mohebbi Bahmani, field notes 2015","","",""
"","10dadf5e430773dcd2de2119a23b7593","22-1ca154826e035924b36601484454b48b","1220057","هرمزگان","Hormozgān","بندرعباس","Bandar Abbās","فین","Fin","","","گهره","Gohreh","","","","","1899","","","","","","","",""
"","10dadf5e430773dcd2de2119a23bc679","26-f7e26c7b0f19e1f0708c278d94fef5c5","1220058","هرمزگان","Hormozgān","بندرعباس","Bandar Abbās","فین","Fin","","","گهره","Gohreh","آب شیرین","Āb Shirin","How Shirin","Hassan Mohebbi Bahmani, field notes 2015","13","","","","Banderi of Bandar Abbās 90%; Tehrāni type Persian 5%; mixed 5%","Hassan Mohebbi Bahmani, field notes 2015",27.635513391407407,56.20442500131122,""
"","10dadf5e430773dcd2de2119a23c0fb3","26-d28715e25c0fdb6b265b9b9d711c95b2","1220059","هرمزگان","Hormozgān","بندرعباس","Bandar Abbās","فین","Fin","","","گهره","Gohreh","ارنگان","Arangān","Arangon","Hassan Mohebbi Bahmani, field notes 2015","29","","","","Banderi of Bandar Abbās 90%; Tehrāni type Persian 5%; mixed 5%","Hassan Mohebbi Bahmani, field notes 2015",27.657135747129256,56.34676613940201,""
"","10dadf5e430773dcd2de2119a23c5f15","26-4be1f6a27a2381a0287f022154ee816f","1220060","هرمزگان","Hormozgān","بندرعباس","Bandar Abbās","فین","Fin","","","گهره","Gohreh","چلوگهره","Chelow-e Gohreh","Chelow-e Gohra","Hassan Mohebbi Bahmani, field notes 2015","296","","","","Banderi of Bandar Abbās 90%; Tehrāni type Persian 5%; mixed 5%","Hassan Mohebbi Bahmani, field notes 2015",27.73089735738083,56.055258750627985,""
"","10dadf5e430773dcd2de2119a23ca482","27-a7ac1f3cf08189e357e4567876f30c6f","1220061","هرمزگان","Hormozgān","بندرعباس","Bandar Abbās","فین","Fin","","","گهره","Gohreh","دوین","Devin","Devin","Hassan Mohebbi Bahmani, field notes 2015","","(less than 3 households; population not specified in 2011 Census for reasons of privacy)","","","Banderi of Bandar Abbās 90%; Tehrāni type Persian 5%; mixed 5%","Hassan Mohebbi Bahmani, field notes 2015",27.7010583938508,56.10066642779287,""
"","10dadf5e430773dcd2de2119a23cdcad","26-0e9e52d65110d14d43a7a122dc024eee","1220062","هرمزگان","Hormozgān","بندرعباس","Bandar Abbās","فین","Fin","","","گهره","Gohreh","زرتوبالا","Zar Tu Bālā","Zar Tu Bālā","Hassan Mohebbi Bahmani, field notes 2015","39","","","","Banderi of Bandar Abbās 90%; Tehrāni type Persian 5%; mixed 5%","Hassan Mohebbi Bahmani, field notes 2015",27.708354605243347,56.181847225864274,""
"","10dadf5e430773dcd2de2119a23d2d31","26-c56399a5c9fbdf01bfd39c363146ac39","1220063","هرمزگان","Hormozgān","بندرعباس","Bandar Abbās","فین","Fin","","","گهره","Gohreh","زیارت","Ziārat","Ziārat","Hassan Mohebbi Bahmani, field notes 2015","182","","","","Banderi of Bandar Abbās 90%; Tehrāni type Persian 5%; mixed 5%","Hassan Mohebbi Bahmani, field notes 2015",27.789734946118767,56.088964734626494,""
"","10dadf5e430773dcd2de2119a23d75bb","27-60520c9d0a84890161f149054b996a84","1220064","هرمزگان","Hormozgān","بندرعباس","Bandar Abbās","فین","Fin","","","گهره","Gohreh","گوچین","Gu Chin","Gu Chin","Hassan Mohebbi Bahmani, field notes 2015","","(less than 3 households; population not specified in 2011 Census for reasons of privacy)","","","Banderi of Bandar Abbās 90%; Tehrāni type Persian 5%; mixed 5%","Hassan Mohebbi Bahmani, field notes 2015",27.750318145879145,56.2166756525627,""
"","10dadf5e430773dcd2de2119a23dd2f8","27-6df3dcc7939054a49baf87b9839c7fbd","1220065","هرمزگان","Hormozgān","بندرعباس","Bandar Abbās","فین","Fin","","","گهره","Gohreh","گهره","Gohreh","Gohra","Hassan Mohebbi Bahmani, field notes 2015","326","","","","Banderi of Bandar Abbās 90%; Tehrāni type Persian 5%; mixed 5%","Hassan Mohebbi Bahmani, field notes 2015",27.739988530702313,56.07316842097317,""
"","10dadf5e430773dcd2de2119a23e276b","27-b40bb2c0108ef313c7302ee0e76769f8","1220066","هرمزگان","Hormozgān","بندرعباس","Bandar Abbās","فین","Fin","","","گهره","Gohreh","گیشان غربی","Gishān Gharbi","Gishon Gharbi","Hassan Mohebbi Bahmani, field notes 2015","22","","","","Banderi of Bandar Abbās 90%; Tehrāni type Persian 5%; mixed 5%","Hassan Mohebbi Bahmani, field notes 2015",27.67666178254309,56.23476960597235,""
"","10dadf5e430773dcd2de2119a23e751f","26-b3d159f31aaa393ec8cd588b173ecfc1","1220067","هرمزگان","Hormozgān","بندرعباس","Bandar Abbās","فین","Fin","","","گهره","Gohreh","زرتوپائین","Zar Tu Pāin","Zar Tu Pāin","Hassan Mohebbi Bahmani, field notes 2015","27","","","","Banderi of Bandar Abbās 90%; Tehrāni type Persian 5%; mixed 5%","Hassan Mohebbi Bahmani, field notes 2015",27.707442794698423,56.20040269047231,""
"","10dadf5e430773dcd2de2119a23ec678","26-29965c969705f7b7860ffe36ead89c64","1220068","هرمزگان","Hormozgān","بندرعباس","Bandar Abbās","فین","Fin","","","گهره","Gohreh","آبماه","Āb Māh","How Māh","Hassan Mohebbi Bahmani, field notes 2015","137","","","","Banderi of Bandar Abbās 90%; Tehrāni type Persian 5%; mixed 5%","Hassan Mohebbi Bahmani, field notes 2015",27.832039792677858,56.004422971682416,""
"","10dadf5e430773dcd2de2119a23effd8","26-fa381e53956216f8092da2fb3399c512","1220069","هرمزگان","Hormozgān","بندرعباس","Bandar Abbās","فین","Fin","","","گهره","Gohreh","قطب آباد گهره","Qotb Ābād-e Gohreh","Kotb Ābād Gohra","Hassan Mohebbi Bahmani, field notes 2015","550","","","","Banderi of Bandar Abbās 90%; Tehrāni type Persian 5%; mixed 5%","Hassan Mohebbi Bahmani, field notes 2015",27.769516340876734,56.074287686899666,""
"","10dadf5e430773dcd2de2119a23f5134","26-7046f9f8ff8e82dcd7346a1de5785a73","1220070","هرمزگان","Hormozgān","بندرعباس","Bandar Abbās","فین","Fin","","","گهره","Gohreh","ناتردان","Nāterdān","Nāterdon","Hassan Mohebbi Bahmani, field notes 2015","14","","","","Banderi of Bandar Abbās 90%; Tehrāni type Persian 5%; mixed 5%","Hassan Mohebbi Bahmani, field notes 2015",27.81243236128521,56.06135272951134,""
"","10dadf5e430773dcd2de2119a23f8b90","26-5963dfdbdf7db174476e445a6434f275","1220071","هرمزگان","Hormozgān","بندرعباس","Bandar Abbās","فین","Fin","","","گهره","Gohreh","نارنگان","Nārengān","Nārengon","Hassan Mohebbi Bahmani, field notes 2015","24","","","","Banderi of Bandar Abbās 90%; Tehrāni type Persian 5%; mixed 5%","Hassan Mohebbi Bahmani, field notes 2015",27.786660012847214,56.033563477350235,""
"","10dadf5e430773dcd2de2119a23fedb2","27-7ec65d717fe1d971bdd21eef275b0e69","1220072","هرمزگان","Hormozgān","بندرعباس","Bandar Abbās","فین","Fin","","","گهره","Gohreh","پشت تنگ","Posht Tang","Posht Tang","Hassan Mohebbi Bahmani, field notes 2015","","(less than 3 households; population not specified in 2011 Census for reasons of privacy)","","","Banderi of Bandar Abbās 90%; Tehrāni type Persian 5%; mixed 5%","Hassan Mohebbi Bahmani, field notes 2015",27.793748088607593,55.736805438754395,""
"","10dadf5e430773dcd2de2119a2404249","26-37937b2e7be42f9f96147220030b4c0b","1220073","هرمزگان","Hormozgān","بندرعباس","Bandar Abbās","فین","Fin","","","گهره","Gohreh","پیشدان","Pishdān","Pishdon","Hassan Mohebbi Bahmani, field notes 2015","76","","","","Banderi of Bandar Abbās 90%; Tehrāni type Persian 5%; mixed 5%","Hassan Mohebbi Bahmani, field notes 2015",27.766819225930913,55.687417195004606,""
"","10dadf5e430773dcd2de2119a240a645","26-02d3307b3bad5aac065a215dfa3df20a","1220074","هرمزگان","Hormozgān","بندرعباس","Bandar Abbās","فین","Fin","","","گهره","Gohreh","چاه مهکو","Chāh Mahku","Chāh Mahku","Hassan Mohebbi Bahmani, field notes 2015","107","","","","Banderi of Bandar Abbās 90%; Tehrāni type Persian 5%; mixed 5%","Hassan Mohebbi Bahmani, field notes 2015",27.859571066512604,55.95687015989917,""
"","10dadf5e430773dcd2de2119a24109ab","26-64946017c95be1ee20248f4952f7c07b","1220075","هرمزگان","Hormozgān","بندرعباس","Bandar Abbās","فین","Fin","","","گهره","Gohreh","گرو","Gerow","Gerow","Hassan Mohebbi Bahmani, field notes 2015","39","","","","Banderi of Bandar Abbās 90%; Tehrāni type Persian 5%; mixed 5%","Hassan Mohebbi Bahmani, field notes 2015",27.830939211035933,55.92781908222755,""
"","10dadf5e430773dcd2de2119a2415b36","28-6646bbd7d03368e201c000a4bbf7a985","1220076","هرمزگان","Hormozgān","بندرعباس","Bandar Abbās","فین","Fin","فین","Fin","","","","","Fin","Hassan Mohebbi Bahmani, field notes 2015","5279","","","","Fini 85%; Banderi of Bandar Abbās 5%; Tehrāni type Persian 5%; mixed 5%","Hassan Mohebbi Bahmani, field notes 2015",27.63473,55.88148,""
"","10dadf5e430773dcd2de2119a241c026","22-2750a5aea3d382109a63d26e562d40dc","1220077","هرمزگان","Hormozgān","بندرعباس","Bandar Abbās","مرکزی","Markazi","","","","","","","","","525042","","","","","","","",""
"","10dadf5e430773dcd2de2119a241fa2e","22-e0a4257bc874ed08983367408378d610","1220078","هرمزگان","Hormozgān","بندرعباس","Bandar Abbās","مرکزی","Markazi","","","ایسین","Isin","","","","","26529","","","","","","","",""
"","10dadf5e430773dcd2de2119a2424d76","28-ec4f0df2353af38cb2bdfbc1d36cf585","1220079","هرمزگان","Hormozgān","بندرعباس","Bandar Abbās","مرکزی","Markazi","","","ایسین","Isin","آبشورک","Ābshurak","Ābshurak","Hassan Mohebbi Bahmani, field notes 2015","2173","","","","Banderi of Bandar Abbās 80%; Tehrāni type Persian 5%; Minowi 5%; Rudoni 5%; mixed 5%","Hassan Mohebbi Bahmani, field notes 2015",27.275061950812976,56.3853528496267,""
"","10dadf5e430773dcd2de2119a2429cf5","26-11c9736bd6429d3fdc862bb625938720","1220080","هرمزگان","Hormozgān","بندرعباس","Bandar Abbās","مرکزی","Markazi","","","ایسین","Isin","چه چکر","Chah Chakor","Chah Chakor","Hassan Mohebbi Bahmani, field notes 2015","2849","","","","Banderi of Bandar Abbās 80%; Tehrāni type Persian 5%; Minowi 5%; Rudoni 5%; mixed 5%","Hassan Mohebbi Bahmani, field notes 2015",27.278504382473045,56.34754443135863,""
"","10dadf5e430773dcd2de2119a242f1a9","26-2fd4f626dddfccbcc34991f0012440fe","1220081","هرمزگان","Hormozgān","بندرعباس","Bandar Abbās","مرکزی","Markazi","","","ایسین","Isin","شهرک شهیدنامجو","Shahrak Shahid Nāmju","Shahrak Shahid Nāmju","Hassan Mohebbi Bahmani, field notes 2015","1337","","","","Banderi of Bandar Abbās 80%; Tehrāni type Persian 5%; Minowi 5%; Rudoni 5%; mixed 5%","Hassan Mohebbi Bahmani, field notes 2015",27.33862006362087,56.33237385717287,""
"","10dadf5e430773dcd2de2119a2433d39","28-a531906fa9cb47894e2300f9f9f3a77b","1220082","هرمزگان","Hormozgān","بندرعباس","Bandar Abbās","مرکزی","Markazi","","","ایسین","Isin","هورمودر","Hormudar Pāin","Hormudar Pāin","Hassan Mohebbi Bahmani, field notes 2015","574","","","","Banderi of Bandar Abbās 80%; Tehrāni type Persian 5%; Minowi 5%; Rudoni 5%; mixed 5%","Hassan Mohebbi Bahmani, field notes 2015",27.31711,56.3138,""
"","10dadf5e430773dcd2de2119a2438e5a","28-2b8988422804a2bfb5225298c890a7de","1220083","هرمزگان","Hormozgān","بندرعباس","Bandar Abbās","مرکزی","Markazi","","","ایسین","Isin","فرستنده رادیوتلویزیون","Ferestandeh-ye Rādio Televizyon","Ferestandeh-ye Rādio Televizyon","Hassan Mohebbi Bahmani, field notes 2015","32","","","","Banderi of Bandar Abbās 80%; Tehrāni type Persian 5%; Minowi 5%; Rudoni 5%; mixed 5%","Hassan Mohebbi Bahmani, field notes 2015",27.25743808214349,56.412722110411025,""
"","10dadf5e430773dcd2de2119a243e9b6","28-0f722624e6f3e6b58b6a62116a740be8","1220084","هرمزگان","Hormozgān","بندرعباس","Bandar Abbās","مرکزی","Markazi","","","ایسین","Isin","تصفیه خانه اب هرمزگان","Tasfieh Khāneh Āb-e Hormozgan","Tasfieh Khāneh Āb-e Hormozgan","Hassan Mohebbi Bahmani, field notes 2015","170","","","","Banderi of Bandar Abbās 80%; Tehrāni type Persian 5%; Minowi 5%; Rudoni 5%; mixed 5%","Hassan Mohebbi Bahmani, field notes 2015",27.264619573700493,56.41585493053996,""
"","10dadf5e430773dcd2de2119a2443e07","26-c2a943e53b11f2d5a822279ad1ed3f84","1220085","هرمزگان","Hormozgān","بندرعباس","Bandar Abbās","مرکزی","Markazi","","","ایسین","Isin","مجتمع مسکونی راه اهن","Mojtama'-e Maskuni Rāh Ahan","Mojtama'-e Maskuni Rāh Ahan","Hassan Mohebbi Bahmani, field notes 2015","983","","","","Banderi of Bandar Abbās 80%; Tehrāni type Persian 5%; Minowi 5%; Rudoni 5%; mixed 5%","Hassan Mohebbi Bahmani, field notes 2015",27.229198206937607,56.248809788348886,""
"","10dadf5e430773dcd2de2119a2449008","27-fed6b7d2e1bd38abbda08bd16c1bd20d","1220086","هرمزگان","Hormozgān","بندرعباس","Bandar Abbās","مرکزی","Markazi","","","ایسین","Isin","خوابگاه و دانشگاه هرمزگان","Khābgāh va Dāneshgāh-e Hormozgān","Khābgāh va Dāneshgāh-e Hormozgān","Hassan Mohebbi Bahmani, field notes 2015","","(less than 3 households; population not specified in 2011 Census for reasons of privacy)","","","Banderi of Bandar Abbās 80%; Tehrāni type Persian 5%; Minowi 5%; Rudoni 5%; mixed 5%","Hassan Mohebbi Bahmani, field notes 2015",27.268713171906672,56.43781738201344,""
"","10dadf5e430773dcd2de2119a244d5f0","26-42fd44eee8b5f08866dabd96ff9a3fca","1220087","هرمزگان","Hormozgān","بندرعباس","Bandar Abbās","مرکزی","Markazi","","","ایسین","Isin","آب زمینو","Āb Zaminu","How Zaminu","Hassan Mohebbi Bahmani, field notes 2015","341","","","","Banderi of Bandar Abbās 80%; Tehrāni type Persian 5%; Minowi 5%; Rudoni 5%; mixed 5%","Hassan Mohebbi Bahmani, field notes 2015",27.596941984892908,56.31138482845157,""
"","10dadf5e430773dcd2de2119a2452df2","26-6d4dc598a0b37d2e98155327a28290ab","1220088","هرمزگان","Hormozgān","بندرعباس","Bandar Abbās","مرکزی","Markazi","","","ایسین","Isin","تنگ باغ","Tang Bāgh","Tang Bāgh","Hassan Mohebbi Bahmani, field notes 2015","82","","","","Banderi of Bandar Abbās 80%; Tehrāni type Persian 5%; Minowi 5%; Rudoni 5%; mixed 5%","Hassan Mohebbi Bahmani, field notes 2015",27.46927052366507,56.21186019180753,""
"","10dadf5e430773dcd2de2119a245969f","26-93eca0248ab6abb235fcf9db87cc2182","1220089","هرمزگان","Hormozgān","بندرعباس","Bandar Abbās","مرکزی","Markazi","","","ایسین","Isin","درژگی","Darzhagi","Darzhagi","Hassan Mohebbi Bahmani, field notes 2015","41","","","","Banderi of Bandar Abbās 80%; Tehrāni type Persian 5%; Minowi 5%; Rudoni 5%; mixed 5%","Hassan Mohebbi Bahmani, field notes 2015",27.480135211495725,56.37011842648825,""
"","10dadf5e430773dcd2de2119a245e1c6","26-03be1faf111ebd45e1ea9d319089051f","1220090","هرمزگان","Hormozgān","بندرعباس","Bandar Abbās","مرکزی","Markazi","","","ایسین","Isin","دشت امام","Dasht-e Emām","Dasht-e Emām","Hassan Mohebbi Bahmani, field notes 2015","777","","","","Banderi of Bandar Abbās 80%; Tehrāni type Persian 5%; Minowi 5%; Rudoni 5%; mixed 5%","Hassan Mohebbi Bahmani, field notes 2015",27.44742118657273,56.32553220984343,""
"","10dadf5e430773dcd2de2119a2463904","27-0bb39664b693be63282b723dec4eae3c","1220091","هرمزگان","Hormozgān","بندرعباس","Bandar Abbās","مرکزی","Markazi","","","ایسین","Isin","شرکت تولیدی گامرون توربین","Sherkat-e Towlidi Gāmron Turbin","Sherkat-e Towlidi Gāmron Turbin","Hassan Mohebbi Bahmani, field notes 2015","","(less than 3 households; population not specified in 2011 Census for reasons of privacy)","","","Banderi of Bandar Abbās 80%; Tehrāni type Persian 5%; Minowi 5%; Rudoni 5%; mixed 5%","Hassan Mohebbi Bahmani, field notes 2015",27.40805899435684,56.32906989972949,""
"","10dadf5e430773dcd2de2119a2469777","27-c90e17ecad8eb8ef49a9630e83d9fdde","1220092","هرمزگان","Hormozgān","بندرعباس","Bandar Abbās","مرکزی","Markazi","","","ایسین","Isin","شرکت کشت وصنعت خانچه","Sherkat-e Kesht va San'at Khātam","Sherkat-e Kesht va San'at Khātam","Hassan Mohebbi Bahmani, field notes 2015","","(less than 3 households; population not specified in 2011 Census for reasons of privacy)","","","Banderi of Bandar Abbās 80%; Tehrāni type Persian 5%; Minowi 5%; Rudoni 5%; mixed 5%","Hassan Mohebbi Bahmani, field notes 2015",27.412592578170994,56.332567500283766,""
"","10dadf5e430773dcd2de2119a246e466","26-b0b6e73d771eada878e479b9bc2b3433","1220093","هرمزگان","Hormozgān","بندرعباس","Bandar Abbās","مرکزی","Markazi","","","ایسین","Isin","گنو","Genow","Genow","Hassan Mohebbi Bahmani, field notes 2015","356","","","","Banderi of Bandar Abbās 80%; Tehrāni type Persian 5%; Minowi 5%; Rudoni 5%; mixed 5%","Hassan Mohebbi Bahmani, field notes 2015",27.453019472459378,56.29334570166892,""
"","10dadf5e430773dcd2de2119a2472236","30-00c38c77f72a6b841d838998977760f7","1220094","هرمزگان","Hormozgān","بندرعباس","Bandar Abbās","مرکزی","Markazi","","","ایسین","Isin","شهرک خلیج فارس","Shahrak Khalij-e Fārs","Shahrak Khalij-e Fārs","Hassan Mohebbi Bahmani, field notes 2015","16","","","","Banderi of Bandar Abbās 80%; Tehrāni type Persian 5%; Minowi 5%; Rudoni 5%; mixed 5%","Hassan Mohebbi Bahmani, field notes 2015",27.566088640638625,56.46712803806162,""
"","10dadf5e430773dcd2de2119a247790a","26-8630fa34c69ea59c8d0046b808118168","1220095","هرمزگان","Hormozgān","بندرعباس","Bandar Abbās","مرکزی","Markazi","","","ایسین","Isin","شهرک درجتان ابراهیمی","Shahrak-e Dar Jatān Ebrāhimi","Shahrak-e Dar Jatān Ebrāhimi","Hassan Mohebbi Bahmani, field notes 2015","225","","","","Banderi of Bandar Abbās 80%; Tehrāni type Persian 5%; Minowi 5%; Rudoni 5%; mixed 5%","Hassan Mohebbi Bahmani, field notes 2015",27.563757588638104,56.46491977895759,""
"","10dadf5e430773dcd2de2119a247d139","28-fc18f9dad63c069d191e9e9ad11b4948","1220096","هرمزگان","Hormozgān","بندرعباس","Bandar Abbās","مرکزی","Markazi","","","ایسین","Isin","آب قلمان","Āb Qalamān ","Āb Kalamon ","Hassan Mohebbi Bahmani, field notes 2015","113","","","","Banderi of Bandar Abbās 80%; Tehrāni type Persian 5%; Minowi 5%; Rudoni 5%; mixed 5%","Hassan Mohebbi Bahmani, field notes 2015",27.616256532051374,56.3943758007518,""
"","10dadf5e430773dcd2de2119a2482e36","26-1e8f222b06ce3a92f3836324c70af3cd","1220097","هرمزگان","Hormozgān","بندرعباس","Bandar Abbās","مرکزی","Markazi","","","ایسین","Isin","بن در","Bon Dar","Bon Dar","Hassan Mohebbi Bahmani, field notes 2015","131","","","","Banderi of Bandar Abbās 80%; Tehrāni type Persian 5%; Minowi 5%; Rudoni 5%; mixed 5%","Hassan Mohebbi Bahmani, field notes 2015",27.543092722169156,56.39653900542049,""
"","10dadf5e430773dcd2de2119a248877a","26-13c8b1b267d58c180e6fa684d98d873c","1220098","هرمزگان","Hormozgān","بندرعباس","Bandar Abbās","مرکزی","Markazi","","","ایسین","Isin","داوودی","Dāvudi","Dāvudi","Hassan Mohebbi Bahmani, field notes 2015","88","","","","Banderi of Bandar Abbās 80%; Tehrāni type Persian 5%; Minowi 5%; Rudoni 5%; mixed 5%","Hassan Mohebbi Bahmani, field notes 2015",27.553684225825847,56.440880110588374,""
"","10dadf5e430773dcd2de2119a248d292","28-65472cf88157e48f8251f0d0be4926fa","1220099","هرمزگان","Hormozgān","بندرعباس","Bandar Abbās","مرکزی","Markazi","","","ایسین","Isin","دیمشهرخورگو","Dim Shahr Khorgu","Dim Shahr Khorgu","Hassan Mohebbi Bahmani, field notes 2015","30","","","","Banderi of Bandar Abbās 80%; Tehrāni type Persian 5%; Minowi 5%; Rudoni 5%; mixed 5%","Hassan Mohebbi Bahmani, field notes 2015",27.58150200122693,56.484034867439725,""
"","10dadf5e430773dcd2de2119a24917d4","26-db63a172d02a3f2887994e2574511f04","1220100","هرمزگان","Hormozgān","بندرعباس","Bandar Abbās","مرکزی","Markazi","","","ایسین","Isin","سرگولم","Sar Gwalm","Sar Gwalm","Hassan Mohebbi Bahmani, field notes 2015","25","","","","Banderi of Bandar Abbās 80%; Tehrāni type Persian 5%; Minowi 5%; Rudoni 5%; mixed 5%","Hassan Mohebbi Bahmani, field notes 2015",27.613456236434892,56.47835394874352,""
"","10dadf5e430773dcd2de2119a24964c2","26-17b7dfaf1ff889f517ebaf505d4a17e9","1220101","هرمزگان","Hormozgān","بندرعباس","Bandar Abbās","مرکزی","Markazi","","","ایسین","Isin","شهرو","Shahru","Shahru","Hassan Mohebbi Bahmani, field notes 2015","2269","","","","Banderi of Bandar Abbās 80%; Tehrāni type Persian 5%; Minowi 5%; Rudoni 5%; mixed 5%","Hassan Mohebbi Bahmani, field notes 2015",27.554957672400963,56.44618889824351,""
"","10dadf5e430773dcd2de2119a249b2d5","26-dbdb97b61e5517577cb8b016222bb564","1220102","هرمزگان","Hormozgān","بندرعباس","Bandar Abbās","مرکزی","Markazi","","","ایسین","Isin","گاش","Gāsh","Gāsh","Hassan Mohebbi Bahmani, field notes 2015","25","","","","Banderi of Bandar Abbās 80%; Tehrāni type Persian 5%; Minowi 5%; Rudoni 5%; mixed 5%","Hassan Mohebbi Bahmani, field notes 2015",27.555842269730974,56.43274030224626,""
"","10dadf5e430773dcd2de2119a24a04c0","26-620668e6ae24f679a3a2bd4a14339e19","1220103","هرمزگان","Hormozgān","بندرعباس","Bandar Abbās","مرکزی","Markazi","","","ایسین","Isin","گلستان","Golestān","Golestān","Hassan Mohebbi Bahmani, field notes 2015","35","","","","Banderi of Bandar Abbās 80%; Tehrāni type Persian 5%; Minowi 5%; Rudoni 5%; mixed 5%","Hassan Mohebbi Bahmani, field notes 2015",27.558876479547738,56.45532986656496,""
"","10dadf5e430773dcd2de2119a24a3f76","26-eb4ebd08f0cc415cc75cc035a623fb10","1220104","هرمزگان","Hormozgān","بندرعباس","Bandar Abbās","مرکزی","Markazi","","","ایسین","Isin","مزراکو","Mazrāku","Mazrāku","Hassan Mohebbi Bahmani, field notes 2015","175","","","","Banderi of Bandar Abbās 80%; Tehrāni type Persian 5%; Minowi 5%; Rudoni 5%; mixed 5%","Hassan Mohebbi Bahmani, field notes 2015",27.575891230789637,56.477222056542956,""
"","10dadf5e430773dcd2de2119a24a84ca","27-182fddc0c0396c1136b6f612336c736a","1220105","هرمزگان","Hormozgān","بندرعباس","Bandar Abbās","مرکزی","Markazi","","","ایسین","Isin","ابگرم خورگو","Āb Garm-e Khorgu","Āb Garm-e Khorgu","Hassan Mohebbi Bahmani, field notes 2015","","(less than 3 households; population not specified in 2011 Census for reasons of privacy)","","","Banderi of Bandar Abbās 80%; Tehrāni type Persian 5%; Minowi 5%; Rudoni 5%; mixed 5%","Hassan Mohebbi Bahmani, field notes 2015",27.524917865044447,56.46859788860472,""
"","10dadf5e430773dcd2de2119a24ab76d","26-24c904473e8d8d14a74830bf9944251c","1220106","هرمزگان","Hormozgān","بندرعباس","Bandar Abbās","مرکزی","Markazi","","","ایسین","Isin","گورمونو","Gormu Now","Gormu Now","Hassan Mohebbi Bahmani, field notes 2015","11","","","","Banderi of Bandar Abbās 80%; Tehrāni type Persian 5%; Minowi 5%; Rudoni 5%; mixed 5%","Hassan Mohebbi Bahmani, field notes 2015",27.498390485971036,56.42649075524292,""
"","10dadf5e430773dcd2de2119a24b0e22","26-44c2a9b66e541db3b38733e32ad9dd23","1220107","هرمزگان","Hormozgān","بندرعباس","Bandar Abbās","مرکزی","Markazi","","","ایسین","Isin","شهرک سرخاد","Shahrak Sar Khād","Shahrak Sar Khād","Hassan Mohebbi Bahmani, field notes 2015","219","","","","Banderi of Bandar Abbās 80%; Tehrāni type Persian 5%; Minowi 5%; Rudoni 5%; mixed 5%","Hassan Mohebbi Bahmani, field notes 2015",27.67779210677026,56.520789177563174,""
"","10dadf5e430773dcd2de2119a24b6115","26-17bf4c3636ba59d6030271a4b1eeb536","1220108","هرمزگان","Hormozgān","بندرعباس","Bandar Abbās","مرکزی","Markazi","","","ایسین","Isin","کلوچان","Koluchān","Koluchon","Hassan Mohebbi Bahmani, field notes 2015","274","","","","Banderi of Bandar Abbās 80%; Tehrāni type Persian 5%; Minowi 5%; Rudoni 5%; mixed 5%","Hassan Mohebbi Bahmani, field notes 2015",27.68931198701594,56.55977508559037,""
"","10dadf5e430773dcd2de2119a24bc166","26-cedab068d373a8e571549a052998eab6","1220109","هرمزگان","Hormozgān","بندرعباس","Bandar Abbās","مرکزی","Markazi","","","ایسین","Isin","ماشکار","Māshkār","Māshkār","Hassan Mohebbi Bahmani, field notes 2015","215","","","","Banderi of Bandar Abbās 80%; Tehrāni type Persian 5%; Minowi 5%; Rudoni 5%; mixed 5%","Hassan Mohebbi Bahmani, field notes 2015",27.70057354885067,56.52673295273933,""
"","10dadf5e430773dcd2de2119a24c036d","26-1eed049db497579034dbdc05f3109706","1220110","هرمزگان","Hormozgān","بندرعباس","Bandar Abbās","مرکزی","Markazi","","","ایسین","Isin","مازغو","Māzeghu","Māzeghu","Hassan Mohebbi Bahmani, field notes 2015","41","","","","Banderi of Bandar Abbās 80%; Tehrāni type Persian 5%; Minowi 5%; Rudoni 5%; mixed 5%","Hassan Mohebbi Bahmani, field notes 2015",27.664926757838522,56.522570164348934,""
"","10dadf5e430773dcd2de2119a24c48be","27-8506df42f1b2fc32740ed312d9dc8121","1220111","هرمزگان","Hormozgān","بندرعباس","Bandar Abbās","مرکزی","Markazi","","","ایسین","Isin","اسلام آباد","Eslām Ābād","Eslām Ābād","Hassan Mohebbi Bahmani, field notes 2015","100","","","","Banderi of Bandar Abbās 80%; Tehrāni type Persian 5%; Minowi 5%; Rudoni 5%; mixed 5%","Hassan Mohebbi Bahmani, field notes 2015",27.610352443214257,56.58596609490799,""
"","10dadf5e430773dcd2de2119a24ca83d","26-76904c0b78dccdc574352b4312a7ba19","1220112","هرمزگان","Hormozgān","بندرعباس","Bandar Abbās","مرکزی","Markazi","","","ایسین","Isin","پشته ایسین","Posteh Isin","Poshta Isin","Hassan Mohebbi Bahmani, field notes 2015","2370","","","","Banderi of Bandar Abbās 80%; Tehrāni type Persian 5%; Minowi 5%; Rudoni 5%; mixed 5%","Hassan Mohebbi Bahmani, field notes 2015",27.320893740171243,56.2843244683553,""
"","10dadf5e430773dcd2de2119a24d1835","27-99444a238890b0eec9fbcb7e7b6ded28","1220113","هرمزگان","Hormozgān","بندرعباس","Bandar Abbās","مرکزی","Markazi","","","ایسین","Isin","خورلول","Khur Lul","Khur Lul","Hassan Mohebbi Bahmani, field notes 2015","559","","","","Banderi of Bandar Abbās 80%; Tehrāni type Persian 5%; Minowi 5%; Rudoni 5%; mixed 5%","Hassan Mohebbi Bahmani, field notes 2015",27.316563890067506,56.29386280439092,""
"","10dadf5e430773dcd2de2119a24d72c3","26-0386f55859aae732e603dda573ec18f2","1220114","هرمزگان","Hormozgān","بندرعباس","Bandar Abbās","مرکزی","Markazi","","","ایسین","Isin","سرریغ اول","Sar Righ Avval","Sar Righ Avval","Hassan Mohebbi Bahmani, field notes 2015","874","","","","Banderi of Bandar Abbās 80%; Tehrāni type Persian 5%; Minowi 5%; Rudoni 5%; mixed 5%","Hassan Mohebbi Bahmani, field notes 2015",27.30049109007453,56.27648208997683,""
"","10dadf5e430773dcd2de2119a24dc16d","26-34215e3d42d200821c6819ffeb4f9e61","1220115","هرمزگان","Hormozgān","بندرعباس","Bandar Abbās","مرکزی","Markazi","","","ایسین","Isin","سرریغ دوم","Sar Righ Dovvom","Sar Righ Dovvom","Hassan Mohebbi Bahmani, field notes 2015","726","","","","Banderi of Bandar Abbās 80%; Tehrāni type Persian 5%; Minowi 5%; Rudoni 5%; mixed 5%","Hassan Mohebbi Bahmani, field notes 2015",27.303007981157407,56.26751278303259,""
"","10dadf5e430773dcd2de2119a24e07d3","28-419855749175dd8fd582ffd3c988653e","1220116","هرمزگان","Hormozgān","بندرعباس","Bandar Abbās","مرکزی","Markazi","","","ایسین","Isin","محله نو","Mahleh Now","Mahla Now","Hassan Mohebbi Bahmani, field notes 2015","1996","","","","Banderi of Bandar Abbās 80%; Tehrāni type Persian 5%; Minowi 5%; Rudoni 5%; mixed 5%","Hassan Mohebbi Bahmani, field notes 2015",27.32413,56.25914,""
"","10dadf5e430773dcd2de2119a24e5e34","26-938cfe2286b8faf4d8aa32de502213c8","1220117","هرمزگان","Hormozgān","بندرعباس","Bandar Abbās","مرکزی","Markazi","","","ایسین","Isin","پاتل ایسین","Pātal Isin","Pātal Isin","Hassan Mohebbi Bahmani, field notes 2015","1476","","","","Banderi of Bandar Abbās 80%; Tehrāni type Persian 5%; Minowi 5%; Rudoni 5%; mixed 5%","Hassan Mohebbi Bahmani, field notes 2015",27.3010912220234,56.239361078922485,""
"","10dadf5e430773dcd2de2119a24e9e61","26-5e71729ba931b43aa5d2059524f93e2b","1220118","هرمزگان","Hormozgān","بندرعباس","Bandar Abbās","مرکزی","Markazi","","","ایسین","Isin","تهلو","Tahlu","Tahlu","Hassan Mohebbi Bahmani, field notes 2015","251","","","","Banderi of Bandar Abbās 80%; Tehrāni type Persian 5%; Minowi 5%; Rudoni 5%; mixed 5%","Hassan Mohebbi Bahmani, field notes 2015",27.361079860696183,56.30201748150299,""
"","10dadf5e430773dcd2de2119a24ef228","27-2fd78ae7396cca02a7a7d0aa7b37b7c6","1220119","هرمزگان","Hormozgān","بندرعباس","Bandar Abbās","مرکزی","Markazi","","","ایسین","Isin","دربرهو","Dar Barhu, Dar Barhow","Dar Barhu, Dar Barhow","Hassan Mohebbi Bahmani, field notes 2015","","(less than 3 households; population not specified in 2011 Census for reasons of privacy)","","","Banderi of Bandar Abbās 80%; Tehrāni type Persian 5%; Minowi 5%; Rudoni 5%; mixed 5%","Hassan Mohebbi Bahmani, field notes 2015",27.344985386039806,56.259997995079125,""
"","10dadf5e430773dcd2de2119a24f3f64","26-3eecb0462b9686479f9e5aa298a05867","1220120","هرمزگان","Hormozgān","بندرعباس","Bandar Abbās","مرکزی","Markazi","","","ایسین","Isin","درگیر","Dargir","Dargir","Hassan Mohebbi Bahmani, field notes 2015","1290","","","","Banderi of Bandar Abbās 80%; Tehrāni type Persian 5%; Minowi 5%; Rudoni 5%; mixed 5%","Hassan Mohebbi Bahmani, field notes 2015",27.330069067171035,56.22427633542579,""
"","10dadf5e430773dcd2de2119a24f8a70","26-bca9ebd52727916987ac99bd9822ec2e","1220121","هرمزگان","Hormozgān","بندرعباس","Bandar Abbās","مرکزی","Markazi","","","ایسین","Isin","دزک","Dezek","Dezek","Hassan Mohebbi Bahmani, field notes 2015","247","","","","Banderi of Bandar Abbās 80%; Tehrāni type Persian 5%; Minowi 5%; Rudoni 5%; mixed 5%","Hassan Mohebbi Bahmani, field notes 2015",27.392899876205703,56.27180507916237,""
"","10dadf5e430773dcd2de2119a24fd038","26-0fb326daedaad81c19f956771900a678","1220122","هرمزگان","Hormozgān","بندرعباس","Bandar Abbās","مرکزی","Markazi","","","ایسین","Isin","قلعه ایسین","Qal'eh Isin","Kal'a Isin","Hassan Mohebbi Bahmani, field notes 2015","726","","","","Banderi of Bandar Abbās 80%; Tehrāni type Persian 5%; Minowi 5%; Rudoni 5%; mixed 5%","Hassan Mohebbi Bahmani, field notes 2015",27.32225317092486,56.274658949554116,""
"","10dadf5e430773dcd2de2119a2502e79","27-821575950e3d915710a0d82df663e1e6","1220123","هرمزگان","Hormozgān","بندرعباس","Bandar Abbās","مرکزی","Markazi","","","ایسین","Isin","پاسگاه نیروی انتظامی کوه گنو","Pasgāh-e Niru-ye Entzāmi-ye Kuh-e Genow","Pasgāh Niru Entzāmi Kuh Genow","Hassan Mohebbi Bahmani, field notes 2015","","(less than 3 households; population not specified in 2011 Census for reasons of privacy)","","","Banderi of Bandar Abbās 80%; Tehrāni type Persian 5%; Minowi 5%; Rudoni 5%; mixed 5%","Hassan Mohebbi Bahmani, field notes 2015",27.454592749100893,56.28220112321407,""
"","10dadf5e430773dcd2de2119a2507cb9","26-b9a0ff06b7231c4d7fc4e60b88a1bc19","1220124","هرمزگان","Hormozgān","بندرعباس","Bandar Abbās","مرکزی","Markazi","","","ایسین","Isin","فاریاب ایسین","Fāryāb-e Isin","Fāryāb-e Isin","Hassan Mohebbi Bahmani, field notes 2015","1691","","","","Banderi of Bandar Abbās 80%; Tehrāni type Persian 5%; Minowi 5%; Rudoni 5%; mixed 5%","Hassan Mohebbi Bahmani, field notes 2015",27.32151101094588,56.28690035340702,""
"","10dadf5e430773dcd2de2119a250cf7b","27-f1cd29f4c0b1978e31f94387881eaf86","1220125","هرمزگان","Hormozgān","بندرعباس","Bandar Abbās","مرکزی","Markazi","","","ایسین","Isin","شهرک صنعتی بندرعباس","Shahrak San'ati-ye Bandar Abbās","Shahrak San'ati-ye BandarAbbās","Hassan Mohebbi Bahmani, field notes 2015","195","","","","Banderi of Bandar Abbās 80%; Tehrāni type Persian 5%; Minowi 5%; Rudoni 5%; mixed 5%","Hassan Mohebbi Bahmani, field notes 2015",27.390910685377968,56.3523569821975,""
"","10dadf5e430773dcd2de2119a2510ea4","27-d9e018041e658b75d752d1fa3bad7fbc","1220126","هرمزگان","Hormozgān","بندرعباس","Bandar Abbās","مرکزی","Markazi","","","ایسین","Isin","کافه دوراهی سرخون","Kāfe Do Rāhi Sorkhun","Kāfe Do Rāhi Sorkhun","Hassan Mohebbi Bahmani, field notes 2015","","(less than 3 households; population not specified in 2011 Census for reasons of privacy)","","","Banderi of Bandar Abbās 80%; Tehrāni type Persian 5%; Minowi 5%; Rudoni 5%; mixed 5%","Hassan Mohebbi Bahmani, field notes 2015",27.358136360624595,56.339181971518336,""
"","10dadf5e430773dcd2de2119a2515632","22-3ccf5ce0c01cc4c1a5779b0d7fb86f36","1220127","هرمزگان","Hormozgān","بندرعباس","Bandar Abbās","مرکزی","Markazi","","","تازیان","Tāziān","","","","","25550","","","","","","","",""
"","10dadf5e430773dcd2de2119a251a5ae","26-328863f73c8e03913beaa5abef3c88f7","1220128","هرمزگان","Hormozgān","بندرعباس","Bandar Abbās","مرکزی","Markazi","","","تازیان","Tāziān","بنوبند","Banu Band","Banu Band","Hassan Mohebbi Bahmani, field notes 2015","698","","","","Banderi of Bandar Abbās 80%; Tehrāni type Persian 5%; Fini 5%; Minowi 5%; mixed 5%","Hassan Mohebbi Bahmani, field notes 2015",27.318599589688272,56.19110325258122,""
"","10dadf5e430773dcd2de2119a251ff3f","26-6c22c4a8e9a55ae77b25c909369c6cc0","1220129","هرمزگان","Hormozgān","بندرعباس","Bandar Abbās","مرکزی","Markazi","","","تازیان","Tāziān","بنوبندپاسنگ","Banu Band Pā Sang","Banu Band Pā Sang","Hassan Mohebbi Bahmani, field notes 2015","877","","","","Banderi of Bandar Abbās 80%; Tehrāni type Persian 5%; Fini 5%; Minowi 5%; mixed 5%","Hassan Mohebbi Bahmani, field notes 2015",27.31680751583947,56.175696644001015,""
"","10dadf5e430773dcd2de2119a252606a","26-d78fbc113368c8fd6822d212ad01c0f8","1220130","هرمزگان","Hormozgān","بندرعباس","Bandar Abbās","مرکزی","Markazi","","","تازیان","Tāziān","چاهوگنوپائین","Chāhu Genow Pāin","Chāhu Genow Pāin","Hassan Mohebbi Bahmani, field notes 2015","81","","","","Banderi of Bandar Abbās 80%; Tehrāni type Persian 5%; Fini 5%; Minowi 5%; mixed 5%","Hassan Mohebbi Bahmani, field notes 2015",27.34510023058667,56.18359306733566,""
"","10dadf5e430773dcd2de2119a252b20d","27-a92c4a550a723d7eb928b8a7673fcc69","1220131","هرمزگان","Hormozgān","بندرعباس","Bandar Abbās","مرکزی","Markazi","","","تازیان","Tāziān","پابندگنو","Pā Band Genow","Pā Band Genow","Hassan Mohebbi Bahmani, field notes 2015","","(less than 3 households; population not specified in 2011 Census for reasons of privacy)","","","Banderi of Bandar Abbās 80%; Tehrāni type Persian 5%; Fini 5%; Minowi 5%; mixed 5%","Hassan Mohebbi Bahmani, field notes 2015",27.37941719913117,56.156266721900344,""
"","10dadf5e430773dcd2de2119a252f72a","26-95b4f6b9bc41ce0b6e86322287252d96","1220132","هرمزگان","Hormozgān","بندرعباس","Bandar Abbās","مرکزی","Markazi","","","تازیان","Tāziān","چاه محمد","Chāh Mohammad","Chā Mohammad","Hassan Mohebbi Bahmani, field notes 2015","906","","","","Banderi of Bandar Abbās 80%; Tehrāni type Persian 5%; Fini 5%; Minowi 5%; mixed 5%","Hassan Mohebbi Bahmani, field notes 2015",27.31858374142012,56.11600140017044,""
"","10dadf5e430773dcd2de2119a2533f30","26-2bc2a24e5c4d6cab9a4aa668e572b598","1220133","هرمزگان","Hormozgān","بندرعباس","Bandar Abbās","مرکزی","Markazi","","","تازیان","Tāziān","قلات بالا","Qalāt Bālā","Kalāt Bālā","Hassan Mohebbi Bahmani, field notes 2015","3465","","","","Banderi of Bandar Abbās 80%; Tehrāni type Persian 5%; Fini 5%; Minowi 5%; mixed 5%","Hassan Mohebbi Bahmani, field notes 2015",27.31887129283688,56.09475830477673,""
"","10dadf5e430773dcd2de2119a2539c37","26-5eac5b81a9c5bdd4c2aab8e6381dde5f","1220134","هرمزگان","Hormozgān","بندرعباس","Bandar Abbās","مرکزی","Markazi","","","تازیان","Tāziān","کنارو","Konāru","Konāru","Hassan Mohebbi Bahmani, field notes 2015","1540","","","","Banderi of Bandar Abbās 80%; Tehrāni type Persian 5%; Fini 5%; Minowi 5%; mixed 5%","Hassan Mohebbi Bahmani, field notes 2015",27.31377538363943,56.13263109606294,""
"","10dadf5e430773dcd2de2119a253e9cd","26-1a2c15ef0d2d22d7f48bcbe1845d9410","1220135","هرمزگان","Hormozgān","بندرعباس","Bandar Abbās","مرکزی","Markazi","","","تازیان","Tāziān","محمد شمسی","Mohammad Shamsi","Mohammad Shamsi","Hassan Mohebbi Bahmani, field notes 2015","66","","","","Banderi of Bandar Abbās 80%; Tehrāni type Persian 5%; Fini 5%; Minowi 5%; mixed 5%","Hassan Mohebbi Bahmani, field notes 2015",27.31810351637477,56.121237072169535,""
"","10dadf5e430773dcd2de2119a2543586","26-13ad4cd0259afe42a4dc3803c518590b","1220136","هرمزگان","Hormozgān","بندرعباس","Bandar Abbās","مرکزی","Markazi","","","تازیان","Tāziān","تازیان بالا","Tāziān Bālā","Tāzion Bālā","Hassan Mohebbi Bahmani, field notes 2015","1544","","","","Banderi of Bandar Abbās 80%; Tehrāni type Persian 5%; Fini 5%; Minowi 5%; mixed 5%","Hassan Mohebbi Bahmani, field notes 2015",27.31515188668641,56.163315567185286,""
"","10dadf5e430773dcd2de2119a25487a7","26-6e779442c64a517733332f44e76449ed","1220137","هرمزگان","Hormozgān","بندرعباس","Bandar Abbās","مرکزی","Markazi","","","تازیان","Tāziān","قلات پائین","Qalāt Pāin","Kalāt Pāin","Hassan Mohebbi Bahmani, field notes 2015","1552","","","","Banderi of Bandar Abbās 80%; Tehrāni type Persian 5%; Fini 5%; Minowi 5%; mixed 5%","Hassan Mohebbi Bahmani, field notes 2015",27.303097844970406,56.072227749056196,""
"","10dadf5e430773dcd2de2119a254d6fc","26-50840f6c8b7d227a640f67fe403df277","1220138","هرمزگان","Hormozgān","بندرعباس","Bandar Abbās","مرکزی","Markazi","","","تازیان","Tāziān","بنوبندپاتل","Banu Band Pā Tal","Banu Band Pā Tal","Hassan Mohebbi Bahmani, field notes 2015","642","","","","Banderi of Bandar Abbās 80%; Tehrāni type Persian 5%; Fini 5%; Minowi 5%; mixed 5%","Hassan Mohebbi Bahmani, field notes 2015",27.2976435885878,56.183249744583925,""
"","10dadf5e430773dcd2de2119a2552172","26-ae93af89dfb30d6a72c89079711f7cc2","1220139","هرمزگان","Hormozgān","بندرعباس","Bandar Abbās","مرکزی","Markazi","","","تازیان","Tāziān","تازیان پایین","Tāziān Pāin","Tāzion Pāin","Hassan Mohebbi Bahmani, field notes 2015","6571","","","","Banderi of Bandar Abbās 80%; Tehrāni type Persian 5%; Fini 5%; Minowi 5%; mixed 5%","Hassan Mohebbi Bahmani, field notes 2015",27.29102855730342,56.15376690309847,""
"","10dadf5e430773dcd2de2119a2557c0d","26-d68a9711c10314c0e9e7484e0f19ebdf","1220140","هرمزگان","Hormozgān","بندرعباس","Bandar Abbās","مرکزی","Markazi","","","تازیان","Tāziān","پاتل تازیان","Pātal-e Tāziān","Pātal-e Tāzion","Hassan Mohebbi Bahmani, field notes 2015","148","","","","Banderi of Bandar Abbās 80%; Tehrāni type Persian 5%; Fini 5%; Minowi 5%; mixed 5%","Hassan Mohebbi Bahmani, field notes 2015",27.29171504630808,56.16818645875993,""
"","10dadf5e430773dcd2de2119a255cee5","26-5eb6631ce2969526f7e089916a00562c","1220141","هرمزگان","Hormozgān","بندرعباس","Bandar Abbās","مرکزی","Markazi","","","تازیان","Tāziān","بلندو","Bolandu","Bolandu","Hassan Mohebbi Bahmani, field notes 2015","1148","","","","Banderi of Bandar Abbās 80%; Tehrāni type Persian 5%; Fini 5%; Minowi 5%; mixed 5%","Hassan Mohebbi Bahmani, field notes 2015",27.206822001765836,55.98603228016461,""
"","10dadf5e430773dcd2de2119a2561296","26-371857fbf2147512894168ed95c0ae10","1220142","هرمزگان","Hormozgān","بندرعباس","Bandar Abbās","مرکزی","Markazi","","","تازیان","Tāziān","سودرو","So Daru","So Daru","Hassan Mohebbi Bahmani, field notes 2015","841","","","","Banderi of Bandar Abbās 80%; Tehrāni type Persian 5%; Fini 5%; Minowi 5%; mixed 5%","Hassan Mohebbi Bahmani, field notes 2015",27.20044788477456,55.96433857365471,""
"","10dadf5e430773dcd2de2119a256638d","26-f841354c894df719865857af16efa6a8","1220143","هرمزگان","Hormozgān","بندرعباس","Bandar Abbās","مرکزی","Markazi","","","تازیان","Tāziān","گربند","Gar Band","Gar Band","Hassan Mohebbi Bahmani, field notes 2015","864","","","","Banderi of Bandar Abbās 80%; Tehrāni type Persian 5%; Fini 5%; Minowi 5%; mixed 5%","Hassan Mohebbi Bahmani, field notes 2015",27.22279425768866,56.00905636234585,""
"","10dadf5e430773dcd2de2119a256b910","26-fbcd4ec1032256500579d37cf7f2f6e3","1220144","هرمزگان","Hormozgān","بندرعباس","Bandar Abbās","مرکزی","Markazi","","","تازیان","Tāziān","تل سیاه","Tal Siāh","Tal Siāh","Hassan Mohebbi Bahmani, field notes 2015","312","","","","Banderi of Bandar Abbās 80%; Tehrāni type Persian 5%; Fini 5%; Minowi 5%; mixed 5%","Hassan Mohebbi Bahmani, field notes 2015",27.226970451399144,56.2193844644271,""
"","10dadf5e430773dcd2de2119a256f886","26-c6f2f1bd3e22860c0453147499e7fab1","1220145","هرمزگان","Hormozgān","بندرعباس","Bandar Abbās","مرکزی","Markazi","","","تازیان","Tāziān","جمال احمد","Jamāl Ahmad","Jamāl Ahmad","Hassan Mohebbi Bahmani, field notes 2015","590","","","","Banderi of Bandar Abbās 80%; Tehrāni type Persian 5%; Fini 5%; Minowi 5%; mixed 5%","Hassan Mohebbi Bahmani, field notes 2015",27.240382948013185,56.21108034531811,""
"","10dadf5e430773dcd2de2119a2575831","26-f63a2b6057e4e7abcc586365f8f67490","1220146","هرمزگان","Hormozgān","بندرعباس","Bandar Abbās","مرکزی","Markazi","","","تازیان","Tāziān","چاهو","Chāhu","Chāhu","Hassan Mohebbi Bahmani, field notes 2015","1165","","","","Banderi of Bandar Abbās 80%; Tehrāni type Persian 5%; Fini 5%; Minowi 5%; mixed 5%","Hassan Mohebbi Bahmani, field notes 2015",27.24122527942228,56.06450298709338,""
"","10dadf5e430773dcd2de2119a25795e2","26-0238c9555385d792eee1cdad966fcff8","1220147","هرمزگان","Hormozgān","بندرعباس","Bandar Abbās","مرکزی","Markazi","","","تازیان","Tāziān","شهرو","Shahru","Shahru","Hassan Mohebbi Bahmani, field notes 2015","2249","","","","Banderi of Bandar Abbās 80%; Tehrāni type Persian 5%; Fini 5%; Minowi 5%; mixed 5%","Hassan Mohebbi Bahmani, field notes 2015",27.270410793441197,56.107117923916164,""
"","10dadf5e430773dcd2de2119a257dbb4","26-224d8efd2cd0f375428614481d72be4d","1220148","هرمزگان","Hormozgān","بندرعباس","Bandar Abbās","مرکزی","Markazi","","","تازیان","Tāziān","کلاتو","Kalātu","Kalātu","Hassan Mohebbi Bahmani, field notes 2015","285","","","","Banderi of Bandar Abbās 80%; Tehrāni type Persian 5%; Fini 5%; Minowi 5%; mixed 5%","Hassan Mohebbi Bahmani, field notes 2015",27.188429523788145,56.18865707795394,""
"","10dadf5e430773dcd2de2119a2582fbf","22-d22560fca4f482de89a9d9e3d48fee39","1220149","هرمزگان","Hormozgān","بندرعباس","Bandar Abbās","مرکزی","Markazi","","","گچین","Gachin","","","","","20741","","","","","","","",""
"","10dadf5e430773dcd2de2119a258a31a","26-168d35401324fc1183d6a5624d41e6c8","1220150","هرمزگان","Hormozgān","بندرعباس","Bandar Abbās","مرکزی","Markazi","","","گچین","Gachin","دوگردان خونسرخ","Dogordān-e Khunsorkh","Dogordān-e Khunsorkh","Hassan Mohebbi Bahmani, field notes 2015","1539","","","","Banderi of Bandar Abbās 90%; Tehrāni type Persian 5%; mixed 5%","Hassan Mohebbi Bahmani, field notes 2015",27.14288906206101,56.09874820639446,""
"","10dadf5e430773dcd2de2119a258eef6","26-d9dd9b1a7f9eccd4d731c200c8588379","1220151","هرمزگان","Hormozgān","بندرعباس","Bandar Abbās","مرکزی","Markazi","","","گچین","Gachin","شهرک توانیر","Shahrak Tavānir","Shahrak Tavānir","Hassan Mohebbi Bahmani, field notes 2015","1252","","","","Banderi of Bandar Abbās 90%; Tehrāni type Persian 5%; mixed 5%","Hassan Mohebbi Bahmani, field notes 2015",27.14213495619834,56.10660171438906,""
"","10dadf5e430773dcd2de2119a2595b29","26-93690dcfe8e426cb04a1538185e9e1ac","1220152","هرمزگان","Hormozgān","بندرعباس","Bandar Abbās","مرکزی","Markazi","","","گچین","Gachin","شهرک شهید رجائی","Shahrak Shahid Rajāi","Shahrak Shahid Rajāi","Hassan Mohebbi Bahmani, field notes 2015","870","","","","Banderi of Bandar Abbās 90%; Tehrāni type Persian 5%; mixed 5%","Hassan Mohebbi Bahmani, field notes 2015",27.13719595298663,56.089275869554925,""
"","10dadf5e430773dcd2de2119a259accd","26-59ee814cb6fef75842ad36e7e1689216","1220153","هرمزگان","Hormozgān","بندرعباس","Bandar Abbās","مرکزی","Markazi","","","گچین","Gachin","بارقین خونسرخ","Bāreqin Khon Sorkh","Bārekin Khon Sorkh","Hassan Mohebbi Bahmani, field notes 2015","401","","","","Banderi of Bandar Abbās 90%; Tehrāni type Persian 5%; mixed 5%","Hassan Mohebbi Bahmani, field notes 2015",27.145391836242897,56.09231232709521,""
"","10dadf5e430773dcd2de2119a25a0510","24-fcf4e0aed82dba73e86f6a810018ca07","1220154","هرمزگان","Hormozgān","بندرعباس","Bandar Abbās","مرکزی","Markazi","","","گچین","Gachin","مجتمع انبارهای ایران","Mojtama'-e Anbārhā-ye Irān","Mojtama'-e Anbārhā-ye Irān","Hassan Mohebbi Bahmani, field notes 2015","31","","","","Banderi of Bandar Abbās 90%; Tehrāni type Persian 5%; mixed 5%","Hassan Mohebbi Bahmani, field notes 2015","","",""
"","10dadf5e430773dcd2de2119a25a55e7","26-26a900949a0585e1f585d17aff427f8d","1220155","هرمزگان","Hormozgān","بندرعباس","Bandar Abbās","مرکزی","Markazi","","","گچین","Gachin","شرکت کشتیرانی ایران بحر","Sherkat-e Kashtirāni-ye Irān Bahr","Sherkat-e Kashtirāni-ye Irān Bahr","Hassan Mohebbi Bahmani, field notes 2015","1104","","","","Banderi of Bandar Abbās 90%; Tehrāni type Persian 5%; mixed 5%","Hassan Mohebbi Bahmani, field notes 2015",27.15463859911206,56.141014337242446,""
"","10dadf5e430773dcd2de2119a25aa543","26-1f2da101f0f10e98f8d780d82617fe76","1220156","هرمزگان","Hormozgān","بندرعباس","Bandar Abbās","مرکزی","Markazi","","","گچین","Gachin","انبارشرکت فولادهرمزگان","Anbār-e Sherkat-e Fulād-e Hormozgān","Anbār-e Sherkat-e Fulād-e Hormozgān","Hassan Mohebbi Bahmani, field notes 2015","184","","","","Banderi of Bandar Abbās 90%; Tehrāni type Persian 5%; mixed 5%","Hassan Mohebbi Bahmani, field notes 2015",27.14939040725529,56.106282412712,""
"","10dadf5e430773dcd2de2119a25af682","24-5d805e4f8561dafee48a9624251477b8","1220157","هرمزگان","Hormozgān","بندرعباس","Bandar Abbās","مرکزی","Markazi","","","گچین","Gachin","مجتمع الومینیم المهدی","Mojtama'-e Alominyom-e Almahdi ","Mojtama'-e Alominyom-e Almahdi ","Hassan Mohebbi Bahmani, field notes 2015","1052","","","","Banderi of Bandar Abbās 90%; Tehrāni type Persian 5%; mixed 5%","Hassan Mohebbi Bahmani, field notes 2015","","",""
"","10dadf5e430773dcd2de2119a25b33c0","26-9289552bf3f50ad8fb28f8ca5e3e2e16","1220158","هرمزگان","Hormozgān","بندرعباس","Bandar Abbās","مرکزی","Markazi","","","گچین","Gachin","پالایشگاه نفت بندرعباس","Pālāyeshgāh-e Naft-e Bandar Abbās","Pālāyeshgāh-e Naft-e Bandar Abbās","Hassan Mohebbi Bahmani, field notes 2015","373","","","","Banderi of Bandar Abbās 90%; Tehrāni type Persian 5%; mixed 5%","Hassan Mohebbi Bahmani, field notes 2015",27.162072490890882,56.06593030935265,""
"","10dadf5e430773dcd2de2119a25b8eaa","26-23425b3f345a70a9275e5887edc467c7","1220159","هرمزگان","Hormozgān","بندرعباس","Bandar Abbās","مرکزی","Markazi","","","گچین","Gachin","بستانو","Bostānu","Bostānu","Hassan Mohebbi Bahmani, field notes 2015","1870","","","","Banderi of Bandar Abbās 90%; Tehrāni type Persian 5%; mixed 5%","Hassan Mohebbi Bahmani, field notes 2015",27.080324893918014,56.0014174310685,""
"","10dadf5e430773dcd2de2119a25be275","26-3a15441d502e3e10357e9dc79b3469b1","1220160","هرمزگان","Hormozgān","بندرعباس","Bandar Abbās","مرکزی","Markazi","","","گچین","Gachin","مغ احمدبالا","Mogh Ahmad Bālā","Mogh Ahmad Bālā","Hassan Mohebbi Bahmani, field notes 2015","674","","","","Banderi of Bandar Abbās 90%; Tehrāni type Persian 5%; mixed 5%","Hassan Mohebbi Bahmani, field notes 2015",27.153642624714553,55.87779978200509,""
"","10dadf5e430773dcd2de2119a25c1a0c","26-16838d2cf56cfa48f896e25db7602db9","1220161","هرمزگان","Hormozgān","بندرعباس","Bandar Abbās","مرکزی","Markazi","","","گچین","Gachin","اسکله شهیدرجائی","Eskeleh Shahid Rajāi","Eskela Shahid Rajāi","Hassan Mohebbi Bahmani, field notes 2015","21","","","","Banderi of Bandar Abbās 90%; Tehrāni type Persian 5%; mixed 5%","Hassan Mohebbi Bahmani, field notes 2015",27.118202875349393,56.06611231249833,""
"","10dadf5e430773dcd2de2119a25c748e","27-201ad2ef4e6e41ff441e9cd0b4b8e0d3","1220162","هرمزگان","Hormozgān","بندرعباس","Bandar Abbās","مرکزی","Markazi","","","گچین","Gachin","امادگاه حضرت ابوالفضل","Āmādgāh-e Hazrat-e Abolfazl","Āmādgāh-e Hazrat-e Abolfazl","Hassan Mohebbi Bahmani, field notes 2015","","(less than 3 households; population not specified in 2011 Census for reasons of privacy)","","","Banderi of Bandar Abbās 90%; Tehrāni type Persian 5%; mixed 5%","Hassan Mohebbi Bahmani, field notes 2015",27.165902643943873,56.10776299208876,""
"","10dadf5e430773dcd2de2119a25cc9d5","26-5920860648a8011d26f4726f655c7be6","1220163","هرمزگان","Hormozgān","بندرعباس","Bandar Abbās","مرکزی","Markazi","","","گچین","Gachin","تیاب خون سرخ","Tiāb-e Khun Sorkh","Tiāb-e Khon Sorkh","Hassan Mohebbi Bahmani, field notes 2015","857","","","","Banderi of Bandar Abbās 90%; Tehrāni type Persian 5%; mixed 5%","Hassan Mohebbi Bahmani, field notes 2015",27.127688418554072,56.09675264288696,""
"","10dadf5e430773dcd2de2119a25d15ea","27-49d239b832559b6604fa29754ec0b37f","1220164","هرمزگان","Hormozgān","بندرعباس","Bandar Abbās","مرکزی","Markazi","","","گچین","Gachin","شرکت گران سنگ  مهر","Sherkat-e Gerān Sang-e Mehr","Sherkat-e Gerān Sang-e Mehr","Hassan Mohebbi Bahmani, field notes 2015","","(less than 3 households; population not specified in 2011 Census for reasons of privacy)","","","Banderi of Bandar Abbās 90%; Tehrāni type Persian 5%; mixed 5%","Hassan Mohebbi Bahmani, field notes 2015",27.076116733527147,55.97887748452258,""
"","10dadf5e430773dcd2de2119a25d76d9","26-4eb99599252f4779f38d075cde3beead","1220165","هرمزگان","Hormozgān","بندرعباس","Bandar Abbās","مرکزی","Markazi","","","گچین","Gachin","کمپ مسکونی شرکت نفت بستانو","Kamp-e Maskuni-ye Sherkat-e Naft-e Bostānu","Kamp-e Maskuni-ye Sherkat-e Naft-e Bostānu","Hassan Mohebbi Bahmani, field notes 2015","69","","","","Banderi of Bandar Abbās 90%; Tehrāni type Persian 5%; mixed 5%","Hassan Mohebbi Bahmani, field notes 2015",27.075390704413728,55.98751419754874,""
"","10dadf5e430773dcd2de2119a25dbead","26-af6e892fd9479a7641be63b89fa320e7","1220166","هرمزگان","Hormozgān","بندرعباس","Bandar Abbās","مرکزی","Markazi","","","گچین","Gachin","گچین پایین","Gachin Pāin","Gachin Pāin","Hassan Mohebbi Bahmani, field notes 2015","2750","","","","Banderi of Bandar Abbās 90%; Tehrāni type Persian 5%; mixed 5%","Hassan Mohebbi Bahmani, field notes 2015",27.091304779131292,55.888720511724,""
"","10dadf5e430773dcd2de2119a25dfaff","28-fa52d54e69e78100811316c2e6011dc1","1220167","هرمزگان","Hormozgān","بندرعباس","Bandar Abbās","مرکزی","Markazi","","","گچین","Gachin","مجتمع کشتی سازی خلیج فارس","Mojtama'-e Kashtisāzi-ye Khalij-e Fars","Mojtama'e Kashtisāzi-ye Khalij-e Fars","Hassan Mohebbi Bahmani, field notes 2015","521","","","","Banderi of Bandar Abbās 90%; Tehrāni type Persian 5%; mixed 5%","Hassan Mohebbi Bahmani, field notes 2015",27.063585826977153,55.960212935129704,""
"","10dadf5e430773dcd2de2119a25e3703","26-9776c0ba3c3bc9593a4e199e78132f99","1220168","هرمزگان","Hormozgān","بندرعباس","Bandar Abbās","مرکزی","Markazi","","","گچین","Gachin","کمپمسکونی خلیج فارس","Kamp-e Maskuni-ye Khalij-e Fārs","Kamp-e Maskuni-ye Khalij-e Fārs","Hassan Mohebbi Bahmani, field notes 2015","23","","","","Banderi of Bandar Abbās 90%; Tehrāni type Persian 5%; mixed 5%","Hassan Mohebbi Bahmani, field notes 2015",27.07187366037358,55.98015784136111,""
"","10dadf5e430773dcd2de2119a25e8baa","26-1377e03488cd15f500335ed487feaeaf","1220169","هرمزگان","Hormozgān","بندرعباس","Bandar Abbās","مرکزی","Markazi","","","گچین","Gachin","دمیلو","Damilu","Damilu","Hassan Mohebbi Bahmani, field notes 2015","1191","","","","Banderi of Bandar Abbās 90%; Tehrāni type Persian 5%; mixed 5%","Hassan Mohebbi Bahmani, field notes 2015",27.181322732690475,55.83024958059401,""
"","10dadf5e430773dcd2de2119a25ee966","26-256b11482c6ae7a8e9bd736c204356fe","1220170","هرمزگان","Hormozgān","بندرعباس","Bandar Abbās","مرکزی","Markazi","","","گچین","Gachin","گچین بالا","Gachin Bālā","Gachin Bālā","Hassan Mohebbi Bahmani, field notes 2015","3782","","","","Banderi of Bandar Abbās 90%; Tehrāni type Persian 5%; mixed 5%","Hassan Mohebbi Bahmani, field notes 2015",27.125380415559107,55.87387180261996,""
"","10dadf5e430773dcd2de2119a25f4f25","26-be11273c102e136f0c9a5f36631c4492","1220171","هرمزگان","Hormozgān","بندرعباس","Bandar Abbās","مرکزی","Markazi","","","گچین","Gachin","مغ احمدپائین","Mogh Ahmad Pāin","Mogh Ahmad Pāin","Hassan Mohebbi Bahmani, field notes 2015","424","","","","Banderi of Bandar Abbās 90%; Tehrāni type Persian 5%; mixed 5%","Hassan Mohebbi Bahmani, field notes 2015",27.157766579219984,55.889816078391,""
"","10dadf5e430773dcd2de2119a25f9890","26-be8403effe45e19c5f21f0c3f3ab8bc1","1220172","هرمزگان","Hormozgān","بندرعباس","Bandar Abbās","مرکزی","Markazi","","","گچین","Gachin","کل متلی","Kal Matali","Kal Matali","Hassan Mohebbi Bahmani, field notes 2015","1721","","","","Banderi of Bandar Abbās 90%; Tehrāni type Persian 5%; mixed 5%","Hassan Mohebbi Bahmani, field notes 2015",27.145047852209856,55.79651689463991,""
"","10dadf5e430773dcd2de2119a25feba3","22-7bfbb87212e969a4699678f57484d89b","1220173","هرمزگان","Hormozgān","بندرعباس","Bandar Abbās","مرکزی","Markazi","","","سیاهو","Siāhu","","","","","10184","","","","","","","",""
"","10dadf5e430773dcd2de2119a26034d1","25-f152dcb3388fd1c94644f4fe9774c527","1220174","هرمزگان","Hormozgān","بندرعباس","Bandar Abbās","مرکزی","Markazi","","","سیاهو","Siāhu","اب محمدی","Āb Mohammadi","Āb Mohammadi","Hassan Mohebbi Bahmani, field notes 2015","","(less than 3 households; population not specified in 2011 Census for reasons of privacy)","","","Banderi of Bandar Abbās 90%; Tehrāni type Persian 5%; mixed 5%","Hassan Mohebbi Bahmani, field notes 2015","","",""
"","10dadf5e430773dcd2de2119a2607d40","26-b236a9abf95e7ce2cecd956cad21e95b","1220175","هرمزگان","Hormozgān","بندرعباس","Bandar Abbās","مرکزی","Markazi","","","سیاهو","Siāhu","پتکنان بالا","Potenkān Bālā","Potenkon Bālā","Hassan Mohebbi Bahmani, field notes 2015","181","","","","Banderi of Bandar Abbās 90%; Tehrāni type Persian 5%; mixed 5%","Hassan Mohebbi Bahmani, field notes 2015",27.732023081354633,56.527946176523756,""
"","10dadf5e430773dcd2de2119a260cffe","26-7df8386ecd76767e65565a61534a739c","1220176","هرمزگان","Hormozgān","بندرعباس","Bandar Abbās","مرکزی","Markazi","","","سیاهو","Siāhu","دوکوه","Do Kuh","Do Kuh","Hassan Mohebbi Bahmani, field notes 2015","59","","","","Banderi of Bandar Abbās 90%; Tehrāni type Persian 5%; mixed 5%","Hassan Mohebbi Bahmani, field notes 2015",27.7944069787587,56.62318605421318,""
"","10dadf5e430773dcd2de2119a2613175","26-a7382b7143a18af0b44e6aecc979505c","1220177","هرمزگان","Hormozgān","بندرعباس","Bandar Abbās","مرکزی","Markazi","","","سیاهو","Siāhu","سلرد","Salard","Salard","Hassan Mohebbi Bahmani, field notes 2015","106","","","","Banderi of Bandar Abbās 90%; Tehrāni type Persian 5%; mixed 5%","Hassan Mohebbi Bahmani, field notes 2015",27.74745248010005,56.58129531382289,""
"","10dadf5e430773dcd2de2119a261770c","26-689409c812e4637f2de2fc98fbe451de","1220178","هرمزگان","Hormozgān","بندرعباس","Bandar Abbās","مرکزی","Markazi","","","سیاهو","Siāhu","کروکان","Korukān","Korukon","Hassan Mohebbi Bahmani, field notes 2015","93","","","","Banderi of Bandar Abbās 90%; Tehrāni type Persian 5%; mixed 5%","Hassan Mohebbi Bahmani, field notes 2015",27.76410326080983,56.46451729774805,""
"","10dadf5e430773dcd2de2119a261d17e","26-b7f4aaad3262807c15267d8be89d4e70","1220179","هرمزگان","Hormozgān","بندرعباس","Bandar Abbās","مرکزی","Markazi","","","سیاهو","Siāhu","ماشاری","Māshāri","Māshāri","Hassan Mohebbi Bahmani, field notes 2015","246","","","","Banderi of Bandar Abbās 90%; Tehrāni type Persian 5%; mixed 5%","Hassan Mohebbi Bahmani, field notes 2015",27.779067716577472,56.5205057287163,""
"","10dadf5e430773dcd2de2119a2621871","26-f90decc6652640eaa445379f71095769","1220180","هرمزگان","Hormozgān","بندرعباس","Bandar Abbās","مرکزی","Markazi","","","سیاهو","Siāhu","زیارت پاکوه","Ziārat Pā Kuh","Ziārat Pā Kuh","Hassan Mohebbi Bahmani, field notes 2015","16","","","","Banderi of Bandar Abbās 90%; Tehrāni type Persian 5%; mixed 5%","Hassan Mohebbi Bahmani, field notes 2015",27.795362828703468,56.45717167820045,""
"","10dadf5e430773dcd2de2119a26272d9","26-d23d81b096f7c4aa7a6a6f46d828d50e","1220181","هرمزگان","Hormozgān","بندرعباس","Bandar Abbās","مرکزی","Markazi","","","سیاهو","Siāhu","سرکم","Sar Kam","Sar Kam","Hassan Mohebbi Bahmani, field notes 2015","10","","","","Banderi of Bandar Abbās 90%; Tehrāni type Persian 5%; mixed 5%","Hassan Mohebbi Bahmani, field notes 2015",27.766908993883252,56.54020950621716,""
"","10dadf5e430773dcd2de2119a262b9eb","26-bf8a989692062db5450c82faaa7f013d","1220182","هرمزگان","Hormozgān","بندرعباس","Bandar Abbās","مرکزی","Markazi","","","سیاهو","Siāhu","درگیران","Dargirān","Dargiron","Hassan Mohebbi Bahmani, field notes 2015","99","","","","Banderi of Bandar Abbās 90%; Tehrāni type Persian 5%; mixed 5%","Hassan Mohebbi Bahmani, field notes 2015",27.788436009239156,56.5288939472497,""
"","10dadf5e430773dcd2de2119a26306d3","26-774d56cefa4fea8a1d6aef34b370ebd0","1220183","هرمزگان","Hormozgān","بندرعباس","Bandar Abbās","مرکزی","Markazi","","","سیاهو","Siāhu","بنگلایان","Bangelāyān","Bangelāyān","Hassan Mohebbi Bahmani, field notes 2015","363","","","","Banderi of Bandar Abbās 90%; Tehrāni type Persian 5%; mixed 5%","Hassan Mohebbi Bahmani, field notes 2015",27.759104915197344,56.54443002080317,""
"","10dadf5e430773dcd2de2119a2635a57","24-f9fb12722c176706fb736d142a3a3e68","1220184","هرمزگان","Hormozgān","بندرعباس","Bandar Abbās","مرکزی","Markazi","","","سیاهو","Siāhu","اغاسین پائین","Āghāsin Pāin","Āghāsin Pāin","Hassan Mohebbi Bahmani, field notes 2015","263","","","","Banderi of Bandar Abbās 90%; Tehrāni type Persian 5%; mixed 5%","Hassan Mohebbi Bahmani, field notes 2015","","",""
"","10dadf5e430773dcd2de2119a263ad20","26-b7751dacc885355885ae3dca4e664f9e","1220185","هرمزگان","Hormozgān","بندرعباس","Bandar Abbās","مرکزی","Markazi","","","سیاهو","Siāhu","تل گردو","Tal Gerdu","Tal Gerdu","Hassan Mohebbi Bahmani, field notes 2015","422","","","","Banderi of Bandar Abbās 90%; Tehrāni type Persian 5%; mixed 5%","Hassan Mohebbi Bahmani, field notes 2015",27.802938897308152,56.40888359466724,""
"","10dadf5e430773dcd2de2119a26405d0","24-e96cfe621f81bab07a13a1b4eb840ebc","1220186","هرمزگان","Hormozgān","بندرعباس","Bandar Abbās","مرکزی","Markazi","","","سیاهو","Siāhu","رباط","Robāt","Robāt","Hassan Mohebbi Bahmani, field notes 2015","17","","","","Banderi of Bandar Abbās 90%; Tehrāni type Persian 5%; mixed 5%","Hassan Mohebbi Bahmani, field notes 2015","","",""
"","10dadf5e430773dcd2de2119a2644e37","26-d5fabff96a081bba51fa01ce85aba93e","1220187","هرمزگان","Hormozgān","بندرعباس","Bandar Abbās","مرکزی","Markazi","","","سیاهو","Siāhu","طیفکان","Tifakān","Tifakon","Hassan Mohebbi Bahmani, field notes 2015","103","","","","Banderi of Bandar Abbās 90%; Tehrāni type Persian 5%; mixed 5%","Hassan Mohebbi Bahmani, field notes 2015",27.725507686651667,56.46047320285063,""
"","10dadf5e430773dcd2de2119a264b029","25-99f409b54535bc175923078a6f13172f","1220188","هرمزگان","Hormozgān","بندرعباس","Bandar Abbās","مرکزی","Markazi","","","سیاهو","Siāhu","نرینگان","Naringān","Naringon","Hassan Mohebbi Bahmani, field notes 2015","","(less than 3 households; population not specified in 2011 Census for reasons of privacy)","","","Banderi of Bandar Abbās 90%; Tehrāni type Persian 5%; mixed 5%","Hassan Mohebbi Bahmani, field notes 2015","","",""
"","10dadf5e430773dcd2de2119a264e639","26-4efc1c9ab45cc90e5f2d89bb6ecee6a2","1220189","هرمزگان","Hormozgān","بندرعباس","Bandar Abbās","مرکزی","Markazi","","","سیاهو","Siāhu","فورخورج","For Khorj","For Khorj","Hassan Mohebbi Bahmani, field notes 2015","482","","","","Banderi of Bandar Abbās 90%; Tehrāni type Persian 5%; mixed 5%","Hassan Mohebbi Bahmani, field notes 2015",27.763517206825163,56.42158117214111,""
"","10dadf5e430773dcd2de2119a2652e8e","27-fbaa183709fd7ea00a58de78b4c5455a","1220190","هرمزگان","Hormozgān","بندرعباس","Bandar Abbās","مرکزی","Markazi","","","سیاهو","Siāhu","پشت بندسغ","Posht Band-e Sagh","Posht Band Sagh","Hassan Mohebbi Bahmani, field notes 2015","9","","","","Banderi of Bandar Abbās 90%; Tehrāni type Persian 5%; mixed 5%","Hassan Mohebbi Bahmani, field notes 2015",27.82711495949508,56.38055410305595,""
"","10dadf5e430773dcd2de2119a26579ba","25-69a35f24de34bfbda598c53fbc30fde7","1220191","هرمزگان","Hormozgān","بندرعباس","Bandar Abbās","مرکزی","Markazi","","","سیاهو","Siāhu","بیخ","Bikh","Bikh","Hassan Mohebbi Bahmani, field notes 2015","","(less than 3 households; population not specified in 2011 Census for reasons of privacy)","","","Banderi of Bandar Abbās 90%; Tehrāni type Persian 5%; mixed 5%","Hassan Mohebbi Bahmani, field notes 2015","","",""
"","10dadf5e430773dcd2de2119a265d29e","26-84c86e20245cb31683bd39d1c1f0f7a6","1220192","هرمزگان","Hormozgān","بندرعباس","Bandar Abbās","مرکزی","Markazi","","","سیاهو","Siāhu","جغدربالا","Jaghdar Bālā","Jaghdar Bālā","Hassan Mohebbi Bahmani, field notes 2015","326","","","","Banderi of Bandar Abbās 90%; Tehrāni type Persian 5%; mixed 5%","Hassan Mohebbi Bahmani, field notes 2015",27.87041248791318,56.63588967240189,""
"","10dadf5e430773dcd2de2119a266155f","26-1a1defed928b17fb9db5b998653a5532","1220193","هرمزگان","Hormozgān","بندرعباس","Bandar Abbās","مرکزی","Markazi","","","سیاهو","Siāhu","زروکان","Zarukān","Zarukān","Hassan Mohebbi Bahmani, field notes 2015","235","","","","Banderi of Bandar Abbās 90%; Tehrāni type Persian 5%; mixed 5%","Hassan Mohebbi Bahmani, field notes 2015",27.82935453053753,56.530918740411195,""
"","10dadf5e430773dcd2de2119a2666798","28-6d4d3e563adfcda27184d2b2465191e3","1220194","هرمزگان","Hormozgān","بندرعباس","Bandar Abbās","مرکزی","Markazi","","","سیاهو","Siāhu","سیخوران بالا","Si Khorān Bālā","Si Khoron Bālā","Hassan Mohebbi Bahmani, field notes 2015","37","","","","Banderi of Bandar Abbās 90%; Tehrāni type Persian 5%; mixed 5%","Hassan Mohebbi Bahmani, field notes 2015",27.835795645053064,56.473916434436006,""
"","10dadf5e430773dcd2de2119a266d78a","26-0062f16a1973cb1dfc6a2a5ccfdae55d","1220195","هرمزگان","Hormozgān","بندرعباس","Bandar Abbās","مرکزی","Markazi","","","سیاهو","Siāhu","ناندار بالا","Nāndār Bālā","Nondār Bālā","Hassan Mohebbi Bahmani, field notes 2015","116","","","","Banderi of Bandar Abbās 90%; Tehrāni type Persian 5%; mixed 5%","Hassan Mohebbi Bahmani, field notes 2015",27.847803566609457,56.5912016626567,""
"","10dadf5e430773dcd2de2119a2672f23","26-ee1b1849c8a7bcd40717b7c3e1f717ca","1220196","هرمزگان","Hormozgān","بندرعباس","Bandar Abbās","مرکزی","Markazi","","","سیاهو","Siāhu","هزارتا","Hezārtā","Hezārtā","Hassan Mohebbi Bahmani, field notes 2015","37","","","","Banderi of Bandar Abbās 90%; Tehrāni type Persian 5%; mixed 5%","Hassan Mohebbi Bahmani, field notes 2015",27.830125841088204,56.54751088537464,""
"","10dadf5e430773dcd2de2119a267682d","26-7ca4058aa58075203da31c9f7d49b811","1220197","هرمزگان","Hormozgān","بندرعباس","Bandar Abbās","مرکزی","Markazi","","","سیاهو","Siāhu","جغدرپائین","Jaghdar Pāin","Jaghdar Pāin","Hassan Mohebbi Bahmani, field notes 2015","48","","","","Banderi of Bandar Abbās 90%; Tehrāni type Persian 5%; mixed 5%","Hassan Mohebbi Bahmani, field notes 2015",27.87873967275698,56.65566291725699,""
"","10dadf5e430773dcd2de2119a267c9c9","27-a76b448f1e8d1d708fad887e9f3e3159","1220198","هرمزگان","Hormozgān","بندرعباس","Bandar Abbās","مرکزی","Markazi","","","سیاهو","Siāhu","ناندارپائین","Nāndār Pāin","Nondār Pāin","Hassan Mohebbi Bahmani, field notes 2015","","(less than 3 households; population not specified in 2011 Census for reasons of privacy)","","","Banderi of Bandar Abbās 90%; Tehrāni type Persian 5%; mixed 5%","Hassan Mohebbi Bahmani, field notes 2015",27.8498241395166,56.60732958491368,""
"","10dadf5e430773dcd2de2119a2681c01","26-b460f6a99bdd6372621f987cf14771de","1220199","هرمزگان","Hormozgān","بندرعباس","Bandar Abbās","مرکزی","Markazi","","","سیاهو","Siāhu","آبشور","Ābshur","Ābshur","Hassan Mohebbi Bahmani, field notes 2015","80","","","","Banderi of Bandar Abbās 90%; Tehrāni type Persian 5%; mixed 5%","Hassan Mohebbi Bahmani, field notes 2015",27.831357189652184,56.60219576276243,""
"","10dadf5e430773dcd2de2119a26870c6","26-8847e9314656c4b3ce2d38fde8bbd305","1220200","هرمزگان","Hormozgān","بندرعباس","Bandar Abbās","مرکزی","Markazi","","","سیاهو","Siāhu","دونوکی، دوروکی","Donuki, Doruki","Donuki, Doruki","Hassan Mohebbi Bahmani, field notes 2015","35","","","","Banderi of Bandar Abbās 90%; Tehrāni type Persian 5%; mixed 5%","Hassan Mohebbi Bahmani, field notes 2015",27.83515753005049,56.50847408947455,""
"","10dadf5e430773dcd2de2119a268d424","26-d87854468681c4decbc767420947cf06","1220201","هرمزگان","Hormozgān","بندرعباس","Bandar Abbās","مرکزی","Markazi","","","سیاهو","Siāhu","دتوناصری","Dotu Nāseri","Dotu Nāseri","Hassan Mohebbi Bahmani, field notes 2015","35","","","","Banderi of Bandar Abbās 90%; Tehrāni type Persian 5%; mixed 5%","Hassan Mohebbi Bahmani, field notes 2015",27.835787368697385,56.48568060317203,""
"","10dadf5e430773dcd2de2119a269202a","30-7c64cb0a43ef31703957a871ebc9080c","1220202","هرمزگان","Hormozgān","بندرعباس","Bandar Abbās","مرکزی","Markazi","","","سیاهو","Siāhu","سیخوران پائین","Si Khorān Pāin","Si Khorān Pāin","Hassan Mohebbi Bahmani, field notes 2015","","(less than 3 households; population not specified in 2011 Census for reasons of privacy)","","","Banderi of Bandar Abbās 90%; Tehrāni type Persian 5%; mixed 5%","Hassan Mohebbi Bahmani, field notes 2015",27.834289424712352,56.47185657200881,""
"","10dadf5e430773dcd2de2119a2696c02","26-e3c96667aae877816a18c8fb6833fedd","1220203","هرمزگان","Hormozgān","بندرعباس","Bandar Abbās","مرکزی","Markazi","","","سیاهو","Siāhu","گری گوری","Gari Guri","Gari Guri","Hassan Mohebbi Bahmani, field notes 2015","65","","","","Banderi of Bandar Abbās 90%; Tehrāni type Persian 5%; mixed 5%","Hassan Mohebbi Bahmani, field notes 2015",27.83115139461587,56.46018352428069,""
"","10dadf5e430773dcd2de2119a269b232","26-1674298772d373f58ab042095c66a182","1220204","هرمزگان","Hormozgān","بندرعباس","Bandar Abbās","مرکزی","Markazi","","","سیاهو","Siāhu","هماگ بالا","Homāg Bālā","Homāg Bālā","Hassan Mohebbi Bahmani, field notes 2015","452","","","","Banderi of Bandar Abbās 90%; Tehrāni type Persian 5%; mixed 5%","Hassan Mohebbi Bahmani, field notes 2015",27.87542428768793,56.47999439416057,""
"","10dadf5e430773dcd2de2119a26a0d29","26-5d38def0b92cf78a366d4628e2608fad","1220205","هرمزگان","Hormozgān","بندرعباس","Bandar Abbās","مرکزی","Markazi","","","سیاهو","Siāhu","هماگ پائین","Homāg Pāin","Homāg Pāin","Hassan Mohebbi Bahmani, field notes 2015","248","","","","Banderi of Bandar Abbās 90%; Tehrāni type Persian 5%; mixed 5%","Hassan Mohebbi Bahmani, field notes 2015",27.86402874766347,56.47506449399134,""
"","10dadf5e430773dcd2de2119a26a66a3","26-ac106ec3160ce1bca6111abf3481e6a1","1220206","هرمزگان","Hormozgān","بندرعباس","Bandar Abbās","مرکزی","Markazi","","","سیاهو","Siāhu","توتنگ","Tu Tang","Tu Tang","Hassan Mohebbi Bahmani, field notes 2015","466","","","","Banderi of Bandar Abbās 90%; Tehrāni type Persian 5%; mixed 5%","Hassan Mohebbi Bahmani, field notes 2015",27.910219805720434,56.41346029473988,""
"","10dadf5e430773dcd2de2119a26ac864","26-35410dc7af44c41f48650fde27d0fe97","1220207","هرمزگان","Hormozgān","بندرعباس","Bandar Abbās","مرکزی","Markazi","","","سیاهو","Siāhu","جذرآباد","Jazr Ābād","Jazr Ābād","Hassan Mohebbi Bahmani, field notes 2015","316","","","","Banderi of Bandar Abbās 90%; Tehrāni type Persian 5%; mixed 5%","Hassan Mohebbi Bahmani, field notes 2015",26.70780794824383,54.20408547550597,""
"","10dadf5e430773dcd2de2119a26afbe5","24-b66578be61766663c9b6cd9a84794daf","1220208","هرمزگان","Hormozgān","بندرعباس","Bandar Abbās","مرکزی","Markazi","","","سیاهو","Siāhu","چهل گزی","Chehel Gazi","Chel Gazi","Hassan Mohebbi Bahmani, field notes 2015","89","","","","Banderi of Bandar Abbās 90%; Tehrāni type Persian 5%; mixed 5%","Hassan Mohebbi Bahmani, field notes 2015","","",""
"","10dadf5e430773dcd2de2119a26b581c","26-1f1755dbe2ed0036ccfe124416211988","1220209","هرمزگان","Hormozgān","بندرعباس","Bandar Abbās","مرکزی","Markazi","","","سیاهو","Siāhu","اغاسین بالا","Āghāsin Bālā","Āghāsin Bālā","Hassan Mohebbi Bahmani, field notes 2015","109","","","","Banderi of Bandar Abbās 90%; Tehrāni type Persian 5%; mixed 5%","Hassan Mohebbi Bahmani, field notes 2015",27.706868432407887,56.393745281089885,""
"","10dadf5e430773dcd2de2119a26b7eb2","24-e3049167f204d1e3e9408739b11f346b","1220210","هرمزگان","Hormozgān","بندرعباس","Bandar Abbās","مرکزی","Markazi","","","سیاهو","Siāhu","تل سورو","Tal-e Suru","Tal-e Suru","Hassan Mohebbi Bahmani, field notes 2015","309","","","","Banderi of Bandar Abbās 90%; Tehrāni type Persian 5%; mixed 5%","Hassan Mohebbi Bahmani, field notes 2015","","",""
"","10dadf5e430773dcd2de2119a26bd3cb","27-2a861c9e94bc7be082ceb087f9076fae","1220211","هرمزگان","Hormozgān","بندرعباس","Bandar Abbās","مرکزی","Markazi","","","سیاهو","Siāhu","درگز","Dar Gaz","Dar Gaz","Hassan Mohebbi Bahmani, field notes 2015","926","","","","Banderi of Bandar Abbās 90%; Tehrāni type Persian 5%; mixed 5%","Hassan Mohebbi Bahmani, field notes 2015",27.82683167208899,56.29273943141455,""
"","10dadf5e430773dcd2de2119a26c2eef","26-7524fbbe9f10c64926381233bd94686d","1220212","هرمزگان","Hormozgān","بندرعباس","Bandar Abbās","مرکزی","Markazi","","","سیاهو","Siāhu","رودشور","Rud-e Shur","Rud-e Shur","Hassan Mohebbi Bahmani, field notes 2015","203","","","","Banderi of Bandar Abbās 90%; Tehrāni type Persian 5%; mixed 5%","Hassan Mohebbi Bahmani, field notes 2015",27.690995656695268,56.32634061815504,""
"","10dadf5e430773dcd2de2119a26c733a","28-749cb9e2ea1e2036d164793113442f48","1220213","هرمزگان","Hormozgān","بندرعباس","Bandar Abbās","مرکزی","Markazi","","","سیاهو","Siāhu","زاکین","Zākin","Zākin","Hassan Mohebbi Bahmani, field notes 2015","571","","","","Banderi of Bandar Abbās 90%; Tehrāni type Persian 5%; mixed 5%","Hassan Mohebbi Bahmani, field notes 2015",27.827854893375953,56.307586612725046,""
"","10dadf5e430773dcd2de2119a26cc061","26-27930d2fb519139c951dbc140a5fb2e9","1220214","هرمزگان","Hormozgān","بندرعباس","Bandar Abbās","مرکزی","Markazi","","","سیاهو","Siāhu","سغ","Sagh","Sagh","Hassan Mohebbi Bahmani, field notes 2015","471","","","","Banderi of Bandar Abbās 90%; Tehrāni type Persian 5%; mixed 5%","Hassan Mohebbi Bahmani, field notes 2015",27.798471386188318,56.370597066895435,""
"","10dadf5e430773dcd2de2119a26d05a0","26-afc8f4730ed297b58b9431af9c158c54","1220215","هرمزگان","Hormozgān","بندرعباس","Bandar Abbās","مرکزی","Markazi","","","سیاهو","Siāhu","سیاهو","Siāhu","Siāhu","Hassan Mohebbi Bahmani, field notes 2015","1331","","","","Banderi of Bandar Abbās 90%; Tehrāni type Persian 5%; mixed 5%","Hassan Mohebbi Bahmani, field notes 2015",27.761563341763182,56.34034174920937,""
"","10dadf5e430773dcd2de2119a26d5175","26-2e8363456498b6b814e515689120c242","1220216","هرمزگان","Hormozgān","بندرعباس","Bandar Abbās","مرکزی","Markazi","","","سیاهو","Siāhu","کلاتک","Kalātak","Kalātak","Hassan Mohebbi Bahmani, field notes 2015","16","","","","Banderi of Bandar Abbās 90%; Tehrāni type Persian 5%; mixed 5%","Hassan Mohebbi Bahmani, field notes 2015",27.724302592903808,56.328668775577896,""
"","10dadf5e430773dcd2de2119a26dab12","26-7ebade948c7c4a612ed26f19e1fcc88a","1220217","هرمزگان","Hormozgān","بندرعباس","Bandar Abbās","مرکزی","Markazi","","","سیاهو","Siāhu","کوه سفلی","Kuh Soflā","Kuh Soflā","Hassan Mohebbi Bahmani, field notes 2015","46","","","","Banderi of Bandar Abbās 90%; Tehrāni type Persian 5%; mixed 5%","Hassan Mohebbi Bahmani, field notes 2015",27.743379860378862,56.331534125206495,""
"","10dadf5e430773dcd2de2119a26df57b","27-7e806a7c5abf6167386e4f642b53ee12","1220218","هرمزگان","Hormozgān","بندرعباس","Bandar Abbās","مرکزی","Markazi","","","سیاهو","Siāhu","وایکان","Vāyakān","Vāyakon","Hassan Mohebbi Bahmani, field notes 2015","","(less than 3 households; population not specified in 2011 Census for reasons of privacy)","","","Banderi of Bandar Abbās 90%; Tehrāni type Persian 5%; mixed 5%","Hassan Mohebbi Bahmani, field notes 2015",27.726885780796117,56.33355576040349,""
"","10dadf5e430773dcd2de2119a26e3695","26-f28f61ee6b969bf640307bc71fd89966","1220219","هرمزگان","Hormozgān","بندرعباس","Bandar Abbās","مرکزی","Markazi","","","سیاهو","Siāhu","کوه علیا","Kuh Olyā","Kuh Olyā","Hassan Mohebbi Bahmani, field notes 2015","66","","","","Banderi of Bandar Abbās 90%; Tehrāni type Persian 5%; mixed 5%","Hassan Mohebbi Bahmani, field notes 2015",27.7486687056513,56.3284656780939,""
"","10dadf5e430773dcd2de2119a26e927f","26-bc18a8b6dc7a746a74357c7d6e17b7e3","1220220","هرمزگان","Hormozgān","بندرعباس","Bandar Abbās","مرکزی","Markazi","","","سیاهو","Siāhu","پاگرو","Pā Garu","Pā Garu","Hassan Mohebbi Bahmani, field notes 2015","119","","","","Banderi of Bandar Abbās 90%; Tehrāni type Persian 5%; mixed 5%","Hassan Mohebbi Bahmani, field notes 2015",27.705404332769746,56.42150539398906,""
"","10dadf5e430773dcd2de2119a26ee398","24-05831a1a7321862ab50971429767ba16","1220221","هرمزگان","Hormozgān","بندرعباس","Bandar Abbās","مرکزی","Markazi","","","سیاهو","Siāhu","همت آباد","Hemmat Ᾱbād","Hemmat Ᾱbād","Hassan Mohebbi Bahmani, field notes 2015","4","","","","Banderi of Bandar Abbās 90%; Tehrāni type Persian 5%; mixed 5%","Hassan Mohebbi Bahmani, field notes 2015","","",""
"","10dadf5e430773dcd2de2119a26f311f","26-0f72345bd92a74d60965e231e20ddc24","1220222","هرمزگان","Hormozgān","بندرعباس","Bandar Abbās","مرکزی","Markazi","","","سیاهو","Siāhu","خرسین","Kharsin","Kharsin","Hassan Mohebbi Bahmani, field notes 2015","343","","","","Banderi of Bandar Abbās 90%; Tehrāni type Persian 5%; mixed 5%","Hassan Mohebbi Bahmani, field notes 2015",27.84146313520307,56.2297461554318,""
"","10dadf5e430773dcd2de2119a26f71a7","26-0270a03848f862f1a8a073b3fb836328","1220223","هرمزگان","Hormozgān","بندرعباس","Bandar Abbās","مرکزی","Markazi","","","سیاهو","Siāhu","دق فینو","Daq-e Finu","Dak-e Finu","Hassan Mohebbi Bahmani, field notes 2015","368","","","","Banderi of Bandar Abbās 90%; Tehrāni type Persian 5%; mixed 5%","Hassan Mohebbi Bahmani, field notes 2015",27.875481057367768,56.16129936220715,""
"","10dadf5e430773dcd2de2119a26fe157","24-be039e44b21aabc6a96ccbb3d175f59d","1220224","هرمزگان","Hormozgān","بندرعباس","Bandar Abbās","مرکزی","Markazi","","","سیاهو","Siāhu","چاه کل","Chāh Kal","Chāh Kal","Hassan Mohebbi Bahmani, field notes 2015","221","","","","Banderi of Bandar Abbās 90%; Tehrāni type Persian 5%; mixed 5%","Hassan Mohebbi Bahmani, field notes 2015","","",""
"","10dadf5e430773dcd2de2119a2703196","22-01931add4e54ac8711a054727e0f49ec","1220225","هرمزگان","Hormozgān","بندرعباس","Bandar Abbās","مرکزی","Markazi","","","سرخون","Sar Khon","","","","","6287","","","","","","","",""
"","10dadf5e430773dcd2de2119a270a25a","26-8afdb3658f0f3c90d5c981f2ed0c2bbf","1220226","هرمزگان","Hormozgān","بندرعباس","Bandar Abbās","مرکزی","Markazi","","","سرخون","Sar Khun","باغو","Bāghu","Bāghu","Hassan Mohebbi Bahmani, field notes 2015","490","","","","Banderi of Bandar Abbās 90%; Tehrāni type Persian 5%; mixed 5%","Hassan Mohebbi Bahmani, field notes 2015",27.31159850972427,56.44222640957278,""
"","10dadf5e430773dcd2de2119a27117b8","26-501a3cd8a981b08ef2e895afea00b029","1220227","هرمزگان","Hormozgān","بندرعباس","Bandar Abbās","مرکزی","Markazi","","","سرخون","Sar Khun","قادهار","Qādhār","Kādahār","Hassan Mohebbi Bahmani, field notes 2015","309","","","","Banderi of Bandar Abbās 90%; Tehrāni type Persian 5%; mixed 5%","Hassan Mohebbi Bahmani, field notes 2015",27.38307077895567,56.38471984830142,""
"","10dadf5e430773dcd2de2119a271601d","26-3cfad158fbc54387e6fd405a548b95cc","1220228","هرمزگان","Hormozgān","بندرعباس","Bandar Abbās","مرکزی","Markazi","","","سرخون","Sar Khun","ننگ","Nong","Nong","Hassan Mohebbi Bahmani, field notes 2015","516","","","","Banderi of Bandar Abbās 90%; Tehrāni type Persian 5%; mixed 5%","Hassan Mohebbi Bahmani, field notes 2015",27.352772832049528,56.44797706569992,""
"","10dadf5e430773dcd2de2119a271ad79","26-bc18d1b42f77c6e81f83ab6ee0bd95ff","1220229","هرمزگان","Hormozgān","بندرعباس","Bandar Abbās","مرکزی","Markazi","","","سرخون","Sar Khun","پلیس راه میناب بندرعباس","Polis-e Rāh-e Mināb-Bandar Abbās","Polis Rāh-e Mināb-Bandar Abbās","Hassan Mohebbi Bahmani, field notes 2015","","(less than 3 households; population not specified in 2011 Census for reasons of privacy)","","","Banderi of Bandar Abbās 90%; Tehrāni type Persian 5%; mixed 5%","Hassan Mohebbi Bahmani, field notes 2015","","",""
"","10dadf5e430773dcd2de2119a271dfa2","25-d780bebe08cbabafc6c7c650cad4349f","1220230","هرمزگان","Hormozgān","بندرعباس","Bandar Abbās","مرکزی","Markazi","","","سرخون","Sar Khun","چاه حسن کهوری","Chāh Hasan Kahuri","Chāh Hasan Kahuri","Hassan Mohebbi Bahmani, field notes 2015","189","","","","Banderi of Bandar Abbās 90%; Tehrāni type Persian 5%; mixed 5%","Hassan Mohebbi Bahmani, field notes 2015","","",""
"","10dadf5e430773dcd2de2119a272258c","26-19643a59a01c3b2879244a1ea8a846d6","1220231","هرمزگان","Hormozgān","بندرعباس","Bandar Abbās","مرکزی","Markazi","","","سرخون","Sar Khun","سرخون","Sar Khon","Sar Khon","Hassan Mohebbi Bahmani, field notes 2015","4528","","","","Banderi of Bandar Abbās 90%; Tehrāni type Persian 5%; mixed 5%","Hassan Mohebbi Bahmani, field notes 2015",27.39240376380583,56.398753165866644,""
"","10dadf5e430773dcd2de2119a2728535","26-58efbd922e2cf54a7e32fe3f3e7da3d4","1220232","هرمزگان","Hormozgān","بندرعباس","Bandar Abbās","مرکزی","Markazi","","","سرخون","Sar Khun","فتح الجلیل","Fath-ol-Jalil","Fath-ol-Jalil","Hassan Mohebbi Bahmani, field notes 2015","250","","","","Banderi of Bandar Abbās 90%; Tehrāni type Persian 5%; mixed 5%","Hassan Mohebbi Bahmani, field notes 2015",27.38832562200722,56.449328899044005,""
"","10dadf5e430773dcd2de2119a272cdfd","32-0c0c46aa16e1ae8bb360a30c9374830a","1220233","هرمزگان","Hormozgān","بندرعباس","Bandar Abbās","مرکزی","Markazi","بندرعباس","Bandar Abbās","","","","","Bander, Bander Abās","Hassan Mohebbi Bahmani, field notes 2015","435751","","","","Banderi of Bandar Abbās 40%; Tehrāni type Persian 30%; mixed 14%; Fini 5%; Minowi 5%; Keshmi 3%; Rudoni 2%; Koroshi 1%","Hassan Mohebbi Bahmani, field notes 2015; Maryam Nourzaei, field notes 2011",27.17842,56.27,""
"","10dadf5e430773dcd2de2119a2741e61","22-8fab15bd56b087ea0c828228ddc8bf9c","1220234","هرمزگان","Hormozgān","بندرعباس","Bandar Abbās","تخت","Takht","","","","","","","","","31728","","","","","","","",""
"","10dadf5e430773dcd2de2119a2745e83","22-0193d711302d88064d1e5374677f7efe","1220235","هرمزگان","Hormozgān","بندرعباس","Bandar Abbās","تخت","Takht","","","تخت","Takht","","","","","4926","","","","","","","",""
"","10dadf5e430773dcd2de2119a274b326","27-38b2a7123f60d5dec788e0e4abb9723c","1220236","هرمزگان","Hormozgān","بندرعباس","Bandar Abbās","تخت","Takht","","","تخت","Takht","آب پیش","Ᾱb Pish","How Pish","Hassan Mohebbi Bahmani, field notes 2015","116","","","","Banderi of Bandar Abbās 90%; Tehrāni type Persian 5%; mixed 5%","Hassan Mohebbi Bahmani, field notes 2015",27.459482335584443,56.6854517953229,""
"","10dadf5e430773dcd2de2119a2751ca0","26-954db38774156481f877a40df13cfe13","1220237","هرمزگان","Hormozgān","بندرعباس","Bandar Abbās","تخت","Takht","","","تخت","Takht","پشمی","Pashmi","Pashmi","Hassan Mohebbi Bahmani, field notes 2015","33","","","","Banderi of Bandar Abbās 90%; Tehrāni type Persian 5%; mixed 5%","Hassan Mohebbi Bahmani, field notes 2015",27.553139264861084,56.730469991423035,""
"","10dadf5e430773dcd2de2119a275712e","26-54469e00db0b1605e8778c2ce219ef55","1220238","هرمزگان","Hormozgān","بندرعباس","Bandar Abbās","تخت","Takht","","","تخت","Takht","جغان","Jaghān","Jaghon","Hassan Mohebbi Bahmani, field notes 2015","146","","","","Banderi of Bandar Abbās 90%; Tehrāni type Persian 5%; mixed 5%","Hassan Mohebbi Bahmani, field notes 2015",27.54676653747503,56.631893445721104,""
"","10dadf5e430773dcd2de2119a275c8b8","26-25a7ab81d976e5547f04bd53bba740c1","1220239","هرمزگان","Hormozgān","بندرعباس","Bandar Abbās","تخت","Takht","","","تخت","Takht","جوت","Jut","Jut","Hassan Mohebbi Bahmani, field notes 2015","10","","","","Banderi of Bandar Abbās 90%; Tehrāni type Persian 5%; mixed 5%","Hassan Mohebbi Bahmani, field notes 2015",27.541339189015346,56.70236313305347,""
"","10dadf5e430773dcd2de2119a276185e","26-c8a2cbbe7c5454eb0a06e5bfb7c56d28","1220240","هرمزگان","Hormozgān","بندرعباس","Bandar Abbās","تخت","Takht","","","تخت","Takht","سردره","Sar Darreh","Sar Dara","Hassan Mohebbi Bahmani, field notes 2015","143","","","","Banderi of Bandar Abbās 90%; Tehrāni type Persian 5%; mixed 5%","Hassan Mohebbi Bahmani, field notes 2015",27.46060523939372,56.6440599458106,""
"","10dadf5e430773dcd2de2119a2764c80","26-e9feca9de41dbb89cde8c63a5f728ade","1220241","هرمزگان","Hormozgān","بندرعباس","Bandar Abbās","تخت","Takht","","","تخت","Takht","شاه عوضی","Shāh Avazi","Shāh Avazi","Hassan Mohebbi Bahmani, field notes 2015","46","","","","Banderi of Bandar Abbās 90%; Tehrāni type Persian 5%; mixed 5%","Hassan Mohebbi Bahmani, field notes 2015",27.428270126086133,56.66083984540581,""
"","10dadf5e430773dcd2de2119a276ae1f","25-2f01d861843886c8fec85344978ca8af","1220242","هرمزگان","Hormozgān","بندرعباس","Bandar Abbās","تخت","Takht","","","تخت","Takht","کهورکلاغی","Kahur Kalāghi","Kahur Kalāghi","Hassan Mohebbi Bahmani, field notes 2015","225","","","","Koroshi 80%; Banderi of Bandar Abbās 10%; Tehrāni type Persian 5%; mixed 5%","Maryam Nourzaei, field notes 2011; Hassan Mohebbi Bahmani, field notes 2015",27.38716113355313,56.70000009701795,""
"","10dadf5e430773dcd2de2119a276fce0","26-c66eb3b5210a0983c1e78b04ce7d2647","1220243","هرمزگان","Hormozgān","بندرعباس","Bandar Abbās","تخت","Takht","","","تخت","Takht","گیشان","Gishān","Gishon","Hassan Mohebbi Bahmani, field notes 2015","35","","","","Banderi of Bandar Abbās 90%; Tehrāni type Persian 5%; mixed 5%","Hassan Mohebbi Bahmani, field notes 2015",27.54340417469707,56.58178978132995,""
"","10dadf5e430773dcd2de2119a277575a","26-0b92fa9ce3ee7d628cc614c65517afeb","1220244","هرمزگان","Hormozgān","بندرعباس","Bandar Abbās","تخت","Takht","","","تخت","Takht","مقسم","Maqsam","Maksam","Hassan Mohebbi Bahmani, field notes 2015","196","","","","Banderi of Bandar Abbās 90%; Tehrāni type Persian 5%; mixed 5%","Hassan Mohebbi Bahmani, field notes 2015",27.48554977993781,56.597872306582644,""
"","10dadf5e430773dcd2de2119a277b2f0","26-d95d4ed821f68365cfe039f228ce2395","1220245","هرمزگان","Hormozgān","بندرعباس","Bandar Abbās","تخت","Takht","","","تخت","Takht","سرخاپائین","Sarkhā Pāin","Sarkhā Pāin","Hassan Mohebbi Bahmani, field notes 2015","60","","","","Banderi of Bandar Abbās 90%; Tehrāni type Persian 5%; mixed 5%","Hassan Mohebbi Bahmani, field notes 2015",27.573802997596875,56.60723858045949,""
"","10dadf5e430773dcd2de2119a277fd4a","26-a5b3fb601ea7b06516e15629427a958a","1220246","هرمزگان","Hormozgān","بندرعباس","Bandar Abbās","تخت","Takht","","","تخت","Takht","خورخیاری","Khur Khiāri","Khur Khiāri","Hassan Mohebbi Bahmani, field notes 2015","77","","","","Banderi of Bandar Abbās 90%; Tehrāni type Persian 5%; mixed 5%","Hassan Mohebbi Bahmani, field notes 2015",27.471011250133653,56.64369249306978,""
"","10dadf5e430773dcd2de2119a2785784","26-6e769643dae8db8cbbca3a20f73fb1be","1220247","هرمزگان","Hormozgān","بندرعباس","Bandar Abbās","تخت","Takht","","","تخت","Takht","بهرغ","Bahregh","Bahregh","Hassan Mohebbi Bahmani, field notes 2015","180","","","","Banderi of Bandar Abbās 90%; Tehrāni type Persian 5%; mixed 5%","Hassan Mohebbi Bahmani, field notes 2015",27.54538690317357,56.71351575813603,""
"","10dadf5e430773dcd2de2119a278a6f6","26-07acc30195baaabe0644cf2ec451dd07","1220248","هرمزگان","Hormozgān","بندرعباس","Bandar Abbās","تخت","Takht","","","تخت","Takht","چاهستان","Chāhestān","Chāheston","Hassan Mohebbi Bahmani, field notes 2015","1417","","","","Banderi of Bandar Abbās 90%; Tehrāni type Persian 5%; mixed 5%","Hassan Mohebbi Bahmani, field notes 2015",27.513792486999918,56.71730570958114,""
"","10dadf5e430773dcd2de2119a278e105","26-2101d886da3c64769d14bbd1f2103d31","1220249","هرمزگان","Hormozgān","بندرعباس","Bandar Abbās","تخت","Takht","","","تخت","Takht","بهرغ بالا","Bahregh Bālā","Bahregh Bālā","Hassan Mohebbi Bahmani, field notes 2015","281","","","","Banderi of Bandar Abbās 90%; Tehrāni type Persian 5%; mixed 5%","Hassan Mohebbi Bahmani, field notes 2015",27.564291512707104,56.72567420170468,""
"","10dadf5e430773dcd2de2119a2791ed3","27-e328a2fa1d1f224880dd2eb9c7053337","1220250","هرمزگان","Hormozgān","بندرعباس","Bandar Abbās","تخت","Takht","","","تخت","Takht","جلابی","Jallābi","Jallābi","Hassan Mohebbi Bahmani, field notes 2015","721","","","","Koroshi 50%; Glangli  30%; Banderi of Bandar Abbās 10%; Tehrāni type Persian 5%; mixed 5%","Maryam Nourzaei, field notes 2011; Hassan Mohebbi Bahmani, field notes 2015",27.365477100497227,56.67614722214691,""
"","10dadf5e430773dcd2de2119a27977a6","27-db5a663c8fa1b8638bb3c7ccb731c4ef","1220251","هرمزگان","Hormozgān","بندرعباس","Bandar Abbās","تخت","Takht","","","تخت","Takht","زیارت سیدسلیمان","Ziārat Seyyed Soleymān","Ziārat Seyyed Soleymon","Hassan Mohebbi Bahmani, field notes 2015","939","","","","Banderi of Bandar Abbās 90%; Tehrāni type Persian 5%; mixed 5%","Hassan Mohebbi Bahmani, field notes 2015",27.454386174747665,56.62468697387073,""
"","10dadf5e430773dcd2de2119a279d80e","25-a2b4bad538f929d589565868cfdadc12","1220252","هرمزگان","Hormozgān","بندرعباس","Bandar Abbās","تخت","Takht","","","تخت","Takht","لردو","Lardu","Lardu","Hassan Mohebbi Bahmani, field notes 2015","129","","","","Koroshi 80%; Banderi of Bandar Abbās 10%; Tehrāni type Persian 5%; mixed 5%","Maryam Nourzaei, field notes 2011; Hassan Mohebbi Bahmani, field notes 2015",27.358852800631038,56.69474296734973,""
"","10dadf5e430773dcd2de2119a27a1748","25-8b69f936303adfd5a906038d6f3df4de","1220253","هرمزگان","Hormozgān","بندرعباس","Bandar Abbās","تخت","Takht","","","تخت","Takht","محمودکلاهی","Mahmud Kolāhi","Mahmud Kolāhi","Hassan Mohebbi Bahmani, field notes 2015","172","","","","Koroshi 80%; Banderi of Bandar Abbās 10%; Tehrāni type Persian 5%; mixed 5%","Maryam Nourzaei, field notes 2011; Hassan Mohebbi Bahmani, field notes 2015",27.358769045202827,56.68584608994271,""
"","10dadf5e430773dcd2de2119a27a74cb","23-978ce076233c5aab27f75621f2151146","1220254","هرمزگان","Hormozgān","بندرعباس","Bandar Abbās","تخت","Takht","","","شمیل","Shamil","","","","","24154","","","","","","","",""
"","10dadf5e430773dcd2de2119a27ac8bd","28-dfd2d9d76ccd0cd5f76cf354e9c40085","1220255","هرمزگان","Hormozgān","بندرعباس","Bandar Abbās","تخت","Takht","","","شمیل","Shamil","حسین آباد","Hoseyn Ābād","Hoseyn Ābād","Hassan Mohebbi Bahmani, field notes 2015","297","","","","Koroshi 80%; Glangli  10%; Tehrāni type Persian 5%; mixed 5%","Maryam Nourzaei, field notes 2011; Hassan Mohebbi Bahmani, field notes 2015",27.343408399926325,56.81370162924563,""
"","10dadf5e430773dcd2de2119a27b1236","25-b426a6bfa35b6f74022e925ce8ca5966","1220256","هرمزگان","Hormozgān","بندرعباس","Bandar Abbās","تخت","Takht","","","شمیل","Shamil","دل بودنی","Del Budeni","Del Budeni","Hassan Mohebbi Bahmani, field notes 2015","248","","","","Koroshi 80%; Banderi of Bandar Abbās 10%; Tehrāni type Persian 5%; mixed 5%","Maryam Nourzaei, field notes 2011; Hassan Mohebbi Bahmani, field notes 2015",27.31161414894104,56.74922132453574,""
"","10dadf5e430773dcd2de2119a27b5779","26-c0173a0a63c48eef42958b0a1db767e9","1220257","هرمزگان","Hormozgān","بندرعباس","Bandar Abbās","تخت","Takht","","","شمیل","Shamil","شاه بازان","Shāh Bāzān","Shā Bāzon","Hassan Mohebbi Bahmani, field notes 2015","242","","","","Banderi of Bandar Abbās 90%; Tehrāni type Persian 5%; mixed 5%","Hassan Mohebbi Bahmani, field notes 2015",27.40705949749052,56.790999412147876,""
"","10dadf5e430773dcd2de2119a27ba718","25-e8cc18a15e05c98041794db583de6ace","1220258","هرمزگان","Hormozgān","بندرعباس","Bandar Abbās","تخت","Takht","","","شمیل","Shamil","کولغان درتوجان","Kuleghān-e Dar Tujān","Kuleghon Dartujān","Hassan Mohebbi Bahmani, field notes 2015","105","","","","Koroshi 80%; Banderi of Bandar Abbās 10%; Tehrāni type Persian 5%; mixed 5%","Maryam Nourzaei, field notes 2011; Hassan Mohebbi Bahmani, field notes 2015",27.379872698940787,56.7913427349014,""
"","10dadf5e430773dcd2de2119a27bedc3","25-16d065210fa3e8f2e02264b523dcdb64","1220259","هرمزگان","Hormozgān","بندرعباس","Bandar Abbās","تخت","Takht","","","شمیل","Shamil","گاومرده","Gāv Mordeh","Gā Morda","Hassan Mohebbi Bahmani, field notes 2015","339","","","","Koroshi 80%; Banderi of Bandar Abbās 10%; Tehrāni type Persian 5%; mixed 5%","Maryam Nourzaei, field notes 2011; Hassan Mohebbi Bahmani, field notes 2015",27.303439190219553,56.795419692603645,""
"","10dadf5e430773dcd2de2119a27c557d","26-bc4142f49404c30497c162fab1c26d9b","1220260","هرمزگان","Hormozgān","بندرعباس","Bandar Abbās","تخت","Takht","","","شمیل","Shamil","نران","Narān","Naron","Hassan Mohebbi Bahmani, field notes 2015","139","","","","Banderi of Bandar Abbās 90%; Tehrāni type Persian 5%; mixed 5%","Hassan Mohebbi Bahmani, field notes 2015",27.38516771379648,56.81589031180125,""
"","10dadf5e430773dcd2de2119a27c9624","25-99c6ff1506b50571069b47793e73c5e3","1220261","هرمزگان","Hormozgān","بندرعباس","Bandar Abbās","تخت","Takht","","","شمیل","Shamil","کناران","Konārān","Konāron","Hassan Mohebbi Bahmani, field notes 2015","133","","","","Koroshi 80%; Banderi of Bandar Abbās 10%; Tehrāni type Persian 5%; mixed 5%","Maryam Nourzaei, field notes 2011; Hassan Mohebbi Bahmani, field notes 2015",27.32723141343479,56.806320190037226,""
"","10dadf5e430773dcd2de2119a27cda4b","26-8f3d9aed1c133718761ace8afb9edbac","1220262","هرمزگان","Hormozgān","بندرعباس","Bandar Abbās","تخت","Takht","","","شمیل","Shamil","چاه خرگ","Chāh Kharg","Chāh Kharg","Hassan Mohebbi Bahmani, field notes 2015","550","","","","Banderi of Bandar Abbās 90%; Tehrāni type Persian 5%; mixed 5%","Hassan Mohebbi Bahmani, field notes 2015",27.43195100722135,56.886593341424486,""
"","10dadf5e430773dcd2de2119a27d0c27","27-721397abea8c2b6dba33b611dd0e6d15","1220263","هرمزگان","Hormozgān","بندرعباس","Bandar Abbās","تخت","Takht","","","شمیل","Shamil","حسن لنگی پائین","Hasan Langi Pāin","Hasan Langi Pāin","Hassan Mohebbi Bahmani, field notes 2015","1408","","","","Banderi of Bandar Abbās 50%; Koroshi 40%; Tehrāni type Persian 5%; mixed 5%","Maryam Nourzaei, field notes 2011; Hassan Mohebbi Bahmani, field notes 2015",27.352809063078826,56.85333394964487,""
"","10dadf5e430773dcd2de2119a27d6f35","27-6ef26c148a78d5a8604534beb0eadf5f","1220264","هرمزگان","Hormozgān","بندرعباس","Bandar Abbās","تخت","Takht","","","شمیل","Shamil","حسن لنگی بالا، گزکی حسن لنگی","Hasan Langi Bālā, Gazaki Hasan Langi","Hasan Langi Bālā, Gazaki Hasan Langi","Hassan Mohebbi Bahmani, field notes 2015","1914","","","","Banderi of Bandar Abbās 50%; Koroshi 40%; Tehrāni type Persian 5%; mixed 5%","Maryam Nourzaei, field notes 2011; Hassan Mohebbi Bahmani, field notes 2015",27.385509215513217,56.86489963491549,""
"","10dadf5e430773dcd2de2119a27db8c7","26-a603317db7447e0122caad83a8b55ebd","1220265","هرمزگان","Hormozgān","بندرعباس","Bandar Abbās","تخت","Takht","","","شمیل","Shamil","پاقلاتان پائین","Pā Qalātān Pāin","Pā Kalāton Pāin","Hassan Mohebbi Bahmani, field notes 2015","1299","","","","Banderi of Bandar Abbās 90%; Tehrāni type Persian 5%; mixed 5%","Hassan Mohebbi Bahmani, field notes 2015",27.39225236774241,56.79449701270215,""
"","10dadf5e430773dcd2de2119a27df2c0","26-4e8c01c581b187319ca96e81952f49ce","1220266","هرمزگان","Hormozgān","بندرعباس","Bandar Abbās","تخت","Takht","","","شمیل","Shamil","پاقلاتان بالا","Pā Qalātān Bālā","Pā Kalāton Bālā","Hassan Mohebbi Bahmani, field notes 2015","560","","","","Banderi of Bandar Abbās 90%; Tehrāni type Persian 5%; mixed 5%","Hassan Mohebbi Bahmani, field notes 2015",27.39552922646952,56.77029275855493,""
"","10dadf5e430773dcd2de2119a27e3e31","25-7cb8fe7e7c6f495b3a0af42ad3834b3b","1220267","هرمزگان","Hormozgān","بندرعباس","Bandar Abbās","تخت","Takht","","","شمیل","Shamil","پشتکوه","Posht Kuh","Posht Kuh","Hassan Mohebbi Bahmani, field notes 2015","511","","","","Koroshi 70%; Banderi of Bandar Abbās 20%; Tehrāni type Persian 5%; mixed 5%","Maryam Nourzaei, field notes 2011; Hassan Mohebbi Bahmani, field notes 2015",27.357648119867946,56.72287130317831,""
"","10dadf5e430773dcd2de2119a27e7e0f","26-6d91c99198c0c2bad0813a75223b35ab","1220268","هرمزگان","Hormozgān","بندرعباس","Bandar Abbās","تخت","Takht","","","شمیل","Shamil","چاه پس","Chāh Pas","Chāh Pas","Hassan Mohebbi Bahmani, field notes 2015","218","","","","Banderi of Bandar Abbās 90%; Tehrāni type Persian 5%; mixed 5%","Hassan Mohebbi Bahmani, field notes 2015",27.418462802343452,56.76879072150635,""
"","10dadf5e430773dcd2de2119a27eb6d6","28-7f65dc2106ef10b19bcef9c5d05f2623","1220269","هرمزگان","Hormozgān","بندرعباس","Bandar Abbās","تخت","Takht","","","شمیل","Shamil","چاه عالی شرقی","Chāh Āli Sharqi","Chāh Āli Sharki","Hassan Mohebbi Bahmani, field notes 2015","78","","","","Banderi of Bandar Abbās 90%; Tehrāni type Persian 5%; mixed 5%","Hassan Mohebbi Bahmani, field notes 2015",27.4299869102408,56.75245070418739,""
"","10dadf5e430773dcd2de2119a27ef6be","26-45148c40ad634855aae95e3dd87d5997","1220270","هرمزگان","Hormozgān","بندرعباس","Bandar Abbās","تخت","Takht","","","شمیل","Shamil","چاه عالی غربی","Chāh Āli Gharbi","Chāh Āli Gharbi","Hassan Mohebbi Bahmani, field notes 2015","401","","","","Banderi of Bandar Abbās 90%; Tehrāni type Persian 5%; mixed 5%","Hassan Mohebbi Bahmani, field notes 2015",27.426936400496167,56.73426532706903,""
"","10dadf5e430773dcd2de2119a27f41b8","27-6fa07d42c850f989c2fa575712730abc","1220271","هرمزگان","Hormozgān","بندرعباس","Bandar Abbās","تخت","Takht","","","شمیل","Shamil","درتوجان","Dar Tujān","Dar Tujān","Hassan Mohebbi Bahmani, field notes 2015","265","","","","Banderi of Bandar Abbās 90%; Tehrāni type Persian 5%; mixed 5%","Hassan Mohebbi Bahmani, field notes 2015",27.377767508098625,56.780141830053424,""
"","10dadf5e430773dcd2de2119a27f9f75","27-758da3c3407c52d2a29473d5c186d01f","1220272","هرمزگان","Hormozgān","بندرعباس","Bandar Abbās","تخت","Takht","","","شمیل","Shamil","سرکم","Sar Kam","Sarkam","Hassan Mohebbi Bahmani, field notes 2015","343","","","","Banderi of Bandar Abbās 90%; Tehrāni type Persian 5%; mixed 5%","Hassan Mohebbi Bahmani, field notes 2015",27.484681873168345,56.80996799429511,""
"","10dadf5e430773dcd2de2119a280036a","30-4b82fd07d735bc345c85c29eda650dac","1220273","هرمزگان","Hormozgān","بندرعباس","Bandar Abbās","تخت","Takht","","","شمیل","Shamil","سیدآباد","Seyyed Ābād","Seyd Ābād","Hassan Mohebbi Bahmani, field notes 2015","401","","","","Banderi of Bandar Abbās 90%; Tehrāni type Persian 5%; mixed 5%","Hassan Mohebbi Bahmani, field notes 2015",27.450087604216204,56.73649692496828,""
"","10dadf5e430773dcd2de2119a2806ea1","26-ca1bbf225f370fec883902dfe4086148","1220274","هرمزگان","Hormozgān","بندرعباس","Bandar Abbās","تخت","Takht","","","شمیل","Shamil","کل ذرت","Kal Zorrat","Kal Zorrat","Hassan Mohebbi Bahmani, field notes 2015","288","","","","Banderi of Bandar Abbās 90%; Tehrāni type Persian 5%; mixed 5%","Hassan Mohebbi Bahmani, field notes 2015",27.40545379792098,56.78225541075635,""
"","10dadf5e430773dcd2de2119a280bfa5","26-17dd13fba26bdd19df161aaea734c453","1220275","هرمزگان","Hormozgān","بندرعباس","Bandar Abbās","تخت","Takht","","","شمیل","Shamil","گنبدسرخ","Gonbad Sorkh","Gonbad Sorkh","Hassan Mohebbi Bahmani, field notes 2015","37","","","","Banderi of Bandar Abbās 90%; Tehrāni type Persian 5%; mixed 5%","Hassan Mohebbi Bahmani, field notes 2015",27.42703465436433,56.76075482329638,""
"","10dadf5e430773dcd2de2119a28130a2","25-ed7ae3913fa2cd50ce31cb39da369818","1220276","هرمزگان","Hormozgān","بندرعباس","Bandar Abbās","تخت","Takht","","","شمیل","Shamil","پاسگاه جلابی","Pāsgah Jallābi","Pāsgah Jallābi","Hassan Mohebbi Bahmani, field notes 2015","","(less than 3 households; population not specified in 2011 Census for reasons of privacy)","","","Banderi of Bandar Abbās 90%; Tehrāni type Persian 5%; mixed 5%","Hassan Mohebbi Bahmani, field notes 2015","","",""
"","10dadf5e430773dcd2de2119a2818849","27-021d0784578271c707bc8326976744e2","1220277","هرمزگان","Hormozgān","بندرعباس","Bandar Abbās","تخت","Takht","","","شمیل","Shamil","مزرعه چیل گرگی","Mazra'eh-ye Chil Gorgi","Mazra'e-ye Chil Gorgi","Hassan Mohebbi Bahmani, field notes 2015","95","","","","Banderi of Bandar Abbās 90%; Tehrāni type Persian 5%; mixed 5%","Hassan Mohebbi Bahmani, field notes 2015",27.440893467386203,56.84911751706999,""
"","10dadf5e430773dcd2de2119a281e796","26-fe75830cb9d66199061593b9b81b40df","1220278","هرمزگان","Hormozgān","بندرعباس","Bandar Abbās","تخت","Takht","","","شمیل","Shamil","زمین سنگ","Zamin Sang","Zamin Sang","Hassan Mohebbi Bahmani, field notes 2015","1506","","","","Banderi of Bandar Abbās 90%; Tehrāni type Persian 5%; mixed 5%","Hassan Mohebbi Bahmani, field notes 2015",27.451600098753985,56.860436439111595,""
"","10dadf5e430773dcd2de2119a2824c73","26-f107838b81efc575a42abf9dbfdd96e1","1220279","هرمزگان","Hormozgān","بندرعباس","Bandar Abbās","تخت","Takht","","","شمیل","Shamil","ابکهور","Āb Kohur","How Kohur","Hassan Mohebbi Bahmani, field notes 2015","193","","","","Banderi of Bandar Abbās 90%; Tehrāni type Persian 5%; mixed 5%","Hassan Mohebbi Bahmani, field notes 2015",27.580368465769812,56.91013240773916,""
"","10dadf5e430773dcd2de2119a28297a0","30-a1c33384949eb60060831da505d872bf","1220280","هرمزگان","Hormozgān","بندرعباس","Bandar Abbās","تخت","Takht","","","شمیل","Shamil","بالولی","Bāluli","Bāluli","Hassan Mohebbi Bahmani, field notes 2015","741","","","","Banderi of Bandar Abbās 90%; Tehrāni type Persian 5%; mixed 5%","Hassan Mohebbi Bahmani, field notes 2015",27.48197,56.83284,""
"","10dadf5e430773dcd2de2119a282f715","26-8b3e11a697bdc28e52515a7020ef1388","1220281","هرمزگان","Hormozgān","بندرعباس","Bandar Abbās","تخت","Takht","","","شمیل","Shamil","سرخنگی","Sar Khengi","Sar Khengi","Hassan Mohebbi Bahmani, field notes 2015","1497","","","","Banderi of Bandar Abbās 90%; Tehrāni type Persian 5%; mixed 5%","Hassan Mohebbi Bahmani, field notes 2015",27.484592849170465,56.87352561909991,""
"","10dadf5e430773dcd2de2119a2834c33","26-ebe5cfb526ef582df115483b2a3669c5","1220282","هرمزگان","Hormozgān","بندرعباس","Bandar Abbās","تخت","Takht","","","شمیل","Shamil","سرزه آل مهتریان","Sar Zeh Āl-e Mehtariān","Sar Zeh Āl-e Mehtariān","Hassan Mohebbi Bahmani, field notes 2015","471","","","","Banderi of Bandar Abbās 90%; Tehrāni type Persian 5%; mixed 5%","Hassan Mohebbi Bahmani, field notes 2015",27.45613031181186,56.89371728856212,""
"","10dadf5e430773dcd2de2119a2837782","26-8a828d43766dd73e8a9f97cffe8d4efa","1220283","هرمزگان","Hormozgān","بندرعباس","Bandar Abbās","تخت","Takht","","","شمیل","Shamil","سرزه خاروک","Sar Zeh Khāruk","Sar Zeh Khāruk","Hassan Mohebbi Bahmani, field notes 2015","1072","","","","Banderi of Bandar Abbās 90%; Tehrāni type Persian 5%; mixed 5%","Hassan Mohebbi Bahmani, field notes 2015",27.472656130285458,56.950580119670065,""
"","10dadf5e430773dcd2de2119a283cc42","26-c09b359ae2bdd4e61a38a0d6f93364ee","1220284","هرمزگان","Hormozgān","بندرعباس","Bandar Abbās","تخت","Takht","","","شمیل","Shamil","سرسماد","Sar Samād","Sar Samād","Hassan Mohebbi Bahmani, field notes 2015","312","","","","Banderi of Bandar Abbās 90%; Tehrāni type Persian 5%; mixed 5%","Hassan Mohebbi Bahmani, field notes 2015",27.48019594131573,56.819516658384615,""
"","10dadf5e430773dcd2de2119a28418df","26-df62b555cd22e1cb75d6f147178c041d","1220285","هرمزگان","Hormozgān","بندرعباس","Bandar Abbās","تخت","Takht","","","شمیل","Shamil","سمسلو","Samselu","Samselu","Hassan Mohebbi Bahmani, field notes 2015","384","","","","Banderi of Bandar Abbās 90%; Tehrāni type Persian 5%; mixed 5%","Hassan Mohebbi Bahmani, field notes 2015",27.448818084591895,56.9820370669921,""
"","10dadf5e430773dcd2de2119a2845b59","26-905c7f1d65bf6d30713e51c8aac76759","1220286","هرمزگان","Hormozgān","بندرعباس","Bandar Abbās","تخت","Takht","","","شمیل","Shamil","سهرابی","Sohrābi","Sohrābi","Hassan Mohebbi Bahmani, field notes 2015","109","","","","Banderi of Bandar Abbās 90%; Tehrāni type Persian 5%; mixed 5%","Hassan Mohebbi Bahmani, field notes 2015",27.455252124640086,56.882001399587,""
"","10dadf5e430773dcd2de2119a284c5d9","26-73514bf43861d9dbc1bbc7a727376d63","1220287","هرمزگان","Hormozgān","بندرعباس","Bandar Abbās","تخت","Takht","","","شمیل","Shamil","کرمون","Keremon","Keremon","Hassan Mohebbi Bahmani, field notes 2015","446","","","","Banderi of Bandar Abbās 90%; Tehrāni type Persian 5%; mixed 5%","Hassan Mohebbi Bahmani, field notes 2015",27.434857018260562,56.87088632542899,""
"","10dadf5e430773dcd2de2119a2851739","26-95e2d3be51c60a2e5ba11acd212b3a14","1220288","هرمزگان","Hormozgān","بندرعباس","Bandar Abbās","تخت","Takht","","","شمیل","Shamil","گرده","Gordeh","Gorda","Hassan Mohebbi Bahmani, field notes 2015","470","","","","Banderi of Bandar Abbās 90%; Tehrāni type Persian 5%; mixed 5%","Hassan Mohebbi Bahmani, field notes 2015",27.470975878652258,56.80477469183854,""
"","10dadf5e430773dcd2de2119a2855c32","24-dd6dea9dc1e42038958bdca3e086d6d3","1220289","هرمزگان","Hormozgān","بندرعباس","Bandar Abbās","تخت","Takht","","","شمیل","Shamil","سنگ بهمن","Sang Bahman","Sang Bahman","Hassan Mohebbi Bahmani, field notes 2015","29","","","","Banderi of Bandar Abbās 90%; Tehrāni type Persian 5%; mixed 5%","Hassan Mohebbi Bahmani, field notes 2015","","",""
"","10dadf5e430773dcd2de2119a285c51a","26-5a87cd4e915b9c2cad93436d7cd5d780","1220290","هرمزگان","Hormozgān","بندرعباس","Bandar Abbās","تخت","Takht","","","شمیل","Shamil","زهوکی","Zohuki","Zohuki","Hassan Mohebbi Bahmani, field notes 2015","590","","","","Banderi of Bandar Abbās 90%; Tehrāni type Persian 5%; mixed 5%","Hassan Mohebbi Bahmani, field notes 2015",27.49992744339301,56.76291131934922,""
"","10dadf5e430773dcd2de2119a2860128","26-0867049e79576e956d0263a2ebf6d299","1220291","هرمزگان","Hormozgān","بندرعباس","Bandar Abbās","تخت","Takht","","","شمیل","Shamil","کشکو","Kashku","Kashku","Hassan Mohebbi Bahmani, field notes 2015","1142","","","","Banderi of Bandar Abbās 90%; Tehrāni type Persian 5%; mixed 5%","Hassan Mohebbi Bahmani, field notes 2015",27.536445169724367,56.76247680148936,""
"","10dadf5e430773dcd2de2119a2864dfd","26-7078a0bbe3e6b00a83db6bc3a2d7d04b","1220292","هرمزگان","Hormozgān","بندرعباس","Bandar Abbās","تخت","Takht","","","شمیل","Shamil","سرزه پشت بند","Sar Zeh Posht Band","Sar Zeh Posht Band","Hassan Mohebbi Bahmani, field notes 2015","386","","","","Banderi of Bandar Abbās 90%; Tehrāni type Persian 5%; mixed 5%","Hassan Mohebbi Bahmani, field notes 2015",27.545519628857498,56.888969778614545,""
"","10dadf5e430773dcd2de2119a28691cb","26-5aad250b4096b1272ca3f905724b8b38","1220293","هرمزگان","Hormozgān","بندرعباس","Bandar Abbās","تخت","Takht","","","شمیل","Shamil","سرزه شمیل","Sar Zeh Shamil","Sar Zeh Shamil","Hassan Mohebbi Bahmani, field notes 2015","475","","","","Banderi of Bandar Abbās 90%; Tehrāni type Persian 5%; mixed 5%","Hassan Mohebbi Bahmani, field notes 2015",27.52651121985872,56.92725043571541,""
"","10dadf5e430773dcd2de2119a286d043","26-11ace7b2ee2581a5da458c7f5ecc2d87","1220294","هرمزگان","Hormozgān","بندرعباس","Bandar Abbās","تخت","Takht","","","شمیل","Shamil","شمیل","Shamil","Shamil","Hassan Mohebbi Bahmani, field notes 2015","1891","","","","Banderi of Bandar Abbās 90%; Tehrāni type Persian 5%; mixed 5%","Hassan Mohebbi Bahmani, field notes 2015",27.50178824524657,56.862963250055444,""
"","10dadf5e430773dcd2de2119a2870c6f","26-302227521fe4c5b13654c4bcb5594c73","1220295","هرمزگان","Hormozgān","بندرعباس","Bandar Abbās","تخت","Takht","","","شمیل","Shamil","زنهی","Zenehi","Zenehi","Hassan Mohebbi Bahmani, field notes 2015","59","","","","Banderi of Bandar Abbās 90%; Tehrāni type Persian 5%; mixed 5%","Hassan Mohebbi Bahmani, field notes 2015",27.63238939961071,56.7711673287439,""
"","10dadf5e430773dcd2de2119a28766c3","26-89276e73d643429fbfd3f6b33e5726d7","1220296","هرمزگان","Hormozgān","بندرعباس","Bandar Abbās","تخت","Takht","","","شمیل","Shamil","سرریغ","Sar Righ","Sar Righ","Hassan Mohebbi Bahmani, field notes 2015","106","","","","Banderi of Bandar Abbās 90%; Tehrāni type Persian 5%; mixed 5%","Hassan Mohebbi Bahmani, field notes 2015",27.49323918423698,56.83768611230312,""
"","10dadf5e430773dcd2de2119a287bc0a","26-a749e72a8e8a839a1a51f755f6437ef2","1220297","هرمزگان","Hormozgān","بندرعباس","Bandar Abbās","تخت","Takht","","","شمیل","Shamil","کوه لهرو","Kuh Lahro","Kuh Lahro","Hassan Mohebbi Bahmani, field notes 2015","88","","","","Banderi of Bandar Abbās 90%; Tehrāni type Persian 5%; mixed 5%","Hassan Mohebbi Bahmani, field notes 2015",27.584082790096826,56.77043240347056,""
"","10dadf5e430773dcd2de2119a287ff4a","26-e5af1506d8da0c84848473b419304f58","1220298","هرمزگان","Hormozgān","بندرعباس","Bandar Abbās","تخت","Takht","","","شمیل","Shamil","نیان","Niān","Nion","Hassan Mohebbi Bahmani, field notes 2015","312","","","","Banderi of Bandar Abbās 90%; Tehrāni type Persian 5%; mixed 5%","Hassan Mohebbi Bahmani, field notes 2015",27.54874790130191,56.82908158578513,""
"","10dadf5e430773dcd2de2119a2885aee","26-178f33b31fdec8fd1b9b1f6c1f5d34bc","1220299","هرمزگان","Hormozgān","بندرعباس","Bandar Abbās","تخت","Takht","","","شمیل","Shamil","مغیران","Mogheyrān","Mogheyron","Hassan Mohebbi Bahmani, field notes 2015","291","","","","Banderi of Bandar Abbās 90%; Tehrāni type Persian 5%; mixed 5%","Hassan Mohebbi Bahmani, field notes 2015",27.514893209323464,56.797345688724114,""
"","10dadf5e430773dcd2de2119a288912e","24-1e646cd98ac2b8a5b5fbab76b58586e2","1220300","هرمزگان","Hormozgān","بندرعباس","Bandar Abbās","تخت","Takht","","","شمیل","Shamil","لهرو پایین","Lahro Pāin","Lahro Pāin","Hassan Mohebbi Bahmani, field notes 2015","127","","","","Banderi of Bandar Abbās 90%; Tehrāni type Persian 5%; mixed 5%","Hassan Mohebbi Bahmani, field notes 2015","","",""
"","10dadf5e430773dcd2de2119a288e1a7","26-049386cc7e75457a9baf14e4572b7d88","1220301","هرمزگان","Hormozgān","بندرعباس","Bandar Abbās","تخت","Takht","","","شمیل","Shamil","آب گولمان","Āb Gwalmān","Āb Gwalmon","Hassan Mohebbi Bahmani, field notes 2015","137","","","","Banderi of Bandar Abbās 90%; Tehrāni type Persian 5%; mixed 5%","Hassan Mohebbi Bahmani, field notes 2015",27.54899522278344,56.78835492410807,""
"","10dadf5e430773dcd2de2119a28949ce","26-0fa3455c8c597df9bff3dcd5bec3402e","1220302","هرمزگان","Hormozgān","بندرعباس","Bandar Abbās","تخت","Takht","","","شمیل","Shamil","گجک پشتکوه","Gajak Posht Kuh","Gajak Posht Kuh","Hassan Mohebbi Bahmani, field notes 2015","329","","","","Banderi of Bandar Abbās 90%; Tehrāni type Persian 5%; mixed 5%","Hassan Mohebbi Bahmani, field notes 2015",27.662777328257732,56.666460548912816,""
"","10dadf5e430773dcd2de2119a289a8c7","26-c558c0ff3ce4481079794e81fdd2cd6a","1220303","هرمزگان","Hormozgān","بندرعباس","Bandar Abbās","تخت","Takht","","","شمیل","Shamil","تنب باریکو","Tonb Bāriku","Tonb Bāriku","Hassan Mohebbi Bahmani, field notes 2015","67","","","","Banderi of Bandar Abbās 90%; Tehrāni type Persian 5%; mixed 5%","Hassan Mohebbi Bahmani, field notes 2015",27.639241901180245,56.756797348522106,""
"","10dadf5e430773dcd2de2119a28a05d7","26-d743b34feb3b6ce21e797009d64b341d","1220304","هرمزگان","Hormozgān","بندرعباس","Bandar Abbās","تخت","Takht","","","شمیل","Shamil","سلوبلم","Salu Balm","Salu Balm","Hassan Mohebbi Bahmani, field notes 2015","99","","","","Banderi of Bandar Abbās 90%; Tehrāni type Persian 5%; mixed 5%","Hassan Mohebbi Bahmani, field notes 2015",27.61532686333203,56.87502246178408,""
"","10dadf5e430773dcd2de2119a28a5f5c","26-bf9f7c0ec5ce2edc67332e7ea5c51e32","1220305","هرمزگان","Hormozgān","بندرعباس","Bandar Abbās","تخت","Takht","","","شمیل","Shamil","سنخرو","Sankharu","Sankharu","Hassan Mohebbi Bahmani, field notes 2015","110","","","","Banderi of Bandar Abbās 90%; Tehrāni type Persian 5%; mixed 5%","Hassan Mohebbi Bahmani, field notes 2015",27.62500323558391,56.79454546251144,""
"","10dadf5e430773dcd2de2119a28aaa46","26-c764cf714e18098f1a86b74d08a72d93","1220306","هرمزگان","Hormozgān","بندرعباس","Bandar Abbās","تخت","Takht","","","شمیل","Shamil","قلم","Qalam","Kalam","Hassan Mohebbi Bahmani, field notes 2015","160","","","","Banderi of Bandar Abbās 90%; Tehrāni type Persian 5%; mixed 5%","Hassan Mohebbi Bahmani, field notes 2015",27.626391068168743,56.80983405389443,""
"","10dadf5e430773dcd2de2119a28aeb3f","26-13b57ba28bf888f97c9162587e5cc646","1220307","هرمزگان","Hormozgān","بندرعباس","Bandar Abbās","تخت","Takht","","","شمیل","Shamil","کنارسیاه","Konār Siāh","Konār Siāh","Hassan Mohebbi Bahmani, field notes 2015","64","","","","Banderi of Bandar Abbās 90%; Tehrāni type Persian 5%; mixed 5%","Hassan Mohebbi Bahmani, field notes 2015",27.638471677838627,56.76706891336535,""
"","10dadf5e430773dcd2de2119a28b45a0","26-a3b8beb0558179643ad84b5c63b19bc8","1220308","هرمزگان","Hormozgān","بندرعباس","Bandar Abbās","تخت","Takht","","","شمیل","Shamil","کوه دازان","Kuh Dāzān","Kuh Dāzān","Hassan Mohebbi Bahmani, field notes 2015","284","","","","Banderi of Bandar Abbās 90%; Tehrāni type Persian 5%; mixed 5%","Hassan Mohebbi Bahmani, field notes 2015",27.613072853253712,56.855909040346035,""
"","10dadf5e430773dcd2de2119a28b9453","26-1a29bce71bb6ab883fdb57da6f1b9bb8","1220309","هرمزگان","Hormozgān","بندرعباس","Bandar Abbās","تخت","Takht","","","شمیل","Shamil","گردنه پشتکوه","Gardaneh Posht Kuh","Gardana Posht Kuh","Hassan Mohebbi Bahmani, field notes 2015","216","","","","Banderi of Bandar Abbās 90%; Tehrāni type Persian 5%; mixed 5%","Hassan Mohebbi Bahmani, field notes 2015",27.636552128232168,56.810992768188584,""
"","10dadf5e430773dcd2de2119a28bf3a5","24-666ece5abe24ba777fd729eca7f30f1c","1220310","هرمزگان","Hormozgān","بندرعباس","Bandar Abbās","تخت","Takht","","","شمیل","Shamil","بندرمحمدکهوری","Bandar Mohammad Kohuri","Bandar Mohammad Kohuri","Hassan Mohebbi Bahmani, field notes 2015","113","","","","Banderi of Bandar Abbās 90%; Tehrāni type Persian 5%; mixed 5%","Hassan Mohebbi Bahmani, field notes 2015","","",""
"","10dadf5e430773dcd2de2119a28c3590","26-00290101b2aea957571ee4609a75749a","1220311","هرمزگان","Hormozgān","بندرعباس","Bandar Abbās","تخت","Takht","تخت","Takht","","","","","Takht","Hassan Mohebbi Bahmani, field notes 2015","2648","","","","Banderi of Bandar Abbās 90%; Tehrāni type Persian 5%; mixed 5%","Hassan Mohebbi Bahmani, field notes 2015",27.495980287825507,56.645661404532966,""
"","10dadf5e430773dcd2de2119a28c895b","23-7773311b1c8f95786a2c60fa75536cb0","1220312","هرمزگان","Hormozgān","بندرعباس","Bandar Abbās","قلعه قاضی","Qal'eh Qāzi","","","","","","","","","14475","","","","","","","",""
"","10dadf5e430773dcd2de2119a28cd977","23-b4566b550dd536fae2a445008a63bd69","1220313","هرمزگان","Hormozgān","بندرعباس","Bandar Abbās","قلعه قاضی","Qal'eh Qāzi","","","قلعه قاضی","Qal'eh Qāzi","","","","","4694","","","","","","","",""
"","10dadf5e430773dcd2de2119a28d2a2a","27-498169c06d1d0167339a0980b5444da6","1220314","هرمزگان","Hormozgān","بندرعباس","Bandar Abbās","قلعه قاضی","Qal'eh Qāzi","","","قلعه قاضی","Qal'eh Qāzi","باریز","Bāriz","Bāriz","Hassan Mohebbi Bahmani, field notes 2015","140","","","","Koroshi 60%; Banderi of Bandar Abbās 30%; Tehrāni type Persian 5%; mixed 5%","Maryam Nourzaei, field notes 2011; Hassan Mohebbi Bahmani, field notes 2015",27.305568821888343,56.67333151655962,""
"","10dadf5e430773dcd2de2119a28d83b5","26-1ee237c29f9a3b932eaf41c3d8847222","1220315","هرمزگان","Hormozgān","بندرعباس","Bandar Abbās","قلعه قاضی","Qal'eh Qāzi","","","قلعه قاضی","Qal'eh Qāzi","توج","Tuj","Tuj","Hassan Mohebbi Bahmani, field notes 2015","110","","","","Koroshi 90%; Tehrāni type Persian 5%; mixed 5%","Maryam Nourzaei, field notes 2011; Hassan Mohebbi Bahmani, field notes 2015",27.342405033507383,56.68581988172904,""
"","10dadf5e430773dcd2de2119a28dc4e8","27-15c87d0a60897e41c2570d03a8b2f8b4","1220316","هرمزگان","Hormozgān","بندرعباس","Bandar Abbās","قلعه قاضی","Qal'eh Qāzi","","","قلعه قاضی","Qal'eh Qāzi","خرگی","Khargi","Khargi","Hassan Mohebbi Bahmani, field notes 2015","281","","","","Koroshi 70%; Banderi of Bandar Abbās 20%; Tehrāni type Persian 5%; mixed 5%","Maryam Nourzaei, field notes 2011; Hassan Mohebbi Bahmani, field notes 2015",27.203169635350186,56.7417814906091,""
"","10dadf5e430773dcd2de2119a28e02ee","25-b2ccbab94eea4891767098cc276a7993","1220317","هرمزگان","Hormozgān","بندرعباس","Bandar Abbās","قلعه قاضی","Qal'eh Qāzi","","","قلعه قاضی","Qal'eh Qāzi","ذرتی","Zorrati","Zorrati","Hassan Mohebbi Bahmani, field notes 2015","99","","","","Banderi of Bandar Abbās 90%; Tehrāni type Persian 5%; mixed 5%","Hassan Mohebbi Bahmani, field notes 2015","","",""
"","10dadf5e430773dcd2de2119a28e3d2d","26-1db753e987429ab7e06ed4e9e41704bc","1220318","هرمزگان","Hormozgān","بندرعباس","Bandar Abbās","قلعه قاضی","Qal'eh Qāzi","","","قلعه قاضی","Qal'eh Qāzi","ریگو","Rigu","Rigu","Hassan Mohebbi Bahmani, field notes 2015","39","","","","Koroshi 90%; Tehrāni type Persian 5%; mixed 5%","Maryam Nourzaei, field notes 2011; Hassan Mohebbi Bahmani, field notes 2015",27.34110892089033,56.69058348493924,""
"","10dadf5e430773dcd2de2119a28e99a0","27-f5c94f974c1e805d81b368c557f27883","1220319","هرمزگان","Hormozgān","بندرعباس","Bandar Abbās","قلعه قاضی","Qal'eh Qāzi","","","قلعه قاضی","Qal'eh Qāzi","طاهری","Tāheri","Tāheri","Hassan Mohebbi Bahmani, field notes 2015","221","","","","Koroshi 90%; Tehrāni type Persian 5%; mixed 5%","Maryam Nourzaei, field notes 2011; Hassan Mohebbi Bahmani, field notes 2015",27.29168865223107,56.68101336317612,""
"","10dadf5e430773dcd2de2119a28ee4d7","27-ec5e4effc18f628f69449f2c2ae5bab8","1220320","هرمزگان","Hormozgān","بندرعباس","Bandar Abbās","قلعه قاضی","Qal'eh Qāzi","","","قلعه قاضی","Qal'eh Qāzi","کدوکار","Kodukār","Kodukār","Hassan Mohebbi Bahmani, field notes 2015","221","","","","Koroshi 90%; Tehrāni type Persian 5%; mixed 5%","Maryam Nourzaei, field notes 2011; Hassan Mohebbi Bahmani, field notes 2015",27.427123447634788,56.58217932540881,""
"","10dadf5e430773dcd2de2119a28f4e76","27-1ebbf10124cc9af1a8c247e23a7757f4","1220321","هرمزگان","Hormozgān","بندرعباس","Bandar Abbās","قلعه قاضی","Qal'eh Qāzi","","","قلعه قاضی","Qal'eh Qāzi","گزریز","Gaz Riz","Gaz Riz","Hassan Mohebbi Bahmani, field notes 2015","158","","","","Koroshi 90%; Tehrāni type Persian 5%; mixed 5%","Maryam Nourzaei, field notes 2011; Hassan Mohebbi Bahmani, field notes 2015",27.246515424347415,56.73120285825543,""
"","10dadf5e430773dcd2de2119a28f967f","26-2d865ca75b6e9d93b8a3a344da0d0bbf","1220322","هرمزگان","Hormozgān","بندرعباس","Bandar Abbās","قلعه قاضی","Qal'eh Qāzi","","","قلعه قاضی","Qal'eh Qāzi","نوبست","Now Bast","Now Bast","Hassan Mohebbi Bahmani, field notes 2015","255","","","","Koroshi 90%; Tehrāni type Persian 5%; mixed 5%","Maryam Nourzaei, field notes 2011; Hassan Mohebbi Bahmani, field notes 2015",27.327155689923188,56.68603445844989,""
"","10dadf5e430773dcd2de2119a28ff838","28-05d803f6f3f461e1b08cfb11c1054d9c","1220323","هرمزگان","Hormozgān","بندرعباس","Bandar Abbās","قلعه قاضی","Qal'eh Qāzi","","","قلعه قاضی","Qal'eh Qāzi","چاه فعله شرقی","Chāh Fa'leh Sharqi","Chā Fal'a Sharki","Hassan Mohebbi Bahmani, field notes 2015","539","","","","Banderi of Bandar Abbās 90%; Tehrāni type Persian 5%; mixed 5%","Hassan Mohebbi Bahmani, field notes 2015",27.3588170394446,56.63560892897702,""
"","10dadf5e430773dcd2de2119a2905293","28-f4ba49833464078c0f19eab08860657e","1220324","هرمزگان","Hormozgān","بندرعباس","Bandar Abbās","قلعه قاضی","Qal'eh Qāzi","","","قلعه قاضی","Qal'eh Qāzi","چاه فعله غربی","Chāh Fa'leh Gharbi","Chā Fal'a Gharbi","Hassan Mohebbi Bahmani, field notes 2015","636","","","","Banderi of Bandar Abbās 90%; Tehrāni type Persian 5%; mixed 5%","Hassan Mohebbi Bahmani, field notes 2015",27.355234163150623,56.615696209253784,""
"","10dadf5e430773dcd2de2119a290a51c","28-8e541aa26ce4fe64064c90ca9025a296","1220325","هرمزگان","Hormozgān","بندرعباس","Bandar Abbās","قلعه قاضی","Qal'eh Qāzi","","","قلعه قاضی","Qal'eh Qāzi","خورقاسمی","Khur Qāsemi","Khur Kāsomi","Hassan Mohebbi Bahmani, field notes 2015","","(less than 3 households; population not specified in 2011 Census for reasons of privacy)","","","Banderi of Bandar Abbās 90%; Tehrāni type Persian 5%; mixed 5%","Hassan Mohebbi Bahmani, field notes 2015",27.412539261471213,56.634581642925994,""
"","10dadf5e430773dcd2de2119a290fdea","27-05f5af1f6febcf87bf332a46e72d84bc","1220326","هرمزگان","Hormozgān","بندرعباس","Bandar Abbās","قلعه قاضی","Qal'eh Qāzi","","","قلعه قاضی","Qal'eh Qāzi","سرچیل","Sar Chil","Sar Chul","Hassan Mohebbi Bahmani, field notes 2015","179","","","","Koroshi 90%; Tehrāni type Persian 5%; mixed 5%","Maryam Nourzaei, field notes 2011; Hassan Mohebbi Bahmani, field notes 2015",27.340708647753694,56.66807438688872,""
"","10dadf5e430773dcd2de2119a291525f","29-b99d3bbd030b9ed4707636a30664b3c4","1220327","هرمزگان","Hormozgān","بندرعباس","Bandar Abbās","قلعه قاضی","Qal'eh Qāzi","","","قلعه قاضی","Qal'eh Qāzi","برتمب","Bar Tomb","Bar Tomb, Gwar Tomb","Hassan Mohebbi Bahmani, field notes 2015","484","","","","Banderi of Bandar Abbās 90%; Tehrāni type Persian 5%; mixed 5%","Hassan Mohebbi Bahmani, field notes 2015",27.42035499740622,56.55806090194885,""
"","10dadf5e430773dcd2de2119a2918c11","28-697ade827e816a2b6739e79ed786d12b","1220328","هرمزگان","Hormozgān","بندرعباس","Bandar Abbās","قلعه قاضی","Qal'eh Qāzi","","","قلعه قاضی","Qal'eh Qāzi","گودو","Gowdu","Gowdu","Hassan Mohebbi Bahmani, field notes 2015","489","","","","Banderi of Bandar Abbās 90%; Tehrāni type Persian 5%; mixed 5%","Hassan Mohebbi Bahmani, field notes 2015",27.427192374042278,56.5978648837253,""
"","10dadf5e430773dcd2de2119a291e12d","27-a93354aeeb1c28f32a562b382a6278c2","1220329","هرمزگان","Hormozgān","بندرعباس","Bandar Abbās","قلعه قاضی","Qal'eh Qāzi","","","قلعه قاضی","Qal'eh Qāzi","مدنگ احمد","Madang Ahmad","Madang Ahmad","Hassan Mohebbi Bahmani, field notes 2015","99","","","","Banderi of Bandar Abbās 90%; Tehrāni type Persian 5%; mixed 5%","Hassan Mohebbi Bahmani, field notes 2015",27.33270288141642,56.620953338921105,""
"","10dadf5e430773dcd2de2119a2924009","27-3c5bc387b0166b8bff0e5d2d88c1c0d8","1220330","هرمزگان","Hormozgān","بندرعباس","Bandar Abbās","قلعه قاضی","Qal'eh Qāzi","","","قلعه قاضی","Qal'eh Qāzi","پیرچیلی","Pir Chili","Pir Chili","Hassan Mohebbi Bahmani, field notes 2015","305","","","","Banderi of Bandar Abbās 90%; Tehrāni type Persian 5%; mixed 5%","Hassan Mohebbi Bahmani, field notes 2015",27.413839299605083,56.540186661075836,""
"","10dadf5e430773dcd2de2119a2928d94","28-7b58f2d1abb853120dc7f277a55e2de2","1220331","هرمزگان","Hormozgān","بندرعباس","Bandar Abbās","قلعه قاضی","Qal'eh Qāzi","","","قلعه قاضی","Qal'eh Qāzi","شهر کهنه","Shahr Kohneh","Shahr Kohna","Hassan Mohebbi Bahmani, field notes 2015","430","","","","Banderi of Bandar Abbās 90%; Tehrāni type Persian 5%; mixed 5%","Hassan Mohebbi Bahmani, field notes 2015",27.441815549548195,56.569350852342474,""
"","10dadf5e430773dcd2de2119a292e0e1","23-d62d02c99d9c676c051e361915936733","1220332","هرمزگان","Hormozgān","بندرعباس","Bandar Abbās","قلعه قاضی","Qal'eh Qāzi","","","دهنو","Deh Now","","","","","4598","","","","","","","",""
"","10dadf5e430773dcd2de2119a293387b","28-20690cb346caacfb2465bb9fdf5f400e","1220333","هرمزگان","Hormozgān","بندرعباس","Bandar Abbās","قلعه قاضی","Qal'eh Qāzi","","","دهنو","Deh Now","چوچ","Chuch","Chuch","Hassan Mohebbi Bahmani, field notes 2015","150","","","","Banderi of Bandar Abbās 90%; Tehrāni type Persian 5%; mixed 5%","Hassan Mohebbi Bahmani, field notes 2015",27.34066719234947,56.517466201164666,""
"","10dadf5e430773dcd2de2119a2938a09","28-e54ea5c29d78579c77cfb4b4b111140a","1220334","هرمزگان","Hormozgān","بندرعباس","Bandar Abbās","قلعه قاضی","Qal'eh Qāzi","","","دهنو","Deh Now","خورچاه","Khur Chāh","Khur Chāh","Hassan Mohebbi Bahmani, field notes 2015","796","","","","Banderi of Bandar Abbās 90%; Tehrāni type Persian 5%; mixed 5%","Hassan Mohebbi Bahmani, field notes 2015",27.390883006477015,56.53587366898093,""
"","10dadf5e430773dcd2de2119a293de35","28-a67c76949b4b8b82acde00acfa1f43bc","1220335","هرمزگان","Hormozgān","بندرعباس","Bandar Abbās","قلعه قاضی","Qal'eh Qāzi","","","دهنو","Deh Now","دهنوبالا","Deh Now Bālā ","Deh Now Bālā ","Hassan Mohebbi Bahmani, field notes 2015","992","","","","Banderi of Bandar Abbās 90%; Tehrāni type Persian 5%; mixed 5%","Hassan Mohebbi Bahmani, field notes 2015",27.359153902748744,56.54920209822478,""
"","10dadf5e430773dcd2de2119a29428b8","28-a56a0219f174ad58e9ef3ae4671beedf","1220336","هرمزگان","Hormozgān","بندرعباس","Bandar Abbās","قلعه قاضی","Qal'eh Qāzi","","","دهنو","Deh Now","دهنوپائین","Deh Now Pāin","Deh Now Pāin","Hassan Mohebbi Bahmani, field notes 2015","2011","","","","Banderi of Bandar Abbās 90%; Tehrāni type Persian 5%; mixed 5%","Hassan Mohebbi Bahmani, field notes 2015",27.343106336703922,56.54104818282029,""
"","10dadf5e430773dcd2de2119a2948e04","28-40fb434b165c5d4aacf9601e5121f458","1220337","هرمزگان","Hormozgān","بندرعباس","Bandar Abbās","قلعه قاضی","Qal'eh Qāzi","","","دهنو","Deh Now","گر ملک","Gar Malek","Gar Malek","Hassan Mohebbi Bahmani, field notes 2015","528","","","","Banderi of Bandar Abbās 90%; Tehrāni type Persian 5%; mixed 5%","Hassan Mohebbi Bahmani, field notes 2015",27.376713587582497,56.53888095793558,""
"","10dadf5e430773dcd2de2119a294d915","26-0d787d8db85cd92a6c4058fa1677776d","1220338","هرمزگان","Hormozgān","بندرعباس","Bandar Abbās","قلعه قاضی","Qal'eh Qāzi","","","دهنو","Deh Now","کولغان تو مغ غلام حسن","Kuleghān Tu Mogh Gholām Hasan","Kuleghon Tu Mogh Gholom Hasan","Hassan Mohebbi Bahmani, field notes 2015","28","","","","Banderi of Bandar Abbās 90%; Tehrāni type Persian 5%; mixed 5%","Hassan Mohebbi Bahmani, field notes 2015","","",""
"","10dadf5e430773dcd2de2119a29522bd","25-dcf066c6bec5ba27cba819091b458128","1220339","هرمزگان","Hormozgān","بندرعباس","Bandar Abbās","قلعه قاضی","Qal'eh Qāzi","","","دهنو","Deh Now","کولغان تو مغ عبدالله","Kuleghān Tu Mogh Abdollāh","Kuleghon Tu Mogh Abdollāh","Hassan Mohebbi Bahmani, field notes 2015","93","","","","Banderi of Bandar Abbās 90%; Tehrāni type Persian 5%; mixed 5%","Hassan Mohebbi Bahmani, field notes 2015","","",""
"","10dadf5e430773dcd2de2119a2956221","29-72d622d78faf8b4cc63657a3184c265b","1220340","هرمزگان","Hormozgān","بندرعباس","Bandar Abbās","قلعه قاضی","Qal'eh Qāzi","قلعه قاضی","Qal'eh Qāzi","","","","","Kal Kāzi","Hassan Mohebbi Bahmani, field notes 2015","5183","","","","Banderi of Bandar Abbās 90%; Tehrāni type Persian 5%; mixed 5%","Hassan Mohebbi Bahmani, field notes 2015",27.445953451878477,56.547313823078156,""
"","10dadf5e430773dcd2de2119a295af9a","21-43d49f72eef7b4bf9c2fc1dc8ecf880d","1220341","هرمزگان","Hormozgān","بندرلنگه","Bandar Lengeh","","","","","","","","","","","134713","","","","","","","",""
"","10dadf5e430773dcd2de2119a295e358","21-1e272bea9f5e34324a8272d6c2ef3d24","1220342","هرمزگان","Hormozgān","بندرلنگه","Bandar Lengeh","شیبکوه","Shib Kuh","","","","","","","","","16516","","","","","","","",""
"","10dadf5e430773dcd2de2119a2963775","21-cf083dc16b9834a213ac029b3e9bf153","1220343","هرمزگان","Hormozgān","بندرلنگه","Bandar Lengeh","شیبکوه","Shib Kuh","","","بندرچارک","Bandar Chārak","","","","","5118","","","","","","","",""
"","10dadf5e430773dcd2de2119a29699c6","26-969d87b03c7843d677ec51e5a594ef21","1220344","هرمزگان","Hormozgān","بندرلنگه","Bandar Lengeh","شیبکوه","Shib Kuh","","","بندرچارک","Bandar Chārak","باوردان","Bāverdān","Bāverdon","Hassan Mohebbi Bahmani, field notes 2015","150","","","","Gulf Arabic 100%","Ali Rashidi, pers. comm. 2015",26.7752222485876,54.364899999180395,""
"","10dadf5e430773dcd2de2119a296dc81","26-f22352528ce23971e027b568df513618","1220345","هرمزگان","Hormozgān","بندرلنگه","Bandar Lengeh","شیبکوه","Shib Kuh","","","بندرچارک","Bandar Chārak","جاونی","Jāveni","Jāveni","Hassan Mohebbi Bahmani, field notes 2015","150","","","","Gulf Arabic 100%","Ali Rashidi, pers. comm. 2015",26.847620971134816,54.26780247684558,""
"","10dadf5e430773dcd2de2119a2974349","26-8d4ed69f824349ab1bd59069969effd1","1220346","هرمزگان","Hormozgān","بندرلنگه","Bandar Lengeh","شیبکوه","Shib Kuh","","","بندرچارک","Bandar Chārak","دهنومراغ","Deh Now Marāgh","Deh Now Marāgh","Hassan Mohebbi Bahmani, field notes 2015","221","","","","Gulf Arabic 60%; Southern Balochi 40%","Ali Rashidi, pers. comm. 2015",26.848444193081885,54.2983152865943,""
"","10dadf5e430773dcd2de2119a297862c","28-65fa1939d15d222e776876170f350107","1220347","هرمزگان","Hormozgān","بندرلنگه","Bandar Lengeh","شیبکوه","Shib Kuh","","","بندرچارک","Bandar Chārak","سه کنارعلیا","Seh Konār Olyā","Se Konār Olyā","Hassan Mohebbi Bahmani, field notes 2015","164","","","","Gulf Arabic 100%","Ali Rashidi, pers. comm. 2015",26.836622958723986,54.2245239081954,""
"","10dadf5e430773dcd2de2119a297c948","25-097837d7ab7fea786f15fbbb585ee70d","1220348","هرمزگان","Hormozgān","بندرلنگه","Bandar Lengeh","شیبکوه","Shib Kuh","","","بندرچارک","Bandar Chārak","بندرطاعونه","Bandar Tā'uneh","Bandar Tā'una","Hassan Mohebbi Bahmani, field notes 2015","208","","","","Gulf Arabic 100%","Ali Rashidi, pers. comm. 2015",26.707749251793874,54.20393371578914,""
"","10dadf5e430773dcd2de2119a2981519","26-ed9f5896afcd1df27d906bfcbfc3f821","1220349","هرمزگان","Hormozgān","بندرلنگه","Bandar Lengeh","شیبکوه","Shib Kuh","","","بندرچارک","Bandar Chārak","کوغان","Kughān","Kughān","Hassan Mohebbi Bahmani, field notes 2015","273","","","","Gulf Arabic 100%","Ali Rashidi, pers. comm. 2015",26.822011950846463,54.279679298359746,""
"","10dadf5e430773dcd2de2119a29882d8","25-b8400430aaad765a024274bfa35f77ba","1220350","هرمزگان","Hormozgān","بندرلنگه","Bandar Lengeh","شیبکوه","Shib Kuh","","","بندرچارک","Bandar Chārak","مراغ","Marāgh","Marāgh","Hassan Mohebbi Bahmani, field notes 2015","756","","","","Farāmarzi 100%","Ali Rashidi, pers. comm. 2015",26.862735944419107,54.331147080936475,""
"","10dadf5e430773dcd2de2119a298b92c","26-15036f6c06e03003d5a6151eec00a30e","1220351","هرمزگان","Hormozgān","بندرلنگه","Bandar Lengeh","شیبکوه","Shib Kuh","","","بندرچارک","Bandar Chārak","نخل میر","Nakhl Mir","Nakhl Mir","Hassan Mohebbi Bahmani, field notes 2015","203","","","","Gulf Arabic 100%","Ali Rashidi, pers. comm. 2015",26.829902293642796,54.20870960384173,""
"","10dadf5e430773dcd2de2119a298fbdf","26-dd51cbf37164e2a72f24253a7d5d8b52","1220352","هرمزگان","Hormozgān","بندرلنگه","Bandar Lengeh","شیبکوه","Shib Kuh","","","بندرچارک","Bandar Chārak","بهمنی","Bahmani","Bahmani","Hassan Mohebbi Bahmani, field notes 2015","88","","","","Gulf Arabic 100%","Ali Rashidi, pers. comm. 2015",26.83792373179471,54.16855001446666,""
"","10dadf5e430773dcd2de2119a2993977","26-2dbba08a5409bc4c5c210240af197971","1220353","هرمزگان","Hormozgān","بندرلنگه","Bandar Lengeh","شیبکوه","Shib Kuh","","","بندرچارک","Bandar Chārak","غدیرصابری","Ghadir Sāberi","Ghadir Sāberi","Hassan Mohebbi Bahmani, field notes 2015","133","","","","Gulf Arabic 90%; Kahnuji 10%","Ali Rashidi, pers. comm. 2015",26.87829748962187,53.96754682692915,""
"","10dadf5e430773dcd2de2119a29982a5","26-84e2d0ce55a646a9477130d54c5479e8","1220354","هرمزگان","Hormozgān","بندرلنگه","Bandar Lengeh","شیبکوه","Shib Kuh","","","بندرچارک","Bandar Chārak","جبری","Jabri","Jabri","Hassan Mohebbi Bahmani, field notes 2015","142","","","","Gulf Arabic 60%; Southern Balochi 40%","Ali Rashidi, pers. comm. 2015",26.872574611881365,53.99977625044729,""
"","10dadf5e430773dcd2de2119a299ca17","26-c32efee63ec69c81b7d47a16d10739e2","1220355","هرمزگان","Hormozgān","بندرلنگه","Bandar Lengeh","شیبکوه","Shib Kuh","","","بندرچارک","Bandar Chārak","دهنومیر","Deh Now Mir","Deh Now Mir","Hassan Mohebbi Bahmani, field notes 2015","226","","","","Gulf Arabic 100%","Ali Rashidi, pers. comm. 2015",26.840098018001687,54.14483011395433,""
"","10dadf5e430773dcd2de2119a29a1136","27-33c55006f459e57140730331ff70eb71","1220356","هرمزگان","Hormozgān","بندرلنگه","Bandar Lengeh","شیبکوه","Shib Kuh","","","بندرچارک","Bandar Chārak","رستمی","Rostami","Rostami","Hassan Mohebbi Bahmani, field notes 2015","414","","","","Gulf Arabic 100%","Ali Rashidi, pers. comm. 2015",26.868459320092597,54.06271160276587,""
"","10dadf5e430773dcd2de2119a29a6ca3","25-852d4653dd52817790b9aaf8205b4c76","1220357","هرمزگان","Hormozgān","بندرلنگه","Bandar Lengeh","شیبکوه","Shib Kuh","","","بندرچارک","Bandar Chārak","غدیر کوهی","Ghadir Kuhi","Ghadir Kuhi","Hassan Mohebbi Bahmani, field notes 2015","305","","","","Farāmarzi 100%","Ali Rashidi, pers. comm. 2015",26.86949294234544,53.95025194320321,""
"","10dadf5e430773dcd2de2119a29ab862","26-0c7b741ba95cbd0cbd4c912ef059face","1220358","هرمزگان","Hormozgān","بندرلنگه","Bandar Lengeh","شیبکوه","Shib Kuh","","","بندرچارک","Bandar Chārak","گلشن","Golshan","Golshan","Hassan Mohebbi Bahmani, field notes 2015","266","","","","Gulf Arabic 100%","Ali Rashidi, pers. comm. 2015",26.84443451263146,54.09627140195538,""
"","10dadf5e430773dcd2de2119a29b20a6","27-599e9c5aff27c63d39435117f3d9a148","1220359","هرمزگان","Hormozgān","بندرلنگه","Bandar Lengeh","شیبکوه","Shib Kuh","","","بندرچارک","Bandar Chārak","وادی آباد، وادی عبد","Vādi Ābād, Vādi Abd","Vādi Ābād, Vādi Abd","Hassan Mohebbi Bahmani, field notes 2015","25","","","","Gulf Arabic 100%","Ali Rashidi, pers. comm. 2015",26.852521925140845,54.02674698828758,""
"","10dadf5e430773dcd2de2119a29b6a0b","27-a54a95fc933dbe7d64162c3dc6c5fbf1","1220360","هرمزگان","Hormozgān","بندرلنگه","Bandar Lengeh","شیبکوه","Shib Kuh","","","بندرچارک","Bandar Chārak","وادی احمد","Vādi Ahmad","Vādi Ahmad","Hassan Mohebbi Bahmani, field notes 2015","76","","","","Gulf Arabic 100%","Ali Rashidi, pers. comm. 2015",26.865433773965187,54.0088405609064,""
"","10dadf5e430773dcd2de2119a29bb73b","25-43d6fcddca1b53cb0509abc8f957137f","1220361","هرمزگان","Hormozgān","بندرلنگه","Bandar Lengeh","شیبکوه","Shib Kuh","","","بندرچارک","Bandar Chārak","کلات","Kalāt","Kalāt","Hassan Mohebbi Bahmani, field notes 2015","114","","","","Southern Balochi 60%; Gulf Arabic 40%","Ali Rashidi, pers. comm. 2015",26.72662971821923,53.89252007637376,""
"","10dadf5e430773dcd2de2119a29c02d5","26-c90b36f349748dd0c3e5a8b170f0d6ed","1220362","هرمزگان","Hormozgān","بندرلنگه","Bandar Lengeh","شیبکوه","Shib Kuh","","","بندرچارک","Bandar Chārak","لعلمی","La'lami","La'lami","Hassan Mohebbi Bahmani, field notes 2015","278","","","","Gulf Arabic 100%","Ali Rashidi, pers. comm. 2015",26.850425644614326,53.99935626983144,""
"","10dadf5e430773dcd2de2119a29c5bb3","27-a459a36ca4bff75e5a17098774dd8813","1220363","هرمزگان","Hormozgān","بندرلنگه","Bandar Lengeh","شیبکوه","Shib Kuh","","","بندرچارک","Bandar Chārak","گرزه","Garzeh","Garzeh","Hassan Mohebbi Bahmani, field notes 2015","926","","","","Gulf Arabic 70%; Banderi of Bandar Abbās 15%; Farāmarzi 15%","Ali Rashidi, pers. comm. 2015",26.741518903117395,53.960947036744486,""
"","10dadf5e430773dcd2de2119a29cb0e8","23-8113269a44f4c5f042ef2ac7fdbed878","1220364","هرمزگان","Hormozgān","بندرلنگه","Bandar Lengeh","شیبکوه","Shib Kuh","","","مقام","Moqām","","","","","7640","","","","","","","",""
"","10dadf5e430773dcd2de2119a29ce8a6","26-3050f0553a204f6536099236871a6cbc","1220365","هرمزگان","Hormozgān","بندرلنگه","Bandar Lengeh","شیبکوه","Shib Kuh","","","مقام","Moqām","باغویه","Bāghuyeh","Bāghuya","Hassan Mohebbi Bahmani, field notes 2015","132","","","","Gulf Arabic 100%","Ali Rashidi, pers. comm. 2015",26.887350146008387,53.69214833415009,""
"","10dadf5e430773dcd2de2119a29d3953","27-61e3405cd03c79dbf95af6534d02ffc9","1220366","هرمزگان","Hormozgān","بندرلنگه","Bandar Lengeh","شیبکوه","Shib Kuh","","","مقام","Moqām","بندرمیچائیل","Bandar Michāil","Bandar Michāil","Hassan Mohebbi Bahmani, field notes 2015","112","","","","Gulf Arabic 90%; Southern Balochi 10%","Ali Rashidi, pers. comm. 2015",26.816247926504847,53.550054073391436,""
"","10dadf5e430773dcd2de2119a29d74ea","27-3ef01e69814cd5ac3aaac8149d9a5b41","1220367","هرمزگان","Hormozgān","بندرلنگه","Bandar Lengeh","شیبکوه","Shib Kuh","","","مقام","Moqām","بوالعسکر","Bo-l-Askar","Bo-l-Askar","Hassan Mohebbi Bahmani, field notes 2015","648","","","","Gulf Arabic 100%","Ali Rashidi, pers. comm. 2015",26.895820485324673,53.9043030549973,""
"","10dadf5e430773dcd2de2119a29dc395","25-4dacd282ab0e28a39295d641e915c45c","1220368","هرمزگان","Hormozgān","بندرلنگه","Bandar Lengeh","شیبکوه","Shib Kuh","","","مقام","Moqām","رستاق","Rostāq","Rostāq, Rostāk","Hassan Mohebbi Bahmani, field notes 2015","789","","","","Buchiri 100%","Ali Rashidi, pers. comm. 2015",26.883400144607076,53.86200998325622,""
"","10dadf5e430773dcd2de2119a29e0c8d","26-d5b698f35d3389a2d62f018571618393","1220369","هرمزگان","Hormozgān","بندرلنگه","Bandar Lengeh","شیبکوه","Shib Kuh","","","مقام","Moqām","گریشه","Garisheh","Garisha","Hassan Mohebbi Bahmani, field notes 2015","194","","","","Gulf Arabic 90%; Southern Balochi 10%","Ali Rashidi, pers. comm. 2015",26.839640586311628,53.77918336888711,""
"","10dadf5e430773dcd2de2119a29e7737","25-7ec57f9337951029e7def40bf230f580","1220370","هرمزگان","Hormozgān","بندرلنگه","Bandar Lengeh","شیبکوه","Shib Kuh","","","مقام","Moqām","گزدان","Gazdān","Gazdān","Hassan Mohebbi Bahmani, field notes 2015","140","","","","Buchiri 100%","Ali Rashidi, pers. comm. 2015",26.864562820875815,53.884675741206784,""
"","10dadf5e430773dcd2de2119a29ebe75","25-0cbd7dac2367542834bbd2afa4a15465","1220371","هرمزگان","Hormozgān","بندرلنگه","Bandar Lengeh","شیبکوه","Shib Kuh","","","مقام","Moqām","لشتانی","Lashtāni","Lashtāni","Hassan Mohebbi Bahmani, field notes 2015","19","","","","Buchiri 100%","Ali Rashidi, pers. comm. 2015",26.91816178548441,53.86334681512313,""
"","10dadf5e430773dcd2de2119a29f1ef9","31-b673a402b41f6af256cac3a94c64ce37","1220372","هرمزگان","Hormozgān","بندرلنگه","Bandar Lengeh","شیبکوه","Shib Kuh","","","مقام","Moqām","مرباغ","Morbāgh","Morbāgh (Arabic), Morbākh (Balochi)","Mortaza Taheri, field notes 2017","769","","","","Gulf Arabic 90%; Koroshi 10%","Ali Rashidi, pers. comm. 2015",26.840176676280787,53.82737730045983,""
"","10dadf5e430773dcd2de2119a29f7757","26-ef504bf4e2c04301f45dd3e7a2e2da5d","1220373","هرمزگان","Hormozgān","بندرلنگه","Bandar Lengeh","شیبکوه","Shib Kuh","","","مقام","Moqām","ارمکی","Armaki","Armaki","Hassan Mohebbi Bahmani, field notes 2015","81","","","","Gulf Arabic 90%; Southern Balochi 10%","Ali Rashidi, pers. comm. 2015",26.85193172533262,53.678918129308116,""
"","10dadf5e430773dcd2de2119a29fb47c","26-dea985387f7d82dd72de51a9b7685f5e","1220374","هرمزگان","Hormozgān","بندرلنگه","Bandar Lengeh","شیبکوه","Shib Kuh","","","مقام","Moqām","بندرچیروئیه","Bandar Chiruieh","Bandar Chiruia","Hassan Mohebbi Bahmani, field notes 2015","759","","","","Gulf Arabic 100%","Ali Rashidi, pers. comm. 2015",26.714564473066783,53.734661817238056,""
"","10dadf5e430773dcd2de2119a2a009bb","27-17e87e42c29eb1a0ccd108d5e7ccfe52","1220375","هرمزگان","Hormozgān","بندرلنگه","Bandar Lengeh","شیبکوه","Shib Kuh","","","مقام","Moqām","بوجراش","Bu Jarāsh","Bu Jarāsh","Hassan Mohebbi Bahmani, field notes 2015","89","","","","Gulf Arabic 90%; Southern Balochi 10%","Ali Rashidi, pers. comm. 2015",26.876143077336533,53.71902251246946,""
"","10dadf5e430773dcd2de2119a2a048f1","27-1db96841924d84b2e9e4ccc267e0101b","1220376","هرمزگان","Hormozgān","بندرلنگه","Bandar Lengeh","شیبکوه","Shib Kuh","","","مقام","Moqām","خلفانی","Khalfāni","Khalfāni","Hassan Mohebbi Bahmani, field notes 2015","534","","","","Gulf Arabic 100%","Ali Rashidi, pers. comm. 2015",26.86855383657439,53.77937221529981,""
"","10dadf5e430773dcd2de2119a2a08e54","28-bb8df6a7421b3506660b2d35f9f79b65","1220377","هرمزگان","Hormozgān","بندرلنگه","Bandar Lengeh","شیبکوه","Shib Kuh","","","مقام","Moqām","الفدان","Alfadān","Alfadān","Hassan Mohebbi Bahmani, field notes 2015","","(less than 3 households; population not specified in 2011 Census for reasons of privacy)","","","Southern Balochi 100%","Ali Rashidi, pers. comm. 2015",26.905590822253597,53.6499717236011,""
"","10dadf5e430773dcd2de2119a2a0d954","27-b1c354419c7e264de04595ad92d4a229","1220378","هرمزگان","Hormozgān","بندرلنگه","Bandar Lengeh","شیبکوه","Shib Kuh","","","مقام","Moqām","بندرجزه","Bandar Jezeh","Bandar Jeza","Hassan Mohebbi Bahmani, field notes 2015","","(less than 3 households; population not specified in 2011 Census for reasons of privacy)","","","Gulf Arabic 90%; Southern Balochi 10%","Ali Rashidi, pers. comm. 2015",26.81937998962338,53.54180026025816,""
"","10dadf5e430773dcd2de2119a2a12b3d","33-1b4997c7cda54481981b53acf65f6853","1220379","هرمزگان","Hormozgān","بندرلنگه","Bandar Lengeh","شیبکوه","Shib Kuh","","","مقام","Moqām","بندرمقام","Bandar Moqām","Bandar Moqām, Bandar Mokām","Hassan Mohebbi Bahmani, field notes 2015","1820","","","","Gulf Arabic 75%; Ashkanuni  10%; Tehrāni type Persian 10%; Minowi 4%; Glangli  1%","Mortaza Taheri-Ardali, field notes 2017",26.9659,53.47936,""
"","10dadf5e430773dcd2de2119a2a17020","26-5c9964dec9a9b03e340463ed46e4d7aa","1220380","هرمزگان","Hormozgān","بندرلنگه","Bandar Lengeh","شیبکوه","Shib Kuh","","","مقام","Moqām","بندرنخیلو","Bandar Nakhilu","Bandar Nakhilu","Hassan Mohebbi Bahmani, field notes 2015","237","","","","Gulf Arabic 90%; Southern Balochi 10%","Ali Rashidi, pers. comm. 2015",26.891072313726017,53.48779129954286,""
"","10dadf5e430773dcd2de2119a2a1c7aa","27-5aee3dc4195670d9081d303ca55cf657","1220381","هرمزگان","Hormozgān","بندرلنگه","Bandar Lengeh","شیبکوه","Shib Kuh","","","مقام","Moqām","بوجبرائیل","Bu Jabrāil","Bu Jabrāil","Hassan Mohebbi Bahmani, field notes 2015","287","","","","Gulf Arabic 90%; Southern Balochi 10%","Ali Rashidi, pers. comm. 2015",26.925355496744853,53.55062806612034,""
"","10dadf5e430773dcd2de2119a2a2052f","26-7485b4282a9caa50eaa36a26975e4795","1220382","هرمزگان","Hormozgān","بندرلنگه","Bandar Lengeh","شیبکوه","Shib Kuh","","","مقام","Moqām","خرابه","Kharābeh","Kharāba","Hassan Mohebbi Bahmani, field notes 2015","168","","","","Gulf Arabic 90%; Southern Balochi 10%","Ali Rashidi, pers. comm. 2015",26.89480776222822,53.55385744577379,""
"","10dadf5e430773dcd2de2119a2a24a7a","26-a177c49d87f4f76488523af9b48520cb","1220383","هرمزگان","Hormozgān","بندرلنگه","Bandar Lengeh","شیبکوه","Shib Kuh","","","مقام","Moqām","رمیله","Ramileh","Ramila","Hassan Mohebbi Bahmani, field notes 2015","243","","","","Gulf Arabic 90%; Southern Balochi 10%","Ali Rashidi, pers. comm. 2015",26.881219832326483,53.587878584913135,""
"","10dadf5e430773dcd2de2119a2a29178","26-047d6a36f83f636f6bfae1d60d2fc30d","1220384","هرمزگان","Hormozgān","بندرلنگه","Bandar Lengeh","شیبکوه","Shib Kuh","","","مقام","Moqām","شکروییه","Shokruieh","Shokruia","Hassan Mohebbi Bahmani, field notes 2015","148","","","","Gulf Arabic 100%","Ali Rashidi, pers. comm. 2015",26.948521485883614,53.53697025781861,""
"","10dadf5e430773dcd2de2119a2a2d741","26-4652e2ff2f3cf1dba2476f3acb8cabfa","1220385","هرمزگان","Hormozgān","بندرلنگه","Bandar Lengeh","شیبکوه","Shib Kuh","","","مقام","Moqām","نخل جمال","Nakhl Jamāl","Nakhl Jamāl","Hassan Mohebbi Bahmani, field notes 2015","461","","","","Gulf Arabic 100%","Ali Rashidi, pers. comm. 2015",26.9121530009735,53.61080074917401,""
"","10dadf5e430773dcd2de2119a2a332c7","24-167adbebaf4eec734dab97e9d7c8a5d2","1220386","هرمزگان","Hormozgān","بندرلنگه","Bandar Lengeh","شیبکوه","Shib Kuh","","","مقام","Moqām","سایت پرورش میگوی مقام","Sāyt-e Parvaresh Meygu-ye Moqām","Sāyt-e Parvaresh-e Meygu Moqām","Hassan Mohebbi Bahmani, field notes 2015","","(less than 3 households; population not specified in 2011 Census for reasons of privacy)","","","mixed 60%; Tehrāni type Persian 40%","Ali Rashidi, pers. comm. 2015","","",""
"","10dadf5e430773dcd2de2119a2a365be","27-59f9f500cea36429a80a98c946e4be81","1220387","هرمزگان","Hormozgān","بندرلنگه","Bandar Lengeh","شیبکوه","Shib Kuh","چارک","Chārak","","","","","Chārak","Hassan Mohebbi Bahmani, field notes 2015","3758","","","","Gulf Arabic 50%; Glangli  20%; Farāmarzi 20%; Persian Fars province type 10%","Ali Rashidi, pers. comm. 2015",26.730341742415956,54.27487991371028,""
"","10dadf5e430773dcd2de2119a2a3a926","21-767e2407029828ddf287daa86457aad1","1220388","هرمزگان","Hormozgān","بندرلنگه","Bandar Lengeh","کیش","Kish","","","","","","","","","25952","","","","","","","",""
"","10dadf5e430773dcd2de2119a2a3e92e","21-01029fe8e4ae3407e620608c43799837","1220389","هرمزگان","Hormozgān","بندرلنگه","Bandar Lengeh","کیش","Kish","","","کیش","Kish","","","","","86","","","","","","","",""
"","10dadf5e430773dcd2de2119a2a429f2","26-0e8b4e47355c542bda07d917fd0017c1","1220390","هرمزگان","Hormozgān","بندرلنگه","Bandar Lengeh","کیش","Kish","","","کیش","Kish","هندورابی","Hendurābi","Hendurābi","Hassan Mohebbi Bahmani, field notes 2015","86","","","","Gulf Arabic 100%","Ali Rashidi, pers. comm. 2015; Hassan Mohebbi Bahmani, field notes 2015",26.688718266655453,53.621846079872505,""
"","10dadf5e430773dcd2de2119a2a48e44","24-46833b5d55498aa411a02868707ae4a2","1220391","هرمزگان","Hormozgān","بندرلنگه","Bandar Lengeh","کیش","Kish","","","لاوان","Lāvān","","","","","1047","","","","","","","",""
"","10dadf5e430773dcd2de2119a2a4dc16","26-b094e47ac0e1497a93ff67ed7d967eb0","1220392","هرمزگان","Hormozgān","بندرلنگه","Bandar Lengeh","کیش","Kish","","","لاوان","Lāvān","ده ریزلاوان","Deh Riz-e Lāvān","Deh Riz-e Lāvān","Hassan Mohebbi Bahmani, field notes 2015","128","","","","Gulf Arabic 100%","Ali Rashidi, pers. comm. 2015; Hassan Mohebbi Bahmani, field notes 2015",26.814079160382953,53.25042986879603,""
"","10dadf5e430773dcd2de2119a2a53c24","35-7a904991321e2aad0138496284d0f51f","1220393","هرمزگان","Hormozgān","بندرلنگه","Bandar Lengeh","کیش","Kish","","","لاوان","Lāvān","لز","Laz","Laz","Hassan Mohebbi Bahmani, field notes 2015","919","","","","Gulf Arabic 50%; Tehrāni type Persian 20%; Lāmerdi 10%; Buchiri 10%; Ashkanuni  10%","Ali Rashidi, pers. comm. 2015; Hassan Mohebbi Bahmani, field notes 2015",26.80712,53.37434,""
"","10dadf5e430773dcd2de2119a2a58455","25-b185978a787b849d587038d820f7508e","1220394","هرمزگان","Hormozgān","بندرلنگه","Bandar Lengeh","کیش","Kish","کیش","Kish","","","","","Kish","Hassan Mohebbi Bahmani, field notes 2015","24819","","","","Tehrāni type Persian 70%; mixed 20%; Banderi of Bandar Abbās 2%; Minowi 2%; Gulf Arabic 2%; Molki Gāl 2%; Mārzi Gāl 2%","Ali Rashidi, pers. comm. 2015; Hassan Mohebbi Bahmani, field notes 2015",26.560628303370255,53.99554216861273,""
"","10dadf5e430773dcd2de2119a2a5e410","21-18d356c90837ae2f6f2719b9a5ed24bf","1220395","هرمزگان","Hormozgān","بندرلنگه","Bandar Lengeh","مرکزی","Markazi","","","","","","","","","73583","","","","","","","",""
"","10dadf5e430773dcd2de2119a2a6492f","21-22de04fe3b85a4924092f187047ed027","1220396","هرمزگان","Hormozgān","بندرلنگه","Bandar Lengeh","مرکزی","Markazi","","","حومه","Humeh","","","","","10973","","","","","","","",""
"","10dadf5e430773dcd2de2119a2a698c0","25-2b0dff94e617fe8ba2f6f22747014e4a","1220397","هرمزگان","Hormozgān","بندرلنگه","Bandar Lengeh","مرکزی","Markazi","","","حومه","Humeh","برکه سفلین","Berkeh Seflin","Berkeh Seflin","Hassan Mohebbi Bahmani, field notes 2015","467","","","","Buchiri 100%","Ali Rashidi, pers. comm. 2015",26.758644257356384,55.21707916242205,""
"","10dadf5e430773dcd2de2119a2a6eeeb","25-d402dad7efd945809b34d2f8a5ef3764","1220398","هرمزگان","Hormozgān","بندرلنگه","Bandar Lengeh","مرکزی","Markazi","","","حومه","Humeh","چاه عبدالرحمان","Chāh Abdolrahmān","Chāh Abdolrahmān","Hassan Mohebbi Bahmani, field notes 2015","320","","","","Buchiri 100%","Ali Rashidi, pers. comm. 2015",26.757341384028592,55.01868152603586,""
"","10dadf5e430773dcd2de2119a2a73220","25-0ed030c09582cc85b4ae7a05fa4e44ba","1220399","هرمزگان","Hormozgān","بندرلنگه","Bandar Lengeh","مرکزی","Markazi","","","حومه","Humeh","حشم حودو","Hasham Hodu","Hasham Hodu","Hassan Mohebbi Bahmani, field notes 2015","150","","","","Buchiri 100%","Ali Rashidi, pers. comm. 2015",26.74204108491289,55.185997724362615,""
"","10dadf5e430773dcd2de2119a2a78cb2","25-662a73fa849638be419543ab49934bad","1220400","هرمزگان","Hormozgān","بندرلنگه","Bandar Lengeh","مرکزی","Markazi","","","حومه","Humeh","حمیران","Homeyrān","Homeyrān","Hassan Mohebbi Bahmani, field notes 2015","590","","","","Buchiri 100%","Ali Rashidi, pers. comm. 2015",26.6982461378263,55.086992025218095,""
"","10dadf5e430773dcd2de2119a2a7e356","25-4b3fdc2e24932b27b9f9c62ba509714d","1220401","هرمزگان","Hormozgān","بندرلنگه","Bandar Lengeh","مرکزی","Markazi","","","حومه","Humeh","گزیر","Gazir","Gazir","Hassan Mohebbi Bahmani, field notes 2015","4168","","","","Buchiri 100%","Ali Rashidi, pers. comm. 2015",26.725502566711313,54.9456181524807,""
"","10dadf5e430773dcd2de2119a2a8350b","27-26bfd687bc6504447322f7690245ec74","1220402","هرمزگان","Hormozgān","بندرلنگه","Bandar Lengeh","مرکزی","Markazi","","","حومه","Humeh","مهرگان بالا","Mehrgān Bālā","Mehrgān Bālā","Hassan Mohebbi Bahmani, field notes 2015","809","","","","Gulf Arabic 60%; Buchiri 40%","Ali Rashidi, pers. comm. 2015",26.760445263534216,54.8370316027376,""
"","10dadf5e430773dcd2de2119a2a8922d","26-cb55d375c410e9031b1cf5096c76763f","1220403","هرمزگان","Hormozgān","بندرلنگه","Bandar Lengeh","مرکزی","Markazi","","","حومه","Humeh","مهرگان پایین","Mehrgān Pāin","Mehrgān Pāin","Hassan Mohebbi Bahmani, field notes 2015","195","","","","Gulf Arabic 60%; Buchiri 40%","Ali Rashidi, pers. comm. 2015",26.752972817392145,54.844917297239476,""
"","10dadf5e430773dcd2de2119a2a8dddd","23-14f9892a05d56bbc15ec4d64c3153855","1220404","هرمزگان","Hormozgān","بندرلنگه","Bandar Lengeh","مرکزی","Markazi","","","حومه","Humeh","برست","Barast","Barast","Hassan Mohebbi Bahmani, field notes 2015","231","","","","Buchiri 100%","Ali Rashidi, pers. comm. 2015","","",""
"","10dadf5e430773dcd2de2119a2a92e3b","25-5267ef20f0d4e2bb0263d105dbc2e9dd","1220405","هرمزگان","Hormozgān","بندرلنگه","Bandar Lengeh","مرکزی","Markazi","","","حومه","Humeh","بندربندمعلم","Bandar Band Mo'allem","Bandar Band Mo'allem","Hassan Mohebbi Bahmani, field notes 2015","1407","","","","Buchiri 100%","Ali Rashidi, pers. comm. 2015",26.657867039956592,55.05009019359699,""
"","10dadf5e430773dcd2de2119a2a99d00","26-226da76f378bff08c6a84a0fd500301c","1220406","هرمزگان","Hormozgān","بندرلنگه","Bandar Lengeh","مرکزی","Markazi","","","حومه","Humeh","چاه کوهی","Chāh Kuhi","Chāh Kuhi","Hassan Mohebbi Bahmani, field notes 2015","","(less than 3 households; population not specified in 2011 Census for reasons of privacy)","","","Buchiri 100%","Ali Rashidi, pers. comm. 2015",26.626230600222705,54.99121570572881,""
"","10dadf5e430773dcd2de2119a2a9ebb3","25-bdf82a72cc3642c47318925eea03a0d0","1220407","هرمزگان","Hormozgān","بندرلنگه","Bandar Lengeh","مرکزی","Markazi","","","حومه","Humeh","چاه کهنه","Chāh Kohneh","Chāh Kohna","Hassan Mohebbi Bahmani, field notes 2015","54","","","","Buchiri 100%","Ali Rashidi, pers. comm. 2015",26.626297737439096,54.96221566186322,""
"","10dadf5e430773dcd2de2119a2aa356c","25-faa47cb9d89e335bd3ebe0d8e61b605c","1220408","هرمزگان","Hormozgān","بندرلنگه","Bandar Lengeh","مرکزی","Markazi","","","حومه","Humeh","زیارت","Ziārat","Ziārat","Hassan Mohebbi Bahmani, field notes 2015","213","","","","Buchiri 100%","Ali Rashidi, pers. comm. 2015",26.722455230964087,55.004079580159924,""
"","10dadf5e430773dcd2de2119a2aa8ad6","25-bf01f298f3c0463625a125cbbb16d00e","1220409","هرمزگان","Hormozgān","بندرلنگه","Bandar Lengeh","مرکزی","Markazi","","","حومه","Humeh","کوهی","Kuhi","Kuhi","Hassan Mohebbi Bahmani, field notes 2015","126","","","","Buchiri 100%","Ali Rashidi, pers. comm. 2015",26.623871181524294,54.97171068177455,""
"","10dadf5e430773dcd2de2119a2aae444","25-c99f85097f1875558c6fcd55e6c223ec","1220410","هرمزگان","Hormozgān","بندرلنگه","Bandar Lengeh","مرکزی","Markazi","","","حومه","Humeh","باورد","Bāverd","Bāverd","Hassan Mohebbi Bahmani, field notes 2015","1130","","","","Buchiri 100%","Ali Rashidi, pers. comm. 2015",26.721132776852482,54.89418411241818,""
"","10dadf5e430773dcd2de2119a2ab3303","25-8dc53945bebd920e2b2f3eefe2355f2f","1220411","هرمزگان","Hormozgān","بندرلنگه","Bandar Lengeh","مرکزی","Markazi","","","حومه","Humeh","شهرک امام خمینی","Shahrak Emām Khomeyni","Shahrak Emām Khomeyni","Hassan Mohebbi Bahmani, field notes 2015","216","","","","Buchiri 100%","Ali Rashidi, pers. comm. 2015",26.635475982901234,54.88994622217508,""
"","10dadf5e430773dcd2de2119a2ab91cb","25-1eaf61e32d9948345f0da8dbc1b01b2a","1220412","هرمزگان","Hormozgān","بندرلنگه","Bandar Lengeh","مرکزی","Markazi","","","حومه","Humeh","بارچاه","Bār Chāh","Bār Chāh","Hassan Mohebbi Bahmani, field notes 2015","226","","","","Buchiri 100%","Ali Rashidi, pers. comm. 2015",26.647012480552476,54.87418556200679,""
"","10dadf5e430773dcd2de2119a2abe06f","25-ec3462383f010b3eaef89b1f807ba4c4","1220413","هرمزگان","Hormozgān","بندرلنگه","Bandar Lengeh","مرکزی","Markazi","","","حومه","Humeh","بردغون","Bardaghun","Bardaghun","Hassan Mohebbi Bahmani, field notes 2015","44","","","","Buchiri 100%","Ali Rashidi, pers. comm. 2015",26.625041305827516,54.91155409799502,""
"","10dadf5e430773dcd2de2119a2ac2c5b","25-b5840cc40b49c8fe9dabec9d33cec8d0","1220414","هرمزگان","Hormozgān","بندرلنگه","Bandar Lengeh","مرکزی","Markazi","","","حومه","Humeh","چمپه","Champeh","Champeh","Hassan Mohebbi Bahmani, field notes 2015","109","","","","Buchiri 100%","Ali Rashidi, pers. comm. 2015",26.77717984388051,54.745214223752455,""
"","10dadf5e430773dcd2de2119a2ac72b3","25-5e4cc3b91a66ee74482429374e21188f","1220415","هرمزگان","Hormozgān","بندرلنگه","Bandar Lengeh","مرکزی","Markazi","","","حومه","Humeh","گارستانه","Gārestāneh","Gārestāna","Hassan Mohebbi Bahmani, field notes 2015","380","","","","Buchiri 100%","Ali Rashidi, pers. comm. 2015",26.75767668373866,54.68335175504076,""
"","10dadf5e430773dcd2de2119a2acba1f","25-97e521558291f4661ddb545b9e750370","1220416","هرمزگان","Hormozgān","بندرلنگه","Bandar Lengeh","مرکزی","Markazi","","","حومه","Humeh","بریسیمو","Barisimo","Barisimo","Hassan Mohebbi Bahmani, field notes 2015","77","","","","Buchiri 100%","Ali Rashidi, pers. comm. 2015",26.610730438579125,54.6737172602595,""
"","10dadf5e430773dcd2de2119a2ad1400","26-56f62d9b7ff73883c6655d8674191c16","1220417","هرمزگان","Hormozgān","بندرلنگه","Bandar Lengeh","مرکزی","Markazi","","","حومه","Humeh","حشم چمپه","Hasham Champeh","Hasham Champa","Hassan Mohebbi Bahmani, field notes 2015","54","","","","Buchiri 100%","Ali Rashidi, pers. comm. 2015",26.7944961487339,54.74514985073611,""
"","10dadf5e430773dcd2de2119a2ad52d8","21-383285059353cb340cee7848b401b6b3","1220418","هرمزگان","Hormozgān","بندرلنگه","Bandar Lengeh","مرکزی","Markazi","","","مغویه","Moghuyeh","","","","","15636","","","","","","","",""
"","10dadf5e430773dcd2de2119a2ad9621","31-cff2eba8a8951d9a6474924d938cd4c5","1220419","هرمزگان","Hormozgān","بندرلنگه","Bandar Lengeh","مرکزی","Markazi","","","مغویه","Moghuyeh","بستانه","Bostāneh","Bostāna","Hassan Mohebbi Bahmani, field notes 2015","2671","","","","Gulf Arabic 75%; Buchiri 25%","Ali Rashidi, pers. comm. 2015",26.5109,54.65399,""
"","10dadf5e430773dcd2de2119a2adfb14","26-5e5db727708b6d381517489404611f47","1220420","هرمزگان","Hormozgān","بندرلنگه","Bandar Lengeh","مرکزی","Markazi","","","مغویه","Moghuyeh","بندرشناس","Bandar Shenās","Bandar Shenās","Hassan Mohebbi Bahmani, field notes 2015","2282","","","","Gulf Arabic 100%","Ali Rashidi, pers. comm. 2015",26.52587399111461,54.79761922348007,""
"","10dadf5e430773dcd2de2119a2ae399f","26-8594c34469ae114d83a6005dbaf4f942","1220421","هرمزگان","Hormozgān","بندرلنگه","Bandar Lengeh","مرکزی","Markazi","","","مغویه","Moghuyeh","بندرملو","Bandar Molu","Bandar Molu","Hassan Mohebbi Bahmani, field notes 2015","626","","","","Gulf Arabic 100%","Ali Rashidi, pers. comm. 2015",26.517656575319542,54.72438418854679,""
"","10dadf5e430773dcd2de2119a2ae97ce","27-df49dd5a61ed44df7be0273ac9f15147","1220422","هرمزگان","Hormozgān","بندرلنگه","Bandar Lengeh","مرکزی","Markazi","","","مغویه","Moghuyeh","خورملو","Khur Molu","Khur Molu","Hassan Mohebbi Bahmani, field notes 2015","119","","","","unknown 100%","Ali Rashidi, pers. comm. 2015",26.529831021088384,54.767480563897706,""
"","10dadf5e430773dcd2de2119a2aecc04","26-483c3f293c0eea7b2720641e99fd27ec","1220423","هرمزگان","Hormozgān","بندرلنگه","Bandar Lengeh","مرکزی","Markazi","","","مغویه","Moghuyeh","فرودگاه بندرلنگه","Fordugāh-e Bandar Lengeh","Fordugāh-e Bandar Lenga","Hassan Mohebbi Bahmani, field notes 2015","90","","","","unknown 100%","Ali Rashidi, pers. comm. 2015",26.529120684728117,54.82739038444733,""
"","10dadf5e430773dcd2de2119a2af2060","26-4c8c11264a1b68d3f665afe288419757","1220424","هرمزگان","Hormozgān","بندرلنگه","Bandar Lengeh","مرکزی","Markazi","","","مغویه","Moghuyeh","بندرگشه","Bandar Gosheh","Bandar Gosha","Hassan Mohebbi Bahmani, field notes 2015","541","","","","unknown 100%","Ali Rashidi, pers. comm. 2015",26.53178442341092,54.85633678413113,""
"","10dadf5e430773dcd2de2119a2af72de","28-077c2e458d0d7d8872f75c471a6eb9a4","1220425","هرمزگان","Hormozgān","بندرلنگه","Bandar Lengeh","مرکزی","Markazi","","","مغویه","Moghuyeh","هتل ساحلی صدف","Hotel Sāheli Sadaf","Hotel Sāheli Sadaf","Hassan Mohebbi Bahmani, field notes 2015","","(less than 3 households; population not specified in 2011 Census for reasons of privacy)","","","unknown 100%","Ali Rashidi, pers. comm. 2015",26.522050678502342,54.83397788978601,""
"","10dadf5e430773dcd2de2119a2afc672","25-f5a8bfb14ccf17f404a1b23eea712c64","1220426","هرمزگان","Hormozgān","بندرلنگه","Bandar Lengeh","مرکزی","Markazi","","","مغویه","Moghuyeh","دیوان","Divān","Divān","Hassan Mohebbi Bahmani, field notes 2015","2238","","","","Buchiri 100%","Ali Rashidi, pers. comm. 2015",26.580517519555144,54.585197639271485,""
"","10dadf5e430773dcd2de2119a2b0332c","27-d628abc43a8c3be59e5d457ac13d2c97","1220427","هرمزگان","Hormozgān","بندرلنگه","Bandar Lengeh","مرکزی","Markazi","","","مغویه","Moghuyeh","کافرغان","Kāferghān","Kāferghon","Hassan Mohebbi Bahmani, field notes 2015","42","","","","unknown 100%","Ali Rashidi, pers. comm. 2015",26.586024840861157,54.568020772741875,""
"","10dadf5e430773dcd2de2119a2b0a197","31-53e4dae95440ed5a8a5c2b3b84c27698","1220428","هرمزگان","Hormozgān","بندرلنگه","Bandar Lengeh","مرکزی","Markazi","","","مغویه","Moghuyeh","کندران","Kondorān","Kanderon","Hassan Mohebbi Bahmani, field notes 2015","428","","","","Gulf Arabic 60%; Buchiri 40%","Ali Rashidi, pers. comm. 2015; Mortaza Taheri, field notes 2017",26.75506823398766,54.45652670842794,""
"","10dadf5e430773dcd2de2119a2b0eaa4","26-c78e17599a979e26391dd395caf1ca32","1220429","هرمزگان","Hormozgān","بندرلنگه","Bandar Lengeh","مرکزی","Markazi","","","مغویه","Moghuyeh","مغویه","Moghuyeh","Moghuyeh","Hassan Mohebbi Bahmani, field notes 2015","964","","","","Gulf Arabic 100%","Ali Rashidi, pers. comm. 2015",26.604869372113043,54.50849854938654,""
"","10dadf5e430773dcd2de2119a2b14586","27-db90fca096adfe6d50ab80b037e8da75","1220430","هرمزگان","Hormozgān","بندرلنگه","Bandar Lengeh","مرکزی","Markazi","","","مغویه","Moghuyeh","هیروند","Hirvand","Hirvand","Hassan Mohebbi Bahmani, field notes 2015","132","","","","unknown 100%","Ali Rashidi, pers. comm. 2015",26.601221370613988,54.6458048341654,""
"","10dadf5e430773dcd2de2119a2b19c63","25-95547c0bd2b08980856749f0b622e014","1220431","هرمزگان","Hormozgān","بندرلنگه","Bandar Lengeh","مرکزی","Markazi","","","مغویه","Moghuyeh","نخل یوسف","Nakhl Yusef","Nakhl Yusef","Hassan Mohebbi Bahmani, field notes 2015","102","","","","Buchiri 100%","Ali Rashidi, pers. comm. 2015",26.67264869231965,54.446548890891364,""
"","10dadf5e430773dcd2de2119a2b1ef83","25-ccacba651843bb0f66edb11c60f949aa","1220432","هرمزگان","Hormozgān","بندرلنگه","Bandar Lengeh","مرکزی","Markazi","","","مغویه","Moghuyeh","چاه مسلم","Chāh Moslem","Chāh Moslem","Hassan Mohebbi Bahmani, field notes 2015","2306","","","","Buchiri 100%","Ali Rashidi, pers. comm. 2015",26.741616840846923,54.55662674884758,""
"","10dadf5e430773dcd2de2119a2b237c7","25-904c02371a4a6acf377aac82243d7732","1220433","هرمزگان","Hormozgān","بندرلنگه","Bandar Lengeh","مرکزی","Markazi","","","مغویه","Moghuyeh","سورو","Suru","Suru","Hassan Mohebbi Bahmani, field notes 2015","316","","","","Buchiri 100%","Ali Rashidi, pers. comm. 2015",26.77082656603133,54.517273378187305,""
"","10dadf5e430773dcd2de2119a2b285b8","25-9e8cc0fea87a7c0c5d0f244d4bca909f","1220434","هرمزگان","Hormozgān","بندرلنگه","Bandar Lengeh","مرکزی","Markazi","","","مغویه","Moghuyeh","ارمک","Armak","Armak","Hassan Mohebbi Bahmani, field notes 2015","826","","","","Buchiri 100%","Ali Rashidi, pers. comm. 2015",26.832124344876767,54.44981045705208,""
"","10dadf5e430773dcd2de2119a2b2ea02","25-1eb0cd8a08fb44c76361b60db160ba2c","1220435","هرمزگان","Hormozgān","بندرلنگه","Bandar Lengeh","مرکزی","Markazi","","","مغویه","Moghuyeh","چاه درویش","Chāh Darvish","Chāh Darvish","Hassan Mohebbi Bahmani, field notes 2015","183","","","","Southern Balochi 100%","Ali Rashidi, pers. comm. 2015",26.803974190555405,54.3971962450236,""
"","10dadf5e430773dcd2de2119a2b33ffb","26-c5412774863a03c0cc01f5c074223aee","1220436","هرمزگان","Hormozgān","بندرلنگه","Bandar Lengeh","مرکزی","Markazi","","","مغویه","Moghuyeh","حسینه","Hoseyneh","Hoseyna","Hassan Mohebbi Bahmani, field notes 2015","1600","","","","Gulf Arabic 80%; Buchiri 20%","Ali Rashidi, pers. comm. 2015",26.654642631323444,54.36539597494624,""
"","10dadf5e430773dcd2de2119a2b38ca5","25-1d59406f56f5d7e79042365e47556a60","1220437","هرمزگان","Hormozgān","بندرلنگه","Bandar Lengeh","مرکزی","Markazi","","","مغویه","Moghuyeh","گلنگو","Galangu","Galangu","Hassan Mohebbi Bahmani, field notes 2015","32","","","","Southern Balochi 100%","Ali Rashidi, pers. comm. 2015",26.80441468898249,54.49769325237854,""
"","10dadf5e430773dcd2de2119a2b3d45d","26-d9b7e3ae5c6c218d9073d91dfffb01e7","1220438","هرمزگان","Hormozgān","بندرلنگه","Bandar Lengeh","مرکزی","Markazi","","","مغویه","Moghuyeh","لاوران","Lāverān","Lāverān","Hassan Mohebbi Bahmani, field notes 2015","122","","","","Gulf Arabic 90%; Southern Balochi 10%","Ali Rashidi, pers. comm. 2015",26.775170499923185,54.393591356104864,""
"","10dadf5e430773dcd2de2119a2b41df1","26-48708f79d2458b3e2a949e1bf3e42a0a","1220439","هرمزگان","Hormozgān","بندرلنگه","Bandar Lengeh","مرکزی","Markazi","","","مغویه","Moghuyeh","شربتی","Sharbati","Sharbati","Hassan Mohebbi Bahmani, field notes 2015","","(less than 3 households; population not specified in 2011 Census for reasons of privacy)","","","Southern Balochi 100%","Ali Rashidi, pers. comm. 2015",26.813324838680565,54.51900072078769,""
"","10dadf5e430773dcd2de2119a2b480a2","25-c65e8d956c34d863ae3d23f36bcc9bcc","1220440","هرمزگان","Hormozgān","بندرلنگه","Bandar Lengeh","مرکزی","Markazi","کنگ","Kong","","","","","Kong","Hassan Mohebbi Bahmani, field notes 2015","16496","","","","Khamiri 99%; Koroshi 1%","Ali Rashidi, pers. comm. 2015; Maryam Nourzaei, field notes 2011",26.597405910108627,54.93760907636431,""
"","10dadf5e430773dcd2de2119a2b4cb52","29-518a3ae026e7077a7f6830dc249c826a","1220441","هرمزگان","Hormozgān","بندرلنگه","Bandar Lengeh","مرکزی","Markazi","بندرلنگه","Bandar Lengeh","","","","","Lenga","Hassan Mohebbi Bahmani, field notes 2015","30478","","","","Evazi 10.5%; Tehrāni type Persian 10%; Lāmerdi 10%; Minowi 10%; Kerman Rudbāri 10%; Farāmarzi 10%; Buchiri 10%; Gulf Arabic 10%; Khuzestāni Arabic 10%; Lāri 9%; Koroshi 0.5%","Ali Rashidi, pers. comm. 2015; Maryam Nourzaei, field notes 2011",26.55734,54.88298,""
"","10dadf5e430773dcd2de2119a2b526ae","21-426598c5bac536200143e8f452284866","1220442","هرمزگان","Hormozgān","بندرلنگه","Bandar Lengeh","مهران","Mehrān","","","","","","","","","18662","","","","","","","",""
"","10dadf5e430773dcd2de2119a2b5714d","21-968c1396b6beb497ab7d9325d7a414f4","1220443","هرمزگان","Hormozgān","بندرلنگه","Bandar Lengeh","مهران","Mehrān","","","مهران","Mehrān","","","","","9358","","","","","","","",""
"","10dadf5e430773dcd2de2119a2b5a71a","27-8e243a04f9f6b3219e5f334f8f804287","1220444","هرمزگان","Hormozgān","بندرلنگه","Bandar Lengeh","مهران","Mehrān","","","مهران","Mehrān","پس بست","Pas Bast","Pas Bast","Hassan Mohebbi Bahmani, field notes 2015","218","","","","unknown 100%","Ali Rashidi, pers. comm. 2015",26.886934824994494,54.97336692784598,""
"","10dadf5e430773dcd2de2119a2b5fdfd","26-827cea5def4098b2eeb69de818502eb4","1220445","هرمزگان","Hormozgān","بندرلنگه","Bandar Lengeh","مهران","Mehrān","","","مهران","Mehrān","چاه خودرو","Chāh Khordu","Chāh Khordu","Hassan Mohebbi Bahmani, field notes 2015","143","","","","unknown 100%","Ali Rashidi, pers. comm. 2015",26.92624723359646,55.15318758459848,""
"","10dadf5e430773dcd2de2119a2b660ce","27-f2951c2169d573de3bd8608bdd0bfed2","1220446","هرمزگان","Hormozgān","بندرلنگه","Bandar Lengeh","مهران","Mehrān","","","مهران","Mehrān","دم هرا","Dom Harā","Dom Harā","Hassan Mohebbi Bahmani, field notes 2015","191","","","","unknown 100%","Ali Rashidi, pers. comm. 2015",26.95030246568108,55.017725300529065,""
"","10dadf5e430773dcd2de2119a2b697cb","26-091ffcb36e502189ef29908272b6489b","1220447","هرمزگان","Hormozgān","بندرلنگه","Bandar Lengeh","مهران","Mehrān","","","مهران","Mehrān","گرسور","Gar Sur","Gar Sur","Hassan Mohebbi Bahmani, field notes 2015","104","","","","unknown 100%","Ali Rashidi, pers. comm. 2015",26.922459142969185,55.06198174926767,""
"","10dadf5e430773dcd2de2119a2b6ddeb","27-03b46496307d1db75ca05670e20d08ff","1220448","هرمزگان","Hormozgān","بندرلنگه","Bandar Lengeh","مهران","Mehrān","","","مهران","Mehrān","لاورکرچی","Lāvar Karachi","Lāvar Karachi","Hassan Mohebbi Bahmani, field notes 2015","70","","","","unknown 100%","Ali Rashidi, pers. comm. 2015",27.036667644191656,55.01328892681876,""
"","10dadf5e430773dcd2de2119a2b70e8c","26-1afbf5a271b2ce4f62fd2f5df6000750","1220449","هرمزگان","Hormozgān","بندرلنگه","Bandar Lengeh","مهران","Mehrān","","","مهران","Mehrān","ناهنگ","Nāhang","Nāhang","Hassan Mohebbi Bahmani, field notes 2015","275","","","","unknown 100%","Ali Rashidi, pers. comm. 2015",26.98920081497455,55.041178536152,""
"","10dadf5e430773dcd2de2119a2b75b2c","26-f744274b6959c26c1587e100bc37dd59","1220450","هرمزگان","Hormozgān","بندرلنگه","Bandar Lengeh","مهران","Mehrān","","","مهران","Mehrān","هرا","Harā","Harā","Hassan Mohebbi Bahmani, field notes 2015","462","","","","unknown 100%","Ali Rashidi, pers. comm. 2015",26.906645360974224,54.94468874906299,""
"","10dadf5e430773dcd2de2119a2b7b5a2","27-1078e24f0910f0afd2ec12e87f2b6298","1220451","هرمزگان","Hormozgān","بندرلنگه","Bandar Lengeh","مهران","Mehrān","","","مهران","Mehrān","پس بند","Pas Band","Pas Band","Hassan Mohebbi Bahmani, field notes 2015","92","","","","unknown 100%","Ali Rashidi, pers. comm. 2015",27.03765672141792,55.04884965393304,""
"","10dadf5e430773dcd2de2119a2b80be6","25-e610b732e353b7c50f7a59a8ae9368c2","1220452","هرمزگان","Hormozgān","بندرلنگه","Bandar Lengeh","مهران","Mehrān","","","مهران","Mehrān","هیرو","Hiru","Hiru","Hassan Mohebbi Bahmani, field notes 2015","324","","","","Buchiri 100%","Ali Rashidi, pers. comm. 2015",27.048698436306662,55.07879919978832,""
"","10dadf5e430773dcd2de2119a2b851fc","25-8fca34e33cc6da315814b981f7a00466","1220453","هرمزگان","Hormozgān","بندرلنگه","Bandar Lengeh","مهران","Mehrān","","","مهران","Mehrān","پدل","Padal","Padal","Hassan Mohebbi Bahmani, field notes 2015","1271","","","","Buchiri 100%","Ali Rashidi, pers. comm. 2015",27.006589803381623,54.965416860327764,""
"","10dadf5e430773dcd2de2119a2b8976b","25-658c35312d158f051f32edb37115b717","1220454","هرمزگان","Hormozgān","بندرلنگه","Bandar Lengeh","مهران","Mehrān","","","مهران","Mehrān","کوردان","Kurdān","Kurdon","Hassan Mohebbi Bahmani, field notes 2015","302","","","","Buchiri 100%","Ali Rashidi, pers. comm. 2015",27.01704675644801,54.94344420407979,""
"","10dadf5e430773dcd2de2119a2b8e8f8","26-ad7c03f2f86dec7d6b17a1d2592dc5be","1220455","هرمزگان","Hormozgān","بندرلنگه","Bandar Lengeh","مهران","Mehrān","","","مهران","Mehrān","هم هنگ","Ham Hang","Ham Hang","Hassan Mohebbi Bahmani, field notes 2015","121","","","","unknown 100%","Ali Rashidi, pers. comm. 2015",27.039496286323217,54.96607668374572,""
"","10dadf5e430773dcd2de2119a2b9458d","26-9e3194b2b2da23819e225b1745abd295","1220456","هرمزگان","Hormozgān","بندرلنگه","Bandar Lengeh","مهران","Mehrān","","","مهران","Mehrān","اسلام آباد","Eslām Ābād","Eslām Ābād","Hassan Mohebbi Bahmani, field notes 2015","233","","","","unknown 100%","Ali Rashidi, pers. comm. 2015",27.04821111395208,54.72558445908385,""
"","10dadf5e430773dcd2de2119a2b985eb","26-7dea381d2a08465dec1f49591eeb1ba8","1220457","هرمزگان","Hormozgān","بندرلنگه","Bandar Lengeh","مهران","Mehrān","","","مهران","Mehrān","کمرضوان","Kam Rezvān","Kam Rezvon","Hassan Mohebbi Bahmani, field notes 2015","148","","","","unknown 100%","Ali Rashidi, pers. comm. 2015",27.05835844851296,54.81048710323133,""
"","10dadf5e430773dcd2de2119a2b9d552","25-9cbaeea359027819d869b19e9316f620","1220458","هرمزگان","Hormozgān","بندرلنگه","Bandar Lengeh","مهران","Mehrān","","","مهران","Mehrān","کوه بدو","Kuh Badu","Kuh Badu","Hassan Mohebbi Bahmani, field notes 2015","254","","","","Buchiri 100%","Ali Rashidi, pers. comm. 2015",27.095753288879905,54.78236717797212,""
"","10dadf5e430773dcd2de2119a2ba1d58","26-57ffe41950b931c9d522f48f11c41b78","1220459","هرمزگان","Hormozgān","بندرلنگه","Bandar Lengeh","مهران","Mehrān","","","مهران","Mehrān","نورآباد","Nur Ābād","Nur Ābād","Hassan Mohebbi Bahmani, field notes 2015","105","","","","unknown 100%","Ali Rashidi, pers. comm. 2015",27.048125115669688,54.76637549377635,""
"","10dadf5e430773dcd2de2119a2ba5aea","25-e4006a8071a2e3e2500b8731a65e8396","1220460","هرمزگان","Hormozgān","بندرلنگه","Bandar Lengeh","مهران","Mehrān","","","مهران","Mehrān","کونه","Kuneh","Kuna","Hassan Mohebbi Bahmani, field notes 2015","431","","","","Buchiri 100%","Ali Rashidi, pers. comm. 2015",27.026222074583952,54.921900701275284,""
"","10dadf5e430773dcd2de2119a2bab4a2","25-a37d28d09340e6f033bdb4f5366bf517","1220461","هرمزگان","Hormozgān","بندرلنگه","Bandar Lengeh","مهران","Mehrān","","","مهران","Mehrān","لمزان","Lamzān","Lamzān","Hassan Mohebbi Bahmani, field notes 2015","2721","","","","Buchiri 100%","Ali Rashidi, pers. comm. 2015",27.04623313678292,54.88902754759463,""
"","10dadf5e430773dcd2de2119a2bb104c","25-5756d6246b8294d9a4e8db11043c4ce8","1220462","هرمزگان","Hormozgān","بندرلنگه","Bandar Lengeh","مهران","Mehrān","","","مهران","Mehrān","انجیره","Anjireh","Anjira","Hassan Mohebbi Bahmani, field notes 2015","947","","","","Buchiri 100%","Ali Rashidi, pers. comm. 2015",26.998655634229802,54.805042218930474,""
"","10dadf5e430773dcd2de2119a2bb6522","26-f37063e9d6db900e626a3e20de22d8ad","1220463","هرمزگان","Hormozgān","بندرلنگه","Bandar Lengeh","مهران","Mehrān","","","مهران","Mehrān","بن کوه","Bon Kuh","Bon Kuh","Hassan Mohebbi Bahmani, field notes 2015","285","","","","unknown 100%","Ali Rashidi, pers. comm. 2015",26.965842380718193,54.74732108093828,""
"","10dadf5e430773dcd2de2119a2bbb901","25-843c9547ed7c3c6a5cc867dad11b2bea","1220464","هرمزگان","Hormozgān","بندرلنگه","Bandar Lengeh","مهران","Mehrān","","","مهران","Mehrān","خورچاه","Khur Chāh","Khur Chāh","Hassan Mohebbi Bahmani, field notes 2015","425","","","","Buchiri 100%","Ali Rashidi, pers. comm. 2015",27.015364533509818,54.84703488326165,""
"","10dadf5e430773dcd2de2119a2bc0e7c","27-1d831bfdde31d8c68e358fd269fb801f","1220465","هرمزگان","Hormozgān","بندرلنگه","Bandar Lengeh","مهران","Mehrān","","","مهران","Mehrān","حارسین","Hārasin","Hārasin","Hassan Mohebbi Bahmani, field notes 2015","197","","","","unknown 100%","Ali Rashidi, pers. comm. 2015",26.95660475730748,54.71781678177831,""
"","10dadf5e430773dcd2de2119a2bc4444","28-6be6321a7f70defe3d3e58863829ceac","1220466","هرمزگان","Hormozgān","بندرلنگه","Bandar Lengeh","مهران","Mehrān","","","مهران","Mehrān","دم طلا","Dom Talā","Dom Talā","Hassan Mohebbi Bahmani, field notes 2015","","(less than 3 households; population not specified in 2011 Census for reasons of privacy)","","","unknown 100%","Ali Rashidi, pers. comm. 2015",27.01552702205203,54.908961724988785,""
"","10dadf5e430773dcd2de2119a2bc9def","29-a4a8e4aaa568fccfb997e79e7b7dd254","1220467","هرمزگان","Hormozgān","بندرلنگه","Bandar Lengeh","مهران","Mehrān","","","مهران","Mehrān","هسته کوه","Hasteh Kuh","Hasta Kuh","Hassan Mohebbi Bahmani, field notes 2015","","(less than 3 households; population not specified in 2011 Census for reasons of privacy)","","","unknown 100%","Ali Rashidi, pers. comm. 2015",26.898598902292736,54.92404646848639,""
"","10dadf5e430773dcd2de2119a2bceda4","27-7bb1c8f2e9c3b5c3ad8b8d7861fb6110","1220468","هرمزگان","Hormozgān","بندرلنگه","Bandar Lengeh","مهران","Mehrān","","","مهران","Mehrān","بشتین","Bashtin","Bashtin","Hassan Mohebbi Bahmani, field notes 2015","17","","","","unknown 100%","Ali Rashidi, pers. comm. 2015",26.901093748518164,54.91171367143785,""
"","10dadf5e430773dcd2de2119a2bd3e40","21-497abe1d62b0f6b95a55aad484f67fd3","1220469","هرمزگان","Hormozgān","بندرلنگه","Bandar Lengeh","مهران","Mehrān","","","دژگان","Dezhgān","","","","","9304","","","","","","","",""
"","10dadf5e430773dcd2de2119a2bd82ed","25-9da6310595188493dd092ccf4824f950","1220470","هرمزگان","Hormozgān","بندرلنگه","Bandar Lengeh","مهران","Mehrān","","","دژگان","Dezhgān","چاه احمد","Chāh Ahmad","Chāh Ahmad","Hassan Mohebbi Bahmani, field notes 2015","38","","","","Buchiri 100%","Ali Rashidi, pers. comm. 2015",26.946910711111546,55.49323992662542,""
"","10dadf5e430773dcd2de2119a2bdd658","25-d3f303a17b1f7d6e3e797fdebec3c83d","1220471","هرمزگان","Hormozgān","بندرلنگه","Bandar Lengeh","مهران","Mehrān","","","دژگان","Dezhgān","چاه دراز","Chāh Derāz","Chāh Derāz","Hassan Mohebbi Bahmani, field notes 2015","210","","","","Khamiri 100%","Ali Rashidi, pers. comm. 2015",26.94907188304842,55.4470201008866,""
"","10dadf5e430773dcd2de2119a2be3066","25-7504baaf364bd9160d214d9cd749c5ef","1220472","هرمزگان","Hormozgān","بندرلنگه","Bandar Lengeh","مهران","Mehrān","","","دژگان","Dezhgān","کنخ","Kanekh","Kanekh","Hassan Mohebbi Bahmani, field notes 2015","1868","","","","Khamiri 100%","Ali Rashidi, pers. comm. 2015",26.902841876954707,55.38809733325662,""
"","10dadf5e430773dcd2de2119a2be7e14","25-aa092a4a1a7eab45e46f81ba533f4c4b","1220473","هرمزگان","Hormozgān","بندرلنگه","Bandar Lengeh","مهران","Mehrān","","","دژگان","Dezhgān","گنایی","Ganāi","Ganāi","Hassan Mohebbi Bahmani, field notes 2015","546","","","","Khamiri 100%","Ali Rashidi, pers. comm. 2015",26.894993796455285,55.35062150890572,""
"","10dadf5e430773dcd2de2119a2bed392","25-c7f2651efc91e0d3e02827289f8158fb","1220474","هرمزگان","Hormozgān","بندرلنگه","Bandar Lengeh","مهران","Mehrān","","","دژگان","Dezhgān","گاومیری","Gāv Miri","Gā Miri","Hassan Mohebbi Bahmani, field notes 2015","739","","","","Khamiri 100%","Ali Rashidi, pers. comm. 2015",26.895053957502718,55.331427621196795,""
"","10dadf5e430773dcd2de2119a2bf1bf0","26-e0e01e1a1d115eb32587dd6abda475c2","1220475","هرمزگان","Hormozgān","بندرلنگه","Bandar Lengeh","مهران","Mehrān","","","دژگان","Dezhgān","کوشک","Kushk","Kushk","Hassan Mohebbi Bahmani, field notes 2015","219","","","","Khamiri 100%","Ali Rashidi, pers. comm. 2015",26.895271368591782,55.44052915507243,""
"","10dadf5e430773dcd2de2119a2bf4c0f","25-13580f9aa15bad7845adc04d9f5ab815","1220476","هرمزگان","Hormozgān","بندرلنگه","Bandar Lengeh","مهران","Mehrān","","","دژگان","Dezhgān","سنگ سیاه","Sang Siāh","Sang Siāh","Hassan Mohebbi Bahmani, field notes 2015","114","","","","Khamiri 100%","Ali Rashidi, pers. comm. 2015",26.89942085749327,55.31231419976056,""
"","10dadf5e430773dcd2de2119a2bf89ff","27-3c98dcb6e7f1a839a995323143269610","1220477","هرمزگان","Hormozgān","بندرلنگه","Bandar Lengeh","مهران","Mehrān","","","دژگان","Dezhgān","حسن آباد","Hasan Ābād","Hasan Ābād","Hassan Mohebbi Bahmani, field notes 2015","20","","","","Khamiri 100%","Ali Rashidi, pers. comm. 2015",26.921143420172335,55.43087320261936,""
"","10dadf5e430773dcd2de2119a2bfd434","25-1b34ff352720cb55ba788f84e6c92cc9","1220478","هرمزگان","Hormozgān","بندرلنگه","Bandar Lengeh","مهران","Mehrān","","","دژگان","Dezhgān","سایه خوش","Sāyeh Khosh","Sāya Khosh","Hassan Mohebbi Bahmani, field notes 2015","1343","","","","Khamiri 100%","Ali Rashidi, pers. comm. 2015",26.836081604271047,55.36673085624661,""
"","10dadf5e430773dcd2de2119a2c0240e","25-4b0a230f5481b10ea3692a7f663291bc","1220479","هرمزگان","Hormozgān","بندرلنگه","Bandar Lengeh","مهران","Mehrān","","","دژگان","Dezhgān","کلاتو","Kalātu","Kalātu","Hassan Mohebbi Bahmani, field notes 2015","66","","","","Khamiri 100%","Ali Rashidi, pers. comm. 2015",26.885985627487063,55.243735479677504,""
"","10dadf5e430773dcd2de2119a2c07072","25-ffc3a94e954665417447053250f46f42","1220480","هرمزگان","Hormozgān","بندرلنگه","Bandar Lengeh","مهران","Mehrān","","","دژگان","Dezhgān","حنادان","Hanādān","Hanādon","Hassan Mohebbi Bahmani, field notes 2015","98","","","","Khamiri 100%","Ali Rashidi, pers. comm. 2015",26.920351495191085,55.19004570183349,""
"","10dadf5e430773dcd2de2119a2c0d0a9","25-9f4c5e0ce6e81755afa890fed0fb3993","1220481","هرمزگان","Hormozgān","بندرلنگه","Bandar Lengeh","مهران","Mehrān","","","دژگان","Dezhgān","نرمستان","Narmestān","Narmeston","Hassan Mohebbi Bahmani, field notes 2015","88","","","","Khamiri 100%","Ali Rashidi, pers. comm. 2015",26.89842910708077,55.19978480276607,""
"","10dadf5e430773dcd2de2119a2c11685","25-4bce72004c37c564cafa26060ba19b89","1220482","هرمزگان","Hormozgān","بندرلنگه","Bandar Lengeh","مهران","Mehrān","","","دژگان","Dezhgān","دژگان","Dezhgān","Dezhgān","Hassan Mohebbi Bahmani, field notes 2015","2067","","","","Khamiri 100%","Ali Rashidi, pers. comm. 2015",26.896930402695784,55.2786202901184,""
"","10dadf5e430773dcd2de2119a2c16242","25-3d24cbe9bd86016da046ca1cff4507bd","1220483","هرمزگان","Hormozgān","بندرلنگه","Bandar Lengeh","مهران","Mehrān","","","دژگان","Dezhgān","کنارتنکو، قنات تنگو","Kenār Tangu, Qanāt Tangu","Kenār Tangu","Hassan Mohebbi Bahmani, field notes 2015","41","","","","Khamiri 100%","Ali Rashidi, pers. comm. 2015",26.93072539702815,55.23916783317484,""
"","10dadf5e430773dcd2de2119a2c1ae4e","25-20eadefa13e0f97dd2e16e27bbbd1208","1220484","هرمزگان","Hormozgān","بندرلنگه","Bandar Lengeh","مهران","Mehrān","","","دژگان","Dezhgān","چنگ","Cheng","Cheng","Hassan Mohebbi Bahmani, field notes 2015","175","","","","Khamiri 100%","Ali Rashidi, pers. comm. 2015",27.043896051598757,55.206114816040284,""
"","10dadf5e430773dcd2de2119a2c20053","25-41e8806ede072fddb93308dae20241b9","1220485","هرمزگان","Hormozgān","بندرلنگه","Bandar Lengeh","مهران","Mehrān","","","دژگان","Dezhgān","دو آب","Do Āb","Do Āb","Hassan Mohebbi Bahmani, field notes 2015","261","","","","Khamiri 100%","Ali Rashidi, pers. comm. 2015",26.935117879435428,55.18561201033271,""
"","10dadf5e430773dcd2de2119a2c241aa","25-eb03256cefd47abf905aa2ff263933ab","1220486","هرمزگان","Hormozgān","بندرلنگه","Bandar Lengeh","مهران","Mehrān","","","دژگان","Dezhgān","سیاتک","Siātak","Siātak","Hassan Mohebbi Bahmani, field notes 2015","121","","","","Khamiri 100%","Ali Rashidi, pers. comm. 2015",27.02927483493596,55.18442110953129,""
"","10dadf5e430773dcd2de2119a2c2781f","25-ba8d580a8bfcd5017229e5c4eead6fa1","1220487","هرمزگان","Hormozgān","بندرلنگه","Bandar Lengeh","مهران","Mehrān","","","دژگان","Dezhgān","تنب سیک","Tonb Sik","Tonb Sik","Hassan Mohebbi Bahmani, field notes 2015","257","","","","Khamiri 100%","Ali Rashidi, pers. comm. 2015",26.963960025797377,55.26496248181757,""
"","10dadf5e430773dcd2de2119a2c2bce8","25-57e11da99e805313b9dfbdc3c86928ff","1220488","هرمزگان","Hormozgān","بندرلنگه","Bandar Lengeh","مهران","Mehrān","","","دژگان","Dezhgān","پیشه گون","Pisheh Gun","Pisha Gun","Hassan Mohebbi Bahmani, field notes 2015","273","","","","Khamiri 100%","Ali Rashidi, pers. comm. 2015",26.959711634243167,55.210535096495164,""
"","10dadf5e430773dcd2de2119a2c2f8a6","25-9c97b1af011355f3b2a5761e141bec1b","1220489","هرمزگان","Hormozgān","بندرلنگه","Bandar Lengeh","مهران","Mehrān","","","دژگان","Dezhgān","گواه کوه","Govāh Kuh","Gowāh Kuh","Hassan Mohebbi Bahmani, field notes 2015","141","","","","Khamiri 100%","Ali Rashidi, pers. comm. 2015",26.994663705693384,55.23883776601824,""
"","10dadf5e430773dcd2de2119a2c347f2","25-ec4b91adab37ef51d718e9cae0ab50d2","1220490","هرمزگان","Hormozgān","بندرلنگه","Bandar Lengeh","مهران","Mehrān","","","دژگان","Dezhgān","چاه دیگی","Chāh Digi","Chāh Digi","Hassan Mohebbi Bahmani, field notes 2015","61","","","","Khamiri 100%","Ali Rashidi, pers. comm. 2015",26.97773603222415,55.19541816648848,""
"","10dadf5e430773dcd2de2119a2c39e1a","25-c65c173978ab5701b5aff5b1c46c7414","1220491","هرمزگان","Hormozgān","بندرلنگه","Bandar Lengeh","مهران","Mehrān","","","دژگان","Dezhgān","خومکو","Khomku","Khomku","Hassan Mohebbi Bahmani, field notes 2015","126","","","","Khamiri 100%","Ali Rashidi, pers. comm. 2015",26.970637070274638,55.183509158466144,""
"","10dadf5e430773dcd2de2119a2c3e6a3","25-db51b4e3b97860c446ddbc513a0e63f4","1220492","هرمزگان","Hormozgān","بندرلنگه","Bandar Lengeh","مهران","Mehrān","","","دژگان","Dezhgān","تنب جکی","Tonb Jaki","Tonb Jaki","Hassan Mohebbi Bahmani, field notes 2015","83","","","","Khamiri 100%","Ali Rashidi, pers. comm. 2015",26.93748460061927,55.21312074598339,""
"","10dadf5e430773dcd2de2119a2c42f73","25-fa88587e45d9fdea9433056e091473ad","1220493","هرمزگان","Hormozgān","بندرلنگه","Bandar Lengeh","مهران","Mehrān","","","دژگان","Dezhgān","تنب بنگرو","Tonb Bangeru","Tonb Bangeru","Hassan Mohebbi Bahmani, field notes 2015","349","","","","Khamiri 100%","Ali Rashidi, pers. comm. 2015",26.920841763142008,55.170280503605206,""
"","10dadf5e430773dcd2de2119a2c482e4","21-2f2bf66955e37cafbdc67a06675cc837","1220494","هرمزگان","Hormozgān","قشم","Qeshm","","","","","","","","","","","117774","","","","","","","",""
"","10dadf5e430773dcd2de2119a2c4cb23","21-0918d3b9b57767a5a105c55da1498b84","1220495","هرمزگان","Hormozgān","قشم","Qeshm","شهاب","Shahāb","","","","","","","","","33538","","","","","","","",""
"","10dadf5e430773dcd2de2119a2c51849","21-e05a16bf66c945414a2bec798d134741","1220496","هرمزگان","Hormozgān","قشم","Qeshm","شهاب","Shahāb","","","دولاب","Dulāb","","","","","9792","","","","","","","",""
"","10dadf5e430773dcd2de2119a2c55911","25-48cd3ad614d805c6f99349c6bc87ea13","1220497","هرمزگان","Hormozgān","قشم","Qeshm","شهاب","Shahāb","","","دولاب","Dulāb","باسعیدو","Bāsa'idu","Bāseydu, Bāgh Sa'idu","Hassan Mohebbi Bahmani, field notes 2015","1989","","","","Keshmi 100%","Anonby 2015",26.650920049061032,55.28625869733119,""
"","10dadf5e430773dcd2de2119a2c59da3","25-d3e9d1496a1298b88a9e64c0495e809c","1220498","هرمزگان","Hormozgān","قشم","Qeshm","شهاب","Shahāb","","","دولاب","Dulāb","درکوه","Dar Kuh","Dar Kuh","Hassan Mohebbi Bahmani, field notes 2015","613","","","","Keshmi 100%","Anonby 2015",26.641838941813052,55.39225959758336,""
"","10dadf5e430773dcd2de2119a2c5ef88","25-b3398a861ab1485d069bb7989b456e9c","1220499","هرمزگان","Hormozgān","قشم","Qeshm","شهاب","Shahāb","","","دولاب","Dulāb","دوستکو","Dust Kuh","Dust Kuh","Hassan Mohebbi Bahmani, field notes 2015","567","","","","Keshmi 100%","Anonby 2015",26.573208667624993,55.33561134319805,""
"","10dadf5e430773dcd2de2119a2c63271","25-e06520bc168a22c8e113abee94a7bb52","1220500","هرمزگان","Hormozgān","قشم","Qeshm","شهاب","Shahāb","","","دولاب","Dulāb","کانی","Kāni","Kāni","Hassan Mohebbi Bahmani, field notes 2015","332","","","","Keshmi 100%","Anonby 2015",26.58864675351837,55.41122817973418,""
"","10dadf5e430773dcd2de2119a2c68426","25-e8ec0e7e9c228e54b0277dba9e0ce0db","1220501","هرمزگان","Hormozgān","قشم","Qeshm","شهاب","Shahāb","","","دولاب","Dulāb","کنارسیاه","Konar Siāh","Konar Siāh","Hassan Mohebbi Bahmani, field notes 2015","324","","","","Keshmi 100%","Anonby 2015",26.664003436572475,55.430175304212284,""
"","10dadf5e430773dcd2de2119a2c6bb67","25-31746210e463cc67927bdb4ad7a2bfbc","1220502","هرمزگان","Hormozgān","قشم","Qeshm","شهاب","Shahāb","","","دولاب","Dulāb","گوری","Guri","Guri","Hassan Mohebbi Bahmani, field notes 2015","764","","","","Keshmi 100%","Anonby 2015",26.631390459989067,55.36219739894723,""
"","10dadf5e430773dcd2de2119a2c70194","25-f16da166ffa93efbedbe59246a50832a","1220503","هرمزگان","Hormozgān","قشم","Qeshm","شهاب","Shahāb","","","دولاب","Dulāb","مرادی","Morādi","Morādi","Hassan Mohebbi Bahmani, field notes 2015","328","","","","Keshmi 100%","Anonby 2015",26.63394632653212,55.35378599147826,""
"","10dadf5e430773dcd2de2119a2c747c6","25-7f7b6a8d0511d843fe71be0490bfa6d3","1220504","هرمزگان","Hormozgān","قشم","Qeshm","شهاب","Shahāb","","","دولاب","Dulāb","تم گس","Tom Gas","Tom Gas","Hassan Mohebbi Bahmani, field notes 2015","178","","","","Keshmi 100%","Anonby 2015",26.67753110759482,55.44995927790284,""
"","10dadf5e430773dcd2de2119a2c79b84","25-fbb4fbd7d38f6a995e7b139f7af9dd36","1220505","هرمزگان","Hormozgān","قشم","Qeshm","شهاب","Shahāb","","","دولاب","Dulāb","چاهوغربی","Chāhu Gharbi","Chāhu Gharbi","Hassan Mohebbi Bahmani, field notes 2015","619","","","","Keshmi 100%","Anonby 2015",26.683963618542368,55.48156642893028,""
"","10dadf5e430773dcd2de2119a2c7d5d4","25-9ff6c9294c6c683c22663b18b7439066","1220506","هرمزگان","Hormozgān","قشم","Qeshm","شهاب","Shahāb","","","دولاب","Dulāb","چاهوشرقی","Chāhu Sharqi","Chāhu Sharqi, Chāhu Sharki","Hassan Mohebbi Bahmani, field notes 2015","1016","","","","Keshmi 100%","Anonby 2015",26.691694613789817,55.50881767251828,""
"","10dadf5e430773dcd2de2119a2c81347","26-b95516dcee4edffbf73a0cce5f6ef04c","1220507","هرمزگان","Hormozgān","قشم","Qeshm","شهاب","Shahāb","","","دولاب","Dulāb","دولاب","Dulāb","Dulāb","Hassan Mohebbi Bahmani, field notes 2015","1281","","","","Keshmi 100%","Anonby 2015",26.67806248890189,55.46111383938756,""
"","10dadf5e430773dcd2de2119a2c86060","25-9e4f5066f6ef2b9ea32a2291102eff39","1220508","هرمزگان","Hormozgān","قشم","Qeshm","شهاب","Shahāb","","","دولاب","Dulāb","سرریگ","Sar Rig","Sar Rig","Hassan Mohebbi Bahmani, field notes 2015","1656","","","","Keshmi 100%","Anonby 2015",26.684044420429363,55.46798029446431,""
"","10dadf5e430773dcd2de2119a2c89d09","25-b235a9385f8fe0d8086fc10554d2842a","1220509","هرمزگان","Hormozgān","قشم","Qeshm","شهاب","Shahāb","","","دولاب","Dulāb","عایشه آباد","Āyesheh Ābād","Āyesha Ābād","Hassan Mohebbi Bahmani, field notes 2015","125","","","","Keshmi 100%","Anonby 2015",26.68935503891288,55.478022485014534,""
"","10dadf5e430773dcd2de2119a2c8f244","21-cfb00af0098755edaad23f288fd220d9","1220510","هرمزگان","Hormozgān","قشم","Qeshm","شهاب","Shahāb","","","سوزا","Suzā","","","","","6298","","","","","","","",""
"","10dadf5e430773dcd2de2119a2c93874","25-16828d2bda7cbef84faf98dd628ca343","1220511","هرمزگان","Hormozgān","قشم","Qeshm","شهاب","Shahāb","","","سوزا","Suzā","شیبدراز","Shib Derāz","Shib Derāz","Hassan Mohebbi Bahmani, field notes 2015","456","","","","Keshmi 100%","Anonby 2015",26.689577906930676,55.92992105978003,""
"","10dadf5e430773dcd2de2119a2c98171","25-fcdb995c8ac49468fd429c07f618fed6","1220512","هرمزگان","Hormozgān","قشم","Qeshm","شهاب","Shahāb","","","سوزا","Suzā","مسن","Mesen","Mesen","Hassan Mohebbi Bahmani, field notes 2015","2002","","","","Keshmi 100%","Anonby 2015",26.743820116320958,56.00626745716953,""
"","10dadf5e430773dcd2de2119a2c9ce96","25-9e70c9430b005687a7e31fe96200421b","1220513","هرمزگان","Hormozgān","قشم","Qeshm","شهاب","Shahāb","","","سوزا","Suzā","برکه خلف","Berkeh Khalaf","Berka Khalaf","Hassan Mohebbi Bahmani, field notes 2015","322","","","","Keshmi 100%","Anonby 2015",26.865119647776265,56.13457360758773,""
"","10dadf5e430773dcd2de2119a2ca21d7","25-5dcda93b61fc5bf87878b574241a7665","1220514","هرمزگان","Hormozgān","قشم","Qeshm","شهاب","Shahāb","","","سوزا","Suzā","ریگو","Rigu","Rigu","Hassan Mohebbi Bahmani, field notes 2015","445","","","","Keshmi 100%","Anonby 2015",26.84519605948736,56.124810366775584,""
"","10dadf5e430773dcd2de2119a2ca65f7","25-72e1f994549e159149d97d5d31aad723","1220515","هرمزگان","Hormozgān","قشم","Qeshm","شهاب","Shahāb","","","سوزا","Suzā","زیرانگ","Zirāng","Zirāng","Hassan Mohebbi Bahmani, field notes 2015","1130","","","","Keshmi 100%","Anonby 2015",26.85433751197458,56.0581842948555,""
"","10dadf5e430773dcd2de2119a2cadb3a","25-beecb34fa2fab7e541f6f8f223cda7dc","1220516","هرمزگان","Hormozgān","قشم","Qeshm","شهاب","Shahāb","","","سوزا","Suzā","نخل گل","Nakhl Gol","Nakhl Gol","Hassan Mohebbi Bahmani, field notes 2015","274","","","","Keshmi 100%","Anonby 2015",26.854471517305466,56.11013431567925,""
"","10dadf5e430773dcd2de2119a2cb35cb","24-dbfd67e0e6aee078654b3b0408492b1e","1220517","هرمزگان","Hormozgān","قشم","Qeshm","شهاب","Shahāb","","","سوزا","Suzā","پادگان 11 ذوالفقار","Pādegān-e 11-e Zolfaqār","Pādegān-e 11-e Zolfaqār","Hassan Mohebbi Bahmani, field notes 2015","","(less than 3 households; population not specified in 2011 Census for reasons of privacy)","","","Keshmi 100%","Anonby 2015","","",""
"","10dadf5e430773dcd2de2119a2cb7076","25-5b88e5624f1954223e6040d4130464c0","1220518","هرمزگان","Hormozgān","قشم","Qeshm","شهاب","Shahāb","","","سوزا","Suzā","دیرستان","Direstān","Direston","Hassan Mohebbi Bahmani, field notes 2015","1556","","","","Keshmi 100%","Anonby 2015",26.745812977117538,55.93483586332702,""
"","10dadf5e430773dcd2de2119a2cbc32b","27-df1ada3b911bd0d32e3063398ea62777","1220519","هرمزگان","Hormozgān","قشم","Qeshm","شهاب","Shahāb","","","سوزا","Suzā","فرودگاه بین المللی قشم","Forudgāh-e Beyn-ol-Melali-ye Qeshm","Forudgāh-e Beyn-ol-melali-ye Qeshm","Hassan Mohebbi Bahmani, field notes 2015","68","","","","Keshmi 100%","Anonby 2015",26.76189980476502,55.89244004511523,""
"","10dadf5e430773dcd2de2119a2cc230f","21-d9360b51865c70f4d528a12cf99392a3","1220520","هرمزگان","Hormozgān","قشم","Qeshm","شهاب","Shahāb","","","صلخ","Salakh","","","","","11846","","","","","","","",""
"","10dadf5e430773dcd2de2119a2cc586b","25-04c5a2e80896a456f5c4e97518f1ffcd","1220521","هرمزگان","Hormozgān","قشم","Qeshm","شهاب","Shahāb","","","صلخ","Salakh","دهخدا","Deh Khodā","Deh Khodā","Hassan Mohebbi Bahmani, field notes 2015","571","","","","Keshmi 100%","Anonby 2015",26.776344955513913,55.81689831043091,""
"","10dadf5e430773dcd2de2119a2cc9d82","25-611386679902ebf83dd6d38fdf8c3707","1220522","هرمزگان","Hormozgān","قشم","Qeshm","شهاب","Shahāb","","","صلخ","Salakh","سهلی","Sohli","Sohli","Hassan Mohebbi Bahmani, field notes 2015","1678","","","","Keshmi 100%","Anonby 2015",26.75439392338826,55.78677173878023,""
"","10dadf5e430773dcd2de2119a2ccdb8d","26-02ab2918b541251554452a3a7442772d","1220523","هرمزگان","Hormozgān","قشم","Qeshm","شهاب","Shahāb","","","صلخ","Salakh","هفترنگو","Haft Rengu","Haft Rengu","Hassan Mohebbi Bahmani, field notes 2015","579","","","","Keshmi 100%","Anonby 2015",26.748961789377507,55.74679609562836,""
"","10dadf5e430773dcd2de2119a2cd2658","25-f90829128e68c4dfcf1434e16d03bf59","1220524","هرمزگان","Hormozgān","قشم","Qeshm","شهاب","Shahāb","","","صلخ","Salakh","دوربنی","Dur Bani","Dur Bani","Hassan Mohebbi Bahmani, field notes 2015","691","","","","Keshmi 100%","Anonby 2015",26.74008970372997,55.6617378833591,""
"","10dadf5e430773dcd2de2119a2cd740f","25-7d4274685c7e93bf39a73ac01233b7ca","1220525","هرمزگان","Hormozgān","قشم","Qeshm","شهاب","Shahāb","","","صلخ","Salakh","گمبران","Gamberān","Gamberān","Hassan Mohebbi Bahmani, field notes 2015","474","","","","Keshmi 100%","Anonby 2015",26.68836681342846,55.69210048940243,""
"","10dadf5e430773dcd2de2119a2cdad29","25-d58f5f84122acaecadedb27a365fd3fd","1220526","هرمزگان","Hormozgān","قشم","Qeshm","شهاب","Shahāb","","","صلخ","Salakh","گوران","Gurān","Gurān","Hassan Mohebbi Bahmani, field notes 2015","1344","","","","Keshmi 100%","Anonby 2015",26.72270760763301,55.61880108145281,""
"","10dadf5e430773dcd2de2119a2ce0637","25-fd06ce26f3bc691c8fec55509966e32b","1220527","هرمزگان","Hormozgān","قشم","Qeshm","شهاب","Shahāb","","","صلخ","Salakh","ملکی","Maleki","Maleki","Hassan Mohebbi Bahmani, field notes 2015","187","","","","Keshmi 100%","Anonby 2015",26.759442605271396,55.69310899999118,""
"","10dadf5e430773dcd2de2119a2ce4f81","25-999144b3c595bd87d75269ba66fa4acc","1220528","هرمزگان","Hormozgān","قشم","Qeshm","شهاب","Shahāb","","","صلخ","Salakh","طبل","Tabl","Tabl","Hassan Mohebbi Bahmani, field notes 2015","3355","","","","Keshmi 100%","Anonby 2015",26.756765011599732,55.72743054654133,""
"","10dadf5e430773dcd2de2119a2ceb761","25-ff6417eb4782e086fa0dafad4ae5b517","1220529","هرمزگان","Hormozgān","قشم","Qeshm","شهاب","Shahāb","","","صلخ","Salakh","صلخ","Salakh","Salakh","Hassan Mohebbi Bahmani, field notes 2015","2740","","","","Keshmi 100%","Anonby 2015",26.689579412416464,55.706809723637434,""
"","10dadf5e430773dcd2de2119a2cf1622","26-da09da13e59a6d2a928130164697e367","1220530","هرمزگان","Hormozgān","قشم","Qeshm","شهاب","Shahāb","","","صلخ","Salakh","گاچو","Gāchu","Gāchu","Hassan Mohebbi Bahmani, field notes 2015","","(less than 3 households; population not specified in 2011 Census for reasons of privacy)","","","Keshmi 100%","Anonby 2015",26.72648800830857,55.83032008433907,""
"","10dadf5e430773dcd2de2119a2cf60e4","25-d8a8441134870d17c08f999ef6bddbd1","1220531","هرمزگان","Hormozgān","قشم","Qeshm","شهاب","Shahāb","","","صلخ","Salakh","نقاشه","Naqāsheh","Naqāsha","Hassan Mohebbi Bahmani, field notes 2015","95","","","","Keshmi 100%","Anonby 2015",26.733253126685494,55.840748512987346,""
"","10dadf5e430773dcd2de2119a2cfb3f4","25-7f06a017992ed95c0e1eb1880fb74be6","1220532","هرمزگان","Hormozgān","قشم","Qeshm","شهاب","Shahāb","","","صلخ","Salakh","شهرک پرواز","Shahrak-e Parvāz","Shahrak-e Parvāz","Hassan Mohebbi Bahmani, field notes 2015","122","","","","Keshmi 100%","Anonby 2015",26.762905660576678,55.848194325210294,""
"","10dadf5e430773dcd2de2119a2d00fb9","26-1520e4f9b3ec2760b0e48351c3ba73c3","1220533","هرمزگان","Hormozgān","قشم","Qeshm","شهاب","Shahāb","","","هنگام","Hengām","","","","","417","","","","","","","",""
"","10dadf5e430773dcd2de2119a2d067a3","27-7b6f4dcae80ee0ad2e8360808272b430","1220534","هرمزگان","Hormozgān","قشم","Qeshm","شهاب","Shahāb","","","هنگام","Hengām","غیل","Gheyl","Gheyl","Hassan Mohebbi Bahmani, field notes 2015","","(less than 3 households; population not specified in 2011 Census for reasons of privacy)","","","Keshmi 95%; Gulf Arabic 5%","Hassan Mohebbi Bahmani, field notes 2015",26.64659856822886,55.858172142744166,""
"","10dadf5e430773dcd2de2119a2d0afa2","26-28162b13d40558b9cb5ce272d5b166ad","1220535","هرمزگان","Hormozgān","قشم","Qeshm","شهاب","Shahāb","","","هنگام","Hengām","هنگام جدید","Hengām Jadid","Hangom Jadid","Hassan Mohebbi Bahmani, field notes 2015","392","","","","Keshmi 95%; Gulf Arabic 5%","Hassan Mohebbi Bahmani, field notes 2015",26.683487529803916,55.89237567209619,""
"","10dadf5e430773dcd2de2119a2d101e8","26-353f23bc0f3a4f490f2446e982ca1451","1220536","هرمزگان","Hormozgān","قشم","Qeshm","شهاب","Shahāb","","","هنگام","Hengām","هنگام قدیم","Hengām Qadim","Hangom Ghadim","Hassan Mohebbi Bahmani, field notes 2015","18","","","","Keshmi 95%; Gulf Arabic 5%","Hassan Mohebbi Bahmani, field notes 2015",26.615361869653405,55.873074496029105,""
"","10dadf5e430773dcd2de2119a2d13aff","21-60380f28f25cdf990cae2d50e704c633","1220537","هرمزگان","Hormozgān","قشم","Qeshm","شهاب","Shahāb","","","لارک","Lārāk","","","","","473","","","","","","","",""
"","10dadf5e430773dcd2de2119a2d1997c","30-b9ff107716e6000e4bf57f5b02ac0599","1220538","هرمزگان","Hormozgān","قشم","Qeshm","شهاب","Shahāb","","","لارک","Lārak","لارک شهری","Lārak Shahri","Rārak Shāri","Anonby & Yousefian 2011","473","","","","Rārikī 75%; Shihhi Arabic 20%; Tehrāni type Persian 5%","Anonby & Yousefian 2011",26.883701531823576,56.38747926967059,""
"","10dadf5e430773dcd2de2119a2d1e266","25-1b3c74d46b39d715903287239d66db74","1220539","هرمزگان","Hormozgān","قشم","Qeshm","شهاب","Shahāb","سوزا","Suzā","","","","","Suzā","Anonby 2015","4712","","","","Keshmi 100%","Anonby 2015",26.780118783680845,56.06293197891455,""
"","10dadf5e430773dcd2de2119a2d25629","21-351f68654159ac04c7fd04fd8ae9043c","1220540","هرمزگان","Hormozgān","قشم","Qeshm","مرکزی","Markazi","","","","","","","","","78369","","","","","","","",""
"","10dadf5e430773dcd2de2119a2d2b3c8","21-25fb5ea61db5b1a1b9bb6ddc5ba9d4b1","1220541","هرمزگان","Hormozgān","قشم","Qeshm","مرکزی","Markazi","","","حومه","Humeh","","","","","26106","","","","","","","",""
"","10dadf5e430773dcd2de2119a2d2f8b1","25-e33a3e1cb92bd792f10b1d5d940b4124","1220542","هرمزگان","Hormozgān","قشم","Qeshm","مرکزی","Markazi","","","حومه","Humeh","رمچا","Ramchā","Ramchā","Hassan Mohebbi Bahmani, field notes 2015","3679","","","","Keshmi 100%","Anonby 2015",26.909779730383768,56.13614555617511,""
"","10dadf5e430773dcd2de2119a2d346dd","27-adfa52ff8827630473918017c3cc1429","1220543","هرمزگان","Hormozgān","قشم","Qeshm","مرکزی","Markazi","","","حومه","Humeh","نخلستان تورگٌن","Nakhlestān Turgon","Nakhleston Turgon","Hassan Mohebbi Bahmani, field notes 2015","100","","","","Keshmi 100%","Anonby 2015",26.92638,56.21752,""
"","10dadf5e430773dcd2de2119a2d39d03","25-81e6df291df28a2114c0e3627dc3ec88","1220544","هرمزگان","Hormozgān","قشم","Qeshm","مرکزی","Markazi","","","حومه","Humeh","کووه ای","Kuvei","Kuvei","Hassan Mohebbi Bahmani, field notes 2015","4224","","","","Keshmi 100%","Anonby 2015",26.949160693077815,56.00748535416522,""
"","10dadf5e430773dcd2de2119a2d3f4d8","25-a677da2649cc93d8e1f334143513cdf0","1220545","هرمزگان","Hormozgān","قشم","Qeshm","مرکزی","Markazi","","","حومه","Humeh","گیاهدان","Giāhdān","Giāhdon","Hassan Mohebbi Bahmani, field notes 2015","2787","","","","Keshmi 100%","Anonby 2015",26.9156442230991,56.06478806755211,""
"","10dadf5e430773dcd2de2119a2d44395","25-3d6061cd803bf7358a608d4d69880b3a","1220546","هرمزگان","Hormozgān","قشم","Qeshm","مرکزی","Markazi","","","حومه","Humeh","تمبان","Tombān","Tombon","Hassan Mohebbi Bahmani, field notes 2015","1069","","","","Keshmi 100%","Anonby 2015",26.769620717346665,55.86468454623285,""
"","10dadf5e430773dcd2de2119a2d49274","25-08aef658fb58cf5d8a37253fe04671f8","1220547","هرمزگان","Hormozgān","قشم","Qeshm","مرکزی","Markazi","","","حومه","Humeh","گورزین","Gurzin","Gurzin","Hassan Mohebbi Bahmani, field notes 2015","1592","","","","Keshmi 100%","Anonby 2015",26.79567252773935,55.83135005260054,""
"","10dadf5e430773dcd2de2119a2d4f6e8","25-8c6aab87ee0cf130c5edfe0c00279087","1220548","هرمزگان","Hormozgān","قشم","Qeshm","مرکزی","Markazi","","","حومه","Humeh","لافت","Lāft","Lāft","Hassan Mohebbi Bahmani, field notes 2015","4105","","","","Keshmi 100%","Anonby 2015",26.896184033203966,55.758844578522435,""
"","10dadf5e430773dcd2de2119a2d54370","26-1f20bf8d34e1a2650aeac9d898444e39","1220549","هرمزگان","Hormozgān","قشم","Qeshm","مرکزی","Markazi","","","حومه","Humeh","لافت کهنه","Lāft-e Kohneh","Lāft-e Kohna","Hassan Mohebbi Bahmani, field notes 2015","","(less than 3 households; population not specified in 2011 Census for reasons of privacy)","","","Keshmi 100%","Anonby 2015",26.949677136074204,55.76175209309507,""
"","10dadf5e430773dcd2de2119a2d58d55","25-e0604fcdb3f342f93c6c9337c20b9f9a","1220550","هرمزگان","Hormozgān","قشم","Qeshm","مرکزی","Markazi","","","حومه","Humeh","هلر","Holor","Holor","Hassan Mohebbi Bahmani, field notes 2015","5588","","","","Keshmi 100%","Anonby 2015",26.968171885796053,56.083584988331104,""
"","10dadf5e430773dcd2de2119a2d5ccc9","26-5392afd8c3899833e97d6c1e495e5f1e","1220551","هرمزگان","Hormozgān","قشم","Qeshm","مرکزی","Markazi","","","حومه","Humeh","حمیری","Hamiri","Hamiri","Hassan Mohebbi Bahmani, field notes 2015","46","","","","Keshmi 100%","Anonby 2015",26.94707576952222,56.204203927711944,""
"","10dadf5e430773dcd2de2119a2d6178f","28-de6929f3e174338d2c0fbbf1383f0490","1220552","هرمزگان","Hormozgān","قشم","Qeshm","مرکزی","Markazi","","","حومه","Humeh","دفاری","Defāri","Defāri","Hassan Mohebbi Bahmani, field notes 2015","288","","","","Keshmi 100%","Anonby 2015",26.94155,56.21032,""
"","10dadf5e430773dcd2de2119a2d6578b","25-5c7a81d45e60d0b752a644bee7b42cd1","1220553","هرمزگان","Hormozgān","قشم","Qeshm","مرکزی","Markazi","","","حومه","Humeh","طولا","Towlā","Towlā","Hassan Mohebbi Bahmani, field notes 2015","2608","","","","Keshmi 100%","Anonby 2015",26.978010925918024,56.21226664801011,""
"","10dadf5e430773dcd2de2119a2d69a7c","30-96077b0453e859f1043ca5e9aa2ac26b","1220554","هرمزگان","Hormozgān","قشم","Qeshm","مرکزی","Markazi","","","حومه","Humeh","کابلی","Kābli","Kābli","Hassan Mohebbi Bahmani, field notes 2015","","(less than 3 households; population not specified in 2011 Census for reasons of privacy)","","","Keshmi 100%","Anonby 2015",26.95188,56.20908,""
"","10dadf5e430773dcd2de2119a2d6d159","21-b981a71d3251ec0db52f611ece55a5ff","1220555","هرمزگان","Hormozgān","قشم","Qeshm","مرکزی","Markazi","","","رمکان","Ramkān","","","","","14994","","","","","","","",""
"","10dadf5e430773dcd2de2119a2d729f6","25-c8c2350ae5dce03aefc592eb2b03ddac","1220556","هرمزگان","Hormozgān","قشم","Qeshm","مرکزی","Markazi","","","رمکان","Ramkān","بنگالی","Bangāli","Bangāli","Hassan Mohebbi Bahmani, field notes 2015","107","","","","Keshmi 100%","Anonby 2015",26.86604419341102,55.966090822447896,""
"","10dadf5e430773dcd2de2119a2d773ee","25-c7e8c920e6451d0beae55d5d3866a68a","1220557","هرمزگان","Hormozgān","قشم","Qeshm","مرکزی","Markazi","","","رمکان","Ramkān","جی جیان","Jijiān","Jijion","Hassan Mohebbi Bahmani, field notes 2015","636","","","","Keshmi 100%","Anonby 2015",26.84401958250112,56.01700451396149,""
"","10dadf5e430773dcd2de2119a2d7ce95","26-96b76c0512d16c1eb241279a8b8279dc","1220558","هرمزگان","Hormozgān","قشم","Qeshm","مرکزی","Markazi","","","رمکان","Ramkān","صیدم","Seydom","Seydom","Hassan Mohebbi Bahmani, field notes 2015","","(less than 3 households; population not specified in 2011 Census for reasons of privacy)","","","Keshmi 100%","Anonby 2015",26.843038377772405,55.99465903066137,""
"","10dadf5e430773dcd2de2119a2d82d3c","25-51d2e2236c60f8eda9c21051f88adfee","1220559","هرمزگان","Hormozgān","قشم","Qeshm","مرکزی","Markazi","","","رمکان","Ramkān","گربه دان","Gorbehdān","Gorbadon","Hassan Mohebbi Bahmani, field notes 2015","877","","","","Keshmi 100%","Anonby 2015",26.861550602027915,55.982782209144496,""
"","10dadf5e430773dcd2de2119a2d87be4","25-a89969897675d82abf06e42c99a64b3c","1220560","هرمزگان","Hormozgān","قشم","Qeshm","مرکزی","Markazi","","","رمکان","Ramkān","پی پشت","Pey Posht","Pey Posht","Hassan Mohebbi Bahmani, field notes 2015","1933","","","","Keshmi 100%","Anonby 2015",26.880806226662497,55.92781838201864,""
"","10dadf5e430773dcd2de2119a2d8d857","25-00f03926d1271fcb46eae78fb6ef0665","1220561","هرمزگان","Hormozgān","قشم","Qeshm","مرکزی","Markazi","","","رمکان","Ramkān","خالدین","Khāledin","Khāledin","Hassan Mohebbi Bahmani, field notes 2015","1189","","","","Keshmi 100%","Anonby 2015",26.882011986687445,56.014239156467426,""
"","10dadf5e430773dcd2de2119a2d9086a","25-305e4857d82eed405339a0e2c9b50790","1220562","هرمزگان","Hormozgān","قشم","Qeshm","مرکزی","Markazi","","","رمکان","Ramkān","زینبی","Zeynabi","Zeynabi","Hassan Mohebbi Bahmani, field notes 2015","1395","","","","Keshmi 100%","Anonby 2015",26.886241614590595,55.958932006588945,""
"","10dadf5e430773dcd2de2119a2d9523c","25-2ecd461e3625afca51b4408b596a264d","1220563","هرمزگان","Hormozgān","قشم","Qeshm","مرکزی","Markazi","","","رمکان","Ramkān","کاروان","Kāravān","Kāravon","Hassan Mohebbi Bahmani, field notes 2015","739","","","","Keshmi 100%","Anonby 2015",26.86338825841631,56.003018600856734,""
"","10dadf5e430773dcd2de2119a2d9b45d","25-ecd420a0e08b4ea5c25f8f50c1f337fb","1220564","هرمزگان","Hormozgān","قشم","Qeshm","مرکزی","Markazi","","","رمکان","Ramkān","کوشه","Kusheh","Kusha","Hassan Mohebbi Bahmani, field notes 2015","1968","","","","Keshmi 100%","Anonby 2015",26.858468632110657,56.00646255723192,""
"","10dadf5e430773dcd2de2119a2da2030","25-c251198cec18b685b35d127c72dac758","1220565","هرمزگان","Hormozgān","قشم","Qeshm","مرکزی","Markazi","","","رمکان","Ramkān","گردوا","Garduvā","Garduvā","Hassan Mohebbi Bahmani, field notes 2015","125","","","","Keshmi 100%","Anonby 2015",26.87450927089493,55.98369596711693,""
"","10dadf5e430773dcd2de2119a2da812c","25-92805d8ce08ae8432d1f708932b6ad0c","1220566","هرمزگان","Hormozgān","قشم","Qeshm","مرکزی","Markazi","","","رمکان","Ramkān","باغ بالا","Bāgh Bālā","Bāgh Bālā","Hassan Mohebbi Bahmani, field notes 2015","212","","","","Keshmi 100%","Anonby 2015",26.88288280537267,56.03269456139392,""
"","10dadf5e430773dcd2de2119a2dad7fe","25-56d27a2c91f5e77cb9b5cca3077f4d36","1220567","هرمزگان","Hormozgān","قشم","Qeshm","مرکزی","Markazi","","","رمکان","Ramkān","تم سنتی","Tom Sonti","Tom Sonti","Hassan Mohebbi Bahmani, field notes 2015","234","","","","Keshmi 100%","Anonby 2015",26.866919920466266,56.010759456074084,""
"","10dadf5e430773dcd2de2119a2db1c84","26-2365b678ee9cc486665fe3e6b36dbfa1","1220568","هرمزگان","Hormozgān","قشم","Qeshm","مرکزی","Markazi","","","رمکان","Ramkān","توریان","Turiān","Turion","Hassan Mohebbi Bahmani, field notes 2015","1969","","","","Keshmi 100%","Anonby 2015",26.87241339779067,56.01800142041344,""
"","10dadf5e430773dcd2de2119a2db56d1","25-79422f8b9229543f1e029140d1078aa8","1220569","هرمزگان","Hormozgān","قشم","Qeshm","مرکزی","Markazi","","","رمکان","Ramkān","رمکان","Ramkān","Ramkon","Hassan Mohebbi Bahmani, field notes 2015","3607","","","","Keshmi 100%","Anonby 2015",26.864297504443595,56.038321835907446,""
"","10dadf5e430773dcd2de2119a2db9e1a","26-44e19c564c997871d1a9c87573e4ec78","1220570","هرمزگان","Hormozgān","قشم","Qeshm","مرکزی","Markazi","قشم","Qeshm","","","","","Keshm","Hassan Mohebbi Bahmani, field notes 2015","28602","","","","Keshmi 50%; mixed 30%; Tehrāni type Persian 20%","Anonby 2015; Hassan Mohebbi Bahmani, field notes 2015",26.958781446113953,56.272310579007,""
"","10dadf5e430773dcd2de2119a2dc1033","27-dc320fc8859bcb552ec707be7836e2b4","1220571","هرمزگان","Hormozgān","قشم","Qeshm","مرکزی","Markazi","درگهان","Dargahān","","","","","Dargahon","Hassan Mohebbi Bahmani, field notes 2015","8667","","","","Keshmi 90%; Tehrāni type Persian 5%; mixed 5%","Anonby 2015",26.96339070069482,56.06170352718767,""
"","10dadf5e430773dcd2de2119a2dc6070","22-8fb454c023c8865957196e88243696bb","1220572","هرمزگان","Hormozgān","قشم","Qeshm","هرمز","Hormoz","","","","","","","","","5867","","","","","","","",""
"","10dadf5e430773dcd2de2119a2dcffa8","22-977dc515e5ddc8ea005dc5a5e7a3e500","1220574","هرمزگان","Hormozgān","میناب","Mināb","","","","","","","","","","","235705","","","","","","","",""
"","10dadf5e430773dcd2de2119a2dd363c","28-91b10ad8522b21c62b927258fc9cabb9","1220575","هرمزگان","Hormozgān","میناب","Mināb","سندرک","Senderk","","","","","","","","","23624","","","","","","","",""
"","10dadf5e430773dcd2de2119a2dd8213","23-ee6bdeb8d6160e072e5ebac1b324bbdc","1220576","هرمزگان","Hormozgān","میناب","Mināb","سندرک","Senderk","","","بندر","Bon Dar","","","","","4038","","","","","","","",""
"","10dadf5e430773dcd2de2119a2ddc33f","28-12f028337c72b5a51143b933da379fd6","1220577","هرمزگان","Hormozgān","میناب","Mināb","سندرک","Senderk","","","بندر","Bon Dar","چاه حنان","Chāh Hanān","Chāh Hanān","Hassan Mohebbi Bahmani, field notes 2015","417","","","","Mārzi Gāl 85%; Tehrāni type Persian 5%; Molki Gāl 5%; mixed 5%","Hassan Mohebbi Bahmani, field notes 2015",26.944374403478076,57.43616598247448,""
"","10dadf5e430773dcd2de2119a2de170b","28-86c5bfa804f7eb6504c3f241624b3e12","1220578","هرمزگان","Hormozgān","میناب","Mināb","سندرک","Senderk","","","بندر","Bon Dar","درگ پائین","Darg Pāin","Darg Pāin","Hassan Mohebbi Bahmani, field notes 2015","","(less than 3 households; population not specified in 2011 Census for reasons of privacy)","","","Mārzi Gāl 85%; Tehrāni type Persian 5%; Molki Gāl 5%; mixed 5%","Hassan Mohebbi Bahmani, field notes 2015",26.982493195154827,57.62359606620031,""
"","10dadf5e430773dcd2de2119a2de6f61","30-b8e22dea0ab0bf37a747491ef9d7e185","1220579","هرمزگان","Hormozgān","میناب","Mināb","سندرک","Senderk","","","بندر","Bon Dar","چراک پایین، شهر اندک","Cherāk Pāin, Shahr Andak","Cherāk Pāin, Shahr Andak","Hassan Mohebbi Bahmani, field notes 2015","82","","","","Mārzi Gāl 85%; Tehrāni type Persian 5%; Molki Gāl 5%; mixed 5%","Hassan Mohebbi Bahmani, field notes 2015",26.907829902744794,57.399167297515085,""
"","10dadf5e430773dcd2de2119a2dea999","28-28fe024ce0be7e2589c5ff233a8ff229","1220580","هرمزگان","Hormozgān","میناب","Mināb","سندرک","Senderk","","","بندر","Bon Dar","سادر/صادر","Sāder","Sāder","Hassan Mohebbi Bahmani, field notes 2015","162","","","","Mārzi Gāl 85%; Tehrāni type Persian 5%; Molki Gāl 5%; mixed 5%","Hassan Mohebbi Bahmani, field notes 2015",26.947999172150695,57.46906059382874,""
"","10dadf5e430773dcd2de2119a2df0963","29-0873a26306e307e0b040c0a6145203b4","1220581","هرمزگان","Hormozgān","میناب","Mināb","سندرک","Senderk","","","بندر","Bon Dar","مشکال الدین","Meshkāl-od-Din","Meshkāl-od-Din","Hassan Mohebbi Bahmani, field notes 2015","21","","","","Mārzi Gāl 85%; Tehrāni type Persian 5%; Molki Gāl 5%; mixed 5%","Hassan Mohebbi Bahmani, field notes 2015",26.99039736733384,57.617343836986535,""
"","10dadf5e430773dcd2de2119a2df416a","29-9befbb188baa6e4b8d0fdc06ffc8625d","1220582","هرمزگان","Hormozgān","میناب","Mināb","سندرک","Senderk","","","بندر","Bon Dar","هنگر","Hangar","Hangar","Hassan Mohebbi Bahmani, field notes 2015","43","","","","Mārzi Gāl 85%; Tehrāni type Persian 5%; Molki Gāl 5%; mixed 5%","Hassan Mohebbi Bahmani, field notes 2015",26.961383010275252,57.591115033617115,""
"","10dadf5e430773dcd2de2119a2df892f","27-6a3ca841b7f9d219a3258730c81caaa5","1220583","هرمزگان","Hormozgān","میناب","Mināb","سندرک","Senderk","","","بندر","Bon Dar","پشت کلات","Posht Kalāt","Posht Kalāt","Hassan Mohebbi Bahmani, field notes 2015","451","","","","Mārzi Gāl 85%; Tehrāni type Persian 5%; Molki Gāl 5%; mixed 5%","Hassan Mohebbi Bahmani, field notes 2015",26.973274687815913,57.40450381003654,""
"","10dadf5e430773dcd2de2119a2dfda2b","29-b01b8315c984f003aa287271ff31f930","1220584","هرمزگان","Hormozgān","میناب","Mināb","سندرک","Senderk","","","بندر","Bon Dar","چراک بالا، پس گردنه","Cherāk Bālā, Pas Gardaneh","Cherāk Bālā, Pas Gardaneh","Hassan Mohebbi Bahmani, field notes 2015","256","","","","Mārzi Gāl 85%; Tehrāni type Persian 5%; Molki Gāl 5%; mixed 5%","Hassan Mohebbi Bahmani, field notes 2015",26.925472571971603,57.39525423811644,""
"","10dadf5e430773dcd2de2119a2e0264f","28-93df5b2c033a9a984315ff5ddb5150ae","1220585","هرمزگان","Hormozgān","میناب","Mināb","سندرک","Senderk","","","بندر","Bon Dar","اودوئی","Udoi","Udoi","Hassan Mohebbi Bahmani, field notes 2015","381","","","","Mārzi Gāl 85%; Tehrāni type Persian 5%; Molki Gāl 5%; mixed 5%","Hassan Mohebbi Bahmani, field notes 2015",27.018922771206558,57.40297222090076,""
"","10dadf5e430773dcd2de2119a2e07059","30-07d7e902d5b81d8c46351403fd25c126","1220586","هرمزگان","Hormozgān","میناب","Mināb","سندرک","Senderk","","","بن در","Bon Dar","بن در","Bon Dar","Bon Dar","Hassan Mohebbi Bahmani, field notes 2015","622","","","","Mārzi Gāl 85%; Tehrāni type Persian 5%; Molki Gāl 5%; mixed 5%","Hassan Mohebbi Bahmani, field notes 2015",26.972911341343195,57.41712092123954,""
"","10dadf5e430773dcd2de2119a2e0a439","29-1e391a9d30d6f2922fbfe098b4507061","1220587","هرمزگان","Hormozgān","میناب","Mināb","سندرک","Senderk","","","بن در","Bon Dar","تم بابل","Tom Bābol","Tom Bābol","Hassan Mohebbi Bahmani, field notes 2015","190","","","","Mārzi Gāl 85%; Tehrāni type Persian 5%; Molki Gāl 5%; mixed 5%","Hassan Mohebbi Bahmani, field notes 2015",27.0407125640908,57.39073871337215,""
"","10dadf5e430773dcd2de2119a2e0e27e","28-a8d98576a667dfc817682381470f9ee8","1220588","هرمزگان","Hormozgān","میناب","Mināb","سندرک","Senderk","","","بندر","Bon Dar","تیغ سیاه","Tigh Siyāh","Tigh Siyāh","Hassan Mohebbi Bahmani, field notes 2015","69","","","","Mārzi Gāl 85%; Tehrāni type Persian 5%; Molki Gāl 5%; mixed 5%","Hassan Mohebbi Bahmani, field notes 2015",27.01136703379661,57.541425215807294,""
"","10dadf5e430773dcd2de2119a2e13d80","29-cf327701ca469c7108ab20480aaef95d","1220589","هرمزگان","Hormozgān","میناب","Mināb","سندرک","Senderk","","","بن در","Bon Dar","چاه خارو","Chāh Khāru","Chāh Khāru","Hassan Mohebbi Bahmani, field notes 2015","22","","","","Mārzi Gāl 85%; Tehrāni type Persian 5%; Molki Gāl 5%; mixed 5%","Hassan Mohebbi Bahmani, field notes 2015",27.032981494316267,57.56687937935501,""
"","10dadf5e430773dcd2de2119a2e1a1bd","28-20292cfbdee62ec150fb11306955736b","1220590","هرمزگان","Hormozgān","میناب","Mināb","سندرک","Senderk","","","بندر","Bon Dar","درجک","Darjak","Darjak","Hassan Mohebbi Bahmani, field notes 2015","311","","","","Mārzi Gāl 85%; Tehrāni type Persian 5%; Molki Gāl 5%; mixed 5%","Hassan Mohebbi Bahmani, field notes 2015",26.991373594669362,57.41589783393084,""
"","10dadf5e430773dcd2de2119a2e1e23b","27-95ef8ec016d9f6ed9d07703ad3026b8b","1220591","هرمزگان","Hormozgān","میناب","Mināb","سندرک","Senderk","","","بندر","Bon Dar","سمسیلی","Samsili","Samsili","Hassan Mohebbi Bahmani, field notes 2015","212","","","","Mārzi Gāl 85%; Tehrāni type Persian 5%; Molki Gāl 5%; mixed 5%","Hassan Mohebbi Bahmani, field notes 2015",26.97353285433271,57.456002223116286,""
"","10dadf5e430773dcd2de2119a2e2304a","28-a06a5cbbe976082144ce4bb8e5db21c2","1220592","هرمزگان","Hormozgān","میناب","Mināb","سندرک","Senderk","","","بن در","Bon Dar","شیریش","Shirish","Shirish","Hassan Mohebbi Bahmani, field notes 2015","406","","","","Mārzi Gāl 85%; Tehrāni type Persian 5%; Molki Gāl 5%; mixed 5%","Hassan Mohebbi Bahmani, field notes 2015",27.023153379167052,57.40483103953462,""
"","10dadf5e430773dcd2de2119a2e25e7a","28-95f0abebe5528133b98cdb3a15e25216","1220593","هرمزگان","Hormozgān","میناب","Mināb","سندرک","Senderk","","","بندر","Bon Dar","گنبدسرخ","Gonbad Sorkh","Gonbad Sorkh","Hassan Mohebbi Bahmani, field notes 2015","164","","","","Mārzi Gāl 85%; Tehrāni type Persian 5%; Molki Gāl 5%; mixed 5%","Hassan Mohebbi Bahmani, field notes 2015",27.002768771219326,57.41237877570386,""
"","10dadf5e430773dcd2de2119a2e2b3df","31-2d6b4b3928ed8d9bdbcdf5a78595dabb","1220594","هرمزگان","Hormozgān","میناب","Mināb","سندرک","Senderk","","","بن در","Bon Dar","گیزنگ","Gizang","Gizang","Hassan Mohebbi Bahmani, field notes 2015","51","","","","Mārzi Gāl 85%; Tehrāni type Persian 5%; Molki Gāl 5%; mixed 5%","Hassan Mohebbi Bahmani, field notes 2015",27.037221129052586,57.384140479198,""
"","10dadf5e430773dcd2de2119a2e2fed1","28-629fc76066e1d50c5703fe0931b782ef","1220595","هرمزگان","Hormozgān","میناب","Mināb","سندرک","Senderk","","","بندر","Bon Dar","چربونی","Charboni","Charboni","Hassan Mohebbi Bahmani, field notes 2015","172","","","","Mārzi Gāl 85%; Tehrāni type Persian 5%; Molki Gāl 5%; mixed 5%","Hassan Mohebbi Bahmani, field notes 2015",27.0334988897905,57.38745032512053,""
"","10dadf5e430773dcd2de2119a2e34cc6","22-16c1a894c14a7579e4e9dbaf528b7c84","1220596","هرمزگان","Hormozgān","میناب","Mināb","سندرک","Senderk","","","درپهن","Dar Pahn","","","","","7832","","","","","","","",""
"","10dadf5e430773dcd2de2119a2e3a225","27-e9179785ede1bdc151bd6869a5f7ee7a","1220597","هرمزگان","Hormozgān","میناب","Mināb","سندرک","Senderk","","","درپهن","Dar Pahn","انرت","Anert","Anert","Hassan Mohebbi Bahmani, field notes 2015","","(less than 3 households; population not specified in 2011 Census for reasons of privacy)","","","Mārzi Gāl 90%; Molki Gāl 10%","Hassan Mohebbi Bahmani, field notes 2015",26.546856384753468,57.570285784806536,""
"","10dadf5e430773dcd2de2119a2e3de5d","26-9e87f97e167a546f03845f078d7b9062","1220598","هرمزگان","Hormozgān","میناب","Mināb","سندرک","Senderk","","","درپهن","Dar Pahn","دوین","Doin","Doin","Hassan Mohebbi Bahmani, field notes 2015","531","","","","Mārzi Gāl 90%; Molki Gāl 10%","Hassan Mohebbi Bahmani, field notes 2015",26.524287399230282,57.510340616224234,""
"","10dadf5e430773dcd2de2119a2e41d99","26-bacb1e66c9e2170b50b5ad997f98ff42","1220599","هرمزگان","Hormozgān","میناب","Mināb","سندرک","Senderk","","","درپهن","Dar Pahn","شیبکوه","Shib Kuh","Shib Kuh","Hassan Mohebbi Bahmani, field notes 2015","560","","","","Mārzi Gāl 90%; Molki Gāl 10%","Hassan Mohebbi Bahmani, field notes 2015",26.515215837589384,57.59389443045854,""
"","10dadf5e430773dcd2de2119a2e45d83","27-e04d3010960714ac971359481072a8a5","1220600","هرمزگان","Hormozgān","میناب","Mināb","سندرک","Senderk","","","درپهن","Dar Pahn","گشیراز","Geshirāz","Geshirāz","Hassan Mohebbi Bahmani, field notes 2015","271","","","","Mārzi Gāl 90%; Molki Gāl 10%","Hassan Mohebbi Bahmani, field notes 2015",26.558821788314035,57.588984318793415,""
"","10dadf5e430773dcd2de2119a2e49e91","26-d5a6dbd04edf6c1348937f3ff23d32eb","1220601","هرمزگان","Hormozgān","میناب","Mināb","سندرک","Senderk","","","درپهن","Dar Pahn","نز","Naz","Naz","Hassan Mohebbi Bahmani, field notes 2015","284","","","","Mārzi Gāl 90%; Molki Gāl 10%","Hassan Mohebbi Bahmani, field notes 2015",26.538628266676074,57.486490413666886,""
"","10dadf5e430773dcd2de2119a2e4f96c","27-4ccdc0cd4569e66bca7a400bc3c63882","1220602","هرمزگان","Hormozgān","میناب","Mināb","سندرک","Senderk","","","درپهن","Dar Pahn","دهنو","Deh Now","Deh Now","Hassan Mohebbi Bahmani, field notes 2015","107","","","","Mārzi Gāl 90%; Molki Gāl 10%","Hassan Mohebbi Bahmani, field notes 2015",26.58669916371371,57.6036506376848,""
"","10dadf5e430773dcd2de2119a2e53d09","26-433864502839427f84dbc92d89a042cc","1220603","هرمزگان","Hormozgān","میناب","Mināb","سندرک","Senderk","","","درپهن","Dar Pahn","بن کرم","Bon Karam","Bon Karam","Hassan Mohebbi Bahmani, field notes 2015","141","","","","Mārzi Gāl 90%; Molki Gāl 10%","Hassan Mohebbi Bahmani, field notes 2015",26.55769385265838,57.60335426042988,""
"","10dadf5e430773dcd2de2119a2e58200","27-71b1d5c1319d0aad275be30955c4d445","1220604","هرمزگان","Hormozgān","میناب","Mināb","سندرک","Senderk","","","درپهن","Dar Pahn","داوری بالا","Dāveri Bālā","Dāveri Bālā","Hassan Mohebbi Bahmani, field notes 2015","366","","","","Mārzi Gāl 90%; Molki Gāl 10%","Hassan Mohebbi Bahmani, field notes 2015",26.576391650571,57.60262469957651,""
"","10dadf5e430773dcd2de2119a2e5c859","27-736754c59e69821e241de0b0845bd13e","1220605","هرمزگان","Hormozgān","میناب","Mināb","سندرک","Senderk","","","درپهن","Dar Pahn","درجادون، سرسروغ","Darjādon, Sar Sarugh","Darjādon, Sar Sarugh","Hassan Mohebbi Bahmani, field notes 2015","916","","","","Mārzi Gāl 90%; Molki Gāl 10%","Hassan Mohebbi Bahmani, field notes 2015",26.56540460499849,57.632461592654536,""
"","10dadf5e430773dcd2de2119a2e6068c","26-f9752bb08ccc55c4a4530dc509b0399e","1220606","هرمزگان","Hormozgān","میناب","Mināb","سندرک","Senderk","","","درپهن","Dar Pahn","سرکهنان داوری","Sar Kahnān Dāvari","Sar Kahnon Dāvari","Hassan Mohebbi Bahmani, field notes 2015","50","","","","Mārzi Gāl 90%; Molki Gāl 10%","Hassan Mohebbi Bahmani, field notes 2015",26.56864980515929,57.61432046324218,""
"","10dadf5e430773dcd2de2119a2e64275","27-b1bfdb7cc0b5c2cada38ea5888a478b1","1220607","هرمزگان","Hormozgān","میناب","Mināb","سندرک","Senderk","","","درپهن","Dar Pahn","لاسک","Lāsk","Lāsk","Hassan Mohebbi Bahmani, field notes 2015","","(less than 3 households; population not specified in 2011 Census for reasons of privacy)","","","Mārzi Gāl 90%; Molki Gāl 10%","Hassan Mohebbi Bahmani, field notes 2015",26.575048312895653,57.68718402096956,""
"","10dadf5e430773dcd2de2119a2e6a625","27-0529c6dde045712f276fdc783ab88a4b","1220608","هرمزگان","Hormozgān","میناب","Mināb","سندرک","Senderk","","","درپهن","Dar Pahn","زمین در","Zamin Dar","Zamin Dar","Hassan Mohebbi Bahmani, field notes 2015","278","","","","Mārzi Gāl 90%; Molki Gāl 10%","Hassan Mohebbi Bahmani, field notes 2015",26.503340873678454,57.67271778253437,""
"","3449afdbb6b9749ef19da429e179b151","27-84f0400dbe2dd14b12e91e95088091c7","1220609","هرمزگان","Hormozgān","میناب","Mināb","سندرک","Senderk","","","درپهن","Dar Pahn","داوری  پائین","Dāvari Pāin","Dāvari Pāin","Hassan Mohebbi Bahmani, field notes 2015","85","","","","Mārzi Gāl 90%; Molki Gāl 10%","Hassan Mohebbi Bahmani, field notes 2015",26.576288821636435,57.60361308675575,""
"","3449afdbb6b9749ef19da429e179a2ca","27-7b77392b55bfaa00b8ea0a83fdf8495a","1220610","هرمزگان","Hormozgān","میناب","Mināb","سندرک","Senderk","","","درپهن","Dar Pahn","بنم بانی","Banom Bani","Banom Bani","Hassan Mohebbi Bahmani, field notes 2015","163","","","","Mārzi Gāl 90%; Molki Gāl 10%","Hassan Mohebbi Bahmani, field notes 2015",26.657402387348817,57.54749564501143,""
"","10dadf5e430773dcd2de2119a2e7866e","27-c90ad9eb444e342c43471a29d9124a47","1220611","هرمزگان","Hormozgān","میناب","Mināb","سندرک","Senderk","","","درپهن","Dar Pahn","درپهن","Dar Pahn","Dar Pahn","Hassan Mohebbi Bahmani, field notes 2015","1323","","","","Mārzi Gāl 90%; Molki Gāl 10%","Hassan Mohebbi Bahmani, field notes 2015",26.64749673863747,57.56453776309408,""
"","10dadf5e430773dcd2de2119a2e7dbc5","26-821e9f4246842e8dc7fd430011dce1fa","1220612","هرمزگان","Hormozgān","میناب","Mināb","سندرک","Senderk","","","درپهن","Dar Pahn","کش پیری","Kash Piri","Kash Piri","Hassan Mohebbi Bahmani, field notes 2015","158","","","","Mārzi Gāl 90%; Molki Gāl 10%","Hassan Mohebbi Bahmani, field notes 2015",26.610250781829304,57.58400034547081,""
"","10dadf5e430773dcd2de2119a2e839fd","26-0bcab491d4562669f1971e6390d9327f","1220613","هرمزگان","Hormozgān","میناب","Mināb","سندرک","Senderk","","","درپهن","Dar Pahn","گودی","Gowdi","Gowdi","Hassan Mohebbi Bahmani, field notes 2015","28","","","","Mārzi Gāl 90%; Molki Gāl 10%","Hassan Mohebbi Bahmani, field notes 2015",26.66301147317479,57.578984778842525,""
"","10dadf5e430773dcd2de2119a2e886ee","26-f69d6946c62257035b47b12a211d48e4","1220614","هرمزگان","Hormozgān","میناب","Mināb","سندرک","Senderk","","","درپهن","Dar Pahn","ربه گاه/رپگا","Ropegā","Ropegā","Hassan Mohebbi Bahmani, field notes 2015","300","","","","Mārzi Gāl 90%; Molki Gāl 10%","Hassan Mohebbi Bahmani, field notes 2015",26.64794062519911,57.55639521452203,""
"","10dadf5e430773dcd2de2119a2e8d251","26-5cd14cae306063be2cebd27580a22270","1220615","هرمزگان","Hormozgān","میناب","Mināb","سندرک","Senderk","","","درپهن","Dar Pahn","کل عالیون","Kal Āliun","Kal Āliun","Hassan Mohebbi Bahmani, field notes 2015","170","","","","Mārzi Gāl 90%; Molki Gāl 10%","Hassan Mohebbi Bahmani, field notes 2015",26.678141084644366,57.69104874932786,""
"","10dadf5e430773dcd2de2119a2e927cf","26-f5b96318f514af41a4d1f0cc795d9a25","1220616","هرمزگان","Hormozgān","میناب","Mināb","سندرک","Senderk","","","درپهن","Dar Pahn","قدمگاه حضرت علی","Qadamgāh-e Hazrat-e Ali","Kadamgāh-e Hazrat-e Ali","Hassan Mohebbi Bahmani, field notes 2015","29","","","","Mārzi Gāl 90%; Molki Gāl 10%","Hassan Mohebbi Bahmani, field notes 2015",26.674239241736267,57.68925703370665,""
"","10dadf5e430773dcd2de2119a2e98ddd","27-bd3085b259e6d117d6d7518bb7b8e7e8","1220617","هرمزگان","Hormozgān","میناب","Mināb","سندرک","Senderk","","","درپهن","Dar Pahn","پرخاش","Par Khāsh","Par Khāsh","Hassan Mohebbi Bahmani, field notes 2015","","(less than 3 households; population not specified in 2011 Census for reasons of privacy)","","","Mārzi Gāl 90%; Molki Gāl 10%","Hassan Mohebbi Bahmani, field notes 2015",26.714152527382147,57.67961181008994,""
"","10dadf5e430773dcd2de2119a2e9e240","26-0be1f79f0e959c7e2b75ee8dea7e8bdc","1220618","هرمزگان","Hormozgān","میناب","Mināb","سندرک","Senderk","","","درپهن","Dar Pahn","اسپنت","Espant","Espant","Hassan Mohebbi Bahmani, field notes 2015","228","","","","Mārzi Gāl 90%; Molki Gāl 10%","Hassan Mohebbi Bahmani, field notes 2015",26.686104935598298,57.67047352397714,""
"","10dadf5e430773dcd2de2119a2ea2516","26-970d8e6295c6f3671aca3b76377e6785","1220619","هرمزگان","Hormozgān","میناب","Mināb","سندرک","Senderk","","","درپهن","Dar Pahn","اسلام آباد","Eslām Ābād","Eslām Ābād","Hassan Mohebbi Bahmani, field notes 2015","322","","","","Mārzi Gāl 90%; Molki Gāl 10%","Hassan Mohebbi Bahmani, field notes 2015",26.66653302322263,57.60029834392348,""
"","10dadf5e430773dcd2de2119a2ea78e5","26-bfe1205fe36b44fbeac2a36e7a4d7c46","1220620","هرمزگان","Hormozgān","میناب","Mināb","سندرک","Senderk","","","درپهن","Dar Pahn","تمبو بالا","Tombu Bālā","Tombu Bālā","Hassan Mohebbi Bahmani, field notes 2015","459","","","","Mārzi Gāl 90%; Molki Gāl 10%","Hassan Mohebbi Bahmani, field notes 2015",26.69788632651678,57.52884364860986,""
"","10dadf5e430773dcd2de2119a2eac993","26-62cf14b6cb8c61a117accf111c04e41b","1220621","هرمزگان","Hormozgān","میناب","Mināb","سندرک","Senderk","","","درپهن","Dar Pahn","دهیچ","Deheych","Deheych","Hassan Mohebbi Bahmani, field notes 2015","455","","","","Mārzi Gāl 90%; Molki Gāl 10%","Hassan Mohebbi Bahmani, field notes 2015",26.698240170524606,57.659680314902616,""
"","10dadf5e430773dcd2de2119a2eb178a","26-6fc475341bae4491f0f97dccc1112c00","1220622","هرمزگان","Hormozgān","میناب","Mināb","سندرک","Senderk","","","درپهن","Dar Pahn","جهاد","Jahād","Jahād","Hassan Mohebbi Bahmani, field notes 2015","53","","","","Mārzi Gāl 90%; Molki Gāl 10%","Hassan Mohebbi Bahmani, field notes 2015",26.665777561852007,57.566689532721234,""
"","10dadf5e430773dcd2de2119a2eb682d","26-d6c6281332847121b50ff5089f9af9fe","1220623","هرمزگان","Hormozgān","میناب","Mināb","سندرک","Senderk","","","درپهن","Dar Pahn","کرت زنی","Kort Zani","Kort Zani","Hassan Mohebbi Bahmani, field notes 2015","70","","","","Mārzi Gāl 90%; Molki Gāl 10%","Hassan Mohebbi Bahmani, field notes 2015",26.701598233099215,57.57618071268596,""
"","3449afdbb6b9749ef19da429e1799e17","27-5d1502dd3d0aa28f1b418b523743541d","1220624","هرمزگان","Hormozgān","میناب","Mināb","سندرک","Senderk","","","درپهن","Dar Pahn","هنچ","Hanch","Hanch","Hassan Mohebbi Bahmani, field notes 2015","108","","","","Mārzi Gāl 90%; Molki Gāl 10%","Hassan Mohebbi Bahmani, field notes 2015",26.68074821000774,57.53766869244271,""
"","3449afdbb6b9749ef19da429e17999b0","28-c6b64bd093553d4de786d871c38e4bea","1220625","هرمزگان","Hormozgān","میناب","Mināb","سندرک","Senderk","","","درپهن","Dar Pahn","سرچاه","Sar Chāh","Sar Chāh","Hassan Mohebbi Bahmani, field notes 2015","","(less than 3 households; population not specified in 2011 Census for reasons of privacy)","","","Mārzi Gāl 90%; Molki Gāl 10%","Hassan Mohebbi Bahmani, field notes 2015",26.6809296219857,57.61815642054989,""
"","10dadf5e430773dcd2de2119a2ec5851","26-9f56898fbd63221c555008da919b1d79","1220626","هرمزگان","Hormozgān","میناب","Mināb","سندرک","Senderk","","","درپهن","Dar Pahn","تمبو پائین","Tombu Pāin","Tombu Pāin","Hassan Mohebbi Bahmani, field notes 2015","121","","","","Mārzi Gāl 90%; Molki Gāl 10%","Hassan Mohebbi Bahmani, field notes 2015",26.687629635410815,57.5178144051418,""
"","10dadf5e430773dcd2de2119a2ecb5a5","26-04a57a843665774e6a47165f8585e8e5","1220627","هرمزگان","Hormozgān","میناب","Mināb","سندرک","Senderk","","","درپهن","Dar Pahn","سفید کوه","Safid Kuh","Safid Kuh","Hassan Mohebbi Bahmani, field notes 2015","240","","","","Mārzi Gāl 90%; Molki Gāl 10%","Hassan Mohebbi Bahmani, field notes 2015",26.688511532566842,57.53699756401347,""
"","10dadf5e430773dcd2de2119a2ed05da","22-5e0172acb524085a503ea242ac4d761d","1220628","هرمزگان","Hormozgān","میناب","Mināb","سندرک","Senderk","","","سندرک","Senderk","","","","","9730","","","","","","","",""
"","10dadf5e430773dcd2de2119a2ed414f","29-b522d1cccb7490962bdca6ee6b5bbd46","1220629","هرمزگان","Hormozgān","میناب","Mināb","سندرک","Senderk","","","سندرک","Senderk","پیشان لکی","Pishān Laki","Pishān Laki","Hassan Mohebbi Bahmani, field notes 2015","651","","","","Mārzi Gāl 90%; Minowi 10%","Hassan Mohebbi Bahmani, field notes 2015",26.92826255894381,57.56069276253264,""
"","10dadf5e430773dcd2de2119a2eda27c","26-15c8238b1f2a70fa1c316b6aa7d7d80b","1220630","هرمزگان","Hormozgān","میناب","Mināb","سندرک","Senderk","","","سندرک","Senderk","چراغ سوز","Cherāgh Suz","Cherāgh Suz","Hassan Mohebbi Bahmani, field notes 2015","905","","","","Mārzi Gāl 90%; Minowi 10%","Hassan Mohebbi Bahmani, field notes 2015",26.769266960409173,57.54567240814559,""
"","10dadf5e430773dcd2de2119a2ede721","26-fa744bc66f9fe6de38fbf6c4b219b838","1220631","هرمزگان","Hormozgān","میناب","Mināb","سندرک","Senderk","","","سندرک","Senderk","بنهکان","Baneh Kān","Baneh Kān","Hassan Mohebbi Bahmani, field notes 2015","751","","","","Mārzi Gāl 90%; Minowi 10%","Hassan Mohebbi Bahmani, field notes 2015",26.886089719254123,57.47703160246234,""
"","10dadf5e430773dcd2de2119a2ee4260","26-26beb05d6780f000f12bb6ee073327f2","1220632","هرمزگان","Hormozgān","میناب","Mināb","سندرک","Senderk","","","سندرک","Senderk","لور","Lur","Lur","Hassan Mohebbi Bahmani, field notes 2015","580","","","","Mārzi Gāl 90%; Minowi 10%","Hassan Mohebbi Bahmani, field notes 2015",26.88290364853408,57.46388017811726,""
"","10dadf5e430773dcd2de2119a2eeaa3c","26-1ae84a44aff472a5458f35267ce0164d","1220633","هرمزگان","Hormozgān","میناب","Mināb","سندرک","Senderk","","","سندرک","Senderk","علی آباد","Ali Ābād","Ali Ābād","Hassan Mohebbi Bahmani, field notes 2015","364","","","","Mārzi Gāl 90%; Minowi 10%","Hassan Mohebbi Bahmani, field notes 2015",26.806006059656283,57.50606152932574,""
"","10dadf5e430773dcd2de2119a2ef0bd0","27-65a2821ef1b9f2445d64a1128dae11eb","1220634","هرمزگان","Hormozgān","میناب","Mināb","سندرک","Senderk","","","سندرک","Senderk","بنزیر","Bon Zir","Bon Zir","Hassan Mohebbi Bahmani, field notes 2015","20","","","","Mārzi Gāl 90%; Minowi 10%","Hassan Mohebbi Bahmani, field notes 2015",26.87602254857691,57.67647837736567,""
"","10dadf5e430773dcd2de2119a2ef5a19","26-a89468713abea5440b2d45e738bbbf05","1220635","هرمزگان","Hormozgān","میناب","Mināb","سندرک","Senderk","","","سندرک","Senderk","پشت گشاد","Posht Goshād","Posht Goshād","Hassan Mohebbi Bahmani, field notes 2015","406","","","","Mārzi Gāl 90%; Minowi 10%","Hassan Mohebbi Bahmani, field notes 2015","","",""
"","10dadf5e430773dcd2de2119a2efa38b","27-d4b082559405c26ea2e5c53addef766d","1220636","هرمزگان","Hormozgān","میناب","Mināb","سندرک","Senderk","","","سندرک","Senderk","خورهوی","Khur Hovi","Khur Howi","Hassan Mohebbi Bahmani, field notes 2015","","(less than 3 households; population not specified in 2011 Census for reasons of privacy)","","","Mārzi Gāl 90%; Minowi 10%","Hassan Mohebbi Bahmani, field notes 2015",26.88668300361308,57.61473382585344,""
"","10dadf5e430773dcd2de2119a2f01811","27-a63adfcf17df59f788b4f421bcb1c0f6","1220637","هرمزگان","Hormozgān","میناب","Mināb","سندرک","Senderk","","","سندرک","Senderk","ده زیارتان","Deh Ziāratān","Deh Ziāraton","Hassan Mohebbi Bahmani, field notes 2015","64","","","","Mārzi Gāl 90%; Minowi 10%","Hassan Mohebbi Bahmani, field notes 2015",26.903143641460392,57.64395754049064,""
"","10dadf5e430773dcd2de2119a2f065ca","27-63f7abc8b436a59753bcefc333f7caea","1220638","هرمزگان","Hormozgān","میناب","Mināb","سندرک","Senderk","","","سندرک","Senderk","کره زن","?Kareh Zan","?Kara Zan","Hassan Mohebbi Bahmani, field notes 2015","","(less than 3 households; population not specified in 2011 Census for reasons of privacy)","","","Mārzi Gāl 90%; Minowi 10%","Hassan Mohebbi Bahmani, field notes 2015",26.903619632693815,57.63607452819651,""
"","10dadf5e430773dcd2de2119a2f0c451","26-ecb06f4124b06a43ab30ef1744d4ac5f","1220639","هرمزگان","Hormozgān","میناب","Mināb","سندرک","Senderk","","","سندرک","Senderk","کشهران","Keshehrān","Keshehron","Hassan Mohebbi Bahmani, field notes 2015","111","","","","Mārzi Gāl 90%; Minowi 10%","Hassan Mohebbi Bahmani, field notes 2015",26.85079464645515,57.58019557456428,""
"","10dadf5e430773dcd2de2119a2f108ff","26-9e5c0803227786cee9ca56da2d11e75f","1220640","هرمزگان","Hormozgān","میناب","Mināb","سندرک","Senderk","","","سندرک","Senderk","انبارک","Anbārak","Anbārak","Hassan Mohebbi Bahmani, field notes 2015","28","","","","Mārzi Gāl 90%; Minowi 10%","Hassan Mohebbi Bahmani, field notes 2015",26.916446089653345,57.619757603337646,""
"","10dadf5e430773dcd2de2119a2f159b9","26-fe624520c43bd4d42b72954b4755992b","1220641","هرمزگان","Hormozgān","میناب","Mināb","سندرک","Senderk","","","سندرک","Senderk","دویری","Doviri","Dowiri","Hassan Mohebbi Bahmani, field notes 2015","28","","","","Mārzi Gāl 90%; Minowi 10%","Hassan Mohebbi Bahmani, field notes 2015",26.904867571681145,57.62534464471439,""
"","10dadf5e430773dcd2de2119a2f1b3af","26-85596775a1209798f5fef2f4233c2dab","1220642","هرمزگان","Hormozgān","میناب","Mināb","سندرک","Senderk","","","سندرک","Senderk","سیت","Sit","Sit","Hassan Mohebbi Bahmani, field notes 2015","304","","","","Mārzi Gāl 90%; Minowi 10%","Hassan Mohebbi Bahmani, field notes 2015",26.73401230429097,57.54213849015157,""
"","10dadf5e430773dcd2de2119a2f20904","26-204901e6982242fee9668f938d89b82b","1220643","هرمزگان","Hormozgān","میناب","Mināb","سندرک","Senderk","","","سندرک","Senderk","درگلو","Dar Galu","Dar Galu","Hassan Mohebbi Bahmani, field notes 2015","305","","","","Mārzi Gāl 90%; Minowi 10%","Hassan Mohebbi Bahmani, field notes 2015",26.86908459395613,57.45001852193016,""
"","10dadf5e430773dcd2de2119a2f24fc7","26-cc6e1d79e6b9c0b4ee23d6bb5e6e48c4","1220644","هرمزگان","Hormozgān","میناب","Mināb","سندرک","Senderk","","","سندرک","Senderk","سرمازغ","Sar Māzegh","Sar Māzegh","Hassan Mohebbi Bahmani, field notes 2015","651","","","","Mārzi Gāl 90%; Minowi 10%","Hassan Mohebbi Bahmani, field notes 2015",26.84137066018479,57.408574176443814,""
"","10dadf5e430773dcd2de2119a2f29210","26-8b00077d70d0c6c2570fbbce350fe614","1220645","هرمزگان","Hormozgān","میناب","Mināb","سندرک","Senderk","","","سندرک","Senderk","شیوه ای","Shivei","Shivei","Hassan Mohebbi Bahmani, field notes 2015","208","","","","Mārzi Gāl 90%; Minowi 10%","Hassan Mohebbi Bahmani, field notes 2015",26.891421129109556,57.430037212977446,""
"","10dadf5e430773dcd2de2119a2f2ed09","26-899e3f2cb9ed19e79462336d06a81e63","1220646","هرمزگان","Hormozgān","میناب","Mināb","سندرک","Senderk","","","سندرک","Senderk","گونر","Gownar","Gownar","Hassan Mohebbi Bahmani, field notes 2015","169","","","","Mārzi Gāl 90%; Minowi 10%","Hassan Mohebbi Bahmani, field notes 2015",26.865218018689465,57.448902722980534,""
"","10dadf5e430773dcd2de2119a2f34062","26-c3bab2472cf59690184677e602d40375","1220647","هرمزگان","Hormozgān","میناب","Mināb","سندرک","Senderk","","","سندرک","Senderk","شیخ عمر","Sheykh Omar","Sheykh Omar","Hassan Mohebbi Bahmani, field notes 2015","53","","","","Mārzi Gāl 90%; Minowi 10%","Hassan Mohebbi Bahmani, field notes 2015",26.855838153249074,57.45971738972686,""
"","10dadf5e430773dcd2de2119a2f38f24","26-aeef8f46b021381daeec40cd5ae17c2f","1220648","هرمزگان","Hormozgān","میناب","Mināb","سندرک","Senderk","","","سندرک","Senderk","مازغ کوریان","Māzegh Kuriān","Māzegh Kurion","Hassan Mohebbi Bahmani, field notes 2015","272","","","","Mārzi Gāl 90%; Minowi 10%","Hassan Mohebbi Bahmani, field notes 2015",26.85947533624397,57.44752943196463,""
"","10dadf5e430773dcd2de2119a2f3de0e","27-bb55af2a5e44759f03ea2520a769e9ea","1220649","هرمزگان","Hormozgān","میناب","Mināb","سندرک","Senderk","","","سندرک","Senderk","گرو","Garu","Garu","Hassan Mohebbi Bahmani, field notes 2015","2113","","","","Mārzi Gāl 90%; Minowi 10%","Hassan Mohebbi Bahmani, field notes 2015",26.84306339306424,57.28206484835361,""
"","10dadf5e430773dcd2de2119a2f42ff0","26-61e8c3a8626719611302c6709a9faaa7","1220650","هرمزگان","Hormozgān","میناب","Mināb","سندرک","Senderk","","","سندرک","Senderk","ارنگوبالا","Arangow Bālā","Arangow Bālā","Hassan Mohebbi Bahmani, field notes 2015","913","","","","Mārzi Gāl 90%; Minowi 10%","Hassan Mohebbi Bahmani, field notes 2015",26.81935873782624,57.43545501747601,""
"","10dadf5e430773dcd2de2119a2f486d6","26-a9de95f0ea101147c61f84e8977edc61","1220651","هرمزگان","Hormozgān","میناب","Mināb","سندرک","Senderk","","","سندرک","Senderk","ارنگوپائین","Arangow Pāin","Arangow Pāin","Hassan Mohebbi Bahmani, field notes 2015","334","","","","Mārzi Gāl 90%; Minowi 10%","Hassan Mohebbi Bahmani, field notes 2015",26.820890690983997,57.41393833676152,""
"","10dadf5e430773dcd2de2119a2f4ed13","26-2c1b80330b8f8170addda44110853de4","1220652","هرمزگان","Hormozgān","میناب","Mināb","سندرک","Senderk","","","سندرک","Senderk","مازاوی","Māzavi","Māzavi","Hassan Mohebbi Bahmani, field notes 2015","486","","","","Mārzi Gāl 90%; Minowi 10%","Hassan Mohebbi Bahmani, field notes 2015",26.827820126616665,57.28227942507356,""
"","10dadf5e430773dcd2de2119a2f53eb7","26-f4ff74e2968b888f1657c6bdb442f1ee","1220653","هرمزگان","Hormozgān","میناب","Mināb","سندرک","Senderk","سندرک","Senderk","","","","","Senderk","Hassan Mohebbi Bahmani, field notes 2015","2024","","","","Mārzi Gāl 85%; Minowi 10%; Tehrāni type Persian 5%","Hassan Mohebbi Bahmani, field notes 2015",26.8369859995156,57.42647756502113,""
"","10dadf5e430773dcd2de2119a2f5aa81","22-287c048ff89552dc68056bf977c2d86f","1220654","هرمزگان","Hormozgān","میناب","Mināb","مرکزی","Markazi","","","","","","","","","142745","","","","","","","",""
"","10dadf5e430773dcd2de2119a2f5f32d","22-49613b061e7f96cf503f6e4cff5ccd42","1220655","هرمزگان","Hormozgān","میناب","Mināb","مرکزی","Markazi","","","تیاب","Tiāb","","","","","19642","","","","","","","",""
"","10dadf5e430773dcd2de2119a2f64269","26-063abd40c17806a8a2734d6e0dceed1e","1220656","هرمزگان","Hormozgān","میناب","Mināb","مرکزی","Markazi","","","تیاب","Tiāb","کلاهی","Kolāhi","Kolāhi","Hassan Mohebbi Bahmani, field notes 2015","5284","","","","Southern Balochi 90%; mixed 10%","Hassan Mohebbi Bahmani, field notes 2015",27.06156181803309,56.87273168523379,""
"","10dadf5e430773dcd2de2119a2f69c43","27-f04458be41c53d51bed97aa4ec6b15f2","1220657","هرمزگان","Hormozgān","میناب","Mināb","مرکزی","Markazi","","","تیاب","Tiāb","تیاب","Tiāb","Tiāb","Hassan Mohebbi Bahmani, field notes 2015","2416","","","","Minowi 90%; Tehrāni type Persian 5%; mixed 5%","Hassan Mohebbi Bahmani, field notes 2015",27.11211853164274,56.86817192991166,""
"","10dadf5e430773dcd2de2119a2f6d660","26-66cbc3dc2eef61b8fbdab27c3b12f0d4","1220658","هرمزگان","Hormozgān","میناب","Mināb","مرکزی","Markazi","","","تیاب","Tiāb","نخل ابراهیمی","Nakhl Ebrāhimi","Mogh Bereymi","Hassan Mohebbi Bahmani, field notes 2015","1972","","","","Minowi 90%; Tehrāni type Persian 5%; mixed 5%","Hassan Mohebbi Bahmani, field notes 2015",27.130391510203257,56.915006781222495,""
"","10dadf5e430773dcd2de2119a2f72436","26-83f5801c4b896ba02ec48072aa0e90df","1220659","هرمزگان","Hormozgān","میناب","Mināb","مرکزی","Markazi","","","تیاب","Tiāb","چلوگاومیشی","Chelow Gāvmishi","Chelow Gāwmishi","Hassan Mohebbi Bahmani, field notes 2015","213","","","","Minowi 90%; Tehrāni type Persian 5%; mixed 5%","Hassan Mohebbi Bahmani, field notes 2015",27.137886716410314,56.984636927238824,""
"","10dadf5e430773dcd2de2119a2f7928a","26-da1673bfe4ca8cb964328a915bc70dec","1220660","هرمزگان","Hormozgān","میناب","Mināb","مرکزی","Markazi","","","تیاب","Tiāb","دهو","Dohu","Dohu","Hassan Mohebbi Bahmani, field notes 2015","3696","","","","Minowi 90%; Tehrāni type Persian 5%; mixed 5%","Hassan Mohebbi Bahmani, field notes 2015",27.12402735155799,56.933841252922456,""
"","10dadf5e430773dcd2de2119a2f7ca65","28-c71238227b7865a970f0511a05523067","1220661","هرمزگان","Hormozgān","میناب","Mināb","مرکزی","Markazi","","","تیاب","Tiāb","سبهتی","Sobohti","Sobohti","Hassan Mohebbi Bahmani, field notes 2015","675","","","","Minowi 90%; Tehrāni type Persian 5%; mixed 5%","Hassan Mohebbi Bahmani, field notes 2015",27.17742157512536,56.950492406484074,""
"","10dadf5e430773dcd2de2119a2f83028","26-53a0cbe27640f5b7de466468f1d7931d","1220662","هرمزگان","Hormozgān","میناب","Mināb","مرکزی","Markazi","","","تیاب","Tiāb","سرباران","Sar Bārān","Sar Bāron","Hassan Mohebbi Bahmani, field notes 2015","675","","","","Minowi 90%; Tehrāni type Persian 5%; mixed 5%","Hassan Mohebbi Bahmani, field notes 2015",27.17590569035315,56.959163188518936,""
"","10dadf5e430773dcd2de2119a2f87bf1","26-faabc9822d3727617f3164cbcfb91b9d","1220663","هرمزگان","Hormozgān","میناب","Mināb","مرکزی","Markazi","","","تیاب","Tiāb","مازغ بالا","Māzegh Bālā","Māzegh Bālā","Hassan Mohebbi Bahmani, field notes 2015","1310","","","","Minowi 55%; Koroshi 35%; Tehrāni type Persian 5%; mixed 5%","Hassan Mohebbi Bahmani, field notes 2015",27.10105679797599,56.92130112607089,""
"","10dadf5e430773dcd2de2119a2f8cc3e","26-41bc8c097daca78fdc659ab1d4cf98cf","1220664","هرمزگان","Hormozgān","میناب","Mināb","مرکزی","Markazi","","","تیاب","Tiāb","مازغ پایین","Māzegh Pāin","Māzegh Pāin","Hassan Mohebbi Bahmani, field notes 2015","1083","","","","Minowi 55%; Koroshi 35%; Tehrāni type Persian 5%; mixed 5%","Hassan Mohebbi Bahmani, field notes 2015; Maryam Nourzaei, field notes 2011",27.09243204187678,56.90256857831361,""
"","10dadf5e430773dcd2de2119a2f928a8","25-3f9bf2ff1e8d1b7ed37954c208293cef","1220665","هرمزگان","Hormozgān","میناب","Mināb","مرکزی","Markazi","","","تیاب","Tiāb","ماهشهران","Māh Shehrān","Māh Shehron","Hassan Mohebbi Bahmani, field notes 2015","524","","","","Minowi 90%; Tehrāni type Persian 5%; mixed 5%","Hassan Mohebbi Bahmani, field notes 2015; Maryam Nourzaei, field notes 2011",27.152247229852804,56.96184539753527,""
"","10dadf5e430773dcd2de2119a2f97dbe","26-83ce719e305b8cee27b11021e0352553","1220666","هرمزگان","Hormozgān","میناب","Mināb","مرکزی","Markazi","","","تیاب","Tiāb","محمودشاهی","Mahmud Shāhi","Mahmud Shāhi","Hassan Mohebbi Bahmani, field notes 2015","72","","","","Minowi 90%; Tehrāni type Persian 5%; mixed 5%","Hassan Mohebbi Bahmani, field notes 2015",27.167843366284444,56.97669061471534,""
"","10dadf5e430773dcd2de2119a2f9c38c","26-aed82cb27e3ba132ce4c42220df715fd","1220667","هرمزگان","Hormozgān","میناب","Mināb","مرکزی","Markazi","","","تیاب","Tiāb","گیشنو","Gishnow","Gishnow","Hassan Mohebbi Bahmani, field notes 2015","122","","","","Minowi 90%; Tehrāni type Persian 5%; mixed 5%","Hassan Mohebbi Bahmani, field notes 2015",27.12368817036578,56.97613230893566,""
"","10dadf5e430773dcd2de2119a2fa1ef9","26-943222330d76d7d6b86d6a851693de77","1220668","هرمزگان","Hormozgān","میناب","Mināb","مرکزی","Markazi","","","تیاب","Tiāb","باغونی","Bāghoni","Bāghoni","Hassan Mohebbi Bahmani, field notes 2015","349","","","","Minowi 90%; Tehrāni type Persian 5%; mixed 5%","Hassan Mohebbi Bahmani, field notes 2015",27.184623808344664,56.96713506862794,""
"","10dadf5e430773dcd2de2119a2fa6e36","25-9d2ebf84afee9a365a9ae87b130443bc","1220669","هرمزگان","Hormozgān","میناب","Mināb","مرکزی","Markazi","","","تیاب","Tiāb","حاجی آباد","Hāji Ābād","Hāji Ābād","Hassan Mohebbi Bahmani, field notes 2015","850","","","","Minowi 75%; Koroshi 15%; Tehrāni type Persian 5%; mixed 5%","Hassan Mohebbi Bahmani, field notes 2015; Maryam Nourzaei, field notes 2011",27.176403029236855,56.92493629449751,""
"","10dadf5e430773dcd2de2119a2fab96b","26-802b7429382a4aa402b456f70234a3eb","1220670","هرمزگان","Hormozgān","میناب","Mināb","مرکزی","Markazi","","","تیاب","Tiāb","دلالون","Delālon","Delālon","Hassan Mohebbi Bahmani, field notes 2015","110","","","","Minowi 90%; Tehrāni type Persian 5%; mixed 5%","Hassan Mohebbi Bahmani, field notes 2015",27.134107023936892,56.930174228408674,""
"","10dadf5e430773dcd2de2119a2fb1cb4","26-dbc143e2e6ea6190e74ddd2597e30513","1220671","هرمزگان","Hormozgān","میناب","Mināb","مرکزی","Markazi","","","تیاب","Tiāb","ماه خاتونی","Māh Khātuni","Māh Khātuni","Hassan Mohebbi Bahmani, field notes 2015","199","","","","Minowi 90%; Tehrāni type Persian 5%; mixed 5%","Hassan Mohebbi Bahmani, field notes 2015",27.183228440023854,56.96084299410075,""
"","10dadf5e430773dcd2de2119a2fb5f3e","27-2321855c2e052fb7828a47faa2046a18","1220672","هرمزگان","Hormozgān","میناب","Mināb","مرکزی","Markazi","","","تیاب","Tiāb","اسپنگون","Espengon","Espengon","Hassan Mohebbi Bahmani, field notes 2015","92","","","","Minowi 90%; Tehrāni type Persian 5%; mixed 5%","Hassan Mohebbi Bahmani, field notes 2015",27.139530176918623,56.91981017277674,""
"","10dadf5e430773dcd2de2119a2fbc72f","22-03a3971a7ae89f53874084e372712106","1220673","هرمزگان","Hormozgān","میناب","Mināb","مرکزی","Markazi","","","حومه","Humeh","","","","","26910","","","","","","","",""
"","10dadf5e430773dcd2de2119a2fc1725","26-e9ec59cb50b13da5d10cb06e30b04128","1220674","هرمزگان","Hormozgān","میناب","Mināb","مرکزی","Markazi","","","حومه","Humeh","بهمنی","Bahmani","Bahmani, Gwahmeni","Hassan Mohebbi Bahmani, field notes 2015","763","","","","Minowi 90%; Tehrāni type Persian 5%; mixed 5%","Hassan Mohebbi Bahmani, field notes 2015",27.185679935788027,57.03999326166856,""
"","10dadf5e430773dcd2de2119a2fc5c03","26-cc1cb2088d2859c95a58bb0533bfff87","1220675","هرمزگان","Hormozgān","میناب","Mināb","مرکزی","Markazi","","","حومه","Humeh","شهمرادی","Shah Morādi","Shah Morādi","Hassan Mohebbi Bahmani, field notes 2015","362","","","","Minowi 90%; Tehrāni type Persian 5%; mixed 5%","Hassan Mohebbi Bahmani, field notes 2015",27.175202926401585,57.04777703222864,""
"","10dadf5e430773dcd2de2119a2fca959","26-2c5b64030814968476a5622c45cf9dfd","1220676","هرمزگان","Hormozgān","میناب","Mināb","مرکزی","Markazi","","","حومه","Humeh","شهوارپالور","Shahvār Pālur","Shahvār Pālur","Hassan Mohebbi Bahmani, field notes 2015","1216","","","","Minowi 90%; Tehrāni type Persian 5%; mixed 5%","Hassan Mohebbi Bahmani, field notes 2015",27.197056424329443,57.04955682248809,""
"","10dadf5e430773dcd2de2119a2fcf915","26-dade430bee98c73fda006b739942c955","1220677","هرمزگان","Hormozgān","میناب","Mināb","مرکزی","Markazi","","","حومه","Humeh","لرد منجلی","Lard Manjali","Lard Manjali","Hassan Mohebbi Bahmani, field notes 2015","542","","","","Minowi 90%; Tehrāni type Persian 5%; mixed 5%","Hassan Mohebbi Bahmani, field notes 2015",27.173411252037322,57.048825411295674,""
"","10dadf5e430773dcd2de2119a2fd3e22","26-a307dd41a41abe593c84a2115a45de86","1220678","هرمزگان","Hormozgān","میناب","Mināb","مرکزی","Markazi","","","حومه","Humeh","قطاران","Qatārān","Katāron","Hassan Mohebbi Bahmani, field notes 2015","104","","","","Minowi 90%; Tehrāni type Persian 5%; mixed 5%","Hassan Mohebbi Bahmani, field notes 2015",27.16630931966455,57.04846550493593,""
"","10dadf5e430773dcd2de2119a2fd8664","26-54faf603999092ac11e069d1ddead59f","1220679","هرمزگان","Hormozgān","میناب","Mināb","مرکزی","Markazi","","","حومه","Humeh","احمد آباد کلیبی","Ahmad Ābād Koleybi","Ahmad Ābād Koleybi","Hassan Mohebbi Bahmani, field notes 2015","265","","","","Minowi 90%; Tehrāni type Persian 5%; mixed 5%","Hassan Mohebbi Bahmani, field notes 2015",27.21889006821329,56.98077607386143,""
"","10dadf5e430773dcd2de2119a2fdceda","26-8b480c43dfe81385acb0ce387da7eef5","1220680","هرمزگان","Hormozgān","میناب","Mināb","مرکزی","Markazi","","","حومه","Humeh","درخانه","Dar Khāneh","Dar Khona","Hassan Mohebbi Bahmani, field notes 2015","334","","","","Minowi 90%; Tehrāni type Persian 5%; mixed 5%","Hassan Mohebbi Bahmani, field notes 2015",27.18999000126791,56.99133275375931,""
"","10dadf5e430773dcd2de2119a2fe23ab","26-7068dff0894182f491754e27ba8f9e6a","1220681","هرمزگان","Hormozgān","میناب","Mināb","مرکزی","Markazi","","","حومه","Humeh","سرکنتکان، سر کنتان","Sar Kontakān, Sar Kontān","Sar Kontakon, Sar Konton","Hassan Mohebbi Bahmani, field notes 2015","183","","","","Minowi 90%; Tehrāni type Persian 5%; mixed 5%","Hassan Mohebbi Bahmani, field notes 2015",27.19396784458987,57.0024952342912,""
"","10dadf5e430773dcd2de2119a2fe6ac3","27-d47e3cd0980b49fbdb2d06cc860123a3","1220682","هرمزگان","Hormozgān","میناب","Mināb","مرکزی","Markazi","","","حومه","Humeh","کلیبی","Koleybi","Koleybi","Hassan Mohebbi Bahmani, field notes 2015","714","","","","Minowi 90%; Tehrāni type Persian 5%; mixed 5%","Hassan Mohebbi Bahmani, field notes 2015",27.196224003792334,56.98343181568429,""
"","10dadf5e430773dcd2de2119a2feba55","27-b0cb55ef0fd1e8ad6fdc3cd01d7cbd8f","1220683","هرمزگان","Hormozgān","میناب","Mināb","مرکزی","Markazi","","","حومه","Humeh","ماکیان","Mākiān","Māh Kion, Mākion","Hassan Mohebbi Bahmani, field notes 2015","174","","","","Minowi 90%; Tehrāni type Persian 5%; mixed 5%","Hassan Mohebbi Bahmani, field notes 2015",27.18924287232602,57.013065215793226,""
"","10dadf5e430773dcd2de2119a2ff17ef","26-fd1ad4502d01d11a827977cc76c9ad06","1220684","هرمزگان","Hormozgān","میناب","Mināb","مرکزی","Markazi","","","حومه","Humeh","حکمی","Hakami","Hakami","Hassan Mohebbi Bahmani, field notes 2015","4649","","","","Minowi 90%; Tehrāni type Persian 5%; mixed 5%","Hassan Mohebbi Bahmani, field notes 2015",27.17563367279872,57.01911643135216,""
"","10dadf5e430773dcd2de2119a2ff77db","26-11d23acbe1a64603ce10a056db933c9b","1220685","هرمزگان","Hormozgān","میناب","Mināb","مرکزی","Markazi","","","حومه","Humeh","سرکم بهمنی","Sar Kam Bahmani","Sar Kam Bahmani","Hassan Mohebbi Bahmani, field notes 2015","445","","","","Minowi 90%; Tehrāni type Persian 5%; mixed 5%","Hassan Mohebbi Bahmani, field notes 2015",27.18675499464231,57.02775985312442,""
"","10dadf5e430773dcd2de2119a2ffb698","26-986eba8b36d9a4643dbe5b22d20fe26b","1220686","هرمزگان","Hormozgān","میناب","Mināb","مرکزی","Markazi","","","حومه","Humeh","شمجو","Shamju","Shamju","Hassan Mohebbi Bahmani, field notes 2015","1215","","","","Minowi 90%; Tehrāni type Persian 5%; mixed 5%","Hassan Mohebbi Bahmani, field notes 2015",27.172507971860025,57.05266148161505,""
"","a41bc5cb5c3ea433e5d38b94a5020828","28-3d0471c0a84df9f27810326e1634a5f6","1220693","هرمزگان","Hormozgān","میناب","Mināb","مرکزی","Markazi","","","حومه","Humeh","بلبلی","Bolboli","Bolboli","Hassan Mohebbi Bahmani, field notes 2015","729","","","","Minowi 90%; Tehrāni type Persian 5%; mixed 5%","Hassan Mohebbi Bahmani, field notes 2015",27.175256664918017,57.009170800326444,""
"","a41bc5cb5c3ea433e5d38b94a502479a","27-b1c12bcdebb9d2af4ffc970bbea0e03c","1220694","هرمزگان","Hormozgān","میناب","Mināb","مرکزی","Markazi","","","حومه","Humeh","تمب گوهر","Tomb Gowhar","Tomb Gowhar","Hassan Mohebbi Bahmani, field notes 2015","559","","","","Minowi 90%; Tehrāni type Persian 5%; mixed 5%","Hassan Mohebbi Bahmani, field notes 2015",27.115267571239293,57.00084522354654,""
"","a41bc5cb5c3ea433e5d38b94a5029a69","30-17bbbea0dda1324476cb7cc2da78901b","1220695","هرمزگان","Hormozgān","میناب","Mināb","مرکزی","Markazi","","","حومه","Humeh","تمب بساط","Tom Basāt","Tom Basāt","Hassan Mohebbi Bahmani, field notes 2015","172","","","","Minowi 90%; Tehrāni type Persian 5%; mixed 5%","Hassan Mohebbi Bahmani, field notes 2015",27.10958061341054,57.0082856713522,""
"","a41bc5cb5c3ea433e5d38b94a502d1a5","27-ef5eb441dc20fe847b36edc7b3765fd5","1220696","هرمزگان","Hormozgān","میناب","Mināb","مرکزی","Markazi","","","حومه","Humeh","تمبک پائین","Tombek Pāin","Tombek Pāin","Hassan Mohebbi Bahmani, field notes 2015","727","","","","Minowi 90%; Tehrāni type Persian 5%; mixed 5%","Hassan Mohebbi Bahmani, field notes 2015",27.103688028183285,56.97097077954305,""
"","a41bc5cb5c3ea433e5d38b94a5032ec3","27-043fc6f3bf985c1d3c926d0094859c6c","1220697","هرمزگان","Hormozgān","میناب","Mināb","مرکزی","Markazi","","","حومه","Humeh","گلشوار","Goleshvār","Goleshwār","Hassan Mohebbi Bahmani, field notes 2015","423","","","","Minowi 90%; Tehrāni type Persian 5%; mixed 5%","Hassan Mohebbi Bahmani, field notes 2015",27.14585534444135,57.02575240182809,""
"","a41bc5cb5c3ea433e5d38b94a5037f65","27-5f35389f00c1e74a9c1216be96fa9082","1220698","هرمزگان","Hormozgān","میناب","Mināb","مرکزی","Markazi","","","حومه","Humeh","محمودی","Mahmudi","Mahmudi","Hassan Mohebbi Bahmani, field notes 2015","723","","","","Minowi 90%; Tehrāni type Persian 5%; mixed 5%","Hassan Mohebbi Bahmani, field notes 2015",27.116799948695615,57.03256521272486,""
"","a41bc5cb5c3ea433e5d38b94a503cd79","27-d1fc9366776ce421287cda8a579e3b63","1220699","هرمزگان","Hormozgān","میناب","Mināb","مرکزی","Markazi","","","حومه","Humeh","دهوسطی","Dohostā","Dohostā","Hassan Mohebbi Bahmani, field notes 2015","938","","","","Minowi 90%; Tehrāni type Persian 5%; mixed 5%","Hassan Mohebbi Bahmani, field notes 2015",27.15756893939263,57.02915344285785,""
"","a41bc5cb5c3ea433e5d38b94a5042c59","27-cd88fe70448f82ea474364777f5b4281","1220700","هرمزگان","Hormozgān","میناب","Mināb","مرکزی","Markazi","","","حومه","Humeh","شاه منصوری","Shāh Mansuri","Shāh Mansuri","Hassan Mohebbi Bahmani, field notes 2015","477","","","","Minowi 90%; Tehrāni type Persian 5%; mixed 5%","Hassan Mohebbi Bahmani, field notes 2015",27.159506767005553,57.01816711473431,""
"","a41bc5cb5c3ea433e5d38b94a5048da7","29-db77b6370c1c1047f3f2430d37be1473","1220701","هرمزگان","Hormozgān","میناب","Mināb","مرکزی","Markazi","","","حومه","Humeh","ملاحسنی","Molla Hasani","Molla Hasani","Hassan Mohebbi Bahmani, field notes 2015","244","","","","Minowi 90%; Tehrāni type Persian 5%; mixed 5%","Hassan Mohebbi Bahmani, field notes 2015",27.154962842349263,57.02706668424492,""
"","a41bc5cb5c3ea433e5d38b94a504de80","28-fa04e05b9e830d65bbc8839534687d3f","1220702","هرمزگان","Hormozgān","میناب","Mināb","مرکزی","Markazi","","","حومه","Humeh","بازیاری","Bāziāri","Bāziari","Hassan Mohebbi Bahmani, field notes 2015","1500","","","","Minowi 90%; Tehrāni type Persian 5%; mixed 5%","Hassan Mohebbi Bahmani, field notes 2015",27.17419244592789,57.04043948607946,""
"","a41bc5cb5c3ea433e5d38b94a5053caf","28-1e4ece58440200f12b1e35772b509532","1220703","هرمزگان","Hormozgān","میناب","Mināb","مرکزی","Markazi","","","حومه","Humeh","خواجه شمسی","Khājeh Shamsi","Khāja Shamsi","Hassan Mohebbi Bahmani, field notes 2015","247","","","","Minowi 90%; Tehrāni type Persian 5%; mixed 5%","Hassan Mohebbi Bahmani, field notes 2015",27.16734834119067,57.04289138003491,""
"","a41bc5cb5c3ea433e5d38b94a50589c9","27-93abb8a65b3cc8e6295bf0c8deabf1b8","1220704","هرمزگان","Hormozgān","میناب","Mināb","مرکزی","Markazi","","","حومه","Humeh","تمبانو","Tombānu","Tombānu","Hassan Mohebbi Bahmani, field notes 2015","845","","","","Minowi 90%; Tehrāni type Persian 5%; mixed 5%","Hassan Mohebbi Bahmani, field notes 2015",27.139785486736294,57.037560073095115,""
"","a41bc5cb5c3ea433e5d38b94a505bdc0","27-93e6d66414e81641ef233f9425f3d313","1220705","هرمزگان","Hormozgān","میناب","Mināb","مرکزی","Markazi","","","حومه","Humeh","تالار","Tālār","Tālār","Hassan Mohebbi Bahmani, field notes 2015","713","","","","Minowi 90%; Tehrāni type Persian 5%; mixed 5%","Hassan Mohebbi Bahmani, field notes 2015",27.13900747801192,57.0309342215857,""
"","a41bc5cb5c3ea433e5d38b94a5061787","27-4d806cd3cb744139a4ae40e3dc28cb74","1220706","هرمزگان","Hormozgān","میناب","Mināb","مرکزی","Markazi","","","حومه","Humeh","ملاجماتی","Mollā Jamāti","Mollā Jamāti","Hassan Mohebbi Bahmani, field notes 2015","436","","","","Minowi 90%; Tehrāni type Persian 5%; mixed 5%","Hassan Mohebbi Bahmani, field notes 2015",27.13501172863566,57.03040850862041,""
"","a41bc5cb5c3ea433e5d38b94a5064b98","28-a196654d0f9a3d858fda7ddf9a3ba0fc","1220707","هرمزگان","Hormozgān","میناب","Mināb","مرکزی","Markazi","","","حومه","Humeh","نصیرائی","Nasirāi","Nasirāi","Hassan Mohebbi Bahmani, field notes 2015","1451","","","","Minowi 90%; Tehrāni type Persian 5%; mixed 5%","Hassan Mohebbi Bahmani, field notes 2015",27.12460001947507,57.02745088386976,""
"","a41bc5cb5c3ea433e5d38b94a506a4a4","27-e8faf4991b8be7dab8564a0960b22c9d","1220708","هرمزگان","Hormozgān","میناب","Mināb","مرکزی","Markazi","","","حومه","Humeh","فخرآباد","Fakhr Ābād","Fakhr Ābād, Fahr Ābād","Hassan Mohebbi Bahmani, field notes 2015","921","","","","Minowi 90%; Tehrāni type Persian 5%; mixed 5%","Hassan Mohebbi Bahmani, field notes 2015",27.159306786736696,57.04778838387957,""
"","a41bc5cb5c3ea433e5d38b94a506f181","27-f3b1310b0fac20c13ca4f8121c94c4f3","1220709","هرمزگان","Hormozgān","میناب","Mināb","مرکزی","Markazi","","","حومه","Humeh","کلنتان","Kalantān","Kalanton","Hassan Mohebbi Bahmani, field notes 2015","525","","","","Minowi 90%; Tehrāni type Persian 5%; mixed 5%","Hassan Mohebbi Bahmani, field notes 2015",27.148580909585142,57.038149234497425,""
"","a41bc5cb5c3ea433e5d38b94a5073b3a","27-aedca7d7c346d3c56db2b23a07cca844","1220710","هرمزگان","Hormozgān","میناب","Mināb","مرکزی","Markazi","","","حومه","Humeh","پشته آزادگان","Poshteh Āzādegān","Poshta Āzādegān","Hassan Mohebbi Bahmani, field notes 2015","1328","","","","Minowi 90%; Tehrāni type Persian 5%; mixed 5%","Hassan Mohebbi Bahmani, field notes 2015",27.221170821247814,57.05773401490527,""
"","a41bc5cb5c3ea433e5d38b94a507924d","27-5743087463ca4ffac1c03b720475072c","1220711","هرمزگان","Hormozgān","میناب","Mināb","مرکزی","Markazi","","","حومه","Humeh","جا نشینی","Jā Neshini","Jā Neshini","Hassan Mohebbi Bahmani, field notes 2015","377","","","","Minowi 90%; Tehrāni type Persian 5%; mixed 5%","Hassan Mohebbi Bahmani, field notes 2015",27.20327600818455,57.05288458100693,""
"","a41bc5cb5c3ea433e5d38b94a507dcda","23-116b4e82fa7ec97470d0ef17fd5e19d6","1220712","هرمزگان","Hormozgān","میناب","Mināb","مرکزی","Markazi","","","کریان","Kariān","","","","","15203","","","","","","","",""
"","a41bc5cb5c3ea433e5d38b94a5081211","28-17208be5b24e73048cb25155bcc037e9","1220713","هرمزگان","Hormozgān","میناب","Mināb","مرکزی","Markazi","","","کریان","Kariān","باغک","Bāghak","Bāghak","Hassan Mohebbi Bahmani, field notes 2015","","(less than 3 households; population not specified in 2011 Census for reasons of privacy)","","","Minowi 90%; Tehrāni type Persian 5%; mixed 5%","Hassan Mohebbi Bahmani, field notes 2015",27.01063381056246,57.319381481208275,""
"","a41bc5cb5c3ea433e5d38b94a5086f6b","27-174eb3d9cbd70cf9fc543ce5ded50929","1220714","هرمزگان","Hormozgān","میناب","Mināb","مرکزی","Markazi","","","کریان","Kariān","برنزکی","Barnezki","Barnezki","Hassan Mohebbi Bahmani, field notes 2015","32","","","","Minowi 90%; Tehrāni type Persian 5%; mixed 5%","Hassan Mohebbi Bahmani, field notes 2015",27.0332596862308,57.33009993235189,""
"","a41bc5cb5c3ea433e5d38b94a508b9a2","27-b4a3953966ca4bcc1e0d1181c8b37ac1","1220715","هرمزگان","Hormozgān","میناب","Mināb","مرکزی","Markazi","","","کریان","Kariān","پابنان","Pābanān","Pābanon","Hassan Mohebbi Bahmani, field notes 2015","67","","","","Minowi 90%; Tehrāni type Persian 5%; mixed 5%","Hassan Mohebbi Bahmani, field notes 2015",27.054972647440657,57.32640116612087,""
"","a41bc5cb5c3ea433e5d38b94a5091d56","27-1e6949ee08bfb6e01da7e5279ff27b4d","1220716","هرمزگان","Hormozgān","میناب","Mināb","مرکزی","Markazi","","","کریان","Kariān","تهتان","Tahtān","Tahtān","Hassan Mohebbi Bahmani, field notes 2015","70","","","","Minowi 90%; Tehrāni type Persian 5%; mixed 5%","Hassan Mohebbi Bahmani, field notes 2015",26.99985123917243,57.31267059425419,""
"","a41bc5cb5c3ea433e5d38b94a5096443","27-71b80073792bd19366c0e038e6b98fd3","1220717","هرمزگان","Hormozgān","میناب","Mināb","مرکزی","Markazi","","","کریان","Kariān","قلات رستم","Qalāt Rostam","Kalāt Rostam","Hassan Mohebbi Bahmani, field notes 2015","25","","","","Minowi 90%; Tehrāni type Persian 5%; mixed 5%","Hassan Mohebbi Bahmani, field notes 2015",27.018430934392946,57.321752553976566,""
"","a41bc5cb5c3ea433e5d38b94a509b0dd","25-82180d5d7d24b243168abf2bcabcc71a","1220718","هرمزگان","Hormozgān","میناب","Mināb","مرکزی","Markazi","","","کریان","Kariān","قلمان عبداله","Qalmān Abdollāh","Kalmān Abdollāh","Hassan Mohebbi Bahmani, field notes 2015","70","","","","Minowi 90%; Tehrāni type Persian 5%; mixed 5%","Hassan Mohebbi Bahmani, field notes 2015","","",""
"","a41bc5cb5c3ea433e5d38b94a50a0a96","27-00c4dc6a5fd55145a06cf8b4aa3044a3","1220719","هرمزگان","Hormozgān","میناب","Mināb","مرکزی","Markazi","","","کریان","Kariān","گوچک","Gwachk","Gwachk","Hassan Mohebbi Bahmani, field notes 2015","480","","","","Minowi 90%; Tehrāni type Persian 5%; mixed 5%","Hassan Mohebbi Bahmani, field notes 2015",26.928883880677592,57.2469809572015,""
"","a41bc5cb5c3ea433e5d38b94a50a4540","27-5e6fa76b5eb955bd1c84d5cdcdbf50d0","1220720","هرمزگان","Hormozgān","میناب","Mināb","مرکزی","Markazi","","","کریان","Kariān","قلم زنی","Qalam Zani","Kalam Zani","Hassan Mohebbi Bahmani, field notes 2015","375","","","","Minowi 90%; Tehrāni type Persian 5%; mixed 5%","Hassan Mohebbi Bahmani, field notes 2015",27.074889561935276,57.33136022666693,""
"","a41bc5cb5c3ea433e5d38b94a50a9c77","27-62a6a3fef38b7292c3def079b7051551","1220721","هرمزگان","Hormozgān","میناب","Mināb","مرکزی","Markazi","","","کریان","Kariān","شهر الهی","Shahr-o-llāhi","Shahr-o-llāhi","Hassan Mohebbi Bahmani, field notes 2015","19","","","","Minowi 90%; Tehrāni type Persian 5%; mixed 5%","Hassan Mohebbi Bahmani, field notes 2015",27.06583830063757,57.330572001139004,""
"","a41bc5cb5c3ea433e5d38b94a50af15d","27-737cfd2029d2a84c7589e65eb6d720db","1220722","هرمزگان","Hormozgān","میناب","Mināb","مرکزی","Markazi","","","کریان","Kariān","پامنبر","Pā Manbar","Pā Manbar","Hassan Mohebbi Bahmani, field notes 2015","95","","","","Minowi 90%; Tehrāni type Persian 5%; mixed 5%","Hassan Mohebbi Bahmani, field notes 2015",27.063846303215342,57.33751892248663,""
"","a41bc5cb5c3ea433e5d38b94a50b52d8","27-c51cb06ab7358ec257900eb1704e8893","1220723","هرمزگان","Hormozgān","میناب","Mināb","مرکزی","Markazi","","","کریان","Kariān","برهان","Borhān","Borhān","Hassan Mohebbi Bahmani, field notes 2015","103","","","","Minowi 90%; Tehrāni type Persian 5%; mixed 5%","Hassan Mohebbi Bahmani, field notes 2015",26.99356636407497,57.19093351763419,""
"","a41bc5cb5c3ea433e5d38b94a50bcb39","27-882ff6e87bc8c12fcf1909c8d8a0421a","1220724","هرمزگان","Hormozgān","میناب","Mināb","مرکزی","Markazi","","","کریان","Kariān","حلوایی دو","Halvāi Do","Halvāi Do","Hassan Mohebbi Bahmani, field notes 2015","188","","","","Minowi 90%; Tehrāni type Persian 5%; mixed 5%","Hassan Mohebbi Bahmani, field notes 2015",26.985765125585104,57.176728538692664,""
"","a41bc5cb5c3ea433e5d38b94a50c0ffe","28-386d5175e2a30593919cb7bd46c6310a","1220725","هرمزگان","Hormozgān","میناب","Mināb","مرکزی","Markazi","","","کریان","Kariān","حلوایی سه","Halvāi Seh","Halvāi Seh","Hassan Mohebbi Bahmani, field notes 2015","371","","","","Minowi 90%; Tehrāni type Persian 5%; mixed 5%","Hassan Mohebbi Bahmani, field notes 2015",26.97065824876292,57.16033487719641,""
"","a41bc5cb5c3ea433e5d38b94a50c6921","27-d903afe701fd2b1e69f2f3f032fe58ea","1220726","هرمزگان","Hormozgān","میناب","Mināb","مرکزی","Markazi","","","کریان","Kariān","زرتوجی","Zartuji","Zartuji","Hassan Mohebbi Bahmani, field notes 2015","1717","","","","Minowi 90%; Tehrāni type Persian 5%; mixed 5%","Hassan Mohebbi Bahmani, field notes 2015",27.036855312150543,57.2218003789737,""
"","a41bc5cb5c3ea433e5d38b94a50cc413","28-a74fe13762dd11b9f68faab26a444fe6","1220727","هرمزگان","Hormozgān","میناب","Mināb","مرکزی","Markazi","","","کریان","Kariān","کهوردان","Kahurdān","Kahurdon, Kowdon","Hassan Mohebbi Bahmani, field notes 2015","479","","","","Minowi 90%; Tehrāni type Persian 5%; mixed 5%","Hassan Mohebbi Bahmani, field notes 2015",26.970428761583822,57.23350553911246,""
"","a41bc5cb5c3ea433e5d38b94a50d0e3f","27-7675f61e4271ec84b24aee09ae6673de","1220728","هرمزگان","Hormozgān","میناب","Mināb","مرکزی","Markazi","","","کریان","Kariān","جعفرآباد","Ja'far Ābād","Jaffar Ābād","Hassan Mohebbi Bahmani, field notes 2015","317","","","","Minowi 90%; Tehrāni type Persian 5%; mixed 5%","Hassan Mohebbi Bahmani, field notes 2015",27.067899526904423,57.3125958363233,""
"","a41bc5cb5c3ea433e5d38b94a50d688f","27-2d6bce733e5bc44fb0cf87adaa50083f","1220729","هرمزگان","Hormozgān","میناب","Mināb","مرکزی","Markazi","","","کریان","Kariān","کریان","Kariān","Karion","Hassan Mohebbi Bahmani, field notes 2015","4306","","","","Minowi 90%; Tehrāni type Persian 5%; mixed 5%","Hassan Mohebbi Bahmani, field notes 2015",26.962166911640395,57.21900015276193,""
"","a41bc5cb5c3ea433e5d38b94a50db27c","27-fda3028261d8f6649ecdf7cd14c22955","1220730","هرمزگان","Hormozgān","میناب","Mināb","مرکزی","Markazi","","","کریان","Kariān","کوتک رئیسی","Kutak Ra'isi","Kutak Reysi","Hassan Mohebbi Bahmani, field notes 2015","102","","","","Minowi 90%; Tehrāni type Persian 5%; mixed 5%","Hassan Mohebbi Bahmani, field notes 2015",26.955683229985762,57.15334772271289,""
"","a41bc5cb5c3ea433e5d38b94a50e16c8","27-73535eabd59e98dbaba83bc8426780a5","1220731","هرمزگان","Hormozgān","میناب","Mināb","مرکزی","Markazi","","","کریان","Kariān","کوتک قلات","Kutak Qalāt","Kutak Kalāt","Hassan Mohebbi Bahmani, field notes 2015","100","","","","Minowi 90%; Tehrāni type Persian 5%; mixed 5%","Hassan Mohebbi Bahmani, field notes 2015",26.927393724754168,57.13973150114559,""
"","a41bc5cb5c3ea433e5d38b94a50e6497","27-56852b06477ec8ecaac0a6660908d06c","1220732","هرمزگان","Hormozgān","میناب","Mināb","مرکزی","Markazi","","","کریان","Kariān","کهتک","Kahtek","Kahtek","Hassan Mohebbi Bahmani, field notes 2015","267","","","","Minowi 90%; Tehrāni type Persian 5%; mixed 5%","Hassan Mohebbi Bahmani, field notes 2015",26.951035405563175,57.139807931607486,""
"","a41bc5cb5c3ea433e5d38b94a50ea109","27-ef50fc1185efd1987677ddd38b223c14","1220733","هرمزگان","Hormozgān","میناب","Mināb","مرکزی","Markazi","","","کریان","Kariān","زیارت تلنگ","Ziārat Taleng","Ziārat Taleng","Hassan Mohebbi Bahmani, field notes 2015","175","","","","Minowi 90%; Tehrāni type Persian 5%; mixed 5%","Hassan Mohebbi Bahmani, field notes 2015",26.90162902051703,57.16282343855639,""
"","a41bc5cb5c3ea433e5d38b94a50ed9e7","27-62604267a6f9a4c409439d19083bf3e2","1220734","هرمزگان","Hormozgān","میناب","Mināb","مرکزی","Markazi","","","کریان","Kariān","گوهرو","Gwahru","Gwahru","Hassan Mohebbi Bahmani, field notes 2015","467","","","","Minowi 90%; Tehrāni type Persian 5%; mixed 5%","Hassan Mohebbi Bahmani, field notes 2015",26.84498977918869,57.277726984442644,""
"","a41bc5cb5c3ea433e5d38b94a50f2289","27-fab6cbc81b4367188edac67cff226597","1220735","هرمزگان","Hormozgān","میناب","Mināb","مرکزی","Markazi","","","کریان","Kariān","تلنگ سراتک","Taleng Saratak","Taleng-e Saratak","Hassan Mohebbi Bahmani, field notes 2015","659","","","","Minowi 90%; Tehrāni type Persian 5%; mixed 5%","Hassan Mohebbi Bahmani, field notes 2015",26.89627331707109,57.20586441125448,""
"","a41bc5cb5c3ea433e5d38b94a50f6464","27-bd33f92fcc4a64b11f2b9aa31f88bb3b","1220736","هرمزگان","Hormozgān","میناب","Mināb","مرکزی","Markazi","","","کریان","Kariān","تلنگ انباری","Taleng Anbāri","Taleng-e Anbāri","Hassan Mohebbi Bahmani, field notes 2015","251","","","","Minowi 90%; Tehrāni type Persian 5%; mixed 5%","Hassan Mohebbi Bahmani, field notes 2015",26.891651750442776,57.18981407251086,""
"","a41bc5cb5c3ea433e5d38b94a50f984e","27-a60f01d7c6e67a8bbc7ce8ff85d8cfeb","1220737","هرمزگان","Hormozgān","میناب","Mināb","مرکزی","Markazi","","","کریان","Kariān","آهوخانی","Āhu Khāni","Āhu Khāni","Hassan Mohebbi Bahmani, field notes 2015","251","","","","Minowi 90%; Tehrāni type Persian 5%; mixed 5%","Hassan Mohebbi Bahmani, field notes 2015",26.84856505638575,57.202396415769165,""
"","a41bc5cb5c3ea433e5d38b94a50fde2e","27-14e963b43db49eee1953eeefcb1ef23a","1220738","هرمزگان","Hormozgān","میناب","Mināb","مرکزی","Markazi","","","کریان","Kariān","پشته تلنگ","Poshteh Taleng","Poshta Taleng","Hassan Mohebbi Bahmani, field notes 2015","261","","","","Minowi 90%; Tehrāni type Persian 5%; mixed 5%","Hassan Mohebbi Bahmani, field notes 2015",26.86868035483626,57.251679324201504,""
"","a41bc5cb5c3ea433e5d38b94a5102116","27-de8d97d6b509905084df67075a789818","1220739","هرمزگان","Hormozgān","میناب","Mināb","مرکزی","Markazi","","","کریان","Kariān","پلنگی","Polangi","Polangi","Hassan Mohebbi Bahmani, field notes 2015","241","","","","Minowi 90%; Tehrāni type Persian 5%; mixed 5%","Hassan Mohebbi Bahmani, field notes 2015",26.845942214919564,57.20037939458985,""
"","a41bc5cb5c3ea433e5d38b94a5106313","27-02082c8eb09a6c8ff08743468c35e8cb","1220740","هرمزگان","Hormozgān","میناب","Mināb","مرکزی","Markazi","","","کریان","Kariān","کشتاران","Koshtārān","Koshtāron","Hassan Mohebbi Bahmani, field notes 2015","411","","","","Minowi 90%; Tehrāni type Persian 5%; mixed 5%","Hassan Mohebbi Bahmani, field notes 2015",26.877714144399665,57.17114019266748,""
"","a41bc5cb5c3ea433e5d38b94a510abdc","25-82e1072bffed16addb19138eb544f247","1220741","هرمزگان","Hormozgān","میناب","Mināb","مرکزی","Markazi","","","کریان","Kariān","گوسمن","Gwasman","Gwasman","Hassan Mohebbi Bahmani, field notes 2015","441","","","","Minowi 90%; Tehrāni type Persian 5%; mixed 5%","Hassan Mohebbi Bahmani, field notes 2015","","",""
"","a41bc5cb5c3ea433e5d38b94a510e9b1","27-85233e3735ebe28518c8fa43ac0c76f9","1220742","هرمزگان","Hormozgān","میناب","Mināb","مرکزی","Markazi","","","کریان","Kariān","چاه شورحلوائی یک","Chāh Shur Halvāi Yek","Chāh Shur Halvāi Yek","Hassan Mohebbi Bahmani, field notes 2015","45","","","","Minowi 90%; Tehrāni type Persian 5%; mixed 5%","Hassan Mohebbi Bahmani, field notes 2015",26.99473267922363,57.15095787448142,""
"","a41bc5cb5c3ea433e5d38b94a5113937","27-125148d037883d025808c5b5b6c90c6c","1220743","هرمزگان","Hormozgān","میناب","Mināb","مرکزی","Markazi","","","کریان","Kariān","راونگ","Rāveng","Rāveng","Hassan Mohebbi Bahmani, field notes 2015","2800","","","","Minowi 90%; Tehrāni type Persian 5%; mixed 5%","Hassan Mohebbi Bahmani, field notes 2015",27.05715620968926,57.1845168092347,""
"","a41bc5cb5c3ea433e5d38b94a5118568","23-52eb19adbcf88acb21c8b16fd3513908","1220744","هرمزگان","Hormozgān","میناب","Mināb","مرکزی","Markazi","","","گوربند","Gur Band","","","","","17761","","","","","","","",""
"","a41bc5cb5c3ea433e5d38b94a511bc99","27-7fa6269679c7688468084dd123538fdf","1220745","هرمزگان","Hormozgān","میناب","Mināb","مرکزی","Markazi","","","گوربند","Gur Band","نوبندجدید","Now Band Jadid","Now Band Jadid","Hassan Mohebbi Bahmani, field notes 2015","1440","","","","Minowi 90%; Tehrāni type Persian 5%; mixed 5%","Hassan Mohebbi Bahmani, field notes 2015",27.26397226994378,57.03011276634863,""
"","a41bc5cb5c3ea433e5d38b94a5121605","27-93a22f5924a74e6283a43bb4b0c541f9","1220746","هرمزگان","Hormozgān","میناب","Mināb","مرکزی","Markazi","","","گوربند","Gur Band","چاه اسماعیل","Chāh Esmā'il","Chāh Somāl","Hassan Mohebbi Bahmani, field notes 2015","2491","","","","Minowi 90%; Tehrāni type Persian 5%; mixed 5%","Hassan Mohebbi Bahmani, field notes 2015",27.37365835824819,56.932925465041336,""
"","a41bc5cb5c3ea433e5d38b94a5126fa7","27-0bc202656564268be498787edef8586f","1220747","هرمزگان","Hormozgān","میناب","Mināb","مرکزی","Markazi","","","گوربند","Gur Band","پشته گوربند","Poshteh Gurband","Poshta Gurband","Hassan Mohebbi Bahmani, field notes 2015","635","","","","Minowi 90%; Tehrāni type Persian 5%; mixed 5%","Hassan Mohebbi Bahmani, field notes 2015",27.324575942440607,56.996341121197275,""
"","a41bc5cb5c3ea433e5d38b94a512be07","27-1af9f0c46dfbceaf95548c87aed574e3","1220748","هرمزگان","Hormozgān","میناب","Mināb","مرکزی","Markazi","","","گوربند","Gur Band","تیرور","Tirur","Tirur","Hassan Mohebbi Bahmani, field notes 2015","4362","","","","Minowi 90%; Tehrāni type Persian 5%; mixed 5%","Hassan Mohebbi Bahmani, field notes 2015",27.339892353717662,56.956247673335675,""
"","a41bc5cb5c3ea433e5d38b94a512fd0a","27-584d72a7128c399bea1cf2f256fbe04c","1220749","هرمزگان","Hormozgān","میناب","Mināb","مرکزی","Markazi","","","گوربند","Gur Band","چاه شیرین","Chāh Shirin","Chāh Shirin","Hassan Mohebbi Bahmani, field notes 2015","821","","","","Minowi 90%; Tehrāni type Persian 5%; mixed 5%","Hassan Mohebbi Bahmani, field notes 2015",27.35207005273887,56.951183662713795,""
"","a41bc5cb5c3ea433e5d38b94a51344c0","27-81b407ca1d85c614360d48ef5f9d6c4b","1220750","هرمزگان","Hormozgān","میناب","Mināb","مرکزی","Markazi","","","گوربند","Gur Band","زیارت مولا","Ziārat Mowlā","Ziārat Mowlā","Hassan Mohebbi Bahmani, field notes 2015","206","","","","Minowi 90%; Tehrāni type Persian 5%; mixed 5%","Hassan Mohebbi Bahmani, field notes 2015",27.34193988765139,56.91924391777009,""
"","a41bc5cb5c3ea433e5d38b94a5139656","27-bb31151bfc3f3683af8b0777bdd44a23","1220751","هرمزگان","Hormozgān","میناب","Mināb","مرکزی","Markazi","","","گوربند","Gur Band","گوربند","Gur Band, Gwar Band","Gur Band, Gwar Band","Hassan Mohebbi Bahmani, field notes 2015","2562","","","","Minowi 90%; Tehrāni type Persian 5%; mixed 5%","Hassan Mohebbi Bahmani, field notes 2015",27.32646320635828,56.97940050154872,""
"","a41bc5cb5c3ea433e5d38b94a51420a7","27-88a9f739427a361966b7c8b99e2e0511","1220753","هرمزگان","Hormozgān","میناب","Mināb","مرکزی","Markazi","","","گوربند","Gur Band","حاجی خادمی","Hāji Khādomi","Hāji Khādomi","Hassan Mohebbi Bahmani, field notes 2015","2794","","","","Minowi 90%; Tehrāni type Persian 5%; mixed 5%","Hassan Mohebbi Bahmani, field notes 2015",27.2306679202314,57.044360875659024,""
"","a41bc5cb5c3ea433e5d38b94a5146f21","27-c8a40d76faa58be33a778bd94a64cd3a","1220754","هرمزگان","Hormozgān","میناب","Mināb","مرکزی","Markazi","","","گوربند","Gur Band","مه رغان","Mah Reghān","Mah Reghon","Hassan Mohebbi Bahmani, field notes 2015","135","","","","Minowi 90%; Tehrāni type Persian 5%; mixed 5%","Hassan Mohebbi Bahmani, field notes 2015",27.226534513853565,57.03321999230372,""
"","a41bc5cb5c3ea433e5d38b94a514ca42","27-eb06f9b06f9dd7d983ea5858e5255596","1220755","هرمزگان","Hormozgān","میناب","Mināb","مرکزی","Markazi","","","گوربند","Gur Band","نوبندقدیم","Now Band Qadim","Now Band Kadim","Hassan Mohebbi Bahmani, field notes 2015","314","","","","Minowi 90%; Tehrāni type Persian 5%; mixed 5%","Hassan Mohebbi Bahmani, field notes 2015",27.26048209709747,57.01468815638622,""
"","a41bc5cb5c3ea433e5d38b94a5152178","28-eebad6e6469a1cd21b6bfe983b8ded7c","1220756","هرمزگان","Hormozgān","میناب","Mināb","مرکزی","Markazi","میناب","Mināb","","","","","Minow","Hassan Mohebbi Bahmani, field notes 2015","63229","","","","Minowi 70%; Tehrāni type Persian 15%; Molki Gāl 5%; Mārzi Gāl 5%; mixed 5%","Hassan Mohebbi Bahmani, field notes 2015",27.152555171207837,57.07436943011517,""
"","a41bc5cb5c3ea433e5d38b94a51561cf","23-6a2528098cc288a063e363a82f6ef1a5","1220757","هرمزگان","Hormozgān","میناب","Mināb","توکهور","Tu Kahur","","","","","","","","","26407","","","","","","","",""
"","a41bc5cb5c3ea433e5d38b94a515c86c","23-3598cc29728baad7fdd8c98d8156aa82","1220758","هرمزگان","Hormozgān","میناب","Mināb","توکهور","Tu Kahur","","","توکهور","Tu Kahur","","","","","8350","","","","","","","",""
"","a41bc5cb5c3ea433e5d38b94a5160356","27-92e477f4faaff5d5dfe85a0d02dd92c0","1220759","هرمزگان","Hormozgān","میناب","Mināb","توکهور","Tu Kahur","","","توکهور","Tu Kahur","چاه شریف","Chāh Sharif","Chāh Sharif","Hassan Mohebbi Bahmani, field notes 2015","390","","","","Mārzi Gāl 90%; Korta 10%","Hassan Mohebbi Bahmani, field notes 2015",27.115454995738272,57.36873629001353,""
"","a41bc5cb5c3ea433e5d38b94a5164e42","30-4c55f815bee0154a255ffb94f95a4625","1220760","هرمزگان","Hormozgān","میناب","Mināb","توکهور","Tu Kahur","","","توکهور","Tu Kahur","چاه غربال","Chāh Gharbāl","Chāh Gharbāl","Hassan Mohebbi Bahmani, field notes 2015","1704","","","","Mārzi Gāl 90%; Korta 10%","Hassan Mohebbi Bahmani, field notes 2015",27.11174,57.33654,""
"","a41bc5cb5c3ea433e5d38b94a5169dc2","27-322b7d064472525c3802b91a526ac372","1220761","هرمزگان","Hormozgān","میناب","Mināb","توکهور","Tu Kahur","","","توکهور","Tu Kahur","سهران","Sohrān","Sohron","Hassan Mohebbi Bahmani, field notes 2015","130","","","","Mārzi Gāl 90%; Korta 10%","Hassan Mohebbi Bahmani, field notes 2015",27.139826560645538,57.32581043197152,""
"","a41bc5cb5c3ea433e5d38b94a516f196","27-f5a37274748be932da97f67380cd4f73","1220762","هرمزگان","Hormozgān","میناب","Mināb","توکهور","Tu Kahur","","","توکهور","Tu Kahur","ریگ مولد","Rig Mulad","Rig Mulad","Hassan Mohebbi Bahmani, field notes 2015","445","","","","Mārzi Gāl 90%; Korta 10%","Hassan Mohebbi Bahmani, field notes 2015",27.135769884798115,57.394153202949774,""
"","a41bc5cb5c3ea433e5d38b94a517407f","27-b429960c70609cea0792e89c1828e8db","1220763","هرمزگان","Hormozgān","میناب","Mināb","توکهور","Tu Kahur","","","توکهور","Tu Kahur","چاه حیدر","Chāh Heydar","Chāh Heydar","Hassan Mohebbi Bahmani, field notes 2015","307","","","","Mārzi Gāl 90%; Korta 10%","Hassan Mohebbi Bahmani, field notes 2015",27.117864849567457,57.39719943458884,""
"","a41bc5cb5c3ea433e5d38b94a5179ab0","27-baf257dc05c5dcb28ca0b641ffdce618","1220764","هرمزگان","Hormozgān","میناب","Mināb","توکهور","Tu Kahur","","","توکهور","Tu Kahur","توکهور","Tu Kahur","Tu Kahur","Hassan Mohebbi Bahmani, field notes 2015","2287","","","","Mārzi Gāl 90%; Korta 10%","Hassan Mohebbi Bahmani, field notes 2015",27.132402582138692,57.417717453031294,""
"","a41bc5cb5c3ea433e5d38b94a5180494","27-1d88907d2fee3cc4d5b721dd5c5495c2","1220765","هرمزگان","Hormozgān","میناب","Mināb","توکهور","Tu Kahur","","","توکهور","Tu Kahur","انجیرک","Anjirak","Anjirak","Hassan Mohebbi Bahmani, field notes 2015","1035","","","","Mārzi Gāl 90%; Korta 10%","Hassan Mohebbi Bahmani, field notes 2015",27.112476652819037,57.40491414022826,""
"","a41bc5cb5c3ea433e5d38b94a5185a9c","27-d61a6d96bde5e26ad0e4f87fa470289a","1220766","هرمزگان","Hormozgān","میناب","Mināb","توکهور","Tu Kahur","","","توکهور","Tu Kahur","چاه دراز","Chāh Derāz","Chāh Derāz","Hassan Mohebbi Bahmani, field notes 2015","250","","","","Mārzi Gāl 90%; Korta 10%","Hassan Mohebbi Bahmani, field notes 2015",27.11843781347178,57.431102556532764,""
"","a41bc5cb5c3ea433e5d38b94a518b672","27-8f03d106d54d4715f0a1e9ee5328ce75","1220767","هرمزگان","Hormozgān","میناب","Mināb","توکهور","Tu Kahur","","","توکهور","Tu Kahur","بندک","Bandak","Bandak","Hassan Mohebbi Bahmani, field notes 2015","473","","","","Mārzi Gāl 90%; Korta 10%","Hassan Mohebbi Bahmani, field notes 2015",27.143924722258294,57.39348798384957,""
"","a41bc5cb5c3ea433e5d38b94a518e98a","27-13e1c5a6e0327f3c6ce69dc763c9b319","1220768","هرمزگان","Hormozgān","میناب","Mināb","توکهور","Tu Kahur","","","توکهور","Tu Kahur","راشک","Rāshk","Rāshk","Hassan Mohebbi Bahmani, field notes 2015","61","","","","Mārzi Gāl 90%; Korta 10%","Hassan Mohebbi Bahmani, field notes 2015",27.049441582054293,57.34769731155422,""
"","a41bc5cb5c3ea433e5d38b94a5193a0c","27-aaa4e9a883933890d0729888528aff70","1220769","هرمزگان","Hormozgān","میناب","Mināb","توکهور","Tu Kahur","","","توکهور","Tu Kahur","کهنان سرنی","Kahnān Sar Ney","Kahnon Sar Ney","Hassan Mohebbi Bahmani, field notes 2015","1184","","","","Mārzi Gāl 80%; Hormozgān Pahlavāni 10%; Korta 10%","Hassan Mohebbi Bahmani, field notes 2015",27.073420536655878,57.349885874326695,""
"","a41bc5cb5c3ea433e5d38b94a5197a54","27-640c7f15e708b554a24fb57f31f42c06","1220770","هرمزگان","Hormozgān","میناب","Mināb","توکهور","Tu Kahur","","","توکهور","Tu Kahur","تم پریتک","Tom Paritak","Tom Paritak","Hassan Mohebbi Bahmani, field notes 2015","84","","","","Mārzi Gāl 90%; Korta 10%","Hassan Mohebbi Bahmani, field notes 2015",27.061146013583283,57.36282424385872,""
"","a41bc5cb5c3ea433e5d38b94a519c950","23-b64cdfb73a3b958a6504cc4e3c51a884","1220771","هرمزگان","Hormozgān","میناب","Mināb","توکهور","Tu Kahur","","","چراغ آباد","Cherāgh Ābād","","","","","13619","","","","","","","",""
"","a41bc5cb5c3ea433e5d38b94a51a1ecc","29-5baacb119bbd39f8cb0b1b924aab61a8","1220772","هرمزگان","Hormozgān","میناب","Mināb","توکهور","Tu Kahur","","","چراغ آباد","Cherāgh Ābād","حجت آباد","Hojjat Ābād","Hojjat Ābād","Hassan Mohebbi Bahmani, field notes 2015","915","","","","Mārzi Gāl 90%; Korta 10%","Hassan Mohebbi Bahmani, field notes 2015",27.08503,57.44333,""
"","a41bc5cb5c3ea433e5d38b94a51a6759","27-bef73ca2277651f1d6bab48ec86a42a6","1220773","هرمزگان","Hormozgān","میناب","Mināb","توکهور","Tu Kahur","","","چراغ آباد","Cherāgh Ābād","مجتمع امام","Mojtama'-e Emām","Mojtama'-e Emām","Hassan Mohebbi Bahmani, field notes 2015","2394","","","","Mārzi Gāl 90%; Korta 10%","Hassan Mohebbi Bahmani, field notes 2015",27.10435821467207,57.4635855049305,""
"","a41bc5cb5c3ea433e5d38b94a51ac140","27-da6deee1904beb5cde68f242367d6324","1220774","هرمزگان","Hormozgān","میناب","Mināb","توکهور","Tu Kahur","","","چراغ آباد","Cherāgh Ābād","دهن در","Dehen Dar","Dehen Dar","Hassan Mohebbi Bahmani, field notes 2015","61","","","","Mārzi Gāl 90%; Korta 10%","Hassan Mohebbi Bahmani, field notes 2015",27.194066584097897,57.517251142891375,""
"","a41bc5cb5c3ea433e5d38b94a51b0934","29-ef8724c995612cd4ea96bdc4ff063840","1220775","هرمزگان","Hormozgān","میناب","Mināb","توکهور","Tu Kahur","","","چراغ آباد","Cherāgh Ābād","جعفرآباد","Ja'far Ābād","Jaffar Ābād","Hassan Mohebbi Bahmani, field notes 2015","587","","","","Mārzi Gāl 90%; Korta 10%","Hassan Mohebbi Bahmani, field notes 2015",27.2244,57.49151,""
"","a41bc5cb5c3ea433e5d38b94a51b65a8","27-cd3954b089cd289e2b02069518256f5d","1220776","هرمزگان","Hormozgān","میناب","Mināb","توکهور","Tu Kahur","","","چراغ آباد","Cherāgh Ābād","هیئت آباد","Hey'at Ābād","Hey'at Ābād","Hassan Mohebbi Bahmani, field notes 2015","294","","","","Mārzi Gāl 90%; Korta 10%","Hassan Mohebbi Bahmani, field notes 2015",27.205510331927922,57.481288084427206,""
"","a41bc5cb5c3ea433e5d38b94a51bb6c8","27-aaade9ac6f5719657132e4243083060a","1220777","هرمزگان","Hormozgān","میناب","Mināb","توکهور","Tu Kahur","","","چراغ آباد","Cherāgh Ābād","هامین","Hāmin","Hāmin","Hassan Mohebbi Bahmani, field notes 2015","600","","","","Mārzi Gāl 90%; Korta 10%","Hassan Mohebbi Bahmani, field notes 2015",27.165083386776377,57.41335309450756,""
"","a41bc5cb5c3ea433e5d38b94a51c0b71","27-851d51c9db640330874db16b19bac9eb","1220778","هرمزگان","Hormozgān","میناب","Mināb","توکهور","Tu Kahur","","","چراغ آباد","Cherāgh Ābād","هشت بندی دو","Hasht Bandi-ye Do","Hasht Bandi-ye Do","Hassan Mohebbi Bahmani, field notes 2015","1989","","","","Mārzi Gāl 90%; Korta 10%","Hassan Mohebbi Bahmani, field notes 2015",27.13329437391045,57.437478344489065,""
"","a41bc5cb5c3ea433e5d38b94a51c5cbd","27-fa06e5b12f0dbd2de200f21416ecd655","1220779","هرمزگان","Hormozgān","میناب","Mināb","توکهور","Tu Kahur","","","چراغ آباد","Cherāgh Ābād","امیر آباد","Amir Ābād","Amir Ābād","Hassan Mohebbi Bahmani, field notes 2015","740","","","","Mārzi Gāl 90%; Korta 10%","Hassan Mohebbi Bahmani, field notes 2015",27.150314049620558,57.45779657315757,""
"","a41bc5cb5c3ea433e5d38b94a51cbdf1","27-e2c48ad2c575774b7b916c4901204515","1220780","هرمزگان","Hormozgān","میناب","Mināb","توکهور","Tu Kahur","","","چراغ آباد","Cherāgh Ābād","چراغ آباد","Cherāgh Ābād","Cherāgh Ābād","Hassan Mohebbi Bahmani, field notes 2015","696","","","","Mārzi Gāl 90%; Korta 10%","Hassan Mohebbi Bahmani, field notes 2015",27.20738270210806,57.43748656341634,""
"","a41bc5cb5c3ea433e5d38b94a51d110a","27-1f7be32203af8b4a1a8dd6e8f01703fa","1220781","هرمزگان","Hormozgān","میناب","Mināb","توکهور","Tu Kahur","","","چراغ آباد","Cherāgh Ābād","ریگ دراز","Rig Derāz","Rig Derāz","Hassan Mohebbi Bahmani, field notes 2015","532","","","","Mārzi Gāl 90%; Korta 10%","Hassan Mohebbi Bahmani, field notes 2015",27.170695716535537,57.422326718066046,""
"","a41bc5cb5c3ea433e5d38b94a51d4d7a","27-db851ed19f6b445f00b4f639f1aa5c9a","1220782","هرمزگان","Hormozgān","میناب","Mināb","توکهور","Tu Kahur","","","چراغ آباد","Cherāgh Ābād","تم ملنتکی","Tom Malentaki","Tom Malentaki","Hassan Mohebbi Bahmani, field notes 2015","405","","","","Mārzi Gāl 90%; Korta 10%","Hassan Mohebbi Bahmani, field notes 2015",27.19241781613139,57.43062010833869,""
"","a41bc5cb5c3ea433e5d38b94a51d7be9","27-b363beae62cb76b6ee696879f8fc1171","1220783","هرمزگان","Hormozgān","میناب","Mināb","توکهور","Tu Kahur","","","چراغ آباد","Cherāgh Ābād","چراغ آباد جنوبی","Cherāgh Ābād Jonubi","Cherāgh Ābād Jonubi","Hassan Mohebbi Bahmani, field notes 2015","723","","","","Mārzi Gāl 90%; Korta 10%","Hassan Mohebbi Bahmani, field notes 2015",27.185210193709384,57.464796815599826,""
"","a41bc5cb5c3ea433e5d38b94a51dc063","27-876e7995a05698875a968bf226e905ef","1220784","هرمزگان","Hormozgān","میناب","Mināb","توکهور","Tu Kahur","","","چراغ آباد","Cherāgh Ābād","نیل گری","Nilgari","Nilgari","Hassan Mohebbi Bahmani, field notes 2015","175","","","","Mārzi Gāl 90%; Korta 10%","Hassan Mohebbi Bahmani, field notes 2015",27.181901095786056,57.447363504810575,""
"","a41bc5cb5c3ea433e5d38b94a51e00e2","27-6661a183efb1c7fe726f688dc6353461","1220785","هرمزگان","Hormozgān","میناب","Mināb","توکهور","Tu Kahur","","","چراغ آباد","Cherāgh Ābād","احمدآباد","Ahmad Ābād","Ahmad Ābād","Hassan Mohebbi Bahmani, field notes 2015","307","","","","Mārzi Gāl 90%; Korta 10%","Hassan Mohebbi Bahmani, field notes 2015",27.20731951310162,57.43945366772611,""
"","a41bc5cb5c3ea433e5d38b94a51e2e83","27-71dd3591e692e7578da24cb2163c240e","1220786","هرمزگان","Hormozgān","میناب","Mināb","توکهور","Tu Kahur","","","چراغ آباد","Cherāgh Ābād","کهورتاک","Kahur Tāk","Kahur Tāk","Hassan Mohebbi Bahmani, field notes 2015","383","","","","Mārzi Gāl 90%; Korta 10%","Hassan Mohebbi Bahmani, field notes 2015",27.171386552470516,57.45931810768843,""
"","a41bc5cb5c3ea433e5d38b94a51e7df4","27-b1c70df8d33257e67a4d74a6239d4951","1220787","هرمزگان","Hormozgān","میناب","Mināb","توکهور","Tu Kahur","","","چراغ آباد","Cherāgh Ābād","کوی هجرت","Kuy-e Hejrat","Kuy-e Hejrat","Hassan Mohebbi Bahmani, field notes 2015","427","","","","Mārzi Gāl 90%; Korta 10%","Hassan Mohebbi Bahmani, field notes 2015",27.171727780350437,57.45965070160561,""
"","a41bc5cb5c3ea433e5d38b94a51ec0a5","28-5443edda942c86df5c6c7ae3e1853553","1220788","هرمزگان","Hormozgān","میناب","Mināb","توکهور","Tu Kahur","","","چراغ آباد","Cherāgh Ābād","مزرعه تفضلی","Mazra'eh-ye Tafazzali","Mazra'e-ye Tafazzali","Hassan Mohebbi Bahmani, field notes 2015","565","","","","Mārzi Gāl 90%; Korta 10%","Hassan Mohebbi Bahmani, field notes 2015",27.22256432550123,57.486706576557395,""
"","a41bc5cb5c3ea433e5d38b94a51f0770","27-2667e4b816d080f56d5e5d808c8f4f4e","1220789","هرمزگان","Hormozgān","میناب","Mināb","توکهور","Tu Kahur","","","چراغ آباد","Cherāgh Ābād","چراغ آباد بالا","Cherāgh Ābād Bālā","Cherāgh Ābād Bālā","Hassan Mohebbi Bahmani, field notes 2015","483","","","","Mārzi Gāl 90%; Korta 10%","Hassan Mohebbi Bahmani, field notes 2015",27.20979316209773,57.4684999137919,""
"","a41bc5cb5c3ea433e5d38b94a51f6d5f","27-45164282802222eac973f4473a74624d","1220790","هرمزگان","Hormozgān","میناب","Mināb","توکهور","Tu Kahur","","","چراغ آباد","Cherāgh Ābād","کلاتک","Kalātak","Kalātak","Hassan Mohebbi Bahmani, field notes 2015","208","","","","Mārzi Gāl 90%; Korta 10%","Hassan Mohebbi Bahmani, field notes 2015",26.89815690677014,57.74960814565861,""
"","a41bc5cb5c3ea433e5d38b94a51fbee9","27-c7407d1734eb8325dc49042066ce437e","1220791","هرمزگان","Hormozgān","میناب","Mināb","توکهور","Tu Kahur","","","چراغ آباد","Cherāgh Ābād","چراغ آباد مرکزی","Cherāgh Ābād Markazi","Cherāgh Ābād Markazi","Hassan Mohebbi Bahmani, field notes 2015","877","","","","Mārzi Gāl 90%; Korta 10%","Hassan Mohebbi Bahmani, field notes 2015",27.199555749617588,57.45255707819992,""
"","a41bc5cb5c3ea433e5d38b94a52019af","28-215ba099f34958d0f2d1e692cbdab90d","1220792","هرمزگان","Hormozgān","میناب","Mināb","توکهور","Tu Kahur","","","چراغ آباد","Cherāgh Ābād","ریگ کگ","Rig Kag","Rig Kag","Hassan Mohebbi Bahmani, field notes 2015","258","","","","Mārzi Gāl 90%; Korta 10%","Hassan Mohebbi Bahmani, field notes 2015",27.216204937636086,57.43970035170394,""
"","a41bc5cb5c3ea433e5d38b94a5206496","27-18561790797a1d5e4c8fc4768de3870f","1220793","هرمزگان","Hormozgān","میناب","Mināb","توکهور","Tu Kahur","هشتبندی","Hasht Bandi","","","","","Hash Bandi","Hassan Mohebbi Bahmani, field notes 2015","4438","","","","Mārzi Gāl 90%; Tehrāni type Persian 5%; mixed 5%","Hassan Mohebbi Bahmani, field notes 2015",27.154762238145118,57.4469319751956,""
"","a41bc5cb5c3ea433e5d38b94a520c1b6","23-904ccb4b492e040273a73f1e4c51704a","1220794","هرمزگان","Hormozgān","میناب","Mināb","بنزرک","Banzark","","","","","","","","","42929","","","","","","","",""
"","a41bc5cb5c3ea433e5d38b94a5211183","23-4f7755bb026e95325b7dbf2a843cd17d","1220795","هرمزگان","Hormozgān","میناب","Mināb","بنزرک","Banzark","","","بنزرک","Banzark","","","","","30548","","","","","","","",""
"","a41bc5cb5c3ea433e5d38b94a5215c36","27-e891b243bd1ce4729b1e60f3c12f2730","1220796","هرمزگان","Hormozgān","میناب","Mināb","بنزرک","Banzark","","","بنزرک","Banzark","تی بی شاهی/ طی بی شاهی","Tibi Shāhi","Tibi Shāhi","Hassan Mohebbi Bahmani, field notes 2015","656","","","","Minowi 90%; mixed 10%","Hassan Mohebbi Bahmani, field notes 2015",27.12372314630093,57.05374421324219,""
"","a41bc5cb5c3ea433e5d38b94a521b1e5","27-1d5e21515fddc917a9126eeb0514682d","1220797","هرمزگان","Hormozgān","میناب","Mināb","بنزرک","Banzark","","","بنزرک","Banzark","دودو","Dudow","Dudow","Hassan Mohebbi Bahmani, field notes 2015","669","","","","Minowi 90%; mixed 10%","Hassan Mohebbi Bahmani, field notes 2015",27.11593811611868,57.04999984945801,""
"","a41bc5cb5c3ea433e5d38b94a521e611","28-cf7720e4a8031989ce487d13e139ecfd","1220798","هرمزگان","Hormozgān","میناب","Mināb","بنزرک","Banzark","","","بنزرک","Banzark","رضاعلیچی","Rezā Alichi","Rezā Alichi","Hassan Mohebbi Bahmani, field notes 2015","332","","","","Minowi 90%; mixed 10%","Hassan Mohebbi Bahmani, field notes 2015",27.12818956574827,57.053239957946026,""
"","a41bc5cb5c3ea433e5d38b94a5220f45","27-3b8dc8ac1e317733292f4420c3fa57ff","1220799","هرمزگان","Hormozgān","میناب","Mināb","بنزرک","Banzark","","","بنزرک","Banzark","رکن آباد","Rokn Ābād","Rokn Ābād","Hassan Mohebbi Bahmani, field notes 2015","757","","","","Minowi 90%; mixed 10%","Hassan Mohebbi Bahmani, field notes 2015",27.10451622682702,57.040638939995766,""
"","a41bc5cb5c3ea433e5d38b94a5224f81","27-dd57900431c925515cf9db7d3e76966d","1220800","هرمزگان","Hormozgān","میناب","Mināb","بنزرک","Banzark","","","بنزرک","Banzark","سولقان","Suleqān","Suleghon","Hassan Mohebbi Bahmani, field notes 2015","1834","","","","Minowi 90%; mixed 10%","Hassan Mohebbi Bahmani, field notes 2015",27.129817151897726,57.06017265512601,""
"","a41bc5cb5c3ea433e5d38b94a5229b8d","27-6827f9011f587c412a35a43c35d735d7","1220801","هرمزگان","Hormozgān","میناب","Mināb","بنزرک","Banzark","","","بنزرک","Banzark","شمجوئیه","Shamjuieh","Shamjuia","Hassan Mohebbi Bahmani, field notes 2015","114","","","","Minowi 90%; mixed 10%","Hassan Mohebbi Bahmani, field notes 2015",27.12438975469239,57.05695993341886,""
"","a41bc5cb5c3ea433e5d38b94a522e9e3","27-70b996339b0df4f4c83e301780e27304","1220802","هرمزگان","Hormozgān","میناب","Mināb","بنزرک","Banzark","","","بنزرک","Banzark","پولا قاسمی/فولاد قاسمی","Fulād Qāsemi","Pulā Ghāsemi","Hassan Mohebbi Bahmani, field notes 2015","1421","","","","Minowi 90%; mixed 10%","Hassan Mohebbi Bahmani, field notes 2015",27.134598797483687,57.06287610534982,""
"","a41bc5cb5c3ea433e5d38b94a52338ef","27-829a9307a48d6c146dfc026894adfff3","1220803","هرمزگان","Hormozgān","میناب","Mināb","بنزرک","Banzark","","","بنزرک","Banzark","تم خواجه بهمنی","Tom Khājeh Bahmani","Tom Khāja Bahmani","Hassan Mohebbi Bahmani, field notes 2015","91","","","","Minowi 90%; mixed 10%","Hassan Mohebbi Bahmani, field notes 2015",27.08804086851794,57.05204076208689,""
"","a41bc5cb5c3ea433e5d38b94a523747e","27-5b59cb91dc43de0cf8b119bee12efd08","1220804","هرمزگان","Hormozgān","میناب","Mināb","بنزرک","Banzark","","","بنزرک","Banzark","زهوکی","Zohuki","Zohuki","Hassan Mohebbi Bahmani, field notes 2015","3274","","","","Minowi 90%; mixed 10%","Hassan Mohebbi Bahmani, field notes 2015",27.07895596317428,57.06289756302253,""
"","a41bc5cb5c3ea433e5d38b94a523caa9","27-20179f66dbd37ebb4bef4ddb98a33a89","1220805","هرمزگان","Hormozgān","میناب","Mināb","بنزرک","Banzark","","","بنزرک","Banzark","اسلام آباد","Eslām Ābād","Eslām Ābād","Hassan Mohebbi Bahmani, field notes 2015","1254","","","","Minowi 90%; mixed 10%","Hassan Mohebbi Bahmani, field notes 2015",27.090437770399213,57.05348837379847,""
"","a41bc5cb5c3ea433e5d38b94a5241276","28-85b315ac3f891a70338c5a0851b58184","1220806","هرمزگان","Hormozgān","میناب","Mināb","بنزرک","Banzark","","","بنزرک","Banzark","کلوت","Kolut","Kolut","Hassan Mohebbi Bahmani, field notes 2015","864","","","","Minowi 90%; mixed 10%","Hassan Mohebbi Bahmani, field notes 2015",27.060501240572822,57.06565994010141,""
"","a41bc5cb5c3ea433e5d38b94a524508c","27-4c82b9f5375c4ba6ec8f388e47a22908","1220807","هرمزگان","Hormozgān","میناب","Mināb","بنزرک","Banzark","","","بنزرک","Banzark","گودو","Gowdu","Gowdu","Hassan Mohebbi Bahmani, field notes 2015","1014","","","","Minowi 90%; mixed 10%","Hassan Mohebbi Bahmani, field notes 2015",27.041178539170744,57.06412133344161,""
"","a41bc5cb5c3ea433e5d38b94a524a9bc","27-7b11cfc45222c6da74ead0b7e45a29d6","1220808","هرمزگان","Hormozgān","میناب","Mināb","بنزرک","Banzark","","","بنزرک","Banzark","کولغ بنی","Kulegh Bani","Kulegh Bani","Hassan Mohebbi Bahmani, field notes 2015","63","","","","Minowi 90%; mixed 10%","Hassan Mohebbi Bahmani, field notes 2015",27.07660181927786,57.1117147912579,""
"","a41bc5cb5c3ea433e5d38b94a524fb42","27-cd7e94d089afbf0d7d8625fe7dd56c29","1220809","هرمزگان","Hormozgān","میناب","Mināb","بنزرک","Banzark","","","بنزرک","Banzark","کردر","Kardar","Kardar","Hassan Mohebbi Bahmani, field notes 2015","1836","","","","Minowi 90%; mixed 10%","Hassan Mohebbi Bahmani, field notes 2015",27.07919476262072,57.03914246781544,""
"","a41bc5cb5c3ea433e5d38b94a5254478","28-f8b1389064d094d04bf2c3c18e537808","1220810","هرمزگان","Hormozgān","میناب","Mināb","بنزرک","Banzark","","","بنزرک","Banzark","درباغ","Dar Bāgh","Dar Bāgh","Hassan Mohebbi Bahmani, field notes 2015","","(less than 3 households; population not specified in 2011 Census for reasons of privacy)","","","Minowi 90%; mixed 10%","Hassan Mohebbi Bahmani, field notes 2015",27.078166102673606,57.00973720452351,""
"","a41bc5cb5c3ea433e5d38b94a525936d","27-da3e1f7f6da9046eabda634c84afc7c3","1220811","هرمزگان","Hormozgān","میناب","Mināb","بنزرک","Banzark","","","بنزرک","Banzark","کشقلمان بالا","Kash Qalamān Bālā","Kash Kalamon Bālā","Hassan Mohebbi Bahmani, field notes 2015","498","","","","Minowi 90%; mixed 10%","Hassan Mohebbi Bahmani, field notes 2015",27.03841698470551,56.99609548947902,""
"","a41bc5cb5c3ea433e5d38b94a525d7f7","28-f2328d30aaa2082152ae1b87c28a4be1","1220812","هرمزگان","Hormozgān","میناب","Mināb","بنزرک","Banzark","","","بنزرک","Banzark","گرازوئیه","Gorāzuieh","Gorāzuia","Hassan Mohebbi Bahmani, field notes 2015","1001","","","","Minowi 90%; Korta 10%","Hassan Mohebbi Bahmani, field notes 2015",27.04902132902822,57.00621986347289,""
"","a41bc5cb5c3ea433e5d38b94a52625a8","29-76abe873aa75cb63d407f0cebc7c56c9","1220813","هرمزگان","Hormozgān","میناب","Mināb","بنزرک","Banzark","","","بنزرک","Banzark","بلیلی","Belili","Belili","Hassan Mohebbi Bahmani, field notes 2015","","(less than 3 households; population not specified in 2011 Census for reasons of privacy)","","","Minowi 90%; mixed 10%","Hassan Mohebbi Bahmani, field notes 2015",27.07137144593066,57.02751732506659,""
"","a41bc5cb5c3ea433e5d38b94a5267007","27-a86ad9b7bf4fdb056cc0775a28c52265","1220814","هرمزگان","Hormozgān","میناب","Mināb","بنزرک","Banzark","","","بنزرک","Banzark","جنگان","Jangān","Jangon","Hassan Mohebbi Bahmani, field notes 2015","184","","","","Southern Balochi 80%; Banzarki 10%; mixed 10%","Hassan Mohebbi Bahmani, field notes 2015",27.009138611678665,57.0638734726447,""
"","a41bc5cb5c3ea433e5d38b94a526b51d","27-ed018a9df2bf6721baf6a4403e86be2c","1220815","هرمزگان","Hormozgān","میناب","Mināb","بنزرک","Banzark","","","بنزرک","Banzark","خشک آباد","Khoshk Ābād","Khoshk Ābād","Hassan Mohebbi Bahmani, field notes 2015","183","","","","Minowi 60%; Banzarki 40%","Hassan Mohebbi Bahmani, field notes 2015",27.039894253120206,57.02179310767161,""
"","a41bc5cb5c3ea433e5d38b94a526f9c0","27-1869296688d98d5138e32d6bed0151b7","1220816","هرمزگان","Hormozgān","میناب","Mināb","بنزرک","Banzark","","","بنزرک","Banzark","سلمانی","Salmāni","Salmoni","Hassan Mohebbi Bahmani, field notes 2015","242","","","","Minowi 100%","Hassan Mohebbi Bahmani, field notes 2015",27.034143388659107,57.02374735272025,""
"","a41bc5cb5c3ea433e5d38b94a52734b4","27-7e9aac5565f7f6260644ebda9c7dfe6f","1220817","هرمزگان","Hormozgān","میناب","Mināb","بنزرک","Banzark","","","بنزرک","Banzark","سنگکی","Sangaki","Sangaki","Hassan Mohebbi Bahmani, field notes 2015","303","","","","Southern Balochi 60%; Banzarki 40%","Hassan Mohebbi Bahmani, field notes 2015",27.01429744135114,57.05512952532458,""
"","a41bc5cb5c3ea433e5d38b94a52773aa","27-e910aace4e253cb09205e1ab8ad4dab0","1220818","هرمزگان","Hormozgān","میناب","Mināb","بنزرک","Banzark","","","بنزرک","Banzark","کشقلمان پائین","Kash Qalamān Pāin","Kash Kalamon Pāin","Hassan Mohebbi Bahmani, field notes 2015","293","","","","Banzarki 60%; Southern Balochi 40%","Hassan Mohebbi Bahmani, field notes 2015",27.028172276412473,56.99334890744812,""
"","a41bc5cb5c3ea433e5d38b94a527bef4","27-f69cf4cd8f05b627a45a258d7a9c3185","1220819","هرمزگان","Hormozgān","میناب","Mināb","بنزرک","Banzark","","","بنزرک","Banzark","کولغ کلم","Kulegh Kalam","Kulegh Kalam","Hassan Mohebbi Bahmani, field notes 2015","359","","","","Banzarki 60%; Southern Balochi 40%","Hassan Mohebbi Bahmani, field notes 2015",27.020357206669807,57.068798062462655,""
"","a41bc5cb5c3ea433e5d38b94a5280220","27-5e1777f48acb9e78821e9e3f29e78b5d","1220820","هرمزگان","Hormozgān","میناب","Mināb","بنزرک","Banzark","","","بنزرک","Banzark","میسکنک","Miskanak","Miskanak","Hassan Mohebbi Bahmani, field notes 2015","286","","","","Banzarki 60%; Southern Balochi 40%","Hassan Mohebbi Bahmani, field notes 2015",27.02122456747654,57.04049539294047,""
"","a41bc5cb5c3ea433e5d38b94a5284141","27-a84e9093d12cf564cee9b1ab7e48e93f","1220821","هرمزگان","Hormozgān","میناب","Mināb","بنزرک","Banzark","","","بنزرک","Banzark","بنزرک","Banzark","Banzark","Hassan Mohebbi Bahmani, field notes 2015","4683","","","","Banzarki 90%; Minowi 10%","Hassan Mohebbi Bahmani, field notes 2015",27.065761082811264,56.97598615022542,""
"","a41bc5cb5c3ea433e5d38b94a5289759","27-0d4d56da9dd53c592778f82f742915fc","1220822","هرمزگان","Hormozgān","میناب","Mināb","بنزرک","Banzark","","","بنزرک","Banzark","کولغ کاشی","Kulegh Kāshi","Kulegh Kāshi","Hassan Mohebbi Bahmani, field notes 2015","2137","","","","Banzarki 90%; Minowi 10%","Hassan Mohebbi Bahmani, field notes 2015",27.06954434999681,56.96316931291388,""
"","a41bc5cb5c3ea433e5d38b94a528dd3e","27-0d281905086d066d89207e28ee89d692","1220823","هرمزگان","Hormozgān","میناب","Mināb","بنزرک","Banzark","","","بنزرک","Banzark","باغگلان","Bāgh Golān","Bāgh Golon","Hassan Mohebbi Bahmani, field notes 2015","671","","","","Minowi 90%; mixed 10%","Hassan Mohebbi Bahmani, field notes 2015",27.10384110007683,57.02568624062265,""
"","a41bc5cb5c3ea433e5d38b94a5293219","27-2c1ee2be16979a6c463f1fe4143acd0b","1220824","هرمزگان","Hormozgān","میناب","Mināb","بنزرک","Banzark","","","بنزرک","Banzark","تم بلوچان","Tom Baluchān","Tom Baluchon","Hassan Mohebbi Bahmani, field notes 2015","227","","","","Southern Balochi 60%; Banzarki 40%","Hassan Mohebbi Bahmani, field notes 2015",27.10471829239428,57.01646945343751,""
"","a41bc5cb5c3ea433e5d38b94a5296685","27-2abc1bd32454677f5ae7ac19a270209d","1220825","هرمزگان","Hormozgān","میناب","Mināb","بنزرک","Banzark","","","بنزرک","Banzark","گورزانگ","Gwarzāng","Gwarzāng","Hassan Mohebbi Bahmani, field notes 2015","3417","","","","Minowi 90%; mixed 10%","Hassan Mohebbi Bahmani, field notes 2015",27.09648467921661,57.02668913650911,""
"","a41bc5cb5c3ea433e5d38b94a5299eda","27-505a44bc332aa70ef15a54e8a2b6e899","1220826","هرمزگان","Hormozgān","میناب","Mināb","بنزرک","Banzark","","","بنزرک","Banzark","کنارترش","Konār Torosh","Konār Torosh","Hassan Mohebbi Bahmani, field notes 2015","1870","","","","Minowi 90%; mixed 10%","Hassan Mohebbi Bahmani, field notes 2015",27.08881550615546,57.04277655945309,""
"","a41bc5cb5c3ea433e5d38b94a529f0c2","37-5551aa8066395e59b4b6620ac046b0cf","1220827","هرمزگان","Hormozgān","میناب","Mināb","بنزرک","Banzark","","","کرگان","Kargān","","","","","12381","","","","","","","",""
"","a41bc5cb5c3ea433e5d38b94a52a4aa4","27-e7cc0619a2e12618e5f5a463ed405e9b","1220828","هرمزگان","Hormozgān","میناب","Mināb","بنزرک","Banzark","","","کرگان","Kargān","دماغ ریغ","Damāgh Righ","Damāgh Righ","Hassan Mohebbi Bahmani, field notes 2015","366","","","","Southern Balochi 100%","Hassan Mohebbi Bahmani, field notes 2015",26.96384843074714,57.05003788174751,""
"","a41bc5cb5c3ea433e5d38b94a52aa4b9","25-e298317db26bd7f51c48180bfe9d796a","1220829","هرمزگان","Hormozgān","میناب","Mināb","بنزرک","Banzark","","","کرگان","Kargān","بن بست","Bon Bast","Bon Bast","Hassan Mohebbi Bahmani, field notes 2015","49","","","","Southern Balochi 100%","Hassan Mohebbi Bahmani, field notes 2015","","",""
"","a41bc5cb5c3ea433e5d38b94a52acb18","27-fda398a6b2dd1263fce61d08cb8a3ea1","1220830","هرمزگان","Hormozgān","میناب","Mināb","بنزرک","Banzark","","","کرگان","Kargān","جوشکی","Jushki","Jushki","Hassan Mohebbi Bahmani, field notes 2015","411","","","","Southern Balochi 100%","Hassan Mohebbi Bahmani, field notes 2015",26.988039470023207,57.10133670956289,""
"","a41bc5cb5c3ea433e5d38b94a52b151f","27-17e2733c02891dbf20d8cf40111523a3","1220831","هرمزگان","Hormozgān","میناب","Mināb","بنزرک","Banzark","","","کرگان","Kargān","چهکار","Chah Kār","Chah Kār","Hassan Mohebbi Bahmani, field notes 2015","426","","","","Southern Balochi 100%","Hassan Mohebbi Bahmani, field notes 2015",27.00504149776287,57.012609235363946,""
"","a41bc5cb5c3ea433e5d38b94a52b70a6","25-ca164cda5c27728a7dd797c0136579e1","1220832","هرمزگان","Hormozgān","میناب","Mināb","بنزرک","Banzark","","","کرگان","Kargān","رضایی","Rezāi","Rezāi","Hassan Mohebbi Bahmani, field notes 2015","115","","","","Southern Balochi 100%","Hassan Mohebbi Bahmani, field notes 2015","","",""
"","a41bc5cb5c3ea433e5d38b94a52bc25c","27-2c7755b2fd89d4fe75861f09f80be558","1220833","هرمزگان","Hormozgān","میناب","Mināb","بنزرک","Banzark","","","کرگان","Kargān","سرشیف","Sar Shif","Sar Shif","Hassan Mohebbi Bahmani, field notes 2015","327","","","","Southern Balochi 100%","Hassan Mohebbi Bahmani, field notes 2015",26.961702047927552,57.01034545095472,""
"","a41bc5cb5c3ea433e5d38b94a52c0ec5","27-d9e5348178d2e04b4ce826d822bf6a0b","1220834","هرمزگان","Hormozgān","میناب","Mināb","بنزرک","Banzark","","","کرگان","Kargān","سرمست","Sar Mast","Sar Mast","Hassan Mohebbi Bahmani, field notes 2015","1274","","","","Southern Balochi 100%","Hassan Mohebbi Bahmani, field notes 2015",27.005619817851628,57.09059714467016,""
"","a41bc5cb5c3ea433e5d38b94a52c5b8e","27-f2311822f1c6aeae54bd1121e0ca010d","1220835","هرمزگان","Hormozgān","میناب","Mināb","بنزرک","Banzark","","","کرگان","Kargān","شمیلو","Shamilu","Shamilu","Hassan Mohebbi Bahmani, field notes 2015","107","","","","Southern Balochi 100%","Hassan Mohebbi Bahmani, field notes 2015",26.97369305607249,57.001204482633284,""
"","a41bc5cb5c3ea433e5d38b94a52cb54b","27-9e864dda774715dc9a32ee733aa25063","1220836","هرمزگان","Hormozgān","میناب","Mināb","بنزرک","Banzark","","","کرگان","Kargān","طالوار","Tālvār","Tālvār","Hassan Mohebbi Bahmani, field notes 2015","279","","","","Southern Balochi 100%","Hassan Mohebbi Bahmani, field notes 2015",26.9548338420508,57.11734916321765,""
"","a41bc5cb5c3ea433e5d38b94a52cf5f9","27-dd2705ade2aacc2fe65ae7182f37eb9d","1220837","هرمزگان","Hormozgān","میناب","Mināb","بنزرک","Banzark","","","کرگان","Kargān","قادرخانی","Qāder Khāni","Kāder Khāni","Hassan Mohebbi Bahmani, field notes 2015","625","","","","Southern Balochi 100%","Hassan Mohebbi Bahmani, field notes 2015",26.974499989549418,57.10155265009521,""
"","a41bc5cb5c3ea433e5d38b94a52d579f","28-f967209681afbdf74a2197a217bf4fe1","1220838","هرمزگان","Hormozgān","میناب","Mināb","بنزرک","Banzark","","","کرگان","Kargān","کرگان","Kargān","Kargon","Hassan Mohebbi Bahmani, field notes 2015","4848","","","","Southern Balochi 100%","Hassan Mohebbi Bahmani, field notes 2015",26.955231785143308,56.94923363624445,""
"","3449afdbb6b9749ef19da429e1799386","27-c5e8f8db50ae3b737655bb855dd6d331","1220839","هرمزگان","Hormozgān","میناب","Mināb","بنزرک","Banzark","","","کرگان","Kargān","کمبیل، کمیل","Kombil, Komeyl","Kombil, Komeyl","Hassan Mohebbi Bahmani, field notes 2015","345","","","","Southern Balochi 100%","Hassan Mohebbi Bahmani, field notes 2015",27.019784442389824,56.99900470671754,""
"","3449afdbb6b9749ef19da429e179847a","28-9e8e961804cdfcf4f71c61ac1ad2c4e5","1220840","هرمزگان","Hormozgān","میناب","Mināb","بنزرک","Banzark","","","کرگان","Kargān","کهنه شهر","Kohneh Shahr","Kohna Shahr","Hassan Mohebbi Bahmani, field notes 2015","1585","","","","Southern Balochi 100%","Hassan Mohebbi Bahmani, field notes 2015",26.941623029646582,56.96840919089071,""
"","a41bc5cb5c3ea433e5d38b94a52e353d","27-97cb37718ace8024b67745e1280229e7","1220841","هرمزگان","Hormozgān","میناب","Mināb","بنزرک","Banzark","","","کرگان","Kargān","گبرانی","Gabrāni","Gabroni","Hassan Mohebbi Bahmani, field notes 2015","707","","","","Southern Balochi 100%","Hassan Mohebbi Bahmani, field notes 2015",26.989301400778714,57.11704281926336,""
"","a41bc5cb5c3ea433e5d38b94a52e8201","27-626d4d1d924d58bb11c3041c61c6a9a6","1220842","هرمزگان","Hormozgān","میناب","Mināb","بنزرک","Banzark","","","کرگان","Kargān","محمودی","Mahmudi","Mahmudi","Hassan Mohebbi Bahmani, field notes 2015","168","","","","Southern Balochi 100%","Hassan Mohebbi Bahmani, field notes 2015",26.9771017044441,57.122568169832405,""
"","a41bc5cb5c3ea433e5d38b94a52ebab8","27-c3a18368641ab8dfaa502ca26a6dbaec","1220843","هرمزگان","Hormozgān","میناب","Mināb","بنزرک","Banzark","","","کرگان","Kargān","کناراسماعیل","Konār Esmā'il","Konār Esmā'il","Hassan Mohebbi Bahmani, field notes 2015","749","","","","Southern Balochi 100%","Hassan Mohebbi Bahmani, field notes 2015",26.983545649180392,57.02383435796642,""
"","a41bc5cb5c3ea433e5d38b94a52f1364","23-1998180fb088c5fbc18f6bde9eb05fe6","1220844","هرمزگان","Hormozgān","جاسک","Jāsk","","","","","","","","","","","52882","","","","","","","",""
"","a41bc5cb5c3ea433e5d38b94a52f6aa7","23-42914eebb2a4cbbb8fe8f150e1a2a542","1220845","هرمزگان","Hormozgān","جاسک","Jāsk","مرکزی","Markazi","","","","","","","","","34637","","","","","","","",""
"","a41bc5cb5c3ea433e5d38b94a52fc6de","23-b1cbe1147efaf3eacb54351a333f7d04","1220846","هرمزگان","Hormozgān","جاسک","Jāsk","مرکزی","Markazi","","","جاسک","Jāsk","","","","","7810","","","","","","","",""
"","a41bc5cb5c3ea433e5d38b94a53013ff","27-abf08889f196efe5158301f05b46d159","1220847","هرمزگان","Hormozgān","جاسک","Jāsk","مرکزی","Markazi","","","جاسک","Jāsk","بحل","Bahal","Bahal","Hassan Mohebbi Bahmani, field notes 2015","1721","","","","Southern Balochi 90%; Jāshk Shahrichi 10%","Hassan Mohebbi Bahmani, field notes 2015",25.691188982158053,57.85930364788722,""
"","a41bc5cb5c3ea433e5d38b94a5305638","32-cf48668fcc82c4adde6b690fc7468b64","1220848","هرمزگان","Hormozgān","جاسک","Jāsk","مرکزی","Markazi","","","جاسک","Jāsk","کهوتی","Kahuti","Kahuti","Hassan Mohebbi Bahmani, field notes 2015","21","","","","Southern Balochi 90%; Jāshk Shahrichi 10%","Hassan Mohebbi Bahmani, field notes 2015",25.69984177889,57.825972319966,""
"","a41bc5cb5c3ea433e5d38b94a530b7b7","27-0a5a1a6bd43dda7d21633d972f9c19f3","1220849","هرمزگان","Hormozgān","جاسک","Jāsk","مرکزی","Markazi","","","جاسک","Jāsk","خیرآباد","Kheyr Ābād","Kheyr Ābād","Hassan Mohebbi Bahmani, field notes 2015","79","","","","Southern Balochi 90%; Jāshk Shahrichi 10%","Hassan Mohebbi Bahmani, field notes 2015",25.707694951785232,57.85359718587168,""
"","a41bc5cb5c3ea433e5d38b94a53102ca","27-df8483844128304cafdcffc596b6a8b6","1220850","هرمزگان","Hormozgān","جاسک","Jāsk","مرکزی","Markazi","","","جاسک","Jāsk","کلمبری","Kolombari","Kolombari","Hassan Mohebbi Bahmani, field notes 2015","37","","","","Southern Balochi 90%; Jāshk Shahrichi 10%","Hassan Mohebbi Bahmani, field notes 2015",25.925516092916734,57.84190016193256,""
"","a41bc5cb5c3ea433e5d38b94a5314559","27-dac6ac259e9ebdf1ea28f86f05f1030f","1220851","هرمزگان","Hormozgān","جاسک","Jāsk","مرکزی","Markazi","","","جاسک","Jāsk","زوادو","Zavādu","Zawādu","Hassan Mohebbi Bahmani, field notes 2015","99","","","","Southern Balochi 90%; Jāshk Shahrichi 10%","Hassan Mohebbi Bahmani, field notes 2015",25.91806233247259,57.81262116833068,""
"","a41bc5cb5c3ea433e5d38b94a5319470","27-bbe74e109066f7529131f37ae7e13236","1220852","هرمزگان","Hormozgān","جاسک","Jāsk","مرکزی","Markazi","","","جاسک","Jāsk","بار اشکان","Bār Eshkān","Bār Eshkān, Bār Echkān","Hassan Mohebbi Bahmani, field notes 2015","87","","","","Southern Balochi 90%; Jāshk Shahrichi 10%","Hassan Mohebbi Bahmani, field notes 2015",25.890831132364465,57.881773646747014,""
"","a41bc5cb5c3ea433e5d38b94a53201d8","28-5f805caaf5077192b30e64b633eed25f","1220853","هرمزگان","Hormozgān","جاسک","Jāsk","مرکزی","Markazi","","","جاسک","Jāsk","سران","Sarān","Sarān","Hassan Mohebbi Bahmani, field notes 2015","52","","","","Southern Balochi 90%; Jāshk Shahrichi 10%","Hassan Mohebbi Bahmani, field notes 2015",25.981578229255277,57.81480245788447,""
"","a41bc5cb5c3ea433e5d38b94a5324f21","27-0fbb751c30d2794806f60a67bac8682d","1220854","هرمزگان","Hormozgān","جاسک","Jāsk","مرکزی","Markazi","","","جاسک","Jāsk","باغان","Bāghān","Bāghān","Hassan Mohebbi Bahmani, field notes 2015","142","","","","Southern Balochi 90%; Jāshk Shahrichi 10%","Hassan Mohebbi Bahmani, field notes 2015",25.79933562781697,57.63360367964932,""
"","a41bc5cb5c3ea433e5d38b94a532a2b1","27-46c310e1bc31efc5377fde41755271c8","1220855","هرمزگان","Hormozgān","جاسک","Jāsk","مرکزی","Markazi","","","جاسک","Jāsk","بهمدی","Bahmadi","Bahmadi","Hassan Mohebbi Bahmani, field notes 2015","457","","","","Southern Balochi 90%; Jāshk Shahrichi 10%","Hassan Mohebbi Bahmani, field notes 2015",25.827995536773024,57.665857594725765,""
"","a41bc5cb5c3ea433e5d38b94a532ea5b","27-74c084fae5b675c14d25415b980686aa","1220856","هرمزگان","Hormozgān","جاسک","Jāsk","مرکزی","Markazi","","","جاسک","Jāsk","خوش گیزو","Khosh Gizu","Khosh Gizu","Hassan Mohebbi Bahmani, field notes 2015","51","","","","Southern Balochi 90%; Jāshk Shahrichi 10%","Hassan Mohebbi Bahmani, field notes 2015",25.851316112380008,57.68195459538783,""
"","a41bc5cb5c3ea433e5d38b94a5333d64","29-be583f1f5844c94ad08c3bb89e342b72","1220857","هرمزگان","Hormozgān","جاسک","Jāsk","مرکزی","Markazi","","","جاسک","Jāsk","ریگ","Rig","Rig","Hassan Mohebbi Bahmani, field notes 2015","21","","","","Southern Balochi 90%; Jāshk Shahrichi 10%","Hassan Mohebbi Bahmani, field notes 2015",25.779911064659142,57.69276339537539,""
"","a41bc5cb5c3ea433e5d38b94a5337d4a","26-4b7cdf88bbfb0bfb94c689fa3095ba04","1220858","هرمزگان","Hormozgān","جاسک","Jāsk","مرکزی","Markazi","","","جاسک","Jāsk","ریگو","Rigu","Rigu","Hassan Mohebbi Bahmani, field notes 2015","","(less than 3 households; population not specified in 2011 Census for reasons of privacy)","","","Southern Balochi 90%; Jāshk Shahrichi 10%","Hassan Mohebbi Bahmani, field notes 2015","","",""
"","a41bc5cb5c3ea433e5d38b94a533da34","27-466a7e9ff038c0c1d57579b6b9eea347","1220859","هرمزگان","Hormozgān","جاسک","Jāsk","مرکزی","Markazi","","","جاسک","Jāsk","سول","Sowl","Sowl","Hassan Mohebbi Bahmani, field notes 2015","129","","","","Southern Balochi 90%; Jāshk Shahrichi 10%","Hassan Mohebbi Bahmani, field notes 2015",25.793240092997966,57.66294259555188,""
"","a41bc5cb5c3ea433e5d38b94a5342ce2","27-511c80ff1367f12ddf8112798f21da55","1220860","هرمزگان","Hormozgān","جاسک","Jāsk","مرکزی","Markazi","","","جاسک","Jāsk","گیگن","Geygen","Geygen","Hassan Mohebbi Bahmani, field notes 2015","289","","","","Southern Balochi 90%; Jāshk Shahrichi 10%","Hassan Mohebbi Bahmani, field notes 2015",25.81771994736844,57.73548774074121,""
"","a41bc5cb5c3ea433e5d38b94a5347ae4","27-830faa58cc532423ceb310c4012f259d","1220861","هرمزگان","Hormozgān","جاسک","Jāsk","مرکزی","Markazi","","","جاسک","Jāsk","نگرپایین","Negar Pāin","Negar Jahlā","Hassan Mohebbi Bahmani, field notes 2015","453","","","","Southern Balochi 90%; Jāshk Shahrichi 10%","Hassan Mohebbi Bahmani, field notes 2015",25.839033837855276,57.61537005245038,""
"","a41bc5cb5c3ea433e5d38b94a534cf2b","27-daeac41ab4f570ff94a36afe1727feec","1220862","هرمزگان","Hormozgān","جاسک","Jāsk","مرکزی","Markazi","","","جاسک","Jāsk","نگربالا","Negar Bālā","Negar Bālā","Hassan Mohebbi Bahmani, field notes 2015","241","","","","Southern Balochi 90%; Jāshk Shahrichi 10%","Hassan Mohebbi Bahmani, field notes 2015",25.84800396102944,57.62947987298952,""
"","a41bc5cb5c3ea433e5d38b94a535230c","27-7b3424a5d61fa2499033844e02534ecd","1220863","هرمزگان","Hormozgān","جاسک","Jāsk","مرکزی","Markazi","","","جاسک","Jāsk","کویک","Kwik","Kwik","Hassan Mohebbi Bahmani, field notes 2015","708","","","","Southern Balochi 90%; Jāshk Shahrichi 10%","Hassan Mohebbi Bahmani, field notes 2015",25.793926037109134,57.77783769629711,""
"","a41bc5cb5c3ea433e5d38b94a5357032","27-c8add71c74c5e1667cbc57f2dbc110be","1220864","هرمزگان","Hormozgān","جاسک","Jāsk","مرکزی","Markazi","","","جاسک","Jāsk","گزدان","Gazdān","Gazdān","Hassan Mohebbi Bahmani, field notes 2015","1119","","","","Southern Balochi 90%; Jāshk Shahrichi 10%","Hassan Mohebbi Bahmani, field notes 2015",25.768213596090547,57.79688452369354,""
"","a41bc5cb5c3ea433e5d38b94a535b381","27-8ee39b69e733199e6931ec9e57b00df7","1220865","هرمزگان","Hormozgān","جاسک","Jāsk","مرکزی","Markazi","","","جاسک","Jāsk","کویک بالا","Kwik Bālā","Kwik Bālā","Hassan Mohebbi Bahmani, field notes 2015","155","","","","Southern Balochi 90%; Jāshk Shahrichi 10%","Hassan Mohebbi Bahmani, field notes 2015",25.79471740552955,57.80525045795774,""
"","a41bc5cb5c3ea433e5d38b94a535fec2","27-f466908deb6b31d79e02134c58342dd1","1220866","هرمزگان","Hormozgān","جاسک","Jāsk","مرکزی","Markazi","","","جاسک","Jāsk","جاسک کهنه","Jāsk Kohneh","Jāsk Kohna","Hassan Mohebbi Bahmani, field notes 2015","1309","","","","Southern Balochi 90%; Jāshk Shahrichi 10%","Hassan Mohebbi Bahmani, field notes 2015",25.74168453808738,57.772000224291354,""
"","a41bc5cb5c3ea433e5d38b94a5366a83","27-159cdf1ec45be544cf502ae60e770b02","1220867","هرمزگان","Hormozgān","جاسک","Jāsk","مرکزی","Markazi","","","جاسک","Jāsk","زمین لشکری","Zamin Lashkari","Zamin Lashkari","Hassan Mohebbi Bahmani, field notes 2015","356","","","","Southern Balochi 90%; Jāshk Shahrichi 10%","Hassan Mohebbi Bahmani, field notes 2015",25.749009412177383,57.75965282266289,""
"","a41bc5cb5c3ea433e5d38b94a536b7ba","27-b058c8493ea5376a83beeac616645862","1220868","هرمزگان","Hormozgān","جاسک","Jāsk","مرکزی","Markazi","","","جاسک","Jāsk","لافیک","Lāfik","Lāfik","Hassan Mohebbi Bahmani, field notes 2015","214","","","","Southern Balochi 90%; Jāshk Shahrichi 10%","Hassan Mohebbi Bahmani, field notes 2015",25.770927708290433,57.750722687944204,""
"","a41bc5cb5c3ea433e5d38b94a536f8a5","27-daca56accfc8ecc709840d67ebe5cd68","1220869","هرمزگان","Hormozgān","جاسک","Jāsk","مرکزی","Markazi","","","جاسک","Jāsk","تل","Tall","Tall","Hassan Mohebbi Bahmani, field notes 2015","67","","","","Southern Balochi 90%; Jāshk Shahrichi 10%","Hassan Mohebbi Bahmani, field notes 2015",25.72933428028603,57.79698572638339,""
"","a41bc5cb5c3ea433e5d38b94a53744dc","23-04671b442b8bf8d94c5a80b4fb1401c8","1220870","هرمزگان","Hormozgān","جاسک","Jāsk","مرکزی","Markazi","","","کنگان","Kangān","","","","","7069","","","","","","","",""
"","a41bc5cb5c3ea433e5d38b94a5379893","28-19f581c1b4a085c2d0f623bb3e5079ff","1220871","هرمزگان","Hormozgān","جاسک","Jāsk","مرکزی","Markazi","","","کنگان","Kangān","پازرد","Pā Zard","Pā Zard","Hassan Mohebbi Bahmani, field notes 2015","165","","","","Southern Balochi 100%","Hassan Mohebbi Bahmani, field notes 2015",25.85865526915376,57.48891018066439,""
"","a41bc5cb5c3ea433e5d38b94a537da10","27-da82a23d6c1dfad239660ea8d2755e64","1220872","هرمزگان","Hormozgān","جاسک","Jāsk","مرکزی","Markazi","","","کنگان","Kangān","رابک","Rābk","Rābk","Hassan Mohebbi Bahmani, field notes 2015","29","","","","Southern Balochi 100%","Hassan Mohebbi Bahmani, field notes 2015",25.888794421860677,57.55090019764995,""
"","a41bc5cb5c3ea433e5d38b94a5382bb2","28-90ae1c2df56ebaf46c6b2dd0fa94329a","1220873","هرمزگان","Hormozgān","جاسک","Jāsk","مرکزی","Markazi","","","کنگان","Kangān","سرخ کوه","Sorkh Kuh","Sorkh Kuh","Hassan Mohebbi Bahmani, field notes 2015","83","","","","Southern Balochi 100%","Hassan Mohebbi Bahmani, field notes 2015",25.933490442876426,57.4132650395746,""
"","a41bc5cb5c3ea433e5d38b94a5387ddd","27-df7e627d7b59a745a00af2ea94e75509","1220874","هرمزگان","Hormozgān","جاسک","Jāsk","مرکزی","Markazi","","","کنگان","Kangān","سهران","Sohrān","Sohrān","Hassan Mohebbi Bahmani, field notes 2015","124","","","","Southern Balochi 100%","Hassan Mohebbi Bahmani, field notes 2015",25.87343367568512,57.51868150296637,""
"","a41bc5cb5c3ea433e5d38b94a538d3a3","29-8d41cbed9b66baaa850b940a152397de","1220875","هرمزگان","Hormozgān","جاسک","Jāsk","مرکزی","Markazi","","","کنگان","Kangān","گاوبندی","Gāv Bandi","Gā Bandi","Hassan Mohebbi Bahmani, field notes 2015","271","","","","Southern Balochi 100%","Hassan Mohebbi Bahmani, field notes 2015",25.815278911779792,57.50476740035809,""
"","a41bc5cb5c3ea433e5d38b94a5390db6","27-6b2ab0a7e2b387fbbe012bfa85fa27e0","1220876","هرمزگان","Hormozgān","جاسک","Jāsk","مرکزی","Markazi","","","کنگان","Kangān","گروک پائین","Growk Pāin","Growk Pāin","Hassan Mohebbi Bahmani, field notes 2015","186","","","","Southern Balochi 100%","Hassan Mohebbi Bahmani, field notes 2015",25.86408790070017,57.425882150777596,""
"","a41bc5cb5c3ea433e5d38b94a5394b3a","27-11aec3906160f4141d39fda3978350ce","1220877","هرمزگان","Hormozgān","جاسک","Jāsk","مرکزی","Markazi","","","کنگان","Kangān","گروک بالا","Growk Bālā","Growk Bālā","Hassan Mohebbi Bahmani, field notes 2015","258","","","","Southern Balochi 100%","Hassan Mohebbi Bahmani, field notes 2015",25.884398472523042,57.42272787297685,""
"","a41bc5cb5c3ea433e5d38b94a539a486","27-9cea6f14f6b0b4a3164e6af434966e8c","1220878","هرمزگان","Hormozgān","جاسک","Jāsk","مرکزی","Markazi","","","کنگان","Kangān","گنگان","Gangān","Gangon","Hassan Mohebbi Bahmani, field notes 2015","499","","","","Southern Balochi 100%","Hassan Mohebbi Bahmani, field notes 2015",25.86354820120871,57.461625552808506,""
"","a41bc5cb5c3ea433e5d38b94a539f08a","27-578482205025ad73f8a5b1ccfd96488c","1220879","هرمزگان","Hormozgān","جاسک","Jāsk","مرکزی","Markazi","","","کنگان","Kangān","بونجی کرباسی","Bonji Karbāsi","Bonji Karbāsi","Hassan Mohebbi Bahmani, field notes 2015","245","","","","Southern Balochi 100%","Hassan Mohebbi Bahmani, field notes 2015",25.919496229869406,57.30886106324593,""
"","a41bc5cb5c3ea433e5d38b94a53a44dd","27-80fa4ad2eea381d6e6a546d1c528dd48","1220880","هرمزگان","Hormozgān","جاسک","Jāsk","مرکزی","Markazi","","","کنگان","Kangān","شیراهن شهر","Shir Āhen Shahr","Shir Āhen Shahr","Hassan Mohebbi Bahmani, field notes 2015","87","","","","Southern Balochi 100%","Hassan Mohebbi Bahmani, field notes 2015",25.97125360999869,57.37843945537659,""
"","a41bc5cb5c3ea433e5d38b94a53a80d3","27-7cc54c8ed1f4e5c0befc7d1817049aaa","1220881","هرمزگان","Hormozgān","جاسک","Jāsk","مرکزی","Markazi","","","کنگان","Kangān","شیراهن","Shir Āhen","Shir Āhen","Hassan Mohebbi Bahmani, field notes 2015","69","","","","Southern Balochi 100%","Hassan Mohebbi Bahmani, field notes 2015",25.91297883344271,57.38990986368605,""
"","a41bc5cb5c3ea433e5d38b94a53ad4f8","27-15ae26620ef305419de1649a1c84816f","1220882","هرمزگان","Hormozgān","جاسک","Jāsk","مرکزی","Markazi","","","کنگان","Kangān","مغ قنبر کوه مبارک","Mogh Qanbar Kuh Mobārak","Mogh Qanbar Kuh Mobārak, Mogh Kanbar Kuh Mobārak","Hassan Mohebbi Bahmani, field notes 2015","185","","","","Southern Balochi 100%","Hassan Mohebbi Bahmani, field notes 2015",25.827141360333567,57.347427661270295,""
"","a41bc5cb5c3ea433e5d38b94a53b2373","27-713dd816dbc5e2bfa559a17bb622531c","1220883","هرمزگان","Hormozgān","جاسک","Jāsk","مرکزی","Markazi","","","کنگان","Kangān","بونجی ساحلی لاتیدان","Bonji Sāheli Lātidān","Bonji Sāheli Lātidān","Hassan Mohebbi Bahmani, field notes 2015","164","","","","Southern Balochi 100%","Hassan Mohebbi Bahmani, field notes 2015",25.917759286783706,57.28517179323035,""
"","a41bc5cb5c3ea433e5d38b94a53b6dc3","27-3ef858ea9776913e1f423740cc8cad4d","1220884","هرمزگان","Hormozgān","جاسک","Jāsk","مرکزی","Markazi","","","کنگان","Kangān","بونجی مسکی","Bonji Meski","Bonji Meski","Hassan Mohebbi Bahmani, field notes 2015","744","","","","Southern Balochi 100%","Hassan Mohebbi Bahmani, field notes 2015",25.896547218099606,57.31401090455418,""
"","a41bc5cb5c3ea433e5d38b94a53bbfaf","27-6dfe5b41696cef2ea360d0ed94cbd99c","1220885","هرمزگان","Hormozgān","جاسک","Jāsk","مرکزی","Markazi","","","کنگان","Kangān","تم باسیون کوه مبارک","Tom Bāsion Kuh Mobārak","Tom Bāsion Kuh Mobārak","Hassan Mohebbi Bahmani, field notes 2015","84","","","","Southern Balochi 100%","Hassan Mohebbi Bahmani, field notes 2015",25.83098077706339,57.29889824122082,""
"","a41bc5cb5c3ea433e5d38b94a53c11f6","27-17961f5e90cfad42891572508e22d71a","1220886","هرمزگان","Hormozgān","جاسک","Jāsk","مرکزی","Markazi","","","کنگان","Kangān","سنگاری مچ، سنگری مچ","Sengāri Mach, Sengori Mach","Sengāri Mach, Sengori Mach","Hassan Mohebbi Bahmani, field notes 2015","219","","","","Southern Balochi 100%","Hassan Mohebbi Bahmani, field notes 2015",25.817001818730915,57.347484873056416,""
"","a41bc5cb5c3ea433e5d38b94a53c74c2","27-86cdb4537e0182b68893a68d7b1ff34a","1220887","هرمزگان","Hormozgān","جاسک","Jāsk","مرکزی","Markazi","","","کنگان","Kangān","اغوشک دل","Āghoshak-e Dal","Āghoshak-e Dal","Hassan Mohebbi Bahmani, field notes 2015","315","","","","Southern Balochi 100%","Hassan Mohebbi Bahmani, field notes 2015",26.072420201743583,57.32328061891099,""
"","a41bc5cb5c3ea433e5d38b94a53cb5e8","27-51f4d4133ddff6b786c771e72e23cd91","1220888","هرمزگان","Hormozgān","جاسک","Jāsk","مرکزی","Markazi","","","کنگان","Kangān","اغوشک کش","Āghoshak-e Kash","Āghoshak-e Kash","Hassan Mohebbi Bahmani, field notes 2015","57","","","","Southern Balochi 100%","Hassan Mohebbi Bahmani, field notes 2015",26.089558461163687,57.32158009839702,""
"","a41bc5cb5c3ea433e5d38b94a53cffca","27-9a2a52bceaacee9b392a17ef1dd2bb61","1220889","هرمزگان","Hormozgān","جاسک","Jāsk","مرکزی","Markazi","","","کنگان","Kangān","اغوشک خشک کاری","Āghoshak Khoshk Konāri","Āghoshak Khoshk Konāri","Hassan Mohebbi Bahmani, field notes 2015","113","","","","Southern Balochi 100%","Hassan Mohebbi Bahmani, field notes 2015",26.09621168876307,57.3232269747319,""
"","a41bc5cb5c3ea433e5d38b94a53d4b4b","27-08d8a2fcb7c1710150dcf0ac95b5fbf7","1220890","هرمزگان","Hormozgān","جاسک","Jāsk","مرکزی","Markazi","","","کنگان","Kangān","گوان","Gavān","Gawān","Hassan Mohebbi Bahmani, field notes 2015","1002","","","","Southern Balochi 100%","Hassan Mohebbi Bahmani, field notes 2015",26.082577361577776,57.28002195192479,""
"","a41bc5cb5c3ea433e5d38b94a53d8bb8","27-b7cbeba88cf5c8928c75f93b6a1b38b1","1220891","هرمزگان","Hormozgān","جاسک","Jāsk","مرکزی","Markazi","","","کنگان","Kangān","مچی","Machchi","Machchi","Hassan Mohebbi Bahmani, field notes 2015","159","","","","Southern Balochi 100%","Hassan Mohebbi Bahmani, field notes 2015",26.081483507325576,57.32391898465714,""
"","a41bc5cb5c3ea433e5d38b94a53deb76","27-da0b4ec1c28d5639d9507446c2d1afec","1220892","هرمزگان","Hormozgān","جاسک","Jāsk","مرکزی","Markazi","","","کنگان","Kangān","شمبیران","Shambirān","Shambirān","Hassan Mohebbi Bahmani, field notes 2015","92","","","","Southern Balochi 100%","Hassan Mohebbi Bahmani, field notes 2015",26.056768705636618,57.24585060908005,""
"","a41bc5cb5c3ea433e5d38b94a53e4417","27-4014efa53599a25ba1d08e52db8c382b","1220893","هرمزگان","Hormozgān","جاسک","Jāsk","مرکزی","Markazi","","","کنگان","Kangān","گتان سفلی","Gattān-e Soflā","Gatton-e Soflā","Hassan Mohebbi Bahmani, field notes 2015","429","","","","Southern Balochi 100%","Hassan Mohebbi Bahmani, field notes 2015",25.990042714342277,57.294334219224496,""
"","a41bc5cb5c3ea433e5d38b94a53eb53c","27-871cf287a1a4236267eb4adc289252cc","1220894","هرمزگان","Hormozgān","جاسک","Jāsk","مرکزی","Markazi","","","کنگان","Kangān","گتان علیا","Gattān-e Olyā","Gatton-e Olyā","Hassan Mohebbi Bahmani, field notes 2015","629","","","","Southern Balochi 100%","Hassan Mohebbi Bahmani, field notes 2015",25.96697240671003,57.310212896590905,""
"","a41bc5cb5c3ea433e5d38b94a53ef7aa","27-72973ec33ff7b23915e2d777ad91589e","1220895","هرمزگان","Hormozgān","جاسک","Jāsk","مرکزی","Markazi","","","کنگان","Kangān","گزی","Gazi","Gazi","Hassan Mohebbi Bahmani, field notes 2015","669","","","","Southern Balochi 100%","Hassan Mohebbi Bahmani, field notes 2015",26.07234324278765,57.23199968172929,""
"","a41bc5cb5c3ea433e5d38b94a53f4e5e","27-4592f4318dbb84539dd65f3896485257","1220896","هرمزگان","Hormozgān","جاسک","Jāsk","مرکزی","Markazi","","","کنگان","Kangān","مغ جنگان","Mogh Jangān","Mogh Jangān","Hassan Mohebbi Bahmani, field notes 2015","192","","","","Southern Balochi 100%","Hassan Mohebbi Bahmani, field notes 2015",26.063684017176872,57.28852455450099,""
"","a41bc5cb5c3ea433e5d38b94a53f969c","24-3e97f4a24df5a2e4b4ec004f789773ec","1220897","هرمزگان","Hormozgān","جاسک","Jāsk","مرکزی","Markazi","","","گابریک","Gābrik","","","","","5948","","","","","","","",""
"","a41bc5cb5c3ea433e5d38b94a53fcff4","30-86eb9a86863bd17fd77ac8d0bfcff928","1220898","هرمزگان","Hormozgān","جاسک","Jāsk","مرکزی","Markazi","","","گابریک","Gābrik","کالیرک","Kāleyrak","Kāleyrak","Hassan Mohebbi Bahmani, field notes 2015","","(less than 3 households; population not specified in 2011 Census for reasons of privacy)","","","Southern Balochi 100%","Hassan Mohebbi Bahmani, field notes 2015",25.945995953467513,58.36223123634221,""
"","a41bc5cb5c3ea433e5d38b94a540158d","27-bd6832579cea7a1662728c3978af05ff","1220899","هرمزگان","Hormozgān","جاسک","Jāsk","مرکزی","Markazi","","","گابریک","Gābrik","بندبست","Band Bast","Band Bast","Hassan Mohebbi Bahmani, field notes 2015","314","","","","Southern Balochi 100%","Hassan Mohebbi Bahmani, field notes 2015",25.78790539765704,58.52020742083768,""
"","a41bc5cb5c3ea433e5d38b94a5408376","27-026b27d888b2260a307da758d68e0abd","1220900","هرمزگان","Hormozgān","جاسک","Jāsk","مرکزی","Markazi","","","گابریک","Gābrik","پرکوه","Par Kuh","Par Kuh","Hassan Mohebbi Bahmani, field notes 2015","197","","","","Southern Balochi 100%","Hassan Mohebbi Bahmani, field notes 2015",25.873369343707783,58.473452609408795,""
"","a41bc5cb5c3ea433e5d38b94a540cf95","27-99c9bc5e4ac0dace4a1d5b27b1562bb6","1220901","هرمزگان","Hormozgān","جاسک","Jāsk","مرکزی","Markazi","","","گابریک","Gābrik","لیره ای","Leyrei","Leyrei","Hassan Mohebbi Bahmani, field notes 2015","167","","","","Southern Balochi 100%","Hassan Mohebbi Bahmani, field notes 2015",25.78468861648577,58.469233942707625,""
"","a41bc5cb5c3ea433e5d38b94a5411acd","27-1dcf9bea2152d98a798ab497fe3fa54e","1220902","هرمزگان","Hormozgān","جاسک","Jāsk","مرکزی","Markazi","","","گابریک","Gābrik","هی من","Hey Man","Hey Man","Hassan Mohebbi Bahmani, field notes 2015","239","","","","Southern Balochi 100%","Hassan Mohebbi Bahmani, field notes 2015",25.750216972731877,58.6269894527208,""
"","a41bc5cb5c3ea433e5d38b94a54175ea","27-a216025fb1cfdbff991eb998947615c3","1220903","هرمزگان","Hormozgān","جاسک","Jāsk","مرکزی","Markazi","","","گابریک","Gābrik","اسپیتل","Espital","Espital","Hassan Mohebbi Bahmani, field notes 2015","90","","","","Southern Balochi 100%","Hassan Mohebbi Bahmani, field notes 2015",25.78619252458497,58.55671310927501,""
"","a41bc5cb5c3ea433e5d38b94a541e7b1","27-7e53b7071b2e012dcbd2f7b40ef3c730","1220904","هرمزگان","Hormozgān","جاسک","Jāsk","مرکزی","Markazi","","","گابریک","Gābrik","گبد","Gabd","Gabd","Hassan Mohebbi Bahmani, field notes 2015","30","","","","Southern Balochi 100%","Hassan Mohebbi Bahmani, field notes 2015",25.761802855482802,58.64615383612929,""
"","a41bc5cb5c3ea433e5d38b94a54240c7","27-9579e7c40388e78f094815539e0c8428","1220905","هرمزگان","Hormozgān","جاسک","Jāsk","مرکزی","Markazi","","","گابریک","Gābrik","پیشانی کنده","Pishāni Kandeh","Pishāni Kanda","Hassan Mohebbi Bahmani, field notes 2015","162","","","","Southern Balochi 100%","Hassan Mohebbi Bahmani, field notes 2015",25.950035750794218,58.33811370695389,""
"","a41bc5cb5c3ea433e5d38b94a5428a2d","25-dff602392c6d58f311f6a4d7d6d475ea","1220906","هرمزگان","Hormozgān","جاسک","Jāsk","مرکزی","Markazi","","","گابریک","Gābrik","چراغ آباد","Cherāgh Ābād","Cherāgh Ābād","Hassan Mohebbi Bahmani, field notes 2015","148","","","","Southern Balochi 100%","Hassan Mohebbi Bahmani, field notes 2015","","",""
"","a41bc5cb5c3ea433e5d38b94a542cfd9","27-4142aa0367f425fb25c465784f682d47","1220907","هرمزگان","Hormozgān","جاسک","Jāsk","مرکزی","Markazi","","","گابریک","Gābrik","کروچ","Karuch","Karuch","Hassan Mohebbi Bahmani, field notes 2015","259","","","","Southern Balochi 100%","Hassan Mohebbi Bahmani, field notes 2015",25.756955222899094,58.458026495784274,""
"","a41bc5cb5c3ea433e5d38b94a5431f59","28-aade59c82faf9b6a4ae12b569ff425ef","1220908","هرمزگان","Hormozgān","جاسک","Jāsk","مرکزی","Markazi","","","گابریک","Gābrik","کنتکی","Kontaki","Kontaki","Hassan Mohebbi Bahmani, field notes 2015","210","","","","Southern Balochi 100%","Hassan Mohebbi Bahmani, field notes 2015",25.721069644364484,58.460668951138715,""
"","a41bc5cb5c3ea433e5d38b94a5437687","28-670349814cb7a60d4f47d24fc76e0d0a","1220909","هرمزگان","Hormozgān","جاسک","Jāsk","مرکزی","Markazi","","","گابریک","Gābrik","گرندو","Garandu","Garandu","Hassan Mohebbi Bahmani, field notes 2015","224","","","","Southern Balochi 100%","Hassan Mohebbi Bahmani, field notes 2015",25.754123965936856,58.48828181346763,""
"","a41bc5cb5c3ea433e5d38b94a543e45a","29-a739a747da31834738b440c82a58e990","1220910","هرمزگان","Hormozgān","جاسک","Jāsk","مرکزی","Markazi","","","گابریک","Gābrik","گنجک","Ganjak","Ganjak","Hassan Mohebbi Bahmani, field notes 2015","55","","","","Southern Balochi 100%","Hassan Mohebbi Bahmani, field notes 2015",25.774444777883694,58.46522832420792,""
"","a41bc5cb5c3ea433e5d38b94a54437c4","27-b293bf33ed31697f27751fec4fc8bf1a","1220911","هرمزگان","Hormozgān","جاسک","Jāsk","مرکزی","Markazi","","","گابریک","Gābrik","نوروزکار","Nowruz Kār","Nowruz Kār","Hassan Mohebbi Bahmani, field notes 2015","186","","","","Southern Balochi 100%","Hassan Mohebbi Bahmani, field notes 2015",25.751139062406313,58.44370627907613,""
"","a41bc5cb5c3ea433e5d38b94a5448803","27-9603f8e196ad6c92f4122adda54d4a98","1220912","هرمزگان","Hormozgān","جاسک","Jāsk","مرکزی","Markazi","","","گابریک","Gābrik","هون","Hun","Hun","Hassan Mohebbi Bahmani, field notes 2015","194","","","","Southern Balochi 100%","Hassan Mohebbi Bahmani, field notes 2015",25.77872894102431,58.54917808778036,""
"","a41bc5cb5c3ea433e5d38b94a544f65a","27-c5d39f33f7cc36564be5ea2e923104ff","1220913","هرمزگان","Hormozgān","جاسک","Jāsk","مرکزی","Markazi","","","گابریک","Gābrik","حاجی آباد","Hāji Ābād","Hāji Ābād","Hassan Mohebbi Bahmani, field notes 2015","70","","","","Southern Balochi 100%","Hassan Mohebbi Bahmani, field notes 2015",25.771353072246868,58.449735884940445,""
"","a41bc5cb5c3ea433e5d38b94a5455990","28-bdc8150a239faa2499c06679e6df5f56","1220914","هرمزگان","Hormozgān","جاسک","Jāsk","مرکزی","Markazi","","","گابریک","Gābrik","ککی","Kekki","Kekki","Hassan Mohebbi Bahmani, field notes 2015","214","","","","Southern Balochi 100%","Hassan Mohebbi Bahmani, field notes 2015",25.71781433353824,58.51544175538755,""
"","a41bc5cb5c3ea433e5d38b94a545b874","27-9a1b9a731cdebb0d5ced4ca7d3850833","1220915","هرمزگان","Hormozgān","جاسک","Jāsk","مرکزی","Markazi","","","گابریک","Gābrik","شهرک گابریک","Shahrak-e Gābrik","Shahrak-e Gābrik","Hassan Mohebbi Bahmani, field notes 2015","117","","","","Southern Balochi 100%","Hassan Mohebbi Bahmani, field notes 2015",25.716594262867993,58.0956817385467,""
"","a41bc5cb5c3ea433e5d38b94a5460995","27-2b15d4de7b8320460baa78e45b7b372f","1220916","هرمزگان","Hormozgān","جاسک","Jāsk","مرکزی","Markazi","","","گابریک","Gābrik","سورگولم","Sur Gwalm","Sur Gwalm","Hassan Mohebbi Bahmani, field notes 2015","445","","","","Southern Balochi 100%","Hassan Mohebbi Bahmani, field notes 2015",25.656187767444468,58.142301189963675,""
"","a41bc5cb5c3ea433e5d38b94a5465d76","28-6a0f73a2f9e59ed2683e555fe0b04f00","1220917","هرمزگان","Hormozgān","جاسک","Jāsk","مرکزی","Markazi","","","گابریک","Gābrik","شهرنی","Shahr Ney","Shahr Ney","Hassan Mohebbi Bahmani, field notes 2015","","(less than 3 households; population not specified in 2011 Census for reasons of privacy)","","","Southern Balochi 100%","Hassan Mohebbi Bahmani, field notes 2015",25.68388019117358,58.01306142903792,""
"","a41bc5cb5c3ea433e5d38b94a546a623","28-ce4a0af3df103352c78eb499622284db","1220918","هرمزگان","Hormozgān","جاسک","Jāsk","مرکزی","Markazi","","","گابریک","Gābrik","یکدار","Yak Dār","Yak Dār","Hassan Mohebbi Bahmani, field notes 2015","","(less than 3 households; population not specified in 2011 Census for reasons of privacy)","","","Southern Balochi 100%","Hassan Mohebbi Bahmani, field notes 2015",25.687459855195005,58.10285115751109,""
"","a41bc5cb5c3ea433e5d38b94a546fc98","27-12eb4e65134da4561a52bb98643fb5f6","1220919","هرمزگان","Hormozgān","جاسک","Jāsk","مرکزی","Markazi","","","گابریک","Gābrik","دیول","Divel","Divel","Hassan Mohebbi Bahmani, field notes 2015","275","","","","Southern Balochi 100%","Hassan Mohebbi Bahmani, field notes 2015",25.721076584247943,58.196929434914,""
"","a41bc5cb5c3ea433e5d38b94a5475da9","28-11f2d8a52cf006e3e18a9ff84d26f8dd","1220920","هرمزگان","Hormozgān","جاسک","Jāsk","مرکزی","Markazi","","","گابریک","Gābrik","شهرک محمد آباد","Shahrak Mohammad Ābād","","","367","","","","Southern Balochi 100%","Hassan Mohebbi Bahmani, field notes 2015",25.57037,58.80684,""
"","a41bc5cb5c3ea433e5d38b94a547a7b0","27-2a23f4db0d58af5a133518adfcdf79f0","1220921","هرمزگان","Hormozgān","جاسک","Jāsk","مرکزی","Markazi","","","گابریک","Gābrik","کمالانکار","Kamāl Ān Kār","Kamāl Ān Kār","Hassan Mohebbi Bahmani, field notes 2015","87","","","","Southern Balochi 100%","Hassan Mohebbi Bahmani, field notes 2015",25.697457824770282,58.51084197070967,""
"","a41bc5cb5c3ea433e5d38b94a547eb42","28-fafa9b8a037df2c43a55b47673590d3b","1220922","هرمزگان","Hormozgān","جاسک","Jāsk","مرکزی","Markazi","","","گابریک","Gābrik","جهلا","Jahlā","Jahlā","Hassan Mohebbi Bahmani, field notes 2015","119","","","","Southern Balochi 100%","Hassan Mohebbi Bahmani, field notes 2015",25.6958457225362,58.456237559590974,""
"","a41bc5cb5c3ea433e5d38b94a5483bc6","25-d501a14a9acdec4c44f6a007742a6a46","1220923","هرمزگان","Hormozgān","جاسک","Jāsk","مرکزی","Markazi","","","گابریک","Gābrik","شهرک علی آباد","Shahrak Ali Ābād","Shahrak Ali Ābād","Hassan Mohebbi Bahmani, field notes 2015","163","","","","Southern Balochi 100%","Hassan Mohebbi Bahmani, field notes 2015","","",""
"","a41bc5cb5c3ea433e5d38b94a5487ab0","25-47ef8d0a7426fc97e3a8fd962bd8004d","1220924","هرمزگان","Hormozgān","جاسک","Jāsk","مرکزی","Markazi","","","گابریک","Gābrik","واجع قبر","Vāje'-e Qabr","Vājahey Qabr","Hassan Mohebbi Bahmani, field notes 2015","102","","","","Southern Balochi 100%","Hassan Mohebbi Bahmani, field notes 2015","","",""
"","a41bc5cb5c3ea433e5d38b94a548da1e","27-89fd7c1c3286fd3791fd0a0728fd09ef","1220925","هرمزگان","Hormozgān","جاسک","Jāsk","مرکزی","Markazi","","","گابریک","Gābrik","هوشدان","Hoshdān","Hoshdān","Hassan Mohebbi Bahmani, field notes 2015","338","","","","Southern Balochi 100%","Hassan Mohebbi Bahmani, field notes 2015",25.72021002705697,57.93011140877194,""
"","a41bc5cb5c3ea433e5d38b94a5493809","27-f8c1c224f5632df61255c44f9a75f5bc","1220926","هرمزگان","Hormozgān","جاسک","Jāsk","مرکزی","Markazi","","","گابریک","Gābrik","تار","Tār","Tār","Hassan Mohebbi Bahmani, field notes 2015","40","","","","Southern Balochi 100%","Hassan Mohebbi Bahmani, field notes 2015",25.775806944531684,58.07320648381483,""
"","a41bc5cb5c3ea433e5d38b94a549a388","29-0d3b21aa1f89845f0786befa17efc587","1220927","هرمزگان","Hormozgān","جاسک","Jāsk","مرکزی","Markazi","","","گابریک","Gābrik","تیتکن","Titken","Titken","Hassan Mohebbi Bahmani, field notes 2015","139","","","","Southern Balochi 100%","Hassan Mohebbi Bahmani, field notes 2015",25.84499,58.22694,""
"","a41bc5cb5c3ea433e5d38b94a549fe10","28-f5cb930ab950ab875fd3b6e671fb50a9","1220928","هرمزگان","Hormozgān","جاسک","Jāsk","مرکزی","Markazi","","","گابریک","Gābrik","جگین بالا","Jagin Bālā","Jagin Bālā","Hassan Mohebbi Bahmani, field notes 2015","194","","","","Southern Balochi 100%","Hassan Mohebbi Bahmani, field notes 2015",25.910695496508904,58.12855354769551,""
"","a41bc5cb5c3ea433e5d38b94a54a49d0","27-c62e8041c91afd639c25a1fe22bf24a3","1220929","هرمزگان","Hormozgān","جاسک","Jāsk","مرکزی","Markazi","","","گابریک","Gābrik","حصار","Hesār","Hesār","Hassan Mohebbi Bahmani, field notes 2015","86","","","","Southern Balochi 100%","Hassan Mohebbi Bahmani, field notes 2015",25.79010903068703,58.17327295718279,""
"","a41bc5cb5c3ea433e5d38b94a54a8529","25-bc48a1b794b350b4f69a32bfd73b1a49","1220930","هرمزگان","Hormozgān","جاسک","Jāsk","مرکزی","Markazi","","","گابریک","Gābrik","سرتیتکن","Sar Titken","Sar Titken","Hassan Mohebbi Bahmani, field notes 2015","78","","","","Southern Balochi 100%","Hassan Mohebbi Bahmani, field notes 2015","","",""
"","a41bc5cb5c3ea433e5d38b94a54ad4ac","28-c2324f4a9126e1955f49afd6d37ac313","1220931","هرمزگان","Hormozgān","جاسک","Jāsk","مرکزی","Markazi","","","گابریک","Gābrik","کرگی","Kargi","Kargi","Hassan Mohebbi Bahmani, field notes 2015","32","","","","Southern Balochi 100%","Hassan Mohebbi Bahmani, field notes 2015",25.863651790677157,58.22901144121541,""
"","a41bc5cb5c3ea433e5d38b94a54b2e38","25-ae53ae36debbe60e5ed7936ef20f6bc8","1220932","هرمزگان","Hormozgān","جاسک","Jāsk","مرکزی","Markazi","","","گابریک","Gābrik","کیایی","Keyāi","Keyāi","Hassan Mohebbi Bahmani, field notes 2015","101","","","","Southern Balochi 100%","Hassan Mohebbi Bahmani, field notes 2015","","",""
"","a41bc5cb5c3ea433e5d38b94a54b792c","27-49f61db2270b53d32e6aa9f857180b89","1220933","هرمزگان","Hormozgān","جاسک","Jāsk","مرکزی","Markazi","","","گابریک","Gābrik","هنگستان","Hangestān","Hangeyson","Hassan Mohebbi Bahmani, field notes 2015","153","","","","Southern Balochi 100%","Hassan Mohebbi Bahmani, field notes 2015",25.824632102015432,58.17043884555821,""
"","a41bc5cb5c3ea433e5d38b94a54beb67","27-af984fec2699db34a852e3243d335d01","1220934","هرمزگان","Hormozgān","جاسک","Jāsk","مرکزی","Markazi","","","گابریک","Gābrik","سیرمچ","Siromch","Siromch","Hassan Mohebbi Bahmani, field notes 2015","257","","","","Southern Balochi 100%","Hassan Mohebbi Bahmani, field notes 2015",25.748334402966144,58.28151836488303,""
"","a41bc5cb5c3ea433e5d38b94a54c3f1f","27-f2c255765e6d443a266846f1e88f7478","1220935","هرمزگان","Hormozgān","جاسک","Jāsk","مرکزی","Markazi","","","گابریک","Gābrik","زبر","Zebr","Zebr","Hassan Mohebbi Bahmani, field notes 2015","74","","","","Southern Balochi 100%","Hassan Mohebbi Bahmani, field notes 2015",25.905631375580157,58.123586096601734,""
"","a41bc5cb5c3ea433e5d38b94a54c9258","28-5e25326fdd78b7d8f264c12e2514e27a","1220936","هرمزگان","Hormozgān","جاسک","Jāsk","مرکزی","Markazi","بندرجاسک","Bandar Jāsk","","","","","Jāshk, Jāsk","Hassan Mohebbi Bahmani, field notes 2015","13810","","","","Southern Balochi 70%; Jāshk Shahrichi 15%; Minowi 10%; Tehrāni type Persian 5%","Hassan Mohebbi Bahmani, field notes 2015",25.64658600959223,57.77526632609805,""
"","a41bc5cb5c3ea433e5d38b94a54cdd7c","23-1f47397fe812674058d55652e51900ea","1220937","هرمزگان","Hormozgān","جاسک","Jāsk","لیردف","Lirdaf","","","","","","","","","18245","","","","","","","",""
"","a41bc5cb5c3ea433e5d38b94a54d1c06","23-8c6b3f5768bd0f28337d719c927cc7e1","1220938","هرمزگان","Hormozgān","جاسک","Jāsk","لیردف","Lirdaf","","","پی وشک","Pi Veshk","","","","","11603","","","","","","","",""
"","a41bc5cb5c3ea433e5d38b94a54d5f22","27-0205c1a2e087db8862fffbe63d17161a","1220939","هرمزگان","Hormozgān","جاسک","Jāsk","لیردف","Lirdaf","","","پی وشک","Pi Veshk","آبکوهی","Āb Kuhi","Āb Kuhi","Hassan Mohebbi Bahmani, field notes 2015","548","","","","Southern Balochi 100%","Hassan Mohebbi Bahmani, field notes 2015",25.417427889862346,59.11839210524089,""
"","a41bc5cb5c3ea433e5d38b94a54d9849","27-1636824aee31ccccd64603012dda59d6","1220940","هرمزگان","Hormozgān","جاسک","Jāsk","لیردف","Lirdaf","","","پی وشک","Pi Veshk","توگنجک","Tu Ganjk","Tu Ganjk","Hassan Mohebbi Bahmani, field notes 2015","145","","","","Southern Balochi 100%","Hassan Mohebbi Bahmani, field notes 2015",25.454100230939222,59.00693559184881,""
"","a41bc5cb5c3ea433e5d38b94a54dc8bc","27-7a5015f3d559f42d4095b43a1cf237a0","1220941","هرمزگان","Hormozgān","جاسک","Jāsk","لیردف","Lirdaf","","","پی وشک","Pi Veshk","ریگ","Rig","Rig","Hassan Mohebbi Bahmani, field notes 2015","63","","","","Southern Balochi 100%","Hassan Mohebbi Bahmani, field notes 2015",25.448200467912457,59.113051827089556,""
"","a41bc5cb5c3ea433e5d38b94a54e072a","27-fdb4dc76b1a48bbc2e7fec5b0445ca39","1220942","هرمزگان","Hormozgān","جاسک","Jāsk","لیردف","Lirdaf","","","پی وشک","Pi Veshk","کرتی","Karati","Karati","Hassan Mohebbi Bahmani, field notes 2015","742","","","","Southern Balochi 100%","Hassan Mohebbi Bahmani, field notes 2015",25.461055573568274,59.08678495421165,""
"","a41bc5cb5c3ea433e5d38b94a54e59c6","27-ab59fd7864923dc0ca2a4ac7b7d49d10","1220943","هرمزگان","Hormozgān","جاسک","Jāsk","لیردف","Lirdaf","","","پی وشک","Pi Veshk","کلیرک","Kaleyrak","Kaleyrak","Hassan Mohebbi Bahmani, field notes 2015","134","","","","Southern Balochi 100%","Hassan Mohebbi Bahmani, field notes 2015",25.4172728443862,59.07309495940357,""
"","a41bc5cb5c3ea433e5d38b94a54eb5a7","27-3aee6f532edd5f0bbc0a0404b31a1dd9","1220944","هرمزگان","Hormozgān","جاسک","Jāsk","لیردف","Lirdaf","","","پی وشک","Pi Veshk","تلک","Talok","Talok","Hassan Mohebbi Bahmani, field notes 2015","114","","","","Southern Balochi 100%","Hassan Mohebbi Bahmani, field notes 2015",25.493598908519942,59.019230837971,""
"","a41bc5cb5c3ea433e5d38b94a54efd0d","27-a1facb2af351297a051191b91c96c773","1220945","هرمزگان","Hormozgān","جاسک","Jāsk","لیردف","Lirdaf","","","پی وشک","Pi Veshk","براگ","Barāg","Barāg","Hassan Mohebbi Bahmani, field notes 2015","294","","","","Southern Balochi 100%","Hassan Mohebbi Bahmani, field notes 2015",25.589963776584998,59.15292441461732,""
"","a41bc5cb5c3ea433e5d38b94a54f3faa","27-a0ae0bbfbe11046ba96aba89146e1db6","1220946","هرمزگان","Hormozgān","جاسک","Jāsk","لیردف","Lirdaf","","","پی وشک","Pi Veshk","طلادر نخلستان","Talā Dar Nakhlestān","Talā Dar Nakhlestān","Hassan Mohebbi Bahmani, field notes 2015","57","","","","Southern Balochi 100%","Hassan Mohebbi Bahmani, field notes 2015",25.550921312422698,59.139093393969205,""
"","a41bc5cb5c3ea433e5d38b94a54f9131","27-fbcc500e3e50041de17a93a7de1a7b79","1220947","هرمزگان","Hormozgān","جاسک","Jāsk","لیردف","Lirdaf","","","پی وشک","Pi Veshk","کاشی","Kāshi","Kāshi","Hassan Mohebbi Bahmani, field notes 2015","672","","","","Southern Balochi 100%","Hassan Mohebbi Bahmani, field notes 2015",25.674929752755418,59.13849416644467,""
"","a41bc5cb5c3ea433e5d38b94a54ff0a5","27-ce9ccd5ee0b27f4329bac257e51f84f6","1220948","هرمزگان","Hormozgān","جاسک","Jāsk","لیردف","Lirdaf","","","پی وشک","Pi Veshk","کمبکی","Kombaki","Kombaki","Hassan Mohebbi Bahmani, field notes 2015","546","","","","Southern Balochi 100%","Hassan Mohebbi Bahmani, field notes 2015",25.701325371955807,59.18948690124743,""
"","a41bc5cb5c3ea433e5d38b94a5504ddd","28-c9573d709653b1cf10b266f09191147d","1220949","هرمزگان","Hormozgān","جاسک","Jāsk","لیردف","Lirdaf","","","پی وشک","Pi Veshk","جهلو","Johlow","Johlow","Hassan Mohebbi Bahmani, field notes 2015","240","","","","Southern Balochi 100%","Hassan Mohebbi Bahmani, field notes 2015",25.59524698808471,59.09644782160832,""
"","a41bc5cb5c3ea433e5d38b94a5508bf1","27-616e1a616b49f83865950c45def99b86","1220950","هرمزگان","Hormozgān","جاسک","Jāsk","لیردف","Lirdaf","","","پی وشک","Pi Veshk","کیدر پایین","Keydar Pāin","Keydar Pāin","Hassan Mohebbi Bahmani, field notes 2015","179","","","","Southern Balochi 100%","Hassan Mohebbi Bahmani, field notes 2015",25.583456203670167,59.06845628833329,""
"","a41bc5cb5c3ea433e5d38b94a550d51b","27-5fc460fc3cdcbab2c91acc81b1304aee","1220951","هرمزگان","Hormozgān","جاسک","Jāsk","لیردف","Lirdaf","","","پی وشک","Pi Veshk","مشکوهی","Mosh Kuhi","Mosh Kuhi","Hassan Mohebbi Bahmani, field notes 2015","68","","","","Southern Balochi 100%","Hassan Mohebbi Bahmani, field notes 2015",25.543730567550906,59.014257257957695,""
"","a41bc5cb5c3ea433e5d38b94a551347a","29-01c5b28e05436e4cb57210e648dfb3b7","1220952","هرمزگان","Hormozgān","جاسک","Jāsk","لیردف","Lirdaf","","","پی وشک","Pi Veshk","جهل درف","Johol Darf","Johol Darf","Hassan Mohebbi Bahmani, field notes 2015","151","","","","Southern Balochi 100%","Hassan Mohebbi Bahmani, field notes 2015",25.75172,58.91562,""
"","a41bc5cb5c3ea433e5d38b94a5519246","27-a830b4b8baa6ee56f26b3f289e1418c2","1220953","هرمزگان","Hormozgān","جاسک","Jāsk","لیردف","Lirdaf","","","پی وشک","Pi Veshk","تنگ درهمان","Tang Dar Hamān","Tang Dar Hamān","Hassan Mohebbi Bahmani, field notes 2015","16","","","","Southern Balochi 100%","Hassan Mohebbi Bahmani, field notes 2015",25.76623954621813,58.941152071152516,""
"","a41bc5cb5c3ea433e5d38b94a551ea50","32-278e0066b316b795d85e172918e1148b","1220954","هرمزگان","Hormozgān","جاسک","Jāsk","لیردف","Lirdaf","","","پی وشک","Pi Veshk","کیدر بالا","Keydar Bālā","Keydar Bālā","Hassan Mohebbi Bahmani, field notes 2015","289","","","","Southern Balochi 100%","Hassan Mohebbi Bahmani, field notes 2015",25.62356,59.11225,""
"","a41bc5cb5c3ea433e5d38b94a5523c45","27-204504456007f27fd2dd72a6a1ee5eb8","1220955","هرمزگان","Hormozgān","جاسک","Jāsk","لیردف","Lirdaf","","","پی وشک","Pi Veshk","شیهولی","Sheyhuli","Sheyhuli","Hassan Mohebbi Bahmani, field notes 2015","288","","","","Southern Balochi 100%","Hassan Mohebbi Bahmani, field notes 2015",25.68736958828763,58.937066239076216,""
"","a41bc5cb5c3ea433e5d38b94a5528c8c","27-8e87804929af3cbbd74c7d8bdfb96954","1220956","هرمزگان","Hormozgān","جاسک","Jāsk","لیردف","Lirdaf","","","پی وشک","Pi Veshk","رنز","Ranz","Ranz","Hassan Mohebbi Bahmani, field notes 2015","69","","","","Southern Balochi 100%","Hassan Mohebbi Bahmani, field notes 2015",25.721242679753303,58.90430459894284,""
"","a41bc5cb5c3ea433e5d38b94a552d17a","27-d6a03e4078f1b3dd11d3f9633f0b6896","1220957","هرمزگان","Hormozgān","جاسک","Jāsk","لیردف","Lirdaf","","","پی وشک","Pi Veshk","بیاهی","Biāhi","Biāhi","Hassan Mohebbi Bahmani, field notes 2015","659","","","","Southern Balochi 100%","Hassan Mohebbi Bahmani, field notes 2015",25.46586014373924,58.99230682388557,""
"","a41bc5cb5c3ea433e5d38b94a55337c4","27-2432b184e5136c0d1d57c174eff04951","1220958","هرمزگان","Hormozgān","جاسک","Jāsk","لیردف","Lirdaf","","","پی وشک","Pi Veshk","پی وشک","Pi Veshk","Pi Veshk","Hassan Mohebbi Bahmani, field notes 2015","1160","","","","Southern Balochi 100%","Hassan Mohebbi Bahmani, field notes 2015",25.554788385078115,58.91594758045546,""
"","a41bc5cb5c3ea433e5d38b94a55386e6","27-cde2bef77659da942d7d0ed782556424","1220959","هرمزگان","Hormozgān","جاسک","Jāsk","لیردف","Lirdaf","","","پی وشک","Pi Veshk","ونک","Vanak","Vanak","Hassan Mohebbi Bahmani, field notes 2015","474","","","","Southern Balochi 100%","Hassan Mohebbi Bahmani, field notes 2015",25.539120318670506,58.87264378159824,""
"","a41bc5cb5c3ea433e5d38b94a553d6f8","27-1b7361e486ef6601804ff76a7dd39c65","1220960","هرمزگان","Hormozgān","جاسک","Jāsk","لیردف","Lirdaf","","","پی وشک","Pi Veshk","لیردف","Lirdaf","Lirdaf, Birdaf","Hassan Mohebbi Bahmani, field notes 2015","1159","","","","Southern Balochi 100%","Hassan Mohebbi Bahmani, field notes 2015",25.643765568923307,58.86854538836136,""
"","a41bc5cb5c3ea433e5d38b94a55431fc","27-c513589af9852477ab7b4ad14ca8ef9f","1220961","هرمزگان","Hormozgān","جاسک","Jāsk","لیردف","Lirdaf","","","پی وشک","Pi Veshk","لیرک","Lirak","Lirak","Hassan Mohebbi Bahmani, field notes 2015","83","","","","Southern Balochi 100%","Hassan Mohebbi Bahmani, field notes 2015",25.481570523361157,58.97739374176339,""
"","a41bc5cb5c3ea433e5d38b94a55485a0","27-a7a881c66d3a4c4a5677b42a9ecdfcb0","1220962","هرمزگان","Hormozgān","جاسک","Jāsk","لیردف","Lirdaf","","","پی وشک","Pi Veshk","گتی","Gatti","Gatti","Hassan Mohebbi Bahmani, field notes 2015","446","","","","Southern Balochi 100%","Hassan Mohebbi Bahmani, field notes 2015",25.604199638639233,58.94573294655598,""
"","a41bc5cb5c3ea433e5d38b94a554cc4d","27-558a8a911af5e061c197864c032562c9","1220963","هرمزگان","Hormozgān","جاسک","Jāsk","لیردف","Lirdaf","","","پی وشک","Pi Veshk","پترکی","Poterki","Poterki","Hassan Mohebbi Bahmani, field notes 2015","224","","","","Southern Balochi 100%","Hassan Mohebbi Bahmani, field notes 2015",25.685087163320393,58.88342628397447,""
"","a41bc5cb5c3ea433e5d38b94a5550e11","27-127bcb6c10635e9a3073cba7028887a8","1220964","هرمزگان","Hormozgān","جاسک","Jāsk","لیردف","Lirdaf","","","پی وشک","Pi Veshk","سهرکی","Sohroki","Sohroki","Hassan Mohebbi Bahmani, field notes 2015","275","","","","Southern Balochi 100%","Hassan Mohebbi Bahmani, field notes 2015",25.686339616806517,58.85766098418052,""
"","a41bc5cb5c3ea433e5d38b94a5556c20","27-608e2ae07e5a7e1b08be63900b53b3fd","1220965","هرمزگان","Hormozgān","جاسک","Jāsk","لیردف","Lirdaf","","","پی وشک","Pi Veshk","چی درکی","Chi Darki","Chi Darki","Hassan Mohebbi Bahmani, field notes 2015","60","","","","Southern Balochi 100%","Hassan Mohebbi Bahmani, field notes 2015",25.67841556090687,58.874886130471936,""
"","a41bc5cb5c3ea433e5d38b94a555d71e","27-3231d48a5b337dc85f7a9779921bddaf","1220966","هرمزگان","Hormozgān","جاسک","Jāsk","لیردف","Lirdaf","","","پی وشک","Pi Veshk","صلاهو","Salāhu","Salāhu","Hassan Mohebbi Bahmani, field notes 2015","60","","","","Southern Balochi 100%","Hassan Mohebbi Bahmani, field notes 2015",25.68239922931195,58.877310847421114,""
"","a41bc5cb5c3ea433e5d38b94a5562292","27-8077ba0e2e96ef5929953082696d797d","1220967","هرمزگان","Hormozgān","جاسک","Jāsk","لیردف","Lirdaf","","","پی وشک","Pi Veshk","پجک","Pojjok","Pojjok","Hassan Mohebbi Bahmani, field notes 2015","563","","","","Southern Balochi 100%","Hassan Mohebbi Bahmani, field notes 2015",25.703901003036016,58.878126238961734,""
"","a41bc5cb5c3ea433e5d38b94a5566c41","29-6399f94237da832df84248d44f7d7219","1220968","هرمزگان","Hormozgān","جاسک","Jāsk","لیردف","Lirdaf","","","پی وشک","Pi Veshk","گنجک","Ganjak","Ganjak","Hassan Mohebbi Bahmani, field notes 2015","53","","","","Southern Balochi 100%","Hassan Mohebbi Bahmani, field notes 2015",25.70764,58.84222,""
"","a41bc5cb5c3ea433e5d38b94a556a260","27-5d31e7477b0958459004a4ee53c3fbd1","1220969","هرمزگان","Hormozgān","جاسک","Jāsk","لیردف","Lirdaf","","","پی وشک","Pi Veshk","کرمی بالا","Kormi Bālā","Kormi Bālā","Hassan Mohebbi Bahmani, field notes 2015","142","","","","Southern Balochi 100%","Hassan Mohebbi Bahmani, field notes 2015",25.71613903738021,58.89095792688738,""
"","a41bc5cb5c3ea433e5d38b94a557055c","27-d39258e0c3f7e6528e618146651cb5f8","1220970","هرمزگان","Hormozgān","جاسک","Jāsk","لیردف","Lirdaf","","","پی وشک","Pi Veshk","گشمیر","Geshmir","Geshmir","Hassan Mohebbi Bahmani, field notes 2015","229","","","","Southern Balochi 100%","Hassan Mohebbi Bahmani, field notes 2015",25.69552892138783,58.877718543190966,""
"","a41bc5cb5c3ea433e5d38b94a5574f28","27-065b13dc30f31c0aa217c227c088034e","1220971","هرمزگان","Hormozgān","جاسک","Jāsk","لیردف","Lirdaf","","","پی وشک","Pi Veshk","تراتکان","Tarātakān","Tarātakān","Hassan Mohebbi Bahmani, field notes 2015","212","","","","Southern Balochi 100%","Hassan Mohebbi Bahmani, field notes 2015",25.717210575802138,58.844425487577894,""
"","a41bc5cb5c3ea433e5d38b94a5579da7","27-ab257bdf3ddedb191d531c2407c049a2","1220972","هرمزگان","Hormozgān","جاسک","Jāsk","لیردف","Lirdaf","","","پی وشک","Pi Veshk","جمعه ای","Jamm'ei","Jammai","Hassan Mohebbi Bahmani, field notes 2015","104","","","","Southern Balochi 100%","Hassan Mohebbi Bahmani, field notes 2015",25.74725678969125,58.878627096814235,""
"","a41bc5cb5c3ea433e5d38b94a557dcb1","28-05b229887952dee84a7f881b782ace90","1220973","هرمزگان","Hormozgān","جاسک","Jāsk","لیردف","Lirdaf","","","پی وشک","Pi Veshk","زهری کار","Zahri Kār","Zahri Kār","Hassan Mohebbi Bahmani, field notes 2015","269","","","","Southern Balochi 100%","Hassan Mohebbi Bahmani, field notes 2015",25.713220825998103,58.83007029603945,""
"","a41bc5cb5c3ea433e5d38b94a558243a","27-4107af21e8605bc9f8b81bd47f514dce","1220974","هرمزگان","Hormozgān","جاسک","Jāsk","لیردف","Lirdaf","","","پی وشک","Pi Veshk","کربلا","Karbalā","Karbalā","Hassan Mohebbi Bahmani, field notes 2015","183","","","","Southern Balochi 100%","Hassan Mohebbi Bahmani, field notes 2015",25.733648624478196,58.849332805783426,""
"","a41bc5cb5c3ea433e5d38b94a5586478","27-b665777451afc983b5a944191850c4ee","1220975","هرمزگان","Hormozgān","جاسک","Jāsk","لیردف","Lirdaf","","","پی وشک","Pi Veshk","کرمی پایین","Kormi Pāin","Kormi Pāin","Hassan Mohebbi Bahmani, field notes 2015","34","","","","Southern Balochi 100%","Hassan Mohebbi Bahmani, field notes 2015",25.724934951154886,58.87344846644059,""
"","a41bc5cb5c3ea433e5d38b94a558aeaa","27-862d6911e80b92a6a78a68ae930c354c","1220976","هرمزگان","Hormozgān","جاسک","Jāsk","لیردف","Lirdaf","","","پی وشک","Pi Veshk","کوتک","Kutak","Kutak","Hassan Mohebbi Bahmani, field notes 2015","156","","","","Southern Balochi 100%","Hassan Mohebbi Bahmani, field notes 2015",25.719686950163645,58.82023863190766,""
"","a41bc5cb5c3ea433e5d38b94a558f6f4","27-bcbb89124018d36eb290c591c8f3bd37","1220977","هرمزگان","Hormozgān","جاسک","Jāsk","لیردف","Lirdaf","","","پی وشک","Pi Veshk","نگر شرق","Negar Sharq","Negar Sharq","Hassan Mohebbi Bahmani, field notes 2015","319","","","","Southern Balochi 100%","Hassan Mohebbi Bahmani, field notes 2015",25.741090267161095,58.85750817885974,""
"","a41bc5cb5c3ea433e5d38b94a55936f4","25-5537a2fc7e2ad8e5f42d2d8ade90af96","1220978","هرمزگان","Hormozgān","جاسک","Jāsk","لیردف","Lirdaf","","","پی وشک","Pi Veshk","آگی بند بست","Āgi Band Bast","Āgi Band Bast","Hassan Mohebbi Bahmani, field notes 2015","124","","","","Southern Balochi 100%","Hassan Mohebbi Bahmani, field notes 2015","","",""
"","a41bc5cb5c3ea433e5d38b94a5597e2e","23-8865f4863f54d65efb9f7f32cfd35b7c","1220979","هرمزگان","Hormozgān","جاسک","Jāsk","لیردف","Lirdaf","","","سورگ","Surag","","","","","6642","","","","","","","",""
"","a41bc5cb5c3ea433e5d38b94a559dcfb","27-06c0233ea60902a62c678593ade607fb","1220980","هرمزگان","Hormozgān","جاسک","Jāsk","لیردف","Lirdaf","","","سورگ","Surag","شمشی","Shemshi","Shemshi","Hassan Mohebbi Bahmani, field notes 2015","788","","","","Southern Balochi 100%","Hassan Mohebbi Bahmani, field notes 2015",25.649196372852884,58.82354059277976,""
"","a41bc5cb5c3ea433e5d38b94a55a3a2d","27-a755b11f819d3f528d08e86549271393","1220981","هرمزگان","Hormozgān","جاسک","Jāsk","لیردف","Lirdaf","","","سورگ","Surag","عبد","Abd","Abd","Hassan Mohebbi Bahmani, field notes 2015","483","","","","Southern Balochi 100%","Hassan Mohebbi Bahmani, field notes 2015",25.565467853305815,58.81285528810468,""
"","a41bc5cb5c3ea433e5d38b94a55ab6f0","27-43c85e392ecaf6df9c59d1bedd687fcb","1220982","هرمزگان","Hormozgān","جاسک","Jāsk","لیردف","Lirdaf","","","سورگ","Surag","گپسر","Gapsar","Gapsar","Hassan Mohebbi Bahmani, field notes 2015","164","","","","Southern Balochi 100%","Hassan Mohebbi Bahmani, field notes 2015",25.642101961382775,58.845982646129954,""
"","a41bc5cb5c3ea433e5d38b94a55b0486","27-edaa56a04a5b2f6dfe844acdfbaedf91","1220983","هرمزگان","Hormozgān","جاسک","Jāsk","لیردف","Lirdaf","","","سورگ","Surag","گوهرت","Guhert","Guhert","Hassan Mohebbi Bahmani, field notes 2015","898","","","","Southern Balochi 100%","Hassan Mohebbi Bahmani, field notes 2015",25.63097066070159,58.80426703724774,""
"","a41bc5cb5c3ea433e5d38b94a55b3a21","27-66e158a398a13b50ab965ad5bc2170d9","1220984","هرمزگان","Hormozgān","جاسک","Jāsk","لیردف","Lirdaf","","","سورگ","Surag","محمدآباد","Mohammad Ābād","Mohammad Ābād","Hassan Mohebbi Bahmani, field notes 2015","183","","","","Southern Balochi 100%","Hassan Mohebbi Bahmani, field notes 2015",25.570269415236066,58.806836411076716,""
"","a41bc5cb5c3ea433e5d38b94a55b7aec","27-5b870a0118c4143ff9c6055ed56e669c","1220985","هرمزگان","Hormozgān","جاسک","Jāsk","لیردف","Lirdaf","","","سورگ","Surag","چنالی بالا","Chenāli Bālā","Chenāli Bālā","Hassan Mohebbi Bahmani, field notes 2015","114","","","","Southern Balochi 100%","Hassan Mohebbi Bahmani, field notes 2015",25.634897772296977,58.776833410849186,""
"","a41bc5cb5c3ea433e5d38b94a55bcf11","27-72bab0b32663c72ed3b7baea7dd1f392","1220986","هرمزگان","Hormozgān","جاسک","Jāsk","لیردف","Lirdaf","","","سورگ","Surag","سورچاه بالا","Sur Chāh Bālā","Sur Chāh Bālā","Hassan Mohebbi Bahmani, field notes 2015","204","","","","Southern Balochi 100%","Hassan Mohebbi Bahmani, field notes 2015",25.682312566747605,58.77030110138012,""
"","a41bc5cb5c3ea433e5d38b94a55c288c","27-25d872efcb75cd1b4ca8471c4f72db8a","1220987","هرمزگان","Hormozgān","جاسک","Jāsk","لیردف","Lirdaf","","","سورگ","Surag","شم سیاهان","Sham Siāhān","Sham Siāhon","Hassan Mohebbi Bahmani, field notes 2015","92","","","","Southern Balochi 100%","Hassan Mohebbi Bahmani, field notes 2015",25.594584569013477,58.79810868535074,""
"","a41bc5cb5c3ea433e5d38b94a55c944a","27-368e25e16c9fd2a585d3191631a9921d","1220988","هرمزگان","Hormozgān","جاسک","Jāsk","لیردف","Lirdaf","","","سورگ","Surag","سورچاه پایین","Sur Chāh Pāin","Sur Chāh Pāin","Hassan Mohebbi Bahmani, field notes 2015","276","","","","Southern Balochi 100%","Hassan Mohebbi Bahmani, field notes 2015",25.6860930636629,58.77077317016723,""
"","a41bc5cb5c3ea433e5d38b94a55ce52d","29-ed5161510f7a9591b43e7b61af8227ff","1220989","هرمزگان","Hormozgān","جاسک","Jāsk","لیردف","Lirdaf","","","سورگ","Surag","زیگدف","Zig Daf","Zig Daf, Zig Key Daf","Hassan Mohebbi Bahmani, field notes 2015","1224","","","","Southern Balochi 100%","Hassan Mohebbi Bahmani, field notes 2015",25.694021576197212,58.749660155388305,""
"","a41bc5cb5c3ea433e5d38b94a55d35e0","27-82727881daaf2758b5f23cc00d5e5b5b","1220990","هرمزگان","Hormozgān","جاسک","Jāsk","لیردف","Lirdaf","","","سورگ","Surag","سدیج","Sadij","Sadij","Hassan Mohebbi Bahmani, field notes 2015","669","","","","Southern Balochi 100%","Hassan Mohebbi Bahmani, field notes 2015",25.702307404026335,58.71116399957982,""
"","a41bc5cb5c3ea433e5d38b94a55d9d45","27-1b6b0ccdc4feb4f9df3009bb9630c833","1220991","هرمزگان","Hormozgān","جاسک","Jāsk","لیردف","Lirdaf","","","سورگ","Surag","میرن کوری","Miron-e Kuri","Miron-e Kuri","Hassan Mohebbi Bahmani, field notes 2015","415","","","","Southern Balochi 100%","Hassan Mohebbi Bahmani, field notes 2015",25.70254709618973,58.73173742328827,""
"","a41bc5cb5c3ea433e5d38b94a55dfe4b","30-2fb1be4085c66cb05703e2fa6f7cc8d1","1220992","هرمزگان","Hormozgān","جاسک","Jāsk","لیردف","Lirdaf","","","سورگ","Surag","گچی","Gachchi","Gachchi","Hassan Mohebbi Bahmani, field notes 2015","","(less than 3 households; population not specified in 2011 Census for reasons of privacy)","","","Southern Balochi 100%","Hassan Mohebbi Bahmani, field notes 2015",25.95961926899243,58.96271601361483,""
"","a41bc5cb5c3ea433e5d38b94a55e673b","27-6bb50dc682bf62a927221878579d7dac","1220993","هرمزگان","Hormozgān","جاسک","Jāsk","لیردف","Lirdaf","","","سورگ","Surag","آلائی","Ālāi","Ālāi","Hassan Mohebbi Bahmani, field notes 2015","26","","","","Southern Balochi 100%","Hassan Mohebbi Bahmani, field notes 2015",25.860338894050493,58.77878037832052,""
"","a41bc5cb5c3ea433e5d38b94a55e9687","27-aa0be4792219968da1a016214bf35505","1220994","هرمزگان","Hormozgān","جاسک","Jāsk","لیردف","Lirdaf","","","سورگ","Surag","جانوری","Jānevari","Jānevari","Hassan Mohebbi Bahmani, field notes 2015","163","","","","Southern Balochi 100%","Hassan Mohebbi Bahmani, field notes 2015",25.985577080538683,58.96629944485816,""
"","a41bc5cb5c3ea433e5d38b94a55ee49d","27-c0343cd377fa02e0f8273654d7b33134","1220995","هرمزگان","Hormozgān","جاسک","Jāsk","لیردف","Lirdaf","","","سورگ","Surag","گشمی","Geshmi","Geshmi","Hassan Mohebbi Bahmani, field notes 2015","181","","","","Southern Balochi 100%","Hassan Mohebbi Bahmani, field notes 2015",25.630045802580504,58.72461368761047,""
"","a41bc5cb5c3ea433e5d38b94a55f430c","25-5fdf55e87edfbac9b9bbbe472bb300af","1220996","هرمزگان","Hormozgān","جاسک","Jāsk","لیردف","Lirdaf","","","سورگ","Surag","دسکی","Deski","Deski","Hassan Mohebbi Bahmani, field notes 2015","21","","","","Southern Balochi 100%","Hassan Mohebbi Bahmani, field notes 2015","","",""
"","a41bc5cb5c3ea433e5d38b94a55fa418","25-cfb297d1407f3333900ef87293597824","1220997","هرمزگان","Hormozgān","جاسک","Jāsk","لیردف","Lirdaf","","","سورگ","Surag","شهری","Shahri","Shahri","Hassan Mohebbi Bahmani, field notes 2015","52","","","","Southern Balochi 100%","Hassan Mohebbi Bahmani, field notes 2015","","",""
"","a41bc5cb5c3ea433e5d38b94a56001e5","25-cef99e60cdc6372a36b68f688ce464b9","1220998","هرمزگان","Hormozgān","جاسک","Jāsk","لیردف","Lirdaf","","","سورگ","Surag","سهتو","Sahtu","Sahtu","Hassan Mohebbi Bahmani, field notes 2015","120","","","","Southern Balochi 100%","Hassan Mohebbi Bahmani, field notes 2015","","",""
"","a41bc5cb5c3ea433e5d38b94a56050ca","25-c987855b749675f55b217a7087e972d8","1220999","هرمزگان","Hormozgān","جاسک","Jāsk","لیردف","Lirdaf","","","سورگ","Surag","تاتیدر","Tātidar","Tātidar","Hassan Mohebbi Bahmani, field notes 2015","41","","","","Southern Balochi 100%","Hassan Mohebbi Bahmani, field notes 2015","","",""
"","a41bc5cb5c3ea433e5d38b94a560a3f3","28-ba090bda46bbecbcb91291da3d2f0a22","1221000","هرمزگان","Hormozgān","جاسک","Jāsk","لیردف","Lirdaf","","","سورگ","Surag","زهی","Zehi","Zehi","Hassan Mohebbi Bahmani, field notes 2015","","(less than 3 households; population not specified in 2011 Census for reasons of privacy)","","","Southern Balochi 100%","Hassan Mohebbi Bahmani, field notes 2015",26.099423551443248,58.84851489599556,""
"","a41bc5cb5c3ea433e5d38b94a560e1d9","25-8e135706ed1a89c5ef0ed6535ca35603","1221001","هرمزگان","Hormozgān","جاسک","Jāsk","لیردف","Lirdaf","","","سورگ","Surag","شادینی زهی","Shādini Zehi","Shādini Zehi","Hassan Mohebbi Bahmani, field notes 2015","19","","","","Southern Balochi 100%","Hassan Mohebbi Bahmani, field notes 2015","","",""
"","a41bc5cb5c3ea433e5d38b94a5613266","25-a51fc5c518bba2b91e5dd66070be5075","1221002","هرمزگان","Hormozgān","جاسک","Jāsk","لیردف","Lirdaf","","","سورگ","Surag","گوربوجا","Gorbojā","Gorbojā","Hassan Mohebbi Bahmani, field notes 2015","91","","","","Southern Balochi 100%","Hassan Mohebbi Bahmani, field notes 2015","","",""
"","a41bc5cb5c3ea433e5d38b94a561a1e3","25-6d53576a8415abc0ac8df27fb4a0c4b9","1221003","هرمزگان","Hormozgān","جاسک","Jāsk","لیردف","Lirdaf","","","سورگ","Surag","خیرآباد","Kheyr Ābād","Kheyr Ābād","Hassan Mohebbi Bahmani, field notes 2015","122","","","","Southern Balochi 100%","Hassan Mohebbi Bahmani, field notes 2015","","",""
"","a41bc5cb5c3ea433e5d38b94a561e8a2","25-93cf2ac4d0ad4f6f671e49d9ef1b040c","1221004","هرمزگان","Hormozgān","جاسک","Jāsk","لیردف","Lirdaf","","","سورگ","Surag","بریدی","Bereydi","Bereydi","Hassan Mohebbi Bahmani, field notes 2015","10","","","","Southern Balochi 100%","Hassan Mohebbi Bahmani, field notes 2015","","",""
"","a41bc5cb5c3ea433e5d38b94a5622e95","27-4921cf21cc1b1344eae1ef40934396eb","1221005","هرمزگان","Hormozgān","جاسک","Jāsk","لیردف","Lirdaf","","","سورگ","Surag","گری برد","Gari Bord","Gari Bord","Hassan Mohebbi Bahmani, field notes 2015","12","","","","Southern Balochi 100%","Hassan Mohebbi Bahmani, field notes 2015",26.084601146135757,58.804074019361586,""
"","a41bc5cb5c3ea433e5d38b94a56264e4","27-39fa569cc6c5db962b74114dbf045fc9","1221006","هرمزگان","Hormozgān","جاسک","Jāsk","لیردف","Lirdaf","","","سورگ","Surag","مگا","Megā","Megā","Hassan Mohebbi Bahmani, field notes 2015","39","","","","Southern Balochi 100%","Hassan Mohebbi Bahmani, field notes 2015",25.636515579188085,58.7849918995714,""
"","a41bc5cb5c3ea433e5d38b94a562d857","27-3f67c58cc797fb08ee23bdb7ed72ce2e","1221007","هرمزگان","Hormozgān","جاسک","Jāsk","لیردف","Lirdaf","","","سورگ","Surag","تنگ دف","Tang Daf","Tang Daf","Hassan Mohebbi Bahmani, field notes 2015","37","","","","Southern Balochi 100%","Hassan Mohebbi Bahmani, field notes 2015",26.09056927246362,58.83453102230455,""
"","a41bc5cb5c3ea433e5d38b94a56347fd","28-f08d37cded83c32890ce79e1b8d543f0","1221008","هرمزگان","Hormozgān","جاسک","Jāsk","لیردف","Lirdaf","","","سورگ","Surag","بونوک","Bonuk","Bonuk","Hassan Mohebbi Bahmani, field notes 2015","","(less than 3 households; population not specified in 2011 Census for reasons of privacy)","","","Southern Balochi 100%","Hassan Mohebbi Bahmani, field notes 2015",26.103869944710066,58.89042441184723,""
"","a41bc5cb5c3ea433e5d38b94a5639afc","25-18cedc268f94d1522c5130551033ed76","1221009","هرمزگان","Hormozgān","جاسک","Jāsk","لیردف","Lirdaf","","","سورگ","Surag","باسیدی","Bāseydi","Bāseydi","Hassan Mohebbi Bahmani, field notes 2015","78","","","","Southern Balochi 100%","Hassan Mohebbi Bahmani, field notes 2015","","",""
"","a41bc5cb5c3ea433e5d38b94a563d8cb","31-5b70003fe63c270c8bb290eb9b6942e8","1221010","هرمزگان","Hormozgān","جاسک","Jāsk","لیردف","Lirdaf","","","سورگ","Surag","گورسر","Gur Sar","Gur Sar","Hassan Mohebbi Bahmani, field notes 2015","98","","","","Southern Balochi 100%","Hassan Mohebbi Bahmani, field notes 2015",26.05248,58.89141,""
"","a41bc5cb5c3ea433e5d38b94a5642a71","23-069083acd7595b30825bcad01dbc86cc","1221011","هرمزگان","Hormozgān","رودان","Rudān","","","","","","","","","","","118547","","","","","","","",""
"","a41bc5cb5c3ea433e5d38b94a5646fc9","23-3dc2498fdaeca7cfc690a96200430c58","1221012","هرمزگان","Hormozgān","رودان","Rudān","رودخانه","Rudkhāneh","","","","","","","","","19029","","","","","","","",""
"","a41bc5cb5c3ea433e5d38b94a5649d1b","23-e7c73e2a5d1c687be2e365bfa3d14f1c","1221013","هرمزگان","Hormozgān","رودان","Rudān","رودخانه","Rudkhāneh","","","رودخانه","Rudkhāne","","","","","2643","","","","","","","",""
"","a41bc5cb5c3ea433e5d38b94a564f7e1","27-48c05b4a5ba7f56e7a38cd48ebef6310","1221014","هرمزگان","Hormozgān","رودان","Rudān","رودخانه","Rudkhāneh","","","رودخانه","Rudkhāne","باجانی","Bājāni","Bājoni","Hassan Mohebbi Bahmani, field notes 2015","94","","","","Rukhonei 100%","Hassan Mohebbi Bahmani, field notes 2015",27.692254713698357,57.249985428293826,""
"","a41bc5cb5c3ea433e5d38b94a5655a74","27-3e0aae3135bdb727226f3d0e111dad58","1221015","هرمزگان","Hormozgān","رودان","Rudān","رودخانه","Rudkhāneh","","","رودخانه","Rudkhāne","چکری","Chakeri","Chakeri","Hassan Mohebbi Bahmani, field notes 2015","214","","","","Rukhonei 100%","Hassan Mohebbi Bahmani, field notes 2015",27.729853656755264,57.255376668412,""
"","a41bc5cb5c3ea433e5d38b94a5659729","27-c89baefd6e95ef57da771c6134272759","1221016","هرمزگان","Hormozgān","رودان","Rudān","رودخانه","Rudkhāneh","","","رودخانه","Rudkhāne","خاروگان","Khārugān","Khārugo","Hassan Mohebbi Bahmani, field notes 2015","148","","","","Rukhonei 100%","Hassan Mohebbi Bahmani, field notes 2015",27.714197316263732,57.25172349973506,""
"","a41bc5cb5c3ea433e5d38b94a565e6db","27-e5c802ef6c70a4d3bfecc69d62b4a542","1221017","هرمزگان","Hormozgān","رودان","Rudān","رودخانه","Rudkhāneh","","","رودخانه","Rudkhāne","رهبران","Rahbarān","Rahbaron","Hassan Mohebbi Bahmani, field notes 2015","222","","","","Rukhonei 100%","Hassan Mohebbi Bahmani, field notes 2015",27.728752040576634,57.26273664994858,""
"","a41bc5cb5c3ea433e5d38b94a5662f17","27-e84ffec574eff3eeeaf366a521be97ab","1221018","هرمزگان","Hormozgān","رودان","Rudān","رودخانه","Rudkhāneh","","","رودخانه","Rudkhāne","زمینان","Zaminān","Zaminon","Hassan Mohebbi Bahmani, field notes 2015","224","","","","Rukhonei 100%","Hassan Mohebbi Bahmani, field notes 2015",27.70781446882057,57.24914857908138,""
"","a41bc5cb5c3ea433e5d38b94a5666d62","27-61516fcb6f7b28f6a493a51db692ae91","1221019","هرمزگان","Hormozgān","رودان","Rudān","رودخانه","Rudkhāneh","","","رودخانه","Rudkhāne","میرابی","Mirābi","Mirābi","Hassan Mohebbi Bahmani, field notes 2015","86","","","","Rukhonei 100%","Hassan Mohebbi Bahmani, field notes 2015",27.715678334759275,57.22853237445858,""
"","a41bc5cb5c3ea433e5d38b94a566a207","27-7afa9b37f45b4e7142420bf10296794b","1221020","هرمزگان","Hormozgān","رودان","Rudān","رودخانه","Rudkhāneh","","","رودخانه","Rudkhāne","آب تاریکان پایین","Āb Tārikān Pāin","How Tārego","Hassan Mohebbi Bahmani, field notes 2015","148","","","","Rukhonei 100%","Hassan Mohebbi Bahmani, field notes 2015",27.73218413261852,57.216118812113365,""
"","a41bc5cb5c3ea433e5d38b94a566d996","27-95bc1208b7054ec78278bf714a5ee5b1","1221021","هرمزگان","Hormozgān","رودان","Rudān","رودخانه","Rudkhāneh","","","رودخانه","Rudkhāne","پیروئی","Pirui","Pirui","Hassan Mohebbi Bahmani, field notes 2015","110","","","","Rukhonei 100%","Hassan Mohebbi Bahmani, field notes 2015",27.72601219688762,57.23920831247384,""
"","a41bc5cb5c3ea433e5d38b94a5674a05","27-73d33b30fe342722991ce24b0a18d9e0","1221022","هرمزگان","Hormozgān","رودان","Rudān","رودخانه","Rudkhāneh","","","رودخانه","Rudkhāne","چیرم آباد","Cheyrom Ābād","Cheyrom Āvā","Hassan Mohebbi Bahmani, field notes 2015","471","","","","Rukhonei 100%","Hassan Mohebbi Bahmani, field notes 2015",27.74733082693135,57.25533375307017,""
"","a41bc5cb5c3ea433e5d38b94a567ab82","27-1a359dca85303c5ee20591b4a84e89e6","1221023","هرمزگان","Hormozgān","رودان","Rudān","رودخانه","Rudkhāneh","","","رودخانه","Rudkhāne","درمکو","Dar Maku","Dar Maku","Hassan Mohebbi Bahmani, field notes 2015","287","","","","Rukhonei 100%","Hassan Mohebbi Bahmani, field notes 2015",27.769678377657435,57.23964819475188,""
"","a41bc5cb5c3ea433e5d38b94a5680339","27-271ed00e1fdc0ac5ad29a32e608b28dd","1221024","هرمزگان","Hormozgān","رودان","Rudān","رودخانه","Rudkhāneh","","","رودخانه","Rudkhāne","دهلیان","Doholiān","Doholio","Hassan Mohebbi Bahmani, field notes 2015","95","","","","Rukhonei 100%","Hassan Mohebbi Bahmani, field notes 2015",27.74113033710121,57.241268248997685,""
"","a41bc5cb5c3ea433e5d38b94a5685d45","27-71a01a9fea10106d96870d7311b9d0e5","1221025","هرمزگان","Hormozgān","رودان","Rudān","رودخانه","Rudkhāneh","","","رودخانه","Rudkhāne","سرزه سفلی","Sar Zeh Soflā","Sar Zeh Soflā","Hassan Mohebbi Bahmani, field notes 2015","117","","","","Rukhonei 100%","Hassan Mohebbi Bahmani, field notes 2015",27.723238383587002,57.23054939563789,""
"","a41bc5cb5c3ea433e5d38b94a568d029","27-b68b59b43b0997bf03635242e127bfa0","1221026","هرمزگان","Hormozgān","رودان","Rudān","رودخانه","Rudkhāneh","","","رودخانه","Rudkhāne","سمیلان بالا","Samilān Bālā","Samilon Bālā","Hassan Mohebbi Bahmani, field notes 2015","427","","","","Rukhonei 100%","Hassan Mohebbi Bahmani, field notes 2015",27.728973545301372,57.249019833049594,""
"","a41bc5cb5c3ea433e5d38b94a56917d6","23-8b539025104c60ed978d7d38f321782d","1221027","هرمزگان","Hormozgān","رودان","Rudān","رودخانه","Rudkhāneh","","","مسافرآباد","Mosāfer Ābād","","","","","5069","","","","","","","",""
"","a41bc5cb5c3ea433e5d38b94a5696234","27-098af5fead0d4a7b9c0908aca6ec03e6","1221028","هرمزگان","Hormozgān","رودان","Rudān","رودخانه","Rudkhāneh","","","مسافرآباد","Mosāfer Ābād","ابراهیم عالی","Ebrāhim Āli","Berāhim Āli","Hassan Mohebbi Bahmani, field notes 2015","100","","","","Rukhonei 100%","Hassan Mohebbi Bahmani, field notes 2015",27.779499064827966,57.154069387223096,""
"","a41bc5cb5c3ea433e5d38b94a569abdd","27-a94fc2f08a746ea3801e63b21bed062c","1221029","هرمزگان","Hormozgān","رودان","Rudān","رودخانه","Rudkhāneh","","","مسافرآباد","Mosāfer Ābād","پاکم بالا","Pākam Bālā","Pākam Bālā","Hassan Mohebbi Bahmani, field notes 2015","18","","","","Rukhonei 100%","Hassan Mohebbi Bahmani, field notes 2015",27.784605809892682,57.15818926026987,""
"","a41bc5cb5c3ea433e5d38b94a569e582","27-e1d05500b489483f0fa00c0b566f1143","1221030","هرمزگان","Hormozgān","رودان","Rudān","رودخانه","Rudkhāneh","","","مسافرآباد","Mosāfer Ābād","پاکم پائین","Pākam Pāin","Pākam Pāin","Hassan Mohebbi Bahmani, field notes 2015","36","","","","Rukhonei 100%","Hassan Mohebbi Bahmani, field notes 2015",27.78035336973761,57.16413303544603,""
"","a41bc5cb5c3ea433e5d38b94a56a3a6a","25-e54d8a546111fd141db10cb1a4612c57","1221031","هرمزگان","Hormozgān","رودان","Rudān","رودخانه","Rudkhāneh","","","مسافرآباد","Mosāfer Ābād","چاه ابراهیم","Chāh Ebrāhim","Chāh Berāhim","Hassan Mohebbi Bahmani, field notes 2015","59","","","","Rukhonei 100%","Hassan Mohebbi Bahmani, field notes 2015","","",""
"","a41bc5cb5c3ea433e5d38b94a56a97b7","27-59afcf74b830a72abb999d07859507be","1221032","هرمزگان","Hormozgān","رودان","Rudān","رودخانه","Rudkhāneh","","","مسافرآباد","Mosāfer Ābād","سرکهنان","Sar Kahnān","Sar Kahnon","Hassan Mohebbi Bahmani, field notes 2015","80","","","","Rukhonei 100%","Hassan Mohebbi Bahmani, field notes 2015",27.784079889925472,57.1465860240729,""
"","a41bc5cb5c3ea433e5d38b94a56afb1c","27-9be14814baa4264bbb4a01815b8c0afb","1221033","هرمزگان","Hormozgān","رودان","Rudān","رودخانه","Rudkhāneh","","","مسافرآباد","Mosāfer Ābād","سرگوست بالا","Sar Gwast Bālā","Sar Gwast Bālā","Hassan Mohebbi Bahmani, field notes 2015","209","","","","Rukhonei 100%","Hassan Mohebbi Bahmani, field notes 2015",27.793571389876565,57.165000890428225,""
"","a41bc5cb5c3ea433e5d38b94a56b5328","27-ee4a5f36cafbead0ffd14667db88e49c","1221034","هرمزگان","Hormozgān","رودان","Rudān","رودخانه","Rudkhāneh","","","مسافرآباد","Mosāfer Ābād","سنگبند","Sang Band","Sang Band","Hassan Mohebbi Bahmani, field notes 2015","45","","","","Rukhonei 100%","Hassan Mohebbi Bahmani, field notes 2015",27.785308726351822,57.13606198019567,""
"","a41bc5cb5c3ea433e5d38b94a56b89e9","27-2f409c80821af40e507aa397f38dc13b","1221035","هرمزگان","Hormozgān","رودان","Rudān","رودخانه","Rudkhāneh","","","مسافرآباد","Mosāfer Ābād","قلمان","Qalamān","Kalamon","Hassan Mohebbi Bahmani, field notes 2015","118","","","","Rukhonei 100%","Hassan Mohebbi Bahmani, field notes 2015",27.77509584332047,57.15511609885077,""
"","a41bc5cb5c3ea433e5d38b94a56bea86","27-7eac9f5174b7ed11478649fe7cf88183","1221036","هرمزگان","Hormozgān","رودان","Rudān","رودخانه","Rudkhāneh","","","مسافرآباد","Mosāfer Ābād","کرگزی","Kargazi","Kargazi, Kohgazi","Hassan Mohebbi Bahmani, field notes 2015","154","","","","Rukhonei 100%","Hassan Mohebbi Bahmani, field notes 2015",27.780031934446416,57.13207055899949,""
"","a41bc5cb5c3ea433e5d38b94a56c2a72","27-2ffd84601589cb1faa0aeeb6604157c4","1221037","هرمزگان","Hormozgān","رودان","Rudān","رودخانه","Rudkhāneh","","","مسافرآباد","Mosāfer Ābād","کلغرآباد","Kolgher Ābād","Kolger Āvā","Hassan Mohebbi Bahmani, field notes 2015","74","","","","Rukhonei 100%","Hassan Mohebbi Bahmani, field notes 2015",27.78923904420165,57.13664104315977,""
"","a41bc5cb5c3ea433e5d38b94a56c75b6","27-169b1ba219f27fb6f9c8b2b8700b70ce","1221038","هرمزگان","Hormozgān","رودان","Rudān","رودخانه","Rudkhāneh","","","مسافرآباد","Mosāfer Ābād","چیل بنان","Chil Banān","Chil Bano","Hassan Mohebbi Bahmani, field notes 2015","74","","","","Rukhonei 100%","Hassan Mohebbi Bahmani, field notes 2015",27.778930825836678,57.14058925482932,""
"","a41bc5cb5c3ea433e5d38b94a56cd3cb","27-23a542aae31f7aec7bd9c0dbae334776","1221039","هرمزگان","Hormozgān","رودان","Rudān","رودخانه","Rudkhāneh","","","مسافرآباد","Mosāfer Ābād","پشتو","Poshtu","Poshtu","Hassan Mohebbi Bahmani, field notes 2015","135","","","","Rukhonei 100%","Hassan Mohebbi Bahmani, field notes 2015",27.79135485058575,57.19196943326566,""
"","a41bc5cb5c3ea433e5d38b94a56d2c4a","27-967486c090916a62e8c6fc99605eb62a","1221040","هرمزگان","Hormozgān","رودان","Rudān","رودخانه","Rudkhāneh","","","مسافرآباد","Mosāfer Ābād","چاه نوری","Chāh Nuri","Chāh Nuri","Hassan Mohebbi Bahmani, field notes 2015","147","","","","Rukhonei 100%","Hassan Mohebbi Bahmani, field notes 2015",27.803237282565707,57.17553285642488,""
"","a41bc5cb5c3ea433e5d38b94a56d810a","27-0a87c267ff96b2ef7069496b250af6f3","1221041","هرمزگان","Hormozgān","رودان","Rudān","رودخانه","Rudkhāneh","","","مسافرآباد","Mosāfer Ābād","رستم آباد","Rostam Ābād","Rostam Āvā","Hassan Mohebbi Bahmani, field notes 2015","124","","","","Rukhonei 100%","Hassan Mohebbi Bahmani, field notes 2015",27.798017080309968,57.200273552374654,""
"","a41bc5cb5c3ea433e5d38b94a56ddbe9","27-1f88f6c0f08a8cae90ad8eb46c75311c","1221042","هرمزگان","Hormozgān","رودان","Rudān","رودخانه","Rudkhāneh","","","مسافرآباد","Mosāfer Ābād","عباس آباد","Abbās Ābād","Abbās Āvā","Hassan Mohebbi Bahmani, field notes 2015","114","","","","Rukhonei 100%","Hassan Mohebbi Bahmani, field notes 2015",27.79133129359391,57.17355875059099,""
"","a41bc5cb5c3ea433e5d38b94a56e1eed","27-012b195af4912a143fc4c08bdcc01502","1221043","هرمزگان","Hormozgān","رودان","Rudān","رودخانه","Rudkhāneh","","","مسافرآباد","Mosāfer Ābād","گرازآباد","Gorāz Ābād","Gorāz Āvā","Hassan Mohebbi Bahmani, field notes 2015","97","","","","Rukhonei 100%","Hassan Mohebbi Bahmani, field notes 2015",27.809628943410143,57.19878224416334,""
"","a41bc5cb5c3ea433e5d38b94a56e52f5","27-b165ec9d5fbe3c70f3eca0f553486ec4","1221044","هرمزگان","Hormozgān","رودان","Rudān","رودخانه","Rudkhāneh","","","مسافرآباد","Mosāfer Ābād","مریم آباد","Maryam Ābād","Maryam Āvā","Hassan Mohebbi Bahmani, field notes 2015","50","","","","Rukhonei 100%","Hassan Mohebbi Bahmani, field notes 2015",27.78653656279159,57.20373923216128,""
"","a41bc5cb5c3ea433e5d38b94a56eab3f","27-c7fea421a2a363a94dc4644fe86bb811","1221045","هرمزگان","Hormozgān","رودان","Rudān","رودخانه","Rudkhāneh","","","مسافرآباد","Mosāfer Ābād","مسافرآباد","Mosāfer Ābād","Mosāfer Āvā","Hassan Mohebbi Bahmani, field notes 2015","214","","","","Rukhonei 100%","Hassan Mohebbi Bahmani, field notes 2015",27.808849258785454,57.21038844848922,""
"","a41bc5cb5c3ea433e5d38b94a56f1908","27-e73024cb696550ef5767d936eb8543ed","1221046","هرمزگان","Hormozgān","رودان","Rudān","رودخانه","Rudkhāneh","","","مسافرآباد","Mosāfer Ābād","سرزه","Sar Zeh ","Sar Zeh","Hassan Mohebbi Bahmani, field notes 2015","257","","","","Rukhonei 100%","Hassan Mohebbi Bahmani, field notes 2015",27.796053701667237,57.140074270697696,""
"","a41bc5cb5c3ea433e5d38b94a56f80ee","26-64d2c17b633959a0dc9b8afe25fb6318","1221047","هرمزگان","Hormozgān","رودان","Rudān","رودخانه","Rudkhāneh","","","مسافرآباد","Mosāfer Ābād","مزرعه مطلوبی، چاه نو","Mazra'eh Matlubi","Mazra'a Matlubi","Hassan Mohebbi Bahmani, field notes 2015","","(less than 3 households; population not specified in 2011 Census for reasons of privacy)","","","Rukhonei 100%","Hassan Mohebbi Bahmani, field notes 2015","","",""
"","a41bc5cb5c3ea433e5d38b94a56fe2b1","27-804b3284132300fd128642d8e1150f14","1221048","هرمزگان","Hormozgān","رودان","Rudān","رودخانه","Rudkhāneh","","","مسافرآباد","Mosāfer Ābād","شکرآباد","Shakr Ābād","Shakr Āvā","Hassan Mohebbi Bahmani, field notes 2015","40","","","","Rukhonei 100%","Hassan Mohebbi Bahmani, field notes 2015",27.786375203773996,57.21943822170342,""
"","a41bc5cb5c3ea433e5d38b94a5704211","28-f816e963b1b86acdf2a8c171da98e6ea","1221049","هرمزگان","Hormozgān","رودان","Rudān","رودخانه","Rudkhāneh","","","مسافرآباد","Mosāfer Ābād","تلمبه خواجه حسینی","Tolombeh Khājeh Hoseyni","Tolomba Khāja Hoseyni","Hassan Mohebbi Bahmani, field notes 2015","31","","","","Rukhonei 100%","Hassan Mohebbi Bahmani, field notes 2015",27.878804133500054,57.18326058651572,""
"","a41bc5cb5c3ea433e5d38b94a5708b51","27-dc190740950715b514573f125742019b","1221050","هرمزگان","Hormozgān","رودان","Rudān","رودخانه","Rudkhāneh","","","مسافرآباد","Mosāfer Ābād","کریم آباد","Karim Ābād","Karim Āvā","Hassan Mohebbi Bahmani, field notes 2015","133","","","","Rukhonei 100%","Hassan Mohebbi Bahmani, field notes 2015",27.811136327950404,57.16303948903172,""
"","a41bc5cb5c3ea433e5d38b94a570ca49","27-cd2e13ede91d5f2dc36673e106c14565","1221051","هرمزگان","Hormozgān","رودان","Rudān","رودخانه","Rudkhāneh","","","مسافرآباد","Mosāfer Ābād","احمد آباد","Ahmad Ābād","Ahmad Āvā","Hassan Mohebbi Bahmani, field notes 2015","80","","","","Rukhonei 100%","Hassan Mohebbi Bahmani, field notes 2015",27.801949990508348,57.22126748825188,""
"","a41bc5cb5c3ea433e5d38b94a5710f9d","27-69cfe161c4eb06d271237cc91016e3d0","1221052","هرمزگان","Hormozgān","رودان","Rudān","رودخانه","Rudkhāneh","","","مسافرآباد","Mosāfer Ābād","چیل آباد","Chil Ābād","Chil Āvā","Hassan Mohebbi Bahmani, field notes 2015","33","","","","Rukhonei 100%","Hassan Mohebbi Bahmani, field notes 2015",27.79061529775305,57.202548283065525,""
"","a41bc5cb5c3ea433e5d38b94a5714960","27-95617e58d3d57764a48e0c260530cda9","1221053","هرمزگان","Hormozgān","رودان","Rudān","رودخانه","Rudkhāneh","","","مسافرآباد","Mosāfer Ābād","بندحیدرعباس","Band Heydar Abbās","Band Heydar Abbās","Hassan Mohebbi Bahmani, field notes 2015","35","","","","Rukhonei 100%","Hassan Mohebbi Bahmani, field notes 2015",27.766801528564677,57.183582451597424,""
"","a41bc5cb5c3ea433e5d38b94a5719789","27-325857dfbc5422708b90cdd65a601bd1","1221054","هرمزگان","Hormozgān","رودان","Rudān","رودخانه","Rudkhāneh","","","مسافرآباد","Mosāfer Ābād","جعفرآباد","Ja'far Ābād","Jaffar Āvā","Hassan Mohebbi Bahmani, field notes 2015","220","","","","Rukhonei 100%","Hassan Mohebbi Bahmani, field notes 2015",27.777832325734934,57.18731608654525,""
"","a41bc5cb5c3ea433e5d38b94a571e69b","27-93983cb793bace126b4f4f5854e7d831","1221055","هرمزگان","Hormozgān","رودان","Rudān","رودخانه","Rudkhāneh","","","مسافرآباد","Mosāfer Ābād","ده گین","Dehgin","Dehgin","Hassan Mohebbi Bahmani, field notes 2015","74","","","","Rukhonei 100%","Hassan Mohebbi Bahmani, field notes 2015",27.76404840136808,57.1996971633565,""
"","a41bc5cb5c3ea433e5d38b94a57215f2","28-d7e9da22d630ec7f1fa638e01436a4a5","1221056","هرمزگان","Hormozgān","رودان","Rudān","رودخانه","Rudkhāneh","","","مسافرآباد","Mosāfer Ābād","سرکروکان","Sar Kerowkān","Sar Kerowgo","Hassan Mohebbi Bahmani, field notes 2015","58","","","","Rukhonei 100%","Hassan Mohebbi Bahmani, field notes 2015",27.778914460736267,57.20467534328753,""
"","a41bc5cb5c3ea433e5d38b94a5725b1f","27-2eabef20e25fbecc7f002f6ff67f4ca6","1221057","هرمزگان","Hormozgān","رودان","Rudān","رودخانه","Rudkhāneh","","","مسافرآباد","Mosāfer Ābād","سرگوست پائین","Sar Gwast Pāin","Sar Gwast Pāin","Hassan Mohebbi Bahmani, field notes 2015","52","","","","Rukhonei 100%","Hassan Mohebbi Bahmani, field notes 2015",27.783340674107652,57.1724683469884,""
"","a41bc5cb5c3ea433e5d38b94a572b3d8","27-8ac3b396f073db08d617b14d67f3973a","1221058","هرمزگان","Hormozgān","رودان","Rudān","رودخانه","Rudkhāneh","","","مسافرآباد","Mosāfer Ābād","عزیزآباد","Aziz Ābād","Aziz Āvā","Hassan Mohebbi Bahmani, field notes 2015","77","","","","Rukhonei 100%","Hassan Mohebbi Bahmani, field notes 2015",27.772497432672868,57.18268122936864,""
"","a41bc5cb5c3ea433e5d38b94a5732446","27-a93f5cdd0f7326cb5735b42b072b7ca4","1221059","هرمزگان","Hormozgān","رودان","Rudān","رودخانه","Rudkhāneh","","","مسافرآباد","Mosāfer Ābād","قلعه دژ","Qal'eh Dezh","Kal'a Dezh","Hassan Mohebbi Bahmani, field notes 2015","186","","","","Rukhonei 100%","Hassan Mohebbi Bahmani, field notes 2015",27.771111456789857,57.199782994045556,""
"","a41bc5cb5c3ea433e5d38b94a5738545","27-9abd34b2f4469e662d0249a2a3db102b","1221060","هرمزگان","Hormozgān","رودان","Rudān","رودخانه","Rudkhāneh","","","مسافرآباد","Mosāfer Ābād","نورآباد","Nur Ābād","Nur Āvā","Hassan Mohebbi Bahmani, field notes 2015","91","","","","Rukhonei 100%","Hassan Mohebbi Bahmani, field notes 2015",27.78097410891285,57.17701193191855,""
"","a41bc5cb5c3ea433e5d38b94a573e388","27-a5b8b7a9b1cd9423d87cc0d25b37c8c1","1221061","هرمزگان","Hormozgān","رودان","Rudān","رودخانه","Rudkhāneh","","","مسافرآباد","Mosāfer Ābād","دهیری","Dehiri","Dehiri","Hassan Mohebbi Bahmani, field notes 2015","123","","","","Rukhonei 100%","Hassan Mohebbi Bahmani, field notes 2015",27.771941919586276,57.17589076855075,""
"","a41bc5cb5c3ea433e5d38b94a5743b0c","27-2f1a31f629db9fe68da1011e7e1f8ffe","1221062","هرمزگان","Hormozgān","رودان","Rudān","رودخانه","Rudkhāneh","","","مسافرآباد","Mosāfer Ābād","علی آباد","Ali Ābād","Ali Āvā","Hassan Mohebbi Bahmani, field notes 2015","25","","","","Rukhonei 100%","Hassan Mohebbi Bahmani, field notes 2015",27.78127321103185,57.18474653030976,""
"","a41bc5cb5c3ea433e5d38b94a5748d30","27-541a9b8bbc0f0e3e3b9b6f539b762e54","1221063","هرمزگان","Hormozgān","رودان","Rudān","رودخانه","Rudkhāneh","","","مسافرآباد","Mosāfer Ābād","محمدآباد","Mohammad Ābād","Mohammad Āvā","Hassan Mohebbi Bahmani, field notes 2015","374","","","","Rukhonei 100%","Hassan Mohebbi Bahmani, field notes 2015",27.772725262635234,57.213537361871786,""
"","a41bc5cb5c3ea433e5d38b94a574e51a","27-62435659fa082af37a92303943a6d899","1221064","هرمزگان","Hormozgān","رودان","Rudān","رودخانه","Rudkhāneh","","","مسافرآباد","Mosāfer Ābād","بی مجگان","Bi Majgān","Bi Majgon","Hassan Mohebbi Bahmani, field notes 2015","44","","","","Rukhonei 100%","Hassan Mohebbi Bahmani, field notes 2015",27.778567813315615,57.16947492458837,""
"","a41bc5cb5c3ea433e5d38b94a5752f7d","27-1211e52f22171f10a20e1d332a208626","1221065","هرمزگان","Hormozgān","رودان","Rudān","رودخانه","Rudkhāneh","","","مسافرآباد","Mosāfer Ābād","پله ای","Pellei","Pellei","Hassan Mohebbi Bahmani, field notes 2015","43","","","","Rukhonei 100%","Hassan Mohebbi Bahmani, field notes 2015",27.715273110013904,57.13355478146514,""
"","a41bc5cb5c3ea433e5d38b94a57588c4","27-d200cb3629c6ede802d1a8a531f17c4d","1221066","هرمزگان","Hormozgān","رودان","Rudān","رودخانه","Rudkhāneh","","","مسافرآباد","Mosāfer Ābād","ده پیرکان بالا","Deh Pirakān Bālā","Deh Pirako Bālā","Hassan Mohebbi Bahmani, field notes 2015","75","","","","Rukhonei 100%","Hassan Mohebbi Bahmani, field notes 2015",27.743022480749918,57.16623481609857,""
"","a41bc5cb5c3ea433e5d38b94a575e337","27-1fff8d3257320d4f979161b86e573868","1221067","هرمزگان","Hormozgān","رودان","Rudān","رودخانه","Rudkhāneh","","","مسافرآباد","Mosāfer Ābād","جنت آباد","Jannat Ābād","Jannat Āvā","Hassan Mohebbi Bahmani, field notes 2015","176","","","","Rukhonei 100%","Hassan Mohebbi Bahmani, field notes 2015",27.771035336838626,57.15128954746821,""
"","a41bc5cb5c3ea433e5d38b94a5762184","28-06fab50aeeaab87d78d0123b25ecc426","1221068","هرمزگان","Hormozgān","رودان","Rudān","رودخانه","Rudkhāneh","","","مسافرآباد","Mosāfer Ābād","چرمیان","Charmiān","Charmion","Hassan Mohebbi Bahmani, field notes 2015","","(less than 3 households; population not specified in 2011 Census for reasons of privacy)","","","Rukhonei 100%","Hassan Mohebbi Bahmani, field notes 2015",27.768467435807842,57.15670760967908,""
"","a41bc5cb5c3ea433e5d38b94a5767b2e","27-e4b64b1b2bae38c27ea49d440dacfa1e","1221069","هرمزگان","Hormozgān","رودان","Rudān","رودخانه","Rudkhāneh","","","مسافرآباد","Mosāfer Ābād","رزوئیه","Razuiyeh","Razuya","Hassan Mohebbi Bahmani, field notes 2015","335","","","","Rukhonei 100%","Hassan Mohebbi Bahmani, field notes 2015",27.76107666898128,57.14117225506529,""
"","a41bc5cb5c3ea433e5d38b94a576c5e9","27-9cbd1fd5fa70e7c095ec2b86fdca20bf","1221070","هرمزگان","Hormozgān","رودان","Rudān","رودخانه","Rudkhāneh","","","مسافرآباد","Mosāfer Ābād","سیزه","Seyzeh","Seyza","Hassan Mohebbi Bahmani, field notes 2015","97","","","","Rukhonei 100%","Hassan Mohebbi Bahmani, field notes 2015",27.693568219136065,57.110310758143974,""
"","a41bc5cb5c3ea433e5d38b94a577185a","28-f4f82ef5681f73d748ebfd2f3793b041","1221071","هرمزگان","Hormozgān","رودان","Rudān","رودخانه","Rudkhāneh","","","مسافرآباد","Mosāfer Ābād","کرتی","Karati","Karati","Hassan Mohebbi Bahmani, field notes 2015","","(less than 3 households; population not specified in 2011 Census for reasons of privacy)","","","Rukhonei 100%","Hassan Mohebbi Bahmani, field notes 2015",27.749384276988398,57.157394255186134,""
"","a41bc5cb5c3ea433e5d38b94a5774f9d","27-bd99f268a85ab14eb6229a235f611c89","1221072","هرمزگان","Hormozgān","رودان","Rudān","رودخانه","Rudkhāneh","","","مسافرآباد","Mosāfer Ābād","کم کردان","Kam Gardān","Kam Gardo","Hassan Mohebbi Bahmani, field notes 2015","71","","","","Rukhonei 100%","Hassan Mohebbi Bahmani, field notes 2015",27.728512397392777,57.13059362271342,""
"","a41bc5cb5c3ea433e5d38b94a577a3f7","27-85daae9a10f07944d1897b85f8229b1d","1221073","هرمزگان","Hormozgān","رودان","Rudān","رودخانه","Rudkhāneh","","","مسافرآباد","Mosāfer Ābād","ماشنگی","Māshengi","Māshengi","Hassan Mohebbi Bahmani, field notes 2015","414","","","","Rukhonei 100%","Hassan Mohebbi Bahmani, field notes 2015",27.77173307396919,57.16149267056109,""
"","a41bc5cb5c3ea433e5d38b94a5780478","27-d86313c16335546771ebc9fd2d251027","1221074","هرمزگان","Hormozgān","رودان","Rudān","رودخانه","Rudkhāneh","","","مسافرآباد","Mosāfer Ābād","گدار گوردیال","Godār-e Gwardiāl","Godār-e Gwardiāl","Hassan Mohebbi Bahmani, field notes 2015","35","","","","Rukhonei 100%","Hassan Mohebbi Bahmani, field notes 2015",27.703062859098853,57.121618951350115,""
"","a41bc5cb5c3ea433e5d38b94a5784138","28-254c2ce7d702d63c27c18e787be8adbd","1221075","هرمزگان","Hormozgān","رودان","Rudān","رودخانه","Rudkhāneh","","","مسافرآباد","Mosāfer Ābād","ده پیرکان پائین","Deh Pirakān Pāin","Deh Pirako Pāin","Hassan Mohebbi Bahmani, field notes 2015","","(less than 3 households; population not specified in 2011 Census for reasons of privacy)","","","Rukhonei 100%","Hassan Mohebbi Bahmani, field notes 2015",27.75321541827221,57.17320855953531,""
"","a41bc5cb5c3ea433e5d38b94a57894c6","27-1c3fc644a25c6e28fe86577435dc95cd","1221076","هرمزگان","Hormozgān","رودان","Rudān","رودخانه","Rudkhāneh","","","مسافرآباد","Mosāfer Ābād","دهنو","Deh Now","Deh Now","Hassan Mohebbi Bahmani, field notes 2015","12","","","","Rukhonei 100%","Hassan Mohebbi Bahmani, field notes 2015",27.772834255436887,57.16614898540952,""
"","a41bc5cb5c3ea433e5d38b94a578d5fa","23-8701eb117b1a1ba137b54b7b4018bde9","1221077","هرمزگان","Hormozgān","رودان","Rudān","رودخانه","Rudkhāneh","","","رودخانه بر","Rudkhāneh Bar ","","","","","8242","","","","","","","",""
"","a41bc5cb5c3ea433e5d38b94a5792215","27-9daebe8b8524279b96a469afa19242b1","1221078","هرمزگان","Hormozgān","رودان","Rudān","رودخانه","Rudkhāneh","","","رودخانه بر","Rudkhāneh Bar ","لیموئی","Limui","Lomburi","Hassan Mohebbi Bahmani, field notes 2015","65","","","","Rukhonei 100%","Hassan Mohebbi Bahmani, field notes 2015",27.846793317299174,57.28435053653083,""
"","a41bc5cb5c3ea433e5d38b94a5798f41","28-1824057d1edbee85c619fc01d6af5156","1221079","هرمزگان","Hormozgān","رودان","Rudān","رودخانه","Rudkhāneh","","","رودخانه بر","Rudkhāneh Bar ","باغ جعفر","Bāgh Ja'far","Bāgh Jaffar","Hassan Mohebbi Bahmani, field notes 2015","","(less than 3 households; population not specified in 2011 Census for reasons of privacy)","","","Rukhonei 100%","Hassan Mohebbi Bahmani, field notes 2015",27.835119631501115,57.284484646981696,""
"","a41bc5cb5c3ea433e5d38b94a579c6f0","27-ad6fae1bfec6a7f2750a54ed36a586f6","1221080","هرمزگان","Hormozgān","رودان","Rudān","رودخانه","Rudkhāneh","","","رودخانه بر","Rudkhāneh Bar ","طرح عشایری","Tarh-e Ashāyeri","Tarh-e Ashāyeri","Hassan Mohebbi Bahmani, field notes 2015","94","","","","Rukhonei 100%","Hassan Mohebbi Bahmani, field notes 2015",27.88309032536718,57.32656949712083,""
"","a41bc5cb5c3ea433e5d38b94a57a1e6f","32-2c1879f973fd4f9c671dee5dd0a4fd6c","1221081","هرمزگان","Hormozgān","رودان","Rudān","رودخانه","Rudkhāneh","","","رودخانه بر","Rudkhāneh Bar ","مزرعه گلدشت نادر","Mazra'eh Goldasht-e Nāder","Mazra'a Goldasht-e Nāder","Hassan Mohebbi Bahmani, field notes 2015","33","","","","Rukhonei 100%","Hassan Mohebbi Bahmani, field notes 2015",27.93174,57.32197,""
"","a41bc5cb5c3ea433e5d38b94a57a6988","27-8aef1eee0432401989fb940203bdd0bc","1221082","هرمزگان","Hormozgān","رودان","Rudān","رودخانه","Rudkhāneh","","","رودخانه بر","Rudkhāneh Bar ","هیزبندگان","Hiz Bandegān","Hiz Banego","Hassan Mohebbi Bahmani, field notes 2015","851","","","","Rukhonei 100%","Hassan Mohebbi Bahmani, field notes 2015",27.825052974458153,57.2883470279631,""
"","a41bc5cb5c3ea433e5d38b94a57ac6d5","27-7914e369599c85a540e2a59091012393","1221083","هرمزگان","Hormozgān","رودان","Rudān","رودخانه","Rudkhāneh","","","رودخانه بر","Rudkhāneh Bar ","کم گوران","Kam Gurān","Kam Guro","Hassan Mohebbi Bahmani, field notes 2015","77","","","","Rukhonei 100%","Hassan Mohebbi Bahmani, field notes 2015",27.87319409374328,57.29944699956551,""
"","a41bc5cb5c3ea433e5d38b94a57b106c","27-c0460dbe3cf0f8907af6f3ab8368845e","1221084","هرمزگان","Hormozgān","رودان","Rudān","رودخانه","Rudkhāneh","","","رودخانه بر","Rudkhāneh Bar ","خیرآباد","Kheyr Ābād","Kheyr Āvā","Hassan Mohebbi Bahmani, field notes 2015","176","","","","Rukhonei 100%","Hassan Mohebbi Bahmani, field notes 2015",27.801978230965926,57.359941541680385,""
"","a41bc5cb5c3ea433e5d38b94a57b5843","27-e2747c0efb3ea175ff0f974b7cd9b262","1221085","هرمزگان","Hormozgān","رودان","Rudān","رودخانه","Rudkhāneh","","","رودخانه بر","Rudkhāneh Bar ","طرح عشایری","Tarh-e Ashāyeri","Tarh-e Ashāyeri","Hassan Mohebbi Bahmani, field notes 2015","19","","","","Rukhonei 100%","Hassan Mohebbi Bahmani, field notes 2015",27.87210815606895,57.32045406056836,""
"","a41bc5cb5c3ea433e5d38b94a57b947d","27-0526e7e9676d44b50900a0f54b2c3630","1221086","هرمزگان","Hormozgān","رودان","Rudān","رودخانه","Rudkhāneh","","","رودخانه بر","Rudkhāneh Bar ","کردی شیرازی","Kordi Shirāzi","Kordi Shirāzi","Hassan Mohebbi Bahmani, field notes 2015","2197","","","","Rukhonei 100%","Hassan Mohebbi Bahmani, field notes 2015",27.78945024495476,57.40582877350115,""
"","a41bc5cb5c3ea433e5d38b94a57bde77","27-12e1a6b539737873a9871cd525e8d553","1221087","هرمزگان","Hormozgān","رودان","Rudān","رودخانه","Rudkhāneh","","","رودخانه بر","Rudkhāneh Bar ","چاه گدا","Chāh Gadā","Chāh Gadā","Hassan Mohebbi Bahmani, field notes 2015","37","","","","Rukhonei 100%","Hassan Mohebbi Bahmani, field notes 2015",27.822200287678484,57.40582877350115,""
"","a41bc5cb5c3ea433e5d38b94a57c37f0","27-33d29c6e7abb11cf5724c50093c596fe","1221088","هرمزگان","Hormozgān","رودان","Rudān","رودخانه","Rudkhāneh","","","رودخانه بر","Rudkhāneh Bar ","میان یلی","Miyān Yali","Mion Yali","Hassan Mohebbi Bahmani, field notes 2015","45","","","","Rukhonei 100%","Hassan Mohebbi Bahmani, field notes 2015",27.849724585951414,57.25979223079463,""
"","a41bc5cb5c3ea433e5d38b94a57c924d","27-09cf0fadd6fd81163243cbf3adc416cb","1221089","هرمزگان","Hormozgān","رودان","Rudān","رودخانه","Rudkhāneh","","","رودخانه بر","Rudkhāneh Bar ","نظرآباد","Nazar Ābād","Nazar Āvā","Hassan Mohebbi Bahmani, field notes 2015","192","","","","Rukhonei 100%","Hassan Mohebbi Bahmani, field notes 2015",27.863023392039487,57.26190581149845,""
"","a41bc5cb5c3ea433e5d38b94a57ce6e3","27-4289332b1ef333e7c5d4faef7215ebaa","1221090","هرمزگان","Hormozgān","رودان","Rudān","رودخانه","Rudkhāneh","","","رودخانه بر","Rudkhāneh Bar ","بارانی","Bārāni","Bāroni","Hassan Mohebbi Bahmani, field notes 2015","180","","","","Rukhonei 100%","Hassan Mohebbi Bahmani, field notes 2015",27.8646548022601,57.271422289081585,""
"","a41bc5cb5c3ea433e5d38b94a57d3e32","29-05a604084ff8f49ce1abb2575180d3a0","1221091","هرمزگان","Hormozgān","رودان","Rudān","رودخانه","Rudkhāneh","","","رودخانه بر","Rudkhāneh Bar ","باغ شاه","Bāgh-e Shāh","Bāgh-e Shāh","Hassan Mohebbi Bahmani, field notes 2015","326","","","","Rukhonei 100%","Hassan Mohebbi Bahmani, field notes 2015",27.85763,57.27361,""
"","a41bc5cb5c3ea433e5d38b94a57da00c","27-7b1aa91d43f467052c4b39de6dc2e553","1221092","هرمزگان","Hormozgān","رودان","Rudān","رودخانه","Rudkhāneh","","","رودخانه بر","Rudkhāneh Bar ","باغ گلان","Bāgh Golān","Bāgh Golo","Hassan Mohebbi Bahmani, field notes 2015","291","","","","Rukhonei 100%","Hassan Mohebbi Bahmani, field notes 2015",27.83498206331004,57.267238043018466,""
"","a41bc5cb5c3ea433e5d38b94a57e104f","27-e3be3ef9d0dccb56af84e2c28b3b1535","1221093","هرمزگان","Hormozgān","رودان","Rudān","رودخانه","Rudkhāneh","","","رودخانه بر","Rudkhāneh Bar ","بجاری","Bejāri","Bejāri","Hassan Mohebbi Bahmani, field notes 2015","48","","","","Rukhonei 100%","Hassan Mohebbi Bahmani, field notes 2015",27.831661398905105,57.26213111705295,""
"","a41bc5cb5c3ea433e5d38b94a57e4d4e","27-7dc84017343a17bb93280c7c27499464","1221094","هرمزگان","Hormozgān","رودان","Rudān","رودخانه","Rudkhāneh","","","رودخانه بر","Rudkhāneh Bar ","بل خیری","Bol Kheyri","Bol Kheyri","Hassan Mohebbi Bahmani, field notes 2015","61","","","","Rukhonei 100%","Hassan Mohebbi Bahmani, field notes 2015",27.85490391550621,57.26099386043061,""
"","a41bc5cb5c3ea433e5d38b94a57e90cd","27-fa642ddd2223cf8fed1a76f3654fcb60","1221095","هرمزگان","Hormozgān","رودان","Rudān","رودخانه","Rudkhāneh","","","رودخانه بر","Rudkhāneh Bar ","جلال آباد","Jalāl Ābād","Jalāl Āvā","Hassan Mohebbi Bahmani, field notes 2015","73","","","","Rukhonei 100%","Hassan Mohebbi Bahmani, field notes 2015",27.836082603950313,57.27360024280175,""
"","a41bc5cb5c3ea433e5d38b94a57ee386","27-b91fb5bccdba27c645449d9fffbadd3d","1221096","هرمزگان","Hormozgān","رودان","Rudān","رودخانه","Rudkhāneh","","","رودخانه بر","Rudkhāneh Bar ","زیارت","Ziārat","Ziārat","Hassan Mohebbi Bahmani, field notes 2015","303","","","","Rukhonei 100%","Hassan Mohebbi Bahmani, field notes 2015",27.849809961521633,57.271593950458794,""
"","a41bc5cb5c3ea433e5d38b94a57f4781","27-13e46b0064bf38588c7d36cb5886d299","1221097","هرمزگان","Hormozgān","رودان","Rudān","رودخانه","Rudkhāneh","","","رودخانه بر","Rudkhāneh Bar ","باغ نرگس","Bāgh Narges","Bāgh Narges","Hassan Mohebbi Bahmani, field notes 2015","268","","","","Rukhonei 100%","Hassan Mohebbi Bahmani, field notes 2015",27.78899104932299,57.25168860410292,""
"","a41bc5cb5c3ea433e5d38b94a57fa501","27-99eb393adb6b0940e16c3061a456d574","1221098","هرمزگان","Hormozgān","رودان","Rudān","رودخانه","Rudkhāneh","","","رودخانه بر","Rudkhāneh Bar ","رگاب","Regāb","Regāv","Hassan Mohebbi Bahmani, field notes 2015","196","","","","Rukhonei 100%","Hassan Mohebbi Bahmani, field notes 2015",27.799801527019415,57.266201018830905,""
"","a41bc5cb5c3ea433e5d38b94a57fe5e3","31-2ee20edf78d5cdbf9c4c1d99243e3228","1221099","هرمزگان","Hormozgān","رودان","Rudān","رودخانه","Rudkhāneh","","","رودخانه بر","Rudkhāneh Bar ","جوزیر","Juzir","Juzir","Hassan Mohebbi Bahmani, field notes 2015","376","","","","Kerman Rudbāri 60%; Rukhonei 40%","Hassan Mohebbi Bahmani, field notes 2015",27.80777,57.27624,""
"","a41bc5cb5c3ea433e5d38b94a58058f9","28-6082bec4b5965c7973dc5ec49d1bb283","1221100","هرمزگان","Hormozgān","رودان","Rudān","رودخانه","Rudkhāneh","","","رودخانه بر","Rudkhāneh Bar ","کلنتان","Kalantān","Kalanton","Hassan Mohebbi Bahmani, field notes 2015","","(less than 3 households; population not specified in 2011 Census for reasons of privacy)","","","Rukhonei 100%","Hassan Mohebbi Bahmani, field notes 2015",27.777784632775404,57.31409454299552,""
"","a41bc5cb5c3ea433e5d38b94a5809d00","27-7559aa2cfd0b1320e9211e192d8d41fe","1221101","هرمزگان","Hormozgān","رودان","Rudān","رودخانه","Rudkhāneh","","","رودخانه بر","Rudkhāneh Bar ","پشت کوه آبدان","Posht Kuh-e Ābdān","Posht Kuh-e Ābdān","Hassan Mohebbi Bahmani, field notes 2015","168","","","","Rukhonei 100%","Hassan Mohebbi Bahmani, field notes 2015",27.78446610267715,57.30584675027694,""
"","a41bc5cb5c3ea433e5d38b94a580e0b1","27-fbdff96357c0f10115b81cf794110760","1221102","هرمزگان","Hormozgān","رودان","Rudān","رودخانه","Rudkhāneh","","","رودخانه بر","Rudkhāneh Bar ","دشت زاغ آبدان","Dasht Zāgh-e Ābdān ","Dasht Zāgh-e Ābdān ","Hassan Mohebbi Bahmani, field notes 2015","443","","","","Rukhonei 100%","Hassan Mohebbi Bahmani, field notes 2015",27.766298145360835,57.29363733484291,""
"","a41bc5cb5c3ea433e5d38b94a5812c84","27-36a07e72ff3a87cb19e1888e8aa5ec56","1221103","هرمزگان","Hormozgān","رودان","Rudān","رودخانه","Rudkhāneh","","","رودخانه بر","Rudkhāneh Bar ","چیل گنگان","Chil Gongān","Chil Gongo","Hassan Mohebbi Bahmani, field notes 2015","84","","","","Rukhonei 100%","Hassan Mohebbi Bahmani, field notes 2015",27.78334605500566,57.224487304239595,""
"","a41bc5cb5c3ea433e5d38b94a5816aa5","27-210ca244836b730460ea9dbd3cba2b24","1221104","هرمزگان","Hormozgān","رودان","Rudān","رودخانه","Rudkhāneh","","","رودخانه بر","Rudkhāneh Bar ","موسی علی","Musā Ali","Musā Ali","Hassan Mohebbi Bahmani, field notes 2015","75","","","","Rukhonei 100%","Hassan Mohebbi Bahmani, field notes 2015",27.8265284005867,57.25640191859943,""
"","a41bc5cb5c3ea433e5d38b94a581ac26","25-5a16213b7056c47386299c95f11032e8","1221105","هرمزگان","Hormozgān","رودان","Rudān","رودخانه","Rudkhāneh","","","رودخانه بر","Rudkhāneh Bar ","نان چیلان","Nān Chilān","Non Chilo","Hassan Mohebbi Bahmani, field notes 2015","113","","","","Rukhonei 100%","Hassan Mohebbi Bahmani, field notes 2015","","",""
"","a41bc5cb5c3ea433e5d38b94a581f226","27-469758f1350b27823fb4e4552d08cdc5","1221106","هرمزگان","Hormozgān","رودان","Rudān","رودخانه","Rudkhāneh","","","رودخانه بر","Rudkhāneh Bar ","دولابان علیا","Dulābān Olyā","Dulāvo Olyā","Hassan Mohebbi Bahmani, field notes 2015","267","","","","Rukhonei 100%","Hassan Mohebbi Bahmani, field notes 2015",27.847760929302034,57.25184216327462,""
"","a41bc5cb5c3ea433e5d38b94a5822389","27-9baef8f2bfb78a0058a4539e9656f38b","1221107","هرمزگان","Hormozgān","رودان","Rudān","رودخانه","Rudkhāneh","","","رودخانه بر","Rudkhāneh Bar ","چاه سیف اله","Chāh Seyfollāh","Chāh Seyfollāh","Hassan Mohebbi Bahmani, field notes 2015","64","","","","Rukhonei 100%","Hassan Mohebbi Bahmani, field notes 2015",27.83653799681045,57.253247640798676,""
"","a41bc5cb5c3ea433e5d38b94a58273e2","29-050de883208656c42e62c04eea9361bb","1221108","هرمزگان","Hormozgān","رودان","Rudān","رودخانه","Rudkhāneh","","","رودخانه بر","Rudkhāneh Bar ","مرغان","Morghān","Morghon","Hassan Mohebbi Bahmani, field notes 2015","","(less than 3 households; population not specified in 2011 Census for reasons of privacy)","","","Rukhonei 100%","Hassan Mohebbi Bahmani, field notes 2015",27.818558014587307,57.25253953761801,""
"","a41bc5cb5c3ea433e5d38b94a582bd92","31-8234fbc6c3b005a5a56aff8a4cf2dc20","1221109","هرمزگان","Hormozgān","رودان","Rudān","رودخانه","Rudkhāneh","","","رودخانه بر","Rudkhāneh Bar ","فاریاب","Fāryāb","Fāryāb","Hassan Mohebbi Bahmani, field notes 2015","1094","","","","Rukhonei 60%; Kerman Rudbāri 40%","Hassan Mohebbi Bahmani, field notes 2015",27.82994,57.27028,""
"","a41bc5cb5c3ea433e5d38b94a58325b1","27-43603098adad2243ee71446fda676436","1221110","هرمزگان","Hormozgān","رودان","Rudān","رودخانه","Rudkhāneh","زیارتعلی","Ziārat Ali","","","","","Ziārat Ali","Hassan Mohebbi Bahmani, field notes 2015","3075","","","","Rukhonei 90%; Tehrāni type Persian 10%","Hassan Mohebbi Bahmani, field notes 2015",27.740070640770426,57.22701930954695,""
"","a41bc5cb5c3ea433e5d38b94a5838e99","23-795b8418a1eb7deaba67e30835c31b59","1221111","هرمزگان","Hormozgān","رودان","Rudān","مرکزی","Markazi","","","","","","","","","59660","","","","","","","",""
"","a41bc5cb5c3ea433e5d38b94a583df93","23-6ab38e7aae8380932cf3cfc68e54af79","1221112","هرمزگان","Hormozgān","رودان","Rudān","مرکزی","Markazi","","","آب نما","Āb Namā","","","","","20662","","","","","","","",""
"","a41bc5cb5c3ea433e5d38b94a584347b","27-a514202a91bc92ff9bf3e84b8428885b","1221113","هرمزگان","Hormozgān","رودان","Rudān","مرکزی","Markazi","","","آب نما","Āb Namā","سمیلان","Someylān","Someylon","Hassan Mohebbi Bahmani, field notes 2015","101","","","","Rudoni 90%; mixed 10%","Hassan Mohebbi Bahmani, field notes 2015",27.575522233871915,57.328224099954426,""
"","a41bc5cb5c3ea433e5d38b94a58477e2","27-a759a8a3cffeec89d7fce47597836a70","1221114","هرمزگان","Hormozgān","رودان","Rudān","مرکزی","Markazi","","","آب نما","Āb Namā","مازغگران","Māzeghgarān","Māzeghgaron","Hassan Mohebbi Bahmani, field notes 2015","110","","","","Rudoni 90%; mixed 10%","Hassan Mohebbi Bahmani, field notes 2015",27.55566190211629,57.322282336414304,""
"","a41bc5cb5c3ea433e5d38b94a584ceba","27-53e37002f0556eab16756cf1f64e919d","1221115","هرمزگان","Hormozgān","رودان","Rudān","مرکزی","Markazi","","","آب نما","Āb Namā","چهاردهنه","Chahār Dahnei","Chār Dahnei","Hassan Mohebbi Bahmani, field notes 2015","12","","","","Rudoni 90%; mixed 10%","Hassan Mohebbi Bahmani, field notes 2015",27.46231921798942,57.319393126869706,""
"","a41bc5cb5c3ea433e5d38b94a5852a7b","27-358f25ffe15115942d637c46d12ddda7","1221116","هرمزگان","Hormozgān","رودان","Rudān","مرکزی","Markazi","","","آب نما","Āb Namā","ده ماتون","Deh Māton","Deh Māton","Hassan Mohebbi Bahmani, field notes 2015","252","","","","Rudoni 90%; mixed 10%","Hassan Mohebbi Bahmani, field notes 2015",27.509874790638786,57.29664733044936,""
"","a41bc5cb5c3ea433e5d38b94a5858990","27-9fe67942fd12c781770a3b9ba8c54552","1221117","هرمزگان","Hormozgān","رودان","Rudān","مرکزی","Markazi","","","آب نما","Āb Namā","کاریزا","Kārizā","Kārizā","Hassan Mohebbi Bahmani, field notes 2015","24","","","","Rudoni 90%; mixed 10%","Hassan Mohebbi Bahmani, field notes 2015",27.33513300508171,57.32285049429078,""
"","a41bc5cb5c3ea433e5d38b94a585d40e","29-d179fe78b6e4ab80a0777b33f120ce17","1221118","هرمزگان","Hormozgān","رودان","Rudān","مرکزی","Markazi","","","آب نما","Āb Namā","کلاتو","Kalātu","Kalātu","Hassan Mohebbi Bahmani, field notes 2015","60","","","","Rudoni 90%; mixed 10%","Hassan Mohebbi Bahmani, field notes 2015",27.37671,57.31803,""
"","a41bc5cb5c3ea433e5d38b94a58626dd","28-b484760e72ac55081eca9b0b41a987ce","1221119","هرمزگان","Hormozgān","رودان","Rudān","مرکزی","Markazi","","","آب نما","Āb Namā","کهنوج بالا","Kahnuj Bālā","Kahnuj Bālā","Hassan Mohebbi Bahmani, field notes 2015","","(less than 3 households; population not specified in 2011 Census for reasons of privacy)","","","Rudoni 90%; mixed 10%","Hassan Mohebbi Bahmani, field notes 2015",27.48767480067403,57.2853961276108,""
"","a41bc5cb5c3ea433e5d38b94a586821b","27-1134b13593a6f29b0dd80ee1da5a81bc","1221120","هرمزگان","Hormozgān","رودان","Rudān","مرکزی","Markazi","","","آب نما","Āb Namā","گورشمو","Gwareshmu","Gwareshmu","Hassan Mohebbi Bahmani, field notes 2015","37","","","","Rudoni 90%; mixed 10%","Hassan Mohebbi Bahmani, field notes 2015",27.3896962239341,57.31567211021442,""
"","a41bc5cb5c3ea433e5d38b94a586e50a","27-10f1672e1c6fc1107cc53f380cf3dac5","1221121","هرمزگان","Hormozgān","رودان","Rudān","مرکزی","Markazi","","","آب نما","Āb Namā","سرگدارجنگان","Sar Godār Jangān","Sar Godār Jangon","Hassan Mohebbi Bahmani, field notes 2015","36","","","","Rudoni 90%; mixed 10%","Hassan Mohebbi Bahmani, field notes 2015",27.360011983034806,57.32844826450208,""
"","a41bc5cb5c3ea433e5d38b94a58734b1","27-3db7b62451d78c8f6a2065d2300bd178","1221122","هرمزگان","Hormozgān","رودان","Rudān","مرکزی","Markazi","","","آب نما","Āb Namā","پاسرخی","Pā Sorkhi","Pā Sorkhi","Hassan Mohebbi Bahmani, field notes 2015","43","","","","Rudoni 90%; mixed 10%","Hassan Mohebbi Bahmani, field notes 2015",27.3974168693569,57.29541338552722,""
"","a41bc5cb5c3ea433e5d38b94a5877390","27-2ae9341dea8b32c600c54c98e8e86de1","1221123","هرمزگان","Hormozgān","رودان","Rudān","مرکزی","Markazi","","","آب نما","Āb Namā","خیرآباد","Kheyr Ābād","Kheyr Ābād","Hassan Mohebbi Bahmani, field notes 2015","2566","","","","Rudoni 90%; mixed 10%","Hassan Mohebbi Bahmani, field notes 2015",27.335103531823542,57.239065667324404,""
"","a41bc5cb5c3ea433e5d38b94a587d8ec","28-4fbcb2170ce11b665fe80cd20ac09c93","1221124","هرمزگان","Hormozgān","رودان","Rudān","مرکزی","Markazi","","","آب نما","Āb Namā","قلعه کمیز","Qal'eh Komiz","Kal'eh Komiz","Hassan Mohebbi Bahmani, field notes 2015","3407","","","","Rudoni 90%; mixed 10%","Hassan Mohebbi Bahmani, field notes 2015",27.362015276373402,57.23716666334321,""
"","a41bc5cb5c3ea433e5d38b94a588256c","27-2ab1e4001f715d8f83f43f34c7bccbcf","1221125","هرمزگان","Hormozgān","رودان","Rudān","مرکزی","Markazi","","","آب نما","Āb Namā","خراجی","Kharāji","Kharāji","Hassan Mohebbi Bahmani, field notes 2015","4620","","","","Rudoni 90%; mixed 10%","Hassan Mohebbi Bahmani, field notes 2015",27.400007760932876,57.23906553855091,""
"","a41bc5cb5c3ea433e5d38b94a58864eb","27-c9a5789dbe4b65c80c4f24c74adf30f6","1221126","هرمزگان","Hormozgān","رودان","Rudān","مرکزی","Markazi","","","آب نما","Āb Namā","سردنگ کمیز","Sar Dang Komiz","Sar Dang Komiz","Hassan Mohebbi Bahmani, field notes 2015","1423","","","","Rudoni 90%; mixed 10%","Hassan Mohebbi Bahmani, field notes 2015",27.388424480471578,57.22850836386995,""
"","a41bc5cb5c3ea433e5d38b94a58896ec","27-a9605a98bc46f6691e5d40e0e2386a4d","1221127","هرمزگان","Hormozgān","رودان","Rudān","مرکزی","Markazi","","","آب نما","Āb Namā","شهرک سیزده آبان، پشته بنان","Shahrak Sizdah-e Ābān, Poshteh Banān","Poshta Banon","Hassan Mohebbi Bahmani, field notes 2015","1240","","","","Rudoni 90%; mixed 10%","Hassan Mohebbi Bahmani, field notes 2015",27.454611901426023,57.25464380850652,""
"","a41bc5cb5c3ea433e5d38b94a588e319","27-47e952543251cd6f58ce5c67cf4344e2","1221128","هرمزگان","Hormozgān","رودان","Rudān","مرکزی","Markazi","","","آب نما","Āb Namā","سرجوییه","Sarjuieh","Sarjuia","Hassan Mohebbi Bahmani, field notes 2015","3622","","","","Rudoni 90%; mixed 10%","Hassan Mohebbi Bahmani, field notes 2015",27.42597047394999,57.236962686682546,""
"","a41bc5cb5c3ea433e5d38b94a5891ac8","28-f86c9c229da825fed5270d5c08714614","1221129","هرمزگان","Hormozgān","رودان","Rudān","مرکزی","Markazi","","","آب نما","Āb Namā","آسیاب","Āsiāb","Āsiāb","Hassan Mohebbi Bahmani, field notes 2015","495","","","","Rudoni 90%; mixed 10%","Hassan Mohebbi Bahmani, field notes 2015",27.408942698804353,57.23429133527964,""
"","a41bc5cb5c3ea433e5d38b94a5896892","27-076b16b1fe9857ca43bb34a7aa0a6736","1221130","هرمزگان","Hormozgān","رودان","Rudān","مرکزی","Markazi","","","آب نما","Āb Namā","غیبی","Gheybi","Gheybi","Hassan Mohebbi Bahmani, field notes 2015","961","","","","Rudoni 90%; mixed 10%","Hassan Mohebbi Bahmani, field notes 2015",27.402693841758527,57.23187721839153,""
"","a41bc5cb5c3ea433e5d38b94a589b8f0","29-38dde3e4f9c0d90a5886e5d8ecd506dd","1221131","هرمزگان","Hormozgān","رودان","Rudān","مرکزی","Markazi","","","آب نما","Āb Namā","آب گزان","Āb Gazān","How Gazon","Hassan Mohebbi Bahmani, field notes 2015","46","","","","Rudoni 90%; mixed 10%","Hassan Mohebbi Bahmani, field notes 2015",27.561490088517335,57.31343641108459,""
"","a41bc5cb5c3ea433e5d38b94a589fd7d","27-bfa5ace65dca07d088856af1c5bc19d4","1221132","هرمزگان","Hormozgān","رودان","Rudān","مرکزی","Markazi","","","آب نما","Āb Namā","هنرستان کشاورزی","Honarestān Keshāvarzi","Honarestān Keshāvarzi","Hassan Mohebbi Bahmani, field notes 2015","1606","","","","Rudoni 90%; mixed 10%","Hassan Mohebbi Bahmani, field notes 2015",27.46449403318244,57.25614039030198,""
"","a41bc5cb5c3ea433e5d38b94a58a4bcf","23-84e5ec9e3c74cce977caf2188aa60114","1221133","هرمزگان","Hormozgān","رودان","Rudān","مرکزی","Markazi","","","فاریاب","Fāryāb","","","","","3077","","","","","","","",""
"","a41bc5cb5c3ea433e5d38b94a58aacfe","27-7d73a9b63d4d725299d23c0d829f22ff","1221134","هرمزگان","Hormozgān","رودان","Rudān","مرکزی","Markazi","","","فاریاب","Fāryāb","صحرارود","Sahrā Rud","Sahrā Rud","Hassan Mohebbi Bahmani, field notes 2015","248","","","","Rudoni 90%; mixed 10%","Hassan Mohebbi Bahmani, field notes 2015",27.486311783424128,57.05120056134815,""
"","a41bc5cb5c3ea433e5d38b94a58b125a","27-41c697478f8fb6fbf57e61fb5e652661","1221135","هرمزگان","Hormozgān","رودان","Rudān","مرکزی","Markazi","","","فاریاب","Fāryāb","فاریاب","Fāryāb","Fāryāb","Hassan Mohebbi Bahmani, field notes 2015","993","","","","Rudoni 90%; mixed 10%","Hassan Mohebbi Bahmani, field notes 2015",27.475784618921544,57.08280771237559,""
"","a41bc5cb5c3ea433e5d38b94a58b6c9b","27-0bb03e89147e407f4e181bf97a10080a","1221136","هرمزگان","Hormozgān","رودان","Rudān","مرکزی","Markazi","","","فاریاب","Fāryāb","حاجی آباد","Hāji Ābād","Hāji Ābād","Hassan Mohebbi Bahmani, field notes 2015","1075","","","","Rudoni 90%; mixed 10%","Hassan Mohebbi Bahmani, field notes 2015",27.44846962708199,57.16913065655924,""
"","a41bc5cb5c3ea433e5d38b94a58bbcb7","28-48f08852908ee894e83a0fa27135b275","1221137","هرمزگان","Hormozgān","رودان","Rudān","مرکزی","Markazi","","","فاریاب","Fāryāb","گرم پایین","Garm Pāin","Garm Pāin","Hassan Mohebbi Bahmani, field notes 2015","","(less than 3 households; population not specified in 2011 Census for reasons of privacy)","","","Rudoni 90%; mixed 10%","Hassan Mohebbi Bahmani, field notes 2015",27.51810121148573,57.25293627721758,""
"","a41bc5cb5c3ea433e5d38b94a58bfc9b","25-f0e0bf291db9a8b35fe8152fcaa94501","1221138","هرمزگان","Hormozgān","رودان","Rudān","مرکزی","Markazi","","","فاریاب","Fāryāb","تنگ رود","Tang-e Rud","Tang-e Rud","Hassan Mohebbi Bahmani, field notes 2015","400","","","","Rudoni 90%; mixed 10%","Hassan Mohebbi Bahmani, field notes 2015","","",""
"","a41bc5cb5c3ea433e5d38b94a58c4e76","28-daa743c044f0621c74b3f540b903cbff","1221139","هرمزگان","Hormozgān","رودان","Rudān","مرکزی","Markazi","","","فاریاب","Fāryāb","تنگه درگان","Tang-e Dargān","Tang-e Dargān","Hassan Mohebbi Bahmani, field notes 2015","","(less than 3 households; population not specified in 2011 Census for reasons of privacy)","","","Rudoni 90%; mixed 10%","Hassan Mohebbi Bahmani, field notes 2015",27.497063967096388,57.11014746885949,""
"","a41bc5cb5c3ea433e5d38b94a58ca905","29-8b0d912f7f6ba042b2f22089b37224da","1221140","هرمزگان","Hormozgān","رودان","Rudān","مرکزی","Markazi","","","فاریاب","Fāryāb","کلموئی","Kalamui","Kalamui","Hassan Mohebbi Bahmani, field notes 2015","","(less than 3 households; population not specified in 2011 Census for reasons of privacy)","","","Rudoni 90%; mixed 10%","Hassan Mohebbi Bahmani, field notes 2015",27.492962013724338,57.19810656054168,""
"","a41bc5cb5c3ea433e5d38b94a58d1153","25-f453b35ecb1cb0ccf2c154d13a34d971","1221141","هرمزگان","Hormozgān","رودان","Rudān","مرکزی","Markazi","","","فاریاب","Fāryāb","بلکستون","Balakeston","Balakeston","Hassan Mohebbi Bahmani, field notes 2015","347","","","","Rudoni 90%; mixed 10%","Hassan Mohebbi Bahmani, field notes 2015","","",""
"","a41bc5cb5c3ea433e5d38b94a58d78bf","23-639ec9b3c23f7d23f6a3430ab2366690","1221142","هرمزگان","Hormozgān","رودان","Rudān","مرکزی","Markazi","","","راهدار","Rāhdār","","","","","2636","","","","","","","",""
"","a41bc5cb5c3ea433e5d38b94a58dd202","25-d84e0cb03906f95e02fe7dd1663cf600","1221143","هرمزگان","Hormozgān","رودان","Rudān","مرکزی","Markazi","","","راهدار","Rāhdār","کندر پائین","Kander Pāin","Kander Pāin","Hassan Mohebbi Bahmani, field notes 2015","264","","","","Rukhonei 70%; Rudoni 30%","Hassan Mohebbi Bahmani, field notes 2015","","",""
"","a41bc5cb5c3ea433e5d38b94a58e377f","25-0d6aafe83a9a01aaa2dad470bc018d52","1221144","هرمزگان","Hormozgān","رودان","Rudān","مرکزی","Markazi","","","راهدار","Rāhdār","برزرد","Bar Zard","Bar Zard","Hassan Mohebbi Bahmani, field notes 2015","27","","","","Rukhonei 70%; Rudoni 30%","Hassan Mohebbi Bahmani, field notes 2015","","",""
"","a41bc5cb5c3ea433e5d38b94a58e870c","27-4287a65b7205cfbc9cef23865adae518","1221145","هرمزگان","Hormozgān","رودان","Rudān","مرکزی","Markazi","","","راهدار","Rāhdār","سیاه مغان پائین","Siāh Moghān Pāin","Siāh Moghon Pāin","Hassan Mohebbi Bahmani, field notes 2015","38","","","","Rukhonei 70%; Rudoni 30%","Hassan Mohebbi Bahmani, field notes 2015",27.634154916838764,57.22174902551206,""
"","a41bc5cb5c3ea433e5d38b94a58ece30","25-ce5a46f32c3f76e1fcbb6b7193fa97f9","1221146","هرمزگان","Hormozgān","رودان","Rudān","مرکزی","Markazi","","","راهدار","Rāhdār","گروسیاه","Garu Siāh","Garu Siāh","Hassan Mohebbi Bahmani, field notes 2015","28","","","","Rukhonei 70%; Rudoni 30%","Hassan Mohebbi Bahmani, field notes 2015","","",""
"","a41bc5cb5c3ea433e5d38b94a58f00ad","27-5e25518aa5ab4e140391e4ee4a5ff774","1221147","هرمزگان","Hormozgān","رودان","Rudān","مرکزی","Markazi","","","راهدار","Rāhdār","رهدار","Rahdār","Rahdār","Hassan Mohebbi Bahmani, field notes 2015","335","","","","Rukhonei 70%; Rudoni 30%","Hassan Mohebbi Bahmani, field notes 2015",27.61555748755411,57.10179593824365,""
"","a41bc5cb5c3ea433e5d38b94a58f3e09","27-64a7078906283cde3f4209425a07d045","1221148","هرمزگان","Hormozgān","رودان","Rudān","مرکزی","Markazi","","","راهدار","Rāhdār","شورائی","Showrāi","Showrāi","Hassan Mohebbi Bahmani, field notes 2015","87","","","","Rukhonei 70%; Rudoni 30%","Hassan Mohebbi Bahmani, field notes 2015",27.62082638437708,57.10651394389888,""
"","a41bc5cb5c3ea433e5d38b94a58f8674","29-4d80e18c92811b49e229c91dc3bfff62","1221149","هرمزگان","Hormozgān","رودان","Rudān","مرکزی","Markazi","","","راهدار","Rāhdār","مرغان","Morghān","Morghon","Hassan Mohebbi Bahmani, field notes 2015","","(less than 3 households; population not specified in 2011 Census for reasons of privacy)","","","Rukhonei 70%; Rudoni 30%","Hassan Mohebbi Bahmani, field notes 2015",27.603447808272545,57.09669705890495,""
"","a41bc5cb5c3ea433e5d38b94a58fce42","27-b4b162a4661960cea3e892522ba2241f","1221150","هرمزگان","Hormozgān","رودان","Rudān","مرکزی","Markazi","","","راهدار","Rāhdār","سیاه مغان بالا","Siāh Moghān Bālā","Siāh Moghon Bālā","Hassan Mohebbi Bahmani, field notes 2015","56","","","","Rukhonei 70%; Rudoni 30%","Hassan Mohebbi Bahmani, field notes 2015",27.63116081091298,57.211331325699234,""
"","a41bc5cb5c3ea433e5d38b94a59003f5","29-a148497f85d4924aa5316860fbbdd066","1221151","هرمزگان","Hormozgān","رودان","Rudān","مرکزی","Markazi","","","راهدار","Rāhdār","چوکران","?Chowkarān","?Chowkaron","Hassan Mohebbi Bahmani, field notes 2015","","(less than 3 households; population not specified in 2011 Census for reasons of privacy)","","","Rukhonei 70%; Rudoni 30%","Hassan Mohebbi Bahmani, field notes 2015",27.599884143795652,57.16973562830336,""
"","a41bc5cb5c3ea433e5d38b94a59058e6","27-cd12e16280bf91997d9e80c8f5645306","1221152","هرمزگان","Hormozgān","رودان","Rudān","مرکزی","Markazi","","","راهدار","Rāhdār","ده نو سر آب","Deh Now Sar Āb","Deh Now Sar How","Hassan Mohebbi Bahmani, field notes 2015","160","","","","Rukhonei 70%; Rudoni 30%","Hassan Mohebbi Bahmani, field notes 2015",27.63306721317785,57.111800577866624,""
"","a41bc5cb5c3ea433e5d38b94a590982f","27-58d5d67e55627a9e9d0ab857fae7b08b","1221153","هرمزگان","Hormozgān","رودان","Rudān","مرکزی","Markazi","","","راهدار","Rāhdār","بجگ","Bajg","Bajg","Hassan Mohebbi Bahmani, field notes 2015","226","","","","Rukhonei 70%; Rudoni 30%","Hassan Mohebbi Bahmani, field notes 2015",27.676771642651165,57.10636575812761,""
"","a41bc5cb5c3ea433e5d38b94a590de5c","28-81c50e7f3773578f9807a3b27773e871","1221154","هرمزگان","Hormozgān","رودان","Rudān","مرکزی","Markazi","","","راهدار","Rāhdār","بادافشان بالا","Bād Afshān Bālā","Bād Afshon Bālā","Hassan Mohebbi Bahmani, field notes 2015","","(less than 3 households; population not specified in 2011 Census for reasons of privacy)","","","Rukhonei 70%; Rudoni 30%","Hassan Mohebbi Bahmani, field notes 2015",27.543457250194578,57.15301540158173,""
"","a41bc5cb5c3ea433e5d38b94a59132d3","27-6e8e3030899e462cfedc272b3a98cc81","1221155","هرمزگان","Hormozgān","رودان","Rudān","مرکزی","Markazi","","","راهدار","Rāhdār","بادافشان پایین","Bād Afshān Pāin","Bād Afshon Pāin","Hassan Mohebbi Bahmani, field notes 2015","20","","","","Rukhonei 70%; Rudoni 30%","Hassan Mohebbi Bahmani, field notes 2015",27.566670867050775,57.155314054706864,""
"","a41bc5cb5c3ea433e5d38b94a59187ac","27-4f21da34cbd32311325121f2e6db37a9","1221156","هرمزگان","Hormozgān","رودان","Rudān","مرکزی","Markazi","","","راهدار","Rāhdār","بشکاردان","Beshkārdān","Beshkārdon, Beshkārdo","Hassan Mohebbi Bahmani, field notes 2015","23","","","","Rukhonei 70%; Rudoni 30%","Hassan Mohebbi Bahmani, field notes 2015",27.579920399908776,57.207946377923115,""
"","a41bc5cb5c3ea433e5d38b94a591cbd2","28-4e3e9cd45a7d08735ee67613a3f9301e","1221157","هرمزگان","Hormozgān","رودان","Rudān","مرکزی","Markazi","","","راهدار","Rāhdār","پیزگان","Pizgān","Pizgon","Hassan Mohebbi Bahmani, field notes 2015","","(less than 3 households; population not specified in 2011 Census for reasons of privacy)","","","Rukhonei 70%; Rudoni 30%","Hassan Mohebbi Bahmani, field notes 2015",27.573272936160624,57.145552831828844,""
"","a41bc5cb5c3ea433e5d38b94a5922fd3","28-593cbd061d8775a63c3cf8a9e53f27a6","1221158","هرمزگان","Hormozgān","رودان","Rudān","مرکزی","Markazi","","","راهدار","Rāhdār","سرآب بالا","Sar Āb Bālā","Sar Āb Bālā","Hassan Mohebbi Bahmani, field notes 2015","14","","","","Rukhonei 70%; Rudoni 30%","Hassan Mohebbi Bahmani, field notes 2015",27.582361981614845,57.15946568101603,""
"","a41bc5cb5c3ea433e5d38b94a5927be7","28-4f639a38b883230175e67e685a61102d","1221159","هرمزگان","Hormozgān","رودان","Rudān","مرکزی","Markazi","","","راهدار","Rāhdār","سرآب پایین","Sar Āb Pāin","Sar Āb Pāin","Hassan Mohebbi Bahmani, field notes 2015","","(less than 3 households; population not specified in 2011 Census for reasons of privacy)","","","Rukhonei 70%; Rudoni 30%","Hassan Mohebbi Bahmani, field notes 2015",27.588657065202373,57.16394162812241,""
"","a41bc5cb5c3ea433e5d38b94a592b132","28-d745ea96ddd325317f73b6500da5057d","1221160","هرمزگان","Hormozgān","رودان","Rudān","مرکزی","Markazi","","","راهدار","Rāhdār","سرگلان","Sar Golān","Sar Golon","Hassan Mohebbi Bahmani, field notes 2015","","(less than 3 households; population not specified in 2011 Census for reasons of privacy)","","","Rukhonei 70%; Rudoni 30%","Hassan Mohebbi Bahmani, field notes 2015",27.557820689719563,57.157068219402625,""
"","a41bc5cb5c3ea433e5d38b94a593100e","28-2c37fbe014a6d4ad1886e8fa2d925038","1221161","هرمزگان","Hormozgān","رودان","Rudān","مرکزی","Markazi","","","راهدار","Rāhdār","کری دازان","Kari Dāzān","Kari Dāzon","Hassan Mohebbi Bahmani, field notes 2015","","(less than 3 households; population not specified in 2011 Census for reasons of privacy)","","","Rukhonei 70%; Rudoni 30%","Hassan Mohebbi Bahmani, field notes 2015",27.577469253970403,57.159124380733125,""
"","a41bc5cb5c3ea433e5d38b94a59365a1","27-09264447a1aba0d0d8c466f115630a56","1221162","هرمزگان","Hormozgān","رودان","Rudān","مرکزی","Markazi","","","راهدار","Rāhdār","خاربجگان","Khārbajgān","Khārbajgon","Hassan Mohebbi Bahmani, field notes 2015","81","","","","Rukhonei 70%; Rudoni 30%","Hassan Mohebbi Bahmani, field notes 2015",27.575775688551516,57.05302913780722,""
"","a41bc5cb5c3ea433e5d38b94a593a841","28-720de4fb4a0c09c9b5b451a414a0241d","1221163","هرمزگان","Hormozgān","رودان","Rudān","مرکزی","Markazi","","","راهدار","Rāhdār","مسینان","Masinān","Masinon","Hassan Mohebbi Bahmani, field notes 2015","","(less than 3 households; population not specified in 2011 Census for reasons of privacy)","","","Rukhonei 70%; Rudoni 30%","Hassan Mohebbi Bahmani, field notes 2015",27.576714800352793,56.99588467475436,""
"","a41bc5cb5c3ea433e5d38b94a593dcd3","25-20ae97c52fc35482bf09f36c0367074a","1221164","هرمزگان","Hormozgān","رودان","Rudān","مرکزی","Markazi","","","راهدار","Rāhdār","کم سی سوار","Kam-e Si Savār","Kam-e Si Savār","Hassan Mohebbi Bahmani, field notes 2015","22","","","","Rukhonei 70%; Rudoni 30%","Hassan Mohebbi Bahmani, field notes 2015","","",""
"","a41bc5cb5c3ea433e5d38b94a5945191","28-a176362ac93f02891dbaa4e28e55ec7e","1221165","هرمزگان","Hormozgān","رودان","Rudān","مرکزی","Markazi","","","راهدار","Rāhdār","سرپشته","Sar Poshteh","Sar Poshta","Hassan Mohebbi Bahmani, field notes 2015","","(less than 3 households; population not specified in 2011 Census for reasons of privacy)","","","Rukhonei 70%; Rudoni 30%","Hassan Mohebbi Bahmani, field notes 2015",27.55250358242058,57.15624209902654,""
"","a41bc5cb5c3ea433e5d38b94a59495cf","27-df985bd64c52f87265d0ad7f1dbb546d","1221166","هرمزگان","Hormozgān","رودان","Rudān","مرکزی","Markazi","","","راهدار","Rāhdār","ال محمودی","Āl-e Mahmudi","Āl-e Mahmudi","Hassan Mohebbi Bahmani, field notes 2015","27","","","","Rukhonei 70%; Rudoni 30%","Hassan Mohebbi Bahmani, field notes 2015",27.6238279023704,57.09836539291256,""
"","a41bc5cb5c3ea433e5d38b94a594d76f","27-d129251dfc039a84f504ccf9069f5ee5","1221167","هرمزگان","Hormozgān","رودان","Rudān","مرکزی","Markazi","","","راهدار","Rāhdār","ده نو","Deh Now ","Deh Now ","Hassan Mohebbi Bahmani, field notes 2015","128","","","","Rukhonei 70%; Rudoni 30%","Hassan Mohebbi Bahmani, field notes 2015",27.62204078517786,57.08433207534825,""
"","a41bc5cb5c3ea433e5d38b94a59519a5","27-cd7212a7597db60e96e701fcf57df042","1221168","هرمزگان","Hormozgān","رودان","Rudān","مرکزی","Markazi","","","راهدار","Rāhdār","زیارت پیرچوگان","Ziārat-e Pirchugān","Ziārat-e Pirchāgo","Hassan Mohebbi Bahmani, field notes 2015","995","","","","Rukhonei 70%; Rudoni 30%","Hassan Mohebbi Bahmani, field notes 2015",27.66912347767227,57.00664457345192,""
"","a41bc5cb5c3ea433e5d38b94a5957244","28-890186229b41b552e6837e2151d78eed","1221169","هرمزگان","Hormozgān","رودان","Rudān","مرکزی","Markazi","","","راهدار","Rāhdār","عالی زندک","Āli Zendak","Āli Zendak","Hassan Mohebbi Bahmani, field notes 2015","","(less than 3 households; population not specified in 2011 Census for reasons of privacy)","","","Rukhonei 70%; Rudoni 30%","Hassan Mohebbi Bahmani, field notes 2015",27.61189739198799,57.08839830421503,""
"","a41bc5cb5c3ea433e5d38b94a595d274","28-6001eb127c84de61ed5edbc2c5814cc2","1221170","هرمزگان","Hormozgān","رودان","Rudān","مرکزی","Markazi","","","راهدار","Rāhdār","گلشوار","Goleshvār","Goleshvār","Hassan Mohebbi Bahmani, field notes 2015","","(less than 3 households; population not specified in 2011 Census for reasons of privacy)","","","Rukhonei 70%; Rudoni 30%","Hassan Mohebbi Bahmani, field notes 2015",27.651984784210505,57.09739108676431,""
"","a41bc5cb5c3ea433e5d38b94a5962a35","26-ed6b60aaebd53753b47d4d419ca45c6a","1221171","هرمزگان","Hormozgān","رودان","Rudān","مرکزی","Markazi","","","راهدار","Rāhdār","مغندر","Moghandar","Moghandar","Hassan Mohebbi Bahmani, field notes 2015","","(less than 3 households; population not specified in 2011 Census for reasons of privacy)","","","Rukhonei 70%; Rudoni 30%","Hassan Mohebbi Bahmani, field notes 2015","","",""
"","a41bc5cb5c3ea433e5d38b94a5966c8d","27-12be0cf13ad316a06b86620c2e340fcd","1221172","هرمزگان","Hormozgān","رودان","Rudān","مرکزی","Markazi","","","راهدار","Rāhdār","غروتی","Gharuti","Gharuti","Hassan Mohebbi Bahmani, field notes 2015","29","","","","Rukhonei 70%; Rudoni 30%","Hassan Mohebbi Bahmani, field notes 2015",27.626470500928875,57.09879454635424,""
"","a41bc5cb5c3ea433e5d38b94a596b8a7","27-a58583a7f9f7447734356bca5e815569","1221173","هرمزگان","Hormozgān","رودان","Rudān","مرکزی","Markazi","دهبارز","Deh Bārez","","","","","Deh Bārez","Hassan Mohebbi Bahmani, field notes 2015","33285","","","","Rudoni 70%; Tehrāni type Persian 10%; Banderi of Bandar Abbās 10%; Minowi 10%","Hassan Mohebbi Bahmani, field notes 2015",27.443836865749617,57.191784053394144,""
"","a41bc5cb5c3ea433e5d38b94a596f9be","23-dee8a3758e3b593809758755f2e28cfd","1221174","هرمزگان","Hormozgān","رودان","Rudān","جغین","Jaghin","","","","","","","","","15318","","","","","","","",""
"","a41bc5cb5c3ea433e5d38b94a5975213","23-0c8bf16c243281c4976b0272d0260265","1221175","هرمزگان","Hormozgān","رودان","Rudān","جغین","Jaghin","","","جغین شمالی","Jaghin-e Shomāli","","","","","10069","","","","","","","",""
"","a41bc5cb5c3ea433e5d38b94a597a25e","27-c3fd278989cfd37253e1bdf760850e3c","1221176","هرمزگان","Hormozgān","رودان","Rudān","جغین","Jaghin","","","جغین شمالی","Jaghin-e Shomāli","پا سفید","Pā Safid","Pā Safid","Hassan Mohebbi Bahmani, field notes 2015","1253","","","","Rudoni 90%; mixed 10%","Hassan Mohebbi Bahmani, field notes 2015",27.21181522727507,57.32367972970447,""
"","a41bc5cb5c3ea433e5d38b94a5980504","27-0628f0bfa7f7cdda86a6665e3a848b98","1221177","هرمزگان","Hormozgān","رودان","Rudān","جغین","Jaghin","","","جغین شمالی","Jaghin-e Shomāli","دره حاجی","Darreh Hāji","Darra Hāji","Hassan Mohebbi Bahmani, field notes 2015","851","","","","Rudoni 90%; mixed 10%","Hassan Mohebbi Bahmani, field notes 2015",27.210193179008346,57.334558769467144,""
"","a41bc5cb5c3ea433e5d38b94a59850dd","27-4dee7b9ad3e860934981a840a0790459","1221178","هرمزگان","Hormozgān","رودان","Rudān","جغین","Jaghin","","","جغین شمالی","Jaghin-e Shomāli","کهور رئیس عباس","Kahur Ra'is Abbās","Kahur Reys Abbās","Hassan Mohebbi Bahmani, field notes 2015","144","","","","Rudoni 90%; mixed 10%","Hassan Mohebbi Bahmani, field notes 2015",27.265601446877085,57.468604847174326,""
"","a41bc5cb5c3ea433e5d38b94a598990f","27-afc03b7dd85b6fab61594f246351bbbb","1221179","هرمزگان","Hormozgān","رودان","Rudān","جغین","Jaghin","","","جغین شمالی","Jaghin-e Shomāli","بالاشهر","Bālā Shahr","Bālā Shahr","Hassan Mohebbi Bahmani, field notes 2015","939","","","","Rudoni 90%; mixed 10%","Hassan Mohebbi Bahmani, field notes 2015",27.21191064114398,57.35118846535694,""
"","a41bc5cb5c3ea433e5d38b94a598e17e","27-d58ea7af57621b0ec5cb988c999150dc","1221180","هرمزگان","Hormozgān","رودان","Rudān","جغین","Jaghin","","","جغین شمالی","Jaghin-e Shomāli","بجگوئی","Bajgui","Bajgui","Hassan Mohebbi Bahmani, field notes 2015","1346","","","","Rudoni 90%; mixed 10%","Hassan Mohebbi Bahmani, field notes 2015",27.226675032578022,57.4419329607334,""
"","a41bc5cb5c3ea433e5d38b94a5994e59","27-78ca21562fefe91d04285faf01fff529","1221181","هرمزگان","Hormozgān","رودان","Rudān","جغین","Jaghin","","","جغین شمالی","Jaghin-e Shomāli","جم انبه","Jam Anbeh","Jam Anba","Hassan Mohebbi Bahmani, field notes 2015","1564","","","","Rudoni 90%; mixed 10%","Hassan Mohebbi Bahmani, field notes 2015",27.219085609944507,57.37457732796264,""
"","a41bc5cb5c3ea433e5d38b94a599aa82","27-dd68cef2a48ffdedd8367a30ffdca14b","1221182","هرمزگان","Hormozgān","رودان","Rudān","جغین","Jaghin","","","جغین شمالی","Jaghin-e Shomāli","گراب","Garāb","Garāb","Hassan Mohebbi Bahmani, field notes 2015","959","","","","Rudoni 90%; mixed 10%","Hassan Mohebbi Bahmani, field notes 2015",27.216584881998248,57.36517830560417,""
"","a41bc5cb5c3ea433e5d38b94a59a0130","29-0bf27e2a55bdfe7a027eb367d168f53c","1221183","هرمزگان","Hormozgān","رودان","Rudān","جغین","Jaghin","","","جغین شمالی","Jaghin-e Shomāli","سرخ دان","Sorkhdān","Sorkhdān","Hassan Mohebbi Bahmani, field notes 2015","1065","","","","Rudoni 90%; mixed 10%","Hassan Mohebbi Bahmani, field notes 2015",27.21124180368016,57.35436363885785,""
"","a41bc5cb5c3ea433e5d38b94a59a5389","27-e35bab18e0d2fb87eaee58bd486a43ac","1221184","هرمزگان","Hormozgān","رودان","Rudān","جغین","Jaghin","","","جغین شمالی","Jaghin-e Shomāli","فیض آباد","Feyz Ābād","Feyz Ābād","Hassan Mohebbi Bahmani, field notes 2015","742","","","","Rudoni 90%; mixed 10%","Hassan Mohebbi Bahmani, field notes 2015",27.210478485862073,57.33938618372111,""
"","a41bc5cb5c3ea433e5d38b94a59ab0e1","27-c3225eaa6c9289e18389f2ff88dd49d3","1221185","هرمزگان","Hormozgān","رودان","Rudān","جغین","Jaghin","","","جغین شمالی","Jaghin-e Shomāli","قلعه","Qal'eh","Kal'e","Hassan Mohebbi Bahmani, field notes 2015","1206","","","","Rudoni 90%; mixed 10%","Hassan Mohebbi Bahmani, field notes 2015",27.21392870530656,57.37208823799623,""
"","a41bc5cb5c3ea433e5d38b94a59aeae2","24-090854a37ac6d197d5b88fa905280afa","1221186","هرمزگان","Hormozgān","رودان","Rudān","جغین","Jaghin","","","جغین جنوبی","Jaghin-e Jonubi","","","","","5249","","","","","","","",""
"","a41bc5cb5c3ea433e5d38b94a59b3b75","28-526bc9a2701afafd38689cd990d9d68f","1221187","هرمزگان","Hormozgān","رودان","Rudān","جغین","Jaghin","","","جغین جنوبی","Jaghin-e Jonubi","دستگرد","Dastgerd","Dastgerd","Hassan Mohebbi Bahmani, field notes 2015","","(less than 3 households; population not specified in 2011 Census for reasons of privacy)","","","Rudoni 90%; mixed 10%","Hassan Mohebbi Bahmani, field notes 2015",27.149505915373833,57.25488318871847,""
"","a41bc5cb5c3ea433e5d38b94a59b8e91","27-95a7648810f9b7f7b3d7e2bc313ede04","1221188","هرمزگان","Hormozgān","رودان","Rudān","جغین","Jaghin","","","جغین جنوبی","Jaghin-e Jonubi","زردشم","Zard Sham","Zard Sham","Hassan Mohebbi Bahmani, field notes 2015","302","","","","Rudoni 90%; mixed 10%","Hassan Mohebbi Bahmani, field notes 2015",27.19817365552437,57.25433119999699,""
"","a41bc5cb5c3ea433e5d38b94a59bd440","28-076d6889aaf4f18a272fa99d2f383028","1221189","هرمزگان","Hormozgān","رودان","Rudān","جغین","Jaghin","","","جغین جنوبی","Jaghin-e Jonubi","لمپچ","Lampach","Lampach","Hassan Mohebbi Bahmani, field notes 2015","","(less than 3 households; population not specified in 2011 Census for reasons of privacy)","","","Rudoni 90%; mixed 10%","Hassan Mohebbi Bahmani, field notes 2015",27.17801317803269,57.242832569951354,""
"","a41bc5cb5c3ea433e5d38b94a59c2e70","28-70379ac0492ce246931a0a5e31858758","1221190","هرمزگان","Hormozgān","رودان","Rudān","جغین","Jaghin","","","جغین جنوبی","Jaghin-e Jonubi","تل سیاه","Tal Siāh","Tal Siāh","Hassan Mohebbi Bahmani, field notes 2015","","(less than 3 households; population not specified in 2011 Census for reasons of privacy)","","","Rudoni 90%; mixed 10%","Hassan Mohebbi Bahmani, field notes 2015",27.15412127938705,57.34341272578581,""
"","a41bc5cb5c3ea433e5d38b94a59c6cb2","27-e9ee197a9514a425d6a9a160ebeec618","1221191","هرمزگان","Hormozgān","رودان","Rudān","جغین","Jaghin","","","جغین جنوبی","Jaghin-e Jonubi","کم کرت","Kam Karat","Kam Karat","Hassan Mohebbi Bahmani, field notes 2015","1428","","","","Rudoni 90%; mixed 10%","Hassan Mohebbi Bahmani, field notes 2015",27.191164425806996,57.326844720703704,""
"","a41bc5cb5c3ea433e5d38b94a59cbb45","27-cab45d3f3daba48f0d7ff322f7048a04","1221192","هرمزگان","Hormozgān","رودان","Rudān","جغین","Jaghin","","","جغین جنوبی","Jaghin-e Jonubi","قلندری","Qalandari","Kalandari","Hassan Mohebbi Bahmani, field notes 2015","400","","","","Rudoni 90%; mixed 10%","Hassan Mohebbi Bahmani, field notes 2015",27.196680235072215,57.360297231533245,""
"","a41bc5cb5c3ea433e5d38b94a59d0536","28-43101c4501c842c02de45cb1dd13b0fa","1221193","هرمزگان","Hormozgān","رودان","Rudān","جغین","Jaghin","","","جغین جنوبی","Jaghin-e Jonubi","پالور","Pā Lur","Pā Lur","Hassan Mohebbi Bahmani, field notes 2015","1347","","","","Rudoni 90%; mixed 10%","Hassan Mohebbi Bahmani, field notes 2015",27.1864881800614,57.33505228028819,""
"","a41bc5cb5c3ea433e5d38b94a59d71c7","25-4985cf27e5d7dd4795ac42fc3ea59971","1221194","هرمزگان","Hormozgān","رودان","Rudān","جغین","Jaghin","","","جغین جنوبی","Jaghin-e Jonubi","علی آباد","Ali Ābād","Ali Ābād","Hassan Mohebbi Bahmani, field notes 2015","162","","","","Rudoni 90%; mixed 10%","Hassan Mohebbi Bahmani, field notes 2015","","",""
"","a41bc5cb5c3ea433e5d38b94a59dd7a6","25-8b89b2ff97b816ca0e5f778b7ecc8218","1221195","هرمزگان","Hormozgān","رودان","Rudān","جغین","Jaghin","","","جغین جنوبی","Jaghin-e Jonubi","ناصرآباد","Nāser Ābād","Nāser Ābād","Hassan Mohebbi Bahmani, field notes 2015","1238","","","","Rudoni 90%; mixed 10%","Hassan Mohebbi Bahmani, field notes 2015","","",""
"","a41bc5cb5c3ea433e5d38b94a59e377c","27-422894bd522c98844020815bcc51fbc9","1221196","هرمزگان","Hormozgān","رودان","Rudān","جغین","Jaghin","","","جغین جنوبی","Jaghin-e Jonubi","کم جمال","Kam Jamāl","Kam Jamāl","Hassan Mohebbi Bahmani, field notes 2015","357","","","","Rudoni 90%; mixed 10%","Hassan Mohebbi Bahmani, field notes 2015",27.201209609735447,57.37405575383321,""
"","a41bc5cb5c3ea433e5d38b94a59e8389","23-76972dfb35402906a24cea704f0f7541","1221197","هرمزگان","Hormozgān","رودان","Rudān","بیکاه","Bikāh","","","","","","","","","24540","","","","","","","",""
"","a41bc5cb5c3ea433e5d38b94a59ec2d6","23-fc4d482155dbe2fc3177aac44be02be6","1221198","هرمزگان","Hormozgān","رودان","Rudān","بیکاه","Bikāh","","","بیکاه","Bikāh","","","","","8506","","","","","","","",""
"","a41bc5cb5c3ea433e5d38b94a59efdbf","27-c79f0fe801da6ed1c273345c22a6c52c","1221199","هرمزگان","Hormozgān","رودان","Rudān","بیکاه","Bikāh","","","بیکاه","Bikāh","ده گل کن","Deh Gel Kan","Deh Gel Kan","Hassan Mohebbi Bahmani, field notes 2015","972","","","","Rudoni 90%; mixed 10%","Hassan Mohebbi Bahmani, field notes 2015",27.335033227231683,57.19307676624142,""
"","a41bc5cb5c3ea433e5d38b94a59f3665","31-56425079f79de2c2a920c915ab813253","1221200","هرمزگان","Hormozgān","رودان","Rudān","بیکاه","Bikāh","","","بیکاه","Bikāh","زردگردیان","Zard Gerdiān","Zard Gerdion","Hassan Mohebbi Bahmani, field notes 2015","","(less than 3 households; population not specified in 2011 Census for reasons of privacy)","","","Rudoni 90%; mixed 10%","Hassan Mohebbi Bahmani, field notes 2015",27.382610382468535,57.11727485728128,""
"","a41bc5cb5c3ea433e5d38b94a59f7690","27-ac3fbfbb0c07dc168a4f929cc4a3f0ae","1221201","هرمزگان","Hormozgān","رودان","Rudān","بیکاه","Bikāh","","","بیکاه","Bikāh","سرکهنان","Sar Kahnān","Sar Kahnon","Hassan Mohebbi Bahmani, field notes 2015","19","","","","Rudoni 90%; mixed 10%","Hassan Mohebbi Bahmani, field notes 2015",27.399231309481394,57.1476179427134,""
"","a41bc5cb5c3ea433e5d38b94a59fc214","27-e1e2461711b952f65ac1005daa907d48","1221202","هرمزگان","Hormozgān","رودان","Rudān","بیکاه","Bikāh","","","بیکاه","Bikāh","اسلام آباد","Eslām Ābād","Eslām Ābād","Hassan Mohebbi Bahmani, field notes 2015","5247","","","","Rudoni 90%; mixed 10%","Hassan Mohebbi Bahmani, field notes 2015",27.3841517440101,57.16221988858665,""
"","a41bc5cb5c3ea433e5d38b94a5a010ad","27-def5fd9b1a0fab58948f591f3b22f73f","1221203","هرمزگان","Hormozgān","رودان","Rudān","بیکاه","Bikāh","","","بیکاه","Bikāh","سکل","Sakol","Sakol","Hassan Mohebbi Bahmani, field notes 2015","2263","","","","Rudoni 90%; mixed 10%","Hassan Mohebbi Bahmani, field notes 2015",27.37014676873655,57.17249811353132,""
"","a41bc5cb5c3ea433e5d38b94a5a05be7","24-8cadc7eae2be057075e18474168aad17","1221204","هرمزگان","Hormozgān","رودان","Rudān","بیکاه","Bikāh","","","برنطین","Berentin","","","","","9032","","","","","","","",""
"","a41bc5cb5c3ea433e5d38b94a5a09f4e","27-e67493eb829a9d3dd17aed828e2692c0","1221205","هرمزگان","Hormozgān","رودان","Rudān","بیکاه","Bikāh","","","برنطین","Berentin","آب گرمان","Āb Garmān","How Garmon","Hassan Mohebbi Bahmani, field notes 2015","275","","","","Rudoni 90%; mixed 10%","Hassan Mohebbi Bahmani, field notes 2015",27.30525348617982,57.20629443883689,""
"","a41bc5cb5c3ea433e5d38b94a5a10537","28-9e6ba6a0394183734feb75a338693237","1221206","هرمزگان","Hormozgān","رودان","Rudān","بیکاه","Bikāh","","","برنطین","Berentin","برنطین","Berentin","Berentin","Hassan Mohebbi Bahmani, field notes 2015","5344","","","","Rudoni 90%; mixed 10%","Hassan Mohebbi Bahmani, field notes 2015",27.284964605265046,57.22238769292325,""
"","a41bc5cb5c3ea433e5d38b94a5a15f3b","27-3f9d690b867c856f4a4c0e7a56183745","1221207","هرمزگان","Hormozgān","رودان","Rudān","بیکاه","Bikāh","","","برنطین","Berentin","وزیری","Vaziri","Vaziri","Hassan Mohebbi Bahmani, field notes 2015","491","","","","Rudoni 90%; mixed 10%","Hassan Mohebbi Bahmani, field notes 2015",27.319485415038855,57.21238792599503,""
"","a41bc5cb5c3ea433e5d38b94a5a1b8f7","27-614b00c31ff5cbbda9089dcd228d114c","1221208","هرمزگان","Hormozgān","رودان","Rudān","بیکاه","Bikāh","","","برنطین","Berentin","دشت صفا","Dasht Safā","Dasht Safā","Hassan Mohebbi Bahmani, field notes 2015","83","","","","Rudoni 90%; mixed 10%","Hassan Mohebbi Bahmani, field notes 2015",27.257785700071107,57.239649898416694,""
"","a41bc5cb5c3ea433e5d38b94a5a1f79d","28-80acfdac55ba70438fa4405eb46f23ea","1221209","هرمزگان","Hormozgān","رودان","Rudān","بیکاه","Bikāh","","","برنطین","Berentin","کهنوشتری","Kah Nushtori","Kah Neshu","Hassan Mohebbi Bahmani, field notes 2015","372","","","","Rudoni 90%; mixed 10%","Hassan Mohebbi Bahmani, field notes 2015",27.261400335458443,57.26021707714061,""
"","a41bc5cb5c3ea433e5d38b94a5a25d1b","27-63dbc069c699d07ba0aca30df581fcfe","1221210","هرمزگان","Hormozgān","رودان","Rudān","بیکاه","Bikāh","","","برنطین","Berentin","پلنگان","Palangān","Palangon","Hassan Mohebbi Bahmani, field notes 2015","10","","","","Rudoni 90%; mixed 10%","Hassan Mohebbi Bahmani, field notes 2015",27.309776490743605,57.21033871830665,""
"","a41bc5cb5c3ea433e5d38b94a5a2b31f","27-96a23f99f7d2366eb8b7f33b7962e4a0","1221211","هرمزگان","Hormozgān","رودان","Rudān","بیکاه","Bikāh","","","برنطین","Berentin","پشته گیش","Poshteh Gish","Poshta Gish","Hassan Mohebbi Bahmani, field notes 2015","153","","","","Rudoni 90%; mixed 10%","Hassan Mohebbi Bahmani, field notes 2015",27.25975993501571,57.26746977031542,""
"","a41bc5cb5c3ea433e5d38b94a5a30094","28-5472b1142f80d39cd87d3ebe71c3c22a","1221212","هرمزگان","Hormozgān","رودان","Rudān","بیکاه","Bikāh","","","برنطین","Berentin","کهنشوییه","Kah Neshuieh","Kah Neshuia","Hassan Mohebbi Bahmani, field notes 2015","1139","","","","Rudoni 90%; mixed 10%","Hassan Mohebbi Bahmani, field notes 2015",27.340854446363583,57.20678747357149,""
"","a41bc5cb5c3ea433e5d38b94a5a3555e","27-62e94d372efeea7a5760eba97e92c029","1221213","هرمزگان","Hormozgān","رودان","Rudān","بیکاه","Bikāh","","","برنطین","Berentin","نزک","Nozok","Nozok","Hassan Mohebbi Bahmani, field notes 2015","337","","","","Rudoni 90%; mixed 10%","Hassan Mohebbi Bahmani, field notes 2015",27.327320569324165,57.216507799040905,""
"","a41bc5cb5c3ea433e5d38b94a5a3ae85","25-34004863523375dfe41435fc636b0313","1221214","هرمزگان","Hormozgān","رودان","Rudān","بیکاه","Bikāh","","","برنطین","Berentin","پانهر","Pā Nahr","Pā Nahr","Hassan Mohebbi Bahmani, field notes 2015","828","","","","Rudoni 90%; mixed 10%","Hassan Mohebbi Bahmani, field notes 2015","","",""
"","a41bc5cb5c3ea433e5d38b94a5a3fcd7","27-cbbc2ffdfb5ef54bf22d1c445c1ac37e","1221215","هرمزگان","Hormozgān","رودان","Rudān","بیکاه","Bikāh","بیکاه","Bikāh","","","","","Bikā","Hassan Mohebbi Bahmani, field notes 2015","7002","","","","Rudoni 90%; mixed 10%","Hassan Mohebbi Bahmani, field notes 2015",27.358060992475032,57.17850932196779,""
"","a41bc5cb5c3ea433e5d38b94a5a435be","23-7e1616de93c2b6cfe3bc37022e4fa25c","1221216","هرمزگان","Hormozgān","حاجی آباد","Hāji Ābād","","","","","","","","","","","65889","","","","","","","",""
"","a41bc5cb5c3ea433e5d38b94a5a48a32","23-d626dd44191caa92e7d4fcf7c73d7539","1221217","هرمزگان","Hormozgān","حاجی آباد","Hāji Ābād","فارغان","Fāreghān","","","","","","","","","13071","","","","","","","",""
"","a41bc5cb5c3ea433e5d38b94a5a4cc61","23-2c68ba344236c2662e327ec8d6541aa7","1221218","هرمزگان","Hormozgān","حاجی آباد","Hāji Ābād","فارغان","Fāreghān","","","فارغان","Fāreghān","","","","","2729","","","","","","","",""
"","a41bc5cb5c3ea433e5d38b94a5a53097","27-9a74f4ec5e98acafe135ce5b4b810602","1221219","هرمزگان","Hormozgān","حاجی آباد","Hāji Ābād","فارغان","Fāreghān","","","فارغان","Fāreghān","بندکوه","Band Kuh","Band Kuh","Hassan Mohebbi Bahmani, field notes 2015","68","","","","Ashomi 90%; Tehrāni type Persian 5%; mixed 5%","Hassan Mohebbi Bahmani, field notes 2015",28.0615609190981,56.28740668966493,""
"","a41bc5cb5c3ea433e5d38b94a5a578f5","27-402ba3c64967c212233860d118243f84","1221220","هرمزگان","Hormozgān","حاجی آباد","Hāji Ābād","فارغان","Fāreghān","","","فارغان","Fāreghān","کشرودخانه","Kash Rudkhāneh","Kash Rud","Hassan Mohebbi Bahmani, field notes 2015","173","","","","Ashomi 90%; Tehrāni type Persian 5%; mixed 5%","Hassan Mohebbi Bahmani, field notes 2015",28.06059522132893,56.33355141354926,""
"","a41bc5cb5c3ea433e5d38b94a5a5c601","27-dea60b13d61a88e2455a567310830cdb","1221221","هرمزگان","Hormozgān","حاجی آباد","Hāji Ābād","فارغان","Fāreghān","","","فارغان","Fāreghān","مزرعه","Mazra'eh","Mazra'a","Hassan Mohebbi Bahmani, field notes 2015","364","","","","Ashomi 90%; Tehrāni type Persian 5%; mixed 5%","Hassan Mohebbi Bahmani, field notes 2015",28.041288913470968,56.288179165861024,""
"","a41bc5cb5c3ea433e5d38b94a5a62b48","27-c3521446a15f15db28007a279ba00b8f","1221222","هرمزگان","Hormozgān","حاجی آباد","Hāji Ābād","فارغان","Fāreghān","","","فارغان","Fāreghān","میمند","Meymand","Meymand","Hassan Mohebbi Bahmani, field notes 2015","276","","","","Ashomi 90%; Tehrāni type Persian 5%; mixed 5%","Hassan Mohebbi Bahmani, field notes 2015",28.012119307719207,56.32579446507738,""
"","a41bc5cb5c3ea433e5d38b94a5a664ee","27-823f11950ab48a0990a6b347a9c03e08","1221223","هرمزگان","Hormozgān","حاجی آباد","Hāji Ābād","فارغان","Fāreghān","","","فارغان","Fāreghān","بخوان","Bokhon","Bokhon","Hassan Mohebbi Bahmani, field notes 2015","52","","","","Ashomi 90%; Tehrāni type Persian 5%; mixed 5%","Hassan Mohebbi Bahmani, field notes 2015",27.95596003865058,56.25099443159839,""
"","a41bc5cb5c3ea433e5d38b94a5a6a70b","27-81c2c5f1fd2da396c2bec8da16497d1e","1221224","هرمزگان","Hormozgān","حاجی آباد","Hāji Ābād","فارغان","Fāreghān","","","فارغان","Fāreghān","بسته","Basteh","Basta","Hassan Mohebbi Bahmani, field notes 2015","250","","","","Ashomi 90%; Tehrāni type Persian 5%; mixed 5%","Hassan Mohebbi Bahmani, field notes 2015",27.995935541540458,56.29419945440461,""
"","a41bc5cb5c3ea433e5d38b94a5a6e51e","27-2f819404ccb4de9ba3e017145daccf01","1221225","هرمزگان","Hormozgān","حاجی آباد","Hāji Ābād","فارغان","Fāreghān","","","فارغان","Fāreghān","تی در","Ti Dar","Ti Dar","Hassan Mohebbi Bahmani, field notes 2015","72","","","","Ashomi 90%; Tehrāni type Persian 5%; mixed 5%","Hassan Mohebbi Bahmani, field notes 2015",27.96592924418524,56.25805400572508,""
"","a41bc5cb5c3ea433e5d38b94a5a73e7f","27-167549e63cac6330e9222574df5f217a","1221226","هرمزگان","Hormozgān","حاجی آباد","Hāji Ābād","فارغان","Fāreghān","","","فارغان","Fāreghān","دهنه میمند","Dahneh Meymand","Dahna Meymand","Hassan Mohebbi Bahmani, field notes 2015","268","","","","Ashomi 90%; Tehrāni type Persian 5%; mixed 5%","Hassan Mohebbi Bahmani, field notes 2015",27.966374365620783,56.33502662850425,""
"","a41bc5cb5c3ea433e5d38b94a5a77423","27-d766f4a322def51ac5024dbfc54b27aa","1221227","هرمزگان","Hormozgān","حاجی آباد","Hāji Ābād","فارغان","Fāreghān","","","فارغان","Fāreghān","رحیم آباد","Rahim Ābād","Rahim Ābād","Hassan Mohebbi Bahmani, field notes 2015","190","","","","Ashomi 90%; Tehrāni type Persian 5%; mixed 5%","Hassan Mohebbi Bahmani, field notes 2015",28.057111063134048,56.333626515401065,""
"","a41bc5cb5c3ea433e5d38b94a5a7c642","27-cddb4f12265f4b348a2295ed012c594a","1221228","هرمزگان","Hormozgān","حاجی آباد","Hāji Ābād","فارغان","Fāreghān","","","فارغان","Fāreghān","شاهرود","Shāh Rud","Shāh Rud","Hassan Mohebbi Bahmani, field notes 2015","445","","","","Ashomi 90%; Tehrāni type Persian 5%; mixed 5%","Hassan Mohebbi Bahmani, field notes 2015",28.03312600875821,56.35713339520398,""
"","a41bc5cb5c3ea433e5d38b94a5a82fb7","27-2ae35039f45c453966aa1a2eb65401c8","1221229","هرمزگان","Hormozgān","حاجی آباد","Hāji Ābād","فارغان","Fāreghān","","","فارغان","Fāreghān","نارمند","Nārmand","Nārmand","Hassan Mohebbi Bahmani, field notes 2015","75","","","","Ashomi 90%; Tehrāni type Persian 5%; mixed 5%","Hassan Mohebbi Bahmani, field notes 2015",27.96364525625201,56.34506881905537,""
"","a41bc5cb5c3ea433e5d38b94a5a87797","27-a5bb212937dd058f3b70d6f77a82abca","1221230","هرمزگان","Hormozgān","حاجی آباد","Hāji Ābād","فارغان","Fāreghān","","","فارغان","Fāreghān","نسا","Nesā","Nesā","Hassan Mohebbi Bahmani, field notes 2015","169","","","","Ashomi 90%; Tehrāni type Persian 5%; mixed 5%","Hassan Mohebbi Bahmani, field notes 2015",28.079382414622383,56.37705825528099,""
"","a41bc5cb5c3ea433e5d38b94a5a8e0cd","27-fa4d04426a3943ad851a35e608b1a315","1221231","هرمزگان","Hormozgān","حاجی آباد","Hāji Ābād","فارغان","Fāreghān","","","فارغان","Fāreghān","نظام آباد","Nezām Ābād","Nezām Ābād","Hassan Mohebbi Bahmani, field notes 2015","117","","","","Ashomi 90%; Tehrāni type Persian 5%; mixed 5%","Hassan Mohebbi Bahmani, field notes 2015",28.029820897894748,56.34226322842722,""
"","a41bc5cb5c3ea433e5d38b94a5a9247f","27-9cf57fa86a80756c42f0152da55e70f9","1221232","هرمزگان","Hormozgān","حاجی آباد","Hāji Ābād","فارغان","Fāreghān","","","فارغان","Fāreghān","کهنوج","Kahnuj","Kahnuj","Hassan Mohebbi Bahmani, field notes 2015","210","","","","Ashomi 90%; Tehrāni type Persian 5%; mixed 5%","Hassan Mohebbi Bahmani, field notes 2015",28.015732790051445,56.35551870537636,""
"","a41bc5cb5c3ea433e5d38b94a5a960d0","24-492a29934f7a4d229cfa1e53556fcb35","1221233","هرمزگان","Hormozgān","حاجی آباد","Hāji Ābād","فارغان","Fāreghān","","","آشکارا","Āshkārā","","","","","8417","","","","","","","",""
"","a41bc5cb5c3ea433e5d38b94a5a9b13a","27-d23811fb3cdb5720e15bffa0bad10f05","1221234","هرمزگان","Hormozgān","حاجی آباد","Hāji Ābād","فارغان","Fāreghān","","","آشکارا","Āshkārā","جایین","Jāin","Jāin","Hassan Mohebbi Bahmani, field notes 2015","968","","","","Ashomi 90%; Tehrāni type Persian 5%; mixed 5%","Hassan Mohebbi Bahmani, field notes 2015",28.170282836537023,56.02787829305421,""
"","a41bc5cb5c3ea433e5d38b94a5aa074e","27-0352ceb3ab2bfbc7ba8349b4cf1a86f8","1221235","هرمزگان","Hormozgān","حاجی آباد","Hāji Ābād","فارغان","Fāreghān","","","آشکارا","Āshkārā","سیروییه","Siruieh","Siruia","Hassan Mohebbi Bahmani, field notes 2015","468","","","","Ashomi 90%; Tehrāni type Persian 5%; mixed 5%","Hassan Mohebbi Bahmani, field notes 2015",28.17272717777335,55.981329010581085,""
"","a41bc5cb5c3ea433e5d38b94a5aa5652","29-2413b8f5fd13d3fe25472a4b7fd62eaf","1221236","هرمزگان","Hormozgān","حاجی آباد","Hāji Ābād","فارغان","Fāreghān","","","آشکارا","Āshkārā","باغان","Bāghān","Bāghān","Hassan Mohebbi Bahmani, field notes 2015","98","","","","Ashomi 90%; Tehrāni type Persian 5%; mixed 5%","Hassan Mohebbi Bahmani, field notes 2015",28.05215,56.03179,""
"","a41bc5cb5c3ea433e5d38b94a5aaa3c1","28-09d01f344cb8442a5b26228ddb09fe82","1221237","هرمزگان","Hormozgān","حاجی آباد","Hāji Ābād","فارغان","Fāreghān","","","آشکارا","Āshkārā","بن آب","Bon Āb","Bon Āb","Hassan Mohebbi Bahmani, field notes 2015","174","","","","Ashomi 90%; Tehrāni type Persian 5%; mixed 5%","Hassan Mohebbi Bahmani, field notes 2015",27.994797555348676,56.09572428775451,""
"","a41bc5cb5c3ea433e5d38b94a5ab0329","27-3ec34bc57cd502d42900739b573370c4","1221238","هرمزگان","Hormozgān","حاجی آباد","Hāji Ābād","فارغان","Fāreghān","","","آشکارا","Āshkārā","راییز","Rāiz","Rāiz","Hassan Mohebbi Bahmani, field notes 2015","223","","","","Ashomi 90%; Tehrāni type Persian 5%; mixed 5%","Hassan Mohebbi Bahmani, field notes 2015",28.00599460013029,56.14170807909978,""
"","a41bc5cb5c3ea433e5d38b94a5ab3583","27-ef8992f63a783ab4ed60ab46f4129004","1221239","هرمزگان","Hormozgān","حاجی آباد","Hāji Ābād","فارغان","Fāreghān","","","آشکارا","Āshkārā","سردر","Sardar","Sardar","Hassan Mohebbi Bahmani, field notes 2015","211","","","","Ashomi 90%; Tehrāni type Persian 5%; mixed 5%","Hassan Mohebbi Bahmani, field notes 2015",27.96698466610504,56.10876669901109,""
"","a41bc5cb5c3ea433e5d38b94a5ab6cfa","27-3615e51d00dfe507276533bfb64f3750","1221240","هرمزگان","Hormozgān","حاجی آباد","Hāji Ābād","فارغان","Fāreghān","","","آشکارا","Āshkārā","سیاهک","Siāhak","Siāhak","Hassan Mohebbi Bahmani, field notes 2015","313","","","","Ashomi 90%; Tehrāni type Persian 5%; mixed 5%","Hassan Mohebbi Bahmani, field notes 2015",28.011251840272255,56.00051976110623,""
"","a41bc5cb5c3ea433e5d38b94a5abb3e8","28-36d81fd814fdf2cc775a0c02be06bda0","1221241","هرمزگان","Hormozgān","حاجی آباد","Hāji Ābād","فارغان","Fāreghān","","","آشکارا","Āshkārā","باباکوهی","Bābā Kuhi","Bābā Kuhi","Hassan Mohebbi Bahmani, field notes 2015","","(less than 3 households; population not specified in 2011 Census for reasons of privacy)","","","Ashomi 90%; Tehrāni type Persian 5%; mixed 5%","Hassan Mohebbi Bahmani, field notes 2015",27.94654806605818,56.146946915626465,""
"","a41bc5cb5c3ea433e5d38b94a5abf901","27-5ceec68525fe52892b2011506313711c","1221242","هرمزگان","Hormozgān","حاجی آباد","Hāji Ābād","فارغان","Fāreghān","","","آشکارا","Āshkārā","بحر رود","Bahr Rud","Bahr Rud","Hassan Mohebbi Bahmani, field notes 2015","38","","","","Ashomi 90%; Tehrāni type Persian 5%; mixed 5%","Hassan Mohebbi Bahmani, field notes 2015",27.96494259016402,56.09769185798896,""
"","a41bc5cb5c3ea433e5d38b94a5ac4b6f","27-bf1ad152b8492bc7f7ed466942fba283","1221243","هرمزگان","Hormozgān","حاجی آباد","Hāji Ābād","فارغان","Fāreghān","","","آشکارا","Āshkārā","پرعابدینیه","Par Ābedinieh","Par Ābedinia","Hassan Mohebbi Bahmani, field notes 2015","42","","","","Ashomi 90%; Tehrāni type Persian 5%; mixed 5%","Hassan Mohebbi Bahmani, field notes 2015",27.97114447491186,55.958277169013954,""
"","a41bc5cb5c3ea433e5d38b94a5ac9109","27-a3d18f1ba96a2a0aa4abc16e34a7fde5","1221244","هرمزگان","Hormozgān","حاجی آباد","Hāji Ābād","فارغان","Fāreghān","","","آشکارا","Āshkārā","تل مرا","Tal Marā","Tal Marā","Hassan Mohebbi Bahmani, field notes 2015","63","","","","Ashomi 90%; Tehrāni type Persian 5%; mixed 5%","Hassan Mohebbi Bahmani, field notes 2015",27.953286496837215,56.044904955878415,""
"","a41bc5cb5c3ea433e5d38b94a5aceaee","28-4b3dec99b76b49b9b4e654e26157a4ee","1221245","هرمزگان","Hormozgān","حاجی آباد","Hāji Ābād","فارغان","Fāreghān","","","آشکارا","Āshkārā","زمین سیاه","Zamin Siāh","Zamin Siāh","Hassan Mohebbi Bahmani, field notes 2015","132","","","","Ashomi 90%; Tehrāni type Persian 5%; mixed 5%","Hassan Mohebbi Bahmani, field notes 2015",27.96753663591381,56.08106484430869,""
"","a41bc5cb5c3ea433e5d38b94a5ad3881","29-8c2d9191f979a9b7d59355a84ec4f15e","1221246","هرمزگان","Hormozgān","حاجی آباد","Hāji Ābād","فارغان","Fāreghān","","","آشکارا","Āshkārā","سیرمند","Sirmand","Sirmand","Hassan Mohebbi Bahmani, field notes 2015","484","","","","Ashomi 90%; Tehrāni type Persian 5%; mixed 5%","Hassan Mohebbi Bahmani, field notes 2015",27.96917,56.08311,""
"","a41bc5cb5c3ea433e5d38b94a5ad8352","28-68e620b1731b9a3159cc97d4ced9c498","1221247","هرمزگان","Hormozgān","حاجی آباد","Hāji Ābād","فارغان","Fāreghān","","","آشکارا","Āshkārā","سرگلان","Sar Golān","Sar Golān","Hassan Mohebbi Bahmani, field notes 2015","","(less than 3 households; population not specified in 2011 Census for reasons of privacy)","","","Ashomi 90%; Tehrāni type Persian 5%; mixed 5%","Hassan Mohebbi Bahmani, field notes 2015",27.93068109366048,56.010556104915736,""
"","a41bc5cb5c3ea433e5d38b94a5adbb4f","27-ae723abc1d86f2a23ca34fe255e77c41","1221248","هرمزگان","Hormozgān","حاجی آباد","Hāji Ābād","فارغان","Fāreghān","","","آشکارا","Āshkārā","شمیل بالا","Shamil Bālā","Shamil Bālā","Hassan Mohebbi Bahmani, field notes 2015","3392","","","","Ashomi 90%; Tehrāni type Persian 5%; mixed 5%","Hassan Mohebbi Bahmani, field notes 2015",28.144766350059694,56.09282307489682,""
"","a41bc5cb5c3ea433e5d38b94a5ae1459","27-87c5b6c0b747f514d144797b814000fd","1221249","هرمزگان","Hormozgān","حاجی آباد","Hāji Ābād","فارغان","Fāreghān","","","آشکارا","Āshkārā","دشت اشکارا","Dasht Āskārā","Dasht Āskārā","Hassan Mohebbi Bahmani, field notes 2015","1797","","","","Ashomi 90%; Tehrāni type Persian 5%; mixed 5%","Hassan Mohebbi Bahmani, field notes 2015",28.138973920042744,56.16445813165618,""
"","a41bc5cb5c3ea433e5d38b94a5ae62b9","27-4678aeb1d36427491ce6c7837050da47","1221250","هرمزگان","Hormozgān","حاجی آباد","Hāji Ābād","فارغان","Fāreghān","فارغان","Fāreghān","","","","","Fāreghon","Hassan Mohebbi Bahmani, field notes 2015","1925","","","","Ashomi 90%; Tehrāni type Persian 5%; mixed 5%","Hassan Mohebbi Bahmani, field notes 2015",28.00958983947702,56.25323771881809,""
"","a41bc5cb5c3ea433e5d38b94a5aea54c","23-3168a3c3be3292d67729b905bfe78e3d","1221251","هرمزگان","Hormozgān","حاجی آباد","Hāji Ābād","مرکزی","Markazi","","","","","","","","","39955","","","","","","","",""
"","a41bc5cb5c3ea433e5d38b94a5aef23a","23-3d76dc0d91122a28d1013f09975acb3c","1221252","هرمزگان","Hormozgān","حاجی آباد","Hāji Ābād","مرکزی","Markazi","","","درآگاه","Dar Āgāh","","","","","6274","","","","","","","",""
"","a41bc5cb5c3ea433e5d38b94a5af4700","27-7f1db92755489f09c263c79a1171372d","1221253","هرمزگان","Hormozgān","حاجی آباد","Hāji Ābād","مرکزی","Markazi","","","درآگاه","Dar Āgāh","بویه","Buyeh","Buya","Hassan Mohebbi Bahmani, field notes 2015","44","","","","Ashomi 90%; Tehrāni type Persian 5%; mixed 5%","Hassan Mohebbi Bahmani, field notes 2015",28.827013881447673,55.92264089574383,""
"","a41bc5cb5c3ea433e5d38b94a5af9337","25-7a1b4be02f6cccf063359e1ca3cc28e1","1221254","هرمزگان","Hormozgān","حاجی آباد","Hāji Ābād","مرکزی","Markazi","","","درآگاه","Dar Āgāh","چاه تر","Chāh Tar","Chāh Tar","Hassan Mohebbi Bahmani, field notes 2015","111","","","","Ashomi 90%; Tehrāni type Persian 5%; mixed 5%","Hassan Mohebbi Bahmani, field notes 2015","","",""
"","a41bc5cb5c3ea433e5d38b94a5afde4c","29-9e1473cb274852b3abbdcbf5a74d4cb0","1221255","هرمزگان","Hormozgān","حاجی آباد","Hāji Ābād","مرکزی","Markazi","","","درآگاه","Dar Āgāh","حسن آباد","Hasan Ābād","Hasan Ābād","Hassan Mohebbi Bahmani, field notes 2015","14","","","","Ashomi 90%; Tehrāni type Persian 5%; mixed 5%","Hassan Mohebbi Bahmani, field notes 2015",28.812519132381187,55.916525459189565,""
"","a41bc5cb5c3ea433e5d38b94a5b02c79","26-c0ac67d1290bfbcd8b1590933b7ecdb8","1221256","هرمزگان","Hormozgān","حاجی آباد","Hāji Ābād","مرکزی","Markazi","","","درآگاه","Dar Āgāh","دق پده","Daqq-e Pedeh","Daqq-e Pedeh","Hassan Mohebbi Bahmani, field notes 2015","","(less than 3 households; population not specified in 2011 Census for reasons of privacy)","","","Ashomi 90%; Tehrāni type Persian 5%; mixed 5%","Hassan Mohebbi Bahmani, field notes 2015","","",""
"","a41bc5cb5c3ea433e5d38b94a5b07376","28-444407bc7e10acccfabe24c7f849edc9","1221257","هرمزگان","Hormozgān","حاجی آباد","Hāji Ābād","مرکزی","Markazi","","","درآگاه","Dar Āgāh","دشت آزادگان، دق دزدان","Dasht Āzādegān, Daqq-e Dozdān","Dak-e Dozdān","Hassan Mohebbi Bahmani, field notes 2015","43","","","","Ashomi 90%; Tehrāni type Persian 5%; mixed 5%","Hassan Mohebbi Bahmani, field notes 2015",28.453679713682416,55.885064341483734,""
"","a41bc5cb5c3ea433e5d38b94a5b0ad33","28-6b460bbb4b5c351bb6216f074ed8f092","1221258","هرمزگان","Hormozgān","حاجی آباد","Hāji Ābād","مرکزی","Markazi","","","درآگاه","Dar Āgāh","گشنوییه","Goshnuieh","Goshnuia","Hassan Mohebbi Bahmani, field notes 2015","234","","","","Ashomi 90%; Tehrāni type Persian 5%; mixed 5%","Hassan Mohebbi Bahmani, field notes 2015",28.536542576877096,55.72700712867565,""
"","a41bc5cb5c3ea433e5d38b94a5b0f760","26-09c6499829bd5d0ce5ebb1f929971f72","1221259","هرمزگان","Hormozgān","حاجی آباد","Hāji Ābād","مرکزی","Markazi","","","درآگاه","Dar Āgāh","گلزار","Golzār","Golzār","Hassan Mohebbi Bahmani, field notes 2015","","(less than 3 households; population not specified in 2011 Census for reasons of privacy)","","","Ashomi 90%; Tehrāni type Persian 5%; mixed 5%","Hassan Mohebbi Bahmani, field notes 2015","","",""
"","a41bc5cb5c3ea433e5d38b94a5b14609","26-2f009a4180c8453a15593102fdce0403","1221260","هرمزگان","Hormozgān","حاجی آباد","Hāji Ābād","مرکزی","Markazi","","","درآگاه","Dar Āgāh","مبارک حسینی","Mobārak Hoseyni","Mobārak Hoseyni","Hassan Mohebbi Bahmani, field notes 2015","34","","","","Ashomi 90%; Tehrāni type Persian 5%; mixed 5%","Hassan Mohebbi Bahmani, field notes 2015","","",""
"","a41bc5cb5c3ea433e5d38b94a5b1a8e4","25-f91dc7dadb91d04135e746d0ea4df397","1221261","هرمزگان","Hormozgān","حاجی آباد","Hāji Ābād","مرکزی","Markazi","","","درآگاه","Dar Āgāh","محمدآباد","Mohammad Ābād","Mohammad Ābād","Hassan Mohebbi Bahmani, field notes 2015","184","","","","Ashomi 90%; Tehrāni type Persian 5%; mixed 5%","Hassan Mohebbi Bahmani, field notes 2015","","",""
"","a41bc5cb5c3ea433e5d38b94a5b216eb","28-6c4ee50cd9ad313cb8d085492f75fd6d","1221262","هرمزگان","Hormozgān","حاجی آباد","Hāji Ābād","مرکزی","Markazi","","","درآگاه","Dar Āgāh","نی زار","Ney Zār","Ney Zār","Hassan Mohebbi Bahmani, field notes 2015","","(less than 3 households; population not specified in 2011 Census for reasons of privacy)","","","Ashomi 90%; Tehrāni type Persian 5%; mixed 5%","Hassan Mohebbi Bahmani, field notes 2015",28.38837322503995,55.905679987536786,""
"","a41bc5cb5c3ea433e5d38b94a5b2672e","28-b0972669e127579293752e3d5cd0e8d1","1221263","هرمزگان","Hormozgān","حاجی آباد","Hāji Ābād","مرکزی","Markazi","","","درآگاه","Dar Āgāh","عباس آباد","Abbās Ābād","Abbās Ābād","Hassan Mohebbi Bahmani, field notes 2015","","(less than 3 households; population not specified in 2011 Census for reasons of privacy)","","","Ashomi 90%; Tehrāni type Persian 5%; mixed 5%","Hassan Mohebbi Bahmani, field notes 2015",28.526106217811893,55.92538576854484,""
"","a41bc5cb5c3ea433e5d38b94a5b2d9a4","25-f7d10c6a9082a75e2b1ced9239500fcb","1221264","هرمزگان","Hormozgān","حاجی آباد","Hāji Ābād","مرکزی","Markazi","","","درآگاه","Dar Āgāh","چاه انجیرگلورباط","Chāh Anjir Galu Robāt","Chāh Anjir Galu Robāt","Hassan Mohebbi Bahmani, field notes 2015","13","","","","Ashomi 90%; Tehrāni type Persian 5%; mixed 5%","Hassan Mohebbi Bahmani, field notes 2015","","",""
"","a41bc5cb5c3ea433e5d38b94a5b33e55","26-c258f3fa2de6d3dc468b36fb4e8f28ef","1221265","هرمزگان","Hormozgān","حاجی آباد","Hāji Ābād","مرکزی","Markazi","","","درآگاه","Dar Āgāh","سرتنگ دره شیر","Sar Tang Darreh Shir","Sar Tang Darra Shir","Hassan Mohebbi Bahmani, field notes 2015","","(less than 3 households; population not specified in 2011 Census for reasons of privacy)","","","Ashomi 90%; Tehrāni type Persian 5%; mixed 5%","Hassan Mohebbi Bahmani, field notes 2015","","",""
"","a41bc5cb5c3ea433e5d38b94a5b3987d","26-98f29bb58d56341a9a9cd16b83f7029e","1221266","هرمزگان","Hormozgān","حاجی آباد","Hāji Ābād","مرکزی","Markazi","","","درآگاه","Dar Āgāh","آب زالوئیه","Āb Zāluieh","Āb Zāluia","Hassan Mohebbi Bahmani, field notes 2015","","(less than 3 households; population not specified in 2011 Census for reasons of privacy)","","","Ashomi 90%; Tehrāni type Persian 5%; mixed 5%","Hassan Mohebbi Bahmani, field notes 2015","","",""
"","a41bc5cb5c3ea433e5d38b94a5b3ddfa","27-6a63b2bf43b4f35ed1d225e70259f336","1221267","هرمزگان","Hormozgān","حاجی آباد","Hāji Ābād","مرکزی","Markazi","","","درآگاه","Dar Āgāh","باغات","Bāghāt","Bāghāt","Hassan Mohebbi Bahmani, field notes 2015","1313","","","","Ashomi 90%; Tehrāni type Persian 5%; mixed 5%","Hassan Mohebbi Bahmani, field notes 2015",28.696364634151355,55.812121399927534,""
"","a41bc5cb5c3ea433e5d38b94a5b42fbc","27-76d4a6e91579aa9a589765903d78defa","1221268","هرمزگان","Hormozgān","حاجی آباد","Hāji Ābād","مرکزی","Markazi","","","درآگاه","Dar Āgāh","باکان","Bākān","Bākān","Hassan Mohebbi Bahmani, field notes 2015","29","","","","Ashomi 90%; Tehrāni type Persian 5%; mixed 5%","Hassan Mohebbi Bahmani, field notes 2015",28.551710148873518,55.71693830360637,""
"","a41bc5cb5c3ea433e5d38b94a5b48eaf","26-0ab90bcce96b842cdbea70efd38f1e5e","1221269","هرمزگان","Hormozgān","حاجی آباد","Hāji Ābād","مرکزی","Markazi","","","درآگاه","Dar Āgāh","بیدوییه","Biduieh","Biduia","Hassan Mohebbi Bahmani, field notes 2015","","(less than 3 households; population not specified in 2011 Census for reasons of privacy)","","","Ashomi 90%; Tehrāni type Persian 5%; mixed 5%","Hassan Mohebbi Bahmani, field notes 2015","","",""
"","a41bc5cb5c3ea433e5d38b94a5b4e2f0","25-3ec271aab03bf3007a8d72b37008713d","1221270","هرمزگان","Hormozgān","حاجی آباد","Hāji Ābād","مرکزی","Markazi","","","درآگاه","Dar Āgāh","تنگ صالحی","Tang-e Sālehi","Tang Sālehi","Hassan Mohebbi Bahmani, field notes 2015","14","","","","Ashomi 90%; Tehrāni type Persian 5%; mixed 5%","Hassan Mohebbi Bahmani, field notes 2015","","",""
"","a41bc5cb5c3ea433e5d38b94a5b524b0","26-36bae2104ad880909240d382dc35e1e5","1221271","هرمزگان","Hormozgān","حاجی آباد","Hāji Ābād","مرکزی","Markazi","","","درآگاه","Dar Āgāh","تنگ قوچان","Tang-e Quchān","Tang-e Quchān","Hassan Mohebbi Bahmani, field notes 2015","","(less than 3 households; population not specified in 2011 Census for reasons of privacy)","","","Ashomi 90%; Tehrāni type Persian 5%; mixed 5%","Hassan Mohebbi Bahmani, field notes 2015","","",""
"","a41bc5cb5c3ea433e5d38b94a5b57616","25-25876fde2d20b252409428dbb995f3d0","1221272","هرمزگان","Hormozgān","حاجی آباد","Hāji Ābād","مرکزی","Markazi","","","درآگاه","Dar Āgāh","چاه سوری","Chāh Suri","Chāh Suri","Hassan Mohebbi Bahmani, field notes 2015","19","","","","Ashomi 90%; Tehrāni type Persian 5%; mixed 5%","Hassan Mohebbi Bahmani, field notes 2015","","",""
"","a41bc5cb5c3ea433e5d38b94a5b5d878","25-00557f57fe1b4b0dc413e992b3033cc0","1221273","هرمزگان","Hormozgān","حاجی آباد","Hāji Ābād","مرکزی","Markazi","","","درآگاه","Dar Āgāh","چاه کنار","Chāh Konār","Chāh Konār","Hassan Mohebbi Bahmani, field notes 2015","47","","","","Ashomi 90%; Tehrāni type Persian 5%; mixed 5%","Hassan Mohebbi Bahmani, field notes 2015","","",""
"","a41bc5cb5c3ea433e5d38b94a5b604a1","26-9e5de554e3ea950c17b931eda52cd104","1221274","هرمزگان","Hormozgān","حاجی آباد","Hāji Ābād","مرکزی","Markazi","","","درآگاه","Dar Āgāh","حسین آباد","Hoseyn Ābād","Hoseyn Ābād","Hassan Mohebbi Bahmani, field notes 2015","42","","","","Ashomi 90%; Tehrāni type Persian 5%; mixed 5%","Hassan Mohebbi Bahmani, field notes 2015","","",""
"","a41bc5cb5c3ea433e5d38b94a5b654b6","25-62052112c152d7cc2d05531dfabc76f7","1221275","هرمزگان","Hormozgān","حاجی آباد","Hāji Ābād","مرکزی","Markazi","","","درآگاه","Dar Āgāh","خدادادی","Khodādādi","Khodādādi","Hassan Mohebbi Bahmani, field notes 2015","15","","","","Ashomi 90%; Tehrāni type Persian 5%; mixed 5%","Hassan Mohebbi Bahmani, field notes 2015","","",""
"","a41bc5cb5c3ea433e5d38b94a5b69b01","26-ecec590d196ffe8e7ea1df1bd6913ded","1221276","هرمزگان","Hormozgān","حاجی آباد","Hāji Ābād","مرکزی","Markazi","","","درآگاه","Dar Āgāh","سه شاح","?Seh Shāh","?Seh Shāh","Hassan Mohebbi Bahmani, field notes 2015","","(less than 3 households; population not specified in 2011 Census for reasons of privacy)","","","Ashomi 90%; Tehrāni type Persian 5%; mixed 5%","Hassan Mohebbi Bahmani, field notes 2015","","",""
"","a41bc5cb5c3ea433e5d38b94a5b6f465","25-b8150012303392ae1d27a1807fe7e321","1221277","هرمزگان","Hormozgān","حاجی آباد","Hāji Ābād","مرکزی","Markazi","","","درآگاه","Dar Āgāh","سیف آباد","Seyf Ābād","Seyf Ābād","Hassan Mohebbi Bahmani, field notes 2015","51","","","","Ashomi 90%; Tehrāni type Persian 5%; mixed 5%","Hassan Mohebbi Bahmani, field notes 2015","","",""
"","a41bc5cb5c3ea433e5d38b94a5b72b30","25-bf48cd7ccbe5007ae8384db5ff7b0883","1221278","هرمزگان","Hormozgān","حاجی آباد","Hāji Ābād","مرکزی","Markazi","","","درآگاه","Dar Āgāh","صالح آباد","Sāleh Ābād","Sāleh Ābād","Hassan Mohebbi Bahmani, field notes 2015","18","","","","Ashomi 90%; Tehrāni type Persian 5%; mixed 5%","Hassan Mohebbi Bahmani, field notes 2015","","",""
"","a41bc5cb5c3ea433e5d38b94a5b789f6","27-9c6d089406fb130c414fb23492ca0583","1221279","هرمزگان","Hormozgān","حاجی آباد","Hāji Ābād","مرکزی","Markazi","","","درآگاه","Dar Āgāh","قلاتوییه تنگ صالحی","Qalātuieh Tang Sālehi","Qalātuia Tang Sālehi","Hassan Mohebbi Bahmani, field notes 2015","21","","","","Ashomi 90%; Tehrāni type Persian 5%; mixed 5%","Hassan Mohebbi Bahmani, field notes 2015",28.41131099927517,55.712305720012736,""
"","a41bc5cb5c3ea433e5d38b94a5b7d652","27-bb7080791c681c8c73a1cb7cbc621c7a","1221280","هرمزگان","Hormozgān","حاجی آباد","Hāji Ābād","مرکزی","Markazi","","","درآگاه","Dar Āgāh","کهه","Kaheh","Kaha","Hassan Mohebbi Bahmani, field notes 2015","195","","","","Ashomi 90%; Tehrāni type Persian 5%; mixed 5%","Hassan Mohebbi Bahmani, field notes 2015",28.584481929090515,55.7206933962269,""
"","a41bc5cb5c3ea433e5d38b94a5b83178","25-a1098b3ab25324fc5e552433f48ca6a8","1221281","هرمزگان","Hormozgān","حاجی آباد","Hāji Ābād","مرکزی","Markazi","","","درآگاه","Dar Āgāh","گرمشک","Garmoshk","Garmoshk","Hassan Mohebbi Bahmani, field notes 2015","33","","","","Ashomi 90%; Tehrāni type Persian 5%; mixed 5%","Hassan Mohebbi Bahmani, field notes 2015","","",""
"","a41bc5cb5c3ea433e5d38b94a5b86b05","26-239c0a646e584203b33f7615d79184fc","1221282","هرمزگان","Hormozgān","حاجی آباد","Hāji Ābād","مرکزی","Markazi","","","درآگاه","Dar Āgāh","گشنوئیه پائین","Goshnuieh Pāin","Goshnuia Pāin","Hassan Mohebbi Bahmani, field notes 2015","","(less than 3 households; population not specified in 2011 Census for reasons of privacy)","","","Ashomi 90%; Tehrāni type Persian 5%; mixed 5%","Hassan Mohebbi Bahmani, field notes 2015","","",""
"","a41bc5cb5c3ea433e5d38b94a5b8ba5e","26-04da455997c0f05d292934c5d426b8d6","1221283","هرمزگان","Hormozgān","حاجی آباد","Hāji Ābād","مرکزی","Markazi","","","درآگاه","Dar Āgāh","مورتوییه","Murtuieh","Murtuia","Hassan Mohebbi Bahmani, field notes 2015","","(less than 3 households; population not specified in 2011 Census for reasons of privacy)","","","Ashomi 90%; Tehrāni type Persian 5%; mixed 5%","Hassan Mohebbi Bahmani, field notes 2015","","",""
"","a41bc5cb5c3ea433e5d38b94a5b92156","25-41e87a9beec2d3e07e757d7ded97c24a","1221284","هرمزگان","Hormozgān","حاجی آباد","Hāji Ābād","مرکزی","Markazi","","","درآگاه","Dar Āgāh","مهرخوشان","Mehr-e Khoshān","Mehr-e Khoshān","Hassan Mohebbi Bahmani, field notes 2015","25","","","","Ashomi 90%; Tehrāni type Persian 5%; mixed 5%","Hassan Mohebbi Bahmani, field notes 2015","","",""
"","a41bc5cb5c3ea433e5d38b94a5b97608","25-25f383b049e855834ad48f2d99e6df08","1221285","هرمزگان","Hormozgān","حاجی آباد","Hāji Ābād","مرکزی","Markazi","","","درآگاه","Dar Āgāh","بهوا","Bahvā","Bahvā","Hassan Mohebbi Bahmani, field notes 2015","19","","","","Ashomi 90%; Tehrāni type Persian 5%; mixed 5%","Hassan Mohebbi Bahmani, field notes 2015","","",""
"","a41bc5cb5c3ea433e5d38b94a5b9d1f4","26-40706bfee0f2831aca0e4d889e801507","1221286","هرمزگان","Hormozgān","حاجی آباد","Hāji Ābād","مرکزی","Markazi","","","درآگاه","Dar Āgāh","عزت آباد","Ezzat Ābād","Ezzat Ābād","Hassan Mohebbi Bahmani, field notes 2015","","(less than 3 households; population not specified in 2011 Census for reasons of privacy)","","","Ashomi 90%; Tehrāni type Persian 5%; mixed 5%","Hassan Mohebbi Bahmani, field notes 2015","","",""
"","a41bc5cb5c3ea433e5d38b94a5ba3962","25-72818279e4d917ac712cedc9ad526a97","1221287","هرمزگان","Hormozgān","حاجی آباد","Hāji Ābād","مرکزی","Markazi","","","درآگاه","Dar Āgāh","ابباد","Āb Bād","How Bād","Hassan Mohebbi Bahmani, field notes 2015","18","","","","Ashomi 90%; Tehrāni type Persian 5%; mixed 5%","Hassan Mohebbi Bahmani, field notes 2015","","",""
"","a41bc5cb5c3ea433e5d38b94a5ba84d0","27-37ebe8ce0912b5473886f106cfcd191e","1221288","هرمزگان","Hormozgān","حاجی آباد","Hāji Ābād","مرکزی","Markazi","","","درآگاه","Dar Āgāh","خوش آباد","Khosh Ābād","Khosh Ābād","Hassan Mohebbi Bahmani, field notes 2015","94","","","","Ashomi 90%; Tehrāni type Persian 5%; mixed 5%","Hassan Mohebbi Bahmani, field notes 2015",28.458297305524866,55.51831398005945,""
"","a41bc5cb5c3ea433e5d38b94a5badc8e","25-c58cf87a7faf258396b857892d239375","1221289","هرمزگان","Hormozgān","حاجی آباد","Hāji Ābād","مرکزی","Markazi","","","درآگاه","Dar Āgāh","دشتوییه","Dashtuieh","Dashtuia","Hassan Mohebbi Bahmani, field notes 2015","95","","","","Ashomi 90%; Tehrāni type Persian 5%; mixed 5%","Hassan Mohebbi Bahmani, field notes 2015","","",""
"","a41bc5cb5c3ea433e5d38b94a5bb2acf","27-292ff29cae76783b12e3d1300d6fb68a","1221290","هرمزگان","Hormozgān","حاجی آباد","Hāji Ābād","مرکزی","Markazi","","","درآگاه","Dar Āgāh","دهستان بالا","Dehestān Bālā","Deheston Bālā","Hassan Mohebbi Bahmani, field notes 2015","539","","","","Ashomi 90%; Tehrāni type Persian 5%; mixed 5%","Hassan Mohebbi Bahmani, field notes 2015",28.473367100247753,55.568687246953154,""
"","a41bc5cb5c3ea433e5d38b94a5bb79e8","27-90397a9a0d8bf7376b5879b1c5afe942","1221291","هرمزگان","Hormozgān","حاجی آباد","Hāji Ābād","مرکزی","Markazi","","","درآگاه","Dar Āgāh","دهستان پایین","Dehestān Pāin","Deheston Pāin","Hassan Mohebbi Bahmani, field notes 2015","779","","","","Ashomi 90%; Tehrāni type Persian 5%; mixed 5%","Hassan Mohebbi Bahmani, field notes 2015",28.475988903323962,55.58246307245211,""
"","a41bc5cb5c3ea433e5d38b94a5bbd5f0","28-26779bed1c744f2d779becb2152e26d6","1221292","هرمزگان","Hormozgān","حاجی آباد","Hāji Ābād","مرکزی","Markazi","","","درآگاه","Dar Āgāh","دهنو","Deh Now","Deh Now","Hassan Mohebbi Bahmani, field notes 2015","233","","","","Ashomi 90%; Tehrāni type Persian 5%; mixed 5%","Hassan Mohebbi Bahmani, field notes 2015","","",""
"","a41bc5cb5c3ea433e5d38b94a5bc1f45","25-14ac091f7fe852f7410301dd95725e98","1221293","هرمزگان","Hormozgān","حاجی آباد","Hāji Ābād","مرکزی","Markazi","","","درآگاه","Dar Āgāh","فخرآباد","Fakhr Ābād","Fakhr Ābād","Hassan Mohebbi Bahmani, field notes 2015","23","","","","Ashomi 90%; Tehrāni type Persian 5%; mixed 5%","Hassan Mohebbi Bahmani, field notes 2015","","",""
"","a41bc5cb5c3ea433e5d38b94a5bc7e6e","25-add30799c5587b6bf5bd9863b313d3be","1221294","هرمزگان","Hormozgān","حاجی آباد","Hāji Ābād","مرکزی","Markazi","","","درآگاه","Dar Āgāh","نسوئیه","Nasuieh","Nasuia","Hassan Mohebbi Bahmani, field notes 2015","84","","","","Ashomi 90%; Tehrāni type Persian 5%; mixed 5%","Hassan Mohebbi Bahmani, field notes 2015","","",""
"","a41bc5cb5c3ea433e5d38b94a5bcd502","27-c119ac3c18b711a2cbdfc2d29d293092","1221295","هرمزگان","Hormozgān","حاجی آباد","Hāji Ābād","مرکزی","Markazi","","","درآگاه","Dar Āgāh","چاه سرخ","Chāh Sorkh","Chāh Sorkh","Hassan Mohebbi Bahmani, field notes 2015","116","","","","Ashomi 90%; Tehrāni type Persian 5%; mixed 5%","Hassan Mohebbi Bahmani, field notes 2015",28.392143535442884,55.52520554799723,""
"","a41bc5cb5c3ea433e5d38b94a5bd2396","27-9e1a034b8a7b36b378b59b691f567a43","1221296","هرمزگان","Hormozgān","حاجی آباد","Hāji Ābād","مرکزی","Markazi","","","درآگاه","Dar Āgāh","باینوج","Bāynuj","Bāynuj","Hassan Mohebbi Bahmani, field notes 2015","498","","","","Ashomi 90%; Tehrāni type Persian 5%; mixed 5%","Hassan Mohebbi Bahmani, field notes 2015",28.453842995566806,55.67243509163426,""
"","a41bc5cb5c3ea433e5d38b94a5bd6848","26-c8027163dea2d59a964d4852b798bf19","1221297","هرمزگان","Hormozgān","حاجی آباد","Hāji Ābād","مرکزی","Markazi","","","درآگاه","Dar Āgāh","تل محمدخانی","Tal-e Mohammad Khāni","Tal-e Mohammad Khāni","Hassan Mohebbi Bahmani, field notes 2015","","(less than 3 households; population not specified in 2011 Census for reasons of privacy)","","","Ashomi 90%; Tehrāni type Persian 5%; mixed 5%","Hassan Mohebbi Bahmani, field notes 2015","","",""
"","a41bc5cb5c3ea433e5d38b94a5bdaede","25-53a22256801c539912c05afce6c23a39","1221298","هرمزگان","Hormozgān","حاجی آباد","Hāji Ābād","مرکزی","Markazi","","","درآگاه","Dar Āgāh","چاه تل شماره سه","Chāh Tal Shomāreh Seh","Chāh Tal Shomāreh Seh","Hassan Mohebbi Bahmani, field notes 2015","188","","","","Ashomi 90%; Tehrāni type Persian 5%; mixed 5%","Hassan Mohebbi Bahmani, field notes 2015","","",""
"","a41bc5cb5c3ea433e5d38b94a5be04a7","26-2617b097dd3d239ed9ff8e6dc3763f23","1221299","هرمزگان","Hormozgān","حاجی آباد","Hāji Ābād","مرکزی","Markazi","","","درآگاه","Dar Āgāh","سرگزخضرصفاکلینو","Sar Gaz Khezr Safā Koleynu","Sar Gaz Khezr Safā Koleynu","Hassan Mohebbi Bahmani, field notes 2015","","(less than 3 households; population not specified in 2011 Census for reasons of privacy)","","","Ashomi 90%; Tehrāni type Persian 5%; mixed 5%","Hassan Mohebbi Bahmani, field notes 2015","","",""
"","a41bc5cb5c3ea433e5d38b94a5be6dbc","26-6d61d31109a8374f09098f71f65745da","1221300","هرمزگان","Hormozgān","حاجی آباد","Hāji Ābād","مرکزی","Markazi","","","درآگاه","Dar Āgāh","تلمبه عباس پور","Tolombeh Abbās Pur","Tolombeh Abbās Pur","Hassan Mohebbi Bahmani, field notes 2015","","(less than 3 households; population not specified in 2011 Census for reasons of privacy)","","","Ashomi 90%; Tehrāni type Persian 5%; mixed 5%","Hassan Mohebbi Bahmani, field notes 2015","","",""
"","a41bc5cb5c3ea433e5d38b94a5bec085","27-7011f50b0e03fccf76209f7b9b5bc977","1221301","هرمزگان","Hormozgān","حاجی آباد","Hāji Ābād","مرکزی","Markazi","","","درآگاه","Dar Āgāh","پشته زیارت","Poshteh Ziārat","Poshta Ziārat","Hassan Mohebbi Bahmani, field notes 2015","6","","","","Ashomi 90%; Tehrāni type Persian 5%; mixed 5%","Hassan Mohebbi Bahmani, field notes 2015",28.40893294994338,55.698690827055536,""
"","a41bc5cb5c3ea433e5d38b94a5bf1b85","26-d03a3d28faa76eceda24ac1e165c710c","1221302","هرمزگان","Hormozgān","حاجی آباد","Hāji Ābād","مرکزی","Markazi","","","درآگاه","Dar Āgāh","تیراندازی","Tir Andāzi","Tir Andāzi","Hassan Mohebbi Bahmani, field notes 2015","","(less than 3 households; population not specified in 2011 Census for reasons of privacy)","","","Ashomi 90%; Tehrāni type Persian 5%; mixed 5%","Hassan Mohebbi Bahmani, field notes 2015","","",""
"","a41bc5cb5c3ea433e5d38b94a5bf7170","27-ab1d144bc71f80d6062cbd02ddd97800","1221303","هرمزگان","Hormozgān","حاجی آباد","Hāji Ābād","مرکزی","Markazi","","","درآگاه","Dar Āgāh","دراگاه","Dar Āgāh","Dar Āgāh","Hassan Mohebbi Bahmani, field notes 2015","142","","","","Ashomi 90%; Tehrāni type Persian 5%; mixed 5%","Hassan Mohebbi Bahmani, field notes 2015",28.355172330195096,55.71046881546132,""
"","a41bc5cb5c3ea433e5d38b94a5bfc571","28-b615ee91032a5b397408f1b8e3ebbd5b","1221304","هرمزگان","Hormozgān","حاجی آباد","Hāji Ābād","مرکزی","Markazi","","","درآگاه","Dar Āgāh","گله اشتری","Gal Eshtori","Gal Eshtori","Hassan Mohebbi Bahmani, field notes 2015","","(less than 3 households; population not specified in 2011 Census for reasons of privacy)","","","Ashomi 90%; Tehrāni type Persian 5%; mixed 5%","Hassan Mohebbi Bahmani, field notes 2015",28.412740634186505,55.69778960482586,""
"","a41bc5cb5c3ea433e5d38b94a5c00ea9","27-9ac1f52caa34b439164d5e73b3521939","1221305","هرمزگان","Hormozgān","حاجی آباد","Hāji Ābād","مرکزی","Markazi","","","درآگاه","Dar Āgāh","گیس","Gis","Gis","Hassan Mohebbi Bahmani, field notes 2015","744","","","","Ashomi 90%; Tehrāni type Persian 5%; mixed 5%","Hassan Mohebbi Bahmani, field notes 2015",28.376354555855873,55.474368667564406,""
"","a41bc5cb5c3ea433e5d38b94a5c05d71","25-89eb831aa9c983a15b0f91d37c2996cc","1221306","هرمزگان","Hormozgān","حاجی آباد","Hāji Ābād","مرکزی","Markazi","","","درآگاه","Dar Āgāh","نی تلخ","Ney Talkh","Ney Talkh","Hassan Mohebbi Bahmani, field notes 2015","28","","","","Ashomi 90%; Tehrāni type Persian 5%; mixed 5%","Hassan Mohebbi Bahmani, field notes 2015","","",""
"","a41bc5cb5c3ea433e5d38b94a5c0b733","23-feea59d224f4960e67b233c6e4983dc8","1221307","هرمزگان","Hormozgān","حاجی آباد","Hāji Ābād","مرکزی","Markazi","","","طارم","Tārom","","","","","10372","","","","","","","",""
"","a41bc5cb5c3ea433e5d38b94a5c10d0c","27-ab8d605512805962800152f41a0729e2","1221308","هرمزگان","Hormozgān","حاجی آباد","Hāji Ābād","مرکزی","Markazi","","","طارم","Tārom","تذرج","Tezerj","Tezerj","Hassan Mohebbi Bahmani, field notes 2015","373","","","","Ashomi 90%; Tehrāni type Persian 5%; mixed 5%","Hassan Mohebbi Bahmani, field notes 2015",28.281020505387794,55.76312594283253,""
"","a41bc5cb5c3ea433e5d38b94a5c16d3a","27-c4412ad8b63cfb6b8c3068a2d2a46343","1221309","هرمزگان","Hormozgān","حاجی آباد","Hāji Ābād","مرکزی","Markazi","","","طارم","Tārom","نجف آباد، در اشکفت","Najaf Ābād, Dar Eshkaft","Najaf Ābād, Dar Eshkaft","Hassan Mohebbi Bahmani, field notes 2015","30","","","","Ashomi 90%; Tehrāni type Persian 5%; mixed 5%","Hassan Mohebbi Bahmani, field notes 2015",28.238479183570448,55.80024189619933,""
"","a41bc5cb5c3ea433e5d38b94a5c1c6c3","28-5b4c5cdf6617b8189e3f02a07e0187b5","1221310","هرمزگان","Hormozgān","حاجی آباد","Hāji Ābād","مرکزی","Markazi","","","طارم","Tārom","درودی","Darudi","Darudi","Hassan Mohebbi Bahmani, field notes 2015","","(less than 3 households; population not specified in 2011 Census for reasons of privacy)","","","Ashomi 90%; Tehrāni type Persian 5%; mixed 5%","Hassan Mohebbi Bahmani, field notes 2015",28.233634947569136,55.844758519214636,""
"","a41bc5cb5c3ea433e5d38b94a5c22630","29-53e0fa919f056eb4a0fb9752b52e7e0f","1221311","هرمزگان","Hormozgān","حاجی آباد","Hāji Ābād","مرکزی","Markazi","","","طارم","Tārom","کلدان","Koldān","Koldān","Hassan Mohebbi Bahmani, field notes 2015","","(less than 3 households; population not specified in 2011 Census for reasons of privacy)","","","Ashomi 90%; Tehrāni type Persian 5%; mixed 5%","Hassan Mohebbi Bahmani, field notes 2015",28.281075352763548,55.878154703652854,""
"","a41bc5cb5c3ea433e5d38b94a5c275b5","28-0119115fe5f710e7f58a6dbfc536147a","1221312","هرمزگان","Hormozgān","حاجی آباد","Hāji Ābād","مرکزی","Markazi","","","طارم","Tārom","گرگوئیه","Garguieh","Garguia","Hassan Mohebbi Bahmani, field notes 2015","","(less than 3 households; population not specified in 2011 Census for reasons of privacy)","","","Ashomi 90%; Tehrāni type Persian 5%; mixed 5%","Hassan Mohebbi Bahmani, field notes 2015",28.324391151255696,55.93892283108583,""
"","a41bc5cb5c3ea433e5d38b94a5c2c805","27-8d5903a0b53c9a52058202cf207515e6","1221313","هرمزگان","Hormozgān","حاجی آباد","Hāji Ābād","مرکزی","Markazi","","","طارم","Tārom","معدنوئیه","Ma'danuieh","Madanuia","Hassan Mohebbi Bahmani, field notes 2015","522","","","","Ashomi 90%; Tehrāni type Persian 5%; mixed 5%","Hassan Mohebbi Bahmani, field notes 2015",28.25628229398441,55.800569580676154,""
"","a41bc5cb5c3ea433e5d38b94a5c30b45","27-982edfab2baca34e2cd8365d9da4507a","1221314","هرمزگان","Hormozgān","حاجی آباد","Hāji Ābād","مرکزی","Markazi","","","طارم","Tārom","چاهوگلزار","Chāhu Golzār","Chāhu Golzār","Hassan Mohebbi Bahmani, field notes 2015","34","","","","Ashomi 90%; Tehrāni type Persian 5%; mixed 5%","Hassan Mohebbi Bahmani, field notes 2015",28.341370701936437,55.89399046567474,""
"","a41bc5cb5c3ea433e5d38b94a5c3467e","29-bbf1b08b827e44b8782bbdf47d6a2748","1221315","هرمزگان","Hormozgān","حاجی آباد","Hāji Ābād","مرکزی","Markazi","","","طارم","Tārom","علی آباد","Ali Ābād","Ali Ābād","Hassan Mohebbi Bahmani, field notes 2015","217","","","","Ashomi 90%; Tehrāni type Persian 5%; mixed 5%","Hassan Mohebbi Bahmani, field notes 2015",28.17103,55.84924,""
"","a41bc5cb5c3ea433e5d38b94a5c3a440","27-66406c1b3e24a60a4ae900dd0cfcc577","1221316","هرمزگان","Hormozgān","حاجی آباد","Hāji Ābād","مرکزی","Markazi","","","طارم","Tārom","ابگرم لای بیشه","Āb Garm Lāy Bisheh","Āb Garm Lāy Bisheh","Hassan Mohebbi Bahmani, field notes 2015","99","","","","Ashomi 90%; Tehrāni type Persian 5%; mixed 5%","Hassan Mohebbi Bahmani, field notes 2015",28.292206564755094,55.733557270657116,""
"","a41bc5cb5c3ea433e5d38b94a5c3eee5","27-ee5c5584bb1aa78d0f00f33df6b2cdcd","1221317","هرمزگان","Hormozgān","حاجی آباد","Hāji Ābād","مرکزی","Markazi","","","طارم","Tārom","برآفتاب","Bar Āftāb","Bar Āftāb","Hassan Mohebbi Bahmani, field notes 2015","421","","","","Ashomi 90%; Tehrāni type Persian 5%; mixed 5%","Hassan Mohebbi Bahmani, field notes 2015",28.25420319111172,55.730188416134624,""
"","a41bc5cb5c3ea433e5d38b94a5c44cba","27-5b7e101243b0bf65d7206f670face08e","1221318","هرمزگان","Hormozgān","حاجی آباد","Hāji Ābād","مرکزی","Markazi","","","طارم","Tārom","برغنی بالا","Bar Ghani Bālā","Bar Ghani Bālā","Hassan Mohebbi Bahmani, field notes 2015","360","","","","Ashomi 90%; Tehrāni type Persian 5%; mixed 5%","Hassan Mohebbi Bahmani, field notes 2015",28.25882441467122,55.75372748244662,""
"","a41bc5cb5c3ea433e5d38b94a5c4a054","26-9772dd0b21f0ed04acc6fc912cef3405","1221319","هرمزگان","Hormozgān","حاجی آباد","Hāji Ābād","مرکزی","Markazi","","","طارم","Tārom","چاهو گلزار","Chāhu Golzār","Chāhu Golzār","Hassan Mohebbi Bahmani, field notes 2015","","(less than 3 households; population not specified in 2011 Census for reasons of privacy)","","","Ashomi 90%; Tehrāni type Persian 5%; mixed 5%","Hassan Mohebbi Bahmani, field notes 2015","","",""
"","a41bc5cb5c3ea433e5d38b94a5c4edbb","28-55560a1a554dd3513f83121cd244da8e","1221320","هرمزگان","Hormozgān","حاجی آباد","Hāji Ābād","مرکزی","Markazi","","","طارم","Tārom","لاورگردو","Lāvar Gerdu","Lāvar Gerdu","Hassan Mohebbi Bahmani, field notes 2015","","(less than 3 households; population not specified in 2011 Census for reasons of privacy)","","","Ashomi 90%; Tehrāni type Persian 5%; mixed 5%","Hassan Mohebbi Bahmani, field notes 2015",28.236006948606384,55.64610384573821,""
"","a41bc5cb5c3ea433e5d38b94a5c560c9","29-617a6f4920909bf79b1ed729e21b1c51","1221321","هرمزگان","Hormozgān","حاجی آباد","Hāji Ābād","مرکزی","Markazi","","","طارم","Tārom","تل قلعه پایین","Tal-e Qal'eh Pāin","Tal-e Qal'eh Pāin","Hassan Mohebbi Bahmani, field notes 2015","342","","","","Ashomi 90%; Tehrāni type Persian 5%; mixed 5%","Hassan Mohebbi Bahmani, field notes 2015",28.010799029159827,55.81491671669536,""
"","a41bc5cb5c3ea433e5d38b94a5c5a1b7","27-e7b35f2d1cae274eef0c737866b9994d","1221322","هرمزگان","Hormozgān","حاجی آباد","Hāji Ābād","مرکزی","Markazi","","","طارم","Tārom","سعادت آباد","So'ādat Ābād","So'ādat Ābād","Hassan Mohebbi Bahmani, field notes 2015","28","","","","Ashomi 90%; Tehrāni type Persian 5%; mixed 5%","Hassan Mohebbi Bahmani, field notes 2015",28.031474290513177,55.8645549773263,""
"","a41bc5cb5c3ea433e5d38b94a5c5fdb8","28-8f72c9359df5fa74636e986a649a5f63","1221323","هرمزگان","Hormozgān","حاجی آباد","Hāji Ābād","مرکزی","Markazi","","","طارم","Tārom","سراح شهدادی","Sarāh Shahdādi","Sarāh Shahdādi","Hassan Mohebbi Bahmani, field notes 2015","429","","","","Ashomi 90%; Tehrāni type Persian 5%; mixed 5%","Hassan Mohebbi Bahmani, field notes 2015",27.991929052221575,55.832168685076766,""
"","a41bc5cb5c3ea433e5d38b94a5c65c0d","27-71e1385f9b3583bdd7572f7df168ae38","1221324","هرمزگان","Hormozgān","حاجی آباد","Hāji Ābād","مرکزی","Markazi","","","طارم","Tārom","گله گاه","Galeh Gāh","Gala Gāh","Hassan Mohebbi Bahmani, field notes 2015","108","","","","Ashomi 90%; Tehrāni type Persian 5%; mixed 5%","Hassan Mohebbi Bahmani, field notes 2015",28.007831978135943,55.61550252309269,""
"","a41bc5cb5c3ea433e5d38b94a5c69502","27-970d737639996e23b5f74e96db0e1013","1221325","هرمزگان","Hormozgān","حاجی آباد","Hāji Ābād","مرکزی","Markazi","","","طارم","Tārom","لردگرم بالا","Lard Garm Bālā","Lard Garm Bālā","Hassan Mohebbi Bahmani, field notes 2015","55","","","","Ashomi 90%; Tehrāni type Persian 5%; mixed 5%","Hassan Mohebbi Bahmani, field notes 2015",28.34561239430537,56.04298226699101,""
"","a41bc5cb5c3ea433e5d38b94a5c6e7df","27-5198f8c4b6dcb1bf25d26fa3e06a12cb","1221326","هرمزگان","Hormozgān","حاجی آباد","Hāji Ābād","مرکزی","Markazi","","","طارم","Tārom","هاشم آباد","Hāshem Ābād","Hāshem Ābād","Hassan Mohebbi Bahmani, field notes 2015","588","","","","Ashomi 90%; Tehrāni type Persian 5%; mixed 5%","Hassan Mohebbi Bahmani, field notes 2015",28.17967379556771,55.76364629138234,""
"","a41bc5cb5c3ea433e5d38b94a5c73b2a","27-7bdf0fae9ecd81f94e7fc4cfee75d8d6","1221327","هرمزگان","Hormozgān","حاجی آباد","Hāji Ābād","مرکزی","Markazi","","","طارم","Tārom","سرچاهان","Sar Chāhān","Sar Chāhon","Hassan Mohebbi Bahmani, field notes 2015","2319","","","","Ashomi 90%; Tehrāni type Persian 5%; mixed 5%","Hassan Mohebbi Bahmani, field notes 2015",28.060741188473322,55.877030858080005,""
"","a41bc5cb5c3ea433e5d38b94a5c7953f","29-5117bbc87d1ab22e413b99828ec12a04","1221328","هرمزگان","Hormozgān","حاجی آباد","Hāji Ābād","مرکزی","Markazi","","","طارم","Tārom","سیدجوزر","Seyyed Jowzar","Seyd Jowzar","Hassan Mohebbi Bahmani, field notes 2015","220","","","","Ashomi 90%; Tehrāni type Persian 5%; mixed 5%","Hassan Mohebbi Bahmani, field notes 2015",28.148313882542922,55.6864362226904,""
"","a41bc5cb5c3ea433e5d38b94a5c7f020","27-6b6e6c8716347a66067a60cd05ef3627","1221329","هرمزگان","Hormozgān","حاجی آباد","Hāji Ābād","مرکزی","Markazi","","","طارم","Tārom","گهکم","Gahkom","Gahkom","Hassan Mohebbi Bahmani, field notes 2015","422","","","","Ashomi 90%; Tehrāni type Persian 5%; mixed 5%","Hassan Mohebbi Bahmani, field notes 2015",28.17902166102146,55.826176175162765,""
"","a41bc5cb5c3ea433e5d38b94a5c83e97","27-8e6f9c2e189a847c4a4a1cc08da1b217","1221330","هرمزگان","Hormozgān","حاجی آباد","Hāji Ābād","مرکزی","Markazi","","","طارم","Tārom","لایگزان","Lāy Gazān","Lāy Gazān","Hassan Mohebbi Bahmani, field notes 2015","22","","","","Ashomi 90%; Tehrāni type Persian 5%; mixed 5%","Hassan Mohebbi Bahmani, field notes 2015",28.16991356294798,55.80699078905759,""
"","a41bc5cb5c3ea433e5d38b94a5c89561","27-ab69da1a76ae4ba7333990023ef06c7d","1221331","هرمزگان","Hormozgān","حاجی آباد","Hāji Ābād","مرکزی","Markazi","","","طارم","Tārom","طارم","Tārom","Tārom","Hassan Mohebbi Bahmani, field notes 2015","888","","","","Ashomi 90%; Tehrāni type Persian 5%; mixed 5%","Hassan Mohebbi Bahmani, field notes 2015",28.181253540691685,55.744207867678824,""
"","a41bc5cb5c3ea433e5d38b94a5c8ce74","28-9b38890d629b9021c6f54c7c0fd0fb9e","1221332","هرمزگان","Hormozgān","حاجی آباد","Hāji Ābād","مرکزی","Markazi","","","طارم","Tārom","طاشکوییه","Tāshkuieh","Tāshkuieh","Hassan Mohebbi Bahmani, field notes 2015","2239","","","","Ashomi 90%; Tehrāni type Persian 5%; mixed 5%","Hassan Mohebbi Bahmani, field notes 2015",28.140953804152204,55.44561676852955,""
"","a41bc5cb5c3ea433e5d38b94a5c92ac1","27-357cc2da6b03f3725992e4768469addd","1221333","هرمزگان","Hormozgān","حاجی آباد","Hāji Ābād","مرکزی","Markazi","","","طارم","Tārom","گنج","Ganj","Ganj","Hassan Mohebbi Bahmani, field notes 2015","580","","","","Ashomi 90%; Tehrāni type Persian 5%; mixed 5%","Hassan Mohebbi Bahmani, field notes 2015",28.169147871890203,55.72811461359245,""
"","a41bc5cb5c3ea433e5d38b94a5c967fa","27-119a6997eed23acff8e588909c2b1eeb","1221334","هرمزگان","Hormozgān","حاجی آباد","Hāji Ābād","مرکزی","Markazi","","","طارم","Tārom","چاه باغ","Chāh Bāgh","Chāh Bāgh","Hassan Mohebbi Bahmani, field notes 2015","56","","","","Ashomi 90%; Tehrāni type Persian 5%; mixed 5%","Hassan Mohebbi Bahmani, field notes 2015",28.04747577375233,55.43697469108701,""
"","a41bc5cb5c3ea433e5d38b94a5c9b56c","27-58f1fb7b8935b66f8c3df539fcfc3872","1221335","هرمزگان","Hormozgān","حاجی آباد","Hāji Ābād","مرکزی","Markazi","حاجی آباد","Hāji Ābād","","","","","Hāji Ābād","Hassan Mohebbi Bahmani, field notes 2015","23309","","","","Ashomi 70%; Tehrāni type Persian 15%; mixed 15%","Hassan Mohebbi Bahmani, field notes 2015",28.3085,55.90483,""
"","a41bc5cb5c3ea433e5d38b94a5ca06eb","23-8baafb39fe874b6e10fbf6f39a86be0f","1221336","هرمزگان","Hormozgān","حاجی آباد","Hāji Ābād","احمدی","Ahmadi","","","","","","","","","9920","","","","","","","",""
"","a41bc5cb5c3ea433e5d38b94a5ca4ac3","23-2c3aad535536815b387376738b879eb0","1221337","هرمزگان","Hormozgān","حاجی آباد","Hāji Ābād","احمدی","Ahmadi","","","احمدی","Ahmadi","","","","","3392","","","","","","","",""
"","a41bc5cb5c3ea433e5d38b94a5caafba","28-8c4b2b74b94acd189a31aaafa64693c1","1221338","هرمزگان","Hormozgān","حاجی آباد","Hāji Ābād","احمدی","Ahmadi","","","احمدی","Ahmadi","چاه سرخ","Chāh Sorkh","Chāh Sorkh","Hassan Mohebbi Bahmani, field notes 2015","","(less than 3 households; population not specified in 2011 Census for reasons of privacy)","","","Ashomi 90%; Tehrāni type Persian 5%; mixed 5%","Hassan Mohebbi Bahmani, field notes 2015",28.034719147747776,56.482772407829124,""
"","a41bc5cb5c3ea433e5d38b94a5cb082c","28-a199202f2f165ce2a76891532079f7a2","1221339","هرمزگان","Hormozgān","حاجی آباد","Hāji Ābād","احمدی","Ahmadi","","","احمدی","Ahmadi","چاه مرغ","Chāh Morgh","Chāh Morgh","Hassan Mohebbi Bahmani, field notes 2015","28","","","","Ashomi 90%; Tehrāni type Persian 5%; mixed 5%","Hassan Mohebbi Bahmani, field notes 2015",28.029822374074193,56.580308256435025,""
"","a41bc5cb5c3ea433e5d38b94a5cb5471","27-62185ff533192e9111c0f551fd8ee1b3","1221340","هرمزگان","Hormozgān","حاجی آباد","Hāji Ābād","احمدی","Ahmadi","","","احمدی","Ahmadi","چاه میر","Chāh Mir","Chāh Mir","Hassan Mohebbi Bahmani, field notes 2015","20","","","","Ashomi 90%; Tehrāni type Persian 5%; mixed 5%","Hassan Mohebbi Bahmani, field notes 2015",28.000764036661117,56.455295858685716,""
"","a41bc5cb5c3ea433e5d38b94a5cbbf3f","28-70cfb6a1b85abb45caef41e84d3b8e58","1221341","هرمزگان","Hormozgān","حاجی آباد","Hāji Ābād","احمدی","Ahmadi","","","احمدی","Ahmadi","حشم کوه","Hasham Kuh","Hasham Kuh","Hassan Mohebbi Bahmani, field notes 2015","","(less than 3 households; population not specified in 2011 Census for reasons of privacy)","","","Ashomi 90%; Tehrāni type Persian 5%; mixed 5%","Hassan Mohebbi Bahmani, field notes 2015",27.9903148852313,56.488362131416295,""
"","a41bc5cb5c3ea433e5d38b94a5cc1ab9","25-c38282d8e89d7fff81ead75fa6a3a025","1221342","هرمزگان","Hormozgān","حاجی آباد","Hāji Ābād","احمدی","Ahmadi","","","احمدی","Ahmadi","گرو سهرو","Garu Sohru","Garu Sohru","Hassan Mohebbi Bahmani, field notes 2015","15","","","","Ashomi 90%; Tehrāni type Persian 5%; mixed 5%","Hassan Mohebbi Bahmani, field notes 2015","","",""
"","a41bc5cb5c3ea433e5d38b94a5cc7261","27-9b5a96d7c72a687a5e95a43964689388","1221343","هرمزگان","Hormozgān","حاجی آباد","Hāji Ābād","احمدی","Ahmadi","","","احمدی","Ahmadi","چاه گز","Chāh Gaz","Chāh Gaz","Hassan Mohebbi Bahmani, field notes 2015","76","","","","Ashomi 90%; Tehrāni type Persian 5%; mixed 5%","Hassan Mohebbi Bahmani, field notes 2015",28.078745383174585,56.559934196760146,""
"","a41bc5cb5c3ea433e5d38b94a5ccc648","27-b1e28a457ccf5ff29784a4f52c6b69e1","1221344","هرمزگان","Hormozgān","حاجی آباد","Hāji Ābād","احمدی","Ahmadi","","","احمدی","Ahmadi","لایگزان","Lāy Gazān","Lāy Gazān","Hassan Mohebbi Bahmani, field notes 2015","29","","","","Ashomi 90%; Tehrāni type Persian 5%; mixed 5%","Hassan Mohebbi Bahmani, field notes 2015",28.022180208717153,56.47873836547139,""
"","a41bc5cb5c3ea433e5d38b94a5cd1063","25-7f1c78ab6f4669b3cc9388c0c0d51336","1221345","هرمزگان","Hormozgān","حاجی آباد","Hāji Ābād","احمدی","Ahmadi","","","احمدی","Ahmadi","کلان","Kolān","Kolān","Hassan Mohebbi Bahmani, field notes 2015","52","","","","Ashomi 90%; Tehrāni type Persian 5%; mixed 5%","Hassan Mohebbi Bahmani, field notes 2015","","",""
"","a41bc5cb5c3ea433e5d38b94a5cd54fd","27-ef5fc0fd402db0f41cefc2e925b30c55","1221346","هرمزگان","Hormozgān","حاجی آباد","Hāji Ābād","احمدی","Ahmadi","","","احمدی","Ahmadi","بنگوداحمدی","Bon Gowd Ahmadi","Bon Gowd Ahmadi","Hassan Mohebbi Bahmani, field notes 2015","366","","","","Ashomi 90%; Tehrāni type Persian 5%; mixed 5%","Hassan Mohebbi Bahmani, field notes 2015",27.970086849020156,56.66855293301141,""
"","a41bc5cb5c3ea433e5d38b94a5cd9203","27-e31aeb4dbae6d1f8c088f7faac2b6eca","1221347","هرمزگان","Hormozgān","حاجی آباد","Hāji Ābād","احمدی","Ahmadi","","","احمدی","Ahmadi","پاشغ جدید","Pā Shagh Jadid","Pā Shagh Jadid","Hassan Mohebbi Bahmani, field notes 2015","359","","","","Ashomi 90%; Tehrāni type Persian 5%; mixed 5%","Hassan Mohebbi Bahmani, field notes 2015",27.96121729637105,56.645614681520115,""
"","a41bc5cb5c3ea433e5d38b94a5cdda6a","28-cf9836e0fd05b549121301376820bfc5","1221348","هرمزگان","Hormozgān","حاجی آباد","Hāji Ābād","احمدی","Ahmadi","","","احمدی","Ahmadi","بغدادی","Baghdādi","Baghdādi","Hassan Mohebbi Bahmani, field notes 2015","43","","","","Ashomi 90%; Tehrāni type Persian 5%; mixed 5%","Hassan Mohebbi Bahmani, field notes 2015",27.930557599202157,56.67190127229633,""
"","a41bc5cb5c3ea433e5d38b94a5ce47c9","29-af8c092fde0a4ffe3b7b8fcc6b808da7","1221349","هرمزگان","Hormozgān","حاجی آباد","Hāji Ābād","احمدی","Ahmadi","","","احمدی","Ahmadi","بررود","Bar Rud","Bar Rud","Hassan Mohebbi Bahmani, field notes 2015","130","","","","Ashomi 90%; Tehrāni type Persian 5%; mixed 5%","Hassan Mohebbi Bahmani, field notes 2015",27.92542928567775,56.64598040438059,""
"","a41bc5cb5c3ea433e5d38b94a5cea0c0","28-9350082fbfd3a9341389ac45385cf528","1221350","هرمزگان","Hormozgān","حاجی آباد","Hāji Ābād","احمدی","Ahmadi","","","احمدی","Ahmadi","پشتل","Poshtal","Poshtal","Hassan Mohebbi Bahmani, field notes 2015","","(less than 3 households; population not specified in 2011 Census for reasons of privacy)","","","Ashomi 90%; Tehrāni type Persian 5%; mixed 5%","Hassan Mohebbi Bahmani, field notes 2015",27.92830155040091,56.632483528619716,""
"","a41bc5cb5c3ea433e5d38b94a5cf03a5","27-5140235a0a16a9299d5f75123365b5e0","1221351","هرمزگان","Hormozgān","حاجی آباد","Hāji Ābād","احمدی","Ahmadi","","","احمدی","Ahmadi","سربلم","Sar Balm","Sar Balm","Hassan Mohebbi Bahmani, field notes 2015","93","","","","Ashomi 90%; Tehrāni type Persian 5%; mixed 5%","Hassan Mohebbi Bahmani, field notes 2015",27.92885134814548,56.67537741517969,""
"","a41bc5cb5c3ea433e5d38b94a5cf4ab2","28-283f1fdf262f4bbd95c44f4d69006267","1221352","هرمزگان","Hormozgān","حاجی آباد","Hāji Ābād","احمدی","Ahmadi","","","احمدی","Ahmadi","میرحسینی","Mir Hoseyni","Mir Hoseyni","Hassan Mohebbi Bahmani, field notes 2015","228","","","","Ashomi 90%; Tehrāni type Persian 5%; mixed 5%","Hassan Mohebbi Bahmani, field notes 2015",27.950224104293632,56.66642862347123,""
"","a41bc5cb5c3ea433e5d38b94a5cfa2cf","27-6f4acb2c9138adec41927e2ad27fd34c","1221353","هرمزگان","Hormozgān","حاجی آباد","Hāji Ābād","احمدی","Ahmadi","","","احمدی","Ahmadi","توشهر","Tu Shahr","Tu Shahr","Hassan Mohebbi Bahmani, field notes 2015","251","","","","Ashomi 90%; Tehrāni type Persian 5%; mixed 5%","Hassan Mohebbi Bahmani, field notes 2015",27.934823108988034,56.665936039448354,""
"","a41bc5cb5c3ea433e5d38b94a5cff475","27-4075208f86d5a05569bd264acb8ba84b","1221354","هرمزگان","Hormozgān","حاجی آباد","Hāji Ābād","احمدی","Ahmadi","","","احمدی","Ahmadi","جلالی","Jalāli","Jalāli","Hassan Mohebbi Bahmani, field notes 2015","180","","","","Ashomi 90%; Tehrāni type Persian 5%; mixed 5%","Hassan Mohebbi Bahmani, field notes 2015",27.912223469576528,56.726832912913125,""
"","a41bc5cb5c3ea433e5d38b94a5d02520","28-6c09e73471d692a921e80711a33ade12","1221355","هرمزگان","Hormozgān","حاجی آباد","Hāji Ābād","احمدی","Ahmadi","","","احمدی","Ahmadi","ده مغان","Deh Moghān","Dey Moghān","Hassan Mohebbi Bahmani, field notes 2015","176","","","","Ashomi 90%; Tehrāni type Persian 5%; mixed 5%","Hassan Mohebbi Bahmani, field notes 2015",27.934326943417823,56.77785967355424,""
"","a41bc5cb5c3ea433e5d38b94a5d06bae","28-196bf485c4a3f910b1c092cf64e50f85","1221356","هرمزگان","Hormozgān","حاجی آباد","Hāji Ābād","احمدی","Ahmadi","","","احمدی","Ahmadi","زمین سیاه","Zamin Siāh","Zamin Siāh","Hassan Mohebbi Bahmani, field notes 2015","40","","","","Ashomi 90%; Tehrāni type Persian 5%; mixed 5%","Hassan Mohebbi Bahmani, field notes 2015",27.906658152391593,56.74372010086918,""
"","a41bc5cb5c3ea433e5d38b94a5d0d1e4","27-64939e46849c428ab4e7917d6859a9a7","1221357","هرمزگان","Hormozgān","حاجی آباد","Hāji Ābād","احمدی","Ahmadi","","","احمدی","Ahmadi","سراح","Serāh","Serāh","Hassan Mohebbi Bahmani, field notes 2015","230","","","","Ashomi 90%; Tehrāni type Persian 5%; mixed 5%","Hassan Mohebbi Bahmani, field notes 2015",27.918665509624088,56.738935456336556,""
"","a41bc5cb5c3ea433e5d38b94a5d11ec5","27-ab3dff3e325daef951c1fb360ee9da20","1221358","هرمزگان","Hormozgān","حاجی آباد","Hāji Ābād","احمدی","Ahmadi","","","احمدی","Ahmadi","شقرود","Shaqarud","Shaqarud","Hassan Mohebbi Bahmani, field notes 2015","70","","","","Ashomi 90%; Tehrāni type Persian 5%; mixed 5%","Hassan Mohebbi Bahmani, field notes 2015",27.885244228134745,56.80177424912883,""
"","a41bc5cb5c3ea433e5d38b94a5d15f0d","27-5233f55d8429e7117f4de387b4fce227","1221359","هرمزگان","Hormozgān","حاجی آباد","Hāji Ābād","احمدی","Ahmadi","","","احمدی","Ahmadi","کاشان","Kāshān","Kāshān","Hassan Mohebbi Bahmani, field notes 2015","100","","","","Ashomi 90%; Tehrāni type Persian 5%; mixed 5%","Hassan Mohebbi Bahmani, field notes 2015",27.85862198174791,56.7414674616466,""
"","a41bc5cb5c3ea433e5d38b94a5d1b8d5","29-482d3685bf388845abb2aee03eb5c2b7","1221360","هرمزگان","Hormozgān","حاجی آباد","Hāji Ābād","احمدی","Ahmadi","","","احمدی","Ahmadi","کلوچان","Koluchān","Koluchān","Hassan Mohebbi Bahmani, field notes 2015","144","","","","Ashomi 90%; Tehrāni type Persian 5%; mixed 5%","Hassan Mohebbi Bahmani, field notes 2015",27.859096250694613,56.775853381211284,""
"","a41bc5cb5c3ea433e5d38b94a5d21cb8","27-63e39dccbdfa26efabcb880871d8c2f7","1221361","هرمزگان","Hormozgān","حاجی آباد","Hāji Ābād","احمدی","Ahmadi","","","احمدی","Ahmadi","محبی","Mohebbi","Mohebbi","Hassan Mohebbi Bahmani, field notes 2015","23","","","","Ashomi 90%; Tehrāni type Persian 5%; mixed 5%","Hassan Mohebbi Bahmani, field notes 2015",27.915257252723457,56.72070674752429,""
"","a41bc5cb5c3ea433e5d38b94a5d262a1","28-ac808d33469bb333f50dd30bafefcacd","1221362","هرمزگان","Hormozgān","حاجی آباد","Hāji Ābād","احمدی","Ahmadi","","","احمدی","Ahmadi","کوتک","Kutek","Kutek","Hassan Mohebbi Bahmani, field notes 2015","","(less than 3 households; population not specified in 2011 Census for reasons of privacy)","","","Ashomi 90%; Tehrāni type Persian 5%; mixed 5%","Hassan Mohebbi Bahmani, field notes 2015",27.91963385574165,56.82435844903025,""
"","a41bc5cb5c3ea433e5d38b94a5d2974b","27-8c73405ca35988623a3be517a6f20489","1221363","هرمزگان","Hormozgān","حاجی آباد","Hāji Ābād","احمدی","Ahmadi","","","احمدی","Ahmadi","گردکان احمدی","Gerdakān Ahmadi","Gerdakān Ahmadi","Hassan Mohebbi Bahmani, field notes 2015","138","","","","Ashomi 90%; Tehrāni type Persian 5%; mixed 5%","Hassan Mohebbi Bahmani, field notes 2015",27.828425751018404,56.757035002766756,""
"","a41bc5cb5c3ea433e5d38b94a5d2cf65","27-edfde8740842a9a697357bfc60c756fe","1221364","هرمزگان","Hormozgān","حاجی آباد","Hāji Ābād","احمدی","Ahmadi","","","احمدی","Ahmadi","حشم بلم","Hasham Balm","Hasham Balm","Hassan Mohebbi Bahmani, field notes 2015","300","","","","Ashomi 90%; Tehrāni type Persian 5%; mixed 5%","Hassan Mohebbi Bahmani, field notes 2015",27.953199958158656,56.68713527706329,""
"","a41bc5cb5c3ea433e5d38b94a5d316c6","27-d76af96fc779edd57bd850f1a9f6d995","1221365","هرمزگان","Hormozgān","حاجی آباد","Hāji Ābād","احمدی","Ahmadi","","","احمدی","Ahmadi","خرائی پائین","Kharāi Pāin","Kharāi Pāin","Hassan Mohebbi Bahmani, field notes 2015","43","","","","Ashomi 90%; Tehrāni type Persian 5%; mixed 5%","Hassan Mohebbi Bahmani, field notes 2015",27.908113598411557,56.700354561871485,""
"","a41bc5cb5c3ea433e5d38b94a5d35506","28-d8efbd2d2bd8ba898852621d991a653b","1221366","هرمزگان","Hormozgān","حاجی آباد","Hāji Ābād","احمدی","Ahmadi","","","احمدی","Ahmadi","خرائی بالا","Kharāi Bālā","Kharāi Bālā","Hassan Mohebbi Bahmani, field notes 2015","142","","","","Ashomi 90%; Tehrāni type Persian 5%; mixed 5%","Hassan Mohebbi Bahmani, field notes 2015",27.89760806776321,56.69743631846339,""
"","a41bc5cb5c3ea433e5d38b94a5d38e2b","27-e6d49d03673e0a4d465b36e7f0b1e8d0","1221367","هرمزگان","Hormozgān","حاجی آباد","Hāji Ābād","احمدی","Ahmadi","","","احمدی","Ahmadi","قلعه نو","Qal'eh Now","Qal'eh Now","Hassan Mohebbi Bahmani, field notes 2015","12","","","","Ashomi 90%; Tehrāni type Persian 5%; mixed 5%","Hassan Mohebbi Bahmani, field notes 2015",27.932026016712303,56.68597656277003,""
"","a41bc5cb5c3ea433e5d38b94a5d3e22d","27-95c50b09ada531d4fd0f6d4fdf028cf6","1221368","هرمزگان","Hormozgān","حاجی آباد","Hāji Ābād","احمدی","Ahmadi","","","احمدی","Ahmadi","کهنوج بزرگ","Kahnuj Bozorg","Kahnuj Bozorg","Hassan Mohebbi Bahmani, field notes 2015","72","","","","Ashomi 90%; Tehrāni type Persian 5%; mixed 5%","Hassan Mohebbi Bahmani, field notes 2015",27.926035142320792,56.694817123681574,""
"","a41bc5cb5c3ea433e5d38b94a5d43330","28-aa5f034c6067d66a78955d724b479840","1221369","هرمزگان","Hormozgān","حاجی آباد","Hāji Ābād","احمدی","Ahmadi","","","احمدی","Ahmadi","محمودآباد","Mahmud Ābād","Mahmud Ābād","Hassan Mohebbi Bahmani, field notes 2015","","(less than 3 households; population not specified in 2011 Census for reasons of privacy)","","","Ashomi 90%; Tehrāni type Persian 5%; mixed 5%","Hassan Mohebbi Bahmani, field notes 2015",27.937508874470215,56.7142187060874,""
"","a41bc5cb5c3ea433e5d38b94a5d47a3e","23-f091c1043a7ec0b7ace121e87ddf7993","1221370","هرمزگان","Hormozgān","حاجی آباد","Hāji Ābād","احمدی","Ahmadi","","","کوه شاه","Kuh-e Shāh","","","","","5358","","","","","","","",""
"","a41bc5cb5c3ea433e5d38b94a5d4d349","27-3b3377b4d6ea8e1a88a7f127a9728179","1221371","هرمزگان","Hormozgān","حاجی آباد","Hāji Ābād","احمدی","Ahmadi","","","کوه شاه","Kuh-e Shāh","پور","Pur","Pur","Hassan Mohebbi Bahmani, field notes 2015","266","","","","Ashomi 90%; Tehrāni type Persian 5%; mixed 5%","Hassan Mohebbi Bahmani, field notes 2015",27.972739617986512,56.772040344895046,""
"","a41bc5cb5c3ea433e5d38b94a5d508b8","27-1801f6ab2902dee733356439caaf8942","1221372","هرمزگان","Hormozgān","حاجی آباد","Hāji Ābād","احمدی","Ahmadi","","","کوه شاه","Kuh-e Shāh","درگز","Dar Gaz","Dar Gaz","Hassan Mohebbi Bahmani, field notes 2015","28","","","","Ashomi 90%; Tehrāni type Persian 5%; mixed 5%","Hassan Mohebbi Bahmani, field notes 2015",28.03908470431782,56.731206575014255,""
"","a41bc5cb5c3ea433e5d38b94a5d53d86","27-dc950ab3a4bea729c52a88332f18e36e","1221373","هرمزگان","Hormozgān","حاجی آباد","Hāji Ābād","احمدی","Ahmadi","","","کوه شاه","Kuh-e Shāh","شیخ عالی","Sheykh Āli","Sheykh Āli","Hassan Mohebbi Bahmani, field notes 2015","90","","","","Ashomi 90%; Tehrāni type Persian 5%; mixed 5%","Hassan Mohebbi Bahmani, field notes 2015",28.148256027744758,56.77339754265731,""
"","a41bc5cb5c3ea433e5d38b94a5d58e08","27-4d90f3af5a13c956030170c62f660ca3","1221374","هرمزگان","Hormozgān","حاجی آباد","Hāji Ābād","احمدی","Ahmadi","","","کوه شاه","Kuh-e Shāh","کلیتو ئیه","Kelituieh","Kelitu","Hassan Mohebbi Bahmani, field notes 2015","131","","","","Ashomi 90%; Tehrāni type Persian 5%; mixed 5%","Hassan Mohebbi Bahmani, field notes 2015",28.036111220814107,56.75108986880608,""
"","a41bc5cb5c3ea433e5d38b94a5d5e49b","25-76c523c97ce25ee766962b7d5e38fb5c","1221375","هرمزگان","Hormozgān","حاجی آباد","Hāji Ābād","احمدی","Ahmadi","","","کوه شاه","Kuh-e Shāh","گدارعربو","Godār Arabu","Godār Arabu","Hassan Mohebbi Bahmani, field notes 2015","104","","","","Ashomi 90%; Tehrāni type Persian 5%; mixed 5%","Hassan Mohebbi Bahmani, field notes 2015","","",""
"","a41bc5cb5c3ea433e5d38b94a5d62e6a","27-3e998f2e68c78e108bc1d0b1d9b90875","1221376","هرمزگان","Hormozgān","حاجی آباد","Hāji Ābād","احمدی","Ahmadi","","","کوه شاه","Kuh-e Shāh","کهنوج","Kahnuj","Kahnuj","Hassan Mohebbi Bahmani, field notes 2015","30","","","","Ashomi 90%; Tehrāni type Persian 5%; mixed 5%","Hassan Mohebbi Bahmani, field notes 2015",28.03131954242565,56.76961562794587,""
"","a41bc5cb5c3ea433e5d38b94a5d6805b","27-c91c7e35bd6d8f8a9be3da6bbf0ba0a0","1221377","هرمزگان","Hormozgān","حاجی آباد","Hāji Ābād","احمدی","Ahmadi","","","کوه شاه","Kuh-e Shāh","رزمیلو","Raz-e Milu","Raz-e Milu","Hassan Mohebbi Bahmani, field notes 2015","34","","","","Ashomi 90%; Tehrāni type Persian 5%; mixed 5%","Hassan Mohebbi Bahmani, field notes 2015",28.158665409462376,56.807053901370416,""
"","a41bc5cb5c3ea433e5d38b94a5d6ef88","27-a5629e590a6e1e04eafb7dcef27058d6","1221378","هرمزگان","Hormozgān","حاجی آباد","Hāji Ābād","احمدی","Ahmadi","","","کوه شاه","Kuh-e Shāh","تیاب","Tiāb","Tiāb","Hassan Mohebbi Bahmani, field notes 2015","276","","","","Ashomi 90%; Tehrāni type Persian 5%; mixed 5%","Hassan Mohebbi Bahmani, field notes 2015",28.03124646353258,56.82513971691767,""
"","a41bc5cb5c3ea433e5d38b94a5d72562","27-536cfa19423b589013453db5ac3cd8d3","1221379","هرمزگان","Hormozgān","حاجی آباد","Hāji Ābād","احمدی","Ahmadi","","","کوه شاه","Kuh-e Shāh","مازگرد","Māz Gerd","Māz Gerd","Hassan Mohebbi Bahmani, field notes 2015","760","","","","Ashomi 90%; Tehrāni type Persian 5%; mixed 5%","Hassan Mohebbi Bahmani, field notes 2015",27.989542150725786,56.95874354997884,""
"","a41bc5cb5c3ea433e5d38b94a5d77386","27-747c811977792a3f78d2b5b96025a56a","1221380","هرمزگان","Hormozgān","حاجی آباد","Hāji Ābād","احمدی","Ahmadi","","","کوه شاه","Kuh-e Shāh","جاعر","Jā'er","Jā'er","Hassan Mohebbi Bahmani, field notes 2015","25","","","","Ashomi 90%; Tehrāni type Persian 5%; mixed 5%","Hassan Mohebbi Bahmani, field notes 2015",28.002772438765632,56.844663836173076,""
"","a41bc5cb5c3ea433e5d38b94a5d7c21a","27-bc805cf506dd8e9ab7c47e82ea7e2697","1221381","هرمزگان","Hormozgān","حاجی آباد","Hāji Ābād","احمدی","Ahmadi","","","کوه شاه","Kuh-e Shāh","آب بیدکوشا","Āb Bid-e Kushā","Āb Bid-e Kushā","Hassan Mohebbi Bahmani, field notes 2015","212","","","","Ashomi 90%; Tehrāni type Persian 5%; mixed 5%","Hassan Mohebbi Bahmani, field notes 2015",28.199156520035444,56.97726152101527,""
"","a41bc5cb5c3ea433e5d38b94a5d80d43","27-ea304a58b2a926bec7b625f728d67f02","1221382","هرمزگان","Hormozgān","حاجی آباد","Hāji Ābād","احمدی","Ahmadi","","","کوه شاه","Kuh-e Shāh","احمدآباد","Ahmad Ābād","Ahmad Ābād","Hassan Mohebbi Bahmani, field notes 2015","204","","","","Ashomi 90%; Tehrāni type Persian 5%; mixed 5%","Hassan Mohebbi Bahmani, field notes 2015",28.117401966259877,56.96160814920695,""
"","a41bc5cb5c3ea433e5d38b94a5d85948","28-23256c5f5c397608862f2a9ce07bacf9","1221383","هرمزگان","Hormozgān","حاجی آباد","Hāji Ābād","احمدی","Ahmadi","","","کوه شاه","Kuh-e Shāh","جغان","Jaghān","Jaghān","Hassan Mohebbi Bahmani, field notes 2015","310","","","","Ashomi 90%; Tehrāni type Persian 5%; mixed 5%","Hassan Mohebbi Bahmani, field notes 2015",28.102705449528177,56.99693820634585,""
"","a41bc5cb5c3ea433e5d38b94a5d89845","27-2543bfec14412114e4afd9c63d520f7b","1221384","هرمزگان","Hormozgān","حاجی آباد","Hāji Ābād","احمدی","Ahmadi","","","کوه شاه","Kuh-e Shāh","شریک آباد","Sharik Ābād","Sharik Ābād","Hassan Mohebbi Bahmani, field notes 2015","58","","","","Ashomi 90%; Tehrāni type Persian 5%; mixed 5%","Hassan Mohebbi Bahmani, field notes 2015",28.207736982658457,56.96491799512948,""
"","a41bc5cb5c3ea433e5d38b94a5d8dfe8","27-ce5a58c269c983a4336c9845d3499e7a","1221385","هرمزگان","Hormozgān","حاجی آباد","Hāji Ābād","احمدی","Ahmadi","","","کوه شاه","Kuh-e Shāh","بیدوئیه کجین","Biduieh Kojin","Biduia Kojin","Hassan Mohebbi Bahmani, field notes 2015","84","","","","Ashomi 90%; Tehrāni type Persian 5%; mixed 5%","Hassan Mohebbi Bahmani, field notes 2015",28.166832957578613,57.012623764662344,""
"","a41bc5cb5c3ea433e5d38b94a5d9345d","28-24215956e514e5f3b8accca2b96ec6ae","1221386","هرمزگان","Hormozgān","حاجی آباد","Hāji Ābād","احمدی","Ahmadi","","","کوه شاه","Kuh-e Shāh","چک چک","Chak Chak","Chak Chak","Hassan Mohebbi Bahmani, field notes 2015","95","","","","Ashomi 90%; Tehrāni type Persian 5%; mixed 5%","Hassan Mohebbi Bahmani, field notes 2015",28.135133523185733,57.03359863915702,""
"","a41bc5cb5c3ea433e5d38b94a5d96bf2","27-bc7a8f79f547a159f80747962b5a349f","1221387","هرمزگان","Hormozgān","حاجی آباد","Hāji Ābād","احمدی","Ahmadi","","","کوه شاه","Kuh-e Shāh","گدارشاه","Godār Shāh","Godār Shāh","Hassan Mohebbi Bahmani, field notes 2015","104","","","","Ashomi 90%; Tehrāni type Persian 5%; mixed 5%","Hassan Mohebbi Bahmani, field notes 2015",28.08473189228884,56.955449797309946,""
"","a41bc5cb5c3ea433e5d38b94a5d9bc0b","27-12c1b4c0e8f70341b86a683d8df24dba","1221388","هرمزگان","Hormozgān","حاجی آباد","Hāji Ābād","احمدی","Ahmadi","","","کوه شاه","Kuh-e Shāh","بن گهر","Bon Gohar","Bon Gohar","Hassan Mohebbi Bahmani, field notes 2015","140","","","","Ashomi 90%; Tehrāni type Persian 5%; mixed 5%","Hassan Mohebbi Bahmani, field notes 2015",28.12830239557099,56.94946310678926,""
"","a41bc5cb5c3ea433e5d38b94a5da0b7f","27-4515db9852052b80a47635b0f66d6cb0","1221389","هرمزگان","Hormozgān","حاجی آباد","Hāji Ābād","احمدی","Ahmadi","","","کوه شاه","Kuh-e Shāh","باغ چنار","Bagh Chenār","Bagh Chenār","Hassan Mohebbi Bahmani, field notes 2015","173","","","","Ashomi 90%; Tehrāni type Persian 5%; mixed 5%","Hassan Mohebbi Bahmani, field notes 2015",28.195639040367304,56.80924794834602,""
"","a41bc5cb5c3ea433e5d38b94a5da6128","27-edba0fed65acfb353c02edc8e85fa03a","1221390","هرمزگان","Hormozgān","حاجی آباد","Hāji Ābād","احمدی","Ahmadi","","","کوه شاه","Kuh-e Shāh","رزدر","Raz Dar","Raz Dar","Hassan Mohebbi Bahmani, field notes 2015","227","","","","Ashomi 90%; Tehrāni type Persian 5%; mixed 5%","Hassan Mohebbi Bahmani, field notes 2015",28.229064600818866,56.89226231734328,""
"","a41bc5cb5c3ea433e5d38b94a5dace5e","27-70a8cf2e6f4a7d32fec6a4a6378be0a6","1221391","هرمزگان","Hormozgān","حاجی آباد","Hāji Ābād","احمدی","Ahmadi","","","کوه شاه","Kuh-e Shāh","چاه بنه","Chāh Boneh","Chāh Bona","Hassan Mohebbi Bahmani, field notes 2015","183","","","","Ashomi 90%; Tehrāni type Persian 5%; mixed 5%","Hassan Mohebbi Bahmani, field notes 2015",28.24800630495091,56.95585212865984,""
"","a41bc5cb5c3ea433e5d38b94a5db108c","27-e65750fb7a589dfbdb26009cff31ce61","1221392","هرمزگان","Hormozgān","حاجی آباد","Hāji Ābād","احمدی","Ahmadi","","","کوه شاه","Kuh-e Shāh","چالغان","Chāleghān","Chāleghān","Hassan Mohebbi Bahmani, field notes 2015","191","","","","Ashomi 90%; Tehrāni type Persian 5%; mixed 5%","Hassan Mohebbi Bahmani, field notes 2015",28.233828699229818,56.91906294981689,""
"","a41bc5cb5c3ea433e5d38b94a5db65be","27-391f43c1d5c758d5b7229209a24ae587","1221393","هرمزگان","Hormozgān","حاجی آباد","Hāji Ābād","احمدی","Ahmadi","","","کوه شاه","Kuh-e Shāh","مرزان در","Marzān Dar","Marzān Dar","Hassan Mohebbi Bahmani, field notes 2015","146","","","","Ashomi 90%; Tehrāni type Persian 5%; mixed 5%","Hassan Mohebbi Bahmani, field notes 2015",28.2088337193914,56.959575034772215,""
"","a41bc5cb5c3ea433e5d38b94a5dbc8a5","27-269b02b7eca6c527aef1ed00e5aae3fc","1221394","هرمزگان","Hormozgān","حاجی آباد","Hāji Ābād","احمدی","Ahmadi","","","کوه شاه","Kuh-e Shāh","کهن گدار","Kahan Godār","Kahan Godār","Hassan Mohebbi Bahmani, field notes 2015","19","","","","Ashomi 90%; Tehrāni type Persian 5%; mixed 5%","Hassan Mohebbi Bahmani, field notes 2015",28.216264759557728,56.96427426496606,""
"","a41bc5cb5c3ea433e5d38b94a5dbf028","25-eec0cc25c3dd14f14ee1f0414476bd6e","1221395","هرمزگان","Hormozgān","حاجی آباد","Hāji Ābād","احمدی","Ahmadi","","","کوه شاه","Kuh-e Shāh","شهرک سرچشمه دشت آب نوغ","Shahrak Sar Cheshmeh Dasht Āb","Shahrak Sar Cheshma Dasht Āb","Hassan Mohebbi Bahmani, field notes 2015","102","","","","Ashomi 90%; Tehrāni type Persian 5%; mixed 5%","Hassan Mohebbi Bahmani, field notes 2015","","",""
"","a41bc5cb5c3ea433e5d38b94a5dc41c8","27-0bc6f3b981f4169c2565460cb08b0f54","1221396","هرمزگان","Hormozgān","حاجی آباد","Hāji Ābād","احمدی","Ahmadi","","","کوه شاه","Kuh-e Shāh","چاله الیاس","Chāleh Elyās","Chāla Elyās","Hassan Mohebbi Bahmani, field notes 2015","223","","","","Ashomi 90%; Tehrāni type Persian 5%; mixed 5%","Hassan Mohebbi Bahmani, field notes 2015",28.191446105189716,56.75298056763789,""
"","a41bc5cb5c3ea433e5d38b94a5dca2e1","27-ccd6bedb2602d360dd3cf9fc5e635ec4","1221397","هرمزگان","Hormozgān","حاجی آباد","Hāji Ābād","احمدی","Ahmadi","","","کوه شاه","Kuh-e Shāh","گل پرک","Gol Parak","Gol Parak","Hassan Mohebbi Bahmani, field notes 2015","114","","","","Ashomi 90%; Tehrāni type Persian 5%; mixed 5%","Hassan Mohebbi Bahmani, field notes 2015",28.16652160411257,56.71724281472912,""
"","a41bc5cb5c3ea433e5d38b94a5dce29f","27-a05abecd4677cc5f42686b4d3a455bdb","1221398","هرمزگان","Hormozgān","حاجی آباد","Hāji Ābād","احمدی","Ahmadi","","","کوه شاه","Kuh-e Shāh","گیشاب","Gish Āb","Gish Āb","Hassan Mohebbi Bahmani, field notes 2015","288","","","","Ashomi 90%; Tehrāni type Persian 5%; mixed 5%","Hassan Mohebbi Bahmani, field notes 2015",28.28230831069087,56.84138617675603,""
"","a41bc5cb5c3ea433e5d38b94a5dd42fd","27-a5c38d70f7121f0143281e6694e9b551","1221399","هرمزگان","Hormozgān","حاجی آباد","Hāji Ābād","احمدی","Ahmadi","","","کوه شاه","Kuh-e Shāh","بندان","Bandān","Bandān","Hassan Mohebbi Bahmani, field notes 2015","188","","","","Ashomi 90%; Tehrāni type Persian 5%; mixed 5%","Hassan Mohebbi Bahmani, field notes 2015",28.153704811704035,56.72891578836061,""
"","a41bc5cb5c3ea433e5d38b94a5dda206","27-f386428760732d9d92d5c2ce705ff566","1221400","هرمزگان","Hormozgān","حاجی آباد","Hāji Ābād","احمدی","Ahmadi","","","کوه شاه","Kuh-e Shāh","چاه قلمی","Chāh Qalami","Chāh Qalami","Hassan Mohebbi Bahmani, field notes 2015","60","","","","Ashomi 90%; Tehrāni type Persian 5%; mixed 5%","Hassan Mohebbi Bahmani, field notes 2015",28.255963841805716,56.81585154693744,""
"","a41bc5cb5c3ea433e5d38b94a5ddf7f6","27-32563af6158c02661865c5262d242746","1221401","هرمزگان","Hormozgān","حاجی آباد","Hāji Ābād","احمدی","Ahmadi","","","کوه شاه","Kuh-e Shāh","چاسبزکوشا","Chāh Sabz Kushā","Chāh Sabz Kushā","Hassan Mohebbi Bahmani, field notes 2015","77","","","","Ashomi 90%; Tehrāni type Persian 5%; mixed 5%","Hassan Mohebbi Bahmani, field notes 2015",28.17457506137593,56.72552547616541,""
"","a41bc5cb5c3ea433e5d38b94a5de3527","28-1fd12e2f7de4f9ef3d18466141ca7b4d","1221402","هرمزگان","Hormozgān","حاجی آباد","Hāji Ābād","احمدی","Ahmadi","","","کوه شاه","Kuh-e Shāh","چاله مورت","Chāleh Murt","Chāleh Murt","Hassan Mohebbi Bahmani, field notes 2015","126","","","","Ashomi 90%; Tehrāni type Persian 5%; mixed 5%","Hassan Mohebbi Bahmani, field notes 2015",28.26082123862876,56.76126322907507,""
"","a41bc5cb5c3ea433e5d38b94a5dea1b6","28-0ec01d8a99425ad78a11a458f937c5be","1221403","هرمزگان","Hormozgān","حاجی آباد","Hāji Ābād","احمدی","Ahmadi","","","کوه شاه","Kuh-e Shāh","حسن آباد","Hasan Ābād","Hasan Ābād","Hassan Mohebbi Bahmani, field notes 2015","217","","","","Ashomi 90%; Tehrāni type Persian 5%; mixed 5%","Hassan Mohebbi Bahmani, field notes 2015",28.28477422770416,56.83825335662799,""
"","a41bc5cb5c3ea433e5d38b94a5def2fb","27-5ecd41962524b1eba8ac4f5fd7552ac8","1221404","هرمزگان","Hormozgān","حاجی آباد","Hāji Ābād","احمدی","Ahmadi","","","کوه شاه","Kuh-e Shāh","دین آباد","Deyn Ābād","Deyn Ābād","Hassan Mohebbi Bahmani, field notes 2015","73","","","","Ashomi 90%; Tehrāni type Persian 5%; mixed 5%","Hassan Mohebbi Bahmani, field notes 2015",28.13113217660716,56.75998649758459,""
"","a41bc5cb5c3ea433e5d38b94a5df3c4b","27-2775af574d0cd0e1468d212da9b1c4c3","1221405","هرمزگان","Hormozgān","حاجی آباد","Hāji Ābād","احمدی","Ahmadi","سرگز","Sar Gaz","","","","","Sar Gaz","Hassan Mohebbi Bahmani, field notes 2015","1170","","","","Ashomi 90%; Tehrāni type Persian 5%; mixed 5%","Hassan Mohebbi Bahmani, field notes 2015",27.94122655942876,56.66232287329538,""
"","a41bc5cb5c3ea433e5d38b94a5df8504","23-4fb6e5d0eede743b7439fc77e97738c6","1221406","هرمزگان","Hormozgān","حاجی آباد","Hāji Ābād","","","","","","","","","","","2943","","","","","","","",""
"","a41bc5cb5c3ea433e5d38b94a5dfc242","23-2ebf4ef7ff9b49fe599353592df95bb2","1221407","هرمزگان","Hormozgān","حاجی آباد","Hāji Ābād","","","","","","","","","","","2943","","","","","","","",""
"","a41bc5cb5c3ea433e5d38b94a5dff74b","23-f2e5318dadf69ef44459d9938568bad6","1221408","هرمزگان","Hormozgān","حاجی آباد","Hāji Ābād","","","","","","","","","","","2943","","","","","","","",""
"","a41bc5cb5c3ea433e5d38b94a5e04505","22-d42c7279c2424c4a654df8a0b0259dc8","1221409","هرمزگان","Hormozgān","بستک","Bastak","","","","","","","","","","","80119","","","","","","","",""
"","a41bc5cb5c3ea433e5d38b94a5e094a9","22-0a0d0ffaf0ac7fc34e771a741d2ab165","1221410","هرمزگان","Hormozgān","بستک","Bastak","جناح","Jenāh","","","","","","","","","27410","","","","","","","",""
"","a41bc5cb5c3ea433e5d38b94a5e0e22b","22-4c3e2ce47c8e0cdbe0ab4c6ab8d1eae8","1221411","هرمزگان","Hormozgān","بستک","Bastak","جناح","Jenāh","","","جناح","Jenāh","","","","","7647","","","","","","","",""
"","a41bc5cb5c3ea433e5d38b94a5e125a3","24-c3275c953be315757a21081f122a68b0","1221412","هرمزگان","Hormozgān","بستک","Bastak","جناح","Jenāh","","","جناح","Jenāh","میستان","Mistān","Miston","Hassan Mohebbi Bahmani, field notes 2015","154","","","","Bastaki 100%","Ali Rashidi, pers. comm. 2015","","",""
"","a41bc5cb5c3ea433e5d38b94a5e17f50","27-d5f28bfcb4d0ac7fac89d86ad5a52eaf","1221413","هرمزگان","Hormozgān","بستک","Bastak","جناح","Jenāh","","","جناح","Jenāh","مزرعه حیدرپدیدار","Mazra'eh Heydar Padidār","Mazra'a Heydar Padidār","Hassan Mohebbi Bahmani, field notes 2015","","(less than 3 households; population not specified in 2011 Census for reasons of privacy)","","","Bastaki 100%","Ali Rashidi, pers. comm. 2015",27.184193767807542,54.09292244909866,""
"","a41bc5cb5c3ea433e5d38b94a5e1cc2b","24-ad947afc340e2df0c2e0293d08d488ae","1221414","هرمزگان","Hormozgān","بستک","Bastak","جناح","Jenāh","","","جناح","Jenāh","گرن","Geren","Geren","Hassan Mohebbi Bahmani, field notes 2015","203","","","","Bastaki 100%","Ali Rashidi, pers. comm. 2015","","",""
"","a41bc5cb5c3ea433e5d38b94a5e21694","26-d86329ab7ff3815872d92ce90432631c","1221415","هرمزگان","Hormozgān","بستک","Bastak","جناح","Jenāh","","","جناح","Jenāh","لاورمیستان","Lāvar Mistān","Lāvar Miston","Hassan Mohebbi Bahmani, field notes 2015","645","","","","Bastaki 100%","Ali Rashidi, pers. comm. 2015",27.248820633923096,53.90432024003279,""
"","a41bc5cb5c3ea433e5d38b94a5e25ce6","26-9fd493af00f99eb60f9de71ba8483511","1221416","هرمزگان","Hormozgān","بستک","Bastak","جناح","Jenāh","","","جناح","Jenāh","گره کوه","Gerah Kuh","Gera Kuh","Hassan Mohebbi Bahmani, field notes 2015","43","","","","Bastaki 100%","Ali Rashidi, pers. comm. 2015",27.20581782014307,53.99357342720062,""
"","a41bc5cb5c3ea433e5d38b94a5e2aa36","26-c2c6c4d8bf5fb37bec3a2a3e42a36ac0","1221417","هرمزگان","Hormozgān","بستک","Bastak","جناح","Jenāh","","","جناح","Jenāh","پادرو","Pā Derow","Pā Derow","Hassan Mohebbi Bahmani, field notes 2015","192","","","","Bastaki 100%","Ali Rashidi, pers. comm. 2015",27.019755401138575,54.15385908774533,""
"","a41bc5cb5c3ea433e5d38b94a5e2de9a","26-58b1fc1e7f468bd2896459c5fec43cc9","1221418","هرمزگان","Hormozgān","بستک","Bastak","جناح","Jenāh","","","جناح","Jenāh","اشکفت سیاه","Eshkaft-e Siāh","Eshkat-e Siāh","Hassan Mohebbi Bahmani, field notes 2015","25","","","","Bastaki 100%","Ali Rashidi, pers. comm. 2015",27.177102532499514,54.12905716894184,""
"","a41bc5cb5c3ea433e5d38b94a5e31e88","26-efc22e2303287c89f1387ddf0ac4a9be","1221419","هرمزگان","Hormozgān","بستک","Bastak","جناح","Jenāh","","","جناح","Jenāh","کوهیچ","Kuhich","Kuhich","Hassan Mohebbi Bahmani, field notes 2015","3900","","","","Bastaki 100%","Ali Rashidi, pers. comm. 2015",27.19211480321536,54.164151191687196,""
"","a41bc5cb5c3ea433e5d38b94a5e36335","26-7d394c5bd5dcfbe7f8c9f0c6c54e6dd7","1221420","هرمزگان","Hormozgān","بستک","Bastak","جناح","Jenāh","","","جناح","Jenāh","پای تاوه","Pāy Tāveh","Pāy Tāva","Hassan Mohebbi Bahmani, field notes 2015","286","","","","Bastaki 100%","Ali Rashidi, pers. comm. 2015",27.03912496747782,54.155674943247895,""
"","a41bc5cb5c3ea433e5d38b94a5e3b4ee","27-b2378034b56fd071197a99815f2171a2","1221421","هرمزگان","Hormozgān","بستک","Bastak","جناح","Jenāh","","","جناح","Jenāh","چاله فرامرزان","Chāleh Farāmarzān","Chāla Farāmarzon","Hassan Mohebbi Bahmani, field notes 2015","307","","","","Bastaki 100%","Ali Rashidi, pers. comm. 2015",26.999364410994602,54.15116883210396,""
"","a41bc5cb5c3ea433e5d38b94a5e3fc94","26-1fd87986f811757b5e9849dde23047a0","1221422","هرمزگان","Hormozgān","بستک","Bastak","جناح","Jenāh","","","جناح","Jenāh","نهند","Nehend","Nehend","Hassan Mohebbi Bahmani, field notes 2015","269","","","","Bastaki 100%","Ali Rashidi, pers. comm. 2015",27.203565907946455,54.19204616543862,""
"","a41bc5cb5c3ea433e5d38b94a5e45339","26-41710b1ccf8e6a03a820c2c04d963c4a","1221423","هرمزگان","Hormozgān","بستک","Bastak","جناح","Jenāh","","","جناح","Jenāh","کهتویه","Kahtuieh","Kahtu","Hassan Mohebbi Bahmani, field notes 2015","1618","","","","Bastaki 100%","Ali Rashidi, pers. comm. 2015",26.992863751590182,54.20820332458912,""
"","a41bc5cb5c3ea433e5d38b94a5e4a8a4","22-57f0384fda7e3f6900d146cfa5149be7","1221424","هرمزگان","Hormozgān","بستک","Bastak","جناح","Jenāh","","","فرامرزان","Farāmarzān","","","","","12594","","","","","","","",""
"","a41bc5cb5c3ea433e5d38b94a5e4ec39","26-e766deb8341a2712299f570edc1f4703","1221425","هرمزگان","Hormozgān","بستک","Bastak","جناح","Jenāh","","","فرامرزان","Farāmarzān","خمرقلندران","Khamor Ghalandarān","Khamor Ghalandaron","Hassan Mohebbi Bahmani, field notes 2015","124","","","","Farāmarzi 100%","Ali Rashidi, pers. comm. 2015",27.07524134303629,53.97294677192545,""
"","a41bc5cb5c3ea433e5d38b94a5e5328f","26-6363430ab38e559a12d0d3b345329366","1221426","هرمزگان","Hormozgān","بستک","Bastak","جناح","Jenāh","","","فرامرزان","Farāmarzān","دهنوخواجه","Deh Now Khājeh","Deh Now Khāja","Hassan Mohebbi Bahmani, field notes 2015","214","","","","Farāmarzi 100%","Ali Rashidi, pers. comm. 2015",27.05234032362977,54.04845632010072,""
"","a41bc5cb5c3ea433e5d38b94a5e57a8f","27-294d39fbe32747ef4a7d6f0cd3b9007b","1221427","هرمزگان","Hormozgān","بستک","Bastak","جناح","Jenāh","","","فرامرزان","Farāmarzān","دهنوقلندران","Deh Now Ghalandarān","Deh Now Ghalandaron","Hassan Mohebbi Bahmani, field notes 2015","130","","","","Farāmarzi 100%","Ali Rashidi, pers. comm. 2015",27.074658604963844,53.97988832885491,""
"","a41bc5cb5c3ea433e5d38b94a5e5baea","26-f4ac1fa37c5d2a143a59359efe80a735","1221428","هرمزگان","Hormozgān","بستک","Bastak","جناح","Jenāh","","","فرامرزان","Farāmarzān","عالی احمدان","Āli Ahmadān","Hāji Ahmaton","Hassan Mohebbi Bahmani, field notes 2015","618","","","","Farāmarzi 100%","Ali Rashidi, pers. comm. 2015",27.07301545834613,53.98784912520769,""
"","a41bc5cb5c3ea433e5d38b94a5e6126a","26-e8cc58aec6f5feb64bfa0ec0853d11b8","1221429","هرمزگان","Hormozgān","بستک","Bastak","جناح","Jenāh","","","فرامرزان","Farāmarzān","گزه","Gezeh","Geza","Hassan Mohebbi Bahmani, field notes 2015","405","","","","Farāmarzi 100%","Ali Rashidi, pers. comm. 2015",27.058073182799795,54.06246817999321,""
"","a41bc5cb5c3ea433e5d38b94a5e66784","26-5c1e31fd7fda1460ea81bab7b649c845","1221430","هرمزگان","Hormozgān","بستک","Bastak","جناح","Jenāh","","","فرامرزان","Farāmarzān","هنگوئیه","Honguieh","Honguia, Hongu","Hassan Mohebbi Bahmani, field notes 2015","4493","","","","Farāmarzi 100%","Ali Rashidi, pers. comm. 2015",27.069881949199953,54.008223184882574,""
"","a41bc5cb5c3ea433e5d38b94a5e6c3ee","26-7cbd0318266fcfba06bc2749cf13da3a","1221431","هرمزگان","Hormozgān","بستک","Bastak","جناح","Jenāh","","","فرامرزان","Farāmarzān","داربست","Dār Bast","Dār Bast","Hassan Mohebbi Bahmani, field notes 2015","585","","","","Farāmarzi 100%","Ali Rashidi, pers. comm. 2015",26.99371431723391,54.06484987785233,""
"","a41bc5cb5c3ea433e5d38b94a5e717fc","26-72b51506b2096b73edd2786420635d8d","1221432","هرمزگان","Hormozgān","بستک","Bastak","جناح","Jenāh","","","فرامرزان","Farāmarzān","کمشک","Kemeshk","Kemeshk","Hassan Mohebbi Bahmani, field notes 2015","3744","","","","Kemeshki 100%","Ali Rashidi, pers. comm. 2015",27.05935320416162,53.89786627344455,""
"","a41bc5cb5c3ea433e5d38b94a5e76698","26-45544f68b28f9651da93ea2a7a079c7b","1221433","هرمزگان","Hormozgān","بستک","Bastak","جناح","Jenāh","","","فرامرزان","Farāmarzān","کنارسیاه","Konār Siyāh","Konār Siyāh","Hassan Mohebbi Bahmani, field notes 2015","1208","","","","Farāmarzi 100%","Ali Rashidi, pers. comm. 2015",27.069098281089463,53.93193032792932,""
"","a41bc5cb5c3ea433e5d38b94a5e7a7f4","28-e59752d0b5a57b4335856c551a79e7bd","1221434","هرمزگان","Hormozgān","بستک","Bastak","جناح","Jenāh","","","فرامرزان","Farāmarzān","گچوئیه","Gachuieh","Gachuiya, Gachu","Hassan Mohebbi Bahmani, field notes 2015","1073","","","","Farāmarzi 100%","Ali Rashidi, pers. comm. 2015",27.012870919827304,53.995960021523025,""
"","a41bc5cb5c3ea433e5d38b94a5e7e98f","26-812820d4ee802582dee4b30cd7bbf584","1221435","هرمزگان","Hormozgān","بستک","Bastak","جناح","Jenāh","جناح","Jenāh","","","","","Jenāh","Hassan Mohebbi Bahmani, field notes 2015","7169","","","","Jansi 60%; Evazi 40%","Ali Rashidi, pers. comm. 2015",27.0198674277689,54.283943438994214,""
"","a41bc5cb5c3ea433e5d38b94a5e83f50","22-a8aad4b7b563fec1e1a859ed1f7d9964","1221436","هرمزگان","Hormozgān","بستک","Bastak","مرکزی","Markazi","","","","","","","","","36498","","","","","","","",""
"","a41bc5cb5c3ea433e5d38b94a5e879a1","22-3b40864bdd81c088dd31a0bfe5738e9c","1221437","هرمزگان","Hormozgān","بستک","Bastak","مرکزی","Markazi","","","ده تل","Deh Tal","","","","","8433","","","","","","","",""
"","a41bc5cb5c3ea433e5d38b94a5e8ce11","27-0d29dad6c856c2ab87a2c8eb781e6fdb","1221438","هرمزگان","Hormozgān","بستک","Bastak","مرکزی","Markazi","","","ده تل","Deh Tal","ازادی","?Āzādi","?Āzādi","Hassan Mohebbi Bahmani, field notes 2015","","(less than 3 households; population not specified in 2011 Census for reasons of privacy)","","","Gawdei  100%","Ali Rashidi, pers. comm. 2015",27.200465664654182,54.85659563529542,""
"","a41bc5cb5c3ea433e5d38b94a5e92f21","24-b64b0b44bc76a2803264d94d7a06c743","1221439","هرمزگان","Hormozgān","بستک","Bastak","مرکزی","Markazi","","","ده تل","Deh Tal","انجیردان","Anjirdān","Anjirdon","Hassan Mohebbi Bahmani, field notes 2015","556","","","","Gawdei  100%","Ali Rashidi, pers. comm. 2015","","",""
"","a41bc5cb5c3ea433e5d38b94a5e96e2d","26-706858b70bef579d7f21c65b3fe863ce","1221440","هرمزگان","Hormozgān","بستک","Bastak","مرکزی","Markazi","","","ده تل","Deh Tal","ایلچی بالا","Il Chi Bālā","Il Chi Bālā","Hassan Mohebbi Bahmani, field notes 2015","26","","","","Gawdei  100%","Ali Rashidi, pers. comm. 2015",27.22034540403725,55.12242400630418,""
"","a41bc5cb5c3ea433e5d38b94a5e9c1b9","27-48c7f362ade265f51ae30917e5ffd540","1221441","هرمزگان","Hormozgān","بستک","Bastak","مرکزی","Markazi","","","ده تل","Deh Tal","خشاوه","Khashāveh","Khashāva","Hassan Mohebbi Bahmani, field notes 2015","","(less than 3 households; population not specified in 2011 Census for reasons of privacy)","","","Gawdei  100%","Ali Rashidi, pers. comm. 2015",27.17391326572401,54.77868551005055,""
"","a41bc5cb5c3ea433e5d38b94a5ea32a9","26-bb69c52db1fdff8caebc2ad67d15b46b","1221442","هرمزگان","Hormozgān","بستک","Bastak","مرکزی","Markazi","","","ده تل","Deh Tal","رودبار","Rudbār","Rudbār","Hassan Mohebbi Bahmani, field notes 2015","1183","","","","Gawdei  100%","Ali Rashidi, pers. comm. 2015",27.167778283423292,55.07005119308653,""
"","a41bc5cb5c3ea433e5d38b94a5ea89e5","26-584de4d3f4bb451e825d990190fb10d0","1221443","هرمزگان","Hormozgān","بستک","Bastak","مرکزی","Markazi","","","ده تل","Deh Tal","روی گچ","Ruy Gach","Ruy Gach","Hassan Mohebbi Bahmani, field notes 2015","27","","","","Gawdei  100%","Ali Rashidi, pers. comm. 2015",27.152364174252718,55.154425442056485,""
"","a41bc5cb5c3ea433e5d38b94a5eace8f","26-633f0f48cfc6b1f771bc7adf08724a32","1221444","هرمزگان","Hormozgān","بستک","Bastak","مرکزی","Markazi","","","ده تل","Deh Tal","کرزه","Karzeh","Karza","Hassan Mohebbi Bahmani, field notes 2015","43","","","","Gawdei  100%","Ali Rashidi, pers. comm. 2015",27.13734417069861,55.22290492040548,""
"","a41bc5cb5c3ea433e5d38b94a5eb1743","26-05808e1f6357ccb8471787fbe412c9f8","1221445","هرمزگان","Hormozgān","بستک","Bastak","مرکزی","Markazi","","","ده تل","Deh Tal","کنچی","Konchi","Konchi","Hassan Mohebbi Bahmani, field notes 2015","653","","","","Gawdei  100%","Ali Rashidi, pers. comm. 2015",27.192368675990245,54.88566005217556,""
"","a41bc5cb5c3ea433e5d38b94a5eb6a7c","27-f6b09e18189b221e6d298058314b400d","1221446","هرمزگان","Hormozgān","بستک","Bastak","مرکزی","Markazi","","","ده تل","Deh Tal","مورد","Mowrd","Mowrd","Hassan Mohebbi Bahmani, field notes 2015","","(less than 3 households; population not specified in 2011 Census for reasons of privacy)","","","Gawdei  100%","Ali Rashidi, pers. comm. 2015",27.177616522396477,54.78782647837198,""
"","a41bc5cb5c3ea433e5d38b94a5ebbd51","26-c44dde875ecde72e18a2ec14ef1fee2a","1221447","هرمزگان","Hormozgān","بستک","Bastak","مرکزی","Markazi","","","ده تل","Deh Tal","طهر","Tahr","Tahr","Hassan Mohebbi Bahmani, field notes 2015","153","","","","Gawdei  100%","Ali Rashidi, pers. comm. 2015",27.1289155681484,55.37634873370697,""
"","a41bc5cb5c3ea433e5d38b94a5ebf678","26-51c2c9a5497d2a446024e4c3facaa2dd","1221448","هرمزگان","Hormozgān","بستک","Bastak","مرکزی","Markazi","","","ده تل","Deh Tal","کفچال","Kof-e Chāl","Kof-e Chāl","Hassan Mohebbi Bahmani, field notes 2015","29","","","","Gawdei  100%","Ali Rashidi, pers. comm. 2015",27.147022792992033,55.177926957439425,""
"","a41bc5cb5c3ea433e5d38b94a5ec47f6","26-cf78073857a554bce4b0a9e31233effc","1221449","هرمزگان","Hormozgān","بستک","Bastak","مرکزی","Markazi","","","ده تل","Deh Tal","مروارید انجیردان","Morvārid Anjirdān","Mordāri Anjirdon","Hassan Mohebbi Bahmani, field notes 2015","50","","","","Gawdei  100%","Ali Rashidi, pers. comm. 2015",27.139848042628238,55.32943153362385,""
"","a41bc5cb5c3ea433e5d38b94a5ec7f9c","26-daff78627607acf6576d8271f5ba1188","1221450","هرمزگان","Hormozgān","بستک","Bastak","مرکزی","Markazi","","","ده تل","Deh Tal","ایلود","Ilud","Ilud","Hassan Mohebbi Bahmani, field notes 2015","1476","","","","Gawdei  100%","Ali Rashidi, pers. comm. 2015",27.2186822541294,54.67513103524157,""
"","a41bc5cb5c3ea433e5d38b94a5eccc9c","26-6fdd4112d267c4ee701a9ec27f0bd1bf","1221451","هرمزگان","Hormozgān","بستک","Bastak","مرکزی","Markazi","","","ده تل","Deh Tal","بامستان","Bāmestān","Bāmeston","Hassan Mohebbi Bahmani, field notes 2015","139","","","","Gawdei  100%","Ali Rashidi, pers. comm. 2015",27.21029147945562,54.7603713868995,""
"","a41bc5cb5c3ea433e5d38b94a5ed048d","26-01843fc9a9d1588f5cf551b1abb9963e","1221452","هرمزگان","Hormozgān","بستک","Bastak","مرکزی","Markazi","","","ده تل","Deh Tal","برکه لاری","Berkeh Lāri","Berka Lāri","Hassan Mohebbi Bahmani, field notes 2015","891","","","","Gawdei  100%","Ali Rashidi, pers. comm. 2015",27.21125278359323,54.715806484120584,""
"","a41bc5cb5c3ea433e5d38b94a5ed6e4f","27-5dd045285de3baa0a2ae39bab6a95923","1221453","هرمزگان","Hormozgān","بستک","Bastak","مرکزی","Markazi","","","ده تل","Deh Tal","تنگ تلخ","Tang-e Talkh","Tang-e Talkh","Hassan Mohebbi Bahmani, field notes 2015","","(less than 3 households; population not specified in 2011 Census for reasons of privacy)","","","Gawdei  100%","Ali Rashidi, pers. comm. 2015",27.177129761136452,54.745265185730084,""
"","a41bc5cb5c3ea433e5d38b94a5edbd66","26-a4ed2c80aafd909281a7049f21ca2104","1221454","هرمزگان","Hormozgān","بستک","Bastak","مرکزی","Markazi","","","ده تل","Deh Tal","چاه دزدان","Chāh Dozdān","Chāh Dezdon","Hassan Mohebbi Bahmani, field notes 2015","871","","","","Gawdei  100%","Ali Rashidi, pers. comm. 2015",27.21190807813643,54.746627998731825,""
"","a41bc5cb5c3ea433e5d38b94a5ee0da2","26-52fa50ae24661d5e029cd8745eb80b53","1221455","هرمزگان","Hormozgān","بستک","Bastak","مرکزی","Markazi","","","ده تل","Deh Tal","ده تل","Deh Tal","Deh Tal","Hassan Mohebbi Bahmani, field notes 2015","2071","","","","Gawdei  100%","Ali Rashidi, pers. comm. 2015",27.21085852106477,54.784715366736165,""
"","a41bc5cb5c3ea433e5d38b94a5ee4f06","28-3aac6b28b7a77d147fcdb0dec42e20aa","1221456","هرمزگان","Hormozgān","بستک","Bastak","مرکزی","Markazi","","","ده تل","Deh Tal","سیداحمدی","Seyyed Ahmadi","Seyd Ahmadi","Hassan Mohebbi Bahmani, field notes 2015","198","","","","Gawdei  100%","Ali Rashidi, pers. comm. 2015",27.23467149192482,54.830248546967944,""
"","a41bc5cb5c3ea433e5d38b94a5eea96c","27-c555ad30614bbcefb30844d2150e2681","1221457","هرمزگان","Hormozgān","بستک","Bastak","مرکزی","Markazi","","","ده تل","Deh Tal","لاورسفلی","Lāvar Soflā","Lāvar Soflā","Hassan Mohebbi Bahmani, field notes 2015","32","","","","Gawdei  100%","Ali Rashidi, pers. comm. 2015",27.181720503494752,54.718003213306616,""
"","a41bc5cb5c3ea433e5d38b94a5eef5ae","22-c059f15a92df30e28857a4e80891c9b9","1221458","هرمزگان","Hormozgān","بستک","Bastak","مرکزی","Markazi","","","فتویه","Fatuyeh","","","","","9265","","","","","","","",""
"","a41bc5cb5c3ea433e5d38b94a5ef5635","26-28078010ed9a34c7a706020509267f45","1221459","هرمزگان","Hormozgān","بستک","Bastak","مرکزی","Markazi","","","فتویه","Fatuyeh","بسته قلات","Basteh Qalāt","Basta Kalāt","Hassan Mohebbi Bahmani, field notes 2015","1203","","","","Gawdei  100%","Ali Rashidi, pers. comm. 2015",27.255005997808414,54.56526831695973,""
"","a41bc5cb5c3ea433e5d38b94a5efaa20","26-6f9a57d3a7b5a8c5c5e3f7ff583b3de6","1221460","هرمزگان","Hormozgān","بستک","Bastak","مرکزی","Markazi","","","فتویه","Fatuyeh","چاه غیل","Chāh Ghil","Chāh Ghil","Hassan Mohebbi Bahmani, field notes 2015","37","","","","Gawdei  100%","Ali Rashidi, pers. comm. 2015",27.26675819519623,54.494285523823585,""
"","a41bc5cb5c3ea433e5d38b94a5f00530","26-273c18b3c9f36e57af0277d1d7c09032","1221461","هرمزگان","Hormozgān","بستک","Bastak","مرکزی","Markazi","","","فتویه","Fatuyeh","نخل خین","Nakhl-e Khin","Nakhl-e Khin","Hassan Mohebbi Bahmani, field notes 2015","319","","","","Gawdei  100%","Ali Rashidi, pers. comm. 2015",27.343754096982174,54.029205218179314,""
"","a41bc5cb5c3ea433e5d38b94a5f06897","28-036ac2ed5a4874b475e5362e70beba54","1221462","هرمزگان","Hormozgān","بستک","Bastak","مرکزی","Markazi","","","فتویه","Fatuyeh","همدونی","Hamduni","Hamduni","Hassan Mohebbi Bahmani, field notes 2015","","(less than 3 households; population not specified in 2011 Census for reasons of privacy)","","","Gawdei  100%","Ali Rashidi, pers. comm. 2015",27.360642472657446,54.321225308848504,""
"","a41bc5cb5c3ea433e5d38b94a5f09af1","28-e7e9c8aa8a474c54579261f3ca7073ce","1221463","هرمزگان","Hormozgān","بستک","Bastak","مرکزی","Markazi","","","فتویه","Fatuyeh","بیخ","Bikh","Bikh","Hassan Mohebbi Bahmani, field notes 2015","","(less than 3 households; population not specified in 2011 Census for reasons of privacy)","","","Gawdei  100%","Ali Rashidi, pers. comm. 2015",27.307348434641387,54.27137786146209,""
"","a41bc5cb5c3ea433e5d38b94a5f0d623","29-b2888362cd75c436d653a373529a12eb","1221464","هرمزگان","Hormozgān","بستک","Bastak","مرکزی","Markazi","","","فتویه","Fatuyeh","حسین آباد","Hoseyn Ābād","Hoseyn Ābād","Hassan Mohebbi Bahmani, field notes 2015","131","","","","Gawdei  100%","Ali Rashidi, pers. comm. 2015",27.4345764843445,54.17232789119339,""
"","a41bc5cb5c3ea433e5d38b94a5f10da6","27-bbf345cefd275187314072ae61eceed8","1221465","هرمزگان","Hormozgān","بستک","Bastak","مرکزی","Markazi","","","فتویه","Fatuyeh","تنگ بستک","Tang-e Bastak","Tang-e Bastak","Hassan Mohebbi Bahmani, field notes 2015","62","","","","Gawdei  100%","Ali Rashidi, pers. comm. 2015",27.273841340018464,54.47444871972697,""
"","a41bc5cb5c3ea433e5d38b94a5f154c3","27-71b02d4219124ad48ad7d1075bf34c29","1221466","هرمزگان","Hormozgān","بستک","Bastak","مرکزی","Markazi","","","فتویه","Fatuyeh","بیسه","Biseh","Bisa","Hassan Mohebbi Bahmani, field notes 2015","298","","","","Gawdei  100%","Ali Rashidi, pers. comm. 2015",27.402446547719176,54.32400898051994,""
"","a41bc5cb5c3ea433e5d38b94a5f187a8","27-ca0ffc9210b12c23cb30965b87da8373","1221467","هرمزگان","Hormozgān","بستک","Bastak","مرکزی","Markazi","","","فتویه","Fatuyeh","شیخ حضور","Sheykh Hozur","Sheykh Hozur","Hassan Mohebbi Bahmani, field notes 2015","492","","","","Gawdei  100%","Ali Rashidi, pers. comm. 2015",27.331767415379343,54.43887189935816,""
"","a41bc5cb5c3ea433e5d38b94a5f1c225","27-9347fab557e5276c7e23e004f1b61c1e","1221468","هرمزگان","Hormozgān","بستک","Bastak","مرکزی","Markazi","","","فتویه","Fatuyeh","فتویه","Fatuyeh","Patā","Hassan Mohebbi Bahmani, field notes 2015","3247","","","","Gawdei  100%","Ali Rashidi, pers. comm. 2015",27.33121222748116,54.410160720292176,""
"","a41bc5cb5c3ea433e5d38b94a5f214d9","28-4fea8b0a0289962b0c6982bb3747ce51","1221469","هرمزگان","Hormozgān","بستک","Bastak","مرکزی","Markazi","","","فتویه","Fatuyeh","گیلوئیه","Giluieh","Gilu","Hassan Mohebbi Bahmani, field notes 2015","","(less than 3 households; population not specified in 2011 Census for reasons of privacy)","","","Gawdei  100%","Ali Rashidi, pers. comm. 2015",27.402920006669362,54.505608454501015,""
"","a41bc5cb5c3ea433e5d38b94a5f24558","27-f1110931c5a2e3019adb575e1468e6f1","1221470","هرمزگان","Hormozgān","بستک","Bastak","مرکزی","Markazi","","","فتویه","Fatuyeh","مردنو","Merdonu","Merdonu","Hassan Mohebbi Bahmani, field notes 2015","865","","","","Gawdei  100%","Ali Rashidi, pers. comm. 2015",27.330299616441348,54.466874161469555,""
"","a41bc5cb5c3ea433e5d38b94a5f29950","27-1524761c441208f8caeb7fe55b8656bd","1221471","هرمزگان","Hormozgān","بستک","Bastak","مرکزی","Markazi","","","فتویه","Fatuyeh","گودکز","Gowdah Gez","Gowda Gez","Hassan Mohebbi Bahmani, field notes 2015","614","","","","Gawdei  100%","Ali Rashidi, pers. comm. 2015",27.303418304418216,54.50914577553882,""
"","a41bc5cb5c3ea433e5d38b94a5f2d5cc","27-85916fbd58452a0a29e0e1183b2073eb","1221472","هرمزگان","Hormozgān","بستک","Bastak","مرکزی","Markazi","","","فتویه","Fatuyeh","انوه","Anveh","Anva","Hassan Mohebbi Bahmani, field notes 2015","1202","","","","Gawdei  100%","Ali Rashidi, pers. comm. 2015",27.396209458732162,54.28217502780587,""
"","a41bc5cb5c3ea433e5d38b94a5f311f4","27-cd19883319a31cbdfc60eb897827f928","1221473","هرمزگان","Hormozgān","بستک","Bastak","مرکزی","Markazi","","","فتویه","Fatuyeh","فاریاب سنگویه","Fāryāb Sanguyeh","Fārāb Sangu","Hassan Mohebbi Bahmani, field notes 2015","774","","","","Gawdei  100%","Ali Rashidi, pers. comm. 2015",27.415277969479238,54.272089973279485,""
"","a41bc5cb5c3ea433e5d38b94a5f353f2","22-ec3cc6e9f02a6c539620955b6e4eada3","1221474","هرمزگان","Hormozgān","بستک","Bastak","مرکزی","Markazi","","","گوده","Gowdeh","","","","","9575","","","","","","","",""
"","a41bc5cb5c3ea433e5d38b94a5f39328","27-7172115117891b43e9a85a0be97dc4c5","1221475","هرمزگان","Hormozgān","بستک","Bastak","مرکزی","Markazi","","","گوده","Gowdeh","چاه سرمه","Chāh Sormeh","Chāh Sorma","Hassan Mohebbi Bahmani, field notes 2015","557","","","","Gawdei  100%","Ali Rashidi, pers. comm. 2015",27.36916549075013,54.92625964795967,""
"","a41bc5cb5c3ea433e5d38b94a5f3e03a","28-86d32694ebc926f5db74c39f919af2a7","1221476","هرمزگان","Hormozgān","بستک","Bastak","مرکزی","Markazi","","","گوده","Gowdeh","گاله","Gāleh","Gāla","Hassan Mohebbi Bahmani, field notes 2015","","(less than 3 households; population not specified in 2011 Census for reasons of privacy)","","","Gawdei  100%","Ali Rashidi, pers. comm. 2015",27.451855624386603,54.75436223663719,""
"","a41bc5cb5c3ea433e5d38b94a5f4464c","27-1ebb0466ab2245399670e508b6dec08e","1221477","هرمزگان","Hormozgān","بستک","Bastak","مرکزی","Markazi","","","گوده","Gowdeh","گاوری","Gāvori","Gāvori","Hassan Mohebbi Bahmani, field notes 2015","277","","","","Gawdei  100%","Ali Rashidi, pers. comm. 2015",27.38442095931903,54.7619287482678,""
"","a41bc5cb5c3ea433e5d38b94a5f4a468","27-f1477c84150e691170a8fd75d0f9e06d","1221478","هرمزگان","Hormozgān","بستک","Bastak","مرکزی","Markazi","","","گوده","Gowdeh","گشان","Gashān","Gashān","Hassan Mohebbi Bahmani, field notes 2015","88","","","","Gawdei  100%","Ali Rashidi, pers. comm. 2015",27.379578975228736,54.900607000944746,""
"","a41bc5cb5c3ea433e5d38b94a5f50d54","28-b5c642fd6e4f3ff26c1a8ac69945e0a4","1221479","هرمزگان","Hormozgān","بستک","Bastak","مرکزی","Markazi","","","گوده","Gowdeh","چاه چهه","Chāh Cheheh","Chāh Cheha","Hassan Mohebbi Bahmani, field notes 2015","28","","","","Gawdei  100%","Ali Rashidi, pers. comm. 2015",27.376682733917534,54.96338142072068,""
"","a41bc5cb5c3ea433e5d38b94a5f55395","29-aded3d289a5f43a0ac38f4bbd853a88f","1221480","هرمزگان","Hormozgān","بستک","Bastak","مرکزی","Markazi","","","گوده","Gowdeh","کل مسلی","Kal-e Mosali","Kal-e Mosali","Hassan Mohebbi Bahmani, field notes 2015","","(less than 3 households; population not specified in 2011 Census for reasons of privacy)","","","Gawdei  100%","Ali Rashidi, pers. comm. 2015",27.34099272535596,54.89673389112789,""
"","a41bc5cb5c3ea433e5d38b94a5f59761","28-3967f6c37afea359da7dbd7c54beb4a5","1221481","هرمزگان","Hormozgān","بستک","Bastak","مرکزی","Markazi","","","گوده","Gowdeh","شبلی","Shebli","Shebli","Hassan Mohebbi Bahmani, field notes 2015","","(less than 3 households; population not specified in 2011 Census for reasons of privacy)","","","Gawdei  100%","Ali Rashidi, pers. comm. 2015",27.367962589175857,54.84100295222321,""
"","a41bc5cb5c3ea433e5d38b94a5f5ddd1","29-67aba1a6a0be0258371f42b0b9ded1d9","1221482","هرمزگان","Hormozgān","بستک","Bastak","مرکزی","Markazi","","","گوده","Gowdeh","بن کوه، بن کاه","Ben Kuh, Ben Kāh","Ben Kuh, Ben Kāh","Hassan Mohebbi Bahmani, field notes 2015","","(less than 3 households; population not specified in 2011 Census for reasons of privacy)","","","Gawdei  100%","Ali Rashidi, pers. comm. 2015",27.392649226222073,54.79159129775818,""
"","a41bc5cb5c3ea433e5d38b94a5f61745","27-6f5dcca864c527edb604e6d4dc73de6a","1221483","هرمزگان","Hormozgān","بستک","Bastak","مرکزی","Markazi","","","گوده","Gowdeh","بیگلرآباد","Beyglar Ābād","Beygler Ābād","Hassan Mohebbi Bahmani, field notes 2015","119","","","","Gawdei  100%","Ali Rashidi, pers. comm. 2015",27.31001252146426,54.639794007082635,""
"","a41bc5cb5c3ea433e5d38b94a5f6552a","27-0fb94e44afba019a3a13ce4cc7376fe5","1221484","هرمزگان","Hormozgān","بستک","Bastak","مرکزی","Markazi","","","گوده","Gowdeh","تدروئیه","Todruieh","Todruia","Hassan Mohebbi Bahmani, field notes 2015","2190","","","","Gawdei  100%","Ali Rashidi, pers. comm. 2015",27.301699461532255,54.70745004726239,""
"","a41bc5cb5c3ea433e5d38b94a5f684a3","27-d68a59cfd84295894901789787f43d88","1221485","هرمزگان","Hormozgān","بستک","Bastak","مرکزی","Markazi","","","گوده","Gowdeh","تسن","Teson","Teson","Hassan Mohebbi Bahmani, field notes 2015","47","","","","Gawdei  100%","Ali Rashidi, pers. comm. 2015",27.38097228798936,54.599904194619825,""
"","a41bc5cb5c3ea433e5d38b94a5f6d75d","27-323a8febf26a756f132a2cdae5021c6a","1221486","هرمزگان","Hormozgān","بستک","Bastak","مرکزی","Markazi","","","گوده","Gowdeh","دهنگ","Dehong","Dehong","Hassan Mohebbi Bahmani, field notes 2015","2129","","","","Gawdei  100%","Ali Rashidi, pers. comm. 2015",27.30850630221123,54.65886987759253,""
"","a41bc5cb5c3ea433e5d38b94a5f71573","27-a2c076f796011a2ce5354adb3dd611f2","1221487","هرمزگان","Hormozgān","بستک","Bastak","مرکزی","Markazi","","","گوده","Gowdeh","عالی قندی","Āli Qandi","Āli Kandi","Hassan Mohebbi Bahmani, field notes 2015","278","","","","Gawdei  100%","Ali Rashidi, pers. comm. 2015",27.313844708642968,54.67309631420588,""
"","a41bc5cb5c3ea433e5d38b94a5f75f07","28-d1b9e3c0cfad88c4b0c9c207fa1cd62f","1221488","هرمزگان","Hormozgān","بستک","Bastak","مرکزی","Markazi","","","گوده","Gowdeh","ناخری","Nākhari","Nākhari","Hassan Mohebbi Bahmani, field notes 2015","","(less than 3 households; population not specified in 2011 Census for reasons of privacy)","","","Gawdei  100%","Ali Rashidi, pers. comm. 2015",27.365618680042175,54.60299946382151,""
"","a41bc5cb5c3ea433e5d38b94a5f7cbe7","27-07ef3508b40c6a6f044438cc1e78e643","1221489","هرمزگان","Hormozgān","بستک","Bastak","مرکزی","Markazi","","","گوده","Gowdeh","چاه بنارد","Chāh Benārd","Chāh Benārd","Hassan Mohebbi Bahmani, field notes 2015","1269","","","","Gawdei  100%","Ali Rashidi, pers. comm. 2015",27.242498588729706,54.61104912678183,""
"","a41bc5cb5c3ea433e5d38b94a5f835f8","27-f33ed915ee94d5057f1e9d81eecce2ef","1221490","هرمزگان","Hormozgān","بستک","Bastak","مرکزی","Markazi","","","گوده","Gowdeh","زنگارد","Zangārd","Zangārd","Hassan Mohebbi Bahmani, field notes 2015","2556","","","","Gawdei  100%","Ali Rashidi, pers. comm. 2015",27.220099321562344,54.61237950245319,""
"","a41bc5cb5c3ea433e5d38b94a5f89ad3","26-7679b4bfad17a61e305922dc89598546","1221491","هرمزگان","Hormozgān","بستک","Bastak","مرکزی","Markazi","بستک","Bastak","","","","","Bastak","Hassan Mohebbi Bahmani, field notes 2015","9225","","","","Bastaki 100%","Ali Rashidi, pers. comm. 2015",27.197664946055,54.367269515938155,""
"","a41bc5cb5c3ea433e5d38b94a5f8f8a3","22-92d131b0ecc3c2373ccae551cc9e7103","1221492","هرمزگان","Hormozgān","بستک","Bastak","کوخرد","Kukherd","","","","","","","","","16211","","","","","","","",""
"","a41bc5cb5c3ea433e5d38b94a5f94b4b","22-ecf3765824cc9524e7807b1f722d8a6b","1221493","هرمزگان","Hormozgān","بستک","Bastak","کوخرد","Kukherd","","","کوخرد","Kukherd","","","","","7356","","","","","","","",""
"","a41bc5cb5c3ea433e5d38b94a5f9a304","27-7c32f01ca1590a135aa607768e42834c","1221494","هرمزگان","Hormozgān","بستک","Bastak","کوخرد","Kukherd","","","کوخرد","Kukherd","آسو","Āsu","Āsu","Hassan Mohebbi Bahmani, field notes 2015","324","","","","Bastaki 100%","Ali Rashidi, pers. comm. 2015",27.07719341653925,54.56891698757891,""
"","a41bc5cb5c3ea433e5d38b94a5f9ed83","27-9d88e2d8eff51433e64632e5fdbfb15b","1221495","هرمزگان","Hormozgān","بستک","Bastak","کوخرد","Kukherd","","","کوخرد","Kukherd","بار","Bār","Bār","Hassan Mohebbi Bahmani, field notes 2015","75","","","","Bastaki 100%","Ali Rashidi, pers. comm. 2015",27.086402025996406,54.62334437290311,""
"","a41bc5cb5c3ea433e5d38b94a5fa3418","27-7c23313e25557176a5c44f485da96f1a","1221496","هرمزگان","Hormozgān","بستک","Bastak","کوخرد","Kukherd","","","کوخرد","Kukherd","بربار","Ber Bār","Ber Bār","Hassan Mohebbi Bahmani, field notes 2015","196","","","","Bastaki 100%","Ali Rashidi, pers. comm. 2015",27.10449225546491,54.58192033688266,""
"","a41bc5cb5c3ea433e5d38b94a5fa916e","27-128712583ae9884f2de2f69ea204fb6d","1221497","هرمزگان","Hormozgān","بستک","Bastak","کوخرد","Kukherd","","","کوخرد","Kukherd","تخت گرو","Takht-e Geru","Takht-e Geru","Hassan Mohebbi Bahmani, field notes 2015","189","","","","Bastaki 100%","Ali Rashidi, pers. comm. 2015",27.095418852002364,54.60489077488213,""
"","a41bc5cb5c3ea433e5d38b94a5fad230","27-05bf2fc3571d94348dcff67b135e2fce","1221498","هرمزگان","Hormozgān","بستک","Bastak","کوخرد","Kukherd","","","کوخرد","Kukherd","تلخ اطهر","Talkh-e Athar","Talkh-e Athar","Hassan Mohebbi Bahmani, field notes 2015","132","","","","Bastaki 100%","Ali Rashidi, pers. comm. 2015",27.0032487766015,54.71056981005349,""
"","a41bc5cb5c3ea433e5d38b94a5fb263e","27-e81f4eefefb38e1b1bf00b978fd32175","1221499","هرمزگان","Hormozgān","بستک","Bastak","کوخرد","Kukherd","","","کوخرد","Kukherd","چاله","Chāleh","Chāla","Hassan Mohebbi Bahmani, field notes 2015","410","","","","Bastaki 100%","Ali Rashidi, pers. comm. 2015",27.08464442454101,54.52155990521684,""
"","a41bc5cb5c3ea433e5d38b94a5fb5fc5","27-141f261d835124f6633860e0d86e6ef0","1221500","هرمزگان","Hormozgān","بستک","Bastak","کوخرد","Kukherd","","","کوخرد","Kukherd","دی خور","Di Khur","Di Khur","Hassan Mohebbi Bahmani, field notes 2015","88","","","","Bastaki 100%","Ali Rashidi, pers. comm. 2015",27.08629695277222,54.589237403074705,""
"","a41bc5cb5c3ea433e5d38b94a5fb9f0e","27-c56ff923323421de83e15a0dee4a0152","1221501","هرمزگان","Hormozgān","بستک","Bastak","کوخرد","Kukherd","","","کوخرد","Kukherd","کوخرد","Kukherd","Kukherd","Hassan Mohebbi Bahmani, field notes 2015","3839","","","","Bastaki 100%","Ali Rashidi, pers. comm. 2015",27.086545307510793,54.490467738321044,""
"","a41bc5cb5c3ea433e5d38b94a5fbfa09","27-93b5acf5749b85ad5d0f48e3350536b6","1221502","هرمزگان","Hormozgān","بستک","Bastak","کوخرد","Kukherd","","","کوخرد","Kukherd","کوران","Kowrān","Kowron","Hassan Mohebbi Bahmani, field notes 2015","128","","","","Bastaki 100%","Ali Rashidi, pers. comm. 2015",27.006604001077005,54.660176467087894,""
"","a41bc5cb5c3ea433e5d38b94a5fc4a67","27-85d4075fd7445847e908e44084a4773d","1221503","هرمزگان","Hormozgān","بستک","Bastak","کوخرد","Kukherd","","","کوخرد","Kukherd","کوردان","Koverdān","Kowerdon","Hassan Mohebbi Bahmani, field notes 2015","16","","","","Bastaki 100%","Ali Rashidi, pers. comm. 2015",27.080957192760508,54.53305585305205,""
"","a41bc5cb5c3ea433e5d38b94a5fc9e1c","28-7446dac73d4a27c43e6490dc670373fe","1221504","هرمزگان","Hormozgān","بستک","Bastak","کوخرد","Kukherd","","","کوخرد","Kukherd","گریند","Goryand","Goryand","Hassan Mohebbi Bahmani, field notes 2015","330","","","","Bastaki 100%","Ali Rashidi, pers. comm. 2015",27.086659932588443,54.52694578091774,""
"","a41bc5cb5c3ea433e5d38b94a5fcdb69","27-b971fbdc04a1781800ad9886c89e7c5e","1221505","هرمزگان","Hormozgān","بستک","Bastak","کوخرد","Kukherd","","","کوخرد","Kukherd","گوچی","Guchi","Guchi","Hassan Mohebbi Bahmani, field notes 2015","21","","","","Bastaki 100%","Ali Rashidi, pers. comm. 2015",27.003545110999738,54.57454426209064,""
"","a41bc5cb5c3ea433e5d38b94a5fd3235","27-cc840d030b732d97f700ded4fa7ab495","1221506","هرمزگان","Hormozgān","بستک","Bastak","کوخرد","Kukherd","","","کوخرد","Kukherd","لاور","Lāvar","Lāvar","Hassan Mohebbi Bahmani, field notes 2015","605","","","","Bastaki 100%","Ali Rashidi, pers. comm. 2015",27.112603578477753,54.693853382363784,""
"","a41bc5cb5c3ea433e5d38b94a5fd7859","27-71d6c4d916f17a4548d3926d89db4a1c","1221507","هرمزگان","Hormozgān","بستک","Bastak","کوخرد","Kukherd","","","کوخرد","Kukherd","لاوردین","Lāvar-e Din","Lāvar-e Din","Hassan Mohebbi Bahmani, field notes 2015","151","","","","Bastaki 100%","Ali Rashidi, pers. comm. 2015",26.9673387401932,54.563295077482664,""
"","a41bc5cb5c3ea433e5d38b94a5fdc3ee","27-7778f6d351aea01bbd615f086cd20985","1221508","هرمزگان","Hormozgān","بستک","Bastak","کوخرد","Kukherd","","","کوخرد","Kukherd","تشتو","Tashtu","Tashtu","Hassan Mohebbi Bahmani, field notes 2015","9","","","","Bastaki 100%","Ali Rashidi, pers. comm. 2015",27.077217298767206,54.66412467875657,""
"","a41bc5cb5c3ea433e5d38b94a5fe1e85","27-724d75f630d2eb30b6f11d9642534483","1221509","هرمزگان","Hormozgān","بستک","Bastak","کوخرد","Kukherd","","","کوخرد","Kukherd","شهرک صالح آباد","Shahrak-e Sāleh Ābād","Shahrak-e Sāleh Ābād","Hassan Mohebbi Bahmani, field notes 2015","487","","","","Bastaki 100%","Ali Rashidi, pers. comm. 2015",27.0781869128984,54.55190641800653,""
"","a41bc5cb5c3ea433e5d38b94a5fe89d5","28-b95fd2f0e8f9e7eff1f92672707aba38","1221510","هرمزگان","Hormozgān","بستک","Bastak","کوخرد","Kukherd","","","کوخرد","Kukherd","بارترک","Bār-e Tork","Bār-e Tork","Hassan Mohebbi Bahmani, field notes 2015","","(less than 3 households; population not specified in 2011 Census for reasons of privacy)","","","Bastaki 100%","Ali Rashidi, pers. comm. 2015",27.075535977533313,54.647800754694835,""
"","a41bc5cb5c3ea433e5d38b94a5fed646","27-9c6176230842b35e71f898c6e7c3d51c","1221511","هرمزگان","Hormozgān","بستک","Bastak","کوخرد","Kukherd","","","کوخرد","Kukherd","کنارزرد","Konār Zard","Konār Zard","Hassan Mohebbi Bahmani, field notes 2015","347","","","","Bastaki 100%","Ali Rashidi, pers. comm. 2015",27.04562621841096,54.6783511153726,""
"","a41bc5cb5c3ea433e5d38b94a5ff227d","22-febdbc0d79f100ccd66626b35c42e6a7","1221512","هرمزگان","Hormozgān","بستک","Bastak","کوخرد","Kukherd","","","هرنگ","Kukherd","","","","","8855","","","","","","","",""
"","a41bc5cb5c3ea433e5d38b94a5ff757a","27-e5c5019517f56880b0cdeb8741cc15c4","1221513","هرمزگان","Hormozgān","بستک","Bastak","کوخرد","Kukherd","","","هرنگ","Herang","هرنگ","Herang","Herang","Hassan Mohebbi Bahmani, field notes 2015","5082","","","","Bastaki 100%","Ali Rashidi, pers. comm. 2015",27.10359768695211,54.45246529989312,""
"","a41bc5cb5c3ea433e5d38b94a5ffdcf7","36-4231ca8d66af2de67902f4206b1a627d","1221514","هرمزگان","Hormozgān","بستک","Bastak","کوخرد","Kukherd","","","هرنگ","Herang","خلوص","Kholos","Kholos","Ali Rashidi, pers. comm. 2011; Anonby & Mohebbi Bahmani 2015","1147","","","","Kholosi 100%","Ali Rashidi, pers. comm. 2011; Anonby & Mohebbi Bahmani 2015",27.111428938069633,54.31966376716644,""
"","3449afdbb6b9749ef19da429e100225f","24-f55ca676dc7d8ae173bff3c2d042ce5e","1221515","هرمزگان","Hormozgān","بستک","Bastak","کوخرد","Kukherd","","","هرنگ","Herang","مغدان","Moghdān","Moghdon","Hassan Mohebbi Bahmani, field notes 2015","416","","","","Bastaki 100%","Ali Rashidi, pers. comm. 2015","","",""
"","3449afdbb6b9749ef19da429e10091a6","26-80fa54dc81729bdc5ace8fd63ae39b0e","1221516","هرمزگان","Hormozgān","بستک","Bastak","کوخرد","Kukherd","","","هرنگ","Herang","فاریاب","Fāryāb","Fārāb","Hassan Mohebbi Bahmani, field notes 2015","1555","","","","Bastaki 100%","Ali Rashidi, pers. comm. 2015",27.14272936711749,54.20765471871997,""
"","3449afdbb6b9749ef19da429e100ee51","26-e98d89404e0d8b38f8359a948df83e9a","1221517","هرمزگان","Hormozgān","بستک","Bastak","کوخرد","Kukherd","","","هرنگ","Herang","کاشونی","Kāshuni","Kāshuni","Hassan Mohebbi Bahmani, field notes 2015","97","","","","Bastaki 100%","Ali Rashidi, pers. comm. 2015",27.09055075216269,54.28084683830871,""
"","3449afdbb6b9749ef19da429e1015213","32-d4081b2a79b1cfabc9cb14b606be95b8","1221518","هرمزگان","Hormozgān","بستک","Bastak","کوخرد","Kukherd","","","هرنگ","Herang","گتاو","Gotāv","Gotāw","Ali Rashidi, pers. comm. 2011; Anonby & Mohebbi Bahmani 2015","558","","","","Kholosi 100%","Ali Rashidi, pers. comm. 2011; Anonby & Mohebbi Bahmani 2015",27.136561641361276,54.26894855912093,""
"","3449afdbb6b9749ef19da429e101a787","22-a88b08c8780362ea991fcb2e115f972c","1221519","هرمزگان","Hormozgān","خمیر","Khamir","","","","","","","","","","","52968","","","","","","","",""
"","3449afdbb6b9749ef19da429e1020103","22-c47701c3f2f9e6254d5abe1582017fab","1221520","هرمزگان","Hormozgān","خمیر","Khamir","رویدر","Ruydar","","","","","","","","","13459","","","","","","","",""
"","3449afdbb6b9749ef19da429e1025e86","22-fba1dae3095737d2eb1bd948c14b722e","1221521","هرمزگان","Hormozgān","خمیر","Khamir","رویدر","Ruydar","","","رودبار","Rudbār","","","","","3836","","","","","","","",""
"","3449afdbb6b9749ef19da429e1029cdc","26-1f1c6a235098a6a208b88c5994be5a62","1221522","هرمزگان","Hormozgān","خمیر","Khamir","رویدر","Ruydar","","","رودبار","Rudbār","آب مصلی","Āb Masali","Āb Masali","Hassan Mohebbi Bahmani, field notes 2015","19","","","","Banderi of Bandar Abbās 100%","Ali Rashidi, pers. comm. 2015",27.36562975790255,55.63981282580262,""
"","3449afdbb6b9749ef19da429e10305ee","26-fd4af85d32d89410890cba64d6a25720","1221523","هرمزگان","Hormozgān","خمیر","Khamir","رویدر","Ruydar","","","رودبار","Rudbār","پرکان آل موسی","Parkān Āl Musā","Parkān Āl Musā","Hassan Mohebbi Bahmani, field notes 2015","95","","","","Banderi of Bandar Abbās 100%","Ali Rashidi, pers. comm. 2015",27.459442571978222,55.60658025611391,""
"","3449afdbb6b9749ef19da429e103493a","26-4a232d1ee44b2958f5bcd9232d342502","1221524","هرمزگان","Hormozgān","خمیر","Khamir","رویدر","Ruydar","","","رودبار","Rudbār","پرکان گیشو","Parkān Gishu","Parkān Gishu","Hassan Mohebbi Bahmani, field notes 2015","263","","","","Banderi of Bandar Abbās 100%","Ali Rashidi, pers. comm. 2015",27.378925542563113,55.66934394705348,""
"","3449afdbb6b9749ef19da429e1039342","28-86a2e7471e863ec60bb08d224574603e","1221525","هرمزگان","Hormozgān","خمیر","Khamir","رویدر","Ruydar","","","رودبار","Rudbār","خرزانی","?Kharzāni","?Kharzāni","Hassan Mohebbi Bahmani, field notes 2015","","(less than 3 households; population not specified in 2011 Census for reasons of privacy)","","","Banderi of Bandar Abbās 100%","Ali Rashidi, pers. comm. 2015",27.458704761899583,55.65705674755632,""
"","3449afdbb6b9749ef19da429e103e335","26-b8ba6d0022d1114933fe6e240c7b4a1c","1221526","هرمزگان","Hormozgān","خمیر","Khamir","رویدر","Ruydar","","","رودبار","Rudbār","گیشو","Gishu","Gishu","Hassan Mohebbi Bahmani, field notes 2015","197","","","","Banderi of Bandar Abbās 100%","Ali Rashidi, pers. comm. 2015",27.386218252172334,55.69723892080401,""
"","3449afdbb6b9749ef19da429e10423b4","26-56d613a32c75060a3ea2f57dcb9e9335","1221527","هرمزگان","Hormozgān","خمیر","Khamir","رویدر","Ruydar","","","رودبار","Rudbār","تنگ اشکن","Tang Eshkan","Tang Eshkan","Hassan Mohebbi Bahmani, field notes 2015","58","","","","Banderi of Bandar Abbās 100%","Ali Rashidi, pers. comm. 2015",27.380040200763094,55.72906064855317,""
"","3449afdbb6b9749ef19da429e104727d","26-12ae0095096003480509eb5e08f027ce","1221528","هرمزگان","Hormozgān","خمیر","Khamir","رویدر","Ruydar","","","رودبار","Rudbār","گوین","Gevin","Gevin","Hassan Mohebbi Bahmani, field notes 2015","1305","","","","Ruydari 100%","Ali Rashidi, pers. comm. 2015",27.40909356657932,55.34414219729676,""
"","3449afdbb6b9749ef19da429e104ba40","27-3fefd5682eee58cef44da9065e4ae116","1221529","هرمزگان","Hormozgān","خمیر","Khamir","رویدر","Ruydar","","","رودبار","Rudbār","پرنیمه","Parnimeh","Parnima","Hassan Mohebbi Bahmani, field notes 2015","313","","","","Banderi of Bandar Abbās 100%","Ali Rashidi, pers. comm. 2015",27.29951777733355,55.49383091797951,""
"","3449afdbb6b9749ef19da429e1050f5b","26-3cccd6f49dcaf1816b8398267d22f082","1221530","هرمزگان","Hormozgān","خمیر","Khamir","رویدر","Ruydar","","","رودبار","Rudbār","رودبار","Rudbār","Rudbār","Hassan Mohebbi Bahmani, field notes 2015","1566","","","","Banderi of Bandar Abbās 100%","Ali Rashidi, pers. comm. 2015",27.346786167116246,55.49847650399337,""
"","3449afdbb6b9749ef19da429e105590e","22-4ddf7c5619531acebfb8ce5927084f3c","1221531","هرمزگان","Hormozgān","خمیر","Khamir","رویدر","Ruydar","","","رویدر","Ruydar","","","","","3589","","","","","","","",""
"","3449afdbb6b9749ef19da429e105b175","26-ad95c3288f584e6fbe83f92df5e8bbeb","1221532","هرمزگان","Hormozgān","خمیر","Khamir","رویدر","Ruydar","","","رویدر","Ruydar","بستی","Bastey","Bastey","Hassan Mohebbi Bahmani, field notes 2015","243","","","","Banderi of Bandar Abbās 100%","Ali Rashidi, pers. comm. 2015",27.42048421192535,55.39718556277231,""
"","3449afdbb6b9749ef19da429e105fa61","26-336231dcf5f7d09f24a0bfad70ed9271","1221533","هرمزگان","Hormozgān","خمیر","Khamir","رویدر","Ruydar","","","رویدر","Ruydar","بنو","Benow","Benow","Hassan Mohebbi Bahmani, field notes 2015","494","","","","Ruydari 100%","Ali Rashidi, pers. comm. 2015",27.48935542065314,55.408279179256716,""
"","3449afdbb6b9749ef19da429e1062481","26-cf6a2271c632019539211ea6d867da1e","1221534","هرمزگان","Hormozgān","خمیر","Khamir","رویدر","Ruydar","","","رویدر","Ruydar","تنگگچ","Tang Gach","Tang Gach","Hassan Mohebbi Bahmani, field notes 2015","113","","","","Banderi of Bandar Abbās 100%","Ali Rashidi, pers. comm. 2015",27.43220696876564,55.29875922077308,""
"","3449afdbb6b9749ef19da429e10660d8","26-935ba10e26fdcc1c19d74fec735144fe","1221535","هرمزگان","Hormozgān","خمیر","Khamir","رویدر","Ruydar","","","رویدر","Ruydar","کروئیه","Keruieh","Keruiya, Keru","Hassan Mohebbi Bahmani, field notes 2015","1236","","","","Ruydari 100%","Ali Rashidi, pers. comm. 2015",27.42913117494954,55.4562799917795,""
"","3449afdbb6b9749ef19da429e1069ba9","26-38f14ff746672dfc3ec0b482eed28237","1221536","هرمزگان","Hormozgān","خمیر","Khamir","رویدر","Ruydar","","","رویدر","Ruydar","پس بست","Pas Bast","Pas Bast","Hassan Mohebbi Bahmani, field notes 2015","158","","","","Ruydari 100%","Ali Rashidi, pers. comm. 2015",27.4375259601355,55.449762474578975,""
"","3449afdbb6b9749ef19da429e106e1ce","27-9b439d8d9fa838c41c26dc24a03b11d5","1221537","هرمزگان","Hormozgān","خمیر","Khamir","رویدر","Ruydar","","","رویدر","Ruydar","بنگرک","Bon Gerak","Bon Gerak","Hassan Mohebbi Bahmani, field notes 2015","","(less than 3 households; population not specified in 2011 Census for reasons of privacy)","","","Banderi of Bandar Abbās 100%","Ali Rashidi, pers. comm. 2015",27.364481605555614,55.255956529320336,""
"","3449afdbb6b9749ef19da429e1074be0","26-61d713daa5c7432316892d6ac0489a77","1221538","هرمزگان","Hormozgān","خمیر","Khamir","رویدر","Ruydar","","","رویدر","Ruydar","درواخانی","Dar Vākhāni","Dar Vākhāni","Hassan Mohebbi Bahmani, field notes 2015","469","","","","Banderi of Bandar Abbās 100%","Ali Rashidi, pers. comm. 2015",27.32121474438363,55.381875513712124,""
"","3449afdbb6b9749ef19da429e1079b7f","26-162afba9903908aaf543a486d346821a","1221539","هرمزگان","Hormozgān","خمیر","Khamir","رویدر","Ruydar","","","رویدر","Ruydar","کرمران","Kermerān","Kermerān","Hassan Mohebbi Bahmani, field notes 2015","381","","","","Ruydari 100%","Ali Rashidi, pers. comm. 2015",27.345690233861628,55.310410736730944,""
"","3449afdbb6b9749ef19da429e108099c","26-70eb34388f8b4af8f1d3fa407270c7ff","1221540","هرمزگان","Hormozgān","خمیر","Khamir","رویدر","Ruydar","","","رویدر","Ruydar","کینوو","Kinou","Kinou","Hassan Mohebbi Bahmani, field notes 2015","180","","","","Banderi of Bandar Abbās 100%","Ali Rashidi, pers. comm. 2015",27.416208095651015,55.32594609134473,""
"","3449afdbb6b9749ef19da429e108390c","26-3a5bdfb73af43cf2d38a5b42f60ae961","1221541","هرمزگان","Hormozgān","خمیر","Khamir","رویدر","Ruydar","","","رویدر","Ruydar","گیشو","Gishu","Gishu","Hassan Mohebbi Bahmani, field notes 2015","202","","","","Banderi of Bandar Abbās 100%","Ali Rashidi, pers. comm. 2015",27.32018051691491,55.36225247256422,""
"","3449afdbb6b9749ef19da429e10886e9","27-0cd5d43cbd7ea7804962413a2b73e2a5","1221542","هرمزگان","Hormozgān","خمیر","Khamir","رویدر","Ruydar","","","رویدر","Ruydar","عطران","Atarān","Atarān","Hassan Mohebbi Bahmani, field notes 2015","","(less than 3 households; population not specified in 2011 Census for reasons of privacy)","","","Banderi of Bandar Abbās 100%","Ali Rashidi, pers. comm. 2015",27.38195510016508,55.22136139745119,""
"","3449afdbb6b9749ef19da429e108ee4a","26-d861305e9c57a1bf0da4c10051c4a5ca","1221543","هرمزگان","Hormozgān","خمیر","Khamir","رویدر","Ruydar","","","رویدر","Ruydar","محمد آباد","Mohammad Ābād","Mohammad Ābād","Hassan Mohebbi Bahmani, field notes 2015","103","","","","Banderi of Bandar Abbās 100%","Ali Rashidi, pers. comm. 2015",27.32240707142894,55.34347726016965,""
"","3449afdbb6b9749ef19da429e1093bca","23-c45059f8e2df693e31eb35f3735fffb5","1221544","هرمزگان","Hormozgān","خمیر","Khamir","رویدر","Ruydar","رویدر","Ruydar","","","","","Ruydar","Hassan Mohebbi Bahmani, field notes 2015","6034","","","","Ruydari 100%","Ali Rashidi, pers. comm. 2015","","",""
"","3449afdbb6b9749ef19da429e1098075","22-541110968abb2113a7a33833f0e52f69","1221545","هرمزگان","Hormozgān","خمیر","Khamir","مرکزی","Markazi","","","","","","","","","39119","","","","","","","",""
"","3449afdbb6b9749ef19da429e109d42f","22-f7457474d6504fd69a5905b4dc34c66d","1221546","هرمزگان","Hormozgān","خمیر","Khamir","مرکزی","Markazi","","","خمیر","Khamir","","","","","9641","","","","","","","",""
"","3449afdbb6b9749ef19da429e10a2404","26-703d8ee5982699de12ebdca23613311a","1221547","هرمزگان","Hormozgān","خمیر","Khamir","مرکزی","Markazi","","","خمیر","Khamir","باقی آباد","Bāqi Ābād","Bāqi Ābād, Bāki Ābād","Hassan Mohebbi Bahmani, field notes 2015","63","","","","Khamiri 100%","Ali Rashidi, pers. comm. 2015",26.997160964575258,55.65649616587511,""
"","3449afdbb6b9749ef19da429e10a7ef2","26-059692276d7b3058bfdfd5c53b1f7a06","1221548","هرمزگان","Hormozgān","خمیر","Khamir","مرکزی","Markazi","","","خمیر","Khamir","پل گل کن","Pol-e Gel Kan","Pol-e Gel Kan","Hassan Mohebbi Bahmani, field notes 2015","605","","","","Khamiri 100%","Ali Rashidi, pers. comm. 2015",27.000401657626202,55.70942151414805,""
"","3449afdbb6b9749ef19da429e10ad69e","26-7dce85c1c87ca1a3872e3e026355e295","1221549","هرمزگان","Hormozgān","خمیر","Khamir","مرکزی","Markazi","","","خمیر","Khamir","چاه صحاری","Chāh Sahāri","Chāh Sahāri","Hassan Mohebbi Bahmani, field notes 2015","234","","","","Khamiri 100%","Ali Rashidi, pers. comm. 2015",27.001066035963692,55.676028011918476,""
"","3449afdbb6b9749ef19da429e10b1924","26-94b6a91a14f382f455a26f313a0b8777","1221550","هرمزگان","Hormozgān","خمیر","Khamir","مرکزی","Markazi","","","خمیر","Khamir","آل درویش","Āl-e Darvish","Āl-e Darvish","Hassan Mohebbi Bahmani, field notes 2015","273","","","","Khamiri 100%","Ali Rashidi, pers. comm. 2015",27.169624012166707,55.64810085165888,""
"","3449afdbb6b9749ef19da429e10b6c49","25-6bff94066cbf7e21177029c3748a9a2e","1221551","هرمزگان","Hormozgān","خمیر","Khamir","مرکزی","Markazi","","","خمیر","Khamir","پاسگاه انتظامی منبع اب","Pāsgāh Entezāmi Manba'-e Āb","Pāsgāh Entezāmi Manba' Āb","Hassan Mohebbi Bahmani, field notes 2015","","(less than 3 households; population not specified in 2011 Census for reasons of privacy)","","","Khamiri 100%","Ali Rashidi, pers. comm. 2015","","",""
"","3449afdbb6b9749ef19da429e10bbbfe","26-36ee11b50355801fa497efe5b5fd1434","1221552","هرمزگان","Hormozgān","خمیر","Khamir","مرکزی","Markazi","","","خمیر","Khamir","پل شرقی","Pol Sharqi","Pol Sharqi, Pol Sharki","Hassan Mohebbi Bahmani, field notes 2015","5604","","","","Khamiri 100%","Ali Rashidi, pers. comm. 2015",27.009736052336535,55.74137735234808,""
"","3449afdbb6b9749ef19da429e10c03dc","26-11e76689aee767650d0869c89803137a","1221553","هرمزگان","Hormozgān","خمیر","Khamir","مرکزی","Markazi","","","خمیر","Khamir","چاه روو","Chāh Ravu","Chā Ravu","Hassan Mohebbi Bahmani, field notes 2015","255","","","","Khamiri 100%","Ali Rashidi, pers. comm. 2015",27.13728086565335,55.697271107312176,""
"","3449afdbb6b9749ef19da429e10c457e","26-29d6b2a570d78a0d3e321e92aa2ff9eb","1221554","هرمزگان","Hormozgān","خمیر","Khamir","مرکزی","Markazi","","","خمیر","Khamir","درگور","Dar Gur","Dar Gur","Hassan Mohebbi Bahmani, field notes 2015","1407","","","","Khamiri 100%","Ali Rashidi, pers. comm. 2015",27.149606350714265,55.659795282961284,""
"","3449afdbb6b9749ef19da429e10c87e6","26-f4d13169c025d7b9426fdfa11abebcfc","1221555","هرمزگان","Hormozgān","خمیر","Khamir","مرکزی","Markazi","","","خمیر","Khamir","کسه","Keseh","Kesa","Hassan Mohebbi Bahmani, field notes 2015","729","","","","Khamiri 100%","Ali Rashidi, pers. comm. 2015",27.18165960959484,55.6301944242768,""
"","3449afdbb6b9749ef19da429e10cd573","26-f5543fb443eb9d7c7d08599678c7feef","1221556","هرمزگان","Hormozgān","خمیر","Khamir","مرکزی","Markazi","","","خمیر","Khamir","گری شیخ","Gari Shikh","Gari Shikh","Hassan Mohebbi Bahmani, field notes 2015","465","","","","Khamiri 100%","Ali Rashidi, pers. comm. 2015",27.12573702175426,55.71848201619771,""
"","3449afdbb6b9749ef19da429e10d209f","22-c491518225540ad766b1870ec308fc42","1221557","هرمزگان","Hormozgān","خمیر","Khamir","مرکزی","Markazi","","","کهورستان","Kahurestān","","","","","14861","","","","","","","",""
"","3449afdbb6b9749ef19da429e10d5ff7","26-81c1315d344109e70813e33d63cd3e51","1221558","هرمزگان","Hormozgān","خمیر","Khamir","مرکزی","Markazi","","","کهورستان","Kahurestān","آرابی","Ārabi","Ārabi","Hassan Mohebbi Bahmani, field notes 2015","879","","","","Banderi of Bandar Abbās 100%","Ali Rashidi, pers. comm. 2015",27.194123340433983,55.69081234800438,""
"","3449afdbb6b9749ef19da429e10dba52","26-17605aa2a8e68351bfab6c56dd0508a7","1221559","هرمزگان","Hormozgān","خمیر","Khamir","مرکزی","Markazi","","","کهورستان","Kahurestān","برکه سلطان","Berkeh Soltān","Berka Soltān","Hassan Mohebbi Bahmani, field notes 2015","188","","","","Banderi of Bandar Abbās 100%","Ali Rashidi, pers. comm. 2015",27.243992946377475,55.50317573418453,""
"","3449afdbb6b9749ef19da429e10df823","26-d9a3b47e1317497a15fe56ade8c646fc","1221560","هرمزگان","Hormozgān","خمیر","Khamir","مرکزی","Markazi","","","کهورستان","Kahurestān","قلعه پارو","Qal'eh Pārow","Kalla Pārow","Hassan Mohebbi Bahmani, field notes 2015","48","","","","Banderi of Bandar Abbās 100%","Ali Rashidi, pers. comm. 2015",27.202096152853635,55.64868557322863,""
"","3449afdbb6b9749ef19da429e10e4d45","26-bff0147fd910fb18175863a718b1d6b2","1221561","هرمزگان","Hormozgān","خمیر","Khamir","مرکزی","Markazi","","","کهورستان","Kahurestān","نره","Nareh","Nara","Hassan Mohebbi Bahmani, field notes 2015","422","","","","Banderi of Bandar Abbās 100%","Ali Rashidi, pers. comm. 2015",27.265271603902374,55.56365418304307,""
"","3449afdbb6b9749ef19da429e10e99b7","26-9c369338cd4945b1b130f80bf4b7644a","1221562","هرمزگان","Hormozgān","خمیر","Khamir","مرکزی","Markazi","","","کهورستان","Kahurestān","نیمه کار","Nimeh Kār","Nima Kār","Hassan Mohebbi Bahmani, field notes 2015","1705","","","","Banderi of Bandar Abbās 100%","Ali Rashidi, pers. comm. 2015",27.231849602652094,55.74507880078594,""
"","3449afdbb6b9749ef19da429e10ef120","26-e5249ef7bf9539aad2715a4839f56b07","1221563","هرمزگان","Hormozgān","خمیر","Khamir","مرکزی","Markazi","","","کهورستان","Kahurestān","تهلو","Tahlow","Tahlow","Hassan Mohebbi Bahmani, field notes 2015","913","","","","Banderi of Bandar Abbās 100%","Ali Rashidi, pers. comm. 2015",27.23358580994592,55.82152175770714,""
"","3449afdbb6b9749ef19da429e10f3e07","28-c1d25bf8c1686d6da9fcbad9e9319bac","1221564","هرمزگان","Hormozgān","خمیر","Khamir","مرکزی","Markazi","","","کهورستان","Kahurestān","انگوران","Angurān","Angurān","Hassan Mohebbi Bahmani, field notes 2015","195","","","","Banderi of Bandar Abbās 100%","Ali Rashidi, pers. comm. 2015",27.23683,55.82384,""
"","3449afdbb6b9749ef19da429e10fac5f","26-dc7f35a3b1aba74fab24939b57cbe77a","1221565","هرمزگان","Hormozgān","خمیر","Khamir","مرکزی","Markazi","","","کهورستان","Kahurestān","پی پر","Pey Par","Pey Par","Hassan Mohebbi Bahmani, field notes 2015","27","","","","Banderi of Bandar Abbās 100%","Ali Rashidi, pers. comm. 2015",27.385874697460743,55.7853955758351,""
"","3449afdbb6b9749ef19da429e10fecde","26-fabd8974f675f8da18e7478d58125c81","1221566","هرمزگان","Hormozgān","خمیر","Khamir","مرکزی","Markazi","","","کهورستان","Kahurestān","چوری","Churi","Chāhi","Hassan Mohebbi Bahmani, field notes 2015","37","","","","Banderi of Bandar Abbās 100%","Ali Rashidi, pers. comm. 2015",27.378758215871027,55.81227119413322,""
"","3449afdbb6b9749ef19da429e1104743","26-840519f7fbaf4c35b5200d38939d8cc6","1221567","هرمزگان","Hormozgān","خمیر","Khamir","مرکزی","Markazi","","","کهورستان","Kahurestān","کشاربالا","Keshār Bālā","Keshār Bālā","Hassan Mohebbi Bahmani, field notes 2015","2316","","","","Banderi of Bandar Abbās 100%","Ali Rashidi, pers. comm. 2015",27.266778409584344,55.95459151132925,""
"","3449afdbb6b9749ef19da429e1108e77","26-53c4365e076e3bc9908ff946778e6ab9","1221568","هرمزگان","Hormozgān","خمیر","Khamir","مرکزی","Markazi","","","کهورستان","Kahurestān","کشاردوستانی","Keshār Dustāni","Keshār Dustāni","Hassan Mohebbi Bahmani, field notes 2015","348","","","","Banderi of Bandar Abbās 100%","Ali Rashidi, pers. comm. 2015",27.252186331420287,55.94242501123975,""
"","3449afdbb6b9749ef19da429e110e26a","26-4873f1883b0d8a77bb75c28a3c96a293","1221569","هرمزگان","Hormozgān","خمیر","Khamir","مرکزی","Markazi","","","کهورستان","Kahurestān","کشارزیر","Keshār Zir","Keshār Zir","Hassan Mohebbi Bahmani, field notes 2015","410","","","","Banderi of Bandar Abbās 100%","Ali Rashidi, pers. comm. 2015",27.233910153354696,55.90759384497794,""
"","3449afdbb6b9749ef19da429e111264b","26-752c6f907bb2ac6b7496efe4c6c49df6","1221570","هرمزگان","Hormozgān","خمیر","Khamir","مرکزی","Markazi","","","کهورستان","Kahurestān","کشارسرگپ","Keshār Sar Gap","Keshār Sar Gap","Hassan Mohebbi Bahmani, field notes 2015","445","","","","Banderi of Bandar Abbās 100%","Ali Rashidi, pers. comm. 2015",27.246310810332687,55.9294699417005,""
"","3449afdbb6b9749ef19da429e1116012","26-26e042e86b6445c3dd46d13ac8440efb","1221571","هرمزگان","Hormozgān","خمیر","Khamir","مرکزی","Markazi","","","کهورستان","Kahurestān","مارو","Māru","Mowru","Hassan Mohebbi Bahmani, field notes 2015","287","","","","Banderi of Bandar Abbās 100%","Ali Rashidi, pers. comm. 2015",27.37862544035732,55.83008873329429,""
"","3449afdbb6b9749ef19da429e111b838","27-6d7b4d72cb28371a0e0e5181e0248517","1221572","هرمزگان","Hormozgān","خمیر","Khamir","مرکزی","Markazi","","","کهورستان","Kahurestān","آشتابی","Āshtābi","Āshtābi","Hassan Mohebbi Bahmani, field notes 2015","","(less than 3 households; population not specified in 2011 Census for reasons of privacy)","","","Banderi of Bandar Abbās 100%","Ali Rashidi, pers. comm. 2015",27.374099990993425,55.85860597953551,""
"","3449afdbb6b9749ef19da429e111f347","27-99b2f486a783f629fd57af84c9640fd6","1221573","هرمزگان","Hormozgān","خمیر","Khamir","مرکزی","Markazi","","","کهورستان","Kahurestān","تهلاب","Tahl Āb","Tahlow","Hassan Mohebbi Bahmani, field notes 2015","","(less than 3 households; population not specified in 2011 Census for reasons of privacy)","","","Banderi of Bandar Abbās 100%","Ali Rashidi, pers. comm. 2015",27.38725186316058,55.93755411967408,""
"","3449afdbb6b9749ef19da429e1123ff6","26-0226d883a41d4a0a56e6de093e22601c","1221574","هرمزگان","Hormozgān","خمیر","Khamir","مرکزی","Markazi","","","کهورستان","Kahurestān","چاه گود چماردان","Chāh Gowd Chemārdān","Chāh Gowd Chemārdun","Hassan Mohebbi Bahmani, field notes 2015","128","","","","Banderi of Bandar Abbās 100%","Ali Rashidi, pers. comm. 2015",27.271999619367236,56.012022970747914,""
"","3449afdbb6b9749ef19da429e112a8f2","26-c6fb58ce8a4085e03b98686ee30f31c8","1221575","هرمزگان","Hormozgān","خمیر","Khamir","مرکزی","Markazi","","","کهورستان","Kahurestān","کشارچماردان","Keshār Chemārdān","Keshār Chemārdun","Hassan Mohebbi Bahmani, field notes 2015","663","","","","Banderi of Bandar Abbās 100%","Ali Rashidi, pers. comm. 2015",27.247050036623325,55.97646760805181,""
"","3449afdbb6b9749ef19da429e112e92a","27-011072657c9401f340048c64f9b1b0d0","1221576","هرمزگان","Hormozgān","خمیر","Khamir","مرکزی","Markazi","","","کهورستان","Kahurestān","دریخا","Dārikhā","Dārikhā","Hassan Mohebbi Bahmani, field notes 2015","101","","","","Banderi of Bandar Abbās 100%","Ali Rashidi, pers. comm. 2015",27.375895298637513,55.88429935103694,""
"","3449afdbb6b9749ef19da429e11334e5","26-053adfc0b53ce919d6c2e36891030ebc","1221577","هرمزگان","Hormozgān","خمیر","Khamir","مرکزی","Markazi","","","کهورستان","Kahurestān","شهرجدیدعلوی","Shahr-e Jadid-e Alavi","Shahr-e Jadid-e Alavi","Hassan Mohebbi Bahmani, field notes 2015","278","","","","Banderi of Bandar Abbās 100%","Ali Rashidi, pers. comm. 2015",27.281678473581426,55.996315954758714,""
"","3449afdbb6b9749ef19da429e1139246","26-32b569d651df6fc3c72eedee2162404d","1221578","هرمزگان","Hormozgān","خمیر","Khamir","مرکزی","Markazi","","","کهورستان","Kahurestān","چاه لیمو","Chāh Limu","Chāh Limu","Hassan Mohebbi Bahmani, field notes 2015","81","","","","Banderi of Bandar Abbās 100%","Ali Rashidi, pers. comm. 2015",27.266210975662105,55.93423890932618,""
"","3449afdbb6b9749ef19da429e113ee35","26-ba4234eeb41f95b6e4b399becce17611","1221579","هرمزگان","Hormozgān","خمیر","Khamir","مرکزی","Markazi","","","کهورستان","Kahurestān","کهورستان","Kahurestān","Kahureston","Hassan Mohebbi Bahmani, field notes 2015","3261","","","","Banderi of Bandar Abbās 100%","Ali Rashidi, pers. comm. 2015",27.218059148737133,55.55958795417897,""
"","3449afdbb6b9749ef19da429e114435f","26-282e065daa54de415fa598fe0b42f9b9","1221580","هرمزگان","Hormozgān","خمیر","Khamir","مرکزی","Markazi","","","کهورستان","Kahurestān","چینگو","Chingu","Chingu","Hassan Mohebbi Bahmani, field notes 2015","96","","","","Banderi of Bandar Abbās 100%","Ali Rashidi, pers. comm. 2015",27.141927001387856,55.444605588709216,""
"","3449afdbb6b9749ef19da429e114a4b3","27-9c3613ee5802092f924f8cb030585e3b","1221581","هرمزگان","Hormozgān","خمیر","Khamir","مرکزی","Markazi","","","کهورستان","Kahurestān","تقی خانی","Taghi Khāni","Taghi Khāni","Hassan Mohebbi Bahmani, field notes 2015","","(less than 3 households; population not specified in 2011 Census for reasons of privacy)","","","Banderi of Bandar Abbās 100%","Ali Rashidi, pers. comm. 2015",27.277149065484487,55.386494277639585,""
"","3449afdbb6b9749ef19da429e114f50f","26-b979ed390f2475a7b3383acc04896631","1221582","هرمزگان","Hormozgān","خمیر","Khamir","مرکزی","Markazi","","","کهورستان","Kahurestān","احمدآباد","Ahmad Ābād","Ahmad Ābād","Hassan Mohebbi Bahmani, field notes 2015","14","","","","Banderi of Bandar Abbās 100%","Ali Rashidi, pers. comm. 2015",27.298707395420408,55.312706707645646,""
"","3449afdbb6b9749ef19da429e1153dfa","26-fda80876b03a1ee439823ec551f605bb","1221583","هرمزگان","Hormozgān","خمیر","Khamir","مرکزی","Markazi","","","کهورستان","Kahurestān","دوکل پهن (برکه نو)","Do Kal Pahn","Do Kal Pahn","Hassan Mohebbi Bahmani, field notes 2015","90","","","","Banderi of Bandar Abbās 100%","Ali Rashidi, pers. comm. 2015",27.29904108281165,55.3113656031442,""
"","3449afdbb6b9749ef19da429e11585b6","26-6ee8d4799579858c126901bc7615c721","1221584","هرمزگان","Hormozgān","خمیر","Khamir","مرکزی","Markazi","","","کهورستان","Kahurestān","چاه گلنی","Cāh Galani","Cāh Galani","Hassan Mohebbi Bahmani, field notes 2015","27","","","","Banderi of Bandar Abbās 100%","Ali Rashidi, pers. comm. 2015",27.299331866715253,55.33207762115265,""
"","3449afdbb6b9749ef19da429e115d72a","26-4c884376f0e8c3cdd9051a75961582e3","1221585","هرمزگان","Hormozgān","خمیر","Khamir","مرکزی","Markazi","","","کهورستان","Kahurestān","جیحون","Jihun","Jihun","Hassan Mohebbi Bahmani, field notes 2015","643","","","","Banderi of Bandar Abbās 100%","Ali Rashidi, pers. comm. 2015",27.295532548138702,55.20178127164781,""
"","3449afdbb6b9749ef19da429e11621fc","26-63269b3870d073cfc8bd4cca8f725a14","1221586","هرمزگان","Hormozgān","خمیر","Khamir","مرکزی","Markazi","","","کهورستان","Kahurestān","چاه مخور","Chāh Makhor","Chāh Makhor","Hassan Mohebbi Bahmani, field notes 2015","548","","","","Banderi of Bandar Abbās 100%","Ali Rashidi, pers. comm. 2015",27.26561969690682,55.40945398680361,""
"","3449afdbb6b9749ef19da429e1166eb1","26-4f25deff1bcc46fd72f2ab102640416d","1221587","هرمزگان","Hormozgān","خمیر","Khamir","مرکزی","Markazi","","","کهورستان","Kahurestān","شیب روان","Shib Ravān","Shib Ravān","Hassan Mohebbi Bahmani, field notes 2015","99","","","","Banderi of Bandar Abbās 100%","Ali Rashidi, pers. comm. 2015",27.258590868170128,55.452015279446414,""
"","3449afdbb6b9749ef19da429e116d523","26-3427ba347f463e9384613fb8bbc9ba1f","1221588","هرمزگان","Hormozgān","خمیر","Khamir","مرکزی","Markazi","","","کهورستان","Kahurestān","تنگ دالان","Tang-e Dālān","Tang-e Dālān","Hassan Mohebbi Bahmani, field notes 2015","222","","","","Banderi of Bandar Abbās 100%","Ali Rashidi, pers. comm. 2015",27.33472077425841,55.10155248518651,""
"","3449afdbb6b9749ef19da429e1170ac7","26-2cfc8f45085057ecb0ce6551ab59be1c","1221589","هرمزگان","Hormozgān","خمیر","Khamir","مرکزی","Markazi","","","کهورستان","Kahurestān","دشت","Dasht","Dasht","Hassan Mohebbi Bahmani, field notes 2015","225","","","","Banderi of Bandar Abbās 100%","Ali Rashidi, pers. comm. 2015",27.273964065848013,55.08117842551432,""
"","3449afdbb6b9749ef19da429e1174b3e","26-d389083fa9e5b64e157c94879de9d53e","1221590","هرمزگان","Hormozgān","خمیر","Khamir","مرکزی","Markazi","","","کهورستان","Kahurestān","سرتنگ","Sar Tang","Sar Tang","Hassan Mohebbi Bahmani, field notes 2015","145","","","","Banderi of Bandar Abbās 100%","Ali Rashidi, pers. comm. 2015",27.3647388689398,55.06496715422984,""
"","3449afdbb6b9749ef19da429e1179be1","26-f306d8b45d9dea4de500de1c4c0619c9","1221591","هرمزگان","Hormozgān","خمیر","Khamir","مرکزی","Markazi","خمیر","Khamir","","","","","Khamir","Hassan Mohebbi Bahmani, field notes 2015","14617","","","","Khamiri 99.5%; Koroshi 0.5%","Ali Rashidi, pers. comm. 2015; Maryam Nourzaei, field notes 2011",26.95222138273464,55.585154770504836,""
"","3449afdbb6b9749ef19da429e117f269","22-fa733612221ce40e2a1595ff1c780ec5","1221592","هرمزگان","Hormozgān","خمیر","Khamir","","","","","","","","","","","390","","","","","","","",""
"","3449afdbb6b9749ef19da429e1184124","22-14b5171170c5a0d3e0381ae547b3c295","1221593","هرمزگان","Hormozgān","خمیر","Khamir","","","","","","","","","","","390","","","","","","","",""
"","3449afdbb6b9749ef19da429e118a538","22-41062deca5ccfb36597c93dc159a0aff","1221594","هرمزگان","Hormozgān","خمیر","Khamir","","","","","","","","","","","390","","","","","","","",""
"","3449afdbb6b9749ef19da429e118fe43","22-32a771b509daca79b0e317dd483cdc9d","1221595","هرمزگان","Hormozgān","پارسیان","Pārsiān","","","","","","","","","","","42843","","","","","","","",""
"","3449afdbb6b9749ef19da429e119386a","22-df6fcd0c43ab5fc9a7841c115971692d","1221596","هرمزگان","Hormozgān","پارسیان","Pārsiān","کوشکنار","Kush Kenār","","","","","","","","","11615","","","","","","","",""
"","3449afdbb6b9749ef19da429e119a095","22-edb9e48415d3ea1a7b9d1f80709a270d","1221597","هرمزگان","Hormozgān","پارسیان","Pārsiān","کوشکنار","Kush Kenār","","","بهدشت","Behdasht","","","","","4231","","","","","","","",""
"","3449afdbb6b9749ef19da429e119eeec","26-4d207086bc7d9d8e6bd3029050964028","1221598","هرمزگان","Hormozgān","پارسیان","Pārsiān","کوشکنار","Kush Kenār","","","بهدشت","Behdasht","بندربستانو","Bandar Bostānu","Bander Bostānu","Hassan Mohebbi Bahmani, field notes 2015","734","","","","Koshkonāri 100%","Ali Rashidi, pers. comm. 2015",27.124122971251765,53.0287010734691,""
"","3449afdbb6b9749ef19da429e11a33ec","26-a7c4fac982434ad7f5569bba0019bfd4","1221599","هرمزگان","Hormozgān","پارسیان","Pārsiān","کوشکنار","Kush Kenār","","","بهدشت","Behdasht","زیارت","Ziārat","Ziārat","Hassan Mohebbi Bahmani, field notes 2015","912","","","","Koshkonāri 100%","Ali Rashidi, pers. comm. 2015",27.096905011169977,53.08084911957974,""
"","3449afdbb6b9749ef19da429e11a8cca","26-740984cbbae54f031bd496ec07ee13b4","1221600","هرمزگان","Hormozgān","پارسیان","Pārsiān","کوشکنار","Kush Kenār","","","بهدشت","Behdasht","ستلو","Sotolu","Sotolu","Hassan Mohebbi Bahmani, field notes 2015","1482","","","","Dashtini 100%","Ali Rashidi, pers. comm. 2015",27.19353358252317,52.9635686164103,""
"","3449afdbb6b9749ef19da429e11adbcb","27-ab0a49faad337a609e230b87ebe462ee","1221601","هرمزگان","Hormozgān","پارسیان","Pārsiān","کوشکنار","Kush Kenār","","","بهدشت","Behdasht","بندرشیو","Bandar Shiveh","Bander Shiva","Hassan Mohebbi Bahmani, field notes 2015","541","","","","Gulf Arabic 100%","Ali Rashidi, pers. comm. 2015",27.08151712181046,53.14303126117302,""
"","3449afdbb6b9749ef19da429e11b2fcd","27-b81ea3626df2c2293b3f8dd3e578cf68","1221602","هرمزگان","Hormozgān","پارسیان","Pārsiān","کوشکنار","Kush Kenār","","","بهدشت","Behdasht","مغدان","Moghdān","Moghdān","Hassan Mohebbi Bahmani, field notes 2015","562","","","","Gulf Arabic 100%","Ali Rashidi, pers. comm. 2015",27.075262432587053,53.16673126002588,""
"","3449afdbb6b9749ef19da429e11b85df","22-8b292b9fe087dfa67a2c2da08912f956","1221603","هرمزگان","Hormozgān","پارسیان","Pārsiān","کوشکنار","Kush Kenār","","","کوشکنار","Kush Kenār","","","","","4482","","","","","","","",""
"","3449afdbb6b9749ef19da429e11bc6ed","28-9dc837e8772ba1478fc0aa39d71c967a","1221604","هرمزگان","Hormozgān","پارسیان","Pārsiān","کوشکنار","Kush Kenār","","","کوشکنار","Kush Kenār","اکبری","Akbari","Akbari","Hassan Mohebbi Bahmani, field notes 2015","177","","","","Gulf Arabic 100%","Ali Rashidi, pers. comm. 2015",27.285446277507877,52.82724555025398,""
"","3449afdbb6b9749ef19da429e11c2662","27-9e52b2b6a4f11211f078e04cc8bd3f9d","1221605","هرمزگان","Hormozgān","پارسیان","Pārsiān","کوشکنار","Kush Kenār","","","کوشکنار","Kush Kenār","تنبوجنوبی","Tonbu Jonubi","Tonbu Jonubi","Hassan Mohebbi Bahmani, field notes 2015","310","","","","Gulf Arabic 100%","Ali Rashidi, pers. comm. 2015",27.29092404486891,52.82021816263457,""
"","3449afdbb6b9749ef19da429e11c8bd7","27-1fa3981167c81de997b8c0b383b2fae6","1221606","هرمزگان","Hormozgān","پارسیان","Pārsiān","کوشکنار","Kush Kenār","","","کوشکنار","Kush Kenār","تنبوشمالی","Tonbu Shomāli","Tonbu Shomāli","Hassan Mohebbi Bahmani, field notes 2015","270","","","","Gulf Arabic 100%","Ali Rashidi, pers. comm. 2015",27.301201876564086,52.808223323921375,""
"","3449afdbb6b9749ef19da429e11ce7ea","27-7dc723f44c979f88f99caa89e3db8124","1221607","هرمزگان","Hormozgān","پارسیان","Pārsiān","کوشکنار","Kush Kenār","","","کوشکنار","Kush Kenār","غورزه","Ghavar Zeh","Ghavar Zeh","Hassan Mohebbi Bahmani, field notes 2015","476","","","","Gulf Arabic 100%","Ali Rashidi, pers. comm. 2015",27.223588489772688,52.8940189514062,""
"","3449afdbb6b9749ef19da429e11d3956","27-f1e31a5154cc1c94cbf2c54214e8f394","1221608","هرمزگان","Hormozgān","پارسیان","Pārsiān","کوشکنار","Kush Kenār","","","کوشکنار","Kush Kenār","سورباش","Sur Bāsh","Sur Bāsh","Hassan Mohebbi Bahmani, field notes 2015","486","","","","Gulf Arabic 100%","Ali Rashidi, pers. comm. 2015",27.26954699247814,52.837446595351366,""
"","3449afdbb6b9749ef19da429e11d84f8","27-cc1c5ee0ce27a42502b1d4fb9f0fafe7","1221609","هرمزگان","Hormozgān","پارسیان","Pārsiān","کوشکنار","Kush Kenār","","","کوشکنار","Kush Kenār","فارسی","Fāresi","Fāresi","Hassan Mohebbi Bahmani, field notes 2015","279","","","","Gulf Arabic 100%","Ali Rashidi, pers. comm. 2015",27.28134611820174,52.830775337316425,""
"","3449afdbb6b9749ef19da429e11de54f","27-c2ee3f697a7f3546ac534dc6ccbc5841","1221610","هرمزگان","Hormozgān","پارسیان","Pārsiān","کوشکنار","Kush Kenār","","","کوشکنار","Kush Kenār","برکه دکا","Berkeh Dekā","Berka Dekā","Hassan Mohebbi Bahmani, field notes 2015","1106","","","","Gulf Arabic 100%","Ali Rashidi, pers. comm. 2015",27.274489085895837,52.93556254931564,""
"","3449afdbb6b9749ef19da429e11e31f6","28-52a185b056224d69f1f0cf41c5c90369","1221611","هرمزگان","Hormozgān","پارسیان","Pārsiān","کوشکنار","Kush Kenār","","","کوشکنار","Kush Kenār","چاه شنبه","Chāh Shanbeh","Chāh Shanba","Hassan Mohebbi Bahmani, field notes 2015","72","","","","Gulf Arabic 100%","Ali Rashidi, pers. comm. 2015",27.340023043264072,52.97799396421919,""
"","3449afdbb6b9749ef19da429e11e7776","27-8f80a88d801e2c7d4496b78a828c42a7","1221612","هرمزگان","Hormozgān","پارسیان","Pārsiān","کوشکنار","Kush Kenār","","","کوشکنار","Kush Kenār","عمانی","Omāni","Omāni","Hassan Mohebbi Bahmani, field notes 2015","1092","","","","Gulf Arabic 100%","Ali Rashidi, pers. comm. 2015",27.256431873310387,52.9630794526582,""
"","3449afdbb6b9749ef19da429e11ec26b","29-b74b8eccddea8a6acc3ad5e790f79a54","1221613","هرمزگان","Hormozgān","پارسیان","Pārsiān","کوشکنار","Kush Kenār","","","کوشکنار","Kush Kenār","حسین آباد","Hoseyn Ābād","Hoseyn Ābād","Hassan Mohebbi Bahmani, field notes 2015","214","","","","Gulf Arabic 100%","Ali Rashidi, pers. comm. 2015",27.26299030394547,52.96497041001256,""
"","3449afdbb6b9749ef19da429e11f1d15","28-7e454ab063498adbcdc520cac7de7f51","1221614","هرمزگان","Hormozgān","پارسیان","Pārsiān","کوشکنار","Kush Kenār","کوشکنار","Kush Kenār","","","","","Kosh Konār, Kush Konār","Ali Rashidi, pers. comm. 2015; Hassan Mohebbi Bahmani, field notes 2015","2902","","","","Koshkonāri 100%","Ali Rashidi, pers. comm. 2015",27.25189189845664,52.86684715763455,""
"","3449afdbb6b9749ef19da429e11f7200","22-4d1c4e4019092fd2a298745aff33f769","1221615","هرمزگان","Hormozgān","پارسیان","Pārsiān","مرکزی","Markazi","","","","","","","","","31228","","","","","","","",""
"","3449afdbb6b9749ef19da429e11fd0a0","22-bbb51df906672b991acf296dad807e66","1221616","هرمزگان","Hormozgān","پارسیان","Pārsiān","مرکزی","Markazi","","","بوچیر","Buchir","","","","","5353","","","","","","","",""
"","3449afdbb6b9749ef19da429e1201333","27-19c5f011a4eeb65576f59cf9d9f5f9ec","1221617","هرمزگان","Hormozgān","پارسیان","Pārsiān","مرکزی","Markazi","","","بوچیر","Buchir","بوچیر","Buchir","Buchir","Hassan Mohebbi Bahmani, field notes 2015","3209","","","","Buchiri 100%","Ali Rashidi, pers. comm. 2015",27.06316409142091,53.6178824352838,""
"","3449afdbb6b9749ef19da429e1798215","27-5d0975ddef10f7f29cfef105b17d7a08","1221618","هرمزگان","Hormozgān","پارسیان","Pārsiān","مرکزی","Markazi","","","بوچیر","Buchir","حمیران","Homeyrān","Homeyrān","Hassan Mohebbi Bahmani, field notes 2015","932","","","","Gulf Arabic 100%","Ali Rashidi, pers. comm. 2015",27.039940478160077,53.69618148083537,""
"","3449afdbb6b9749ef19da429e179774f","27-dc8a1e31b33fdd2e761f62ccb78ce0d1","1221619","هرمزگان","Hormozgān","پارسیان","Pārsiān","مرکزی","Markazi","","","بوچیر","Buchir","هشنیز","Heshniz","Heshniz","Hassan Mohebbi Bahmani, field notes 2015","1074","","","","Heshnizi 100%","Ali Rashidi, pers. comm. 2015",27.080579436841305,53.52910870319988,""
"","3449afdbb6b9749ef19da429e17968fd","26-596c1f0cc11b4c96d77cd079e9919905","1221620","هرمزگان","Hormozgān","پارسیان","Pārsiān","مرکزی","Markazi","","","بوچیر","Buchir","احمدی","Ahmadi","Ahmadi","Hassan Mohebbi Bahmani, field notes 2015","138","","","","Chahvāzi 100%","Ali Rashidi, pers. comm. 2015",27.052300164520954,53.534022510114575,""
"","3449afdbb6b9749ef19da429e121464c","22-ba9008e61b96930269cecfd88bfd5762","1221621","هرمزگان","Hormozgān","پارسیان","Pārsiān","مرکزی","Markazi","","","مهرگان","Mehregān","","","","","13331","","","","","","","",""
"","3449afdbb6b9749ef19da429e1218b44","26-f5638d6469a40540633931ff9382ad76","1221622","هرمزگان","Hormozgān","پارسیان","Pārsiān","مرکزی","Markazi","","","مهرگان","Mehregān","بهده","Behdeh","Behdah","Hassan Mohebbi Bahmani, field notes 2015","1550","","","","Buchiri 100%","Ali Rashidi, pers. comm. 2015",27.107437604029673,53.36760356590737,""
"","3449afdbb6b9749ef19da429e121ca34","26-ee7fc1dc399b3e56a8954f5212aa7bf6","1221623","هرمزگان","Hormozgān","پارسیان","Pārsiān","مرکزی","Markazi","","","مهرگان","Mehregān","چهواز","Chah Vāz","Chah Vāz","Hassan Mohebbi Bahmani, field notes 2015","611","","","","Chahvāzi 100%","Ali Rashidi, pers. comm. 2015",27.090107220363162,53.416301752774466,""
"","3449afdbb6b9749ef19da429e12204f6","26-e84affb9954f6b3ec913ab481be47930","1221624","هرمزگان","Hormozgān","پارسیان","Pārsiān","مرکزی","Markazi","","","مهرگان","Mehregān","دم تیر جنوبی","Dom Tir","Dom Tir","Hassan Mohebbi Bahmani, field notes 2015","600","","","","Buchiri 100%","Ali Rashidi, pers. comm. 2015",27.120813868190286,53.31804726541329,""
"","3449afdbb6b9749ef19da429e12250e1","26-664b0067deea4f329f3b57be5a776e5f","1221625","هرمزگان","Hormozgān","پارسیان","Pārsiān","مرکزی","Markazi","","","مهرگان","Mehregān","گودکناردان","Gowd Konārdān","Gowd Konārdān","Hassan Mohebbi Bahmani, field notes 2015","38","","","","Buchiri 100%","Ali Rashidi, pers. comm. 2015",27.13682483162513,53.301621224150715,""
"","3449afdbb6b9749ef19da429e122a06e","26-0e676a76377ea4e24218b4a27224d370","1221626","هرمزگان","Hormozgān","پارسیان","Pārsiān","مرکزی","Markazi","","","مهرگان","Mehregān","دمتیر شمالی","Dom Tir Shomāli","Dom Tir Shomāli","Hassan Mohebbi Bahmani, field notes 2015","375","","","","Buchiri 100%","Ali Rashidi, pers. comm. 2015",27.125730518265268,53.303328394983474,""
"","3449afdbb6b9749ef19da429e122db12","30-51c06a757e21471a4fe470d30b8deb2c","1221627","هرمزگان","Hormozgān","پارسیان","Pārsiān","مرکزی","Markazi","","","مهرگان","Mehregān","بمبری","Bambari","Bambari","Hassan Mohebbi Bahmani, field notes 2015","385","","","","Dashtini 100%","Mortaza Taheri, field notes 2017",27.200446114519377,53.023737621836666,""
"","3449afdbb6b9749ef19da429e1232412","27-80c29a37b6bdbc8638e5f9456828601c","1221628","هرمزگان","Hormozgān","پارسیان","Pārsiān","مرکزی","Markazi","","","مهرگان","Mehregān","چکچکجنوبی","Chak Chak Jonubi","Chak Chak Jonubi","Hassan Mohebbi Bahmani, field notes 2015","","(less than 3 households; population not specified in 2011 Census for reasons of privacy)","","","Buchiri 100%","Ali Rashidi, pers. comm. 2015",27.153351643697572,53.212519526587975,""
"","3449afdbb6b9749ef19da429e1238977","26-96388f13e3b2afefe5ff6b7d97e84f64","1221629","هرمزگان","Hormozgān","پارسیان","Pārsiān","مرکزی","Markazi","","","مهرگان","Mehregān","چکچکشمالی","Chak Chak Shomāli","Chak Chak Shomāli","Hassan Mohebbi Bahmani, field notes 2015","47","","","","Buchiri 100%","Ali Rashidi, pers. comm. 2015",27.158559313214326,53.212431304314144,""
"","3449afdbb6b9749ef19da429e123e0db","26-ee4a06256db5a0eb5b37076acd2fbfee","1221630","هرمزگان","Hormozgān","پارسیان","Pārsiān","مرکزی","Markazi","","","مهرگان","Mehregān","حاجی آباد","Hāji Ābād","Hāji Ābād","Hassan Mohebbi Bahmani, field notes 2015","89","","","","Gāvbandi 100%","Ali Rashidi, pers. comm. 2015",27.227407060575953,53.024151095963894,""
"","3449afdbb6b9749ef19da429e1242b31","26-eabbdb52d640c69d05b430080ea69da8","1221631","هرمزگان","Hormozgān","پارسیان","Pārsiān","مرکزی","Markazi","","","مهرگان","Mehregān","رستم آباد","Rostam Ābād","Rostam Ābād","Hassan Mohebbi Bahmani, field notes 2015","102","","","","Buchiri 100%","Ali Rashidi, pers. comm. 2015",27.23391619794743,53.02480252144638,""
"","3449afdbb6b9749ef19da429e12484e3","26-9d2ab7f4834ab3c8c2d92d5f69688bd1","1221632","هرمزگان","Hormozgān","پارسیان","Pārsiān","مرکزی","Markazi","","","مهرگان","Mehregān","فومستان","Fumestān","Fumestān","Hassan Mohebbi Bahmani, field notes 2015","994","","","","Gāvbandi 100%","Ali Rashidi, pers. comm. 2015",27.231531297954344,53.03230197785111,""
"","3449afdbb6b9749ef19da429e124d627","26-279d85bacd5569a4a544fd9086e0bbb6","1221633","هرمزگان","Hormozgān","پارسیان","Pārsiān","مرکزی","Markazi","","","مهرگان","Mehregān","قاسم آباد","Qāsem ābād","Qāsem Ābād","Hassan Mohebbi Bahmani, field notes 2015","52","","","","Buchiri 100%","Ali Rashidi, pers. comm. 2015",27.18001415405301,53.13825749622752,""
"","3449afdbb6b9749ef19da429e1252f6a","26-42f3ddcfe88329dacdee8999b0c480da","1221634","هرمزگان","Hormozgān","پارسیان","Pārsiān","مرکزی","Markazi","","","مهرگان","Mehregān","میلکی","Milaki","Milaki","Hassan Mohebbi Bahmani, field notes 2015","726","","","","Gāvbandi 100%","Ali Rashidi, pers. comm. 2015",27.241589834677985,53.00376630745355,""
"","3449afdbb6b9749ef19da429e1257f89","26-489cc46714f9768246678cf61a23a671","1221635","هرمزگان","Hormozgān","پارسیان","Pārsiān","مرکزی","Markazi","","","مهرگان","Mehregān","یردخلف","Yord-e Khalf","Yord-e Khalf","Hassan Mohebbi Bahmani, field notes 2015","757","","","","Dashtini 100%","Ali Rashidi, pers. comm. 2015",27.18314720617352,53.047026499007465,""
"","3449afdbb6b9749ef19da429e125c90a","26-8e0b8aa96fdfb3d40610904e7f596601","1221636","هرمزگان","Hormozgān","پارسیان","Pārsiān","مرکزی","Markazi","","","مهرگان","Mehregān","باغستان","Bāghestān","Bāghestān","Hassan Mohebbi Bahmani, field notes 2015","539","","","","Dashtini 100%","Ali Rashidi, pers. comm. 2015",27.18930007597057,53.043382120659075,""
"","3449afdbb6b9749ef19da429e1262901","26-135b8a2240ebf163c9338e1dd44ecdc4","1221637","هرمزگان","Hormozgān","پارسیان","Pārsiān","مرکزی","Markazi","","","مهرگان","Mehregān","یردقاسم عالی","Yord-e Qāsem Āli","Yord-e Qāsem Āli","Hassan Mohebbi Bahmani, field notes 2015","1703","","","","Gāvbandi 100%","Ali Rashidi, pers. comm. 2015",27.191938772219473,53.05871362738479,""
"","3449afdbb6b9749ef19da429e12682ff","27-cc197eee6c59f93ffd40c5cbf002996a","1221638","هرمزگان","Hormozgān","پارسیان","Pārsiān","مرکزی","Markazi","","","مهرگان","Mehregān","مزرعه پیشو","Mazre'e Pishow","Mazre'e Pishow","Hassan Mohebbi Bahmani, field notes 2015","89","","","","Buchiri 100%","Ali Rashidi, pers. comm. 2015",27.179548877595842,53.123929135671496,""
"","3449afdbb6b9749ef19da429e126db10","26-8f5b6803dfb0640b60dafb2a3e767207","1221639","هرمزگان","Hormozgān","پارسیان","Pārsiān","مرکزی","Markazi","","","مهرگان","Mehregān","خوضو","Khowzu","Khowzu","Hassan Mohebbi Bahmani, field notes 2015","112","","","","Buchiri 100%","Ali Rashidi, pers. comm. 2015",27.24735114497358,53.0159971805594,""
"","3449afdbb6b9749ef19da429e1273b03","26-8d46ad48a2f4a0b4a174e7666b4302df","1221640","هرمزگان","Hormozgān","پارسیان","Pārsiān","مرکزی","Markazi","","","مهرگان","Mehregān","دشتی","Dashti","Dashti","Hassan Mohebbi Bahmani, field notes 2015","4258","","","","Dashtini 100%","Ali Rashidi, pers. comm. 2015",27.180696797183035,53.00242136309536,""
"","3449afdbb6b9749ef19da429e1278e61","26-c28c0f1868bdd892978c057d299d04aa","1221641","هرمزگان","Hormozgān","پارسیان","Pārsiān","مرکزی","Markazi","","","مهرگان","Mehregān","یردخردو","Yord-e Khordu","Yord-e Khordu","Hassan Mohebbi Bahmani, field notes 2015","232","","","","Dashtini 100%","Ali Rashidi, pers. comm. 2015",27.18047215739658,53.036478114655075,""
"","3449afdbb6b9749ef19da429e127dad4","26-381d38d3fa774d945c25d132278efeb8","1221642","هرمزگان","Hormozgān","پارسیان","Pārsiān","مرکزی","Markazi","","","مهرگان","Mehregān","چیکلو","Chikalu","Chikalu","Hassan Mohebbi Bahmani, field notes 2015","24","","","","Dashtini 100%","Ali Rashidi, pers. comm. 2015",27.19733752517678,53.02799695743209,""
"","3449afdbb6b9749ef19da429e1281bd2","26-ba0eee4c579b3c64a2c41a88e6b0a48f","1221643","هرمزگان","Hormozgān","پارسیان","Pārsiān","مرکزی","Markazi","","","مهرگان","Mehregān","یرد بصراوی","Yord Basrāvi","Yord Basrāvi","Hassan Mohebbi Bahmani, field notes 2015","42","","","","Dashtini 100%","Ali Rashidi, pers. comm. 2015",27.1888805234426,53.03616355249842,""
"","3449afdbb6b9749ef19da429e1285e74","26-6cc2ba06ca193b980256b4c2f1c029c4","1221644","هرمزگان","Hormozgān","پارسیان","Pārsiān","مرکزی","Markazi","پارسیان، گاوبندی","Pārsiān, Gāv Bandi","","","","","Gāv Bandi","Hassan Mohebbi Bahmani, field notes 2015","12544","","","","Gāvbandi 94%; Tehrāni type Persian 5%; Koroshi 1%","Ali Rashidi, pers. comm. 2015; Maryam Nourzaei, field notes 2011",27.20815834280398,53.035968482623915,""
"","3449afdbb6b9749ef19da429e128c4cb","23-ca74489b6fd5e0c61ffe3479ce3f9c4a","1221645","هرمزگان","Hormozgān","سیریک","Sirik","","","","","","","","","","","43185","","","","","","","",""
"","3449afdbb6b9749ef19da429e1291077","23-3b775fc95235d260bc081bd65af62709","1221646","هرمزگان","Hormozgān","سیریک","Sirik","بمنی","Bomoni","","","","","","","","","12987","","","","","","","",""
"","3449afdbb6b9749ef19da429e1294c88","23-b99a566b57495d58bbbfe85fe7d0d2e7","1221647","هرمزگان","Hormozgān","سیریک","Sirik","بمنی","Bomoni","","","بمنی","Bomoni","","","","","7702","","","","","","","",""
"","3449afdbb6b9749ef19da429e1298d9c","29-8e18cc491f5fd835fee6cf76e8d05ebd","1221648","هرمزگان","Hormozgān","سیریک","Sirik","بمنی","Bomoni","","","بمنی","Bomoni","سرگولم","Sar Gwalm","Sar Gwalm","Hassan Mohebbi Bahmani, field notes 2015","41","","","","Southern Balochi 90%; Shahrichi  10%","Hassan Mohebbi Bahmani, field notes 2015",26.80706,57.06103,""
"","3449afdbb6b9749ef19da429e129dc26","31-5d8a7c95995c89ffa5f5842dfcd7ad2a","1221649","هرمزگان","Hormozgān","سیریک","Sirik","بمنی","Bomoni","","","بمنی","Bomoni","بمنی","Bomoni","Bomoni","Hassan Mohebbi Bahmani, field notes 2015","1041","","","","Southern Balochi 70%; Shahrichi  30%","Hassan Mohebbi Bahmani, field notes 2015",26.82013,57.05188,""
"","3449afdbb6b9749ef19da429e12a2a5b","35-6c7a17477451f10aca164be2f83a6cf5","1221650","هرمزگان","Hormozgān","سیریک","Sirik","بمنی","Bomoni","","","بمنی","Bomoni","کوهستک","Kuhestak","Kustak","Hassan Mohebbi Bahmani, field notes 2015","2548","","","","Southern Balochi 51%; Shahrichi  49%","Hassan Mohebbi Bahmani, field notes 2015",26.80249,57.02641,""
"","3449afdbb6b9749ef19da429e12a874e","31-a47474ab2716c1953b12aadb1f16c5dc","1221651","هرمزگان","Hormozgān","سیریک","Sirik","بمنی","Bomoni","","","بمنی","Bomoni","پاتل","Pā Tal","Pā Tal","Hassan Mohebbi Bahmani, field notes 2015","251","","","","Southern Balochi 70%; Shahrichi  30%","Hassan Mohebbi Bahmani, field notes 2015",26.84182,57.04503,""
"","3449afdbb6b9749ef19da429e12ac1da","31-39242f6ad9563110358cfc776c1cba29","1221652","هرمزگان","Hormozgān","سیریک","Sirik","بمنی","Bomoni","","","بمنی","Bomoni","کلاوی","Kalāvi","Kalāvi","Hassan Mohebbi Bahmani, field notes 2015","435","","","","Southern Balochi 70%; Shahrichi  30%","Hassan Mohebbi Bahmani, field notes 2015",26.8666,57.06755,""
"","3449afdbb6b9749ef19da429e12b1ef2","33-401802a6d893c6a14eecddece0bbc145","1221653","هرمزگان","Hormozgān","سیریک","Sirik","بمنی","Bomoni","","","بمنی","Bomoni","کندال","Kandāl","Kandāl","Hassan Mohebbi Bahmani, field notes 2015","894","","","","Southern Balochi 70%; Shahrichi  30%","Hassan Mohebbi Bahmani, field notes 2015",26.88293,57.02167,""
"","3449afdbb6b9749ef19da429e12b7b89","31-6ff4cd36e434eadc6abc482c9308ec6c","1221654","هرمزگان","Hormozgān","سیریک","Sirik","بمنی","Bomoni","","","بمنی","Bomoni","گوردو","Gwardu","Gwardu","Hassan Mohebbi Bahmani, field notes 2015","1817","","","","Southern Balochi 70%; Shahrichi  30%","Hassan Mohebbi Bahmani, field notes 2015",26.8487,57.02755,""
"","3449afdbb6b9749ef19da429e12bc9b4","35-9dffe01ee3143a381969ba382d981fc2","1221655","هرمزگان","Hormozgān","سیریک","Sirik","بمنی","Bomoni","","","بمنی","Bomoni","لبنی","Labani","Labani","Hassan Mohebbi Bahmani, field notes 2015","468","","","","Southern Balochi 70%; Shahrichi  30%","Hassan Mohebbi Bahmani, field notes 2015",26.83267,57.06953,""
"","3449afdbb6b9749ef19da429e12c0936","31-f1f87d607b05951aec9eea50d1d0aa01","1221656","هرمزگان","Hormozgān","سیریک","Sirik","بمنی","Bomoni","","","بمنی","Bomoni","واداشت","Vādāsht","Wādāsht","Hassan Mohebbi Bahmani, field notes 2015","207","","","","Southern Balochi 70%; Shahrichi  30%","Hassan Mohebbi Bahmani, field notes 2015",26.8283,57.05039,""
"","3449afdbb6b9749ef19da429e12c481d","25-ef6937aff3bfc4dfe3428047b19a43a2","1221657","هرمزگان","Hormozgān","سیریک","Sirik","بمنی","Bomoni","","","شاه مردی","Shāh Mardi","","","","","5285","","","","","","","",""
"","3449afdbb6b9749ef19da429e12c957d","29-7a0387092af1272f30c969add9eb47f0","1221658","هرمزگان","Hormozgān","سیریک","Sirik","بمنی","Bomoni","","","شاه مردی","Shāh Mardi","دودر","Do Dar","Do Dar","Hassan Mohebbi Bahmani, field notes 2015","543","","","","Southern Balochi 70%; Shahrichi  30%","Hassan Mohebbi Bahmani, field notes 2015",26.69784,57.12806,""
"","3449afdbb6b9749ef19da429e12d0ccd","26-a8c25632911cf504957b3fb82b244b24","1221659","هرمزگان","Hormozgān","سیریک","Sirik","بمنی","Bomoni","","","شاه مردی","Shāh Mardi","زمین ملا","Zamin Mollā","Zamin Mollā","Hassan Mohebbi Bahmani, field notes 2015","61","","","","Southern Balochi 70%; Shahrichi  30%","Hassan Mohebbi Bahmani, field notes 2015","","",""
"","3449afdbb6b9749ef19da429e12d5d1a","29-47a1b73dd20d73c74142808d96f44215","1221660","هرمزگان","Hormozgān","سیریک","Sirik","بمنی","Bomoni","","","شاه مردی","Shāh Mardi","شاه مردی","Shāh Mardi","Shā Mardi","Hassan Mohebbi Bahmani, field notes 2015","1330","","","","Southern Balochi 70%; Shahrichi  30%","Hassan Mohebbi Bahmani, field notes 2015",26.76679,57.09574,""
"","3449afdbb6b9749ef19da429e12db9ab","29-8460f2626fc10fa7bfbb24e99715219b","1221661","هرمزگان","Hormozgān","سیریک","Sirik","بمنی","Bomoni","","","شاه مردی","Shāh Mardi","کنارجو","Konār Ju","Konār Ju","Hassan Mohebbi Bahmani, field notes 2015","990","","","","Southern Balochi 70%; Shahrichi  30%","Hassan Mohebbi Bahmani, field notes 2015",26.741,57.10531,""
"","3449afdbb6b9749ef19da429e12e0510","31-3dd28fe432c5963ae1c2bbec075906ea","1221662","هرمزگان","Hormozgān","سیریک","Sirik","بمنی","Bomoni","","","شاه مردی","Shāh Mardi","کرپان","Karpān","Karpon","Hassan Mohebbi Bahmani, field notes 2015","772","","","","Southern Balochi 70%; Shahrichi  30%","Hassan Mohebbi Bahmani, field notes 2015",26.75432,57.07601,""
"","3449afdbb6b9749ef19da429e12e5ae9","30-12c3a8b2f32f0609310fbfde5e693193","1221663","هرمزگان","Hormozgān","سیریک","Sirik","بمنی","Bomoni","","","شاه مردی","Shāh Mardi","پالور","Pā Lur","Pā Lur","Hassan Mohebbi Bahmani, field notes 2015","419","","","","Southern Balochi 70%; Shahrichi  30%","Hassan Mohebbi Bahmani, field notes 2015",26.79654,57.05967,""
"","3449afdbb6b9749ef19da429e12ea580","29-d1c4a73498e315901ba7bd6a67612e91","1221664","هرمزگان","Hormozgān","سیریک","Sirik","بمنی","Bomoni","","","شاه مردی","Shāh Mardi","روتان","Rowtān","Rāwton","Hassan Mohebbi Bahmani, field notes 2015","717","","","","Southern Balochi 70%; Shahrichi  30%","Hassan Mohebbi Bahmani, field notes 2015",26.78903,57.0765,""
"","3449afdbb6b9749ef19da429e12efb94","26-6c792fc85a37c694a98a93c1fc387509","1221665","هرمزگان","Hormozgān","سیریک","Sirik","بمنی","Bomoni","","","شاه مردی","Shāh Mardi","گچینه پائین","Gachineh Pāin","Gachina Pāin","Hassan Mohebbi Bahmani, field notes 2015","279","","","","Southern Balochi 70%; Shahrichi  30%","Hassan Mohebbi Bahmani, field notes 2015","","",""
"","3449afdbb6b9749ef19da429e12f62b4","26-e60faecaca3fc1431e4ea1992cda95b1","1221666","هرمزگان","Hormozgān","سیریک","Sirik","بمنی","Bomoni","","","شاه مردی","Shāh Mardi","محملیان","Mah Meliān","Mah Meliyān, Mah Meliyon","Hassan Mohebbi Bahmani, field notes 2015","42","","","","Southern Balochi 70%; Shahrichi  30%","Hassan Mohebbi Bahmani, field notes 2015","","",""
"","3449afdbb6b9749ef19da429e12fb35a","26-a78dec8c3f9ef7d25da9b31f83c95fd8","1221667","هرمزگان","Hormozgān","سیریک","Sirik","بمنی","Bomoni","","","شاه مردی","Shāh Mardi","گچینه بالا","Gachineh Bālā","Gachina Bālā","Hassan Mohebbi Bahmani, field notes 2015","132","","","","Southern Balochi 70%; Shahrichi  30%","Hassan Mohebbi Bahmani, field notes 2015","","",""
"","3449afdbb6b9749ef19da429e12ff0a5","23-5834ffbad8bfcea4c265c62e29b26133","1221668","هرمزگان","Hormozgān","سیریک","Sirik","مرکزی","Markazi","","","","","","","","","30198","","","","","","","",""
"","3449afdbb6b9749ef19da429e1303895","23-362fffb80e748b1578f2d144b8253e0f","1221669","هرمزگان","Hormozgān","سیریک","Sirik","مرکزی","Markazi","","","بیابان","Biābān","","","","","13160","","","","","","","",""
"","3449afdbb6b9749ef19da429e130a8c0","29-8385348d841caba8d1fc9f3fc174daf5","1221670","هرمزگان","Hormozgān","سیریک","Sirik","مرکزی","Markazi","","","بیابان","Biābān","خرگوشی، کرگوشکی","Khargushi, Kargoshki","Kargoshki","Hassan Mohebbi Bahmani, field notes 2015","881","","","","Southern Balochi 90%; Shahrichi  10%","Hassan Mohebbi Bahmani, field notes 2015",26.17745,57.2413,""
"","3449afdbb6b9749ef19da429e1310083","27-dda11b2a2a197649aca2e7da7e8dad64","1221671","هرمزگان","Hormozgān","سیریک","Sirik","مرکزی","Markazi","","","بیابان","Biābān","منگلی","Mangali","Mangali","Hassan Mohebbi Bahmani, field notes 2015","186","","","","Southern Balochi 90%; Shahrichi  10%","Hassan Mohebbi Bahmani, field notes 2015",26.12954135393507,57.23345191863002,""
"","3449afdbb6b9749ef19da429e13141e3","27-dc0d177813043e5a6e028822aa6dfc25","1221672","هرمزگان","Hormozgān","سیریک","Sirik","مرکزی","Markazi","","","بیابان","Biābān","هرنگان","Harangān","Harangon","Hassan Mohebbi Bahmani, field notes 2015","636","","","","Southern Balochi 90%; Shahrichi  10%","Hassan Mohebbi Bahmani, field notes 2015",26.14180401942053,57.247094391248055,""
"","3449afdbb6b9749ef19da429e1317637","27-a3e5e683fd87ffa7f158977632d26535","1221673","هرمزگان","Hormozgān","سیریک","Sirik","مرکزی","Markazi","","","بیابان","Biābān","پشت بند","Posht Band","Posht Band","Hassan Mohebbi Bahmani, field notes 2015","197","","","","Southern Balochi 90%; Shahrichi  10%","Hassan Mohebbi Bahmani, field notes 2015",26.249105576111777,57.23168778266784,""
"","3449afdbb6b9749ef19da429e131cc16","27-4b1dfebf057d2bb8d3978d5c53b45574","1221674","هرمزگان","Hormozgān","سیریک","Sirik","مرکزی","Markazi","","","بیابان","Biābān","بریزگ","Berizg","Berizg","Hassan Mohebbi Bahmani, field notes 2015","166","","","","Southern Balochi 90%; Shahrichi  10%","Hassan Mohebbi Bahmani, field notes 2015",26.129205541481408,57.2280828937527,""
"","3449afdbb6b9749ef19da429e1323c7c","27-353716d5672fc6124e33f4fcc88af0e8","1221675","هرمزگان","Hormozgān","سیریک","Sirik","مرکزی","Markazi","","","بیابان","Biābān","زرآباد","Zar Ābād","Zar Ābād","Hassan Mohebbi Bahmani, field notes 2015","259","","","","Southern Balochi 90%; Shahrichi  10%","Hassan Mohebbi Bahmani, field notes 2015",26.32380005111177,57.238704441450004,""
"","3449afdbb6b9749ef19da429e1329386","27-293f035c47593a2c3d2bef1cc9cd25ca","1221676","هرمزگان","Hormozgān","سیریک","Sirik","مرکزی","Markazi","","","بیابان","Biābān","سلمه ای","Salmei","Salmei","Hassan Mohebbi Bahmani, field notes 2015","252","","","","Southern Balochi 90%; Shahrichi  10%","Hassan Mohebbi Bahmani, field notes 2015",26.292632170432217,57.22371863596066,""
"","3449afdbb6b9749ef19da429e132ec9f","27-26f1e53abbb0f80cdcb948681c3e0ae1","1221677","هرمزگان","Hormozgān","سیریک","Sirik","مرکزی","Markazi","","","بیابان","Biābān","سیکوئی","Sikui","Sikui","Hassan Mohebbi Bahmani, field notes 2015","463","","","","Southern Balochi 90%; Shahrichi  10%","Hassan Mohebbi Bahmani, field notes 2015",26.286860706542026,57.23509120218225,""
"","3449afdbb6b9749ef19da429e13330f7","27-15bdaa043c5e60bda77502d72522a4e7","1221678","هرمزگان","Hormozgān","سیریک","Sirik","مرکزی","Markazi","","","بیابان","Biābān","پگو","Pogu","Pogu","Hassan Mohebbi Bahmani, field notes 2015","354","","","","Southern Balochi 90%; Shahrichi  10%","Hassan Mohebbi Bahmani, field notes 2015",26.346631657626435,57.340564010983584,""
"","3449afdbb6b9749ef19da429e1337d9e","27-0a4d00e5e5215b9a62857aacf459c4d5","1221679","هرمزگان","Hormozgān","سیریک","Sirik","مرکزی","Markazi","","","بیابان","Biābān","گدوپایین","Godu Pāin","Godu Pāin","Hassan Mohebbi Bahmani, field notes 2015","265","","","","Southern Balochi 90%; Shahrichi  10%","Hassan Mohebbi Bahmani, field notes 2015",26.318186683568737,57.27930473557633,""
"","3449afdbb6b9749ef19da429e133bfbf","27-f778abc8063a6d024a8207b6e15049fd","1221680","هرمزگان","Hormozgān","سیریک","Sirik","مرکزی","Markazi","","","بیابان","Biābān","گزان بزین","Gazān Bazin","Gazon Bazin","Hassan Mohebbi Bahmani, field notes 2015","203","","","","Southern Balochi 90%; Shahrichi  10%","Hassan Mohebbi Bahmani, field notes 2015",26.3418799229949,57.286643259439295,""
"","3449afdbb6b9749ef19da429e133f61f","27-65d6ce2f6521a562596eb06a565fbe65","1221681","هرمزگان","Hormozgān","سیریک","Sirik","مرکزی","Markazi","","","بیابان","Biābān","بصره","Basreh","Basra","Hassan Mohebbi Bahmani, field notes 2015","132","","","","Southern Balochi 90%; Shahrichi  10%","Hassan Mohebbi Bahmani, field notes 2015",26.2638270295142,57.23398375358523,""
"","3449afdbb6b9749ef19da429e1343126","29-6f5af011ea28178e33ab1fede0f533a1","1221682","هرمزگان","Hormozgān","سیریک","Sirik","مرکزی","Markazi","","","بیابان","Biābān","نوشهر سورگی","Now Shahr Surgi","Now Shahr Surgi","Hassan Mohebbi Bahmani, field notes 2015","68","","","","Southern Balochi 90%; Shahrichi  10%","Hassan Mohebbi Bahmani, field notes 2015",26.29275,57.22355,""
"","3449afdbb6b9749ef19da429e1347abf","27-70c6c7c678d6bafef5cfd4eac5c5a410","1221683","هرمزگان","Hormozgān","سیریک","Sirik","مرکزی","Markazi","","","بیابان","Biābān","بازگرد","Bāzgerd","Bāzgerd","Hassan Mohebbi Bahmani, field notes 2015","547","","","","Southern Balochi 90%; Shahrichi  10%","Hassan Mohebbi Bahmani, field notes 2015",26.3548564706391,57.17655229416477,""
"","3449afdbb6b9749ef19da429e134bc0a","27-cb734baf040a5724ee7536a6d5323d1a","1221684","هرمزگان","Hormozgān","سیریک","Sirik","مرکزی","Markazi","","","بیابان","Biābān","کرتان","Karatān","Karaton","Hassan Mohebbi Bahmani, field notes 2015","581","","","","Southern Balochi 90%; Shahrichi  10%","Hassan Mohebbi Bahmani, field notes 2015",26.28545359636598,57.16580200043479,""
"","3449afdbb6b9749ef19da429e135108b","27-eacc5759eef84318a1a8949b0890ec04","1221685","هرمزگان","Hormozgān","سیریک","Sirik","مرکزی","Markazi","","","بیابان","Biābān","گناری","Gonāri","Gonāri","Hassan Mohebbi Bahmani, field notes 2015","295","","","","Southern Balochi 90%; Shahrichi  10%","Hassan Mohebbi Bahmani, field notes 2015",26.32826191930176,57.165608881385765,""
"","3449afdbb6b9749ef19da429e1356a4a","27-17de6a5240ed48952c86852f7e72b5e0","1221686","هرمزگان","Hormozgān","سیریک","Sirik","مرکزی","Markazi","","","بیابان","Biābān","مهرغی","Mahregi","Mahreghi","Hassan Mohebbi Bahmani, field notes 2015","357","","","","Southern Balochi 90%; Shahrichi  10%","Hassan Mohebbi Bahmani, field notes 2015",26.32847346912816,57.1846740230611,""
"","3449afdbb6b9749ef19da429e135cc83","27-64b194a73aa4169140fce543930482bd","1221687","هرمزگان","Hormozgān","سیریک","Sirik","مرکزی","Markazi","","","بیابان","Biābān","ددی","Dadi","Dadi","Hassan Mohebbi Bahmani, field notes 2015","82","","","","Southern Balochi 90%; Shahrichi  10%","Hassan Mohebbi Bahmani, field notes 2015",26.34523275631475,57.20192599144251,""
"","3449afdbb6b9749ef19da429e1361afe","27-e5ff2ad531ff5dc50545b7f9c6db270c","1221688","هرمزگان","Hormozgān","سیریک","Sirik","مرکزی","Markazi","","","بیابان","Biābān","عاشقان","Āsheqān","Āshekon","Hassan Mohebbi Bahmani, field notes 2015","112","","","","Southern Balochi 90%; Shahrichi  10%","Hassan Mohebbi Bahmani, field notes 2015",26.357836679322887,57.21642064895757,""
"","3449afdbb6b9749ef19da429e1365b21","28-a5d533c99930893722e039e85c402d05","1221689","هرمزگان","Hormozgān","سیریک","Sirik","مرکزی","Markazi","","","بیابان","Biābān","گزپیر","Gaz Pir","Gaz Pir","Hassan Mohebbi Bahmani, field notes 2015","247","","","","Southern Balochi 90%; Shahrichi  10%","Hassan Mohebbi Bahmani, field notes 2015",26.354798788422272,57.19949054565698,""
"","3449afdbb6b9749ef19da429e136bdcb","27-118aa5086c4b8f4926bc051ec2ca0143","1221690","هرمزگان","Hormozgān","سیریک","Sirik","مرکزی","Markazi","","","بیابان","Biābān","گونمردی","Gownamordi","Gownamordi","Hassan Mohebbi Bahmani, field notes 2015","1365","","","","Southern Balochi 90%; Shahrichi  10%","Hassan Mohebbi Bahmani, field notes 2015",26.364431319688354,57.22232150878921,""
"","3449afdbb6b9749ef19da429e13705b5","27-004d2ef57b6251b3c8b02ad39749136b","1221691","هرمزگان","Hormozgān","سیریک","Sirik","مرکزی","Markazi","","","بیابان","Biābān","پاراف پایین","Pārāf Pāin","Pārāf Pāin","Hassan Mohebbi Bahmani, field notes 2015","134","","","","Southern Balochi 90%; Shahrichi  10%","Hassan Mohebbi Bahmani, field notes 2015",26.46783906098777,57.25227641905907,""
"","3449afdbb6b9749ef19da429e1374cb0","27-1585aee16129ed492ee6b866095c63e2","1221692","هرمزگان","Hormozgān","سیریک","Sirik","مرکزی","Markazi","","","بیابان","Biābān","جیفری","Jefri","Jefri","Hassan Mohebbi Bahmani, field notes 2015","383","","","","Southern Balochi 90%; Shahrichi  10%","Hassan Mohebbi Bahmani, field notes 2015",26.442317634672026,57.22066926803523,""
"","3449afdbb6b9749ef19da429e1379d88","27-436f2716f510a6d1cd446090363d95d4","1221693","هرمزگان","Hormozgān","سیریک","Sirik","مرکزی","Markazi","","","بیابان","Biābān","دیودان","Divdān","Divdon","Hassan Mohebbi Bahmani, field notes 2015","123","","","","Southern Balochi 90%; Shahrichi  10%","Hassan Mohebbi Bahmani, field notes 2015",26.497210030871052,57.237384794612296,""
"","3449afdbb6b9749ef19da429e137fdce","27-096571aad9f843f39b4c316797f3567a","1221694","هرمزگان","Hormozgān","سیریک","Sirik","مرکزی","Markazi","","","بیابان","Biābān","گاراندو","Gārāndu","Gārendahu","Hassan Mohebbi Bahmani, field notes 2015","152","","","","Southern Balochi 90%; Shahrichi  10%","Hassan Mohebbi Bahmani, field notes 2015",26.404952217070555,57.13696288910646,""
"","3449afdbb6b9749ef19da429e138511f","27-6cfccf69163b78cc1ab6f1c0c29b70dd","1221695","هرمزگان","Hormozgān","سیریک","Sirik","مرکزی","Markazi","","","بیابان","Biābān","گز","Gaz","Gaz","Hassan Mohebbi Bahmani, field notes 2015","803","","","","Southern Balochi 90%; Shahrichi  10%","Hassan Mohebbi Bahmani, field notes 2015",26.410958018441374,57.18624043312242,""
"","3449afdbb6b9749ef19da429e1389c92","27-5eaa7f092b9a7cb9803b8cd2ac18437d","1221696","هرمزگان","Hormozgān","سیریک","Sirik","مرکزی","Markazi","","","بیابان","Biābān","مستو","Mastu","Mastu","Hassan Mohebbi Bahmani, field notes 2015","70","","","","Southern Balochi 90%; Shahrichi  10%","Hassan Mohebbi Bahmani, field notes 2015",26.406259106059657,57.16949272003449,""
"","3449afdbb6b9749ef19da429e138ebff","27-3d3dbc90d5dbf0f21d76521816a3395c","1221697","هرمزگان","Hormozgān","سیریک","Sirik","مرکزی","Markazi","","","بیابان","Biābān","مغ کنار","Mogh Konār","Mogh Konār","Hassan Mohebbi Bahmani, field notes 2015","56","","","","Southern Balochi 90%; Shahrichi  10%","Hassan Mohebbi Bahmani, field notes 2015",26.399657243317794,57.18145537223951,""
"","3449afdbb6b9749ef19da429e139608e","27-acede5574f80d85fca428e4b452203cf","1221698","هرمزگان","Hormozgān","سیریک","Sirik","مرکزی","Markazi","","","بیابان","Biābān","پاراف بالا، فاریاب","Pārāf Bālā, Fāriyāb","Pārāf Bālā","Hassan Mohebbi Bahmani, field notes 2015","27","","","","Southern Balochi 90%; Shahrichi  10%","Hassan Mohebbi Bahmani, field notes 2015",26.481351503031497,57.26242589796927,""
"","3449afdbb6b9749ef19da429e139b3d7","27-ee7b5f7e353f4aabfe8bae577b4b28b3","1221699","هرمزگان","Hormozgān","سیریک","Sirik","مرکزی","Markazi","","","بیابان","Biābān","گورائیک","Gwarāik","Gwarā'ek","Hassan Mohebbi Bahmani, field notes 2015","320","","","","Southern Balochi 90%; Shahrichi  10%","Hassan Mohebbi Bahmani, field notes 2015",26.48079451830626,57.28565382803591,""
"","3449afdbb6b9749ef19da429e139ecf9","27-0ae4f89631ca7e9d1849bd43b6a57a3c","1221700","هرمزگان","Hormozgān","سیریک","Sirik","مرکزی","Markazi","","","بیابان","Biābān","گوجگ","Gwajg","Gwajg","Hassan Mohebbi Bahmani, field notes 2015","347","","","","Southern Balochi 90%; Shahrichi  10%","Hassan Mohebbi Bahmani, field notes 2015",26.501309942199978,57.27473187292871,""
"","3449afdbb6b9749ef19da429e13a2ad1","27-e83132cec32f72bb8f467763974a1439","1221701","هرمزگان","Hormozgān","سیریک","Sirik","مرکزی","Markazi","","","بیابان","Biābān","مهمانی","Mehmāni","Mehmoni","Hassan Mohebbi Bahmani, field notes 2015","685","","","","Southern Balochi 90%; Shahrichi  10%","Hassan Mohebbi Bahmani, field notes 2015",26.519042534086484,57.24807071532413,""
"","3449afdbb6b9749ef19da429e13a76c9","27-ce27d39d337e7aa8e56bc3ba266847bb","1221702","هرمزگان","Hormozgān","سیریک","Sirik","مرکزی","Markazi","","","بیابان","Biābān","میاندر","Miyān Dar","Miyon Dar","Hassan Mohebbi Bahmani, field notes 2015","57","","","","Southern Balochi 90%; Shahrichi  10%","Hassan Mohebbi Bahmani, field notes 2015",26.482595105743,57.27313327635562,""
"","3449afdbb6b9749ef19da429e13aaab6","27-ad40ba8c7a24414a2980df808e555065","1221703","هرمزگان","Hormozgān","سیریک","Sirik","مرکزی","Markazi","","","بیابان","Biābān","سردرنگ","Sar Darang","Sar Darang","Hassan Mohebbi Bahmani, field notes 2015","132","","","","Southern Balochi 90%; Shahrichi  10%","Hassan Mohebbi Bahmani, field notes 2015",26.52518637768176,57.23002481307572,""
"","3449afdbb6b9749ef19da429e13aecef","27-ee7ac16941aeec62739df645829ddde8","1221704","هرمزگان","Hormozgān","سیریک","Sirik","مرکزی","Markazi","","","بیابان","Biābān","سرزه","Sar Zeh","Sar Zeh","Hassan Mohebbi Bahmani, field notes 2015","1644","","","","Southern Balochi 90%; Shahrichi  10%","Hassan Mohebbi Bahmani, field notes 2015",26.433844461869864,57.26797270621282,""
"","3449afdbb6b9749ef19da429e13b39dd","27-c5b2ea371e6ecb6a4a3ca312967830be","1221705","هرمزگان","Hormozgān","سیریک","Sirik","مرکزی","Markazi","","","بیابان","Biābān","کلمویی","Kalamui","Kalamui","Hassan Mohebbi Bahmani, field notes 2015","272","","","","Southern Balochi 90%; Shahrichi  10%","Hassan Mohebbi Bahmani, field notes 2015",26.39642344204886,57.31781887854041,""
"","3449afdbb6b9749ef19da429e13b96e8","27-7cfb43194337a22ca8e7c2306cc05516","1221706","هرمزگان","Hormozgān","سیریک","Sirik","مرکزی","Markazi","","","بیابان","Biābān","گوشکی","Gwashki","Gwashki","Hassan Mohebbi Bahmani, field notes 2015","307","","","","Southern Balochi 90%; Shahrichi  10%","Hassan Mohebbi Bahmani, field notes 2015",26.357512496993614,57.30328368416636,""
"","3449afdbb6b9749ef19da429e13bed61","23-23eca86c092d3fccac4c27679925cf2a","1221707","هرمزگان","Hormozgān","سیریک","Sirik","مرکزی","Markazi","","","سیریک","Sirik","","","","","12898","","","","","","","",""
"","3449afdbb6b9749ef19da429e13c321d","27-2db38329c054d0f0d4be1ab64dfaccbe","1221708","هرمزگان","Hormozgān","سیریک","Sirik","مرکزی","Markazi","","","سیریک","Sirik","بند گرمون","Band Gormān","Band Gormon","Hassan Mohebbi Bahmani, field notes 2015","320","","","","Southern Balochi 90%; Shahrichi  10%","Hassan Mohebbi Bahmani, field notes 2015",26.649609358603524,57.13570519947724,""
"","3449afdbb6b9749ef19da429e13c77f8","30-f937c5e3c6bb9cde479d7b41b7efe2d0","1221709","هرمزگان","Hormozgān","سیریک","Sirik","مرکزی","Markazi","","","سیریک","Sirik","دو جمبیلان","Do Jombilān","Do Jombilon","Hassan Mohebbi Bahmani, field notes 2015","130","","","","Southern Balochi 90%; Shahrichi  10%","Hassan Mohebbi Bahmani, field notes 2015",26.645313373908998,57.16321393513062,""
"","3449afdbb6b9749ef19da429e13cc9d5","27-d755f6df58e46e9b78445e08e4fc061d","1221710","هرمزگان","Hormozgān","سیریک","Sirik","مرکزی","Markazi","","","سیریک","Sirik","زیارت بزرگ","Ziārat Bozorg","Ziārat Gap","Hassan Mohebbi Bahmani, field notes 2015","598","","","","Southern Balochi 90%; Shahrichi  10%","Hassan Mohebbi Bahmani, field notes 2015",26.680981026693242,57.07504677621748,""
"","3449afdbb6b9749ef19da429e13d20a5","27-88b95cc3a39c7000a3c4ec1b7c9338b8","1221711","هرمزگان","Hormozgān","سیریک","Sirik","مرکزی","Markazi","","","سیریک","Sirik","سرارو","Sarāru","Sarāru","Hassan Mohebbi Bahmani, field notes 2015","544","","","","Southern Balochi 90%; Shahrichi  10%","Hassan Mohebbi Bahmani, field notes 2015",26.611688417605578,57.16244387474596,""
"","3449afdbb6b9749ef19da429e13d6d91","27-0a53a66c9a987b3bfae5f18dc1ed6f4b","1221712","هرمزگان","Hormozgān","سیریک","Sirik","مرکزی","Markazi","","","سیریک","Sirik","گندمی","Gandomi","Ganumi","Hassan Mohebbi Bahmani, field notes 2015","91","","","","Southern Balochi 90%; Shahrichi  10%","Hassan Mohebbi Bahmani, field notes 2015",26.641036947005155,57.14965510216485,""
"","3449afdbb6b9749ef19da429e13dc12f","27-d9db49437dc58b78226a4af3d1e36f10","1221713","هرمزگان","Hormozgān","سیریک","Sirik","مرکزی","Markazi","","","سیریک","Sirik","همزونگ","Hamzong","Hamzong","Hassan Mohebbi Bahmani, field notes 2015","335","","","","Southern Balochi 90%; Shahrichi  10%","Hassan Mohebbi Bahmani, field notes 2015",26.620052557182063,57.16072726097654,""
"","3449afdbb6b9749ef19da429e13e1bfb","27-ca02e0a99ef1afd135a95f9a5fdc2fdf","1221714","هرمزگان","Hormozgān","سیریک","Sirik","مرکزی","Markazi","","","سیریک","Sirik","تومان راهی","Tumān Rāhi","Tumon Rāhi","Hassan Mohebbi Bahmani, field notes 2015","147","","","","Southern Balochi 90%; Shahrichi  10%","Hassan Mohebbi Bahmani, field notes 2015",26.468232836187788,57.163323639302035,""
"","3449afdbb6b9749ef19da429e13e713d","27-40e0ef9daeddacf3be192fc09f67ce9d","1221715","هرمزگان","Hormozgān","سیریک","Sirik","مرکزی","Markazi","","","سیریک","Sirik","میشی","Mishi","Mishi","Hassan Mohebbi Bahmani, field notes 2015","1546","","","","Southern Balochi 90%; Shahrichi  10%","Hassan Mohebbi Bahmani, field notes 2015",26.483348943308908,57.152466057212074,""
"","3449afdbb6b9749ef19da429e13eb990","29-afa2a801caf2fd553d49577c3ccb9d25","1221716","هرمزگان","Hormozgān","سیریک","Sirik","مرکزی","Markazi","","","سیریک","Sirik","کردر","Kardar","Kardar","Hassan Mohebbi Bahmani, field notes 2015","545","","","","Southern Balochi 90%; Shahrichi  10%","Hassan Mohebbi Bahmani, field notes 2015",26.432461027556105,57.26552653159273,""
"","3449afdbb6b9749ef19da429e13efad7","27-231ab84ded9997011e1e57fb90e916fd","1221717","هرمزگان","Hormozgān","سیریک","Sirik","مرکزی","Markazi","","","سیریک","Sirik","کلنگی","Kalengi","Kalengi","Hassan Mohebbi Bahmani, field notes 2015","146","","","","Southern Balochi 90%; Shahrichi  10%","Hassan Mohebbi Bahmani, field notes 2015",26.457936612383783,57.1654264911695,""
"","3449afdbb6b9749ef19da429e13f5ba9","27-4325fb83de475e2ed84cca6a37230abb","1221718","هرمزگان","Hormozgān","سیریک","Sirik","مرکزی","Markazi","","","سیریک","Sirik","سیریک کهنه","Sirik Kohneh","Sirik Kohna","Hassan Mohebbi Bahmani, field notes 2015","334","","","","Southern Balochi 90%; Shahrichi  10%","Hassan Mohebbi Bahmani, field notes 2015",26.50349426145829,57.11937832680878,""
"","3449afdbb6b9749ef19da429e13fa6c8","27-fee9d3e66500b95bd337aaaba48be0c4","1221719","هرمزگان","Hormozgān","سیریک","Sirik","مرکزی","Markazi","","","سیریک","Sirik","شم جو","Sham Ju","Sham Ju","Hassan Mohebbi Bahmani, field notes 2015","1296","","","","Southern Balochi 90%; Shahrichi  10%","Hassan Mohebbi Bahmani, field notes 2015",26.497138017069513,57.127146004115225,""
"","3449afdbb6b9749ef19da429e13fe4a5","27-62f90ca854a26ea276b6e01b249b8167","1221720","هرمزگان","Hormozgān","سیریک","Sirik","مرکزی","Markazi","","","سیریک","Sirik","نوشهرکلنگی","Now Shahr Kalengi","Now Shahr Kalengi","Hassan Mohebbi Bahmani, field notes 2015","372","","","","Southern Balochi 90%; Shahrichi  10%","Hassan Mohebbi Bahmani, field notes 2015",26.454248188781452,57.169245956806385,""
"","3449afdbb6b9749ef19da429e1403158","28-9a0e11056f0c145f2c8a684f29f19ba4","1221721","هرمزگان","Hormozgān","سیریک","Sirik","مرکزی","Markazi","","","سیریک","Sirik","بنداران","Bondārān","Bondāron","Hassan Mohebbi Bahmani, field notes 2015","627","","","","Southern Balochi 90%; Shahrichi  10%","Hassan Mohebbi Bahmani, field notes 2015",26.6142207446249,57.09186959115541,""
"","3449afdbb6b9749ef19da429e14086a3","31-150324a686aae2d55beb8f4fad6876c2","1221722","هرمزگان","Hormozgān","سیریک","Sirik","مرکزی","Markazi","","","سیریک","Sirik","زیارت حسن آباد","Ziārat Hasan Ābād","Ziārat Hasan Ābād","Hassan Mohebbi Bahmani, field notes 2015","253","","","","Southern Balochi 90%; Shahrichi  10%","Hassan Mohebbi Bahmani, field notes 2015",26.64997,57.08067,""
"","3449afdbb6b9749ef19da429e140f307","27-6fe66d5d0a1b6f72c65cbeaf2cb75273","1221723","هرمزگان","Hormozgān","سیریک","Sirik","مرکزی","Markazi","","","سیریک","Sirik","سرخورطاهرویی","Sar Khur Tāherui","Sar Khur Tāherui","Hassan Mohebbi Bahmani, field notes 2015","288","","","","Southern Balochi 90%; Shahrichi  10%","Hassan Mohebbi Bahmani, field notes 2015",26.55767128210439,57.093414543546714,""
"","3449afdbb6b9749ef19da429e1413fbb","28-c03a345f9a3baeaaa25348f803646200","1221724","هرمزگان","Hormozgān","سیریک","Sirik","مرکزی","Markazi","","","سیریک","Sirik","طاهرویی","Tāherui","Tāherui","Hassan Mohebbi Bahmani, field notes 2015","459","","","","Southern Balochi 90%; Shahrichi  10%","Hassan Mohebbi Bahmani, field notes 2015",26.536709997393825,57.10208344308285,""
"","3449afdbb6b9749ef19da429e1417e88","27-13029b281277bcfd912d17cf91ac5ebe","1221725","هرمزگان","Hormozgān","سیریک","Sirik","مرکزی","Markazi","","","سیریک","Sirik","کناردان","Konārdān","Konārdon","Hassan Mohebbi Bahmani, field notes 2015","624","","","","Southern Balochi 90%; Shahrichi  10%","Hassan Mohebbi Bahmani, field notes 2015",26.608484559889753,57.088071583191244,""
"","3449afdbb6b9749ef19da429e141c16b","27-7e1983f8f494957d8fdb1e7814fcc447","1221726","هرمزگان","Hormozgān","سیریک","Sirik","مرکزی","Markazi","","","سیریک","Sirik","گروک","Gerowk","Gerowk","Hassan Mohebbi Bahmani, field notes 2015","4243","","","","Southern Balochi 90%; Shahrichi  10%","Hassan Mohebbi Bahmani, field notes 2015",26.587647703176643,57.0929424747596,""
"","3449afdbb6b9749ef19da429e1420c17","27-62694f45fbd8084210a1d85214d69dd9","1221727","هرمزگان","Hormozgān","سیریک","Sirik","مرکزی","Markazi","سیریک","Sirik","","","","","Sirik","Hassan Mohebbi Bahmani, field notes 2015","4140","","","","Southern Balochi 90%; Shahrichi  10%","Hassan Mohebbi Bahmani, field notes 2015",26.51960413344235,57.10736203042378,""
"","3449afdbb6b9749ef19da429e1426090","23-38a7f0dd1fb2b43f64bede50193e3203","1221728","هرمزگان","Hormozgān","بشکرد","Bashkard","","","","","","","","","","","40007","","","","","","","",""
"","3449afdbb6b9749ef19da429e1429b25","23-5b4aba7b0967d2c6d58bb59c76eda1f0","1221729","هرمزگان","Hormozgān","بشکرد","Bashkard","مرکزی","Markazi","","","","","","","","","15041","","","","","","","",""
"","3449afdbb6b9749ef19da429e142f77a","23-f31cc2a83cd4d5317da1f463d5c045d5","1221730","هرمزگان","Hormozgān","بشکرد","Bashkard","مرکزی","Markazi","","","جکدان","Jakdān","","","","","11700","","","","","","","",""
"","3449afdbb6b9749ef19da429e143311b","27-03707c44b079d277d0db328e37ee0c00","1221731","هرمزگان","Hormozgān","بشکرد","Bashkard","مرکزی","Markazi","","","جکدان","Jakdān","مرانگ","Marāng","Marāng","Hassan Mohebbi Bahmani, field notes 2015","332","","","","Molki Gāl 90%; Mārzi Gāl 10%","Hassan Mohebbi Bahmani, field notes 2015",26.22550046109037,57.96692144395266,""
"","3449afdbb6b9749ef19da429e1436b58","27-942efe6588422a3dd746bb51f438a373","1221732","هرمزگان","Hormozgān","بشکرد","Bashkard","مرکزی","Markazi","","","جکدان","Jakdān","کمبو","Kombu","Tombu, Kombu","Hassan Mohebbi Bahmani, field notes 2015","17","","","","Molki Gāl 90%; Mārzi Gāl 10%","Hassan Mohebbi Bahmani, field notes 2015",26.186341981149603,57.84055187103191,""
"","3449afdbb6b9749ef19da429e143c60e","27-724a413cad4d1e84b28b5c22ca30ad95","1221733","هرمزگان","Hormozgān","بشکرد","Bashkard","مرکزی","Markazi","","","جکدان","Jakdān","زرآباد","Zar Ābād","Zar Ābād","Hassan Mohebbi Bahmani, field notes 2015","122","","","","Southern Balochi 90%; Mārzi Gāl 10%","Hassan Mohebbi Bahmani, field notes 2015",26.27553199595157,57.23175215568149,""
"","3449afdbb6b9749ef19da429e1441b64","27-38a7c5e95fb8d154a5a4b89e2535295c","1221734","هرمزگان","Hormozgān","بشکرد","Bashkard","مرکزی","Markazi","","","جکدان","Jakdān","تیراحمد","Tir Ahmad","Tir Ahmad","Hassan Mohebbi Bahmani, field notes 2015","138","","","","Molki Gāl 90%; Mārzi Gāl 10%","Hassan Mohebbi Bahmani, field notes 2015",26.543127930523777,57.76625468132811,""
"","3449afdbb6b9749ef19da429e1447657","27-bec3ca719fbad1bd4282528931b077f1","1221735","هرمزگان","Hormozgān","بشکرد","Bashkard","مرکزی","Markazi","","","جکدان","Jakdān","درآلوی","Dar Ālavi","Dar Ālavi","Hassan Mohebbi Bahmani, field notes 2015","400","","","","Molki Gāl 90%; Mārzi Gāl 10%","Hassan Mohebbi Bahmani, field notes 2015",26.475599065350853,57.768000839535574,""
"","3449afdbb6b9749ef19da429e144c45c","27-dc0a7262b16bee6689a284d0ac7a77a7","1221736","هرمزگان","Hormozgān","بشکرد","Bashkard","مرکزی","Markazi","","","جکدان","Jakdān","گزدان","Gazdān","Gazdān","Hassan Mohebbi Bahmani, field notes 2015","705","","","","Molki Gāl 60%; Southern Balochi 40%","Hassan Mohebbi Bahmani, field notes 2015",26.449259707306958,57.82601905232361,""
"","3449afdbb6b9749ef19da429e1452508","25-3fb47f89b9cf1a034cfda039fec05894","1221737","هرمزگان","Hormozgān","بشکرد","Bashkard","مرکزی","Markazi","","","جکدان","Jakdān","ده پشت بیر","Deh Posht Bir","Deh Posht Bir","Hassan Mohebbi Bahmani, field notes 2015","136","","","","Molki Gāl 60%; Mārzi Gāl 40%","Hassan Mohebbi Bahmani, field notes 2015","","",""
"","3449afdbb6b9749ef19da429e145706e","27-022c1135641ffe5a6c0614c82d85bb4f","1221738","هرمزگان","Hormozgān","بشکرد","Bashkard","مرکزی","Markazi","","","جکدان","Jakdān","بلبل آباد","Bolbol Ābād","Bolbol Ābād","Hassan Mohebbi Bahmani, field notes 2015","972","","","","Molki Gāl 90%; Mārzi Gāl 10%","Hassan Mohebbi Bahmani, field notes 2015",26.42118157551362,57.64411496957134,""
"","3449afdbb6b9749ef19da429e145ba7c","27-c55172ebe450ecd6f8232167ade99a17","1221739","هرمزگان","Hormozgān","بشکرد","Bashkard","مرکزی","Markazi","","","جکدان","Jakdān","دازکان","Dāzakān","Dāzakān","Hassan Mohebbi Bahmani, field notes 2015","32","","","","Molki Gāl 60%; Mārzi Gāl 40%","Hassan Mohebbi Bahmani, field notes 2015",26.41293265763426,57.72626030285158,""
"","3449afdbb6b9749ef19da429e1460c77","28-26fe2aeec5ca3b1450927abdda2168cc","1221740","هرمزگان","Hormozgān","بشکرد","Bashkard","مرکزی","Markazi","","","جکدان","Jakdān","دهنه سهراب","Dehneh Sohrāb","Dehna Sohrāb","Hassan Mohebbi Bahmani, field notes 2015","62","","","","Molki Gāl 90%; Mārzi Gāl 10%","Hassan Mohebbi Bahmani, field notes 2015",26.448590455267414,57.69446539719151,""
"","3449afdbb6b9749ef19da429e1464bf8","27-f343e579da45aee319e0111ee45c766c","1221741","هرمزگان","Hormozgān","بشکرد","Bashkard","مرکزی","Markazi","","","جکدان","Jakdān","کمدارک","Kamdārak","Kamdārak","Hassan Mohebbi Bahmani, field notes 2015","402","","","","Molki Gāl 90%; Mārzi Gāl 10%","Hassan Mohebbi Bahmani, field notes 2015",26.456463450516008,57.66187679413243,""
"","3449afdbb6b9749ef19da429e1469398","27-fd7d126055cb71f14f0688e9b82abf97","1221742","هرمزگان","Hormozgān","بشکرد","Bashkard","مرکزی","Markazi","","","جکدان","Jakdān","گوریچی","Gowrichi","Gowrichi","Hassan Mohebbi Bahmani, field notes 2015","565","","","","Molki Gāl 90%; Mārzi Gāl 10%","Hassan Mohebbi Bahmani, field notes 2015",26.4533836974074,57.75316285926698,""
"","3449afdbb6b9749ef19da429e146f0bb","27-a5195fe7999e0e5b3c410b338ea97f9d","1221743","هرمزگان","Hormozgān","بشکرد","Bashkard","مرکزی","Markazi","","","جکدان","Jakdān","جکدان، کلوجکدان","Jakdān, Kolu Jakdān","Jakdān, Kolu Jakdān","Hassan Mohebbi Bahmani, field notes 2015","1596","","","","Mārzi Gāl 60%; Molki Gāl 40%","Hassan Mohebbi Bahmani, field notes 2015",26.433719569173462,57.74787354309149,""
"","3449afdbb6b9749ef19da429e1473a1d","28-a4d924239b01a78fc96631b7e2077061","1221744","هرمزگان","Hormozgān","بشکرد","Bashkard","مرکزی","Markazi","","","جکدان","Jakdān","پیس کن","Pis Kan","Pis Kan","Hassan Mohebbi Bahmani, field notes 2015","","(less than 3 households; population not specified in 2011 Census for reasons of privacy)","","","Molki Gāl 90%; Mārzi Gāl 10%","Hassan Mohebbi Bahmani, field notes 2015",26.353151279452295,57.77546667999781,""
"","3449afdbb6b9749ef19da429e1477f92","27-18fb3099cba52a2e5bbe2e7d1618174a","1221745","هرمزگان","Hormozgān","بشکرد","Bashkard","مرکزی","Markazi","","","جکدان","Jakdān","وی","Vey","Vey","Hassan Mohebbi Bahmani, field notes 2015","402","","","","Molki Gāl 90%; Mārzi Gāl 10%","Hassan Mohebbi Bahmani, field notes 2015",26.303324029843303,57.73268544621599,""
"","3449afdbb6b9749ef19da429e147d868","27-21d78f7e0f388fbd7a6ddd58289d1007","1221746","هرمزگان","Hormozgān","بشکرد","Bashkard","مرکزی","Markazi","","","جکدان","Jakdān","دهندر شه بابک","Dehndar Shahbāvek","Dehndar Shahbāvek","Hassan Mohebbi Bahmani, field notes 2015","405","","","","Molki Gāl 90%; Mārzi Gāl 10%","Hassan Mohebbi Bahmani, field notes 2015",26.413638907243445,57.84767317610304,""
"","3449afdbb6b9749ef19da429e1482cc3","27-99a0f2f897a6723433d9031132d912a4","1221747","هرمزگان","Hormozgān","بشکرد","Bashkard","مرکزی","Markazi","","","جکدان","Jakdān","پرانگی","Parāngi","Parāngi","Hassan Mohebbi Bahmani, field notes 2015","170","","","","Molki Gāl 90%; Mārzi Gāl 10%","Hassan Mohebbi Bahmani, field notes 2015",26.32934789564568,57.65055172594523,""
"","3449afdbb6b9749ef19da429e148a73b","27-1b1c150f470cb37fd780bdc6ecdd8e29","1221748","هرمزگان","Hormozgān","بشکرد","Bashkard","مرکزی","Markazi","","","جکدان","Jakdān","علی آباد","Ali Ābād","Ali Ābād","Hassan Mohebbi Bahmani, field notes 2015","322","","","","Molki Gāl 90%; Mārzi Gāl 10%","Hassan Mohebbi Bahmani, field notes 2015",26.42551478345324,57.76737856704487,""
"","3449afdbb6b9749ef19da429e148fe58","27-609850878272ad739c0d33a3ba000ca3","1221749","هرمزگان","Hormozgān","بشکرد","Bashkard","مرکزی","Markazi","","","جکدان","Jakdān","اهون","Ahven","Ahven","Hassan Mohebbi Bahmani, field notes 2015","1294","","","","Molki Gāl 90%; Mārzi Gāl 10%","Hassan Mohebbi Bahmani, field notes 2015",26.36855518203078,57.82571124869232,""
"","3449afdbb6b9749ef19da429e14951d4","27-d1beea8dfe4b1c3d498ede9f39979ad8","1221750","هرمزگان","Hormozgān","بشکرد","Bashkard","مرکزی","Markazi","","","جکدان","Jakdān","زه بدی","Zeh Badi","Zeh Badi","Hassan Mohebbi Bahmani, field notes 2015","169","","","","Molki Gāl 90%; Mārzi Gāl 10%","Hassan Mohebbi Bahmani, field notes 2015",26.200222135981218,57.70148955733928,""
"","3449afdbb6b9749ef19da429e149a078","27-674bfae89a8163e60ffb82c1f4eeea49","1221751","هرمزگان","Hormozgān","بشکرد","Bashkard","مرکزی","Markazi","","","جکدان","Jakdān","سیت","Sit","Sit","Hassan Mohebbi Bahmani, field notes 2015","217","","","","Molki Gāl 90%; Mārzi Gāl 10%","Hassan Mohebbi Bahmani, field notes 2015",26.73402000885498,57.54213738283873,""
"","3449afdbb6b9749ef19da429e149d307","26-c1205cb30f8d7daf4a4ab7be6ed0ce6b","1221752","هرمزگان","Hormozgān","بشکرد","Bashkard","مرکزی","Markazi","","","جکدان","Jakdān","شهرک مطهر","Shahrak Motahhar","Shahrak Motahhar","Hassan Mohebbi Bahmani, field notes 2015","","(less than 3 households; population not specified in 2011 Census for reasons of privacy)","","","Molki Gāl 90%; Mārzi Gāl 10%","Hassan Mohebbi Bahmani, field notes 2015","","",""
"","3449afdbb6b9749ef19da429e14a301d","27-518923b779de821c159a615ce2130bf0","1221753","هرمزگان","Hormozgān","بشکرد","Bashkard","مرکزی","Markazi","","","جکدان","Jakdān","امیگی، چوخون","Amigi, Chokhun","Amigi, Chokhun","Hassan Mohebbi Bahmani, field notes 2015","664","","","","Molki Gāl 90%; Mārzi Gāl 10%","Hassan Mohebbi Bahmani, field notes 2015",26.303978584876816,57.67061196716252,""
"","3449afdbb6b9749ef19da429e14a93d8","28-8d28eb949a1053a1ea8dd792c4e8db09","1221754","هرمزگان","Hormozgān","بشکرد","Bashkard","مرکزی","Markazi","","","جکدان","Jakdān","سربندپرانگی","Sar Band Parāngi","Sar Band Parāngi","Hassan Mohebbi Bahmani, field notes 2015","","(less than 3 households; population not specified in 2011 Census for reasons of privacy)","","","Molki Gāl 90%; Mārzi Gāl 10%","Hassan Mohebbi Bahmani, field notes 2015",26.286132988172824,57.530300642452936,""
"","3449afdbb6b9749ef19da429e14ae2f8","27-4638504756619d920dcf8c7f71743a65","1221755","هرمزگان","Hormozgān","بشکرد","Bashkard","مرکزی","Markazi","","","جکدان","Jakdān","داربست","Dār Bast","Dār Bast","Hassan Mohebbi Bahmani, field notes 2015","268","","","","Molki Gāl 90%; Mārzi Gāl 10%","Hassan Mohebbi Bahmani, field notes 2015",26.31151582267939,57.51847746511875,""
"","3449afdbb6b9749ef19da429e14b323f","28-dbe84d2a5db1f87c6567f66b63d1c8c6","1221756","هرمزگان","Hormozgān","بشکرد","Bashkard","مرکزی","Markazi","","","جکدان","Jakdān","فراهک","Farāhok","Farāhok","Hassan Mohebbi Bahmani, field notes 2015","283","","","","Molki Gāl 90%; Mārzi Gāl 10%","Hassan Mohebbi Bahmani, field notes 2015",26.23947246287509,57.56999694261125,""
"","3449afdbb6b9749ef19da429e14b8645","27-7f5e6da870dad2bc15d37576a2bb0380","1221757","هرمزگان","Hormozgān","بشکرد","Bashkard","مرکزی","Markazi","","","جکدان","Jakdān","زاچ داربست","Zāch Dār Bast","Zāch Dār Bast","Hassan Mohebbi Bahmani, field notes 2015","180","","","","Molki Gāl 90%; Mārzi Gāl 10%","Hassan Mohebbi Bahmani, field notes 2015",26.29508830957168,57.53459217687512,""
"","3449afdbb6b9749ef19da429e14bbbf1","27-8d01be20a76a962aec61f3b1ec2c10e9","1221758","هرمزگان","Hormozgān","بشکرد","Bashkard","مرکزی","Markazi","","","جکدان","Jakdān","بن گرغ","Bon Garegh","Bon Garegh","Hassan Mohebbi Bahmani, field notes 2015","71","","","","Molki Gāl 90%; Mārzi Gāl 10%","Hassan Mohebbi Bahmani, field notes 2015",26.260728327272105,57.693110336378474,""
"","3449afdbb6b9749ef19da429e14c26d6","27-4fdb08494e0061f2a88ba6791e3f42ca","1221759","هرمزگان","Hormozgān","بشکرد","Bashkard","مرکزی","Markazi","","","جکدان","Jakdān","زحک بالا","Zahak Bālā","Zahak Bālā","Hassan Mohebbi Bahmani, field notes 2015","37","","","","Molki Gāl 90%; Mārzi Gāl 10%","Hassan Mohebbi Bahmani, field notes 2015",26.441039358119117,57.51976453218741,""
"","3449afdbb6b9749ef19da429e14c6498","27-f560493689be7ef7b3ba506e7d75b332","1221760","هرمزگان","Hormozgān","بشکرد","Bashkard","مرکزی","Markazi","","","جکدان","Jakdān","زحک پایین","Zahak Pāin","Zahak Pāin","Hassan Mohebbi Bahmani, field notes 2015","62","","","","Molki Gāl 90%; Mārzi Gāl 10%","Hassan Mohebbi Bahmani, field notes 2015",26.40652274893006,57.52025001202042,""
"","3449afdbb6b9749ef19da429e14cc5d9","27-c00e606c953f8a59a9d1d5105471d4a8","1221761","هرمزگان","Hormozgān","بشکرد","Bashkard","مرکزی","Markazi","","","جکدان","Jakdān","براهنگ","Barāheng","Barāheng","Hassan Mohebbi Bahmani, field notes 2015","222","","","","Molki Gāl 90%; Mārzi Gāl 10%","Hassan Mohebbi Bahmani, field notes 2015",26.449723329630455,57.54120074663105,""
"","3449afdbb6b9749ef19da429e14d04c2","27-104a0d5fb6209164c40b9277334a3058","1221762","هرمزگان","Hormozgān","بشکرد","Bashkard","مرکزی","Markazi","","","جکدان","Jakdān","بستکان","Bostakān","Bostakān","Hassan Mohebbi Bahmani, field notes 2015","122","","","","Molki Gāl 90%; Mārzi Gāl 10%","Hassan Mohebbi Bahmani, field notes 2015",26.369039999184846,57.545291115380984,""
"","3449afdbb6b9749ef19da429e14d6636","27-610994833ec0a5b650ad2a77d526be39","1221763","هرمزگان","Hormozgān","بشکرد","Bashkard","مرکزی","Markazi","","","جکدان","Jakdān","درجک","Darjak","Darjak","Hassan Mohebbi Bahmani, field notes 2015","301","","","","Molki Gāl 90%; Mārzi Gāl 10%","Hassan Mohebbi Bahmani, field notes 2015",26.36583898538615,57.59692900332798,""
"","3449afdbb6b9749ef19da429e14db0a7","28-be5d9d6deb67c9ca431f253c61110954","1221764","هرمزگان","Hormozgān","بشکرد","Bashkard","مرکزی","Markazi","","","جکدان","Jakdān","کش میگی","Kash Migi","Kash Migi","Hassan Mohebbi Bahmani, field notes 2015","164","","","","Molki Gāl 90%; Mārzi Gāl 10%","Hassan Mohebbi Bahmani, field notes 2015",26.346385874283996,57.629480291926924,""
"","3449afdbb6b9749ef19da429e14dfc4b","27-630fb1c2a9f6396c99650a87e0163e3f","1221765","هرمزگان","Hormozgān","بشکرد","Bashkard","مرکزی","Markazi","","","جکدان","Jakdān","کوه حیدر","Kuh Heydar","Kuh Heydar","Hassan Mohebbi Bahmani, field notes 2015","753","","","","Molki Gāl 90%; Mārzi Gāl 10%","Hassan Mohebbi Bahmani, field notes 2015",26.413268351577834,57.525120903590576,""
"","3449afdbb6b9749ef19da429e14e52ae","27-3b93a6f7fbfca40e49f88b678477422c","1221766","هرمزگان","Hormozgān","بشکرد","Bashkard","مرکزی","Markazi","","","جکدان","Jakdān","در مورد","Dar Mord","Dar Mord","Hassan Mohebbi Bahmani, field notes 2015","105","","","","Molki Gāl 90%; Mārzi Gāl 10%","Hassan Mohebbi Bahmani, field notes 2015",26.46886609975357,57.649320592006994,""
"","3449afdbb6b9749ef19da429e14ea15c","23-7542951ef01dab5b3eff987467277dd1","1221767","هرمزگان","Hormozgān","بشکرد","Bashkard","مرکزی","Markazi","","","سردشت","Sar Dasht","","","","","1805","","","","","","","",""
"","3449afdbb6b9749ef19da429e14eea10","28-470a4c68244e0183e7e435af137220ad","1221768","هرمزگان","Hormozgān","بشکرد","Bashkard","مرکزی","Markazi","","","سردشت","Sar Dasht","بابک","Bābak","Bāvek","Hassan Mohebbi Bahmani, field notes 2015","229","","","","Molki Gāl 90%; Mārzi Gāl 10%","Hassan Mohebbi Bahmani, field notes 2015",26.517510706510013,57.87587069420819,""
"","3449afdbb6b9749ef19da429e14f25e9","28-bdc4a05085c01202a4b6cc3c237aadd6","1221769","هرمزگان","Hormozgān","بشکرد","Bashkard","مرکزی","Markazi","","","سردشت","Sar Dasht","بیسکاو","Biskāv","Biskāv","Hassan Mohebbi Bahmani, field notes 2015","230","","","","Molki Gāl 90%; Mārzi Gāl 10%","Hassan Mohebbi Bahmani, field notes 2015",26.485009633871854,57.87298463730916,""
"","3449afdbb6b9749ef19da429e14f7d29","28-4b664502c3eaeac990077c5dff567a6b","1221770","هرمزگان","Hormozgān","بشکرد","Bashkard","مرکزی","Markazi","","","سردشت","Sar Dasht","پشت گرشه بابک","Posht Gar Shah Bābak","Posht Gar Shah Bāvek","Hassan Mohebbi Bahmani, field notes 2015","83","","","","Molki Gāl 90%; Mārzi Gāl 10%","Hassan Mohebbi Bahmani, field notes 2015",26.53886,57.89288,""
"","3449afdbb6b9749ef19da429e14fcd88","28-3944036cc60b4936a35a4e18fda1d87a","1221771","هرمزگان","Hormozgān","بشکرد","Bashkard","مرکزی","Markazi","","","سردشت","Sar Dasht","درنه","?Darneh","?Darneh","Hassan Mohebbi Bahmani, field notes 2015","","(less than 3 households; population not specified in 2011 Census for reasons of privacy)","","","Molki Gāl 90%; Mārzi Gāl 10%","Hassan Mohebbi Bahmani, field notes 2015",26.331740114434247,57.950249725622164,""
"","3449afdbb6b9749ef19da429e150022a","27-1dc2b89bd1f584e440bfc424a2970713","1221772","هرمزگان","Hormozgān","بشکرد","Bashkard","مرکزی","Markazi","","","سردشت","Sar Dasht","زمین عباسو","Zamin Abbāsu","Zamin Abbāsu","Hassan Mohebbi Bahmani, field notes 2015","85","","","","Molki Gāl 90%; Mārzi Gāl 10%","Hassan Mohebbi Bahmani, field notes 2015",26.26970756458748,58.13283305766008,""
"","3449afdbb6b9749ef19da429e1506646","27-943d60cb7713b5c30486561a46a2c233","1221773","هرمزگان","Hormozgān","بشکرد","Bashkard","مرکزی","Markazi","","","سردشت","Sar Dasht","سگن","Sagon","Sagon","Hassan Mohebbi Bahmani, field notes 2015","156","","","","Molki Gāl 90%; Mārzi Gāl 10%","Hassan Mohebbi Bahmani, field notes 2015",26.273589479505652,58.0762008965275,""
"","3449afdbb6b9749ef19da429e150b5ab","28-ecf1553178f28403d8ea216535e33a1b","1221774","هرمزگان","Hormozgān","بشکرد","Bashkard","مرکزی","Markazi","","","سردشت","Sar Dasht","کولغ","Kulegh","Kulegh","Hassan Mohebbi Bahmani, field notes 2015","35","","","","Molki Gāl 90%; Mārzi Gāl 10%","Hassan Mohebbi Bahmani, field notes 2015",26.35074863626057,58.05397074821417,""
"","3449afdbb6b9749ef19da429e15102f1","28-f27b09a4e27561ec496349ed7ee685be","1221775","هرمزگان","Hormozgān","بشکرد","Bashkard","مرکزی","Markazi","","","سردشت","Sar Dasht","گوجک اسپیر","Gwajk Espir","Gwajk Espir","Hassan Mohebbi Bahmani, field notes 2015","","(less than 3 households; population not specified in 2011 Census for reasons of privacy)","","","Molki Gāl 90%; Mārzi Gāl 10%","Hassan Mohebbi Bahmani, field notes 2015",26.386025677276926,57.98739336875271,""
"","3449afdbb6b9749ef19da429e1514405","28-c7b8d57239582fa92ce192ec2ac9e09a","1221776","هرمزگان","Hormozgān","بشکرد","Bashkard","مرکزی","Markazi","","","سردشت","Sar Dasht","ملکن","Molkan","Molkan","Hassan Mohebbi Bahmani, field notes 2015","743","","","","Molki Gāl 90%; Mārzi Gāl 10%","Hassan Mohebbi Bahmani, field notes 2015",26.55634630355679,58.03561233427662,""
"","3449afdbb6b9749ef19da429e151aa4e","28-c16b5dc0b63190a6fc314a2b80065b23","1221777","هرمزگان","Hormozgān","بشکرد","Bashkard","مرکزی","Markazi","","","سردشت","Sar Dasht","درمعی","?Darma'i","?Darma'i","Hassan Mohebbi Bahmani, field notes 2015","","(less than 3 households; population not specified in 2011 Census for reasons of privacy)","","","Molki Gāl 90%; Mārzi Gāl 10%","Hassan Mohebbi Bahmani, field notes 2015",26.11564927484131,58.111815267821775,""
"","3449afdbb6b9749ef19da429e15202ef","27-213313c8f83ea7b5099d85424c01d8e9","1221778","هرمزگان","Hormozgān","بشکرد","Bashkard","مرکزی","Markazi","","","سردشت","Sar Dasht","کش تخت","Kash Takht","Kash Takht","Hassan Mohebbi Bahmani, field notes 2015","106","","","","Molki Gāl 90%; Mārzi Gāl 10%","Hassan Mohebbi Bahmani, field notes 2015",26.43770264336804,58.01237546351421,""
"","3449afdbb6b9749ef19da429e15265c2","27-d5e3f322114b7caf787c66c320caea85","1221779","هرمزگان","Hormozgān","بشکرد","Bashkard","مرکزی","Markazi","","","سردشت","Sar Dasht","محمودآباد","Mahmud Ābād","Mahmud Ābād","Hassan Mohebbi Bahmani, field notes 2015","120","","","","Molki Gāl 90%; Mārzi Gāl 10%","Hassan Mohebbi Bahmani, field notes 2015",26.46881807872415,57.649331320843366,""
"","3449afdbb6b9749ef19da429e152a95d","29-168a550e8903d0a957e216a48e7a51d3","1221780","هرمزگان","Hormozgān","بشکرد","Bashkard","مرکزی","Markazi","سردشت","Sar Dasht","","","","","Sar Dasht","Hassan Mohebbi Bahmani, field notes 2015","1536","","","","Molki Gāl 90%; Mārzi Gāl 10%","Hassan Mohebbi Bahmani, field notes 2015",26.45709554597011,57.90282153038719,""
"","3449afdbb6b9749ef19da429e152f036","23-f3c601dfbff07fefb0e52bd46adac4bc","1221781","هرمزگان","Hormozgān","بشکرد","Bashkard","گوهران","Gowharān","","","","","","","","","16488","","","","","","","",""
"","3449afdbb6b9749ef19da429e15331e0","23-a55ae9b71bb8e783d0f1904e603aa87e","1221782","هرمزگان","Hormozgān","بشکرد","Bashkard","گوهران","Gowharān","","","گوهران","Gowharān","","","","","9426","","","","","","","",""
"","3449afdbb6b9749ef19da429e15383d2","27-744a761238c9a51158624286c4509e36","1221783","هرمزگان","Hormozgān","بشکرد","Bashkard","گوهران","Gowharān","","","گوهران","Gowharān","گوروی","Guravi","Guravi","Hassan Mohebbi Bahmani, field notes 2015","269","","","","Mārzi Gāl 90%; Molki Gāl 10%","Hassan Mohebbi Bahmani, field notes 2015",26.820126114886367,57.869612664168386,""
"","3449afdbb6b9749ef19da429e153d0e7","27-799627532e19cd9d25949cc94a2f13c2","1221784","هرمزگان","Hormozgān","بشکرد","Bashkard","گوهران","Gowharān","","","گوهران","Gowharān","دستکرد در گاز","Dastkerd Dar Gāz","Dastkerd Dar Gāz","Hassan Mohebbi Bahmani, field notes 2015","653","","","","Mārzi Gāl 90%; Molki Gāl 10%","Hassan Mohebbi Bahmani, field notes 2015",26.859136327634257,57.81810352225317,""
"","3449afdbb6b9749ef19da429e1541954","28-b20d0546b4653e6943914a6445d3665d","1221785","هرمزگان","Hormozgān","بشکرد","Bashkard","گوهران","Gowharān","","","گوهران","Gowharān","کار گنجی","Kār Ganji","Kār Ganji","Hassan Mohebbi Bahmani, field notes 2015","119","","","","Mārzi Gāl 90%; Molki Gāl 10%","Hassan Mohebbi Bahmani, field notes 2015",26.83827351875497,57.84984478373236,""
"","3449afdbb6b9749ef19da429e1548b47","27-17bc0c602c3b75beeddb49f2a6c35201","1221786","هرمزگان","Hormozgān","بشکرد","Bashkard","گوهران","Gowharān","","","گوهران","Gowharān","بند بارک","Band Bārek","Band Bārek","Hassan Mohebbi Bahmani, field notes 2015","298","","","","Mārzi Gāl 90%; Molki Gāl 10%","Hassan Mohebbi Bahmani, field notes 2015",26.880626884744476,57.852092474885254,""
"","3449afdbb6b9749ef19da429e154d5e4","27-399d81b8eb0e128682b6e4d0f8d8934a","1221787","هرمزگان","Hormozgān","بشکرد","Bashkard","گوهران","Gowharān","","","گوهران","Gowharān","تریش","Terish","Terish","Hassan Mohebbi Bahmani, field notes 2015","64","","","","Mārzi Gāl 90%; Molki Gāl 10%","Hassan Mohebbi Bahmani, field notes 2015",26.893396781400686,57.782923668819656,""
"","3449afdbb6b9749ef19da429e1553502","27-64b01cd40f04300c40ede475da4a574b","1221788","هرمزگان","Hormozgān","بشکرد","Bashkard","گوهران","Gowharān","","","گوهران","Gowharān","درگازپلکی","Dar Gāz Pelki","Dar Gāz Pelki","Hassan Mohebbi Bahmani, field notes 2015","17","","","","Mārzi Gāl 90%; Molki Gāl 10%","Hassan Mohebbi Bahmani, field notes 2015",26.84119329900039,57.78637298961034,""
"","3449afdbb6b9749ef19da429e1556894","28-276af00226e9f6e5e9b7a82720752f0a","1221789","هرمزگان","Hormozgān","بشکرد","Bashkard","گوهران","Gowharān","","","گوهران","Gowharān","بینگ علیا","Bing Olyā","Bing Olyā","Hassan Mohebbi Bahmani, field notes 2015","211","","","","Mārzi Gāl 90%; Molki Gāl 10%","Hassan Mohebbi Bahmani, field notes 2015",26.834340257729846,57.78345010122052,""
"","3449afdbb6b9749ef19da429e155c4d8","28-7482152b609583729e37db7157148755","1221790","هرمزگان","Hormozgān","بشکرد","Bashkard","گوهران","Gowharān","","","گوهران","Gowharān","گلشهر","Gol Shahr","Gol Shahr","Hassan Mohebbi Bahmani, field notes 2015","","(less than 3 households; population not specified in 2011 Census for reasons of privacy)","","","Mārzi Gāl 90%; Molki Gāl 10%","Hassan Mohebbi Bahmani, field notes 2015",26.82063974232372,57.767839644755824,""
"","3449afdbb6b9749ef19da429e1562147","27-1c84cac4959ecdd276fe43ab3537863e","1221791","هرمزگان","Hormozgān","بشکرد","Bashkard","گوهران","Gowharān","","","گوهران","Gowharān","اوهکن","Uhken","Uhken","Hassan Mohebbi Bahmani, field notes 2015","185","","","","Mārzi Gāl 90%; Molki Gāl 10%","Hassan Mohebbi Bahmani, field notes 2015",26.73610089253372,57.797246664956624,""
"","3449afdbb6b9749ef19da429e1566c71","27-af07dbd9fc89def8cc790aa7d0b4363a","1221792","هرمزگان","Hormozgān","بشکرد","Bashkard","گوهران","Gowharān","","","گوهران","Gowharān","بشنو","Beshnu","Beshnu","Hassan Mohebbi Bahmani, field notes 2015","395","","","","Mārzi Gāl 90%; Molki Gāl 10%","Hassan Mohebbi Bahmani, field notes 2015",26.762212712591403,57.78467202133829,""
"","3449afdbb6b9749ef19da429e156ae44","27-835bec113da0f1f948b7c617fbd319e3","1221793","هرمزگان","Hormozgān","بشکرد","Bashkard","گوهران","Gowharān","","","گوهران","Gowharān","بن نر","Bon Nar","Bon Nar","Hassan Mohebbi Bahmani, field notes 2015","201","","","","Mārzi Gāl 90%; Molki Gāl 10%","Hassan Mohebbi Bahmani, field notes 2015",26.738362173876435,57.768815249403545,""
"","3449afdbb6b9749ef19da429e1570ddb","27-cf8861b8440889f64f1082efeb24f59e","1221794","هرمزگان","Hormozgān","بشکرد","Bashkard","گوهران","Gowharān","","","گوهران","Gowharān","سرهور","Sar Hur","Sar Hur","Hassan Mohebbi Bahmani, field notes 2015","271","","","","Mārzi Gāl 90%; Molki Gāl 10%","Hassan Mohebbi Bahmani, field notes 2015",26.699060858446483,57.854275345264625,""
"","3449afdbb6b9749ef19da429e1575fed","27-74c4aa3eebef4d879043bb4570ceded1","1221795","هرمزگان","Hormozgān","بشکرد","Bashkard","گوهران","Gowharān","","","گوهران","Gowharān","ناشکی","Nāshki","Nāshki","Hassan Mohebbi Bahmani, field notes 2015","108","","","","Mārzi Gāl 90%; Molki Gāl 10%","Hassan Mohebbi Bahmani, field notes 2015",26.755186228127194,57.73426839729709,""
"","3449afdbb6b9749ef19da429e157b365","27-5b85091fe487af4e6779072f1fafdfbe","1221796","هرمزگان","Hormozgān","بشکرد","Bashkard","گوهران","Gowharān","","","گوهران","Gowharān","گروخ","Gerukh","Gerukh","Hassan Mohebbi Bahmani, field notes 2015","150","","","","Mārzi Gāl 90%; Molki Gāl 10%","Hassan Mohebbi Bahmani, field notes 2015",26.678837011232066,57.8058748835952,""
"","3449afdbb6b9749ef19da429e158010d","27-976e3fd85bb11ca54ba1da75e2b320a2","1221797","هرمزگان","Hormozgān","بشکرد","Bashkard","گوهران","Gowharān","","","گوهران","Gowharān","تیدر","Tidar","Tidar","Hassan Mohebbi Bahmani, field notes 2015","273","","","","Mārzi Gāl 90%; Molki Gāl 10%","Hassan Mohebbi Bahmani, field notes 2015",26.7563163187821,57.83835375255458,""
"","3449afdbb6b9749ef19da429e1585418","27-82e10a1d0b6bd5b54c309d698f3dad9d","1221798","هرمزگان","Hormozgān","بشکرد","Bashkard","گوهران","Gowharān","","","گوهران","Gowharān","ورونچ","Varavench","Varavench","Hassan Mohebbi Bahmani, field notes 2015","54","","","","Mārzi Gāl 90%; Molki Gāl 10%","Hassan Mohebbi Bahmani, field notes 2015",26.774715919472857,57.821372581769225,""
"","3449afdbb6b9749ef19da429e158876a","27-9cfed05e9b19d3e20f24a37c9ad243cf","1221799","هرمزگان","Hormozgān","بشکرد","Bashkard","گوهران","Gowharān","","","گوهران","Gowharān","بیورچ","Biverch","Biverch","Hassan Mohebbi Bahmani, field notes 2015","594","","","","Mārzi Gāl 90%; Molki Gāl 10%","Hassan Mohebbi Bahmani, field notes 2015",26.783410744180802,57.79005298037997,""
"","3449afdbb6b9749ef19da429e158dc42","27-b3006b905bfb998dcf9810de2d61392e","1221800","هرمزگان","Hormozgān","بشکرد","Bashkard","گوهران","Gowharān","","","گوهران","Gowharān","درشهر","Dar Shahr","Dar Shahr","Hassan Mohebbi Bahmani, field notes 2015","249","","","","Mārzi Gāl 90%; Molki Gāl 10%","Hassan Mohebbi Bahmani, field notes 2015",26.758543668406485,57.77056360192217,""
"","3449afdbb6b9749ef19da429e15930c8","27-ed94016f10089da0efef1d208f497a44","1221801","هرمزگان","Hormozgān","بشکرد","Bashkard","گوهران","Gowharān","","","گوهران","Gowharān","کسیسه ای","Kasisei","Kasisei","Hassan Mohebbi Bahmani, field notes 2015","148","","","","Mārzi Gāl 90%; Molki Gāl 10%","Hassan Mohebbi Bahmani, field notes 2015",26.747210442169223,57.85189399141984,""
"","3449afdbb6b9749ef19da429e159849f","27-85899a5eaca13a8117ee8535648531ba","1221802","هرمزگان","Hormozgān","بشکرد","Bashkard","گوهران","Gowharān","","","گوهران","Gowharān","کوه سفید","Kuh Safid","Kuh Safid","Hassan Mohebbi Bahmani, field notes 2015","21","","","","Mārzi Gāl 90%; Molki Gāl 10%","Hassan Mohebbi Bahmani, field notes 2015",26.76935923161397,57.87432262319859,""
"","3449afdbb6b9749ef19da429e159d57c","27-8fb42116eb34aac23ae81a7b3c30768d","1221803","هرمزگان","Hormozgān","بشکرد","Bashkard","گوهران","Gowharān","","","گوهران","Gowharān","ایرر","Irar","Irar","Hassan Mohebbi Bahmani, field notes 2015","470","","","","Mārzi Gāl 90%; Molki Gāl 10%","Hassan Mohebbi Bahmani, field notes 2015",26.678230936360723,57.89790415709255,""
"","3449afdbb6b9749ef19da429e15a15b5","27-189378f368b2cbc5fdcbefacd2d21705","1221804","هرمزگان","Hormozgān","بشکرد","Bashkard","گوهران","Gowharān","","","گوهران","Gowharān","شهرشیب کلاه","Shahr Shib Kalā","Shahr Shib Kalā","Hassan Mohebbi Bahmani, field notes 2015","113","","","","Mārzi Gāl 90%; Molki Gāl 10%","Hassan Mohebbi Bahmani, field notes 2015",26.68666209740445,57.90540093128774,""
"","3449afdbb6b9749ef19da429e15a5a3a","28-cc00b25bb9becdc76269a901885168c5","1221805","هرمزگان","Hormozgān","بشکرد","Bashkard","گوهران","Gowharān","","","گوهران","Gowharān","کتوهنگ","Katuhang","Katuhang","Hassan Mohebbi Bahmani, field notes 2015","46","","","","Mārzi Gāl 90%; Molki Gāl 10%","Hassan Mohebbi Bahmani, field notes 2015",26.704303685855788,57.902195691515644,""
"","3449afdbb6b9749ef19da429e15a94ea","28-0b0c63c057c525cdc0a8b4648b626266","1221806","هرمزگان","Hormozgān","بشکرد","Bashkard","گوهران","Gowharān","","","گوهران","Gowharān","کلاهو","Kalāhu","Kalāhu","Hassan Mohebbi Bahmani, field notes 2015","345","","","","Mārzi Gāl 90%; Molki Gāl 10%","Hassan Mohebbi Bahmani, field notes 2015",26.739871266707667,57.92461404222149,""
"","3449afdbb6b9749ef19da429e15adfb0","27-42694bf798d8552dee2a676ffc463f78","1221807","هرمزگان","Hormozgān","بشکرد","Bashkard","گوهران","Gowharān","","","گوهران","Gowharān","گیمجگ","Gimajg","Gimajg","Hassan Mohebbi Bahmani, field notes 2015","210","","","","Mārzi Gāl 90%; Molki Gāl 10%","Hassan Mohebbi Bahmani, field notes 2015",26.71932672234979,57.81221875567698,""
"","3449afdbb6b9749ef19da429e15b30e7","27-9e0fa6c89f58d3f489fedfb2a8c72cd9","1221808","هرمزگان","Hormozgān","بشکرد","Bashkard","گوهران","Gowharān","","","گوهران","Gowharān","امام آباد","Emām Ābād","Emām Ābād","Hassan Mohebbi Bahmani, field notes 2015","32","","","","Mārzi Gāl 90%; Molki Gāl 10%","Hassan Mohebbi Bahmani, field notes 2015",26.741250991200285,57.91821965593093,""
"","3449afdbb6b9749ef19da429e15b7470","27-d994c8e82f224624622206a399a93174","1221809","هرمزگان","Hormozgān","بشکرد","Bashkard","گوهران","Gowharān","","","گوهران","Gowharān","باینی","Bāini","Bāini","Hassan Mohebbi Bahmani, field notes 2015","97","","","","Mārzi Gāl 90%; Molki Gāl 10%","Hassan Mohebbi Bahmani, field notes 2015",26.69390617414924,57.790242969458696,""
"","3449afdbb6b9749ef19da429e15bc3c9","28-705a0d54c4ce1ead90f1383836840588","1221810","هرمزگان","Hormozgān","بشکرد","Bashkard","گوهران","Gowharān","","","گوهران","Gowharān","بن اشک","Bon Ashk","Bon Ashk","Hassan Mohebbi Bahmani, field notes 2015","13","","","","Mārzi Gāl 90%; Molki Gāl 10%","Hassan Mohebbi Bahmani, field notes 2015",26.608679778418512,57.818891476452166,""
"","3449afdbb6b9749ef19da429e15c1475","27-3e79e7e4f179e02b890bb2a6ceb046f3","1221811","هرمزگان","Hormozgān","بشکرد","Bashkard","گوهران","Gowharān","","","گوهران","Gowharān","گارامان، گارون","Gārāmān","Gārmon","Hassan Mohebbi Bahmani, field notes 2015","365","","","","Mārzi Gāl 90%; Molki Gāl 10%","Hassan Mohebbi Bahmani, field notes 2015",26.595671600230443,57.8961365813518,""
"","3449afdbb6b9749ef19da429e15c75f0","27-378d7e4c4c4bba6db07778686ba25753","1221812","هرمزگان","Hormozgān","بشکرد","Bashkard","گوهران","Gowharān","","","گوهران","Gowharān","گارانی","?Gārāni","?Gārāni","Hassan Mohebbi Bahmani, field notes 2015","121","","","","Mārzi Gāl 90%; Molki Gāl 10%","Hassan Mohebbi Bahmani, field notes 2015",26.647412552462125,57.746396731206815,""
"","3449afdbb6b9749ef19da429e15cb18b","28-ad8442aaa01023fdd873f0bde2663e5b","1221813","هرمزگان","Hormozgān","بشکرد","Bashkard","گوهران","Gowharān","","","گوهران","Gowharān","وائن","Vā'en","Vā'en","Hassan Mohebbi Bahmani, field notes 2015","476","","","","Mārzi Gāl 90%; Molki Gāl 10%","Hassan Mohebbi Bahmani, field notes 2015",26.62305804145347,57.7789372909712,""
"","3449afdbb6b9749ef19da429e15ce6ed","28-bfe5b95bd73409d02bf8fe01c028cfde","1221814","هرمزگان","Hormozgān","بشکرد","Bashkard","گوهران","Gowharān","","","گوهران","Gowharān","درگوین","Dar Goyn","Dar Goyn","Hassan Mohebbi Bahmani, field notes 2015","357","","","","Mārzi Gāl 90%; Molki Gāl 10%","Hassan Mohebbi Bahmani, field notes 2015",26.626928065545737,57.7065069187395,""
"","3449afdbb6b9749ef19da429e15d41f3","27-9ba7e088e52f3723cfe6ab941967ae19","1221815","هرمزگان","Hormozgān","بشکرد","Bashkard","گوهران","Gowharān","","","گوهران","Gowharān","جنگل تیراحمد","Jangal Tir Ahmad","Jangal Tir Ahmad","Hassan Mohebbi Bahmani, field notes 2015","112","","","","Mārzi Gāl 90%; Molki Gāl 10%","Hassan Mohebbi Bahmani, field notes 2015",26.611706174133133,57.72904283887823,""
"","3449afdbb6b9749ef19da429e15d9399","27-e6525415a1f0faefe2fadd84a6c002eb","1221816","هرمزگان","Hormozgān","بشکرد","Bashkard","گوهران","Gowharān","","","گوهران","Gowharān","کهناب بالا","Kahnāb Bālā","Kahnāb Bālā","Hassan Mohebbi Bahmani, field notes 2015","140","","","","Mārzi Gāl 90%; Molki Gāl 10%","Hassan Mohebbi Bahmani, field notes 2015",26.60020928168964,58.05096441450463,""
"","3449afdbb6b9749ef19da429e15de6cd","31-f2b1b8f19f709a3e22c2a57cce77fb94","1221817","هرمزگان","Hormozgān","بشکرد","Bashkard","گوهران","Gowharān","","","گوهران","Gowharān","کهناب پائین","Kahnāb Pāin","Kahnāb Pāin","Hassan Mohebbi Bahmani, field notes 2015","128","","","","Mārzi Gāl 90%; Molki Gāl 10%","Hassan Mohebbi Bahmani, field notes 2015",26.59084591915096,58.06210094633357,""
"","3449afdbb6b9749ef19da429e15e2c55","27-072d02316a9fea3306f41cb58b17eba3","1221818","هرمزگان","Hormozgān","بشکرد","Bashkard","گوهران","Gowharān","","","گوهران","Gowharān","رنین کوچک","Reynan Kuchak","Reynan Kuchak","Hassan Mohebbi Bahmani, field notes 2015","58","","","","Mārzi Gāl 90%; Molki Gāl 10%","Hassan Mohebbi Bahmani, field notes 2015",26.585348424220463,57.82888287252103,""
"","3449afdbb6b9749ef19da429e15e7ca2","27-0f8a64cc20897a3b8868e38ba8a8c98d","1221819","هرمزگان","Hormozgān","بشکرد","Bashkard","گوهران","Gowharān","","","گوهران","Gowharān","رنین بزرگ","Reynan Bozorg","Reynan Bozorg","Hassan Mohebbi Bahmani, field notes 2015","275","","","","Mārzi Gāl 90%; Molki Gāl 10%","Hassan Mohebbi Bahmani, field notes 2015",26.575038710310018,57.79921479111979,""
"","3449afdbb6b9749ef19da429e15ec982","28-d19cd2396273086f6b5f15a901297326","1221820","هرمزگان","Hormozgān","بشکرد","Bashkard","گوهران","Gowharān","","","گوهران","Gowharān","شهرشیب","Shahr Shib","Shahr Shib","Hassan Mohebbi Bahmani, field notes 2015","212","","","","Mārzi Gāl 90%; Molki Gāl 10%","Hassan Mohebbi Bahmani, field notes 2015",26.578507368198707,57.91322761719235,""
"","3449afdbb6b9749ef19da429e15f179b","27-afbefb15c4affb0bb04d88eeef0d19ce","1221821","هرمزگان","Hormozgān","بشکرد","Bashkard","گوهران","Gowharān","","","گوهران","Gowharān","تجک","Tejek","Tejek","Hassan Mohebbi Bahmani, field notes 2015","190","","","","Mārzi Gāl 90%; Molki Gāl 10%","Hassan Mohebbi Bahmani, field notes 2015",26.576166155586506,57.968062698283724,""
"","3449afdbb6b9749ef19da429e15f5f4a","28-c0310d92f8bef2530c60d13fe1556f76","1221822","هرمزگان","Hormozgān","بشکرد","Bashkard","گوهران","Gowharān","","","گوهران","Gowharān","اشکان","Ashkān","Ashkān","Hassan Mohebbi Bahmani, field notes 2015","184","","","","Mārzi Gāl 90%; Molki Gāl 10%","Hassan Mohebbi Bahmani, field notes 2015",26.64387885707688,57.8824115503333,""
"","3449afdbb6b9749ef19da429e15fb68e","27-b1980a944034294e3b86d2df217f77ce","1221823","هرمزگان","Hormozgān","بشکرد","Bashkard","گوهران","Gowharān","","","گوهران","Gowharān","خومن","Khumen","Khumen","Hassan Mohebbi Bahmani, field notes 2015","171","","","","Mārzi Gāl 90%; Molki Gāl 10%","Hassan Mohebbi Bahmani, field notes 2015",26.646448828201628,57.849050234611006,""
"","3449afdbb6b9749ef19da429e160037b","27-ab073eecd9cf9a39369644585099b363","1221824","هرمزگان","Hormozgān","بشکرد","Bashkard","گوهران","Gowharān","","","گوهران","Gowharān","سرملا","Sar Mollā","Sar Mollā","Hassan Mohebbi Bahmani, field notes 2015","396","","","","Mārzi Gāl 90%; Molki Gāl 10%","Hassan Mohebbi Bahmani, field notes 2015",26.64634814012268,57.83359534626899,""
"","3449afdbb6b9749ef19da429e1604ba1","28-c36b60e254a3fd9d80ccda0ef82f245d","1221825","هرمزگان","Hormozgān","بشکرد","Bashkard","گوهران","Gowharān","","","گوهران","Gowharān","پاهتک","Pāhtek","Pāhtek","Hassan Mohebbi Bahmani, field notes 2015","626","","","","Mārzi Gāl 90%; Molki Gāl 10%","Hassan Mohebbi Bahmani, field notes 2015",26.58577057978478,57.87129932587661,""
"","3449afdbb6b9749ef19da429e160b4de","23-a16a987f2e06f6cfb9b77c100452167b","1221826","هرمزگان","Hormozgān","بشکرد","Bashkard","گوهران","Gowharān","","","درآبسر","Dar Āb Sar","","","","","5746","","","","","","","",""
"","3449afdbb6b9749ef19da429e1610122","25-193f79757160b021ba41f9ddbce1be52","1221827","هرمزگان","Hormozgān","بشکرد","Bashkard","گوهران","Gowharān","","","درآبسر","Dar Āb Sar","به تیش","Behtish","Behtish","Hassan Mohebbi Bahmani, field notes 2015","378","","","","Mārzi Gāl 90%; Molki Gāl 10%","Hassan Mohebbi Bahmani, field notes 2015","","",""
"","3449afdbb6b9749ef19da429e1616915","25-792b0d7711dd25a4ab57c903225c6b32","1221828","هرمزگان","Hormozgān","بشکرد","Bashkard","گوهران","Gowharān","","","درآبسر","Dar Āb Sar","بیخ کهنو","Bikh Kahnu","Bikh Kahnu","Hassan Mohebbi Bahmani, field notes 2015","427","","","","Mārzi Gāl 90%; Molki Gāl 10%","Hassan Mohebbi Bahmani, field notes 2015","","",""
"","3449afdbb6b9749ef19da429e161c6ea","25-380ee77fb18222ab803ab692e53417b4","1221829","هرمزگان","Hormozgān","بشکرد","Bashkard","گوهران","Gowharān","","","درآبسر","Dar Āb Sar","پوسمن","Pusmen","Pusmen","Hassan Mohebbi Bahmani, field notes 2015","238","","","","Mārzi Gāl 90%; Molki Gāl 10%","Hassan Mohebbi Bahmani, field notes 2015","","",""
"","3449afdbb6b9749ef19da429e162097f","25-aa8f80346b17832b0dd7cadfaf78b7c2","1221830","هرمزگان","Hormozgān","بشکرد","Bashkard","گوهران","Gowharān","","","درآبسر","Dar Āb Sar","تچ","Tech","Tech","Hassan Mohebbi Bahmani, field notes 2015","58","","","","Mārzi Gāl 90%; Molki Gāl 10%","Hassan Mohebbi Bahmani, field notes 2015","","",""
"","3449afdbb6b9749ef19da429e1625667","25-17c2c057b17347fbb6810a8130eacb9d","1221831","هرمزگان","Hormozgān","بشکرد","Bashkard","گوهران","Gowharān","","","درآبسر","Dar Āb Sar","جگی سرحدی","Jagi Sarhaddi","Jagi Sarhadi","Hassan Mohebbi Bahmani, field notes 2015","53","","","","Mārzi Gāl 90%; Molki Gāl 10%","Hassan Mohebbi Bahmani, field notes 2015","","",""
"","3449afdbb6b9749ef19da429e162ab9d","25-68eff32cf533d5074b43d78f931168f7","1221832","هرمزگان","Hormozgān","بشکرد","Bashkard","گوهران","Gowharān","","","درآبسر","Dar Āb Sar","دومرخ","Dumerkh","Dumerkh","Hassan Mohebbi Bahmani, field notes 2015","140","","","","Mārzi Gāl 90%; Molki Gāl 10%","Hassan Mohebbi Bahmani, field notes 2015","","",""
"","3449afdbb6b9749ef19da429e162f36c","25-afdbeb58b4d8fccbd68b971a00d12f23","1221833","هرمزگان","Hormozgān","بشکرد","Bashkard","گوهران","Gowharān","","","درآبسر","Dar Āb Sar","زمین لشکری","Zamin Lashkari","Zamin Lashkari","Hassan Mohebbi Bahmani, field notes 2015","13","","","","Mārzi Gāl 90%; Molki Gāl 10%","Hassan Mohebbi Bahmani, field notes 2015","","",""
"","3449afdbb6b9749ef19da429e163422d","25-fa4fea07fdb304f246b980db377cef75","1221834","هرمزگان","Hormozgān","بشکرد","Bashkard","گوهران","Gowharān","","","درآبسر","Dar Āb Sar","برکهنک","Borkeh Nek","Borka Nek","Hassan Mohebbi Bahmani, field notes 2015","270","","","","Mārzi Gāl 90%; Molki Gāl 10%","Hassan Mohebbi Bahmani, field notes 2015","","",""
"","3449afdbb6b9749ef19da429e163ad1a","29-97546d4eb6fe0114d48326b69e3c1cf8","1221835","هرمزگان","Hormozgān","بشکرد","Bashkard","گوهران","Gowharān","","","درآبسر","Dar Āb Sar","خمینی شهر","Khomeyni Shahr","Khonamud, Rabidun","Hassan Mohebbi Bahmani, field notes 2015","984","","","","Mārzi Gāl 90%; Molki Gāl 10%","Hassan Mohebbi Bahmani, field notes 2015",26.617447854556193,58.035582534269665,""
"","3449afdbb6b9749ef19da429e1640928","25-0739f091fc2b84da5d89bca50d66876e","1221836","هرمزگان","Hormozgān","بشکرد","Bashkard","گوهران","Gowharān","","","درآبسر","Dar Āb Sar","اسلام آباد","Eslām Ābād","Eslām Ābād","Hassan Mohebbi Bahmani, field notes 2015","292","","","","Mārzi Gāl 90%; Molki Gāl 10%","Hassan Mohebbi Bahmani, field notes 2015","","",""
"","3449afdbb6b9749ef19da429e1644de1","26-9f61175f2ee52370161c1939bbb0f4b0","1221837","هرمزگان","Hormozgān","بشکرد","Bashkard","گوهران","Gowharān","","","درآبسر","Dar Āb Sar","حسین آباد شگمان","Hoseyn Ābād-e Shagmān","Hoseyn Ābād-e Shagmān","Hassan Mohebbi Bahmani, field notes 2015","364","","","","Mārzi Gāl 90%; Molki Gāl 10%","Hassan Mohebbi Bahmani, field notes 2015","","",""
"","3449afdbb6b9749ef19da429e16498a1","25-fba0c9c316b3c1f14d4209e5f508b554","1221838","هرمزگان","Hormozgān","بشکرد","Bashkard","گوهران","Gowharān","","","درآبسر","Dar Āb Sar","حاجی آباد سرحدی","Hāji Ābād Sarhaddi","Hāji Ābād Sarhaddi","Hassan Mohebbi Bahmani, field notes 2015","103","","","","Mārzi Gāl 90%; Molki Gāl 10%","Hassan Mohebbi Bahmani, field notes 2015","","",""
"","3449afdbb6b9749ef19da429e16500af","25-b297c55aa78b1a4d93f6a731be012661","1221839","هرمزگان","Hormozgān","بشکرد","Bashkard","گوهران","Gowharān","","","درآبسر","Dar Āb Sar","گزماهور","Gaz Māhur","Gaz Māhur","Hassan Mohebbi Bahmani, field notes 2015","72","","","","Mārzi Gāl 90%; Molki Gāl 10%","Hassan Mohebbi Bahmani, field notes 2015","","",""
"","3449afdbb6b9749ef19da429e1654bfb","25-16b27e3cd021fec619a70a5b000e9a58","1221840","هرمزگان","Hormozgān","بشکرد","Bashkard","گوهران","Gowharān","","","درآبسر","Dar Āb Sar","دولت آباد","Dowlat Ābād","Dowlat Ābād","Hassan Mohebbi Bahmani, field notes 2015","134","","","","Mārzi Gāl 90%; Molki Gāl 10%","Hassan Mohebbi Bahmani, field notes 2015","","",""
"","3449afdbb6b9749ef19da429e165aaba","29-280e620297fbb82894b25006a8e33e39","1221841","هرمزگان","Hormozgān","بشکرد","Bashkard","گوهران","Gowharān","","","درآبسر","Dar Āb Sar","ایرمیش","Eyrmish","Eyrmish","Hassan Mohebbi Bahmani, field notes 2015","328","","","","Mārzi Gāl 90%; Molki Gāl 10%","Hassan Mohebbi Bahmani, field notes 2015",26.74811709309719,57.95882687422386,""
"","3449afdbb6b9749ef19da429e165feda","27-43bedcb720c49d2dc5a7ebcf8230a28c","1221842","هرمزگان","Hormozgān","بشکرد","Bashkard","گوهران","Gowharān","","","درآبسر","Dar Āb Sar","جخیش","Jakhish","Jakhish","Hassan Mohebbi Bahmani, field notes 2015","32","","","","Mārzi Gāl 90%; Molki Gāl 10%","Hassan Mohebbi Bahmani, field notes 2015",26.829759070534166,57.932010148498414,""
"","3449afdbb6b9749ef19da429e1663668","25-d49e2327e7329e2ea764064c9527fb1c","1221843","هرمزگان","Hormozgān","بشکرد","Bashkard","گوهران","Gowharān","","","درآبسر","Dar Āb Sar","دربن صلاح","Dar Bon Salāh","Dar Bon Salāh","Hassan Mohebbi Bahmani, field notes 2015","32","","","","Mārzi Gāl 90%; Molki Gāl 10%","Hassan Mohebbi Bahmani, field notes 2015","","",""
"","3449afdbb6b9749ef19da429e1668f9e","25-95e091cff09a4a6bd5e74882d399094b","1221844","هرمزگان","Hormozgān","بشکرد","Bashkard","گوهران","Gowharān","","","درآبسر","Dar Āb Sar","درگاه","Dargāh","Dargāh","Hassan Mohebbi Bahmani, field notes 2015","321","","","","Mārzi Gāl 90%; Molki Gāl 10%","Hassan Mohebbi Bahmani, field notes 2015","","",""
"","3449afdbb6b9749ef19da429e166ed0a","25-cc3a71b46576cd6388d04766f6bc4e0f","1221845","هرمزگان","Hormozgān","بشکرد","Bashkard","گوهران","Gowharān","","","درآبسر","Dar Āb Sar","درمار","Dar Mār","Dar Mār","Hassan Mohebbi Bahmani, field notes 2015","164","","","","Mārzi Gāl 90%; Molki Gāl 10%","Hassan Mohebbi Bahmani, field notes 2015","","",""
"","3449afdbb6b9749ef19da429e16755ba","25-72bfd59f750cc85a1b6f0b9d4f76302b","1221846","هرمزگان","Hormozgān","بشکرد","Bashkard","گوهران","Gowharān","","","درآبسر","Dar Āb Sar","دست موردن","Dast Mowrdon","Dast Mowrdon","Hassan Mohebbi Bahmani, field notes 2015","191","","","","Mārzi Gāl 90%; Molki Gāl 10%","Hassan Mohebbi Bahmani, field notes 2015","","",""
"","3449afdbb6b9749ef19da429e1679346","27-b5e465b2cafc762cbe877a34594cb65d","1221847","هرمزگان","Hormozgān","بشکرد","Bashkard","گوهران","Gowharān","","","درآبسر","Dar Āb Sar","دستکرد ناگرد","Dastkerd Nāgerd","Dastkerd Nāgerd","Hassan Mohebbi Bahmani, field notes 2015","192","","","","Mārzi Gāl 90%; Molki Gāl 10%","Hassan Mohebbi Bahmani, field notes 2015",26.82184178685558,57.943061018451495,""
"","3449afdbb6b9749ef19da429e167d969","25-3c8dfe05544660c2837257717117164c","1221848","هرمزگان","Hormozgān","بشکرد","Bashkard","گوهران","Gowharān","","","درآبسر","Dar Āb Sar","دسک","Desk","Desk","Hassan Mohebbi Bahmani, field notes 2015","102","","","","Mārzi Gāl 90%; Molki Gāl 10%","Hassan Mohebbi Bahmani, field notes 2015","","",""
"","3449afdbb6b9749ef19da429e1682977","25-e4be6b2711451d181e8aeb64f9e8ba5f","1221849","هرمزگان","Hormozgān","بشکرد","Bashkard","گوهران","Gowharān","","","درآبسر","Dar Āb Sar","سرتنگ سهران","Sar Tang Sohrān","Sar Tang Sohrān","Hassan Mohebbi Bahmani, field notes 2015","173","","","","Mārzi Gāl 90%; Molki Gāl 10%","Hassan Mohebbi Bahmani, field notes 2015","","",""
"","3449afdbb6b9749ef19da429e16871f3","25-21396db138768825890a35d7ed469f79","1221850","هرمزگان","Hormozgān","بشکرد","Bashkard","گوهران","Gowharān","","","درآبسر","Dar Āb Sar","کرمستان","Karamestān","Karamestun","Hassan Mohebbi Bahmani, field notes 2015","306","","","","Mārzi Gāl 90%; Molki Gāl 10%","Hassan Mohebbi Bahmani, field notes 2015","","",""
"","3449afdbb6b9749ef19da429e168bfef","27-be00b53417beba9757e7f279cec1e43e","1221851","هرمزگان","Hormozgān","بشکرد","Bashkard","گوهران","Gowharān","","","درآبسر","Dar Āb Sar","کور","Kur","Kur","Hassan Mohebbi Bahmani, field notes 2015","238","","","","Mārzi Gāl 90%; Molki Gāl 10%","Hassan Mohebbi Bahmani, field notes 2015",26.68092633505064,58.1151728376807,""
"","3449afdbb6b9749ef19da429e1690553","25-09292ce9e0c53fd6396b4a409243a71a","1221852","هرمزگان","Hormozgān","بشکرد","Bashkard","گوهران","Gowharān","","","درآبسر","Dar Āb Sar","گهرکوه","Gohar Kuh","Goar Kuh","Hassan Mohebbi Bahmani, field notes 2015","141","","","","Mārzi Gāl 90%; Molki Gāl 10%","Hassan Mohebbi Bahmani, field notes 2015","","",""
"","3449afdbb6b9749ef19da429e1694424","25-2ec3c058339d221aaa72a4186f5fce3d","1221853","هرمزگان","Hormozgān","بشکرد","Bashkard","گوهران","Gowharān","گوهران","Gowharān","","","","","Angohron","Hassan Mohebbi Bahmani, field notes 2015","1316","","","","Mārzi Gāl 90%; Molki Gāl 10%","Hassan Mohebbi Bahmani, field notes 2015","","",""
"","3449afdbb6b9749ef19da429e16994ca","23-f854fc819fff31138378cd37d38ecc13","1221854","هرمزگان","Hormozgān","بشکرد","Bashkard","گافروپارامون","Gāfr va Pārāmon","","","","","","","","","8478","","","","","","","",""
"","3449afdbb6b9749ef19da429e169fead","23-81b2d2b372b67d37fb867be545f14dd7","1221855","هرمزگان","Hormozgān","بشکرد","Bashkard","گافروپارامون","Gāfr va Pārāmon","","","گافر","Gāfr","","","","","3220","","","","","","","",""
"","3449afdbb6b9749ef19da429e16a48da","26-090a1560f416fd6706dd9de0cc432e66","1221856","هرمزگان","Hormozgān","بشکرد","Bashkard","گافروپارامون","Gāfr va Pārāmon","","","گافر","Gāfr","آخران","Ākharān","Ākharān","Hassan Mohebbi Bahmani, field notes 2015","351","","","","Molki Gāl 90%; Mārzi Gāl 10%","Hassan Mohebbi Bahmani, field notes 2015","","",""
"","3449afdbb6b9749ef19da429e16aa4c5","25-5c749f4ca7d3089e1ed954fb45d970c4","1221857","هرمزگان","Hormozgān","بشکرد","Bashkard","گافروپارامون","Gāfr va Pārāmon","","","گافر","Gāfr","پاراپیون","Pār Āpiyon","Pār Āpiyon","Hassan Mohebbi Bahmani, field notes 2015","299","","","","Molki Gāl 90%; Mārzi Gāl 10%","Hassan Mohebbi Bahmani, field notes 2015","","",""
"","3449afdbb6b9749ef19da429e16ad98f","25-bd02459bb7d52b909f7a13f8ec320875","1221858","هرمزگان","Hormozgān","بشکرد","Bashkard","گافروپارامون","Gāfr va Pārāmon","","","گافر","Gāfr","جنگل","Jangal","Jangal","Hassan Mohebbi Bahmani, field notes 2015","316","","","","Molki Gāl 90%; Mārzi Gāl 10%","Hassan Mohebbi Bahmani, field notes 2015","","",""
"","3449afdbb6b9749ef19da429e16b31b6","25-af0b14b6aa705a38889d8f52a383a09c","1221859","هرمزگان","Hormozgān","بشکرد","Bashkard","گافروپارامون","Gāfr va Pārāmon","","","گافر","Gāfr","درگل","Dar Gol","Dar Gol","Hassan Mohebbi Bahmani, field notes 2015","152","","","","Molki Gāl 90%; Mārzi Gāl 10%","Hassan Mohebbi Bahmani, field notes 2015","","",""
"","3449afdbb6b9749ef19da429e16ba697","25-28bfab131e9d8986a6da3c447b182b3c","1221860","هرمزگان","Hormozgān","بشکرد","Bashkard","گافروپارامون","Gāfr va Pārāmon","","","گافر","Gāfr","ذهاب","Zahāb","Zahāb","Hassan Mohebbi Bahmani, field notes 2015","145","","","","Molki Gāl 90%; Mārzi Gāl 10%","Hassan Mohebbi Bahmani, field notes 2015","","",""
"","3449afdbb6b9749ef19da429e16bf438","25-d9fca4e77097f6c87af809050df8efd4","1221861","هرمزگان","Hormozgān","بشکرد","Bashkard","گافروپارامون","Gāfr va Pārāmon","","","گافر","Gāfr","سیت بندخرس","Sit-e Band-e Khers","Sit-e Band-e Khers","Hassan Mohebbi Bahmani, field notes 2015","64","","","","Molki Gāl 90%; Mārzi Gāl 10%","Hassan Mohebbi Bahmani, field notes 2015","","",""
"","3449afdbb6b9749ef19da429e16c3c79","25-9b05d51fa25f3427c769d8fca34e9ea4","1221862","هرمزگان","Hormozgān","بشکرد","Bashkard","گافروپارامون","Gāfr va Pārāmon","","","گافر","Gāfr","گاوکش","Gāv Kosh","Gā Kosh","Hassan Mohebbi Bahmani, field notes 2015","126","","","","Molki Gāl 90%; Mārzi Gāl 10%","Hassan Mohebbi Bahmani, field notes 2015","","",""
"","3449afdbb6b9749ef19da429e16c7f7c","25-e051d5fbf45fd562e3cf7fc08021ebdf","1221863","هرمزگان","Hormozgān","بشکرد","Bashkard","گافروپارامون","Gāfr va Pārāmon","","","گافر","Gāfr","میان هنزیران","Miān Hanzirān","Miān Hanzirān","Hassan Mohebbi Bahmani, field notes 2015","123","","","","Molki Gāl 90%; Mārzi Gāl 10%","Hassan Mohebbi Bahmani, field notes 2015","","",""
"","3449afdbb6b9749ef19da429e16ccdbc","25-e07ad6fbced3708a46ffd074f8887a9f","1221864","هرمزگان","Hormozgān","بشکرد","Bashkard","گافروپارامون","Gāfr va Pārāmon","","","گافر","Gāfr","دازکان","Dāzakān","Dāzakān","Hassan Mohebbi Bahmani, field notes 2015","145","","","","Molki Gāl 90%; Mārzi Gāl 10%","Hassan Mohebbi Bahmani, field notes 2015","","",""
"","3449afdbb6b9749ef19da429e16d2c7a","25-7d26afa07dca8ea3d25fe6915c2ef5b6","1221865","هرمزگان","Hormozgān","بشکرد","Bashkard","گافروپارامون","Gāfr va Pārāmon","","","گافر","Gāfr","اشکفت مغ","Eshkoft Mogh","Eshkoft Mogh","Hassan Mohebbi Bahmani, field notes 2015","22","","","","Molki Gāl 90%; Mārzi Gāl 10%","Hassan Mohebbi Bahmani, field notes 2015","","",""
"","3449afdbb6b9749ef19da429e16d80ee","25-d17430df921241663d077f272136b618","1221866","هرمزگان","Hormozgān","بشکرد","Bashkard","گافروپارامون","Gāfr va Pārāmon","","","گافر","Gāfr","راپیچ","Rāpich","Rāpich","Hassan Mohebbi Bahmani, field notes 2015","107","","","","Molki Gāl 90%; Mārzi Gāl 10%","Hassan Mohebbi Bahmani, field notes 2015","","",""
"","3449afdbb6b9749ef19da429e16dcd20","25-002455c74f900c8e8055fdc28a743f3b","1221867","هرمزگان","Hormozgān","بشکرد","Bashkard","گافروپارامون","Gāfr va Pārāmon","","","گافر","Gāfr","زهبارک","Zeh Bārek","Zeh Bārek","Hassan Mohebbi Bahmani, field notes 2015","175","","","","Molki Gāl 90%; Mārzi Gāl 10%","Hassan Mohebbi Bahmani, field notes 2015","","",""
"","3449afdbb6b9749ef19da429e16e0fac","25-048268600279e6472469fffd4a2127f5","1221868","هرمزگان","Hormozgān","بشکرد","Bashkard","گافروپارامون","Gāfr va Pārāmon","","","گافر","Gāfr","سیت","Sit","Sit","Hassan Mohebbi Bahmani, field notes 2015","320","","","","Molki Gāl 90%; Mārzi Gāl 10%","Hassan Mohebbi Bahmani, field notes 2015","","",""
"","3449afdbb6b9749ef19da429e16e47d4","25-2c80ffbac3909858e0de78ba464ccb6b","1221869","هرمزگان","Hormozgān","بشکرد","Bashkard","گافروپارامون","Gāfr va Pārāmon","","","گافر","Gāfr","کهورانی","Kahurāni","Kahurāni","Hassan Mohebbi Bahmani, field notes 2015","162","","","","Molki Gāl 90%; Mārzi Gāl 10%","Hassan Mohebbi Bahmani, field notes 2015","","",""
"","3449afdbb6b9749ef19da429e16ead20","25-3d4a378eaa4a1200e1e2b1905526b564","1221870","هرمزگان","Hormozgān","بشکرد","Bashkard","گافروپارامون","Gāfr va Pārāmon","","","گافر","Gāfr","خوشاب","Khushāb","Khushāb, Gishāb","Hassan Mohebbi Bahmani, field notes 2015","76","","","","Molki Gāl 90%; Mārzi Gāl 10%","Hassan Mohebbi Bahmani, field notes 2015","","",""
"","3449afdbb6b9749ef19da429e16ede3b","25-9acc46e3eb6da47c02775c7e2267ef14","1221871","هرمزگان","Hormozgān","بشکرد","Bashkard","گافروپارامون","Gāfr va Pārāmon","","","گافر","Gāfr","درشهر گافر","Dar Shahr-e Gāfr","Dar Shahr-e Gāfr","Hassan Mohebbi Bahmani, field notes 2015","169","","","","Molki Gāl 90%; Mārzi Gāl 10%","Hassan Mohebbi Bahmani, field notes 2015","","",""
"","3449afdbb6b9749ef19da429e16f30c1","25-3ceedbfa78e42336e55ad21be7643cbb","1221872","هرمزگان","Hormozgān","بشکرد","Bashkard","گافروپارامون","Gāfr va Pārāmon","","","گافر","Gāfr","سربیر","Sar Bir","Sar Bir","Hassan Mohebbi Bahmani, field notes 2015","82","","","","Molki Gāl 90%; Mārzi Gāl 10%","Hassan Mohebbi Bahmani, field notes 2015","","",""
"","3449afdbb6b9749ef19da429e16f7067","27-9b71baaeb59ed37a864440e7cbe59e77","1221873","هرمزگان","Hormozgān","بشکرد","Bashkard","گافروپارامون","Gāfr va Pārāmon","","","گافر","Gāfr","سگرکن","Segerkan","Segerkan","Hassan Mohebbi Bahmani, field notes 2015","233","","","","Molki Gāl 90%; Mārzi Gāl 10%","Hassan Mohebbi Bahmani, field notes 2015",26.29546271559945,58.14634071132148,""
"","3449afdbb6b9749ef19da429e16fb95d","25-11f1ab2955c0607563f6a3557ac942d4","1221874","هرمزگان","Hormozgān","بشکرد","Bashkard","گافروپارامون","Gāfr va Pārāmon","","","گافر","Gāfr","رستم آباد هوست","Rostam Ābād-e Havest","Rostam Ābād-e Havest","Hassan Mohebbi Bahmani, field notes 2015","153","","","","Molki Gāl 90%; Mārzi Gāl 10%","Hassan Mohebbi Bahmani, field notes 2015","","",""
"","3449afdbb6b9749ef19da429e17000f8","23-60abc2e5506a775a256427959c7e064d","1221875","هرمزگان","Hormozgān","بشکرد","Bashkard","گافروپارامون","Gāfr va Pārāmon","","","پارامون","Pārāmon","","","","","5258","","","","","","","",""
"","3449afdbb6b9749ef19da429e1705f9f","25-a9b209bd64179106c37406b42d48d0d0","1221876","هرمزگان","Hormozgān","بشکرد","Bashkard","گافروپارامون","Gāfr va Pārāmon","","","پارامون","Pārāmon","تمبان احمد","Tombān Ahmad","Tombon Ahmad","Hassan Mohebbi Bahmani, field notes 2015","182","","","","Molki Gāl 90%; Mārzi Gāl 10%","Hassan Mohebbi Bahmani, field notes 2015","","",""
"","3449afdbb6b9749ef19da429e1709d2c","25-ea5c7816455726c9a41e9d368d282d79","1221877","هرمزگان","Hormozgān","بشکرد","Bashkard","گافروپارامون","Gāfr va Pārāmon","","","پارامون","Pārāmon","سرزه","Sar Zeh","Sar Zeh","Hassan Mohebbi Bahmani, field notes 2015","138","","","","Molki Gāl 90%; Mārzi Gāl 10%","Hassan Mohebbi Bahmani, field notes 2015","","",""
"","3449afdbb6b9749ef19da429e170fea0","25-445865eea06c90cd8afb9bf2c1b05706","1221878","هرمزگان","Hormozgān","بشکرد","Bashkard","گافروپارامون","Gāfr va Pārāmon","","","پارامون","Pārāmon","سرزه چارکان","Sar Zeh Charakān","Sar Zeh Charakān","Hassan Mohebbi Bahmani, field notes 2015","76","","","","Molki Gāl 90%; Mārzi Gāl 10%","Hassan Mohebbi Bahmani, field notes 2015","","",""
"","3449afdbb6b9749ef19da429e17152bc","25-728446a1386e42835a45e83a3ace6fd1","1221879","هرمزگان","Hormozgān","بشکرد","Bashkard","گافروپارامون","Gāfr va Pārāmon","","","پارامون","Pārāmon","کوروچ کولن","Koruch Kolan","Koruch Kolan","Hassan Mohebbi Bahmani, field notes 2015","157","","","","Molki Gāl 90%; Mārzi Gāl 10%","Hassan Mohebbi Bahmani, field notes 2015","","",""
"","3449afdbb6b9749ef19da429e171abe7","25-5107a197188cd209e712fdef28ebba78","1221880","هرمزگان","Hormozgān","بشکرد","Bashkard","گافروپارامون","Gāfr va Pārāmon","","","پارامون","Pārāmon","کچوسک","Kachusk","Kachusk","Hassan Mohebbi Bahmani, field notes 2015","17","","","","Molki Gāl 90%; Mārzi Gāl 10%","Hassan Mohebbi Bahmani, field notes 2015","","",""
"","3449afdbb6b9749ef19da429e171f1aa","26-3ae79481d713d3b0660b582e7867eada","1221881","هرمزگان","Hormozgān","بشکرد","Bashkard","گافروپارامون","Gāfr va Pārāmon","","","پارامون","Pārāmon","زمین حسن","Zamin Hasan","Zamin Hasan","Hassan Mohebbi Bahmani, field notes 2015","263","","","","Molki Gāl 90%; Mārzi Gāl 10%","Hassan Mohebbi Bahmani, field notes 2015","","",""
"","3449afdbb6b9749ef19da429e17243d9","25-c0281805a28fc79e1071c859f14a8e10","1221882","هرمزگان","Hormozgān","بشکرد","Bashkard","گافروپارامون","Gāfr va Pārāmon","","","پارامون","Pārāmon","نزگوار","Nazgovār","Nazgowār","Hassan Mohebbi Bahmani, field notes 2015","165","","","","Molki Gāl 90%; Mārzi Gāl 10%","Hassan Mohebbi Bahmani, field notes 2015","","",""
"","3449afdbb6b9749ef19da429e17285d0","25-bfd060f16755d1a2f668e6b437576746","1221883","هرمزگان","Hormozgān","بشکرد","Bashkard","گافروپارامون","Gāfr va Pārāmon","","","پارامون","Pārāmon","علی آباد سرحدی","Ali Ābād Sarhaddi","Ali Ābād Sarhadi","Hassan Mohebbi Bahmani, field notes 2015","154","","","","Molki Gāl 90%; Mārzi Gāl 10%","Hassan Mohebbi Bahmani, field notes 2015","","",""
"","3449afdbb6b9749ef19da429e172ccea","25-a8382c7329c2c32b6408c0294d6ec791","1221884","هرمزگان","Hormozgān","بشکرد","Bashkard","گافروپارامون","Gāfr va Pārāmon","","","پارامون","Pārāmon","گازن بز","Gāzon Baz","Gāzon Baz","Hassan Mohebbi Bahmani, field notes 2015","229","","","","Molki Gāl 90%; Mārzi Gāl 10%","Hassan Mohebbi Bahmani, field notes 2015","","",""
"","3449afdbb6b9749ef19da429e17331c1","25-75afcddab86869cf704251cbcb290cb2","1221885","هرمزگان","Hormozgān","بشکرد","Bashkard","گافروپارامون","Gāfr va Pārāmon","","","پارامون","Pārāmon","نورآباد","Nur Ābād","Nur Ābād","Hassan Mohebbi Bahmani, field notes 2015","78","","","","Molki Gāl 90%; Mārzi Gāl 10%","Hassan Mohebbi Bahmani, field notes 2015","","",""
"","3449afdbb6b9749ef19da429e1738ed1","27-9f530e94d633bb64a1389229d0b48eaa","1221886","هرمزگان","Hormozgān","بشکرد","Bashkard","گافروپارامون","Gāfr va Pārāmon","","","پارامون","Pārāmon","درنگ مدو","Darang Madu","Darang Madu","Hassan Mohebbi Bahmani, field notes 2015","321","","","","Molki Gāl 90%; Mārzi Gāl 10%","Hassan Mohebbi Bahmani, field notes 2015",26.50587299368466,58.15714300446917,""
"","3449afdbb6b9749ef19da429e173c2b6","25-34efb6d6fe18b604da28038ca6ecbb3f","1221887","هرمزگان","Hormozgān","بشکرد","Bashkard","گافروپارامون","Gāfr va Pārāmon","","","پارامون","Pārāmon"," دوگوم ویر","Do Gom Vir","Do Gom Vir","Hassan Mohebbi Bahmani, field notes 2015","174","","","","Molki Gāl 90%; Mārzi Gāl 10%","Hassan Mohebbi Bahmani, field notes 2015","","",""
"","3449afdbb6b9749ef19da429e1741984","25-304fb3fd0db8c4cf517fc2478d9e4fe2","1221888","هرمزگان","Hormozgān","بشکرد","Bashkard","گافروپارامون","Gāfr va Pārāmon","","","پارامون","Pārāmon","کلاتک سر","Kalātak Sar","Kalātak Sar","Hassan Mohebbi Bahmani, field notes 2015","144","","","","Molki Gāl 90%; Mārzi Gāl 10%","Hassan Mohebbi Bahmani, field notes 2015","","",""
"","3449afdbb6b9749ef19da429e1747ba2","25-3aa28112b7df6645ee0306fceb7d8169","1221889","هرمزگان","Hormozgān","بشکرد","Bashkard","گافروپارامون","Gāfr va Pārāmon","","","پارامون","Pārāmon","بهرکان","Bohrakān","Bohrakān","Hassan Mohebbi Bahmani, field notes 2015","42","","","","Molki Gāl 90%; Mārzi Gāl 10%","Hassan Mohebbi Bahmani, field notes 2015","","",""
"","3449afdbb6b9749ef19da429e174e106","25-f35173f935f02287e6ac38c4ccc2c6bb","1221890","هرمزگان","Hormozgān","بشکرد","Bashkard","گافروپارامون","Gāfr va Pārāmon","","","پارامون","Pārāmon","دهن درمیرعمر","Dehn Dar Mir Omar","Dehn Dar Mir Omar","Hassan Mohebbi Bahmani, field notes 2015","176","","","","Molki Gāl 90%; Mārzi Gāl 10%","Hassan Mohebbi Bahmani, field notes 2015","","",""
"","3449afdbb6b9749ef19da429e1753eb1","25-13870440f9ad7710deb82dad8dc4ec02","1221891","هرمزگان","Hormozgān","بشکرد","Bashkard","گافروپارامون","Gāfr va Pārāmon","","","پارامون","Pārāmon","گوئین","Goin","Goin","Hassan Mohebbi Bahmani, field notes 2015","151","","","","Molki Gāl 90%; Mārzi Gāl 10%","Hassan Mohebbi Bahmani, field notes 2015","","",""
"","3449afdbb6b9749ef19da429e175864f","25-90ff8cc921a5762047c5893e21b3b869","1221892","هرمزگان","Hormozgān","بشکرد","Bashkard","گافروپارامون","Gāfr va Pārāmon","","","پارامون","Pārāmon","ایرگون","Irgun","Irgun","Hassan Mohebbi Bahmani, field notes 2015","43","","","","Molki Gāl 90%; Mārzi Gāl 10%","Hassan Mohebbi Bahmani, field notes 2015","","",""
"","3449afdbb6b9749ef19da429e175da76","25-445269ea5b288977e9a2a16f65ca45e4","1221893","هرمزگان","Hormozgān","بشکرد","Bashkard","گافروپارامون","Gāfr va Pārāmon","","","پارامون","Pārāmon","دریوار","Darivār","Darivār","Hassan Mohebbi Bahmani, field notes 2015","105","","","","Mārzi Gāl 90%; Molki Gāl 10%","Hassan Mohebbi Bahmani, field notes 2015","","",""
"","3449afdbb6b9749ef19da429e1762eee","25-79f4f22bb0b62e2bb3adfb686cdec5c8","1221894","هرمزگان","Hormozgān","بشکرد","Bashkard","گافروپارامون","Gāfr va Pārāmon","","","پارامون","Pārāmon","گردیوالان","Gardivālān","Gardivālān","Hassan Mohebbi Bahmani, field notes 2015","167","","","","Molki Gāl 90%; Mārzi Gāl 10%","Hassan Mohebbi Bahmani, field notes 2015","","",""
"","3449afdbb6b9749ef19da429e1767ff9","25-f7572fb8be8a72e555a06b32745eda69","1221895","هرمزگان","Hormozgān","بشکرد","Bashkard","گافروپارامون","Gāfr va Pārāmon","","","پارامون","Pārāmon","توجن","Tujan","Tujan","Hassan Mohebbi Bahmani, field notes 2015","108","","","","Molki Gāl 90%; Mārzi Gāl 10%","Hassan Mohebbi Bahmani, field notes 2015","","",""
"","3449afdbb6b9749ef19da429e176aa67","25-80b80faca939e32d348abfaa2623d71f","1221896","هرمزگان","Hormozgān","بشکرد","Bashkard","گافروپارامون","Gāfr va Pārāmon","","","پارامون","Pārāmon","دهندرشنبه","Dehn Dar Shanbeh","Dehn Dar Shanbeh","Hassan Mohebbi Bahmani, field notes 2015","284","","","","Molki Gāl 90%; Mārzi Gāl 10%","Hassan Mohebbi Bahmani, field notes 2015","","",""
"","3449afdbb6b9749ef19da429e17708dc","25-cc9e8a160e2a6d96c442263358f52aca","1221897","هرمزگان","Hormozgān","بشکرد","Bashkard","گافروپارامون","Gāfr va Pārāmon","","","پارامون","Pārāmon","دهندرکلک","Dehn Dar Kalek","Dehn Dar Kalek","Hassan Mohebbi Bahmani, field notes 2015","319","","","","Molki Gāl 90%; Mārzi Gāl 10%","Hassan Mohebbi Bahmani, field notes 2015","","",""
"","3449afdbb6b9749ef19da429e17748cc","27-d8f10aa5e59784d4098375048ec4d8ad","1221898","هرمزگان","Hormozgān","بشکرد","Bashkard","گافروپارامون","Gāfr va Pārāmon","","","پارامون","Pārāmon","نصری","Nasari","Nasari","Hassan Mohebbi Bahmani, field notes 2015","173","","","","Molki Gāl 90%; Mārzi Gāl 10%","Hassan Mohebbi Bahmani, field notes 2015",26.515056524741265,58.21875536382892,""
"","3449afdbb6b9749ef19da429e177a439","25-9b9c4cb36f87619ac99e47a85f9dca29","1221899","هرمزگان","Hormozgān","بشکرد","Bashkard","گافروپارامون","Gāfr va Pārāmon","","","پارامون","Pārāmon","کهور","Kahur","Kahur","Hassan Mohebbi Bahmani, field notes 2015","159","","","","Molki Gāl 90%; Mārzi Gāl 10%","Hassan Mohebbi Bahmani, field notes 2015","","",""
"","3449afdbb6b9749ef19da429e177f45d","25-b03a43fbad9d4a1f6fe290bd765e7ec2","1221900","هرمزگان","Hormozgān","بشکرد","Bashkard","گافروپارامون","Gāfr va Pārāmon","","","پارامون","Pārāmon","تیسور","Tisur","Tisur","Hassan Mohebbi Bahmani, field notes 2015","216","","","","Molki Gāl 90%; Mārzi Gāl 10%","Hassan Mohebbi Bahmani, field notes 2015","","",""
"","3449afdbb6b9749ef19da429e1784b0e","27-b7c3daed4f48f056df65e4477a0f1f8a","1221901","هرمزگان","Hormozgān","بشکرد","Bashkard","گافروپارامون","Gāfr va Pārāmon","","","پارامون","Pārāmon","درکلاهو","Dar Kalāhu","Dar Kalāhu","Hassan Mohebbi Bahmani, field notes 2015","151","","","","Mārzi Gāl 90%; Molki Gāl 10%","Hassan Mohebbi Bahmani, field notes 2015",26.58787559861471,58.16429913812037,""
"","3449afdbb6b9749ef19da429e1789ba3","25-367087c019aa6e2236495d657486f670","1221902","هرمزگان","Hormozgān","بشکرد","Bashkard","گافروپارامون","Gāfr va Pārāmon","","","پارامون","Pārāmon","زمین تمبان","Zamin Tombān","Zamin Tombān","Hassan Mohebbi Bahmani, field notes 2015","63","","","","Mārzi Gāl 90%; Molki Gāl 10%","Hassan Mohebbi Bahmani, field notes 2015","","",""
"","3449afdbb6b9749ef19da429e1790284","29-1daebff8e6ff71896e200b8d7471a5ff","1221903","هرمزگان","Hormozgān","بشکرد","Bashkard","گافروپارامون","Gāfr va Pārāmon","","","پارامون","Pārāmon","کونک","Kunek","Kunek","Hassan Mohebbi Bahmani, field notes 2015","676","","","","Mārzi Gāl 90%; Molki Gāl 10%","Hassan Mohebbi Bahmani, field notes 2015",26.59891368461474,58.20132636965303,""
"","3449afdbb6b9749ef19da429e17961fc","25-b4f3782a9770d5f3185a735780c3fe07","1221904","هرمزگان","Hormozgān","بشکرد","Bashkard","گافروپارامون","Gāfr va Pārāmon","","","پارامون","Pārāmon"," بن ریزگ","Bon Rizg","Bon Rizg","Hassan Mohebbi Bahmani, field notes 2015","280","","","","Mārzi Gāl 90%; Molki Gāl 10%","Hassan Mohebbi Bahmani, field notes 2015","","",""
"","3449afdbb6b9749ef19da429e179b92b","25-4517272e749dcbccacda219db8cd5809","1221905","هرمزگان","Hormozgān","بشکرد","Bashkard","گافروپارامون","Gāfr va Pārāmon","","","پارامون","Pārāmon","حیدرآباد","Heydar Ābād","Heydar Ābād","Hassan Mohebbi Bahmani, field notes 2015","47","","","","Mārzi Gāl 90%; Molki Gāl 10%","Hassan Mohebbi Bahmani, field notes 2015","","",""
